player_name,team,opponent,game_id,game_date,game_time,prop_type,line,over_odds,under_odds,is_alt_line,sportsbook,scraped_at
OG Anunoby,,,0707c5b20ff523e730c85090c7faffdf,2026-06-09,00:40,assists,1.5,-114.0,-114.0,False,fanduel,2026-06-07T22:21:56.874153
Julian Champagnie,,,0707c5b20ff523e730c85090c7faffdf,2026-06-09,00:40,assists,1.5,116.0,-154.0,False,fanduel,2026-06-07T22:21:56.874167
Dylan Harper,,,0707c5b20ff523e730c85090c7faffdf,2026-06-09,00:40,assists,3.5,128.0,-172.0,False,fanduel,2026-06-07T22:21:56.874170
Miles McBride,,,0707c5b20ff523e730c85090c7faffdf,2026-06-09,00:40,assists,1.5,126.0,-168.0,False,fanduel,2026-06-07T22:21:56.874172
Devin Vassell,,,0707c5b20ff523e730c85090c7faffdf,2026-06-09,00:40,assists,2.5,-110.0,-120.0,False,fanduel,2026-06-07T22:21:56.874174
Jose Alvarado,,,0707c5b20ff523e730c85090c7faffdf,2026-06-09,00:40,assists,1.5,152.0,-205.0,False,fanduel,2026-06-07T22:21:56.874177
Jalen Brunson,,,0707c5b20ff523e730c85090c7faffdf,2026-06-09,00:40,assists,5.5,-140.0,106.0,False,fanduel,2026-06-07T22:21:56.874179
Stephon Castle,,,0707c5b20ff523e730c85090c7faffdf,2026-06-09,00:40,assists,6.5,-106.0,-125.0,False,fanduel,2026-06-07T22:21:56.874181
Josh Hart,,,0707c5b20ff523e730c85090c7faffdf,2026-06-09,00:40,assists,4.5,100.0,-132.0,False,fanduel,2026-06-07T22:21:56.874183
Mikal Bridges,,,0707c5b20ff523e730c85090c7faffdf,2026-06-09,00:40,assists,2.5,-182.0,136.0,False,fanduel,2026-06-07T22:21:56.874185
Karl-Anthony Towns,,,0707c5b20ff523e730c85090c7faffdf,2026-06-09,00:40,assists,3.5,-162.0,122.0,False,fanduel,2026-06-07T22:21:56.874187
Victor Wembanyama,,,0707c5b20ff523e730c85090c7faffdf,2026-06-09,00:40,assists,3.5,142.0,-192.0,False,fanduel,2026-06-07T22:21:56.874189
De'Aaron Fox,,,0707c5b20ff523e730c85090c7faffdf,2026-06-09,00:40,assists,5.5,-106.0,-125.0,False,fanduel,2026-06-07T22:21:56.874191
Stephon Castle,,,0707c5b20ff523e730c85090c7faffdf,2026-06-09,00:40,assists,9.5,430.0,-750.0,True,fanduel,2026-06-07T22:21:56.874261
Jalen Brunson,,,0707c5b20ff523e730c85090c7faffdf,2026-06-09,00:40,assists,9.5,800.0,,True,fanduel,2026-06-07T22:21:56.874265
De'Aaron Fox,,,0707c5b20ff523e730c85090c7faffdf,2026-06-09,00:40,assists,9.5,870.0,,True,fanduel,2026-06-07T22:21:56.874267
Josh Hart,,,0707c5b20ff523e730c85090c7faffdf,2026-06-09,00:40,assists,9.5,1500.0,,True,fanduel,2026-06-07T22:21:56.874270
Stephon Castle,,,0707c5b20ff523e730c85090c7faffdf,2026-06-09,00:40,assists,13.5,3500.0,,True,fanduel,2026-06-07T22:21:56.874273
Jalen Brunson,,,0707c5b20ff523e730c85090c7faffdf,2026-06-09,00:40,assists,3.5,-720.0,430.0,True,fanduel,2026-06-07T22:21:56.874275
Jalen Brunson,,,0707c5b20ff523e730c85090c7faffdf,2026-06-09,00:40,assists,4.5,-310.0,220.0,True,fanduel,2026-06-07T22:21:56.874278
Jalen Brunson,,,0707c5b20ff523e730c85090c7faffdf,2026-06-09,00:40,assists,5.5,-138.0,106.0,True,fanduel,2026-06-07T22:21:56.874280
Jalen Brunson,,,0707c5b20ff523e730c85090c7faffdf,2026-06-09,00:40,assists,6.5,142.0,-192.0,True,fanduel,2026-06-07T22:21:56.874283
Jalen Brunson,,,0707c5b20ff523e730c85090c7faffdf,2026-06-09,00:40,assists,7.5,265.0,-390.0,True,fanduel,2026-06-07T22:21:56.874301
Jalen Brunson,,,0707c5b20ff523e730c85090c7faffdf,2026-06-09,00:40,assists,8.5,490.0,-900.0,True,fanduel,2026-06-07T22:21:56.874304
Dylan Harper,,,0707c5b20ff523e730c85090c7faffdf,2026-06-09,00:40,assists,1.5,-650.0,400.0,True,fanduel,2026-06-07T22:21:56.874307
Dylan Harper,,,0707c5b20ff523e730c85090c7faffdf,2026-06-09,00:40,assists,2.5,-205.0,152.0,True,fanduel,2026-06-07T22:21:56.874310
Dylan Harper,,,0707c5b20ff523e730c85090c7faffdf,2026-06-09,00:40,assists,3.5,130.0,-172.0,True,fanduel,2026-06-07T22:21:56.874313
Dylan Harper,,,0707c5b20ff523e730c85090c7faffdf,2026-06-09,00:40,assists,4.5,280.0,-420.0,True,fanduel,2026-06-07T22:21:56.874324
Dylan Harper,,,0707c5b20ff523e730c85090c7faffdf,2026-06-09,00:40,assists,5.5,600.0,-1200.0,True,fanduel,2026-06-07T22:21:56.874329
Stephon Castle,,,0707c5b20ff523e730c85090c7faffdf,2026-06-09,00:40,assists,3.5,-1200.0,,True,fanduel,2026-06-07T22:21:56.874332
Stephon Castle,,,0707c5b20ff523e730c85090c7faffdf,2026-06-09,00:40,assists,4.5,-450.0,300.0,True,fanduel,2026-06-07T22:21:56.874335
Stephon Castle,,,0707c5b20ff523e730c85090c7faffdf,2026-06-09,00:40,assists,5.5,-205.0,154.0,True,fanduel,2026-06-07T22:21:56.874339
Stephon Castle,,,0707c5b20ff523e730c85090c7faffdf,2026-06-09,00:40,assists,6.5,-106.0,-125.0,True,fanduel,2026-06-07T22:21:56.874364
Stephon Castle,,,0707c5b20ff523e730c85090c7faffdf,2026-06-09,00:40,assists,7.5,176.0,-240.0,True,fanduel,2026-06-07T22:21:56.874366
Stephon Castle,,,0707c5b20ff523e730c85090c7faffdf,2026-06-09,00:40,assists,8.5,300.0,-450.0,True,fanduel,2026-06-07T22:21:56.874368
De'Aaron Fox,,,0707c5b20ff523e730c85090c7faffdf,2026-06-09,00:40,assists,3.5,-530.0,360.0,True,fanduel,2026-06-07T22:21:56.874370
De'Aaron Fox,,,0707c5b20ff523e730c85090c7faffdf,2026-06-09,00:40,assists,4.5,-230.0,168.0,True,fanduel,2026-06-07T22:21:56.874372
De'Aaron Fox,,,0707c5b20ff523e730c85090c7faffdf,2026-06-09,00:40,assists,5.5,-104.0,-125.0,True,fanduel,2026-06-07T22:21:56.874373
De'Aaron Fox,,,0707c5b20ff523e730c85090c7faffdf,2026-06-09,00:40,assists,6.5,182.0,-250.0,True,fanduel,2026-06-07T22:21:56.874375
De'Aaron Fox,,,0707c5b20ff523e730c85090c7faffdf,2026-06-09,00:40,assists,7.5,340.0,-500.0,True,fanduel,2026-06-07T22:21:56.874377
De'Aaron Fox,,,0707c5b20ff523e730c85090c7faffdf,2026-06-09,00:40,assists,8.5,,-1200.0,True,fanduel,2026-06-07T22:21:56.874380
Victor Wembanyama,,,0707c5b20ff523e730c85090c7faffdf,2026-06-09,00:40,assists,1.5,-620.0,390.0,True,fanduel,2026-06-07T22:21:56.874382
Victor Wembanyama,,,0707c5b20ff523e730c85090c7faffdf,2026-06-09,00:40,assists,2.5,-188.0,140.0,True,fanduel,2026-06-07T22:21:56.874383
Victor Wembanyama,,,0707c5b20ff523e730c85090c7faffdf,2026-06-09,00:40,assists,3.5,144.0,-192.0,True,fanduel,2026-06-07T22:21:56.874385
Victor Wembanyama,,,0707c5b20ff523e730c85090c7faffdf,2026-06-09,00:40,assists,4.5,320.0,-490.0,True,fanduel,2026-06-07T22:21:56.874387
Josh Hart,,,0707c5b20ff523e730c85090c7faffdf,2026-06-09,00:40,assists,7.5,750.0,,True,fanduel,2026-06-07T22:21:56.874389
Karl-Anthony Towns,,,0707c5b20ff523e730c85090c7faffdf,2026-06-09,00:40,assists,7.5,1100.0,,True,fanduel,2026-06-07T22:21:56.874390
Dylan Harper,,,0707c5b20ff523e730c85090c7faffdf,2026-06-09,00:40,assists,7.5,2000.0,,True,fanduel,2026-06-07T22:21:56.874392
Josh Hart,,,0707c5b20ff523e730c85090c7faffdf,2026-06-09,00:40,assists,3.5,-225.0,,True,fanduel,2026-06-07T22:21:56.874394
Karl-Anthony Towns,,,0707c5b20ff523e730c85090c7faffdf,2026-06-09,00:40,assists,3.5,-160.0,,True,fanduel,2026-06-07T22:21:56.874396
Mikal Bridges,,,0707c5b20ff523e730c85090c7faffdf,2026-06-09,00:40,assists,3.5,150.0,,True,fanduel,2026-06-07T22:21:56.874397
Devin Vassell,,,0707c5b20ff523e730c85090c7faffdf,2026-06-09,00:40,assists,3.5,230.0,-330.0,True,fanduel,2026-06-07T22:21:56.874399
OG Anunoby,,,0707c5b20ff523e730c85090c7faffdf,2026-06-09,00:40,assists,3.5,800.0,,True,fanduel,2026-06-07T22:21:56.874401
Jose Alvarado,,,0707c5b20ff523e730c85090c7faffdf,2026-06-09,00:40,assists,3.5,900.0,,True,fanduel,2026-06-07T22:21:56.874403
Miles McBride,,,0707c5b20ff523e730c85090c7faffdf,2026-06-09,00:40,assists,3.5,1000.0,,True,fanduel,2026-06-07T22:21:56.874406
Julian Champagnie,,,0707c5b20ff523e730c85090c7faffdf,2026-06-09,00:40,assists,3.5,1060.0,,True,fanduel,2026-06-07T22:21:56.874408
Josh Hart,,,0707c5b20ff523e730c85090c7faffdf,2026-06-09,00:40,assists,5.5,200.0,,True,fanduel,2026-06-07T22:21:56.874409
Karl-Anthony Towns,,,0707c5b20ff523e730c85090c7faffdf,2026-06-09,00:40,assists,5.5,300.0,,True,fanduel,2026-06-07T22:21:56.874411
Victor Wembanyama,,,0707c5b20ff523e730c85090c7faffdf,2026-06-09,00:40,assists,5.5,750.0,,True,fanduel,2026-06-07T22:21:56.874413
Mikal Bridges,,,0707c5b20ff523e730c85090c7faffdf,2026-06-09,00:40,assists,5.5,800.0,,True,fanduel,2026-06-07T22:21:56.874415
Devin Vassell,,,0707c5b20ff523e730c85090c7faffdf,2026-06-09,00:40,assists,5.5,1200.0,,True,fanduel,2026-06-07T22:21:56.874416
Devin Vassell,,,0707c5b20ff523e730c85090c7faffdf,2026-06-09,00:40,assists,1.5,-350.0,240.0,True,fanduel,2026-06-07T22:21:56.874418
Devin Vassell,,,0707c5b20ff523e730c85090c7faffdf,2026-06-09,00:40,assists,2.5,-110.0,-120.0,True,fanduel,2026-06-07T22:21:56.874420
Devin Vassell,,,0707c5b20ff523e730c85090c7faffdf,2026-06-09,00:40,assists,4.5,,-1100.0,True,fanduel,2026-06-07T22:21:56.874423
Stephon Castle,,,0707c5b20ff523e730c85090c7faffdf,2026-06-09,00:40,assists,11.5,1300.0,,True,fanduel,2026-06-07T22:21:56.874424
Jalen Brunson,,,0707c5b20ff523e730c85090c7faffdf,2026-06-09,00:40,assists,11.5,1800.0,,True,fanduel,2026-06-07T22:21:56.874427
De'Aaron Fox,,,0707c5b20ff523e730c85090c7faffdf,2026-06-09,00:40,assists,11.5,2500.0,,True,fanduel,2026-06-07T22:21:56.874428
Josh Hart,,,0707c5b20ff523e730c85090c7faffdf,2026-06-09,00:40,assists,1.5,-3000.0,,True,fanduel,2026-06-07T22:21:56.874430
Karl-Anthony Towns,,,0707c5b20ff523e730c85090c7faffdf,2026-06-09,00:40,assists,1.5,-1800.0,,True,fanduel,2026-06-07T22:21:56.874432
Mikal Bridges,,,0707c5b20ff523e730c85090c7faffdf,2026-06-09,00:40,assists,1.5,-590.0,,True,fanduel,2026-06-07T22:21:56.874433
OG Anunoby,,,0707c5b20ff523e730c85090c7faffdf,2026-06-09,00:40,assists,1.5,-113.0,,True,fanduel,2026-06-07T22:21:56.874435
Julian Champagnie,,,0707c5b20ff523e730c85090c7faffdf,2026-06-09,00:40,assists,1.5,120.0,,True,fanduel,2026-06-07T22:21:56.874437
Miles McBride,,,0707c5b20ff523e730c85090c7faffdf,2026-06-09,00:40,assists,1.5,128.0,,True,fanduel,2026-06-07T22:21:56.874439
Jose Alvarado,,,0707c5b20ff523e730c85090c7faffdf,2026-06-09,00:40,assists,1.5,150.0,,True,fanduel,2026-06-07T22:21:56.874440
Landry Shamet,,,0707c5b20ff523e730c85090c7faffdf,2026-06-09,00:40,assists,1.5,200.0,,True,fanduel,2026-06-07T22:21:56.874442
Keldon Johnson,,,0707c5b20ff523e730c85090c7faffdf,2026-06-09,00:40,assists,1.5,420.0,,True,fanduel,2026-06-07T22:21:56.874444
OG Anunoby,,,0707c5b20ff523e730c85090c7faffdf,2026-06-09,00:40,points,14.5,-130.0,-102.0,False,fanduel,2026-06-07T22:21:56.874465
Dylan Harper,,,0707c5b20ff523e730c85090c7faffdf,2026-06-09,00:40,points,13.5,-114.0,-114.0,False,fanduel,2026-06-07T22:21:56.874468
Miles McBride,,,0707c5b20ff523e730c85090c7faffdf,2026-06-09,00:40,points,5.5,-118.0,-112.0,False,fanduel,2026-06-07T22:21:56.874469
Devin Vassell,,,0707c5b20ff523e730c85090c7faffdf,2026-06-09,00:40,points,12.5,-130.0,-102.0,False,fanduel,2026-06-07T22:21:56.874471
Mitchell Robinson,,,0707c5b20ff523e730c85090c7faffdf,2026-06-09,00:40,points,3.5,-114.0,-114.0,False,fanduel,2026-06-07T22:21:56.874473
Jose Alvarado,,,0707c5b20ff523e730c85090c7faffdf,2026-06-09,00:40,points,2.5,-122.0,-108.0,False,fanduel,2026-06-07T22:21:56.874475
Julian Champagnie,,,0707c5b20ff523e730c85090c7faffdf,2026-06-09,00:40,points,10.5,100.0,-132.0,False,fanduel,2026-06-07T22:21:56.874476
Keldon Johnson,,,0707c5b20ff523e730c85090c7faffdf,2026-06-09,00:40,points,5.5,100.0,-132.0,False,fanduel,2026-06-07T22:21:56.874478
Landry Shamet,,,0707c5b20ff523e730c85090c7faffdf,2026-06-09,00:40,points,8.5,-102.0,-130.0,False,fanduel,2026-06-07T22:21:56.874480
Josh Hart,,,0707c5b20ff523e730c85090c7faffdf,2026-06-09,00:40,points,9.5,100.0,-132.0,False,fanduel,2026-06-07T22:21:56.874481
Mikal Bridges,,,0707c5b20ff523e730c85090c7faffdf,2026-06-09,00:40,points,13.5,104.0,-138.0,False,fanduel,2026-06-07T22:21:56.874483
Stephon Castle,,,0707c5b20ff523e730c85090c7faffdf,2026-06-09,00:40,points,16.5,-102.0,-130.0,False,fanduel,2026-06-07T22:21:56.874485
Jalen Brunson,,,0707c5b20ff523e730c85090c7faffdf,2026-06-09,00:40,points,26.5,102.0,-136.0,False,fanduel,2026-06-07T22:21:56.874487
De'Aaron Fox,,,0707c5b20ff523e730c85090c7faffdf,2026-06-09,00:40,points,14.5,-122.0,-108.0,False,fanduel,2026-06-07T22:21:56.874489
Karl-Anthony Towns,,,0707c5b20ff523e730c85090c7faffdf,2026-06-09,00:40,points,17.5,-130.0,-102.0,False,fanduel,2026-06-07T22:21:56.874490
Luke Kornet,,,0707c5b20ff523e730c85090c7faffdf,2026-06-09,00:40,points,1.5,-136.0,102.0,False,fanduel,2026-06-07T22:21:56.874492
Victor Wembanyama,,,0707c5b20ff523e730c85090c7faffdf,2026-06-09,00:40,points,26.5,-120.0,-110.0,False,fanduel,2026-06-07T22:21:56.874494
Jalen Brunson,,,0707c5b20ff523e730c85090c7faffdf,2026-06-09,00:40,points,16.5,-1450.0,,True,fanduel,2026-06-07T22:21:56.874680
Jalen Brunson,,,0707c5b20ff523e730c85090c7faffdf,2026-06-09,00:40,points,17.5,-1100.0,,True,fanduel,2026-06-07T22:21:56.874682
Jalen Brunson,,,0707c5b20ff523e730c85090c7faffdf,2026-06-09,00:40,points,18.5,-700.0,410.0,True,fanduel,2026-06-07T22:21:56.874684
Jalen Brunson,,,0707c5b20ff523e730c85090c7faffdf,2026-06-09,00:40,points,19.5,-520.0,350.0,True,fanduel,2026-06-07T22:21:56.874686
Jalen Brunson,,,0707c5b20ff523e730c85090c7faffdf,2026-06-09,00:40,points,20.5,-420.0,280.0,True,fanduel,2026-06-07T22:21:56.874687
Jalen Brunson,,,0707c5b20ff523e730c85090c7faffdf,2026-06-09,00:40,points,21.5,-310.0,220.0,True,fanduel,2026-06-07T22:21:56.874689
Jalen Brunson,,,0707c5b20ff523e730c85090c7faffdf,2026-06-09,00:40,points,22.5,-245.0,178.0,True,fanduel,2026-06-07T22:21:56.874691
Jalen Brunson,,,0707c5b20ff523e730c85090c7faffdf,2026-06-09,00:40,points,23.5,-194.0,144.0,True,fanduel,2026-06-07T22:21:56.874692
Jalen Brunson,,,0707c5b20ff523e730c85090c7faffdf,2026-06-09,00:40,points,24.5,-150.0,116.0,True,fanduel,2026-06-07T22:21:56.874694
Jalen Brunson,,,0707c5b20ff523e730c85090c7faffdf,2026-06-09,00:40,points,25.5,-125.0,-106.0,True,fanduel,2026-06-07T22:21:56.874696
Jalen Brunson,,,0707c5b20ff523e730c85090c7faffdf,2026-06-09,00:40,points,26.5,102.0,-136.0,True,fanduel,2026-06-07T22:21:56.874699
Jalen Brunson,,,0707c5b20ff523e730c85090c7faffdf,2026-06-09,00:40,points,27.5,124.0,-166.0,True,fanduel,2026-06-07T22:21:56.874702
Jalen Brunson,,,0707c5b20ff523e730c85090c7faffdf,2026-06-09,00:40,points,28.5,154.0,-210.0,True,fanduel,2026-06-07T22:21:56.874703
Jalen Brunson,,,0707c5b20ff523e730c85090c7faffdf,2026-06-09,00:40,points,29.5,196.0,-260.0,True,fanduel,2026-06-07T22:21:56.874705
Jalen Brunson,,,0707c5b20ff523e730c85090c7faffdf,2026-06-09,00:40,points,30.5,225.0,-320.0,True,fanduel,2026-06-07T22:21:56.874707
Jalen Brunson,,,0707c5b20ff523e730c85090c7faffdf,2026-06-09,00:40,points,31.5,280.0,-420.0,True,fanduel,2026-06-07T22:21:56.874709
Jalen Brunson,,,0707c5b20ff523e730c85090c7faffdf,2026-06-09,00:40,points,32.5,320.0,-500.0,True,fanduel,2026-06-07T22:21:56.874710
Jalen Brunson,,,0707c5b20ff523e730c85090c7faffdf,2026-06-09,00:40,points,33.5,390.0,-650.0,True,fanduel,2026-06-07T22:21:56.874712
Jalen Brunson,,,0707c5b20ff523e730c85090c7faffdf,2026-06-09,00:40,points,34.5,500.0,-900.0,True,fanduel,2026-06-07T22:21:56.874714
Jalen Brunson,,,0707c5b20ff523e730c85090c7faffdf,2026-06-09,00:40,points,35.5,,-1200.0,True,fanduel,2026-06-07T22:21:56.874716
Josh Hart,,,0707c5b20ff523e730c85090c7faffdf,2026-06-09,00:40,points,4.5,-800.0,450.0,True,fanduel,2026-06-07T22:21:56.874717
Josh Hart,,,0707c5b20ff523e730c85090c7faffdf,2026-06-09,00:40,points,5.5,-470.0,310.0,True,fanduel,2026-06-07T22:21:56.874719
Josh Hart,,,0707c5b20ff523e730c85090c7faffdf,2026-06-09,00:40,points,6.5,-310.0,220.0,True,fanduel,2026-06-07T22:21:56.874721
Josh Hart,,,0707c5b20ff523e730c85090c7faffdf,2026-06-09,00:40,points,7.5,-215.0,158.0,True,fanduel,2026-06-07T22:21:56.874722
Josh Hart,,,0707c5b20ff523e730c85090c7faffdf,2026-06-09,00:40,points,8.5,-146.0,110.0,True,fanduel,2026-06-07T22:21:56.874724
Josh Hart,,,0707c5b20ff523e730c85090c7faffdf,2026-06-09,00:40,points,9.5,100.0,-132.0,True,fanduel,2026-06-07T22:21:56.874726
Josh Hart,,,0707c5b20ff523e730c85090c7faffdf,2026-06-09,00:40,points,10.5,138.0,-186.0,True,fanduel,2026-06-07T22:21:56.874727
Josh Hart,,,0707c5b20ff523e730c85090c7faffdf,2026-06-09,00:40,points,11.5,182.0,-250.0,True,fanduel,2026-06-07T22:21:56.874729
Josh Hart,,,0707c5b20ff523e730c85090c7faffdf,2026-06-09,00:40,points,12.5,230.0,-330.0,True,fanduel,2026-06-07T22:21:56.874731
Josh Hart,,,0707c5b20ff523e730c85090c7faffdf,2026-06-09,00:40,points,13.5,310.0,-470.0,True,fanduel,2026-06-07T22:21:56.874734
Landry Shamet,,,0707c5b20ff523e730c85090c7faffdf,2026-06-09,00:40,points,3.5,-650.0,390.0,True,fanduel,2026-06-07T22:21:56.874736
Landry Shamet,,,0707c5b20ff523e730c85090c7faffdf,2026-06-09,00:40,points,4.5,-490.0,320.0,True,fanduel,2026-06-07T22:21:56.874738
Landry Shamet,,,0707c5b20ff523e730c85090c7faffdf,2026-06-09,00:40,points,5.5,-300.0,210.0,True,fanduel,2026-06-07T22:21:56.874739
Landry Shamet,,,0707c5b20ff523e730c85090c7faffdf,2026-06-09,00:40,points,6.5,-200.0,148.0,True,fanduel,2026-06-07T22:21:56.874741
Landry Shamet,,,0707c5b20ff523e730c85090c7faffdf,2026-06-09,00:40,points,7.5,-152.0,114.0,True,fanduel,2026-06-07T22:21:56.874743
Landry Shamet,,,0707c5b20ff523e730c85090c7faffdf,2026-06-09,00:40,points,8.5,-102.0,-130.0,True,fanduel,2026-06-07T22:21:56.874744
Landry Shamet,,,0707c5b20ff523e730c85090c7faffdf,2026-06-09,00:40,points,9.5,134.0,-180.0,True,fanduel,2026-06-07T22:21:56.874746
Landry Shamet,,,0707c5b20ff523e730c85090c7faffdf,2026-06-09,00:40,points,10.5,174.0,-240.0,True,fanduel,2026-06-07T22:21:56.874748
Karl-Anthony Towns,,,0707c5b20ff523e730c85090c7faffdf,2026-06-09,00:40,points,9.5,-2000.0,,True,fanduel,2026-06-07T22:21:56.874750
Stephon Castle,,,0707c5b20ff523e730c85090c7faffdf,2026-06-09,00:40,points,9.5,-1100.0,,True,fanduel,2026-06-07T22:21:56.874751
De'Aaron Fox,,,0707c5b20ff523e730c85090c7faffdf,2026-06-09,00:40,points,9.5,-600.0,370.0,True,fanduel,2026-06-07T22:21:56.874753
OG Anunoby,,,0707c5b20ff523e730c85090c7faffdf,2026-06-09,00:40,points,9.5,-650.0,390.0,True,fanduel,2026-06-07T22:21:56.874755
Dylan Harper,,,0707c5b20ff523e730c85090c7faffdf,2026-06-09,00:40,points,9.5,-400.0,270.0,True,fanduel,2026-06-07T22:21:56.874760
Mikal Bridges,,,0707c5b20ff523e730c85090c7faffdf,2026-06-09,00:40,points,9.5,-360.0,250.0,True,fanduel,2026-06-07T22:21:56.874762
Devin Vassell,,,0707c5b20ff523e730c85090c7faffdf,2026-06-09,00:40,points,9.5,-320.0,225.0,True,fanduel,2026-06-07T22:21:56.874763
Julian Champagnie,,,0707c5b20ff523e730c85090c7faffdf,2026-06-09,00:40,points,9.5,-132.0,100.0,True,fanduel,2026-06-07T22:21:56.874765
Miles McBride,,,0707c5b20ff523e730c85090c7faffdf,2026-06-09,00:40,points,9.5,330.0,,True,fanduel,2026-06-07T22:21:56.874767
Keldon Johnson,,,0707c5b20ff523e730c85090c7faffdf,2026-06-09,00:40,points,9.5,340.0,,True,fanduel,2026-06-07T22:21:56.874769
Mitchell Robinson,,,0707c5b20ff523e730c85090c7faffdf,2026-06-09,00:40,points,9.5,800.0,,True,fanduel,2026-06-07T22:21:56.874770
Miles McBride,,,0707c5b20ff523e730c85090c7faffdf,2026-06-09,00:40,points,1.5,-1200.0,,True,fanduel,2026-06-07T22:21:56.874772
Miles McBride,,,0707c5b20ff523e730c85090c7faffdf,2026-06-09,00:40,points,2.5,-500.0,320.0,True,fanduel,2026-06-07T22:21:56.874774
Miles McBride,,,0707c5b20ff523e730c85090c7faffdf,2026-06-09,00:40,points,3.5,-240.0,174.0,True,fanduel,2026-06-07T22:21:56.874776
Miles McBride,,,0707c5b20ff523e730c85090c7faffdf,2026-06-09,00:40,points,4.5,-192.0,142.0,True,fanduel,2026-06-07T22:21:56.874777
Miles McBride,,,0707c5b20ff523e730c85090c7faffdf,2026-06-09,00:40,points,5.5,-118.0,-112.0,True,fanduel,2026-06-07T22:21:56.874779
Miles McBride,,,0707c5b20ff523e730c85090c7faffdf,2026-06-09,00:40,points,6.5,132.0,-178.0,True,fanduel,2026-06-07T22:21:56.874781
Miles McBride,,,0707c5b20ff523e730c85090c7faffdf,2026-06-09,00:40,points,7.5,168.0,-230.0,True,fanduel,2026-06-07T22:21:56.874782
Miles McBride,,,0707c5b20ff523e730c85090c7faffdf,2026-06-09,00:40,points,8.5,230.0,-330.0,True,fanduel,2026-06-07T22:21:56.874784
De'Aaron Fox,,,0707c5b20ff523e730c85090c7faffdf,2026-06-09,00:40,points,10.5,-420.0,280.0,True,fanduel,2026-06-07T22:21:56.874786
De'Aaron Fox,,,0707c5b20ff523e730c85090c7faffdf,2026-06-09,00:40,points,11.5,-300.0,210.0,True,fanduel,2026-06-07T22:21:56.874788
De'Aaron Fox,,,0707c5b20ff523e730c85090c7faffdf,2026-06-09,00:40,points,12.5,-215.0,158.0,True,fanduel,2026-06-07T22:21:56.874789
De'Aaron Fox,,,0707c5b20ff523e730c85090c7faffdf,2026-06-09,00:40,points,13.5,-160.0,120.0,True,fanduel,2026-06-07T22:21:56.874791
De'Aaron Fox,,,0707c5b20ff523e730c85090c7faffdf,2026-06-09,00:40,points,14.5,-120.0,-108.0,True,fanduel,2026-06-07T22:21:56.874793
De'Aaron Fox,,,0707c5b20ff523e730c85090c7faffdf,2026-06-09,00:40,points,15.5,108.0,-144.0,True,fanduel,2026-06-07T22:21:56.874796
De'Aaron Fox,,,0707c5b20ff523e730c85090c7faffdf,2026-06-09,00:40,points,16.5,140.0,-188.0,True,fanduel,2026-06-07T22:21:56.874797
De'Aaron Fox,,,0707c5b20ff523e730c85090c7faffdf,2026-06-09,00:40,points,17.5,182.0,-250.0,True,fanduel,2026-06-07T22:21:56.874799
De'Aaron Fox,,,0707c5b20ff523e730c85090c7faffdf,2026-06-09,00:40,points,18.5,225.0,-320.0,True,fanduel,2026-06-07T22:21:56.874801
De'Aaron Fox,,,0707c5b20ff523e730c85090c7faffdf,2026-06-09,00:40,points,19.5,300.0,-440.0,True,fanduel,2026-06-07T22:21:56.874803
De'Aaron Fox,,,0707c5b20ff523e730c85090c7faffdf,2026-06-09,00:40,points,20.5,360.0,-580.0,True,fanduel,2026-06-07T22:21:56.874804
De'Aaron Fox,,,0707c5b20ff523e730c85090c7faffdf,2026-06-09,00:40,points,21.5,430.0,-750.0,True,fanduel,2026-06-07T22:21:56.874806
Victor Wembanyama,,,0707c5b20ff523e730c85090c7faffdf,2026-06-09,00:40,points,19.5,-670.0,400.0,True,fanduel,2026-06-07T22:21:56.874808
Karl-Anthony Towns,,,0707c5b20ff523e730c85090c7faffdf,2026-06-09,00:40,points,19.5,132.0,-178.0,True,fanduel,2026-06-07T22:21:56.874809
Stephon Castle,,,0707c5b20ff523e730c85090c7faffdf,2026-06-09,00:40,points,19.5,200.0,-280.0,True,fanduel,2026-06-07T22:21:56.874811
OG Anunoby,,,0707c5b20ff523e730c85090c7faffdf,2026-06-09,00:40,points,19.5,270.0,-400.0,True,fanduel,2026-06-07T22:21:56.874813
Dylan Harper,,,0707c5b20ff523e730c85090c7faffdf,2026-06-09,00:40,points,19.5,400.0,,True,fanduel,2026-06-07T22:21:56.874815
Devin Vassell,,,0707c5b20ff523e730c85090c7faffdf,2026-06-09,00:40,points,19.5,460.0,,True,fanduel,2026-06-07T22:21:56.874817
Mikal Bridges,,,0707c5b20ff523e730c85090c7faffdf,2026-06-09,00:40,points,19.5,520.0,,True,fanduel,2026-06-07T22:21:56.874819
Julian Champagnie,,,0707c5b20ff523e730c85090c7faffdf,2026-06-09,00:40,points,19.5,1060.0,,True,fanduel,2026-06-07T22:21:56.874821
Josh Hart,,,0707c5b20ff523e730c85090c7faffdf,2026-06-09,00:40,points,19.5,1400.0,,True,fanduel,2026-06-07T22:21:56.874823
Landry Shamet,,,0707c5b20ff523e730c85090c7faffdf,2026-06-09,00:40,points,19.5,1500.0,,True,fanduel,2026-06-07T22:21:56.874824
Karl-Anthony Towns,,,0707c5b20ff523e730c85090c7faffdf,2026-06-09,00:40,points,10.5,-1200.0,,True,fanduel,2026-06-07T22:21:56.874826
Karl-Anthony Towns,,,0707c5b20ff523e730c85090c7faffdf,2026-06-09,00:40,points,11.5,-800.0,450.0,True,fanduel,2026-06-07T22:21:56.874828
Karl-Anthony Towns,,,0707c5b20ff523e730c85090c7faffdf,2026-06-09,00:40,points,12.5,-550.0,350.0,True,fanduel,2026-06-07T22:21:56.874830
Karl-Anthony Towns,,,0707c5b20ff523e730c85090c7faffdf,2026-06-09,00:40,points,13.5,-400.0,270.0,True,fanduel,2026-06-07T22:21:56.874831
Karl-Anthony Towns,,,0707c5b20ff523e730c85090c7faffdf,2026-06-09,00:40,points,14.5,-280.0,205.0,True,fanduel,2026-06-07T22:21:56.874833
Karl-Anthony Towns,,,0707c5b20ff523e730c85090c7faffdf,2026-06-09,00:40,points,15.5,-220.0,162.0,True,fanduel,2026-06-07T22:21:56.874835
Karl-Anthony Towns,,,0707c5b20ff523e730c85090c7faffdf,2026-06-09,00:40,points,16.5,-166.0,124.0,True,fanduel,2026-06-07T22:21:56.874837
Karl-Anthony Towns,,,0707c5b20ff523e730c85090c7faffdf,2026-06-09,00:40,points,17.5,-130.0,-102.0,True,fanduel,2026-06-07T22:21:56.874838
Karl-Anthony Towns,,,0707c5b20ff523e730c85090c7faffdf,2026-06-09,00:40,points,18.5,102.0,-136.0,True,fanduel,2026-06-07T22:21:56.874840
Karl-Anthony Towns,,,0707c5b20ff523e730c85090c7faffdf,2026-06-09,00:40,points,20.5,168.0,-230.0,True,fanduel,2026-06-07T22:21:56.874842
Karl-Anthony Towns,,,0707c5b20ff523e730c85090c7faffdf,2026-06-09,00:40,points,21.5,205.0,-290.0,True,fanduel,2026-06-07T22:21:56.874844
Karl-Anthony Towns,,,0707c5b20ff523e730c85090c7faffdf,2026-06-09,00:40,points,22.5,260.0,-380.0,True,fanduel,2026-06-07T22:21:56.874845
Karl-Anthony Towns,,,0707c5b20ff523e730c85090c7faffdf,2026-06-09,00:40,points,23.5,320.0,-490.0,True,fanduel,2026-06-07T22:21:56.874847
Karl-Anthony Towns,,,0707c5b20ff523e730c85090c7faffdf,2026-06-09,00:40,points,24.5,420.0,-670.0,True,fanduel,2026-06-07T22:21:56.874849
Devin Vassell,,,0707c5b20ff523e730c85090c7faffdf,2026-06-09,00:40,points,6.5,-1200.0,,True,fanduel,2026-06-07T22:21:56.874852
Devin Vassell,,,0707c5b20ff523e730c85090c7faffdf,2026-06-09,00:40,points,7.5,-700.0,410.0,True,fanduel,2026-06-07T22:21:56.874854
Devin Vassell,,,0707c5b20ff523e730c85090c7faffdf,2026-06-09,00:40,points,8.5,-470.0,310.0,True,fanduel,2026-06-07T22:21:56.874856
Devin Vassell,,,0707c5b20ff523e730c85090c7faffdf,2026-06-09,00:40,points,10.5,-240.0,174.0,True,fanduel,2026-06-07T22:21:56.874857
Devin Vassell,,,0707c5b20ff523e730c85090c7faffdf,2026-06-09,00:40,points,11.5,-174.0,130.0,True,fanduel,2026-06-07T22:21:56.874859
Devin Vassell,,,0707c5b20ff523e730c85090c7faffdf,2026-06-09,00:40,points,12.5,-130.0,-102.0,True,fanduel,2026-06-07T22:21:56.874861
Devin Vassell,,,0707c5b20ff523e730c85090c7faffdf,2026-06-09,00:40,points,13.5,104.0,-138.0,True,fanduel,2026-06-07T22:21:56.874863
Devin Vassell,,,0707c5b20ff523e730c85090c7faffdf,2026-06-09,00:40,points,14.5,140.0,-186.0,True,fanduel,2026-06-07T22:21:56.874864
Devin Vassell,,,0707c5b20ff523e730c85090c7faffdf,2026-06-09,00:40,points,15.5,174.0,-240.0,True,fanduel,2026-06-07T22:21:56.874866
Devin Vassell,,,0707c5b20ff523e730c85090c7faffdf,2026-06-09,00:40,points,16.5,225.0,-320.0,True,fanduel,2026-06-07T22:21:56.874868
Devin Vassell,,,0707c5b20ff523e730c85090c7faffdf,2026-06-09,00:40,points,17.5,280.0,-420.0,True,fanduel,2026-06-07T22:21:56.874869
Victor Wembanyama,,,0707c5b20ff523e730c85090c7faffdf,2026-06-09,00:40,points,44.5,2000.0,,True,fanduel,2026-06-07T22:21:56.874871
Jalen Brunson,,,0707c5b20ff523e730c85090c7faffdf,2026-06-09,00:40,points,44.5,3000.0,,True,fanduel,2026-06-07T22:21:56.874873
Victor Wembanyama,,,0707c5b20ff523e730c85090c7faffdf,2026-06-09,00:40,points,34.5,390.0,-650.0,True,fanduel,2026-06-07T22:21:56.874876
Karl-Anthony Towns,,,0707c5b20ff523e730c85090c7faffdf,2026-06-09,00:40,points,34.5,3500.0,,True,fanduel,2026-06-07T22:21:56.874878
Stephon Castle,,,0707c5b20ff523e730c85090c7faffdf,2026-06-09,00:40,points,10.5,-650.0,390.0,True,fanduel,2026-06-07T22:21:56.874880
Stephon Castle,,,0707c5b20ff523e730c85090c7faffdf,2026-06-09,00:40,points,11.5,-450.0,300.0,True,fanduel,2026-06-07T22:21:56.874881
Stephon Castle,,,0707c5b20ff523e730c85090c7faffdf,2026-06-09,00:40,points,12.5,-320.0,225.0,True,fanduel,2026-06-07T22:21:56.874883
Stephon Castle,,,0707c5b20ff523e730c85090c7faffdf,2026-06-09,00:40,points,13.5,-240.0,174.0,True,fanduel,2026-06-07T22:21:56.874885
Stephon Castle,,,0707c5b20ff523e730c85090c7faffdf,2026-06-09,00:40,points,14.5,-174.0,134.0,True,fanduel,2026-06-07T22:21:56.874886
Stephon Castle,,,0707c5b20ff523e730c85090c7faffdf,2026-06-09,00:40,points,15.5,-136.0,102.0,True,fanduel,2026-06-07T22:21:56.874889
Stephon Castle,,,0707c5b20ff523e730c85090c7faffdf,2026-06-09,00:40,points,16.5,-102.0,-130.0,True,fanduel,2026-06-07T22:21:56.874891
Stephon Castle,,,0707c5b20ff523e730c85090c7faffdf,2026-06-09,00:40,points,17.5,126.0,-168.0,True,fanduel,2026-06-07T22:21:56.874893
Stephon Castle,,,0707c5b20ff523e730c85090c7faffdf,2026-06-09,00:40,points,18.5,162.0,-220.0,True,fanduel,2026-06-07T22:21:56.874894
Stephon Castle,,,0707c5b20ff523e730c85090c7faffdf,2026-06-09,00:40,points,20.5,250.0,-360.0,True,fanduel,2026-06-07T22:21:56.874896
Stephon Castle,,,0707c5b20ff523e730c85090c7faffdf,2026-06-09,00:40,points,21.5,310.0,-470.0,True,fanduel,2026-06-07T22:21:56.874898
Keldon Johnson,,,0707c5b20ff523e730c85090c7faffdf,2026-06-09,00:40,points,1.5,-900.0,490.0,True,fanduel,2026-06-07T22:21:56.874900
Keldon Johnson,,,0707c5b20ff523e730c85090c7faffdf,2026-06-09,00:40,points,2.5,-380.0,260.0,True,fanduel,2026-06-07T22:21:56.874901
Keldon Johnson,,,0707c5b20ff523e730c85090c7faffdf,2026-06-09,00:40,points,3.5,-210.0,154.0,True,fanduel,2026-06-07T22:21:56.874903
Keldon Johnson,,,0707c5b20ff523e730c85090c7faffdf,2026-06-09,00:40,points,4.5,-158.0,118.0,True,fanduel,2026-06-07T22:21:56.874905
Keldon Johnson,,,0707c5b20ff523e730c85090c7faffdf,2026-06-09,00:40,points,5.5,100.0,-132.0,True,fanduel,2026-06-07T22:21:56.874906
Keldon Johnson,,,0707c5b20ff523e730c85090c7faffdf,2026-06-09,00:40,points,6.5,142.0,-192.0,True,fanduel,2026-06-07T22:21:56.874908
Keldon Johnson,,,0707c5b20ff523e730c85090c7faffdf,2026-06-09,00:40,points,7.5,188.0,-260.0,True,fanduel,2026-06-07T22:21:56.874910
Keldon Johnson,,,0707c5b20ff523e730c85090c7faffdf,2026-06-09,00:40,points,8.5,260.0,-380.0,True,fanduel,2026-06-07T22:21:56.874912
Victor Wembanyama,,,0707c5b20ff523e730c85090c7faffdf,2026-06-09,00:40,points,14.5,-4500.0,,True,fanduel,2026-06-07T22:21:56.874913
Jalen Brunson,,,0707c5b20ff523e730c85090c7faffdf,2026-06-09,00:40,points,14.5,-3500.0,,True,fanduel,2026-06-07T22:21:56.874915
OG Anunoby,,,0707c5b20ff523e730c85090c7faffdf,2026-06-09,00:40,points,14.5,-130.0,-102.0,True,fanduel,2026-06-07T22:21:56.874917
Dylan Harper,,,0707c5b20ff523e730c85090c7faffdf,2026-06-09,00:40,points,14.5,116.0,-154.0,True,fanduel,2026-06-07T22:21:56.874919
Mikal Bridges,,,0707c5b20ff523e730c85090c7faffdf,2026-06-09,00:40,points,14.5,144.0,-194.0,True,fanduel,2026-06-07T22:21:56.874920
Julian Champagnie,,,0707c5b20ff523e730c85090c7faffdf,2026-06-09,00:40,points,14.5,300.0,-450.0,True,fanduel,2026-06-07T22:21:56.874922
Josh Hart,,,0707c5b20ff523e730c85090c7faffdf,2026-06-09,00:40,points,14.5,420.0,,True,fanduel,2026-06-07T22:21:56.874924
Landry Shamet,,,0707c5b20ff523e730c85090c7faffdf,2026-06-09,00:40,points,14.5,500.0,,True,fanduel,2026-06-07T22:21:56.874925
Miles McBride,,,0707c5b20ff523e730c85090c7faffdf,2026-06-09,00:40,points,14.5,1100.0,,True,fanduel,2026-06-07T22:21:56.874927
Keldon Johnson,,,0707c5b20ff523e730c85090c7faffdf,2026-06-09,00:40,points,14.5,1200.0,,True,fanduel,2026-06-07T22:21:56.874929
Victor Wembanyama,,,0707c5b20ff523e730c85090c7faffdf,2026-06-09,00:40,points,24.5,-188.0,140.0,True,fanduel,2026-06-07T22:21:56.874932
Stephon Castle,,,0707c5b20ff523e730c85090c7faffdf,2026-06-09,00:40,points,24.5,630.0,,True,fanduel,2026-06-07T22:21:56.874933
OG Anunoby,,,0707c5b20ff523e730c85090c7faffdf,2026-06-09,00:40,points,24.5,870.0,,True,fanduel,2026-06-07T22:21:56.874935
De'Aaron Fox,,,0707c5b20ff523e730c85090c7faffdf,2026-06-09,00:40,points,24.5,900.0,,True,fanduel,2026-06-07T22:21:56.874937
Dylan Harper,,,0707c5b20ff523e730c85090c7faffdf,2026-06-09,00:40,points,24.5,1100.0,,True,fanduel,2026-06-07T22:21:56.874939
Devin Vassell,,,0707c5b20ff523e730c85090c7faffdf,2026-06-09,00:40,points,24.5,1400.0,,True,fanduel,2026-06-07T22:21:56.874940
Mikal Bridges,,,0707c5b20ff523e730c85090c7faffdf,2026-06-09,00:40,points,24.5,1500.0,,True,fanduel,2026-06-07T22:21:56.874942
Julian Champagnie,,,0707c5b20ff523e730c85090c7faffdf,2026-06-09,00:40,points,5.5,-600.0,370.0,True,fanduel,2026-06-07T22:21:56.874944
Julian Champagnie,,,0707c5b20ff523e730c85090c7faffdf,2026-06-09,00:40,points,6.5,-360.0,250.0,True,fanduel,2026-06-07T22:21:56.874946
Julian Champagnie,,,0707c5b20ff523e730c85090c7faffdf,2026-06-09,00:40,points,7.5,-280.0,200.0,True,fanduel,2026-06-07T22:21:56.874947
Julian Champagnie,,,0707c5b20ff523e730c85090c7faffdf,2026-06-09,00:40,points,8.5,-188.0,140.0,True,fanduel,2026-06-07T22:21:56.874949
Julian Champagnie,,,0707c5b20ff523e730c85090c7faffdf,2026-06-09,00:40,points,10.5,100.0,-132.0,True,fanduel,2026-06-07T22:21:56.874951
Julian Champagnie,,,0707c5b20ff523e730c85090c7faffdf,2026-06-09,00:40,points,11.5,140.0,-188.0,True,fanduel,2026-06-07T22:21:56.874953
Julian Champagnie,,,0707c5b20ff523e730c85090c7faffdf,2026-06-09,00:40,points,12.5,182.0,-250.0,True,fanduel,2026-06-07T22:21:56.874954
Julian Champagnie,,,0707c5b20ff523e730c85090c7faffdf,2026-06-09,00:40,points,13.5,225.0,-320.0,True,fanduel,2026-06-07T22:21:56.874956
Victor Wembanyama,,,0707c5b20ff523e730c85090c7faffdf,2026-06-09,00:40,points,29.5,154.0,-210.0,True,fanduel,2026-06-07T22:21:56.874958
Karl-Anthony Towns,,,0707c5b20ff523e730c85090c7faffdf,2026-06-09,00:40,points,29.5,1200.0,,True,fanduel,2026-06-07T22:21:56.874959
Stephon Castle,,,0707c5b20ff523e730c85090c7faffdf,2026-06-09,00:40,points,29.5,1500.0,,True,fanduel,2026-06-07T22:21:56.874961
OG Anunoby,,,0707c5b20ff523e730c85090c7faffdf,2026-06-09,00:40,points,29.5,2000.0,,True,fanduel,2026-06-07T22:21:56.874963
De'Aaron Fox,,,0707c5b20ff523e730c85090c7faffdf,2026-06-09,00:40,points,29.5,2500.0,,True,fanduel,2026-06-07T22:21:56.874965
Dylan Harper,,,0707c5b20ff523e730c85090c7faffdf,2026-06-09,00:40,points,6.5,-1450.0,,True,fanduel,2026-06-07T22:21:56.874968
Dylan Harper,,,0707c5b20ff523e730c85090c7faffdf,2026-06-09,00:40,points,7.5,-1000.0,,True,fanduel,2026-06-07T22:21:56.874969
Dylan Harper,,,0707c5b20ff523e730c85090c7faffdf,2026-06-09,00:40,points,8.5,-600.0,370.0,True,fanduel,2026-06-07T22:21:56.874971
Dylan Harper,,,0707c5b20ff523e730c85090c7faffdf,2026-06-09,00:40,points,10.5,-280.0,200.0,True,fanduel,2026-06-07T22:21:56.874973
Dylan Harper,,,0707c5b20ff523e730c85090c7faffdf,2026-06-09,00:40,points,11.5,-205.0,152.0,True,fanduel,2026-06-07T22:21:56.874974
Dylan Harper,,,0707c5b20ff523e730c85090c7faffdf,2026-06-09,00:40,points,12.5,-152.0,114.0,True,fanduel,2026-06-07T22:21:56.874976
Dylan Harper,,,0707c5b20ff523e730c85090c7faffdf,2026-06-09,00:40,points,13.5,-114.0,-114.0,True,fanduel,2026-06-07T22:21:56.874978
Dylan Harper,,,0707c5b20ff523e730c85090c7faffdf,2026-06-09,00:40,points,15.5,152.0,-205.0,True,fanduel,2026-06-07T22:21:56.874980
Dylan Harper,,,0707c5b20ff523e730c85090c7faffdf,2026-06-09,00:40,points,16.5,194.0,-270.0,True,fanduel,2026-06-07T22:21:56.874983
Dylan Harper,,,0707c5b20ff523e730c85090c7faffdf,2026-06-09,00:40,points,17.5,240.0,-350.0,True,fanduel,2026-06-07T22:21:56.874984
OG Anunoby,,,0707c5b20ff523e730c85090c7faffdf,2026-06-09,00:40,points,8.5,-1000.0,,True,fanduel,2026-06-07T22:21:56.874986
OG Anunoby,,,0707c5b20ff523e730c85090c7faffdf,2026-06-09,00:40,points,10.5,-420.0,280.0,True,fanduel,2026-06-07T22:21:56.874988
OG Anunoby,,,0707c5b20ff523e730c85090c7faffdf,2026-06-09,00:40,points,11.5,-310.0,220.0,True,fanduel,2026-06-07T22:21:56.874991
OG Anunoby,,,0707c5b20ff523e730c85090c7faffdf,2026-06-09,00:40,points,12.5,-230.0,168.0,True,fanduel,2026-06-07T22:21:56.874993
OG Anunoby,,,0707c5b20ff523e730c85090c7faffdf,2026-06-09,00:40,points,13.5,-172.0,128.0,True,fanduel,2026-06-07T22:21:56.874995
OG Anunoby,,,0707c5b20ff523e730c85090c7faffdf,2026-06-09,00:40,points,15.5,100.0,-132.0,True,fanduel,2026-06-07T22:21:56.874997
OG Anunoby,,,0707c5b20ff523e730c85090c7faffdf,2026-06-09,00:40,points,16.5,128.0,-172.0,True,fanduel,2026-06-07T22:21:56.874998
OG Anunoby,,,0707c5b20ff523e730c85090c7faffdf,2026-06-09,00:40,points,17.5,164.0,-225.0,True,fanduel,2026-06-07T22:21:56.875000
OG Anunoby,,,0707c5b20ff523e730c85090c7faffdf,2026-06-09,00:40,points,18.5,205.0,-290.0,True,fanduel,2026-06-07T22:21:56.875002
OG Anunoby,,,0707c5b20ff523e730c85090c7faffdf,2026-06-09,00:40,points,20.5,320.0,-500.0,True,fanduel,2026-06-07T22:21:56.875003
Victor Wembanyama,,,0707c5b20ff523e730c85090c7faffdf,2026-06-09,00:40,points,18.5,-900.0,490.0,True,fanduel,2026-06-07T22:21:56.875005
Victor Wembanyama,,,0707c5b20ff523e730c85090c7faffdf,2026-06-09,00:40,points,20.5,-490.0,320.0,True,fanduel,2026-06-07T22:21:56.875007
Victor Wembanyama,,,0707c5b20ff523e730c85090c7faffdf,2026-06-09,00:40,points,21.5,-380.0,260.0,True,fanduel,2026-06-07T22:21:56.875009
Victor Wembanyama,,,0707c5b20ff523e730c85090c7faffdf,2026-06-09,00:40,points,22.5,-290.0,205.0,True,fanduel,2026-06-07T22:21:56.875010
Victor Wembanyama,,,0707c5b20ff523e730c85090c7faffdf,2026-06-09,00:40,points,23.5,-230.0,168.0,True,fanduel,2026-06-07T22:21:56.875012
Victor Wembanyama,,,0707c5b20ff523e730c85090c7faffdf,2026-06-09,00:40,points,25.5,-152.0,114.0,True,fanduel,2026-06-07T22:21:56.875014
Victor Wembanyama,,,0707c5b20ff523e730c85090c7faffdf,2026-06-09,00:40,points,26.5,-120.0,-110.0,True,fanduel,2026-06-07T22:21:56.875016
Victor Wembanyama,,,0707c5b20ff523e730c85090c7faffdf,2026-06-09,00:40,points,27.5,102.0,-136.0,True,fanduel,2026-06-07T22:21:56.875017
Victor Wembanyama,,,0707c5b20ff523e730c85090c7faffdf,2026-06-09,00:40,points,28.5,126.0,-172.0,True,fanduel,2026-06-07T22:21:56.875019
Victor Wembanyama,,,0707c5b20ff523e730c85090c7faffdf,2026-06-09,00:40,points,30.5,188.0,-260.0,True,fanduel,2026-06-07T22:21:56.875021
Victor Wembanyama,,,0707c5b20ff523e730c85090c7faffdf,2026-06-09,00:40,points,31.5,225.0,-320.0,True,fanduel,2026-06-07T22:21:56.875023
Victor Wembanyama,,,0707c5b20ff523e730c85090c7faffdf,2026-06-09,00:40,points,32.5,270.0,-400.0,True,fanduel,2026-06-07T22:21:56.875024
Victor Wembanyama,,,0707c5b20ff523e730c85090c7faffdf,2026-06-09,00:40,points,33.5,320.0,-500.0,True,fanduel,2026-06-07T22:21:56.875026
Victor Wembanyama,,,0707c5b20ff523e730c85090c7faffdf,2026-06-09,00:40,points,35.5,450.0,-800.0,True,fanduel,2026-06-07T22:21:56.875028
Victor Wembanyama,,,0707c5b20ff523e730c85090c7faffdf,2026-06-09,00:40,points,36.5,,-1100.0,True,fanduel,2026-06-07T22:21:56.875030
Victor Wembanyama,,,0707c5b20ff523e730c85090c7faffdf,2026-06-09,00:40,points,37.5,,-1450.0,True,fanduel,2026-06-07T22:21:56.875031
Mitchell Robinson,,,0707c5b20ff523e730c85090c7faffdf,2026-06-09,00:40,points,0.5,-550.0,350.0,True,fanduel,2026-06-07T22:21:56.875033
Mitchell Robinson,,,0707c5b20ff523e730c85090c7faffdf,2026-06-09,00:40,points,1.5,-470.0,310.0,True,fanduel,2026-06-07T22:21:56.875035
Mitchell Robinson,,,0707c5b20ff523e730c85090c7faffdf,2026-06-09,00:40,points,2.5,-205.0,152.0,True,fanduel,2026-06-07T22:21:56.875037
Mitchell Robinson,,,0707c5b20ff523e730c85090c7faffdf,2026-06-09,00:40,points,3.5,-114.0,-114.0,True,fanduel,2026-06-07T22:21:56.875038
Mitchell Robinson,,,0707c5b20ff523e730c85090c7faffdf,2026-06-09,00:40,points,4.5,124.0,-166.0,True,fanduel,2026-06-07T22:21:56.875040
Mitchell Robinson,,,0707c5b20ff523e730c85090c7faffdf,2026-06-09,00:40,points,5.5,200.0,-280.0,True,fanduel,2026-06-07T22:21:56.875042
Mitchell Robinson,,,0707c5b20ff523e730c85090c7faffdf,2026-06-09,00:40,points,6.5,280.0,-420.0,True,fanduel,2026-06-07T22:21:56.875043
Mikal Bridges,,,0707c5b20ff523e730c85090c7faffdf,2026-06-09,00:40,points,6.5,-1450.0,,True,fanduel,2026-06-07T22:21:56.875045
Mikal Bridges,,,0707c5b20ff523e730c85090c7faffdf,2026-06-09,00:40,points,7.5,-900.0,490.0,True,fanduel,2026-06-07T22:21:56.875048
Mikal Bridges,,,0707c5b20ff523e730c85090c7faffdf,2026-06-09,00:40,points,8.5,-550.0,350.0,True,fanduel,2026-06-07T22:21:56.875050
Mikal Bridges,,,0707c5b20ff523e730c85090c7faffdf,2026-06-09,00:40,points,10.5,-250.0,182.0,True,fanduel,2026-06-07T22:21:56.875051
Mikal Bridges,,,0707c5b20ff523e730c85090c7faffdf,2026-06-09,00:40,points,11.5,-182.0,136.0,True,fanduel,2026-06-07T22:21:56.875053
Mikal Bridges,,,0707c5b20ff523e730c85090c7faffdf,2026-06-09,00:40,points,12.5,-130.0,-102.0,True,fanduel,2026-06-07T22:21:56.875055
Mikal Bridges,,,0707c5b20ff523e730c85090c7faffdf,2026-06-09,00:40,points,13.5,104.0,-138.0,True,fanduel,2026-06-07T22:21:56.875057
Mikal Bridges,,,0707c5b20ff523e730c85090c7faffdf,2026-06-09,00:40,points,15.5,182.0,-250.0,True,fanduel,2026-06-07T22:21:56.875058
Mikal Bridges,,,0707c5b20ff523e730c85090c7faffdf,2026-06-09,00:40,points,16.5,230.0,-330.0,True,fanduel,2026-06-07T22:21:56.875060
Mikal Bridges,,,0707c5b20ff523e730c85090c7faffdf,2026-06-09,00:40,points,17.5,300.0,-450.0,True,fanduel,2026-06-07T22:21:56.875062
Victor Wembanyama,,,0707c5b20ff523e730c85090c7faffdf,2026-06-09,00:40,points,49.5,5500.0,,True,fanduel,2026-06-07T22:21:56.875063
Victor Wembanyama,,,0707c5b20ff523e730c85090c7faffdf,2026-06-09,00:40,points,39.5,1000.0,,True,fanduel,2026-06-07T22:21:56.875065
Jalen Brunson,,,0707c5b20ff523e730c85090c7faffdf,2026-06-09,00:40,points,39.5,1200.0,,True,fanduel,2026-06-07T22:21:56.875067
Julian Champagnie,,,0707c5b20ff523e730c85090c7faffdf,2026-06-09,00:40,rebounds,5.5,102.0,-136.0,False,fanduel,2026-06-07T22:21:56.875091
Dylan Harper,,,0707c5b20ff523e730c85090c7faffdf,2026-06-09,00:40,rebounds,5.5,-102.0,-130.0,False,fanduel,2026-06-07T22:21:56.875092
De'Aaron Fox,,,0707c5b20ff523e730c85090c7faffdf,2026-06-09,00:40,rebounds,3.5,116.0,-154.0,False,fanduel,2026-06-07T22:21:56.875095
Miles McBride,,,0707c5b20ff523e730c85090c7faffdf,2026-06-09,00:40,rebounds,1.5,118.0,-158.0,False,fanduel,2026-06-07T22:21:56.875097
OG Anunoby,,,0707c5b20ff523e730c85090c7faffdf,2026-06-09,00:40,rebounds,5.5,122.0,-162.0,False,fanduel,2026-06-07T22:21:56.875099
Devin Vassell,,,0707c5b20ff523e730c85090c7faffdf,2026-06-09,00:40,rebounds,4.5,-138.0,104.0,False,fanduel,2026-06-07T22:21:56.875101
Jose Alvarado,,,0707c5b20ff523e730c85090c7faffdf,2026-06-09,00:40,rebounds,1.5,162.0,-220.0,False,fanduel,2026-06-07T22:21:56.875102
Victor Wembanyama,,,0707c5b20ff523e730c85090c7faffdf,2026-06-09,00:40,rebounds,11.5,-114.0,-114.0,False,fanduel,2026-06-07T22:21:56.875104
Jalen Brunson,,,0707c5b20ff523e730c85090c7faffdf,2026-06-09,00:40,rebounds,3.5,128.0,-172.0,False,fanduel,2026-06-07T22:21:56.875106
Landry Shamet,,,0707c5b20ff523e730c85090c7faffdf,2026-06-09,00:40,rebounds,1.5,-114.0,-114.0,False,fanduel,2026-06-07T22:21:56.875108
Stephon Castle,,,0707c5b20ff523e730c85090c7faffdf,2026-06-09,00:40,rebounds,5.5,122.0,-162.0,False,fanduel,2026-06-07T22:21:56.875109
Josh Hart,,,0707c5b20ff523e730c85090c7faffdf,2026-06-09,00:40,rebounds,8.5,102.0,-136.0,False,fanduel,2026-06-07T22:21:56.875111
Mikal Bridges,,,0707c5b20ff523e730c85090c7faffdf,2026-06-09,00:40,rebounds,3.5,104.0,-138.0,False,fanduel,2026-06-07T22:21:56.875113
Karl-Anthony Towns,,,0707c5b20ff523e730c85090c7faffdf,2026-06-09,00:40,rebounds,11.5,-108.0,-122.0,False,fanduel,2026-06-07T22:21:56.875114
Luke Kornet,,,0707c5b20ff523e730c85090c7faffdf,2026-06-09,00:40,rebounds,2.5,110.0,-146.0,False,fanduel,2026-06-07T22:21:56.875116
OG Anunoby,,,0707c5b20ff523e730c85090c7faffdf,2026-06-09,00:40,rebounds,2.5,-1200.0,,True,fanduel,2026-06-07T22:21:56.875200
OG Anunoby,,,0707c5b20ff523e730c85090c7faffdf,2026-06-09,00:40,rebounds,3.5,-390.0,270.0,True,fanduel,2026-06-07T22:21:56.875201
OG Anunoby,,,0707c5b20ff523e730c85090c7faffdf,2026-06-09,00:40,rebounds,4.5,-168.0,126.0,True,fanduel,2026-06-07T22:21:56.875203
OG Anunoby,,,0707c5b20ff523e730c85090c7faffdf,2026-06-09,00:40,rebounds,5.5,124.0,-162.0,True,fanduel,2026-06-07T22:21:56.875205
OG Anunoby,,,0707c5b20ff523e730c85090c7faffdf,2026-06-09,00:40,rebounds,6.5,230.0,-330.0,True,fanduel,2026-06-07T22:21:56.875207
OG Anunoby,,,0707c5b20ff523e730c85090c7faffdf,2026-06-09,00:40,rebounds,7.5,450.0,-750.0,True,fanduel,2026-06-07T22:21:56.875208
De'Aaron Fox,,,0707c5b20ff523e730c85090c7faffdf,2026-06-09,00:40,rebounds,1.5,-750.0,430.0,True,fanduel,2026-06-07T22:21:56.875210
De'Aaron Fox,,,0707c5b20ff523e730c85090c7faffdf,2026-06-09,00:40,rebounds,2.5,-225.0,164.0,True,fanduel,2026-06-07T22:21:56.875212
De'Aaron Fox,,,0707c5b20ff523e730c85090c7faffdf,2026-06-09,00:40,rebounds,3.5,118.0,-154.0,True,fanduel,2026-06-07T22:21:56.875213
De'Aaron Fox,,,0707c5b20ff523e730c85090c7faffdf,2026-06-09,00:40,rebounds,4.5,270.0,-400.0,True,fanduel,2026-06-07T22:21:56.875215
De'Aaron Fox,,,0707c5b20ff523e730c85090c7faffdf,2026-06-09,00:40,rebounds,5.5,560.0,-1100.0,True,fanduel,2026-06-07T22:21:56.875217
Josh Hart,,,0707c5b20ff523e730c85090c7faffdf,2026-06-09,00:40,rebounds,5.5,-600.0,370.0,True,fanduel,2026-06-07T22:21:56.875218
Dylan Harper,,,0707c5b20ff523e730c85090c7faffdf,2026-06-09,00:40,rebounds,5.5,-102.0,-130.0,True,fanduel,2026-06-07T22:21:56.875220
Julian Champagnie,,,0707c5b20ff523e730c85090c7faffdf,2026-06-09,00:40,rebounds,5.5,102.0,-136.0,True,fanduel,2026-06-07T22:21:56.875222
Mitchell Robinson,,,0707c5b20ff523e730c85090c7faffdf,2026-06-09,00:40,rebounds,5.5,116.0,-154.0,True,fanduel,2026-06-07T22:21:56.875224
Stephon Castle,,,0707c5b20ff523e730c85090c7faffdf,2026-06-09,00:40,rebounds,5.5,122.0,-162.0,True,fanduel,2026-06-07T22:21:56.875225
Devin Vassell,,,0707c5b20ff523e730c85090c7faffdf,2026-06-09,00:40,rebounds,5.5,152.0,-205.0,True,fanduel,2026-06-07T22:21:56.875227
Mikal Bridges,,,0707c5b20ff523e730c85090c7faffdf,2026-06-09,00:40,rebounds,5.5,500.0,,True,fanduel,2026-06-07T22:21:56.875229
Jalen Brunson,,,0707c5b20ff523e730c85090c7faffdf,2026-06-09,00:40,rebounds,5.5,600.0,,True,fanduel,2026-06-07T22:21:56.875230
Keldon Johnson,,,0707c5b20ff523e730c85090c7faffdf,2026-06-09,00:40,rebounds,5.5,600.0,-1200.0,True,fanduel,2026-06-07T22:21:56.875232
Luke Kornet,,,0707c5b20ff523e730c85090c7faffdf,2026-06-09,00:40,rebounds,5.5,900.0,,True,fanduel,2026-06-07T22:21:56.875234
Victor Wembanyama,,,0707c5b20ff523e730c85090c7faffdf,2026-06-09,00:40,rebounds,7.5,-900.0,490.0,True,fanduel,2026-06-07T22:21:56.875236
Victor Wembanyama,,,0707c5b20ff523e730c85090c7faffdf,2026-06-09,00:40,rebounds,8.5,-470.0,310.0,True,fanduel,2026-06-07T22:21:56.875237
Victor Wembanyama,,,0707c5b20ff523e730c85090c7faffdf,2026-06-09,00:40,rebounds,9.5,-320.0,225.0,True,fanduel,2026-06-07T22:21:56.875239
Victor Wembanyama,,,0707c5b20ff523e730c85090c7faffdf,2026-06-09,00:40,rebounds,10.5,-194.0,142.0,True,fanduel,2026-06-07T22:21:56.875241
Victor Wembanyama,,,0707c5b20ff523e730c85090c7faffdf,2026-06-09,00:40,rebounds,11.5,-113.0,-114.0,True,fanduel,2026-06-07T22:21:56.875242
Victor Wembanyama,,,0707c5b20ff523e730c85090c7faffdf,2026-06-09,00:40,rebounds,12.5,140.0,-188.0,True,fanduel,2026-06-07T22:21:56.875244
Victor Wembanyama,,,0707c5b20ff523e730c85090c7faffdf,2026-06-09,00:40,rebounds,13.5,220.0,-300.0,True,fanduel,2026-06-07T22:21:56.875246
Victor Wembanyama,,,0707c5b20ff523e730c85090c7faffdf,2026-06-09,00:40,rebounds,14.5,320.0,-490.0,True,fanduel,2026-06-07T22:21:56.875247
Victor Wembanyama,,,0707c5b20ff523e730c85090c7faffdf,2026-06-09,00:40,rebounds,15.5,500.0,-900.0,True,fanduel,2026-06-07T22:21:56.875249
Stephon Castle,,,0707c5b20ff523e730c85090c7faffdf,2026-06-09,00:40,rebounds,2.5,-1200.0,,True,fanduel,2026-06-07T22:21:56.875251
Stephon Castle,,,0707c5b20ff523e730c85090c7faffdf,2026-06-09,00:40,rebounds,3.5,-370.0,265.0,True,fanduel,2026-06-07T22:21:56.875253
Stephon Castle,,,0707c5b20ff523e730c85090c7faffdf,2026-06-09,00:40,rebounds,4.5,-168.0,126.0,True,fanduel,2026-06-07T22:21:56.875254
Stephon Castle,,,0707c5b20ff523e730c85090c7faffdf,2026-06-09,00:40,rebounds,6.5,225.0,-320.0,True,fanduel,2026-06-07T22:21:56.875256
Stephon Castle,,,0707c5b20ff523e730c85090c7faffdf,2026-06-09,00:40,rebounds,7.5,420.0,-670.0,True,fanduel,2026-06-07T22:21:56.875258
Karl-Anthony Towns,,,0707c5b20ff523e730c85090c7faffdf,2026-06-09,00:40,rebounds,7.5,-800.0,470.0,True,fanduel,2026-06-07T22:21:56.875260
Karl-Anthony Towns,,,0707c5b20ff523e730c85090c7faffdf,2026-06-09,00:40,rebounds,8.5,-420.0,280.0,True,fanduel,2026-06-07T22:21:56.875261
Karl-Anthony Towns,,,0707c5b20ff523e730c85090c7faffdf,2026-06-09,00:40,rebounds,9.5,-290.0,210.0,True,fanduel,2026-06-07T22:21:56.875263
Karl-Anthony Towns,,,0707c5b20ff523e730c85090c7faffdf,2026-06-09,00:40,rebounds,10.5,-182.0,136.0,True,fanduel,2026-06-07T22:21:56.875266
Karl-Anthony Towns,,,0707c5b20ff523e730c85090c7faffdf,2026-06-09,00:40,rebounds,11.5,-106.0,-122.0,True,fanduel,2026-06-07T22:21:56.875268
Karl-Anthony Towns,,,0707c5b20ff523e730c85090c7faffdf,2026-06-09,00:40,rebounds,12.5,142.0,-192.0,True,fanduel,2026-06-07T22:21:56.875269
Karl-Anthony Towns,,,0707c5b20ff523e730c85090c7faffdf,2026-06-09,00:40,rebounds,13.5,220.0,-310.0,True,fanduel,2026-06-07T22:21:56.875271
Karl-Anthony Towns,,,0707c5b20ff523e730c85090c7faffdf,2026-06-09,00:40,rebounds,14.5,320.0,-490.0,True,fanduel,2026-06-07T22:21:56.875273
Karl-Anthony Towns,,,0707c5b20ff523e730c85090c7faffdf,2026-06-09,00:40,rebounds,15.5,480.0,-850.0,True,fanduel,2026-06-07T22:21:56.875274
Mitchell Robinson,,,0707c5b20ff523e730c85090c7faffdf,2026-06-09,00:40,rebounds,2.5,-670.0,400.0,True,fanduel,2026-06-07T22:21:56.875276
Mitchell Robinson,,,0707c5b20ff523e730c85090c7faffdf,2026-06-09,00:40,rebounds,3.5,-295.0,210.0,True,fanduel,2026-06-07T22:21:56.875278
Mitchell Robinson,,,0707c5b20ff523e730c85090c7faffdf,2026-06-09,00:40,rebounds,4.5,-158.0,118.0,True,fanduel,2026-06-07T22:21:56.875280
Mitchell Robinson,,,0707c5b20ff523e730c85090c7faffdf,2026-06-09,00:40,rebounds,6.5,194.0,-270.0,True,fanduel,2026-06-07T22:21:56.875281
Mitchell Robinson,,,0707c5b20ff523e730c85090c7faffdf,2026-06-09,00:40,rebounds,7.5,300.0,-450.0,True,fanduel,2026-06-07T22:21:56.875283
Josh Hart,,,0707c5b20ff523e730c85090c7faffdf,2026-06-09,00:40,rebounds,3.5,-4000.0,,True,fanduel,2026-06-07T22:21:56.875285
Julian Champagnie,,,0707c5b20ff523e730c85090c7faffdf,2026-06-09,00:40,rebounds,3.5,-490.0,320.0,True,fanduel,2026-06-07T22:21:56.875295
Dylan Harper,,,0707c5b20ff523e730c85090c7faffdf,2026-06-09,00:40,rebounds,3.5,-440.0,290.0,True,fanduel,2026-06-07T22:21:56.875297
Devin Vassell,,,0707c5b20ff523e730c85090c7faffdf,2026-06-09,00:40,rebounds,3.5,-320.0,225.0,True,fanduel,2026-06-07T22:21:56.875299
Mikal Bridges,,,0707c5b20ff523e730c85090c7faffdf,2026-06-09,00:40,rebounds,3.5,106.0,,True,fanduel,2026-06-07T22:21:56.875301
Jalen Brunson,,,0707c5b20ff523e730c85090c7faffdf,2026-06-09,00:40,rebounds,3.5,130.0,,True,fanduel,2026-06-07T22:21:56.875302
Keldon Johnson,,,0707c5b20ff523e730c85090c7faffdf,2026-06-09,00:40,rebounds,3.5,174.0,-240.0,True,fanduel,2026-06-07T22:21:56.875304
Luke Kornet,,,0707c5b20ff523e730c85090c7faffdf,2026-06-09,00:40,rebounds,3.5,240.0,,True,fanduel,2026-06-07T22:21:56.875306
Josh Hart,,,0707c5b20ff523e730c85090c7faffdf,2026-06-09,00:40,rebounds,9.5,140.0,-188.0,True,fanduel,2026-06-07T22:21:56.875308
Mitchell Robinson,,,0707c5b20ff523e730c85090c7faffdf,2026-06-09,00:40,rebounds,9.5,630.0,,True,fanduel,2026-06-07T22:21:56.875309
Dylan Harper,,,0707c5b20ff523e730c85090c7faffdf,2026-06-09,00:40,rebounds,9.5,800.0,,True,fanduel,2026-06-07T22:21:56.875311
Julian Champagnie,,,0707c5b20ff523e730c85090c7faffdf,2026-06-09,00:40,rebounds,9.5,900.0,,True,fanduel,2026-06-07T22:21:56.875313
Stephon Castle,,,0707c5b20ff523e730c85090c7faffdf,2026-06-09,00:40,rebounds,9.5,1060.0,,True,fanduel,2026-06-07T22:21:56.875314
OG Anunoby,,,0707c5b20ff523e730c85090c7faffdf,2026-06-09,00:40,rebounds,9.5,1200.0,,True,fanduel,2026-06-07T22:21:56.875316
Devin Vassell,,,0707c5b20ff523e730c85090c7faffdf,2026-06-09,00:40,rebounds,9.5,1400.0,,True,fanduel,2026-06-07T22:21:56.875318
Dylan Harper,,,0707c5b20ff523e730c85090c7faffdf,2026-06-09,00:40,rebounds,2.5,-1400.0,,True,fanduel,2026-06-07T22:21:56.875320
Dylan Harper,,,0707c5b20ff523e730c85090c7faffdf,2026-06-09,00:40,rebounds,4.5,-205.0,152.0,True,fanduel,2026-06-07T22:21:56.875321
Dylan Harper,,,0707c5b20ff523e730c85090c7faffdf,2026-06-09,00:40,rebounds,6.5,182.0,-250.0,True,fanduel,2026-06-07T22:21:56.875323
Dylan Harper,,,0707c5b20ff523e730c85090c7faffdf,2026-06-09,00:40,rebounds,7.5,330.0,-490.0,True,fanduel,2026-06-07T22:21:56.875325
Julian Champagnie,,,0707c5b20ff523e730c85090c7faffdf,2026-06-09,00:40,rebounds,4.5,-210.0,154.0,True,fanduel,2026-06-07T22:21:56.875327
Julian Champagnie,,,0707c5b20ff523e730c85090c7faffdf,2026-06-09,00:40,rebounds,6.5,194.0,-270.0,True,fanduel,2026-06-07T22:21:56.875328
Julian Champagnie,,,0707c5b20ff523e730c85090c7faffdf,2026-06-09,00:40,rebounds,7.5,350.0,-550.0,True,fanduel,2026-06-07T22:21:56.875330
Julian Champagnie,,,0707c5b20ff523e730c85090c7faffdf,2026-06-09,00:40,rebounds,8.5,,-1400.0,True,fanduel,2026-06-07T22:21:56.875332
Keldon Johnson,,,0707c5b20ff523e730c85090c7faffdf,2026-06-09,00:40,rebounds,1.5,-320.0,225.0,True,fanduel,2026-06-07T22:21:56.875333
Keldon Johnson,,,0707c5b20ff523e730c85090c7faffdf,2026-06-09,00:40,rebounds,2.5,-128.0,-104.0,True,fanduel,2026-06-07T22:21:56.875335
Keldon Johnson,,,0707c5b20ff523e730c85090c7faffdf,2026-06-09,00:40,rebounds,4.5,320.0,-500.0,True,fanduel,2026-06-07T22:21:56.875337
Josh Hart,,,0707c5b20ff523e730c85090c7faffdf,2026-06-09,00:40,rebounds,7.5,-174.0,130.0,True,fanduel,2026-06-07T22:21:56.875339
Devin Vassell,,,0707c5b20ff523e730c85090c7faffdf,2026-06-09,00:40,rebounds,7.5,540.0,-1000.0,True,fanduel,2026-06-07T22:21:56.875340
Keldon Johnson,,,0707c5b20ff523e730c85090c7faffdf,2026-06-09,00:40,rebounds,7.5,1500.0,,True,fanduel,2026-06-07T22:21:56.875342
Josh Hart,,,0707c5b20ff523e730c85090c7faffdf,2026-06-09,00:40,rebounds,4.5,-1450.0,,True,fanduel,2026-06-07T22:21:56.875344
Josh Hart,,,0707c5b20ff523e730c85090c7faffdf,2026-06-09,00:40,rebounds,6.5,-310.0,220.0,True,fanduel,2026-06-07T22:21:56.875345
Josh Hart,,,0707c5b20ff523e730c85090c7faffdf,2026-06-09,00:40,rebounds,8.5,102.0,-136.0,True,fanduel,2026-06-07T22:21:56.875347
Josh Hart,,,0707c5b20ff523e730c85090c7faffdf,2026-06-09,00:40,rebounds,10.5,220.0,-310.0,True,fanduel,2026-06-07T22:21:56.875349
Josh Hart,,,0707c5b20ff523e730c85090c7faffdf,2026-06-09,00:40,rebounds,11.5,340.0,-500.0,True,fanduel,2026-06-07T22:21:56.875351
Josh Hart,,,0707c5b20ff523e730c85090c7faffdf,2026-06-09,00:40,rebounds,12.5,,-1000.0,True,fanduel,2026-06-07T22:21:56.875352
Mitchell Robinson,,,0707c5b20ff523e730c85090c7faffdf,2026-06-09,00:40,rebounds,11.5,1300.0,,True,fanduel,2026-06-07T22:21:56.875354
Dylan Harper,,,0707c5b20ff523e730c85090c7faffdf,2026-06-09,00:40,rebounds,11.5,1800.0,,True,fanduel,2026-06-07T22:21:56.875356
Julian Champagnie,,,0707c5b20ff523e730c85090c7faffdf,2026-06-09,00:40,rebounds,11.5,2200.0,,True,fanduel,2026-06-07T22:21:56.875357
Josh Hart,,,0707c5b20ff523e730c85090c7faffdf,2026-06-09,00:40,rebounds,13.5,830.0,,True,fanduel,2026-06-07T22:21:56.875359
Mitchell Robinson,,,0707c5b20ff523e730c85090c7faffdf,2026-06-09,00:40,rebounds,13.5,2500.0,,True,fanduel,2026-06-07T22:21:56.875361
Devin Vassell,,,0707c5b20ff523e730c85090c7faffdf,2026-06-09,00:40,rebounds,2.5,-1000.0,,True,fanduel,2026-06-07T22:21:56.875364
Devin Vassell,,,0707c5b20ff523e730c85090c7faffdf,2026-06-09,00:40,rebounds,4.5,-138.0,104.0,True,fanduel,2026-06-07T22:21:56.875366
Devin Vassell,,,0707c5b20ff523e730c85090c7faffdf,2026-06-09,00:40,rebounds,6.5,280.0,-420.0,True,fanduel,2026-06-07T22:21:56.875367
Josh Hart,,,0707c5b20ff523e730c85090c7faffdf,2026-06-09,00:40,rebounds,15.5,1700.0,,True,fanduel,2026-06-07T22:21:56.875369
De'Aaron Fox,,,0707c5b20ff523e730c85090c7faffdf,2026-06-09,00:40,threes,1.5,136.0,-182.0,False,fanduel,2026-06-07T22:21:56.875384
Devin Vassell,,,0707c5b20ff523e730c85090c7faffdf,2026-06-09,00:40,threes,2.5,108.0,-144.0,False,fanduel,2026-06-07T22:21:56.875386
OG Anunoby,,,0707c5b20ff523e730c85090c7faffdf,2026-06-09,00:40,threes,2.5,154.0,-210.0,False,fanduel,2026-06-07T22:21:56.875387
Victor Wembanyama,,,0707c5b20ff523e730c85090c7faffdf,2026-06-09,00:40,threes,1.5,-192.0,142.0,False,fanduel,2026-06-07T22:21:56.875389
Julian Champagnie,,,0707c5b20ff523e730c85090c7faffdf,2026-06-09,00:40,threes,2.5,108.0,-144.0,False,fanduel,2026-06-07T22:21:56.875391
Jalen Brunson,,,0707c5b20ff523e730c85090c7faffdf,2026-06-09,00:40,threes,2.5,140.0,-188.0,False,fanduel,2026-06-07T22:21:56.875393
Stephon Castle,,,0707c5b20ff523e730c85090c7faffdf,2026-06-09,00:40,threes,1.5,116.0,-154.0,False,fanduel,2026-06-07T22:21:56.875394
Josh Hart,,,0707c5b20ff523e730c85090c7faffdf,2026-06-09,00:40,threes,1.5,134.0,-180.0,False,fanduel,2026-06-07T22:21:56.875396
Mikal Bridges,,,0707c5b20ff523e730c85090c7faffdf,2026-06-09,00:40,threes,1.5,124.0,-166.0,False,fanduel,2026-06-07T22:21:56.875398
Karl-Anthony Towns,,,0707c5b20ff523e730c85090c7faffdf,2026-06-09,00:40,threes,1.5,116.0,-154.0,False,fanduel,2026-06-07T22:21:56.875400
Victor Wembanyama,,,0707c5b20ff523e730c85090c7faffdf,2026-06-09,00:40,threes,5.5,2500.0,,True,fanduel,2026-06-07T22:21:56.875455
Devin Vassell,,,0707c5b20ff523e730c85090c7faffdf,2026-06-09,00:40,threes,5.5,1300.0,,True,fanduel,2026-06-07T22:21:56.875456
Julian Champagnie,,,0707c5b20ff523e730c85090c7faffdf,2026-06-09,00:40,threes,5.5,1400.0,,True,fanduel,2026-06-07T22:21:56.875458
Jalen Brunson,,,0707c5b20ff523e730c85090c7faffdf,2026-06-09,00:40,threes,5.5,1700.0,,True,fanduel,2026-06-07T22:21:56.875460
OG Anunoby,,,0707c5b20ff523e730c85090c7faffdf,2026-06-09,00:40,threes,5.5,1700.0,,True,fanduel,2026-06-07T22:21:56.875462
Landry Shamet,,,0707c5b20ff523e730c85090c7faffdf,2026-06-09,00:40,threes,5.5,2000.0,,True,fanduel,2026-06-07T22:21:56.875463
De'Aaron Fox,,,0707c5b20ff523e730c85090c7faffdf,2026-06-09,00:40,threes,0.5,-350.0,250.0,True,fanduel,2026-06-07T22:21:56.875465
De'Aaron Fox,,,0707c5b20ff523e730c85090c7faffdf,2026-06-09,00:40,threes,1.5,138.0,-182.0,True,fanduel,2026-06-07T22:21:56.875467
De'Aaron Fox,,,0707c5b20ff523e730c85090c7faffdf,2026-06-09,00:40,threes,2.5,440.0,-700.0,True,fanduel,2026-06-07T22:21:56.875469
OG Anunoby,,,0707c5b20ff523e730c85090c7faffdf,2026-06-09,00:40,threes,0.5,-1100.0,,True,fanduel,2026-06-07T22:21:56.875470
OG Anunoby,,,0707c5b20ff523e730c85090c7faffdf,2026-06-09,00:40,threes,1.5,-205.0,158.0,True,fanduel,2026-06-07T22:21:56.875472
OG Anunoby,,,0707c5b20ff523e730c85090c7faffdf,2026-06-09,00:40,threes,2.5,158.0,-210.0,True,fanduel,2026-06-07T22:21:56.875474
OG Anunoby,,,0707c5b20ff523e730c85090c7faffdf,2026-06-09,00:40,threes,3.5,390.0,-600.0,True,fanduel,2026-06-07T22:21:56.875475
Stephon Castle,,,0707c5b20ff523e730c85090c7faffdf,2026-06-09,00:40,threes,0.5,-430.0,290.0,True,fanduel,2026-06-07T22:21:56.875477
Stephon Castle,,,0707c5b20ff523e730c85090c7faffdf,2026-06-09,00:40,threes,1.5,118.0,-154.0,True,fanduel,2026-06-07T22:21:56.875479
Stephon Castle,,,0707c5b20ff523e730c85090c7faffdf,2026-06-09,00:40,threes,2.5,370.0,-580.0,True,fanduel,2026-06-07T22:21:56.875481
Devin Vassell,,,0707c5b20ff523e730c85090c7faffdf,2026-06-09,00:40,threes,0.5,-1800.0,,True,fanduel,2026-06-07T22:21:56.875482
Julian Champagnie,,,0707c5b20ff523e730c85090c7faffdf,2026-06-09,00:40,threes,0.5,-1800.0,,True,fanduel,2026-06-07T22:21:56.875484
Jalen Brunson,,,0707c5b20ff523e730c85090c7faffdf,2026-06-09,00:40,threes,0.5,-1450.0,,True,fanduel,2026-06-07T22:21:56.875486
Victor Wembanyama,,,0707c5b20ff523e730c85090c7faffdf,2026-06-09,00:40,threes,0.5,-1100.0,,True,fanduel,2026-06-07T22:21:56.875487
Landry Shamet,,,0707c5b20ff523e730c85090c7faffdf,2026-06-09,00:40,threes,0.5,-700.0,410.0,True,fanduel,2026-06-07T22:21:56.875489
Karl-Anthony Towns,,,0707c5b20ff523e730c85090c7faffdf,2026-06-09,00:40,threes,0.5,-400.0,,True,fanduel,2026-06-07T22:21:56.875491
Mikal Bridges,,,0707c5b20ff523e730c85090c7faffdf,2026-06-09,00:40,threes,0.5,-390.0,,True,fanduel,2026-06-07T22:21:56.875493
Josh Hart,,,0707c5b20ff523e730c85090c7faffdf,2026-06-09,00:40,threes,0.5,-330.0,,True,fanduel,2026-06-07T22:21:56.875496
Miles McBride,,,0707c5b20ff523e730c85090c7faffdf,2026-06-09,00:40,threes,0.5,-310.0,,True,fanduel,2026-06-07T22:21:56.875498
Dylan Harper,,,0707c5b20ff523e730c85090c7faffdf,2026-06-09,00:40,threes,0.5,-174.0,130.0,True,fanduel,2026-06-07T22:21:56.875499
Devin Vassell,,,0707c5b20ff523e730c85090c7faffdf,2026-06-09,00:40,threes,6.5,3000.0,,True,fanduel,2026-06-07T22:21:56.875501
Julian Champagnie,,,0707c5b20ff523e730c85090c7faffdf,2026-06-09,00:40,threes,6.5,3000.0,,True,fanduel,2026-06-07T22:21:56.875503
Victor Wembanyama,,,0707c5b20ff523e730c85090c7faffdf,2026-06-09,00:40,threes,1.5,-184.0,142.0,True,fanduel,2026-06-07T22:21:56.875505
Victor Wembanyama,,,0707c5b20ff523e730c85090c7faffdf,2026-06-09,00:40,threes,2.5,186.0,-250.0,True,fanduel,2026-06-07T22:21:56.875506
Victor Wembanyama,,,0707c5b20ff523e730c85090c7faffdf,2026-06-09,00:40,threes,3.5,480.0,-850.0,True,fanduel,2026-06-07T22:21:56.875508
Dylan Harper,,,0707c5b20ff523e730c85090c7faffdf,2026-06-09,00:40,threes,1.5,285.0,-420.0,True,fanduel,2026-06-07T22:21:56.875510
Landry Shamet,,,0707c5b20ff523e730c85090c7faffdf,2026-06-09,00:40,threes,1.5,-146.0,114.0,True,fanduel,2026-06-07T22:21:56.875512
Landry Shamet,,,0707c5b20ff523e730c85090c7faffdf,2026-06-09,00:40,threes,2.5,200.0,-270.0,True,fanduel,2026-06-07T22:21:56.875513
Landry Shamet,,,0707c5b20ff523e730c85090c7faffdf,2026-06-09,00:40,threes,3.5,520.0,-900.0,True,fanduel,2026-06-07T22:21:56.875515
Devin Vassell,,,0707c5b20ff523e730c85090c7faffdf,2026-06-09,00:40,threes,1.5,-290.0,205.0,True,fanduel,2026-06-07T22:21:56.875518
Devin Vassell,,,0707c5b20ff523e730c85090c7faffdf,2026-06-09,00:40,threes,2.5,110.0,-144.0,True,fanduel,2026-06-07T22:21:56.875520
Devin Vassell,,,0707c5b20ff523e730c85090c7faffdf,2026-06-09,00:40,threes,3.5,280.0,-400.0,True,fanduel,2026-06-07T22:21:56.875522
Devin Vassell,,,0707c5b20ff523e730c85090c7faffdf,2026-06-09,00:40,threes,4.5,650.0,-1400.0,True,fanduel,2026-06-07T22:21:56.875525
Julian Champagnie,,,0707c5b20ff523e730c85090c7faffdf,2026-06-09,00:40,threes,4.5,650.0,-1400.0,True,fanduel,2026-06-07T22:21:56.875526
Jalen Brunson,,,0707c5b20ff523e730c85090c7faffdf,2026-06-09,00:40,threes,4.5,850.0,,True,fanduel,2026-06-07T22:21:56.875528
OG Anunoby,,,0707c5b20ff523e730c85090c7faffdf,2026-06-09,00:40,threes,4.5,900.0,,True,fanduel,2026-06-07T22:21:56.875530
Victor Wembanyama,,,0707c5b20ff523e730c85090c7faffdf,2026-06-09,00:40,threes,4.5,1100.0,,True,fanduel,2026-06-07T22:21:56.875532
Landry Shamet,,,0707c5b20ff523e730c85090c7faffdf,2026-06-09,00:40,threes,4.5,1100.0,,True,fanduel,2026-06-07T22:21:56.875533
Julian Champagnie,,,0707c5b20ff523e730c85090c7faffdf,2026-06-09,00:40,threes,1.5,-295.0,210.0,True,fanduel,2026-06-07T22:21:56.875535
Julian Champagnie,,,0707c5b20ff523e730c85090c7faffdf,2026-06-09,00:40,threes,2.5,110.0,-144.0,True,fanduel,2026-06-07T22:21:56.875537
Julian Champagnie,,,0707c5b20ff523e730c85090c7faffdf,2026-06-09,00:40,threes,3.5,280.0,-400.0,True,fanduel,2026-06-07T22:21:56.875539
Jalen Brunson,,,0707c5b20ff523e730c85090c7faffdf,2026-06-09,00:40,threes,3.5,360.0,-580.0,True,fanduel,2026-06-07T22:21:56.875541
Karl-Anthony Towns,,,0707c5b20ff523e730c85090c7faffdf,2026-06-09,00:40,threes,3.5,1060.0,,True,fanduel,2026-06-07T22:21:56.875542
Stephon Castle,,,0707c5b20ff523e730c85090c7faffdf,2026-06-09,00:40,threes,3.5,1060.0,,True,fanduel,2026-06-07T22:21:56.875544
Mikal Bridges,,,0707c5b20ff523e730c85090c7faffdf,2026-06-09,00:40,threes,3.5,1060.0,,True,fanduel,2026-06-07T22:21:56.875546
Josh Hart,,,0707c5b20ff523e730c85090c7faffdf,2026-06-09,00:40,threes,3.5,1060.0,,True,fanduel,2026-06-07T22:21:56.875548
De'Aaron Fox,,,0707c5b20ff523e730c85090c7faffdf,2026-06-09,00:40,threes,3.5,1100.0,,True,fanduel,2026-06-07T22:21:56.875549
Miles McBride,,,0707c5b20ff523e730c85090c7faffdf,2026-06-09,00:40,threes,3.5,1100.0,,True,fanduel,2026-06-07T22:21:56.875551
Jalen Brunson,,,0707c5b20ff523e730c85090c7faffdf,2026-06-09,00:40,threes,1.5,-225.0,168.0,True,fanduel,2026-06-07T22:21:56.875553
Jalen Brunson,,,0707c5b20ff523e730c85090c7faffdf,2026-06-09,00:40,threes,2.5,142.0,-188.0,True,fanduel,2026-06-07T22:21:56.875555
Karl-Anthony Towns,,,0707c5b20ff523e730c85090c7faffdf,2026-06-09,00:40,threes,2.5,390.0,,True,fanduel,2026-06-07T22:21:56.875556
Mikal Bridges,,,0707c5b20ff523e730c85090c7faffdf,2026-06-09,00:40,threes,2.5,420.0,,True,fanduel,2026-06-07T22:21:56.875558
Josh Hart,,,0707c5b20ff523e730c85090c7faffdf,2026-06-09,00:40,threes,2.5,420.0,,True,fanduel,2026-06-07T22:21:56.875560
Miles McBride,,,0707c5b20ff523e730c85090c7faffdf,2026-06-09,00:40,threes,2.5,430.0,,True,fanduel,2026-06-07T22:21:56.875562
Dylan Harper,,,0707c5b20ff523e730c85090c7faffdf,2026-06-09,00:40,threes,2.5,1000.0,,True,fanduel,2026-06-07T22:21:56.875563
Karl-Anthony Towns,,,0707c5b20ff523e730c85090c7faffdf,2026-06-09,00:40,threes,1.5,120.0,,True,fanduel,2026-06-07T22:21:56.875565
Mikal Bridges,,,0707c5b20ff523e730c85090c7faffdf,2026-06-09,00:40,threes,1.5,128.0,,True,fanduel,2026-06-07T22:21:56.875567
Josh Hart,,,0707c5b20ff523e730c85090c7faffdf,2026-06-09,00:40,threes,1.5,136.0,,True,fanduel,2026-06-07T22:21:56.875569
Miles McBride,,,0707c5b20ff523e730c85090c7faffdf,2026-06-09,00:40,threes,1.5,146.0,,True,fanduel,2026-06-07T22:21:56.875570
Stephon Castle,,,0707c5b20ff523e730c85090c7faffdf,2026-06-09,00:40,assists,6.5,-109.0,-121.0,False,draftkings,2026-06-07T22:21:56.875590
Jalen Brunson,,,0707c5b20ff523e730c85090c7faffdf,2026-06-09,00:40,assists,5.5,-151.0,114.0,False,draftkings,2026-06-07T22:21:56.875593
De'Aaron Fox,,,0707c5b20ff523e730c85090c7faffdf,2026-06-09,00:40,assists,5.5,-108.0,-122.0,False,draftkings,2026-06-07T22:21:56.875595
Josh Hart,,,0707c5b20ff523e730c85090c7faffdf,2026-06-09,00:40,assists,4.5,-101.0,-130.0,False,draftkings,2026-06-07T22:21:56.875597
Karl-Anthony Towns,,,0707c5b20ff523e730c85090c7faffdf,2026-06-09,00:40,assists,3.5,-164.0,124.0,False,draftkings,2026-06-07T22:21:56.875599
Dylan Harper,,,0707c5b20ff523e730c85090c7faffdf,2026-06-09,00:40,assists,3.5,109.0,-144.0,False,draftkings,2026-06-07T22:21:56.875600
Victor Wembanyama,,,0707c5b20ff523e730c85090c7faffdf,2026-06-09,00:40,assists,3.5,126.0,-166.0,False,draftkings,2026-06-07T22:21:56.875602
Mikal Bridges,,,0707c5b20ff523e730c85090c7faffdf,2026-06-09,00:40,assists,2.5,-153.0,116.0,False,draftkings,2026-06-07T22:21:56.875604
Devin Vassell,,,0707c5b20ff523e730c85090c7faffdf,2026-06-09,00:40,assists,2.5,105.0,-139.0,False,draftkings,2026-06-07T22:21:56.875605
OG Anunoby,,,0707c5b20ff523e730c85090c7faffdf,2026-06-09,00:40,assists,1.5,-104.0,-127.0,False,draftkings,2026-06-07T22:21:56.875607
Julian Champagnie,,,0707c5b20ff523e730c85090c7faffdf,2026-06-09,00:40,assists,1.5,111.0,-147.0,False,draftkings,2026-06-07T22:21:56.875609
Jose Alvarado,,,0707c5b20ff523e730c85090c7faffdf,2026-06-09,00:40,assists,1.5,122.0,-161.0,False,draftkings,2026-06-07T22:21:56.875610
Miles McBride,,,0707c5b20ff523e730c85090c7faffdf,2026-06-09,00:40,assists,1.5,137.0,-182.0,False,draftkings,2026-06-07T22:21:56.875612
Landry Shamet,,,0707c5b20ff523e730c85090c7faffdf,2026-06-09,00:40,assists,1.5,166.0,-221.0,False,draftkings,2026-06-07T22:21:56.875614
Keldon Johnson,,,0707c5b20ff523e730c85090c7faffdf,2026-06-09,00:40,assists,0.5,-108.0,-122.0,False,draftkings,2026-06-07T22:21:56.875616
Luke Kornet,,,0707c5b20ff523e730c85090c7faffdf,2026-06-09,00:40,assists,0.5,115.0,-151.0,False,draftkings,2026-06-07T22:21:56.875617
Mitchell Robinson,,,0707c5b20ff523e730c85090c7faffdf,2026-06-09,00:40,assists,0.5,131.0,-173.0,False,draftkings,2026-06-07T22:21:56.875619
Stephon Castle,,,0707c5b20ff523e730c85090c7faffdf,2026-06-09,00:40,assists,3.5,-1080.0,,True,draftkings,2026-06-07T22:21:56.875667
Stephon Castle,,,0707c5b20ff523e730c85090c7faffdf,2026-06-09,00:40,assists,4.5,-428.0,,True,draftkings,2026-06-07T22:21:56.875670
Stephon Castle,,,0707c5b20ff523e730c85090c7faffdf,2026-06-09,00:40,assists,5.5,-204.0,,True,draftkings,2026-06-07T22:21:56.875672
Stephon Castle,,,0707c5b20ff523e730c85090c7faffdf,2026-06-09,00:40,assists,6.5,-108.0,,True,draftkings,2026-06-07T22:21:56.875674
Stephon Castle,,,0707c5b20ff523e730c85090c7faffdf,2026-06-09,00:40,assists,7.5,168.0,,True,draftkings,2026-06-07T22:21:56.875675
Stephon Castle,,,0707c5b20ff523e730c85090c7faffdf,2026-06-09,00:40,assists,8.5,290.0,,True,draftkings,2026-06-07T22:21:56.875677
Stephon Castle,,,0707c5b20ff523e730c85090c7faffdf,2026-06-09,00:40,assists,9.5,515.0,,True,draftkings,2026-06-07T22:21:56.875680
Stephon Castle,,,0707c5b20ff523e730c85090c7faffdf,2026-06-09,00:40,assists,10.5,910.0,,True,draftkings,2026-06-07T22:21:56.875682
Stephon Castle,,,0707c5b20ff523e730c85090c7faffdf,2026-06-09,00:40,assists,11.5,1500.0,,True,draftkings,2026-06-07T22:21:56.875683
Stephon Castle,,,0707c5b20ff523e730c85090c7faffdf,2026-06-09,00:40,assists,12.5,2300.0,,True,draftkings,2026-06-07T22:21:56.875685
Jalen Brunson,,,0707c5b20ff523e730c85090c7faffdf,2026-06-09,00:40,assists,2.5,-2600.0,,True,draftkings,2026-06-07T22:21:56.875687
Jalen Brunson,,,0707c5b20ff523e730c85090c7faffdf,2026-06-09,00:40,assists,3.5,-710.0,,True,draftkings,2026-06-07T22:21:56.875689
Jalen Brunson,,,0707c5b20ff523e730c85090c7faffdf,2026-06-09,00:40,assists,4.5,-307.0,,True,draftkings,2026-06-07T22:21:56.875690
Jalen Brunson,,,0707c5b20ff523e730c85090c7faffdf,2026-06-09,00:40,assists,5.5,-150.0,,True,draftkings,2026-06-07T22:21:56.875692
Jalen Brunson,,,0707c5b20ff523e730c85090c7faffdf,2026-06-09,00:40,assists,6.5,125.0,,True,draftkings,2026-06-07T22:21:56.875694
Jalen Brunson,,,0707c5b20ff523e730c85090c7faffdf,2026-06-09,00:40,assists,7.5,226.0,,True,draftkings,2026-06-07T22:21:56.875695
Jalen Brunson,,,0707c5b20ff523e730c85090c7faffdf,2026-06-09,00:40,assists,8.5,409.0,,True,draftkings,2026-06-07T22:21:56.875697
Jalen Brunson,,,0707c5b20ff523e730c85090c7faffdf,2026-06-09,00:40,assists,9.5,730.0,,True,draftkings,2026-06-07T22:21:56.875699
Jalen Brunson,,,0707c5b20ff523e730c85090c7faffdf,2026-06-09,00:40,assists,10.5,1220.0,,True,draftkings,2026-06-07T22:21:56.875701
Jalen Brunson,,,0707c5b20ff523e730c85090c7faffdf,2026-06-09,00:40,assists,11.5,1980.0,,True,draftkings,2026-06-07T22:21:56.875702
Jalen Brunson,,,0707c5b20ff523e730c85090c7faffdf,2026-06-09,00:40,assists,12.5,2800.0,,True,draftkings,2026-06-07T22:21:56.875704
De'Aaron Fox,,,0707c5b20ff523e730c85090c7faffdf,2026-06-09,00:40,assists,2.5,-1540.0,,True,draftkings,2026-06-07T22:21:56.875706
De'Aaron Fox,,,0707c5b20ff523e730c85090c7faffdf,2026-06-09,00:40,assists,3.5,-497.0,,True,draftkings,2026-06-07T22:21:56.875708
De'Aaron Fox,,,0707c5b20ff523e730c85090c7faffdf,2026-06-09,00:40,assists,4.5,-216.0,,True,draftkings,2026-06-07T22:21:56.875709
De'Aaron Fox,,,0707c5b20ff523e730c85090c7faffdf,2026-06-09,00:40,assists,5.5,-108.0,,True,draftkings,2026-06-07T22:21:56.875711
De'Aaron Fox,,,0707c5b20ff523e730c85090c7faffdf,2026-06-09,00:40,assists,6.5,178.0,,True,draftkings,2026-06-07T22:21:56.875713
De'Aaron Fox,,,0707c5b20ff523e730c85090c7faffdf,2026-06-09,00:40,assists,7.5,330.0,,True,draftkings,2026-06-07T22:21:56.875714
De'Aaron Fox,,,0707c5b20ff523e730c85090c7faffdf,2026-06-09,00:40,assists,8.5,588.0,,True,draftkings,2026-06-07T22:21:56.875716
De'Aaron Fox,,,0707c5b20ff523e730c85090c7faffdf,2026-06-09,00:40,assists,9.5,1060.0,,True,draftkings,2026-06-07T22:21:56.875718
De'Aaron Fox,,,0707c5b20ff523e730c85090c7faffdf,2026-06-09,00:40,assists,10.5,1780.0,,True,draftkings,2026-06-07T22:21:56.875720
De'Aaron Fox,,,0707c5b20ff523e730c85090c7faffdf,2026-06-09,00:40,assists,11.5,2700.0,,True,draftkings,2026-06-07T22:21:56.875721
Josh Hart,,,0707c5b20ff523e730c85090c7faffdf,2026-06-09,00:40,assists,2.5,-580.0,,True,draftkings,2026-06-07T22:21:56.875723
Josh Hart,,,0707c5b20ff523e730c85090c7faffdf,2026-06-09,00:40,assists,3.5,-221.0,,True,draftkings,2026-06-07T22:21:56.875725
Josh Hart,,,0707c5b20ff523e730c85090c7faffdf,2026-06-09,00:40,assists,4.5,-102.0,,True,draftkings,2026-06-07T22:21:56.875728
Josh Hart,,,0707c5b20ff523e730c85090c7faffdf,2026-06-09,00:40,assists,5.5,200.0,,True,draftkings,2026-06-07T22:21:56.875729
Josh Hart,,,0707c5b20ff523e730c85090c7faffdf,2026-06-09,00:40,assists,6.5,388.0,,True,draftkings,2026-06-07T22:21:56.875731
Josh Hart,,,0707c5b20ff523e730c85090c7faffdf,2026-06-09,00:40,assists,7.5,720.0,,True,draftkings,2026-06-07T22:21:56.875733
Josh Hart,,,0707c5b20ff523e730c85090c7faffdf,2026-06-09,00:40,assists,8.5,1300.0,,True,draftkings,2026-06-07T22:21:56.875735
Josh Hart,,,0707c5b20ff523e730c85090c7faffdf,2026-06-09,00:40,assists,9.5,2200.0,,True,draftkings,2026-06-07T22:21:56.875736
Karl-Anthony Towns,,,0707c5b20ff523e730c85090c7faffdf,2026-06-09,00:40,assists,2.5,-410.0,,True,draftkings,2026-06-07T22:21:56.875738
Karl-Anthony Towns,,,0707c5b20ff523e730c85090c7faffdf,2026-06-09,00:40,assists,3.5,-164.0,,True,draftkings,2026-06-07T22:21:56.875740
Karl-Anthony Towns,,,0707c5b20ff523e730c85090c7faffdf,2026-06-09,00:40,assists,4.5,134.0,,True,draftkings,2026-06-07T22:21:56.875742
Karl-Anthony Towns,,,0707c5b20ff523e730c85090c7faffdf,2026-06-09,00:40,assists,5.5,277.0,,True,draftkings,2026-06-07T22:21:56.875743
Karl-Anthony Towns,,,0707c5b20ff523e730c85090c7faffdf,2026-06-09,00:40,assists,6.5,552.0,,True,draftkings,2026-06-07T22:21:56.875745
Karl-Anthony Towns,,,0707c5b20ff523e730c85090c7faffdf,2026-06-09,00:40,assists,7.5,1040.0,,True,draftkings,2026-06-07T22:21:56.875784
Karl-Anthony Towns,,,0707c5b20ff523e730c85090c7faffdf,2026-06-09,00:40,assists,8.5,1840.0,,True,draftkings,2026-06-07T22:21:56.875786
Dylan Harper,,,0707c5b20ff523e730c85090c7faffdf,2026-06-09,00:40,assists,2.5,-222.0,,True,draftkings,2026-06-07T22:21:56.875788
Dylan Harper,,,0707c5b20ff523e730c85090c7faffdf,2026-06-09,00:40,assists,3.5,110.0,,True,draftkings,2026-06-07T22:21:56.875790
Dylan Harper,,,0707c5b20ff523e730c85090c7faffdf,2026-06-09,00:40,assists,4.5,243.0,,True,draftkings,2026-06-07T22:21:56.875791
Dylan Harper,,,0707c5b20ff523e730c85090c7faffdf,2026-06-09,00:40,assists,5.5,505.0,,True,draftkings,2026-06-07T22:21:56.875793
Dylan Harper,,,0707c5b20ff523e730c85090c7faffdf,2026-06-09,00:40,assists,6.5,1020.0,,True,draftkings,2026-06-07T22:21:56.875795
Dylan Harper,,,0707c5b20ff523e730c85090c7faffdf,2026-06-09,00:40,assists,7.5,1920.0,,True,draftkings,2026-06-07T22:21:56.875796
Victor Wembanyama,,,0707c5b20ff523e730c85090c7faffdf,2026-06-09,00:40,assists,2.5,-187.0,,True,draftkings,2026-06-07T22:21:56.875798
Victor Wembanyama,,,0707c5b20ff523e730c85090c7faffdf,2026-06-09,00:40,assists,3.5,129.0,,True,draftkings,2026-06-07T22:21:56.875802
Victor Wembanyama,,,0707c5b20ff523e730c85090c7faffdf,2026-06-09,00:40,assists,4.5,281.0,,True,draftkings,2026-06-07T22:21:56.875804
Victor Wembanyama,,,0707c5b20ff523e730c85090c7faffdf,2026-06-09,00:40,assists,5.5,590.0,,True,draftkings,2026-06-07T22:21:56.875806
Victor Wembanyama,,,0707c5b20ff523e730c85090c7faffdf,2026-06-09,00:40,assists,6.5,1240.0,,True,draftkings,2026-06-07T22:21:56.875807
Victor Wembanyama,,,0707c5b20ff523e730c85090c7faffdf,2026-06-09,00:40,assists,7.5,2200.0,,True,draftkings,2026-06-07T22:21:56.875810
Mikal Bridges,,,0707c5b20ff523e730c85090c7faffdf,2026-06-09,00:40,assists,2.5,-151.0,,True,draftkings,2026-06-07T22:21:56.875812
Mikal Bridges,,,0707c5b20ff523e730c85090c7faffdf,2026-06-09,00:40,assists,3.5,163.0,,True,draftkings,2026-06-07T22:21:56.875814
Mikal Bridges,,,0707c5b20ff523e730c85090c7faffdf,2026-06-09,00:40,assists,4.5,366.0,,True,draftkings,2026-06-07T22:21:56.875815
Mikal Bridges,,,0707c5b20ff523e730c85090c7faffdf,2026-06-09,00:40,assists,5.5,800.0,,True,draftkings,2026-06-07T22:21:56.875817
Mikal Bridges,,,0707c5b20ff523e730c85090c7faffdf,2026-06-09,00:40,assists,6.5,1580.0,,True,draftkings,2026-06-07T22:21:56.875819
Mikal Bridges,,,0707c5b20ff523e730c85090c7faffdf,2026-06-09,00:40,assists,7.5,2700.0,,True,draftkings,2026-06-07T22:21:56.875820
Devin Vassell,,,0707c5b20ff523e730c85090c7faffdf,2026-06-09,00:40,assists,2.5,104.0,,True,draftkings,2026-06-07T22:21:56.875822
Devin Vassell,,,0707c5b20ff523e730c85090c7faffdf,2026-06-09,00:40,assists,3.5,265.0,,True,draftkings,2026-06-07T22:21:56.875826
Devin Vassell,,,0707c5b20ff523e730c85090c7faffdf,2026-06-09,00:40,assists,4.5,600.0,,True,draftkings,2026-06-07T22:21:56.875827
Devin Vassell,,,0707c5b20ff523e730c85090c7faffdf,2026-06-09,00:40,assists,5.5,1300.0,,True,draftkings,2026-06-07T22:21:56.875829
Devin Vassell,,,0707c5b20ff523e730c85090c7faffdf,2026-06-09,00:40,assists,6.5,2300.0,,True,draftkings,2026-06-07T22:21:56.875831
Jose Alvarado,,,0707c5b20ff523e730c85090c7faffdf,2026-06-09,00:40,assists,1.5,124.0,,True,draftkings,2026-06-07T22:21:56.875832
Jose Alvarado,,,0707c5b20ff523e730c85090c7faffdf,2026-06-09,00:40,assists,2.5,323.0,,True,draftkings,2026-06-07T22:21:56.875834
Jose Alvarado,,,0707c5b20ff523e730c85090c7faffdf,2026-06-09,00:40,assists,3.5,760.0,,True,draftkings,2026-06-07T22:21:56.875836
Jose Alvarado,,,0707c5b20ff523e730c85090c7faffdf,2026-06-09,00:40,assists,4.5,1540.0,,True,draftkings,2026-06-07T22:21:56.875838
Jose Alvarado,,,0707c5b20ff523e730c85090c7faffdf,2026-06-09,00:40,assists,5.5,2700.0,,True,draftkings,2026-06-07T22:21:56.875839
OG Anunoby,,,0707c5b20ff523e730c85090c7faffdf,2026-06-09,00:40,assists,1.5,-102.0,,True,draftkings,2026-06-07T22:21:56.875841
OG Anunoby,,,0707c5b20ff523e730c85090c7faffdf,2026-06-09,00:40,assists,2.5,304.0,,True,draftkings,2026-06-07T22:21:56.875843
OG Anunoby,,,0707c5b20ff523e730c85090c7faffdf,2026-06-09,00:40,assists,3.5,840.0,,True,draftkings,2026-06-07T22:21:56.875844
OG Anunoby,,,0707c5b20ff523e730c85090c7faffdf,2026-06-09,00:40,assists,4.5,1960.0,,True,draftkings,2026-06-07T22:21:56.875846
Julian Champagnie,,,0707c5b20ff523e730c85090c7faffdf,2026-06-09,00:40,assists,1.5,111.0,,True,draftkings,2026-06-07T22:21:56.875848
Julian Champagnie,,,0707c5b20ff523e730c85090c7faffdf,2026-06-09,00:40,assists,2.5,342.0,,True,draftkings,2026-06-07T22:21:56.875850
Julian Champagnie,,,0707c5b20ff523e730c85090c7faffdf,2026-06-09,00:40,assists,3.5,920.0,,True,draftkings,2026-06-07T22:21:56.875851
Julian Champagnie,,,0707c5b20ff523e730c85090c7faffdf,2026-06-09,00:40,assists,4.5,2100.0,,True,draftkings,2026-06-07T22:21:56.875853
Miles McBride,,,0707c5b20ff523e730c85090c7faffdf,2026-06-09,00:40,assists,1.5,138.0,,True,draftkings,2026-06-07T22:21:56.875855
Miles McBride,,,0707c5b20ff523e730c85090c7faffdf,2026-06-09,00:40,assists,2.5,421.0,,True,draftkings,2026-06-07T22:21:56.875857
Miles McBride,,,0707c5b20ff523e730c85090c7faffdf,2026-06-09,00:40,assists,3.5,1080.0,,True,draftkings,2026-06-07T22:21:56.875858
Miles McBride,,,0707c5b20ff523e730c85090c7faffdf,2026-06-09,00:40,assists,4.5,2200.0,,True,draftkings,2026-06-07T22:21:56.875860
Landry Shamet,,,0707c5b20ff523e730c85090c7faffdf,2026-06-09,00:40,assists,1.5,167.0,,True,draftkings,2026-06-07T22:21:56.875862
Landry Shamet,,,0707c5b20ff523e730c85090c7faffdf,2026-06-09,00:40,assists,2.5,539.0,,True,draftkings,2026-06-07T22:21:56.875864
Landry Shamet,,,0707c5b20ff523e730c85090c7faffdf,2026-06-09,00:40,assists,3.5,1480.0,,True,draftkings,2026-06-07T22:21:56.875865
Keldon Johnson,,,0707c5b20ff523e730c85090c7faffdf,2026-06-09,00:40,assists,0.5,-108.0,,True,draftkings,2026-06-07T22:21:56.875867
Keldon Johnson,,,0707c5b20ff523e730c85090c7faffdf,2026-06-09,00:40,assists,2.5,1520.0,,True,draftkings,2026-06-07T22:21:56.875869
Luke Kornet,,,0707c5b20ff523e730c85090c7faffdf,2026-06-09,00:40,assists,0.5,112.0,,True,draftkings,2026-06-07T22:21:56.875870
Luke Kornet,,,0707c5b20ff523e730c85090c7faffdf,2026-06-09,00:40,assists,2.5,1880.0,,True,draftkings,2026-06-07T22:21:56.875872
Mitchell Robinson,,,0707c5b20ff523e730c85090c7faffdf,2026-06-09,00:40,assists,0.5,132.0,,True,draftkings,2026-06-07T22:21:56.875874
Mitchell Robinson,,,0707c5b20ff523e730c85090c7faffdf,2026-06-09,00:40,assists,2.5,2100.0,,True,draftkings,2026-06-07T22:21:56.875876
Victor Wembanyama,,,0707c5b20ff523e730c85090c7faffdf,2026-06-09,00:40,points,26.5,-112.0,-114.0,False,draftkings,2026-06-07T22:21:56.875896
Jalen Brunson,,,0707c5b20ff523e730c85090c7faffdf,2026-06-09,00:40,points,26.5,-105.0,-121.0,False,draftkings,2026-06-07T22:21:56.875898
Karl-Anthony Towns,,,0707c5b20ff523e730c85090c7faffdf,2026-06-09,00:40,points,18.5,-102.0,-125.0,False,draftkings,2026-06-07T22:21:56.875900
Stephon Castle,,,0707c5b20ff523e730c85090c7faffdf,2026-06-09,00:40,points,16.5,-102.0,-125.0,False,draftkings,2026-06-07T22:21:56.875901
OG Anunoby,,,0707c5b20ff523e730c85090c7faffdf,2026-06-09,00:40,points,15.5,-104.0,-122.0,False,draftkings,2026-06-07T22:21:56.875903
De'Aaron Fox,,,0707c5b20ff523e730c85090c7faffdf,2026-06-09,00:40,points,14.5,-113.0,-113.0,False,draftkings,2026-06-07T22:21:56.875905
Dylan Harper,,,0707c5b20ff523e730c85090c7faffdf,2026-06-09,00:40,points,13.5,-117.0,-109.0,False,draftkings,2026-06-07T22:21:56.875907
Mikal Bridges,,,0707c5b20ff523e730c85090c7faffdf,2026-06-09,00:40,points,12.5,-129.0,102.0,False,draftkings,2026-06-07T22:21:56.875908
Devin Vassell,,,0707c5b20ff523e730c85090c7faffdf,2026-06-09,00:40,points,12.5,-111.0,-115.0,False,draftkings,2026-06-07T22:21:56.875910
Julian Champagnie,,,0707c5b20ff523e730c85090c7faffdf,2026-06-09,00:40,points,10.5,-101.0,-126.0,False,draftkings,2026-06-07T22:21:56.875912
Josh Hart,,,0707c5b20ff523e730c85090c7faffdf,2026-06-09,00:40,points,9.5,101.0,-129.0,False,draftkings,2026-06-07T22:21:56.875913
Landry Shamet,,,0707c5b20ff523e730c85090c7faffdf,2026-06-09,00:40,points,8.5,-107.0,-119.0,False,draftkings,2026-06-07T22:21:56.875915
Miles McBride,,,0707c5b20ff523e730c85090c7faffdf,2026-06-09,00:40,points,5.5,-126.0,-102.0,False,draftkings,2026-06-07T22:21:56.875917
Keldon Johnson,,,0707c5b20ff523e730c85090c7faffdf,2026-06-09,00:40,points,5.5,-102.0,-125.0,False,draftkings,2026-06-07T22:21:56.875920
Mitchell Robinson,,,0707c5b20ff523e730c85090c7faffdf,2026-06-09,00:40,points,3.5,-141.0,110.0,False,draftkings,2026-06-07T22:21:56.875922
Jose Alvarado,,,0707c5b20ff523e730c85090c7faffdf,2026-06-09,00:40,points,2.5,-131.0,103.0,False,draftkings,2026-06-07T22:21:56.875923
Luke Kornet,,,0707c5b20ff523e730c85090c7faffdf,2026-06-09,00:40,points,2.5,148.0,-190.0,False,draftkings,2026-06-07T22:21:56.875927
Victor Wembanyama,,,0707c5b20ff523e730c85090c7faffdf,2026-06-09,00:40,points,14.5,-2300.0,,True,draftkings,2026-06-07T22:21:56.875989
Victor Wembanyama,,,0707c5b20ff523e730c85090c7faffdf,2026-06-09,00:40,points,17.5,-850.0,,True,draftkings,2026-06-07T22:21:56.875991
Victor Wembanyama,,,0707c5b20ff523e730c85090c7faffdf,2026-06-09,00:40,points,19.5,-502.0,,True,draftkings,2026-06-07T22:21:56.875992
Victor Wembanyama,,,0707c5b20ff523e730c85090c7faffdf,2026-06-09,00:40,points,24.5,-168.0,,True,draftkings,2026-06-07T22:21:56.875994
Victor Wembanyama,,,0707c5b20ff523e730c85090c7faffdf,2026-06-09,00:40,points,26.5,-116.0,,True,draftkings,2026-06-07T22:21:56.875996
Victor Wembanyama,,,0707c5b20ff523e730c85090c7faffdf,2026-06-09,00:40,points,29.5,151.0,,True,draftkings,2026-06-07T22:21:56.875997
Victor Wembanyama,,,0707c5b20ff523e730c85090c7faffdf,2026-06-09,00:40,points,34.5,376.0,,True,draftkings,2026-06-07T22:21:56.875999
Victor Wembanyama,,,0707c5b20ff523e730c85090c7faffdf,2026-06-09,00:40,points,39.5,940.0,,True,draftkings,2026-06-07T22:21:56.876001
Victor Wembanyama,,,0707c5b20ff523e730c85090c7faffdf,2026-06-09,00:40,points,44.5,1960.0,,True,draftkings,2026-06-07T22:21:56.876003
Jalen Brunson,,,0707c5b20ff523e730c85090c7faffdf,2026-06-09,00:40,points,14.5,-3000.0,,True,draftkings,2026-06-07T22:21:56.876004
Jalen Brunson,,,0707c5b20ff523e730c85090c7faffdf,2026-06-09,00:40,points,17.5,-910.0,,True,draftkings,2026-06-07T22:21:56.876006
Jalen Brunson,,,0707c5b20ff523e730c85090c7faffdf,2026-06-09,00:40,points,19.5,-512.0,,True,draftkings,2026-06-07T22:21:56.876008
Jalen Brunson,,,0707c5b20ff523e730c85090c7faffdf,2026-06-09,00:40,points,24.5,-158.0,,True,draftkings,2026-06-07T22:21:56.876011
Jalen Brunson,,,0707c5b20ff523e730c85090c7faffdf,2026-06-09,00:40,points,26.5,-105.0,,True,draftkings,2026-06-07T22:21:56.876013
Jalen Brunson,,,0707c5b20ff523e730c85090c7faffdf,2026-06-09,00:40,points,29.5,177.0,,True,draftkings,2026-06-07T22:21:56.876014
Jalen Brunson,,,0707c5b20ff523e730c85090c7faffdf,2026-06-09,00:40,points,34.5,470.0,,True,draftkings,2026-06-07T22:21:56.876016
Jalen Brunson,,,0707c5b20ff523e730c85090c7faffdf,2026-06-09,00:40,points,39.5,1220.0,,True,draftkings,2026-06-07T22:21:56.876018
Jalen Brunson,,,0707c5b20ff523e730c85090c7faffdf,2026-06-09,00:40,points,44.5,2600.0,,True,draftkings,2026-06-07T22:21:56.876020
Karl-Anthony Towns,,,0707c5b20ff523e730c85090c7faffdf,2026-06-09,00:40,points,9.5,-2100.0,,True,draftkings,2026-06-07T22:21:56.876021
Karl-Anthony Towns,,,0707c5b20ff523e730c85090c7faffdf,2026-06-09,00:40,points,11.5,-830.0,,True,draftkings,2026-06-07T22:21:56.876023
Karl-Anthony Towns,,,0707c5b20ff523e730c85090c7faffdf,2026-06-09,00:40,points,14.5,-305.0,,True,draftkings,2026-06-07T22:21:56.876025
Karl-Anthony Towns,,,0707c5b20ff523e730c85090c7faffdf,2026-06-09,00:40,points,17.5,-134.0,,True,draftkings,2026-06-07T22:21:56.876026
Karl-Anthony Towns,,,0707c5b20ff523e730c85090c7faffdf,2026-06-09,00:40,points,18.5,-103.0,,True,draftkings,2026-06-07T22:21:56.876028
Karl-Anthony Towns,,,0707c5b20ff523e730c85090c7faffdf,2026-06-09,00:40,points,19.5,124.0,,True,draftkings,2026-06-07T22:21:56.876030
Karl-Anthony Towns,,,0707c5b20ff523e730c85090c7faffdf,2026-06-09,00:40,points,24.5,408.0,,True,draftkings,2026-06-07T22:21:56.876032
Karl-Anthony Towns,,,0707c5b20ff523e730c85090c7faffdf,2026-06-09,00:40,points,29.5,1260.0,,True,draftkings,2026-06-07T22:21:56.876033
Stephon Castle,,,0707c5b20ff523e730c85090c7faffdf,2026-06-09,00:40,points,7.5,-2200.0,,True,draftkings,2026-06-07T22:21:56.876035
Stephon Castle,,,0707c5b20ff523e730c85090c7faffdf,2026-06-09,00:40,points,9.5,-820.0,,True,draftkings,2026-06-07T22:21:56.876037
Stephon Castle,,,0707c5b20ff523e730c85090c7faffdf,2026-06-09,00:40,points,11.5,-408.0,,True,draftkings,2026-06-07T22:21:56.876039
Stephon Castle,,,0707c5b20ff523e730c85090c7faffdf,2026-06-09,00:40,points,14.5,-169.0,,True,draftkings,2026-06-07T22:21:56.876040
Stephon Castle,,,0707c5b20ff523e730c85090c7faffdf,2026-06-09,00:40,points,16.5,-102.0,,True,draftkings,2026-06-07T22:21:56.876042
Stephon Castle,,,0707c5b20ff523e730c85090c7faffdf,2026-06-09,00:40,points,17.5,125.0,,True,draftkings,2026-06-07T22:21:56.876044
Stephon Castle,,,0707c5b20ff523e730c85090c7faffdf,2026-06-09,00:40,points,19.5,201.0,,True,draftkings,2026-06-07T22:21:56.876046
Stephon Castle,,,0707c5b20ff523e730c85090c7faffdf,2026-06-09,00:40,points,24.5,620.0,,True,draftkings,2026-06-07T22:21:56.876049
Stephon Castle,,,0707c5b20ff523e730c85090c7faffdf,2026-06-09,00:40,points,29.5,1820.0,,True,draftkings,2026-06-07T22:21:56.876050
OG Anunoby,,,0707c5b20ff523e730c85090c7faffdf,2026-06-09,00:40,points,7.5,-1500.0,,True,draftkings,2026-06-07T22:21:56.876052
OG Anunoby,,,0707c5b20ff523e730c85090c7faffdf,2026-06-09,00:40,points,9.5,-600.0,,True,draftkings,2026-06-07T22:21:56.876054
OG Anunoby,,,0707c5b20ff523e730c85090c7faffdf,2026-06-09,00:40,points,11.5,-310.0,,True,draftkings,2026-06-07T22:21:56.876055
OG Anunoby,,,0707c5b20ff523e730c85090c7faffdf,2026-06-09,00:40,points,14.5,-134.0,,True,draftkings,2026-06-07T22:21:56.876057
OG Anunoby,,,0707c5b20ff523e730c85090c7faffdf,2026-06-09,00:40,points,15.5,-105.0,,True,draftkings,2026-06-07T22:21:56.876059
OG Anunoby,,,0707c5b20ff523e730c85090c7faffdf,2026-06-09,00:40,points,17.5,154.0,,True,draftkings,2026-06-07T22:21:56.876061
OG Anunoby,,,0707c5b20ff523e730c85090c7faffdf,2026-06-09,00:40,points,19.5,247.0,,True,draftkings,2026-06-07T22:21:56.876062
OG Anunoby,,,0707c5b20ff523e730c85090c7faffdf,2026-06-09,00:40,points,24.5,780.0,,True,draftkings,2026-06-07T22:21:56.876064
OG Anunoby,,,0707c5b20ff523e730c85090c7faffdf,2026-06-09,00:40,points,29.5,2100.0,,True,draftkings,2026-06-07T22:21:56.876066
De'Aaron Fox,,,0707c5b20ff523e730c85090c7faffdf,2026-06-09,00:40,points,7.5,-1220.0,,True,draftkings,2026-06-07T22:21:56.876071
De'Aaron Fox,,,0707c5b20ff523e730c85090c7faffdf,2026-06-09,00:40,points,9.5,-514.0,,True,draftkings,2026-06-07T22:21:56.876073
De'Aaron Fox,,,0707c5b20ff523e730c85090c7faffdf,2026-06-09,00:40,points,11.5,-264.0,,True,draftkings,2026-06-07T22:21:56.876075
De'Aaron Fox,,,0707c5b20ff523e730c85090c7faffdf,2026-06-09,00:40,points,14.5,-115.0,,True,draftkings,2026-06-07T22:21:56.876076
De'Aaron Fox,,,0707c5b20ff523e730c85090c7faffdf,2026-06-09,00:40,points,17.5,185.0,,True,draftkings,2026-06-07T22:21:56.876079
De'Aaron Fox,,,0707c5b20ff523e730c85090c7faffdf,2026-06-09,00:40,points,19.5,300.0,,True,draftkings,2026-06-07T22:21:56.876081
De'Aaron Fox,,,0707c5b20ff523e730c85090c7faffdf,2026-06-09,00:40,points,24.5,980.0,,True,draftkings,2026-06-07T22:21:56.876083
De'Aaron Fox,,,0707c5b20ff523e730c85090c7faffdf,2026-06-09,00:40,points,29.5,2500.0,,True,draftkings,2026-06-07T22:21:56.876085
Dylan Harper,,,0707c5b20ff523e730c85090c7faffdf,2026-06-09,00:40,points,5.5,-2800.0,,True,draftkings,2026-06-07T22:21:56.876086
Dylan Harper,,,0707c5b20ff523e730c85090c7faffdf,2026-06-09,00:40,points,7.5,-860.0,,True,draftkings,2026-06-07T22:21:56.876088
Dylan Harper,,,0707c5b20ff523e730c85090c7faffdf,2026-06-09,00:40,points,9.5,-386.0,,True,draftkings,2026-06-07T22:21:56.876090
Dylan Harper,,,0707c5b20ff523e730c85090c7faffdf,2026-06-09,00:40,points,11.5,-203.0,,True,draftkings,2026-06-07T22:21:56.876092
Dylan Harper,,,0707c5b20ff523e730c85090c7faffdf,2026-06-09,00:40,points,13.5,-117.0,,True,draftkings,2026-06-07T22:21:56.876094
Dylan Harper,,,0707c5b20ff523e730c85090c7faffdf,2026-06-09,00:40,points,14.5,110.0,,True,draftkings,2026-06-07T22:21:56.876095
Dylan Harper,,,0707c5b20ff523e730c85090c7faffdf,2026-06-09,00:40,points,17.5,230.0,,True,draftkings,2026-06-07T22:21:56.876097
Dylan Harper,,,0707c5b20ff523e730c85090c7faffdf,2026-06-09,00:40,points,19.5,360.0,,True,draftkings,2026-06-07T22:21:56.876099
Dylan Harper,,,0707c5b20ff523e730c85090c7faffdf,2026-06-09,00:40,points,24.5,1080.0,,True,draftkings,2026-06-07T22:21:56.876101
Dylan Harper,,,0707c5b20ff523e730c85090c7faffdf,2026-06-09,00:40,points,29.5,2600.0,,True,draftkings,2026-06-07T22:21:56.876102
Devin Vassell,,,0707c5b20ff523e730c85090c7faffdf,2026-06-09,00:40,points,5.5,-1160.0,,True,draftkings,2026-06-07T22:21:56.876104
Devin Vassell,,,0707c5b20ff523e730c85090c7faffdf,2026-06-09,00:40,points,7.5,-497.0,,True,draftkings,2026-06-07T22:21:56.876106
Devin Vassell,,,0707c5b20ff523e730c85090c7faffdf,2026-06-09,00:40,points,9.5,-255.0,,True,draftkings,2026-06-07T22:21:56.876108
Devin Vassell,,,0707c5b20ff523e730c85090c7faffdf,2026-06-09,00:40,points,11.5,-142.0,,True,draftkings,2026-06-07T22:21:56.876109
Devin Vassell,,,0707c5b20ff523e730c85090c7faffdf,2026-06-09,00:40,points,12.5,-111.0,,True,draftkings,2026-06-07T22:21:56.876111
Devin Vassell,,,0707c5b20ff523e730c85090c7faffdf,2026-06-09,00:40,points,14.5,151.0,,True,draftkings,2026-06-07T22:21:56.876113
Devin Vassell,,,0707c5b20ff523e730c85090c7faffdf,2026-06-09,00:40,points,17.5,307.0,,True,draftkings,2026-06-07T22:21:56.876114
Devin Vassell,,,0707c5b20ff523e730c85090c7faffdf,2026-06-09,00:40,points,19.5,479.0,,True,draftkings,2026-06-07T22:21:56.876116
Devin Vassell,,,0707c5b20ff523e730c85090c7faffdf,2026-06-09,00:40,points,24.5,1440.0,,True,draftkings,2026-06-07T22:21:56.876118
Mikal Bridges,,,0707c5b20ff523e730c85090c7faffdf,2026-06-09,00:40,points,5.5,-2000.0,,True,draftkings,2026-06-07T22:21:56.876120
Mikal Bridges,,,0707c5b20ff523e730c85090c7faffdf,2026-06-09,00:40,points,7.5,-690.0,,True,draftkings,2026-06-07T22:21:56.876121
Mikal Bridges,,,0707c5b20ff523e730c85090c7faffdf,2026-06-09,00:40,points,9.5,-315.0,,True,draftkings,2026-06-07T22:21:56.876123
Mikal Bridges,,,0707c5b20ff523e730c85090c7faffdf,2026-06-09,00:40,points,11.5,-172.0,,True,draftkings,2026-06-07T22:21:56.876125
Mikal Bridges,,,0707c5b20ff523e730c85090c7faffdf,2026-06-09,00:40,points,12.5,-130.0,,True,draftkings,2026-06-07T22:21:56.876128
Mikal Bridges,,,0707c5b20ff523e730c85090c7faffdf,2026-06-09,00:40,points,14.5,132.0,,True,draftkings,2026-06-07T22:21:56.876129
Mikal Bridges,,,0707c5b20ff523e730c85090c7faffdf,2026-06-09,00:40,points,17.5,289.0,,True,draftkings,2026-06-07T22:21:56.876131
Mikal Bridges,,,0707c5b20ff523e730c85090c7faffdf,2026-06-09,00:40,points,19.5,471.0,,True,draftkings,2026-06-07T22:21:56.876133
Mikal Bridges,,,0707c5b20ff523e730c85090c7faffdf,2026-06-09,00:40,points,24.5,1540.0,,True,draftkings,2026-06-07T22:21:56.876135
Julian Champagnie,,,0707c5b20ff523e730c85090c7faffdf,2026-06-09,00:40,points,5.5,-554.0,,True,draftkings,2026-06-07T22:21:56.876136
Julian Champagnie,,,0707c5b20ff523e730c85090c7faffdf,2026-06-09,00:40,points,7.5,-259.0,,True,draftkings,2026-06-07T22:21:56.876138
Julian Champagnie,,,0707c5b20ff523e730c85090c7faffdf,2026-06-09,00:40,points,9.5,-131.0,,True,draftkings,2026-06-07T22:21:56.876140
Julian Champagnie,,,0707c5b20ff523e730c85090c7faffdf,2026-06-09,00:40,points,10.5,-101.0,,True,draftkings,2026-06-07T22:21:56.876142
Julian Champagnie,,,0707c5b20ff523e730c85090c7faffdf,2026-06-09,00:40,points,11.5,134.0,,True,draftkings,2026-06-07T22:21:56.876143
Julian Champagnie,,,0707c5b20ff523e730c85090c7faffdf,2026-06-09,00:40,points,14.5,289.0,,True,draftkings,2026-06-07T22:21:56.876145
Julian Champagnie,,,0707c5b20ff523e730c85090c7faffdf,2026-06-09,00:40,points,17.5,610.0,,True,draftkings,2026-06-07T22:21:56.876147
Julian Champagnie,,,0707c5b20ff523e730c85090c7faffdf,2026-06-09,00:40,points,19.5,970.0,,True,draftkings,2026-06-07T22:21:56.876148
Julian Champagnie,,,0707c5b20ff523e730c85090c7faffdf,2026-06-09,00:40,points,24.5,2600.0,,True,draftkings,2026-06-07T22:21:56.876150
Josh Hart,,,0707c5b20ff523e730c85090c7faffdf,2026-06-09,00:40,points,5.5,-415.0,,True,draftkings,2026-06-07T22:21:56.876152
Josh Hart,,,0707c5b20ff523e730c85090c7faffdf,2026-06-09,00:40,points,7.5,-194.0,,True,draftkings,2026-06-07T22:21:56.876154
Josh Hart,,,0707c5b20ff523e730c85090c7faffdf,2026-06-09,00:40,points,9.5,-102.0,,True,draftkings,2026-06-07T22:21:56.876155
Josh Hart,,,0707c5b20ff523e730c85090c7faffdf,2026-06-09,00:40,points,11.5,180.0,,True,draftkings,2026-06-07T22:21:56.876157
Josh Hart,,,0707c5b20ff523e730c85090c7faffdf,2026-06-09,00:40,points,14.5,408.0,,True,draftkings,2026-06-07T22:21:56.876159
Josh Hart,,,0707c5b20ff523e730c85090c7faffdf,2026-06-09,00:40,points,17.5,920.0,,True,draftkings,2026-06-07T22:21:56.876160
Josh Hart,,,0707c5b20ff523e730c85090c7faffdf,2026-06-09,00:40,points,19.5,1480.0,,True,draftkings,2026-06-07T22:21:56.876162
Landry Shamet,,,0707c5b20ff523e730c85090c7faffdf,2026-06-09,00:40,points,5.5,-309.0,,True,draftkings,2026-06-07T22:21:56.876165
Landry Shamet,,,0707c5b20ff523e730c85090c7faffdf,2026-06-09,00:40,points,7.5,-153.0,,True,draftkings,2026-06-07T22:21:56.876167
Landry Shamet,,,0707c5b20ff523e730c85090c7faffdf,2026-06-09,00:40,points,8.5,-106.0,,True,draftkings,2026-06-07T22:21:56.876170
Landry Shamet,,,0707c5b20ff523e730c85090c7faffdf,2026-06-09,00:40,points,9.5,128.0,,True,draftkings,2026-06-07T22:21:56.876171
Landry Shamet,,,0707c5b20ff523e730c85090c7faffdf,2026-06-09,00:40,points,11.5,225.0,,True,draftkings,2026-06-07T22:21:56.876173
Landry Shamet,,,0707c5b20ff523e730c85090c7faffdf,2026-06-09,00:40,points,14.5,508.0,,True,draftkings,2026-06-07T22:21:56.876175
Landry Shamet,,,0707c5b20ff523e730c85090c7faffdf,2026-06-09,00:40,points,17.5,1100.0,,True,draftkings,2026-06-07T22:21:56.876177
Landry Shamet,,,0707c5b20ff523e730c85090c7faffdf,2026-06-09,00:40,points,19.5,1720.0,,True,draftkings,2026-06-07T22:21:56.876178
Miles McBride,,,0707c5b20ff523e730c85090c7faffdf,2026-06-09,00:40,points,5.5,-123.0,,True,draftkings,2026-06-07T22:21:56.876180
Miles McBride,,,0707c5b20ff523e730c85090c7faffdf,2026-06-09,00:40,points,7.5,156.0,,True,draftkings,2026-06-07T22:21:56.876182
Miles McBride,,,0707c5b20ff523e730c85090c7faffdf,2026-06-09,00:40,points,9.5,309.0,,True,draftkings,2026-06-07T22:21:56.876183
Miles McBride,,,0707c5b20ff523e730c85090c7faffdf,2026-06-09,00:40,points,11.5,531.0,,True,draftkings,2026-06-07T22:21:56.876186
Miles McBride,,,0707c5b20ff523e730c85090c7faffdf,2026-06-09,00:40,points,14.5,1180.0,,True,draftkings,2026-06-07T22:21:56.876188
Miles McBride,,,0707c5b20ff523e730c85090c7faffdf,2026-06-09,00:40,points,17.5,2300.0,,True,draftkings,2026-06-07T22:21:56.876190
Keldon Johnson,,,0707c5b20ff523e730c85090c7faffdf,2026-06-09,00:40,points,5.5,-104.0,,True,draftkings,2026-06-07T22:21:56.876192
Keldon Johnson,,,0707c5b20ff523e730c85090c7faffdf,2026-06-09,00:40,points,7.5,197.0,,True,draftkings,2026-06-07T22:21:56.876193
Keldon Johnson,,,0707c5b20ff523e730c85090c7faffdf,2026-06-09,00:40,points,9.5,370.0,,True,draftkings,2026-06-07T22:21:56.876195
Keldon Johnson,,,0707c5b20ff523e730c85090c7faffdf,2026-06-09,00:40,points,11.5,660.0,,True,draftkings,2026-06-07T22:21:56.876197
Keldon Johnson,,,0707c5b20ff523e730c85090c7faffdf,2026-06-09,00:40,points,14.5,1540.0,,True,draftkings,2026-06-07T22:21:56.876198
Keldon Johnson,,,0707c5b20ff523e730c85090c7faffdf,2026-06-09,00:40,points,17.5,2800.0,,True,draftkings,2026-06-07T22:21:56.876200
Mitchell Robinson,,,0707c5b20ff523e730c85090c7faffdf,2026-06-09,00:40,points,3.5,-141.0,,True,draftkings,2026-06-07T22:21:56.876202
Mitchell Robinson,,,0707c5b20ff523e730c85090c7faffdf,2026-06-09,00:40,points,5.5,180.0,,True,draftkings,2026-06-07T22:21:56.876204
Mitchell Robinson,,,0707c5b20ff523e730c85090c7faffdf,2026-06-09,00:40,points,7.5,385.0,,True,draftkings,2026-06-07T22:21:56.876205
Mitchell Robinson,,,0707c5b20ff523e730c85090c7faffdf,2026-06-09,00:40,points,9.5,780.0,,True,draftkings,2026-06-07T22:21:56.876207
Mitchell Robinson,,,0707c5b20ff523e730c85090c7faffdf,2026-06-09,00:40,points,11.5,1460.0,,True,draftkings,2026-06-07T22:21:56.876209
Mitchell Robinson,,,0707c5b20ff523e730c85090c7faffdf,2026-06-09,00:40,points,14.5,2900.0,,True,draftkings,2026-06-07T22:21:56.876210
Jose Alvarado,,,0707c5b20ff523e730c85090c7faffdf,2026-06-09,00:40,points,2.5,-133.0,,True,draftkings,2026-06-07T22:21:56.876212
Jose Alvarado,,,0707c5b20ff523e730c85090c7faffdf,2026-06-09,00:40,points,5.5,273.0,,True,draftkings,2026-06-07T22:21:56.876214
Jose Alvarado,,,0707c5b20ff523e730c85090c7faffdf,2026-06-09,00:40,points,7.5,537.0,,True,draftkings,2026-06-07T22:21:56.876216
Jose Alvarado,,,0707c5b20ff523e730c85090c7faffdf,2026-06-09,00:40,points,9.5,1040.0,,True,draftkings,2026-06-07T22:21:56.876217
Jose Alvarado,,,0707c5b20ff523e730c85090c7faffdf,2026-06-09,00:40,points,11.5,1800.0,,True,draftkings,2026-06-07T22:21:56.876219
Luke Kornet,,,0707c5b20ff523e730c85090c7faffdf,2026-06-09,00:40,points,2.5,146.0,,True,draftkings,2026-06-07T22:21:56.876221
Luke Kornet,,,0707c5b20ff523e730c85090c7faffdf,2026-06-09,00:40,points,5.5,524.0,,True,draftkings,2026-06-07T22:21:56.876223
Luke Kornet,,,0707c5b20ff523e730c85090c7faffdf,2026-06-09,00:40,points,7.5,1280.0,,True,draftkings,2026-06-07T22:21:56.876224
Luke Kornet,,,0707c5b20ff523e730c85090c7faffdf,2026-06-09,00:40,points,9.5,2600.0,,True,draftkings,2026-06-07T22:21:56.876226
Victor Wembanyama,,,0707c5b20ff523e730c85090c7faffdf,2026-06-09,00:40,rebounds,11.5,-121.0,-109.0,False,draftkings,2026-06-07T22:21:56.876247
Karl-Anthony Towns,,,0707c5b20ff523e730c85090c7faffdf,2026-06-09,00:40,rebounds,11.5,102.0,-134.0,False,draftkings,2026-06-07T22:21:56.876249
Josh Hart,,,0707c5b20ff523e730c85090c7faffdf,2026-06-09,00:40,rebounds,8.5,110.0,-145.0,False,draftkings,2026-06-07T22:21:56.876251
Julian Champagnie,,,0707c5b20ff523e730c85090c7faffdf,2026-06-09,00:40,rebounds,5.5,-121.0,-109.0,False,draftkings,2026-06-07T22:21:56.876252
Dylan Harper,,,0707c5b20ff523e730c85090c7faffdf,2026-06-09,00:40,rebounds,5.5,-103.0,-128.0,False,draftkings,2026-06-07T22:21:56.876254
Mitchell Robinson,,,0707c5b20ff523e730c85090c7faffdf,2026-06-09,00:40,rebounds,5.5,113.0,-149.0,False,draftkings,2026-06-07T22:21:56.876256
OG Anunoby,,,0707c5b20ff523e730c85090c7faffdf,2026-06-09,00:40,rebounds,5.5,121.0,-160.0,False,draftkings,2026-06-07T22:21:56.876258
Stephon Castle,,,0707c5b20ff523e730c85090c7faffdf,2026-06-09,00:40,rebounds,4.5,-160.0,121.0,False,draftkings,2026-06-07T22:21:56.876259
Devin Vassell,,,0707c5b20ff523e730c85090c7faffdf,2026-06-09,00:40,rebounds,4.5,-131.0,-101.0,False,draftkings,2026-06-07T22:21:56.876261
Mikal Bridges,,,0707c5b20ff523e730c85090c7faffdf,2026-06-09,00:40,rebounds,3.5,-102.0,-129.0,False,draftkings,2026-06-07T22:21:56.876263
De'Aaron Fox,,,0707c5b20ff523e730c85090c7faffdf,2026-06-09,00:40,rebounds,3.5,102.0,-135.0,False,draftkings,2026-06-07T22:21:56.876264
Jalen Brunson,,,0707c5b20ff523e730c85090c7faffdf,2026-06-09,00:40,rebounds,3.5,130.0,-172.0,False,draftkings,2026-06-07T22:21:56.876266
Keldon Johnson,,,0707c5b20ff523e730c85090c7faffdf,2026-06-09,00:40,rebounds,2.5,101.0,-132.0,False,draftkings,2026-06-07T22:21:56.876268
Luke Kornet,,,0707c5b20ff523e730c85090c7faffdf,2026-06-09,00:40,rebounds,2.5,111.0,-147.0,False,draftkings,2026-06-07T22:21:56.876270
Landry Shamet,,,0707c5b20ff523e730c85090c7faffdf,2026-06-09,00:40,rebounds,1.5,-115.0,-115.0,False,draftkings,2026-06-07T22:21:56.876271
Miles McBride,,,0707c5b20ff523e730c85090c7faffdf,2026-06-09,00:40,rebounds,1.5,123.0,-163.0,False,draftkings,2026-06-07T22:21:56.876273
Jose Alvarado,,,0707c5b20ff523e730c85090c7faffdf,2026-06-09,00:40,rebounds,1.5,161.0,-215.0,False,draftkings,2026-06-07T22:21:56.876275
Victor Wembanyama,,,0707c5b20ff523e730c85090c7faffdf,2026-06-09,00:40,rebounds,6.5,-2100.0,,True,draftkings,2026-06-07T22:21:56.876348
Victor Wembanyama,,,0707c5b20ff523e730c85090c7faffdf,2026-06-09,00:40,rebounds,7.5,-960.0,,True,draftkings,2026-06-07T22:21:56.876351
Victor Wembanyama,,,0707c5b20ff523e730c85090c7faffdf,2026-06-09,00:40,rebounds,8.5,-508.0,,True,draftkings,2026-06-07T22:21:56.876353
Victor Wembanyama,,,0707c5b20ff523e730c85090c7faffdf,2026-06-09,00:40,rebounds,9.5,-302.0,,True,draftkings,2026-06-07T22:21:56.876355
Victor Wembanyama,,,0707c5b20ff523e730c85090c7faffdf,2026-06-09,00:40,rebounds,10.5,-191.0,,True,draftkings,2026-06-07T22:21:56.876357
Victor Wembanyama,,,0707c5b20ff523e730c85090c7faffdf,2026-06-09,00:40,rebounds,11.5,-122.0,,True,draftkings,2026-06-07T22:21:56.876358
Victor Wembanyama,,,0707c5b20ff523e730c85090c7faffdf,2026-06-09,00:40,rebounds,12.5,125.0,,True,draftkings,2026-06-07T22:21:56.876360
Victor Wembanyama,,,0707c5b20ff523e730c85090c7faffdf,2026-06-09,00:40,rebounds,13.5,184.0,,True,draftkings,2026-06-07T22:21:56.876362
Victor Wembanyama,,,0707c5b20ff523e730c85090c7faffdf,2026-06-09,00:40,rebounds,14.5,276.0,,True,draftkings,2026-06-07T22:21:56.876364
Victor Wembanyama,,,0707c5b20ff523e730c85090c7faffdf,2026-06-09,00:40,rebounds,15.5,415.0,,True,draftkings,2026-06-07T22:21:56.876367
Victor Wembanyama,,,0707c5b20ff523e730c85090c7faffdf,2026-06-09,00:40,rebounds,16.5,620.0,,True,draftkings,2026-06-07T22:21:56.876369
Victor Wembanyama,,,0707c5b20ff523e730c85090c7faffdf,2026-06-09,00:40,rebounds,17.5,920.0,,True,draftkings,2026-06-07T22:21:56.876370
Victor Wembanyama,,,0707c5b20ff523e730c85090c7faffdf,2026-06-09,00:40,rebounds,18.5,1320.0,,True,draftkings,2026-06-07T22:21:56.876372
Victor Wembanyama,,,0707c5b20ff523e730c85090c7faffdf,2026-06-09,00:40,rebounds,19.5,1820.0,,True,draftkings,2026-06-07T22:21:56.876374
Karl-Anthony Towns,,,0707c5b20ff523e730c85090c7faffdf,2026-06-09,00:40,rebounds,6.5,-1620.0,,True,draftkings,2026-06-07T22:21:56.876376
Karl-Anthony Towns,,,0707c5b20ff523e730c85090c7faffdf,2026-06-09,00:40,rebounds,7.5,-750.0,,True,draftkings,2026-06-07T22:21:56.876377
Karl-Anthony Towns,,,0707c5b20ff523e730c85090c7faffdf,2026-06-09,00:40,rebounds,8.5,-403.0,,True,draftkings,2026-06-07T22:21:56.876379
Karl-Anthony Towns,,,0707c5b20ff523e730c85090c7faffdf,2026-06-09,00:40,rebounds,9.5,-241.0,,True,draftkings,2026-06-07T22:21:56.876381
Karl-Anthony Towns,,,0707c5b20ff523e730c85090c7faffdf,2026-06-09,00:40,rebounds,10.5,-150.0,,True,draftkings,2026-06-07T22:21:56.876382
Karl-Anthony Towns,,,0707c5b20ff523e730c85090c7faffdf,2026-06-09,00:40,rebounds,11.5,103.0,,True,draftkings,2026-06-07T22:21:56.876384
Karl-Anthony Towns,,,0707c5b20ff523e730c85090c7faffdf,2026-06-09,00:40,rebounds,12.5,157.0,,True,draftkings,2026-06-07T22:21:56.876386
Karl-Anthony Towns,,,0707c5b20ff523e730c85090c7faffdf,2026-06-09,00:40,rebounds,13.5,240.0,,True,draftkings,2026-06-07T22:21:56.876388
Karl-Anthony Towns,,,0707c5b20ff523e730c85090c7faffdf,2026-06-09,00:40,rebounds,14.5,367.0,,True,draftkings,2026-06-07T22:21:56.876389
Karl-Anthony Towns,,,0707c5b20ff523e730c85090c7faffdf,2026-06-09,00:40,rebounds,15.5,544.0,,True,draftkings,2026-06-07T22:21:56.876391
Karl-Anthony Towns,,,0707c5b20ff523e730c85090c7faffdf,2026-06-09,00:40,rebounds,16.5,820.0,,True,draftkings,2026-06-07T22:21:56.876393
Karl-Anthony Towns,,,0707c5b20ff523e730c85090c7faffdf,2026-06-09,00:40,rebounds,17.5,1200.0,,True,draftkings,2026-06-07T22:21:56.876394
Karl-Anthony Towns,,,0707c5b20ff523e730c85090c7faffdf,2026-06-09,00:40,rebounds,18.5,1680.0,,True,draftkings,2026-06-07T22:21:56.876396
Karl-Anthony Towns,,,0707c5b20ff523e730c85090c7faffdf,2026-06-09,00:40,rebounds,19.5,2300.0,,True,draftkings,2026-06-07T22:21:56.876398
Josh Hart,,,0707c5b20ff523e730c85090c7faffdf,2026-06-09,00:40,rebounds,3.5,-4200.0,,True,draftkings,2026-06-07T22:21:56.876400
Josh Hart,,,0707c5b20ff523e730c85090c7faffdf,2026-06-09,00:40,rebounds,4.5,-1160.0,,True,draftkings,2026-06-07T22:21:56.876401
Josh Hart,,,0707c5b20ff523e730c85090c7faffdf,2026-06-09,00:40,rebounds,5.5,-518.0,,True,draftkings,2026-06-07T22:21:56.876403
Josh Hart,,,0707c5b20ff523e730c85090c7faffdf,2026-06-09,00:40,rebounds,6.5,-269.0,,True,draftkings,2026-06-07T22:21:56.876405
Josh Hart,,,0707c5b20ff523e730c85090c7faffdf,2026-06-09,00:40,rebounds,7.5,-152.0,,True,draftkings,2026-06-07T22:21:56.876406
Josh Hart,,,0707c5b20ff523e730c85090c7faffdf,2026-06-09,00:40,rebounds,8.5,111.0,,True,draftkings,2026-06-07T22:21:56.876408
Josh Hart,,,0707c5b20ff523e730c85090c7faffdf,2026-06-09,00:40,rebounds,9.5,182.0,,True,draftkings,2026-06-07T22:21:56.876410
Josh Hart,,,0707c5b20ff523e730c85090c7faffdf,2026-06-09,00:40,rebounds,10.5,289.0,,True,draftkings,2026-06-07T22:21:56.876412
Josh Hart,,,0707c5b20ff523e730c85090c7faffdf,2026-06-09,00:40,rebounds,11.5,458.0,,True,draftkings,2026-06-07T22:21:56.876413
Josh Hart,,,0707c5b20ff523e730c85090c7faffdf,2026-06-09,00:40,rebounds,12.5,710.0,,True,draftkings,2026-06-07T22:21:56.876415
Josh Hart,,,0707c5b20ff523e730c85090c7faffdf,2026-06-09,00:40,rebounds,13.5,1080.0,,True,draftkings,2026-06-07T22:21:56.876417
Josh Hart,,,0707c5b20ff523e730c85090c7faffdf,2026-06-09,00:40,rebounds,14.5,1600.0,,True,draftkings,2026-06-07T22:21:56.876418
Josh Hart,,,0707c5b20ff523e730c85090c7faffdf,2026-06-09,00:40,rebounds,15.5,2200.0,,True,draftkings,2026-06-07T22:21:56.876421
Mitchell Robinson,,,0707c5b20ff523e730c85090c7faffdf,2026-06-09,00:40,rebounds,2.5,-680.0,,True,draftkings,2026-06-07T22:21:56.876423
Mitchell Robinson,,,0707c5b20ff523e730c85090c7faffdf,2026-06-09,00:40,rebounds,3.5,-295.0,,True,draftkings,2026-06-07T22:21:56.876425
Mitchell Robinson,,,0707c5b20ff523e730c85090c7faffdf,2026-06-09,00:40,rebounds,4.5,-154.0,,True,draftkings,2026-06-07T22:21:56.876426
Mitchell Robinson,,,0707c5b20ff523e730c85090c7faffdf,2026-06-09,00:40,rebounds,5.5,115.0,,True,draftkings,2026-06-07T22:21:56.876428
Mitchell Robinson,,,0707c5b20ff523e730c85090c7faffdf,2026-06-09,00:40,rebounds,6.5,193.0,,True,draftkings,2026-06-07T22:21:56.876430
Mitchell Robinson,,,0707c5b20ff523e730c85090c7faffdf,2026-06-09,00:40,rebounds,7.5,316.0,,True,draftkings,2026-06-07T22:21:56.876432
Mitchell Robinson,,,0707c5b20ff523e730c85090c7faffdf,2026-06-09,00:40,rebounds,8.5,512.0,,True,draftkings,2026-06-07T22:21:56.876433
Mitchell Robinson,,,0707c5b20ff523e730c85090c7faffdf,2026-06-09,00:40,rebounds,9.5,800.0,,True,draftkings,2026-06-07T22:21:56.876435
Mitchell Robinson,,,0707c5b20ff523e730c85090c7faffdf,2026-06-09,00:40,rebounds,10.5,1220.0,,True,draftkings,2026-06-07T22:21:56.876437
Mitchell Robinson,,,0707c5b20ff523e730c85090c7faffdf,2026-06-09,00:40,rebounds,11.5,1820.0,,True,draftkings,2026-06-07T22:21:56.876439
Mitchell Robinson,,,0707c5b20ff523e730c85090c7faffdf,2026-06-09,00:40,rebounds,12.5,2500.0,,True,draftkings,2026-06-07T22:21:56.876440
Julian Champagnie,,,0707c5b20ff523e730c85090c7faffdf,2026-06-09,00:40,rebounds,2.5,-1820.0,,True,draftkings,2026-06-07T22:21:56.876443
Julian Champagnie,,,0707c5b20ff523e730c85090c7faffdf,2026-06-09,00:40,rebounds,3.5,-549.0,,True,draftkings,2026-06-07T22:21:56.876445
Julian Champagnie,,,0707c5b20ff523e730c85090c7faffdf,2026-06-09,00:40,rebounds,4.5,-242.0,,True,draftkings,2026-06-07T22:21:56.876447
Julian Champagnie,,,0707c5b20ff523e730c85090c7faffdf,2026-06-09,00:40,rebounds,5.5,-121.0,,True,draftkings,2026-06-07T22:21:56.876448
Julian Champagnie,,,0707c5b20ff523e730c85090c7faffdf,2026-06-09,00:40,rebounds,6.5,151.0,,True,draftkings,2026-06-07T22:21:56.876450
Julian Champagnie,,,0707c5b20ff523e730c85090c7faffdf,2026-06-09,00:40,rebounds,7.5,274.0,,True,draftkings,2026-06-07T22:21:56.876452
Julian Champagnie,,,0707c5b20ff523e730c85090c7faffdf,2026-06-09,00:40,rebounds,8.5,479.0,,True,draftkings,2026-06-07T22:21:56.876454
Julian Champagnie,,,0707c5b20ff523e730c85090c7faffdf,2026-06-09,00:40,rebounds,9.5,830.0,,True,draftkings,2026-06-07T22:21:56.876455
Julian Champagnie,,,0707c5b20ff523e730c85090c7faffdf,2026-06-09,00:40,rebounds,10.5,1420.0,,True,draftkings,2026-06-07T22:21:56.876457
Julian Champagnie,,,0707c5b20ff523e730c85090c7faffdf,2026-06-09,00:40,rebounds,11.5,2200.0,,True,draftkings,2026-06-07T22:21:56.876459
Dylan Harper,,,0707c5b20ff523e730c85090c7faffdf,2026-06-09,00:40,rebounds,2.5,-1220.0,,True,draftkings,2026-06-07T22:21:56.876462
Dylan Harper,,,0707c5b20ff523e730c85090c7faffdf,2026-06-09,00:40,rebounds,3.5,-444.0,,True,draftkings,2026-06-07T22:21:56.876464
Dylan Harper,,,0707c5b20ff523e730c85090c7faffdf,2026-06-09,00:40,rebounds,4.5,-203.0,,True,draftkings,2026-06-07T22:21:56.876465
Dylan Harper,,,0707c5b20ff523e730c85090c7faffdf,2026-06-09,00:40,rebounds,5.5,-103.0,,True,draftkings,2026-06-07T22:21:56.876467
Dylan Harper,,,0707c5b20ff523e730c85090c7faffdf,2026-06-09,00:40,rebounds,6.5,176.0,,True,draftkings,2026-06-07T22:21:56.876469
Dylan Harper,,,0707c5b20ff523e730c85090c7faffdf,2026-06-09,00:40,rebounds,7.5,317.0,,True,draftkings,2026-06-07T22:21:56.876471
Dylan Harper,,,0707c5b20ff523e730c85090c7faffdf,2026-06-09,00:40,rebounds,8.5,559.0,,True,draftkings,2026-06-07T22:21:56.876472
Dylan Harper,,,0707c5b20ff523e730c85090c7faffdf,2026-06-09,00:40,rebounds,9.5,950.0,,True,draftkings,2026-06-07T22:21:56.876474
Dylan Harper,,,0707c5b20ff523e730c85090c7faffdf,2026-06-09,00:40,rebounds,10.5,1520.0,,True,draftkings,2026-06-07T22:21:56.876476
Dylan Harper,,,0707c5b20ff523e730c85090c7faffdf,2026-06-09,00:40,rebounds,11.5,2300.0,,True,draftkings,2026-06-07T22:21:56.876477
OG Anunoby,,,0707c5b20ff523e730c85090c7faffdf,2026-06-09,00:40,rebounds,2.5,-1020.0,,True,draftkings,2026-06-07T22:21:56.876480
OG Anunoby,,,0707c5b20ff523e730c85090c7faffdf,2026-06-09,00:40,rebounds,3.5,-367.0,,True,draftkings,2026-06-07T22:21:56.876482
OG Anunoby,,,0707c5b20ff523e730c85090c7faffdf,2026-06-09,00:40,rebounds,4.5,-165.0,,True,draftkings,2026-06-07T22:21:56.876484
OG Anunoby,,,0707c5b20ff523e730c85090c7faffdf,2026-06-09,00:40,rebounds,5.5,121.0,,True,draftkings,2026-06-07T22:21:56.876486
OG Anunoby,,,0707c5b20ff523e730c85090c7faffdf,2026-06-09,00:40,rebounds,6.5,225.0,,True,draftkings,2026-06-07T22:21:56.876487
OG Anunoby,,,0707c5b20ff523e730c85090c7faffdf,2026-06-09,00:40,rebounds,7.5,409.0,,True,draftkings,2026-06-07T22:21:56.876489
OG Anunoby,,,0707c5b20ff523e730c85090c7faffdf,2026-06-09,00:40,rebounds,8.5,710.0,,True,draftkings,2026-06-07T22:21:56.876491
OG Anunoby,,,0707c5b20ff523e730c85090c7faffdf,2026-06-09,00:40,rebounds,9.5,1220.0,,True,draftkings,2026-06-07T22:21:56.876493
OG Anunoby,,,0707c5b20ff523e730c85090c7faffdf,2026-06-09,00:40,rebounds,10.5,1960.0,,True,draftkings,2026-06-07T22:21:56.876494
OG Anunoby,,,0707c5b20ff523e730c85090c7faffdf,2026-06-09,00:40,rebounds,11.5,2800.0,,True,draftkings,2026-06-07T22:21:56.876496
Stephon Castle,,,0707c5b20ff523e730c85090c7faffdf,2026-06-09,00:40,rebounds,2.5,-1020.0,,True,draftkings,2026-06-07T22:21:56.876498
Stephon Castle,,,0707c5b20ff523e730c85090c7faffdf,2026-06-09,00:40,rebounds,3.5,-353.0,,True,draftkings,2026-06-07T22:21:56.876499
Stephon Castle,,,0707c5b20ff523e730c85090c7faffdf,2026-06-09,00:40,rebounds,4.5,-159.0,,True,draftkings,2026-06-07T22:21:56.876501
Stephon Castle,,,0707c5b20ff523e730c85090c7faffdf,2026-06-09,00:40,rebounds,5.5,124.0,,True,draftkings,2026-06-07T22:21:56.876503
Stephon Castle,,,0707c5b20ff523e730c85090c7faffdf,2026-06-09,00:40,rebounds,6.5,234.0,,True,draftkings,2026-06-07T22:21:56.876505
Stephon Castle,,,0707c5b20ff523e730c85090c7faffdf,2026-06-09,00:40,rebounds,7.5,439.0,,True,draftkings,2026-06-07T22:21:56.876506
Stephon Castle,,,0707c5b20ff523e730c85090c7faffdf,2026-06-09,00:40,rebounds,8.5,790.0,,True,draftkings,2026-06-07T22:21:56.876508
Stephon Castle,,,0707c5b20ff523e730c85090c7faffdf,2026-06-09,00:40,rebounds,9.5,1360.0,,True,draftkings,2026-06-07T22:21:56.876510
Stephon Castle,,,0707c5b20ff523e730c85090c7faffdf,2026-06-09,00:40,rebounds,10.5,2100.0,,True,draftkings,2026-06-07T22:21:56.876512
Devin Vassell,,,0707c5b20ff523e730c85090c7faffdf,2026-06-09,00:40,rebounds,2.5,-750.0,,True,draftkings,2026-06-07T22:21:56.876513
Devin Vassell,,,0707c5b20ff523e730c85090c7faffdf,2026-06-09,00:40,rebounds,3.5,-286.0,,True,draftkings,2026-06-07T22:21:56.876515
Devin Vassell,,,0707c5b20ff523e730c85090c7faffdf,2026-06-09,00:40,rebounds,4.5,-132.0,,True,draftkings,2026-06-07T22:21:56.876517
Devin Vassell,,,0707c5b20ff523e730c85090c7faffdf,2026-06-09,00:40,rebounds,5.5,146.0,,True,draftkings,2026-06-07T22:21:56.876518
Devin Vassell,,,0707c5b20ff523e730c85090c7faffdf,2026-06-09,00:40,rebounds,6.5,272.0,,True,draftkings,2026-06-07T22:21:56.876520
Devin Vassell,,,0707c5b20ff523e730c85090c7faffdf,2026-06-09,00:40,rebounds,7.5,496.0,,True,draftkings,2026-06-07T22:21:56.876522
Devin Vassell,,,0707c5b20ff523e730c85090c7faffdf,2026-06-09,00:40,rebounds,8.5,900.0,,True,draftkings,2026-06-07T22:21:56.876524
Devin Vassell,,,0707c5b20ff523e730c85090c7faffdf,2026-06-09,00:40,rebounds,9.5,1540.0,,True,draftkings,2026-06-07T22:21:56.876525
Devin Vassell,,,0707c5b20ff523e730c85090c7faffdf,2026-06-09,00:40,rebounds,10.5,2400.0,,True,draftkings,2026-06-07T22:21:56.876527
Mikal Bridges,,,0707c5b20ff523e730c85090c7faffdf,2026-06-09,00:40,rebounds,2.5,-236.0,,True,draftkings,2026-06-07T22:21:56.876529
Mikal Bridges,,,0707c5b20ff523e730c85090c7faffdf,2026-06-09,00:40,rebounds,3.5,101.0,,True,draftkings,2026-06-07T22:21:56.876531
Mikal Bridges,,,0707c5b20ff523e730c85090c7faffdf,2026-06-09,00:40,rebounds,4.5,219.0,,True,draftkings,2026-06-07T22:21:56.876532
Mikal Bridges,,,0707c5b20ff523e730c85090c7faffdf,2026-06-09,00:40,rebounds,5.5,451.0,,True,draftkings,2026-06-07T22:21:56.876534
Mikal Bridges,,,0707c5b20ff523e730c85090c7faffdf,2026-06-09,00:40,rebounds,6.5,890.0,,True,draftkings,2026-06-07T22:21:56.876538
Mikal Bridges,,,0707c5b20ff523e730c85090c7faffdf,2026-06-09,00:40,rebounds,7.5,1620.0,,True,draftkings,2026-06-07T22:21:56.876540
Mikal Bridges,,,0707c5b20ff523e730c85090c7faffdf,2026-06-09,00:40,rebounds,8.5,2700.0,,True,draftkings,2026-06-07T22:21:56.876542
De'Aaron Fox,,,0707c5b20ff523e730c85090c7faffdf,2026-06-09,00:40,rebounds,2.5,-236.0,,True,draftkings,2026-06-07T22:21:56.876543
De'Aaron Fox,,,0707c5b20ff523e730c85090c7faffdf,2026-06-09,00:40,rebounds,3.5,103.0,,True,draftkings,2026-06-07T22:21:56.876545
De'Aaron Fox,,,0707c5b20ff523e730c85090c7faffdf,2026-06-09,00:40,rebounds,4.5,228.0,,True,draftkings,2026-06-07T22:21:56.876547
De'Aaron Fox,,,0707c5b20ff523e730c85090c7faffdf,2026-06-09,00:40,rebounds,5.5,472.0,,True,draftkings,2026-06-07T22:21:56.876549
De'Aaron Fox,,,0707c5b20ff523e730c85090c7faffdf,2026-06-09,00:40,rebounds,6.5,940.0,,True,draftkings,2026-06-07T22:21:56.876550
De'Aaron Fox,,,0707c5b20ff523e730c85090c7faffdf,2026-06-09,00:40,rebounds,7.5,1780.0,,True,draftkings,2026-06-07T22:21:56.876552
De'Aaron Fox,,,0707c5b20ff523e730c85090c7faffdf,2026-06-09,00:40,rebounds,8.5,2900.0,,True,draftkings,2026-06-07T22:21:56.876554
Jalen Brunson,,,0707c5b20ff523e730c85090c7faffdf,2026-06-09,00:40,rebounds,2.5,-183.0,,True,draftkings,2026-06-07T22:21:56.876556
Jalen Brunson,,,0707c5b20ff523e730c85090c7faffdf,2026-06-09,00:40,rebounds,3.5,131.0,,True,draftkings,2026-06-07T22:21:56.876557
Jalen Brunson,,,0707c5b20ff523e730c85090c7faffdf,2026-06-09,00:40,rebounds,4.5,284.0,,True,draftkings,2026-06-07T22:21:56.876559
Jalen Brunson,,,0707c5b20ff523e730c85090c7faffdf,2026-06-09,00:40,rebounds,5.5,596.0,,True,draftkings,2026-06-07T22:21:56.876561
Jalen Brunson,,,0707c5b20ff523e730c85090c7faffdf,2026-06-09,00:40,rebounds,6.5,1180.0,,True,draftkings,2026-06-07T22:21:56.876562
Jalen Brunson,,,0707c5b20ff523e730c85090c7faffdf,2026-06-09,00:40,rebounds,7.5,2100.0,,True,draftkings,2026-06-07T22:21:56.876564
Keldon Johnson,,,0707c5b20ff523e730c85090c7faffdf,2026-06-09,00:40,rebounds,2.5,102.0,,True,draftkings,2026-06-07T22:21:56.876566
Keldon Johnson,,,0707c5b20ff523e730c85090c7faffdf,2026-06-09,00:40,rebounds,3.5,224.0,,True,draftkings,2026-06-07T22:21:56.876568
Keldon Johnson,,,0707c5b20ff523e730c85090c7faffdf,2026-06-09,00:40,rebounds,4.5,458.0,,True,draftkings,2026-06-07T22:21:56.876570
Keldon Johnson,,,0707c5b20ff523e730c85090c7faffdf,2026-06-09,00:40,rebounds,5.5,890.0,,True,draftkings,2026-06-07T22:21:56.876571
Keldon Johnson,,,0707c5b20ff523e730c85090c7faffdf,2026-06-09,00:40,rebounds,6.5,1660.0,,True,draftkings,2026-06-07T22:21:56.876573
Keldon Johnson,,,0707c5b20ff523e730c85090c7faffdf,2026-06-09,00:40,rebounds,7.5,2600.0,,True,draftkings,2026-06-07T22:21:56.876575
Luke Kornet,,,0707c5b20ff523e730c85090c7faffdf,2026-06-09,00:40,rebounds,2.5,113.0,,True,draftkings,2026-06-07T22:21:56.876578
Luke Kornet,,,0707c5b20ff523e730c85090c7faffdf,2026-06-09,00:40,rebounds,3.5,243.0,,True,draftkings,2026-06-07T22:21:56.876580
Luke Kornet,,,0707c5b20ff523e730c85090c7faffdf,2026-06-09,00:40,rebounds,4.5,481.0,,True,draftkings,2026-06-07T22:21:56.876581
Luke Kornet,,,0707c5b20ff523e730c85090c7faffdf,2026-06-09,00:40,rebounds,5.5,950.0,,True,draftkings,2026-06-07T22:21:56.876583
Luke Kornet,,,0707c5b20ff523e730c85090c7faffdf,2026-06-09,00:40,rebounds,6.5,1680.0,,True,draftkings,2026-06-07T22:21:56.876585
Luke Kornet,,,0707c5b20ff523e730c85090c7faffdf,2026-06-09,00:40,rebounds,7.5,2600.0,,True,draftkings,2026-06-07T22:21:56.876587
Landry Shamet,,,0707c5b20ff523e730c85090c7faffdf,2026-06-09,00:40,rebounds,1.5,-114.0,,True,draftkings,2026-06-07T22:21:56.876588
Landry Shamet,,,0707c5b20ff523e730c85090c7faffdf,2026-06-09,00:40,rebounds,2.5,263.0,,True,draftkings,2026-06-07T22:21:56.876590
Landry Shamet,,,0707c5b20ff523e730c85090c7faffdf,2026-06-09,00:40,rebounds,3.5,700.0,,True,draftkings,2026-06-07T22:21:56.876592
Landry Shamet,,,0707c5b20ff523e730c85090c7faffdf,2026-06-09,00:40,rebounds,4.5,1620.0,,True,draftkings,2026-06-07T22:21:56.876593
Landry Shamet,,,0707c5b20ff523e730c85090c7faffdf,2026-06-09,00:40,rebounds,5.5,2900.0,,True,draftkings,2026-06-07T22:21:56.876596
Jose Alvarado,,,0707c5b20ff523e730c85090c7faffdf,2026-06-09,00:40,rebounds,1.5,162.0,,True,draftkings,2026-06-07T22:21:56.876598
Jose Alvarado,,,0707c5b20ff523e730c85090c7faffdf,2026-06-09,00:40,rebounds,2.5,440.0,,True,draftkings,2026-06-07T22:21:56.876603
Jose Alvarado,,,0707c5b20ff523e730c85090c7faffdf,2026-06-09,00:40,rebounds,3.5,1060.0,,True,draftkings,2026-06-07T22:21:56.876604
Jose Alvarado,,,0707c5b20ff523e730c85090c7faffdf,2026-06-09,00:40,rebounds,4.5,2100.0,,True,draftkings,2026-06-07T22:21:56.876606
Miles McBride,,,0707c5b20ff523e730c85090c7faffdf,2026-06-09,00:40,rebounds,1.5,124.0,,True,draftkings,2026-06-07T22:21:56.876608
Miles McBride,,,0707c5b20ff523e730c85090c7faffdf,2026-06-09,00:40,rebounds,2.5,365.0,,True,draftkings,2026-06-07T22:21:56.876610
Miles McBride,,,0707c5b20ff523e730c85090c7faffdf,2026-06-09,00:40,rebounds,3.5,940.0,,True,draftkings,2026-06-07T22:21:56.876611
Miles McBride,,,0707c5b20ff523e730c85090c7faffdf,2026-06-09,00:40,rebounds,4.5,2100.0,,True,draftkings,2026-06-07T22:21:56.876613
Devin Vassell,,,0707c5b20ff523e730c85090c7faffdf,2026-06-09,00:40,threes,2.5,107.0,-141.0,False,draftkings,2026-06-07T22:21:56.876634
Julian Champagnie,,,0707c5b20ff523e730c85090c7faffdf,2026-06-09,00:40,threes,2.5,109.0,-143.0,False,draftkings,2026-06-07T22:21:56.876635
Jalen Brunson,,,0707c5b20ff523e730c85090c7faffdf,2026-06-09,00:40,threes,2.5,117.0,-155.0,False,draftkings,2026-06-07T22:21:56.876637
Victor Wembanyama,,,0707c5b20ff523e730c85090c7faffdf,2026-06-09,00:40,threes,2.5,142.0,-188.0,False,draftkings,2026-06-07T22:21:56.876639
OG Anunoby,,,0707c5b20ff523e730c85090c7faffdf,2026-06-09,00:40,threes,1.5,-179.0,135.0,False,draftkings,2026-06-07T22:21:56.876641
Landry Shamet,,,0707c5b20ff523e730c85090c7faffdf,2026-06-09,00:40,threes,1.5,-139.0,105.0,False,draftkings,2026-06-07T22:21:56.876642
Mikal Bridges,,,0707c5b20ff523e730c85090c7faffdf,2026-06-09,00:40,threes,1.5,103.0,-136.0,False,draftkings,2026-06-07T22:21:56.876644
Stephon Castle,,,0707c5b20ff523e730c85090c7faffdf,2026-06-09,00:40,threes,1.5,109.0,-144.0,False,draftkings,2026-06-07T22:21:56.876646
De'Aaron Fox,,,0707c5b20ff523e730c85090c7faffdf,2026-06-09,00:40,threes,1.5,114.0,-151.0,False,draftkings,2026-06-07T22:21:56.876647
Karl-Anthony Towns,,,0707c5b20ff523e730c85090c7faffdf,2026-06-09,00:40,threes,1.5,120.0,-158.0,False,draftkings,2026-06-07T22:21:56.876650
Josh Hart,,,0707c5b20ff523e730c85090c7faffdf,2026-06-09,00:40,threes,1.5,133.0,-176.0,False,draftkings,2026-06-07T22:21:56.876652
Miles McBride,,,0707c5b20ff523e730c85090c7faffdf,2026-06-09,00:40,threes,1.5,142.0,-189.0,False,draftkings,2026-06-07T22:21:56.876654
Dylan Harper,,,0707c5b20ff523e730c85090c7faffdf,2026-06-09,00:40,threes,0.5,-188.0,142.0,False,draftkings,2026-06-07T22:21:56.876656
Keldon Johnson,,,0707c5b20ff523e730c85090c7faffdf,2026-06-09,00:40,threes,0.5,-102.0,-129.0,False,draftkings,2026-06-07T22:21:56.876657
Jose Alvarado,,,0707c5b20ff523e730c85090c7faffdf,2026-06-09,00:40,threes,0.5,125.0,-165.0,False,draftkings,2026-06-07T22:21:56.876659
Devin Vassell,,,0707c5b20ff523e730c85090c7faffdf,2026-06-09,00:40,threes,0.5,-1340.0,,True,draftkings,2026-06-07T22:21:56.876695
Devin Vassell,,,0707c5b20ff523e730c85090c7faffdf,2026-06-09,00:40,threes,1.5,-263.0,,True,draftkings,2026-06-07T22:21:56.876696
Devin Vassell,,,0707c5b20ff523e730c85090c7faffdf,2026-06-09,00:40,threes,2.5,109.0,,True,draftkings,2026-06-07T22:21:56.876698
Devin Vassell,,,0707c5b20ff523e730c85090c7faffdf,2026-06-09,00:40,threes,3.5,268.0,,True,draftkings,2026-06-07T22:21:56.876700
Devin Vassell,,,0707c5b20ff523e730c85090c7faffdf,2026-06-09,00:40,threes,4.5,620.0,,True,draftkings,2026-06-07T22:21:56.876702
Devin Vassell,,,0707c5b20ff523e730c85090c7faffdf,2026-06-09,00:40,threes,5.5,1280.0,,True,draftkings,2026-06-07T22:21:56.876703
Devin Vassell,,,0707c5b20ff523e730c85090c7faffdf,2026-06-09,00:40,threes,6.5,2300.0,,True,draftkings,2026-06-07T22:21:56.876705
Julian Champagnie,,,0707c5b20ff523e730c85090c7faffdf,2026-06-09,00:40,threes,0.5,-1540.0,,True,draftkings,2026-06-07T22:21:56.876707
Julian Champagnie,,,0707c5b20ff523e730c85090c7faffdf,2026-06-09,00:40,threes,1.5,-271.0,,True,draftkings,2026-06-07T22:21:56.876708
Julian Champagnie,,,0707c5b20ff523e730c85090c7faffdf,2026-06-09,00:40,threes,2.5,108.0,,True,draftkings,2026-06-07T22:21:56.876710
Julian Champagnie,,,0707c5b20ff523e730c85090c7faffdf,2026-06-09,00:40,threes,3.5,268.0,,True,draftkings,2026-06-07T22:21:56.876712
Julian Champagnie,,,0707c5b20ff523e730c85090c7faffdf,2026-06-09,00:40,threes,4.5,620.0,,True,draftkings,2026-06-07T22:21:56.876714
Julian Champagnie,,,0707c5b20ff523e730c85090c7faffdf,2026-06-09,00:40,threes,5.5,1340.0,,True,draftkings,2026-06-07T22:21:56.876715
Julian Champagnie,,,0707c5b20ff523e730c85090c7faffdf,2026-06-09,00:40,threes,6.5,2400.0,,True,draftkings,2026-06-07T22:21:56.876717
Jalen Brunson,,,0707c5b20ff523e730c85090c7faffdf,2026-06-09,00:40,threes,0.5,-1300.0,,True,draftkings,2026-06-07T22:21:56.876719
Jalen Brunson,,,0707c5b20ff523e730c85090c7faffdf,2026-06-09,00:40,threes,1.5,-246.0,,True,draftkings,2026-06-07T22:21:56.876720
Jalen Brunson,,,0707c5b20ff523e730c85090c7faffdf,2026-06-09,00:40,threes,2.5,119.0,,True,draftkings,2026-06-07T22:21:56.876722
Jalen Brunson,,,0707c5b20ff523e730c85090c7faffdf,2026-06-09,00:40,threes,3.5,302.0,,True,draftkings,2026-06-07T22:21:56.876724
Jalen Brunson,,,0707c5b20ff523e730c85090c7faffdf,2026-06-09,00:40,threes,4.5,700.0,,True,draftkings,2026-06-07T22:21:56.876726
Jalen Brunson,,,0707c5b20ff523e730c85090c7faffdf,2026-06-09,00:40,threes,5.5,1500.0,,True,draftkings,2026-06-07T22:21:56.876727
Jalen Brunson,,,0707c5b20ff523e730c85090c7faffdf,2026-06-09,00:40,threes,6.5,2700.0,,True,draftkings,2026-06-07T22:21:56.876729
Victor Wembanyama,,,0707c5b20ff523e730c85090c7faffdf,2026-06-09,00:40,threes,0.5,-980.0,,True,draftkings,2026-06-07T22:21:56.876731
Victor Wembanyama,,,0707c5b20ff523e730c85090c7faffdf,2026-06-09,00:40,threes,1.5,-205.0,,True,draftkings,2026-06-07T22:21:56.876732
Victor Wembanyama,,,0707c5b20ff523e730c85090c7faffdf,2026-06-09,00:40,threes,2.5,144.0,,True,draftkings,2026-06-07T22:21:56.876734
Victor Wembanyama,,,0707c5b20ff523e730c85090c7faffdf,2026-06-09,00:40,threes,3.5,360.0,,True,draftkings,2026-06-07T22:21:56.876736
Victor Wembanyama,,,0707c5b20ff523e730c85090c7faffdf,2026-06-09,00:40,threes,4.5,870.0,,True,draftkings,2026-06-07T22:21:56.876738
Victor Wembanyama,,,0707c5b20ff523e730c85090c7faffdf,2026-06-09,00:40,threes,5.5,1920.0,,True,draftkings,2026-06-07T22:21:56.876739
OG Anunoby,,,0707c5b20ff523e730c85090c7faffdf,2026-06-09,00:40,threes,0.5,-920.0,,True,draftkings,2026-06-07T22:21:56.876741
OG Anunoby,,,0707c5b20ff523e730c85090c7faffdf,2026-06-09,00:40,threes,1.5,-178.0,,True,draftkings,2026-06-07T22:21:56.876743
OG Anunoby,,,0707c5b20ff523e730c85090c7faffdf,2026-06-09,00:40,threes,2.5,163.0,,True,draftkings,2026-06-07T22:21:56.876744
OG Anunoby,,,0707c5b20ff523e730c85090c7faffdf,2026-06-09,00:40,threes,3.5,418.0,,True,draftkings,2026-06-07T22:21:56.876746
OG Anunoby,,,0707c5b20ff523e730c85090c7faffdf,2026-06-09,00:40,threes,4.5,1020.0,,True,draftkings,2026-06-07T22:21:56.876748
OG Anunoby,,,0707c5b20ff523e730c85090c7faffdf,2026-06-09,00:40,threes,5.5,2100.0,,True,draftkings,2026-06-07T22:21:56.876749
Landry Shamet,,,0707c5b20ff523e730c85090c7faffdf,2026-06-09,00:40,threes,0.5,-650.0,,True,draftkings,2026-06-07T22:21:56.876751
Landry Shamet,,,0707c5b20ff523e730c85090c7faffdf,2026-06-09,00:40,threes,1.5,-140.0,,True,draftkings,2026-06-07T22:21:56.876753
Landry Shamet,,,0707c5b20ff523e730c85090c7faffdf,2026-06-09,00:40,threes,2.5,209.0,,True,draftkings,2026-06-07T22:21:56.876755
Landry Shamet,,,0707c5b20ff523e730c85090c7faffdf,2026-06-09,00:40,threes,3.5,545.0,,True,draftkings,2026-06-07T22:21:56.876756
Landry Shamet,,,0707c5b20ff523e730c85090c7faffdf,2026-06-09,00:40,threes,4.5,1320.0,,True,draftkings,2026-06-07T22:21:56.876758
Landry Shamet,,,0707c5b20ff523e730c85090c7faffdf,2026-06-09,00:40,threes,5.5,2600.0,,True,draftkings,2026-06-07T22:21:56.876760
De'Aaron Fox,,,0707c5b20ff523e730c85090c7faffdf,2026-06-09,00:40,threes,0.5,-399.0,,True,draftkings,2026-06-07T22:21:56.876761
De'Aaron Fox,,,0707c5b20ff523e730c85090c7faffdf,2026-06-09,00:40,threes,1.5,112.0,,True,draftkings,2026-06-07T22:21:56.876763
De'Aaron Fox,,,0707c5b20ff523e730c85090c7faffdf,2026-06-09,00:40,threes,2.5,349.0,,True,draftkings,2026-06-07T22:21:56.876765
De'Aaron Fox,,,0707c5b20ff523e730c85090c7faffdf,2026-06-09,00:40,threes,3.5,940.0,,True,draftkings,2026-06-07T22:21:56.876767
De'Aaron Fox,,,0707c5b20ff523e730c85090c7faffdf,2026-06-09,00:40,threes,4.5,2100.0,,True,draftkings,2026-06-07T22:21:56.876768
Mikal Bridges,,,0707c5b20ff523e730c85090c7faffdf,2026-06-09,00:40,threes,0.5,-451.0,,True,draftkings,2026-06-07T22:21:56.876770
Mikal Bridges,,,0707c5b20ff523e730c85090c7faffdf,2026-06-09,00:40,threes,1.5,103.0,,True,draftkings,2026-06-07T22:21:56.876773
Mikal Bridges,,,0707c5b20ff523e730c85090c7faffdf,2026-06-09,00:40,threes,2.5,322.0,,True,draftkings,2026-06-07T22:21:56.876775
Mikal Bridges,,,0707c5b20ff523e730c85090c7faffdf,2026-06-09,00:40,threes,3.5,920.0,,True,draftkings,2026-06-07T22:21:56.876777
Mikal Bridges,,,0707c5b20ff523e730c85090c7faffdf,2026-06-09,00:40,threes,4.5,2100.0,,True,draftkings,2026-06-07T22:21:56.876778
Stephon Castle,,,0707c5b20ff523e730c85090c7faffdf,2026-06-09,00:40,threes,0.5,-417.0,,True,draftkings,2026-06-07T22:21:56.876780
Stephon Castle,,,0707c5b20ff523e730c85090c7faffdf,2026-06-09,00:40,threes,1.5,109.0,,True,draftkings,2026-06-07T22:21:56.876782
Stephon Castle,,,0707c5b20ff523e730c85090c7faffdf,2026-06-09,00:40,threes,2.5,330.0,,True,draftkings,2026-06-07T22:21:56.876784
Stephon Castle,,,0707c5b20ff523e730c85090c7faffdf,2026-06-09,00:40,threes,3.5,910.0,,True,draftkings,2026-06-07T22:21:56.876785
Stephon Castle,,,0707c5b20ff523e730c85090c7faffdf,2026-06-09,00:40,threes,4.5,2100.0,,True,draftkings,2026-06-07T22:21:56.876787
Karl-Anthony Towns,,,0707c5b20ff523e730c85090c7faffdf,2026-06-09,00:40,threes,0.5,-372.0,,True,draftkings,2026-06-07T22:21:56.876789
Karl-Anthony Towns,,,0707c5b20ff523e730c85090c7faffdf,2026-06-09,00:40,threes,1.5,120.0,,True,draftkings,2026-06-07T22:21:56.876791
Karl-Anthony Towns,,,0707c5b20ff523e730c85090c7faffdf,2026-06-09,00:40,threes,2.5,375.0,,True,draftkings,2026-06-07T22:21:56.876792
Karl-Anthony Towns,,,0707c5b20ff523e730c85090c7faffdf,2026-06-09,00:40,threes,3.5,1000.0,,True,draftkings,2026-06-07T22:21:56.876794
Karl-Anthony Towns,,,0707c5b20ff523e730c85090c7faffdf,2026-06-09,00:40,threes,4.5,2300.0,,True,draftkings,2026-06-07T22:21:56.876796
Miles McBride,,,0707c5b20ff523e730c85090c7faffdf,2026-06-09,00:40,threes,0.5,-289.0,,True,draftkings,2026-06-07T22:21:56.876797
Miles McBride,,,0707c5b20ff523e730c85090c7faffdf,2026-06-09,00:40,threes,1.5,143.0,,True,draftkings,2026-06-07T22:21:56.876799
Miles McBride,,,0707c5b20ff523e730c85090c7faffdf,2026-06-09,00:40,threes,2.5,425.0,,True,draftkings,2026-06-07T22:21:56.876801
Miles McBride,,,0707c5b20ff523e730c85090c7faffdf,2026-06-09,00:40,threes,3.5,1080.0,,True,draftkings,2026-06-07T22:21:56.876802
Miles McBride,,,0707c5b20ff523e730c85090c7faffdf,2026-06-09,00:40,threes,4.5,2300.0,,True,draftkings,2026-06-07T22:21:56.876804
Josh Hart,,,0707c5b20ff523e730c85090c7faffdf,2026-06-09,00:40,threes,0.5,-331.0,,True,draftkings,2026-06-07T22:21:56.876806
Josh Hart,,,0707c5b20ff523e730c85090c7faffdf,2026-06-09,00:40,threes,1.5,134.0,,True,draftkings,2026-06-07T22:21:56.876808
Josh Hart,,,0707c5b20ff523e730c85090c7faffdf,2026-06-09,00:40,threes,2.5,421.0,,True,draftkings,2026-06-07T22:21:56.876809
Josh Hart,,,0707c5b20ff523e730c85090c7faffdf,2026-06-09,00:40,threes,3.5,1120.0,,True,draftkings,2026-06-07T22:21:56.876811
Josh Hart,,,0707c5b20ff523e730c85090c7faffdf,2026-06-09,00:40,threes,4.5,2500.0,,True,draftkings,2026-06-07T22:21:56.876813
Dylan Harper,,,0707c5b20ff523e730c85090c7faffdf,2026-06-09,00:40,threes,0.5,-187.0,,True,draftkings,2026-06-07T22:21:56.876814
Dylan Harper,,,0707c5b20ff523e730c85090c7faffdf,2026-06-09,00:40,threes,1.5,245.0,,True,draftkings,2026-06-07T22:21:56.876816
Dylan Harper,,,0707c5b20ff523e730c85090c7faffdf,2026-06-09,00:40,threes,2.5,820.0,,True,draftkings,2026-06-07T22:21:56.876818
Dylan Harper,,,0707c5b20ff523e730c85090c7faffdf,2026-06-09,00:40,threes,3.5,2200.0,,True,draftkings,2026-06-07T22:21:56.876821
Keldon Johnson,,,0707c5b20ff523e730c85090c7faffdf,2026-06-09,00:40,threes,0.5,-101.0,,True,draftkings,2026-06-07T22:21:56.876822
Keldon Johnson,,,0707c5b20ff523e730c85090c7faffdf,2026-06-09,00:40,threes,1.5,461.0,,True,draftkings,2026-06-07T22:21:56.876824
Keldon Johnson,,,0707c5b20ff523e730c85090c7faffdf,2026-06-09,00:40,threes,2.5,1480.0,,True,draftkings,2026-06-07T22:21:56.876826
Jose Alvarado,,,0707c5b20ff523e730c85090c7faffdf,2026-06-09,00:40,threes,0.5,125.0,,True,draftkings,2026-06-07T22:21:56.876828
Jose Alvarado,,,0707c5b20ff523e730c85090c7faffdf,2026-06-09,00:40,threes,1.5,531.0,,True,draftkings,2026-06-07T22:21:56.876829
Jose Alvarado,,,0707c5b20ff523e730c85090c7faffdf,2026-06-09,00:40,threes,2.5,1580.0,,True,draftkings,2026-06-07T22:21:56.876831
OG Anunoby,,,0707c5b20ff523e730c85090c7faffdf,2026-06-09,00:40,assists,1.5,-135.0,100.0,False,betmgm,2026-06-07T22:21:56.876850
Jalen Brunson,,,0707c5b20ff523e730c85090c7faffdf,2026-06-09,00:40,assists,6.5,125.0,-165.0,False,betmgm,2026-06-07T22:21:56.876851
Josh Hart,,,0707c5b20ff523e730c85090c7faffdf,2026-06-09,00:40,assists,4.5,-105.0,-130.0,False,betmgm,2026-06-07T22:21:56.876853
Devin Vassell,,,0707c5b20ff523e730c85090c7faffdf,2026-06-09,00:40,assists,2.5,115.0,-155.0,False,betmgm,2026-06-07T22:21:56.876855
Stephon Castle,,,0707c5b20ff523e730c85090c7faffdf,2026-06-09,00:40,assists,6.5,-110.0,-120.0,False,betmgm,2026-06-07T22:21:56.876856
De'Aaron Fox,,,0707c5b20ff523e730c85090c7faffdf,2026-06-09,00:40,assists,5.5,-120.0,-110.0,False,betmgm,2026-06-07T22:21:56.876858
Victor Wembanyama,,,0707c5b20ff523e730c85090c7faffdf,2026-06-09,00:40,assists,3.5,135.0,-185.0,False,betmgm,2026-06-07T22:21:56.876860
Dylan Harper,,,0707c5b20ff523e730c85090c7faffdf,2026-06-09,00:40,assists,3.5,105.0,-140.0,False,betmgm,2026-06-07T22:21:56.876862
Landry Shamet,,,0707c5b20ff523e730c85090c7faffdf,2026-06-09,00:40,assists,1.5,155.0,-210.0,False,betmgm,2026-06-07T22:21:56.876863
Miles McBride,,,0707c5b20ff523e730c85090c7faffdf,2026-06-09,00:40,assists,1.5,105.0,-145.0,False,betmgm,2026-06-07T22:21:56.876865
Julian Champagnie,,,0707c5b20ff523e730c85090c7faffdf,2026-06-09,00:40,assists,1.5,100.0,-135.0,False,betmgm,2026-06-07T22:21:56.876867
Karl-Anthony Towns,,,0707c5b20ff523e730c85090c7faffdf,2026-06-09,00:40,assists,3.5,-155.0,115.0,False,betmgm,2026-06-07T22:21:56.876869
Mikal Bridges,,,0707c5b20ff523e730c85090c7faffdf,2026-06-09,00:40,assists,2.5,-165.0,125.0,False,betmgm,2026-06-07T22:21:56.876870
Keldon Johnson,,,0707c5b20ff523e730c85090c7faffdf,2026-06-09,00:40,assists,0.5,-125.0,-105.0,False,betmgm,2026-06-07T22:21:56.876872
Mitchell Robinson,,,0707c5b20ff523e730c85090c7faffdf,2026-06-09,00:40,assists,0.5,115.0,-155.0,False,betmgm,2026-06-07T22:21:56.876874
Jose Alvarado,,,0707c5b20ff523e730c85090c7faffdf,2026-06-09,00:40,assists,1.5,115.0,-155.0,False,betmgm,2026-06-07T22:21:56.876877
Josh Hart,,,0707c5b20ff523e730c85090c7faffdf,2026-06-09,00:40,assists,4.5,-105.0,,True,betmgm,2026-06-07T22:21:56.876890
Josh Hart,,,0707c5b20ff523e730c85090c7faffdf,2026-06-09,00:40,assists,2.5,-600.0,,True,betmgm,2026-06-07T22:21:56.876893
Josh Hart,,,0707c5b20ff523e730c85090c7faffdf,2026-06-09,00:40,assists,6.5,375.0,,True,betmgm,2026-06-07T22:21:56.876895
Stephon Castle,,,0707c5b20ff523e730c85090c7faffdf,2026-06-09,00:40,assists,9.5,475.0,,True,betmgm,2026-06-07T22:21:56.876896
Karl-Anthony Towns,,,0707c5b20ff523e730c85090c7faffdf,2026-06-09,00:40,assists,6.5,550.0,,True,betmgm,2026-06-07T22:21:56.876898
Jalen Brunson,,,0707c5b20ff523e730c85090c7faffdf,2026-06-09,00:40,assists,4.5,-350.0,,True,betmgm,2026-06-07T22:21:56.876900
Karl-Anthony Towns,,,0707c5b20ff523e730c85090c7faffdf,2026-06-09,00:40,assists,4.5,140.0,,True,betmgm,2026-06-07T22:21:56.876902
De'Aaron Fox,,,0707c5b20ff523e730c85090c7faffdf,2026-06-09,00:40,assists,9.5,750.0,,True,betmgm,2026-06-07T22:21:56.876903
Mikal Bridges,,,0707c5b20ff523e730c85090c7faffdf,2026-06-09,00:40,assists,2.5,-165.0,,True,betmgm,2026-06-07T22:21:56.876905
Devin Vassell,,,0707c5b20ff523e730c85090c7faffdf,2026-06-09,00:40,assists,4.5,625.0,,True,betmgm,2026-06-07T22:21:56.876908
Victor Wembanyama,,,0707c5b20ff523e730c85090c7faffdf,2026-06-09,00:40,assists,4.5,300.0,,True,betmgm,2026-06-07T22:21:56.876910
Jalen Brunson,,,0707c5b20ff523e730c85090c7faffdf,2026-06-09,00:40,assists,6.5,110.0,,True,betmgm,2026-06-07T22:21:56.876912
Jalen Brunson,,,0707c5b20ff523e730c85090c7faffdf,2026-06-09,00:40,assists,9.5,625.0,,True,betmgm,2026-06-07T22:21:56.876913
Dylan Harper,,,0707c5b20ff523e730c85090c7faffdf,2026-06-09,00:40,assists,4.5,230.0,,True,betmgm,2026-06-07T22:21:56.876915
De'Aaron Fox,,,0707c5b20ff523e730c85090c7faffdf,2026-06-09,00:40,assists,6.5,140.0,,True,betmgm,2026-06-07T22:21:56.876917
Mikal Bridges,,,0707c5b20ff523e730c85090c7faffdf,2026-06-09,00:40,assists,4.5,320.0,,True,betmgm,2026-06-07T22:21:56.876919
Victor Wembanyama,,,0707c5b20ff523e730c85090c7faffdf,2026-06-09,00:40,assists,2.5,-185.0,,True,betmgm,2026-06-07T22:21:56.876920
Dylan Harper,,,0707c5b20ff523e730c85090c7faffdf,2026-06-09,00:40,assists,2.5,-225.0,,True,betmgm,2026-06-07T22:21:56.876922
De'Aaron Fox,,,0707c5b20ff523e730c85090c7faffdf,2026-06-09,00:40,assists,2.5,-2000.0,,True,betmgm,2026-06-07T22:21:56.876924
Stephon Castle,,,0707c5b20ff523e730c85090c7faffdf,2026-06-09,00:40,assists,6.5,-110.0,,True,betmgm,2026-06-07T22:21:56.876925
Stephon Castle,,,0707c5b20ff523e730c85090c7faffdf,2026-06-09,00:40,assists,4.5,-450.0,,True,betmgm,2026-06-07T22:21:56.876927
De'Aaron Fox,,,0707c5b20ff523e730c85090c7faffdf,2026-06-09,00:40,assists,4.5,-275.0,,True,betmgm,2026-06-07T22:21:56.876929
Karl-Anthony Towns,,,0707c5b20ff523e730c85090c7faffdf,2026-06-09,00:40,assists,2.5,-375.0,,True,betmgm,2026-06-07T22:21:56.876931
OG Anunoby,,,0707c5b20ff523e730c85090c7faffdf,2026-06-09,00:40,points,15.5,-111.0,-120.0,False,betmgm,2026-06-07T22:21:56.876948
De'Aaron Fox,,,0707c5b20ff523e730c85090c7faffdf,2026-06-09,00:40,points,14.5,-115.0,-115.0,False,betmgm,2026-06-07T22:21:56.876950
Karl-Anthony Towns,,,0707c5b20ff523e730c85090c7faffdf,2026-06-09,00:40,points,18.5,-115.0,-115.0,False,betmgm,2026-06-07T22:21:56.876952
Devin Vassell,,,0707c5b20ff523e730c85090c7faffdf,2026-06-09,00:40,points,12.5,-105.0,-130.0,False,betmgm,2026-06-07T22:21:56.876953
Victor Wembanyama,,,0707c5b20ff523e730c85090c7faffdf,2026-06-09,00:40,points,26.5,-125.0,-105.0,False,betmgm,2026-06-07T22:21:56.876955
Dylan Harper,,,0707c5b20ff523e730c85090c7faffdf,2026-06-09,00:40,points,12.5,-135.0,100.0,False,betmgm,2026-06-07T22:21:56.876957
Mikal Bridges,,,0707c5b20ff523e730c85090c7faffdf,2026-06-09,00:40,points,12.5,-130.0,-105.0,False,betmgm,2026-06-07T22:21:56.876959
Jalen Brunson,,,0707c5b20ff523e730c85090c7faffdf,2026-06-09,00:40,points,26.5,-115.0,-115.0,False,betmgm,2026-06-07T22:21:56.876960
Landry Shamet,,,0707c5b20ff523e730c85090c7faffdf,2026-06-09,00:40,points,8.5,-118.0,-111.0,False,betmgm,2026-06-07T22:21:56.876962
Miles McBride,,,0707c5b20ff523e730c85090c7faffdf,2026-06-09,00:40,points,6.5,105.0,-140.0,False,betmgm,2026-06-07T22:21:56.876964
Keldon Johnson,,,0707c5b20ff523e730c85090c7faffdf,2026-06-09,00:40,points,5.5,-130.0,-105.0,False,betmgm,2026-06-07T22:21:56.876965
Jose Alvarado,,,0707c5b20ff523e730c85090c7faffdf,2026-06-09,00:40,points,2.5,-150.0,110.0,False,betmgm,2026-06-07T22:21:56.876967
Mitchell Robinson,,,0707c5b20ff523e730c85090c7faffdf,2026-06-09,00:40,points,3.5,-135.0,100.0,False,betmgm,2026-06-07T22:21:56.876969
Josh Hart,,,0707c5b20ff523e730c85090c7faffdf,2026-06-09,00:40,points,8.5,-135.0,100.0,False,betmgm,2026-06-07T22:21:56.876971
Stephon Castle,,,0707c5b20ff523e730c85090c7faffdf,2026-06-09,00:40,points,16.5,-110.0,-120.0,False,betmgm,2026-06-07T22:21:56.876972
Julian Champagnie,,,0707c5b20ff523e730c85090c7faffdf,2026-06-09,00:40,points,9.5,-120.0,-110.0,False,betmgm,2026-06-07T22:21:56.876974
Luke Kornet,,,0707c5b20ff523e730c85090c7faffdf,2026-06-09,00:40,points,1.5,-160.0,120.0,False,betmgm,2026-06-07T22:21:56.876976
Josh Hart,,,0707c5b20ff523e730c85090c7faffdf,2026-06-09,00:40,points,14.5,425.0,,True,betmgm,2026-06-07T22:21:56.876996
Josh Hart,,,0707c5b20ff523e730c85090c7faffdf,2026-06-09,00:40,points,9.5,100.0,,True,betmgm,2026-06-07T22:21:56.877000
OG Anunoby,,,0707c5b20ff523e730c85090c7faffdf,2026-06-09,00:40,points,24.5,675.0,,True,betmgm,2026-06-07T22:21:56.877002
Mikal Bridges,,,0707c5b20ff523e730c85090c7faffdf,2026-06-09,00:40,points,14.5,135.0,,True,betmgm,2026-06-07T22:21:56.877003
Devin Vassell,,,0707c5b20ff523e730c85090c7faffdf,2026-06-09,00:40,points,19.5,525.0,,True,betmgm,2026-06-07T22:21:56.877005
Miles McBride,,,0707c5b20ff523e730c85090c7faffdf,2026-06-09,00:40,points,9.5,260.0,,True,betmgm,2026-06-07T22:21:56.877007
Stephon Castle,,,0707c5b20ff523e730c85090c7faffdf,2026-06-09,00:40,points,14.5,-190.0,,True,betmgm,2026-06-07T22:21:56.877008
Victor Wembanyama,,,0707c5b20ff523e730c85090c7faffdf,2026-06-09,00:40,points,34.5,360.0,,True,betmgm,2026-06-07T22:21:56.877010
Karl-Anthony Towns,,,0707c5b20ff523e730c85090c7faffdf,2026-06-09,00:40,points,14.5,-325.0,,True,betmgm,2026-06-07T22:21:56.877012
Jalen Brunson,,,0707c5b20ff523e730c85090c7faffdf,2026-06-09,00:40,points,29.5,155.0,,True,betmgm,2026-06-07T22:21:56.877014
Julian Champagnie,,,0707c5b20ff523e730c85090c7faffdf,2026-06-09,00:40,points,14.5,325.0,,True,betmgm,2026-06-07T22:21:56.877015
Jalen Brunson,,,0707c5b20ff523e730c85090c7faffdf,2026-06-09,00:40,points,34.5,400.0,,True,betmgm,2026-06-07T22:21:56.877017
Landry Shamet,,,0707c5b20ff523e730c85090c7faffdf,2026-06-09,00:40,points,9.5,105.0,,True,betmgm,2026-06-07T22:21:56.877019
Dylan Harper,,,0707c5b20ff523e730c85090c7faffdf,2026-06-09,00:40,points,14.5,135.0,,True,betmgm,2026-06-07T22:21:56.877022
Devin Vassell,,,0707c5b20ff523e730c85090c7faffdf,2026-06-09,00:40,points,14.5,165.0,,True,betmgm,2026-06-07T22:21:56.877024
Victor Wembanyama,,,0707c5b20ff523e730c85090c7faffdf,2026-06-09,00:40,points,24.5,-190.0,,True,betmgm,2026-06-07T22:21:56.877025
De'Aaron Fox,,,0707c5b20ff523e730c85090c7faffdf,2026-06-09,00:40,points,9.5,-550.0,,True,betmgm,2026-06-07T22:21:56.877027
OG Anunoby,,,0707c5b20ff523e730c85090c7faffdf,2026-06-09,00:40,points,14.5,-150.0,,True,betmgm,2026-06-07T22:21:56.877029
Stephon Castle,,,0707c5b20ff523e730c85090c7faffdf,2026-06-09,00:40,points,9.5,-1000.0,,True,betmgm,2026-06-07T22:21:56.877030
De'Aaron Fox,,,0707c5b20ff523e730c85090c7faffdf,2026-06-09,00:40,points,19.5,300.0,,True,betmgm,2026-06-07T22:21:56.877032
Victor Wembanyama,,,0707c5b20ff523e730c85090c7faffdf,2026-06-09,00:40,points,19.5,-650.0,,True,betmgm,2026-06-07T22:21:56.877034
Karl-Anthony Towns,,,0707c5b20ff523e730c85090c7faffdf,2026-06-09,00:40,points,24.5,333.0,,True,betmgm,2026-06-07T22:21:56.877036
Dylan Harper,,,0707c5b20ff523e730c85090c7faffdf,2026-06-09,00:40,points,9.5,-350.0,,True,betmgm,2026-06-07T22:21:56.877037
Mikal Bridges,,,0707c5b20ff523e730c85090c7faffdf,2026-06-09,00:40,points,9.5,-325.0,,True,betmgm,2026-06-07T22:21:56.877040
Karl-Anthony Towns,,,0707c5b20ff523e730c85090c7faffdf,2026-06-09,00:40,points,19.5,110.0,,True,betmgm,2026-06-07T22:21:56.877042
Karl-Anthony Towns,,,0707c5b20ff523e730c85090c7faffdf,2026-06-09,00:40,points,9.5,-2000.0,,True,betmgm,2026-06-07T22:21:56.877044
De'Aaron Fox,,,0707c5b20ff523e730c85090c7faffdf,2026-06-09,00:40,points,14.5,-118.0,,True,betmgm,2026-06-07T22:21:56.877046
OG Anunoby,,,0707c5b20ff523e730c85090c7faffdf,2026-06-09,00:40,points,19.5,230.0,,True,betmgm,2026-06-07T22:21:56.877047
Jalen Brunson,,,0707c5b20ff523e730c85090c7faffdf,2026-06-09,00:40,points,24.5,-185.0,,True,betmgm,2026-06-07T22:21:56.877049
Devin Vassell,,,0707c5b20ff523e730c85090c7faffdf,2026-06-09,00:40,points,9.5,-250.0,,True,betmgm,2026-06-07T22:21:56.877051
Julian Champagnie,,,0707c5b20ff523e730c85090c7faffdf,2026-06-09,00:40,points,9.5,-120.0,,True,betmgm,2026-06-07T22:21:56.877052
OG Anunoby,,,0707c5b20ff523e730c85090c7faffdf,2026-06-09,00:40,points,9.5,-650.0,,True,betmgm,2026-06-07T22:21:56.877054
Mikal Bridges,,,0707c5b20ff523e730c85090c7faffdf,2026-06-09,00:40,points,19.5,475.0,,True,betmgm,2026-06-07T22:21:56.877056
Dylan Harper,,,0707c5b20ff523e730c85090c7faffdf,2026-06-09,00:40,points,19.5,475.0,,True,betmgm,2026-06-07T22:21:56.877059
Jalen Brunson,,,0707c5b20ff523e730c85090c7faffdf,2026-06-09,00:40,points,19.5,-625.0,,True,betmgm,2026-06-07T22:21:56.877061
Stephon Castle,,,0707c5b20ff523e730c85090c7faffdf,2026-06-09,00:40,points,19.5,190.0,,True,betmgm,2026-06-07T22:21:56.877063
Landry Shamet,,,0707c5b20ff523e730c85090c7faffdf,2026-06-09,00:40,points,14.5,400.0,,True,betmgm,2026-06-07T22:21:56.877064
Victor Wembanyama,,,0707c5b20ff523e730c85090c7faffdf,2026-06-09,00:40,points,29.5,145.0,,True,betmgm,2026-06-07T22:21:56.877066
Stephon Castle,,,0707c5b20ff523e730c85090c7faffdf,2026-06-09,00:40,points,24.5,550.0,,True,betmgm,2026-06-07T22:21:56.877068
Keldon Johnson,,,0707c5b20ff523e730c85090c7faffdf,2026-06-09,00:40,points,9.5,300.0,,True,betmgm,2026-06-07T22:21:56.877070
Jalen Brunson,,,0707c5b20ff523e730c85090c7faffdf,2026-06-09,00:40,rebounds,3.5,130.0,-175.0,False,betmgm,2026-06-07T22:21:56.877087
OG Anunoby,,,0707c5b20ff523e730c85090c7faffdf,2026-06-09,00:40,rebounds,5.5,110.0,-150.0,False,betmgm,2026-06-07T22:21:56.877089
De'Aaron Fox,,,0707c5b20ff523e730c85090c7faffdf,2026-06-09,00:40,rebounds,3.5,100.0,-135.0,False,betmgm,2026-06-07T22:21:56.877091
Karl-Anthony Towns,,,0707c5b20ff523e730c85090c7faffdf,2026-06-09,00:40,rebounds,11.5,100.0,-135.0,False,betmgm,2026-06-07T22:21:56.877093
Stephon Castle,,,0707c5b20ff523e730c85090c7faffdf,2026-06-09,00:40,rebounds,5.5,120.0,-160.0,False,betmgm,2026-06-07T22:21:56.877095
Dylan Harper,,,0707c5b20ff523e730c85090c7faffdf,2026-06-09,00:40,rebounds,5.5,-105.0,-125.0,False,betmgm,2026-06-07T22:21:56.877096
Devin Vassell,,,0707c5b20ff523e730c85090c7faffdf,2026-06-09,00:40,rebounds,4.5,-135.0,100.0,False,betmgm,2026-06-07T22:21:56.877098
Josh Hart,,,0707c5b20ff523e730c85090c7faffdf,2026-06-09,00:40,rebounds,8.5,110.0,-150.0,False,betmgm,2026-06-07T22:21:56.877100
Miles McBride,,,0707c5b20ff523e730c85090c7faffdf,2026-06-09,00:40,rebounds,1.5,115.0,-155.0,False,betmgm,2026-06-07T22:21:56.877101
Landry Shamet,,,0707c5b20ff523e730c85090c7faffdf,2026-06-09,00:40,rebounds,1.5,-120.0,-110.0,False,betmgm,2026-06-07T22:21:56.877103
Victor Wembanyama,,,0707c5b20ff523e730c85090c7faffdf,2026-06-09,00:40,rebounds,11.5,-130.0,-105.0,False,betmgm,2026-06-07T22:21:56.877105
Mikal Bridges,,,0707c5b20ff523e730c85090c7faffdf,2026-06-09,00:40,rebounds,3.5,100.0,-135.0,False,betmgm,2026-06-07T22:21:56.877107
Julian Champagnie,,,0707c5b20ff523e730c85090c7faffdf,2026-06-09,00:40,rebounds,5.5,-110.0,-120.0,False,betmgm,2026-06-07T22:21:56.877108
Keldon Johnson,,,0707c5b20ff523e730c85090c7faffdf,2026-06-09,00:40,rebounds,2.5,-115.0,-115.0,False,betmgm,2026-06-07T22:21:56.877110
Luke Kornet,,,0707c5b20ff523e730c85090c7faffdf,2026-06-09,00:40,rebounds,2.5,125.0,-165.0,False,betmgm,2026-06-07T22:21:56.877112
Mitchell Robinson,,,0707c5b20ff523e730c85090c7faffdf,2026-06-09,00:40,rebounds,5.5,100.0,-135.0,False,betmgm,2026-06-07T22:21:56.877113
Jose Alvarado,,,0707c5b20ff523e730c85090c7faffdf,2026-06-09,00:40,rebounds,1.5,155.0,-210.0,False,betmgm,2026-06-07T22:21:56.877115
OG Anunoby,,,0707c5b20ff523e730c85090c7faffdf,2026-06-09,00:40,rebounds,2.5,-1100.0,,True,betmgm,2026-06-07T22:21:56.877138
Josh Hart,,,0707c5b20ff523e730c85090c7faffdf,2026-06-09,00:40,rebounds,4.5,-1200.0,,True,betmgm,2026-06-07T22:21:56.877140
Josh Hart,,,0707c5b20ff523e730c85090c7faffdf,2026-06-09,00:40,rebounds,6.5,-275.0,,True,betmgm,2026-06-07T22:21:56.877141
Josh Hart,,,0707c5b20ff523e730c85090c7faffdf,2026-06-09,00:40,rebounds,12.5,750.0,,True,betmgm,2026-06-07T22:21:56.877143
Jalen Brunson,,,0707c5b20ff523e730c85090c7faffdf,2026-06-09,00:40,rebounds,4.5,275.0,,True,betmgm,2026-06-07T22:21:56.877145
De'Aaron Fox,,,0707c5b20ff523e730c85090c7faffdf,2026-06-09,00:40,rebounds,4.5,195.0,,True,betmgm,2026-06-07T22:21:56.877147
Stephon Castle,,,0707c5b20ff523e730c85090c7faffdf,2026-06-09,00:40,rebounds,4.5,-165.0,,True,betmgm,2026-06-07T22:21:56.877150
Karl-Anthony Towns,,,0707c5b20ff523e730c85090c7faffdf,2026-06-09,00:40,rebounds,6.5,-2000.0,,True,betmgm,2026-06-07T22:21:56.877153
Julian Champagnie,,,0707c5b20ff523e730c85090c7faffdf,2026-06-09,00:40,rebounds,4.5,-220.0,,True,betmgm,2026-06-07T22:21:56.877154
Josh Hart,,,0707c5b20ff523e730c85090c7faffdf,2026-06-09,00:40,rebounds,9.5,180.0,,True,betmgm,2026-06-07T22:21:56.877156
Victor Wembanyama,,,0707c5b20ff523e730c85090c7faffdf,2026-06-09,00:40,rebounds,14.5,280.0,,True,betmgm,2026-06-07T22:21:56.877158
Dylan Harper,,,0707c5b20ff523e730c85090c7faffdf,2026-06-09,00:40,rebounds,4.5,-220.0,,True,betmgm,2026-06-07T22:21:56.877160
De'Aaron Fox,,,0707c5b20ff523e730c85090c7faffdf,2026-06-09,00:40,rebounds,6.5,750.0,,True,betmgm,2026-06-07T22:21:56.877161
Landry Shamet,,,0707c5b20ff523e730c85090c7faffdf,2026-06-09,00:40,rebounds,2.5,210.0,,True,betmgm,2026-06-07T22:21:56.877163
Miles McBride,,,0707c5b20ff523e730c85090c7faffdf,2026-06-09,00:40,rebounds,2.5,340.0,,True,betmgm,2026-06-07T22:21:56.877165
Dylan Harper,,,0707c5b20ff523e730c85090c7faffdf,2026-06-09,00:40,rebounds,2.5,-1400.0,,True,betmgm,2026-06-07T22:21:56.877166
Victor Wembanyama,,,0707c5b20ff523e730c85090c7faffdf,2026-06-09,00:40,rebounds,16.5,625.0,,True,betmgm,2026-06-07T22:21:56.877168
OG Anunoby,,,0707c5b20ff523e730c85090c7faffdf,2026-06-09,00:40,rebounds,6.5,210.0,,True,betmgm,2026-06-07T22:21:56.877170
Devin Vassell,,,0707c5b20ff523e730c85090c7faffdf,2026-06-09,00:40,rebounds,2.5,-750.0,,True,betmgm,2026-06-07T22:21:56.877172
De'Aaron Fox,,,0707c5b20ff523e730c85090c7faffdf,2026-06-09,00:40,rebounds,2.5,-275.0,,True,betmgm,2026-06-07T22:21:56.877173
Devin Vassell,,,0707c5b20ff523e730c85090c7faffdf,2026-06-09,00:40,rebounds,4.5,-140.0,,True,betmgm,2026-06-07T22:21:56.877175
Victor Wembanyama,,,0707c5b20ff523e730c85090c7faffdf,2026-06-09,00:40,rebounds,12.5,120.0,,True,betmgm,2026-06-07T22:21:56.877177
Karl-Anthony Towns,,,0707c5b20ff523e730c85090c7faffdf,2026-06-09,00:40,rebounds,9.5,-275.0,,True,betmgm,2026-06-07T22:21:56.877179
Karl-Anthony Towns,,,0707c5b20ff523e730c85090c7faffdf,2026-06-09,00:40,rebounds,12.5,150.0,,True,betmgm,2026-06-07T22:21:56.877181
Dylan Harper,,,0707c5b20ff523e730c85090c7faffdf,2026-06-09,00:40,rebounds,6.5,175.0,,True,betmgm,2026-06-07T22:21:56.877182
Stephon Castle,,,0707c5b20ff523e730c85090c7faffdf,2026-06-09,00:40,rebounds,2.5,-1000.0,,True,betmgm,2026-06-07T22:21:56.877184
Mikal Bridges,,,0707c5b20ff523e730c85090c7faffdf,2026-06-09,00:40,rebounds,2.5,-250.0,,True,betmgm,2026-06-07T22:21:56.877186
Karl-Anthony Towns,,,0707c5b20ff523e730c85090c7faffdf,2026-06-09,00:40,rebounds,14.5,350.0,,True,betmgm,2026-06-07T22:21:56.877188
Devin Vassell,,,0707c5b20ff523e730c85090c7faffdf,2026-06-09,00:40,rebounds,6.5,270.0,,True,betmgm,2026-06-07T22:21:56.877189
Victor Wembanyama,,,0707c5b20ff523e730c85090c7faffdf,2026-06-09,00:40,rebounds,9.5,-350.0,,True,betmgm,2026-06-07T22:21:56.877191
Julian Champagnie,,,0707c5b20ff523e730c85090c7faffdf,2026-06-09,00:40,rebounds,6.5,165.0,,True,betmgm,2026-06-07T22:21:56.877194
Mikal Bridges,,,0707c5b20ff523e730c85090c7faffdf,2026-06-09,00:40,rebounds,6.5,750.0,,True,betmgm,2026-06-07T22:21:56.877196
Stephon Castle,,,0707c5b20ff523e730c85090c7faffdf,2026-06-09,00:40,rebounds,6.5,220.0,,True,betmgm,2026-06-07T22:21:56.877197
Karl-Anthony Towns,,,0707c5b20ff523e730c85090c7faffdf,2026-06-09,00:40,rebounds,16.5,750.0,,True,betmgm,2026-06-07T22:21:56.877199
OG Anunoby,,,0707c5b20ff523e730c85090c7faffdf,2026-06-09,00:40,rebounds,4.5,-175.0,,True,betmgm,2026-06-07T22:21:56.877201
Mikal Bridges,,,0707c5b20ff523e730c85090c7faffdf,2026-06-09,00:40,rebounds,4.5,200.0,,True,betmgm,2026-06-07T22:21:56.877203
Jalen Brunson,,,0707c5b20ff523e730c85090c7faffdf,2026-06-09,00:40,rebounds,2.5,-190.0,,True,betmgm,2026-06-07T22:21:56.877204
Julian Champagnie,,,0707c5b20ff523e730c85090c7faffdf,2026-06-09,00:40,rebounds,2.5,-1400.0,,True,betmgm,2026-06-07T22:21:56.877206
Keldon Johnson,,,0707c5b20ff523e730c85090c7faffdf,2026-06-09,00:40,rebounds,4.5,390.0,,True,betmgm,2026-06-07T22:21:56.877208
Keldon Johnson,,,0707c5b20ff523e730c85090c7faffdf,2026-06-09,00:40,rebounds,2.5,-115.0,,True,betmgm,2026-06-07T22:21:56.877213
Luke Kornet,,,0707c5b20ff523e730c85090c7faffdf,2026-06-09,00:40,rebounds,4.5,525.0,,True,betmgm,2026-06-07T22:21:56.877215
Luke Kornet,,,0707c5b20ff523e730c85090c7faffdf,2026-06-09,00:40,rebounds,2.5,125.0,,True,betmgm,2026-06-07T22:21:56.877216
Mitchell Robinson,,,0707c5b20ff523e730c85090c7faffdf,2026-06-09,00:40,rebounds,6.5,155.0,,True,betmgm,2026-06-07T22:21:56.877218
Mitchell Robinson,,,0707c5b20ff523e730c85090c7faffdf,2026-06-09,00:40,rebounds,2.5,-1000.0,,True,betmgm,2026-06-07T22:21:56.877220
Mitchell Robinson,,,0707c5b20ff523e730c85090c7faffdf,2026-06-09,00:40,rebounds,9.5,650.0,,True,betmgm,2026-06-07T22:21:56.877222
Mitchell Robinson,,,0707c5b20ff523e730c85090c7faffdf,2026-06-09,00:40,rebounds,4.5,-200.0,,True,betmgm,2026-06-07T22:21:56.877223
Jose Alvarado,,,0707c5b20ff523e730c85090c7faffdf,2026-06-09,00:40,rebounds,2.5,425.0,,True,betmgm,2026-06-07T22:21:56.877225
Josh Hart,,,0707c5b20ff523e730c85090c7faffdf,2026-06-09,00:40,threes,1.5,130.0,-175.0,False,betmgm,2026-06-07T22:21:56.877241
OG Anunoby,,,0707c5b20ff523e730c85090c7faffdf,2026-06-09,00:40,threes,2.5,145.0,-190.0,False,betmgm,2026-06-07T22:21:56.877243
Mikal Bridges,,,0707c5b20ff523e730c85090c7faffdf,2026-06-09,00:40,threes,1.5,115.0,-155.0,False,betmgm,2026-06-07T22:21:56.877245
Jalen Brunson,,,0707c5b20ff523e730c85090c7faffdf,2026-06-09,00:40,threes,2.5,115.0,-155.0,False,betmgm,2026-06-07T22:21:56.877247
Devin Vassell,,,0707c5b20ff523e730c85090c7faffdf,2026-06-09,00:40,threes,2.5,115.0,-155.0,False,betmgm,2026-06-07T22:21:56.877248
De'Aaron Fox,,,0707c5b20ff523e730c85090c7faffdf,2026-06-09,00:40,threes,1.5,125.0,-165.0,False,betmgm,2026-06-07T22:21:56.877250
Karl-Anthony Towns,,,0707c5b20ff523e730c85090c7faffdf,2026-06-09,00:40,threes,1.5,105.0,-140.0,False,betmgm,2026-06-07T22:21:56.877252
Julian Champagnie,,,0707c5b20ff523e730c85090c7faffdf,2026-06-09,00:40,threes,2.5,125.0,-165.0,False,betmgm,2026-06-07T22:21:56.877253
Dylan Harper,,,0707c5b20ff523e730c85090c7faffdf,2026-06-09,00:40,threes,0.5,-165.0,125.0,False,betmgm,2026-06-07T22:21:56.877255
Stephon Castle,,,0707c5b20ff523e730c85090c7faffdf,2026-06-09,00:40,threes,1.5,135.0,-185.0,False,betmgm,2026-06-07T22:21:56.877257
Victor Wembanyama,,,0707c5b20ff523e730c85090c7faffdf,2026-06-09,00:40,threes,1.5,-165.0,125.0,False,betmgm,2026-06-07T22:21:56.877260
Landry Shamet,,,0707c5b20ff523e730c85090c7faffdf,2026-06-09,00:40,threes,1.5,-160.0,120.0,False,betmgm,2026-06-07T22:21:56.877262
Miles McBride,,,0707c5b20ff523e730c85090c7faffdf,2026-06-09,00:40,threes,1.5,130.0,-175.0,False,betmgm,2026-06-07T22:21:56.877263
Keldon Johnson,,,0707c5b20ff523e730c85090c7faffdf,2026-06-09,00:40,threes,0.5,-111.0,-118.0,False,betmgm,2026-06-07T22:21:56.877265
Jose Alvarado,,,0707c5b20ff523e730c85090c7faffdf,2026-06-09,00:40,threes,0.5,110.0,-145.0,False,betmgm,2026-06-07T22:21:56.877267
Josh Hart,,,0707c5b20ff523e730c85090c7faffdf,2026-06-09,00:40,threes,0.5,-350.0,,True,betmgm,2026-06-07T22:21:56.877309
Josh Hart,,,0707c5b20ff523e730c85090c7faffdf,2026-06-09,00:40,threes,2.5,390.0,,True,betmgm,2026-06-07T22:21:56.877311
OG Anunoby,,,0707c5b20ff523e730c85090c7faffdf,2026-06-09,00:40,threes,1.5,-235.0,,True,betmgm,2026-06-07T22:21:56.877313
Landry Shamet,,,0707c5b20ff523e730c85090c7faffdf,2026-06-09,00:40,threes,0.5,-750.0,,True,betmgm,2026-06-07T22:21:56.877315
OG Anunoby,,,0707c5b20ff523e730c85090c7faffdf,2026-06-09,00:40,threes,4.5,700.0,,True,betmgm,2026-06-07T22:21:56.877316
Josh Hart,,,0707c5b20ff523e730c85090c7faffdf,2026-06-09,00:40,threes,1.5,125.0,,True,betmgm,2026-06-07T22:21:56.877318
OG Anunoby,,,0707c5b20ff523e730c85090c7faffdf,2026-06-09,00:40,threes,0.5,-1200.0,,True,betmgm,2026-06-07T22:21:56.877320
Devin Vassell,,,0707c5b20ff523e730c85090c7faffdf,2026-06-09,00:40,threes,1.5,-250.0,,True,betmgm,2026-06-07T22:21:56.877322
Julian Champagnie,,,0707c5b20ff523e730c85090c7faffdf,2026-06-09,00:40,threes,4.5,675.0,,True,betmgm,2026-06-07T22:21:56.877323
Jalen Brunson,,,0707c5b20ff523e730c85090c7faffdf,2026-06-09,00:40,threes,2.5,-110.0,,True,betmgm,2026-06-07T22:21:56.877326
OG Anunoby,,,0707c5b20ff523e730c85090c7faffdf,2026-06-09,00:40,threes,2.5,120.0,,True,betmgm,2026-06-07T22:21:56.877328
Victor Wembanyama,,,0707c5b20ff523e730c85090c7faffdf,2026-06-09,00:40,threes,1.5,-175.0,,True,betmgm,2026-06-07T22:21:56.877330
Victor Wembanyama,,,0707c5b20ff523e730c85090c7faffdf,2026-06-09,00:40,threes,0.5,-800.0,,True,betmgm,2026-06-07T22:21:56.877332
Landry Shamet,,,0707c5b20ff523e730c85090c7faffdf,2026-06-09,00:40,threes,1.5,-160.0,,True,betmgm,2026-06-07T22:21:56.877333
Karl-Anthony Towns,,,0707c5b20ff523e730c85090c7faffdf,2026-06-09,00:40,threes,1.5,105.0,,True,betmgm,2026-06-07T22:21:56.877335
Miles McBride,,,0707c5b20ff523e730c85090c7faffdf,2026-06-09,00:40,threes,0.5,-325.0,,True,betmgm,2026-06-07T22:21:56.877337
Miles McBride,,,0707c5b20ff523e730c85090c7faffdf,2026-06-09,00:40,threes,3.5,1000.0,,True,betmgm,2026-06-07T22:21:56.877339
Dylan Harper,,,0707c5b20ff523e730c85090c7faffdf,2026-06-09,00:40,threes,2.5,825.0,,True,betmgm,2026-06-07T22:21:56.877340
Julian Champagnie,,,0707c5b20ff523e730c85090c7faffdf,2026-06-09,00:40,threes,3.5,300.0,,True,betmgm,2026-06-07T22:21:56.877342
Devin Vassell,,,0707c5b20ff523e730c85090c7faffdf,2026-06-09,00:40,threes,0.5,-1400.0,,True,betmgm,2026-06-07T22:21:56.877344
De'Aaron Fox,,,0707c5b20ff523e730c85090c7faffdf,2026-06-09,00:40,threes,0.5,-350.0,,True,betmgm,2026-06-07T22:21:56.877346
Karl-Anthony Towns,,,0707c5b20ff523e730c85090c7faffdf,2026-06-09,00:40,threes,0.5,-450.0,,True,betmgm,2026-06-07T22:21:56.877347
Mikal Bridges,,,0707c5b20ff523e730c85090c7faffdf,2026-06-09,00:40,threes,1.5,115.0,,True,betmgm,2026-06-07T22:21:56.877349
Julian Champagnie,,,0707c5b20ff523e730c85090c7faffdf,2026-06-09,00:40,threes,2.5,120.0,,True,betmgm,2026-06-07T22:21:56.877351
Dylan Harper,,,0707c5b20ff523e730c85090c7faffdf,2026-06-09,00:40,threes,1.5,275.0,,True,betmgm,2026-06-07T22:21:56.877353
Landry Shamet,,,0707c5b20ff523e730c85090c7faffdf,2026-06-09,00:40,threes,2.5,180.0,,True,betmgm,2026-06-07T22:21:56.877354
Victor Wembanyama,,,0707c5b20ff523e730c85090c7faffdf,2026-06-09,00:40,threes,3.5,425.0,,True,betmgm,2026-06-07T22:21:56.877356
Stephon Castle,,,0707c5b20ff523e730c85090c7faffdf,2026-06-09,00:40,threes,2.5,400.0,,True,betmgm,2026-06-07T22:21:56.877358
Jalen Brunson,,,0707c5b20ff523e730c85090c7faffdf,2026-06-09,00:40,threes,4.5,500.0,,True,betmgm,2026-06-07T22:21:56.877359
Jalen Brunson,,,0707c5b20ff523e730c85090c7faffdf,2026-06-09,00:40,threes,0.5,-1600.0,,True,betmgm,2026-06-07T22:21:56.877361
Julian Champagnie,,,0707c5b20ff523e730c85090c7faffdf,2026-06-09,00:40,threes,1.5,-235.0,,True,betmgm,2026-06-07T22:21:56.877363
Miles McBride,,,0707c5b20ff523e730c85090c7faffdf,2026-06-09,00:40,threes,2.5,390.0,,True,betmgm,2026-06-07T22:21:56.877365
De'Aaron Fox,,,0707c5b20ff523e730c85090c7faffdf,2026-06-09,00:40,threes,1.5,120.0,,True,betmgm,2026-06-07T22:21:56.877368
Stephon Castle,,,0707c5b20ff523e730c85090c7faffdf,2026-06-09,00:40,threes,0.5,-325.0,,True,betmgm,2026-06-07T22:21:56.877370
Dylan Harper,,,0707c5b20ff523e730c85090c7faffdf,2026-06-09,00:40,threes,0.5,-165.0,,True,betmgm,2026-06-07T22:21:56.877371
Devin Vassell,,,0707c5b20ff523e730c85090c7faffdf,2026-06-09,00:40,threes,2.5,115.0,,True,betmgm,2026-06-07T22:21:56.877373
Karl-Anthony Towns,,,0707c5b20ff523e730c85090c7faffdf,2026-06-09,00:40,threes,3.5,825.0,,True,betmgm,2026-06-07T22:21:56.877375
Mikal Bridges,,,0707c5b20ff523e730c85090c7faffdf,2026-06-09,00:40,threes,0.5,-375.0,,True,betmgm,2026-06-07T22:21:56.877377
Miles McBride,,,0707c5b20ff523e730c85090c7faffdf,2026-06-09,00:40,threes,1.5,130.0,,True,betmgm,2026-06-07T22:21:56.877378
De'Aaron Fox,,,0707c5b20ff523e730c85090c7faffdf,2026-06-09,00:40,threes,2.5,375.0,,True,betmgm,2026-06-07T22:21:56.877380
Julian Champagnie,,,0707c5b20ff523e730c85090c7faffdf,2026-06-09,00:40,threes,0.5,-1200.0,,True,betmgm,2026-06-07T22:21:56.877382
Landry Shamet,,,0707c5b20ff523e730c85090c7faffdf,2026-06-09,00:40,threes,3.5,450.0,,True,betmgm,2026-06-07T22:21:56.877385
OG Anunoby,,,0707c5b20ff523e730c85090c7faffdf,2026-06-09,00:40,threes,3.5,300.0,,True,betmgm,2026-06-07T22:21:56.877387
Karl-Anthony Towns,,,0707c5b20ff523e730c85090c7faffdf,2026-06-09,00:40,threes,2.5,325.0,,True,betmgm,2026-06-07T22:21:56.877388
Victor Wembanyama,,,0707c5b20ff523e730c85090c7faffdf,2026-06-09,00:40,threes,2.5,175.0,,True,betmgm,2026-06-07T22:21:56.877390
Mikal Bridges,,,0707c5b20ff523e730c85090c7faffdf,2026-06-09,00:40,threes,2.5,340.0,,True,betmgm,2026-06-07T22:21:56.877392
Devin Vassell,,,0707c5b20ff523e730c85090c7faffdf,2026-06-09,00:40,threes,3.5,280.0,,True,betmgm,2026-06-07T22:21:56.877395
Jalen Brunson,,,0707c5b20ff523e730c85090c7faffdf,2026-06-09,00:40,threes,1.5,-325.0,,True,betmgm,2026-06-07T22:21:56.877397
Jalen Brunson,,,0707c5b20ff523e730c85090c7faffdf,2026-06-09,00:40,threes,3.5,230.0,,True,betmgm,2026-06-07T22:21:56.877399
Stephon Castle,,,0707c5b20ff523e730c85090c7faffdf,2026-06-09,00:40,threes,1.5,135.0,,True,betmgm,2026-06-07T22:21:56.877400
Devin Vassell,,,0707c5b20ff523e730c85090c7faffdf,2026-06-09,00:40,threes,4.5,625.0,,True,betmgm,2026-06-07T22:21:56.877402
Keldon Johnson,,,0707c5b20ff523e730c85090c7faffdf,2026-06-09,00:40,threes,0.5,-111.0,,True,betmgm,2026-06-07T22:21:56.877404
Keldon Johnson,,,0707c5b20ff523e730c85090c7faffdf,2026-06-09,00:40,threes,1.5,400.0,,True,betmgm,2026-06-07T22:21:56.877406
Jose Alvarado,,,0707c5b20ff523e730c85090c7faffdf,2026-06-09,00:40,threes,1.5,425.0,,True,betmgm,2026-06-07T22:21:56.877407
Jose Alvarado,,,0707c5b20ff523e730c85090c7faffdf,2026-06-09,00:40,threes,0.5,-105.0,,True,betmgm,2026-06-07T22:21:56.877409
