player_name,team,opponent,game_id,game_date,game_time,prop_type,line,over_odds,under_odds,is_alt_line,sportsbook,scraped_at
Dylan Harper,,,9ea306ebbe68ff94dfa5b88d1e250b37,2026-06-11,00:40,assists,3.5,104.0,-138.0,False,fanduel,2026-06-09T23:13:01.825164
Jose Alvarado,,,9ea306ebbe68ff94dfa5b88d1e250b37,2026-06-11,00:40,assists,1.5,148.0,-200.0,False,fanduel,2026-06-09T23:13:01.825180
Devin Vassell,,,9ea306ebbe68ff94dfa5b88d1e250b37,2026-06-11,00:40,assists,2.5,122.0,-162.0,False,fanduel,2026-06-09T23:13:01.825184
Karl-Anthony Towns,,,9ea306ebbe68ff94dfa5b88d1e250b37,2026-06-11,00:40,assists,3.5,-152.0,114.0,False,fanduel,2026-06-09T23:13:01.825186
Josh Hart,,,9ea306ebbe68ff94dfa5b88d1e250b37,2026-06-11,00:40,assists,4.5,-114.0,-114.0,False,fanduel,2026-06-09T23:13:01.825188
De'Aaron Fox,,,9ea306ebbe68ff94dfa5b88d1e250b37,2026-06-11,00:40,assists,6.5,118.0,-158.0,False,fanduel,2026-06-09T23:13:01.825190
Mikal Bridges,,,9ea306ebbe68ff94dfa5b88d1e250b37,2026-06-11,00:40,assists,2.5,-158.0,118.0,False,fanduel,2026-06-09T23:13:01.825192
Jalen Brunson,,,9ea306ebbe68ff94dfa5b88d1e250b37,2026-06-11,00:40,assists,5.5,-148.0,112.0,False,fanduel,2026-06-09T23:13:01.825194
Stephon Castle,,,9ea306ebbe68ff94dfa5b88d1e250b37,2026-06-11,00:40,assists,6.5,-132.0,100.0,False,fanduel,2026-06-09T23:13:01.825197
Julian Champagnie,,,9ea306ebbe68ff94dfa5b88d1e250b37,2026-06-11,00:40,assists,1.5,116.0,-158.0,False,fanduel,2026-06-09T23:13:01.825199
Victor Wembanyama,,,9ea306ebbe68ff94dfa5b88d1e250b37,2026-06-11,00:40,assists,3.5,116.0,-154.0,False,fanduel,2026-06-09T23:13:01.825204
OG Anunoby,,,9ea306ebbe68ff94dfa5b88d1e250b37,2026-06-11,00:40,assists,1.5,-146.0,110.0,False,fanduel,2026-06-09T23:13:01.825206
De'Aaron Fox,,,9ea306ebbe68ff94dfa5b88d1e250b37,2026-06-11,00:40,assists,3.5,-900.0,,True,fanduel,2026-06-09T23:13:01.825263
De'Aaron Fox,,,9ea306ebbe68ff94dfa5b88d1e250b37,2026-06-11,00:40,assists,4.5,-350.0,240.0,True,fanduel,2026-06-09T23:13:01.825266
De'Aaron Fox,,,9ea306ebbe68ff94dfa5b88d1e250b37,2026-06-11,00:40,assists,5.5,-162.0,124.0,True,fanduel,2026-06-09T23:13:01.825268
De'Aaron Fox,,,9ea306ebbe68ff94dfa5b88d1e250b37,2026-06-11,00:40,assists,6.5,118.0,-158.0,True,fanduel,2026-06-09T23:13:01.825270
De'Aaron Fox,,,9ea306ebbe68ff94dfa5b88d1e250b37,2026-06-11,00:40,assists,7.5,230.0,-310.0,True,fanduel,2026-06-09T23:13:01.825284
De'Aaron Fox,,,9ea306ebbe68ff94dfa5b88d1e250b37,2026-06-11,00:40,assists,8.5,390.0,-650.0,True,fanduel,2026-06-09T23:13:01.825286
Stephon Castle,,,9ea306ebbe68ff94dfa5b88d1e250b37,2026-06-11,00:40,assists,11.5,1100.0,,True,fanduel,2026-06-09T23:13:01.825288
De'Aaron Fox,,,9ea306ebbe68ff94dfa5b88d1e250b37,2026-06-11,00:40,assists,11.5,1700.0,,True,fanduel,2026-06-09T23:13:01.825290
Jalen Brunson,,,9ea306ebbe68ff94dfa5b88d1e250b37,2026-06-11,00:40,assists,11.5,1800.0,,True,fanduel,2026-06-09T23:13:01.825292
Devin Vassell,,,9ea306ebbe68ff94dfa5b88d1e250b37,2026-06-11,00:40,assists,1.5,-265.0,194.0,True,fanduel,2026-06-09T23:13:01.825294
Devin Vassell,,,9ea306ebbe68ff94dfa5b88d1e250b37,2026-06-11,00:40,assists,2.5,122.0,-162.0,True,fanduel,2026-06-09T23:13:01.825295
Devin Vassell,,,9ea306ebbe68ff94dfa5b88d1e250b37,2026-06-11,00:40,assists,3.5,330.0,-490.0,True,fanduel,2026-06-09T23:13:01.825297
Stephon Castle,,,9ea306ebbe68ff94dfa5b88d1e250b37,2026-06-11,00:40,assists,5.5,-260.0,188.0,True,fanduel,2026-06-09T23:13:01.825299
Jalen Brunson,,,9ea306ebbe68ff94dfa5b88d1e250b37,2026-06-11,00:40,assists,5.5,-146.0,,True,fanduel,2026-06-09T23:13:01.825300
Josh Hart,,,9ea306ebbe68ff94dfa5b88d1e250b37,2026-06-11,00:40,assists,5.5,180.0,,True,fanduel,2026-06-09T23:13:01.825302
Karl-Anthony Towns,,,9ea306ebbe68ff94dfa5b88d1e250b37,2026-06-11,00:40,assists,5.5,330.0,,True,fanduel,2026-06-09T23:13:01.825304
Dylan Harper,,,9ea306ebbe68ff94dfa5b88d1e250b37,2026-06-11,00:40,assists,5.5,490.0,-900.0,True,fanduel,2026-06-09T23:13:01.825306
Victor Wembanyama,,,9ea306ebbe68ff94dfa5b88d1e250b37,2026-06-11,00:40,assists,5.5,600.0,-1200.0,True,fanduel,2026-06-09T23:13:01.825310
Mikal Bridges,,,9ea306ebbe68ff94dfa5b88d1e250b37,2026-06-11,00:40,assists,5.5,830.0,,True,fanduel,2026-06-09T23:13:01.825312
Josh Hart,,,9ea306ebbe68ff94dfa5b88d1e250b37,2026-06-11,00:40,assists,1.5,-4000.0,,True,fanduel,2026-06-09T23:13:01.825313
Karl-Anthony Towns,,,9ea306ebbe68ff94dfa5b88d1e250b37,2026-06-11,00:40,assists,1.5,-1600.0,,True,fanduel,2026-06-09T23:13:01.825315
Victor Wembanyama,,,9ea306ebbe68ff94dfa5b88d1e250b37,2026-06-11,00:40,assists,1.5,-850.0,470.0,True,fanduel,2026-06-09T23:13:01.825317
Dylan Harper,,,9ea306ebbe68ff94dfa5b88d1e250b37,2026-06-11,00:40,assists,1.5,-850.0,470.0,True,fanduel,2026-06-09T23:13:01.825319
Mikal Bridges,,,9ea306ebbe68ff94dfa5b88d1e250b37,2026-06-11,00:40,assists,1.5,-500.0,,True,fanduel,2026-06-09T23:13:01.825320
OG Anunoby,,,9ea306ebbe68ff94dfa5b88d1e250b37,2026-06-11,00:40,assists,1.5,-142.0,,True,fanduel,2026-06-09T23:13:01.825322
Julian Champagnie,,,9ea306ebbe68ff94dfa5b88d1e250b37,2026-06-11,00:40,assists,1.5,120.0,,True,fanduel,2026-06-09T23:13:01.825324
Jose Alvarado,,,9ea306ebbe68ff94dfa5b88d1e250b37,2026-06-11,00:40,assists,1.5,150.0,,True,fanduel,2026-06-09T23:13:01.825325
Miles McBride,,,9ea306ebbe68ff94dfa5b88d1e250b37,2026-06-11,00:40,assists,1.5,180.0,,True,fanduel,2026-06-09T23:13:01.825327
Landry Shamet,,,9ea306ebbe68ff94dfa5b88d1e250b37,2026-06-11,00:40,assists,1.5,200.0,,True,fanduel,2026-06-09T23:13:01.825329
Keldon Johnson,,,9ea306ebbe68ff94dfa5b88d1e250b37,2026-06-11,00:40,assists,1.5,370.0,,True,fanduel,2026-06-09T23:13:01.825331
Luke Kornet,,,9ea306ebbe68ff94dfa5b88d1e250b37,2026-06-11,00:40,assists,1.5,440.0,,True,fanduel,2026-06-09T23:13:01.825335
Victor Wembanyama,,,9ea306ebbe68ff94dfa5b88d1e250b37,2026-06-11,00:40,assists,2.5,-230.0,168.0,True,fanduel,2026-06-09T23:13:01.825337
Victor Wembanyama,,,9ea306ebbe68ff94dfa5b88d1e250b37,2026-06-11,00:40,assists,3.5,118.0,-154.0,True,fanduel,2026-06-09T23:13:01.825338
Victor Wembanyama,,,9ea306ebbe68ff94dfa5b88d1e250b37,2026-06-11,00:40,assists,4.5,270.0,-400.0,True,fanduel,2026-06-09T23:13:01.825340
Stephon Castle,,,9ea306ebbe68ff94dfa5b88d1e250b37,2026-06-11,00:40,assists,13.5,3000.0,,True,fanduel,2026-06-09T23:13:01.825342
Dylan Harper,,,9ea306ebbe68ff94dfa5b88d1e250b37,2026-06-11,00:40,assists,2.5,-245.0,178.0,True,fanduel,2026-06-09T23:13:01.825343
Dylan Harper,,,9ea306ebbe68ff94dfa5b88d1e250b37,2026-06-11,00:40,assists,3.5,106.0,-138.0,True,fanduel,2026-06-09T23:13:01.825345
Dylan Harper,,,9ea306ebbe68ff94dfa5b88d1e250b37,2026-06-11,00:40,assists,4.5,230.0,-330.0,True,fanduel,2026-06-09T23:13:01.825347
Stephon Castle,,,9ea306ebbe68ff94dfa5b88d1e250b37,2026-06-11,00:40,assists,4.5,-580.0,360.0,True,fanduel,2026-06-09T23:13:01.825348
Stephon Castle,,,9ea306ebbe68ff94dfa5b88d1e250b37,2026-06-11,00:40,assists,6.5,-132.0,100.0,True,fanduel,2026-06-09T23:13:01.825350
Stephon Castle,,,9ea306ebbe68ff94dfa5b88d1e250b37,2026-06-11,00:40,assists,7.5,150.0,-200.0,True,fanduel,2026-06-09T23:13:01.825352
Stephon Castle,,,9ea306ebbe68ff94dfa5b88d1e250b37,2026-06-11,00:40,assists,8.5,250.0,-360.0,True,fanduel,2026-06-09T23:13:01.825354
Stephon Castle,,,9ea306ebbe68ff94dfa5b88d1e250b37,2026-06-11,00:40,assists,9.5,390.0,-600.0,True,fanduel,2026-06-09T23:13:01.825356
De'Aaron Fox,,,9ea306ebbe68ff94dfa5b88d1e250b37,2026-06-11,00:40,assists,9.5,600.0,,True,fanduel,2026-06-09T23:13:01.825357
Jalen Brunson,,,9ea306ebbe68ff94dfa5b88d1e250b37,2026-06-11,00:40,assists,9.5,700.0,,True,fanduel,2026-06-09T23:13:01.825359
Josh Hart,,,9ea306ebbe68ff94dfa5b88d1e250b37,2026-06-11,00:40,assists,9.5,1400.0,,True,fanduel,2026-06-09T23:13:01.825361
Jalen Brunson,,,9ea306ebbe68ff94dfa5b88d1e250b37,2026-06-11,00:40,assists,7.5,255.0,,True,fanduel,2026-06-09T23:13:01.825363
Josh Hart,,,9ea306ebbe68ff94dfa5b88d1e250b37,2026-06-11,00:40,assists,7.5,630.0,,True,fanduel,2026-06-09T23:13:01.825364
Karl-Anthony Towns,,,9ea306ebbe68ff94dfa5b88d1e250b37,2026-06-11,00:40,assists,7.5,1200.0,,True,fanduel,2026-06-09T23:13:01.825366
Dylan Harper,,,9ea306ebbe68ff94dfa5b88d1e250b37,2026-06-11,00:40,assists,7.5,1700.0,,True,fanduel,2026-06-09T23:13:01.825368
Stephon Castle,,,9ea306ebbe68ff94dfa5b88d1e250b37,2026-06-11,00:40,assists,3.5,-1600.0,,True,fanduel,2026-06-09T23:13:01.825372
Jalen Brunson,,,9ea306ebbe68ff94dfa5b88d1e250b37,2026-06-11,00:40,assists,3.5,-800.0,,True,fanduel,2026-06-09T23:13:01.825374
Josh Hart,,,9ea306ebbe68ff94dfa5b88d1e250b37,2026-06-11,00:40,assists,3.5,-260.0,,True,fanduel,2026-06-09T23:13:01.825375
Karl-Anthony Towns,,,9ea306ebbe68ff94dfa5b88d1e250b37,2026-06-11,00:40,assists,3.5,-146.0,,True,fanduel,2026-06-09T23:13:01.825377
Mikal Bridges,,,9ea306ebbe68ff94dfa5b88d1e250b37,2026-06-11,00:40,assists,3.5,172.0,,True,fanduel,2026-06-09T23:13:01.825379
OG Anunoby,,,9ea306ebbe68ff94dfa5b88d1e250b37,2026-06-11,00:40,assists,3.5,600.0,,True,fanduel,2026-06-09T23:13:01.825381
Jose Alvarado,,,9ea306ebbe68ff94dfa5b88d1e250b37,2026-06-11,00:40,assists,3.5,1000.0,,True,fanduel,2026-06-09T23:13:01.825382
Julian Champagnie,,,9ea306ebbe68ff94dfa5b88d1e250b37,2026-06-11,00:40,assists,3.5,1060.0,,True,fanduel,2026-06-09T23:13:01.825384
Dylan Harper,,,9ea306ebbe68ff94dfa5b88d1e250b37,2026-06-11,00:40,points,13.5,-122.0,-108.0,False,fanduel,2026-06-09T23:13:01.825404
Jose Alvarado,,,9ea306ebbe68ff94dfa5b88d1e250b37,2026-06-11,00:40,points,2.5,-130.0,-102.0,False,fanduel,2026-06-09T23:13:01.825406
Luke Kornet,,,9ea306ebbe68ff94dfa5b88d1e250b37,2026-06-11,00:40,points,1.5,-136.0,102.0,False,fanduel,2026-06-09T23:13:01.825408
Devin Vassell,,,9ea306ebbe68ff94dfa5b88d1e250b37,2026-06-11,00:40,points,12.5,-130.0,-102.0,False,fanduel,2026-06-09T23:13:01.825410
Josh Hart,,,9ea306ebbe68ff94dfa5b88d1e250b37,2026-06-11,00:40,points,10.5,100.0,-132.0,False,fanduel,2026-06-09T23:13:01.825414
Karl-Anthony Towns,,,9ea306ebbe68ff94dfa5b88d1e250b37,2026-06-11,00:40,points,17.5,-102.0,-130.0,False,fanduel,2026-06-09T23:13:01.825416
Mitchell Robinson,,,9ea306ebbe68ff94dfa5b88d1e250b37,2026-06-11,00:40,points,3.5,-112.0,-118.0,False,fanduel,2026-06-09T23:13:01.825417
De'Aaron Fox,,,9ea306ebbe68ff94dfa5b88d1e250b37,2026-06-11,00:40,points,14.5,100.0,-132.0,False,fanduel,2026-06-09T23:13:01.825419
Mikal Bridges,,,9ea306ebbe68ff94dfa5b88d1e250b37,2026-06-11,00:40,points,12.5,-112.0,-118.0,False,fanduel,2026-06-09T23:13:01.825421
Keldon Johnson,,,9ea306ebbe68ff94dfa5b88d1e250b37,2026-06-11,00:40,points,6.5,-102.0,-130.0,False,fanduel,2026-06-09T23:13:01.825423
Jalen Brunson,,,9ea306ebbe68ff94dfa5b88d1e250b37,2026-06-11,00:40,points,26.5,-118.0,-112.0,False,fanduel,2026-06-09T23:13:01.825424
Victor Wembanyama,,,9ea306ebbe68ff94dfa5b88d1e250b37,2026-06-11,00:40,points,27.5,-108.0,-122.0,False,fanduel,2026-06-09T23:13:01.825426
Miles McBride,,,9ea306ebbe68ff94dfa5b88d1e250b37,2026-06-11,00:40,points,4.5,-120.0,-110.0,False,fanduel,2026-06-09T23:13:01.825428
Landry Shamet,,,9ea306ebbe68ff94dfa5b88d1e250b37,2026-06-11,00:40,points,7.5,-118.0,-112.0,False,fanduel,2026-06-09T23:13:01.825429
Stephon Castle,,,9ea306ebbe68ff94dfa5b88d1e250b37,2026-06-11,00:40,points,15.5,-120.0,-110.0,False,fanduel,2026-06-09T23:13:01.825431
Julian Champagnie,,,9ea306ebbe68ff94dfa5b88d1e250b37,2026-06-11,00:40,points,9.5,-104.0,-128.0,False,fanduel,2026-06-09T23:13:01.825433
OG Anunoby,,,9ea306ebbe68ff94dfa5b88d1e250b37,2026-06-11,00:40,points,16.5,-114.0,-114.0,False,fanduel,2026-06-09T23:13:01.825435
Stephon Castle,,,9ea306ebbe68ff94dfa5b88d1e250b37,2026-06-11,00:40,points,9.5,-850.0,490.0,True,fanduel,2026-06-09T23:13:01.825656
Stephon Castle,,,9ea306ebbe68ff94dfa5b88d1e250b37,2026-06-11,00:40,points,10.5,-580.0,360.0,True,fanduel,2026-06-09T23:13:01.825659
Stephon Castle,,,9ea306ebbe68ff94dfa5b88d1e250b37,2026-06-11,00:40,points,11.5,-400.0,270.0,True,fanduel,2026-06-09T23:13:01.825660
Stephon Castle,,,9ea306ebbe68ff94dfa5b88d1e250b37,2026-06-11,00:40,points,12.5,-290.0,205.0,True,fanduel,2026-06-09T23:13:01.825662
Stephon Castle,,,9ea306ebbe68ff94dfa5b88d1e250b37,2026-06-11,00:40,points,13.5,-220.0,162.0,True,fanduel,2026-06-09T23:13:01.825664
Stephon Castle,,,9ea306ebbe68ff94dfa5b88d1e250b37,2026-06-11,00:40,points,14.5,-158.0,120.0,True,fanduel,2026-06-09T23:13:01.825665
Stephon Castle,,,9ea306ebbe68ff94dfa5b88d1e250b37,2026-06-11,00:40,points,15.5,-120.0,-110.0,True,fanduel,2026-06-09T23:13:01.825667
Stephon Castle,,,9ea306ebbe68ff94dfa5b88d1e250b37,2026-06-11,00:40,points,16.5,112.0,-148.0,True,fanduel,2026-06-09T23:13:01.825669
Stephon Castle,,,9ea306ebbe68ff94dfa5b88d1e250b37,2026-06-11,00:40,points,17.5,142.0,-192.0,True,fanduel,2026-06-09T23:13:01.825671
Stephon Castle,,,9ea306ebbe68ff94dfa5b88d1e250b37,2026-06-11,00:40,points,18.5,182.0,-250.0,True,fanduel,2026-06-09T23:13:01.825673
Stephon Castle,,,9ea306ebbe68ff94dfa5b88d1e250b37,2026-06-11,00:40,points,19.5,240.0,-330.0,True,fanduel,2026-06-09T23:13:01.825674
Stephon Castle,,,9ea306ebbe68ff94dfa5b88d1e250b37,2026-06-11,00:40,points,20.5,290.0,-440.0,True,fanduel,2026-06-09T23:13:01.825676
Stephon Castle,,,9ea306ebbe68ff94dfa5b88d1e250b37,2026-06-11,00:40,points,21.5,390.0,-650.0,True,fanduel,2026-06-09T23:13:01.825678
Miles McBride,,,9ea306ebbe68ff94dfa5b88d1e250b37,2026-06-11,00:40,points,0.5,-700.0,410.0,True,fanduel,2026-06-09T23:13:01.825679
Miles McBride,,,9ea306ebbe68ff94dfa5b88d1e250b37,2026-06-11,00:40,points,1.5,-650.0,390.0,True,fanduel,2026-06-09T23:13:01.825683
Miles McBride,,,9ea306ebbe68ff94dfa5b88d1e250b37,2026-06-11,00:40,points,2.5,-310.0,220.0,True,fanduel,2026-06-09T23:13:01.825685
Miles McBride,,,9ea306ebbe68ff94dfa5b88d1e250b37,2026-06-11,00:40,points,3.5,-148.0,112.0,True,fanduel,2026-06-09T23:13:01.825687
Miles McBride,,,9ea306ebbe68ff94dfa5b88d1e250b37,2026-06-11,00:40,points,4.5,-120.0,-110.0,True,fanduel,2026-06-09T23:13:01.825688
Miles McBride,,,9ea306ebbe68ff94dfa5b88d1e250b37,2026-06-11,00:40,points,5.5,134.0,-180.0,True,fanduel,2026-06-09T23:13:01.825690
Miles McBride,,,9ea306ebbe68ff94dfa5b88d1e250b37,2026-06-11,00:40,points,6.5,198.0,-275.0,True,fanduel,2026-06-09T23:13:01.825692
Miles McBride,,,9ea306ebbe68ff94dfa5b88d1e250b37,2026-06-11,00:40,points,7.5,255.0,-360.0,True,fanduel,2026-06-09T23:13:01.825693
Landry Shamet,,,9ea306ebbe68ff94dfa5b88d1e250b37,2026-06-11,00:40,points,3.5,-470.0,310.0,True,fanduel,2026-06-09T23:13:01.825695
Landry Shamet,,,9ea306ebbe68ff94dfa5b88d1e250b37,2026-06-11,00:40,points,4.5,-380.0,260.0,True,fanduel,2026-06-09T23:13:01.825697
Landry Shamet,,,9ea306ebbe68ff94dfa5b88d1e250b37,2026-06-11,00:40,points,5.5,-235.0,172.0,True,fanduel,2026-06-09T23:13:01.825699
Landry Shamet,,,9ea306ebbe68ff94dfa5b88d1e250b37,2026-06-11,00:40,points,6.5,-146.0,110.0,True,fanduel,2026-06-09T23:13:01.825700
Landry Shamet,,,9ea306ebbe68ff94dfa5b88d1e250b37,2026-06-11,00:40,points,7.5,-118.0,-112.0,True,fanduel,2026-06-09T23:13:01.825704
Landry Shamet,,,9ea306ebbe68ff94dfa5b88d1e250b37,2026-06-11,00:40,points,8.5,118.0,-158.0,True,fanduel,2026-06-09T23:13:01.825706
Landry Shamet,,,9ea306ebbe68ff94dfa5b88d1e250b37,2026-06-11,00:40,points,9.5,168.0,-230.0,True,fanduel,2026-06-09T23:13:01.825708
Landry Shamet,,,9ea306ebbe68ff94dfa5b88d1e250b37,2026-06-11,00:40,points,10.5,205.0,-290.0,True,fanduel,2026-06-09T23:13:01.825709
Jose Alvarado,,,9ea306ebbe68ff94dfa5b88d1e250b37,2026-06-11,00:40,points,0.5,-280.0,200.0,True,fanduel,2026-06-09T23:13:01.825711
Jose Alvarado,,,9ea306ebbe68ff94dfa5b88d1e250b37,2026-06-11,00:40,points,1.5,-260.0,188.0,True,fanduel,2026-06-09T23:13:01.825713
Jose Alvarado,,,9ea306ebbe68ff94dfa5b88d1e250b37,2026-06-11,00:40,points,2.5,-130.0,-102.0,True,fanduel,2026-06-09T23:13:01.825714
Jose Alvarado,,,9ea306ebbe68ff94dfa5b88d1e250b37,2026-06-11,00:40,points,3.5,146.0,-198.0,True,fanduel,2026-06-09T23:13:01.825716
Jose Alvarado,,,9ea306ebbe68ff94dfa5b88d1e250b37,2026-06-11,00:40,points,4.5,194.0,-270.0,True,fanduel,2026-06-09T23:13:01.825718
Jose Alvarado,,,9ea306ebbe68ff94dfa5b88d1e250b37,2026-06-11,00:40,points,5.5,300.0,-470.0,True,fanduel,2026-06-09T23:13:01.825720
OG Anunoby,,,9ea306ebbe68ff94dfa5b88d1e250b37,2026-06-11,00:40,points,9.5,-1000.0,,True,fanduel,2026-06-09T23:13:01.825722
OG Anunoby,,,9ea306ebbe68ff94dfa5b88d1e250b37,2026-06-11,00:40,points,10.5,-700.0,410.0,True,fanduel,2026-06-09T23:13:01.825723
OG Anunoby,,,9ea306ebbe68ff94dfa5b88d1e250b37,2026-06-11,00:40,points,11.5,-490.0,320.0,True,fanduel,2026-06-09T23:13:01.825725
OG Anunoby,,,9ea306ebbe68ff94dfa5b88d1e250b37,2026-06-11,00:40,points,12.5,-350.0,240.0,True,fanduel,2026-06-09T23:13:01.825727
OG Anunoby,,,9ea306ebbe68ff94dfa5b88d1e250b37,2026-06-11,00:40,points,13.5,-270.0,194.0,True,fanduel,2026-06-09T23:13:01.825728
OG Anunoby,,,9ea306ebbe68ff94dfa5b88d1e250b37,2026-06-11,00:40,points,14.5,-188.0,146.0,True,fanduel,2026-06-09T23:13:01.825730
OG Anunoby,,,9ea306ebbe68ff94dfa5b88d1e250b37,2026-06-11,00:40,points,15.5,-148.0,112.0,True,fanduel,2026-06-09T23:13:01.825732
OG Anunoby,,,9ea306ebbe68ff94dfa5b88d1e250b37,2026-06-11,00:40,points,16.5,-114.0,-114.0,True,fanduel,2026-06-09T23:13:01.825734
OG Anunoby,,,9ea306ebbe68ff94dfa5b88d1e250b37,2026-06-11,00:40,points,17.5,116.0,-154.0,True,fanduel,2026-06-09T23:13:01.825736
OG Anunoby,,,9ea306ebbe68ff94dfa5b88d1e250b37,2026-06-11,00:40,points,18.5,148.0,-200.0,True,fanduel,2026-06-09T23:13:01.825738
OG Anunoby,,,9ea306ebbe68ff94dfa5b88d1e250b37,2026-06-11,00:40,points,19.5,190.0,-250.0,True,fanduel,2026-06-09T23:13:01.825739
OG Anunoby,,,9ea306ebbe68ff94dfa5b88d1e250b37,2026-06-11,00:40,points,20.5,225.0,-320.0,True,fanduel,2026-06-09T23:13:01.825743
OG Anunoby,,,9ea306ebbe68ff94dfa5b88d1e250b37,2026-06-11,00:40,points,21.5,290.0,-440.0,True,fanduel,2026-06-09T23:13:01.825745
OG Anunoby,,,9ea306ebbe68ff94dfa5b88d1e250b37,2026-06-11,00:40,points,22.5,360.0,-580.0,True,fanduel,2026-06-09T23:13:01.825746
OG Anunoby,,,9ea306ebbe68ff94dfa5b88d1e250b37,2026-06-11,00:40,points,23.5,430.0,-750.0,True,fanduel,2026-06-09T23:13:01.825748
Mikal Bridges,,,9ea306ebbe68ff94dfa5b88d1e250b37,2026-06-11,00:40,points,6.5,-1000.0,,True,fanduel,2026-06-09T23:13:01.825750
Mikal Bridges,,,9ea306ebbe68ff94dfa5b88d1e250b37,2026-06-11,00:40,points,7.5,-600.0,370.0,True,fanduel,2026-06-09T23:13:01.825752
Mikal Bridges,,,9ea306ebbe68ff94dfa5b88d1e250b37,2026-06-11,00:40,points,8.5,-420.0,280.0,True,fanduel,2026-06-09T23:13:01.825753
Mikal Bridges,,,9ea306ebbe68ff94dfa5b88d1e250b37,2026-06-11,00:40,points,9.5,-280.0,200.0,True,fanduel,2026-06-09T23:13:01.825755
Mikal Bridges,,,9ea306ebbe68ff94dfa5b88d1e250b37,2026-06-11,00:40,points,10.5,-210.0,154.0,True,fanduel,2026-06-09T23:13:01.825757
Mikal Bridges,,,9ea306ebbe68ff94dfa5b88d1e250b37,2026-06-11,00:40,points,11.5,-152.0,114.0,True,fanduel,2026-06-09T23:13:01.825759
Mikal Bridges,,,9ea306ebbe68ff94dfa5b88d1e250b37,2026-06-11,00:40,points,12.5,-112.0,-118.0,True,fanduel,2026-06-09T23:13:01.825760
Mikal Bridges,,,9ea306ebbe68ff94dfa5b88d1e250b37,2026-06-11,00:40,points,13.5,120.0,-160.0,True,fanduel,2026-06-09T23:13:01.825762
Mikal Bridges,,,9ea306ebbe68ff94dfa5b88d1e250b37,2026-06-11,00:40,points,14.5,164.0,-220.0,True,fanduel,2026-06-09T23:13:01.825764
Mikal Bridges,,,9ea306ebbe68ff94dfa5b88d1e250b37,2026-06-11,00:40,points,15.5,205.0,-290.0,True,fanduel,2026-06-09T23:13:01.825765
Mikal Bridges,,,9ea306ebbe68ff94dfa5b88d1e250b37,2026-06-11,00:40,points,16.5,270.0,-400.0,True,fanduel,2026-06-09T23:13:01.825767
Mikal Bridges,,,9ea306ebbe68ff94dfa5b88d1e250b37,2026-06-11,00:40,points,17.5,350.0,-550.0,True,fanduel,2026-06-09T23:13:01.825769
Victor Wembanyama,,,9ea306ebbe68ff94dfa5b88d1e250b37,2026-06-11,00:40,points,19.5,-800.0,450.0,True,fanduel,2026-06-09T23:13:01.825773
Jalen Brunson,,,9ea306ebbe68ff94dfa5b88d1e250b37,2026-06-11,00:40,points,19.5,-650.0,390.0,True,fanduel,2026-06-09T23:13:01.825774
Karl-Anthony Towns,,,9ea306ebbe68ff94dfa5b88d1e250b37,2026-06-11,00:40,points,19.5,154.0,-210.0,True,fanduel,2026-06-09T23:13:01.825776
De'Aaron Fox,,,9ea306ebbe68ff94dfa5b88d1e250b37,2026-06-11,00:40,points,19.5,360.0,-580.0,True,fanduel,2026-06-09T23:13:01.825778
Dylan Harper,,,9ea306ebbe68ff94dfa5b88d1e250b37,2026-06-11,00:40,points,19.5,390.0,,True,fanduel,2026-06-09T23:13:01.825779
Devin Vassell,,,9ea306ebbe68ff94dfa5b88d1e250b37,2026-06-11,00:40,points,19.5,480.0,,True,fanduel,2026-06-09T23:13:01.825781
Mikal Bridges,,,9ea306ebbe68ff94dfa5b88d1e250b37,2026-06-11,00:40,points,19.5,560.0,,True,fanduel,2026-06-09T23:13:01.825782
Josh Hart,,,9ea306ebbe68ff94dfa5b88d1e250b37,2026-06-11,00:40,points,19.5,1100.0,,True,fanduel,2026-06-09T23:13:01.825784
Julian Champagnie,,,9ea306ebbe68ff94dfa5b88d1e250b37,2026-06-11,00:40,points,19.5,1300.0,,True,fanduel,2026-06-09T23:13:01.825786
Landry Shamet,,,9ea306ebbe68ff94dfa5b88d1e250b37,2026-06-11,00:40,points,19.5,1700.0,,True,fanduel,2026-06-09T23:13:01.825787
Victor Wembanyama,,,9ea306ebbe68ff94dfa5b88d1e250b37,2026-06-11,00:40,points,34.5,370.0,-600.0,True,fanduel,2026-06-09T23:13:01.825789
Jalen Brunson,,,9ea306ebbe68ff94dfa5b88d1e250b37,2026-06-11,00:40,points,34.5,390.0,-650.0,True,fanduel,2026-06-09T23:13:01.825791
Karl-Anthony Towns,,,9ea306ebbe68ff94dfa5b88d1e250b37,2026-06-11,00:40,points,34.5,4000.0,,True,fanduel,2026-06-09T23:13:01.825793
OG Anunoby,,,9ea306ebbe68ff94dfa5b88d1e250b37,2026-06-11,00:40,points,34.5,4000.0,,True,fanduel,2026-06-09T23:13:01.825794
Victor Wembanyama,,,9ea306ebbe68ff94dfa5b88d1e250b37,2026-06-11,00:40,points,49.5,5000.0,,True,fanduel,2026-06-09T23:13:01.825798
Jalen Brunson,,,9ea306ebbe68ff94dfa5b88d1e250b37,2026-06-11,00:40,points,49.5,6500.0,,True,fanduel,2026-06-09T23:13:01.825800
Mitchell Robinson,,,9ea306ebbe68ff94dfa5b88d1e250b37,2026-06-11,00:40,points,0.5,-500.0,320.0,True,fanduel,2026-06-09T23:13:01.825803
Mitchell Robinson,,,9ea306ebbe68ff94dfa5b88d1e250b37,2026-06-11,00:40,points,1.5,-450.0,300.0,True,fanduel,2026-06-09T23:13:01.825805
Mitchell Robinson,,,9ea306ebbe68ff94dfa5b88d1e250b37,2026-06-11,00:40,points,2.5,-188.0,140.0,True,fanduel,2026-06-09T23:13:01.825807
Mitchell Robinson,,,9ea306ebbe68ff94dfa5b88d1e250b37,2026-06-11,00:40,points,3.5,-112.0,-118.0,True,fanduel,2026-06-09T23:13:01.825809
Mitchell Robinson,,,9ea306ebbe68ff94dfa5b88d1e250b37,2026-06-11,00:40,points,4.5,130.0,-174.0,True,fanduel,2026-06-09T23:13:01.825811
Mitchell Robinson,,,9ea306ebbe68ff94dfa5b88d1e250b37,2026-06-11,00:40,points,5.5,205.0,-290.0,True,fanduel,2026-06-09T23:13:01.825812
Mitchell Robinson,,,9ea306ebbe68ff94dfa5b88d1e250b37,2026-06-11,00:40,points,6.5,290.0,-440.0,True,fanduel,2026-06-09T23:13:01.825814
Victor Wembanyama,,,9ea306ebbe68ff94dfa5b88d1e250b37,2026-06-11,00:40,points,29.5,140.0,-188.0,True,fanduel,2026-06-09T23:13:01.825816
Jalen Brunson,,,9ea306ebbe68ff94dfa5b88d1e250b37,2026-06-11,00:40,points,29.5,158.0,-215.0,True,fanduel,2026-06-09T23:13:01.825817
Karl-Anthony Towns,,,9ea306ebbe68ff94dfa5b88d1e250b37,2026-06-11,00:40,points,29.5,1400.0,,True,fanduel,2026-06-09T23:13:01.825819
OG Anunoby,,,9ea306ebbe68ff94dfa5b88d1e250b37,2026-06-11,00:40,points,29.5,1400.0,,True,fanduel,2026-06-09T23:13:01.825821
Stephon Castle,,,9ea306ebbe68ff94dfa5b88d1e250b37,2026-06-11,00:40,points,29.5,2000.0,,True,fanduel,2026-06-09T23:13:01.825823
Victor Wembanyama,,,9ea306ebbe68ff94dfa5b88d1e250b37,2026-06-11,00:40,points,39.5,900.0,,True,fanduel,2026-06-09T23:13:01.825824
Jalen Brunson,,,9ea306ebbe68ff94dfa5b88d1e250b37,2026-06-11,00:40,points,39.5,1000.0,,True,fanduel,2026-06-09T23:13:01.825826
Julian Champagnie,,,9ea306ebbe68ff94dfa5b88d1e250b37,2026-06-11,00:40,points,4.5,-800.0,450.0,True,fanduel,2026-06-09T23:13:01.825828
Julian Champagnie,,,9ea306ebbe68ff94dfa5b88d1e250b37,2026-06-11,00:40,points,5.5,-450.0,300.0,True,fanduel,2026-06-09T23:13:01.825829
Julian Champagnie,,,9ea306ebbe68ff94dfa5b88d1e250b37,2026-06-11,00:40,points,6.5,-290.0,205.0,True,fanduel,2026-06-09T23:13:01.825831
Julian Champagnie,,,9ea306ebbe68ff94dfa5b88d1e250b37,2026-06-11,00:40,points,7.5,-220.0,162.0,True,fanduel,2026-06-09T23:13:01.825833
Julian Champagnie,,,9ea306ebbe68ff94dfa5b88d1e250b37,2026-06-11,00:40,points,8.5,-148.0,112.0,True,fanduel,2026-06-09T23:13:01.825835
Julian Champagnie,,,9ea306ebbe68ff94dfa5b88d1e250b37,2026-06-11,00:40,points,9.5,-104.0,-128.0,True,fanduel,2026-06-09T23:13:01.825836
Julian Champagnie,,,9ea306ebbe68ff94dfa5b88d1e250b37,2026-06-11,00:40,points,10.5,124.0,-166.0,True,fanduel,2026-06-09T23:13:01.825838
Julian Champagnie,,,9ea306ebbe68ff94dfa5b88d1e250b37,2026-06-11,00:40,points,11.5,174.0,-240.0,True,fanduel,2026-06-09T23:13:01.825840
Julian Champagnie,,,9ea306ebbe68ff94dfa5b88d1e250b37,2026-06-11,00:40,points,12.5,225.0,-320.0,True,fanduel,2026-06-09T23:13:01.825841
Julian Champagnie,,,9ea306ebbe68ff94dfa5b88d1e250b37,2026-06-11,00:40,points,13.5,290.0,-440.0,True,fanduel,2026-06-09T23:13:01.825843
Jalen Brunson,,,9ea306ebbe68ff94dfa5b88d1e250b37,2026-06-11,00:40,points,17.5,-1200.0,,True,fanduel,2026-06-09T23:13:01.825845
Jalen Brunson,,,9ea306ebbe68ff94dfa5b88d1e250b37,2026-06-11,00:40,points,18.5,-900.0,490.0,True,fanduel,2026-06-09T23:13:01.825846
Jalen Brunson,,,9ea306ebbe68ff94dfa5b88d1e250b37,2026-06-11,00:40,points,20.5,-470.0,310.0,True,fanduel,2026-06-09T23:13:01.825848
Jalen Brunson,,,9ea306ebbe68ff94dfa5b88d1e250b37,2026-06-11,00:40,points,21.5,-350.0,240.0,True,fanduel,2026-06-09T23:13:01.825850
Jalen Brunson,,,9ea306ebbe68ff94dfa5b88d1e250b37,2026-06-11,00:40,points,22.5,-275.0,198.0,True,fanduel,2026-06-09T23:13:01.825851
Jalen Brunson,,,9ea306ebbe68ff94dfa5b88d1e250b37,2026-06-11,00:40,points,23.5,-225.0,164.0,True,fanduel,2026-06-09T23:13:01.825853
Jalen Brunson,,,9ea306ebbe68ff94dfa5b88d1e250b37,2026-06-11,00:40,points,24.5,-174.0,134.0,True,fanduel,2026-06-09T23:13:01.825855
Jalen Brunson,,,9ea306ebbe68ff94dfa5b88d1e250b37,2026-06-11,00:40,points,25.5,-146.0,110.0,True,fanduel,2026-06-09T23:13:01.825859
Jalen Brunson,,,9ea306ebbe68ff94dfa5b88d1e250b37,2026-06-11,00:40,points,26.5,-118.0,-112.0,True,fanduel,2026-06-09T23:13:01.825861
Jalen Brunson,,,9ea306ebbe68ff94dfa5b88d1e250b37,2026-06-11,00:40,points,27.5,104.0,-138.0,True,fanduel,2026-06-09T23:13:01.825862
Jalen Brunson,,,9ea306ebbe68ff94dfa5b88d1e250b37,2026-06-11,00:40,points,28.5,130.0,-174.0,True,fanduel,2026-06-09T23:13:01.825864
Jalen Brunson,,,9ea306ebbe68ff94dfa5b88d1e250b37,2026-06-11,00:40,points,30.5,188.0,-260.0,True,fanduel,2026-06-09T23:13:01.825866
Jalen Brunson,,,9ea306ebbe68ff94dfa5b88d1e250b37,2026-06-11,00:40,points,31.5,225.0,-320.0,True,fanduel,2026-06-09T23:13:01.825868
Jalen Brunson,,,9ea306ebbe68ff94dfa5b88d1e250b37,2026-06-11,00:40,points,32.5,270.0,-400.0,True,fanduel,2026-06-09T23:13:01.825870
Jalen Brunson,,,9ea306ebbe68ff94dfa5b88d1e250b37,2026-06-11,00:40,points,33.5,320.0,-490.0,True,fanduel,2026-06-09T23:13:01.825872
Jalen Brunson,,,9ea306ebbe68ff94dfa5b88d1e250b37,2026-06-11,00:40,points,35.5,470.0,-800.0,True,fanduel,2026-06-09T23:13:01.825873
Jalen Brunson,,,9ea306ebbe68ff94dfa5b88d1e250b37,2026-06-11,00:40,points,36.5,,-1100.0,True,fanduel,2026-06-09T23:13:01.825875
Jalen Brunson,,,9ea306ebbe68ff94dfa5b88d1e250b37,2026-06-11,00:40,points,37.5,,-1450.0,True,fanduel,2026-06-09T23:13:01.825877
Karl-Anthony Towns,,,9ea306ebbe68ff94dfa5b88d1e250b37,2026-06-11,00:40,points,9.5,-1600.0,,True,fanduel,2026-06-09T23:13:01.825878
De'Aaron Fox,,,9ea306ebbe68ff94dfa5b88d1e250b37,2026-06-11,00:40,points,9.5,-490.0,320.0,True,fanduel,2026-06-09T23:13:01.825880
Dylan Harper,,,9ea306ebbe68ff94dfa5b88d1e250b37,2026-06-11,00:40,points,9.5,-440.0,290.0,True,fanduel,2026-06-09T23:13:01.825882
Devin Vassell,,,9ea306ebbe68ff94dfa5b88d1e250b37,2026-06-11,00:40,points,9.5,-330.0,230.0,True,fanduel,2026-06-09T23:13:01.825883
Josh Hart,,,9ea306ebbe68ff94dfa5b88d1e250b37,2026-06-11,00:40,points,9.5,-138.0,104.0,True,fanduel,2026-06-09T23:13:01.825885
Keldon Johnson,,,9ea306ebbe68ff94dfa5b88d1e250b37,2026-06-11,00:40,points,9.5,255.0,-360.0,True,fanduel,2026-06-09T23:13:01.825887
Miles McBride,,,9ea306ebbe68ff94dfa5b88d1e250b37,2026-06-11,00:40,points,9.5,520.0,,True,fanduel,2026-06-09T23:13:01.825891
Mitchell Robinson,,,9ea306ebbe68ff94dfa5b88d1e250b37,2026-06-11,00:40,points,9.5,830.0,,True,fanduel,2026-06-09T23:13:01.825894
Dylan Harper,,,9ea306ebbe68ff94dfa5b88d1e250b37,2026-06-11,00:40,points,7.5,-1100.0,,True,fanduel,2026-06-09T23:13:01.825896
Dylan Harper,,,9ea306ebbe68ff94dfa5b88d1e250b37,2026-06-11,00:40,points,8.5,-650.0,390.0,True,fanduel,2026-06-09T23:13:01.825898
Dylan Harper,,,9ea306ebbe68ff94dfa5b88d1e250b37,2026-06-11,00:40,points,10.5,-310.0,220.0,True,fanduel,2026-06-09T23:13:01.825900
Dylan Harper,,,9ea306ebbe68ff94dfa5b88d1e250b37,2026-06-11,00:40,points,11.5,-230.0,168.0,True,fanduel,2026-06-09T23:13:01.825902
Dylan Harper,,,9ea306ebbe68ff94dfa5b88d1e250b37,2026-06-11,00:40,points,12.5,-166.0,124.0,True,fanduel,2026-06-09T23:13:01.825904
Dylan Harper,,,9ea306ebbe68ff94dfa5b88d1e250b37,2026-06-11,00:40,points,13.5,-122.0,-108.0,True,fanduel,2026-06-09T23:13:01.825905
Dylan Harper,,,9ea306ebbe68ff94dfa5b88d1e250b37,2026-06-11,00:40,points,14.5,110.0,-144.0,True,fanduel,2026-06-09T23:13:01.825907
Dylan Harper,,,9ea306ebbe68ff94dfa5b88d1e250b37,2026-06-11,00:40,points,15.5,142.0,-192.0,True,fanduel,2026-06-09T23:13:01.825909
Dylan Harper,,,9ea306ebbe68ff94dfa5b88d1e250b37,2026-06-11,00:40,points,16.5,182.0,-250.0,True,fanduel,2026-06-09T23:13:01.825933
Dylan Harper,,,9ea306ebbe68ff94dfa5b88d1e250b37,2026-06-11,00:40,points,17.5,230.0,-330.0,True,fanduel,2026-06-09T23:13:01.825936
Dylan Harper,,,9ea306ebbe68ff94dfa5b88d1e250b37,2026-06-11,00:40,points,18.5,300.0,-450.0,True,fanduel,2026-06-09T23:13:01.825940
Victor Wembanyama,,,9ea306ebbe68ff94dfa5b88d1e250b37,2026-06-11,00:40,points,18.5,-1200.0,,True,fanduel,2026-06-09T23:13:01.825943
Victor Wembanyama,,,9ea306ebbe68ff94dfa5b88d1e250b37,2026-06-11,00:40,points,20.5,-580.0,360.0,True,fanduel,2026-06-09T23:13:01.825946
Victor Wembanyama,,,9ea306ebbe68ff94dfa5b88d1e250b37,2026-06-11,00:40,points,21.5,-440.0,290.0,True,fanduel,2026-06-09T23:13:01.825952
Victor Wembanyama,,,9ea306ebbe68ff94dfa5b88d1e250b37,2026-06-11,00:40,points,22.5,-330.0,235.0,True,fanduel,2026-06-09T23:13:01.825956
Victor Wembanyama,,,9ea306ebbe68ff94dfa5b88d1e250b37,2026-06-11,00:40,points,23.5,-270.0,194.0,True,fanduel,2026-06-09T23:13:01.825959
Victor Wembanyama,,,9ea306ebbe68ff94dfa5b88d1e250b37,2026-06-11,00:40,points,24.5,-205.0,154.0,True,fanduel,2026-06-09T23:13:01.825962
Victor Wembanyama,,,9ea306ebbe68ff94dfa5b88d1e250b37,2026-06-11,00:40,points,25.5,-172.0,128.0,True,fanduel,2026-06-09T23:13:01.825964
Victor Wembanyama,,,9ea306ebbe68ff94dfa5b88d1e250b37,2026-06-11,00:40,points,26.5,-136.0,102.0,True,fanduel,2026-06-09T23:13:01.825965
Victor Wembanyama,,,9ea306ebbe68ff94dfa5b88d1e250b37,2026-06-11,00:40,points,27.5,-108.0,-122.0,True,fanduel,2026-06-09T23:13:01.825967
Victor Wembanyama,,,9ea306ebbe68ff94dfa5b88d1e250b37,2026-06-11,00:40,points,28.5,114.0,-152.0,True,fanduel,2026-06-09T23:13:01.825969
Victor Wembanyama,,,9ea306ebbe68ff94dfa5b88d1e250b37,2026-06-11,00:40,points,30.5,174.0,-240.0,True,fanduel,2026-06-09T23:13:01.825971
Victor Wembanyama,,,9ea306ebbe68ff94dfa5b88d1e250b37,2026-06-11,00:40,points,31.5,205.0,-290.0,True,fanduel,2026-06-09T23:13:01.825972
Victor Wembanyama,,,9ea306ebbe68ff94dfa5b88d1e250b37,2026-06-11,00:40,points,32.5,255.0,-360.0,True,fanduel,2026-06-09T23:13:01.825974
Victor Wembanyama,,,9ea306ebbe68ff94dfa5b88d1e250b37,2026-06-11,00:40,points,33.5,310.0,-470.0,True,fanduel,2026-06-09T23:13:01.825976
Victor Wembanyama,,,9ea306ebbe68ff94dfa5b88d1e250b37,2026-06-11,00:40,points,35.5,430.0,-750.0,True,fanduel,2026-06-09T23:13:01.825977
Victor Wembanyama,,,9ea306ebbe68ff94dfa5b88d1e250b37,2026-06-11,00:40,points,36.5,,-1100.0,True,fanduel,2026-06-09T23:13:01.825979
Victor Wembanyama,,,9ea306ebbe68ff94dfa5b88d1e250b37,2026-06-11,00:40,points,37.5,,-1400.0,True,fanduel,2026-06-09T23:13:01.825981
Devin Vassell,,,9ea306ebbe68ff94dfa5b88d1e250b37,2026-06-11,00:40,points,6.5,-1400.0,,True,fanduel,2026-06-09T23:13:01.825983
Devin Vassell,,,9ea306ebbe68ff94dfa5b88d1e250b37,2026-06-11,00:40,points,7.5,-750.0,430.0,True,fanduel,2026-06-09T23:13:01.825984
Devin Vassell,,,9ea306ebbe68ff94dfa5b88d1e250b37,2026-06-11,00:40,points,8.5,-470.0,310.0,True,fanduel,2026-06-09T23:13:01.825986
Devin Vassell,,,9ea306ebbe68ff94dfa5b88d1e250b37,2026-06-11,00:40,points,10.5,-240.0,174.0,True,fanduel,2026-06-09T23:13:01.825988
Devin Vassell,,,9ea306ebbe68ff94dfa5b88d1e250b37,2026-06-11,00:40,points,11.5,-174.0,130.0,True,fanduel,2026-06-09T23:13:01.825989
Devin Vassell,,,9ea306ebbe68ff94dfa5b88d1e250b37,2026-06-11,00:40,points,12.5,-130.0,-102.0,True,fanduel,2026-06-09T23:13:01.825991
Devin Vassell,,,9ea306ebbe68ff94dfa5b88d1e250b37,2026-06-11,00:40,points,13.5,102.0,-136.0,True,fanduel,2026-06-09T23:13:01.825993
Devin Vassell,,,9ea306ebbe68ff94dfa5b88d1e250b37,2026-06-11,00:40,points,14.5,138.0,-182.0,True,fanduel,2026-06-09T23:13:01.825995
Devin Vassell,,,9ea306ebbe68ff94dfa5b88d1e250b37,2026-06-11,00:40,points,15.5,178.0,-245.0,True,fanduel,2026-06-09T23:13:01.825996
Devin Vassell,,,9ea306ebbe68ff94dfa5b88d1e250b37,2026-06-11,00:40,points,16.5,225.0,-320.0,True,fanduel,2026-06-09T23:13:01.825998
Devin Vassell,,,9ea306ebbe68ff94dfa5b88d1e250b37,2026-06-11,00:40,points,17.5,280.0,-420.0,True,fanduel,2026-06-09T23:13:01.826000
Karl-Anthony Towns,,,9ea306ebbe68ff94dfa5b88d1e250b37,2026-06-11,00:40,points,10.5,-1000.0,,True,fanduel,2026-06-09T23:13:01.826002
Karl-Anthony Towns,,,9ea306ebbe68ff94dfa5b88d1e250b37,2026-06-11,00:40,points,11.5,-650.0,390.0,True,fanduel,2026-06-09T23:13:01.826003
Karl-Anthony Towns,,,9ea306ebbe68ff94dfa5b88d1e250b37,2026-06-11,00:40,points,12.5,-440.0,290.0,True,fanduel,2026-06-09T23:13:01.826005
Karl-Anthony Towns,,,9ea306ebbe68ff94dfa5b88d1e250b37,2026-06-11,00:40,points,13.5,-320.0,225.0,True,fanduel,2026-06-09T23:13:01.826007
Karl-Anthony Towns,,,9ea306ebbe68ff94dfa5b88d1e250b37,2026-06-11,00:40,points,14.5,-235.0,178.0,True,fanduel,2026-06-09T23:13:01.826008
Karl-Anthony Towns,,,9ea306ebbe68ff94dfa5b88d1e250b37,2026-06-11,00:40,points,15.5,-186.0,138.0,True,fanduel,2026-06-09T23:13:01.826010
Karl-Anthony Towns,,,9ea306ebbe68ff94dfa5b88d1e250b37,2026-06-11,00:40,points,16.5,-138.0,104.0,True,fanduel,2026-06-09T23:13:01.826014
Karl-Anthony Towns,,,9ea306ebbe68ff94dfa5b88d1e250b37,2026-06-11,00:40,points,17.5,-102.0,-130.0,True,fanduel,2026-06-09T23:13:01.826016
Karl-Anthony Towns,,,9ea306ebbe68ff94dfa5b88d1e250b37,2026-06-11,00:40,points,18.5,124.0,-166.0,True,fanduel,2026-06-09T23:13:01.826018
Karl-Anthony Towns,,,9ea306ebbe68ff94dfa5b88d1e250b37,2026-06-11,00:40,points,20.5,198.0,-275.0,True,fanduel,2026-06-09T23:13:01.826019
Karl-Anthony Towns,,,9ea306ebbe68ff94dfa5b88d1e250b37,2026-06-11,00:40,points,21.5,250.0,-360.0,True,fanduel,2026-06-09T23:13:01.826021
Karl-Anthony Towns,,,9ea306ebbe68ff94dfa5b88d1e250b37,2026-06-11,00:40,points,22.5,310.0,-470.0,True,fanduel,2026-06-09T23:13:01.826023
Karl-Anthony Towns,,,9ea306ebbe68ff94dfa5b88d1e250b37,2026-06-11,00:40,points,23.5,400.0,-670.0,True,fanduel,2026-06-09T23:13:01.826027
Karl-Anthony Towns,,,9ea306ebbe68ff94dfa5b88d1e250b37,2026-06-11,00:40,points,24.5,500.0,-900.0,True,fanduel,2026-06-09T23:13:01.826029
Josh Hart,,,9ea306ebbe68ff94dfa5b88d1e250b37,2026-06-11,00:40,points,5.5,-670.0,400.0,True,fanduel,2026-06-09T23:13:01.826030
Josh Hart,,,9ea306ebbe68ff94dfa5b88d1e250b37,2026-06-11,00:40,points,6.5,-420.0,280.0,True,fanduel,2026-06-09T23:13:01.826032
Josh Hart,,,9ea306ebbe68ff94dfa5b88d1e250b37,2026-06-11,00:40,points,7.5,-280.0,200.0,True,fanduel,2026-06-09T23:13:01.826034
Josh Hart,,,9ea306ebbe68ff94dfa5b88d1e250b37,2026-06-11,00:40,points,8.5,-200.0,148.0,True,fanduel,2026-06-09T23:13:01.826036
Josh Hart,,,9ea306ebbe68ff94dfa5b88d1e250b37,2026-06-11,00:40,points,10.5,100.0,-132.0,True,fanduel,2026-06-09T23:13:01.826037
Josh Hart,,,9ea306ebbe68ff94dfa5b88d1e250b37,2026-06-11,00:40,points,11.5,136.0,-182.0,True,fanduel,2026-06-09T23:13:01.826039
Josh Hart,,,9ea306ebbe68ff94dfa5b88d1e250b37,2026-06-11,00:40,points,12.5,182.0,-250.0,True,fanduel,2026-06-09T23:13:01.826041
Josh Hart,,,9ea306ebbe68ff94dfa5b88d1e250b37,2026-06-11,00:40,points,13.5,235.0,-340.0,True,fanduel,2026-06-09T23:13:01.826043
Josh Hart,,,9ea306ebbe68ff94dfa5b88d1e250b37,2026-06-11,00:40,points,14.5,320.0,-470.0,True,fanduel,2026-06-09T23:13:01.826046
Victor Wembanyama,,,9ea306ebbe68ff94dfa5b88d1e250b37,2026-06-11,00:40,points,44.5,2000.0,,True,fanduel,2026-06-09T23:13:01.826048
Jalen Brunson,,,9ea306ebbe68ff94dfa5b88d1e250b37,2026-06-11,00:40,points,44.5,2000.0,,True,fanduel,2026-06-09T23:13:01.826050
OG Anunoby,,,9ea306ebbe68ff94dfa5b88d1e250b37,2026-06-11,00:40,points,24.5,560.0,,True,fanduel,2026-06-09T23:13:01.826052
Stephon Castle,,,9ea306ebbe68ff94dfa5b88d1e250b37,2026-06-11,00:40,points,24.5,800.0,,True,fanduel,2026-06-09T23:13:01.826053
De'Aaron Fox,,,9ea306ebbe68ff94dfa5b88d1e250b37,2026-06-11,00:40,points,24.5,1100.0,,True,fanduel,2026-06-09T23:13:01.826055
Dylan Harper,,,9ea306ebbe68ff94dfa5b88d1e250b37,2026-06-11,00:40,points,24.5,1100.0,,True,fanduel,2026-06-09T23:13:01.826057
Devin Vassell,,,9ea306ebbe68ff94dfa5b88d1e250b37,2026-06-11,00:40,points,24.5,1300.0,,True,fanduel,2026-06-09T23:13:01.826058
Mikal Bridges,,,9ea306ebbe68ff94dfa5b88d1e250b37,2026-06-11,00:40,points,24.5,1500.0,,True,fanduel,2026-06-09T23:13:01.826060
Keldon Johnson,,,9ea306ebbe68ff94dfa5b88d1e250b37,2026-06-11,00:40,points,2.5,-580.0,360.0,True,fanduel,2026-06-09T23:13:01.826062
Keldon Johnson,,,9ea306ebbe68ff94dfa5b88d1e250b37,2026-06-11,00:40,points,3.5,-380.0,260.0,True,fanduel,2026-06-09T23:13:01.826064
Keldon Johnson,,,9ea306ebbe68ff94dfa5b88d1e250b37,2026-06-11,00:40,points,4.5,-230.0,168.0,True,fanduel,2026-06-09T23:13:01.826065
Keldon Johnson,,,9ea306ebbe68ff94dfa5b88d1e250b37,2026-06-11,00:40,points,5.5,-148.0,114.0,True,fanduel,2026-06-09T23:13:01.826067
Keldon Johnson,,,9ea306ebbe68ff94dfa5b88d1e250b37,2026-06-11,00:40,points,6.5,-102.0,-130.0,True,fanduel,2026-06-09T23:13:01.826069
Keldon Johnson,,,9ea306ebbe68ff94dfa5b88d1e250b37,2026-06-11,00:40,points,7.5,138.0,-186.0,True,fanduel,2026-06-09T23:13:01.826070
Keldon Johnson,,,9ea306ebbe68ff94dfa5b88d1e250b37,2026-06-11,00:40,points,8.5,188.0,-260.0,True,fanduel,2026-06-09T23:13:01.826072
De'Aaron Fox,,,9ea306ebbe68ff94dfa5b88d1e250b37,2026-06-11,00:40,points,8.5,-700.0,410.0,True,fanduel,2026-06-09T23:13:01.826076
De'Aaron Fox,,,9ea306ebbe68ff94dfa5b88d1e250b37,2026-06-11,00:40,points,10.5,-340.0,235.0,True,fanduel,2026-06-09T23:13:01.826077
De'Aaron Fox,,,9ea306ebbe68ff94dfa5b88d1e250b37,2026-06-11,00:40,points,11.5,-250.0,182.0,True,fanduel,2026-06-09T23:13:01.826079
De'Aaron Fox,,,9ea306ebbe68ff94dfa5b88d1e250b37,2026-06-11,00:40,points,12.5,-182.0,136.0,True,fanduel,2026-06-09T23:13:01.826081
De'Aaron Fox,,,9ea306ebbe68ff94dfa5b88d1e250b37,2026-06-11,00:40,points,13.5,-136.0,102.0,True,fanduel,2026-06-09T23:13:01.826083
De'Aaron Fox,,,9ea306ebbe68ff94dfa5b88d1e250b37,2026-06-11,00:40,points,14.5,100.0,-132.0,True,fanduel,2026-06-09T23:13:01.826084
De'Aaron Fox,,,9ea306ebbe68ff94dfa5b88d1e250b37,2026-06-11,00:40,points,15.5,132.0,-180.0,True,fanduel,2026-06-09T23:13:01.826086
De'Aaron Fox,,,9ea306ebbe68ff94dfa5b88d1e250b37,2026-06-11,00:40,points,16.5,174.0,-240.0,True,fanduel,2026-06-09T23:13:01.826088
De'Aaron Fox,,,9ea306ebbe68ff94dfa5b88d1e250b37,2026-06-11,00:40,points,17.5,225.0,-320.0,True,fanduel,2026-06-09T23:13:01.826090
De'Aaron Fox,,,9ea306ebbe68ff94dfa5b88d1e250b37,2026-06-11,00:40,points,18.5,280.0,-420.0,True,fanduel,2026-06-09T23:13:01.826091
De'Aaron Fox,,,9ea306ebbe68ff94dfa5b88d1e250b37,2026-06-11,00:40,points,20.5,450.0,-800.0,True,fanduel,2026-06-09T23:13:01.826093
Victor Wembanyama,,,9ea306ebbe68ff94dfa5b88d1e250b37,2026-06-11,00:40,points,14.5,-6000.0,,True,fanduel,2026-06-09T23:13:01.826095
Jalen Brunson,,,9ea306ebbe68ff94dfa5b88d1e250b37,2026-06-11,00:40,points,14.5,-4500.0,,True,fanduel,2026-06-09T23:13:01.826096
Julian Champagnie,,,9ea306ebbe68ff94dfa5b88d1e250b37,2026-06-11,00:40,points,14.5,400.0,,True,fanduel,2026-06-09T23:13:01.826098
Landry Shamet,,,9ea306ebbe68ff94dfa5b88d1e250b37,2026-06-11,00:40,points,14.5,600.0,,True,fanduel,2026-06-09T23:13:01.826100
Keldon Johnson,,,9ea306ebbe68ff94dfa5b88d1e250b37,2026-06-11,00:40,points,14.5,1060.0,,True,fanduel,2026-06-09T23:13:01.826102
Dylan Harper,,,9ea306ebbe68ff94dfa5b88d1e250b37,2026-06-11,00:40,rebounds,5.5,-158.0,118.0,False,fanduel,2026-06-09T23:13:01.826128
Luke Kornet,,,9ea306ebbe68ff94dfa5b88d1e250b37,2026-06-11,00:40,rebounds,2.5,122.0,-162.0,False,fanduel,2026-06-09T23:13:01.826130
Devin Vassell,,,9ea306ebbe68ff94dfa5b88d1e250b37,2026-06-11,00:40,rebounds,4.5,-158.0,118.0,False,fanduel,2026-06-09T23:13:01.826132
Victor Wembanyama,,,9ea306ebbe68ff94dfa5b88d1e250b37,2026-06-11,00:40,rebounds,11.5,-112.0,-118.0,False,fanduel,2026-06-09T23:13:01.826133
Josh Hart,,,9ea306ebbe68ff94dfa5b88d1e250b37,2026-06-11,00:40,rebounds,8.5,-114.0,-114.0,False,fanduel,2026-06-09T23:13:01.826135
Karl-Anthony Towns,,,9ea306ebbe68ff94dfa5b88d1e250b37,2026-06-11,00:40,rebounds,11.5,108.0,-144.0,False,fanduel,2026-06-09T23:13:01.826137
De'Aaron Fox,,,9ea306ebbe68ff94dfa5b88d1e250b37,2026-06-11,00:40,rebounds,3.5,122.0,-162.0,False,fanduel,2026-06-09T23:13:01.826138
Mitchell Robinson,,,9ea306ebbe68ff94dfa5b88d1e250b37,2026-06-11,00:40,rebounds,4.5,-106.0,-125.0,False,fanduel,2026-06-09T23:13:01.826140
Mikal Bridges,,,9ea306ebbe68ff94dfa5b88d1e250b37,2026-06-11,00:40,rebounds,3.5,110.0,-146.0,False,fanduel,2026-06-09T23:13:01.826144
Jalen Brunson,,,9ea306ebbe68ff94dfa5b88d1e250b37,2026-06-11,00:40,rebounds,2.5,-182.0,136.0,False,fanduel,2026-06-09T23:13:01.826146
Julian Champagnie,,,9ea306ebbe68ff94dfa5b88d1e250b37,2026-06-11,00:40,rebounds,4.5,-125.0,-106.0,False,fanduel,2026-06-09T23:13:01.826147
Stephon Castle,,,9ea306ebbe68ff94dfa5b88d1e250b37,2026-06-11,00:40,rebounds,4.5,-136.0,102.0,False,fanduel,2026-06-09T23:13:01.826149
Landry Shamet,,,9ea306ebbe68ff94dfa5b88d1e250b37,2026-06-11,00:40,rebounds,1.5,118.0,-158.0,False,fanduel,2026-06-09T23:13:01.826151
OG Anunoby,,,9ea306ebbe68ff94dfa5b88d1e250b37,2026-06-11,00:40,rebounds,5.5,-112.0,-118.0,False,fanduel,2026-06-09T23:13:01.826152
Landry Shamet,,,9ea306ebbe68ff94dfa5b88d1e250b37,2026-06-11,00:40,rebounds,0.5,-400.0,270.0,True,fanduel,2026-06-09T23:13:01.826238
Landry Shamet,,,9ea306ebbe68ff94dfa5b88d1e250b37,2026-06-11,00:40,rebounds,1.5,118.0,-158.0,True,fanduel,2026-06-09T23:13:01.826240
Landry Shamet,,,9ea306ebbe68ff94dfa5b88d1e250b37,2026-06-11,00:40,rebounds,2.5,360.0,-580.0,True,fanduel,2026-06-09T23:13:01.826242
Keldon Johnson,,,9ea306ebbe68ff94dfa5b88d1e250b37,2026-06-11,00:40,rebounds,1.5,-340.0,235.0,True,fanduel,2026-06-09T23:13:01.826243
Keldon Johnson,,,9ea306ebbe68ff94dfa5b88d1e250b37,2026-06-11,00:40,rebounds,2.5,-128.0,-102.0,True,fanduel,2026-06-09T23:13:01.826245
Keldon Johnson,,,9ea306ebbe68ff94dfa5b88d1e250b37,2026-06-11,00:40,rebounds,3.5,180.0,-245.0,True,fanduel,2026-06-09T23:13:01.826247
Keldon Johnson,,,9ea306ebbe68ff94dfa5b88d1e250b37,2026-06-11,00:40,rebounds,4.5,350.0,-550.0,True,fanduel,2026-06-09T23:13:01.826248
Keldon Johnson,,,9ea306ebbe68ff94dfa5b88d1e250b37,2026-06-11,00:40,rebounds,5.5,680.0,-1450.0,True,fanduel,2026-06-09T23:13:01.826250
Victor Wembanyama,,,9ea306ebbe68ff94dfa5b88d1e250b37,2026-06-11,00:40,rebounds,11.5,-112.0,-118.0,True,fanduel,2026-06-09T23:13:01.826252
Karl-Anthony Towns,,,9ea306ebbe68ff94dfa5b88d1e250b37,2026-06-11,00:40,rebounds,11.5,108.0,-144.0,True,fanduel,2026-06-09T23:13:01.826254
Josh Hart,,,9ea306ebbe68ff94dfa5b88d1e250b37,2026-06-11,00:40,rebounds,11.5,320.0,-490.0,True,fanduel,2026-06-09T23:13:01.826255
Dylan Harper,,,9ea306ebbe68ff94dfa5b88d1e250b37,2026-06-11,00:40,rebounds,11.5,1400.0,,True,fanduel,2026-06-09T23:13:01.826257
Mitchell Robinson,,,9ea306ebbe68ff94dfa5b88d1e250b37,2026-06-11,00:40,rebounds,11.5,1800.0,,True,fanduel,2026-06-09T23:13:01.826259
OG Anunoby,,,9ea306ebbe68ff94dfa5b88d1e250b37,2026-06-11,00:40,rebounds,11.5,2500.0,,True,fanduel,2026-06-09T23:13:01.826260
Dylan Harper,,,9ea306ebbe68ff94dfa5b88d1e250b37,2026-06-11,00:40,rebounds,3.5,-720.0,430.0,True,fanduel,2026-06-09T23:13:01.826262
Dylan Harper,,,9ea306ebbe68ff94dfa5b88d1e250b37,2026-06-11,00:40,rebounds,4.5,-320.0,225.0,True,fanduel,2026-06-09T23:13:01.826264
Dylan Harper,,,9ea306ebbe68ff94dfa5b88d1e250b37,2026-06-11,00:40,rebounds,5.5,-156.0,118.0,True,fanduel,2026-06-09T23:13:01.826265
Dylan Harper,,,9ea306ebbe68ff94dfa5b88d1e250b37,2026-06-11,00:40,rebounds,6.5,118.0,-158.0,True,fanduel,2026-06-09T23:13:01.826267
Dylan Harper,,,9ea306ebbe68ff94dfa5b88d1e250b37,2026-06-11,00:40,rebounds,7.5,215.0,-290.0,True,fanduel,2026-06-09T23:13:01.826269
Dylan Harper,,,9ea306ebbe68ff94dfa5b88d1e250b37,2026-06-11,00:40,rebounds,8.5,350.0,-550.0,True,fanduel,2026-06-09T23:13:01.826271
Victor Wembanyama,,,9ea306ebbe68ff94dfa5b88d1e250b37,2026-06-11,00:40,rebounds,7.5,-900.0,,True,fanduel,2026-06-09T23:13:01.826272
Victor Wembanyama,,,9ea306ebbe68ff94dfa5b88d1e250b37,2026-06-11,00:40,rebounds,8.5,-450.0,300.0,True,fanduel,2026-06-09T23:13:01.826274
Victor Wembanyama,,,9ea306ebbe68ff94dfa5b88d1e250b37,2026-06-11,00:40,rebounds,9.5,-310.0,225.0,True,fanduel,2026-06-09T23:13:01.826276
Victor Wembanyama,,,9ea306ebbe68ff94dfa5b88d1e250b37,2026-06-11,00:40,rebounds,10.5,-186.0,138.0,True,fanduel,2026-06-09T23:13:01.826278
Victor Wembanyama,,,9ea306ebbe68ff94dfa5b88d1e250b37,2026-06-11,00:40,rebounds,12.5,142.0,-192.0,True,fanduel,2026-06-09T23:13:01.826279
Victor Wembanyama,,,9ea306ebbe68ff94dfa5b88d1e250b37,2026-06-11,00:40,rebounds,13.5,230.0,-310.0,True,fanduel,2026-06-09T23:13:01.826281
Victor Wembanyama,,,9ea306ebbe68ff94dfa5b88d1e250b37,2026-06-11,00:40,rebounds,14.5,320.0,-500.0,True,fanduel,2026-06-09T23:13:01.826283
Victor Wembanyama,,,9ea306ebbe68ff94dfa5b88d1e250b37,2026-06-11,00:40,rebounds,15.5,520.0,-900.0,True,fanduel,2026-06-09T23:13:01.826284
Karl-Anthony Towns,,,9ea306ebbe68ff94dfa5b88d1e250b37,2026-06-11,00:40,rebounds,9.5,-270.0,194.0,True,fanduel,2026-06-09T23:13:01.826286
Josh Hart,,,9ea306ebbe68ff94dfa5b88d1e250b37,2026-06-11,00:40,rebounds,9.5,122.0,-162.0,True,fanduel,2026-06-09T23:13:01.826288
Dylan Harper,,,9ea306ebbe68ff94dfa5b88d1e250b37,2026-06-11,00:40,rebounds,9.5,520.0,,True,fanduel,2026-06-09T23:13:01.826289
OG Anunoby,,,9ea306ebbe68ff94dfa5b88d1e250b37,2026-06-11,00:40,rebounds,9.5,900.0,,True,fanduel,2026-06-09T23:13:01.826291
Mitchell Robinson,,,9ea306ebbe68ff94dfa5b88d1e250b37,2026-06-11,00:40,rebounds,9.5,900.0,,True,fanduel,2026-06-09T23:13:01.826293
Devin Vassell,,,9ea306ebbe68ff94dfa5b88d1e250b37,2026-06-11,00:40,rebounds,9.5,1200.0,,True,fanduel,2026-06-09T23:13:01.826295
Julian Champagnie,,,9ea306ebbe68ff94dfa5b88d1e250b37,2026-06-11,00:40,rebounds,9.5,1300.0,,True,fanduel,2026-06-09T23:13:01.826296
Stephon Castle,,,9ea306ebbe68ff94dfa5b88d1e250b37,2026-06-11,00:40,rebounds,9.5,1400.0,,True,fanduel,2026-06-09T23:13:01.826298
Karl-Anthony Towns,,,9ea306ebbe68ff94dfa5b88d1e250b37,2026-06-11,00:40,rebounds,5.5,-4000.0,,True,fanduel,2026-06-09T23:13:01.826300
Josh Hart,,,9ea306ebbe68ff94dfa5b88d1e250b37,2026-06-11,00:40,rebounds,5.5,-700.0,410.0,True,fanduel,2026-06-09T23:13:01.826302
OG Anunoby,,,9ea306ebbe68ff94dfa5b88d1e250b37,2026-06-11,00:40,rebounds,5.5,-112.0,-118.0,True,fanduel,2026-06-09T23:13:01.826303
Devin Vassell,,,9ea306ebbe68ff94dfa5b88d1e250b37,2026-06-11,00:40,rebounds,5.5,140.0,-188.0,True,fanduel,2026-06-09T23:13:01.826305
Stephon Castle,,,9ea306ebbe68ff94dfa5b88d1e250b37,2026-06-11,00:40,rebounds,5.5,158.0,-215.0,True,fanduel,2026-06-09T23:13:01.826307
Julian Champagnie,,,9ea306ebbe68ff94dfa5b88d1e250b37,2026-06-11,00:40,rebounds,5.5,164.0,-225.0,True,fanduel,2026-06-09T23:13:01.826309
Mitchell Robinson,,,9ea306ebbe68ff94dfa5b88d1e250b37,2026-06-11,00:40,rebounds,5.5,168.0,-230.0,True,fanduel,2026-06-09T23:13:01.826311
Mikal Bridges,,,9ea306ebbe68ff94dfa5b88d1e250b37,2026-06-11,00:40,rebounds,5.5,500.0,,True,fanduel,2026-06-09T23:13:01.826313
De'Aaron Fox,,,9ea306ebbe68ff94dfa5b88d1e250b37,2026-06-11,00:40,rebounds,5.5,600.0,-1200.0,True,fanduel,2026-06-09T23:13:01.826315
Jalen Brunson,,,9ea306ebbe68ff94dfa5b88d1e250b37,2026-06-11,00:40,rebounds,5.5,750.0,,True,fanduel,2026-06-09T23:13:01.826319
OG Anunoby,,,9ea306ebbe68ff94dfa5b88d1e250b37,2026-06-11,00:40,rebounds,3.5,-550.0,350.0,True,fanduel,2026-06-09T23:13:01.826321
Devin Vassell,,,9ea306ebbe68ff94dfa5b88d1e250b37,2026-06-11,00:40,rebounds,3.5,-360.0,250.0,True,fanduel,2026-06-09T23:13:01.826323
Stephon Castle,,,9ea306ebbe68ff94dfa5b88d1e250b37,2026-06-11,00:40,rebounds,3.5,-310.0,220.0,True,fanduel,2026-06-09T23:13:01.826324
Julian Champagnie,,,9ea306ebbe68ff94dfa5b88d1e250b37,2026-06-11,00:40,rebounds,3.5,-270.0,194.0,True,fanduel,2026-06-09T23:13:01.826326
Mitchell Robinson,,,9ea306ebbe68ff94dfa5b88d1e250b37,2026-06-11,00:40,rebounds,3.5,-198.0,146.0,True,fanduel,2026-06-09T23:13:01.826328
Mikal Bridges,,,9ea306ebbe68ff94dfa5b88d1e250b37,2026-06-11,00:40,rebounds,3.5,112.0,,True,fanduel,2026-06-09T23:13:01.826329
De'Aaron Fox,,,9ea306ebbe68ff94dfa5b88d1e250b37,2026-06-11,00:40,rebounds,3.5,122.0,-162.0,True,fanduel,2026-06-09T23:13:01.826331
Jalen Brunson,,,9ea306ebbe68ff94dfa5b88d1e250b37,2026-06-11,00:40,rebounds,3.5,148.0,,True,fanduel,2026-06-09T23:13:01.826333
Luke Kornet,,,9ea306ebbe68ff94dfa5b88d1e250b37,2026-06-11,00:40,rebounds,3.5,285.0,,True,fanduel,2026-06-09T23:13:01.826334
OG Anunoby,,,9ea306ebbe68ff94dfa5b88d1e250b37,2026-06-11,00:40,rebounds,4.5,-230.0,168.0,True,fanduel,2026-06-09T23:13:01.826336
OG Anunoby,,,9ea306ebbe68ff94dfa5b88d1e250b37,2026-06-11,00:40,rebounds,6.5,178.0,-245.0,True,fanduel,2026-06-09T23:13:01.826338
OG Anunoby,,,9ea306ebbe68ff94dfa5b88d1e250b37,2026-06-11,00:40,rebounds,7.5,330.0,-490.0,True,fanduel,2026-06-09T23:13:01.826339
OG Anunoby,,,9ea306ebbe68ff94dfa5b88d1e250b37,2026-06-11,00:40,rebounds,8.5,,-1200.0,True,fanduel,2026-06-09T23:13:01.826341
Karl-Anthony Towns,,,9ea306ebbe68ff94dfa5b88d1e250b37,2026-06-11,00:40,rebounds,6.5,-1450.0,,True,fanduel,2026-06-09T23:13:01.826343
Karl-Anthony Towns,,,9ea306ebbe68ff94dfa5b88d1e250b37,2026-06-11,00:40,rebounds,7.5,-650.0,400.0,True,fanduel,2026-06-09T23:13:01.826345
Karl-Anthony Towns,,,9ea306ebbe68ff94dfa5b88d1e250b37,2026-06-11,00:40,rebounds,8.5,-360.0,250.0,True,fanduel,2026-06-09T23:13:01.826346
Karl-Anthony Towns,,,9ea306ebbe68ff94dfa5b88d1e250b37,2026-06-11,00:40,rebounds,10.5,-154.0,116.0,True,fanduel,2026-06-09T23:13:01.826348
Karl-Anthony Towns,,,9ea306ebbe68ff94dfa5b88d1e250b37,2026-06-11,00:40,rebounds,12.5,172.0,-235.0,True,fanduel,2026-06-09T23:13:01.826349
Karl-Anthony Towns,,,9ea306ebbe68ff94dfa5b88d1e250b37,2026-06-11,00:40,rebounds,13.5,260.0,-360.0,True,fanduel,2026-06-09T23:13:01.826351
Karl-Anthony Towns,,,9ea306ebbe68ff94dfa5b88d1e250b37,2026-06-11,00:40,rebounds,14.5,390.0,-650.0,True,fanduel,2026-06-09T23:13:01.826353
Karl-Anthony Towns,,,9ea306ebbe68ff94dfa5b88d1e250b37,2026-06-11,00:40,rebounds,15.5,600.0,-1200.0,True,fanduel,2026-06-09T23:13:01.826354
Josh Hart,,,9ea306ebbe68ff94dfa5b88d1e250b37,2026-06-11,00:40,rebounds,13.5,800.0,,True,fanduel,2026-06-09T23:13:01.826356
Mitchell Robinson,,,9ea306ebbe68ff94dfa5b88d1e250b37,2026-06-11,00:40,rebounds,1.5,-1400.0,,True,fanduel,2026-06-09T23:13:01.826358
Mitchell Robinson,,,9ea306ebbe68ff94dfa5b88d1e250b37,2026-06-11,00:40,rebounds,2.5,-420.0,280.0,True,fanduel,2026-06-09T23:13:01.826360
Mitchell Robinson,,,9ea306ebbe68ff94dfa5b88d1e250b37,2026-06-11,00:40,rebounds,4.5,-106.0,-125.0,True,fanduel,2026-06-09T23:13:01.826361
Mitchell Robinson,,,9ea306ebbe68ff94dfa5b88d1e250b37,2026-06-11,00:40,rebounds,6.5,270.0,-400.0,True,fanduel,2026-06-09T23:13:01.826363
Mitchell Robinson,,,9ea306ebbe68ff94dfa5b88d1e250b37,2026-06-11,00:40,rebounds,7.5,440.0,-700.0,True,fanduel,2026-06-09T23:13:01.826365
Josh Hart,,,9ea306ebbe68ff94dfa5b88d1e250b37,2026-06-11,00:40,rebounds,15.5,1500.0,,True,fanduel,2026-06-09T23:13:01.826366
Devin Vassell,,,9ea306ebbe68ff94dfa5b88d1e250b37,2026-06-11,00:40,rebounds,2.5,-1200.0,,True,fanduel,2026-06-09T23:13:01.826368
Devin Vassell,,,9ea306ebbe68ff94dfa5b88d1e250b37,2026-06-11,00:40,rebounds,4.5,-158.0,118.0,True,fanduel,2026-06-09T23:13:01.826370
Devin Vassell,,,9ea306ebbe68ff94dfa5b88d1e250b37,2026-06-11,00:40,rebounds,6.5,260.0,-380.0,True,fanduel,2026-06-09T23:13:01.826371
Devin Vassell,,,9ea306ebbe68ff94dfa5b88d1e250b37,2026-06-11,00:40,rebounds,7.5,480.0,-850.0,True,fanduel,2026-06-09T23:13:01.826373
Josh Hart,,,9ea306ebbe68ff94dfa5b88d1e250b37,2026-06-11,00:40,rebounds,6.5,-340.0,235.0,True,fanduel,2026-06-09T23:13:01.826375
Josh Hart,,,9ea306ebbe68ff94dfa5b88d1e250b37,2026-06-11,00:40,rebounds,7.5,-186.0,144.0,True,fanduel,2026-06-09T23:13:01.826377
Josh Hart,,,9ea306ebbe68ff94dfa5b88d1e250b37,2026-06-11,00:40,rebounds,8.5,-114.0,-114.0,True,fanduel,2026-06-09T23:13:01.826378
Josh Hart,,,9ea306ebbe68ff94dfa5b88d1e250b37,2026-06-11,00:40,rebounds,10.5,198.0,-275.0,True,fanduel,2026-06-09T23:13:01.826380
Josh Hart,,,9ea306ebbe68ff94dfa5b88d1e250b37,2026-06-11,00:40,rebounds,12.5,490.0,-900.0,True,fanduel,2026-06-09T23:13:01.826382
Julian Champagnie,,,9ea306ebbe68ff94dfa5b88d1e250b37,2026-06-11,00:40,rebounds,2.5,-700.0,410.0,True,fanduel,2026-06-09T23:13:01.826383
Julian Champagnie,,,9ea306ebbe68ff94dfa5b88d1e250b37,2026-06-11,00:40,rebounds,4.5,-125.0,-106.0,True,fanduel,2026-06-09T23:13:01.826385
Julian Champagnie,,,9ea306ebbe68ff94dfa5b88d1e250b37,2026-06-11,00:40,rebounds,6.5,300.0,-450.0,True,fanduel,2026-06-09T23:13:01.826387
Julian Champagnie,,,9ea306ebbe68ff94dfa5b88d1e250b37,2026-06-11,00:40,rebounds,7.5,560.0,-1100.0,True,fanduel,2026-06-09T23:13:01.826388
Stephon Castle,,,9ea306ebbe68ff94dfa5b88d1e250b37,2026-06-11,00:40,rebounds,2.5,-900.0,490.0,True,fanduel,2026-06-09T23:13:01.826390
Stephon Castle,,,9ea306ebbe68ff94dfa5b88d1e250b37,2026-06-11,00:40,rebounds,4.5,-136.0,102.0,True,fanduel,2026-06-09T23:13:01.826392
Stephon Castle,,,9ea306ebbe68ff94dfa5b88d1e250b37,2026-06-11,00:40,rebounds,6.5,290.0,-440.0,True,fanduel,2026-06-09T23:13:01.826393
Stephon Castle,,,9ea306ebbe68ff94dfa5b88d1e250b37,2026-06-11,00:40,rebounds,7.5,560.0,-1100.0,True,fanduel,2026-06-09T23:13:01.826395
De'Aaron Fox,,,9ea306ebbe68ff94dfa5b88d1e250b37,2026-06-11,00:40,rebounds,1.5,-850.0,470.0,True,fanduel,2026-06-09T23:13:01.826397
De'Aaron Fox,,,9ea306ebbe68ff94dfa5b88d1e250b37,2026-06-11,00:40,rebounds,2.5,-230.0,168.0,True,fanduel,2026-06-09T23:13:01.826399
De'Aaron Fox,,,9ea306ebbe68ff94dfa5b88d1e250b37,2026-06-11,00:40,rebounds,4.5,270.0,-400.0,True,fanduel,2026-06-09T23:13:01.826400
Josh Hart,,,9ea306ebbe68ff94dfa5b88d1e250b37,2026-06-11,00:40,threes,1.5,-106.0,-125.0,False,fanduel,2026-06-09T23:13:01.826417
Karl-Anthony Towns,,,9ea306ebbe68ff94dfa5b88d1e250b37,2026-06-11,00:40,threes,1.5,152.0,-205.0,False,fanduel,2026-06-09T23:13:01.826419
De'Aaron Fox,,,9ea306ebbe68ff94dfa5b88d1e250b37,2026-06-11,00:40,threes,1.5,148.0,-200.0,False,fanduel,2026-06-09T23:13:01.826423
Mikal Bridges,,,9ea306ebbe68ff94dfa5b88d1e250b37,2026-06-11,00:40,threes,1.5,118.0,-158.0,False,fanduel,2026-06-09T23:13:01.826425
Jalen Brunson,,,9ea306ebbe68ff94dfa5b88d1e250b37,2026-06-11,00:40,threes,2.5,124.0,-166.0,False,fanduel,2026-06-09T23:13:01.826426
Devin Vassell,,,9ea306ebbe68ff94dfa5b88d1e250b37,2026-06-11,00:40,threes,2.5,106.0,-140.0,False,fanduel,2026-06-09T23:13:01.826428
Keldon Johnson,,,9ea306ebbe68ff94dfa5b88d1e250b37,2026-06-11,00:40,threes,0.5,-114.0,-114.0,False,fanduel,2026-06-09T23:13:01.826430
Julian Champagnie,,,9ea306ebbe68ff94dfa5b88d1e250b37,2026-06-11,00:40,threes,1.5,-205.0,152.0,False,fanduel,2026-06-09T23:13:01.826432
Stephon Castle,,,9ea306ebbe68ff94dfa5b88d1e250b37,2026-06-11,00:40,threes,1.5,124.0,-166.0,False,fanduel,2026-06-09T23:13:01.826433
Victor Wembanyama,,,9ea306ebbe68ff94dfa5b88d1e250b37,2026-06-11,00:40,threes,1.5,-200.0,148.0,False,fanduel,2026-06-09T23:13:01.826435
OG Anunoby,,,9ea306ebbe68ff94dfa5b88d1e250b37,2026-06-11,00:40,threes,2.5,140.0,-188.0,False,fanduel,2026-06-09T23:13:01.826437
Dylan Harper,,,9ea306ebbe68ff94dfa5b88d1e250b37,2026-06-11,00:40,threes,0.5,-280.0,200.0,True,fanduel,2026-06-09T23:13:01.826494
Dylan Harper,,,9ea306ebbe68ff94dfa5b88d1e250b37,2026-06-11,00:40,threes,1.5,176.0,-240.0,True,fanduel,2026-06-09T23:13:01.826496
Dylan Harper,,,9ea306ebbe68ff94dfa5b88d1e250b37,2026-06-11,00:40,threes,2.5,560.0,-1100.0,True,fanduel,2026-06-09T23:13:01.826498
Julian Champagnie,,,9ea306ebbe68ff94dfa5b88d1e250b37,2026-06-11,00:40,threes,0.5,-1000.0,,True,fanduel,2026-06-09T23:13:01.826500
Julian Champagnie,,,9ea306ebbe68ff94dfa5b88d1e250b37,2026-06-11,00:40,threes,1.5,-196.0,152.0,True,fanduel,2026-06-09T23:13:01.826502
Julian Champagnie,,,9ea306ebbe68ff94dfa5b88d1e250b37,2026-06-11,00:40,threes,2.5,154.0,-210.0,True,fanduel,2026-06-09T23:13:01.826503
Julian Champagnie,,,9ea306ebbe68ff94dfa5b88d1e250b37,2026-06-11,00:40,threes,3.5,400.0,-650.0,True,fanduel,2026-06-09T23:13:01.826505
Devin Vassell,,,9ea306ebbe68ff94dfa5b88d1e250b37,2026-06-11,00:40,threes,1.5,-310.0,220.0,True,fanduel,2026-06-09T23:13:01.826507
Devin Vassell,,,9ea306ebbe68ff94dfa5b88d1e250b37,2026-06-11,00:40,threes,2.5,108.0,-140.0,True,fanduel,2026-06-09T23:13:01.826508
Devin Vassell,,,9ea306ebbe68ff94dfa5b88d1e250b37,2026-06-11,00:40,threes,3.5,280.0,-400.0,True,fanduel,2026-06-09T23:13:01.826510
Devin Vassell,,,9ea306ebbe68ff94dfa5b88d1e250b37,2026-06-11,00:40,threes,4.5,650.0,-1400.0,True,fanduel,2026-06-09T23:13:01.826512
Victor Wembanyama,,,9ea306ebbe68ff94dfa5b88d1e250b37,2026-06-11,00:40,threes,0.5,-1100.0,,True,fanduel,2026-06-09T23:13:01.826514
Victor Wembanyama,,,9ea306ebbe68ff94dfa5b88d1e250b37,2026-06-11,00:40,threes,1.5,-194.0,148.0,True,fanduel,2026-06-09T23:13:01.826515
Victor Wembanyama,,,9ea306ebbe68ff94dfa5b88d1e250b37,2026-06-11,00:40,threes,2.5,164.0,-220.0,True,fanduel,2026-06-09T23:13:01.826517
Victor Wembanyama,,,9ea306ebbe68ff94dfa5b88d1e250b37,2026-06-11,00:40,threes,3.5,420.0,-670.0,True,fanduel,2026-06-09T23:13:01.826519
Landry Shamet,,,9ea306ebbe68ff94dfa5b88d1e250b37,2026-06-11,00:40,threes,0.5,-620.0,390.0,True,fanduel,2026-06-09T23:13:01.826520
Landry Shamet,,,9ea306ebbe68ff94dfa5b88d1e250b37,2026-06-11,00:40,threes,1.5,-132.0,102.0,True,fanduel,2026-06-09T23:13:01.826522
Landry Shamet,,,9ea306ebbe68ff94dfa5b88d1e250b37,2026-06-11,00:40,threes,2.5,220.0,-300.0,True,fanduel,2026-06-09T23:13:01.826524
Landry Shamet,,,9ea306ebbe68ff94dfa5b88d1e250b37,2026-06-11,00:40,threes,3.5,560.0,-1100.0,True,fanduel,2026-06-09T23:13:01.826525
Devin Vassell,,,9ea306ebbe68ff94dfa5b88d1e250b37,2026-06-11,00:40,threes,0.5,-2200.0,,True,fanduel,2026-06-09T23:13:01.826527
Jalen Brunson,,,9ea306ebbe68ff94dfa5b88d1e250b37,2026-06-11,00:40,threes,0.5,-1600.0,,True,fanduel,2026-06-09T23:13:01.826529
OG Anunoby,,,9ea306ebbe68ff94dfa5b88d1e250b37,2026-06-11,00:40,threes,0.5,-1450.0,,True,fanduel,2026-06-09T23:13:01.826530
Josh Hart,,,9ea306ebbe68ff94dfa5b88d1e250b37,2026-06-11,00:40,threes,0.5,-480.0,,True,fanduel,2026-06-09T23:13:01.826532
Mikal Bridges,,,9ea306ebbe68ff94dfa5b88d1e250b37,2026-06-11,00:40,threes,0.5,-410.0,,True,fanduel,2026-06-09T23:13:01.826534
Stephon Castle,,,9ea306ebbe68ff94dfa5b88d1e250b37,2026-06-11,00:40,threes,0.5,-420.0,280.0,True,fanduel,2026-06-09T23:13:01.826536
Karl-Anthony Towns,,,9ea306ebbe68ff94dfa5b88d1e250b37,2026-06-11,00:40,threes,0.5,-340.0,,True,fanduel,2026-06-09T23:13:01.826537
De'Aaron Fox,,,9ea306ebbe68ff94dfa5b88d1e250b37,2026-06-11,00:40,threes,0.5,-330.0,230.0,True,fanduel,2026-06-09T23:13:01.826539
Miles McBride,,,9ea306ebbe68ff94dfa5b88d1e250b37,2026-06-11,00:40,threes,0.5,-196.0,,True,fanduel,2026-06-09T23:13:01.826541
Keldon Johnson,,,9ea306ebbe68ff94dfa5b88d1e250b37,2026-06-11,00:40,threes,0.5,-113.0,,True,fanduel,2026-06-09T23:13:01.826543
Jose Alvarado,,,9ea306ebbe68ff94dfa5b88d1e250b37,2026-06-11,00:40,threes,0.5,132.0,,True,fanduel,2026-06-09T23:13:01.826545
Jalen Brunson,,,9ea306ebbe68ff94dfa5b88d1e250b37,2026-06-11,00:40,threes,1.5,-270.0,194.0,True,fanduel,2026-06-09T23:13:01.826547
OG Anunoby,,,9ea306ebbe68ff94dfa5b88d1e250b37,2026-06-11,00:40,threes,1.5,-235.0,172.0,True,fanduel,2026-06-09T23:13:01.826549
Josh Hart,,,9ea306ebbe68ff94dfa5b88d1e250b37,2026-06-11,00:40,threes,1.5,-104.0,,True,fanduel,2026-06-09T23:13:01.826550
Stephon Castle,,,9ea306ebbe68ff94dfa5b88d1e250b37,2026-06-11,00:40,threes,1.5,124.0,-166.0,True,fanduel,2026-06-09T23:13:01.826552
Mikal Bridges,,,9ea306ebbe68ff94dfa5b88d1e250b37,2026-06-11,00:40,threes,1.5,120.0,,True,fanduel,2026-06-09T23:13:01.826554
De'Aaron Fox,,,9ea306ebbe68ff94dfa5b88d1e250b37,2026-06-11,00:40,threes,1.5,148.0,-200.0,True,fanduel,2026-06-09T23:13:01.826556
Karl-Anthony Towns,,,9ea306ebbe68ff94dfa5b88d1e250b37,2026-06-11,00:40,threes,1.5,152.0,,True,fanduel,2026-06-09T23:13:01.826557
Miles McBride,,,9ea306ebbe68ff94dfa5b88d1e250b37,2026-06-11,00:40,threes,1.5,230.0,,True,fanduel,2026-06-09T23:13:01.826562
Keldon Johnson,,,9ea306ebbe68ff94dfa5b88d1e250b37,2026-06-11,00:40,threes,1.5,420.0,,True,fanduel,2026-06-09T23:13:01.826563
Jose Alvarado,,,9ea306ebbe68ff94dfa5b88d1e250b37,2026-06-11,00:40,threes,1.5,600.0,,True,fanduel,2026-06-09T23:13:01.826565
Victor Wembanyama,,,9ea306ebbe68ff94dfa5b88d1e250b37,2026-06-11,00:40,threes,5.5,2000.0,,True,fanduel,2026-06-09T23:13:01.826567
Devin Vassell,,,9ea306ebbe68ff94dfa5b88d1e250b37,2026-06-11,00:40,threes,5.5,1300.0,,True,fanduel,2026-06-09T23:13:01.826568
Julian Champagnie,,,9ea306ebbe68ff94dfa5b88d1e250b37,2026-06-11,00:40,threes,5.5,1700.0,,True,fanduel,2026-06-09T23:13:01.826570
Jalen Brunson,,,9ea306ebbe68ff94dfa5b88d1e250b37,2026-06-11,00:40,threes,5.5,1500.0,,True,fanduel,2026-06-09T23:13:01.826574
OG Anunoby,,,9ea306ebbe68ff94dfa5b88d1e250b37,2026-06-11,00:40,threes,5.5,1700.0,,True,fanduel,2026-06-09T23:13:01.826576
Landry Shamet,,,9ea306ebbe68ff94dfa5b88d1e250b37,2026-06-11,00:40,threes,5.5,2500.0,,True,fanduel,2026-06-09T23:13:01.826578
Jalen Brunson,,,9ea306ebbe68ff94dfa5b88d1e250b37,2026-06-11,00:40,threes,4.5,750.0,,True,fanduel,2026-06-09T23:13:01.826580
OG Anunoby,,,9ea306ebbe68ff94dfa5b88d1e250b37,2026-06-11,00:40,threes,4.5,800.0,,True,fanduel,2026-06-09T23:13:01.826581
Julian Champagnie,,,9ea306ebbe68ff94dfa5b88d1e250b37,2026-06-11,00:40,threes,4.5,900.0,,True,fanduel,2026-06-09T23:13:01.826583
Victor Wembanyama,,,9ea306ebbe68ff94dfa5b88d1e250b37,2026-06-11,00:40,threes,4.5,1000.0,,True,fanduel,2026-06-09T23:13:01.826585
Landry Shamet,,,9ea306ebbe68ff94dfa5b88d1e250b37,2026-06-11,00:40,threes,4.5,1200.0,,True,fanduel,2026-06-09T23:13:01.826586
Josh Hart,,,9ea306ebbe68ff94dfa5b88d1e250b37,2026-06-11,00:40,threes,4.5,2000.0,,True,fanduel,2026-06-09T23:13:01.826588
Devin Vassell,,,9ea306ebbe68ff94dfa5b88d1e250b37,2026-06-11,00:40,threes,6.5,2500.0,,True,fanduel,2026-06-09T23:13:01.826590
Jalen Brunson,,,9ea306ebbe68ff94dfa5b88d1e250b37,2026-06-11,00:40,threes,6.5,3500.0,,True,fanduel,2026-06-09T23:13:01.826591
Jalen Brunson,,,9ea306ebbe68ff94dfa5b88d1e250b37,2026-06-11,00:40,threes,2.5,124.0,-166.0,True,fanduel,2026-06-09T23:13:01.826595
OG Anunoby,,,9ea306ebbe68ff94dfa5b88d1e250b37,2026-06-11,00:40,threes,2.5,140.0,-188.0,True,fanduel,2026-06-09T23:13:01.826597
Josh Hart,,,9ea306ebbe68ff94dfa5b88d1e250b37,2026-06-11,00:40,threes,2.5,290.0,,True,fanduel,2026-06-09T23:13:01.826599
Mikal Bridges,,,9ea306ebbe68ff94dfa5b88d1e250b37,2026-06-11,00:40,threes,2.5,370.0,,True,fanduel,2026-06-09T23:13:01.826600
Stephon Castle,,,9ea306ebbe68ff94dfa5b88d1e250b37,2026-06-11,00:40,threes,2.5,390.0,-650.0,True,fanduel,2026-06-09T23:13:01.826602
Karl-Anthony Towns,,,9ea306ebbe68ff94dfa5b88d1e250b37,2026-06-11,00:40,threes,2.5,470.0,,True,fanduel,2026-06-09T23:13:01.826604
De'Aaron Fox,,,9ea306ebbe68ff94dfa5b88d1e250b37,2026-06-11,00:40,threes,2.5,470.0,-850.0,True,fanduel,2026-06-09T23:13:01.826605
Miles McBride,,,9ea306ebbe68ff94dfa5b88d1e250b37,2026-06-11,00:40,threes,2.5,700.0,,True,fanduel,2026-06-09T23:13:01.826607
Keldon Johnson,,,9ea306ebbe68ff94dfa5b88d1e250b37,2026-06-11,00:40,threes,2.5,1300.0,,True,fanduel,2026-06-09T23:13:01.826609
Jalen Brunson,,,9ea306ebbe68ff94dfa5b88d1e250b37,2026-06-11,00:40,threes,3.5,330.0,-490.0,True,fanduel,2026-06-09T23:13:01.826610
OG Anunoby,,,9ea306ebbe68ff94dfa5b88d1e250b37,2026-06-11,00:40,threes,3.5,350.0,-550.0,True,fanduel,2026-06-09T23:13:01.826612
Josh Hart,,,9ea306ebbe68ff94dfa5b88d1e250b37,2026-06-11,00:40,threes,3.5,800.0,,True,fanduel,2026-06-09T23:13:01.826614
Mikal Bridges,,,9ea306ebbe68ff94dfa5b88d1e250b37,2026-06-11,00:40,threes,3.5,1000.0,,True,fanduel,2026-06-09T23:13:01.826615
Stephon Castle,,,9ea306ebbe68ff94dfa5b88d1e250b37,2026-06-11,00:40,threes,3.5,1100.0,,True,fanduel,2026-06-09T23:13:01.826617
Karl-Anthony Towns,,,9ea306ebbe68ff94dfa5b88d1e250b37,2026-06-11,00:40,threes,3.5,1300.0,,True,fanduel,2026-06-09T23:13:01.826619
De'Aaron Fox,,,9ea306ebbe68ff94dfa5b88d1e250b37,2026-06-11,00:40,threes,3.5,1300.0,,True,fanduel,2026-06-09T23:13:01.826623
Dylan Harper,,,9ea306ebbe68ff94dfa5b88d1e250b37,2026-06-11,00:40,threes,3.5,1400.0,,True,fanduel,2026-06-09T23:13:01.826624
Miles McBride,,,9ea306ebbe68ff94dfa5b88d1e250b37,2026-06-11,00:40,threes,3.5,1500.0,,True,fanduel,2026-06-09T23:13:01.826626
Stephon Castle,,,9ea306ebbe68ff94dfa5b88d1e250b37,2026-06-11,00:40,assists,6.5,-123.0,-107.0,False,draftkings,2026-06-09T23:13:01.826647
Jalen Brunson,,,9ea306ebbe68ff94dfa5b88d1e250b37,2026-06-11,00:40,assists,5.5,-136.0,103.0,False,draftkings,2026-06-09T23:13:01.826649
De'Aaron Fox,,,9ea306ebbe68ff94dfa5b88d1e250b37,2026-06-11,00:40,assists,5.5,-135.0,102.0,False,draftkings,2026-06-09T23:13:01.826650
Josh Hart,,,9ea306ebbe68ff94dfa5b88d1e250b37,2026-06-11,00:40,assists,4.5,-107.0,-123.0,False,draftkings,2026-06-09T23:13:01.826652
Karl-Anthony Towns,,,9ea306ebbe68ff94dfa5b88d1e250b37,2026-06-11,00:40,assists,3.5,-144.0,109.0,False,draftkings,2026-06-09T23:13:01.826654
Dylan Harper,,,9ea306ebbe68ff94dfa5b88d1e250b37,2026-06-11,00:40,assists,3.5,107.0,-141.0,False,draftkings,2026-06-09T23:13:01.826656
Victor Wembanyama,,,9ea306ebbe68ff94dfa5b88d1e250b37,2026-06-11,00:40,assists,3.5,120.0,-158.0,False,draftkings,2026-06-09T23:13:01.826657
Mikal Bridges,,,9ea306ebbe68ff94dfa5b88d1e250b37,2026-06-11,00:40,assists,2.5,-144.0,110.0,False,draftkings,2026-06-09T23:13:01.826659
Devin Vassell,,,9ea306ebbe68ff94dfa5b88d1e250b37,2026-06-11,00:40,assists,2.5,141.0,-187.0,False,draftkings,2026-06-09T23:13:01.826661
OG Anunoby,,,9ea306ebbe68ff94dfa5b88d1e250b37,2026-06-11,00:40,assists,1.5,-137.0,104.0,False,draftkings,2026-06-09T23:13:01.826663
Julian Champagnie,,,9ea306ebbe68ff94dfa5b88d1e250b37,2026-06-11,00:40,assists,1.5,134.0,-178.0,False,draftkings,2026-06-09T23:13:01.826664
Jose Alvarado,,,9ea306ebbe68ff94dfa5b88d1e250b37,2026-06-11,00:40,assists,1.5,143.0,-190.0,False,draftkings,2026-06-09T23:13:01.826666
Landry Shamet,,,9ea306ebbe68ff94dfa5b88d1e250b37,2026-06-11,00:40,assists,1.5,164.0,-219.0,False,draftkings,2026-06-09T23:13:01.826668
Miles McBride,,,9ea306ebbe68ff94dfa5b88d1e250b37,2026-06-11,00:40,assists,0.5,-199.0,150.0,False,draftkings,2026-06-09T23:13:01.826669
Keldon Johnson,,,9ea306ebbe68ff94dfa5b88d1e250b37,2026-06-11,00:40,assists,0.5,101.0,-133.0,False,draftkings,2026-06-09T23:13:01.826671
Luke Kornet,,,9ea306ebbe68ff94dfa5b88d1e250b37,2026-06-11,00:40,assists,0.5,127.0,-168.0,False,draftkings,2026-06-09T23:13:01.826673
Mitchell Robinson,,,9ea306ebbe68ff94dfa5b88d1e250b37,2026-06-11,00:40,assists,0.5,157.0,-210.0,False,draftkings,2026-06-09T23:13:01.826675
Stephon Castle,,,9ea306ebbe68ff94dfa5b88d1e250b37,2026-06-11,00:40,assists,3.5,-1080.0,,True,draftkings,2026-06-09T23:13:01.826778
Stephon Castle,,,9ea306ebbe68ff94dfa5b88d1e250b37,2026-06-11,00:40,assists,4.5,-448.0,,True,draftkings,2026-06-09T23:13:01.826780
Stephon Castle,,,9ea306ebbe68ff94dfa5b88d1e250b37,2026-06-11,00:40,assists,5.5,-226.0,,True,draftkings,2026-06-09T23:13:01.826782
Stephon Castle,,,9ea306ebbe68ff94dfa5b88d1e250b37,2026-06-11,00:40,assists,6.5,-122.0,,True,draftkings,2026-06-09T23:13:01.826784
Stephon Castle,,,9ea306ebbe68ff94dfa5b88d1e250b37,2026-06-11,00:40,assists,7.5,143.0,,True,draftkings,2026-06-09T23:13:01.826787
Stephon Castle,,,9ea306ebbe68ff94dfa5b88d1e250b37,2026-06-11,00:40,assists,8.5,245.0,,True,draftkings,2026-06-09T23:13:01.826789
Stephon Castle,,,9ea306ebbe68ff94dfa5b88d1e250b37,2026-06-11,00:40,assists,9.5,417.0,,True,draftkings,2026-06-09T23:13:01.826791
Stephon Castle,,,9ea306ebbe68ff94dfa5b88d1e250b37,2026-06-11,00:40,assists,10.5,700.0,,True,draftkings,2026-06-09T23:13:01.826793
Stephon Castle,,,9ea306ebbe68ff94dfa5b88d1e250b37,2026-06-11,00:40,assists,11.5,1160.0,,True,draftkings,2026-06-09T23:13:01.826794
Stephon Castle,,,9ea306ebbe68ff94dfa5b88d1e250b37,2026-06-11,00:40,assists,12.5,1840.0,,True,draftkings,2026-06-09T23:13:01.826796
Stephon Castle,,,9ea306ebbe68ff94dfa5b88d1e250b37,2026-06-11,00:40,assists,13.5,2600.0,,True,draftkings,2026-06-09T23:13:01.826798
Jalen Brunson,,,9ea306ebbe68ff94dfa5b88d1e250b37,2026-06-11,00:40,assists,2.5,-2200.0,,True,draftkings,2026-06-09T23:13:01.826802
Jalen Brunson,,,9ea306ebbe68ff94dfa5b88d1e250b37,2026-06-11,00:40,assists,3.5,-660.0,,True,draftkings,2026-06-09T23:13:01.826804
Jalen Brunson,,,9ea306ebbe68ff94dfa5b88d1e250b37,2026-06-11,00:40,assists,4.5,-278.0,,True,draftkings,2026-06-09T23:13:01.826805
Jalen Brunson,,,9ea306ebbe68ff94dfa5b88d1e250b37,2026-06-11,00:40,assists,5.5,-139.0,,True,draftkings,2026-06-09T23:13:01.826807
Jalen Brunson,,,9ea306ebbe68ff94dfa5b88d1e250b37,2026-06-11,00:40,assists,6.5,132.0,,True,draftkings,2026-06-09T23:13:01.826809
Jalen Brunson,,,9ea306ebbe68ff94dfa5b88d1e250b37,2026-06-11,00:40,assists,7.5,236.0,,True,draftkings,2026-06-09T23:13:01.826810
Jalen Brunson,,,9ea306ebbe68ff94dfa5b88d1e250b37,2026-06-11,00:40,assists,8.5,425.0,,True,draftkings,2026-06-09T23:13:01.826812
Jalen Brunson,,,9ea306ebbe68ff94dfa5b88d1e250b37,2026-06-11,00:40,assists,9.5,720.0,,True,draftkings,2026-06-09T23:13:01.826814
Jalen Brunson,,,9ea306ebbe68ff94dfa5b88d1e250b37,2026-06-11,00:40,assists,10.5,1220.0,,True,draftkings,2026-06-09T23:13:01.826815
Jalen Brunson,,,9ea306ebbe68ff94dfa5b88d1e250b37,2026-06-11,00:40,assists,11.5,2000.0,,True,draftkings,2026-06-09T23:13:01.826817
Jalen Brunson,,,9ea306ebbe68ff94dfa5b88d1e250b37,2026-06-11,00:40,assists,12.5,2900.0,,True,draftkings,2026-06-09T23:13:01.826819
De'Aaron Fox,,,9ea306ebbe68ff94dfa5b88d1e250b37,2026-06-11,00:40,assists,2.5,-2100.0,,True,draftkings,2026-06-09T23:13:01.826821
De'Aaron Fox,,,9ea306ebbe68ff94dfa5b88d1e250b37,2026-06-11,00:40,assists,3.5,-620.0,,True,draftkings,2026-06-09T23:13:01.826822
De'Aaron Fox,,,9ea306ebbe68ff94dfa5b88d1e250b37,2026-06-11,00:40,assists,4.5,-269.0,,True,draftkings,2026-06-09T23:13:01.826824
De'Aaron Fox,,,9ea306ebbe68ff94dfa5b88d1e250b37,2026-06-11,00:40,assists,5.5,-133.0,,True,draftkings,2026-06-09T23:13:01.826826
De'Aaron Fox,,,9ea306ebbe68ff94dfa5b88d1e250b37,2026-06-11,00:40,assists,6.5,141.0,,True,draftkings,2026-06-09T23:13:01.826830
De'Aaron Fox,,,9ea306ebbe68ff94dfa5b88d1e250b37,2026-06-11,00:40,assists,7.5,254.0,,True,draftkings,2026-06-09T23:13:01.826831
De'Aaron Fox,,,9ea306ebbe68ff94dfa5b88d1e250b37,2026-06-11,00:40,assists,8.5,455.0,,True,draftkings,2026-06-09T23:13:01.826833
De'Aaron Fox,,,9ea306ebbe68ff94dfa5b88d1e250b37,2026-06-11,00:40,assists,9.5,830.0,,True,draftkings,2026-06-09T23:13:01.826835
De'Aaron Fox,,,9ea306ebbe68ff94dfa5b88d1e250b37,2026-06-11,00:40,assists,10.5,1400.0,,True,draftkings,2026-06-09T23:13:01.826836
De'Aaron Fox,,,9ea306ebbe68ff94dfa5b88d1e250b37,2026-06-11,00:40,assists,11.5,2200.0,,True,draftkings,2026-06-09T23:13:01.826838
Josh Hart,,,9ea306ebbe68ff94dfa5b88d1e250b37,2026-06-11,00:40,assists,2.5,-501.0,,True,draftkings,2026-06-09T23:13:01.826840
Josh Hart,,,9ea306ebbe68ff94dfa5b88d1e250b37,2026-06-11,00:40,assists,3.5,-215.0,,True,draftkings,2026-06-09T23:13:01.826842
Josh Hart,,,9ea306ebbe68ff94dfa5b88d1e250b37,2026-06-11,00:40,assists,4.5,-107.0,,True,draftkings,2026-06-09T23:13:01.826843
Josh Hart,,,9ea306ebbe68ff94dfa5b88d1e250b37,2026-06-11,00:40,assists,5.5,171.0,,True,draftkings,2026-06-09T23:13:01.826845
Josh Hart,,,9ea306ebbe68ff94dfa5b88d1e250b37,2026-06-11,00:40,assists,6.5,314.0,,True,draftkings,2026-06-09T23:13:01.826847
Josh Hart,,,9ea306ebbe68ff94dfa5b88d1e250b37,2026-06-11,00:40,assists,7.5,572.0,,True,draftkings,2026-06-09T23:13:01.826848
Josh Hart,,,9ea306ebbe68ff94dfa5b88d1e250b37,2026-06-11,00:40,assists,8.5,960.0,,True,draftkings,2026-06-09T23:13:01.826850
Josh Hart,,,9ea306ebbe68ff94dfa5b88d1e250b37,2026-06-11,00:40,assists,9.5,1600.0,,True,draftkings,2026-06-09T23:13:01.826852
Josh Hart,,,9ea306ebbe68ff94dfa5b88d1e250b37,2026-06-11,00:40,assists,10.5,2400.0,,True,draftkings,2026-06-09T23:13:01.826854
Karl-Anthony Towns,,,9ea306ebbe68ff94dfa5b88d1e250b37,2026-06-11,00:40,assists,2.5,-357.0,,True,draftkings,2026-06-09T23:13:01.826855
Karl-Anthony Towns,,,9ea306ebbe68ff94dfa5b88d1e250b37,2026-06-11,00:40,assists,3.5,-144.0,,True,draftkings,2026-06-09T23:13:01.826857
Karl-Anthony Towns,,,9ea306ebbe68ff94dfa5b88d1e250b37,2026-06-11,00:40,assists,4.5,151.0,,True,draftkings,2026-06-09T23:13:01.826859
Karl-Anthony Towns,,,9ea306ebbe68ff94dfa5b88d1e250b37,2026-06-11,00:40,assists,5.5,314.0,,True,draftkings,2026-06-09T23:13:01.826860
Karl-Anthony Towns,,,9ea306ebbe68ff94dfa5b88d1e250b37,2026-06-11,00:40,assists,6.5,610.0,,True,draftkings,2026-06-09T23:13:01.826862
Karl-Anthony Towns,,,9ea306ebbe68ff94dfa5b88d1e250b37,2026-06-11,00:40,assists,7.5,1200.0,,True,draftkings,2026-06-09T23:13:01.826864
Karl-Anthony Towns,,,9ea306ebbe68ff94dfa5b88d1e250b37,2026-06-11,00:40,assists,8.5,2000.0,,True,draftkings,2026-06-09T23:13:01.826865
Dylan Harper,,,9ea306ebbe68ff94dfa5b88d1e250b37,2026-06-11,00:40,assists,2.5,-226.0,,True,draftkings,2026-06-09T23:13:01.826867
Dylan Harper,,,9ea306ebbe68ff94dfa5b88d1e250b37,2026-06-11,00:40,assists,3.5,106.0,,True,draftkings,2026-06-09T23:13:01.826869
Dylan Harper,,,9ea306ebbe68ff94dfa5b88d1e250b37,2026-06-11,00:40,assists,4.5,236.0,,True,draftkings,2026-06-09T23:13:01.826871
Dylan Harper,,,9ea306ebbe68ff94dfa5b88d1e250b37,2026-06-11,00:40,assists,5.5,504.0,,True,draftkings,2026-06-09T23:13:01.826872
Dylan Harper,,,9ea306ebbe68ff94dfa5b88d1e250b37,2026-06-11,00:40,assists,6.5,1020.0,,True,draftkings,2026-06-09T23:13:01.826874
Dylan Harper,,,9ea306ebbe68ff94dfa5b88d1e250b37,2026-06-11,00:40,assists,7.5,1920.0,,True,draftkings,2026-06-09T23:13:01.826876
Victor Wembanyama,,,9ea306ebbe68ff94dfa5b88d1e250b37,2026-06-11,00:40,assists,2.5,-195.0,,True,draftkings,2026-06-09T23:13:01.826877
Victor Wembanyama,,,9ea306ebbe68ff94dfa5b88d1e250b37,2026-06-11,00:40,assists,3.5,120.0,,True,draftkings,2026-06-09T23:13:01.826885
Victor Wembanyama,,,9ea306ebbe68ff94dfa5b88d1e250b37,2026-06-11,00:40,assists,4.5,265.0,,True,draftkings,2026-06-09T23:13:01.826887
Victor Wembanyama,,,9ea306ebbe68ff94dfa5b88d1e250b37,2026-06-11,00:40,assists,5.5,569.0,,True,draftkings,2026-06-09T23:13:01.826891
Victor Wembanyama,,,9ea306ebbe68ff94dfa5b88d1e250b37,2026-06-11,00:40,assists,6.5,1140.0,,True,draftkings,2026-06-09T23:13:01.826892
Victor Wembanyama,,,9ea306ebbe68ff94dfa5b88d1e250b37,2026-06-11,00:40,assists,7.5,2000.0,,True,draftkings,2026-06-09T23:13:01.826894
Mikal Bridges,,,9ea306ebbe68ff94dfa5b88d1e250b37,2026-06-11,00:40,assists,2.5,-143.0,,True,draftkings,2026-06-09T23:13:01.826896
Mikal Bridges,,,9ea306ebbe68ff94dfa5b88d1e250b37,2026-06-11,00:40,assists,3.5,172.0,,True,draftkings,2026-06-09T23:13:01.826897
Mikal Bridges,,,9ea306ebbe68ff94dfa5b88d1e250b37,2026-06-11,00:40,assists,4.5,391.0,,True,draftkings,2026-06-09T23:13:01.826899
Mikal Bridges,,,9ea306ebbe68ff94dfa5b88d1e250b37,2026-06-11,00:40,assists,5.5,870.0,,True,draftkings,2026-06-09T23:13:01.826901
Mikal Bridges,,,9ea306ebbe68ff94dfa5b88d1e250b37,2026-06-11,00:40,assists,6.5,1720.0,,True,draftkings,2026-06-09T23:13:01.826902
Mikal Bridges,,,9ea306ebbe68ff94dfa5b88d1e250b37,2026-06-11,00:40,assists,7.5,2800.0,,True,draftkings,2026-06-09T23:13:01.826904
Devin Vassell,,,9ea306ebbe68ff94dfa5b88d1e250b37,2026-06-11,00:40,assists,2.5,146.0,,True,draftkings,2026-06-09T23:13:01.826906
Devin Vassell,,,9ea306ebbe68ff94dfa5b88d1e250b37,2026-06-11,00:40,assists,3.5,365.0,,True,draftkings,2026-06-09T23:13:01.826907
Devin Vassell,,,9ea306ebbe68ff94dfa5b88d1e250b37,2026-06-11,00:40,assists,4.5,850.0,,True,draftkings,2026-06-09T23:13:01.826920
Devin Vassell,,,9ea306ebbe68ff94dfa5b88d1e250b37,2026-06-11,00:40,assists,5.5,1840.0,,True,draftkings,2026-06-09T23:13:01.826922
OG Anunoby,,,9ea306ebbe68ff94dfa5b88d1e250b37,2026-06-11,00:40,assists,1.5,-133.0,,True,draftkings,2026-06-09T23:13:01.826924
OG Anunoby,,,9ea306ebbe68ff94dfa5b88d1e250b37,2026-06-11,00:40,assists,2.5,223.0,,True,draftkings,2026-06-09T23:13:01.826925
OG Anunoby,,,9ea306ebbe68ff94dfa5b88d1e250b37,2026-06-11,00:40,assists,3.5,570.0,,True,draftkings,2026-06-09T23:13:01.826927
OG Anunoby,,,9ea306ebbe68ff94dfa5b88d1e250b37,2026-06-11,00:40,assists,4.5,1400.0,,True,draftkings,2026-06-09T23:13:01.826929
OG Anunoby,,,9ea306ebbe68ff94dfa5b88d1e250b37,2026-06-11,00:40,assists,5.5,2700.0,,True,draftkings,2026-06-09T23:13:01.826931
Jose Alvarado,,,9ea306ebbe68ff94dfa5b88d1e250b37,2026-06-11,00:40,assists,1.5,144.0,,True,draftkings,2026-06-09T23:13:01.826935
Jose Alvarado,,,9ea306ebbe68ff94dfa5b88d1e250b37,2026-06-11,00:40,assists,2.5,368.0,,True,draftkings,2026-06-09T23:13:01.826937
Jose Alvarado,,,9ea306ebbe68ff94dfa5b88d1e250b37,2026-06-11,00:40,assists,3.5,850.0,,True,draftkings,2026-06-09T23:13:01.826938
Jose Alvarado,,,9ea306ebbe68ff94dfa5b88d1e250b37,2026-06-11,00:40,assists,4.5,1680.0,,True,draftkings,2026-06-09T23:13:01.826940
Jose Alvarado,,,9ea306ebbe68ff94dfa5b88d1e250b37,2026-06-11,00:40,assists,5.5,2900.0,,True,draftkings,2026-06-09T23:13:01.826942
Julian Champagnie,,,9ea306ebbe68ff94dfa5b88d1e250b37,2026-06-11,00:40,assists,1.5,135.0,,True,draftkings,2026-06-09T23:13:01.826943
Julian Champagnie,,,9ea306ebbe68ff94dfa5b88d1e250b37,2026-06-11,00:40,assists,2.5,434.0,,True,draftkings,2026-06-09T23:13:01.826945
Julian Champagnie,,,9ea306ebbe68ff94dfa5b88d1e250b37,2026-06-11,00:40,assists,3.5,1200.0,,True,draftkings,2026-06-09T23:13:01.826947
Julian Champagnie,,,9ea306ebbe68ff94dfa5b88d1e250b37,2026-06-11,00:40,assists,4.5,2600.0,,True,draftkings,2026-06-09T23:13:01.826948
Miles McBride,,,9ea306ebbe68ff94dfa5b88d1e250b37,2026-06-11,00:40,assists,0.5,-201.0,,True,draftkings,2026-06-09T23:13:01.826950
Miles McBride,,,9ea306ebbe68ff94dfa5b88d1e250b37,2026-06-11,00:40,assists,2.5,600.0,,True,draftkings,2026-06-09T23:13:01.826952
Miles McBride,,,9ea306ebbe68ff94dfa5b88d1e250b37,2026-06-11,00:40,assists,3.5,1480.0,,True,draftkings,2026-06-09T23:13:01.826954
Miles McBride,,,9ea306ebbe68ff94dfa5b88d1e250b37,2026-06-11,00:40,assists,4.5,2800.0,,True,draftkings,2026-06-09T23:13:01.826955
Landry Shamet,,,9ea306ebbe68ff94dfa5b88d1e250b37,2026-06-11,00:40,assists,1.5,166.0,,True,draftkings,2026-06-09T23:13:01.826957
Landry Shamet,,,9ea306ebbe68ff94dfa5b88d1e250b37,2026-06-11,00:40,assists,2.5,539.0,,True,draftkings,2026-06-09T23:13:01.826961
Landry Shamet,,,9ea306ebbe68ff94dfa5b88d1e250b37,2026-06-11,00:40,assists,3.5,1460.0,,True,draftkings,2026-06-09T23:13:01.826963
Landry Shamet,,,9ea306ebbe68ff94dfa5b88d1e250b37,2026-06-11,00:40,assists,4.5,2900.0,,True,draftkings,2026-06-09T23:13:01.826964
Keldon Johnson,,,9ea306ebbe68ff94dfa5b88d1e250b37,2026-06-11,00:40,assists,0.5,101.0,,True,draftkings,2026-06-09T23:13:01.826966
Keldon Johnson,,,9ea306ebbe68ff94dfa5b88d1e250b37,2026-06-11,00:40,assists,2.5,1640.0,,True,draftkings,2026-06-09T23:13:01.826968
Luke Kornet,,,9ea306ebbe68ff94dfa5b88d1e250b37,2026-06-11,00:40,assists,0.5,127.0,,True,draftkings,2026-06-09T23:13:01.826969
Luke Kornet,,,9ea306ebbe68ff94dfa5b88d1e250b37,2026-06-11,00:40,assists,2.5,1860.0,,True,draftkings,2026-06-09T23:13:01.826971
Mitchell Robinson,,,9ea306ebbe68ff94dfa5b88d1e250b37,2026-06-11,00:40,assists,0.5,158.0,,True,draftkings,2026-06-09T23:13:01.826973
Mitchell Robinson,,,9ea306ebbe68ff94dfa5b88d1e250b37,2026-06-11,00:40,assists,2.5,2600.0,,True,draftkings,2026-06-09T23:13:01.826975
Victor Wembanyama,,,9ea306ebbe68ff94dfa5b88d1e250b37,2026-06-11,00:40,points,26.5,-122.0,-104.0,False,draftkings,2026-06-09T23:13:01.826997
Jalen Brunson,,,9ea306ebbe68ff94dfa5b88d1e250b37,2026-06-11,00:40,points,26.5,-116.0,-110.0,False,draftkings,2026-06-09T23:13:01.826999
Karl-Anthony Towns,,,9ea306ebbe68ff94dfa5b88d1e250b37,2026-06-11,00:40,points,17.5,-116.0,-110.0,False,draftkings,2026-06-09T23:13:01.827001
OG Anunoby,,,9ea306ebbe68ff94dfa5b88d1e250b37,2026-06-11,00:40,points,16.5,-114.0,-112.0,False,draftkings,2026-06-09T23:13:01.827003
Stephon Castle,,,9ea306ebbe68ff94dfa5b88d1e250b37,2026-06-11,00:40,points,15.5,-124.0,-103.0,False,draftkings,2026-06-09T23:13:01.827005
De'Aaron Fox,,,9ea306ebbe68ff94dfa5b88d1e250b37,2026-06-11,00:40,points,14.5,-107.0,-120.0,False,draftkings,2026-06-09T23:13:01.827006
Dylan Harper,,,9ea306ebbe68ff94dfa5b88d1e250b37,2026-06-11,00:40,points,13.5,-116.0,-110.0,False,draftkings,2026-06-09T23:13:01.827008
Devin Vassell,,,9ea306ebbe68ff94dfa5b88d1e250b37,2026-06-11,00:40,points,13.5,-101.0,-126.0,False,draftkings,2026-06-09T23:13:01.827010
Mikal Bridges,,,9ea306ebbe68ff94dfa5b88d1e250b37,2026-06-11,00:40,points,12.5,-103.0,-124.0,False,draftkings,2026-06-09T23:13:01.827014
Josh Hart,,,9ea306ebbe68ff94dfa5b88d1e250b37,2026-06-11,00:40,points,10.5,-106.0,-120.0,False,draftkings,2026-06-09T23:13:01.827016
Julian Champagnie,,,9ea306ebbe68ff94dfa5b88d1e250b37,2026-06-11,00:40,points,9.5,-105.0,-121.0,False,draftkings,2026-06-09T23:13:01.827017
Landry Shamet,,,9ea306ebbe68ff94dfa5b88d1e250b37,2026-06-11,00:40,points,7.5,-123.0,-103.0,False,draftkings,2026-06-09T23:13:01.827019
Keldon Johnson,,,9ea306ebbe68ff94dfa5b88d1e250b37,2026-06-11,00:40,points,5.5,-132.0,103.0,False,draftkings,2026-06-09T23:13:01.827021
Miles McBride,,,9ea306ebbe68ff94dfa5b88d1e250b37,2026-06-11,00:40,points,4.5,-110.0,-116.0,False,draftkings,2026-06-09T23:13:01.827022
Mitchell Robinson,,,9ea306ebbe68ff94dfa5b88d1e250b37,2026-06-11,00:40,points,3.5,-108.0,-118.0,False,draftkings,2026-06-09T23:13:01.827024
Jordan Clarkson,,,9ea306ebbe68ff94dfa5b88d1e250b37,2026-06-11,00:40,points,3.5,-105.0,-121.0,False,draftkings,2026-06-09T23:13:01.827026
Jose Alvarado,,,9ea306ebbe68ff94dfa5b88d1e250b37,2026-06-11,00:40,points,2.5,-125.0,-102.0,False,draftkings,2026-06-09T23:13:01.827028
Luke Kornet,,,9ea306ebbe68ff94dfa5b88d1e250b37,2026-06-11,00:40,points,1.5,-142.0,111.0,False,draftkings,2026-06-09T23:13:01.827029
Jalen Brunson,,,9ea306ebbe68ff94dfa5b88d1e250b37,2026-06-11,00:40,points,14.5,-3500.0,,True,draftkings,2026-06-09T23:13:01.827097
Jalen Brunson,,,9ea306ebbe68ff94dfa5b88d1e250b37,2026-06-11,00:40,points,17.5,-1060.0,,True,draftkings,2026-06-09T23:13:01.827101
Jalen Brunson,,,9ea306ebbe68ff94dfa5b88d1e250b37,2026-06-11,00:40,points,19.5,-584.0,,True,draftkings,2026-06-09T23:13:01.827103
Jalen Brunson,,,9ea306ebbe68ff94dfa5b88d1e250b37,2026-06-11,00:40,points,24.5,-182.0,,True,draftkings,2026-06-09T23:13:01.827105
Jalen Brunson,,,9ea306ebbe68ff94dfa5b88d1e250b37,2026-06-11,00:40,points,26.5,-118.0,,True,draftkings,2026-06-09T23:13:01.827107
Jalen Brunson,,,9ea306ebbe68ff94dfa5b88d1e250b37,2026-06-11,00:40,points,29.5,154.0,,True,draftkings,2026-06-09T23:13:01.827108
Jalen Brunson,,,9ea306ebbe68ff94dfa5b88d1e250b37,2026-06-11,00:40,points,34.5,399.0,,True,draftkings,2026-06-09T23:13:01.827110
Jalen Brunson,,,9ea306ebbe68ff94dfa5b88d1e250b37,2026-06-11,00:40,points,39.5,1000.0,,True,draftkings,2026-06-09T23:13:01.827112
Jalen Brunson,,,9ea306ebbe68ff94dfa5b88d1e250b37,2026-06-11,00:40,points,44.5,2200.0,,True,draftkings,2026-06-09T23:13:01.827113
Victor Wembanyama,,,9ea306ebbe68ff94dfa5b88d1e250b37,2026-06-11,00:40,points,14.5,-3000.0,,True,draftkings,2026-06-09T23:13:01.827115
Victor Wembanyama,,,9ea306ebbe68ff94dfa5b88d1e250b37,2026-06-11,00:40,points,17.5,-970.0,,True,draftkings,2026-06-09T23:13:01.827117
Victor Wembanyama,,,9ea306ebbe68ff94dfa5b88d1e250b37,2026-06-11,00:40,points,19.5,-567.0,,True,draftkings,2026-06-09T23:13:01.827119
Victor Wembanyama,,,9ea306ebbe68ff94dfa5b88d1e250b37,2026-06-11,00:40,points,24.5,-183.0,,True,draftkings,2026-06-09T23:13:01.827120
Victor Wembanyama,,,9ea306ebbe68ff94dfa5b88d1e250b37,2026-06-11,00:40,points,26.5,-122.0,,True,draftkings,2026-06-09T23:13:01.827122
Victor Wembanyama,,,9ea306ebbe68ff94dfa5b88d1e250b37,2026-06-11,00:40,points,29.5,144.0,,True,draftkings,2026-06-09T23:13:01.827124
Victor Wembanyama,,,9ea306ebbe68ff94dfa5b88d1e250b37,2026-06-11,00:40,points,34.5,379.0,,True,draftkings,2026-06-09T23:13:01.827126
Victor Wembanyama,,,9ea306ebbe68ff94dfa5b88d1e250b37,2026-06-11,00:40,points,39.5,960.0,,True,draftkings,2026-06-09T23:13:01.827127
Victor Wembanyama,,,9ea306ebbe68ff94dfa5b88d1e250b37,2026-06-11,00:40,points,44.5,2200.0,,True,draftkings,2026-06-09T23:13:01.827129
OG Anunoby,,,9ea306ebbe68ff94dfa5b88d1e250b37,2026-06-11,00:40,points,7.5,-2400.0,,True,draftkings,2026-06-09T23:13:01.827131
OG Anunoby,,,9ea306ebbe68ff94dfa5b88d1e250b37,2026-06-11,00:40,points,9.5,-940.0,,True,draftkings,2026-06-09T23:13:01.827132
OG Anunoby,,,9ea306ebbe68ff94dfa5b88d1e250b37,2026-06-11,00:40,points,11.5,-451.0,,True,draftkings,2026-06-09T23:13:01.827134
OG Anunoby,,,9ea306ebbe68ff94dfa5b88d1e250b37,2026-06-11,00:40,points,14.5,-188.0,,True,draftkings,2026-06-09T23:13:01.827136
OG Anunoby,,,9ea306ebbe68ff94dfa5b88d1e250b37,2026-06-11,00:40,points,16.5,-114.0,,True,draftkings,2026-06-09T23:13:01.827137
OG Anunoby,,,9ea306ebbe68ff94dfa5b88d1e250b37,2026-06-11,00:40,points,17.5,111.0,,True,draftkings,2026-06-09T23:13:01.827139
OG Anunoby,,,9ea306ebbe68ff94dfa5b88d1e250b37,2026-06-11,00:40,points,19.5,177.0,,True,draftkings,2026-06-09T23:13:01.827141
OG Anunoby,,,9ea306ebbe68ff94dfa5b88d1e250b37,2026-06-11,00:40,points,24.5,521.0,,True,draftkings,2026-06-09T23:13:01.827142
OG Anunoby,,,9ea306ebbe68ff94dfa5b88d1e250b37,2026-06-11,00:40,points,29.5,1440.0,,True,draftkings,2026-06-09T23:13:01.827144
OG Anunoby,,,9ea306ebbe68ff94dfa5b88d1e250b37,2026-06-11,00:40,points,34.5,3000.0,,True,draftkings,2026-06-09T23:13:01.827146
Karl-Anthony Towns,,,9ea306ebbe68ff94dfa5b88d1e250b37,2026-06-11,00:40,points,9.5,-1840.0,,True,draftkings,2026-06-09T23:13:01.827147
Karl-Anthony Towns,,,9ea306ebbe68ff94dfa5b88d1e250b37,2026-06-11,00:40,points,11.5,-740.0,,True,draftkings,2026-06-09T23:13:01.827149
Karl-Anthony Towns,,,9ea306ebbe68ff94dfa5b88d1e250b37,2026-06-11,00:40,points,14.5,-271.0,,True,draftkings,2026-06-09T23:13:01.827151
Karl-Anthony Towns,,,9ea306ebbe68ff94dfa5b88d1e250b37,2026-06-11,00:40,points,17.5,-116.0,,True,draftkings,2026-06-09T23:13:01.827155
Karl-Anthony Towns,,,9ea306ebbe68ff94dfa5b88d1e250b37,2026-06-11,00:40,points,19.5,143.0,,True,draftkings,2026-06-09T23:13:01.827157
Karl-Anthony Towns,,,9ea306ebbe68ff94dfa5b88d1e250b37,2026-06-11,00:40,points,24.5,476.0,,True,draftkings,2026-06-09T23:13:01.827158
Karl-Anthony Towns,,,9ea306ebbe68ff94dfa5b88d1e250b37,2026-06-11,00:40,points,29.5,1460.0,,True,draftkings,2026-06-09T23:13:01.827160
Stephon Castle,,,9ea306ebbe68ff94dfa5b88d1e250b37,2026-06-11,00:40,points,7.5,-2100.0,,True,draftkings,2026-06-09T23:13:01.827161
Stephon Castle,,,9ea306ebbe68ff94dfa5b88d1e250b37,2026-06-11,00:40,points,9.5,-790.0,,True,draftkings,2026-06-09T23:13:01.827163
Stephon Castle,,,9ea306ebbe68ff94dfa5b88d1e250b37,2026-06-11,00:40,points,11.5,-397.0,,True,draftkings,2026-06-09T23:13:01.827165
Stephon Castle,,,9ea306ebbe68ff94dfa5b88d1e250b37,2026-06-11,00:40,points,14.5,-166.0,,True,draftkings,2026-06-09T23:13:01.827167
Stephon Castle,,,9ea306ebbe68ff94dfa5b88d1e250b37,2026-06-11,00:40,points,15.5,-126.0,,True,draftkings,2026-06-09T23:13:01.827168
Stephon Castle,,,9ea306ebbe68ff94dfa5b88d1e250b37,2026-06-11,00:40,points,17.5,129.0,,True,draftkings,2026-06-09T23:13:01.827170
Stephon Castle,,,9ea306ebbe68ff94dfa5b88d1e250b37,2026-06-11,00:40,points,19.5,208.0,,True,draftkings,2026-06-09T23:13:01.827172
Stephon Castle,,,9ea306ebbe68ff94dfa5b88d1e250b37,2026-06-11,00:40,points,24.5,670.0,,True,draftkings,2026-06-09T23:13:01.827176
Stephon Castle,,,9ea306ebbe68ff94dfa5b88d1e250b37,2026-06-11,00:40,points,29.5,1880.0,,True,draftkings,2026-06-09T23:13:01.827178
De'Aaron Fox,,,9ea306ebbe68ff94dfa5b88d1e250b37,2026-06-11,00:40,points,7.5,-1220.0,,True,draftkings,2026-06-09T23:13:01.827180
De'Aaron Fox,,,9ea306ebbe68ff94dfa5b88d1e250b37,2026-06-11,00:40,points,9.5,-499.0,,True,draftkings,2026-06-09T23:13:01.827182
De'Aaron Fox,,,9ea306ebbe68ff94dfa5b88d1e250b37,2026-06-11,00:40,points,11.5,-254.0,,True,draftkings,2026-06-09T23:13:01.827183
De'Aaron Fox,,,9ea306ebbe68ff94dfa5b88d1e250b37,2026-06-11,00:40,points,14.5,-109.0,,True,draftkings,2026-06-09T23:13:01.827185
De'Aaron Fox,,,9ea306ebbe68ff94dfa5b88d1e250b37,2026-06-11,00:40,points,17.5,199.0,,True,draftkings,2026-06-09T23:13:01.827187
De'Aaron Fox,,,9ea306ebbe68ff94dfa5b88d1e250b37,2026-06-11,00:40,points,19.5,327.0,,True,draftkings,2026-06-09T23:13:01.827191
De'Aaron Fox,,,9ea306ebbe68ff94dfa5b88d1e250b37,2026-06-11,00:40,points,24.5,1040.0,,True,draftkings,2026-06-09T23:13:01.827192
De'Aaron Fox,,,9ea306ebbe68ff94dfa5b88d1e250b37,2026-06-11,00:40,points,29.5,2700.0,,True,draftkings,2026-06-09T23:13:01.827194
Devin Vassell,,,9ea306ebbe68ff94dfa5b88d1e250b37,2026-06-11,00:40,points,5.5,-1640.0,,True,draftkings,2026-06-09T23:13:01.827196
Devin Vassell,,,9ea306ebbe68ff94dfa5b88d1e250b37,2026-06-11,00:40,points,7.5,-660.0,,True,draftkings,2026-06-09T23:13:01.827197
Devin Vassell,,,9ea306ebbe68ff94dfa5b88d1e250b37,2026-06-11,00:40,points,9.5,-315.0,,True,draftkings,2026-06-09T23:13:01.827199
Devin Vassell,,,9ea306ebbe68ff94dfa5b88d1e250b37,2026-06-11,00:40,points,11.5,-170.0,,True,draftkings,2026-06-09T23:13:01.827201
Devin Vassell,,,9ea306ebbe68ff94dfa5b88d1e250b37,2026-06-11,00:40,points,13.5,-101.0,,True,draftkings,2026-06-09T23:13:01.827202
Devin Vassell,,,9ea306ebbe68ff94dfa5b88d1e250b37,2026-06-11,00:40,points,14.5,129.0,,True,draftkings,2026-06-09T23:13:01.827204
Devin Vassell,,,9ea306ebbe68ff94dfa5b88d1e250b37,2026-06-11,00:40,points,17.5,266.0,,True,draftkings,2026-06-09T23:13:01.827206
Devin Vassell,,,9ea306ebbe68ff94dfa5b88d1e250b37,2026-06-11,00:40,points,19.5,422.0,,True,draftkings,2026-06-09T23:13:01.827207
Devin Vassell,,,9ea306ebbe68ff94dfa5b88d1e250b37,2026-06-11,00:40,points,24.5,1280.0,,True,draftkings,2026-06-09T23:13:01.827209
Dylan Harper,,,9ea306ebbe68ff94dfa5b88d1e250b37,2026-06-11,00:40,points,5.5,-3300.0,,True,draftkings,2026-06-09T23:13:01.827211
Dylan Harper,,,9ea306ebbe68ff94dfa5b88d1e250b37,2026-06-11,00:40,points,7.5,-890.0,,True,draftkings,2026-06-09T23:13:01.827213
Dylan Harper,,,9ea306ebbe68ff94dfa5b88d1e250b37,2026-06-11,00:40,points,9.5,-390.0,,True,draftkings,2026-06-09T23:13:01.827216
Dylan Harper,,,9ea306ebbe68ff94dfa5b88d1e250b37,2026-06-11,00:40,points,11.5,-203.0,,True,draftkings,2026-06-09T23:13:01.827218
Dylan Harper,,,9ea306ebbe68ff94dfa5b88d1e250b37,2026-06-11,00:40,points,13.5,-116.0,,True,draftkings,2026-06-09T23:13:01.827220
Dylan Harper,,,9ea306ebbe68ff94dfa5b88d1e250b37,2026-06-11,00:40,points,14.5,113.0,,True,draftkings,2026-06-09T23:13:01.827222
Dylan Harper,,,9ea306ebbe68ff94dfa5b88d1e250b37,2026-06-11,00:40,points,17.5,242.0,,True,draftkings,2026-06-09T23:13:01.827223
Dylan Harper,,,9ea306ebbe68ff94dfa5b88d1e250b37,2026-06-11,00:40,points,19.5,404.0,,True,draftkings,2026-06-09T23:13:01.827225
Dylan Harper,,,9ea306ebbe68ff94dfa5b88d1e250b37,2026-06-11,00:40,points,24.5,1320.0,,True,draftkings,2026-06-09T23:13:01.827227
Mikal Bridges,,,9ea306ebbe68ff94dfa5b88d1e250b37,2026-06-11,00:40,points,5.5,-1460.0,,True,draftkings,2026-06-09T23:13:01.827228
Mikal Bridges,,,9ea306ebbe68ff94dfa5b88d1e250b37,2026-06-11,00:40,points,7.5,-547.0,,True,draftkings,2026-06-09T23:13:01.827230
Mikal Bridges,,,9ea306ebbe68ff94dfa5b88d1e250b37,2026-06-11,00:40,points,9.5,-264.0,,True,draftkings,2026-06-09T23:13:01.827232
Mikal Bridges,,,9ea306ebbe68ff94dfa5b88d1e250b37,2026-06-11,00:40,points,11.5,-140.0,,True,draftkings,2026-06-09T23:13:01.827233
Mikal Bridges,,,9ea306ebbe68ff94dfa5b88d1e250b37,2026-06-11,00:40,points,12.5,-104.0,,True,draftkings,2026-06-09T23:13:01.827235
Mikal Bridges,,,9ea306ebbe68ff94dfa5b88d1e250b37,2026-06-11,00:40,points,14.5,166.0,,True,draftkings,2026-06-09T23:13:01.827237
Mikal Bridges,,,9ea306ebbe68ff94dfa5b88d1e250b37,2026-06-11,00:40,points,17.5,360.0,,True,draftkings,2026-06-09T23:13:01.827238
Mikal Bridges,,,9ea306ebbe68ff94dfa5b88d1e250b37,2026-06-11,00:40,points,19.5,599.0,,True,draftkings,2026-06-09T23:13:01.827240
Mikal Bridges,,,9ea306ebbe68ff94dfa5b88d1e250b37,2026-06-11,00:40,points,24.5,1940.0,,True,draftkings,2026-06-09T23:13:01.827242
Josh Hart,,,9ea306ebbe68ff94dfa5b88d1e250b37,2026-06-11,00:40,points,5.5,-710.0,,True,draftkings,2026-06-09T23:13:01.827244
Josh Hart,,,9ea306ebbe68ff94dfa5b88d1e250b37,2026-06-11,00:40,points,7.5,-302.0,,True,draftkings,2026-06-09T23:13:01.827245
Josh Hart,,,9ea306ebbe68ff94dfa5b88d1e250b37,2026-06-11,00:40,points,9.5,-152.0,,True,draftkings,2026-06-09T23:13:01.827247
Josh Hart,,,9ea306ebbe68ff94dfa5b88d1e250b37,2026-06-11,00:40,points,10.5,-109.0,,True,draftkings,2026-06-09T23:13:01.827249
Josh Hart,,,9ea306ebbe68ff94dfa5b88d1e250b37,2026-06-11,00:40,points,11.5,125.0,,True,draftkings,2026-06-09T23:13:01.827250
Josh Hart,,,9ea306ebbe68ff94dfa5b88d1e250b37,2026-06-11,00:40,points,14.5,302.0,,True,draftkings,2026-06-09T23:13:01.827252
Josh Hart,,,9ea306ebbe68ff94dfa5b88d1e250b37,2026-06-11,00:40,points,17.5,680.0,,True,draftkings,2026-06-09T23:13:01.827254
Josh Hart,,,9ea306ebbe68ff94dfa5b88d1e250b37,2026-06-11,00:40,points,19.5,1140.0,,True,draftkings,2026-06-09T23:13:01.827255
Julian Champagnie,,,9ea306ebbe68ff94dfa5b88d1e250b37,2026-06-11,00:40,points,5.5,-425.0,,True,draftkings,2026-06-09T23:13:01.827257
Julian Champagnie,,,9ea306ebbe68ff94dfa5b88d1e250b37,2026-06-11,00:40,points,7.5,-209.0,,True,draftkings,2026-06-09T23:13:01.827259
Julian Champagnie,,,9ea306ebbe68ff94dfa5b88d1e250b37,2026-06-11,00:40,points,9.5,-106.0,,True,draftkings,2026-06-09T23:13:01.827260
Julian Champagnie,,,9ea306ebbe68ff94dfa5b88d1e250b37,2026-06-11,00:40,points,11.5,166.0,,True,draftkings,2026-06-09T23:13:01.827262
Julian Champagnie,,,9ea306ebbe68ff94dfa5b88d1e250b37,2026-06-11,00:40,points,14.5,367.0,,True,draftkings,2026-06-09T23:13:01.827264
Julian Champagnie,,,9ea306ebbe68ff94dfa5b88d1e250b37,2026-06-11,00:40,points,17.5,770.0,,True,draftkings,2026-06-09T23:13:01.827268
Julian Champagnie,,,9ea306ebbe68ff94dfa5b88d1e250b37,2026-06-11,00:40,points,19.5,1240.0,,True,draftkings,2026-06-09T23:13:01.827270
Landry Shamet,,,9ea306ebbe68ff94dfa5b88d1e250b37,2026-06-11,00:40,points,5.5,-246.0,,True,draftkings,2026-06-09T23:13:01.827271
Landry Shamet,,,9ea306ebbe68ff94dfa5b88d1e250b37,2026-06-11,00:40,points,7.5,-124.0,,True,draftkings,2026-06-09T23:13:01.827275
Landry Shamet,,,9ea306ebbe68ff94dfa5b88d1e250b37,2026-06-11,00:40,points,9.5,164.0,,True,draftkings,2026-06-09T23:13:01.827277
Landry Shamet,,,9ea306ebbe68ff94dfa5b88d1e250b37,2026-06-11,00:40,points,11.5,273.0,,True,draftkings,2026-06-09T23:13:01.827279
Landry Shamet,,,9ea306ebbe68ff94dfa5b88d1e250b37,2026-06-11,00:40,points,14.5,620.0,,True,draftkings,2026-06-09T23:13:01.827280
Landry Shamet,,,9ea306ebbe68ff94dfa5b88d1e250b37,2026-06-11,00:40,points,17.5,1260.0,,True,draftkings,2026-06-09T23:13:01.827282
Landry Shamet,,,9ea306ebbe68ff94dfa5b88d1e250b37,2026-06-11,00:40,points,19.5,1900.0,,True,draftkings,2026-06-09T23:13:01.827284
Keldon Johnson,,,9ea306ebbe68ff94dfa5b88d1e250b37,2026-06-11,00:40,points,5.5,-132.0,,True,draftkings,2026-06-09T23:13:01.827285
Keldon Johnson,,,9ea306ebbe68ff94dfa5b88d1e250b37,2026-06-11,00:40,points,7.5,155.0,,True,draftkings,2026-06-09T23:13:01.827287
Keldon Johnson,,,9ea306ebbe68ff94dfa5b88d1e250b37,2026-06-11,00:40,points,9.5,292.0,,True,draftkings,2026-06-09T23:13:01.827289
Keldon Johnson,,,9ea306ebbe68ff94dfa5b88d1e250b37,2026-06-11,00:40,points,11.5,526.0,,True,draftkings,2026-06-09T23:13:01.827290
Keldon Johnson,,,9ea306ebbe68ff94dfa5b88d1e250b37,2026-06-11,00:40,points,14.5,1180.0,,True,draftkings,2026-06-09T23:13:01.827292
Keldon Johnson,,,9ea306ebbe68ff94dfa5b88d1e250b37,2026-06-11,00:40,points,17.5,2400.0,,True,draftkings,2026-06-09T23:13:01.827293
Miles McBride,,,9ea306ebbe68ff94dfa5b88d1e250b37,2026-06-11,00:40,points,4.5,-110.0,,True,draftkings,2026-06-09T23:13:01.827295
Miles McBride,,,9ea306ebbe68ff94dfa5b88d1e250b37,2026-06-11,00:40,points,5.5,133.0,,True,draftkings,2026-06-09T23:13:01.827297
Miles McBride,,,9ea306ebbe68ff94dfa5b88d1e250b37,2026-06-11,00:40,points,7.5,257.0,,True,draftkings,2026-06-09T23:13:01.827298
Miles McBride,,,9ea306ebbe68ff94dfa5b88d1e250b37,2026-06-11,00:40,points,9.5,524.0,,True,draftkings,2026-06-09T23:13:01.827300
Miles McBride,,,9ea306ebbe68ff94dfa5b88d1e250b37,2026-06-11,00:40,points,11.5,890.0,,True,draftkings,2026-06-09T23:13:01.827302
Miles McBride,,,9ea306ebbe68ff94dfa5b88d1e250b37,2026-06-11,00:40,points,14.5,1840.0,,True,draftkings,2026-06-09T23:13:01.827303
Miles McBride,,,9ea306ebbe68ff94dfa5b88d1e250b37,2026-06-11,00:40,points,17.5,2900.0,,True,draftkings,2026-06-09T23:13:01.827307
Jordan Clarkson,,,9ea306ebbe68ff94dfa5b88d1e250b37,2026-06-11,00:40,points,3.5,-105.0,,True,draftkings,2026-06-09T23:13:01.827309
Jordan Clarkson,,,9ea306ebbe68ff94dfa5b88d1e250b37,2026-06-11,00:40,points,5.5,192.0,,True,draftkings,2026-06-09T23:13:01.827311
Jordan Clarkson,,,9ea306ebbe68ff94dfa5b88d1e250b37,2026-06-11,00:40,points,7.5,362.0,,True,draftkings,2026-06-09T23:13:01.827312
Jordan Clarkson,,,9ea306ebbe68ff94dfa5b88d1e250b37,2026-06-11,00:40,points,9.5,670.0,,True,draftkings,2026-06-09T23:13:01.827314
Jordan Clarkson,,,9ea306ebbe68ff94dfa5b88d1e250b37,2026-06-11,00:40,points,11.5,1120.0,,True,draftkings,2026-06-09T23:13:01.827316
Jordan Clarkson,,,9ea306ebbe68ff94dfa5b88d1e250b37,2026-06-11,00:40,points,14.5,2200.0,,True,draftkings,2026-06-09T23:13:01.827317
Jose Alvarado,,,9ea306ebbe68ff94dfa5b88d1e250b37,2026-06-11,00:40,points,2.5,-126.0,,True,draftkings,2026-06-09T23:13:01.827319
Jose Alvarado,,,9ea306ebbe68ff94dfa5b88d1e250b37,2026-06-11,00:40,points,5.5,286.0,,True,draftkings,2026-06-09T23:13:01.827321
Jose Alvarado,,,9ea306ebbe68ff94dfa5b88d1e250b37,2026-06-11,00:40,points,7.5,542.0,,True,draftkings,2026-06-09T23:13:01.827322
Jose Alvarado,,,9ea306ebbe68ff94dfa5b88d1e250b37,2026-06-11,00:40,points,9.5,1040.0,,True,draftkings,2026-06-09T23:13:01.827324
Jose Alvarado,,,9ea306ebbe68ff94dfa5b88d1e250b37,2026-06-11,00:40,points,11.5,1720.0,,True,draftkings,2026-06-09T23:13:01.827326
Jose Alvarado,,,9ea306ebbe68ff94dfa5b88d1e250b37,2026-06-11,00:40,points,14.5,2800.0,,True,draftkings,2026-06-09T23:13:01.827328
Mitchell Robinson,,,9ea306ebbe68ff94dfa5b88d1e250b37,2026-06-11,00:40,points,3.5,-108.0,,True,draftkings,2026-06-09T23:13:01.827329
Mitchell Robinson,,,9ea306ebbe68ff94dfa5b88d1e250b37,2026-06-11,00:40,points,5.5,220.0,,True,draftkings,2026-06-09T23:13:01.827333
Mitchell Robinson,,,9ea306ebbe68ff94dfa5b88d1e250b37,2026-06-11,00:40,points,7.5,466.0,,True,draftkings,2026-06-09T23:13:01.827335
Mitchell Robinson,,,9ea306ebbe68ff94dfa5b88d1e250b37,2026-06-11,00:40,points,9.5,900.0,,True,draftkings,2026-06-09T23:13:01.827337
Mitchell Robinson,,,9ea306ebbe68ff94dfa5b88d1e250b37,2026-06-11,00:40,points,11.5,1620.0,,True,draftkings,2026-06-09T23:13:01.827338
Luke Kornet,,,9ea306ebbe68ff94dfa5b88d1e250b37,2026-06-11,00:40,points,1.5,-142.0,,True,draftkings,2026-06-09T23:13:01.827340
Luke Kornet,,,9ea306ebbe68ff94dfa5b88d1e250b37,2026-06-11,00:40,points,5.5,556.0,,True,draftkings,2026-06-09T23:13:01.827342
Luke Kornet,,,9ea306ebbe68ff94dfa5b88d1e250b37,2026-06-11,00:40,points,7.5,1220.0,,True,draftkings,2026-06-09T23:13:01.827343
Luke Kornet,,,9ea306ebbe68ff94dfa5b88d1e250b37,2026-06-11,00:40,points,9.5,2200.0,,True,draftkings,2026-06-09T23:13:01.827345
Victor Wembanyama,,,9ea306ebbe68ff94dfa5b88d1e250b37,2026-06-11,00:40,rebounds,11.5,-110.0,-119.0,False,draftkings,2026-06-09T23:13:01.827368
Karl-Anthony Towns,,,9ea306ebbe68ff94dfa5b88d1e250b37,2026-06-11,00:40,rebounds,11.5,103.0,-135.0,False,draftkings,2026-06-09T23:13:01.827369
Josh Hart,,,9ea306ebbe68ff94dfa5b88d1e250b37,2026-06-11,00:40,rebounds,8.5,-109.0,-121.0,False,draftkings,2026-06-09T23:13:01.827371
Dylan Harper,,,9ea306ebbe68ff94dfa5b88d1e250b37,2026-06-11,00:40,rebounds,6.5,113.0,-149.0,False,draftkings,2026-06-09T23:13:01.827373
OG Anunoby,,,9ea306ebbe68ff94dfa5b88d1e250b37,2026-06-11,00:40,rebounds,5.5,-111.0,-119.0,False,draftkings,2026-06-09T23:13:01.827375
Julian Champagnie,,,9ea306ebbe68ff94dfa5b88d1e250b37,2026-06-11,00:40,rebounds,4.5,-148.0,112.0,False,draftkings,2026-06-09T23:13:01.827376
Stephon Castle,,,9ea306ebbe68ff94dfa5b88d1e250b37,2026-06-11,00:40,rebounds,4.5,-147.0,111.0,False,draftkings,2026-06-09T23:13:01.827378
Devin Vassell,,,9ea306ebbe68ff94dfa5b88d1e250b37,2026-06-11,00:40,rebounds,4.5,-140.0,107.0,False,draftkings,2026-06-09T23:13:01.827380
Mitchell Robinson,,,9ea306ebbe68ff94dfa5b88d1e250b37,2026-06-11,00:40,rebounds,4.5,-111.0,-119.0,False,draftkings,2026-06-09T23:13:01.827384
Mikal Bridges,,,9ea306ebbe68ff94dfa5b88d1e250b37,2026-06-11,00:40,rebounds,3.5,105.0,-138.0,False,draftkings,2026-06-09T23:13:01.827385
De'Aaron Fox,,,9ea306ebbe68ff94dfa5b88d1e250b37,2026-06-11,00:40,rebounds,3.5,109.0,-144.0,False,draftkings,2026-06-09T23:13:01.827387
Jalen Brunson,,,9ea306ebbe68ff94dfa5b88d1e250b37,2026-06-11,00:40,rebounds,3.5,132.0,-174.0,False,draftkings,2026-06-09T23:13:01.827389
Keldon Johnson,,,9ea306ebbe68ff94dfa5b88d1e250b37,2026-06-11,00:40,rebounds,2.5,-121.0,-109.0,False,draftkings,2026-06-09T23:13:01.827391
Luke Kornet,,,9ea306ebbe68ff94dfa5b88d1e250b37,2026-06-11,00:40,rebounds,1.5,-172.0,130.0,False,draftkings,2026-06-09T23:13:01.827392
Landry Shamet,,,9ea306ebbe68ff94dfa5b88d1e250b37,2026-06-11,00:40,rebounds,1.5,101.0,-133.0,False,draftkings,2026-06-09T23:13:01.827394
Miles McBride,,,9ea306ebbe68ff94dfa5b88d1e250b37,2026-06-11,00:40,rebounds,1.5,157.0,-209.0,False,draftkings,2026-06-09T23:13:01.827396
Jose Alvarado,,,9ea306ebbe68ff94dfa5b88d1e250b37,2026-06-11,00:40,rebounds,0.5,-207.0,155.0,False,draftkings,2026-06-09T23:13:01.827397
Victor Wembanyama,,,9ea306ebbe68ff94dfa5b88d1e250b37,2026-06-11,00:40,rebounds,6.5,-1740.0,,True,draftkings,2026-06-09T23:13:01.827466
Victor Wembanyama,,,9ea306ebbe68ff94dfa5b88d1e250b37,2026-06-11,00:40,rebounds,7.5,-840.0,,True,draftkings,2026-06-09T23:13:01.827468
Victor Wembanyama,,,9ea306ebbe68ff94dfa5b88d1e250b37,2026-06-11,00:40,rebounds,8.5,-446.0,,True,draftkings,2026-06-09T23:13:01.827470
Victor Wembanyama,,,9ea306ebbe68ff94dfa5b88d1e250b37,2026-06-11,00:40,rebounds,9.5,-268.0,,True,draftkings,2026-06-09T23:13:01.827471
Victor Wembanyama,,,9ea306ebbe68ff94dfa5b88d1e250b37,2026-06-11,00:40,rebounds,10.5,-170.0,,True,draftkings,2026-06-09T23:13:01.827473
Victor Wembanyama,,,9ea306ebbe68ff94dfa5b88d1e250b37,2026-06-11,00:40,rebounds,11.5,-109.0,,True,draftkings,2026-06-09T23:13:01.827475
Victor Wembanyama,,,9ea306ebbe68ff94dfa5b88d1e250b37,2026-06-11,00:40,rebounds,12.5,139.0,,True,draftkings,2026-06-09T23:13:01.827477
Victor Wembanyama,,,9ea306ebbe68ff94dfa5b88d1e250b37,2026-06-11,00:40,rebounds,13.5,208.0,,True,draftkings,2026-06-09T23:13:01.827478
Victor Wembanyama,,,9ea306ebbe68ff94dfa5b88d1e250b37,2026-06-11,00:40,rebounds,14.5,311.0,,True,draftkings,2026-06-09T23:13:01.827480
Victor Wembanyama,,,9ea306ebbe68ff94dfa5b88d1e250b37,2026-06-11,00:40,rebounds,15.5,465.0,,True,draftkings,2026-06-09T23:13:01.827482
Victor Wembanyama,,,9ea306ebbe68ff94dfa5b88d1e250b37,2026-06-11,00:40,rebounds,16.5,680.0,,True,draftkings,2026-06-09T23:13:01.827483
Victor Wembanyama,,,9ea306ebbe68ff94dfa5b88d1e250b37,2026-06-11,00:40,rebounds,17.5,980.0,,True,draftkings,2026-06-09T23:13:01.827485
Victor Wembanyama,,,9ea306ebbe68ff94dfa5b88d1e250b37,2026-06-11,00:40,rebounds,18.5,1440.0,,True,draftkings,2026-06-09T23:13:01.827487
Victor Wembanyama,,,9ea306ebbe68ff94dfa5b88d1e250b37,2026-06-11,00:40,rebounds,19.5,2000.0,,True,draftkings,2026-06-09T23:13:01.827488
Karl-Anthony Towns,,,9ea306ebbe68ff94dfa5b88d1e250b37,2026-06-11,00:40,rebounds,6.5,-1680.0,,True,draftkings,2026-06-09T23:13:01.827490
Karl-Anthony Towns,,,9ea306ebbe68ff94dfa5b88d1e250b37,2026-06-11,00:40,rebounds,7.5,-770.0,,True,draftkings,2026-06-09T23:13:01.827492
Karl-Anthony Towns,,,9ea306ebbe68ff94dfa5b88d1e250b37,2026-06-11,00:40,rebounds,8.5,-416.0,,True,draftkings,2026-06-09T23:13:01.827494
Karl-Anthony Towns,,,9ea306ebbe68ff94dfa5b88d1e250b37,2026-06-11,00:40,rebounds,9.5,-249.0,,True,draftkings,2026-06-09T23:13:01.827498
Karl-Anthony Towns,,,9ea306ebbe68ff94dfa5b88d1e250b37,2026-06-11,00:40,rebounds,10.5,-157.0,,True,draftkings,2026-06-09T23:13:01.827500
Karl-Anthony Towns,,,9ea306ebbe68ff94dfa5b88d1e250b37,2026-06-11,00:40,rebounds,11.5,100.0,,True,draftkings,2026-06-09T23:13:01.827501
Karl-Anthony Towns,,,9ea306ebbe68ff94dfa5b88d1e250b37,2026-06-11,00:40,rebounds,12.5,155.0,,True,draftkings,2026-06-09T23:13:01.827503
Karl-Anthony Towns,,,9ea306ebbe68ff94dfa5b88d1e250b37,2026-06-11,00:40,rebounds,13.5,239.0,,True,draftkings,2026-06-09T23:13:01.827505
Karl-Anthony Towns,,,9ea306ebbe68ff94dfa5b88d1e250b37,2026-06-11,00:40,rebounds,14.5,366.0,,True,draftkings,2026-06-09T23:13:01.827506
Karl-Anthony Towns,,,9ea306ebbe68ff94dfa5b88d1e250b37,2026-06-11,00:40,rebounds,15.5,558.0,,True,draftkings,2026-06-09T23:13:01.827508
Karl-Anthony Towns,,,9ea306ebbe68ff94dfa5b88d1e250b37,2026-06-11,00:40,rebounds,16.5,820.0,,True,draftkings,2026-06-09T23:13:01.827510
Karl-Anthony Towns,,,9ea306ebbe68ff94dfa5b88d1e250b37,2026-06-11,00:40,rebounds,17.5,1200.0,,True,draftkings,2026-06-09T23:13:01.827512
Karl-Anthony Towns,,,9ea306ebbe68ff94dfa5b88d1e250b37,2026-06-11,00:40,rebounds,18.5,1740.0,,True,draftkings,2026-06-09T23:13:01.827513
Karl-Anthony Towns,,,9ea306ebbe68ff94dfa5b88d1e250b37,2026-06-11,00:40,rebounds,19.5,2300.0,,True,draftkings,2026-06-09T23:13:01.827515
Josh Hart,,,9ea306ebbe68ff94dfa5b88d1e250b37,2026-06-11,00:40,rebounds,4.5,-1780.0,,True,draftkings,2026-06-09T23:13:01.827517
Josh Hart,,,9ea306ebbe68ff94dfa5b88d1e250b37,2026-06-11,00:40,rebounds,5.5,-720.0,,True,draftkings,2026-06-09T23:13:01.827518
Josh Hart,,,9ea306ebbe68ff94dfa5b88d1e250b37,2026-06-11,00:40,rebounds,6.5,-345.0,,True,draftkings,2026-06-09T23:13:01.827522
Josh Hart,,,9ea306ebbe68ff94dfa5b88d1e250b37,2026-06-11,00:40,rebounds,7.5,-189.0,,True,draftkings,2026-06-09T23:13:01.827524
Josh Hart,,,9ea306ebbe68ff94dfa5b88d1e250b37,2026-06-11,00:40,rebounds,8.5,-111.0,,True,draftkings,2026-06-09T23:13:01.827526
Josh Hart,,,9ea306ebbe68ff94dfa5b88d1e250b37,2026-06-11,00:40,rebounds,9.5,151.0,,True,draftkings,2026-06-09T23:13:01.827528
Josh Hart,,,9ea306ebbe68ff94dfa5b88d1e250b37,2026-06-11,00:40,rebounds,10.5,248.0,,True,draftkings,2026-06-09T23:13:01.827529
Josh Hart,,,9ea306ebbe68ff94dfa5b88d1e250b37,2026-06-11,00:40,rebounds,11.5,400.0,,True,draftkings,2026-06-09T23:13:01.827531
Josh Hart,,,9ea306ebbe68ff94dfa5b88d1e250b37,2026-06-11,00:40,rebounds,12.5,650.0,,True,draftkings,2026-06-09T23:13:01.827533
Josh Hart,,,9ea306ebbe68ff94dfa5b88d1e250b37,2026-06-11,00:40,rebounds,13.5,1040.0,,True,draftkings,2026-06-09T23:13:01.827535
Josh Hart,,,9ea306ebbe68ff94dfa5b88d1e250b37,2026-06-11,00:40,rebounds,14.5,1580.0,,True,draftkings,2026-06-09T23:13:01.827536
Josh Hart,,,9ea306ebbe68ff94dfa5b88d1e250b37,2026-06-11,00:40,rebounds,15.5,2200.0,,True,draftkings,2026-06-09T23:13:01.827538
Dylan Harper,,,9ea306ebbe68ff94dfa5b88d1e250b37,2026-06-11,00:40,rebounds,2.5,-2800.0,,True,draftkings,2026-06-09T23:13:01.827540
Dylan Harper,,,9ea306ebbe68ff94dfa5b88d1e250b37,2026-06-11,00:40,rebounds,3.5,-780.0,,True,draftkings,2026-06-09T23:13:01.827541
Dylan Harper,,,9ea306ebbe68ff94dfa5b88d1e250b37,2026-06-11,00:40,rebounds,4.5,-335.0,,True,draftkings,2026-06-09T23:13:01.827545
Dylan Harper,,,9ea306ebbe68ff94dfa5b88d1e250b37,2026-06-11,00:40,rebounds,5.5,-164.0,,True,draftkings,2026-06-09T23:13:01.827547
Dylan Harper,,,9ea306ebbe68ff94dfa5b88d1e250b37,2026-06-11,00:40,rebounds,6.5,116.0,,True,draftkings,2026-06-09T23:13:01.827549
Dylan Harper,,,9ea306ebbe68ff94dfa5b88d1e250b37,2026-06-11,00:40,rebounds,7.5,206.0,,True,draftkings,2026-06-09T23:13:01.827551
Dylan Harper,,,9ea306ebbe68ff94dfa5b88d1e250b37,2026-06-11,00:40,rebounds,8.5,364.0,,True,draftkings,2026-06-09T23:13:01.827552
Dylan Harper,,,9ea306ebbe68ff94dfa5b88d1e250b37,2026-06-11,00:40,rebounds,9.5,610.0,,True,draftkings,2026-06-09T23:13:01.827554
Dylan Harper,,,9ea306ebbe68ff94dfa5b88d1e250b37,2026-06-11,00:40,rebounds,10.5,1020.0,,True,draftkings,2026-06-09T23:13:01.827555
Dylan Harper,,,9ea306ebbe68ff94dfa5b88d1e250b37,2026-06-11,00:40,rebounds,11.5,1640.0,,True,draftkings,2026-06-09T23:13:01.827557
Dylan Harper,,,9ea306ebbe68ff94dfa5b88d1e250b37,2026-06-11,00:40,rebounds,12.5,2400.0,,True,draftkings,2026-06-09T23:13:01.827559
OG Anunoby,,,9ea306ebbe68ff94dfa5b88d1e250b37,2026-06-11,00:40,rebounds,2.5,-1440.0,,True,draftkings,2026-06-09T23:13:01.827561
OG Anunoby,,,9ea306ebbe68ff94dfa5b88d1e250b37,2026-06-11,00:40,rebounds,3.5,-479.0,,True,draftkings,2026-06-09T23:13:01.827562
OG Anunoby,,,9ea306ebbe68ff94dfa5b88d1e250b37,2026-06-11,00:40,rebounds,4.5,-216.0,,True,draftkings,2026-06-09T23:13:01.827564
OG Anunoby,,,9ea306ebbe68ff94dfa5b88d1e250b37,2026-06-11,00:40,rebounds,5.5,-109.0,,True,draftkings,2026-06-09T23:13:01.827565
OG Anunoby,,,9ea306ebbe68ff94dfa5b88d1e250b37,2026-06-11,00:40,rebounds,6.5,168.0,,True,draftkings,2026-06-09T23:13:01.827567
OG Anunoby,,,9ea306ebbe68ff94dfa5b88d1e250b37,2026-06-11,00:40,rebounds,7.5,303.0,,True,draftkings,2026-06-09T23:13:01.827569
OG Anunoby,,,9ea306ebbe68ff94dfa5b88d1e250b37,2026-06-11,00:40,rebounds,8.5,525.0,,True,draftkings,2026-06-09T23:13:01.827571
OG Anunoby,,,9ea306ebbe68ff94dfa5b88d1e250b37,2026-06-11,00:40,rebounds,9.5,920.0,,True,draftkings,2026-06-09T23:13:01.827572
OG Anunoby,,,9ea306ebbe68ff94dfa5b88d1e250b37,2026-06-11,00:40,rebounds,10.5,1560.0,,True,draftkings,2026-06-09T23:13:01.827574
OG Anunoby,,,9ea306ebbe68ff94dfa5b88d1e250b37,2026-06-11,00:40,rebounds,11.5,2400.0,,True,draftkings,2026-06-09T23:13:01.827576
Mitchell Robinson,,,9ea306ebbe68ff94dfa5b88d1e250b37,2026-06-11,00:40,rebounds,2.5,-512.0,,True,draftkings,2026-06-09T23:13:01.827577
Mitchell Robinson,,,9ea306ebbe68ff94dfa5b88d1e250b37,2026-06-11,00:40,rebounds,3.5,-222.0,,True,draftkings,2026-06-09T23:13:01.827581
Mitchell Robinson,,,9ea306ebbe68ff94dfa5b88d1e250b37,2026-06-11,00:40,rebounds,4.5,-111.0,,True,draftkings,2026-06-09T23:13:01.827583
Mitchell Robinson,,,9ea306ebbe68ff94dfa5b88d1e250b37,2026-06-11,00:40,rebounds,5.5,165.0,,True,draftkings,2026-06-09T23:13:01.827585
Mitchell Robinson,,,9ea306ebbe68ff94dfa5b88d1e250b37,2026-06-11,00:40,rebounds,6.5,291.0,,True,draftkings,2026-06-09T23:13:01.827586
Mitchell Robinson,,,9ea306ebbe68ff94dfa5b88d1e250b37,2026-06-11,00:40,rebounds,7.5,505.0,,True,draftkings,2026-06-09T23:13:01.827588
Mitchell Robinson,,,9ea306ebbe68ff94dfa5b88d1e250b37,2026-06-11,00:40,rebounds,8.5,870.0,,True,draftkings,2026-06-09T23:13:01.827590
Mitchell Robinson,,,9ea306ebbe68ff94dfa5b88d1e250b37,2026-06-11,00:40,rebounds,9.5,1420.0,,True,draftkings,2026-06-09T23:13:01.827591
Mitchell Robinson,,,9ea306ebbe68ff94dfa5b88d1e250b37,2026-06-11,00:40,rebounds,10.5,2000.0,,True,draftkings,2026-06-09T23:13:01.827593
Mitchell Robinson,,,9ea306ebbe68ff94dfa5b88d1e250b37,2026-06-11,00:40,rebounds,11.5,2900.0,,True,draftkings,2026-06-09T23:13:01.827595
Julian Champagnie,,,9ea306ebbe68ff94dfa5b88d1e250b37,2026-06-11,00:40,rebounds,2.5,-900.0,,True,draftkings,2026-06-09T23:13:01.827596
Julian Champagnie,,,9ea306ebbe68ff94dfa5b88d1e250b37,2026-06-11,00:40,rebounds,3.5,-326.0,,True,draftkings,2026-06-09T23:13:01.827598
Julian Champagnie,,,9ea306ebbe68ff94dfa5b88d1e250b37,2026-06-11,00:40,rebounds,4.5,-149.0,,True,draftkings,2026-06-09T23:13:01.827600
Julian Champagnie,,,9ea306ebbe68ff94dfa5b88d1e250b37,2026-06-11,00:40,rebounds,5.5,136.0,,True,draftkings,2026-06-09T23:13:01.827601
Julian Champagnie,,,9ea306ebbe68ff94dfa5b88d1e250b37,2026-06-11,00:40,rebounds,6.5,255.0,,True,draftkings,2026-06-09T23:13:01.827603
Julian Champagnie,,,9ea306ebbe68ff94dfa5b88d1e250b37,2026-06-11,00:40,rebounds,7.5,475.0,,True,draftkings,2026-06-09T23:13:01.827605
Julian Champagnie,,,9ea306ebbe68ff94dfa5b88d1e250b37,2026-06-11,00:40,rebounds,8.5,810.0,,True,draftkings,2026-06-09T23:13:01.827606
Julian Champagnie,,,9ea306ebbe68ff94dfa5b88d1e250b37,2026-06-11,00:40,rebounds,9.5,1420.0,,True,draftkings,2026-06-09T23:13:01.827608
Julian Champagnie,,,9ea306ebbe68ff94dfa5b88d1e250b37,2026-06-11,00:40,rebounds,10.5,2300.0,,True,draftkings,2026-06-09T23:13:01.827610
Devin Vassell,,,9ea306ebbe68ff94dfa5b88d1e250b37,2026-06-11,00:40,rebounds,2.5,-850.0,,True,draftkings,2026-06-09T23:13:01.827614
Devin Vassell,,,9ea306ebbe68ff94dfa5b88d1e250b37,2026-06-11,00:40,rebounds,3.5,-307.0,,True,draftkings,2026-06-09T23:13:01.827616
Devin Vassell,,,9ea306ebbe68ff94dfa5b88d1e250b37,2026-06-11,00:40,rebounds,4.5,-141.0,,True,draftkings,2026-06-09T23:13:01.827617
Devin Vassell,,,9ea306ebbe68ff94dfa5b88d1e250b37,2026-06-11,00:40,rebounds,5.5,139.0,,True,draftkings,2026-06-09T23:13:01.827619
Devin Vassell,,,9ea306ebbe68ff94dfa5b88d1e250b37,2026-06-11,00:40,rebounds,6.5,266.0,,True,draftkings,2026-06-09T23:13:01.827621
Devin Vassell,,,9ea306ebbe68ff94dfa5b88d1e250b37,2026-06-11,00:40,rebounds,7.5,506.0,,True,draftkings,2026-06-09T23:13:01.827622
Devin Vassell,,,9ea306ebbe68ff94dfa5b88d1e250b37,2026-06-11,00:40,rebounds,8.5,920.0,,True,draftkings,2026-06-09T23:13:01.827624
Devin Vassell,,,9ea306ebbe68ff94dfa5b88d1e250b37,2026-06-11,00:40,rebounds,9.5,1660.0,,True,draftkings,2026-06-09T23:13:01.827626
Devin Vassell,,,9ea306ebbe68ff94dfa5b88d1e250b37,2026-06-11,00:40,rebounds,10.5,2500.0,,True,draftkings,2026-06-09T23:13:01.827627
Stephon Castle,,,9ea306ebbe68ff94dfa5b88d1e250b37,2026-06-11,00:40,rebounds,2.5,-870.0,,True,draftkings,2026-06-09T23:13:01.827629
Stephon Castle,,,9ea306ebbe68ff94dfa5b88d1e250b37,2026-06-11,00:40,rebounds,3.5,-313.0,,True,draftkings,2026-06-09T23:13:01.827631
Stephon Castle,,,9ea306ebbe68ff94dfa5b88d1e250b37,2026-06-11,00:40,rebounds,4.5,-144.0,,True,draftkings,2026-06-09T23:13:01.827632
Stephon Castle,,,9ea306ebbe68ff94dfa5b88d1e250b37,2026-06-11,00:40,rebounds,5.5,138.0,,True,draftkings,2026-06-09T23:13:01.827634
Stephon Castle,,,9ea306ebbe68ff94dfa5b88d1e250b37,2026-06-11,00:40,rebounds,6.5,258.0,,True,draftkings,2026-06-09T23:13:01.827636
Stephon Castle,,,9ea306ebbe68ff94dfa5b88d1e250b37,2026-06-11,00:40,rebounds,7.5,487.0,,True,draftkings,2026-06-09T23:13:01.827640
Stephon Castle,,,9ea306ebbe68ff94dfa5b88d1e250b37,2026-06-11,00:40,rebounds,8.5,880.0,,True,draftkings,2026-06-09T23:13:01.827644
Stephon Castle,,,9ea306ebbe68ff94dfa5b88d1e250b37,2026-06-11,00:40,rebounds,9.5,1560.0,,True,draftkings,2026-06-09T23:13:01.827645
Stephon Castle,,,9ea306ebbe68ff94dfa5b88d1e250b37,2026-06-11,00:40,rebounds,10.5,2500.0,,True,draftkings,2026-06-09T23:13:01.827647
Mikal Bridges,,,9ea306ebbe68ff94dfa5b88d1e250b37,2026-06-11,00:40,rebounds,2.5,-237.0,,True,draftkings,2026-06-09T23:13:01.827649
Mikal Bridges,,,9ea306ebbe68ff94dfa5b88d1e250b37,2026-06-11,00:40,rebounds,3.5,104.0,,True,draftkings,2026-06-09T23:13:01.827651
Mikal Bridges,,,9ea306ebbe68ff94dfa5b88d1e250b37,2026-06-11,00:40,rebounds,4.5,228.0,,True,draftkings,2026-06-09T23:13:01.827652
Mikal Bridges,,,9ea306ebbe68ff94dfa5b88d1e250b37,2026-06-11,00:40,rebounds,5.5,480.0,,True,draftkings,2026-06-09T23:13:01.827654
Mikal Bridges,,,9ea306ebbe68ff94dfa5b88d1e250b37,2026-06-11,00:40,rebounds,6.5,990.0,,True,draftkings,2026-06-09T23:13:01.827656
Mikal Bridges,,,9ea306ebbe68ff94dfa5b88d1e250b37,2026-06-11,00:40,rebounds,7.5,1800.0,,True,draftkings,2026-06-09T23:13:01.827657
Mikal Bridges,,,9ea306ebbe68ff94dfa5b88d1e250b37,2026-06-11,00:40,rebounds,8.5,2700.0,,True,draftkings,2026-06-09T23:13:01.827659
De'Aaron Fox,,,9ea306ebbe68ff94dfa5b88d1e250b37,2026-06-11,00:40,rebounds,2.5,-219.0,,True,draftkings,2026-06-09T23:13:01.827661
De'Aaron Fox,,,9ea306ebbe68ff94dfa5b88d1e250b37,2026-06-11,00:40,rebounds,3.5,110.0,,True,draftkings,2026-06-09T23:13:01.827663
De'Aaron Fox,,,9ea306ebbe68ff94dfa5b88d1e250b37,2026-06-11,00:40,rebounds,4.5,233.0,,True,draftkings,2026-06-09T23:13:01.827664
De'Aaron Fox,,,9ea306ebbe68ff94dfa5b88d1e250b37,2026-06-11,00:40,rebounds,5.5,498.0,,True,draftkings,2026-06-09T23:13:01.827666
De'Aaron Fox,,,9ea306ebbe68ff94dfa5b88d1e250b37,2026-06-11,00:40,rebounds,6.5,1020.0,,True,draftkings,2026-06-09T23:13:01.827668
De'Aaron Fox,,,9ea306ebbe68ff94dfa5b88d1e250b37,2026-06-11,00:40,rebounds,7.5,1840.0,,True,draftkings,2026-06-09T23:13:01.827669
De'Aaron Fox,,,9ea306ebbe68ff94dfa5b88d1e250b37,2026-06-11,00:40,rebounds,8.5,2800.0,,True,draftkings,2026-06-09T23:13:01.827671
Jalen Brunson,,,9ea306ebbe68ff94dfa5b88d1e250b37,2026-06-11,00:40,rebounds,2.5,-183.0,,True,draftkings,2026-06-09T23:13:01.827673
Jalen Brunson,,,9ea306ebbe68ff94dfa5b88d1e250b37,2026-06-11,00:40,rebounds,3.5,133.0,,True,draftkings,2026-06-09T23:13:01.827674
Jalen Brunson,,,9ea306ebbe68ff94dfa5b88d1e250b37,2026-06-11,00:40,rebounds,4.5,292.0,,True,draftkings,2026-06-09T23:13:01.827676
Jalen Brunson,,,9ea306ebbe68ff94dfa5b88d1e250b37,2026-06-11,00:40,rebounds,5.5,630.0,,True,draftkings,2026-06-09T23:13:01.827678
Jalen Brunson,,,9ea306ebbe68ff94dfa5b88d1e250b37,2026-06-11,00:40,rebounds,6.5,1280.0,,True,draftkings,2026-06-09T23:13:01.827679
Jalen Brunson,,,9ea306ebbe68ff94dfa5b88d1e250b37,2026-06-11,00:40,rebounds,7.5,2200.0,,True,draftkings,2026-06-09T23:13:01.827681
Keldon Johnson,,,9ea306ebbe68ff94dfa5b88d1e250b37,2026-06-11,00:40,rebounds,2.5,-121.0,,True,draftkings,2026-06-09T23:13:01.827683
Keldon Johnson,,,9ea306ebbe68ff94dfa5b88d1e250b37,2026-06-11,00:40,rebounds,3.5,184.0,,True,draftkings,2026-06-09T23:13:01.827684
Keldon Johnson,,,9ea306ebbe68ff94dfa5b88d1e250b37,2026-06-11,00:40,rebounds,4.5,394.0,,True,draftkings,2026-06-09T23:13:01.827686
Keldon Johnson,,,9ea306ebbe68ff94dfa5b88d1e250b37,2026-06-11,00:40,rebounds,5.5,750.0,,True,draftkings,2026-06-09T23:13:01.827688
Keldon Johnson,,,9ea306ebbe68ff94dfa5b88d1e250b37,2026-06-11,00:40,rebounds,6.5,1420.0,,True,draftkings,2026-06-09T23:13:01.827689
Keldon Johnson,,,9ea306ebbe68ff94dfa5b88d1e250b37,2026-06-11,00:40,rebounds,7.5,2300.0,,True,draftkings,2026-06-09T23:13:01.827691
Luke Kornet,,,9ea306ebbe68ff94dfa5b88d1e250b37,2026-06-11,00:40,rebounds,1.5,-173.0,,True,draftkings,2026-06-09T23:13:01.827693
Luke Kornet,,,9ea306ebbe68ff94dfa5b88d1e250b37,2026-06-11,00:40,rebounds,2.5,140.0,,True,draftkings,2026-06-09T23:13:01.827697
Luke Kornet,,,9ea306ebbe68ff94dfa5b88d1e250b37,2026-06-11,00:40,rebounds,3.5,294.0,,True,draftkings,2026-06-09T23:13:01.827698
Luke Kornet,,,9ea306ebbe68ff94dfa5b88d1e250b37,2026-06-11,00:40,rebounds,4.5,589.0,,True,draftkings,2026-06-09T23:13:01.827700
Luke Kornet,,,9ea306ebbe68ff94dfa5b88d1e250b37,2026-06-11,00:40,rebounds,5.5,1080.0,,True,draftkings,2026-06-09T23:13:01.827702
Luke Kornet,,,9ea306ebbe68ff94dfa5b88d1e250b37,2026-06-11,00:40,rebounds,6.5,1880.0,,True,draftkings,2026-06-09T23:13:01.827703
Luke Kornet,,,9ea306ebbe68ff94dfa5b88d1e250b37,2026-06-11,00:40,rebounds,7.5,2700.0,,True,draftkings,2026-06-09T23:13:01.827705
Landry Shamet,,,9ea306ebbe68ff94dfa5b88d1e250b37,2026-06-11,00:40,rebounds,1.5,101.0,,True,draftkings,2026-06-09T23:13:01.827707
Landry Shamet,,,9ea306ebbe68ff94dfa5b88d1e250b37,2026-06-11,00:40,rebounds,2.5,303.0,,True,draftkings,2026-06-09T23:13:01.827708
Landry Shamet,,,9ea306ebbe68ff94dfa5b88d1e250b37,2026-06-11,00:40,rebounds,3.5,780.0,,True,draftkings,2026-06-09T23:13:01.827710
Landry Shamet,,,9ea306ebbe68ff94dfa5b88d1e250b37,2026-06-11,00:40,rebounds,4.5,1760.0,,True,draftkings,2026-06-09T23:13:01.827712
Jose Alvarado,,,9ea306ebbe68ff94dfa5b88d1e250b37,2026-06-11,00:40,rebounds,0.5,-210.0,,True,draftkings,2026-06-09T23:13:01.827713
Jose Alvarado,,,9ea306ebbe68ff94dfa5b88d1e250b37,2026-06-11,00:40,rebounds,2.5,458.0,,True,draftkings,2026-06-09T23:13:01.827715
Jose Alvarado,,,9ea306ebbe68ff94dfa5b88d1e250b37,2026-06-11,00:40,rebounds,3.5,1120.0,,True,draftkings,2026-06-09T23:13:01.827717
Jose Alvarado,,,9ea306ebbe68ff94dfa5b88d1e250b37,2026-06-11,00:40,rebounds,4.5,2200.0,,True,draftkings,2026-06-09T23:13:01.827719
Miles McBride,,,9ea306ebbe68ff94dfa5b88d1e250b37,2026-06-11,00:40,rebounds,1.5,157.0,,True,draftkings,2026-06-09T23:13:01.827720
Miles McBride,,,9ea306ebbe68ff94dfa5b88d1e250b37,2026-06-11,00:40,rebounds,2.5,462.0,,True,draftkings,2026-06-09T23:13:01.827722
Miles McBride,,,9ea306ebbe68ff94dfa5b88d1e250b37,2026-06-11,00:40,rebounds,3.5,1140.0,,True,draftkings,2026-06-09T23:13:01.827724
Miles McBride,,,9ea306ebbe68ff94dfa5b88d1e250b37,2026-06-11,00:40,rebounds,4.5,2300.0,,True,draftkings,2026-06-09T23:13:01.827725
Devin Vassell,,,9ea306ebbe68ff94dfa5b88d1e250b37,2026-06-11,00:40,threes,2.5,108.0,-142.0,False,draftkings,2026-06-09T23:13:01.827749
Jalen Brunson,,,9ea306ebbe68ff94dfa5b88d1e250b37,2026-06-11,00:40,threes,2.5,108.0,-142.0,False,draftkings,2026-06-09T23:13:01.827753
OG Anunoby,,,9ea306ebbe68ff94dfa5b88d1e250b37,2026-06-11,00:40,threes,2.5,118.0,-155.0,False,draftkings,2026-06-09T23:13:01.827755
Victor Wembanyama,,,9ea306ebbe68ff94dfa5b88d1e250b37,2026-06-11,00:40,threes,2.5,140.0,-186.0,False,draftkings,2026-06-09T23:13:01.827757
Julian Champagnie,,,9ea306ebbe68ff94dfa5b88d1e250b37,2026-06-11,00:40,threes,2.5,142.0,-189.0,False,draftkings,2026-06-09T23:13:01.827758
Landry Shamet,,,9ea306ebbe68ff94dfa5b88d1e250b37,2026-06-11,00:40,threes,1.5,-151.0,114.0,False,draftkings,2026-06-09T23:13:01.827760
Mikal Bridges,,,9ea306ebbe68ff94dfa5b88d1e250b37,2026-06-11,00:40,threes,1.5,-103.0,-128.0,False,draftkings,2026-06-09T23:13:01.827762
Josh Hart,,,9ea306ebbe68ff94dfa5b88d1e250b37,2026-06-11,00:40,threes,1.5,-101.0,-130.0,False,draftkings,2026-06-09T23:13:01.827763
Stephon Castle,,,9ea306ebbe68ff94dfa5b88d1e250b37,2026-06-11,00:40,threes,1.5,132.0,-175.0,False,draftkings,2026-06-09T23:13:01.827765
De'Aaron Fox,,,9ea306ebbe68ff94dfa5b88d1e250b37,2026-06-11,00:40,threes,1.5,136.0,-180.0,False,draftkings,2026-06-09T23:13:01.827767
Karl-Anthony Towns,,,9ea306ebbe68ff94dfa5b88d1e250b37,2026-06-11,00:40,threes,1.5,141.0,-187.0,False,draftkings,2026-06-09T23:13:01.827768
Dylan Harper,,,9ea306ebbe68ff94dfa5b88d1e250b37,2026-06-11,00:40,threes,1.5,165.0,-220.0,False,draftkings,2026-06-09T23:13:01.827770
Miles McBride,,,9ea306ebbe68ff94dfa5b88d1e250b37,2026-06-11,00:40,threes,0.5,-203.0,153.0,False,draftkings,2026-06-09T23:13:01.827772
Keldon Johnson,,,9ea306ebbe68ff94dfa5b88d1e250b37,2026-06-11,00:40,threes,0.5,101.0,-133.0,False,draftkings,2026-06-09T23:13:01.827773
Jose Alvarado,,,9ea306ebbe68ff94dfa5b88d1e250b37,2026-06-11,00:40,threes,0.5,118.0,-156.0,False,draftkings,2026-06-09T23:13:01.827775
Jordan Clarkson,,,9ea306ebbe68ff94dfa5b88d1e250b37,2026-06-11,00:40,threes,0.5,145.0,-192.0,False,draftkings,2026-06-09T23:13:01.827777
Jalen Brunson,,,9ea306ebbe68ff94dfa5b88d1e250b37,2026-06-11,00:40,threes,0.5,-1500.0,,True,draftkings,2026-06-09T23:13:01.827817
Jalen Brunson,,,9ea306ebbe68ff94dfa5b88d1e250b37,2026-06-11,00:40,threes,1.5,-269.0,,True,draftkings,2026-06-09T23:13:01.827819
Jalen Brunson,,,9ea306ebbe68ff94dfa5b88d1e250b37,2026-06-11,00:40,threes,2.5,109.0,,True,draftkings,2026-06-09T23:13:01.827821
Jalen Brunson,,,9ea306ebbe68ff94dfa5b88d1e250b37,2026-06-11,00:40,threes,3.5,274.0,,True,draftkings,2026-06-09T23:13:01.827823
Jalen Brunson,,,9ea306ebbe68ff94dfa5b88d1e250b37,2026-06-11,00:40,threes,4.5,620.0,,True,draftkings,2026-06-09T23:13:01.827825
Jalen Brunson,,,9ea306ebbe68ff94dfa5b88d1e250b37,2026-06-11,00:40,threes,5.5,1300.0,,True,draftkings,2026-06-09T23:13:01.827826
Jalen Brunson,,,9ea306ebbe68ff94dfa5b88d1e250b37,2026-06-11,00:40,threes,6.5,2500.0,,True,draftkings,2026-06-09T23:13:01.827828
Devin Vassell,,,9ea306ebbe68ff94dfa5b88d1e250b37,2026-06-11,00:40,threes,0.5,-1560.0,,True,draftkings,2026-06-09T23:13:01.827830
Devin Vassell,,,9ea306ebbe68ff94dfa5b88d1e250b37,2026-06-11,00:40,threes,1.5,-286.0,,True,draftkings,2026-06-09T23:13:01.827832
Devin Vassell,,,9ea306ebbe68ff94dfa5b88d1e250b37,2026-06-11,00:40,threes,2.5,107.0,,True,draftkings,2026-06-09T23:13:01.827834
Devin Vassell,,,9ea306ebbe68ff94dfa5b88d1e250b37,2026-06-11,00:40,threes,3.5,264.0,,True,draftkings,2026-06-09T23:13:01.827835
Devin Vassell,,,9ea306ebbe68ff94dfa5b88d1e250b37,2026-06-11,00:40,threes,4.5,620.0,,True,draftkings,2026-06-09T23:13:01.827837
Devin Vassell,,,9ea306ebbe68ff94dfa5b88d1e250b37,2026-06-11,00:40,threes,5.5,1340.0,,True,draftkings,2026-06-09T23:13:01.827839
Devin Vassell,,,9ea306ebbe68ff94dfa5b88d1e250b37,2026-06-11,00:40,threes,6.5,2600.0,,True,draftkings,2026-06-09T23:13:01.827840
OG Anunoby,,,9ea306ebbe68ff94dfa5b88d1e250b37,2026-06-11,00:40,threes,0.5,-1400.0,,True,draftkings,2026-06-09T23:13:01.827842
OG Anunoby,,,9ea306ebbe68ff94dfa5b88d1e250b37,2026-06-11,00:40,threes,1.5,-252.0,,True,draftkings,2026-06-09T23:13:01.827844
OG Anunoby,,,9ea306ebbe68ff94dfa5b88d1e250b37,2026-06-11,00:40,threes,2.5,119.0,,True,draftkings,2026-06-09T23:13:01.827845
OG Anunoby,,,9ea306ebbe68ff94dfa5b88d1e250b37,2026-06-11,00:40,threes,3.5,296.0,,True,draftkings,2026-06-09T23:13:01.827847
OG Anunoby,,,9ea306ebbe68ff94dfa5b88d1e250b37,2026-06-11,00:40,threes,4.5,710.0,,True,draftkings,2026-06-09T23:13:01.827849
OG Anunoby,,,9ea306ebbe68ff94dfa5b88d1e250b37,2026-06-11,00:40,threes,5.5,1500.0,,True,draftkings,2026-06-09T23:13:01.827850
OG Anunoby,,,9ea306ebbe68ff94dfa5b88d1e250b37,2026-06-11,00:40,threes,6.5,2700.0,,True,draftkings,2026-06-09T23:13:01.827852
Julian Champagnie,,,9ea306ebbe68ff94dfa5b88d1e250b37,2026-06-11,00:40,threes,0.5,-1060.0,,True,draftkings,2026-06-09T23:13:01.827854
Julian Champagnie,,,9ea306ebbe68ff94dfa5b88d1e250b37,2026-06-11,00:40,threes,1.5,-203.0,,True,draftkings,2026-06-09T23:13:01.827856
Julian Champagnie,,,9ea306ebbe68ff94dfa5b88d1e250b37,2026-06-11,00:40,threes,2.5,142.0,,True,draftkings,2026-06-09T23:13:01.827857
Julian Champagnie,,,9ea306ebbe68ff94dfa5b88d1e250b37,2026-06-11,00:40,threes,3.5,353.0,,True,draftkings,2026-06-09T23:13:01.827859
Julian Champagnie,,,9ea306ebbe68ff94dfa5b88d1e250b37,2026-06-11,00:40,threes,4.5,840.0,,True,draftkings,2026-06-09T23:13:01.827861
Julian Champagnie,,,9ea306ebbe68ff94dfa5b88d1e250b37,2026-06-11,00:40,threes,5.5,1740.0,,True,draftkings,2026-06-09T23:13:01.827862
Victor Wembanyama,,,9ea306ebbe68ff94dfa5b88d1e250b37,2026-06-11,00:40,threes,0.5,-1040.0,,True,draftkings,2026-06-09T23:13:01.827864
Victor Wembanyama,,,9ea306ebbe68ff94dfa5b88d1e250b37,2026-06-11,00:40,threes,1.5,-207.0,,True,draftkings,2026-06-09T23:13:01.827866
Victor Wembanyama,,,9ea306ebbe68ff94dfa5b88d1e250b37,2026-06-11,00:40,threes,2.5,138.0,,True,draftkings,2026-06-09T23:13:01.827867
Victor Wembanyama,,,9ea306ebbe68ff94dfa5b88d1e250b37,2026-06-11,00:40,threes,3.5,346.0,,True,draftkings,2026-06-09T23:13:01.827869
Victor Wembanyama,,,9ea306ebbe68ff94dfa5b88d1e250b37,2026-06-11,00:40,threes,4.5,820.0,,True,draftkings,2026-06-09T23:13:01.827871
Victor Wembanyama,,,9ea306ebbe68ff94dfa5b88d1e250b37,2026-06-11,00:40,threes,5.5,1780.0,,True,draftkings,2026-06-09T23:13:01.827873
Landry Shamet,,,9ea306ebbe68ff94dfa5b88d1e250b37,2026-06-11,00:40,threes,0.5,-700.0,,True,draftkings,2026-06-09T23:13:01.827875
Landry Shamet,,,9ea306ebbe68ff94dfa5b88d1e250b37,2026-06-11,00:40,threes,1.5,-152.0,,True,draftkings,2026-06-09T23:13:01.827876
Landry Shamet,,,9ea306ebbe68ff94dfa5b88d1e250b37,2026-06-11,00:40,threes,2.5,195.0,,True,draftkings,2026-06-09T23:13:01.827878
Landry Shamet,,,9ea306ebbe68ff94dfa5b88d1e250b37,2026-06-11,00:40,threes,3.5,488.0,,True,draftkings,2026-06-09T23:13:01.827882
Landry Shamet,,,9ea306ebbe68ff94dfa5b88d1e250b37,2026-06-11,00:40,threes,4.5,1100.0,,True,draftkings,2026-06-09T23:13:01.827884
Landry Shamet,,,9ea306ebbe68ff94dfa5b88d1e250b37,2026-06-11,00:40,threes,5.5,2200.0,,True,draftkings,2026-06-09T23:13:01.827885
Josh Hart,,,9ea306ebbe68ff94dfa5b88d1e250b37,2026-06-11,00:40,threes,0.5,-469.0,,True,draftkings,2026-06-09T23:13:01.827887
Josh Hart,,,9ea306ebbe68ff94dfa5b88d1e250b37,2026-06-11,00:40,threes,1.5,-103.0,,True,draftkings,2026-06-09T23:13:01.827889
Josh Hart,,,9ea306ebbe68ff94dfa5b88d1e250b37,2026-06-11,00:40,threes,2.5,299.0,,True,draftkings,2026-06-09T23:13:01.827890
Josh Hart,,,9ea306ebbe68ff94dfa5b88d1e250b37,2026-06-11,00:40,threes,3.5,800.0,,True,draftkings,2026-06-09T23:13:01.827892
Josh Hart,,,9ea306ebbe68ff94dfa5b88d1e250b37,2026-06-11,00:40,threes,4.5,1880.0,,True,draftkings,2026-06-09T23:13:01.827894
Mikal Bridges,,,9ea306ebbe68ff94dfa5b88d1e250b37,2026-06-11,00:40,threes,0.5,-472.0,,True,draftkings,2026-06-09T23:13:01.827896
Mikal Bridges,,,9ea306ebbe68ff94dfa5b88d1e250b37,2026-06-11,00:40,threes,1.5,-104.0,,True,draftkings,2026-06-09T23:13:01.827897
Mikal Bridges,,,9ea306ebbe68ff94dfa5b88d1e250b37,2026-06-11,00:40,threes,2.5,306.0,,True,draftkings,2026-06-09T23:13:01.827899
Mikal Bridges,,,9ea306ebbe68ff94dfa5b88d1e250b37,2026-06-11,00:40,threes,3.5,880.0,,True,draftkings,2026-06-09T23:13:01.827901
Mikal Bridges,,,9ea306ebbe68ff94dfa5b88d1e250b37,2026-06-11,00:40,threes,4.5,2000.0,,True,draftkings,2026-06-09T23:13:01.827903
Stephon Castle,,,9ea306ebbe68ff94dfa5b88d1e250b37,2026-06-11,00:40,threes,0.5,-349.0,,True,draftkings,2026-06-09T23:13:01.827904
Stephon Castle,,,9ea306ebbe68ff94dfa5b88d1e250b37,2026-06-11,00:40,threes,1.5,131.0,,True,draftkings,2026-06-09T23:13:01.827906
Stephon Castle,,,9ea306ebbe68ff94dfa5b88d1e250b37,2026-06-11,00:40,threes,2.5,416.0,,True,draftkings,2026-06-09T23:13:01.827908
Stephon Castle,,,9ea306ebbe68ff94dfa5b88d1e250b37,2026-06-11,00:40,threes,3.5,1120.0,,True,draftkings,2026-06-09T23:13:01.827920
Stephon Castle,,,9ea306ebbe68ff94dfa5b88d1e250b37,2026-06-11,00:40,threes,4.5,2400.0,,True,draftkings,2026-06-09T23:13:01.827921
De'Aaron Fox,,,9ea306ebbe68ff94dfa5b88d1e250b37,2026-06-11,00:40,threes,0.5,-325.0,,True,draftkings,2026-06-09T23:13:01.827923
De'Aaron Fox,,,9ea306ebbe68ff94dfa5b88d1e250b37,2026-06-11,00:40,threes,1.5,135.0,,True,draftkings,2026-06-09T23:13:01.827925
De'Aaron Fox,,,9ea306ebbe68ff94dfa5b88d1e250b37,2026-06-11,00:40,threes,2.5,428.0,,True,draftkings,2026-06-09T23:13:01.827926
De'Aaron Fox,,,9ea306ebbe68ff94dfa5b88d1e250b37,2026-06-11,00:40,threes,3.5,1180.0,,True,draftkings,2026-06-09T23:13:01.827928
De'Aaron Fox,,,9ea306ebbe68ff94dfa5b88d1e250b37,2026-06-11,00:40,threes,4.5,2600.0,,True,draftkings,2026-06-09T23:13:01.827932
Karl-Anthony Towns,,,9ea306ebbe68ff94dfa5b88d1e250b37,2026-06-11,00:40,threes,0.5,-324.0,,True,draftkings,2026-06-09T23:13:01.827934
Karl-Anthony Towns,,,9ea306ebbe68ff94dfa5b88d1e250b37,2026-06-11,00:40,threes,1.5,141.0,,True,draftkings,2026-06-09T23:13:01.827936
Karl-Anthony Towns,,,9ea306ebbe68ff94dfa5b88d1e250b37,2026-06-11,00:40,threes,2.5,450.0,,True,draftkings,2026-06-09T23:13:01.827938
Karl-Anthony Towns,,,9ea306ebbe68ff94dfa5b88d1e250b37,2026-06-11,00:40,threes,3.5,1200.0,,True,draftkings,2026-06-09T23:13:01.827939
Karl-Anthony Towns,,,9ea306ebbe68ff94dfa5b88d1e250b37,2026-06-11,00:40,threes,4.5,2600.0,,True,draftkings,2026-06-09T23:13:01.827941
Miles McBride,,,9ea306ebbe68ff94dfa5b88d1e250b37,2026-06-11,00:40,threes,0.5,-206.0,,True,draftkings,2026-06-09T23:13:01.827943
Miles McBride,,,9ea306ebbe68ff94dfa5b88d1e250b37,2026-06-11,00:40,threes,1.5,190.0,,True,draftkings,2026-06-09T23:13:01.827944
Miles McBride,,,9ea306ebbe68ff94dfa5b88d1e250b37,2026-06-11,00:40,threes,2.5,569.0,,True,draftkings,2026-06-09T23:13:01.827946
Miles McBride,,,9ea306ebbe68ff94dfa5b88d1e250b37,2026-06-11,00:40,threes,3.5,1420.0,,True,draftkings,2026-06-09T23:13:01.827948
Miles McBride,,,9ea306ebbe68ff94dfa5b88d1e250b37,2026-06-11,00:40,threes,4.5,2700.0,,True,draftkings,2026-06-09T23:13:01.827950
Dylan Harper,,,9ea306ebbe68ff94dfa5b88d1e250b37,2026-06-11,00:40,threes,0.5,-275.0,,True,draftkings,2026-06-09T23:13:01.827951
Dylan Harper,,,9ea306ebbe68ff94dfa5b88d1e250b37,2026-06-11,00:40,threes,1.5,163.0,,True,draftkings,2026-06-09T23:13:01.827953
Dylan Harper,,,9ea306ebbe68ff94dfa5b88d1e250b37,2026-06-11,00:40,threes,2.5,516.0,,True,draftkings,2026-06-09T23:13:01.827955
Dylan Harper,,,9ea306ebbe68ff94dfa5b88d1e250b37,2026-06-11,00:40,threes,3.5,1400.0,,True,draftkings,2026-06-09T23:13:01.827957
Dylan Harper,,,9ea306ebbe68ff94dfa5b88d1e250b37,2026-06-11,00:40,threes,4.5,2900.0,,True,draftkings,2026-06-09T23:13:01.827959
Jose Alvarado,,,9ea306ebbe68ff94dfa5b88d1e250b37,2026-06-11,00:40,threes,0.5,119.0,,True,draftkings,2026-06-09T23:13:01.827960
Jose Alvarado,,,9ea306ebbe68ff94dfa5b88d1e250b37,2026-06-11,00:40,threes,1.5,495.0,,True,draftkings,2026-06-09T23:13:01.827962
Jose Alvarado,,,9ea306ebbe68ff94dfa5b88d1e250b37,2026-06-11,00:40,threes,2.5,1380.0,,True,draftkings,2026-06-09T23:13:01.827964
Keldon Johnson,,,9ea306ebbe68ff94dfa5b88d1e250b37,2026-06-11,00:40,threes,0.5,101.0,,True,draftkings,2026-06-09T23:13:01.827965
Keldon Johnson,,,9ea306ebbe68ff94dfa5b88d1e250b37,2026-06-11,00:40,threes,1.5,479.0,,True,draftkings,2026-06-09T23:13:01.827967
Keldon Johnson,,,9ea306ebbe68ff94dfa5b88d1e250b37,2026-06-11,00:40,threes,2.5,1580.0,,True,draftkings,2026-06-09T23:13:01.827969
Jordan Clarkson,,,9ea306ebbe68ff94dfa5b88d1e250b37,2026-06-11,00:40,threes,0.5,145.0,,True,draftkings,2026-06-09T23:13:01.827971
Jordan Clarkson,,,9ea306ebbe68ff94dfa5b88d1e250b37,2026-06-11,00:40,threes,1.5,650.0,,True,draftkings,2026-06-09T23:13:01.827972
Jordan Clarkson,,,9ea306ebbe68ff94dfa5b88d1e250b37,2026-06-11,00:40,threes,2.5,1960.0,,True,draftkings,2026-06-09T23:13:01.827974
OG Anunoby,,,9ea306ebbe68ff94dfa5b88d1e250b37,2026-06-11,00:40,assists,1.5,-125.0,-105.0,False,betmgm,2026-06-09T23:13:01.827994
Karl-Anthony Towns,,,9ea306ebbe68ff94dfa5b88d1e250b37,2026-06-11,00:40,assists,3.5,-160.0,120.0,False,betmgm,2026-06-09T23:13:01.827996
Josh Hart,,,9ea306ebbe68ff94dfa5b88d1e250b37,2026-06-11,00:40,assists,4.5,-115.0,-115.0,False,betmgm,2026-06-09T23:13:01.827998
Jalen Brunson,,,9ea306ebbe68ff94dfa5b88d1e250b37,2026-06-11,00:40,assists,6.5,120.0,-160.0,False,betmgm,2026-06-09T23:13:01.827999
Miles McBride,,,9ea306ebbe68ff94dfa5b88d1e250b37,2026-06-11,00:40,assists,1.5,175.0,-235.0,False,betmgm,2026-06-09T23:13:01.828003
Landry Shamet,,,9ea306ebbe68ff94dfa5b88d1e250b37,2026-06-11,00:40,assists,1.5,175.0,-235.0,False,betmgm,2026-06-09T23:13:01.828005
Mikal Bridges,,,9ea306ebbe68ff94dfa5b88d1e250b37,2026-06-11,00:40,assists,2.5,-165.0,125.0,False,betmgm,2026-06-09T23:13:01.828007
Stephon Castle,,,9ea306ebbe68ff94dfa5b88d1e250b37,2026-06-11,00:40,assists,6.5,-135.0,100.0,False,betmgm,2026-06-09T23:13:01.828008
Devin Vassell,,,9ea306ebbe68ff94dfa5b88d1e250b37,2026-06-11,00:40,assists,2.5,140.0,-190.0,False,betmgm,2026-06-09T23:13:01.828010
De'Aaron Fox,,,9ea306ebbe68ff94dfa5b88d1e250b37,2026-06-11,00:40,assists,5.5,-150.0,110.0,False,betmgm,2026-06-09T23:13:01.828012
Julian Champagnie,,,9ea306ebbe68ff94dfa5b88d1e250b37,2026-06-11,00:40,assists,1.5,135.0,-185.0,False,betmgm,2026-06-09T23:13:01.828019
Dylan Harper,,,9ea306ebbe68ff94dfa5b88d1e250b37,2026-06-11,00:40,assists,3.5,-110.0,-120.0,False,betmgm,2026-06-09T23:13:01.828021
Victor Wembanyama,,,9ea306ebbe68ff94dfa5b88d1e250b37,2026-06-11,00:40,assists,3.5,130.0,-175.0,False,betmgm,2026-06-09T23:13:01.828023
Jose Alvarado,,,9ea306ebbe68ff94dfa5b88d1e250b37,2026-06-11,00:40,assists,1.5,130.0,-175.0,False,betmgm,2026-06-09T23:13:01.828025
Keldon Johnson,,,9ea306ebbe68ff94dfa5b88d1e250b37,2026-06-11,00:40,assists,0.5,-125.0,-105.0,False,betmgm,2026-06-09T23:13:01.828026
Luke Kornet,,,9ea306ebbe68ff94dfa5b88d1e250b37,2026-06-11,00:40,assists,0.5,130.0,-175.0,False,betmgm,2026-06-09T23:13:01.828028
Josh Hart,,,9ea306ebbe68ff94dfa5b88d1e250b37,2026-06-11,00:40,assists,2.5,-650.0,,True,betmgm,2026-06-09T23:13:01.828042
Jalen Brunson,,,9ea306ebbe68ff94dfa5b88d1e250b37,2026-06-11,00:40,assists,4.5,-325.0,,True,betmgm,2026-06-09T23:13:01.828044
Jalen Brunson,,,9ea306ebbe68ff94dfa5b88d1e250b37,2026-06-11,00:40,assists,9.5,650.0,,True,betmgm,2026-06-09T23:13:01.828045
Jalen Brunson,,,9ea306ebbe68ff94dfa5b88d1e250b37,2026-06-11,00:40,assists,6.5,120.0,,True,betmgm,2026-06-09T23:13:01.828047
Karl-Anthony Towns,,,9ea306ebbe68ff94dfa5b88d1e250b37,2026-06-11,00:40,assists,4.5,135.0,,True,betmgm,2026-06-09T23:13:01.828049
Mikal Bridges,,,9ea306ebbe68ff94dfa5b88d1e250b37,2026-06-11,00:40,assists,2.5,-175.0,,True,betmgm,2026-06-09T23:13:01.828051
Josh Hart,,,9ea306ebbe68ff94dfa5b88d1e250b37,2026-06-11,00:40,assists,4.5,-115.0,,True,betmgm,2026-06-09T23:13:01.828052
Mikal Bridges,,,9ea306ebbe68ff94dfa5b88d1e250b37,2026-06-11,00:40,assists,4.5,310.0,,True,betmgm,2026-06-09T23:13:01.828054
Josh Hart,,,9ea306ebbe68ff94dfa5b88d1e250b37,2026-06-11,00:40,assists,6.5,333.0,,True,betmgm,2026-06-09T23:13:01.828056
Karl-Anthony Towns,,,9ea306ebbe68ff94dfa5b88d1e250b37,2026-06-11,00:40,assists,6.5,525.0,,True,betmgm,2026-06-09T23:13:01.828057
Karl-Anthony Towns,,,9ea306ebbe68ff94dfa5b88d1e250b37,2026-06-11,00:40,assists,2.5,-400.0,,True,betmgm,2026-06-09T23:13:01.828059
De'Aaron Fox,,,9ea306ebbe68ff94dfa5b88d1e250b37,2026-06-11,00:40,assists,9.5,675.0,,True,betmgm,2026-06-09T23:13:01.828061
De'Aaron Fox,,,9ea306ebbe68ff94dfa5b88d1e250b37,2026-06-11,00:40,assists,6.5,125.0,,True,betmgm,2026-06-09T23:13:01.828062
Stephon Castle,,,9ea306ebbe68ff94dfa5b88d1e250b37,2026-06-11,00:40,assists,6.5,-135.0,,True,betmgm,2026-06-09T23:13:01.828066
Stephon Castle,,,9ea306ebbe68ff94dfa5b88d1e250b37,2026-06-11,00:40,assists,4.5,-525.0,,True,betmgm,2026-06-09T23:13:01.828068
Stephon Castle,,,9ea306ebbe68ff94dfa5b88d1e250b37,2026-06-11,00:40,assists,9.5,400.0,,True,betmgm,2026-06-09T23:13:01.828070
Devin Vassell,,,9ea306ebbe68ff94dfa5b88d1e250b37,2026-06-11,00:40,assists,4.5,750.0,,True,betmgm,2026-06-09T23:13:01.828072
Dylan Harper,,,9ea306ebbe68ff94dfa5b88d1e250b37,2026-06-11,00:40,assists,6.5,775.0,,True,betmgm,2026-06-09T23:13:01.828073
Victor Wembanyama,,,9ea306ebbe68ff94dfa5b88d1e250b37,2026-06-11,00:40,assists,4.5,290.0,,True,betmgm,2026-06-09T23:13:01.828075
Dylan Harper,,,9ea306ebbe68ff94dfa5b88d1e250b37,2026-06-11,00:40,assists,4.5,200.0,,True,betmgm,2026-06-09T23:13:01.828077
De'Aaron Fox,,,9ea306ebbe68ff94dfa5b88d1e250b37,2026-06-11,00:40,assists,4.5,-300.0,,True,betmgm,2026-06-09T23:13:01.828078
Dylan Harper,,,9ea306ebbe68ff94dfa5b88d1e250b37,2026-06-11,00:40,assists,2.5,-275.0,,True,betmgm,2026-06-09T23:13:01.828080
Victor Wembanyama,,,9ea306ebbe68ff94dfa5b88d1e250b37,2026-06-11,00:40,assists,2.5,-190.0,,True,betmgm,2026-06-09T23:13:01.828082
Josh Hart,,,9ea306ebbe68ff94dfa5b88d1e250b37,2026-06-11,00:40,points,10.5,-115.0,-115.0,False,betmgm,2026-06-09T23:13:01.828099
Jalen Brunson,,,9ea306ebbe68ff94dfa5b88d1e250b37,2026-06-11,00:40,points,27.5,-105.0,-125.0,False,betmgm,2026-06-09T23:13:01.828101
Miles McBride,,,9ea306ebbe68ff94dfa5b88d1e250b37,2026-06-11,00:40,points,4.5,-125.0,-105.0,False,betmgm,2026-06-09T23:13:01.828102
Mikal Bridges,,,9ea306ebbe68ff94dfa5b88d1e250b37,2026-06-11,00:40,points,12.5,-115.0,-115.0,False,betmgm,2026-06-09T23:13:01.828106
OG Anunoby,,,9ea306ebbe68ff94dfa5b88d1e250b37,2026-06-11,00:40,points,15.5,-130.0,-105.0,False,betmgm,2026-06-09T23:13:01.828108
Landry Shamet,,,9ea306ebbe68ff94dfa5b88d1e250b37,2026-06-11,00:40,points,7.5,-125.0,-105.0,False,betmgm,2026-06-09T23:13:01.828110
De'Aaron Fox,,,9ea306ebbe68ff94dfa5b88d1e250b37,2026-06-11,00:40,points,14.5,-105.0,-125.0,False,betmgm,2026-06-09T23:13:01.828112
Devin Vassell,,,9ea306ebbe68ff94dfa5b88d1e250b37,2026-06-11,00:40,points,12.5,-115.0,-115.0,False,betmgm,2026-06-09T23:13:01.828113
Stephon Castle,,,9ea306ebbe68ff94dfa5b88d1e250b37,2026-06-11,00:40,points,16.5,-105.0,-125.0,False,betmgm,2026-06-09T23:13:01.828115
Julian Champagnie,,,9ea306ebbe68ff94dfa5b88d1e250b37,2026-06-11,00:40,points,9.5,-105.0,-125.0,False,betmgm,2026-06-09T23:13:01.828117
Dylan Harper,,,9ea306ebbe68ff94dfa5b88d1e250b37,2026-06-11,00:40,points,13.5,-120.0,-110.0,False,betmgm,2026-06-09T23:13:01.828118
Victor Wembanyama,,,9ea306ebbe68ff94dfa5b88d1e250b37,2026-06-11,00:40,points,27.5,-110.0,-120.0,False,betmgm,2026-06-09T23:13:01.828120
Karl-Anthony Towns,,,9ea306ebbe68ff94dfa5b88d1e250b37,2026-06-11,00:40,points,17.5,-105.0,-125.0,False,betmgm,2026-06-09T23:13:01.828122
Jose Alvarado,,,9ea306ebbe68ff94dfa5b88d1e250b37,2026-06-11,00:40,points,2.5,-155.0,115.0,False,betmgm,2026-06-09T23:13:01.828124
Keldon Johnson,,,9ea306ebbe68ff94dfa5b88d1e250b37,2026-06-11,00:40,points,6.5,-120.0,-111.0,False,betmgm,2026-06-09T23:13:01.828125
Luke Kornet,,,9ea306ebbe68ff94dfa5b88d1e250b37,2026-06-11,00:40,points,1.5,-155.0,115.0,False,betmgm,2026-06-09T23:13:01.828127
Mitchell Robinson,,,9ea306ebbe68ff94dfa5b88d1e250b37,2026-06-11,00:40,points,3.5,-110.0,-120.0,False,betmgm,2026-06-09T23:13:01.828129
Jalen Brunson,,,9ea306ebbe68ff94dfa5b88d1e250b37,2026-06-11,00:40,points,19.5,-700.0,,True,betmgm,2026-06-09T23:13:01.828153
Jalen Brunson,,,9ea306ebbe68ff94dfa5b88d1e250b37,2026-06-11,00:40,points,24.5,-210.0,,True,betmgm,2026-06-09T23:13:01.828155
Jalen Brunson,,,9ea306ebbe68ff94dfa5b88d1e250b37,2026-06-11,00:40,points,29.5,140.0,,True,betmgm,2026-06-09T23:13:01.828157
Jalen Brunson,,,9ea306ebbe68ff94dfa5b88d1e250b37,2026-06-11,00:40,points,39.5,850.0,,True,betmgm,2026-06-09T23:13:01.828159
Jalen Brunson,,,9ea306ebbe68ff94dfa5b88d1e250b37,2026-06-11,00:40,points,34.5,360.0,,True,betmgm,2026-06-09T23:13:01.828160
Karl-Anthony Towns,,,9ea306ebbe68ff94dfa5b88d1e250b37,2026-06-11,00:40,points,24.5,475.0,,True,betmgm,2026-06-09T23:13:01.828162
Karl-Anthony Towns,,,9ea306ebbe68ff94dfa5b88d1e250b37,2026-06-11,00:40,points,14.5,-225.0,,True,betmgm,2026-06-09T23:13:01.828164
Josh Hart,,,9ea306ebbe68ff94dfa5b88d1e250b37,2026-06-11,00:40,points,9.5,-160.0,,True,betmgm,2026-06-09T23:13:01.828165
OG Anunoby,,,9ea306ebbe68ff94dfa5b88d1e250b37,2026-06-11,00:40,points,19.5,200.0,,True,betmgm,2026-06-09T23:13:01.828167
OG Anunoby,,,9ea306ebbe68ff94dfa5b88d1e250b37,2026-06-11,00:40,points,9.5,-800.0,,True,betmgm,2026-06-09T23:13:01.828169
Karl-Anthony Towns,,,9ea306ebbe68ff94dfa5b88d1e250b37,2026-06-11,00:40,points,9.5,-1200.0,,True,betmgm,2026-06-09T23:13:01.828170
OG Anunoby,,,9ea306ebbe68ff94dfa5b88d1e250b37,2026-06-11,00:40,points,14.5,-165.0,,True,betmgm,2026-06-09T23:13:01.828172
OG Anunoby,,,9ea306ebbe68ff94dfa5b88d1e250b37,2026-06-11,00:40,points,24.5,600.0,,True,betmgm,2026-06-09T23:13:01.828174
Miles McBride,,,9ea306ebbe68ff94dfa5b88d1e250b37,2026-06-11,00:40,points,9.5,475.0,,True,betmgm,2026-06-09T23:13:01.828176
Josh Hart,,,9ea306ebbe68ff94dfa5b88d1e250b37,2026-06-11,00:40,points,14.5,260.0,,True,betmgm,2026-06-09T23:13:01.828177
Karl-Anthony Towns,,,9ea306ebbe68ff94dfa5b88d1e250b37,2026-06-11,00:40,points,19.5,155.0,,True,betmgm,2026-06-09T23:13:01.828179
Landry Shamet,,,9ea306ebbe68ff94dfa5b88d1e250b37,2026-06-11,00:40,points,14.5,625.0,,True,betmgm,2026-06-09T23:13:01.828181
Landry Shamet,,,9ea306ebbe68ff94dfa5b88d1e250b37,2026-06-11,00:40,points,9.5,155.0,,True,betmgm,2026-06-09T23:13:01.828185
Mikal Bridges,,,9ea306ebbe68ff94dfa5b88d1e250b37,2026-06-11,00:40,points,9.5,-295.0,,True,betmgm,2026-06-09T23:13:01.828187
Mikal Bridges,,,9ea306ebbe68ff94dfa5b88d1e250b37,2026-06-11,00:40,points,14.5,150.0,,True,betmgm,2026-06-09T23:13:01.828189
Mikal Bridges,,,9ea306ebbe68ff94dfa5b88d1e250b37,2026-06-11,00:40,points,19.5,525.0,,True,betmgm,2026-06-09T23:13:01.828190
De'Aaron Fox,,,9ea306ebbe68ff94dfa5b88d1e250b37,2026-06-11,00:40,points,19.5,325.0,,True,betmgm,2026-06-09T23:13:01.828192
Julian Champagnie,,,9ea306ebbe68ff94dfa5b88d1e250b37,2026-06-11,00:40,points,9.5,-110.0,,True,betmgm,2026-06-09T23:13:01.828194
Devin Vassell,,,9ea306ebbe68ff94dfa5b88d1e250b37,2026-06-11,00:40,points,14.5,145.0,,True,betmgm,2026-06-09T23:13:01.828196
Devin Vassell,,,9ea306ebbe68ff94dfa5b88d1e250b37,2026-06-11,00:40,points,19.5,475.0,,True,betmgm,2026-06-09T23:13:01.828197
De'Aaron Fox,,,9ea306ebbe68ff94dfa5b88d1e250b37,2026-06-11,00:40,points,14.5,-110.0,,True,betmgm,2026-06-09T23:13:01.828199
De'Aaron Fox,,,9ea306ebbe68ff94dfa5b88d1e250b37,2026-06-11,00:40,points,9.5,-525.0,,True,betmgm,2026-06-09T23:13:01.828201
Stephon Castle,,,9ea306ebbe68ff94dfa5b88d1e250b37,2026-06-11,00:40,points,14.5,-175.0,,True,betmgm,2026-06-09T23:13:01.828202
Dylan Harper,,,9ea306ebbe68ff94dfa5b88d1e250b37,2026-06-11,00:40,points,9.5,-450.0,,True,betmgm,2026-06-09T23:13:01.828204
Stephon Castle,,,9ea306ebbe68ff94dfa5b88d1e250b37,2026-06-11,00:40,points,24.5,600.0,,True,betmgm,2026-06-09T23:13:01.828206
Julian Champagnie,,,9ea306ebbe68ff94dfa5b88d1e250b37,2026-06-11,00:40,points,14.5,360.0,,True,betmgm,2026-06-09T23:13:01.828207
Victor Wembanyama,,,9ea306ebbe68ff94dfa5b88d1e250b37,2026-06-11,00:40,points,24.5,-210.0,,True,betmgm,2026-06-09T23:13:01.828209
Victor Wembanyama,,,9ea306ebbe68ff94dfa5b88d1e250b37,2026-06-11,00:40,points,29.5,135.0,,True,betmgm,2026-06-09T23:13:01.828211
Victor Wembanyama,,,9ea306ebbe68ff94dfa5b88d1e250b37,2026-06-11,00:40,points,39.5,825.0,,True,betmgm,2026-06-09T23:13:01.828213
Devin Vassell,,,9ea306ebbe68ff94dfa5b88d1e250b37,2026-06-11,00:40,points,9.5,-275.0,,True,betmgm,2026-06-09T23:13:01.828214
Victor Wembanyama,,,9ea306ebbe68ff94dfa5b88d1e250b37,2026-06-11,00:40,points,19.5,-700.0,,True,betmgm,2026-06-09T23:13:01.828216
Dylan Harper,,,9ea306ebbe68ff94dfa5b88d1e250b37,2026-06-11,00:40,points,19.5,390.0,,True,betmgm,2026-06-09T23:13:01.828218
Dylan Harper,,,9ea306ebbe68ff94dfa5b88d1e250b37,2026-06-11,00:40,points,14.5,110.0,,True,betmgm,2026-06-09T23:13:01.828222
Stephon Castle,,,9ea306ebbe68ff94dfa5b88d1e250b37,2026-06-11,00:40,points,19.5,200.0,,True,betmgm,2026-06-09T23:13:01.828223
Stephon Castle,,,9ea306ebbe68ff94dfa5b88d1e250b37,2026-06-11,00:40,points,9.5,-900.0,,True,betmgm,2026-06-09T23:13:01.828225
Victor Wembanyama,,,9ea306ebbe68ff94dfa5b88d1e250b37,2026-06-11,00:40,points,34.5,340.0,,True,betmgm,2026-06-09T23:13:01.828227
Keldon Johnson,,,9ea306ebbe68ff94dfa5b88d1e250b37,2026-06-11,00:40,points,9.5,230.0,,True,betmgm,2026-06-09T23:13:01.828229
Josh Hart,,,9ea306ebbe68ff94dfa5b88d1e250b37,2026-06-11,00:40,rebounds,8.5,-120.0,-110.0,False,betmgm,2026-06-09T23:13:01.828248
Landry Shamet,,,9ea306ebbe68ff94dfa5b88d1e250b37,2026-06-11,00:40,rebounds,1.5,100.0,-130.0,False,betmgm,2026-06-09T23:13:01.828249
OG Anunoby,,,9ea306ebbe68ff94dfa5b88d1e250b37,2026-06-11,00:40,rebounds,5.5,-115.0,-115.0,False,betmgm,2026-06-09T23:13:01.828251
Karl-Anthony Towns,,,9ea306ebbe68ff94dfa5b88d1e250b37,2026-06-11,00:40,rebounds,11.5,-110.0,-120.0,False,betmgm,2026-06-09T23:13:01.828253
Mikal Bridges,,,9ea306ebbe68ff94dfa5b88d1e250b37,2026-06-11,00:40,rebounds,3.5,-105.0,-125.0,False,betmgm,2026-06-09T23:13:01.828254
Jalen Brunson,,,9ea306ebbe68ff94dfa5b88d1e250b37,2026-06-11,00:40,rebounds,3.5,130.0,-175.0,False,betmgm,2026-06-09T23:13:01.828256
Miles McBride,,,9ea306ebbe68ff94dfa5b88d1e250b37,2026-06-11,00:40,rebounds,1.5,160.0,-220.0,False,betmgm,2026-06-09T23:13:01.828258
Devin Vassell,,,9ea306ebbe68ff94dfa5b88d1e250b37,2026-06-11,00:40,rebounds,4.5,-150.0,110.0,False,betmgm,2026-06-09T23:13:01.828262
De'Aaron Fox,,,9ea306ebbe68ff94dfa5b88d1e250b37,2026-06-11,00:40,rebounds,3.5,115.0,-155.0,False,betmgm,2026-06-09T23:13:01.828266
Stephon Castle,,,9ea306ebbe68ff94dfa5b88d1e250b37,2026-06-11,00:40,rebounds,4.5,-160.0,120.0,False,betmgm,2026-06-09T23:13:01.828268
Victor Wembanyama,,,9ea306ebbe68ff94dfa5b88d1e250b37,2026-06-11,00:40,rebounds,11.5,-120.0,-111.0,False,betmgm,2026-06-09T23:13:01.828269
Julian Champagnie,,,9ea306ebbe68ff94dfa5b88d1e250b37,2026-06-11,00:40,rebounds,4.5,-140.0,105.0,False,betmgm,2026-06-09T23:13:01.828271
Jose Alvarado,,,9ea306ebbe68ff94dfa5b88d1e250b37,2026-06-11,00:40,rebounds,1.5,165.0,-225.0,False,betmgm,2026-06-09T23:13:01.828273
Mitchell Robinson,,,9ea306ebbe68ff94dfa5b88d1e250b37,2026-06-11,00:40,rebounds,4.5,-125.0,-105.0,False,betmgm,2026-06-09T23:13:01.828274
Keldon Johnson,,,9ea306ebbe68ff94dfa5b88d1e250b37,2026-06-11,00:40,rebounds,2.5,-130.0,-105.0,False,betmgm,2026-06-09T23:13:01.828276
Dylan Harper,,,9ea306ebbe68ff94dfa5b88d1e250b37,2026-06-11,00:40,rebounds,6.5,100.0,-135.0,False,betmgm,2026-06-09T23:13:01.828278
Luke Kornet,,,9ea306ebbe68ff94dfa5b88d1e250b37,2026-06-11,00:40,rebounds,1.5,-185.0,135.0,False,betmgm,2026-06-09T23:13:01.828279
Karl-Anthony Towns,,,9ea306ebbe68ff94dfa5b88d1e250b37,2026-06-11,00:40,rebounds,6.5,-2000.0,,True,betmgm,2026-06-09T23:13:01.828304
OG Anunoby,,,9ea306ebbe68ff94dfa5b88d1e250b37,2026-06-11,00:40,rebounds,2.5,-1600.0,,True,betmgm,2026-06-09T23:13:01.828305
Karl-Anthony Towns,,,9ea306ebbe68ff94dfa5b88d1e250b37,2026-06-11,00:40,rebounds,12.5,140.0,,True,betmgm,2026-06-09T23:13:01.828307
Josh Hart,,,9ea306ebbe68ff94dfa5b88d1e250b37,2026-06-11,00:40,rebounds,12.5,475.0,,True,betmgm,2026-06-09T23:13:01.828309
Karl-Anthony Towns,,,9ea306ebbe68ff94dfa5b88d1e250b37,2026-06-11,00:40,rebounds,14.5,320.0,,True,betmgm,2026-06-09T23:13:01.828311
Jalen Brunson,,,9ea306ebbe68ff94dfa5b88d1e250b37,2026-06-11,00:40,rebounds,2.5,-190.0,,True,betmgm,2026-06-09T23:13:01.828312
Jalen Brunson,,,9ea306ebbe68ff94dfa5b88d1e250b37,2026-06-11,00:40,rebounds,4.5,280.0,,True,betmgm,2026-06-09T23:13:01.828314
OG Anunoby,,,9ea306ebbe68ff94dfa5b88d1e250b37,2026-06-11,00:40,rebounds,6.5,155.0,,True,betmgm,2026-06-09T23:13:01.828316
OG Anunoby,,,9ea306ebbe68ff94dfa5b88d1e250b37,2026-06-11,00:40,rebounds,9.5,775.0,,True,betmgm,2026-06-09T23:13:01.828317
Karl-Anthony Towns,,,9ea306ebbe68ff94dfa5b88d1e250b37,2026-06-11,00:40,rebounds,16.5,700.0,,True,betmgm,2026-06-09T23:13:01.828319
OG Anunoby,,,9ea306ebbe68ff94dfa5b88d1e250b37,2026-06-11,00:40,rebounds,4.5,-235.0,,True,betmgm,2026-06-09T23:13:01.828321
Mikal Bridges,,,9ea306ebbe68ff94dfa5b88d1e250b37,2026-06-11,00:40,rebounds,2.5,-250.0,,True,betmgm,2026-06-09T23:13:01.828322
Karl-Anthony Towns,,,9ea306ebbe68ff94dfa5b88d1e250b37,2026-06-11,00:40,rebounds,9.5,-275.0,,True,betmgm,2026-06-09T23:13:01.828324
Mikal Bridges,,,9ea306ebbe68ff94dfa5b88d1e250b37,2026-06-11,00:40,rebounds,4.5,200.0,,True,betmgm,2026-06-09T23:13:01.828326
Josh Hart,,,9ea306ebbe68ff94dfa5b88d1e250b37,2026-06-11,00:40,rebounds,6.5,-450.0,,True,betmgm,2026-06-09T23:13:01.828328
Miles McBride,,,9ea306ebbe68ff94dfa5b88d1e250b37,2026-06-11,00:40,rebounds,2.5,450.0,,True,betmgm,2026-06-09T23:13:01.828329
Mikal Bridges,,,9ea306ebbe68ff94dfa5b88d1e250b37,2026-06-11,00:40,rebounds,6.5,750.0,,True,betmgm,2026-06-09T23:13:01.828331
Josh Hart,,,9ea306ebbe68ff94dfa5b88d1e250b37,2026-06-11,00:40,rebounds,9.5,120.0,,True,betmgm,2026-06-09T23:13:01.828333
Landry Shamet,,,9ea306ebbe68ff94dfa5b88d1e250b37,2026-06-11,00:40,rebounds,2.5,250.0,,True,betmgm,2026-06-09T23:13:01.828334
De'Aaron Fox,,,9ea306ebbe68ff94dfa5b88d1e250b37,2026-06-11,00:40,rebounds,4.5,250.0,,True,betmgm,2026-06-09T23:13:01.828336
Devin Vassell,,,9ea306ebbe68ff94dfa5b88d1e250b37,2026-06-11,00:40,rebounds,6.5,250.0,,True,betmgm,2026-06-09T23:13:01.828338
Julian Champagnie,,,9ea306ebbe68ff94dfa5b88d1e250b37,2026-06-11,00:40,rebounds,2.5,-800.0,,True,betmgm,2026-06-09T23:13:01.828339
Devin Vassell,,,9ea306ebbe68ff94dfa5b88d1e250b37,2026-06-11,00:40,rebounds,4.5,-150.0,,True,betmgm,2026-06-09T23:13:01.828344
Stephon Castle,,,9ea306ebbe68ff94dfa5b88d1e250b37,2026-06-11,00:40,rebounds,2.5,-1000.0,,True,betmgm,2026-06-09T23:13:01.828346
De'Aaron Fox,,,9ea306ebbe68ff94dfa5b88d1e250b37,2026-06-11,00:40,rebounds,2.5,-210.0,,True,betmgm,2026-06-09T23:13:01.828347
Julian Champagnie,,,9ea306ebbe68ff94dfa5b88d1e250b37,2026-06-11,00:40,rebounds,6.5,250.0,,True,betmgm,2026-06-09T23:13:01.828349
Stephon Castle,,,9ea306ebbe68ff94dfa5b88d1e250b37,2026-06-11,00:40,rebounds,4.5,-160.0,,True,betmgm,2026-06-09T23:13:01.828351
Dylan Harper,,,9ea306ebbe68ff94dfa5b88d1e250b37,2026-06-11,00:40,rebounds,4.5,-400.0,,True,betmgm,2026-06-09T23:13:01.828352
Julian Champagnie,,,9ea306ebbe68ff94dfa5b88d1e250b37,2026-06-11,00:40,rebounds,4.5,-145.0,,True,betmgm,2026-06-09T23:13:01.828354
Stephon Castle,,,9ea306ebbe68ff94dfa5b88d1e250b37,2026-06-11,00:40,rebounds,6.5,230.0,,True,betmgm,2026-06-09T23:13:01.828356
Devin Vassell,,,9ea306ebbe68ff94dfa5b88d1e250b37,2026-06-11,00:40,rebounds,2.5,-800.0,,True,betmgm,2026-06-09T23:13:01.828357
Victor Wembanyama,,,9ea306ebbe68ff94dfa5b88d1e250b37,2026-06-11,00:40,rebounds,9.5,-325.0,,True,betmgm,2026-06-09T23:13:01.828359
Dylan Harper,,,9ea306ebbe68ff94dfa5b88d1e250b37,2026-06-11,00:40,rebounds,9.5,500.0,,True,betmgm,2026-06-09T23:13:01.828360
Victor Wembanyama,,,9ea306ebbe68ff94dfa5b88d1e250b37,2026-06-11,00:40,rebounds,16.5,675.0,,True,betmgm,2026-06-09T23:13:01.828362
Victor Wembanyama,,,9ea306ebbe68ff94dfa5b88d1e250b37,2026-06-11,00:40,rebounds,14.5,300.0,,True,betmgm,2026-06-09T23:13:01.828364
Victor Wembanyama,,,9ea306ebbe68ff94dfa5b88d1e250b37,2026-06-11,00:40,rebounds,12.5,130.0,,True,betmgm,2026-06-09T23:13:01.828366
Dylan Harper,,,9ea306ebbe68ff94dfa5b88d1e250b37,2026-06-11,00:40,rebounds,6.5,-105.0,,True,betmgm,2026-06-09T23:13:01.828367
Mitchell Robinson,,,9ea306ebbe68ff94dfa5b88d1e250b37,2026-06-11,00:40,rebounds,6.5,230.0,,True,betmgm,2026-06-09T23:13:01.828369
Jose Alvarado,,,9ea306ebbe68ff94dfa5b88d1e250b37,2026-06-11,00:40,rebounds,2.5,475.0,,True,betmgm,2026-06-09T23:13:01.828371
Mitchell Robinson,,,9ea306ebbe68ff94dfa5b88d1e250b37,2026-06-11,00:40,rebounds,2.5,-550.0,,True,betmgm,2026-06-09T23:13:01.828373
Mitchell Robinson,,,9ea306ebbe68ff94dfa5b88d1e250b37,2026-06-11,00:40,rebounds,4.5,-125.0,,True,betmgm,2026-06-09T23:13:01.828374
Keldon Johnson,,,9ea306ebbe68ff94dfa5b88d1e250b37,2026-06-11,00:40,rebounds,2.5,-135.0,,True,betmgm,2026-06-09T23:13:01.828379
Keldon Johnson,,,9ea306ebbe68ff94dfa5b88d1e250b37,2026-06-11,00:40,rebounds,4.5,360.0,,True,betmgm,2026-06-09T23:13:01.828383
Luke Kornet,,,9ea306ebbe68ff94dfa5b88d1e250b37,2026-06-11,00:40,rebounds,4.5,550.0,,True,betmgm,2026-06-09T23:13:01.828384
Luke Kornet,,,9ea306ebbe68ff94dfa5b88d1e250b37,2026-06-11,00:40,rebounds,2.5,140.0,,True,betmgm,2026-06-09T23:13:01.828386
Karl-Anthony Towns,,,9ea306ebbe68ff94dfa5b88d1e250b37,2026-06-11,00:40,threes,1.5,150.0,-200.0,False,betmgm,2026-06-09T23:13:01.828402
Jalen Brunson,,,9ea306ebbe68ff94dfa5b88d1e250b37,2026-06-11,00:40,threes,2.5,105.0,-140.0,False,betmgm,2026-06-09T23:13:01.828404
Josh Hart,,,9ea306ebbe68ff94dfa5b88d1e250b37,2026-06-11,00:40,threes,1.5,-105.0,-125.0,False,betmgm,2026-06-09T23:13:01.828406
OG Anunoby,,,9ea306ebbe68ff94dfa5b88d1e250b37,2026-06-11,00:40,threes,2.5,130.0,-175.0,False,betmgm,2026-06-09T23:13:01.828407
Miles McBride,,,9ea306ebbe68ff94dfa5b88d1e250b37,2026-06-11,00:40,threes,0.5,-210.0,155.0,False,betmgm,2026-06-09T23:13:01.828409
Landry Shamet,,,9ea306ebbe68ff94dfa5b88d1e250b37,2026-06-11,00:40,threes,1.5,-130.0,-105.0,False,betmgm,2026-06-09T23:13:01.828411
Mikal Bridges,,,9ea306ebbe68ff94dfa5b88d1e250b37,2026-06-11,00:40,threes,1.5,120.0,-160.0,False,betmgm,2026-06-09T23:13:01.828413
Devin Vassell,,,9ea306ebbe68ff94dfa5b88d1e250b37,2026-06-11,00:40,threes,2.5,110.0,-150.0,False,betmgm,2026-06-09T23:13:01.828414
De'Aaron Fox,,,9ea306ebbe68ff94dfa5b88d1e250b37,2026-06-11,00:40,threes,1.5,130.0,-175.0,False,betmgm,2026-06-09T23:13:01.828416
Stephon Castle,,,9ea306ebbe68ff94dfa5b88d1e250b37,2026-06-11,00:40,threes,1.5,140.0,-190.0,False,betmgm,2026-06-09T23:13:01.828420
Julian Champagnie,,,9ea306ebbe68ff94dfa5b88d1e250b37,2026-06-11,00:40,threes,2.5,130.0,-175.0,False,betmgm,2026-06-09T23:13:01.828422
Dylan Harper,,,9ea306ebbe68ff94dfa5b88d1e250b37,2026-06-11,00:40,threes,0.5,-235.0,170.0,False,betmgm,2026-06-09T23:13:01.828424
Victor Wembanyama,,,9ea306ebbe68ff94dfa5b88d1e250b37,2026-06-11,00:40,threes,1.5,-175.0,130.0,False,betmgm,2026-06-09T23:13:01.828425
Keldon Johnson,,,9ea306ebbe68ff94dfa5b88d1e250b37,2026-06-11,00:40,threes,0.5,-130.0,-105.0,False,betmgm,2026-06-09T23:13:01.828427
Jalen Brunson,,,9ea306ebbe68ff94dfa5b88d1e250b37,2026-06-11,00:40,threes,4.5,600.0,,True,betmgm,2026-06-09T23:13:01.828453
Jalen Brunson,,,9ea306ebbe68ff94dfa5b88d1e250b37,2026-06-11,00:40,threes,1.5,-275.0,,True,betmgm,2026-06-09T23:13:01.828456
Jalen Brunson,,,9ea306ebbe68ff94dfa5b88d1e250b37,2026-06-11,00:40,threes,2.5,105.0,,True,betmgm,2026-06-09T23:13:01.828457
Karl-Anthony Towns,,,9ea306ebbe68ff94dfa5b88d1e250b37,2026-06-11,00:40,threes,0.5,-295.0,,True,betmgm,2026-06-09T23:13:01.828459
OG Anunoby,,,9ea306ebbe68ff94dfa5b88d1e250b37,2026-06-11,00:40,threes,2.5,125.0,,True,betmgm,2026-06-09T23:13:01.828461
Josh Hart,,,9ea306ebbe68ff94dfa5b88d1e250b37,2026-06-11,00:40,threes,1.5,-105.0,,True,betmgm,2026-06-09T23:13:01.828462
OG Anunoby,,,9ea306ebbe68ff94dfa5b88d1e250b37,2026-06-11,00:40,threes,0.5,-1100.0,,True,betmgm,2026-06-09T23:13:01.828464
Josh Hart,,,9ea306ebbe68ff94dfa5b88d1e250b37,2026-06-11,00:40,threes,3.5,750.0,,True,betmgm,2026-06-09T23:13:01.828466
OG Anunoby,,,9ea306ebbe68ff94dfa5b88d1e250b37,2026-06-11,00:40,threes,1.5,-235.0,,True,betmgm,2026-06-09T23:13:01.828467
Miles McBride,,,9ea306ebbe68ff94dfa5b88d1e250b37,2026-06-11,00:40,threes,1.5,200.0,,True,betmgm,2026-06-09T23:13:01.828469
Miles McBride,,,9ea306ebbe68ff94dfa5b88d1e250b37,2026-06-11,00:40,threes,0.5,-210.0,,True,betmgm,2026-06-09T23:13:01.828471
OG Anunoby,,,9ea306ebbe68ff94dfa5b88d1e250b37,2026-06-11,00:40,threes,3.5,310.0,,True,betmgm,2026-06-09T23:13:01.828473
Jalen Brunson,,,9ea306ebbe68ff94dfa5b88d1e250b37,2026-06-11,00:40,threes,3.5,260.0,,True,betmgm,2026-06-09T23:13:01.828474
Jalen Brunson,,,9ea306ebbe68ff94dfa5b88d1e250b37,2026-06-11,00:40,threes,0.5,-1400.0,,True,betmgm,2026-06-09T23:13:01.828476
Josh Hart,,,9ea306ebbe68ff94dfa5b88d1e250b37,2026-06-11,00:40,threes,0.5,-500.0,,True,betmgm,2026-06-09T23:13:01.828478
Mikal Bridges,,,9ea306ebbe68ff94dfa5b88d1e250b37,2026-06-11,00:40,threes,1.5,115.0,,True,betmgm,2026-06-09T23:13:01.828479
OG Anunoby,,,9ea306ebbe68ff94dfa5b88d1e250b37,2026-06-11,00:40,threes,4.5,700.0,,True,betmgm,2026-06-09T23:13:01.828481
Josh Hart,,,9ea306ebbe68ff94dfa5b88d1e250b37,2026-06-11,00:40,threes,2.5,280.0,,True,betmgm,2026-06-09T23:13:01.828483
Karl-Anthony Towns,,,9ea306ebbe68ff94dfa5b88d1e250b37,2026-06-11,00:40,threes,1.5,150.0,,True,betmgm,2026-06-09T23:13:01.828484
Mikal Bridges,,,9ea306ebbe68ff94dfa5b88d1e250b37,2026-06-11,00:40,threes,0.5,-375.0,,True,betmgm,2026-06-09T23:13:01.828486
Mikal Bridges,,,9ea306ebbe68ff94dfa5b88d1e250b37,2026-06-11,00:40,threes,2.5,360.0,,True,betmgm,2026-06-09T23:13:01.828488
Karl-Anthony Towns,,,9ea306ebbe68ff94dfa5b88d1e250b37,2026-06-11,00:40,threes,2.5,450.0,,True,betmgm,2026-06-09T23:13:01.828490
Landry Shamet,,,9ea306ebbe68ff94dfa5b88d1e250b37,2026-06-11,00:40,threes,3.5,550.0,,True,betmgm,2026-06-09T23:13:01.828491
Miles McBride,,,9ea306ebbe68ff94dfa5b88d1e250b37,2026-06-11,00:40,threes,2.5,625.0,,True,betmgm,2026-06-09T23:13:01.828493
Landry Shamet,,,9ea306ebbe68ff94dfa5b88d1e250b37,2026-06-11,00:40,threes,1.5,-135.0,,True,betmgm,2026-06-09T23:13:01.828495
Landry Shamet,,,9ea306ebbe68ff94dfa5b88d1e250b37,2026-06-11,00:40,threes,2.5,230.0,,True,betmgm,2026-06-09T23:13:01.828496
Landry Shamet,,,9ea306ebbe68ff94dfa5b88d1e250b37,2026-06-11,00:40,threes,0.5,-600.0,,True,betmgm,2026-06-09T23:13:01.828501
De'Aaron Fox,,,9ea306ebbe68ff94dfa5b88d1e250b37,2026-06-11,00:40,threes,2.5,400.0,,True,betmgm,2026-06-09T23:13:01.828503
De'Aaron Fox,,,9ea306ebbe68ff94dfa5b88d1e250b37,2026-06-11,00:40,threes,0.5,-325.0,,True,betmgm,2026-06-09T23:13:01.828504
De'Aaron Fox,,,9ea306ebbe68ff94dfa5b88d1e250b37,2026-06-11,00:40,threes,1.5,130.0,,True,betmgm,2026-06-09T23:13:01.828506
Devin Vassell,,,9ea306ebbe68ff94dfa5b88d1e250b37,2026-06-11,00:40,threes,3.5,275.0,,True,betmgm,2026-06-09T23:13:01.828508
Julian Champagnie,,,9ea306ebbe68ff94dfa5b88d1e250b37,2026-06-11,00:40,threes,2.5,130.0,,True,betmgm,2026-06-09T23:13:01.828509
Julian Champagnie,,,9ea306ebbe68ff94dfa5b88d1e250b37,2026-06-11,00:40,threes,0.5,-1100.0,,True,betmgm,2026-06-09T23:13:01.828588
Victor Wembanyama,,,9ea306ebbe68ff94dfa5b88d1e250b37,2026-06-11,00:40,threes,2.5,165.0,,True,betmgm,2026-06-09T23:13:01.828591
Stephon Castle,,,9ea306ebbe68ff94dfa5b88d1e250b37,2026-06-11,00:40,threes,2.5,425.0,,True,betmgm,2026-06-09T23:13:01.828595
Devin Vassell,,,9ea306ebbe68ff94dfa5b88d1e250b37,2026-06-11,00:40,threes,1.5,-275.0,,True,betmgm,2026-06-09T23:13:01.828597
Devin Vassell,,,9ea306ebbe68ff94dfa5b88d1e250b37,2026-06-11,00:40,threes,4.5,600.0,,True,betmgm,2026-06-09T23:13:01.828598
Julian Champagnie,,,9ea306ebbe68ff94dfa5b88d1e250b37,2026-06-11,00:40,threes,4.5,750.0,,True,betmgm,2026-06-09T23:13:01.828600
Victor Wembanyama,,,9ea306ebbe68ff94dfa5b88d1e250b37,2026-06-11,00:40,threes,1.5,-175.0,,True,betmgm,2026-06-09T23:13:01.828602
Devin Vassell,,,9ea306ebbe68ff94dfa5b88d1e250b37,2026-06-11,00:40,threes,0.5,-1400.0,,True,betmgm,2026-06-09T23:13:01.828603
Victor Wembanyama,,,9ea306ebbe68ff94dfa5b88d1e250b37,2026-06-11,00:40,threes,3.5,425.0,,True,betmgm,2026-06-09T23:13:01.828605
Dylan Harper,,,9ea306ebbe68ff94dfa5b88d1e250b37,2026-06-11,00:40,threes,1.5,190.0,,True,betmgm,2026-06-09T23:13:01.828607
Devin Vassell,,,9ea306ebbe68ff94dfa5b88d1e250b37,2026-06-11,00:40,threes,2.5,110.0,,True,betmgm,2026-06-09T23:13:01.828608
Stephon Castle,,,9ea306ebbe68ff94dfa5b88d1e250b37,2026-06-11,00:40,threes,0.5,-300.0,,True,betmgm,2026-06-09T23:13:01.828610
Victor Wembanyama,,,9ea306ebbe68ff94dfa5b88d1e250b37,2026-06-11,00:40,threes,0.5,-800.0,,True,betmgm,2026-06-09T23:13:01.828612
Dylan Harper,,,9ea306ebbe68ff94dfa5b88d1e250b37,2026-06-11,00:40,threes,2.5,600.0,,True,betmgm,2026-06-09T23:13:01.828614
Julian Champagnie,,,9ea306ebbe68ff94dfa5b88d1e250b37,2026-06-11,00:40,threes,1.5,-220.0,,True,betmgm,2026-06-09T23:13:01.828618
Julian Champagnie,,,9ea306ebbe68ff94dfa5b88d1e250b37,2026-06-11,00:40,threes,3.5,325.0,,True,betmgm,2026-06-09T23:13:01.828620
Stephon Castle,,,9ea306ebbe68ff94dfa5b88d1e250b37,2026-06-11,00:40,threes,1.5,140.0,,True,betmgm,2026-06-09T23:13:01.828621
Dylan Harper,,,9ea306ebbe68ff94dfa5b88d1e250b37,2026-06-11,00:40,threes,0.5,-235.0,,True,betmgm,2026-06-09T23:13:01.828623
Jose Alvarado,,,9ea306ebbe68ff94dfa5b88d1e250b37,2026-06-11,00:40,threes,1.5,400.0,,True,betmgm,2026-06-09T23:13:01.828625
Jose Alvarado,,,9ea306ebbe68ff94dfa5b88d1e250b37,2026-06-11,00:40,threes,0.5,-110.0,,True,betmgm,2026-06-09T23:13:01.828626
Keldon Johnson,,,9ea306ebbe68ff94dfa5b88d1e250b37,2026-06-11,00:40,threes,0.5,-135.0,,True,betmgm,2026-06-09T23:13:01.828628
Keldon Johnson,,,9ea306ebbe68ff94dfa5b88d1e250b37,2026-06-11,00:40,threes,1.5,340.0,,True,betmgm,2026-06-09T23:13:01.828630
