player_name,team,opponent,game_id,game_date,game_time,prop_type,line,over_odds,under_odds,is_alt_line,sportsbook,scraped_at
Paolo Banchero,,,be60e6f50fc77fc3a3cf6925472bad91,2026-05-03,19:41,assists,7.5,1100.0,,True,draftkings,2026-05-03T22:12:43.504881
Jalen Suggs,,,be60e6f50fc77fc3a3cf6925472bad91,2026-05-03,19:41,assists,5.5,800.0,,True,draftkings,2026-05-03T22:12:43.504892
Desmond Bane,,,be60e6f50fc77fc3a3cf6925472bad91,2026-05-03,19:41,assists,4.5,1800.0,,True,draftkings,2026-05-03T22:12:43.504895
Anthony Black,,,be60e6f50fc77fc3a3cf6925472bad91,2026-05-03,19:41,assists,2.5,1300.0,,True,draftkings,2026-05-03T22:12:43.504897
Tobias Harris,,,be60e6f50fc77fc3a3cf6925472bad91,2026-05-03,19:41,points,30.5,120.0,-154.0,False,draftkings,2026-05-03T22:12:43.504904
Paolo Banchero,,,be60e6f50fc77fc3a3cf6925472bad91,2026-05-03,19:41,points,39.5,550.0,,True,draftkings,2026-05-03T22:12:43.504912
Desmond Bane,,,be60e6f50fc77fc3a3cf6925472bad91,2026-05-03,19:41,points,17.5,275.0,,True,draftkings,2026-05-03T22:12:43.504914
Desmond Bane,,,be60e6f50fc77fc3a3cf6925472bad91,2026-05-03,19:41,points,19.5,1400.0,,True,draftkings,2026-05-03T22:12:43.504916
Wendell Carter Jr,,,be60e6f50fc77fc3a3cf6925472bad91,2026-05-03,19:41,points,14.5,900.0,,True,draftkings,2026-05-03T22:12:43.504918
Jalen Suggs,,,be60e6f50fc77fc3a3cf6925472bad91,2026-05-03,19:41,points,7.5,340.0,,True,draftkings,2026-05-03T22:12:43.504920
Jalen Suggs,,,be60e6f50fc77fc3a3cf6925472bad91,2026-05-03,19:41,points,9.5,1700.0,,True,draftkings,2026-05-03T22:12:43.504922
Paolo Banchero,,,be60e6f50fc77fc3a3cf6925472bad91,2026-05-03,19:41,rebounds,10.5,235.0,,True,draftkings,2026-05-03T22:12:43.504930
Paolo Banchero,,,be60e6f50fc77fc3a3cf6925472bad91,2026-05-03,19:41,rebounds,11.5,800.0,,True,draftkings,2026-05-03T22:12:43.504932
Paolo Banchero,,,be60e6f50fc77fc3a3cf6925472bad91,2026-05-03,19:41,rebounds,12.5,2000.0,,True,draftkings,2026-05-03T22:12:43.504934
Anthony Black,,,be60e6f50fc77fc3a3cf6925472bad91,2026-05-03,19:41,rebounds,6.5,600.0,,True,draftkings,2026-05-03T22:12:43.504936
Anthony Black,,,be60e6f50fc77fc3a3cf6925472bad91,2026-05-03,19:41,rebounds,7.5,1800.0,,True,draftkings,2026-05-03T22:12:43.504938
Wendell Carter Jr,,,be60e6f50fc77fc3a3cf6925472bad91,2026-05-03,19:41,rebounds,5.5,550.0,,True,draftkings,2026-05-03T22:12:43.504940
Wendell Carter Jr,,,be60e6f50fc77fc3a3cf6925472bad91,2026-05-03,19:41,rebounds,6.5,1800.0,,True,draftkings,2026-05-03T22:12:43.504941
Jalen Suggs,,,be60e6f50fc77fc3a3cf6925472bad91,2026-05-03,19:41,rebounds,5.5,900.0,,True,draftkings,2026-05-03T22:12:43.504943
Desmond Bane,,,be60e6f50fc77fc3a3cf6925472bad91,2026-05-03,19:41,rebounds,4.5,1100.0,,True,draftkings,2026-05-03T22:12:43.504945
Paolo Banchero,,,be60e6f50fc77fc3a3cf6925472bad91,2026-05-03,19:41,threes,4.5,400.0,,True,draftkings,2026-05-03T22:12:43.504952
Paolo Banchero,,,be60e6f50fc77fc3a3cf6925472bad91,2026-05-03,19:41,threes,5.5,2200.0,,True,draftkings,2026-05-03T22:12:43.504954
Desmond Bane,,,be60e6f50fc77fc3a3cf6925472bad91,2026-05-03,19:41,threes,3.5,340.0,,True,draftkings,2026-05-03T22:12:43.504955
Desmond Bane,,,be60e6f50fc77fc3a3cf6925472bad91,2026-05-03,19:41,threes,4.5,1900.0,,True,draftkings,2026-05-03T22:12:43.504957
Wendell Carter Jr,,,be60e6f50fc77fc3a3cf6925472bad91,2026-05-03,19:41,threes,1.5,750.0,,True,draftkings,2026-05-03T22:12:43.504959
Jalen Suggs,,,be60e6f50fc77fc3a3cf6925472bad91,2026-05-03,19:41,threes,1.5,1800.0,,True,draftkings,2026-05-03T22:12:43.504961
Anthony Black,,,be60e6f50fc77fc3a3cf6925472bad91,2026-05-03,19:41,threes,1.5,2500.0,,True,draftkings,2026-05-03T22:12:43.504963
Scottie Barnes,,,a463f640631f8b0580966b909965de14,2026-05-03,23:40,assists,7.5,-138.0,105.0,False,draftkings,2026-05-03T22:12:43.629267
James Harden,,,a463f640631f8b0580966b909965de14,2026-05-03,23:40,assists,6.5,-145.0,110.0,False,draftkings,2026-05-03T22:12:43.629274
Jamal Shead,,,a463f640631f8b0580966b909965de14,2026-05-03,23:40,assists,5.5,-140.0,106.0,False,draftkings,2026-05-03T22:12:43.629277
Donovan Mitchell,,,a463f640631f8b0580966b909965de14,2026-05-03,23:40,assists,4.5,110.0,-145.0,False,draftkings,2026-05-03T22:12:43.629279
R.J. Barrett,,,a463f640631f8b0580966b909965de14,2026-05-03,23:40,assists,3.5,-142.0,108.0,False,draftkings,2026-05-03T22:12:43.629281
Evan Mobley,,,a463f640631f8b0580966b909965de14,2026-05-03,23:40,assists,2.5,-177.0,134.0,False,draftkings,2026-05-03T22:12:43.629283
Collin Murray-Boyles,,,a463f640631f8b0580966b909965de14,2026-05-03,23:40,assists,2.5,123.0,-162.0,False,draftkings,2026-05-03T22:12:43.629284
Dennis Schroder,,,a463f640631f8b0580966b909965de14,2026-05-03,23:40,assists,2.5,142.0,-188.0,False,draftkings,2026-05-03T22:12:43.629286
Max Strus,,,a463f640631f8b0580966b909965de14,2026-05-03,23:40,assists,1.5,-173.0,131.0,False,draftkings,2026-05-03T22:12:43.629288
Ja'Kobe Walter,,,a463f640631f8b0580966b909965de14,2026-05-03,23:40,assists,1.5,-113.0,-117.0,False,draftkings,2026-05-03T22:12:43.629290
Jakob Poeltl,,,a463f640631f8b0580966b909965de14,2026-05-03,23:40,assists,1.5,106.0,-140.0,False,draftkings,2026-05-03T22:12:43.629291
Jarrett Allen,,,a463f640631f8b0580966b909965de14,2026-05-03,23:40,assists,1.5,154.0,-205.0,False,draftkings,2026-05-03T22:12:43.629293
Scottie Barnes,,,a463f640631f8b0580966b909965de14,2026-05-03,23:40,assists,3.5,-2700.0,,True,draftkings,2026-05-03T22:12:43.629368
Scottie Barnes,,,a463f640631f8b0580966b909965de14,2026-05-03,23:40,assists,4.5,-940.0,,True,draftkings,2026-05-03T22:12:43.629371
Scottie Barnes,,,a463f640631f8b0580966b909965de14,2026-05-03,23:40,assists,5.5,-449.0,,True,draftkings,2026-05-03T22:12:43.629375
Scottie Barnes,,,a463f640631f8b0580966b909965de14,2026-05-03,23:40,assists,6.5,-241.0,,True,draftkings,2026-05-03T22:12:43.629377
Scottie Barnes,,,a463f640631f8b0580966b909965de14,2026-05-03,23:40,assists,7.5,-139.0,,True,draftkings,2026-05-03T22:12:43.629378
Scottie Barnes,,,a463f640631f8b0580966b909965de14,2026-05-03,23:40,assists,8.5,118.0,,True,draftkings,2026-05-03T22:12:43.629380
Scottie Barnes,,,a463f640631f8b0580966b909965de14,2026-05-03,23:40,assists,9.5,193.0,,True,draftkings,2026-05-03T22:12:43.629382
Scottie Barnes,,,a463f640631f8b0580966b909965de14,2026-05-03,23:40,assists,10.5,313.0,,True,draftkings,2026-05-03T22:12:43.629384
Scottie Barnes,,,a463f640631f8b0580966b909965de14,2026-05-03,23:40,assists,11.5,503.0,,True,draftkings,2026-05-03T22:12:43.629386
Scottie Barnes,,,a463f640631f8b0580966b909965de14,2026-05-03,23:40,assists,12.5,800.0,,True,draftkings,2026-05-03T22:12:43.629387
Scottie Barnes,,,a463f640631f8b0580966b909965de14,2026-05-03,23:40,assists,13.5,1240.0,,True,draftkings,2026-05-03T22:12:43.629389
Scottie Barnes,,,a463f640631f8b0580966b909965de14,2026-05-03,23:40,assists,14.5,1860.0,,True,draftkings,2026-05-03T22:12:43.629391
Scottie Barnes,,,a463f640631f8b0580966b909965de14,2026-05-03,23:40,assists,15.5,2700.0,,True,draftkings,2026-05-03T22:12:43.629392
James Harden,,,a463f640631f8b0580966b909965de14,2026-05-03,23:40,assists,3.5,-1520.0,,True,draftkings,2026-05-03T22:12:43.629394
James Harden,,,a463f640631f8b0580966b909965de14,2026-05-03,23:40,assists,4.5,-580.0,,True,draftkings,2026-05-03T22:12:43.629396
James Harden,,,a463f640631f8b0580966b909965de14,2026-05-03,23:40,assists,5.5,-277.0,,True,draftkings,2026-05-03T22:12:43.629398
James Harden,,,a463f640631f8b0580966b909965de14,2026-05-03,23:40,assists,6.5,-147.0,,True,draftkings,2026-05-03T22:12:43.629399
James Harden,,,a463f640631f8b0580966b909965de14,2026-05-03,23:40,assists,7.5,121.0,,True,draftkings,2026-05-03T22:12:43.629401
James Harden,,,a463f640631f8b0580966b909965de14,2026-05-03,23:40,assists,8.5,217.0,,True,draftkings,2026-05-03T22:12:43.629403
James Harden,,,a463f640631f8b0580966b909965de14,2026-05-03,23:40,assists,9.5,387.0,,True,draftkings,2026-05-03T22:12:43.629404
James Harden,,,a463f640631f8b0580966b909965de14,2026-05-03,23:40,assists,10.5,670.0,,True,draftkings,2026-05-03T22:12:43.629406
James Harden,,,a463f640631f8b0580966b909965de14,2026-05-03,23:40,assists,11.5,1120.0,,True,draftkings,2026-05-03T22:12:43.629408
James Harden,,,a463f640631f8b0580966b909965de14,2026-05-03,23:40,assists,12.5,1820.0,,True,draftkings,2026-05-03T22:12:43.629410
James Harden,,,a463f640631f8b0580966b909965de14,2026-05-03,23:40,assists,13.5,2600.0,,True,draftkings,2026-05-03T22:12:43.629413
Jamal Shead,,,a463f640631f8b0580966b909965de14,2026-05-03,23:40,assists,2.5,-2200.0,,True,draftkings,2026-05-03T22:12:43.629415
Jamal Shead,,,a463f640631f8b0580966b909965de14,2026-05-03,23:40,assists,3.5,-650.0,,True,draftkings,2026-05-03T22:12:43.629416
Jamal Shead,,,a463f640631f8b0580966b909965de14,2026-05-03,23:40,assists,4.5,-284.0,,True,draftkings,2026-05-03T22:12:43.629418
Jamal Shead,,,a463f640631f8b0580966b909965de14,2026-05-03,23:40,assists,5.5,-142.0,,True,draftkings,2026-05-03T22:12:43.629420
Jamal Shead,,,a463f640631f8b0580966b909965de14,2026-05-03,23:40,assists,6.5,129.0,,True,draftkings,2026-05-03T22:12:43.629422
Jamal Shead,,,a463f640631f8b0580966b909965de14,2026-05-03,23:40,assists,7.5,228.0,,True,draftkings,2026-05-03T22:12:43.629423
Jamal Shead,,,a463f640631f8b0580966b909965de14,2026-05-03,23:40,assists,8.5,396.0,,True,draftkings,2026-05-03T22:12:43.629427
Jamal Shead,,,a463f640631f8b0580966b909965de14,2026-05-03,23:40,assists,9.5,690.0,,True,draftkings,2026-05-03T22:12:43.629428
Jamal Shead,,,a463f640631f8b0580966b909965de14,2026-05-03,23:40,assists,10.5,1120.0,,True,draftkings,2026-05-03T22:12:43.629430
Jamal Shead,,,a463f640631f8b0580966b909965de14,2026-05-03,23:40,assists,11.5,1780.0,,True,draftkings,2026-05-03T22:12:43.629432
Jamal Shead,,,a463f640631f8b0580966b909965de14,2026-05-03,23:40,assists,12.5,2500.0,,True,draftkings,2026-05-03T22:12:43.629433
Donovan Mitchell,,,a463f640631f8b0580966b909965de14,2026-05-03,23:40,assists,2.5,-508.0,,True,draftkings,2026-05-03T22:12:43.629435
Donovan Mitchell,,,a463f640631f8b0580966b909965de14,2026-05-03,23:40,assists,3.5,-196.0,,True,draftkings,2026-05-03T22:12:43.629437
Donovan Mitchell,,,a463f640631f8b0580966b909965de14,2026-05-03,23:40,assists,4.5,111.0,,True,draftkings,2026-05-03T22:12:43.629439
Donovan Mitchell,,,a463f640631f8b0580966b909965de14,2026-05-03,23:40,assists,5.5,229.0,,True,draftkings,2026-05-03T22:12:43.629440
Donovan Mitchell,,,a463f640631f8b0580966b909965de14,2026-05-03,23:40,assists,6.5,457.0,,True,draftkings,2026-05-03T22:12:43.629442
Donovan Mitchell,,,a463f640631f8b0580966b909965de14,2026-05-03,23:40,assists,7.5,880.0,,True,draftkings,2026-05-03T22:12:43.629444
Donovan Mitchell,,,a463f640631f8b0580966b909965de14,2026-05-03,23:40,assists,8.5,1600.0,,True,draftkings,2026-05-03T22:12:43.629445
Donovan Mitchell,,,a463f640631f8b0580966b909965de14,2026-05-03,23:40,assists,9.5,2600.0,,True,draftkings,2026-05-03T22:12:43.629447
R.J. Barrett,,,a463f640631f8b0580966b909965de14,2026-05-03,23:40,assists,2.5,-332.0,,True,draftkings,2026-05-03T22:12:43.629449
R.J. Barrett,,,a463f640631f8b0580966b909965de14,2026-05-03,23:40,assists,3.5,-141.0,,True,draftkings,2026-05-03T22:12:43.629451
R.J. Barrett,,,a463f640631f8b0580966b909965de14,2026-05-03,23:40,assists,4.5,151.0,,True,draftkings,2026-05-03T22:12:43.629452
R.J. Barrett,,,a463f640631f8b0580966b909965de14,2026-05-03,23:40,assists,5.5,302.0,,True,draftkings,2026-05-03T22:12:43.629454
R.J. Barrett,,,a463f640631f8b0580966b909965de14,2026-05-03,23:40,assists,6.5,594.0,,True,draftkings,2026-05-03T22:12:43.629456
R.J. Barrett,,,a463f640631f8b0580966b909965de14,2026-05-03,23:40,assists,7.5,1100.0,,True,draftkings,2026-05-03T22:12:43.629457
R.J. Barrett,,,a463f640631f8b0580966b909965de14,2026-05-03,23:40,assists,8.5,1980.0,,True,draftkings,2026-05-03T22:12:43.629459
R.J. Barrett,,,a463f640631f8b0580966b909965de14,2026-05-03,23:40,assists,9.5,2900.0,,True,draftkings,2026-05-03T22:12:43.629461
Evan Mobley,,,a463f640631f8b0580966b909965de14,2026-05-03,23:40,assists,2.5,-176.0,,True,draftkings,2026-05-03T22:12:43.629462
Evan Mobley,,,a463f640631f8b0580966b909965de14,2026-05-03,23:40,assists,3.5,140.0,,True,draftkings,2026-05-03T22:12:43.629464
Evan Mobley,,,a463f640631f8b0580966b909965de14,2026-05-03,23:40,assists,4.5,315.0,,True,draftkings,2026-05-03T22:12:43.629468
Evan Mobley,,,a463f640631f8b0580966b909965de14,2026-05-03,23:40,assists,5.5,690.0,,True,draftkings,2026-05-03T22:12:43.629469
Evan Mobley,,,a463f640631f8b0580966b909965de14,2026-05-03,23:40,assists,6.5,1420.0,,True,draftkings,2026-05-03T22:12:43.629473
Evan Mobley,,,a463f640631f8b0580966b909965de14,2026-05-03,23:40,assists,7.5,2500.0,,True,draftkings,2026-05-03T22:12:43.629475
Dennis Schroder,,,a463f640631f8b0580966b909965de14,2026-05-03,23:40,assists,2.5,142.0,,True,draftkings,2026-05-03T22:12:43.629477
Dennis Schroder,,,a463f640631f8b0580966b909965de14,2026-05-03,23:40,assists,3.5,328.0,,True,draftkings,2026-05-03T22:12:43.629478
Dennis Schroder,,,a463f640631f8b0580966b909965de14,2026-05-03,23:40,assists,4.5,720.0,,True,draftkings,2026-05-03T22:12:43.629480
Dennis Schroder,,,a463f640631f8b0580966b909965de14,2026-05-03,23:40,assists,5.5,1400.0,,True,draftkings,2026-05-03T22:12:43.629482
Dennis Schroder,,,a463f640631f8b0580966b909965de14,2026-05-03,23:40,assists,6.5,2400.0,,True,draftkings,2026-05-03T22:12:43.629483
Collin Murray-Boyles,,,a463f640631f8b0580966b909965de14,2026-05-03,23:40,assists,2.5,125.0,,True,draftkings,2026-05-03T22:12:43.629485
Collin Murray-Boyles,,,a463f640631f8b0580966b909965de14,2026-05-03,23:40,assists,3.5,310.0,,True,draftkings,2026-05-03T22:12:43.629487
Collin Murray-Boyles,,,a463f640631f8b0580966b909965de14,2026-05-03,23:40,assists,4.5,730.0,,True,draftkings,2026-05-03T22:12:43.629489
Collin Murray-Boyles,,,a463f640631f8b0580966b909965de14,2026-05-03,23:40,assists,5.5,1540.0,,True,draftkings,2026-05-03T22:12:43.629491
Collin Murray-Boyles,,,a463f640631f8b0580966b909965de14,2026-05-03,23:40,assists,6.5,2800.0,,True,draftkings,2026-05-03T22:12:43.629492
Max Strus,,,a463f640631f8b0580966b909965de14,2026-05-03,23:40,assists,1.5,-169.0,,True,draftkings,2026-05-03T22:12:43.629494
Max Strus,,,a463f640631f8b0580966b909965de14,2026-05-03,23:40,assists,2.5,181.0,,True,draftkings,2026-05-03T22:12:43.629496
Max Strus,,,a463f640631f8b0580966b909965de14,2026-05-03,23:40,assists,3.5,483.0,,True,draftkings,2026-05-03T22:12:43.629497
Max Strus,,,a463f640631f8b0580966b909965de14,2026-05-03,23:40,assists,4.5,1120.0,,True,draftkings,2026-05-03T22:12:43.629499
Max Strus,,,a463f640631f8b0580966b909965de14,2026-05-03,23:40,assists,5.5,2300.0,,True,draftkings,2026-05-03T22:12:43.629501
Ja'Kobe Walter,,,a463f640631f8b0580966b909965de14,2026-05-03,23:40,assists,1.5,-113.0,,True,draftkings,2026-05-03T22:12:43.629503
Ja'Kobe Walter,,,a463f640631f8b0580966b909965de14,2026-05-03,23:40,assists,2.5,264.0,,True,draftkings,2026-05-03T22:12:43.629504
Ja'Kobe Walter,,,a463f640631f8b0580966b909965de14,2026-05-03,23:40,assists,3.5,710.0,,True,draftkings,2026-05-03T22:12:43.629506
Ja'Kobe Walter,,,a463f640631f8b0580966b909965de14,2026-05-03,23:40,assists,4.5,1620.0,,True,draftkings,2026-05-03T22:12:43.629508
Jakob Poeltl,,,a463f640631f8b0580966b909965de14,2026-05-03,23:40,assists,1.5,108.0,,True,draftkings,2026-05-03T22:12:43.629509
Jakob Poeltl,,,a463f640631f8b0580966b909965de14,2026-05-03,23:40,assists,2.5,333.0,,True,draftkings,2026-05-03T22:12:43.629511
Jakob Poeltl,,,a463f640631f8b0580966b909965de14,2026-05-03,23:40,assists,3.5,880.0,,True,draftkings,2026-05-03T22:12:43.629513
Jakob Poeltl,,,a463f640631f8b0580966b909965de14,2026-05-03,23:40,assists,4.5,1980.0,,True,draftkings,2026-05-03T22:12:43.629515
Sandro Mamukelashvili,,,a463f640631f8b0580966b909965de14,2026-05-03,23:40,assists,1.5,152.0,,True,draftkings,2026-05-03T22:12:43.629516
Sandro Mamukelashvili,,,a463f640631f8b0580966b909965de14,2026-05-03,23:40,assists,2.5,452.0,,True,draftkings,2026-05-03T22:12:43.629518
Sandro Mamukelashvili,,,a463f640631f8b0580966b909965de14,2026-05-03,23:40,assists,3.5,1140.0,,True,draftkings,2026-05-03T22:12:43.629520
Sandro Mamukelashvili,,,a463f640631f8b0580966b909965de14,2026-05-03,23:40,assists,4.5,2400.0,,True,draftkings,2026-05-03T22:12:43.629521
Jaylon Tyson,,,a463f640631f8b0580966b909965de14,2026-05-03,23:40,assists,1.5,166.0,,True,draftkings,2026-05-03T22:12:43.629523
Jaylon Tyson,,,a463f640631f8b0580966b909965de14,2026-05-03,23:40,assists,2.5,506.0,,True,draftkings,2026-05-03T22:12:43.629525
Jaylon Tyson,,,a463f640631f8b0580966b909965de14,2026-05-03,23:40,assists,3.5,1320.0,,True,draftkings,2026-05-03T22:12:43.629528
Jaylon Tyson,,,a463f640631f8b0580966b909965de14,2026-05-03,23:40,assists,4.5,2600.0,,True,draftkings,2026-05-03T22:12:43.629530
Sam Merrill,,,a463f640631f8b0580966b909965de14,2026-05-03,23:40,assists,1.5,150.0,,True,draftkings,2026-05-03T22:12:43.629531
Sam Merrill,,,a463f640631f8b0580966b909965de14,2026-05-03,23:40,assists,2.5,466.0,,True,draftkings,2026-05-03T22:12:43.629533
Sam Merrill,,,a463f640631f8b0580966b909965de14,2026-05-03,23:40,assists,3.5,1240.0,,True,draftkings,2026-05-03T22:12:43.629535
Sam Merrill,,,a463f640631f8b0580966b909965de14,2026-05-03,23:40,assists,4.5,2600.0,,True,draftkings,2026-05-03T22:12:43.629537
Jarrett Allen,,,a463f640631f8b0580966b909965de14,2026-05-03,23:40,assists,1.5,156.0,,True,draftkings,2026-05-03T22:12:43.629538
Jarrett Allen,,,a463f640631f8b0580966b909965de14,2026-05-03,23:40,assists,2.5,517.0,,True,draftkings,2026-05-03T22:12:43.629542
Jarrett Allen,,,a463f640631f8b0580966b909965de14,2026-05-03,23:40,assists,3.5,1480.0,,True,draftkings,2026-05-03T22:12:43.629543
Dean Wade,,,a463f640631f8b0580966b909965de14,2026-05-03,23:40,assists,0.5,-156.0,,True,draftkings,2026-05-03T22:12:43.629545
Dean Wade,,,a463f640631f8b0580966b909965de14,2026-05-03,23:40,assists,2.5,1000.0,,True,draftkings,2026-05-03T22:12:43.629547
Dean Wade,,,a463f640631f8b0580966b909965de14,2026-05-03,23:40,assists,3.5,2500.0,,True,draftkings,2026-05-03T22:12:43.629548
Jamison Battle,,,a463f640631f8b0580966b909965de14,2026-05-03,23:40,assists,0.5,-151.0,,True,draftkings,2026-05-03T22:12:43.629550
Jamison Battle,,,a463f640631f8b0580966b909965de14,2026-05-03,23:40,assists,2.5,1000.0,,True,draftkings,2026-05-03T22:12:43.629552
Jamison Battle,,,a463f640631f8b0580966b909965de14,2026-05-03,23:40,assists,3.5,2500.0,,True,draftkings,2026-05-03T22:12:43.629553
Donovan Mitchell,,,a463f640631f8b0580966b909965de14,2026-05-03,23:40,points,25.5,-110.0,-116.0,False,draftkings,2026-05-03T22:12:43.629619
R.J. Barrett,,,a463f640631f8b0580966b909965de14,2026-05-03,23:40,points,23.5,-110.0,-116.0,False,draftkings,2026-05-03T22:12:43.629626
Scottie Barnes,,,a463f640631f8b0580966b909965de14,2026-05-03,23:40,points,21.5,-109.0,-117.0,False,draftkings,2026-05-03T22:12:43.629630
James Harden,,,a463f640631f8b0580966b909965de14,2026-05-03,23:40,points,19.5,-109.0,-116.0,False,draftkings,2026-05-03T22:12:43.629638
Evan Mobley,,,a463f640631f8b0580966b909965de14,2026-05-03,23:40,points,16.5,101.0,-128.0,False,draftkings,2026-05-03T22:12:43.629643
Collin Murray-Boyles,,,a463f640631f8b0580966b909965de14,2026-05-03,23:40,points,12.5,-122.0,-105.0,False,draftkings,2026-05-03T22:12:43.629647
Ja'Kobe Walter,,,a463f640631f8b0580966b909965de14,2026-05-03,23:40,points,11.5,-106.0,-120.0,False,draftkings,2026-05-03T22:12:43.629649
Jarrett Allen,,,a463f640631f8b0580966b909965de14,2026-05-03,23:40,points,10.5,-128.0,100.0,False,draftkings,2026-05-03T22:12:43.629651
Jamal Shead,,,a463f640631f8b0580966b909965de14,2026-05-03,23:40,points,8.5,-129.0,101.0,False,draftkings,2026-05-03T22:12:43.629653
Max Strus,,,a463f640631f8b0580966b909965de14,2026-05-03,23:40,points,8.5,-106.0,-120.0,False,draftkings,2026-05-03T22:12:43.629654
Jakob Poeltl,,,a463f640631f8b0580966b909965de14,2026-05-03,23:40,points,6.5,-122.0,-104.0,False,draftkings,2026-05-03T22:12:43.629656
Jaylon Tyson,,,a463f640631f8b0580966b909965de14,2026-05-03,23:40,points,6.5,103.0,-132.0,False,draftkings,2026-05-03T22:12:43.629658
Dennis Schroder,,,a463f640631f8b0580966b909965de14,2026-05-03,23:40,points,5.5,-129.0,101.0,False,draftkings,2026-05-03T22:12:43.629660
Sam Merrill,,,a463f640631f8b0580966b909965de14,2026-05-03,23:40,points,5.5,-126.0,-101.0,False,draftkings,2026-05-03T22:12:43.629661
Sandro Mamukelashvili,,,a463f640631f8b0580966b909965de14,2026-05-03,23:40,points,5.5,-123.0,-104.0,False,draftkings,2026-05-03T22:12:43.629663
Dean Wade,,,a463f640631f8b0580966b909965de14,2026-05-03,23:40,points,4.5,-129.0,101.0,False,draftkings,2026-05-03T22:12:43.629665
Donovan Mitchell,,,a463f640631f8b0580966b909965de14,2026-05-03,23:40,points,14.5,-1840.0,,True,draftkings,2026-05-03T22:12:43.629735
Donovan Mitchell,,,a463f640631f8b0580966b909965de14,2026-05-03,23:40,points,17.5,-700.0,,True,draftkings,2026-05-03T22:12:43.629737
Donovan Mitchell,,,a463f640631f8b0580966b909965de14,2026-05-03,23:40,points,19.5,-404.0,,True,draftkings,2026-05-03T22:12:43.629740
Donovan Mitchell,,,a463f640631f8b0580966b909965de14,2026-05-03,23:40,points,24.5,-133.0,,True,draftkings,2026-05-03T22:12:43.629742
Donovan Mitchell,,,a463f640631f8b0580966b909965de14,2026-05-03,23:40,points,25.5,-110.0,,True,draftkings,2026-05-03T22:12:43.629744
Donovan Mitchell,,,a463f640631f8b0580966b909965de14,2026-05-03,23:40,points,29.5,198.0,,True,draftkings,2026-05-03T22:12:43.629745
Donovan Mitchell,,,a463f640631f8b0580966b909965de14,2026-05-03,23:40,points,34.5,517.0,,True,draftkings,2026-05-03T22:12:43.629747
Donovan Mitchell,,,a463f640631f8b0580966b909965de14,2026-05-03,23:40,points,39.5,1300.0,,True,draftkings,2026-05-03T22:12:43.629749
Donovan Mitchell,,,a463f640631f8b0580966b909965de14,2026-05-03,23:40,points,44.5,2800.0,,True,draftkings,2026-05-03T22:12:43.629751
R.J. Barrett,,,a463f640631f8b0580966b909965de14,2026-05-03,23:40,points,11.5,-2300.0,,True,draftkings,2026-05-03T22:12:43.629752
R.J. Barrett,,,a463f640631f8b0580966b909965de14,2026-05-03,23:40,points,14.5,-820.0,,True,draftkings,2026-05-03T22:12:43.629754
R.J. Barrett,,,a463f640631f8b0580966b909965de14,2026-05-03,23:40,points,17.5,-379.0,,True,draftkings,2026-05-03T22:12:43.629756
R.J. Barrett,,,a463f640631f8b0580966b909965de14,2026-05-03,23:40,points,19.5,-241.0,,True,draftkings,2026-05-03T22:12:43.629757
R.J. Barrett,,,a463f640631f8b0580966b909965de14,2026-05-03,23:40,points,23.5,-109.0,,True,draftkings,2026-05-03T22:12:43.629759
R.J. Barrett,,,a463f640631f8b0580966b909965de14,2026-05-03,23:40,points,24.5,111.0,,True,draftkings,2026-05-03T22:12:43.629761
R.J. Barrett,,,a463f640631f8b0580966b909965de14,2026-05-03,23:40,points,29.5,282.0,,True,draftkings,2026-05-03T22:12:43.629762
R.J. Barrett,,,a463f640631f8b0580966b909965de14,2026-05-03,23:40,points,34.5,690.0,,True,draftkings,2026-05-03T22:12:43.629764
R.J. Barrett,,,a463f640631f8b0580966b909965de14,2026-05-03,23:40,points,39.5,1680.0,,True,draftkings,2026-05-03T22:12:43.629766
Scottie Barnes,,,a463f640631f8b0580966b909965de14,2026-05-03,23:40,points,9.5,-3700.0,,True,draftkings,2026-05-03T22:12:43.629767
Scottie Barnes,,,a463f640631f8b0580966b909965de14,2026-05-03,23:40,points,11.5,-1460.0,,True,draftkings,2026-05-03T22:12:43.629769
Scottie Barnes,,,a463f640631f8b0580966b909965de14,2026-05-03,23:40,points,14.5,-536.0,,True,draftkings,2026-05-03T22:12:43.629771
Scottie Barnes,,,a463f640631f8b0580966b909965de14,2026-05-03,23:40,points,17.5,-254.0,,True,draftkings,2026-05-03T22:12:43.629773
Scottie Barnes,,,a463f640631f8b0580966b909965de14,2026-05-03,23:40,points,19.5,-164.0,,True,draftkings,2026-05-03T22:12:43.629774
Scottie Barnes,,,a463f640631f8b0580966b909965de14,2026-05-03,23:40,points,21.5,-110.0,,True,draftkings,2026-05-03T22:12:43.629776
Scottie Barnes,,,a463f640631f8b0580966b909965de14,2026-05-03,23:40,points,24.5,163.0,,True,draftkings,2026-05-03T22:12:43.629778
Scottie Barnes,,,a463f640631f8b0580966b909965de14,2026-05-03,23:40,points,29.5,430.0,,True,draftkings,2026-05-03T22:12:43.629779
Scottie Barnes,,,a463f640631f8b0580966b909965de14,2026-05-03,23:40,points,34.5,1100.0,,True,draftkings,2026-05-03T22:12:43.629781
Scottie Barnes,,,a463f640631f8b0580966b909965de14,2026-05-03,23:40,points,39.5,2500.0,,True,draftkings,2026-05-03T22:12:43.629783
James Harden,,,a463f640631f8b0580966b909965de14,2026-05-03,23:40,points,9.5,-1960.0,,True,draftkings,2026-05-03T22:12:43.629784
James Harden,,,a463f640631f8b0580966b909965de14,2026-05-03,23:40,points,11.5,-860.0,,True,draftkings,2026-05-03T22:12:43.629786
James Harden,,,a463f640631f8b0580966b909965de14,2026-05-03,23:40,points,14.5,-351.0,,True,draftkings,2026-05-03T22:12:43.629788
James Harden,,,a463f640631f8b0580966b909965de14,2026-05-03,23:40,points,17.5,-170.0,,True,draftkings,2026-05-03T22:12:43.629789
James Harden,,,a463f640631f8b0580966b909965de14,2026-05-03,23:40,points,19.5,-109.0,,True,draftkings,2026-05-03T22:12:43.629791
James Harden,,,a463f640631f8b0580966b909965de14,2026-05-03,23:40,points,24.5,260.0,,True,draftkings,2026-05-03T22:12:43.629793
James Harden,,,a463f640631f8b0580966b909965de14,2026-05-03,23:40,points,29.5,700.0,,True,draftkings,2026-05-03T22:12:43.629811
James Harden,,,a463f640631f8b0580966b909965de14,2026-05-03,23:40,points,34.5,1760.0,,True,draftkings,2026-05-03T22:12:43.629813
Evan Mobley,,,a463f640631f8b0580966b909965de14,2026-05-03,23:40,points,7.5,-2400.0,,True,draftkings,2026-05-03T22:12:43.629815
Evan Mobley,,,a463f640631f8b0580966b909965de14,2026-05-03,23:40,points,9.5,-860.0,,True,draftkings,2026-05-03T22:12:43.629816
Evan Mobley,,,a463f640631f8b0580966b909965de14,2026-05-03,23:40,points,11.5,-414.0,,True,draftkings,2026-05-03T22:12:43.629818
Evan Mobley,,,a463f640631f8b0580966b909965de14,2026-05-03,23:40,points,14.5,-169.0,,True,draftkings,2026-05-03T22:12:43.629822
Evan Mobley,,,a463f640631f8b0580966b909965de14,2026-05-03,23:40,points,16.5,101.0,,True,draftkings,2026-05-03T22:12:43.629824
Evan Mobley,,,a463f640631f8b0580966b909965de14,2026-05-03,23:40,points,17.5,128.0,,True,draftkings,2026-05-03T22:12:43.629825
Evan Mobley,,,a463f640631f8b0580966b909965de14,2026-05-03,23:40,points,19.5,209.0,,True,draftkings,2026-05-03T22:12:43.629829
Evan Mobley,,,a463f640631f8b0580966b909965de14,2026-05-03,23:40,points,24.5,690.0,,True,draftkings,2026-05-03T22:12:43.629831
Evan Mobley,,,a463f640631f8b0580966b909965de14,2026-05-03,23:40,points,29.5,2000.0,,True,draftkings,2026-05-03T22:12:43.629832
Collin Murray-Boyles,,,a463f640631f8b0580966b909965de14,2026-05-03,23:40,points,5.5,-2400.0,,True,draftkings,2026-05-03T22:12:43.629834
Collin Murray-Boyles,,,a463f640631f8b0580966b909965de14,2026-05-03,23:40,points,7.5,-730.0,,True,draftkings,2026-05-03T22:12:43.629836
Collin Murray-Boyles,,,a463f640631f8b0580966b909965de14,2026-05-03,23:40,points,9.5,-328.0,,True,draftkings,2026-05-03T22:12:43.629837
Collin Murray-Boyles,,,a463f640631f8b0580966b909965de14,2026-05-03,23:40,points,11.5,-168.0,,True,draftkings,2026-05-03T22:12:43.629839
Collin Murray-Boyles,,,a463f640631f8b0580966b909965de14,2026-05-03,23:40,points,12.5,-122.0,,True,draftkings,2026-05-03T22:12:43.629841
Collin Murray-Boyles,,,a463f640631f8b0580966b909965de14,2026-05-03,23:40,points,14.5,144.0,,True,draftkings,2026-05-03T22:12:43.629843
Collin Murray-Boyles,,,a463f640631f8b0580966b909965de14,2026-05-03,23:40,points,17.5,315.0,,True,draftkings,2026-05-03T22:12:43.629844
Collin Murray-Boyles,,,a463f640631f8b0580966b909965de14,2026-05-03,23:40,points,19.5,540.0,,True,draftkings,2026-05-03T22:12:43.629846
Collin Murray-Boyles,,,a463f640631f8b0580966b909965de14,2026-05-03,23:40,points,24.5,1720.0,,True,draftkings,2026-05-03T22:12:43.629848
Ja'Kobe Walter,,,a463f640631f8b0580966b909965de14,2026-05-03,23:40,points,5.5,-820.0,,True,draftkings,2026-05-03T22:12:43.629849
Ja'Kobe Walter,,,a463f640631f8b0580966b909965de14,2026-05-03,23:40,points,7.5,-372.0,,True,draftkings,2026-05-03T22:12:43.629851
Ja'Kobe Walter,,,a463f640631f8b0580966b909965de14,2026-05-03,23:40,points,9.5,-186.0,,True,draftkings,2026-05-03T22:12:43.629853
Ja'Kobe Walter,,,a463f640631f8b0580966b909965de14,2026-05-03,23:40,points,11.5,-105.0,,True,draftkings,2026-05-03T22:12:43.629854
Ja'Kobe Walter,,,a463f640631f8b0580966b909965de14,2026-05-03,23:40,points,14.5,209.0,,True,draftkings,2026-05-03T22:12:43.629856
Ja'Kobe Walter,,,a463f640631f8b0580966b909965de14,2026-05-03,23:40,points,17.5,430.0,,True,draftkings,2026-05-03T22:12:43.629858
Ja'Kobe Walter,,,a463f640631f8b0580966b909965de14,2026-05-03,23:40,points,19.5,700.0,,True,draftkings,2026-05-03T22:12:43.629859
Ja'Kobe Walter,,,a463f640631f8b0580966b909965de14,2026-05-03,23:40,points,24.5,1960.0,,True,draftkings,2026-05-03T22:12:43.629861
Jarrett Allen,,,a463f640631f8b0580966b909965de14,2026-05-03,23:40,points,5.5,-1260.0,,True,draftkings,2026-05-03T22:12:43.629863
Jarrett Allen,,,a463f640631f8b0580966b909965de14,2026-05-03,23:40,points,7.5,-429.0,,True,draftkings,2026-05-03T22:12:43.629864
Jarrett Allen,,,a463f640631f8b0580966b909965de14,2026-05-03,23:40,points,9.5,-191.0,,True,draftkings,2026-05-03T22:12:43.629866
Jarrett Allen,,,a463f640631f8b0580966b909965de14,2026-05-03,23:40,points,10.5,-128.0,,True,draftkings,2026-05-03T22:12:43.629869
Jarrett Allen,,,a463f640631f8b0580966b909965de14,2026-05-03,23:40,points,11.5,103.0,,True,draftkings,2026-05-03T22:12:43.629871
Jarrett Allen,,,a463f640631f8b0580966b909965de14,2026-05-03,23:40,points,14.5,271.0,,True,draftkings,2026-05-03T22:12:43.629873
Jarrett Allen,,,a463f640631f8b0580966b909965de14,2026-05-03,23:40,points,17.5,640.0,,True,draftkings,2026-05-03T22:12:43.629874
Jarrett Allen,,,a463f640631f8b0580966b909965de14,2026-05-03,23:40,points,19.5,1120.0,,True,draftkings,2026-05-03T22:12:43.629876
Jamal Shead,,,a463f640631f8b0580966b909965de14,2026-05-03,23:40,points,5.5,-380.0,,True,draftkings,2026-05-03T22:12:43.629878
Jamal Shead,,,a463f640631f8b0580966b909965de14,2026-05-03,23:40,points,7.5,-179.0,,True,draftkings,2026-05-03T22:12:43.629879
Jamal Shead,,,a463f640631f8b0580966b909965de14,2026-05-03,23:40,points,8.5,-129.0,,True,draftkings,2026-05-03T22:12:43.629881
Jamal Shead,,,a463f640631f8b0580966b909965de14,2026-05-03,23:40,points,9.5,106.0,,True,draftkings,2026-05-03T22:12:43.629883
Jamal Shead,,,a463f640631f8b0580966b909965de14,2026-05-03,23:40,points,11.5,187.0,,True,draftkings,2026-05-03T22:12:43.629885
Jamal Shead,,,a463f640631f8b0580966b909965de14,2026-05-03,23:40,points,14.5,421.0,,True,draftkings,2026-05-03T22:12:43.629887
Jamal Shead,,,a463f640631f8b0580966b909965de14,2026-05-03,23:40,points,17.5,910.0,,True,draftkings,2026-05-03T22:12:43.629888
Jamal Shead,,,a463f640631f8b0580966b909965de14,2026-05-03,23:40,points,19.5,1460.0,,True,draftkings,2026-05-03T22:12:43.629890
Max Strus,,,a463f640631f8b0580966b909965de14,2026-05-03,23:40,points,5.5,-309.0,,True,draftkings,2026-05-03T22:12:43.629892
Max Strus,,,a463f640631f8b0580966b909965de14,2026-05-03,23:40,points,7.5,-157.0,,True,draftkings,2026-05-03T22:12:43.629893
Max Strus,,,a463f640631f8b0580966b909965de14,2026-05-03,23:40,points,8.5,-108.0,,True,draftkings,2026-05-03T22:12:43.629895
Max Strus,,,a463f640631f8b0580966b909965de14,2026-05-03,23:40,points,9.5,132.0,,True,draftkings,2026-05-03T22:12:43.629897
Max Strus,,,a463f640631f8b0580966b909965de14,2026-05-03,23:40,points,11.5,225.0,,True,draftkings,2026-05-03T22:12:43.629898
Max Strus,,,a463f640631f8b0580966b909965de14,2026-05-03,23:40,points,14.5,507.0,,True,draftkings,2026-05-03T22:12:43.629900
Max Strus,,,a463f640631f8b0580966b909965de14,2026-05-03,23:40,points,17.5,1120.0,,True,draftkings,2026-05-03T22:12:43.629902
Max Strus,,,a463f640631f8b0580966b909965de14,2026-05-03,23:40,points,19.5,1700.0,,True,draftkings,2026-05-03T22:12:43.629903
Dennis Schroder,,,a463f640631f8b0580966b909965de14,2026-05-03,23:40,points,5.5,-126.0,,True,draftkings,2026-05-03T22:12:43.629905
Dennis Schroder,,,a463f640631f8b0580966b909965de14,2026-05-03,23:40,points,7.5,155.0,,True,draftkings,2026-05-03T22:12:43.629907
Dennis Schroder,,,a463f640631f8b0580966b909965de14,2026-05-03,23:40,points,9.5,275.0,,True,draftkings,2026-05-03T22:12:43.629908
Dennis Schroder,,,a463f640631f8b0580966b909965de14,2026-05-03,23:40,points,11.5,477.0,,True,draftkings,2026-05-03T22:12:43.629912
Dennis Schroder,,,a463f640631f8b0580966b909965de14,2026-05-03,23:40,points,14.5,1020.0,,True,draftkings,2026-05-03T22:12:43.629914
Dennis Schroder,,,a463f640631f8b0580966b909965de14,2026-05-03,23:40,points,17.5,1920.0,,True,draftkings,2026-05-03T22:12:43.629915
Dennis Schroder,,,a463f640631f8b0580966b909965de14,2026-05-03,23:40,points,19.5,2700.0,,True,draftkings,2026-05-03T22:12:43.629917
Jaylon Tyson,,,a463f640631f8b0580966b909965de14,2026-05-03,23:40,points,5.5,-137.0,,True,draftkings,2026-05-03T22:12:43.629919
Jaylon Tyson,,,a463f640631f8b0580966b909965de14,2026-05-03,23:40,points,6.5,102.0,,True,draftkings,2026-05-03T22:12:43.629920
Jaylon Tyson,,,a463f640631f8b0580966b909965de14,2026-05-03,23:40,points,7.5,137.0,,True,draftkings,2026-05-03T22:12:43.629922
Jaylon Tyson,,,a463f640631f8b0580966b909965de14,2026-05-03,23:40,points,9.5,259.0,,True,draftkings,2026-05-03T22:12:43.629924
Jaylon Tyson,,,a463f640631f8b0580966b909965de14,2026-05-03,23:40,points,11.5,460.0,,True,draftkings,2026-05-03T22:12:43.629930
Jaylon Tyson,,,a463f640631f8b0580966b909965de14,2026-05-03,23:40,points,14.5,1000.0,,True,draftkings,2026-05-03T22:12:43.629932
Jaylon Tyson,,,a463f640631f8b0580966b909965de14,2026-05-03,23:40,points,17.5,1980.0,,True,draftkings,2026-05-03T22:12:43.629934
Jaylon Tyson,,,a463f640631f8b0580966b909965de14,2026-05-03,23:40,points,19.5,2700.0,,True,draftkings,2026-05-03T22:12:43.629936
Sam Merrill,,,a463f640631f8b0580966b909965de14,2026-05-03,23:40,points,5.5,-128.0,,True,draftkings,2026-05-03T22:12:43.629937
Sam Merrill,,,a463f640631f8b0580966b909965de14,2026-05-03,23:40,points,7.5,153.0,,True,draftkings,2026-05-03T22:12:43.629939
Sam Merrill,,,a463f640631f8b0580966b909965de14,2026-05-03,23:40,points,9.5,311.0,,True,draftkings,2026-05-03T22:12:43.629941
Sam Merrill,,,a463f640631f8b0580966b909965de14,2026-05-03,23:40,points,11.5,522.0,,True,draftkings,2026-05-03T22:12:43.629942
Sam Merrill,,,a463f640631f8b0580966b909965de14,2026-05-03,23:40,points,14.5,1140.0,,True,draftkings,2026-05-03T22:12:43.629944
Sam Merrill,,,a463f640631f8b0580966b909965de14,2026-05-03,23:40,points,17.5,2200.0,,True,draftkings,2026-05-03T22:12:43.629947
Jakob Poeltl,,,a463f640631f8b0580966b909965de14,2026-05-03,23:40,points,5.5,-219.0,,True,draftkings,2026-05-03T22:12:43.629949
Jakob Poeltl,,,a463f640631f8b0580966b909965de14,2026-05-03,23:40,points,6.5,-120.0,,True,draftkings,2026-05-03T22:12:43.629951
Jakob Poeltl,,,a463f640631f8b0580966b909965de14,2026-05-03,23:40,points,7.5,105.0,,True,draftkings,2026-05-03T22:12:43.629952
Jakob Poeltl,,,a463f640631f8b0580966b909965de14,2026-05-03,23:40,points,9.5,219.0,,True,draftkings,2026-05-03T22:12:43.629954
Jakob Poeltl,,,a463f640631f8b0580966b909965de14,2026-05-03,23:40,points,11.5,436.0,,True,draftkings,2026-05-03T22:12:43.629956
Jakob Poeltl,,,a463f640631f8b0580966b909965de14,2026-05-03,23:40,points,14.5,1120.0,,True,draftkings,2026-05-03T22:12:43.629957
Jakob Poeltl,,,a463f640631f8b0580966b909965de14,2026-05-03,23:40,points,17.5,2300.0,,True,draftkings,2026-05-03T22:12:43.629959
Sandro Mamukelashvili,,,a463f640631f8b0580966b909965de14,2026-05-03,23:40,points,5.5,-124.0,,True,draftkings,2026-05-03T22:12:43.629961
Sandro Mamukelashvili,,,a463f640631f8b0580966b909965de14,2026-05-03,23:40,points,7.5,160.0,,True,draftkings,2026-05-03T22:12:43.629962
Sandro Mamukelashvili,,,a463f640631f8b0580966b909965de14,2026-05-03,23:40,points,9.5,302.0,,True,draftkings,2026-05-03T22:12:43.629964
Sandro Mamukelashvili,,,a463f640631f8b0580966b909965de14,2026-05-03,23:40,points,11.5,551.0,,True,draftkings,2026-05-03T22:12:43.629966
Sandro Mamukelashvili,,,a463f640631f8b0580966b909965de14,2026-05-03,23:40,points,14.5,1260.0,,True,draftkings,2026-05-03T22:12:43.629967
Sandro Mamukelashvili,,,a463f640631f8b0580966b909965de14,2026-05-03,23:40,points,17.5,2400.0,,True,draftkings,2026-05-03T22:12:43.629969
Jamison Battle,,,a463f640631f8b0580966b909965de14,2026-05-03,23:40,points,4.5,-142.0,,True,draftkings,2026-05-03T22:12:43.629971
Jamison Battle,,,a463f640631f8b0580966b909965de14,2026-05-03,23:40,points,5.5,112.0,,True,draftkings,2026-05-03T22:12:43.629972
Jamison Battle,,,a463f640631f8b0580966b909965de14,2026-05-03,23:40,points,7.5,225.0,,True,draftkings,2026-05-03T22:12:43.629974
Jamison Battle,,,a463f640631f8b0580966b909965de14,2026-05-03,23:40,points,9.5,465.0,,True,draftkings,2026-05-03T22:12:43.629976
Jamison Battle,,,a463f640631f8b0580966b909965de14,2026-05-03,23:40,points,11.5,860.0,,True,draftkings,2026-05-03T22:12:43.629977
Jamison Battle,,,a463f640631f8b0580966b909965de14,2026-05-03,23:40,points,14.5,1960.0,,True,draftkings,2026-05-03T22:12:43.629979
Dean Wade,,,a463f640631f8b0580966b909965de14,2026-05-03,23:40,points,4.5,-126.0,,True,draftkings,2026-05-03T22:12:43.629981
Dean Wade,,,a463f640631f8b0580966b909965de14,2026-05-03,23:40,points,5.5,128.0,,True,draftkings,2026-05-03T22:12:43.629982
Dean Wade,,,a463f640631f8b0580966b909965de14,2026-05-03,23:40,points,7.5,260.0,,True,draftkings,2026-05-03T22:12:43.629984
Dean Wade,,,a463f640631f8b0580966b909965de14,2026-05-03,23:40,points,9.5,541.0,,True,draftkings,2026-05-03T22:12:43.629987
Dean Wade,,,a463f640631f8b0580966b909965de14,2026-05-03,23:40,points,11.5,1040.0,,True,draftkings,2026-05-03T22:12:43.629989
Dean Wade,,,a463f640631f8b0580966b909965de14,2026-05-03,23:40,points,14.5,2300.0,,True,draftkings,2026-05-03T22:12:43.629991
Evan Mobley,,,a463f640631f8b0580966b909965de14,2026-05-03,23:40,rebounds,8.5,-135.0,102.0,False,draftkings,2026-05-03T22:12:43.630014
Jarrett Allen,,,a463f640631f8b0580966b909965de14,2026-05-03,23:40,rebounds,7.5,-134.0,102.0,False,draftkings,2026-05-03T22:12:43.630016
Scottie Barnes,,,a463f640631f8b0580966b909965de14,2026-05-03,23:40,rebounds,7.5,105.0,-139.0,False,draftkings,2026-05-03T22:12:43.630017
Collin Murray-Boyles,,,a463f640631f8b0580966b909965de14,2026-05-03,23:40,rebounds,6.5,-128.0,-103.0,False,draftkings,2026-05-03T22:12:43.630019
R.J. Barrett,,,a463f640631f8b0580966b909965de14,2026-05-03,23:40,rebounds,6.5,108.0,-142.0,False,draftkings,2026-05-03T22:12:43.630021
Jakob Poeltl,,,a463f640631f8b0580966b909965de14,2026-05-03,23:40,rebounds,5.5,-134.0,102.0,False,draftkings,2026-05-03T22:12:43.630022
James Harden,,,a463f640631f8b0580966b909965de14,2026-05-03,23:40,rebounds,4.5,-119.0,-110.0,False,draftkings,2026-05-03T22:12:43.630024
Donovan Mitchell,,,a463f640631f8b0580966b909965de14,2026-05-03,23:40,rebounds,4.5,111.0,-146.0,False,draftkings,2026-05-03T22:12:43.630026
Dean Wade,,,a463f640631f8b0580966b909965de14,2026-05-03,23:40,rebounds,3.5,-163.0,123.0,False,draftkings,2026-05-03T22:12:43.630029
Max Strus,,,a463f640631f8b0580966b909965de14,2026-05-03,23:40,rebounds,3.5,-144.0,109.0,False,draftkings,2026-05-03T22:12:43.630031
Ja'Kobe Walter,,,a463f640631f8b0580966b909965de14,2026-05-03,23:40,rebounds,3.5,-135.0,102.0,False,draftkings,2026-05-03T22:12:43.630033
Sandro Mamukelashvili,,,a463f640631f8b0580966b909965de14,2026-05-03,23:40,rebounds,3.5,103.0,-135.0,False,draftkings,2026-05-03T22:12:43.630035
Jaylon Tyson,,,a463f640631f8b0580966b909965de14,2026-05-03,23:40,rebounds,2.5,-118.0,-112.0,False,draftkings,2026-05-03T22:12:43.630037
Jamal Shead,,,a463f640631f8b0580966b909965de14,2026-05-03,23:40,rebounds,2.5,142.0,-189.0,False,draftkings,2026-05-03T22:12:43.630038
Sam Merrill,,,a463f640631f8b0580966b909965de14,2026-05-03,23:40,rebounds,1.5,-121.0,-108.0,False,draftkings,2026-05-03T22:12:43.630040
Evan Mobley,,,a463f640631f8b0580966b909965de14,2026-05-03,23:40,rebounds,4.5,-2100.0,,True,draftkings,2026-05-03T22:12:43.630112
Evan Mobley,,,a463f640631f8b0580966b909965de14,2026-05-03,23:40,rebounds,5.5,-790.0,,True,draftkings,2026-05-03T22:12:43.630114
Evan Mobley,,,a463f640631f8b0580966b909965de14,2026-05-03,23:40,rebounds,6.5,-404.0,,True,draftkings,2026-05-03T22:12:43.630116
Evan Mobley,,,a463f640631f8b0580966b909965de14,2026-05-03,23:40,rebounds,7.5,-226.0,,True,draftkings,2026-05-03T22:12:43.630118
Evan Mobley,,,a463f640631f8b0580966b909965de14,2026-05-03,23:40,rebounds,8.5,-134.0,,True,draftkings,2026-05-03T22:12:43.630119
Evan Mobley,,,a463f640631f8b0580966b909965de14,2026-05-03,23:40,rebounds,9.5,121.0,,True,draftkings,2026-05-03T22:12:43.630121
Evan Mobley,,,a463f640631f8b0580966b909965de14,2026-05-03,23:40,rebounds,10.5,191.0,,True,draftkings,2026-05-03T22:12:43.630123
Evan Mobley,,,a463f640631f8b0580966b909965de14,2026-05-03,23:40,rebounds,11.5,300.0,,True,draftkings,2026-05-03T22:12:43.630125
Evan Mobley,,,a463f640631f8b0580966b909965de14,2026-05-03,23:40,rebounds,12.5,462.0,,True,draftkings,2026-05-03T22:12:43.630126
Evan Mobley,,,a463f640631f8b0580966b909965de14,2026-05-03,23:40,rebounds,13.5,700.0,,True,draftkings,2026-05-03T22:12:43.630128
Evan Mobley,,,a463f640631f8b0580966b909965de14,2026-05-03,23:40,rebounds,14.5,1060.0,,True,draftkings,2026-05-03T22:12:43.630130
Evan Mobley,,,a463f640631f8b0580966b909965de14,2026-05-03,23:40,rebounds,15.5,1580.0,,True,draftkings,2026-05-03T22:12:43.630131
Evan Mobley,,,a463f640631f8b0580966b909965de14,2026-05-03,23:40,rebounds,16.5,2200.0,,True,draftkings,2026-05-03T22:12:43.630133
Evan Mobley,,,a463f640631f8b0580966b909965de14,2026-05-03,23:40,rebounds,17.5,2900.0,,True,draftkings,2026-05-03T22:12:43.630135
Jarrett Allen,,,a463f640631f8b0580966b909965de14,2026-05-03,23:40,rebounds,3.5,-2900.0,,True,draftkings,2026-05-03T22:12:43.630136
Jarrett Allen,,,a463f640631f8b0580966b909965de14,2026-05-03,23:40,rebounds,4.5,-960.0,,True,draftkings,2026-05-03T22:12:43.630138
Jarrett Allen,,,a463f640631f8b0580966b909965de14,2026-05-03,23:40,rebounds,5.5,-438.0,,True,draftkings,2026-05-03T22:12:43.630140
Jarrett Allen,,,a463f640631f8b0580966b909965de14,2026-05-03,23:40,rebounds,6.5,-235.0,,True,draftkings,2026-05-03T22:12:43.630141
Jarrett Allen,,,a463f640631f8b0580966b909965de14,2026-05-03,23:40,rebounds,7.5,-138.0,,True,draftkings,2026-05-03T22:12:43.630143
Jarrett Allen,,,a463f640631f8b0580966b909965de14,2026-05-03,23:40,rebounds,8.5,121.0,,True,draftkings,2026-05-03T22:12:43.630145
Jarrett Allen,,,a463f640631f8b0580966b909965de14,2026-05-03,23:40,rebounds,9.5,195.0,,True,draftkings,2026-05-03T22:12:43.630147
Jarrett Allen,,,a463f640631f8b0580966b909965de14,2026-05-03,23:40,rebounds,10.5,305.0,,True,draftkings,2026-05-03T22:12:43.630148
Jarrett Allen,,,a463f640631f8b0580966b909965de14,2026-05-03,23:40,rebounds,11.5,478.0,,True,draftkings,2026-05-03T22:12:43.630150
Jarrett Allen,,,a463f640631f8b0580966b909965de14,2026-05-03,23:40,rebounds,12.5,760.0,,True,draftkings,2026-05-03T22:12:43.630152
Jarrett Allen,,,a463f640631f8b0580966b909965de14,2026-05-03,23:40,rebounds,13.5,1140.0,,True,draftkings,2026-05-03T22:12:43.630153
Jarrett Allen,,,a463f640631f8b0580966b909965de14,2026-05-03,23:40,rebounds,14.5,1720.0,,True,draftkings,2026-05-03T22:12:43.630155
Jarrett Allen,,,a463f640631f8b0580966b909965de14,2026-05-03,23:40,rebounds,15.5,2400.0,,True,draftkings,2026-05-03T22:12:43.630157
Collin Murray-Boyles,,,a463f640631f8b0580966b909965de14,2026-05-03,23:40,rebounds,2.5,-3300.0,,True,draftkings,2026-05-03T22:12:43.630158
Collin Murray-Boyles,,,a463f640631f8b0580966b909965de14,2026-05-03,23:40,rebounds,3.5,-960.0,,True,draftkings,2026-05-03T22:12:43.630162
Collin Murray-Boyles,,,a463f640631f8b0580966b909965de14,2026-05-03,23:40,rebounds,4.5,-434.0,,True,draftkings,2026-05-03T22:12:43.630164
Collin Murray-Boyles,,,a463f640631f8b0580966b909965de14,2026-05-03,23:40,rebounds,5.5,-225.0,,True,draftkings,2026-05-03T22:12:43.630165
Collin Murray-Boyles,,,a463f640631f8b0580966b909965de14,2026-05-03,23:40,rebounds,6.5,-129.0,,True,draftkings,2026-05-03T22:12:43.630167
Collin Murray-Boyles,,,a463f640631f8b0580966b909965de14,2026-05-03,23:40,rebounds,7.5,128.0,,True,draftkings,2026-05-03T22:12:43.630169
Collin Murray-Boyles,,,a463f640631f8b0580966b909965de14,2026-05-03,23:40,rebounds,8.5,206.0,,True,draftkings,2026-05-03T22:12:43.630170
Collin Murray-Boyles,,,a463f640631f8b0580966b909965de14,2026-05-03,23:40,rebounds,9.5,333.0,,True,draftkings,2026-05-03T22:12:43.630172
Collin Murray-Boyles,,,a463f640631f8b0580966b909965de14,2026-05-03,23:40,rebounds,10.5,529.0,,True,draftkings,2026-05-03T22:12:43.630174
Collin Murray-Boyles,,,a463f640631f8b0580966b909965de14,2026-05-03,23:40,rebounds,11.5,820.0,,True,draftkings,2026-05-03T22:12:43.630175
Collin Murray-Boyles,,,a463f640631f8b0580966b909965de14,2026-05-03,23:40,rebounds,12.5,1240.0,,True,draftkings,2026-05-03T22:12:43.630177
Collin Murray-Boyles,,,a463f640631f8b0580966b909965de14,2026-05-03,23:40,rebounds,13.5,1820.0,,True,draftkings,2026-05-03T22:12:43.630179
Collin Murray-Boyles,,,a463f640631f8b0580966b909965de14,2026-05-03,23:40,rebounds,14.5,2500.0,,True,draftkings,2026-05-03T22:12:43.630180
Scottie Barnes,,,a463f640631f8b0580966b909965de14,2026-05-03,23:40,rebounds,3.5,-1500.0,,True,draftkings,2026-05-03T22:12:43.630182
Scottie Barnes,,,a463f640631f8b0580966b909965de14,2026-05-03,23:40,rebounds,4.5,-588.0,,True,draftkings,2026-05-03T22:12:43.630184
Scottie Barnes,,,a463f640631f8b0580966b909965de14,2026-05-03,23:40,rebounds,5.5,-294.0,,True,draftkings,2026-05-03T22:12:43.630186
Scottie Barnes,,,a463f640631f8b0580966b909965de14,2026-05-03,23:40,rebounds,6.5,-163.0,,True,draftkings,2026-05-03T22:12:43.630187
Scottie Barnes,,,a463f640631f8b0580966b909965de14,2026-05-03,23:40,rebounds,7.5,104.0,,True,draftkings,2026-05-03T22:12:43.630191
Scottie Barnes,,,a463f640631f8b0580966b909965de14,2026-05-03,23:40,rebounds,8.5,173.0,,True,draftkings,2026-05-03T22:12:43.630192
Scottie Barnes,,,a463f640631f8b0580966b909965de14,2026-05-03,23:40,rebounds,9.5,286.0,,True,draftkings,2026-05-03T22:12:43.630194
Scottie Barnes,,,a463f640631f8b0580966b909965de14,2026-05-03,23:40,rebounds,10.5,469.0,,True,draftkings,2026-05-03T22:12:43.630196
Scottie Barnes,,,a463f640631f8b0580966b909965de14,2026-05-03,23:40,rebounds,11.5,750.0,,True,draftkings,2026-05-03T22:12:43.630197
Scottie Barnes,,,a463f640631f8b0580966b909965de14,2026-05-03,23:40,rebounds,12.5,1200.0,,True,draftkings,2026-05-03T22:12:43.630199
Scottie Barnes,,,a463f640631f8b0580966b909965de14,2026-05-03,23:40,rebounds,13.5,1820.0,,True,draftkings,2026-05-03T22:12:43.630201
Scottie Barnes,,,a463f640631f8b0580966b909965de14,2026-05-03,23:40,rebounds,14.5,2500.0,,True,draftkings,2026-05-03T22:12:43.630202
Jakob Poeltl,,,a463f640631f8b0580966b909965de14,2026-05-03,23:40,rebounds,2.5,-1360.0,,True,draftkings,2026-05-03T22:12:43.630206
Jakob Poeltl,,,a463f640631f8b0580966b909965de14,2026-05-03,23:40,rebounds,3.5,-511.0,,True,draftkings,2026-05-03T22:12:43.630208
Jakob Poeltl,,,a463f640631f8b0580966b909965de14,2026-05-03,23:40,rebounds,4.5,-254.0,,True,draftkings,2026-05-03T22:12:43.630209
Jakob Poeltl,,,a463f640631f8b0580966b909965de14,2026-05-03,23:40,rebounds,5.5,-136.0,,True,draftkings,2026-05-03T22:12:43.630211
Jakob Poeltl,,,a463f640631f8b0580966b909965de14,2026-05-03,23:40,rebounds,6.5,124.0,,True,draftkings,2026-05-03T22:12:43.630213
Jakob Poeltl,,,a463f640631f8b0580966b909965de14,2026-05-03,23:40,rebounds,7.5,206.0,,True,draftkings,2026-05-03T22:12:43.630214
Jakob Poeltl,,,a463f640631f8b0580966b909965de14,2026-05-03,23:40,rebounds,8.5,335.0,,True,draftkings,2026-05-03T22:12:43.630216
Jakob Poeltl,,,a463f640631f8b0580966b909965de14,2026-05-03,23:40,rebounds,9.5,524.0,,True,draftkings,2026-05-03T22:12:43.630218
Jakob Poeltl,,,a463f640631f8b0580966b909965de14,2026-05-03,23:40,rebounds,10.5,810.0,,True,draftkings,2026-05-03T22:12:43.630221
Jakob Poeltl,,,a463f640631f8b0580966b909965de14,2026-05-03,23:40,rebounds,11.5,1260.0,,True,draftkings,2026-05-03T22:12:43.630223
Jakob Poeltl,,,a463f640631f8b0580966b909965de14,2026-05-03,23:40,rebounds,12.5,1840.0,,True,draftkings,2026-05-03T22:12:43.630224
Jakob Poeltl,,,a463f640631f8b0580966b909965de14,2026-05-03,23:40,rebounds,13.5,2500.0,,True,draftkings,2026-05-03T22:12:43.630226
R.J. Barrett,,,a463f640631f8b0580966b909965de14,2026-05-03,23:40,rebounds,2.5,-2400.0,,True,draftkings,2026-05-03T22:12:43.630228
R.J. Barrett,,,a463f640631f8b0580966b909965de14,2026-05-03,23:40,rebounds,3.5,-750.0,,True,draftkings,2026-05-03T22:12:43.630229
R.J. Barrett,,,a463f640631f8b0580966b909965de14,2026-05-03,23:40,rebounds,4.5,-330.0,,True,draftkings,2026-05-03T22:12:43.630231
R.J. Barrett,,,a463f640631f8b0580966b909965de14,2026-05-03,23:40,rebounds,5.5,-170.0,,True,draftkings,2026-05-03T22:12:43.630233
R.J. Barrett,,,a463f640631f8b0580966b909965de14,2026-05-03,23:40,rebounds,6.5,105.0,,True,draftkings,2026-05-03T22:12:43.630234
R.J. Barrett,,,a463f640631f8b0580966b909965de14,2026-05-03,23:40,rebounds,7.5,183.0,,True,draftkings,2026-05-03T22:12:43.630236
R.J. Barrett,,,a463f640631f8b0580966b909965de14,2026-05-03,23:40,rebounds,8.5,315.0,,True,draftkings,2026-05-03T22:12:43.630238
R.J. Barrett,,,a463f640631f8b0580966b909965de14,2026-05-03,23:40,rebounds,9.5,537.0,,True,draftkings,2026-05-03T22:12:43.630239
R.J. Barrett,,,a463f640631f8b0580966b909965de14,2026-05-03,23:40,rebounds,10.5,890.0,,True,draftkings,2026-05-03T22:12:43.630241
R.J. Barrett,,,a463f640631f8b0580966b909965de14,2026-05-03,23:40,rebounds,11.5,1460.0,,True,draftkings,2026-05-03T22:12:43.630243
R.J. Barrett,,,a463f640631f8b0580966b909965de14,2026-05-03,23:40,rebounds,12.5,2100.0,,True,draftkings,2026-05-03T22:12:43.630244
James Harden,,,a463f640631f8b0580966b909965de14,2026-05-03,23:40,rebounds,2.5,-573.0,,True,draftkings,2026-05-03T22:12:43.630246
James Harden,,,a463f640631f8b0580966b909965de14,2026-05-03,23:40,rebounds,3.5,-240.0,,True,draftkings,2026-05-03T22:12:43.630248
James Harden,,,a463f640631f8b0580966b909965de14,2026-05-03,23:40,rebounds,4.5,-120.0,,True,draftkings,2026-05-03T22:12:43.630250
James Harden,,,a463f640631f8b0580966b909965de14,2026-05-03,23:40,rebounds,5.5,155.0,,True,draftkings,2026-05-03T22:12:43.630251
James Harden,,,a463f640631f8b0580966b909965de14,2026-05-03,23:40,rebounds,6.5,276.0,,True,draftkings,2026-05-03T22:12:43.630253
James Harden,,,a463f640631f8b0580966b909965de14,2026-05-03,23:40,rebounds,7.5,486.0,,True,draftkings,2026-05-03T22:12:43.630255
James Harden,,,a463f640631f8b0580966b909965de14,2026-05-03,23:40,rebounds,8.5,800.0,,True,draftkings,2026-05-03T22:12:43.630256
James Harden,,,a463f640631f8b0580966b909965de14,2026-05-03,23:40,rebounds,9.5,1300.0,,True,draftkings,2026-05-03T22:12:43.630258
James Harden,,,a463f640631f8b0580966b909965de14,2026-05-03,23:40,rebounds,10.5,2100.0,,True,draftkings,2026-05-03T22:12:43.630260
James Harden,,,a463f640631f8b0580966b909965de14,2026-05-03,23:40,rebounds,11.5,2900.0,,True,draftkings,2026-05-03T22:12:43.630261
Donovan Mitchell,,,a463f640631f8b0580966b909965de14,2026-05-03,23:40,rebounds,2.5,-492.0,,True,draftkings,2026-05-03T22:12:43.630263
Donovan Mitchell,,,a463f640631f8b0580966b909965de14,2026-05-03,23:40,rebounds,3.5,-196.0,,True,draftkings,2026-05-03T22:12:43.630265
Donovan Mitchell,,,a463f640631f8b0580966b909965de14,2026-05-03,23:40,rebounds,4.5,108.0,,True,draftkings,2026-05-03T22:12:43.630266
Donovan Mitchell,,,a463f640631f8b0580966b909965de14,2026-05-03,23:40,rebounds,5.5,211.0,,True,draftkings,2026-05-03T22:12:43.630268
Donovan Mitchell,,,a463f640631f8b0580966b909965de14,2026-05-03,23:40,rebounds,6.5,399.0,,True,draftkings,2026-05-03T22:12:43.630270
Donovan Mitchell,,,a463f640631f8b0580966b909965de14,2026-05-03,23:40,rebounds,7.5,730.0,,True,draftkings,2026-05-03T22:12:43.630271
Donovan Mitchell,,,a463f640631f8b0580966b909965de14,2026-05-03,23:40,rebounds,8.5,1320.0,,True,draftkings,2026-05-03T22:12:43.630273
Donovan Mitchell,,,a463f640631f8b0580966b909965de14,2026-05-03,23:40,rebounds,9.5,2100.0,,True,draftkings,2026-05-03T22:12:43.630276
Dean Wade,,,a463f640631f8b0580966b909965de14,2026-05-03,23:40,rebounds,2.5,-399.0,,True,draftkings,2026-05-03T22:12:43.630278
Dean Wade,,,a463f640631f8b0580966b909965de14,2026-05-03,23:40,rebounds,3.5,-165.0,,True,draftkings,2026-05-03T22:12:43.630280
Dean Wade,,,a463f640631f8b0580966b909965de14,2026-05-03,23:40,rebounds,4.5,126.0,,True,draftkings,2026-05-03T22:12:43.630281
Dean Wade,,,a463f640631f8b0580966b909965de14,2026-05-03,23:40,rebounds,5.5,243.0,,True,draftkings,2026-05-03T22:12:43.630285
Dean Wade,,,a463f640631f8b0580966b909965de14,2026-05-03,23:40,rebounds,6.5,451.0,,True,draftkings,2026-05-03T22:12:43.630287
Dean Wade,,,a463f640631f8b0580966b909965de14,2026-05-03,23:40,rebounds,7.5,820.0,,True,draftkings,2026-05-03T22:12:43.630288
Dean Wade,,,a463f640631f8b0580966b909965de14,2026-05-03,23:40,rebounds,8.5,1440.0,,True,draftkings,2026-05-03T22:12:43.630290
Dean Wade,,,a463f640631f8b0580966b909965de14,2026-05-03,23:40,rebounds,9.5,2300.0,,True,draftkings,2026-05-03T22:12:43.630292
Sandro Mamukelashvili,,,a463f640631f8b0580966b909965de14,2026-05-03,23:40,rebounds,2.5,-195.0,,True,draftkings,2026-05-03T22:12:43.630293
Sandro Mamukelashvili,,,a463f640631f8b0580966b909965de14,2026-05-03,23:40,rebounds,3.5,103.0,,True,draftkings,2026-05-03T22:12:43.630295
Sandro Mamukelashvili,,,a463f640631f8b0580966b909965de14,2026-05-03,23:40,rebounds,4.5,196.0,,True,draftkings,2026-05-03T22:12:43.630297
Sandro Mamukelashvili,,,a463f640631f8b0580966b909965de14,2026-05-03,23:40,rebounds,5.5,359.0,,True,draftkings,2026-05-03T22:12:43.630299
Sandro Mamukelashvili,,,a463f640631f8b0580966b909965de14,2026-05-03,23:40,rebounds,6.5,640.0,,True,draftkings,2026-05-03T22:12:43.630300
Sandro Mamukelashvili,,,a463f640631f8b0580966b909965de14,2026-05-03,23:40,rebounds,7.5,1100.0,,True,draftkings,2026-05-03T22:12:43.630302
Sandro Mamukelashvili,,,a463f640631f8b0580966b909965de14,2026-05-03,23:40,rebounds,8.5,1760.0,,True,draftkings,2026-05-03T22:12:43.630304
Sandro Mamukelashvili,,,a463f640631f8b0580966b909965de14,2026-05-03,23:40,rebounds,9.5,2600.0,,True,draftkings,2026-05-03T22:12:43.630305
Ja'Kobe Walter,,,a463f640631f8b0580966b909965de14,2026-05-03,23:40,rebounds,2.5,-326.0,,True,draftkings,2026-05-03T22:12:43.630307
Ja'Kobe Walter,,,a463f640631f8b0580966b909965de14,2026-05-03,23:40,rebounds,3.5,-135.0,,True,draftkings,2026-05-03T22:12:43.630309
Ja'Kobe Walter,,,a463f640631f8b0580966b909965de14,2026-05-03,23:40,rebounds,4.5,159.0,,True,draftkings,2026-05-03T22:12:43.630310
Ja'Kobe Walter,,,a463f640631f8b0580966b909965de14,2026-05-03,23:40,rebounds,5.5,312.0,,True,draftkings,2026-05-03T22:12:43.630312
Ja'Kobe Walter,,,a463f640631f8b0580966b909965de14,2026-05-03,23:40,rebounds,6.5,610.0,,True,draftkings,2026-05-03T22:12:43.630314
Ja'Kobe Walter,,,a463f640631f8b0580966b909965de14,2026-05-03,23:40,rebounds,7.5,1120.0,,True,draftkings,2026-05-03T22:12:43.630315
Ja'Kobe Walter,,,a463f640631f8b0580966b909965de14,2026-05-03,23:40,rebounds,8.5,1920.0,,True,draftkings,2026-05-03T22:12:43.630317
Ja'Kobe Walter,,,a463f640631f8b0580966b909965de14,2026-05-03,23:40,rebounds,9.5,2900.0,,True,draftkings,2026-05-03T22:12:43.630320
Max Strus,,,a463f640631f8b0580966b909965de14,2026-05-03,23:40,rebounds,2.5,-356.0,,True,draftkings,2026-05-03T22:12:43.630322
Max Strus,,,a463f640631f8b0580966b909965de14,2026-05-03,23:40,rebounds,3.5,-146.0,,True,draftkings,2026-05-03T22:12:43.630324
Max Strus,,,a463f640631f8b0580966b909965de14,2026-05-03,23:40,rebounds,4.5,149.0,,True,draftkings,2026-05-03T22:12:43.630325
Max Strus,,,a463f640631f8b0580966b909965de14,2026-05-03,23:40,rebounds,5.5,296.0,,True,draftkings,2026-05-03T22:12:43.630327
Max Strus,,,a463f640631f8b0580966b909965de14,2026-05-03,23:40,rebounds,6.5,588.0,,True,draftkings,2026-05-03T22:12:43.630329
Max Strus,,,a463f640631f8b0580966b909965de14,2026-05-03,23:40,rebounds,7.5,1120.0,,True,draftkings,2026-05-03T22:12:43.630330
Max Strus,,,a463f640631f8b0580966b909965de14,2026-05-03,23:40,rebounds,8.5,1900.0,,True,draftkings,2026-05-03T22:12:43.630332
Jaylon Tyson,,,a463f640631f8b0580966b909965de14,2026-05-03,23:40,rebounds,2.5,-118.0,,True,draftkings,2026-05-03T22:12:43.630336
Jaylon Tyson,,,a463f640631f8b0580966b909965de14,2026-05-03,23:40,rebounds,3.5,186.0,,True,draftkings,2026-05-03T22:12:43.630338
Jaylon Tyson,,,a463f640631f8b0580966b909965de14,2026-05-03,23:40,rebounds,4.5,381.0,,True,draftkings,2026-05-03T22:12:43.630340
Jaylon Tyson,,,a463f640631f8b0580966b909965de14,2026-05-03,23:40,rebounds,5.5,720.0,,True,draftkings,2026-05-03T22:12:43.630341
Jaylon Tyson,,,a463f640631f8b0580966b909965de14,2026-05-03,23:40,rebounds,6.5,1360.0,,True,draftkings,2026-05-03T22:12:43.630343
Jaylon Tyson,,,a463f640631f8b0580966b909965de14,2026-05-03,23:40,rebounds,7.5,2300.0,,True,draftkings,2026-05-03T22:12:43.630345
Jamal Shead,,,a463f640631f8b0580966b909965de14,2026-05-03,23:40,rebounds,2.5,140.0,,True,draftkings,2026-05-03T22:12:43.630346
Jamal Shead,,,a463f640631f8b0580966b909965de14,2026-05-03,23:40,rebounds,3.5,351.0,,True,draftkings,2026-05-03T22:12:43.630348
Jamal Shead,,,a463f640631f8b0580966b909965de14,2026-05-03,23:40,rebounds,4.5,810.0,,True,draftkings,2026-05-03T22:12:43.630350
Jamal Shead,,,a463f640631f8b0580966b909965de14,2026-05-03,23:40,rebounds,5.5,1700.0,,True,draftkings,2026-05-03T22:12:43.630351
Jamal Shead,,,a463f640631f8b0580966b909965de14,2026-05-03,23:40,rebounds,6.5,2800.0,,True,draftkings,2026-05-03T22:12:43.630353
Jamison Battle,,,a463f640631f8b0580966b909965de14,2026-05-03,23:40,rebounds,1.5,-188.0,,True,draftkings,2026-05-03T22:12:43.630355
Jamison Battle,,,a463f640631f8b0580966b909965de14,2026-05-03,23:40,rebounds,2.5,151.0,,True,draftkings,2026-05-03T22:12:43.630357
Jamison Battle,,,a463f640631f8b0580966b909965de14,2026-05-03,23:40,rebounds,3.5,379.0,,True,draftkings,2026-05-03T22:12:43.630358
Jamison Battle,,,a463f640631f8b0580966b909965de14,2026-05-03,23:40,rebounds,4.5,890.0,,True,draftkings,2026-05-03T22:12:43.630360
Jamison Battle,,,a463f640631f8b0580966b909965de14,2026-05-03,23:40,rebounds,5.5,1840.0,,True,draftkings,2026-05-03T22:12:43.630362
Sam Merrill,,,a463f640631f8b0580966b909965de14,2026-05-03,23:40,rebounds,1.5,-119.0,,True,draftkings,2026-05-03T22:12:43.630363
Sam Merrill,,,a463f640631f8b0580966b909965de14,2026-05-03,23:40,rebounds,2.5,240.0,,True,draftkings,2026-05-03T22:12:43.630365
Sam Merrill,,,a463f640631f8b0580966b909965de14,2026-05-03,23:40,rebounds,3.5,597.0,,True,draftkings,2026-05-03T22:12:43.630367
Sam Merrill,,,a463f640631f8b0580966b909965de14,2026-05-03,23:40,rebounds,4.5,1400.0,,True,draftkings,2026-05-03T22:12:43.630368
Sam Merrill,,,a463f640631f8b0580966b909965de14,2026-05-03,23:40,rebounds,5.5,2600.0,,True,draftkings,2026-05-03T22:12:43.630370
Dennis Schroder,,,a463f640631f8b0580966b909965de14,2026-05-03,23:40,rebounds,1.5,107.0,,True,draftkings,2026-05-03T22:12:43.630372
Dennis Schroder,,,a463f640631f8b0580966b909965de14,2026-05-03,23:40,rebounds,2.5,321.0,,True,draftkings,2026-05-03T22:12:43.630375
Dennis Schroder,,,a463f640631f8b0580966b909965de14,2026-05-03,23:40,rebounds,3.5,800.0,,True,draftkings,2026-05-03T22:12:43.630377
Dennis Schroder,,,a463f640631f8b0580966b909965de14,2026-05-03,23:40,rebounds,4.5,1800.0,,True,draftkings,2026-05-03T22:12:43.630378
Donovan Mitchell,,,a463f640631f8b0580966b909965de14,2026-05-03,23:40,threes,2.5,-136.0,103.0,False,draftkings,2026-05-03T22:12:43.630399
James Harden,,,a463f640631f8b0580966b909965de14,2026-05-03,23:40,threes,2.5,-129.0,-102.0,False,draftkings,2026-05-03T22:12:43.630401
Ja'Kobe Walter,,,a463f640631f8b0580966b909965de14,2026-05-03,23:40,threes,2.5,101.0,-133.0,False,draftkings,2026-05-03T22:12:43.630402
Max Strus,,,a463f640631f8b0580966b909965de14,2026-05-03,23:40,threes,2.5,146.0,-194.0,False,draftkings,2026-05-03T22:12:43.630404
R.J. Barrett,,,a463f640631f8b0580966b909965de14,2026-05-03,23:40,threes,1.5,-155.0,118.0,False,draftkings,2026-05-03T22:12:43.630406
Jamal Shead,,,a463f640631f8b0580966b909965de14,2026-05-03,23:40,threes,1.5,-102.0,-129.0,False,draftkings,2026-05-03T22:12:43.630408
Sam Merrill,,,a463f640631f8b0580966b909965de14,2026-05-03,23:40,threes,1.5,107.0,-141.0,False,draftkings,2026-05-03T22:12:43.630409
Scottie Barnes,,,a463f640631f8b0580966b909965de14,2026-05-03,23:40,threes,1.5,172.0,-230.0,False,draftkings,2026-05-03T22:12:43.630411
Jaylon Tyson,,,a463f640631f8b0580966b909965de14,2026-05-03,23:40,threes,1.5,174.0,-233.0,False,draftkings,2026-05-03T22:12:43.630413
Dean Wade,,,a463f640631f8b0580966b909965de14,2026-05-03,23:40,threes,0.5,-191.0,144.0,False,draftkings,2026-05-03T22:12:43.630414
Evan Mobley,,,a463f640631f8b0580966b909965de14,2026-05-03,23:40,threes,0.5,-162.0,123.0,False,draftkings,2026-05-03T22:12:43.630416
Sandro Mamukelashvili,,,a463f640631f8b0580966b909965de14,2026-05-03,23:40,threes,0.5,-158.0,119.0,False,draftkings,2026-05-03T22:12:43.630418
Dennis Schroder,,,a463f640631f8b0580966b909965de14,2026-05-03,23:40,threes,0.5,-110.0,-120.0,False,draftkings,2026-05-03T22:12:43.630419
Donovan Mitchell,,,a463f640631f8b0580966b909965de14,2026-05-03,23:40,threes,0.5,-2400.0,,True,draftkings,2026-05-03T22:12:43.630456
Donovan Mitchell,,,a463f640631f8b0580966b909965de14,2026-05-03,23:40,threes,1.5,-400.0,,True,draftkings,2026-05-03T22:12:43.630458
Donovan Mitchell,,,a463f640631f8b0580966b909965de14,2026-05-03,23:40,threes,2.5,-137.0,,True,draftkings,2026-05-03T22:12:43.630460
Donovan Mitchell,,,a463f640631f8b0580966b909965de14,2026-05-03,23:40,threes,3.5,178.0,,True,draftkings,2026-05-03T22:12:43.630461
Donovan Mitchell,,,a463f640631f8b0580966b909965de14,2026-05-03,23:40,threes,4.5,398.0,,True,draftkings,2026-05-03T22:12:43.630463
Donovan Mitchell,,,a463f640631f8b0580966b909965de14,2026-05-03,23:40,threes,5.5,850.0,,True,draftkings,2026-05-03T22:12:43.630465
Donovan Mitchell,,,a463f640631f8b0580966b909965de14,2026-05-03,23:40,threes,6.5,1660.0,,True,draftkings,2026-05-03T22:12:43.630466
Donovan Mitchell,,,a463f640631f8b0580966b909965de14,2026-05-03,23:40,threes,7.5,2700.0,,True,draftkings,2026-05-03T22:12:43.630468
James Harden,,,a463f640631f8b0580966b909965de14,2026-05-03,23:40,threes,0.5,-2500.0,,True,draftkings,2026-05-03T22:12:43.630470
James Harden,,,a463f640631f8b0580966b909965de14,2026-05-03,23:40,threes,1.5,-387.0,,True,draftkings,2026-05-03T22:12:43.630472
James Harden,,,a463f640631f8b0580966b909965de14,2026-05-03,23:40,threes,2.5,-131.0,,True,draftkings,2026-05-03T22:12:43.630473
James Harden,,,a463f640631f8b0580966b909965de14,2026-05-03,23:40,threes,3.5,182.0,,True,draftkings,2026-05-03T22:12:43.630475
James Harden,,,a463f640631f8b0580966b909965de14,2026-05-03,23:40,threes,4.5,406.0,,True,draftkings,2026-05-03T22:12:43.630476
James Harden,,,a463f640631f8b0580966b909965de14,2026-05-03,23:40,threes,5.5,880.0,,True,draftkings,2026-05-03T22:12:43.630478
James Harden,,,a463f640631f8b0580966b909965de14,2026-05-03,23:40,threes,6.5,1700.0,,True,draftkings,2026-05-03T22:12:43.630480
James Harden,,,a463f640631f8b0580966b909965de14,2026-05-03,23:40,threes,7.5,2800.0,,True,draftkings,2026-05-03T22:12:43.630481
Ja'Kobe Walter,,,a463f640631f8b0580966b909965de14,2026-05-03,23:40,threes,0.5,-1680.0,,True,draftkings,2026-05-03T22:12:43.630483
Ja'Kobe Walter,,,a463f640631f8b0580966b909965de14,2026-05-03,23:40,threes,1.5,-296.0,,True,draftkings,2026-05-03T22:12:43.630485
Ja'Kobe Walter,,,a463f640631f8b0580966b909965de14,2026-05-03,23:40,threes,2.5,101.0,,True,draftkings,2026-05-03T22:12:43.630487
Ja'Kobe Walter,,,a463f640631f8b0580966b909965de14,2026-05-03,23:40,threes,3.5,252.0,,True,draftkings,2026-05-03T22:12:43.630488
Ja'Kobe Walter,,,a463f640631f8b0580966b909965de14,2026-05-03,23:40,threes,4.5,582.0,,True,draftkings,2026-05-03T22:12:43.630490
Ja'Kobe Walter,,,a463f640631f8b0580966b909965de14,2026-05-03,23:40,threes,5.5,1240.0,,True,draftkings,2026-05-03T22:12:43.630492
Ja'Kobe Walter,,,a463f640631f8b0580966b909965de14,2026-05-03,23:40,threes,6.5,2200.0,,True,draftkings,2026-05-03T22:12:43.630494
Max Strus,,,a463f640631f8b0580966b909965de14,2026-05-03,23:40,threes,0.5,-950.0,,True,draftkings,2026-05-03T22:12:43.630495
Max Strus,,,a463f640631f8b0580966b909965de14,2026-05-03,23:40,threes,1.5,-198.0,,True,draftkings,2026-05-03T22:12:43.630497
Max Strus,,,a463f640631f8b0580966b909965de14,2026-05-03,23:40,threes,2.5,147.0,,True,draftkings,2026-05-03T22:12:43.630499
Max Strus,,,a463f640631f8b0580966b909965de14,2026-05-03,23:40,threes,3.5,368.0,,True,draftkings,2026-05-03T22:12:43.630500
Max Strus,,,a463f640631f8b0580966b909965de14,2026-05-03,23:40,threes,4.5,850.0,,True,draftkings,2026-05-03T22:12:43.630502
Max Strus,,,a463f640631f8b0580966b909965de14,2026-05-03,23:40,threes,5.5,1840.0,,True,draftkings,2026-05-03T22:12:43.630504
R.J. Barrett,,,a463f640631f8b0580966b909965de14,2026-05-03,23:40,threes,0.5,-710.0,,True,draftkings,2026-05-03T22:12:43.630505
R.J. Barrett,,,a463f640631f8b0580966b909965de14,2026-05-03,23:40,threes,1.5,-156.0,,True,draftkings,2026-05-03T22:12:43.630507
R.J. Barrett,,,a463f640631f8b0580966b909965de14,2026-05-03,23:40,threes,2.5,188.0,,True,draftkings,2026-05-03T22:12:43.630509
R.J. Barrett,,,a463f640631f8b0580966b909965de14,2026-05-03,23:40,threes,3.5,476.0,,True,draftkings,2026-05-03T22:12:43.630510
R.J. Barrett,,,a463f640631f8b0580966b909965de14,2026-05-03,23:40,threes,4.5,1120.0,,True,draftkings,2026-05-03T22:12:43.630512
R.J. Barrett,,,a463f640631f8b0580966b909965de14,2026-05-03,23:40,threes,5.5,2200.0,,True,draftkings,2026-05-03T22:12:43.630514
Jamal Shead,,,a463f640631f8b0580966b909965de14,2026-05-03,23:40,threes,0.5,-436.0,,True,draftkings,2026-05-03T22:12:43.630517
Jamal Shead,,,a463f640631f8b0580966b909965de14,2026-05-03,23:40,threes,1.5,100.0,,True,draftkings,2026-05-03T22:12:43.630519
Jamal Shead,,,a463f640631f8b0580966b909965de14,2026-05-03,23:40,threes,2.5,290.0,,True,draftkings,2026-05-03T22:12:43.630521
Jamal Shead,,,a463f640631f8b0580966b909965de14,2026-05-03,23:40,threes,3.5,740.0,,True,draftkings,2026-05-03T22:12:43.630522
Jamal Shead,,,a463f640631f8b0580966b909965de14,2026-05-03,23:40,threes,4.5,1680.0,,True,draftkings,2026-05-03T22:12:43.630524
Sam Merrill,,,a463f640631f8b0580966b909965de14,2026-05-03,23:40,threes,0.5,-382.0,,True,draftkings,2026-05-03T22:12:43.630526
Sam Merrill,,,a463f640631f8b0580966b909965de14,2026-05-03,23:40,threes,1.5,109.0,,True,draftkings,2026-05-03T22:12:43.630528
Sam Merrill,,,a463f640631f8b0580966b909965de14,2026-05-03,23:40,threes,2.5,313.0,,True,draftkings,2026-05-03T22:12:43.630529
Sam Merrill,,,a463f640631f8b0580966b909965de14,2026-05-03,23:40,threes,3.5,780.0,,True,draftkings,2026-05-03T22:12:43.630531
Sam Merrill,,,a463f640631f8b0580966b909965de14,2026-05-03,23:40,threes,4.5,1760.0,,True,draftkings,2026-05-03T22:12:43.630532
Jaylon Tyson,,,a463f640631f8b0580966b909965de14,2026-05-03,23:40,threes,0.5,-235.0,,True,draftkings,2026-05-03T22:12:43.630534
Jaylon Tyson,,,a463f640631f8b0580966b909965de14,2026-05-03,23:40,threes,1.5,178.0,,True,draftkings,2026-05-03T22:12:43.630536
Jaylon Tyson,,,a463f640631f8b0580966b909965de14,2026-05-03,23:40,threes,2.5,533.0,,True,draftkings,2026-05-03T22:12:43.630537
Jaylon Tyson,,,a463f640631f8b0580966b909965de14,2026-05-03,23:40,threes,3.5,1400.0,,True,draftkings,2026-05-03T22:12:43.630539
Jaylon Tyson,,,a463f640631f8b0580966b909965de14,2026-05-03,23:40,threes,4.5,2700.0,,True,draftkings,2026-05-03T22:12:43.630541
Scottie Barnes,,,a463f640631f8b0580966b909965de14,2026-05-03,23:40,threes,0.5,-253.0,,True,draftkings,2026-05-03T22:12:43.630542
Scottie Barnes,,,a463f640631f8b0580966b909965de14,2026-05-03,23:40,threes,1.5,172.0,,True,draftkings,2026-05-03T22:12:43.630544
Scottie Barnes,,,a463f640631f8b0580966b909965de14,2026-05-03,23:40,threes,2.5,543.0,,True,draftkings,2026-05-03T22:12:43.630546
Scottie Barnes,,,a463f640631f8b0580966b909965de14,2026-05-03,23:40,threes,3.5,1420.0,,True,draftkings,2026-05-03T22:12:43.630547
Scottie Barnes,,,a463f640631f8b0580966b909965de14,2026-05-03,23:40,threes,4.5,2900.0,,True,draftkings,2026-05-03T22:12:43.630549
Jamison Battle,,,a463f640631f8b0580966b909965de14,2026-05-03,23:40,threes,0.5,-248.0,,True,draftkings,2026-05-03T22:12:43.630551
Jamison Battle,,,a463f640631f8b0580966b909965de14,2026-05-03,23:40,threes,1.5,183.0,,True,draftkings,2026-05-03T22:12:43.630553
Jamison Battle,,,a463f640631f8b0580966b909965de14,2026-05-03,23:40,threes,2.5,585.0,,True,draftkings,2026-05-03T22:12:43.630554
Jamison Battle,,,a463f640631f8b0580966b909965de14,2026-05-03,23:40,threes,3.5,1520.0,,True,draftkings,2026-05-03T22:12:43.630556
Dean Wade,,,a463f640631f8b0580966b909965de14,2026-05-03,23:40,threes,0.5,-197.0,,True,draftkings,2026-05-03T22:12:43.630558
Dean Wade,,,a463f640631f8b0580966b909965de14,2026-05-03,23:40,threes,1.5,231.0,,True,draftkings,2026-05-03T22:12:43.630559
Dean Wade,,,a463f640631f8b0580966b909965de14,2026-05-03,23:40,threes,2.5,770.0,,True,draftkings,2026-05-03T22:12:43.630577
Dean Wade,,,a463f640631f8b0580966b909965de14,2026-05-03,23:40,threes,3.5,1960.0,,True,draftkings,2026-05-03T22:12:43.630581
Sandro Mamukelashvili,,,a463f640631f8b0580966b909965de14,2026-05-03,23:40,threes,0.5,-155.0,,True,draftkings,2026-05-03T22:12:43.630583
Sandro Mamukelashvili,,,a463f640631f8b0580966b909965de14,2026-05-03,23:40,threes,1.5,275.0,,True,draftkings,2026-05-03T22:12:43.630585
Sandro Mamukelashvili,,,a463f640631f8b0580966b909965de14,2026-05-03,23:40,threes,2.5,870.0,,True,draftkings,2026-05-03T22:12:43.630586
Sandro Mamukelashvili,,,a463f640631f8b0580966b909965de14,2026-05-03,23:40,threes,3.5,2200.0,,True,draftkings,2026-05-03T22:12:43.630588
Evan Mobley,,,a463f640631f8b0580966b909965de14,2026-05-03,23:40,threes,0.5,-158.0,,True,draftkings,2026-05-03T22:12:43.630590
Evan Mobley,,,a463f640631f8b0580966b909965de14,2026-05-03,23:40,threes,1.5,292.0,,True,draftkings,2026-05-03T22:12:43.630591
Evan Mobley,,,a463f640631f8b0580966b909965de14,2026-05-03,23:40,threes,2.5,1000.0,,True,draftkings,2026-05-03T22:12:43.630593
Evan Mobley,,,a463f640631f8b0580966b909965de14,2026-05-03,23:40,threes,3.5,2500.0,,True,draftkings,2026-05-03T22:12:43.630595
Dennis Schroder,,,a463f640631f8b0580966b909965de14,2026-05-03,23:40,threes,0.5,-109.0,,True,draftkings,2026-05-03T22:12:43.630596
Dennis Schroder,,,a463f640631f8b0580966b909965de14,2026-05-03,23:40,threes,1.5,437.0,,True,draftkings,2026-05-03T22:12:43.630598
Dennis Schroder,,,a463f640631f8b0580966b909965de14,2026-05-03,23:40,threes,2.5,1480.0,,True,draftkings,2026-05-03T22:12:43.630600
Collin Murray-Boyles,,,a463f640631f8b0580966b909965de14,2026-05-03,23:40,threes,0.5,186.0,,True,draftkings,2026-05-03T22:12:43.630602
Collin Murray-Boyles,,,a463f640631f8b0580966b909965de14,2026-05-03,23:40,threes,1.5,1060.0,,True,draftkings,2026-05-03T22:12:43.630603
Jalen Brunson,,,b11391b35b7a0cf79deeef3bb3eb9009,2026-05-05,00:10,assists,6.5,-132.0,100.0,False,draftkings,2026-05-03T22:12:43.754871
Tyrese Maxey,,,b11391b35b7a0cf79deeef3bb3eb9009,2026-05-05,00:10,assists,6.5,112.0,-148.0,False,draftkings,2026-05-03T22:12:43.754878
Joel Embiid,,,b11391b35b7a0cf79deeef3bb3eb9009,2026-05-05,00:10,assists,5.5,113.0,-150.0,False,draftkings,2026-05-03T22:12:43.754880
Josh Hart,,,b11391b35b7a0cf79deeef3bb3eb9009,2026-05-05,00:10,assists,4.5,-110.0,-120.0,False,draftkings,2026-05-03T22:12:43.754882
Karl-Anthony Towns,,,b11391b35b7a0cf79deeef3bb3eb9009,2026-05-05,00:10,assists,3.5,-155.0,118.0,False,draftkings,2026-05-03T22:12:43.754884
Paul George,,,b11391b35b7a0cf79deeef3bb3eb9009,2026-05-05,00:10,assists,3.5,116.0,-153.0,False,draftkings,2026-05-03T22:12:43.754886
VJ Edgecombe,,,b11391b35b7a0cf79deeef3bb3eb9009,2026-05-05,00:10,assists,2.5,-177.0,134.0,False,draftkings,2026-05-03T22:12:43.754887
Mikal Bridges,,,b11391b35b7a0cf79deeef3bb3eb9009,2026-05-05,00:10,assists,2.5,110.0,-144.0,False,draftkings,2026-05-03T22:12:43.754889
OG Anunoby,,,b11391b35b7a0cf79deeef3bb3eb9009,2026-05-05,00:10,assists,1.5,-108.0,-121.0,False,draftkings,2026-05-03T22:12:43.754894
Kelly Oubre Jr,,,b11391b35b7a0cf79deeef3bb3eb9009,2026-05-05,00:10,assists,1.5,143.0,-190.0,False,draftkings,2026-05-03T22:12:43.754895
Jalen Brunson,,,b11391b35b7a0cf79deeef3bb3eb9009,2026-05-05,00:10,assists,3.5,-1380.0,,True,draftkings,2026-05-03T22:12:43.754936
Jalen Brunson,,,b11391b35b7a0cf79deeef3bb3eb9009,2026-05-05,00:10,assists,4.5,-529.0,,True,draftkings,2026-05-03T22:12:43.754938
Jalen Brunson,,,b11391b35b7a0cf79deeef3bb3eb9009,2026-05-05,00:10,assists,5.5,-256.0,,True,draftkings,2026-05-03T22:12:43.754940
Jalen Brunson,,,b11391b35b7a0cf79deeef3bb3eb9009,2026-05-05,00:10,assists,6.5,-135.0,,True,draftkings,2026-05-03T22:12:43.754941
Jalen Brunson,,,b11391b35b7a0cf79deeef3bb3eb9009,2026-05-05,00:10,assists,7.5,133.0,,True,draftkings,2026-05-03T22:12:43.754943
Jalen Brunson,,,b11391b35b7a0cf79deeef3bb3eb9009,2026-05-05,00:10,assists,8.5,232.0,,True,draftkings,2026-05-03T22:12:43.754945
Jalen Brunson,,,b11391b35b7a0cf79deeef3bb3eb9009,2026-05-05,00:10,assists,9.5,403.0,,True,draftkings,2026-05-03T22:12:43.754946
Jalen Brunson,,,b11391b35b7a0cf79deeef3bb3eb9009,2026-05-05,00:10,assists,10.5,690.0,,True,draftkings,2026-05-03T22:12:43.754948
Jalen Brunson,,,b11391b35b7a0cf79deeef3bb3eb9009,2026-05-05,00:10,assists,11.5,1140.0,,True,draftkings,2026-05-03T22:12:43.754950
Jalen Brunson,,,b11391b35b7a0cf79deeef3bb3eb9009,2026-05-05,00:10,assists,12.5,1800.0,,True,draftkings,2026-05-03T22:12:43.754952
Jalen Brunson,,,b11391b35b7a0cf79deeef3bb3eb9009,2026-05-05,00:10,assists,13.5,2600.0,,True,draftkings,2026-05-03T22:12:43.754953
Tyrese Maxey,,,b11391b35b7a0cf79deeef3bb3eb9009,2026-05-05,00:10,assists,2.5,-2700.0,,True,draftkings,2026-05-03T22:12:43.754955
Tyrese Maxey,,,b11391b35b7a0cf79deeef3bb3eb9009,2026-05-05,00:10,assists,3.5,-780.0,,True,draftkings,2026-05-03T22:12:43.754957
Tyrese Maxey,,,b11391b35b7a0cf79deeef3bb3eb9009,2026-05-05,00:10,assists,4.5,-332.0,,True,draftkings,2026-05-03T22:12:43.754959
Tyrese Maxey,,,b11391b35b7a0cf79deeef3bb3eb9009,2026-05-05,00:10,assists,5.5,-166.0,,True,draftkings,2026-05-03T22:12:43.754960
Tyrese Maxey,,,b11391b35b7a0cf79deeef3bb3eb9009,2026-05-05,00:10,assists,6.5,112.0,,True,draftkings,2026-05-03T22:12:43.754962
Tyrese Maxey,,,b11391b35b7a0cf79deeef3bb3eb9009,2026-05-05,00:10,assists,7.5,197.0,,True,draftkings,2026-05-03T22:12:43.754964
Tyrese Maxey,,,b11391b35b7a0cf79deeef3bb3eb9009,2026-05-05,00:10,assists,8.5,338.0,,True,draftkings,2026-05-03T22:12:43.754965
Tyrese Maxey,,,b11391b35b7a0cf79deeef3bb3eb9009,2026-05-05,00:10,assists,9.5,585.0,,True,draftkings,2026-05-03T22:12:43.754967
Tyrese Maxey,,,b11391b35b7a0cf79deeef3bb3eb9009,2026-05-05,00:10,assists,10.5,990.0,,True,draftkings,2026-05-03T22:12:43.754969
Tyrese Maxey,,,b11391b35b7a0cf79deeef3bb3eb9009,2026-05-05,00:10,assists,11.5,1620.0,,True,draftkings,2026-05-03T22:12:43.754970
Tyrese Maxey,,,b11391b35b7a0cf79deeef3bb3eb9009,2026-05-05,00:10,assists,12.5,2400.0,,True,draftkings,2026-05-03T22:12:43.754972
Joel Embiid,,,b11391b35b7a0cf79deeef3bb3eb9009,2026-05-05,00:10,assists,2.5,-1120.0,,True,draftkings,2026-05-03T22:12:43.754974
Joel Embiid,,,b11391b35b7a0cf79deeef3bb3eb9009,2026-05-05,00:10,assists,3.5,-393.0,,True,draftkings,2026-05-03T22:12:43.754976
Joel Embiid,,,b11391b35b7a0cf79deeef3bb3eb9009,2026-05-05,00:10,assists,4.5,-175.0,,True,draftkings,2026-05-03T22:12:43.754978
Joel Embiid,,,b11391b35b7a0cf79deeef3bb3eb9009,2026-05-05,00:10,assists,5.5,114.0,,True,draftkings,2026-05-03T22:12:43.754979
Joel Embiid,,,b11391b35b7a0cf79deeef3bb3eb9009,2026-05-05,00:10,assists,6.5,221.0,,True,draftkings,2026-05-03T22:12:43.754981
Joel Embiid,,,b11391b35b7a0cf79deeef3bb3eb9009,2026-05-05,00:10,assists,7.5,400.0,,True,draftkings,2026-05-03T22:12:43.754983
Joel Embiid,,,b11391b35b7a0cf79deeef3bb3eb9009,2026-05-05,00:10,assists,8.5,720.0,,True,draftkings,2026-05-03T22:12:43.754984
Joel Embiid,,,b11391b35b7a0cf79deeef3bb3eb9009,2026-05-05,00:10,assists,9.5,1240.0,,True,draftkings,2026-05-03T22:12:43.754986
Joel Embiid,,,b11391b35b7a0cf79deeef3bb3eb9009,2026-05-05,00:10,assists,10.5,2000.0,,True,draftkings,2026-05-03T22:12:43.754988
Joel Embiid,,,b11391b35b7a0cf79deeef3bb3eb9009,2026-05-05,00:10,assists,11.5,2800.0,,True,draftkings,2026-05-03T22:12:43.754990
Josh Hart,,,b11391b35b7a0cf79deeef3bb3eb9009,2026-05-05,00:10,assists,2.5,-488.0,,True,draftkings,2026-05-03T22:12:43.754991
Josh Hart,,,b11391b35b7a0cf79deeef3bb3eb9009,2026-05-05,00:10,assists,3.5,-212.0,,True,draftkings,2026-05-03T22:12:43.754993
Josh Hart,,,b11391b35b7a0cf79deeef3bb3eb9009,2026-05-05,00:10,assists,4.5,-108.0,,True,draftkings,2026-05-03T22:12:43.754995
Josh Hart,,,b11391b35b7a0cf79deeef3bb3eb9009,2026-05-05,00:10,assists,5.5,172.0,,True,draftkings,2026-05-03T22:12:43.754996
Josh Hart,,,b11391b35b7a0cf79deeef3bb3eb9009,2026-05-05,00:10,assists,6.5,313.0,,True,draftkings,2026-05-03T22:12:43.754998
Josh Hart,,,b11391b35b7a0cf79deeef3bb3eb9009,2026-05-05,00:10,assists,7.5,546.0,,True,draftkings,2026-05-03T22:12:43.755000
Josh Hart,,,b11391b35b7a0cf79deeef3bb3eb9009,2026-05-05,00:10,assists,8.5,930.0,,True,draftkings,2026-05-03T22:12:43.755001
Josh Hart,,,b11391b35b7a0cf79deeef3bb3eb9009,2026-05-05,00:10,assists,9.5,1560.0,,True,draftkings,2026-05-03T22:12:43.755003
Josh Hart,,,b11391b35b7a0cf79deeef3bb3eb9009,2026-05-05,00:10,assists,10.5,2400.0,,True,draftkings,2026-05-03T22:12:43.755005
Karl-Anthony Towns,,,b11391b35b7a0cf79deeef3bb3eb9009,2026-05-05,00:10,assists,2.5,-357.0,,True,draftkings,2026-05-03T22:12:43.755007
Karl-Anthony Towns,,,b11391b35b7a0cf79deeef3bb3eb9009,2026-05-05,00:10,assists,3.5,-156.0,,True,draftkings,2026-05-03T22:12:43.755008
Karl-Anthony Towns,,,b11391b35b7a0cf79deeef3bb3eb9009,2026-05-05,00:10,assists,4.5,126.0,,True,draftkings,2026-05-03T22:12:43.755010
Karl-Anthony Towns,,,b11391b35b7a0cf79deeef3bb3eb9009,2026-05-05,00:10,assists,5.5,236.0,,True,draftkings,2026-05-03T22:12:43.755012
Karl-Anthony Towns,,,b11391b35b7a0cf79deeef3bb3eb9009,2026-05-05,00:10,assists,6.5,428.0,,True,draftkings,2026-05-03T22:12:43.755013
Karl-Anthony Towns,,,b11391b35b7a0cf79deeef3bb3eb9009,2026-05-05,00:10,assists,7.5,760.0,,True,draftkings,2026-05-03T22:12:43.755015
Karl-Anthony Towns,,,b11391b35b7a0cf79deeef3bb3eb9009,2026-05-05,00:10,assists,8.5,1300.0,,True,draftkings,2026-05-03T22:12:43.755017
Karl-Anthony Towns,,,b11391b35b7a0cf79deeef3bb3eb9009,2026-05-05,00:10,assists,9.5,2000.0,,True,draftkings,2026-05-03T22:12:43.755019
Paul George,,,b11391b35b7a0cf79deeef3bb3eb9009,2026-05-05,00:10,assists,2.5,-209.0,,True,draftkings,2026-05-03T22:12:43.755020
Paul George,,,b11391b35b7a0cf79deeef3bb3eb9009,2026-05-05,00:10,assists,3.5,116.0,,True,draftkings,2026-05-03T22:12:43.755022
Paul George,,,b11391b35b7a0cf79deeef3bb3eb9009,2026-05-05,00:10,assists,4.5,257.0,,True,draftkings,2026-05-03T22:12:43.755024
Paul George,,,b11391b35b7a0cf79deeef3bb3eb9009,2026-05-05,00:10,assists,5.5,543.0,,True,draftkings,2026-05-03T22:12:43.755026
Paul George,,,b11391b35b7a0cf79deeef3bb3eb9009,2026-05-05,00:10,assists,6.5,1080.0,,True,draftkings,2026-05-03T22:12:43.755027
Paul George,,,b11391b35b7a0cf79deeef3bb3eb9009,2026-05-05,00:10,assists,7.5,1980.0,,True,draftkings,2026-05-03T22:12:43.755029
VJ Edgecombe,,,b11391b35b7a0cf79deeef3bb3eb9009,2026-05-05,00:10,assists,2.5,-178.0,,True,draftkings,2026-05-03T22:12:43.755031
VJ Edgecombe,,,b11391b35b7a0cf79deeef3bb3eb9009,2026-05-05,00:10,assists,3.5,133.0,,True,draftkings,2026-05-03T22:12:43.755033
VJ Edgecombe,,,b11391b35b7a0cf79deeef3bb3eb9009,2026-05-05,00:10,assists,4.5,299.0,,True,draftkings,2026-05-03T22:12:43.755034
VJ Edgecombe,,,b11391b35b7a0cf79deeef3bb3eb9009,2026-05-05,00:10,assists,5.5,620.0,,True,draftkings,2026-05-03T22:12:43.755036
VJ Edgecombe,,,b11391b35b7a0cf79deeef3bb3eb9009,2026-05-05,00:10,assists,6.5,1220.0,,True,draftkings,2026-05-03T22:12:43.755038
VJ Edgecombe,,,b11391b35b7a0cf79deeef3bb3eb9009,2026-05-05,00:10,assists,7.5,2200.0,,True,draftkings,2026-05-03T22:12:43.755040
Mikal Bridges,,,b11391b35b7a0cf79deeef3bb3eb9009,2026-05-05,00:10,assists,2.5,107.0,,True,draftkings,2026-05-03T22:12:43.755041
Mikal Bridges,,,b11391b35b7a0cf79deeef3bb3eb9009,2026-05-05,00:10,assists,3.5,264.0,,True,draftkings,2026-05-03T22:12:43.755043
Mikal Bridges,,,b11391b35b7a0cf79deeef3bb3eb9009,2026-05-05,00:10,assists,4.5,620.0,,True,draftkings,2026-05-03T22:12:43.755045
Mikal Bridges,,,b11391b35b7a0cf79deeef3bb3eb9009,2026-05-05,00:10,assists,5.5,1380.0,,True,draftkings,2026-05-03T22:12:43.755046
Mikal Bridges,,,b11391b35b7a0cf79deeef3bb3eb9009,2026-05-05,00:10,assists,6.5,2500.0,,True,draftkings,2026-05-03T22:12:43.755048
OG Anunoby,,,b11391b35b7a0cf79deeef3bb3eb9009,2026-05-05,00:10,assists,1.5,-108.0,,True,draftkings,2026-05-03T22:12:43.755050
OG Anunoby,,,b11391b35b7a0cf79deeef3bb3eb9009,2026-05-05,00:10,assists,2.5,285.0,,True,draftkings,2026-05-03T22:12:43.755052
OG Anunoby,,,b11391b35b7a0cf79deeef3bb3eb9009,2026-05-05,00:10,assists,3.5,760.0,,True,draftkings,2026-05-03T22:12:43.755053
OG Anunoby,,,b11391b35b7a0cf79deeef3bb3eb9009,2026-05-05,00:10,assists,4.5,1780.0,,True,draftkings,2026-05-03T22:12:43.755055
Kelly Oubre Jr,,,b11391b35b7a0cf79deeef3bb3eb9009,2026-05-05,00:10,assists,1.5,144.0,,True,draftkings,2026-05-03T22:12:43.755057
Kelly Oubre Jr,,,b11391b35b7a0cf79deeef3bb3eb9009,2026-05-05,00:10,assists,2.5,469.0,,True,draftkings,2026-05-03T22:12:43.755058
Kelly Oubre Jr,,,b11391b35b7a0cf79deeef3bb3eb9009,2026-05-05,00:10,assists,3.5,1280.0,,True,draftkings,2026-05-03T22:12:43.755060
Kelly Oubre Jr,,,b11391b35b7a0cf79deeef3bb3eb9009,2026-05-05,00:10,assists,4.5,2700.0,,True,draftkings,2026-05-03T22:12:43.755062
Jalen Brunson,,,b11391b35b7a0cf79deeef3bb3eb9009,2026-05-05,00:10,points,27.5,-117.0,-109.0,False,draftkings,2026-05-03T22:12:43.755079
Joel Embiid,,,b11391b35b7a0cf79deeef3bb3eb9009,2026-05-05,00:10,points,26.5,-115.0,-111.0,False,draftkings,2026-05-03T22:12:43.755081
Tyrese Maxey,,,b11391b35b7a0cf79deeef3bb3eb9009,2026-05-05,00:10,points,25.5,-106.0,-120.0,False,draftkings,2026-05-03T22:12:43.755083
Karl-Anthony Towns,,,b11391b35b7a0cf79deeef3bb3eb9009,2026-05-05,00:10,points,19.5,-106.0,-121.0,False,draftkings,2026-05-03T22:12:43.755085
OG Anunoby,,,b11391b35b7a0cf79deeef3bb3eb9009,2026-05-05,00:10,points,17.5,-103.0,-124.0,False,draftkings,2026-05-03T22:12:43.755086
Paul George,,,b11391b35b7a0cf79deeef3bb3eb9009,2026-05-05,00:10,points,14.5,-124.0,-103.0,False,draftkings,2026-05-03T22:12:43.755088
VJ Edgecombe,,,b11391b35b7a0cf79deeef3bb3eb9009,2026-05-05,00:10,points,12.5,-104.0,-123.0,False,draftkings,2026-05-03T22:12:43.755090
Josh Hart,,,b11391b35b7a0cf79deeef3bb3eb9009,2026-05-05,00:10,points,11.5,-110.0,-116.0,False,draftkings,2026-05-03T22:12:43.755091
Mikal Bridges,,,b11391b35b7a0cf79deeef3bb3eb9009,2026-05-05,00:10,points,10.5,-101.0,-126.0,False,draftkings,2026-05-03T22:12:43.755093
Kelly Oubre Jr,,,b11391b35b7a0cf79deeef3bb3eb9009,2026-05-05,00:10,points,9.5,-103.0,-124.0,False,draftkings,2026-05-03T22:12:43.755095
Miles McBride,,,b11391b35b7a0cf79deeef3bb3eb9009,2026-05-05,00:10,points,7.5,-115.0,-110.0,False,draftkings,2026-05-03T22:12:43.755096
Quentin Grimes,,,b11391b35b7a0cf79deeef3bb3eb9009,2026-05-05,00:10,points,6.5,-105.0,-122.0,False,draftkings,2026-05-03T22:12:43.755098
Mitchell Robinson,,,b11391b35b7a0cf79deeef3bb3eb9009,2026-05-05,00:10,points,4.5,-108.0,-118.0,False,draftkings,2026-05-03T22:12:43.755100
Jalen Brunson,,,b11391b35b7a0cf79deeef3bb3eb9009,2026-05-05,00:10,points,17.5,-1360.0,,True,draftkings,2026-05-03T22:12:43.755152
Jalen Brunson,,,b11391b35b7a0cf79deeef3bb3eb9009,2026-05-05,00:10,points,19.5,-710.0,,True,draftkings,2026-05-03T22:12:43.755154
Jalen Brunson,,,b11391b35b7a0cf79deeef3bb3eb9009,2026-05-05,00:10,points,24.5,-215.0,,True,draftkings,2026-05-03T22:12:43.755156
Jalen Brunson,,,b11391b35b7a0cf79deeef3bb3eb9009,2026-05-05,00:10,points,27.5,-115.0,,True,draftkings,2026-05-03T22:12:43.755157
Jalen Brunson,,,b11391b35b7a0cf79deeef3bb3eb9009,2026-05-05,00:10,points,29.5,129.0,,True,draftkings,2026-05-03T22:12:43.755159
Jalen Brunson,,,b11391b35b7a0cf79deeef3bb3eb9009,2026-05-05,00:10,points,34.5,336.0,,True,draftkings,2026-05-03T22:12:43.755161
Jalen Brunson,,,b11391b35b7a0cf79deeef3bb3eb9009,2026-05-05,00:10,points,39.5,880.0,,True,draftkings,2026-05-03T22:12:43.755162
Jalen Brunson,,,b11391b35b7a0cf79deeef3bb3eb9009,2026-05-05,00:10,points,44.5,2000.0,,True,draftkings,2026-05-03T22:12:43.755164
Joel Embiid,,,b11391b35b7a0cf79deeef3bb3eb9009,2026-05-05,00:10,points,14.5,-2800.0,,True,draftkings,2026-05-03T22:12:43.755166
Joel Embiid,,,b11391b35b7a0cf79deeef3bb3eb9009,2026-05-05,00:10,points,17.5,-930.0,,True,draftkings,2026-05-03T22:12:43.755167
Joel Embiid,,,b11391b35b7a0cf79deeef3bb3eb9009,2026-05-05,00:10,points,19.5,-521.0,,True,draftkings,2026-05-03T22:12:43.755169
Joel Embiid,,,b11391b35b7a0cf79deeef3bb3eb9009,2026-05-05,00:10,points,24.5,-169.0,,True,draftkings,2026-05-03T22:12:43.755171
Joel Embiid,,,b11391b35b7a0cf79deeef3bb3eb9009,2026-05-05,00:10,points,26.5,-115.0,,True,draftkings,2026-05-03T22:12:43.755173
Joel Embiid,,,b11391b35b7a0cf79deeef3bb3eb9009,2026-05-05,00:10,points,29.5,155.0,,True,draftkings,2026-05-03T22:12:43.755175
Joel Embiid,,,b11391b35b7a0cf79deeef3bb3eb9009,2026-05-05,00:10,points,34.5,395.0,,True,draftkings,2026-05-03T22:12:43.755176
Joel Embiid,,,b11391b35b7a0cf79deeef3bb3eb9009,2026-05-05,00:10,points,39.5,1000.0,,True,draftkings,2026-05-03T22:12:43.755178
Joel Embiid,,,b11391b35b7a0cf79deeef3bb3eb9009,2026-05-05,00:10,points,44.5,2200.0,,True,draftkings,2026-05-03T22:12:43.755180
Tyrese Maxey,,,b11391b35b7a0cf79deeef3bb3eb9009,2026-05-05,00:10,points,14.5,-1540.0,,True,draftkings,2026-05-03T22:12:43.755181
Tyrese Maxey,,,b11391b35b7a0cf79deeef3bb3eb9009,2026-05-05,00:10,points,17.5,-610.0,,True,draftkings,2026-05-03T22:12:43.755183
Tyrese Maxey,,,b11391b35b7a0cf79deeef3bb3eb9009,2026-05-05,00:10,points,19.5,-365.0,,True,draftkings,2026-05-03T22:12:43.755185
Tyrese Maxey,,,b11391b35b7a0cf79deeef3bb3eb9009,2026-05-05,00:10,points,24.5,-128.0,,True,draftkings,2026-05-03T22:12:43.755187
Tyrese Maxey,,,b11391b35b7a0cf79deeef3bb3eb9009,2026-05-05,00:10,points,25.5,-106.0,,True,draftkings,2026-05-03T22:12:43.755188
Tyrese Maxey,,,b11391b35b7a0cf79deeef3bb3eb9009,2026-05-05,00:10,points,29.5,201.0,,True,draftkings,2026-05-03T22:12:43.755190
Tyrese Maxey,,,b11391b35b7a0cf79deeef3bb3eb9009,2026-05-05,00:10,points,34.5,493.0,,True,draftkings,2026-05-03T22:12:43.755192
Tyrese Maxey,,,b11391b35b7a0cf79deeef3bb3eb9009,2026-05-05,00:10,points,39.5,1180.0,,True,draftkings,2026-05-03T22:12:43.755193
Tyrese Maxey,,,b11391b35b7a0cf79deeef3bb3eb9009,2026-05-05,00:10,points,44.5,2300.0,,True,draftkings,2026-05-03T22:12:43.755195
Karl-Anthony Towns,,,b11391b35b7a0cf79deeef3bb3eb9009,2026-05-05,00:10,points,9.5,-3600.0,,True,draftkings,2026-05-03T22:12:43.755197
Karl-Anthony Towns,,,b11391b35b7a0cf79deeef3bb3eb9009,2026-05-05,00:10,points,11.5,-1180.0,,True,draftkings,2026-05-03T22:12:43.755199
Karl-Anthony Towns,,,b11391b35b7a0cf79deeef3bb3eb9009,2026-05-05,00:10,points,14.5,-397.0,,True,draftkings,2026-05-03T22:12:43.755200
Karl-Anthony Towns,,,b11391b35b7a0cf79deeef3bb3eb9009,2026-05-05,00:10,points,17.5,-172.0,,True,draftkings,2026-05-03T22:12:43.755202
Karl-Anthony Towns,,,b11391b35b7a0cf79deeef3bb3eb9009,2026-05-05,00:10,points,19.5,-104.0,,True,draftkings,2026-05-03T22:12:43.755204
Karl-Anthony Towns,,,b11391b35b7a0cf79deeef3bb3eb9009,2026-05-05,00:10,points,24.5,314.0,,True,draftkings,2026-05-03T22:12:43.755205
Karl-Anthony Towns,,,b11391b35b7a0cf79deeef3bb3eb9009,2026-05-05,00:10,points,29.5,990.0,,True,draftkings,2026-05-03T22:12:43.755207
Karl-Anthony Towns,,,b11391b35b7a0cf79deeef3bb3eb9009,2026-05-05,00:10,points,34.5,2500.0,,True,draftkings,2026-05-03T22:12:43.755209
OG Anunoby,,,b11391b35b7a0cf79deeef3bb3eb9009,2026-05-05,00:10,points,7.5,-2900.0,,True,draftkings,2026-05-03T22:12:43.755211
OG Anunoby,,,b11391b35b7a0cf79deeef3bb3eb9009,2026-05-05,00:10,points,9.5,-1080.0,,True,draftkings,2026-05-03T22:12:43.755212
OG Anunoby,,,b11391b35b7a0cf79deeef3bb3eb9009,2026-05-05,00:10,points,11.5,-513.0,,True,draftkings,2026-05-03T22:12:43.755214
OG Anunoby,,,b11391b35b7a0cf79deeef3bb3eb9009,2026-05-05,00:10,points,14.5,-213.0,,True,draftkings,2026-05-03T22:12:43.755216
OG Anunoby,,,b11391b35b7a0cf79deeef3bb3eb9009,2026-05-05,00:10,points,17.5,-102.0,,True,draftkings,2026-05-03T22:12:43.755217
OG Anunoby,,,b11391b35b7a0cf79deeef3bb3eb9009,2026-05-05,00:10,points,19.5,157.0,,True,draftkings,2026-05-03T22:12:43.755219
OG Anunoby,,,b11391b35b7a0cf79deeef3bb3eb9009,2026-05-05,00:10,points,24.5,470.0,,True,draftkings,2026-05-03T22:12:43.755221
OG Anunoby,,,b11391b35b7a0cf79deeef3bb3eb9009,2026-05-05,00:10,points,29.5,1340.0,,True,draftkings,2026-05-03T22:12:43.755223
OG Anunoby,,,b11391b35b7a0cf79deeef3bb3eb9009,2026-05-05,00:10,points,34.5,3000.0,,True,draftkings,2026-05-03T22:12:43.755224
Paul George,,,b11391b35b7a0cf79deeef3bb3eb9009,2026-05-05,00:10,points,5.5,-3300.0,,True,draftkings,2026-05-03T22:12:43.755226
Paul George,,,b11391b35b7a0cf79deeef3bb3eb9009,2026-05-05,00:10,points,7.5,-1080.0,,True,draftkings,2026-05-03T22:12:43.755228
Paul George,,,b11391b35b7a0cf79deeef3bb3eb9009,2026-05-05,00:10,points,9.5,-501.0,,True,draftkings,2026-05-03T22:12:43.755229
Paul George,,,b11391b35b7a0cf79deeef3bb3eb9009,2026-05-05,00:10,points,11.5,-272.0,,True,draftkings,2026-05-03T22:12:43.755231
Paul George,,,b11391b35b7a0cf79deeef3bb3eb9009,2026-05-05,00:10,points,14.5,-125.0,,True,draftkings,2026-05-03T22:12:43.755233
Paul George,,,b11391b35b7a0cf79deeef3bb3eb9009,2026-05-05,00:10,points,17.5,161.0,,True,draftkings,2026-05-03T22:12:43.755235
Paul George,,,b11391b35b7a0cf79deeef3bb3eb9009,2026-05-05,00:10,points,19.5,252.0,,True,draftkings,2026-05-03T22:12:43.755236
Paul George,,,b11391b35b7a0cf79deeef3bb3eb9009,2026-05-05,00:10,points,24.5,730.0,,True,draftkings,2026-05-03T22:12:43.755238
Paul George,,,b11391b35b7a0cf79deeef3bb3eb9009,2026-05-05,00:10,points,29.5,1880.0,,True,draftkings,2026-05-03T22:12:43.755240
VJ Edgecombe,,,b11391b35b7a0cf79deeef3bb3eb9009,2026-05-05,00:10,points,5.5,-1120.0,,True,draftkings,2026-05-03T22:12:43.755242
VJ Edgecombe,,,b11391b35b7a0cf79deeef3bb3eb9009,2026-05-05,00:10,points,7.5,-464.0,,True,draftkings,2026-05-03T22:12:43.755243
VJ Edgecombe,,,b11391b35b7a0cf79deeef3bb3eb9009,2026-05-05,00:10,points,9.5,-237.0,,True,draftkings,2026-05-03T22:12:43.755245
VJ Edgecombe,,,b11391b35b7a0cf79deeef3bb3eb9009,2026-05-05,00:10,points,11.5,-132.0,,True,draftkings,2026-05-03T22:12:43.755247
VJ Edgecombe,,,b11391b35b7a0cf79deeef3bb3eb9009,2026-05-05,00:10,points,12.5,-101.0,,True,draftkings,2026-05-03T22:12:43.755249
VJ Edgecombe,,,b11391b35b7a0cf79deeef3bb3eb9009,2026-05-05,00:10,points,14.5,166.0,,True,draftkings,2026-05-03T22:12:43.755250
VJ Edgecombe,,,b11391b35b7a0cf79deeef3bb3eb9009,2026-05-05,00:10,points,17.5,342.0,,True,draftkings,2026-05-03T22:12:43.755252
VJ Edgecombe,,,b11391b35b7a0cf79deeef3bb3eb9009,2026-05-05,00:10,points,19.5,543.0,,True,draftkings,2026-05-03T22:12:43.755254
VJ Edgecombe,,,b11391b35b7a0cf79deeef3bb3eb9009,2026-05-05,00:10,points,24.5,1540.0,,True,draftkings,2026-05-03T22:12:43.755255
Josh Hart,,,b11391b35b7a0cf79deeef3bb3eb9009,2026-05-05,00:10,points,5.5,-1020.0,,True,draftkings,2026-05-03T22:12:43.755258
Josh Hart,,,b11391b35b7a0cf79deeef3bb3eb9009,2026-05-05,00:10,points,7.5,-421.0,,True,draftkings,2026-05-03T22:12:43.755260
Josh Hart,,,b11391b35b7a0cf79deeef3bb3eb9009,2026-05-05,00:10,points,9.5,-209.0,,True,draftkings,2026-05-03T22:12:43.755261
Josh Hart,,,b11391b35b7a0cf79deeef3bb3eb9009,2026-05-05,00:10,points,11.5,-110.0,,True,draftkings,2026-05-03T22:12:43.755263
Josh Hart,,,b11391b35b7a0cf79deeef3bb3eb9009,2026-05-05,00:10,points,14.5,209.0,,True,draftkings,2026-05-03T22:12:43.755265
Josh Hart,,,b11391b35b7a0cf79deeef3bb3eb9009,2026-05-05,00:10,points,17.5,450.0,,True,draftkings,2026-05-03T22:12:43.755266
Josh Hart,,,b11391b35b7a0cf79deeef3bb3eb9009,2026-05-05,00:10,points,19.5,750.0,,True,draftkings,2026-05-03T22:12:43.755268
Josh Hart,,,b11391b35b7a0cf79deeef3bb3eb9009,2026-05-05,00:10,points,24.5,2400.0,,True,draftkings,2026-05-03T22:12:43.755270
Mikal Bridges,,,b11391b35b7a0cf79deeef3bb3eb9009,2026-05-05,00:10,points,5.5,-660.0,,True,draftkings,2026-05-03T22:12:43.755271
Mikal Bridges,,,b11391b35b7a0cf79deeef3bb3eb9009,2026-05-05,00:10,points,7.5,-276.0,,True,draftkings,2026-05-03T22:12:43.755273
Mikal Bridges,,,b11391b35b7a0cf79deeef3bb3eb9009,2026-05-05,00:10,points,9.5,-138.0,,True,draftkings,2026-05-03T22:12:43.755275
Mikal Bridges,,,b11391b35b7a0cf79deeef3bb3eb9009,2026-05-05,00:10,points,10.5,100.0,,True,draftkings,2026-05-03T22:12:43.755276
Mikal Bridges,,,b11391b35b7a0cf79deeef3bb3eb9009,2026-05-05,00:10,points,11.5,136.0,,True,draftkings,2026-05-03T22:12:43.755278
Mikal Bridges,,,b11391b35b7a0cf79deeef3bb3eb9009,2026-05-05,00:10,points,14.5,315.0,,True,draftkings,2026-05-03T22:12:43.755280
Mikal Bridges,,,b11391b35b7a0cf79deeef3bb3eb9009,2026-05-05,00:10,points,17.5,700.0,,True,draftkings,2026-05-03T22:12:43.755282
Mikal Bridges,,,b11391b35b7a0cf79deeef3bb3eb9009,2026-05-05,00:10,points,19.5,1180.0,,True,draftkings,2026-05-03T22:12:43.755283
Kelly Oubre Jr,,,b11391b35b7a0cf79deeef3bb3eb9009,2026-05-05,00:10,points,5.5,-442.0,,True,draftkings,2026-05-03T22:12:43.755285
Kelly Oubre Jr,,,b11391b35b7a0cf79deeef3bb3eb9009,2026-05-05,00:10,points,7.5,-198.0,,True,draftkings,2026-05-03T22:12:43.755287
Kelly Oubre Jr,,,b11391b35b7a0cf79deeef3bb3eb9009,2026-05-05,00:10,points,9.5,-103.0,,True,draftkings,2026-05-03T22:12:43.755288
Kelly Oubre Jr,,,b11391b35b7a0cf79deeef3bb3eb9009,2026-05-05,00:10,points,11.5,174.0,,True,draftkings,2026-05-03T22:12:43.755290
Kelly Oubre Jr,,,b11391b35b7a0cf79deeef3bb3eb9009,2026-05-05,00:10,points,14.5,408.0,,True,draftkings,2026-05-03T22:12:43.755292
Kelly Oubre Jr,,,b11391b35b7a0cf79deeef3bb3eb9009,2026-05-05,00:10,points,17.5,910.0,,True,draftkings,2026-05-03T22:12:43.755293
Kelly Oubre Jr,,,b11391b35b7a0cf79deeef3bb3eb9009,2026-05-05,00:10,points,19.5,1480.0,,True,draftkings,2026-05-03T22:12:43.755295
Miles McBride,,,b11391b35b7a0cf79deeef3bb3eb9009,2026-05-05,00:10,points,5.5,-230.0,,True,draftkings,2026-05-03T22:12:43.755297
Miles McBride,,,b11391b35b7a0cf79deeef3bb3eb9009,2026-05-05,00:10,points,7.5,-117.0,,True,draftkings,2026-05-03T22:12:43.755299
Miles McBride,,,b11391b35b7a0cf79deeef3bb3eb9009,2026-05-05,00:10,points,9.5,168.0,,True,draftkings,2026-05-03T22:12:43.755300
Miles McBride,,,b11391b35b7a0cf79deeef3bb3eb9009,2026-05-05,00:10,points,11.5,294.0,,True,draftkings,2026-05-03T22:12:43.755302
Miles McBride,,,b11391b35b7a0cf79deeef3bb3eb9009,2026-05-05,00:10,points,14.5,650.0,,True,draftkings,2026-05-03T22:12:43.755304
Miles McBride,,,b11391b35b7a0cf79deeef3bb3eb9009,2026-05-05,00:10,points,17.5,1340.0,,True,draftkings,2026-05-03T22:12:43.755305
Miles McBride,,,b11391b35b7a0cf79deeef3bb3eb9009,2026-05-05,00:10,points,19.5,1980.0,,True,draftkings,2026-05-03T22:12:43.755307
Quentin Grimes,,,b11391b35b7a0cf79deeef3bb3eb9009,2026-05-05,00:10,points,5.5,-149.0,,True,draftkings,2026-05-03T22:12:43.755309
Quentin Grimes,,,b11391b35b7a0cf79deeef3bb3eb9009,2026-05-05,00:10,points,6.5,-104.0,,True,draftkings,2026-05-03T22:12:43.755310
Quentin Grimes,,,b11391b35b7a0cf79deeef3bb3eb9009,2026-05-05,00:10,points,7.5,132.0,,True,draftkings,2026-05-03T22:12:43.755312
Quentin Grimes,,,b11391b35b7a0cf79deeef3bb3eb9009,2026-05-05,00:10,points,9.5,257.0,,True,draftkings,2026-05-03T22:12:43.755314
Quentin Grimes,,,b11391b35b7a0cf79deeef3bb3eb9009,2026-05-05,00:10,points,11.5,467.0,,True,draftkings,2026-05-03T22:12:43.755316
Quentin Grimes,,,b11391b35b7a0cf79deeef3bb3eb9009,2026-05-05,00:10,points,14.5,1060.0,,True,draftkings,2026-05-03T22:12:43.755317
Quentin Grimes,,,b11391b35b7a0cf79deeef3bb3eb9009,2026-05-05,00:10,points,17.5,2100.0,,True,draftkings,2026-05-03T22:12:43.755321
Quentin Grimes,,,b11391b35b7a0cf79deeef3bb3eb9009,2026-05-05,00:10,points,19.5,3000.0,,True,draftkings,2026-05-03T22:12:43.755323
Mitchell Robinson,,,b11391b35b7a0cf79deeef3bb3eb9009,2026-05-05,00:10,points,4.5,-109.0,,True,draftkings,2026-05-03T22:12:43.755325
Mitchell Robinson,,,b11391b35b7a0cf79deeef3bb3eb9009,2026-05-05,00:10,points,5.5,121.0,,True,draftkings,2026-05-03T22:12:43.755327
Mitchell Robinson,,,b11391b35b7a0cf79deeef3bb3eb9009,2026-05-05,00:10,points,7.5,297.0,,True,draftkings,2026-05-03T22:12:43.755328
Mitchell Robinson,,,b11391b35b7a0cf79deeef3bb3eb9009,2026-05-05,00:10,points,9.5,670.0,,True,draftkings,2026-05-03T22:12:43.755330
Mitchell Robinson,,,b11391b35b7a0cf79deeef3bb3eb9009,2026-05-05,00:10,points,11.5,1360.0,,True,draftkings,2026-05-03T22:12:43.755332
Karl-Anthony Towns,,,b11391b35b7a0cf79deeef3bb3eb9009,2026-05-05,00:10,rebounds,11.5,-109.0,-120.0,False,draftkings,2026-05-03T22:12:43.755349
Joel Embiid,,,b11391b35b7a0cf79deeef3bb3eb9009,2026-05-05,00:10,rebounds,8.5,-145.0,110.0,False,draftkings,2026-05-03T22:12:43.755351
Josh Hart,,,b11391b35b7a0cf79deeef3bb3eb9009,2026-05-05,00:10,rebounds,8.5,101.0,-133.0,False,draftkings,2026-05-03T22:12:43.755353
OG Anunoby,,,b11391b35b7a0cf79deeef3bb3eb9009,2026-05-05,00:10,rebounds,6.5,-137.0,104.0,False,draftkings,2026-05-03T22:12:43.755355
Mitchell Robinson,,,b11391b35b7a0cf79deeef3bb3eb9009,2026-05-05,00:10,rebounds,6.5,-134.0,102.0,False,draftkings,2026-05-03T22:12:43.755356
VJ Edgecombe,,,b11391b35b7a0cf79deeef3bb3eb9009,2026-05-05,00:10,rebounds,5.5,-118.0,-111.0,False,draftkings,2026-05-03T22:12:43.755358
Kelly Oubre Jr,,,b11391b35b7a0cf79deeef3bb3eb9009,2026-05-05,00:10,rebounds,5.5,112.0,-148.0,False,draftkings,2026-05-03T22:12:43.755360
Paul George,,,b11391b35b7a0cf79deeef3bb3eb9009,2026-05-05,00:10,rebounds,4.5,-150.0,114.0,False,draftkings,2026-05-03T22:12:43.755362
Tyrese Maxey,,,b11391b35b7a0cf79deeef3bb3eb9009,2026-05-05,00:10,rebounds,3.5,-137.0,104.0,False,draftkings,2026-05-03T22:12:43.755363
Jalen Brunson,,,b11391b35b7a0cf79deeef3bb3eb9009,2026-05-05,00:10,rebounds,2.5,-178.0,135.0,False,draftkings,2026-05-03T22:12:43.755365
Mikal Bridges,,,b11391b35b7a0cf79deeef3bb3eb9009,2026-05-05,00:10,rebounds,2.5,-106.0,-124.0,False,draftkings,2026-05-03T22:12:43.755367
Karl-Anthony Towns,,,b11391b35b7a0cf79deeef3bb3eb9009,2026-05-05,00:10,rebounds,6.5,-2000.0,,True,draftkings,2026-05-03T22:12:43.755420
Karl-Anthony Towns,,,b11391b35b7a0cf79deeef3bb3eb9009,2026-05-05,00:10,rebounds,7.5,-940.0,,True,draftkings,2026-05-03T22:12:43.755422
Karl-Anthony Towns,,,b11391b35b7a0cf79deeef3bb3eb9009,2026-05-05,00:10,rebounds,8.5,-481.0,,True,draftkings,2026-05-03T22:12:43.755424
Karl-Anthony Towns,,,b11391b35b7a0cf79deeef3bb3eb9009,2026-05-05,00:10,rebounds,9.5,-281.0,,True,draftkings,2026-05-03T22:12:43.755425
Karl-Anthony Towns,,,b11391b35b7a0cf79deeef3bb3eb9009,2026-05-05,00:10,rebounds,10.5,-169.0,,True,draftkings,2026-05-03T22:12:43.755429
Karl-Anthony Towns,,,b11391b35b7a0cf79deeef3bb3eb9009,2026-05-05,00:10,rebounds,11.5,-108.0,,True,draftkings,2026-05-03T22:12:43.755431
Karl-Anthony Towns,,,b11391b35b7a0cf79deeef3bb3eb9009,2026-05-05,00:10,rebounds,12.5,143.0,,True,draftkings,2026-05-03T22:12:43.755433
Karl-Anthony Towns,,,b11391b35b7a0cf79deeef3bb3eb9009,2026-05-05,00:10,rebounds,13.5,217.0,,True,draftkings,2026-05-03T22:12:43.755434
Karl-Anthony Towns,,,b11391b35b7a0cf79deeef3bb3eb9009,2026-05-05,00:10,rebounds,14.5,328.0,,True,draftkings,2026-05-03T22:12:43.755436
Karl-Anthony Towns,,,b11391b35b7a0cf79deeef3bb3eb9009,2026-05-05,00:10,rebounds,15.5,490.0,,True,draftkings,2026-05-03T22:12:43.755438
Karl-Anthony Towns,,,b11391b35b7a0cf79deeef3bb3eb9009,2026-05-05,00:10,rebounds,16.5,730.0,,True,draftkings,2026-05-03T22:12:43.755440
Karl-Anthony Towns,,,b11391b35b7a0cf79deeef3bb3eb9009,2026-05-05,00:10,rebounds,17.5,1080.0,,True,draftkings,2026-05-03T22:12:43.755441
Karl-Anthony Towns,,,b11391b35b7a0cf79deeef3bb3eb9009,2026-05-05,00:10,rebounds,18.5,1520.0,,True,draftkings,2026-05-03T22:12:43.755443
Karl-Anthony Towns,,,b11391b35b7a0cf79deeef3bb3eb9009,2026-05-05,00:10,rebounds,19.5,2100.0,,True,draftkings,2026-05-03T22:12:43.755445
Joel Embiid,,,b11391b35b7a0cf79deeef3bb3eb9009,2026-05-05,00:10,rebounds,4.5,-2400.0,,True,draftkings,2026-05-03T22:12:43.755446
Joel Embiid,,,b11391b35b7a0cf79deeef3bb3eb9009,2026-05-05,00:10,rebounds,5.5,-900.0,,True,draftkings,2026-05-03T22:12:43.755448
Joel Embiid,,,b11391b35b7a0cf79deeef3bb3eb9009,2026-05-05,00:10,rebounds,6.5,-439.0,,True,draftkings,2026-05-03T22:12:43.755450
Joel Embiid,,,b11391b35b7a0cf79deeef3bb3eb9009,2026-05-05,00:10,rebounds,7.5,-244.0,,True,draftkings,2026-05-03T22:12:43.755452
Joel Embiid,,,b11391b35b7a0cf79deeef3bb3eb9009,2026-05-05,00:10,rebounds,8.5,-142.0,,True,draftkings,2026-05-03T22:12:43.755453
Joel Embiid,,,b11391b35b7a0cf79deeef3bb3eb9009,2026-05-05,00:10,rebounds,9.5,115.0,,True,draftkings,2026-05-03T22:12:43.755455
Joel Embiid,,,b11391b35b7a0cf79deeef3bb3eb9009,2026-05-05,00:10,rebounds,10.5,184.0,,True,draftkings,2026-05-03T22:12:43.755457
Joel Embiid,,,b11391b35b7a0cf79deeef3bb3eb9009,2026-05-05,00:10,rebounds,11.5,299.0,,True,draftkings,2026-05-03T22:12:43.755459
Joel Embiid,,,b11391b35b7a0cf79deeef3bb3eb9009,2026-05-05,00:10,rebounds,12.5,475.0,,True,draftkings,2026-05-03T22:12:43.755460
Joel Embiid,,,b11391b35b7a0cf79deeef3bb3eb9009,2026-05-05,00:10,rebounds,13.5,730.0,,True,draftkings,2026-05-03T22:12:43.755462
Joel Embiid,,,b11391b35b7a0cf79deeef3bb3eb9009,2026-05-05,00:10,rebounds,14.5,1100.0,,True,draftkings,2026-05-03T22:12:43.755464
Joel Embiid,,,b11391b35b7a0cf79deeef3bb3eb9009,2026-05-05,00:10,rebounds,15.5,1660.0,,True,draftkings,2026-05-03T22:12:43.755466
Joel Embiid,,,b11391b35b7a0cf79deeef3bb3eb9009,2026-05-05,00:10,rebounds,16.5,2400.0,,True,draftkings,2026-05-03T22:12:43.755467
Josh Hart,,,b11391b35b7a0cf79deeef3bb3eb9009,2026-05-05,00:10,rebounds,4.5,-1480.0,,True,draftkings,2026-05-03T22:12:43.755469
Josh Hart,,,b11391b35b7a0cf79deeef3bb3eb9009,2026-05-05,00:10,rebounds,5.5,-620.0,,True,draftkings,2026-05-03T22:12:43.755471
Josh Hart,,,b11391b35b7a0cf79deeef3bb3eb9009,2026-05-05,00:10,rebounds,6.5,-316.0,,True,draftkings,2026-05-03T22:12:43.755472
Josh Hart,,,b11391b35b7a0cf79deeef3bb3eb9009,2026-05-05,00:10,rebounds,7.5,-173.0,,True,draftkings,2026-05-03T22:12:43.755474
Josh Hart,,,b11391b35b7a0cf79deeef3bb3eb9009,2026-05-05,00:10,rebounds,8.5,100.0,,True,draftkings,2026-05-03T22:12:43.755476
Josh Hart,,,b11391b35b7a0cf79deeef3bb3eb9009,2026-05-05,00:10,rebounds,9.5,165.0,,True,draftkings,2026-05-03T22:12:43.755477
Josh Hart,,,b11391b35b7a0cf79deeef3bb3eb9009,2026-05-05,00:10,rebounds,10.5,276.0,,True,draftkings,2026-05-03T22:12:43.755479
Josh Hart,,,b11391b35b7a0cf79deeef3bb3eb9009,2026-05-05,00:10,rebounds,11.5,454.0,,True,draftkings,2026-05-03T22:12:43.755481
Josh Hart,,,b11391b35b7a0cf79deeef3bb3eb9009,2026-05-05,00:10,rebounds,12.5,740.0,,True,draftkings,2026-05-03T22:12:43.755483
Josh Hart,,,b11391b35b7a0cf79deeef3bb3eb9009,2026-05-05,00:10,rebounds,13.5,1220.0,,True,draftkings,2026-05-03T22:12:43.755486
Josh Hart,,,b11391b35b7a0cf79deeef3bb3eb9009,2026-05-05,00:10,rebounds,14.5,1760.0,,True,draftkings,2026-05-03T22:12:43.755488
Josh Hart,,,b11391b35b7a0cf79deeef3bb3eb9009,2026-05-05,00:10,rebounds,15.5,2400.0,,True,draftkings,2026-05-03T22:12:43.755490
Mitchell Robinson,,,b11391b35b7a0cf79deeef3bb3eb9009,2026-05-05,00:10,rebounds,2.5,-3300.0,,True,draftkings,2026-05-03T22:12:43.755491
Mitchell Robinson,,,b11391b35b7a0cf79deeef3bb3eb9009,2026-05-05,00:10,rebounds,3.5,-950.0,,True,draftkings,2026-05-03T22:12:43.755493
Mitchell Robinson,,,b11391b35b7a0cf79deeef3bb3eb9009,2026-05-05,00:10,rebounds,4.5,-424.0,,True,draftkings,2026-05-03T22:12:43.755495
Mitchell Robinson,,,b11391b35b7a0cf79deeef3bb3eb9009,2026-05-05,00:10,rebounds,5.5,-226.0,,True,draftkings,2026-05-03T22:12:43.755496
Mitchell Robinson,,,b11391b35b7a0cf79deeef3bb3eb9009,2026-05-05,00:10,rebounds,6.5,-133.0,,True,draftkings,2026-05-03T22:12:43.755498
Mitchell Robinson,,,b11391b35b7a0cf79deeef3bb3eb9009,2026-05-05,00:10,rebounds,7.5,124.0,,True,draftkings,2026-05-03T22:12:43.755500
Mitchell Robinson,,,b11391b35b7a0cf79deeef3bb3eb9009,2026-05-05,00:10,rebounds,8.5,195.0,,True,draftkings,2026-05-03T22:12:43.755502
Mitchell Robinson,,,b11391b35b7a0cf79deeef3bb3eb9009,2026-05-05,00:10,rebounds,9.5,287.0,,True,draftkings,2026-05-03T22:12:43.755503
Mitchell Robinson,,,b11391b35b7a0cf79deeef3bb3eb9009,2026-05-05,00:10,rebounds,10.5,445.0,,True,draftkings,2026-05-03T22:12:43.755505
Mitchell Robinson,,,b11391b35b7a0cf79deeef3bb3eb9009,2026-05-05,00:10,rebounds,11.5,670.0,,True,draftkings,2026-05-03T22:12:43.755507
Mitchell Robinson,,,b11391b35b7a0cf79deeef3bb3eb9009,2026-05-05,00:10,rebounds,12.5,950.0,,True,draftkings,2026-05-03T22:12:43.755508
Mitchell Robinson,,,b11391b35b7a0cf79deeef3bb3eb9009,2026-05-05,00:10,rebounds,13.5,1440.0,,True,draftkings,2026-05-03T22:12:43.755510
Mitchell Robinson,,,b11391b35b7a0cf79deeef3bb3eb9009,2026-05-05,00:10,rebounds,14.5,1960.0,,True,draftkings,2026-05-03T22:12:43.755512
Mitchell Robinson,,,b11391b35b7a0cf79deeef3bb3eb9009,2026-05-05,00:10,rebounds,15.5,2500.0,,True,draftkings,2026-05-03T22:12:43.755515
OG Anunoby,,,b11391b35b7a0cf79deeef3bb3eb9009,2026-05-05,00:10,rebounds,3.5,-1260.0,,True,draftkings,2026-05-03T22:12:43.755517
OG Anunoby,,,b11391b35b7a0cf79deeef3bb3eb9009,2026-05-05,00:10,rebounds,4.5,-522.0,,True,draftkings,2026-05-03T22:12:43.755519
OG Anunoby,,,b11391b35b7a0cf79deeef3bb3eb9009,2026-05-05,00:10,rebounds,5.5,-252.0,,True,draftkings,2026-05-03T22:12:43.755520
OG Anunoby,,,b11391b35b7a0cf79deeef3bb3eb9009,2026-05-05,00:10,rebounds,6.5,-136.0,,True,draftkings,2026-05-03T22:12:43.755522
OG Anunoby,,,b11391b35b7a0cf79deeef3bb3eb9009,2026-05-05,00:10,rebounds,7.5,127.0,,True,draftkings,2026-05-03T22:12:43.755524
OG Anunoby,,,b11391b35b7a0cf79deeef3bb3eb9009,2026-05-05,00:10,rebounds,8.5,220.0,,True,draftkings,2026-05-03T22:12:43.755526
OG Anunoby,,,b11391b35b7a0cf79deeef3bb3eb9009,2026-05-05,00:10,rebounds,9.5,368.0,,True,draftkings,2026-05-03T22:12:43.755527
OG Anunoby,,,b11391b35b7a0cf79deeef3bb3eb9009,2026-05-05,00:10,rebounds,10.5,600.0,,True,draftkings,2026-05-03T22:12:43.755529
OG Anunoby,,,b11391b35b7a0cf79deeef3bb3eb9009,2026-05-05,00:10,rebounds,11.5,1000.0,,True,draftkings,2026-05-03T22:12:43.755531
OG Anunoby,,,b11391b35b7a0cf79deeef3bb3eb9009,2026-05-05,00:10,rebounds,12.5,1580.0,,True,draftkings,2026-05-03T22:12:43.755532
OG Anunoby,,,b11391b35b7a0cf79deeef3bb3eb9009,2026-05-05,00:10,rebounds,13.5,2200.0,,True,draftkings,2026-05-03T22:12:43.755534
VJ Edgecombe,,,b11391b35b7a0cf79deeef3bb3eb9009,2026-05-05,00:10,rebounds,2.5,-1480.0,,True,draftkings,2026-05-03T22:12:43.755536
VJ Edgecombe,,,b11391b35b7a0cf79deeef3bb3eb9009,2026-05-05,00:10,rebounds,3.5,-509.0,,True,draftkings,2026-05-03T22:12:43.755538
VJ Edgecombe,,,b11391b35b7a0cf79deeef3bb3eb9009,2026-05-05,00:10,rebounds,4.5,-232.0,,True,draftkings,2026-05-03T22:12:43.755539
VJ Edgecombe,,,b11391b35b7a0cf79deeef3bb3eb9009,2026-05-05,00:10,rebounds,5.5,-119.0,,True,draftkings,2026-05-03T22:12:43.755541
VJ Edgecombe,,,b11391b35b7a0cf79deeef3bb3eb9009,2026-05-05,00:10,rebounds,6.5,153.0,,True,draftkings,2026-05-03T22:12:43.755544
VJ Edgecombe,,,b11391b35b7a0cf79deeef3bb3eb9009,2026-05-05,00:10,rebounds,7.5,272.0,,True,draftkings,2026-05-03T22:12:43.755546
VJ Edgecombe,,,b11391b35b7a0cf79deeef3bb3eb9009,2026-05-05,00:10,rebounds,8.5,464.0,,True,draftkings,2026-05-03T22:12:43.755548
VJ Edgecombe,,,b11391b35b7a0cf79deeef3bb3eb9009,2026-05-05,00:10,rebounds,9.5,800.0,,True,draftkings,2026-05-03T22:12:43.755549
VJ Edgecombe,,,b11391b35b7a0cf79deeef3bb3eb9009,2026-05-05,00:10,rebounds,10.5,1320.0,,True,draftkings,2026-05-03T22:12:43.755551
VJ Edgecombe,,,b11391b35b7a0cf79deeef3bb3eb9009,2026-05-05,00:10,rebounds,11.5,1900.0,,True,draftkings,2026-05-03T22:12:43.755553
VJ Edgecombe,,,b11391b35b7a0cf79deeef3bb3eb9009,2026-05-05,00:10,rebounds,12.5,2800.0,,True,draftkings,2026-05-03T22:12:43.755555
Kelly Oubre Jr,,,b11391b35b7a0cf79deeef3bb3eb9009,2026-05-05,00:10,rebounds,2.5,-980.0,,True,draftkings,2026-05-03T22:12:43.755556
Kelly Oubre Jr,,,b11391b35b7a0cf79deeef3bb3eb9009,2026-05-05,00:10,rebounds,3.5,-367.0,,True,draftkings,2026-05-03T22:12:43.755558
Kelly Oubre Jr,,,b11391b35b7a0cf79deeef3bb3eb9009,2026-05-05,00:10,rebounds,4.5,-168.0,,True,draftkings,2026-05-03T22:12:43.755560
Kelly Oubre Jr,,,b11391b35b7a0cf79deeef3bb3eb9009,2026-05-05,00:10,rebounds,5.5,112.0,,True,draftkings,2026-05-03T22:12:43.755576
Kelly Oubre Jr,,,b11391b35b7a0cf79deeef3bb3eb9009,2026-05-05,00:10,rebounds,6.5,211.0,,True,draftkings,2026-05-03T22:12:43.755578
Kelly Oubre Jr,,,b11391b35b7a0cf79deeef3bb3eb9009,2026-05-05,00:10,rebounds,7.5,375.0,,True,draftkings,2026-05-03T22:12:43.755580
Kelly Oubre Jr,,,b11391b35b7a0cf79deeef3bb3eb9009,2026-05-05,00:10,rebounds,8.5,670.0,,True,draftkings,2026-05-03T22:12:43.755582
Kelly Oubre Jr,,,b11391b35b7a0cf79deeef3bb3eb9009,2026-05-05,00:10,rebounds,9.5,1140.0,,True,draftkings,2026-05-03T22:12:43.755583
Kelly Oubre Jr,,,b11391b35b7a0cf79deeef3bb3eb9009,2026-05-05,00:10,rebounds,10.5,1900.0,,True,draftkings,2026-05-03T22:12:43.755585
Kelly Oubre Jr,,,b11391b35b7a0cf79deeef3bb3eb9009,2026-05-05,00:10,rebounds,11.5,2800.0,,True,draftkings,2026-05-03T22:12:43.755587
Paul George,,,b11391b35b7a0cf79deeef3bb3eb9009,2026-05-05,00:10,rebounds,2.5,-910.0,,True,draftkings,2026-05-03T22:12:43.755589
Paul George,,,b11391b35b7a0cf79deeef3bb3eb9009,2026-05-05,00:10,rebounds,3.5,-332.0,,True,draftkings,2026-05-03T22:12:43.755590
Paul George,,,b11391b35b7a0cf79deeef3bb3eb9009,2026-05-05,00:10,rebounds,4.5,-151.0,,True,draftkings,2026-05-03T22:12:43.755592
Paul George,,,b11391b35b7a0cf79deeef3bb3eb9009,2026-05-05,00:10,rebounds,5.5,128.0,,True,draftkings,2026-05-03T22:12:43.755594
Paul George,,,b11391b35b7a0cf79deeef3bb3eb9009,2026-05-05,00:10,rebounds,6.5,240.0,,True,draftkings,2026-05-03T22:12:43.755595
Paul George,,,b11391b35b7a0cf79deeef3bb3eb9009,2026-05-05,00:10,rebounds,7.5,442.0,,True,draftkings,2026-05-03T22:12:43.755597
Paul George,,,b11391b35b7a0cf79deeef3bb3eb9009,2026-05-05,00:10,rebounds,8.5,780.0,,True,draftkings,2026-05-03T22:12:43.755599
Paul George,,,b11391b35b7a0cf79deeef3bb3eb9009,2026-05-05,00:10,rebounds,9.5,1400.0,,True,draftkings,2026-05-03T22:12:43.755600
Paul George,,,b11391b35b7a0cf79deeef3bb3eb9009,2026-05-05,00:10,rebounds,10.5,2200.0,,True,draftkings,2026-05-03T22:12:43.755602
Tyrese Maxey,,,b11391b35b7a0cf79deeef3bb3eb9009,2026-05-05,00:10,rebounds,2.5,-326.0,,True,draftkings,2026-05-03T22:12:43.755604
Tyrese Maxey,,,b11391b35b7a0cf79deeef3bb3eb9009,2026-05-05,00:10,rebounds,3.5,-138.0,,True,draftkings,2026-05-03T22:12:43.755606
Tyrese Maxey,,,b11391b35b7a0cf79deeef3bb3eb9009,2026-05-05,00:10,rebounds,4.5,155.0,,True,draftkings,2026-05-03T22:12:43.755607
Tyrese Maxey,,,b11391b35b7a0cf79deeef3bb3eb9009,2026-05-05,00:10,rebounds,5.5,312.0,,True,draftkings,2026-05-03T22:12:43.755609
Tyrese Maxey,,,b11391b35b7a0cf79deeef3bb3eb9009,2026-05-05,00:10,rebounds,6.5,620.0,,True,draftkings,2026-05-03T22:12:43.755611
Tyrese Maxey,,,b11391b35b7a0cf79deeef3bb3eb9009,2026-05-05,00:10,rebounds,7.5,1160.0,,True,draftkings,2026-05-03T22:12:43.755612
Tyrese Maxey,,,b11391b35b7a0cf79deeef3bb3eb9009,2026-05-05,00:10,rebounds,8.5,1960.0,,True,draftkings,2026-05-03T22:12:43.755617
Tyrese Maxey,,,b11391b35b7a0cf79deeef3bb3eb9009,2026-05-05,00:10,rebounds,9.5,2800.0,,True,draftkings,2026-05-03T22:12:43.755618
Jalen Brunson,,,b11391b35b7a0cf79deeef3bb3eb9009,2026-05-05,00:10,rebounds,2.5,-177.0,,True,draftkings,2026-05-03T22:12:43.755622
Jalen Brunson,,,b11391b35b7a0cf79deeef3bb3eb9009,2026-05-05,00:10,rebounds,3.5,136.0,,True,draftkings,2026-05-03T22:12:43.755624
Jalen Brunson,,,b11391b35b7a0cf79deeef3bb3eb9009,2026-05-05,00:10,rebounds,4.5,300.0,,True,draftkings,2026-05-03T22:12:43.755625
Jalen Brunson,,,b11391b35b7a0cf79deeef3bb3eb9009,2026-05-05,00:10,rebounds,5.5,620.0,,True,draftkings,2026-05-03T22:12:43.755627
Jalen Brunson,,,b11391b35b7a0cf79deeef3bb3eb9009,2026-05-05,00:10,rebounds,6.5,1280.0,,True,draftkings,2026-05-03T22:12:43.755629
Jalen Brunson,,,b11391b35b7a0cf79deeef3bb3eb9009,2026-05-05,00:10,rebounds,7.5,2200.0,,True,draftkings,2026-05-03T22:12:43.755630
Mikal Bridges,,,b11391b35b7a0cf79deeef3bb3eb9009,2026-05-05,00:10,rebounds,2.5,-106.0,,True,draftkings,2026-05-03T22:12:43.755632
Mikal Bridges,,,b11391b35b7a0cf79deeef3bb3eb9009,2026-05-05,00:10,rebounds,3.5,229.0,,True,draftkings,2026-05-03T22:12:43.755634
Mikal Bridges,,,b11391b35b7a0cf79deeef3bb3eb9009,2026-05-05,00:10,rebounds,4.5,516.0,,True,draftkings,2026-05-03T22:12:43.755635
Mikal Bridges,,,b11391b35b7a0cf79deeef3bb3eb9009,2026-05-05,00:10,rebounds,5.5,1120.0,,True,draftkings,2026-05-03T22:12:43.755637
Mikal Bridges,,,b11391b35b7a0cf79deeef3bb3eb9009,2026-05-05,00:10,rebounds,6.5,2100.0,,True,draftkings,2026-05-03T22:12:43.755639
Tyrese Maxey,,,b11391b35b7a0cf79deeef3bb3eb9009,2026-05-05,00:10,threes,2.5,-158.0,120.0,False,draftkings,2026-05-03T22:12:43.755658
Jalen Brunson,,,b11391b35b7a0cf79deeef3bb3eb9009,2026-05-05,00:10,threes,2.5,-118.0,-111.0,False,draftkings,2026-05-03T22:12:43.755660
OG Anunoby,,,b11391b35b7a0cf79deeef3bb3eb9009,2026-05-05,00:10,threes,2.5,117.0,-154.0,False,draftkings,2026-05-03T22:12:43.755662
Paul George,,,b11391b35b7a0cf79deeef3bb3eb9009,2026-05-05,00:10,threes,2.5,128.0,-169.0,False,draftkings,2026-05-03T22:12:43.755664
VJ Edgecombe,,,b11391b35b7a0cf79deeef3bb3eb9009,2026-05-05,00:10,threes,1.5,-163.0,123.0,False,draftkings,2026-05-03T22:12:43.755665
Miles McBride,,,b11391b35b7a0cf79deeef3bb3eb9009,2026-05-05,00:10,threes,1.5,-129.0,-102.0,False,draftkings,2026-05-03T22:12:43.755667
Karl-Anthony Towns,,,b11391b35b7a0cf79deeef3bb3eb9009,2026-05-05,00:10,threes,1.5,122.0,-161.0,False,draftkings,2026-05-03T22:12:43.755669
Mikal Bridges,,,b11391b35b7a0cf79deeef3bb3eb9009,2026-05-05,00:10,threes,1.5,124.0,-163.0,False,draftkings,2026-05-03T22:12:43.755671
Joel Embiid,,,b11391b35b7a0cf79deeef3bb3eb9009,2026-05-05,00:10,threes,1.5,130.0,-172.0,False,draftkings,2026-05-03T22:12:43.755672
Josh Hart,,,b11391b35b7a0cf79deeef3bb3eb9009,2026-05-05,00:10,threes,1.5,130.0,-171.0,False,draftkings,2026-05-03T22:12:43.755674
Kelly Oubre Jr,,,b11391b35b7a0cf79deeef3bb3eb9009,2026-05-05,00:10,threes,1.5,163.0,-218.0,False,draftkings,2026-05-03T22:12:43.755676
Quentin Grimes,,,b11391b35b7a0cf79deeef3bb3eb9009,2026-05-05,00:10,threes,0.5,-235.0,175.0,False,draftkings,2026-05-03T22:12:43.755677
Tyrese Maxey,,,b11391b35b7a0cf79deeef3bb3eb9009,2026-05-05,00:10,threes,0.5,-3100.0,,True,draftkings,2026-05-03T22:12:43.755712
Tyrese Maxey,,,b11391b35b7a0cf79deeef3bb3eb9009,2026-05-05,00:10,threes,1.5,-472.0,,True,draftkings,2026-05-03T22:12:43.755713
Tyrese Maxey,,,b11391b35b7a0cf79deeef3bb3eb9009,2026-05-05,00:10,threes,2.5,-161.0,,True,draftkings,2026-05-03T22:12:43.755715
Tyrese Maxey,,,b11391b35b7a0cf79deeef3bb3eb9009,2026-05-05,00:10,threes,3.5,146.0,,True,draftkings,2026-05-03T22:12:43.755717
Tyrese Maxey,,,b11391b35b7a0cf79deeef3bb3eb9009,2026-05-05,00:10,threes,4.5,324.0,,True,draftkings,2026-05-03T22:12:43.755718
Tyrese Maxey,,,b11391b35b7a0cf79deeef3bb3eb9009,2026-05-05,00:10,threes,5.5,670.0,,True,draftkings,2026-05-03T22:12:43.755720
Tyrese Maxey,,,b11391b35b7a0cf79deeef3bb3eb9009,2026-05-05,00:10,threes,6.5,1340.0,,True,draftkings,2026-05-03T22:12:43.755722
Tyrese Maxey,,,b11391b35b7a0cf79deeef3bb3eb9009,2026-05-05,00:10,threes,7.5,2300.0,,True,draftkings,2026-05-03T22:12:43.755724
Jalen Brunson,,,b11391b35b7a0cf79deeef3bb3eb9009,2026-05-05,00:10,threes,0.5,-2100.0,,True,draftkings,2026-05-03T22:12:43.755725
Jalen Brunson,,,b11391b35b7a0cf79deeef3bb3eb9009,2026-05-05,00:10,threes,1.5,-353.0,,True,draftkings,2026-05-03T22:12:43.755727
Jalen Brunson,,,b11391b35b7a0cf79deeef3bb3eb9009,2026-05-05,00:10,threes,2.5,-120.0,,True,draftkings,2026-05-03T22:12:43.755729
Jalen Brunson,,,b11391b35b7a0cf79deeef3bb3eb9009,2026-05-05,00:10,threes,3.5,203.0,,True,draftkings,2026-05-03T22:12:43.755731
Jalen Brunson,,,b11391b35b7a0cf79deeef3bb3eb9009,2026-05-05,00:10,threes,4.5,458.0,,True,draftkings,2026-05-03T22:12:43.755732
Jalen Brunson,,,b11391b35b7a0cf79deeef3bb3eb9009,2026-05-05,00:10,threes,5.5,990.0,,True,draftkings,2026-05-03T22:12:43.755734
Jalen Brunson,,,b11391b35b7a0cf79deeef3bb3eb9009,2026-05-05,00:10,threes,6.5,1860.0,,True,draftkings,2026-05-03T22:12:43.755736
Jalen Brunson,,,b11391b35b7a0cf79deeef3bb3eb9009,2026-05-05,00:10,threes,7.5,2900.0,,True,draftkings,2026-05-03T22:12:43.755737
Paul George,,,b11391b35b7a0cf79deeef3bb3eb9009,2026-05-05,00:10,threes,0.5,-1100.0,,True,draftkings,2026-05-03T22:12:43.755739
Paul George,,,b11391b35b7a0cf79deeef3bb3eb9009,2026-05-05,00:10,threes,1.5,-221.0,,True,draftkings,2026-05-03T22:12:43.755741
Paul George,,,b11391b35b7a0cf79deeef3bb3eb9009,2026-05-05,00:10,threes,2.5,128.0,,True,draftkings,2026-05-03T22:12:43.755743
Paul George,,,b11391b35b7a0cf79deeef3bb3eb9009,2026-05-05,00:10,threes,3.5,320.0,,True,draftkings,2026-05-03T22:12:43.755745
Paul George,,,b11391b35b7a0cf79deeef3bb3eb9009,2026-05-05,00:10,threes,4.5,720.0,,True,draftkings,2026-05-03T22:12:43.755746
Paul George,,,b11391b35b7a0cf79deeef3bb3eb9009,2026-05-05,00:10,threes,5.5,1540.0,,True,draftkings,2026-05-03T22:12:43.755748
Paul George,,,b11391b35b7a0cf79deeef3bb3eb9009,2026-05-05,00:10,threes,6.5,2700.0,,True,draftkings,2026-05-03T22:12:43.755750
OG Anunoby,,,b11391b35b7a0cf79deeef3bb3eb9009,2026-05-05,00:10,threes,0.5,-1320.0,,True,draftkings,2026-05-03T22:12:43.755752
OG Anunoby,,,b11391b35b7a0cf79deeef3bb3eb9009,2026-05-05,00:10,threes,1.5,-252.0,,True,draftkings,2026-05-03T22:12:43.755753
OG Anunoby,,,b11391b35b7a0cf79deeef3bb3eb9009,2026-05-05,00:10,threes,2.5,119.0,,True,draftkings,2026-05-03T22:12:43.755755
OG Anunoby,,,b11391b35b7a0cf79deeef3bb3eb9009,2026-05-05,00:10,threes,3.5,299.0,,True,draftkings,2026-05-03T22:12:43.755757
OG Anunoby,,,b11391b35b7a0cf79deeef3bb3eb9009,2026-05-05,00:10,threes,4.5,680.0,,True,draftkings,2026-05-03T22:12:43.755758
OG Anunoby,,,b11391b35b7a0cf79deeef3bb3eb9009,2026-05-05,00:10,threes,5.5,1540.0,,True,draftkings,2026-05-03T22:12:43.755762
OG Anunoby,,,b11391b35b7a0cf79deeef3bb3eb9009,2026-05-05,00:10,threes,6.5,2900.0,,True,draftkings,2026-05-03T22:12:43.755764
VJ Edgecombe,,,b11391b35b7a0cf79deeef3bb3eb9009,2026-05-05,00:10,threes,0.5,-760.0,,True,draftkings,2026-05-03T22:12:43.755766
VJ Edgecombe,,,b11391b35b7a0cf79deeef3bb3eb9009,2026-05-05,00:10,threes,1.5,-166.0,,True,draftkings,2026-05-03T22:12:43.755768
VJ Edgecombe,,,b11391b35b7a0cf79deeef3bb3eb9009,2026-05-05,00:10,threes,2.5,174.0,,True,draftkings,2026-05-03T22:12:43.755769
VJ Edgecombe,,,b11391b35b7a0cf79deeef3bb3eb9009,2026-05-05,00:10,threes,3.5,448.0,,True,draftkings,2026-05-03T22:12:43.755771
VJ Edgecombe,,,b11391b35b7a0cf79deeef3bb3eb9009,2026-05-05,00:10,threes,4.5,1040.0,,True,draftkings,2026-05-03T22:12:43.755773
VJ Edgecombe,,,b11391b35b7a0cf79deeef3bb3eb9009,2026-05-05,00:10,threes,5.5,2000.0,,True,draftkings,2026-05-03T22:12:43.755775
Miles McBride,,,b11391b35b7a0cf79deeef3bb3eb9009,2026-05-05,00:10,threes,0.5,-585.0,,True,draftkings,2026-05-03T22:12:43.755776
Miles McBride,,,b11391b35b7a0cf79deeef3bb3eb9009,2026-05-05,00:10,threes,1.5,-130.0,,True,draftkings,2026-05-03T22:12:43.755778
Miles McBride,,,b11391b35b7a0cf79deeef3bb3eb9009,2026-05-05,00:10,threes,2.5,223.0,,True,draftkings,2026-05-03T22:12:43.755780
Miles McBride,,,b11391b35b7a0cf79deeef3bb3eb9009,2026-05-05,00:10,threes,3.5,571.0,,True,draftkings,2026-05-03T22:12:43.755783
Miles McBride,,,b11391b35b7a0cf79deeef3bb3eb9009,2026-05-05,00:10,threes,4.5,1340.0,,True,draftkings,2026-05-03T22:12:43.755785
Miles McBride,,,b11391b35b7a0cf79deeef3bb3eb9009,2026-05-05,00:10,threes,5.5,2500.0,,True,draftkings,2026-05-03T22:12:43.755787
Joel Embiid,,,b11391b35b7a0cf79deeef3bb3eb9009,2026-05-05,00:10,threes,0.5,-340.0,,True,draftkings,2026-05-03T22:12:43.755788
Joel Embiid,,,b11391b35b7a0cf79deeef3bb3eb9009,2026-05-05,00:10,threes,1.5,130.0,,True,draftkings,2026-05-03T22:12:43.755790
Joel Embiid,,,b11391b35b7a0cf79deeef3bb3eb9009,2026-05-05,00:10,threes,2.5,415.0,,True,draftkings,2026-05-03T22:12:43.755792
Joel Embiid,,,b11391b35b7a0cf79deeef3bb3eb9009,2026-05-05,00:10,threes,3.5,1120.0,,True,draftkings,2026-05-03T22:12:43.755794
Joel Embiid,,,b11391b35b7a0cf79deeef3bb3eb9009,2026-05-05,00:10,threes,4.5,2300.0,,True,draftkings,2026-05-03T22:12:43.755795
Karl-Anthony Towns,,,b11391b35b7a0cf79deeef3bb3eb9009,2026-05-05,00:10,threes,0.5,-376.0,,True,draftkings,2026-05-03T22:12:43.755797
Karl-Anthony Towns,,,b11391b35b7a0cf79deeef3bb3eb9009,2026-05-05,00:10,threes,1.5,122.0,,True,draftkings,2026-05-03T22:12:43.755799
Karl-Anthony Towns,,,b11391b35b7a0cf79deeef3bb3eb9009,2026-05-05,00:10,threes,2.5,381.0,,True,draftkings,2026-05-03T22:12:43.755800
Karl-Anthony Towns,,,b11391b35b7a0cf79deeef3bb3eb9009,2026-05-05,00:10,threes,3.5,1060.0,,True,draftkings,2026-05-03T22:12:43.755802
Karl-Anthony Towns,,,b11391b35b7a0cf79deeef3bb3eb9009,2026-05-05,00:10,threes,4.5,2300.0,,True,draftkings,2026-05-03T22:12:43.755804
Josh Hart,,,b11391b35b7a0cf79deeef3bb3eb9009,2026-05-05,00:10,threes,0.5,-365.0,,True,draftkings,2026-05-03T22:12:43.755805
Josh Hart,,,b11391b35b7a0cf79deeef3bb3eb9009,2026-05-05,00:10,threes,1.5,127.0,,True,draftkings,2026-05-03T22:12:43.755807
Josh Hart,,,b11391b35b7a0cf79deeef3bb3eb9009,2026-05-05,00:10,threes,2.5,402.0,,True,draftkings,2026-05-03T22:12:43.755809
Josh Hart,,,b11391b35b7a0cf79deeef3bb3eb9009,2026-05-05,00:10,threes,3.5,1120.0,,True,draftkings,2026-05-03T22:12:43.755811
Josh Hart,,,b11391b35b7a0cf79deeef3bb3eb9009,2026-05-05,00:10,threes,4.5,2500.0,,True,draftkings,2026-05-03T22:12:43.755812
Mikal Bridges,,,b11391b35b7a0cf79deeef3bb3eb9009,2026-05-05,00:10,threes,0.5,-379.0,,True,draftkings,2026-05-03T22:12:43.755814
Mikal Bridges,,,b11391b35b7a0cf79deeef3bb3eb9009,2026-05-05,00:10,threes,1.5,124.0,,True,draftkings,2026-05-03T22:12:43.755816
Mikal Bridges,,,b11391b35b7a0cf79deeef3bb3eb9009,2026-05-05,00:10,threes,2.5,402.0,,True,draftkings,2026-05-03T22:12:43.755818
Mikal Bridges,,,b11391b35b7a0cf79deeef3bb3eb9009,2026-05-05,00:10,threes,3.5,1120.0,,True,draftkings,2026-05-03T22:12:43.755819
Mikal Bridges,,,b11391b35b7a0cf79deeef3bb3eb9009,2026-05-05,00:10,threes,4.5,2500.0,,True,draftkings,2026-05-03T22:12:43.755821
Kelly Oubre Jr,,,b11391b35b7a0cf79deeef3bb3eb9009,2026-05-05,00:10,threes,0.5,-279.0,,True,draftkings,2026-05-03T22:12:43.755823
Kelly Oubre Jr,,,b11391b35b7a0cf79deeef3bb3eb9009,2026-05-05,00:10,threes,1.5,163.0,,True,draftkings,2026-05-03T22:12:43.755825
Kelly Oubre Jr,,,b11391b35b7a0cf79deeef3bb3eb9009,2026-05-05,00:10,threes,2.5,515.0,,True,draftkings,2026-05-03T22:12:43.755827
Kelly Oubre Jr,,,b11391b35b7a0cf79deeef3bb3eb9009,2026-05-05,00:10,threes,3.5,1440.0,,True,draftkings,2026-05-03T22:12:43.755828
Quentin Grimes,,,b11391b35b7a0cf79deeef3bb3eb9009,2026-05-05,00:10,threes,0.5,-232.0,,True,draftkings,2026-05-03T22:12:43.755872
Quentin Grimes,,,b11391b35b7a0cf79deeef3bb3eb9009,2026-05-05,00:10,threes,1.5,188.0,,True,draftkings,2026-05-03T22:12:43.755874
Quentin Grimes,,,b11391b35b7a0cf79deeef3bb3eb9009,2026-05-05,00:10,threes,2.5,592.0,,True,draftkings,2026-05-03T22:12:43.755876
Quentin Grimes,,,b11391b35b7a0cf79deeef3bb3eb9009,2026-05-05,00:10,threes,3.5,1620.0,,True,draftkings,2026-05-03T22:12:43.755878
Stephon Castle,,,219920e3a715ceb3dc69f3638f7571d5,2026-05-05,01:40,assists,7.5,109.0,-143.0,False,draftkings,2026-05-03T22:12:43.873771
De'Aaron Fox,,,219920e3a715ceb3dc69f3638f7571d5,2026-05-05,01:40,assists,6.5,109.0,-144.0,False,draftkings,2026-05-03T22:12:43.873777
Julius Randle,,,219920e3a715ceb3dc69f3638f7571d5,2026-05-05,01:40,assists,4.5,102.0,-134.0,False,draftkings,2026-05-03T22:12:43.873780
Ayo Dosunmu,,,219920e3a715ceb3dc69f3638f7571d5,2026-05-05,01:40,assists,3.5,-153.0,116.0,False,draftkings,2026-05-03T22:12:43.873782
Mike Conley,,,219920e3a715ceb3dc69f3638f7571d5,2026-05-05,01:40,assists,3.5,-119.0,-111.0,False,draftkings,2026-05-03T22:12:43.873783
Victor Wembanyama,,,219920e3a715ceb3dc69f3638f7571d5,2026-05-05,01:40,assists,2.5,-174.0,131.0,False,draftkings,2026-05-03T22:12:43.873785
Dylan Harper,,,219920e3a715ceb3dc69f3638f7571d5,2026-05-05,01:40,assists,2.5,-136.0,103.0,False,draftkings,2026-05-03T22:12:43.873787
Jaden McDaniels,,,219920e3a715ceb3dc69f3638f7571d5,2026-05-05,01:40,assists,2.5,-121.0,-109.0,False,draftkings,2026-05-03T22:12:43.873789
Devin Vassell,,,219920e3a715ceb3dc69f3638f7571d5,2026-05-05,01:40,assists,2.5,106.0,-140.0,False,draftkings,2026-05-03T22:12:43.873790
Rudy Gobert,,,219920e3a715ceb3dc69f3638f7571d5,2026-05-05,01:40,assists,1.5,-112.0,-117.0,False,draftkings,2026-05-03T22:12:43.873792
Julian Champagnie,,,219920e3a715ceb3dc69f3638f7571d5,2026-05-05,01:40,assists,1.5,148.0,-196.0,False,draftkings,2026-05-03T22:12:43.873794
Stephon Castle,,,219920e3a715ceb3dc69f3638f7571d5,2026-05-05,01:40,assists,3.5,-2200.0,,True,draftkings,2026-05-03T22:12:43.873846
Stephon Castle,,,219920e3a715ceb3dc69f3638f7571d5,2026-05-05,01:40,assists,4.5,-720.0,,True,draftkings,2026-05-03T22:12:43.873848
Stephon Castle,,,219920e3a715ceb3dc69f3638f7571d5,2026-05-05,01:40,assists,5.5,-327.0,,True,draftkings,2026-05-03T22:12:43.873850
Stephon Castle,,,219920e3a715ceb3dc69f3638f7571d5,2026-05-05,01:40,assists,6.5,-170.0,,True,draftkings,2026-05-03T22:12:43.873852
Stephon Castle,,,219920e3a715ceb3dc69f3638f7571d5,2026-05-05,01:40,assists,7.5,106.0,,True,draftkings,2026-05-03T22:12:43.873853
Stephon Castle,,,219920e3a715ceb3dc69f3638f7571d5,2026-05-05,01:40,assists,8.5,184.0,,True,draftkings,2026-05-03T22:12:43.873855
Stephon Castle,,,219920e3a715ceb3dc69f3638f7571d5,2026-05-05,01:40,assists,9.5,325.0,,True,draftkings,2026-05-03T22:12:43.873857
Stephon Castle,,,219920e3a715ceb3dc69f3638f7571d5,2026-05-05,01:40,assists,10.5,558.0,,True,draftkings,2026-05-03T22:12:43.873859
Stephon Castle,,,219920e3a715ceb3dc69f3638f7571d5,2026-05-05,01:40,assists,11.5,980.0,,True,draftkings,2026-05-03T22:12:43.873861
Stephon Castle,,,219920e3a715ceb3dc69f3638f7571d5,2026-05-05,01:40,assists,12.5,1600.0,,True,draftkings,2026-05-03T22:12:43.873862
Stephon Castle,,,219920e3a715ceb3dc69f3638f7571d5,2026-05-05,01:40,assists,13.5,2400.0,,True,draftkings,2026-05-03T22:12:43.873864
De'Aaron Fox,,,219920e3a715ceb3dc69f3638f7571d5,2026-05-05,01:40,assists,2.5,-3400.0,,True,draftkings,2026-05-03T22:12:43.873866
De'Aaron Fox,,,219920e3a715ceb3dc69f3638f7571d5,2026-05-05,01:40,assists,3.5,-860.0,,True,draftkings,2026-05-03T22:12:43.873867
De'Aaron Fox,,,219920e3a715ceb3dc69f3638f7571d5,2026-05-05,01:40,assists,4.5,-348.0,,True,draftkings,2026-05-03T22:12:43.873869
De'Aaron Fox,,,219920e3a715ceb3dc69f3638f7571d5,2026-05-05,01:40,assists,5.5,-170.0,,True,draftkings,2026-05-03T22:12:43.873871
De'Aaron Fox,,,219920e3a715ceb3dc69f3638f7571d5,2026-05-05,01:40,assists,6.5,112.0,,True,draftkings,2026-05-03T22:12:43.873873
De'Aaron Fox,,,219920e3a715ceb3dc69f3638f7571d5,2026-05-05,01:40,assists,7.5,208.0,,True,draftkings,2026-05-03T22:12:43.873874
De'Aaron Fox,,,219920e3a715ceb3dc69f3638f7571d5,2026-05-05,01:40,assists,8.5,370.0,,True,draftkings,2026-05-03T22:12:43.873876
De'Aaron Fox,,,219920e3a715ceb3dc69f3638f7571d5,2026-05-05,01:40,assists,9.5,660.0,,True,draftkings,2026-05-03T22:12:43.873878
De'Aaron Fox,,,219920e3a715ceb3dc69f3638f7571d5,2026-05-05,01:40,assists,10.5,1120.0,,True,draftkings,2026-05-03T22:12:43.873880
De'Aaron Fox,,,219920e3a715ceb3dc69f3638f7571d5,2026-05-05,01:40,assists,11.5,1840.0,,True,draftkings,2026-05-03T22:12:43.873881
De'Aaron Fox,,,219920e3a715ceb3dc69f3638f7571d5,2026-05-05,01:40,assists,12.5,2700.0,,True,draftkings,2026-05-03T22:12:43.873883
Ayo Dosunmu,,,219920e3a715ceb3dc69f3638f7571d5,2026-05-05,01:40,assists,2.5,-328.0,,True,draftkings,2026-05-03T22:12:43.873885
Ayo Dosunmu,,,219920e3a715ceb3dc69f3638f7571d5,2026-05-05,01:40,assists,3.5,-154.0,,True,draftkings,2026-05-03T22:12:43.873886
Ayo Dosunmu,,,219920e3a715ceb3dc69f3638f7571d5,2026-05-05,01:40,assists,4.5,123.0,,True,draftkings,2026-05-03T22:12:43.873888
Ayo Dosunmu,,,219920e3a715ceb3dc69f3638f7571d5,2026-05-05,01:40,assists,5.5,224.0,,True,draftkings,2026-05-03T22:12:43.873890
Ayo Dosunmu,,,219920e3a715ceb3dc69f3638f7571d5,2026-05-05,01:40,assists,6.5,384.0,,True,draftkings,2026-05-03T22:12:43.873892
Ayo Dosunmu,,,219920e3a715ceb3dc69f3638f7571d5,2026-05-05,01:40,assists,7.5,650.0,,True,draftkings,2026-05-03T22:12:43.873893
Ayo Dosunmu,,,219920e3a715ceb3dc69f3638f7571d5,2026-05-05,01:40,assists,8.5,1100.0,,True,draftkings,2026-05-03T22:12:43.873897
Ayo Dosunmu,,,219920e3a715ceb3dc69f3638f7571d5,2026-05-05,01:40,assists,9.5,1680.0,,True,draftkings,2026-05-03T22:12:43.873898
Ayo Dosunmu,,,219920e3a715ceb3dc69f3638f7571d5,2026-05-05,01:40,assists,10.5,2500.0,,True,draftkings,2026-05-03T22:12:43.873900
Julius Randle,,,219920e3a715ceb3dc69f3638f7571d5,2026-05-05,01:40,assists,2.5,-483.0,,True,draftkings,2026-05-03T22:12:43.873902
Julius Randle,,,219920e3a715ceb3dc69f3638f7571d5,2026-05-05,01:40,assists,3.5,-201.0,,True,draftkings,2026-05-03T22:12:43.873904
Julius Randle,,,219920e3a715ceb3dc69f3638f7571d5,2026-05-05,01:40,assists,4.5,102.0,,True,draftkings,2026-05-03T22:12:43.873905
Julius Randle,,,219920e3a715ceb3dc69f3638f7571d5,2026-05-05,01:40,assists,5.5,201.0,,True,draftkings,2026-05-03T22:12:43.873907
Julius Randle,,,219920e3a715ceb3dc69f3638f7571d5,2026-05-05,01:40,assists,6.5,377.0,,True,draftkings,2026-05-03T22:12:43.873909
Julius Randle,,,219920e3a715ceb3dc69f3638f7571d5,2026-05-05,01:40,assists,7.5,680.0,,True,draftkings,2026-05-03T22:12:43.873911
Julius Randle,,,219920e3a715ceb3dc69f3638f7571d5,2026-05-05,01:40,assists,8.5,1220.0,,True,draftkings,2026-05-03T22:12:43.873912
Julius Randle,,,219920e3a715ceb3dc69f3638f7571d5,2026-05-05,01:40,assists,9.5,2000.0,,True,draftkings,2026-05-03T22:12:43.873914
Julius Randle,,,219920e3a715ceb3dc69f3638f7571d5,2026-05-05,01:40,assists,10.5,2900.0,,True,draftkings,2026-05-03T22:12:43.873916
Mike Conley,,,219920e3a715ceb3dc69f3638f7571d5,2026-05-05,01:40,assists,2.5,-282.0,,True,draftkings,2026-05-03T22:12:43.873917
Mike Conley,,,219920e3a715ceb3dc69f3638f7571d5,2026-05-05,01:40,assists,3.5,-122.0,,True,draftkings,2026-05-03T22:12:43.873919
Mike Conley,,,219920e3a715ceb3dc69f3638f7571d5,2026-05-05,01:40,assists,4.5,165.0,,True,draftkings,2026-05-03T22:12:43.873921
Mike Conley,,,219920e3a715ceb3dc69f3638f7571d5,2026-05-05,01:40,assists,5.5,325.0,,True,draftkings,2026-05-03T22:12:43.873923
Mike Conley,,,219920e3a715ceb3dc69f3638f7571d5,2026-05-05,01:40,assists,6.5,600.0,,True,draftkings,2026-05-03T22:12:43.873924
Mike Conley,,,219920e3a715ceb3dc69f3638f7571d5,2026-05-05,01:40,assists,7.5,1100.0,,True,draftkings,2026-05-03T22:12:43.873926
Mike Conley,,,219920e3a715ceb3dc69f3638f7571d5,2026-05-05,01:40,assists,8.5,1820.0,,True,draftkings,2026-05-03T22:12:43.873928
Mike Conley,,,219920e3a715ceb3dc69f3638f7571d5,2026-05-05,01:40,assists,9.5,2700.0,,True,draftkings,2026-05-03T22:12:43.873930
Victor Wembanyama,,,219920e3a715ceb3dc69f3638f7571d5,2026-05-05,01:40,assists,2.5,-178.0,,True,draftkings,2026-05-03T22:12:43.873931
Victor Wembanyama,,,219920e3a715ceb3dc69f3638f7571d5,2026-05-05,01:40,assists,3.5,138.0,,True,draftkings,2026-05-03T22:12:43.873933
Victor Wembanyama,,,219920e3a715ceb3dc69f3638f7571d5,2026-05-05,01:40,assists,4.5,314.0,,True,draftkings,2026-05-03T22:12:43.873935
Victor Wembanyama,,,219920e3a715ceb3dc69f3638f7571d5,2026-05-05,01:40,assists,5.5,670.0,,True,draftkings,2026-05-03T22:12:43.873936
Victor Wembanyama,,,219920e3a715ceb3dc69f3638f7571d5,2026-05-05,01:40,assists,6.5,1360.0,,True,draftkings,2026-05-03T22:12:43.873938
Victor Wembanyama,,,219920e3a715ceb3dc69f3638f7571d5,2026-05-05,01:40,assists,7.5,2400.0,,True,draftkings,2026-05-03T22:12:43.873940
Dylan Harper,,,219920e3a715ceb3dc69f3638f7571d5,2026-05-05,01:40,assists,2.5,-136.0,,True,draftkings,2026-05-03T22:12:43.873942
Dylan Harper,,,219920e3a715ceb3dc69f3638f7571d5,2026-05-05,01:40,assists,3.5,179.0,,True,draftkings,2026-05-03T22:12:43.873943
Dylan Harper,,,219920e3a715ceb3dc69f3638f7571d5,2026-05-05,01:40,assists,4.5,387.0,,True,draftkings,2026-05-03T22:12:43.873945
Dylan Harper,,,219920e3a715ceb3dc69f3638f7571d5,2026-05-05,01:40,assists,5.5,810.0,,True,draftkings,2026-05-03T22:12:43.873947
Dylan Harper,,,219920e3a715ceb3dc69f3638f7571d5,2026-05-05,01:40,assists,6.5,1620.0,,True,draftkings,2026-05-03T22:12:43.873949
Dylan Harper,,,219920e3a715ceb3dc69f3638f7571d5,2026-05-05,01:40,assists,7.5,2700.0,,True,draftkings,2026-05-03T22:12:43.873951
Jaden McDaniels,,,219920e3a715ceb3dc69f3638f7571d5,2026-05-05,01:40,assists,2.5,-121.0,,True,draftkings,2026-05-03T22:12:43.873954
Jaden McDaniels,,,219920e3a715ceb3dc69f3638f7571d5,2026-05-05,01:40,assists,3.5,200.0,,True,draftkings,2026-05-03T22:12:43.873956
Jaden McDaniels,,,219920e3a715ceb3dc69f3638f7571d5,2026-05-05,01:40,assists,4.5,451.0,,True,draftkings,2026-05-03T22:12:43.873959
Jaden McDaniels,,,219920e3a715ceb3dc69f3638f7571d5,2026-05-05,01:40,assists,5.5,1000.0,,True,draftkings,2026-05-03T22:12:43.873961
Jaden McDaniels,,,219920e3a715ceb3dc69f3638f7571d5,2026-05-05,01:40,assists,6.5,1860.0,,True,draftkings,2026-05-03T22:12:43.873963
Devin Vassell,,,219920e3a715ceb3dc69f3638f7571d5,2026-05-05,01:40,assists,2.5,106.0,,True,draftkings,2026-05-03T22:12:43.873964
Devin Vassell,,,219920e3a715ceb3dc69f3638f7571d5,2026-05-05,01:40,assists,3.5,267.0,,True,draftkings,2026-05-03T22:12:43.873966
Devin Vassell,,,219920e3a715ceb3dc69f3638f7571d5,2026-05-05,01:40,assists,4.5,630.0,,True,draftkings,2026-05-03T22:12:43.873968
Devin Vassell,,,219920e3a715ceb3dc69f3638f7571d5,2026-05-05,01:40,assists,5.5,1380.0,,True,draftkings,2026-05-03T22:12:43.873970
Devin Vassell,,,219920e3a715ceb3dc69f3638f7571d5,2026-05-05,01:40,assists,6.5,2700.0,,True,draftkings,2026-05-03T22:12:43.873972
Rudy Gobert,,,219920e3a715ceb3dc69f3638f7571d5,2026-05-05,01:40,assists,1.5,-114.0,,True,draftkings,2026-05-03T22:12:43.873973
Rudy Gobert,,,219920e3a715ceb3dc69f3638f7571d5,2026-05-05,01:40,assists,2.5,234.0,,True,draftkings,2026-05-03T22:12:43.873975
Rudy Gobert,,,219920e3a715ceb3dc69f3638f7571d5,2026-05-05,01:40,assists,3.5,569.0,,True,draftkings,2026-05-03T22:12:43.873977
Rudy Gobert,,,219920e3a715ceb3dc69f3638f7571d5,2026-05-05,01:40,assists,4.5,1240.0,,True,draftkings,2026-05-03T22:12:43.873979
Rudy Gobert,,,219920e3a715ceb3dc69f3638f7571d5,2026-05-05,01:40,assists,5.5,2300.0,,True,draftkings,2026-05-03T22:12:43.873980
Naz Reid,,,219920e3a715ceb3dc69f3638f7571d5,2026-05-05,01:40,assists,1.5,104.0,,True,draftkings,2026-05-03T22:12:43.873982
Naz Reid,,,219920e3a715ceb3dc69f3638f7571d5,2026-05-05,01:40,assists,2.5,312.0,,True,draftkings,2026-05-03T22:12:43.873984
Naz Reid,,,219920e3a715ceb3dc69f3638f7571d5,2026-05-05,01:40,assists,3.5,820.0,,True,draftkings,2026-05-03T22:12:43.873985
Naz Reid,,,219920e3a715ceb3dc69f3638f7571d5,2026-05-05,01:40,assists,4.5,1800.0,,True,draftkings,2026-05-03T22:12:43.873987
Julian Champagnie,,,219920e3a715ceb3dc69f3638f7571d5,2026-05-05,01:40,assists,1.5,148.0,,True,draftkings,2026-05-03T22:12:43.873989
Julian Champagnie,,,219920e3a715ceb3dc69f3638f7571d5,2026-05-05,01:40,assists,2.5,478.0,,True,draftkings,2026-05-03T22:12:43.873991
Julian Champagnie,,,219920e3a715ceb3dc69f3638f7571d5,2026-05-05,01:40,assists,3.5,1320.0,,True,draftkings,2026-05-03T22:12:43.873992
Julian Champagnie,,,219920e3a715ceb3dc69f3638f7571d5,2026-05-05,01:40,assists,4.5,2800.0,,True,draftkings,2026-05-03T22:12:43.873994
Victor Wembanyama,,,219920e3a715ceb3dc69f3638f7571d5,2026-05-05,01:40,points,27.5,-123.0,-104.0,False,draftkings,2026-05-03T22:12:43.874013
Julius Randle,,,219920e3a715ceb3dc69f3638f7571d5,2026-05-05,01:40,points,20.5,-108.0,-118.0,False,draftkings,2026-05-03T22:12:43.874015
Ayo Dosunmu,,,219920e3a715ceb3dc69f3638f7571d5,2026-05-05,01:40,points,17.5,-113.0,-113.0,False,draftkings,2026-05-03T22:12:43.874016
De'Aaron Fox,,,219920e3a715ceb3dc69f3638f7571d5,2026-05-05,01:40,points,17.5,-109.0,-116.0,False,draftkings,2026-05-03T22:12:43.874018
Stephon Castle,,,219920e3a715ceb3dc69f3638f7571d5,2026-05-05,01:40,points,17.5,-107.0,-119.0,False,draftkings,2026-05-03T22:12:43.874020
Jaden McDaniels,,,219920e3a715ceb3dc69f3638f7571d5,2026-05-05,01:40,points,16.5,-104.0,-123.0,False,draftkings,2026-05-03T22:12:43.874021
Naz Reid,,,219920e3a715ceb3dc69f3638f7571d5,2026-05-05,01:40,points,12.5,-119.0,-108.0,False,draftkings,2026-05-03T22:12:43.874023
Devin Vassell,,,219920e3a715ceb3dc69f3638f7571d5,2026-05-05,01:40,points,12.5,-116.0,-110.0,False,draftkings,2026-05-03T22:12:43.874025
Dylan Harper,,,219920e3a715ceb3dc69f3638f7571d5,2026-05-05,01:40,points,9.5,-107.0,-119.0,False,draftkings,2026-05-03T22:12:43.874027
Rudy Gobert,,,219920e3a715ceb3dc69f3638f7571d5,2026-05-05,01:40,points,8.5,-115.0,-111.0,False,draftkings,2026-05-03T22:12:43.874028
Keldon Johnson,,,219920e3a715ceb3dc69f3638f7571d5,2026-05-05,01:40,points,8.5,-108.0,-118.0,False,draftkings,2026-05-03T22:12:43.874030
Julian Champagnie,,,219920e3a715ceb3dc69f3638f7571d5,2026-05-05,01:40,points,8.5,-105.0,-121.0,False,draftkings,2026-05-03T22:12:43.874033
Mike Conley,,,219920e3a715ceb3dc69f3638f7571d5,2026-05-05,01:40,points,5.5,-105.0,-122.0,False,draftkings,2026-05-03T22:12:43.874037
Victor Wembanyama,,,219920e3a715ceb3dc69f3638f7571d5,2026-05-05,01:40,points,17.5,-1620.0,,True,draftkings,2026-05-03T22:12:43.874094
Victor Wembanyama,,,219920e3a715ceb3dc69f3638f7571d5,2026-05-05,01:40,points,19.5,-810.0,,True,draftkings,2026-05-03T22:12:43.874096
Victor Wembanyama,,,219920e3a715ceb3dc69f3638f7571d5,2026-05-05,01:40,points,24.5,-232.0,,True,draftkings,2026-05-03T22:12:43.874100
Victor Wembanyama,,,219920e3a715ceb3dc69f3638f7571d5,2026-05-05,01:40,points,27.5,-123.0,,True,draftkings,2026-05-03T22:12:43.874104
Victor Wembanyama,,,219920e3a715ceb3dc69f3638f7571d5,2026-05-05,01:40,points,29.5,121.0,,True,draftkings,2026-05-03T22:12:43.874106
Victor Wembanyama,,,219920e3a715ceb3dc69f3638f7571d5,2026-05-05,01:40,points,34.5,311.0,,True,draftkings,2026-05-03T22:12:43.874108
Victor Wembanyama,,,219920e3a715ceb3dc69f3638f7571d5,2026-05-05,01:40,points,39.5,810.0,,True,draftkings,2026-05-03T22:12:43.874109
Victor Wembanyama,,,219920e3a715ceb3dc69f3638f7571d5,2026-05-05,01:40,points,44.5,1940.0,,True,draftkings,2026-05-03T22:12:43.874111
Julius Randle,,,219920e3a715ceb3dc69f3638f7571d5,2026-05-05,01:40,points,9.5,-3100.0,,True,draftkings,2026-05-03T22:12:43.874113
Julius Randle,,,219920e3a715ceb3dc69f3638f7571d5,2026-05-05,01:40,points,11.5,-1160.0,,True,draftkings,2026-05-03T22:12:43.874115
Julius Randle,,,219920e3a715ceb3dc69f3638f7571d5,2026-05-05,01:40,points,14.5,-441.0,,True,draftkings,2026-05-03T22:12:43.874116
Julius Randle,,,219920e3a715ceb3dc69f3638f7571d5,2026-05-05,01:40,points,17.5,-211.0,,True,draftkings,2026-05-03T22:12:43.874118
Julius Randle,,,219920e3a715ceb3dc69f3638f7571d5,2026-05-05,01:40,points,19.5,-136.0,,True,draftkings,2026-05-03T22:12:43.874120
Julius Randle,,,219920e3a715ceb3dc69f3638f7571d5,2026-05-05,01:40,points,20.5,-111.0,,True,draftkings,2026-05-03T22:12:43.874121
Julius Randle,,,219920e3a715ceb3dc69f3638f7571d5,2026-05-05,01:40,points,24.5,198.0,,True,draftkings,2026-05-03T22:12:43.874123
Julius Randle,,,219920e3a715ceb3dc69f3638f7571d5,2026-05-05,01:40,points,29.5,514.0,,True,draftkings,2026-05-03T22:12:43.874125
Julius Randle,,,219920e3a715ceb3dc69f3638f7571d5,2026-05-05,01:40,points,34.5,1280.0,,True,draftkings,2026-05-03T22:12:43.874127
Julius Randle,,,219920e3a715ceb3dc69f3638f7571d5,2026-05-05,01:40,points,39.5,2600.0,,True,draftkings,2026-05-03T22:12:43.874128
Ayo Dosunmu,,,219920e3a715ceb3dc69f3638f7571d5,2026-05-05,01:40,points,7.5,-2500.0,,True,draftkings,2026-05-03T22:12:43.874130
Ayo Dosunmu,,,219920e3a715ceb3dc69f3638f7571d5,2026-05-05,01:40,points,9.5,-1020.0,,True,draftkings,2026-05-03T22:12:43.874132
Ayo Dosunmu,,,219920e3a715ceb3dc69f3638f7571d5,2026-05-05,01:40,points,11.5,-503.0,,True,draftkings,2026-05-03T22:12:43.874133
Ayo Dosunmu,,,219920e3a715ceb3dc69f3638f7571d5,2026-05-05,01:40,points,14.5,-225.0,,True,draftkings,2026-05-03T22:12:43.874135
Ayo Dosunmu,,,219920e3a715ceb3dc69f3638f7571d5,2026-05-05,01:40,points,17.5,-111.0,,True,draftkings,2026-05-03T22:12:43.874137
Ayo Dosunmu,,,219920e3a715ceb3dc69f3638f7571d5,2026-05-05,01:40,points,19.5,138.0,,True,draftkings,2026-05-03T22:12:43.874139
Ayo Dosunmu,,,219920e3a715ceb3dc69f3638f7571d5,2026-05-05,01:40,points,24.5,368.0,,True,draftkings,2026-05-03T22:12:43.874141
Ayo Dosunmu,,,219920e3a715ceb3dc69f3638f7571d5,2026-05-05,01:40,points,29.5,940.0,,True,draftkings,2026-05-03T22:12:43.874142
Ayo Dosunmu,,,219920e3a715ceb3dc69f3638f7571d5,2026-05-05,01:40,points,34.5,2100.0,,True,draftkings,2026-05-03T22:12:43.874144
De'Aaron Fox,,,219920e3a715ceb3dc69f3638f7571d5,2026-05-05,01:40,points,9.5,-1300.0,,True,draftkings,2026-05-03T22:12:43.874146
De'Aaron Fox,,,219920e3a715ceb3dc69f3638f7571d5,2026-05-05,01:40,points,11.5,-588.0,,True,draftkings,2026-05-03T22:12:43.874148
De'Aaron Fox,,,219920e3a715ceb3dc69f3638f7571d5,2026-05-05,01:40,points,14.5,-237.0,,True,draftkings,2026-05-03T22:12:43.874149
De'Aaron Fox,,,219920e3a715ceb3dc69f3638f7571d5,2026-05-05,01:40,points,17.5,-111.0,,True,draftkings,2026-05-03T22:12:43.874151
De'Aaron Fox,,,219920e3a715ceb3dc69f3638f7571d5,2026-05-05,01:40,points,19.5,145.0,,True,draftkings,2026-05-03T22:12:43.874153
De'Aaron Fox,,,219920e3a715ceb3dc69f3638f7571d5,2026-05-05,01:40,points,24.5,453.0,,True,draftkings,2026-05-03T22:12:43.874155
De'Aaron Fox,,,219920e3a715ceb3dc69f3638f7571d5,2026-05-05,01:40,points,29.5,1280.0,,True,draftkings,2026-05-03T22:12:43.874158
De'Aaron Fox,,,219920e3a715ceb3dc69f3638f7571d5,2026-05-05,01:40,points,34.5,2800.0,,True,draftkings,2026-05-03T22:12:43.874160
Jaden McDaniels,,,219920e3a715ceb3dc69f3638f7571d5,2026-05-05,01:40,points,7.5,-1860.0,,True,draftkings,2026-05-03T22:12:43.874161
Jaden McDaniels,,,219920e3a715ceb3dc69f3638f7571d5,2026-05-05,01:40,points,9.5,-740.0,,True,draftkings,2026-05-03T22:12:43.874163
Jaden McDaniels,,,219920e3a715ceb3dc69f3638f7571d5,2026-05-05,01:40,points,11.5,-380.0,,True,draftkings,2026-05-03T22:12:43.874165
Jaden McDaniels,,,219920e3a715ceb3dc69f3638f7571d5,2026-05-05,01:40,points,14.5,-168.0,,True,draftkings,2026-05-03T22:12:43.874167
Jaden McDaniels,,,219920e3a715ceb3dc69f3638f7571d5,2026-05-05,01:40,points,16.5,-105.0,,True,draftkings,2026-05-03T22:12:43.874168
Jaden McDaniels,,,219920e3a715ceb3dc69f3638f7571d5,2026-05-05,01:40,points,17.5,120.0,,True,draftkings,2026-05-03T22:12:43.874170
Jaden McDaniels,,,219920e3a715ceb3dc69f3638f7571d5,2026-05-05,01:40,points,19.5,187.0,,True,draftkings,2026-05-03T22:12:43.874172
Jaden McDaniels,,,219920e3a715ceb3dc69f3638f7571d5,2026-05-05,01:40,points,24.5,528.0,,True,draftkings,2026-05-03T22:12:43.874174
Jaden McDaniels,,,219920e3a715ceb3dc69f3638f7571d5,2026-05-05,01:40,points,29.5,1380.0,,True,draftkings,2026-05-03T22:12:43.874175
Jaden McDaniels,,,219920e3a715ceb3dc69f3638f7571d5,2026-05-05,01:40,points,34.5,2800.0,,True,draftkings,2026-05-03T22:12:43.874177
Stephon Castle,,,219920e3a715ceb3dc69f3638f7571d5,2026-05-05,01:40,points,9.5,-1260.0,,True,draftkings,2026-05-03T22:12:43.874179
Stephon Castle,,,219920e3a715ceb3dc69f3638f7571d5,2026-05-05,01:40,points,11.5,-573.0,,True,draftkings,2026-05-03T22:12:43.874180
Stephon Castle,,,219920e3a715ceb3dc69f3638f7571d5,2026-05-05,01:40,points,14.5,-230.0,,True,draftkings,2026-05-03T22:12:43.874182
Stephon Castle,,,219920e3a715ceb3dc69f3638f7571d5,2026-05-05,01:40,points,17.5,-107.0,,True,draftkings,2026-05-03T22:12:43.874185
Stephon Castle,,,219920e3a715ceb3dc69f3638f7571d5,2026-05-05,01:40,points,19.5,151.0,,True,draftkings,2026-05-03T22:12:43.874187
Stephon Castle,,,219920e3a715ceb3dc69f3638f7571d5,2026-05-05,01:40,points,24.5,453.0,,True,draftkings,2026-05-03T22:12:43.874189
Stephon Castle,,,219920e3a715ceb3dc69f3638f7571d5,2026-05-05,01:40,points,29.5,1320.0,,True,draftkings,2026-05-03T22:12:43.874191
Stephon Castle,,,219920e3a715ceb3dc69f3638f7571d5,2026-05-05,01:40,points,34.5,2900.0,,True,draftkings,2026-05-03T22:12:43.874192
Naz Reid,,,219920e3a715ceb3dc69f3638f7571d5,2026-05-05,01:40,points,5.5,-1420.0,,True,draftkings,2026-05-03T22:12:43.874194
Naz Reid,,,219920e3a715ceb3dc69f3638f7571d5,2026-05-05,01:40,points,7.5,-556.0,,True,draftkings,2026-05-03T22:12:43.874196
Naz Reid,,,219920e3a715ceb3dc69f3638f7571d5,2026-05-05,01:40,points,9.5,-279.0,,True,draftkings,2026-05-03T22:12:43.874198
Naz Reid,,,219920e3a715ceb3dc69f3638f7571d5,2026-05-05,01:40,points,11.5,-158.0,,True,draftkings,2026-05-03T22:12:43.874199
Naz Reid,,,219920e3a715ceb3dc69f3638f7571d5,2026-05-05,01:40,points,12.5,-122.0,,True,draftkings,2026-05-03T22:12:43.874201
Naz Reid,,,219920e3a715ceb3dc69f3638f7571d5,2026-05-05,01:40,points,14.5,139.0,,True,draftkings,2026-05-03T22:12:43.874203
Naz Reid,,,219920e3a715ceb3dc69f3638f7571d5,2026-05-05,01:40,points,17.5,281.0,,True,draftkings,2026-05-03T22:12:43.874205
Naz Reid,,,219920e3a715ceb3dc69f3638f7571d5,2026-05-05,01:40,points,19.5,435.0,,True,draftkings,2026-05-03T22:12:43.874206
Naz Reid,,,219920e3a715ceb3dc69f3638f7571d5,2026-05-05,01:40,points,24.5,1220.0,,True,draftkings,2026-05-03T22:12:43.874208
Naz Reid,,,219920e3a715ceb3dc69f3638f7571d5,2026-05-05,01:40,points,29.5,2800.0,,True,draftkings,2026-05-03T22:12:43.874210
Devin Vassell,,,219920e3a715ceb3dc69f3638f7571d5,2026-05-05,01:40,points,5.5,-1520.0,,True,draftkings,2026-05-03T22:12:43.874212
Devin Vassell,,,219920e3a715ceb3dc69f3638f7571d5,2026-05-05,01:40,points,7.5,-590.0,,True,draftkings,2026-05-03T22:12:43.874213
Devin Vassell,,,219920e3a715ceb3dc69f3638f7571d5,2026-05-05,01:40,points,9.5,-284.0,,True,draftkings,2026-05-03T22:12:43.874217
Devin Vassell,,,219920e3a715ceb3dc69f3638f7571d5,2026-05-05,01:40,points,11.5,-155.0,,True,draftkings,2026-05-03T22:12:43.874219
Devin Vassell,,,219920e3a715ceb3dc69f3638f7571d5,2026-05-05,01:40,points,12.5,-116.0,,True,draftkings,2026-05-03T22:12:43.874225
Devin Vassell,,,219920e3a715ceb3dc69f3638f7571d5,2026-05-05,01:40,points,14.5,145.0,,True,draftkings,2026-05-03T22:12:43.874227
Devin Vassell,,,219920e3a715ceb3dc69f3638f7571d5,2026-05-05,01:40,points,17.5,309.0,,True,draftkings,2026-05-03T22:12:43.874229
Devin Vassell,,,219920e3a715ceb3dc69f3638f7571d5,2026-05-05,01:40,points,19.5,505.0,,True,draftkings,2026-05-03T22:12:43.874231
Devin Vassell,,,219920e3a715ceb3dc69f3638f7571d5,2026-05-05,01:40,points,24.5,1540.0,,True,draftkings,2026-05-03T22:12:43.874232
Dylan Harper,,,219920e3a715ceb3dc69f3638f7571d5,2026-05-05,01:40,points,5.5,-480.0,,True,draftkings,2026-05-03T22:12:43.874234
Dylan Harper,,,219920e3a715ceb3dc69f3638f7571d5,2026-05-05,01:40,points,7.5,-210.0,,True,draftkings,2026-05-03T22:12:43.874236
Dylan Harper,,,219920e3a715ceb3dc69f3638f7571d5,2026-05-05,01:40,points,9.5,-106.0,,True,draftkings,2026-05-03T22:12:43.874238
Dylan Harper,,,219920e3a715ceb3dc69f3638f7571d5,2026-05-05,01:40,points,11.5,171.0,,True,draftkings,2026-05-03T22:12:43.874239
Dylan Harper,,,219920e3a715ceb3dc69f3638f7571d5,2026-05-05,01:40,points,14.5,406.0,,True,draftkings,2026-05-03T22:12:43.874241
Dylan Harper,,,219920e3a715ceb3dc69f3638f7571d5,2026-05-05,01:40,points,17.5,920.0,,True,draftkings,2026-05-03T22:12:43.874243
Dylan Harper,,,219920e3a715ceb3dc69f3638f7571d5,2026-05-05,01:40,points,19.5,1500.0,,True,draftkings,2026-05-03T22:12:43.874244
Keldon Johnson,,,219920e3a715ceb3dc69f3638f7571d5,2026-05-05,01:40,points,5.5,-318.0,,True,draftkings,2026-05-03T22:12:43.874246
Keldon Johnson,,,219920e3a715ceb3dc69f3638f7571d5,2026-05-05,01:40,points,7.5,-152.0,,True,draftkings,2026-05-03T22:12:43.874248
Keldon Johnson,,,219920e3a715ceb3dc69f3638f7571d5,2026-05-05,01:40,points,8.5,-110.0,,True,draftkings,2026-05-03T22:12:43.874250
Keldon Johnson,,,219920e3a715ceb3dc69f3638f7571d5,2026-05-05,01:40,points,9.5,123.0,,True,draftkings,2026-05-03T22:12:43.874251
Keldon Johnson,,,219920e3a715ceb3dc69f3638f7571d5,2026-05-05,01:40,points,11.5,221.0,,True,draftkings,2026-05-03T22:12:43.874253
Keldon Johnson,,,219920e3a715ceb3dc69f3638f7571d5,2026-05-05,01:40,points,14.5,503.0,,True,draftkings,2026-05-03T22:12:43.874255
Keldon Johnson,,,219920e3a715ceb3dc69f3638f7571d5,2026-05-05,01:40,points,17.5,1060.0,,True,draftkings,2026-05-03T22:12:43.874256
Keldon Johnson,,,219920e3a715ceb3dc69f3638f7571d5,2026-05-05,01:40,points,19.5,1660.0,,True,draftkings,2026-05-03T22:12:43.874258
Julian Champagnie,,,219920e3a715ceb3dc69f3638f7571d5,2026-05-05,01:40,points,5.5,-304.0,,True,draftkings,2026-05-03T22:12:43.874260
Julian Champagnie,,,219920e3a715ceb3dc69f3638f7571d5,2026-05-05,01:40,points,7.5,-149.0,,True,draftkings,2026-05-03T22:12:43.874262
Julian Champagnie,,,219920e3a715ceb3dc69f3638f7571d5,2026-05-05,01:40,points,8.5,-104.0,,True,draftkings,2026-05-03T22:12:43.874263
Julian Champagnie,,,219920e3a715ceb3dc69f3638f7571d5,2026-05-05,01:40,points,9.5,134.0,,True,draftkings,2026-05-03T22:12:43.874265
Julian Champagnie,,,219920e3a715ceb3dc69f3638f7571d5,2026-05-05,01:40,points,11.5,230.0,,True,draftkings,2026-05-03T22:12:43.874267
Julian Champagnie,,,219920e3a715ceb3dc69f3638f7571d5,2026-05-05,01:40,points,14.5,526.0,,True,draftkings,2026-05-03T22:12:43.874269
Julian Champagnie,,,219920e3a715ceb3dc69f3638f7571d5,2026-05-05,01:40,points,17.5,1120.0,,True,draftkings,2026-05-03T22:12:43.874270
Julian Champagnie,,,219920e3a715ceb3dc69f3638f7571d5,2026-05-05,01:40,points,19.5,1740.0,,True,draftkings,2026-05-03T22:12:43.874272
Rudy Gobert,,,219920e3a715ceb3dc69f3638f7571d5,2026-05-05,01:40,points,5.5,-445.0,,True,draftkings,2026-05-03T22:12:43.874274
Rudy Gobert,,,219920e3a715ceb3dc69f3638f7571d5,2026-05-05,01:40,points,7.5,-184.0,,True,draftkings,2026-05-03T22:12:43.874276
Rudy Gobert,,,219920e3a715ceb3dc69f3638f7571d5,2026-05-05,01:40,points,8.5,-115.0,,True,draftkings,2026-05-03T22:12:43.874279
Rudy Gobert,,,219920e3a715ceb3dc69f3638f7571d5,2026-05-05,01:40,points,9.5,111.0,,True,draftkings,2026-05-03T22:12:43.874281
Rudy Gobert,,,219920e3a715ceb3dc69f3638f7571d5,2026-05-05,01:40,points,11.5,218.0,,True,draftkings,2026-05-03T22:12:43.874284
Rudy Gobert,,,219920e3a715ceb3dc69f3638f7571d5,2026-05-05,01:40,points,14.5,593.0,,True,draftkings,2026-05-03T22:12:43.874286
Rudy Gobert,,,219920e3a715ceb3dc69f3638f7571d5,2026-05-05,01:40,points,17.5,1340.0,,True,draftkings,2026-05-03T22:12:43.874288
Rudy Gobert,,,219920e3a715ceb3dc69f3638f7571d5,2026-05-05,01:40,points,19.5,2000.0,,True,draftkings,2026-05-03T22:12:43.874289
Mike Conley,,,219920e3a715ceb3dc69f3638f7571d5,2026-05-05,01:40,points,5.5,-105.0,,True,draftkings,2026-05-03T22:12:43.874291
Mike Conley,,,219920e3a715ceb3dc69f3638f7571d5,2026-05-05,01:40,points,7.5,193.0,,True,draftkings,2026-05-03T22:12:43.874293
Mike Conley,,,219920e3a715ceb3dc69f3638f7571d5,2026-05-05,01:40,points,9.5,381.0,,True,draftkings,2026-05-03T22:12:43.874294
Mike Conley,,,219920e3a715ceb3dc69f3638f7571d5,2026-05-05,01:40,points,11.5,680.0,,True,draftkings,2026-05-03T22:12:43.874296
Mike Conley,,,219920e3a715ceb3dc69f3638f7571d5,2026-05-05,01:40,points,14.5,1500.0,,True,draftkings,2026-05-03T22:12:43.874298
Mike Conley,,,219920e3a715ceb3dc69f3638f7571d5,2026-05-05,01:40,points,17.5,2700.0,,True,draftkings,2026-05-03T22:12:43.874300
Victor Wembanyama,,,219920e3a715ceb3dc69f3638f7571d5,2026-05-05,01:40,rebounds,11.5,-122.0,-108.0,False,draftkings,2026-05-03T22:12:43.874320
Rudy Gobert,,,219920e3a715ceb3dc69f3638f7571d5,2026-05-05,01:40,rebounds,10.5,-127.0,-104.0,False,draftkings,2026-05-03T22:12:43.874322
Julius Randle,,,219920e3a715ceb3dc69f3638f7571d5,2026-05-05,01:40,rebounds,6.5,-129.0,-102.0,False,draftkings,2026-05-03T22:12:43.874324
Naz Reid,,,219920e3a715ceb3dc69f3638f7571d5,2026-05-05,01:40,rebounds,5.5,-144.0,110.0,False,draftkings,2026-05-03T22:12:43.874325
Stephon Castle,,,219920e3a715ceb3dc69f3638f7571d5,2026-05-05,01:40,rebounds,5.5,-106.0,-124.0,False,draftkings,2026-05-03T22:12:43.874327
Julian Champagnie,,,219920e3a715ceb3dc69f3638f7571d5,2026-05-05,01:40,rebounds,4.5,-155.0,117.0,False,draftkings,2026-05-03T22:12:43.874329
Jaden McDaniels,,,219920e3a715ceb3dc69f3638f7571d5,2026-05-05,01:40,rebounds,4.5,-130.0,-101.0,False,draftkings,2026-05-03T22:12:43.874331
Devin Vassell,,,219920e3a715ceb3dc69f3638f7571d5,2026-05-05,01:40,rebounds,4.5,113.0,-149.0,False,draftkings,2026-05-03T22:12:43.874332
De'Aaron Fox,,,219920e3a715ceb3dc69f3638f7571d5,2026-05-05,01:40,rebounds,4.5,122.0,-161.0,False,draftkings,2026-05-03T22:12:43.874334
Ayo Dosunmu,,,219920e3a715ceb3dc69f3638f7571d5,2026-05-05,01:40,rebounds,3.5,-149.0,113.0,False,draftkings,2026-05-03T22:12:43.874336
Keldon Johnson,,,219920e3a715ceb3dc69f3638f7571d5,2026-05-05,01:40,rebounds,3.5,-105.0,-125.0,False,draftkings,2026-05-03T22:12:43.874338
Dylan Harper,,,219920e3a715ceb3dc69f3638f7571d5,2026-05-05,01:40,rebounds,2.5,-135.0,102.0,False,draftkings,2026-05-03T22:12:43.874339
Mike Conley,,,219920e3a715ceb3dc69f3638f7571d5,2026-05-05,01:40,rebounds,2.5,122.0,-161.0,False,draftkings,2026-05-03T22:12:43.874341
Victor Wembanyama,,,219920e3a715ceb3dc69f3638f7571d5,2026-05-05,01:40,rebounds,6.5,-2500.0,,True,draftkings,2026-05-03T22:12:43.874407
Victor Wembanyama,,,219920e3a715ceb3dc69f3638f7571d5,2026-05-05,01:40,rebounds,7.5,-1100.0,,True,draftkings,2026-05-03T22:12:43.874409
Victor Wembanyama,,,219920e3a715ceb3dc69f3638f7571d5,2026-05-05,01:40,rebounds,8.5,-558.0,,True,draftkings,2026-05-03T22:12:43.874411
Victor Wembanyama,,,219920e3a715ceb3dc69f3638f7571d5,2026-05-05,01:40,rebounds,9.5,-315.0,,True,draftkings,2026-05-03T22:12:43.874413
Victor Wembanyama,,,219920e3a715ceb3dc69f3638f7571d5,2026-05-05,01:40,rebounds,10.5,-192.0,,True,draftkings,2026-05-03T22:12:43.874415
Victor Wembanyama,,,219920e3a715ceb3dc69f3638f7571d5,2026-05-05,01:40,rebounds,11.5,-123.0,,True,draftkings,2026-05-03T22:12:43.874417
Victor Wembanyama,,,219920e3a715ceb3dc69f3638f7571d5,2026-05-05,01:40,rebounds,12.5,125.0,,True,draftkings,2026-05-03T22:12:43.874418
Victor Wembanyama,,,219920e3a715ceb3dc69f3638f7571d5,2026-05-05,01:40,rebounds,13.5,190.0,,True,draftkings,2026-05-03T22:12:43.874420
Victor Wembanyama,,,219920e3a715ceb3dc69f3638f7571d5,2026-05-05,01:40,rebounds,14.5,284.0,,True,draftkings,2026-05-03T22:12:43.874422
Victor Wembanyama,,,219920e3a715ceb3dc69f3638f7571d5,2026-05-05,01:40,rebounds,15.5,438.0,,True,draftkings,2026-05-03T22:12:43.874423
Victor Wembanyama,,,219920e3a715ceb3dc69f3638f7571d5,2026-05-05,01:40,rebounds,16.5,640.0,,True,draftkings,2026-05-03T22:12:43.874425
Victor Wembanyama,,,219920e3a715ceb3dc69f3638f7571d5,2026-05-05,01:40,rebounds,17.5,960.0,,True,draftkings,2026-05-03T22:12:43.874427
Victor Wembanyama,,,219920e3a715ceb3dc69f3638f7571d5,2026-05-05,01:40,rebounds,18.5,1380.0,,True,draftkings,2026-05-03T22:12:43.874429
Victor Wembanyama,,,219920e3a715ceb3dc69f3638f7571d5,2026-05-05,01:40,rebounds,19.5,1900.0,,True,draftkings,2026-05-03T22:12:43.874430
Rudy Gobert,,,219920e3a715ceb3dc69f3638f7571d5,2026-05-05,01:40,rebounds,5.5,-2600.0,,True,draftkings,2026-05-03T22:12:43.874432
Rudy Gobert,,,219920e3a715ceb3dc69f3638f7571d5,2026-05-05,01:40,rebounds,6.5,-1160.0,,True,draftkings,2026-05-03T22:12:43.874434
Rudy Gobert,,,219920e3a715ceb3dc69f3638f7571d5,2026-05-05,01:40,rebounds,7.5,-590.0,,True,draftkings,2026-05-03T22:12:43.874436
Rudy Gobert,,,219920e3a715ceb3dc69f3638f7571d5,2026-05-05,01:40,rebounds,8.5,-339.0,,True,draftkings,2026-05-03T22:12:43.874437
Rudy Gobert,,,219920e3a715ceb3dc69f3638f7571d5,2026-05-05,01:40,rebounds,9.5,-207.0,,True,draftkings,2026-05-03T22:12:43.874439
Rudy Gobert,,,219920e3a715ceb3dc69f3638f7571d5,2026-05-05,01:40,rebounds,10.5,-130.0,,True,draftkings,2026-05-03T22:12:43.874441
Rudy Gobert,,,219920e3a715ceb3dc69f3638f7571d5,2026-05-05,01:40,rebounds,11.5,117.0,,True,draftkings,2026-05-03T22:12:43.874442
Rudy Gobert,,,219920e3a715ceb3dc69f3638f7571d5,2026-05-05,01:40,rebounds,12.5,177.0,,True,draftkings,2026-05-03T22:12:43.874444
Rudy Gobert,,,219920e3a715ceb3dc69f3638f7571d5,2026-05-05,01:40,rebounds,13.5,270.0,,True,draftkings,2026-05-03T22:12:43.874454
Rudy Gobert,,,219920e3a715ceb3dc69f3638f7571d5,2026-05-05,01:40,rebounds,14.5,410.0,,True,draftkings,2026-05-03T22:12:43.874456
Rudy Gobert,,,219920e3a715ceb3dc69f3638f7571d5,2026-05-05,01:40,rebounds,15.5,600.0,,True,draftkings,2026-05-03T22:12:43.874458
Rudy Gobert,,,219920e3a715ceb3dc69f3638f7571d5,2026-05-05,01:40,rebounds,16.5,890.0,,True,draftkings,2026-05-03T22:12:43.874460
Rudy Gobert,,,219920e3a715ceb3dc69f3638f7571d5,2026-05-05,01:40,rebounds,17.5,1280.0,,True,draftkings,2026-05-03T22:12:43.874461
Rudy Gobert,,,219920e3a715ceb3dc69f3638f7571d5,2026-05-05,01:40,rebounds,18.5,1740.0,,True,draftkings,2026-05-03T22:12:43.874463
Rudy Gobert,,,219920e3a715ceb3dc69f3638f7571d5,2026-05-05,01:40,rebounds,19.5,2300.0,,True,draftkings,2026-05-03T22:12:43.874466
Julius Randle,,,219920e3a715ceb3dc69f3638f7571d5,2026-05-05,01:40,rebounds,3.5,-1160.0,,True,draftkings,2026-05-03T22:12:43.874468
Julius Randle,,,219920e3a715ceb3dc69f3638f7571d5,2026-05-05,01:40,rebounds,4.5,-471.0,,True,draftkings,2026-05-03T22:12:43.874470
Julius Randle,,,219920e3a715ceb3dc69f3638f7571d5,2026-05-05,01:40,rebounds,5.5,-232.0,,True,draftkings,2026-05-03T22:12:43.874472
Julius Randle,,,219920e3a715ceb3dc69f3638f7571d5,2026-05-05,01:40,rebounds,6.5,-131.0,,True,draftkings,2026-05-03T22:12:43.874473
Julius Randle,,,219920e3a715ceb3dc69f3638f7571d5,2026-05-05,01:40,rebounds,7.5,131.0,,True,draftkings,2026-05-03T22:12:43.874475
Julius Randle,,,219920e3a715ceb3dc69f3638f7571d5,2026-05-05,01:40,rebounds,8.5,221.0,,True,draftkings,2026-05-03T22:12:43.874477
Julius Randle,,,219920e3a715ceb3dc69f3638f7571d5,2026-05-05,01:40,rebounds,9.5,365.0,,True,draftkings,2026-05-03T22:12:43.874479
Julius Randle,,,219920e3a715ceb3dc69f3638f7571d5,2026-05-05,01:40,rebounds,10.5,594.0,,True,draftkings,2026-05-03T22:12:43.874480
Julius Randle,,,219920e3a715ceb3dc69f3638f7571d5,2026-05-05,01:40,rebounds,11.5,980.0,,True,draftkings,2026-05-03T22:12:43.874482
Julius Randle,,,219920e3a715ceb3dc69f3638f7571d5,2026-05-05,01:40,rebounds,12.5,1520.0,,True,draftkings,2026-05-03T22:12:43.874484
Julius Randle,,,219920e3a715ceb3dc69f3638f7571d5,2026-05-05,01:40,rebounds,13.5,2200.0,,True,draftkings,2026-05-03T22:12:43.874485
Julius Randle,,,219920e3a715ceb3dc69f3638f7571d5,2026-05-05,01:40,rebounds,14.5,2900.0,,True,draftkings,2026-05-03T22:12:43.874487
Naz Reid,,,219920e3a715ceb3dc69f3638f7571d5,2026-05-05,01:40,rebounds,2.5,-1920.0,,True,draftkings,2026-05-03T22:12:43.874489
Naz Reid,,,219920e3a715ceb3dc69f3638f7571d5,2026-05-05,01:40,rebounds,3.5,-620.0,,True,draftkings,2026-05-03T22:12:43.874491
Naz Reid,,,219920e3a715ceb3dc69f3638f7571d5,2026-05-05,01:40,rebounds,4.5,-281.0,,True,draftkings,2026-05-03T22:12:43.874492
Naz Reid,,,219920e3a715ceb3dc69f3638f7571d5,2026-05-05,01:40,rebounds,5.5,-145.0,,True,draftkings,2026-05-03T22:12:43.874494
Naz Reid,,,219920e3a715ceb3dc69f3638f7571d5,2026-05-05,01:40,rebounds,6.5,123.0,,True,draftkings,2026-05-03T22:12:43.874496
Naz Reid,,,219920e3a715ceb3dc69f3638f7571d5,2026-05-05,01:40,rebounds,7.5,209.0,,True,draftkings,2026-05-03T22:12:43.874497
Naz Reid,,,219920e3a715ceb3dc69f3638f7571d5,2026-05-05,01:40,rebounds,8.5,342.0,,True,draftkings,2026-05-03T22:12:43.874499
Naz Reid,,,219920e3a715ceb3dc69f3638f7571d5,2026-05-05,01:40,rebounds,9.5,555.0,,True,draftkings,2026-05-03T22:12:43.874501
Naz Reid,,,219920e3a715ceb3dc69f3638f7571d5,2026-05-05,01:40,rebounds,10.5,930.0,,True,draftkings,2026-05-03T22:12:43.874503
Naz Reid,,,219920e3a715ceb3dc69f3638f7571d5,2026-05-05,01:40,rebounds,11.5,1440.0,,True,draftkings,2026-05-03T22:12:43.874504
Naz Reid,,,219920e3a715ceb3dc69f3638f7571d5,2026-05-05,01:40,rebounds,12.5,2100.0,,True,draftkings,2026-05-03T22:12:43.874506
Naz Reid,,,219920e3a715ceb3dc69f3638f7571d5,2026-05-05,01:40,rebounds,13.5,2800.0,,True,draftkings,2026-05-03T22:12:43.874508
Stephon Castle,,,219920e3a715ceb3dc69f3638f7571d5,2026-05-05,01:40,rebounds,2.5,-1420.0,,True,draftkings,2026-05-03T22:12:43.874509
Stephon Castle,,,219920e3a715ceb3dc69f3638f7571d5,2026-05-05,01:40,rebounds,3.5,-488.0,,True,draftkings,2026-05-03T22:12:43.874513
Stephon Castle,,,219920e3a715ceb3dc69f3638f7571d5,2026-05-05,01:40,rebounds,4.5,-211.0,,True,draftkings,2026-05-03T22:12:43.874515
Stephon Castle,,,219920e3a715ceb3dc69f3638f7571d5,2026-05-05,01:40,rebounds,5.5,-106.0,,True,draftkings,2026-05-03T22:12:43.874516
Stephon Castle,,,219920e3a715ceb3dc69f3638f7571d5,2026-05-05,01:40,rebounds,6.5,176.0,,True,draftkings,2026-05-03T22:12:43.874520
Stephon Castle,,,219920e3a715ceb3dc69f3638f7571d5,2026-05-05,01:40,rebounds,7.5,324.0,,True,draftkings,2026-05-03T22:12:43.874522
Stephon Castle,,,219920e3a715ceb3dc69f3638f7571d5,2026-05-05,01:40,rebounds,8.5,578.0,,True,draftkings,2026-05-03T22:12:43.874523
Stephon Castle,,,219920e3a715ceb3dc69f3638f7571d5,2026-05-05,01:40,rebounds,9.5,980.0,,True,draftkings,2026-05-03T22:12:43.874525
Stephon Castle,,,219920e3a715ceb3dc69f3638f7571d5,2026-05-05,01:40,rebounds,10.5,1680.0,,True,draftkings,2026-05-03T22:12:43.874527
Stephon Castle,,,219920e3a715ceb3dc69f3638f7571d5,2026-05-05,01:40,rebounds,11.5,2600.0,,True,draftkings,2026-05-03T22:12:43.874528
Julian Champagnie,,,219920e3a715ceb3dc69f3638f7571d5,2026-05-05,01:40,rebounds,2.5,-940.0,,True,draftkings,2026-05-03T22:12:43.874530
Julian Champagnie,,,219920e3a715ceb3dc69f3638f7571d5,2026-05-05,01:40,rebounds,3.5,-343.0,,True,draftkings,2026-05-03T22:12:43.874532
Julian Champagnie,,,219920e3a715ceb3dc69f3638f7571d5,2026-05-05,01:40,rebounds,4.5,-157.0,,True,draftkings,2026-05-03T22:12:43.874534
Julian Champagnie,,,219920e3a715ceb3dc69f3638f7571d5,2026-05-05,01:40,rebounds,5.5,124.0,,True,draftkings,2026-05-03T22:12:43.874535
Julian Champagnie,,,219920e3a715ceb3dc69f3638f7571d5,2026-05-05,01:40,rebounds,6.5,228.0,,True,draftkings,2026-05-03T22:12:43.874537
Julian Champagnie,,,219920e3a715ceb3dc69f3638f7571d5,2026-05-05,01:40,rebounds,7.5,412.0,,True,draftkings,2026-05-03T22:12:43.874539
Julian Champagnie,,,219920e3a715ceb3dc69f3638f7571d5,2026-05-05,01:40,rebounds,8.5,730.0,,True,draftkings,2026-05-03T22:12:43.874540
Julian Champagnie,,,219920e3a715ceb3dc69f3638f7571d5,2026-05-05,01:40,rebounds,9.5,1280.0,,True,draftkings,2026-05-03T22:12:43.874542
Julian Champagnie,,,219920e3a715ceb3dc69f3638f7571d5,2026-05-05,01:40,rebounds,10.5,2000.0,,True,draftkings,2026-05-03T22:12:43.874544
Julian Champagnie,,,219920e3a715ceb3dc69f3638f7571d5,2026-05-05,01:40,rebounds,11.5,2900.0,,True,draftkings,2026-05-03T22:12:43.874546
Ayo Dosunmu,,,219920e3a715ceb3dc69f3638f7571d5,2026-05-05,01:40,rebounds,2.5,-336.0,,True,draftkings,2026-05-03T22:12:43.874547
Ayo Dosunmu,,,219920e3a715ceb3dc69f3638f7571d5,2026-05-05,01:40,rebounds,3.5,-152.0,,True,draftkings,2026-05-03T22:12:43.874549
Ayo Dosunmu,,,219920e3a715ceb3dc69f3638f7571d5,2026-05-05,01:40,rebounds,4.5,123.0,,True,draftkings,2026-05-03T22:12:43.874551
Ayo Dosunmu,,,219920e3a715ceb3dc69f3638f7571d5,2026-05-05,01:40,rebounds,5.5,221.0,,True,draftkings,2026-05-03T22:12:43.874552
Ayo Dosunmu,,,219920e3a715ceb3dc69f3638f7571d5,2026-05-05,01:40,rebounds,6.5,388.0,,True,draftkings,2026-05-03T22:12:43.874554
Ayo Dosunmu,,,219920e3a715ceb3dc69f3638f7571d5,2026-05-05,01:40,rebounds,7.5,660.0,,True,draftkings,2026-05-03T22:12:43.874556
Ayo Dosunmu,,,219920e3a715ceb3dc69f3638f7571d5,2026-05-05,01:40,rebounds,8.5,1080.0,,True,draftkings,2026-05-03T22:12:43.874558
Ayo Dosunmu,,,219920e3a715ceb3dc69f3638f7571d5,2026-05-05,01:40,rebounds,9.5,1680.0,,True,draftkings,2026-05-03T22:12:43.874576
Ayo Dosunmu,,,219920e3a715ceb3dc69f3638f7571d5,2026-05-05,01:40,rebounds,10.5,2400.0,,True,draftkings,2026-05-03T22:12:43.874579
Jaden McDaniels,,,219920e3a715ceb3dc69f3638f7571d5,2026-05-05,01:40,rebounds,2.5,-680.0,,True,draftkings,2026-05-03T22:12:43.874581
Jaden McDaniels,,,219920e3a715ceb3dc69f3638f7571d5,2026-05-05,01:40,rebounds,3.5,-265.0,,True,draftkings,2026-05-03T22:12:43.874583
Jaden McDaniels,,,219920e3a715ceb3dc69f3638f7571d5,2026-05-05,01:40,rebounds,4.5,-129.0,,True,draftkings,2026-05-03T22:12:43.874584
Jaden McDaniels,,,219920e3a715ceb3dc69f3638f7571d5,2026-05-05,01:40,rebounds,5.5,149.0,,True,draftkings,2026-05-03T22:12:43.874586
Jaden McDaniels,,,219920e3a715ceb3dc69f3638f7571d5,2026-05-05,01:40,rebounds,6.5,275.0,,True,draftkings,2026-05-03T22:12:43.874590
Jaden McDaniels,,,219920e3a715ceb3dc69f3638f7571d5,2026-05-05,01:40,rebounds,7.5,497.0,,True,draftkings,2026-05-03T22:12:43.874591
Jaden McDaniels,,,219920e3a715ceb3dc69f3638f7571d5,2026-05-05,01:40,rebounds,8.5,900.0,,True,draftkings,2026-05-03T22:12:43.874593
Jaden McDaniels,,,219920e3a715ceb3dc69f3638f7571d5,2026-05-05,01:40,rebounds,9.5,1560.0,,True,draftkings,2026-05-03T22:12:43.874595
Jaden McDaniels,,,219920e3a715ceb3dc69f3638f7571d5,2026-05-05,01:40,rebounds,10.5,2500.0,,True,draftkings,2026-05-03T22:12:43.874597
De'Aaron Fox,,,219920e3a715ceb3dc69f3638f7571d5,2026-05-05,01:40,rebounds,2.5,-435.0,,True,draftkings,2026-05-03T22:12:43.874598
De'Aaron Fox,,,219920e3a715ceb3dc69f3638f7571d5,2026-05-05,01:40,rebounds,3.5,-177.0,,True,draftkings,2026-05-03T22:12:43.874600
De'Aaron Fox,,,219920e3a715ceb3dc69f3638f7571d5,2026-05-05,01:40,rebounds,4.5,122.0,,True,draftkings,2026-05-03T22:12:43.874602
De'Aaron Fox,,,219920e3a715ceb3dc69f3638f7571d5,2026-05-05,01:40,rebounds,5.5,243.0,,True,draftkings,2026-05-03T22:12:43.874604
De'Aaron Fox,,,219920e3a715ceb3dc69f3638f7571d5,2026-05-05,01:40,rebounds,6.5,470.0,,True,draftkings,2026-05-03T22:12:43.874605
De'Aaron Fox,,,219920e3a715ceb3dc69f3638f7571d5,2026-05-05,01:40,rebounds,7.5,890.0,,True,draftkings,2026-05-03T22:12:43.874607
De'Aaron Fox,,,219920e3a715ceb3dc69f3638f7571d5,2026-05-05,01:40,rebounds,8.5,1540.0,,True,draftkings,2026-05-03T22:12:43.874609
De'Aaron Fox,,,219920e3a715ceb3dc69f3638f7571d5,2026-05-05,01:40,rebounds,9.5,2400.0,,True,draftkings,2026-05-03T22:12:43.874610
Devin Vassell,,,219920e3a715ceb3dc69f3638f7571d5,2026-05-05,01:40,rebounds,2.5,-502.0,,True,draftkings,2026-05-03T22:12:43.874612
Devin Vassell,,,219920e3a715ceb3dc69f3638f7571d5,2026-05-05,01:40,rebounds,3.5,-193.0,,True,draftkings,2026-05-03T22:12:43.874614
Devin Vassell,,,219920e3a715ceb3dc69f3638f7571d5,2026-05-05,01:40,rebounds,4.5,115.0,,True,draftkings,2026-05-03T22:12:43.874616
Devin Vassell,,,219920e3a715ceb3dc69f3638f7571d5,2026-05-05,01:40,rebounds,5.5,233.0,,True,draftkings,2026-05-03T22:12:43.874617
Devin Vassell,,,219920e3a715ceb3dc69f3638f7571d5,2026-05-05,01:40,rebounds,6.5,465.0,,True,draftkings,2026-05-03T22:12:43.874619
Devin Vassell,,,219920e3a715ceb3dc69f3638f7571d5,2026-05-05,01:40,rebounds,7.5,890.0,,True,draftkings,2026-05-03T22:12:43.874621
Devin Vassell,,,219920e3a715ceb3dc69f3638f7571d5,2026-05-05,01:40,rebounds,8.5,1600.0,,True,draftkings,2026-05-03T22:12:43.874622
Devin Vassell,,,219920e3a715ceb3dc69f3638f7571d5,2026-05-05,01:40,rebounds,9.5,2600.0,,True,draftkings,2026-05-03T22:12:43.874624
Keldon Johnson,,,219920e3a715ceb3dc69f3638f7571d5,2026-05-05,01:40,rebounds,2.5,-242.0,,True,draftkings,2026-05-03T22:12:43.874626
Keldon Johnson,,,219920e3a715ceb3dc69f3638f7571d5,2026-05-05,01:40,rebounds,3.5,-102.0,,True,draftkings,2026-05-03T22:12:43.874628
Keldon Johnson,,,219920e3a715ceb3dc69f3638f7571d5,2026-05-05,01:40,rebounds,4.5,202.0,,True,draftkings,2026-05-03T22:12:43.874629
Keldon Johnson,,,219920e3a715ceb3dc69f3638f7571d5,2026-05-05,01:40,rebounds,5.5,392.0,,True,draftkings,2026-05-03T22:12:43.874631
Keldon Johnson,,,219920e3a715ceb3dc69f3638f7571d5,2026-05-05,01:40,rebounds,6.5,750.0,,True,draftkings,2026-05-03T22:12:43.874633
Keldon Johnson,,,219920e3a715ceb3dc69f3638f7571d5,2026-05-05,01:40,rebounds,7.5,1380.0,,True,draftkings,2026-05-03T22:12:43.874634
Keldon Johnson,,,219920e3a715ceb3dc69f3638f7571d5,2026-05-05,01:40,rebounds,8.5,2300.0,,True,draftkings,2026-05-03T22:12:43.874636
Dylan Harper,,,219920e3a715ceb3dc69f3638f7571d5,2026-05-05,01:40,rebounds,2.5,-135.0,,True,draftkings,2026-05-03T22:12:43.874638
Dylan Harper,,,219920e3a715ceb3dc69f3638f7571d5,2026-05-05,01:40,rebounds,3.5,176.0,,True,draftkings,2026-05-03T22:12:43.874640
Dylan Harper,,,219920e3a715ceb3dc69f3638f7571d5,2026-05-05,01:40,rebounds,4.5,382.0,,True,draftkings,2026-05-03T22:12:43.874680
Dylan Harper,,,219920e3a715ceb3dc69f3638f7571d5,2026-05-05,01:40,rebounds,5.5,800.0,,True,draftkings,2026-05-03T22:12:43.874682
Dylan Harper,,,219920e3a715ceb3dc69f3638f7571d5,2026-05-05,01:40,rebounds,6.5,1540.0,,True,draftkings,2026-05-03T22:12:43.874686
Dylan Harper,,,219920e3a715ceb3dc69f3638f7571d5,2026-05-05,01:40,rebounds,7.5,2600.0,,True,draftkings,2026-05-03T22:12:43.874688
Mike Conley,,,219920e3a715ceb3dc69f3638f7571d5,2026-05-05,01:40,rebounds,2.5,123.0,,True,draftkings,2026-05-03T22:12:43.874691
Mike Conley,,,219920e3a715ceb3dc69f3638f7571d5,2026-05-05,01:40,rebounds,3.5,285.0,,True,draftkings,2026-05-03T22:12:43.874693
Mike Conley,,,219920e3a715ceb3dc69f3638f7571d5,2026-05-05,01:40,rebounds,4.5,610.0,,True,draftkings,2026-05-03T22:12:43.874694
Mike Conley,,,219920e3a715ceb3dc69f3638f7571d5,2026-05-05,01:40,rebounds,5.5,1260.0,,True,draftkings,2026-05-03T22:12:43.874696
Mike Conley,,,219920e3a715ceb3dc69f3638f7571d5,2026-05-05,01:40,rebounds,6.5,2300.0,,True,draftkings,2026-05-03T22:12:43.874698
Victor Wembanyama,,,219920e3a715ceb3dc69f3638f7571d5,2026-05-05,01:40,threes,2.5,110.0,-144.0,False,draftkings,2026-05-03T22:12:43.874717
Devin Vassell,,,219920e3a715ceb3dc69f3638f7571d5,2026-05-05,01:40,threes,1.5,-188.0,142.0,False,draftkings,2026-05-03T22:12:43.874719
Julian Champagnie,,,219920e3a715ceb3dc69f3638f7571d5,2026-05-05,01:40,threes,1.5,-175.0,132.0,False,draftkings,2026-05-03T22:12:43.874721
Ayo Dosunmu,,,219920e3a715ceb3dc69f3638f7571d5,2026-05-05,01:40,threes,1.5,-168.0,127.0,False,draftkings,2026-05-03T22:12:43.874723
De'Aaron Fox,,,219920e3a715ceb3dc69f3638f7571d5,2026-05-05,01:40,threes,1.5,-121.0,-109.0,False,draftkings,2026-05-03T22:12:43.874724
Naz Reid,,,219920e3a715ceb3dc69f3638f7571d5,2026-05-05,01:40,threes,1.5,-120.0,-109.0,False,draftkings,2026-05-03T22:12:43.874728
Jaden McDaniels,,,219920e3a715ceb3dc69f3638f7571d5,2026-05-05,01:40,threes,1.5,111.0,-146.0,False,draftkings,2026-05-03T22:12:43.874729
Julius Randle,,,219920e3a715ceb3dc69f3638f7571d5,2026-05-05,01:40,threes,1.5,125.0,-165.0,False,draftkings,2026-05-03T22:12:43.874731
Stephon Castle,,,219920e3a715ceb3dc69f3638f7571d5,2026-05-05,01:40,threes,1.5,147.0,-195.0,False,draftkings,2026-05-03T22:12:43.874733
Mike Conley,,,219920e3a715ceb3dc69f3638f7571d5,2026-05-05,01:40,threes,1.5,154.0,-204.0,False,draftkings,2026-05-03T22:12:43.874735
Keldon Johnson,,,219920e3a715ceb3dc69f3638f7571d5,2026-05-05,01:40,threes,0.5,-168.0,127.0,False,draftkings,2026-05-03T22:12:43.874736
Victor Wembanyama,,,219920e3a715ceb3dc69f3638f7571d5,2026-05-05,01:40,threes,0.5,-1180.0,,True,draftkings,2026-05-03T22:12:43.874767
Victor Wembanyama,,,219920e3a715ceb3dc69f3638f7571d5,2026-05-05,01:40,threes,1.5,-250.0,,True,draftkings,2026-05-03T22:12:43.874768
Victor Wembanyama,,,219920e3a715ceb3dc69f3638f7571d5,2026-05-05,01:40,threes,2.5,107.0,,True,draftkings,2026-05-03T22:12:43.874770
Victor Wembanyama,,,219920e3a715ceb3dc69f3638f7571d5,2026-05-05,01:40,threes,3.5,248.0,,True,draftkings,2026-05-03T22:12:43.874772
Victor Wembanyama,,,219920e3a715ceb3dc69f3638f7571d5,2026-05-05,01:40,threes,4.5,551.0,,True,draftkings,2026-05-03T22:12:43.874774
Victor Wembanyama,,,219920e3a715ceb3dc69f3638f7571d5,2026-05-05,01:40,threes,5.5,1160.0,,True,draftkings,2026-05-03T22:12:43.874775
Victor Wembanyama,,,219920e3a715ceb3dc69f3638f7571d5,2026-05-05,01:40,threes,6.5,2100.0,,True,draftkings,2026-05-03T22:12:43.874777
Ayo Dosunmu,,,219920e3a715ceb3dc69f3638f7571d5,2026-05-05,01:40,threes,0.5,-770.0,,True,draftkings,2026-05-03T22:12:43.874779
Ayo Dosunmu,,,219920e3a715ceb3dc69f3638f7571d5,2026-05-05,01:40,threes,1.5,-167.0,,True,draftkings,2026-05-03T22:12:43.874781
Ayo Dosunmu,,,219920e3a715ceb3dc69f3638f7571d5,2026-05-05,01:40,threes,2.5,172.0,,True,draftkings,2026-05-03T22:12:43.874782
Ayo Dosunmu,,,219920e3a715ceb3dc69f3638f7571d5,2026-05-05,01:40,threes,3.5,426.0,,True,draftkings,2026-05-03T22:12:43.874784
Ayo Dosunmu,,,219920e3a715ceb3dc69f3638f7571d5,2026-05-05,01:40,threes,4.5,1000.0,,True,draftkings,2026-05-03T22:12:43.874786
Ayo Dosunmu,,,219920e3a715ceb3dc69f3638f7571d5,2026-05-05,01:40,threes,5.5,1940.0,,True,draftkings,2026-05-03T22:12:43.874787
Devin Vassell,,,219920e3a715ceb3dc69f3638f7571d5,2026-05-05,01:40,threes,0.5,-900.0,,True,draftkings,2026-05-03T22:12:43.874789
Devin Vassell,,,219920e3a715ceb3dc69f3638f7571d5,2026-05-05,01:40,threes,1.5,-192.0,,True,draftkings,2026-05-03T22:12:43.874791
Devin Vassell,,,219920e3a715ceb3dc69f3638f7571d5,2026-05-05,01:40,threes,2.5,155.0,,True,draftkings,2026-05-03T22:12:43.874792
Devin Vassell,,,219920e3a715ceb3dc69f3638f7571d5,2026-05-05,01:40,threes,3.5,394.0,,True,draftkings,2026-05-03T22:12:43.874794
Devin Vassell,,,219920e3a715ceb3dc69f3638f7571d5,2026-05-05,01:40,threes,4.5,940.0,,True,draftkings,2026-05-03T22:12:43.874796
Devin Vassell,,,219920e3a715ceb3dc69f3638f7571d5,2026-05-05,01:40,threes,5.5,1940.0,,True,draftkings,2026-05-03T22:12:43.874798
Julian Champagnie,,,219920e3a715ceb3dc69f3638f7571d5,2026-05-05,01:40,threes,0.5,-880.0,,True,draftkings,2026-05-03T22:12:43.874799
Julian Champagnie,,,219920e3a715ceb3dc69f3638f7571d5,2026-05-05,01:40,threes,1.5,-178.0,,True,draftkings,2026-05-03T22:12:43.874801
Julian Champagnie,,,219920e3a715ceb3dc69f3638f7571d5,2026-05-05,01:40,threes,2.5,168.0,,True,draftkings,2026-05-03T22:12:43.874803
Julian Champagnie,,,219920e3a715ceb3dc69f3638f7571d5,2026-05-05,01:40,threes,3.5,426.0,,True,draftkings,2026-05-03T22:12:43.874804
Julian Champagnie,,,219920e3a715ceb3dc69f3638f7571d5,2026-05-05,01:40,threes,4.5,1000.0,,True,draftkings,2026-05-03T22:12:43.874806
Julian Champagnie,,,219920e3a715ceb3dc69f3638f7571d5,2026-05-05,01:40,threes,5.5,2000.0,,True,draftkings,2026-05-03T22:12:43.874808
De'Aaron Fox,,,219920e3a715ceb3dc69f3638f7571d5,2026-05-05,01:40,threes,0.5,-562.0,,True,draftkings,2026-05-03T22:12:43.874810
De'Aaron Fox,,,219920e3a715ceb3dc69f3638f7571d5,2026-05-05,01:40,threes,1.5,-121.0,,True,draftkings,2026-05-03T22:12:43.874812
De'Aaron Fox,,,219920e3a715ceb3dc69f3638f7571d5,2026-05-05,01:40,threes,2.5,248.0,,True,draftkings,2026-05-03T22:12:43.874814
De'Aaron Fox,,,219920e3a715ceb3dc69f3638f7571d5,2026-05-05,01:40,threes,3.5,670.0,,True,draftkings,2026-05-03T22:12:43.874815
De'Aaron Fox,,,219920e3a715ceb3dc69f3638f7571d5,2026-05-05,01:40,threes,4.5,1580.0,,True,draftkings,2026-05-03T22:12:43.874817
De'Aaron Fox,,,219920e3a715ceb3dc69f3638f7571d5,2026-05-05,01:40,threes,5.5,2800.0,,True,draftkings,2026-05-03T22:12:43.874819
Naz Reid,,,219920e3a715ceb3dc69f3638f7571d5,2026-05-05,01:40,threes,0.5,-532.0,,True,draftkings,2026-05-03T22:12:43.874820
Naz Reid,,,219920e3a715ceb3dc69f3638f7571d5,2026-05-05,01:40,threes,1.5,-120.0,,True,draftkings,2026-05-03T22:12:43.874822
Naz Reid,,,219920e3a715ceb3dc69f3638f7571d5,2026-05-05,01:40,threes,2.5,247.0,,True,draftkings,2026-05-03T22:12:43.874824
Naz Reid,,,219920e3a715ceb3dc69f3638f7571d5,2026-05-05,01:40,threes,3.5,630.0,,True,draftkings,2026-05-03T22:12:43.874826
Naz Reid,,,219920e3a715ceb3dc69f3638f7571d5,2026-05-05,01:40,threes,4.5,1440.0,,True,draftkings,2026-05-03T22:12:43.874827
Naz Reid,,,219920e3a715ceb3dc69f3638f7571d5,2026-05-05,01:40,threes,5.5,2800.0,,True,draftkings,2026-05-03T22:12:43.874829
Jaden McDaniels,,,219920e3a715ceb3dc69f3638f7571d5,2026-05-05,01:40,threes,0.5,-392.0,,True,draftkings,2026-05-03T22:12:43.874831
Jaden McDaniels,,,219920e3a715ceb3dc69f3638f7571d5,2026-05-05,01:40,threes,1.5,109.0,,True,draftkings,2026-05-03T22:12:43.874833
Jaden McDaniels,,,219920e3a715ceb3dc69f3638f7571d5,2026-05-05,01:40,threes,2.5,326.0,,True,draftkings,2026-05-03T22:12:43.874834
Jaden McDaniels,,,219920e3a715ceb3dc69f3638f7571d5,2026-05-05,01:40,threes,3.5,860.0,,True,draftkings,2026-05-03T22:12:43.874836
Jaden McDaniels,,,219920e3a715ceb3dc69f3638f7571d5,2026-05-05,01:40,threes,4.5,1920.0,,True,draftkings,2026-05-03T22:12:43.874838
Julius Randle,,,219920e3a715ceb3dc69f3638f7571d5,2026-05-05,01:40,threes,0.5,-338.0,,True,draftkings,2026-05-03T22:12:43.874839
Julius Randle,,,219920e3a715ceb3dc69f3638f7571d5,2026-05-05,01:40,threes,1.5,125.0,,True,draftkings,2026-05-03T22:12:43.874841
Julius Randle,,,219920e3a715ceb3dc69f3638f7571d5,2026-05-05,01:40,threes,2.5,367.0,,True,draftkings,2026-05-03T22:12:43.874843
Julius Randle,,,219920e3a715ceb3dc69f3638f7571d5,2026-05-05,01:40,threes,3.5,970.0,,True,draftkings,2026-05-03T22:12:43.874846
Julius Randle,,,219920e3a715ceb3dc69f3638f7571d5,2026-05-05,01:40,threes,4.5,2100.0,,True,draftkings,2026-05-03T22:12:43.874848
Mike Conley,,,219920e3a715ceb3dc69f3638f7571d5,2026-05-05,01:40,threes,0.5,-280.0,,True,draftkings,2026-05-03T22:12:43.874850
Mike Conley,,,219920e3a715ceb3dc69f3638f7571d5,2026-05-05,01:40,threes,1.5,154.0,,True,draftkings,2026-05-03T22:12:43.874852
Mike Conley,,,219920e3a715ceb3dc69f3638f7571d5,2026-05-05,01:40,threes,2.5,471.0,,True,draftkings,2026-05-03T22:12:43.874853
Mike Conley,,,219920e3a715ceb3dc69f3638f7571d5,2026-05-05,01:40,threes,3.5,1240.0,,True,draftkings,2026-05-03T22:12:43.874855
Mike Conley,,,219920e3a715ceb3dc69f3638f7571d5,2026-05-05,01:40,threes,4.5,2500.0,,True,draftkings,2026-05-03T22:12:43.874857
Stephon Castle,,,219920e3a715ceb3dc69f3638f7571d5,2026-05-05,01:40,threes,0.5,-303.0,,True,draftkings,2026-05-03T22:12:43.874858
Stephon Castle,,,219920e3a715ceb3dc69f3638f7571d5,2026-05-05,01:40,threes,1.5,147.0,,True,draftkings,2026-05-03T22:12:43.874860
Stephon Castle,,,219920e3a715ceb3dc69f3638f7571d5,2026-05-05,01:40,threes,2.5,467.0,,True,draftkings,2026-05-03T22:12:43.874862
Stephon Castle,,,219920e3a715ceb3dc69f3638f7571d5,2026-05-05,01:40,threes,3.5,1260.0,,True,draftkings,2026-05-03T22:12:43.874864
Stephon Castle,,,219920e3a715ceb3dc69f3638f7571d5,2026-05-05,01:40,threes,4.5,2700.0,,True,draftkings,2026-05-03T22:12:43.874865
Keldon Johnson,,,219920e3a715ceb3dc69f3638f7571d5,2026-05-05,01:40,threes,0.5,-172.0,,True,draftkings,2026-05-03T22:12:43.874867
Keldon Johnson,,,219920e3a715ceb3dc69f3638f7571d5,2026-05-05,01:40,threes,1.5,252.0,,True,draftkings,2026-05-03T22:12:43.874871
Keldon Johnson,,,219920e3a715ceb3dc69f3638f7571d5,2026-05-05,01:40,threes,2.5,800.0,,True,draftkings,2026-05-03T22:12:43.874872
Keldon Johnson,,,219920e3a715ceb3dc69f3638f7571d5,2026-05-05,01:40,threes,3.5,2000.0,,True,draftkings,2026-05-03T22:12:43.874874
LeBron James,,,689b4554b0b10e67f46872eb2e74b98d,2026-05-06,01:40,assists,7.5,-120.0,-110.0,False,draftkings,2026-05-03T22:12:43.988119
Shai Gilgeous-Alexander,,,689b4554b0b10e67f46872eb2e74b98d,2026-05-06,01:40,assists,7.5,-103.0,-127.0,False,draftkings,2026-05-03T22:12:43.988125
Austin Reaves,,,689b4554b0b10e67f46872eb2e74b98d,2026-05-06,01:40,assists,5.5,113.0,-149.0,False,draftkings,2026-05-03T22:12:43.988128
Jalen Williams,,,689b4554b0b10e67f46872eb2e74b98d,2026-05-06,01:40,assists,4.5,-131.0,-101.0,False,draftkings,2026-05-03T22:12:43.988130
Ajay Mitchell,,,689b4554b0b10e67f46872eb2e74b98d,2026-05-06,01:40,assists,3.5,100.0,-131.0,False,draftkings,2026-05-03T22:12:43.988132
Marcus Smart,,,689b4554b0b10e67f46872eb2e74b98d,2026-05-06,01:40,assists,2.5,-139.0,106.0,False,draftkings,2026-05-03T22:12:43.988133
Isaiah Hartenstein,,,689b4554b0b10e67f46872eb2e74b98d,2026-05-06,01:40,assists,2.5,-125.0,-105.0,False,draftkings,2026-05-03T22:12:43.988135
Cason Wallace,,,689b4554b0b10e67f46872eb2e74b98d,2026-05-06,01:40,assists,1.5,-192.0,145.0,False,draftkings,2026-05-03T22:12:43.988137
Chet Holmgren,,,689b4554b0b10e67f46872eb2e74b98d,2026-05-06,01:40,assists,1.5,-116.0,-114.0,False,draftkings,2026-05-03T22:12:43.988139
Luguentz Dort,,,689b4554b0b10e67f46872eb2e74b98d,2026-05-06,01:40,assists,1.5,145.0,-193.0,False,draftkings,2026-05-03T22:12:43.988140
Rui Hachimura,,,689b4554b0b10e67f46872eb2e74b98d,2026-05-06,01:40,assists,0.5,-232.0,173.0,False,draftkings,2026-05-03T22:12:43.988142
Deandre Ayton,,,689b4554b0b10e67f46872eb2e74b98d,2026-05-06,01:40,assists,0.5,-136.0,103.0,False,draftkings,2026-05-03T22:12:43.988144
LeBron James,,,689b4554b0b10e67f46872eb2e74b98d,2026-05-06,01:40,assists,3.5,-2400.0,,True,draftkings,2026-05-03T22:12:43.988195
LeBron James,,,689b4554b0b10e67f46872eb2e74b98d,2026-05-06,01:40,assists,4.5,-840.0,,True,draftkings,2026-05-03T22:12:43.988199
LeBron James,,,689b4554b0b10e67f46872eb2e74b98d,2026-05-06,01:40,assists,5.5,-401.0,,True,draftkings,2026-05-03T22:12:43.988201
LeBron James,,,689b4554b0b10e67f46872eb2e74b98d,2026-05-06,01:40,assists,6.5,-212.0,,True,draftkings,2026-05-03T22:12:43.988203
LeBron James,,,689b4554b0b10e67f46872eb2e74b98d,2026-05-06,01:40,assists,7.5,-119.0,,True,draftkings,2026-05-03T22:12:43.988204
LeBron James,,,689b4554b0b10e67f46872eb2e74b98d,2026-05-06,01:40,assists,8.5,142.0,,True,draftkings,2026-05-03T22:12:43.988206
LeBron James,,,689b4554b0b10e67f46872eb2e74b98d,2026-05-06,01:40,assists,9.5,232.0,,True,draftkings,2026-05-03T22:12:43.988208
LeBron James,,,689b4554b0b10e67f46872eb2e74b98d,2026-05-06,01:40,assists,10.5,381.0,,True,draftkings,2026-05-03T22:12:43.988210
LeBron James,,,689b4554b0b10e67f46872eb2e74b98d,2026-05-06,01:40,assists,11.5,600.0,,True,draftkings,2026-05-03T22:12:43.988211
LeBron James,,,689b4554b0b10e67f46872eb2e74b98d,2026-05-06,01:40,assists,12.5,970.0,,True,draftkings,2026-05-03T22:12:43.988213
LeBron James,,,689b4554b0b10e67f46872eb2e74b98d,2026-05-06,01:40,assists,13.5,1520.0,,True,draftkings,2026-05-03T22:12:43.988215
LeBron James,,,689b4554b0b10e67f46872eb2e74b98d,2026-05-06,01:40,assists,14.5,2200.0,,True,draftkings,2026-05-03T22:12:43.988217
LeBron James,,,689b4554b0b10e67f46872eb2e74b98d,2026-05-06,01:40,assists,15.5,2900.0,,True,draftkings,2026-05-03T22:12:43.988218
Shai Gilgeous-Alexander,,,689b4554b0b10e67f46872eb2e74b98d,2026-05-06,01:40,assists,3.5,-2400.0,,True,draftkings,2026-05-03T22:12:43.988220
Shai Gilgeous-Alexander,,,689b4554b0b10e67f46872eb2e74b98d,2026-05-06,01:40,assists,4.5,-800.0,,True,draftkings,2026-05-03T22:12:43.988222
Shai Gilgeous-Alexander,,,689b4554b0b10e67f46872eb2e74b98d,2026-05-06,01:40,assists,5.5,-360.0,,True,draftkings,2026-05-03T22:12:43.988224
Shai Gilgeous-Alexander,,,689b4554b0b10e67f46872eb2e74b98d,2026-05-06,01:40,assists,6.5,-181.0,,True,draftkings,2026-05-03T22:12:43.988225
Shai Gilgeous-Alexander,,,689b4554b0b10e67f46872eb2e74b98d,2026-05-06,01:40,assists,7.5,100.0,,True,draftkings,2026-05-03T22:12:43.988227
Shai Gilgeous-Alexander,,,689b4554b0b10e67f46872eb2e74b98d,2026-05-06,01:40,assists,8.5,176.0,,True,draftkings,2026-05-03T22:12:43.988229
Shai Gilgeous-Alexander,,,689b4554b0b10e67f46872eb2e74b98d,2026-05-06,01:40,assists,9.5,298.0,,True,draftkings,2026-05-03T22:12:43.988230
Shai Gilgeous-Alexander,,,689b4554b0b10e67f46872eb2e74b98d,2026-05-06,01:40,assists,10.5,516.0,,True,draftkings,2026-05-03T22:12:43.988232
Shai Gilgeous-Alexander,,,689b4554b0b10e67f46872eb2e74b98d,2026-05-06,01:40,assists,11.5,840.0,,True,draftkings,2026-05-03T22:12:43.988234
Shai Gilgeous-Alexander,,,689b4554b0b10e67f46872eb2e74b98d,2026-05-06,01:40,assists,12.5,1380.0,,True,draftkings,2026-05-03T22:12:43.988236
Shai Gilgeous-Alexander,,,689b4554b0b10e67f46872eb2e74b98d,2026-05-06,01:40,assists,13.5,2200.0,,True,draftkings,2026-05-03T22:12:43.988237
Austin Reaves,,,689b4554b0b10e67f46872eb2e74b98d,2026-05-06,01:40,assists,2.5,-1100.0,,True,draftkings,2026-05-03T22:12:43.988239
Austin Reaves,,,689b4554b0b10e67f46872eb2e74b98d,2026-05-06,01:40,assists,3.5,-398.0,,True,draftkings,2026-05-03T22:12:43.988241
Austin Reaves,,,689b4554b0b10e67f46872eb2e74b98d,2026-05-06,01:40,assists,4.5,-178.0,,True,draftkings,2026-05-03T22:12:43.988242
Austin Reaves,,,689b4554b0b10e67f46872eb2e74b98d,2026-05-06,01:40,assists,5.5,113.0,,True,draftkings,2026-05-03T22:12:43.988244
Austin Reaves,,,689b4554b0b10e67f46872eb2e74b98d,2026-05-06,01:40,assists,6.5,208.0,,True,draftkings,2026-05-03T22:12:43.988246
Austin Reaves,,,689b4554b0b10e67f46872eb2e74b98d,2026-05-06,01:40,assists,7.5,385.0,,True,draftkings,2026-05-03T22:12:43.988247
Austin Reaves,,,689b4554b0b10e67f46872eb2e74b98d,2026-05-06,01:40,assists,8.5,700.0,,True,draftkings,2026-05-03T22:12:43.988249
Austin Reaves,,,689b4554b0b10e67f46872eb2e74b98d,2026-05-06,01:40,assists,9.5,1240.0,,True,draftkings,2026-05-03T22:12:43.988251
Austin Reaves,,,689b4554b0b10e67f46872eb2e74b98d,2026-05-06,01:40,assists,10.5,1900.0,,True,draftkings,2026-05-03T22:12:43.988253
Austin Reaves,,,689b4554b0b10e67f46872eb2e74b98d,2026-05-06,01:40,assists,11.5,2700.0,,True,draftkings,2026-05-03T22:12:43.988256
Jalen Williams,,,689b4554b0b10e67f46872eb2e74b98d,2026-05-06,01:40,assists,2.5,-710.0,,True,draftkings,2026-05-03T22:12:43.988258
Jalen Williams,,,689b4554b0b10e67f46872eb2e74b98d,2026-05-06,01:40,assists,3.5,-279.0,,True,draftkings,2026-05-03T22:12:43.988259
Jalen Williams,,,689b4554b0b10e67f46872eb2e74b98d,2026-05-06,01:40,assists,4.5,-131.0,,True,draftkings,2026-05-03T22:12:43.988261
Jalen Williams,,,689b4554b0b10e67f46872eb2e74b98d,2026-05-06,01:40,assists,5.5,153.0,,True,draftkings,2026-05-03T22:12:43.988265
Jalen Williams,,,689b4554b0b10e67f46872eb2e74b98d,2026-05-06,01:40,assists,6.5,294.0,,True,draftkings,2026-05-03T22:12:43.988266
Jalen Williams,,,689b4554b0b10e67f46872eb2e74b98d,2026-05-06,01:40,assists,7.5,520.0,,True,draftkings,2026-05-03T22:12:43.988268
Jalen Williams,,,689b4554b0b10e67f46872eb2e74b98d,2026-05-06,01:40,assists,8.5,920.0,,True,draftkings,2026-05-03T22:12:43.988272
Jalen Williams,,,689b4554b0b10e67f46872eb2e74b98d,2026-05-06,01:40,assists,9.5,1580.0,,True,draftkings,2026-05-03T22:12:43.988273
Jalen Williams,,,689b4554b0b10e67f46872eb2e74b98d,2026-05-06,01:40,assists,10.5,2300.0,,True,draftkings,2026-05-03T22:12:43.988275
Ajay Mitchell,,,689b4554b0b10e67f46872eb2e74b98d,2026-05-06,01:40,assists,2.5,-233.0,,True,draftkings,2026-05-03T22:12:43.988277
Ajay Mitchell,,,689b4554b0b10e67f46872eb2e74b98d,2026-05-06,01:40,assists,3.5,101.0,,True,draftkings,2026-05-03T22:12:43.988279
Ajay Mitchell,,,689b4554b0b10e67f46872eb2e74b98d,2026-05-06,01:40,assists,4.5,214.0,,True,draftkings,2026-05-03T22:12:43.988280
Ajay Mitchell,,,689b4554b0b10e67f46872eb2e74b98d,2026-05-06,01:40,assists,5.5,427.0,,True,draftkings,2026-05-03T22:12:43.988282
Ajay Mitchell,,,689b4554b0b10e67f46872eb2e74b98d,2026-05-06,01:40,assists,6.5,820.0,,True,draftkings,2026-05-03T22:12:43.988284
Ajay Mitchell,,,689b4554b0b10e67f46872eb2e74b98d,2026-05-06,01:40,assists,7.5,1480.0,,True,draftkings,2026-05-03T22:12:43.988285
Ajay Mitchell,,,689b4554b0b10e67f46872eb2e74b98d,2026-05-06,01:40,assists,8.5,2500.0,,True,draftkings,2026-05-03T22:12:43.988287
Marcus Smart,,,689b4554b0b10e67f46872eb2e74b98d,2026-05-06,01:40,assists,2.5,-140.0,,True,draftkings,2026-05-03T22:12:43.988289
Marcus Smart,,,689b4554b0b10e67f46872eb2e74b98d,2026-05-06,01:40,assists,3.5,174.0,,True,draftkings,2026-05-03T22:12:43.988291
Marcus Smart,,,689b4554b0b10e67f46872eb2e74b98d,2026-05-06,01:40,assists,4.5,380.0,,True,draftkings,2026-05-03T22:12:43.988292
Marcus Smart,,,689b4554b0b10e67f46872eb2e74b98d,2026-05-06,01:40,assists,5.5,820.0,,True,draftkings,2026-05-03T22:12:43.988294
Marcus Smart,,,689b4554b0b10e67f46872eb2e74b98d,2026-05-06,01:40,assists,6.5,1600.0,,True,draftkings,2026-05-03T22:12:43.988296
Marcus Smart,,,689b4554b0b10e67f46872eb2e74b98d,2026-05-06,01:40,assists,7.5,2700.0,,True,draftkings,2026-05-03T22:12:43.988297
Isaiah Hartenstein,,,689b4554b0b10e67f46872eb2e74b98d,2026-05-06,01:40,assists,2.5,-126.0,,True,draftkings,2026-05-03T22:12:43.988299
Isaiah Hartenstein,,,689b4554b0b10e67f46872eb2e74b98d,2026-05-06,01:40,assists,3.5,197.0,,True,draftkings,2026-05-03T22:12:43.988301
Isaiah Hartenstein,,,689b4554b0b10e67f46872eb2e74b98d,2026-05-06,01:40,assists,4.5,446.0,,True,draftkings,2026-05-03T22:12:43.988303
Isaiah Hartenstein,,,689b4554b0b10e67f46872eb2e74b98d,2026-05-06,01:40,assists,5.5,990.0,,True,draftkings,2026-05-03T22:12:43.988304
Isaiah Hartenstein,,,689b4554b0b10e67f46872eb2e74b98d,2026-05-06,01:40,assists,6.5,1960.0,,True,draftkings,2026-05-03T22:12:43.988306
Luke Kennard,,,689b4554b0b10e67f46872eb2e74b98d,2026-05-06,01:40,assists,2.5,111.0,,True,draftkings,2026-05-03T22:12:43.988308
Luke Kennard,,,689b4554b0b10e67f46872eb2e74b98d,2026-05-06,01:40,assists,3.5,272.0,,True,draftkings,2026-05-03T22:12:43.988309
Luke Kennard,,,689b4554b0b10e67f46872eb2e74b98d,2026-05-06,01:40,assists,4.5,630.0,,True,draftkings,2026-05-03T22:12:43.988311
Luke Kennard,,,689b4554b0b10e67f46872eb2e74b98d,2026-05-06,01:40,assists,5.5,1360.0,,True,draftkings,2026-05-03T22:12:43.988313
Luke Kennard,,,689b4554b0b10e67f46872eb2e74b98d,2026-05-06,01:40,assists,6.5,2500.0,,True,draftkings,2026-05-03T22:12:43.988317
Cason Wallace,,,689b4554b0b10e67f46872eb2e74b98d,2026-05-06,01:40,assists,1.5,-191.0,,True,draftkings,2026-05-03T22:12:43.988319
Cason Wallace,,,689b4554b0b10e67f46872eb2e74b98d,2026-05-06,01:40,assists,2.5,155.0,,True,draftkings,2026-05-03T22:12:43.988321
Cason Wallace,,,689b4554b0b10e67f46872eb2e74b98d,2026-05-06,01:40,assists,3.5,390.0,,True,draftkings,2026-05-03T22:12:43.988322
Cason Wallace,,,689b4554b0b10e67f46872eb2e74b98d,2026-05-06,01:40,assists,4.5,930.0,,True,draftkings,2026-05-03T22:12:43.988324
Cason Wallace,,,689b4554b0b10e67f46872eb2e74b98d,2026-05-06,01:40,assists,5.5,1880.0,,True,draftkings,2026-05-03T22:12:43.988326
Chet Holmgren,,,689b4554b0b10e67f46872eb2e74b98d,2026-05-06,01:40,assists,1.5,-117.0,,True,draftkings,2026-05-03T22:12:43.988327
Chet Holmgren,,,689b4554b0b10e67f46872eb2e74b98d,2026-05-06,01:40,assists,2.5,261.0,,True,draftkings,2026-05-03T22:12:43.988329
Chet Holmgren,,,689b4554b0b10e67f46872eb2e74b98d,2026-05-06,01:40,assists,3.5,730.0,,True,draftkings,2026-05-03T22:12:43.988331
Chet Holmgren,,,689b4554b0b10e67f46872eb2e74b98d,2026-05-06,01:40,assists,4.5,1740.0,,True,draftkings,2026-05-03T22:12:43.988332
Luguentz Dort,,,689b4554b0b10e67f46872eb2e74b98d,2026-05-06,01:40,assists,1.5,145.0,,True,draftkings,2026-05-03T22:12:43.988334
Luguentz Dort,,,689b4554b0b10e67f46872eb2e74b98d,2026-05-06,01:40,assists,2.5,461.0,,True,draftkings,2026-05-03T22:12:43.988336
Luguentz Dort,,,689b4554b0b10e67f46872eb2e74b98d,2026-05-06,01:40,assists,3.5,1340.0,,True,draftkings,2026-05-03T22:12:43.988337
Luguentz Dort,,,689b4554b0b10e67f46872eb2e74b98d,2026-05-06,01:40,assists,4.5,2800.0,,True,draftkings,2026-05-03T22:12:43.988339
Rui Hachimura,,,689b4554b0b10e67f46872eb2e74b98d,2026-05-06,01:40,assists,0.5,-234.0,,True,draftkings,2026-05-03T22:12:43.988341
Rui Hachimura,,,689b4554b0b10e67f46872eb2e74b98d,2026-05-06,01:40,assists,2.5,640.0,,True,draftkings,2026-05-03T22:12:43.988343
Rui Hachimura,,,689b4554b0b10e67f46872eb2e74b98d,2026-05-06,01:40,assists,3.5,1740.0,,True,draftkings,2026-05-03T22:12:43.988344
Deandre Ayton,,,689b4554b0b10e67f46872eb2e74b98d,2026-05-06,01:40,assists,0.5,-136.0,,True,draftkings,2026-05-03T22:12:43.988346
Deandre Ayton,,,689b4554b0b10e67f46872eb2e74b98d,2026-05-06,01:40,assists,2.5,1240.0,,True,draftkings,2026-05-03T22:12:43.988348
Deandre Ayton,,,689b4554b0b10e67f46872eb2e74b98d,2026-05-06,01:40,assists,3.5,2900.0,,True,draftkings,2026-05-03T22:12:43.988350
Shai Gilgeous-Alexander,,,689b4554b0b10e67f46872eb2e74b98d,2026-05-06,01:40,points,31.5,-120.0,-106.0,False,draftkings,2026-05-03T22:12:43.988369
Austin Reaves,,,689b4554b0b10e67f46872eb2e74b98d,2026-05-06,01:40,points,21.5,-124.0,-103.0,False,draftkings,2026-05-03T22:12:43.988371
LeBron James,,,689b4554b0b10e67f46872eb2e74b98d,2026-05-06,01:40,points,20.5,-116.0,-110.0,False,draftkings,2026-05-03T22:12:43.988372
Chet Holmgren,,,689b4554b0b10e67f46872eb2e74b98d,2026-05-06,01:40,points,16.5,-112.0,-114.0,False,draftkings,2026-05-03T22:12:43.988374
Jalen Williams,,,689b4554b0b10e67f46872eb2e74b98d,2026-05-06,01:40,points,15.5,-119.0,-107.0,False,draftkings,2026-05-03T22:12:43.988376
Ajay Mitchell,,,689b4554b0b10e67f46872eb2e74b98d,2026-05-06,01:40,points,15.5,-101.0,-127.0,False,draftkings,2026-05-03T22:12:43.988378
Rui Hachimura,,,689b4554b0b10e67f46872eb2e74b98d,2026-05-06,01:40,points,11.5,-124.0,-103.0,False,draftkings,2026-05-03T22:12:43.988381
Marcus Smart,,,689b4554b0b10e67f46872eb2e74b98d,2026-05-06,01:40,points,10.5,-112.0,-114.0,False,draftkings,2026-05-03T22:12:43.988383
Deandre Ayton,,,689b4554b0b10e67f46872eb2e74b98d,2026-05-06,01:40,points,10.5,-104.0,-123.0,False,draftkings,2026-05-03T22:12:43.988385
Isaiah Hartenstein,,,689b4554b0b10e67f46872eb2e74b98d,2026-05-06,01:40,points,7.5,-128.0,101.0,False,draftkings,2026-05-03T22:12:43.988387
Luke Kennard,,,689b4554b0b10e67f46872eb2e74b98d,2026-05-06,01:40,points,7.5,102.0,-130.0,False,draftkings,2026-05-03T22:12:43.988388
Cason Wallace,,,689b4554b0b10e67f46872eb2e74b98d,2026-05-06,01:40,points,6.5,-134.0,105.0,False,draftkings,2026-05-03T22:12:43.988390
Luguentz Dort,,,689b4554b0b10e67f46872eb2e74b98d,2026-05-06,01:40,points,6.5,-120.0,-106.0,False,draftkings,2026-05-03T22:12:43.988392
Shai Gilgeous-Alexander,,,689b4554b0b10e67f46872eb2e74b98d,2026-05-06,01:40,points,19.5,-3300.0,,True,draftkings,2026-05-03T22:12:43.988449
Shai Gilgeous-Alexander,,,689b4554b0b10e67f46872eb2e74b98d,2026-05-06,01:40,points,24.5,-610.0,,True,draftkings,2026-05-03T22:12:43.988451
Shai Gilgeous-Alexander,,,689b4554b0b10e67f46872eb2e74b98d,2026-05-06,01:40,points,29.5,-180.0,,True,draftkings,2026-05-03T22:12:43.988453
Shai Gilgeous-Alexander,,,689b4554b0b10e67f46872eb2e74b98d,2026-05-06,01:40,points,31.5,-118.0,,True,draftkings,2026-05-03T22:12:43.988455
Shai Gilgeous-Alexander,,,689b4554b0b10e67f46872eb2e74b98d,2026-05-06,01:40,points,34.5,156.0,,True,draftkings,2026-05-03T22:12:43.988457
Shai Gilgeous-Alexander,,,689b4554b0b10e67f46872eb2e74b98d,2026-05-06,01:40,points,39.5,427.0,,True,draftkings,2026-05-03T22:12:43.988458
Shai Gilgeous-Alexander,,,689b4554b0b10e67f46872eb2e74b98d,2026-05-06,01:40,points,44.5,1160.0,,True,draftkings,2026-05-03T22:12:43.988462
Shai Gilgeous-Alexander,,,689b4554b0b10e67f46872eb2e74b98d,2026-05-06,01:40,points,49.5,2600.0,,True,draftkings,2026-05-03T22:12:43.988464
Austin Reaves,,,689b4554b0b10e67f46872eb2e74b98d,2026-05-06,01:40,points,11.5,-1880.0,,True,draftkings,2026-05-03T22:12:43.988465
Austin Reaves,,,689b4554b0b10e67f46872eb2e74b98d,2026-05-06,01:40,points,14.5,-650.0,,True,draftkings,2026-05-03T22:12:43.988467
Austin Reaves,,,689b4554b0b10e67f46872eb2e74b98d,2026-05-06,01:40,points,17.5,-291.0,,True,draftkings,2026-05-03T22:12:43.988469
Austin Reaves,,,689b4554b0b10e67f46872eb2e74b98d,2026-05-06,01:40,points,19.5,-191.0,,True,draftkings,2026-05-03T22:12:43.988470
Austin Reaves,,,689b4554b0b10e67f46872eb2e74b98d,2026-05-06,01:40,points,21.5,-124.0,,True,draftkings,2026-05-03T22:12:43.988472
Austin Reaves,,,689b4554b0b10e67f46872eb2e74b98d,2026-05-06,01:40,points,24.5,145.0,,True,draftkings,2026-05-03T22:12:43.988474
Austin Reaves,,,689b4554b0b10e67f46872eb2e74b98d,2026-05-06,01:40,points,29.5,361.0,,True,draftkings,2026-05-03T22:12:43.988476
Austin Reaves,,,689b4554b0b10e67f46872eb2e74b98d,2026-05-06,01:40,points,34.5,880.0,,True,draftkings,2026-05-03T22:12:43.988477
Austin Reaves,,,689b4554b0b10e67f46872eb2e74b98d,2026-05-06,01:40,points,39.5,1940.0,,True,draftkings,2026-05-03T22:12:43.988479
LeBron James,,,689b4554b0b10e67f46872eb2e74b98d,2026-05-06,01:40,points,9.5,-3000.0,,True,draftkings,2026-05-03T22:12:43.988481
LeBron James,,,689b4554b0b10e67f46872eb2e74b98d,2026-05-06,01:40,points,11.5,-1220.0,,True,draftkings,2026-05-03T22:12:43.988482
LeBron James,,,689b4554b0b10e67f46872eb2e74b98d,2026-05-06,01:40,points,14.5,-460.0,,True,draftkings,2026-05-03T22:12:43.988484
LeBron James,,,689b4554b0b10e67f46872eb2e74b98d,2026-05-06,01:40,points,17.5,-222.0,,True,draftkings,2026-05-03T22:12:43.988486
LeBron James,,,689b4554b0b10e67f46872eb2e74b98d,2026-05-06,01:40,points,19.5,-143.0,,True,draftkings,2026-05-03T22:12:43.988488
LeBron James,,,689b4554b0b10e67f46872eb2e74b98d,2026-05-06,01:40,points,20.5,-116.0,,True,draftkings,2026-05-03T22:12:43.988489
LeBron James,,,689b4554b0b10e67f46872eb2e74b98d,2026-05-06,01:40,points,24.5,185.0,,True,draftkings,2026-05-03T22:12:43.988491
LeBron James,,,689b4554b0b10e67f46872eb2e74b98d,2026-05-06,01:40,points,29.5,473.0,,True,draftkings,2026-05-03T22:12:43.988493
LeBron James,,,689b4554b0b10e67f46872eb2e74b98d,2026-05-06,01:40,points,34.5,1160.0,,True,draftkings,2026-05-03T22:12:43.988494
LeBron James,,,689b4554b0b10e67f46872eb2e74b98d,2026-05-06,01:40,points,39.5,2400.0,,True,draftkings,2026-05-03T22:12:43.988496
Jalen Williams,,,689b4554b0b10e67f46872eb2e74b98d,2026-05-06,01:40,points,7.5,-1660.0,,True,draftkings,2026-05-03T22:12:43.988498
Jalen Williams,,,689b4554b0b10e67f46872eb2e74b98d,2026-05-06,01:40,points,9.5,-650.0,,True,draftkings,2026-05-03T22:12:43.988500
Jalen Williams,,,689b4554b0b10e67f46872eb2e74b98d,2026-05-06,01:40,points,11.5,-326.0,,True,draftkings,2026-05-03T22:12:43.988501
Jalen Williams,,,689b4554b0b10e67f46872eb2e74b98d,2026-05-06,01:40,points,14.5,-147.0,,True,draftkings,2026-05-03T22:12:43.988503
Jalen Williams,,,689b4554b0b10e67f46872eb2e74b98d,2026-05-06,01:40,points,15.5,-117.0,,True,draftkings,2026-05-03T22:12:43.988505
Jalen Williams,,,689b4554b0b10e67f46872eb2e74b98d,2026-05-06,01:40,points,17.5,137.0,,True,draftkings,2026-05-03T22:12:43.988507
Jalen Williams,,,689b4554b0b10e67f46872eb2e74b98d,2026-05-06,01:40,points,19.5,212.0,,True,draftkings,2026-05-03T22:12:43.988508
Jalen Williams,,,689b4554b0b10e67f46872eb2e74b98d,2026-05-06,01:40,points,24.5,593.0,,True,draftkings,2026-05-03T22:12:43.988510
Jalen Williams,,,689b4554b0b10e67f46872eb2e74b98d,2026-05-06,01:40,points,29.5,1480.0,,True,draftkings,2026-05-03T22:12:43.988512
Jalen Williams,,,689b4554b0b10e67f46872eb2e74b98d,2026-05-06,01:40,points,34.5,2700.0,,True,draftkings,2026-05-03T22:12:43.988514
Chet Holmgren,,,689b4554b0b10e67f46872eb2e74b98d,2026-05-06,01:40,points,7.5,-3000.0,,True,draftkings,2026-05-03T22:12:43.988515
Chet Holmgren,,,689b4554b0b10e67f46872eb2e74b98d,2026-05-06,01:40,points,9.5,-990.0,,True,draftkings,2026-05-03T22:12:43.988519
Chet Holmgren,,,689b4554b0b10e67f46872eb2e74b98d,2026-05-06,01:40,points,11.5,-461.0,,True,draftkings,2026-05-03T22:12:43.988521
Chet Holmgren,,,689b4554b0b10e67f46872eb2e74b98d,2026-05-06,01:40,points,14.5,-190.0,,True,draftkings,2026-05-03T22:12:43.988522
Chet Holmgren,,,689b4554b0b10e67f46872eb2e74b98d,2026-05-06,01:40,points,16.5,-112.0,,True,draftkings,2026-05-03T22:12:43.988524
Chet Holmgren,,,689b4554b0b10e67f46872eb2e74b98d,2026-05-06,01:40,points,17.5,114.0,,True,draftkings,2026-05-03T22:12:43.988528
Chet Holmgren,,,689b4554b0b10e67f46872eb2e74b98d,2026-05-06,01:40,points,19.5,187.0,,True,draftkings,2026-05-03T22:12:43.988529
Chet Holmgren,,,689b4554b0b10e67f46872eb2e74b98d,2026-05-06,01:40,points,24.5,620.0,,True,draftkings,2026-05-03T22:12:43.988531
Chet Holmgren,,,689b4554b0b10e67f46872eb2e74b98d,2026-05-06,01:40,points,29.5,1760.0,,True,draftkings,2026-05-03T22:12:43.988535
Ajay Mitchell,,,689b4554b0b10e67f46872eb2e74b98d,2026-05-06,01:40,points,7.5,-1260.0,,True,draftkings,2026-05-03T22:12:43.988536
Ajay Mitchell,,,689b4554b0b10e67f46872eb2e74b98d,2026-05-06,01:40,points,9.5,-550.0,,True,draftkings,2026-05-03T22:12:43.988538
Ajay Mitchell,,,689b4554b0b10e67f46872eb2e74b98d,2026-05-06,01:40,points,11.5,-282.0,,True,draftkings,2026-05-03T22:12:43.988540
Ajay Mitchell,,,689b4554b0b10e67f46872eb2e74b98d,2026-05-06,01:40,points,14.5,-127.0,,True,draftkings,2026-05-03T22:12:43.988542
Ajay Mitchell,,,689b4554b0b10e67f46872eb2e74b98d,2026-05-06,01:40,points,15.5,-101.0,,True,draftkings,2026-05-03T22:12:43.988543
Ajay Mitchell,,,689b4554b0b10e67f46872eb2e74b98d,2026-05-06,01:40,points,17.5,160.0,,True,draftkings,2026-05-03T22:12:43.988545
Ajay Mitchell,,,689b4554b0b10e67f46872eb2e74b98d,2026-05-06,01:40,points,19.5,248.0,,True,draftkings,2026-05-03T22:12:43.988547
Ajay Mitchell,,,689b4554b0b10e67f46872eb2e74b98d,2026-05-06,01:40,points,24.5,700.0,,True,draftkings,2026-05-03T22:12:43.988548
Ajay Mitchell,,,689b4554b0b10e67f46872eb2e74b98d,2026-05-06,01:40,points,29.5,1780.0,,True,draftkings,2026-05-03T22:12:43.988550
Rui Hachimura,,,689b4554b0b10e67f46872eb2e74b98d,2026-05-06,01:40,points,5.5,-1020.0,,True,draftkings,2026-05-03T22:12:43.988552
Rui Hachimura,,,689b4554b0b10e67f46872eb2e74b98d,2026-05-06,01:40,points,7.5,-433.0,,True,draftkings,2026-05-03T22:12:43.988554
Rui Hachimura,,,689b4554b0b10e67f46872eb2e74b98d,2026-05-06,01:40,points,9.5,-220.0,,True,draftkings,2026-05-03T22:12:43.988555
Rui Hachimura,,,689b4554b0b10e67f46872eb2e74b98d,2026-05-06,01:40,points,11.5,-123.0,,True,draftkings,2026-05-03T22:12:43.988557
Rui Hachimura,,,689b4554b0b10e67f46872eb2e74b98d,2026-05-06,01:40,points,14.5,182.0,,True,draftkings,2026-05-03T22:12:43.988559
Rui Hachimura,,,689b4554b0b10e67f46872eb2e74b98d,2026-05-06,01:40,points,17.5,369.0,,True,draftkings,2026-05-03T22:12:43.988560
Rui Hachimura,,,689b4554b0b10e67f46872eb2e74b98d,2026-05-06,01:40,points,19.5,598.0,,True,draftkings,2026-05-03T22:12:43.988562
Rui Hachimura,,,689b4554b0b10e67f46872eb2e74b98d,2026-05-06,01:40,points,24.5,1720.0,,True,draftkings,2026-05-03T22:12:43.988580
Marcus Smart,,,689b4554b0b10e67f46872eb2e74b98d,2026-05-06,01:40,points,5.5,-610.0,,True,draftkings,2026-05-03T22:12:43.988582
Marcus Smart,,,689b4554b0b10e67f46872eb2e74b98d,2026-05-06,01:40,points,7.5,-281.0,,True,draftkings,2026-05-03T22:12:43.988583
Marcus Smart,,,689b4554b0b10e67f46872eb2e74b98d,2026-05-06,01:40,points,9.5,-148.0,,True,draftkings,2026-05-03T22:12:43.988585
Marcus Smart,,,689b4554b0b10e67f46872eb2e74b98d,2026-05-06,01:40,points,10.5,-111.0,,True,draftkings,2026-05-03T22:12:43.988587
Marcus Smart,,,689b4554b0b10e67f46872eb2e74b98d,2026-05-06,01:40,points,11.5,118.0,,True,draftkings,2026-05-03T22:12:43.988589
Marcus Smart,,,689b4554b0b10e67f46872eb2e74b98d,2026-05-06,01:40,points,14.5,258.0,,True,draftkings,2026-05-03T22:12:43.988590
Marcus Smart,,,689b4554b0b10e67f46872eb2e74b98d,2026-05-06,01:40,points,17.5,534.0,,True,draftkings,2026-05-03T22:12:43.988592
Marcus Smart,,,689b4554b0b10e67f46872eb2e74b98d,2026-05-06,01:40,points,19.5,840.0,,True,draftkings,2026-05-03T22:12:43.988596
Marcus Smart,,,689b4554b0b10e67f46872eb2e74b98d,2026-05-06,01:40,points,24.5,2200.0,,True,draftkings,2026-05-03T22:12:43.988598
Deandre Ayton,,,689b4554b0b10e67f46872eb2e74b98d,2026-05-06,01:40,points,5.5,-1020.0,,True,draftkings,2026-05-03T22:12:43.988600
Deandre Ayton,,,689b4554b0b10e67f46872eb2e74b98d,2026-05-06,01:40,points,7.5,-364.0,,True,draftkings,2026-05-03T22:12:43.988601
Deandre Ayton,,,689b4554b0b10e67f46872eb2e74b98d,2026-05-06,01:40,points,9.5,-169.0,,True,draftkings,2026-05-03T22:12:43.988603
Deandre Ayton,,,689b4554b0b10e67f46872eb2e74b98d,2026-05-06,01:40,points,10.5,-104.0,,True,draftkings,2026-05-03T22:12:43.988605
Deandre Ayton,,,689b4554b0b10e67f46872eb2e74b98d,2026-05-06,01:40,points,11.5,116.0,,True,draftkings,2026-05-03T22:12:43.988607
Deandre Ayton,,,689b4554b0b10e67f46872eb2e74b98d,2026-05-06,01:40,points,14.5,321.0,,True,draftkings,2026-05-03T22:12:43.988608
Deandre Ayton,,,689b4554b0b10e67f46872eb2e74b98d,2026-05-06,01:40,points,17.5,700.0,,True,draftkings,2026-05-03T22:12:43.988610
Deandre Ayton,,,689b4554b0b10e67f46872eb2e74b98d,2026-05-06,01:40,points,19.5,1200.0,,True,draftkings,2026-05-03T22:12:43.988612
Luguentz Dort,,,689b4554b0b10e67f46872eb2e74b98d,2026-05-06,01:40,points,5.5,-197.0,,True,draftkings,2026-05-03T22:12:43.988614
Luguentz Dort,,,689b4554b0b10e67f46872eb2e74b98d,2026-05-06,01:40,points,6.5,-120.0,,True,draftkings,2026-05-03T22:12:43.988615
Luguentz Dort,,,689b4554b0b10e67f46872eb2e74b98d,2026-05-06,01:40,points,7.5,102.0,,True,draftkings,2026-05-03T22:12:43.988617
Luguentz Dort,,,689b4554b0b10e67f46872eb2e74b98d,2026-05-06,01:40,points,9.5,213.0,,True,draftkings,2026-05-03T22:12:43.988619
Luguentz Dort,,,689b4554b0b10e67f46872eb2e74b98d,2026-05-06,01:40,points,11.5,371.0,,True,draftkings,2026-05-03T22:12:43.988620
Luguentz Dort,,,689b4554b0b10e67f46872eb2e74b98d,2026-05-06,01:40,points,14.5,900.0,,True,draftkings,2026-05-03T22:12:43.988622
Luguentz Dort,,,689b4554b0b10e67f46872eb2e74b98d,2026-05-06,01:40,points,17.5,1860.0,,True,draftkings,2026-05-03T22:12:43.988624
Luguentz Dort,,,689b4554b0b10e67f46872eb2e74b98d,2026-05-06,01:40,points,19.5,2700.0,,True,draftkings,2026-05-03T22:12:43.988626
Luke Kennard,,,689b4554b0b10e67f46872eb2e74b98d,2026-05-06,01:40,points,5.5,-203.0,,True,draftkings,2026-05-03T22:12:43.988627
Luke Kennard,,,689b4554b0b10e67f46872eb2e74b98d,2026-05-06,01:40,points,7.5,102.0,,True,draftkings,2026-05-03T22:12:43.988629
Luke Kennard,,,689b4554b0b10e67f46872eb2e74b98d,2026-05-06,01:40,points,9.5,202.0,,True,draftkings,2026-05-03T22:12:43.988631
Luke Kennard,,,689b4554b0b10e67f46872eb2e74b98d,2026-05-06,01:40,points,11.5,368.0,,True,draftkings,2026-05-03T22:12:43.988633
Luke Kennard,,,689b4554b0b10e67f46872eb2e74b98d,2026-05-06,01:40,points,14.5,880.0,,True,draftkings,2026-05-03T22:12:43.988634
Luke Kennard,,,689b4554b0b10e67f46872eb2e74b98d,2026-05-06,01:40,points,17.5,1920.0,,True,draftkings,2026-05-03T22:12:43.988636
Luke Kennard,,,689b4554b0b10e67f46872eb2e74b98d,2026-05-06,01:40,points,19.5,2800.0,,True,draftkings,2026-05-03T22:12:43.988638
Cason Wallace,,,689b4554b0b10e67f46872eb2e74b98d,2026-05-06,01:40,points,5.5,-192.0,,True,draftkings,2026-05-03T22:12:43.988641
Cason Wallace,,,689b4554b0b10e67f46872eb2e74b98d,2026-05-06,01:40,points,6.5,-134.0,,True,draftkings,2026-05-03T22:12:43.988643
Cason Wallace,,,689b4554b0b10e67f46872eb2e74b98d,2026-05-06,01:40,points,7.5,106.0,,True,draftkings,2026-05-03T22:12:43.988644
Cason Wallace,,,689b4554b0b10e67f46872eb2e74b98d,2026-05-06,01:40,points,9.5,207.0,,True,draftkings,2026-05-03T22:12:43.988646
Cason Wallace,,,689b4554b0b10e67f46872eb2e74b98d,2026-05-06,01:40,points,11.5,389.0,,True,draftkings,2026-05-03T22:12:43.988648
Cason Wallace,,,689b4554b0b10e67f46872eb2e74b98d,2026-05-06,01:40,points,14.5,930.0,,True,draftkings,2026-05-03T22:12:43.988650
Cason Wallace,,,689b4554b0b10e67f46872eb2e74b98d,2026-05-06,01:40,points,17.5,2000.0,,True,draftkings,2026-05-03T22:12:43.988653
Cason Wallace,,,689b4554b0b10e67f46872eb2e74b98d,2026-05-06,01:40,points,19.5,2900.0,,True,draftkings,2026-05-03T22:12:43.988655
Isaiah Hartenstein,,,689b4554b0b10e67f46872eb2e74b98d,2026-05-06,01:40,points,5.5,-314.0,,True,draftkings,2026-05-03T22:12:43.988657
Isaiah Hartenstein,,,689b4554b0b10e67f46872eb2e74b98d,2026-05-06,01:40,points,7.5,-126.0,,True,draftkings,2026-05-03T22:12:43.988658
Isaiah Hartenstein,,,689b4554b0b10e67f46872eb2e74b98d,2026-05-06,01:40,points,9.5,169.0,,True,draftkings,2026-05-03T22:12:43.988660
Isaiah Hartenstein,,,689b4554b0b10e67f46872eb2e74b98d,2026-05-06,01:40,points,11.5,348.0,,True,draftkings,2026-05-03T22:12:43.988664
Isaiah Hartenstein,,,689b4554b0b10e67f46872eb2e74b98d,2026-05-06,01:40,points,14.5,940.0,,True,draftkings,2026-05-03T22:12:43.988665
Isaiah Hartenstein,,,689b4554b0b10e67f46872eb2e74b98d,2026-05-06,01:40,points,17.5,2100.0,,True,draftkings,2026-05-03T22:12:43.988667
Chet Holmgren,,,689b4554b0b10e67f46872eb2e74b98d,2026-05-06,01:40,rebounds,8.5,-140.0,106.0,False,draftkings,2026-05-03T22:12:43.988687
Isaiah Hartenstein,,,689b4554b0b10e67f46872eb2e74b98d,2026-05-06,01:40,rebounds,7.5,-146.0,111.0,False,draftkings,2026-05-03T22:12:43.988689
Deandre Ayton,,,689b4554b0b10e67f46872eb2e74b98d,2026-05-06,01:40,rebounds,7.5,-133.0,101.0,False,draftkings,2026-05-03T22:12:43.988691
LeBron James,,,689b4554b0b10e67f46872eb2e74b98d,2026-05-06,01:40,rebounds,7.5,109.0,-143.0,False,draftkings,2026-05-03T22:12:43.988692
Austin Reaves,,,689b4554b0b10e67f46872eb2e74b98d,2026-05-06,01:40,rebounds,4.5,107.0,-140.0,False,draftkings,2026-05-03T22:12:43.988694
Shai Gilgeous-Alexander,,,689b4554b0b10e67f46872eb2e74b98d,2026-05-06,01:40,rebounds,4.5,111.0,-147.0,False,draftkings,2026-05-03T22:12:43.988696
Ajay Mitchell,,,689b4554b0b10e67f46872eb2e74b98d,2026-05-06,01:40,rebounds,3.5,-152.0,116.0,False,draftkings,2026-05-03T22:12:43.988698
Jalen Williams,,,689b4554b0b10e67f46872eb2e74b98d,2026-05-06,01:40,rebounds,3.5,-142.0,108.0,False,draftkings,2026-05-03T22:12:43.988700
Rui Hachimura,,,689b4554b0b10e67f46872eb2e74b98d,2026-05-06,01:40,rebounds,3.5,-108.0,-121.0,False,draftkings,2026-05-03T22:12:43.988702
Luguentz Dort,,,689b4554b0b10e67f46872eb2e74b98d,2026-05-06,01:40,rebounds,2.5,-162.0,123.0,False,draftkings,2026-05-03T22:12:43.988704
Cason Wallace,,,689b4554b0b10e67f46872eb2e74b98d,2026-05-06,01:40,rebounds,2.5,-156.0,118.0,False,draftkings,2026-05-03T22:12:43.988705
Marcus Smart,,,689b4554b0b10e67f46872eb2e74b98d,2026-05-06,01:40,rebounds,2.5,-123.0,-107.0,False,draftkings,2026-05-03T22:12:43.988707
Luke Kennard,,,689b4554b0b10e67f46872eb2e74b98d,2026-05-06,01:40,rebounds,2.5,-103.0,-128.0,False,draftkings,2026-05-03T22:12:43.988709
Chet Holmgren,,,689b4554b0b10e67f46872eb2e74b98d,2026-05-06,01:40,rebounds,4.5,-2600.0,,True,draftkings,2026-05-03T22:12:43.988764
Chet Holmgren,,,689b4554b0b10e67f46872eb2e74b98d,2026-05-06,01:40,rebounds,5.5,-930.0,,True,draftkings,2026-05-03T22:12:43.988766
Chet Holmgren,,,689b4554b0b10e67f46872eb2e74b98d,2026-05-06,01:40,rebounds,6.5,-444.0,,True,draftkings,2026-05-03T22:12:43.988768
Chet Holmgren,,,689b4554b0b10e67f46872eb2e74b98d,2026-05-06,01:40,rebounds,7.5,-240.0,,True,draftkings,2026-05-03T22:12:43.988770
Chet Holmgren,,,689b4554b0b10e67f46872eb2e74b98d,2026-05-06,01:40,rebounds,8.5,-141.0,,True,draftkings,2026-05-03T22:12:43.988771
Chet Holmgren,,,689b4554b0b10e67f46872eb2e74b98d,2026-05-06,01:40,rebounds,9.5,116.0,,True,draftkings,2026-05-03T22:12:43.988773
Chet Holmgren,,,689b4554b0b10e67f46872eb2e74b98d,2026-05-06,01:40,rebounds,10.5,187.0,,True,draftkings,2026-05-03T22:12:43.988775
Chet Holmgren,,,689b4554b0b10e67f46872eb2e74b98d,2026-05-06,01:40,rebounds,11.5,301.0,,True,draftkings,2026-05-03T22:12:43.988777
Chet Holmgren,,,689b4554b0b10e67f46872eb2e74b98d,2026-05-06,01:40,rebounds,12.5,471.0,,True,draftkings,2026-05-03T22:12:43.988780
Chet Holmgren,,,689b4554b0b10e67f46872eb2e74b98d,2026-05-06,01:40,rebounds,13.5,740.0,,True,draftkings,2026-05-03T22:12:43.988782
Chet Holmgren,,,689b4554b0b10e67f46872eb2e74b98d,2026-05-06,01:40,rebounds,14.5,1140.0,,True,draftkings,2026-05-03T22:12:43.988784
Chet Holmgren,,,689b4554b0b10e67f46872eb2e74b98d,2026-05-06,01:40,rebounds,15.5,1760.0,,True,draftkings,2026-05-03T22:12:43.988786
Chet Holmgren,,,689b4554b0b10e67f46872eb2e74b98d,2026-05-06,01:40,rebounds,16.5,2400.0,,True,draftkings,2026-05-03T22:12:43.988787
Deandre Ayton,,,689b4554b0b10e67f46872eb2e74b98d,2026-05-06,01:40,rebounds,3.5,-2800.0,,True,draftkings,2026-05-03T22:12:43.988789
Deandre Ayton,,,689b4554b0b10e67f46872eb2e74b98d,2026-05-06,01:40,rebounds,4.5,-940.0,,True,draftkings,2026-05-03T22:12:43.988791
Deandre Ayton,,,689b4554b0b10e67f46872eb2e74b98d,2026-05-06,01:40,rebounds,5.5,-431.0,,True,draftkings,2026-05-03T22:12:43.988793
Deandre Ayton,,,689b4554b0b10e67f46872eb2e74b98d,2026-05-06,01:40,rebounds,6.5,-230.0,,True,draftkings,2026-05-03T22:12:43.988794
Deandre Ayton,,,689b4554b0b10e67f46872eb2e74b98d,2026-05-06,01:40,rebounds,7.5,-134.0,,True,draftkings,2026-05-03T22:12:43.988796
Deandre Ayton,,,689b4554b0b10e67f46872eb2e74b98d,2026-05-06,01:40,rebounds,8.5,124.0,,True,draftkings,2026-05-03T22:12:43.988798
Deandre Ayton,,,689b4554b0b10e67f46872eb2e74b98d,2026-05-06,01:40,rebounds,9.5,197.0,,True,draftkings,2026-05-03T22:12:43.988799
Deandre Ayton,,,689b4554b0b10e67f46872eb2e74b98d,2026-05-06,01:40,rebounds,10.5,316.0,,True,draftkings,2026-05-03T22:12:43.988801
Deandre Ayton,,,689b4554b0b10e67f46872eb2e74b98d,2026-05-06,01:40,rebounds,11.5,494.0,,True,draftkings,2026-05-03T22:12:43.988803
Deandre Ayton,,,689b4554b0b10e67f46872eb2e74b98d,2026-05-06,01:40,rebounds,12.5,770.0,,True,draftkings,2026-05-03T22:12:43.988804
Deandre Ayton,,,689b4554b0b10e67f46872eb2e74b98d,2026-05-06,01:40,rebounds,13.5,1140.0,,True,draftkings,2026-05-03T22:12:43.988806
Deandre Ayton,,,689b4554b0b10e67f46872eb2e74b98d,2026-05-06,01:40,rebounds,14.5,1740.0,,True,draftkings,2026-05-03T22:12:43.988810
Deandre Ayton,,,689b4554b0b10e67f46872eb2e74b98d,2026-05-06,01:40,rebounds,15.5,2400.0,,True,draftkings,2026-05-03T22:12:43.988811
Isaiah Hartenstein,,,689b4554b0b10e67f46872eb2e74b98d,2026-05-06,01:40,rebounds,4.5,-1320.0,,True,draftkings,2026-05-03T22:12:43.988813
Isaiah Hartenstein,,,689b4554b0b10e67f46872eb2e74b98d,2026-05-06,01:40,rebounds,5.5,-542.0,,True,draftkings,2026-05-03T22:12:43.988815
Isaiah Hartenstein,,,689b4554b0b10e67f46872eb2e74b98d,2026-05-06,01:40,rebounds,6.5,-267.0,,True,draftkings,2026-05-03T22:12:43.988816
Isaiah Hartenstein,,,689b4554b0b10e67f46872eb2e74b98d,2026-05-06,01:40,rebounds,7.5,-147.0,,True,draftkings,2026-05-03T22:12:43.988818
Isaiah Hartenstein,,,689b4554b0b10e67f46872eb2e74b98d,2026-05-06,01:40,rebounds,8.5,118.0,,True,draftkings,2026-05-03T22:12:43.988820
Isaiah Hartenstein,,,689b4554b0b10e67f46872eb2e74b98d,2026-05-06,01:40,rebounds,9.5,194.0,,True,draftkings,2026-05-03T22:12:43.988821
Isaiah Hartenstein,,,689b4554b0b10e67f46872eb2e74b98d,2026-05-06,01:40,rebounds,10.5,325.0,,True,draftkings,2026-05-03T22:12:43.988823
Isaiah Hartenstein,,,689b4554b0b10e67f46872eb2e74b98d,2026-05-06,01:40,rebounds,11.5,534.0,,True,draftkings,2026-05-03T22:12:43.988825
Isaiah Hartenstein,,,689b4554b0b10e67f46872eb2e74b98d,2026-05-06,01:40,rebounds,12.5,840.0,,True,draftkings,2026-05-03T22:12:43.988827
Isaiah Hartenstein,,,689b4554b0b10e67f46872eb2e74b98d,2026-05-06,01:40,rebounds,13.5,1360.0,,True,draftkings,2026-05-03T22:12:43.988828
Isaiah Hartenstein,,,689b4554b0b10e67f46872eb2e74b98d,2026-05-06,01:40,rebounds,14.5,2000.0,,True,draftkings,2026-05-03T22:12:43.988830
Isaiah Hartenstein,,,689b4554b0b10e67f46872eb2e74b98d,2026-05-06,01:40,rebounds,15.5,2700.0,,True,draftkings,2026-05-03T22:12:43.988832
LeBron James,,,689b4554b0b10e67f46872eb2e74b98d,2026-05-06,01:40,rebounds,3.5,-1600.0,,True,draftkings,2026-05-03T22:12:43.988834
LeBron James,,,689b4554b0b10e67f46872eb2e74b98d,2026-05-06,01:40,rebounds,4.5,-600.0,,True,draftkings,2026-05-03T22:12:43.988836
LeBron James,,,689b4554b0b10e67f46872eb2e74b98d,2026-05-06,01:40,rebounds,5.5,-295.0,,True,draftkings,2026-05-03T22:12:43.988839
LeBron James,,,689b4554b0b10e67f46872eb2e74b98d,2026-05-06,01:40,rebounds,6.5,-160.0,,True,draftkings,2026-05-03T22:12:43.988841
LeBron James,,,689b4554b0b10e67f46872eb2e74b98d,2026-05-06,01:40,rebounds,7.5,107.0,,True,draftkings,2026-05-03T22:12:43.988843
LeBron James,,,689b4554b0b10e67f46872eb2e74b98d,2026-05-06,01:40,rebounds,8.5,177.0,,True,draftkings,2026-05-03T22:12:43.988844
LeBron James,,,689b4554b0b10e67f46872eb2e74b98d,2026-05-06,01:40,rebounds,9.5,292.0,,True,draftkings,2026-05-03T22:12:43.988846
LeBron James,,,689b4554b0b10e67f46872eb2e74b98d,2026-05-06,01:40,rebounds,10.5,466.0,,True,draftkings,2026-05-03T22:12:43.988853
LeBron James,,,689b4554b0b10e67f46872eb2e74b98d,2026-05-06,01:40,rebounds,11.5,750.0,,True,draftkings,2026-05-03T22:12:43.988855
LeBron James,,,689b4554b0b10e67f46872eb2e74b98d,2026-05-06,01:40,rebounds,12.5,1160.0,,True,draftkings,2026-05-03T22:12:43.988857
LeBron James,,,689b4554b0b10e67f46872eb2e74b98d,2026-05-06,01:40,rebounds,13.5,1740.0,,True,draftkings,2026-05-03T22:12:43.988858
LeBron James,,,689b4554b0b10e67f46872eb2e74b98d,2026-05-06,01:40,rebounds,14.5,2400.0,,True,draftkings,2026-05-03T22:12:43.988860
Austin Reaves,,,689b4554b0b10e67f46872eb2e74b98d,2026-05-06,01:40,rebounds,2.5,-486.0,,True,draftkings,2026-05-03T22:12:43.988862
Austin Reaves,,,689b4554b0b10e67f46872eb2e74b98d,2026-05-06,01:40,rebounds,3.5,-197.0,,True,draftkings,2026-05-03T22:12:43.988863
Austin Reaves,,,689b4554b0b10e67f46872eb2e74b98d,2026-05-06,01:40,rebounds,4.5,107.0,,True,draftkings,2026-05-03T22:12:43.988865
Austin Reaves,,,689b4554b0b10e67f46872eb2e74b98d,2026-05-06,01:40,rebounds,5.5,214.0,,True,draftkings,2026-05-03T22:12:43.988867
Austin Reaves,,,689b4554b0b10e67f46872eb2e74b98d,2026-05-06,01:40,rebounds,6.5,410.0,,True,draftkings,2026-05-03T22:12:43.988869
Austin Reaves,,,689b4554b0b10e67f46872eb2e74b98d,2026-05-06,01:40,rebounds,7.5,760.0,,True,draftkings,2026-05-03T22:12:43.988870
Austin Reaves,,,689b4554b0b10e67f46872eb2e74b98d,2026-05-06,01:40,rebounds,8.5,1360.0,,True,draftkings,2026-05-03T22:12:43.988872
Austin Reaves,,,689b4554b0b10e67f46872eb2e74b98d,2026-05-06,01:40,rebounds,9.5,2200.0,,True,draftkings,2026-05-03T22:12:43.988874
Jalen Williams,,,689b4554b0b10e67f46872eb2e74b98d,2026-05-06,01:40,rebounds,2.5,-348.0,,True,draftkings,2026-05-03T22:12:43.988875
Jalen Williams,,,689b4554b0b10e67f46872eb2e74b98d,2026-05-06,01:40,rebounds,3.5,-142.0,,True,draftkings,2026-05-03T22:12:43.988877
Jalen Williams,,,689b4554b0b10e67f46872eb2e74b98d,2026-05-06,01:40,rebounds,4.5,146.0,,True,draftkings,2026-05-03T22:12:43.988879
Jalen Williams,,,689b4554b0b10e67f46872eb2e74b98d,2026-05-06,01:40,rebounds,5.5,279.0,,True,draftkings,2026-05-03T22:12:43.988880
Jalen Williams,,,689b4554b0b10e67f46872eb2e74b98d,2026-05-06,01:40,rebounds,6.5,532.0,,True,draftkings,2026-05-03T22:12:43.988882
Jalen Williams,,,689b4554b0b10e67f46872eb2e74b98d,2026-05-06,01:40,rebounds,7.5,940.0,,True,draftkings,2026-05-03T22:12:43.988884
Jalen Williams,,,689b4554b0b10e67f46872eb2e74b98d,2026-05-06,01:40,rebounds,8.5,1560.0,,True,draftkings,2026-05-03T22:12:43.988885
Jalen Williams,,,689b4554b0b10e67f46872eb2e74b98d,2026-05-06,01:40,rebounds,9.5,2400.0,,True,draftkings,2026-05-03T22:12:43.988887
Shai Gilgeous-Alexander,,,689b4554b0b10e67f46872eb2e74b98d,2026-05-06,01:40,rebounds,2.5,-497.0,,True,draftkings,2026-05-03T22:12:43.988889
Shai Gilgeous-Alexander,,,689b4554b0b10e67f46872eb2e74b98d,2026-05-06,01:40,rebounds,3.5,-194.0,,True,draftkings,2026-05-03T22:12:43.988891
Shai Gilgeous-Alexander,,,689b4554b0b10e67f46872eb2e74b98d,2026-05-06,01:40,rebounds,4.5,113.0,,True,draftkings,2026-05-03T22:12:43.988892
Shai Gilgeous-Alexander,,,689b4554b0b10e67f46872eb2e74b98d,2026-05-06,01:40,rebounds,5.5,227.0,,True,draftkings,2026-05-03T22:12:43.988894
Shai Gilgeous-Alexander,,,689b4554b0b10e67f46872eb2e74b98d,2026-05-06,01:40,rebounds,6.5,438.0,,True,draftkings,2026-05-03T22:12:43.988896
Shai Gilgeous-Alexander,,,689b4554b0b10e67f46872eb2e74b98d,2026-05-06,01:40,rebounds,7.5,840.0,,True,draftkings,2026-05-03T22:12:43.988897
Shai Gilgeous-Alexander,,,689b4554b0b10e67f46872eb2e74b98d,2026-05-06,01:40,rebounds,8.5,1540.0,,True,draftkings,2026-05-03T22:12:43.988901
Shai Gilgeous-Alexander,,,689b4554b0b10e67f46872eb2e74b98d,2026-05-06,01:40,rebounds,9.5,2500.0,,True,draftkings,2026-05-03T22:12:43.988903
Ajay Mitchell,,,689b4554b0b10e67f46872eb2e74b98d,2026-05-06,01:40,rebounds,2.5,-371.0,,True,draftkings,2026-05-03T22:12:43.988904
Ajay Mitchell,,,689b4554b0b10e67f46872eb2e74b98d,2026-05-06,01:40,rebounds,3.5,-153.0,,True,draftkings,2026-05-03T22:12:43.988908
Ajay Mitchell,,,689b4554b0b10e67f46872eb2e74b98d,2026-05-06,01:40,rebounds,4.5,136.0,,True,draftkings,2026-05-03T22:12:43.988909
Ajay Mitchell,,,689b4554b0b10e67f46872eb2e74b98d,2026-05-06,01:40,rebounds,5.5,280.0,,True,draftkings,2026-05-03T22:12:43.988911
Ajay Mitchell,,,689b4554b0b10e67f46872eb2e74b98d,2026-05-06,01:40,rebounds,6.5,535.0,,True,draftkings,2026-05-03T22:12:43.988913
Ajay Mitchell,,,689b4554b0b10e67f46872eb2e74b98d,2026-05-06,01:40,rebounds,7.5,970.0,,True,draftkings,2026-05-03T22:12:43.988915
Ajay Mitchell,,,689b4554b0b10e67f46872eb2e74b98d,2026-05-06,01:40,rebounds,8.5,1680.0,,True,draftkings,2026-05-03T22:12:43.988916
Ajay Mitchell,,,689b4554b0b10e67f46872eb2e74b98d,2026-05-06,01:40,rebounds,9.5,2600.0,,True,draftkings,2026-05-03T22:12:43.988918
Rui Hachimura,,,689b4554b0b10e67f46872eb2e74b98d,2026-05-06,01:40,rebounds,2.5,-261.0,,True,draftkings,2026-05-03T22:12:43.988920
Rui Hachimura,,,689b4554b0b10e67f46872eb2e74b98d,2026-05-06,01:40,rebounds,3.5,-108.0,,True,draftkings,2026-05-03T22:12:43.988922
Rui Hachimura,,,689b4554b0b10e67f46872eb2e74b98d,2026-05-06,01:40,rebounds,4.5,195.0,,True,draftkings,2026-05-03T22:12:43.988923
Rui Hachimura,,,689b4554b0b10e67f46872eb2e74b98d,2026-05-06,01:40,rebounds,5.5,400.0,,True,draftkings,2026-05-03T22:12:43.988925
Rui Hachimura,,,689b4554b0b10e67f46872eb2e74b98d,2026-05-06,01:40,rebounds,6.5,760.0,,True,draftkings,2026-05-03T22:12:43.988927
Rui Hachimura,,,689b4554b0b10e67f46872eb2e74b98d,2026-05-06,01:40,rebounds,7.5,1460.0,,True,draftkings,2026-05-03T22:12:43.988928
Rui Hachimura,,,689b4554b0b10e67f46872eb2e74b98d,2026-05-06,01:40,rebounds,8.5,2400.0,,True,draftkings,2026-05-03T22:12:43.988930
Luguentz Dort,,,689b4554b0b10e67f46872eb2e74b98d,2026-05-06,01:40,rebounds,2.5,-165.0,,True,draftkings,2026-05-03T22:12:43.988932
Luguentz Dort,,,689b4554b0b10e67f46872eb2e74b98d,2026-05-06,01:40,rebounds,3.5,147.0,,True,draftkings,2026-05-03T22:12:43.988933
Luguentz Dort,,,689b4554b0b10e67f46872eb2e74b98d,2026-05-06,01:40,rebounds,4.5,312.0,,True,draftkings,2026-05-03T22:12:43.988935
Luguentz Dort,,,689b4554b0b10e67f46872eb2e74b98d,2026-05-06,01:40,rebounds,5.5,670.0,,True,draftkings,2026-05-03T22:12:43.988937
Luguentz Dort,,,689b4554b0b10e67f46872eb2e74b98d,2026-05-06,01:40,rebounds,6.5,1300.0,,True,draftkings,2026-05-03T22:12:43.988939
Luguentz Dort,,,689b4554b0b10e67f46872eb2e74b98d,2026-05-06,01:40,rebounds,7.5,2300.0,,True,draftkings,2026-05-03T22:12:43.988940
Cason Wallace,,,689b4554b0b10e67f46872eb2e74b98d,2026-05-06,01:40,rebounds,2.5,-157.0,,True,draftkings,2026-05-03T22:12:43.988942
Cason Wallace,,,689b4554b0b10e67f46872eb2e74b98d,2026-05-06,01:40,rebounds,3.5,158.0,,True,draftkings,2026-05-03T22:12:43.988944
Cason Wallace,,,689b4554b0b10e67f46872eb2e74b98d,2026-05-06,01:40,rebounds,4.5,346.0,,True,draftkings,2026-05-03T22:12:43.988945
Cason Wallace,,,689b4554b0b10e67f46872eb2e74b98d,2026-05-06,01:40,rebounds,5.5,740.0,,True,draftkings,2026-05-03T22:12:43.988947
Cason Wallace,,,689b4554b0b10e67f46872eb2e74b98d,2026-05-06,01:40,rebounds,6.5,1440.0,,True,draftkings,2026-05-03T22:12:43.988949
Cason Wallace,,,689b4554b0b10e67f46872eb2e74b98d,2026-05-06,01:40,rebounds,7.5,2400.0,,True,draftkings,2026-05-03T22:12:43.988950
Marcus Smart,,,689b4554b0b10e67f46872eb2e74b98d,2026-05-06,01:40,rebounds,2.5,-125.0,,True,draftkings,2026-05-03T22:12:43.988952
Marcus Smart,,,689b4554b0b10e67f46872eb2e74b98d,2026-05-06,01:40,rebounds,3.5,192.0,,True,draftkings,2026-05-03T22:12:43.988954
Marcus Smart,,,689b4554b0b10e67f46872eb2e74b98d,2026-05-06,01:40,rebounds,4.5,420.0,,True,draftkings,2026-05-03T22:12:43.988957
Marcus Smart,,,689b4554b0b10e67f46872eb2e74b98d,2026-05-06,01:40,rebounds,5.5,890.0,,True,draftkings,2026-05-03T22:12:43.988959
Marcus Smart,,,689b4554b0b10e67f46872eb2e74b98d,2026-05-06,01:40,rebounds,6.5,1720.0,,True,draftkings,2026-05-03T22:12:43.988961
Marcus Smart,,,689b4554b0b10e67f46872eb2e74b98d,2026-05-06,01:40,rebounds,7.5,2800.0,,True,draftkings,2026-05-03T22:12:43.988962
Luke Kennard,,,689b4554b0b10e67f46872eb2e74b98d,2026-05-06,01:40,rebounds,2.5,-101.0,,True,draftkings,2026-05-03T22:12:43.988964
Luke Kennard,,,689b4554b0b10e67f46872eb2e74b98d,2026-05-06,01:40,rebounds,3.5,245.0,,True,draftkings,2026-05-03T22:12:43.988966
Luke Kennard,,,689b4554b0b10e67f46872eb2e74b98d,2026-05-06,01:40,rebounds,4.5,580.0,,True,draftkings,2026-05-03T22:12:43.988970
Luke Kennard,,,689b4554b0b10e67f46872eb2e74b98d,2026-05-06,01:40,rebounds,5.5,1200.0,,True,draftkings,2026-05-03T22:12:43.988971
Luke Kennard,,,689b4554b0b10e67f46872eb2e74b98d,2026-05-06,01:40,rebounds,6.5,2300.0,,True,draftkings,2026-05-03T22:12:43.988973
Austin Reaves,,,689b4554b0b10e67f46872eb2e74b98d,2026-05-06,01:40,threes,2.5,136.0,-181.0,False,draftkings,2026-05-03T22:12:43.988990
Rui Hachimura,,,689b4554b0b10e67f46872eb2e74b98d,2026-05-06,01:40,threes,1.5,-150.0,114.0,False,draftkings,2026-05-03T22:12:43.988992
Marcus Smart,,,689b4554b0b10e67f46872eb2e74b98d,2026-05-06,01:40,threes,1.5,-141.0,107.0,False,draftkings,2026-05-03T22:12:43.988994
Luguentz Dort,,,689b4554b0b10e67f46872eb2e74b98d,2026-05-06,01:40,threes,1.5,-132.0,100.0,False,draftkings,2026-05-03T22:12:43.988995
Shai Gilgeous-Alexander,,,689b4554b0b10e67f46872eb2e74b98d,2026-05-06,01:40,threes,1.5,-127.0,-104.0,False,draftkings,2026-05-03T22:12:43.988997
Chet Holmgren,,,689b4554b0b10e67f46872eb2e74b98d,2026-05-06,01:40,threes,1.5,-101.0,-130.0,False,draftkings,2026-05-03T22:12:43.988999
LeBron James,,,689b4554b0b10e67f46872eb2e74b98d,2026-05-06,01:40,threes,1.5,111.0,-146.0,False,draftkings,2026-05-03T22:12:43.989000
Ajay Mitchell,,,689b4554b0b10e67f46872eb2e74b98d,2026-05-06,01:40,threes,1.5,118.0,-156.0,False,draftkings,2026-05-03T22:12:43.989002
Luke Kennard,,,689b4554b0b10e67f46872eb2e74b98d,2026-05-06,01:40,threes,1.5,169.0,-226.0,False,draftkings,2026-05-03T22:12:43.989004
Cason Wallace,,,689b4554b0b10e67f46872eb2e74b98d,2026-05-06,01:40,threes,1.5,182.0,-244.0,False,draftkings,2026-05-03T22:12:43.989006
Jalen Williams,,,689b4554b0b10e67f46872eb2e74b98d,2026-05-06,01:40,threes,0.5,-173.0,131.0,False,draftkings,2026-05-03T22:12:43.989007
Austin Reaves,,,689b4554b0b10e67f46872eb2e74b98d,2026-05-06,01:40,threes,0.5,-1040.0,,True,draftkings,2026-05-03T22:12:43.989035
Austin Reaves,,,689b4554b0b10e67f46872eb2e74b98d,2026-05-06,01:40,threes,1.5,-205.0,,True,draftkings,2026-05-03T22:12:43.989037
Austin Reaves,,,689b4554b0b10e67f46872eb2e74b98d,2026-05-06,01:40,threes,2.5,139.0,,True,draftkings,2026-05-03T22:12:43.989039
Austin Reaves,,,689b4554b0b10e67f46872eb2e74b98d,2026-05-06,01:40,threes,3.5,331.0,,True,draftkings,2026-05-03T22:12:43.989041
Austin Reaves,,,689b4554b0b10e67f46872eb2e74b98d,2026-05-06,01:40,threes,4.5,740.0,,True,draftkings,2026-05-03T22:12:43.989044
Austin Reaves,,,689b4554b0b10e67f46872eb2e74b98d,2026-05-06,01:40,threes,5.5,1520.0,,True,draftkings,2026-05-03T22:12:43.989046
Austin Reaves,,,689b4554b0b10e67f46872eb2e74b98d,2026-05-06,01:40,threes,6.5,2600.0,,True,draftkings,2026-05-03T22:12:43.989048
Rui Hachimura,,,689b4554b0b10e67f46872eb2e74b98d,2026-05-06,01:40,threes,0.5,-720.0,,True,draftkings,2026-05-03T22:12:43.989050
Rui Hachimura,,,689b4554b0b10e67f46872eb2e74b98d,2026-05-06,01:40,threes,1.5,-153.0,,True,draftkings,2026-05-03T22:12:43.989051
Rui Hachimura,,,689b4554b0b10e67f46872eb2e74b98d,2026-05-06,01:40,threes,2.5,191.0,,True,draftkings,2026-05-03T22:12:43.989053
Rui Hachimura,,,689b4554b0b10e67f46872eb2e74b98d,2026-05-06,01:40,threes,3.5,491.0,,True,draftkings,2026-05-03T22:12:43.989055
Rui Hachimura,,,689b4554b0b10e67f46872eb2e74b98d,2026-05-06,01:40,threes,4.5,1140.0,,True,draftkings,2026-05-03T22:12:43.989057
Rui Hachimura,,,689b4554b0b10e67f46872eb2e74b98d,2026-05-06,01:40,threes,5.5,2200.0,,True,draftkings,2026-05-03T22:12:43.989058
Marcus Smart,,,689b4554b0b10e67f46872eb2e74b98d,2026-05-06,01:40,threes,0.5,-650.0,,True,draftkings,2026-05-03T22:12:43.989060
Marcus Smart,,,689b4554b0b10e67f46872eb2e74b98d,2026-05-06,01:40,threes,1.5,-138.0,,True,draftkings,2026-05-03T22:12:43.989062
Marcus Smart,,,689b4554b0b10e67f46872eb2e74b98d,2026-05-06,01:40,threes,2.5,207.0,,True,draftkings,2026-05-03T22:12:43.989063
Marcus Smart,,,689b4554b0b10e67f46872eb2e74b98d,2026-05-06,01:40,threes,3.5,523.0,,True,draftkings,2026-05-03T22:12:43.989065
Marcus Smart,,,689b4554b0b10e67f46872eb2e74b98d,2026-05-06,01:40,threes,4.5,1200.0,,True,draftkings,2026-05-03T22:12:43.989067
Marcus Smart,,,689b4554b0b10e67f46872eb2e74b98d,2026-05-06,01:40,threes,5.5,2400.0,,True,draftkings,2026-05-03T22:12:43.989068
Luguentz Dort,,,689b4554b0b10e67f46872eb2e74b98d,2026-05-06,01:40,threes,0.5,-620.0,,True,draftkings,2026-05-03T22:12:43.989070
Luguentz Dort,,,689b4554b0b10e67f46872eb2e74b98d,2026-05-06,01:40,threes,1.5,-132.0,,True,draftkings,2026-05-03T22:12:43.989072
Luguentz Dort,,,689b4554b0b10e67f46872eb2e74b98d,2026-05-06,01:40,threes,2.5,227.0,,True,draftkings,2026-05-03T22:12:43.989073
Luguentz Dort,,,689b4554b0b10e67f46872eb2e74b98d,2026-05-06,01:40,threes,3.5,600.0,,True,draftkings,2026-05-03T22:12:43.989075
Luguentz Dort,,,689b4554b0b10e67f46872eb2e74b98d,2026-05-06,01:40,threes,4.5,1420.0,,True,draftkings,2026-05-03T22:12:43.989077
Luguentz Dort,,,689b4554b0b10e67f46872eb2e74b98d,2026-05-06,01:40,threes,5.5,2800.0,,True,draftkings,2026-05-03T22:12:43.989078
LeBron James,,,689b4554b0b10e67f46872eb2e74b98d,2026-05-06,01:40,threes,0.5,-381.0,,True,draftkings,2026-05-03T22:12:43.989080
LeBron James,,,689b4554b0b10e67f46872eb2e74b98d,2026-05-06,01:40,threes,1.5,111.0,,True,draftkings,2026-05-03T22:12:43.989082
LeBron James,,,689b4554b0b10e67f46872eb2e74b98d,2026-05-06,01:40,threes,2.5,320.0,,True,draftkings,2026-05-03T22:12:43.989084
LeBron James,,,689b4554b0b10e67f46872eb2e74b98d,2026-05-06,01:40,threes,3.5,840.0,,True,draftkings,2026-05-03T22:12:43.989085
LeBron James,,,689b4554b0b10e67f46872eb2e74b98d,2026-05-06,01:40,threes,4.5,1860.0,,True,draftkings,2026-05-03T22:12:43.989087
Chet Holmgren,,,689b4554b0b10e67f46872eb2e74b98d,2026-05-06,01:40,threes,0.5,-461.0,,True,draftkings,2026-05-03T22:12:43.989089
Chet Holmgren,,,689b4554b0b10e67f46872eb2e74b98d,2026-05-06,01:40,threes,1.5,102.0,,True,draftkings,2026-05-03T22:12:43.989090
Chet Holmgren,,,689b4554b0b10e67f46872eb2e74b98d,2026-05-06,01:40,threes,2.5,323.0,,True,draftkings,2026-05-03T22:12:43.989092
Chet Holmgren,,,689b4554b0b10e67f46872eb2e74b98d,2026-05-06,01:40,threes,3.5,890.0,,True,draftkings,2026-05-03T22:12:43.989094
Chet Holmgren,,,689b4554b0b10e67f46872eb2e74b98d,2026-05-06,01:40,threes,4.5,2000.0,,True,draftkings,2026-05-03T22:12:43.989095
Ajay Mitchell,,,689b4554b0b10e67f46872eb2e74b98d,2026-05-06,01:40,threes,0.5,-372.0,,True,draftkings,2026-05-03T22:12:43.989097
Ajay Mitchell,,,689b4554b0b10e67f46872eb2e74b98d,2026-05-06,01:40,threes,1.5,118.0,,True,draftkings,2026-05-03T22:12:43.989099
Ajay Mitchell,,,689b4554b0b10e67f46872eb2e74b98d,2026-05-06,01:40,threes,2.5,362.0,,True,draftkings,2026-05-03T22:12:43.989100
Ajay Mitchell,,,689b4554b0b10e67f46872eb2e74b98d,2026-05-06,01:40,threes,3.5,940.0,,True,draftkings,2026-05-03T22:12:43.989102
Ajay Mitchell,,,689b4554b0b10e67f46872eb2e74b98d,2026-05-06,01:40,threes,4.5,2100.0,,True,draftkings,2026-05-03T22:12:43.989104
Shai Gilgeous-Alexander,,,689b4554b0b10e67f46872eb2e74b98d,2026-05-06,01:40,threes,0.5,-840.0,,True,draftkings,2026-05-03T22:12:43.989106
Shai Gilgeous-Alexander,,,689b4554b0b10e67f46872eb2e74b98d,2026-05-06,01:40,threes,1.5,-127.0,,True,draftkings,2026-05-03T22:12:43.989107
Shai Gilgeous-Alexander,,,689b4554b0b10e67f46872eb2e74b98d,2026-05-06,01:40,threes,2.5,314.0,,True,draftkings,2026-05-03T22:12:43.989109
Shai Gilgeous-Alexander,,,689b4554b0b10e67f46872eb2e74b98d,2026-05-06,01:40,threes,3.5,1100.0,,True,draftkings,2026-05-03T22:12:43.989111
Shai Gilgeous-Alexander,,,689b4554b0b10e67f46872eb2e74b98d,2026-05-06,01:40,threes,4.5,2800.0,,True,draftkings,2026-05-03T22:12:43.989114
Luke Kennard,,,689b4554b0b10e67f46872eb2e74b98d,2026-05-06,01:40,threes,0.5,-265.0,,True,draftkings,2026-05-03T22:12:43.989116
Luke Kennard,,,689b4554b0b10e67f46872eb2e74b98d,2026-05-06,01:40,threes,1.5,167.0,,True,draftkings,2026-05-03T22:12:43.989118
Luke Kennard,,,689b4554b0b10e67f46872eb2e74b98d,2026-05-06,01:40,threes,2.5,537.0,,True,draftkings,2026-05-03T22:12:43.989120
Luke Kennard,,,689b4554b0b10e67f46872eb2e74b98d,2026-05-06,01:40,threes,3.5,1460.0,,True,draftkings,2026-05-03T22:12:43.989121
Luke Kennard,,,689b4554b0b10e67f46872eb2e74b98d,2026-05-06,01:40,threes,4.5,2900.0,,True,draftkings,2026-05-03T22:12:43.989123
Cason Wallace,,,689b4554b0b10e67f46872eb2e74b98d,2026-05-06,01:40,threes,0.5,-247.0,,True,draftkings,2026-05-03T22:12:43.989125
Cason Wallace,,,689b4554b0b10e67f46872eb2e74b98d,2026-05-06,01:40,threes,1.5,184.0,,True,draftkings,2026-05-03T22:12:43.989126
Cason Wallace,,,689b4554b0b10e67f46872eb2e74b98d,2026-05-06,01:40,threes,2.5,600.0,,True,draftkings,2026-05-03T22:12:43.989128
Cason Wallace,,,689b4554b0b10e67f46872eb2e74b98d,2026-05-06,01:40,threes,3.5,1620.0,,True,draftkings,2026-05-03T22:12:43.989130
Jalen Williams,,,689b4554b0b10e67f46872eb2e74b98d,2026-05-06,01:40,threes,0.5,-180.0,,True,draftkings,2026-05-03T22:12:43.989133
Jalen Williams,,,689b4554b0b10e67f46872eb2e74b98d,2026-05-06,01:40,threes,1.5,252.0,,True,draftkings,2026-05-03T22:12:43.989135
Jalen Williams,,,689b4554b0b10e67f46872eb2e74b98d,2026-05-06,01:40,threes,2.5,850.0,,True,draftkings,2026-05-03T22:12:43.989137
Jalen Williams,,,689b4554b0b10e67f46872eb2e74b98d,2026-05-06,01:40,threes,3.5,2100.0,,True,draftkings,2026-05-03T22:12:43.989138
Cade Cunningham,,,be60e6f50fc77fc3a3cf6925472bad91,2026-05-03,19:41,assists,11.5,154.0,,True,fanduel,2026-05-03T22:12:43.504967
Paolo Banchero,,,be60e6f50fc77fc3a3cf6925472bad91,2026-05-03,19:41,assists,7.5,1260.0,,True,fanduel,2026-05-03T22:12:43.504969
Paolo Banchero,,,be60e6f50fc77fc3a3cf6925472bad91,2026-05-03,19:41,points,38.5,128.0,-172.0,False,fanduel,2026-05-03T22:12:43.504976
Tobias Harris,,,be60e6f50fc77fc3a3cf6925472bad91,2026-05-03,19:41,points,27.5,102.0,-136.0,False,fanduel,2026-05-03T22:12:43.504978
Cade Cunningham,,,be60e6f50fc77fc3a3cf6925472bad91,2026-05-03,19:41,points,34.5,130.0,-174.0,False,fanduel,2026-05-03T22:12:43.504980
Desmond Bane,,,be60e6f50fc77fc3a3cf6925472bad91,2026-05-03,19:41,points,17.5,-112.0,-118.0,False,fanduel,2026-05-03T22:12:43.504981
Paolo Banchero,,,be60e6f50fc77fc3a3cf6925472bad91,2026-05-03,19:41,points,44.5,5000.0,,True,fanduel,2026-05-03T22:12:43.504987
Cade Cunningham,,,be60e6f50fc77fc3a3cf6925472bad91,2026-05-03,19:41,points,34.5,194.0,,True,fanduel,2026-05-03T22:12:43.504989
Tobias Harris,,,be60e6f50fc77fc3a3cf6925472bad91,2026-05-03,19:41,points,34.5,1500.0,,True,fanduel,2026-05-03T22:12:43.504991
Desmond Bane,,,be60e6f50fc77fc3a3cf6925472bad91,2026-05-03,19:41,points,19.5,580.0,,True,fanduel,2026-05-03T22:12:43.504992
Paolo Banchero,,,be60e6f50fc77fc3a3cf6925472bad91,2026-05-03,19:41,points,39.5,265.0,,True,fanduel,2026-05-03T22:12:43.504994
Paolo Banchero,,,be60e6f50fc77fc3a3cf6925472bad91,2026-05-03,19:41,rebounds,9.5,-182.0,,True,fanduel,2026-05-03T22:12:43.505001
Tobias Harris,,,be60e6f50fc77fc3a3cf6925472bad91,2026-05-03,19:41,rebounds,9.5,630.0,,True,fanduel,2026-05-03T22:12:43.505003
Paolo Banchero,,,be60e6f50fc77fc3a3cf6925472bad91,2026-05-03,19:41,rebounds,11.5,1400.0,,True,fanduel,2026-05-03T22:12:43.505005
Desmond Bane,,,be60e6f50fc77fc3a3cf6925472bad91,2026-05-03,19:41,threes,3.5,400.0,,True,fanduel,2026-05-03T22:12:43.505010
Paolo Banchero,,,be60e6f50fc77fc3a3cf6925472bad91,2026-05-03,19:41,threes,4.5,500.0,,True,fanduel,2026-05-03T22:12:43.505014
Cade Cunningham,,,be60e6f50fc77fc3a3cf6925472bad91,2026-05-03,19:41,threes,4.5,650.0,,True,fanduel,2026-05-03T22:12:43.505015
Tobias Harris,,,be60e6f50fc77fc3a3cf6925472bad91,2026-05-03,19:41,threes,5.5,920.0,,True,fanduel,2026-05-03T22:12:43.505019
Evan Mobley,,,a463f640631f8b0580966b909965de14,2026-05-03,23:40,assists,2.5,-170.0,132.0,False,fanduel,2026-05-03T22:12:43.630617
James Harden,,,a463f640631f8b0580966b909965de14,2026-05-03,23:40,assists,6.5,-132.0,104.0,False,fanduel,2026-05-03T22:12:43.630619
Collin Murray-Boyles,,,a463f640631f8b0580966b909965de14,2026-05-03,23:40,assists,2.5,126.0,-162.0,False,fanduel,2026-05-03T22:12:43.630621
Scottie Barnes,,,a463f640631f8b0580966b909965de14,2026-05-03,23:40,assists,7.5,-148.0,116.0,False,fanduel,2026-05-03T22:12:43.630622
R.J. Barrett,,,a463f640631f8b0580966b909965de14,2026-05-03,23:40,assists,3.5,-140.0,110.0,False,fanduel,2026-05-03T22:12:43.630624
Dennis Schroder,,,a463f640631f8b0580966b909965de14,2026-05-03,23:40,assists,1.5,-184.0,142.0,False,fanduel,2026-05-03T22:12:43.630626
Donovan Mitchell,,,a463f640631f8b0580966b909965de14,2026-05-03,23:40,assists,4.5,124.0,-160.0,False,fanduel,2026-05-03T22:12:43.630627
Jamal Shead,,,a463f640631f8b0580966b909965de14,2026-05-03,23:40,assists,5.5,-146.0,114.0,False,fanduel,2026-05-03T22:12:43.630630
Evan Mobley,,,a463f640631f8b0580966b909965de14,2026-05-03,23:40,assists,1.5,-530.0,360.0,True,fanduel,2026-05-03T22:12:43.630673
Evan Mobley,,,a463f640631f8b0580966b909965de14,2026-05-03,23:40,assists,2.5,-174.0,130.0,True,fanduel,2026-05-03T22:12:43.630675
Evan Mobley,,,a463f640631f8b0580966b909965de14,2026-05-03,23:40,assists,3.5,158.0,-210.0,True,fanduel,2026-05-03T22:12:43.630678
Evan Mobley,,,a463f640631f8b0580966b909965de14,2026-05-03,23:40,assists,4.5,360.0,-580.0,True,fanduel,2026-05-03T22:12:43.630682
Collin Murray-Boyles,,,a463f640631f8b0580966b909965de14,2026-05-03,23:40,assists,1.5,-250.0,188.0,True,fanduel,2026-05-03T22:12:43.630684
Collin Murray-Boyles,,,a463f640631f8b0580966b909965de14,2026-05-03,23:40,assists,2.5,122.0,-162.0,True,fanduel,2026-05-03T22:12:43.630685
Collin Murray-Boyles,,,a463f640631f8b0580966b909965de14,2026-05-03,23:40,assists,3.5,320.0,-470.0,True,fanduel,2026-05-03T22:12:43.630687
Scottie Barnes,,,a463f640631f8b0580966b909965de14,2026-05-03,23:40,assists,5.5,-590.0,370.0,True,fanduel,2026-05-03T22:12:43.630689
Scottie Barnes,,,a463f640631f8b0580966b909965de14,2026-05-03,23:40,assists,6.5,-300.0,210.0,True,fanduel,2026-05-03T22:12:43.630690
Scottie Barnes,,,a463f640631f8b0580966b909965de14,2026-05-03,23:40,assists,7.5,-148.0,116.0,True,fanduel,2026-05-03T22:12:43.630692
Scottie Barnes,,,a463f640631f8b0580966b909965de14,2026-05-03,23:40,assists,8.5,120.0,-160.0,True,fanduel,2026-05-03T22:12:43.630696
Scottie Barnes,,,a463f640631f8b0580966b909965de14,2026-05-03,23:40,assists,9.5,180.0,-245.0,True,fanduel,2026-05-03T22:12:43.630698
Scottie Barnes,,,a463f640631f8b0580966b909965de14,2026-05-03,23:40,assists,10.5,300.0,-450.0,True,fanduel,2026-05-03T22:12:43.630699
Donovan Mitchell,,,a463f640631f8b0580966b909965de14,2026-05-03,23:40,assists,1.5,-3000.0,,True,fanduel,2026-05-03T22:12:43.630701
R.J. Barrett,,,a463f640631f8b0580966b909965de14,2026-05-03,23:40,assists,1.5,-1600.0,,True,fanduel,2026-05-03T22:12:43.630703
Dennis Schroder,,,a463f640631f8b0580966b909965de14,2026-05-03,23:40,assists,1.5,-184.0,,True,fanduel,2026-05-03T22:12:43.630704
R.J. Barrett,,,a463f640631f8b0580966b909965de14,2026-05-03,23:40,assists,2.5,-400.0,270.0,True,fanduel,2026-05-03T22:12:43.630706
R.J. Barrett,,,a463f640631f8b0580966b909965de14,2026-05-03,23:40,assists,3.5,-140.0,108.0,True,fanduel,2026-05-03T22:12:43.630708
R.J. Barrett,,,a463f640631f8b0580966b909965de14,2026-05-03,23:40,assists,4.5,162.0,-220.0,True,fanduel,2026-05-03T22:12:43.630709
R.J. Barrett,,,a463f640631f8b0580966b909965de14,2026-05-03,23:40,assists,5.5,340.0,-500.0,True,fanduel,2026-05-03T22:12:43.630711
R.J. Barrett,,,a463f640631f8b0580966b909965de14,2026-05-03,23:40,assists,6.5,,-1450.0,True,fanduel,2026-05-03T22:12:43.630713
Donovan Mitchell,,,a463f640631f8b0580966b909965de14,2026-05-03,23:40,assists,2.5,-550.0,350.0,True,fanduel,2026-05-03T22:12:43.630715
Donovan Mitchell,,,a463f640631f8b0580966b909965de14,2026-05-03,23:40,assists,3.5,-188.0,146.0,True,fanduel,2026-05-03T22:12:43.630716
Donovan Mitchell,,,a463f640631f8b0580966b909965de14,2026-05-03,23:40,assists,4.5,122.0,-162.0,True,fanduel,2026-05-03T22:12:43.630718
Donovan Mitchell,,,a463f640631f8b0580966b909965de14,2026-05-03,23:40,assists,5.5,255.0,-360.0,True,fanduel,2026-05-03T22:12:43.630720
Donovan Mitchell,,,a463f640631f8b0580966b909965de14,2026-05-03,23:40,assists,6.5,490.0,-900.0,True,fanduel,2026-05-03T22:12:43.630721
James Harden,,,a463f640631f8b0580966b909965de14,2026-05-03,23:40,assists,3.5,-1800.0,,True,fanduel,2026-05-03T22:12:43.630723
Jamal Shead,,,a463f640631f8b0580966b909965de14,2026-05-03,23:40,assists,3.5,-670.0,,True,fanduel,2026-05-03T22:12:43.630725
Dennis Schroder,,,a463f640631f8b0580966b909965de14,2026-05-03,23:40,assists,3.5,350.0,,True,fanduel,2026-05-03T22:12:43.630726
James Harden,,,a463f640631f8b0580966b909965de14,2026-05-03,23:40,assists,5.5,-270.0,194.0,True,fanduel,2026-05-03T22:12:43.630728
Jamal Shead,,,a463f640631f8b0580966b909965de14,2026-05-03,23:40,assists,5.5,-146.0,,True,fanduel,2026-05-03T22:12:43.630774
Evan Mobley,,,a463f640631f8b0580966b909965de14,2026-05-03,23:40,assists,5.5,800.0,,True,fanduel,2026-05-03T22:12:43.630777
Dennis Schroder,,,a463f640631f8b0580966b909965de14,2026-05-03,23:40,assists,5.5,1400.0,,True,fanduel,2026-05-03T22:12:43.630778
Collin Murray-Boyles,,,a463f640631f8b0580966b909965de14,2026-05-03,23:40,assists,5.5,1500.0,,True,fanduel,2026-05-03T22:12:43.630780
James Harden,,,a463f640631f8b0580966b909965de14,2026-05-03,23:40,assists,9.5,360.0,-580.0,True,fanduel,2026-05-03T22:12:43.630782
Jamal Shead,,,a463f640631f8b0580966b909965de14,2026-05-03,23:40,assists,9.5,600.0,,True,fanduel,2026-05-03T22:12:43.630783
Scottie Barnes,,,a463f640631f8b0580966b909965de14,2026-05-03,23:40,assists,13.5,1300.0,,True,fanduel,2026-05-03T22:12:43.630785
James Harden,,,a463f640631f8b0580966b909965de14,2026-05-03,23:40,assists,13.5,3000.0,,True,fanduel,2026-05-03T22:12:43.630787
Scottie Barnes,,,a463f640631f8b0580966b909965de14,2026-05-03,23:40,assists,11.5,540.0,,True,fanduel,2026-05-03T22:12:43.630788
James Harden,,,a463f640631f8b0580966b909965de14,2026-05-03,23:40,assists,11.5,1060.0,,True,fanduel,2026-05-03T22:12:43.630790
Jamal Shead,,,a463f640631f8b0580966b909965de14,2026-05-03,23:40,assists,11.5,1500.0,,True,fanduel,2026-05-03T22:12:43.630792
James Harden,,,a463f640631f8b0580966b909965de14,2026-05-03,23:40,assists,4.5,-600.0,370.0,True,fanduel,2026-05-03T22:12:43.630793
James Harden,,,a463f640631f8b0580966b909965de14,2026-05-03,23:40,assists,6.5,-136.0,102.0,True,fanduel,2026-05-03T22:12:43.630797
James Harden,,,a463f640631f8b0580966b909965de14,2026-05-03,23:40,assists,7.5,142.0,-188.0,True,fanduel,2026-05-03T22:12:43.630799
James Harden,,,a463f640631f8b0580966b909965de14,2026-05-03,23:40,assists,8.5,240.0,-350.0,True,fanduel,2026-05-03T22:12:43.630801
Jamal Shead,,,a463f640631f8b0580966b909965de14,2026-05-03,23:40,assists,7.5,230.0,,True,fanduel,2026-05-03T22:12:43.630803
Donovan Mitchell,,,a463f640631f8b0580966b909965de14,2026-05-03,23:40,assists,7.5,1060.0,,True,fanduel,2026-05-03T22:12:43.630804
R.J. Barrett,,,a463f640631f8b0580966b909965de14,2026-05-03,23:40,assists,7.5,1300.0,,True,fanduel,2026-05-03T22:12:43.630806
Evan Mobley,,,a463f640631f8b0580966b909965de14,2026-05-03,23:40,points,16.5,-104.0,-122.0,False,fanduel,2026-05-03T22:12:43.630824
Sam Merrill,,,a463f640631f8b0580966b909965de14,2026-05-03,23:40,points,6.5,100.0,-130.0,False,fanduel,2026-05-03T22:12:43.630825
Scottie Barnes,,,a463f640631f8b0580966b909965de14,2026-05-03,23:40,points,21.5,-108.0,-118.0,False,fanduel,2026-05-03T22:12:43.630827
R.J. Barrett,,,a463f640631f8b0580966b909965de14,2026-05-03,23:40,points,23.5,-104.0,-122.0,False,fanduel,2026-05-03T22:12:43.630829
Dean Wade,,,a463f640631f8b0580966b909965de14,2026-05-03,23:40,points,4.5,-132.0,104.0,False,fanduel,2026-05-03T22:12:43.630831
Sandro Mamukelashvili,,,a463f640631f8b0580966b909965de14,2026-05-03,23:40,points,5.5,-130.0,102.0,False,fanduel,2026-05-03T22:12:43.630832
Ja'Kobe Walter,,,a463f640631f8b0580966b909965de14,2026-05-03,23:40,points,11.5,-104.0,-122.0,False,fanduel,2026-05-03T22:12:43.630836
Donovan Mitchell,,,a463f640631f8b0580966b909965de14,2026-05-03,23:40,points,25.5,-113.0,-113.0,False,fanduel,2026-05-03T22:12:43.630838
Jamal Shead,,,a463f640631f8b0580966b909965de14,2026-05-03,23:40,points,8.5,-128.0,100.0,False,fanduel,2026-05-03T22:12:43.630839
Jakob Poeltl,,,a463f640631f8b0580966b909965de14,2026-05-03,23:40,points,6.5,-130.0,102.0,False,fanduel,2026-05-03T22:12:43.630841
Collin Murray-Boyles,,,a463f640631f8b0580966b909965de14,2026-05-03,23:40,points,12.5,-115.0,-111.0,False,fanduel,2026-05-03T22:12:43.630843
James Harden,,,a463f640631f8b0580966b909965de14,2026-05-03,23:40,points,19.5,-106.0,-120.0,False,fanduel,2026-05-03T22:12:43.630844
Max Strus,,,a463f640631f8b0580966b909965de14,2026-05-03,23:40,points,8.5,-111.0,-115.0,False,fanduel,2026-05-03T22:12:43.630846
Dennis Schroder,,,a463f640631f8b0580966b909965de14,2026-05-03,23:40,points,5.5,-132.0,104.0,False,fanduel,2026-05-03T22:12:43.630848
Jarrett Allen,,,a463f640631f8b0580966b909965de14,2026-05-03,23:40,points,10.5,-122.0,-104.0,False,fanduel,2026-05-03T22:12:43.630849
Collin Murray-Boyles,,,a463f640631f8b0580966b909965de14,2026-05-03,23:40,points,7.5,-700.0,410.0,True,fanduel,2026-05-03T22:12:43.630995
Collin Murray-Boyles,,,a463f640631f8b0580966b909965de14,2026-05-03,23:40,points,8.5,-440.0,290.0,True,fanduel,2026-05-03T22:12:43.630997
Collin Murray-Boyles,,,a463f640631f8b0580966b909965de14,2026-05-03,23:40,points,9.5,-295.0,220.0,True,fanduel,2026-05-03T22:12:43.630999
Collin Murray-Boyles,,,a463f640631f8b0580966b909965de14,2026-05-03,23:40,points,10.5,-225.0,164.0,True,fanduel,2026-05-03T22:12:43.631001
Collin Murray-Boyles,,,a463f640631f8b0580966b909965de14,2026-05-03,23:40,points,11.5,-160.0,120.0,True,fanduel,2026-05-03T22:12:43.631003
Collin Murray-Boyles,,,a463f640631f8b0580966b909965de14,2026-05-03,23:40,points,12.5,-118.0,-112.0,True,fanduel,2026-05-03T22:12:43.631004
Collin Murray-Boyles,,,a463f640631f8b0580966b909965de14,2026-05-03,23:40,points,13.5,112.0,-148.0,True,fanduel,2026-05-03T22:12:43.631006
Collin Murray-Boyles,,,a463f640631f8b0580966b909965de14,2026-05-03,23:40,points,14.5,150.0,-200.0,True,fanduel,2026-05-03T22:12:43.631008
Collin Murray-Boyles,,,a463f640631f8b0580966b909965de14,2026-05-03,23:40,points,15.5,188.0,-260.0,True,fanduel,2026-05-03T22:12:43.631010
Collin Murray-Boyles,,,a463f640631f8b0580966b909965de14,2026-05-03,23:40,points,16.5,240.0,-350.0,True,fanduel,2026-05-03T22:12:43.631012
Collin Murray-Boyles,,,a463f640631f8b0580966b909965de14,2026-05-03,23:40,points,17.5,320.0,-470.0,True,fanduel,2026-05-03T22:12:43.631013
Collin Murray-Boyles,,,a463f640631f8b0580966b909965de14,2026-05-03,23:40,points,18.5,400.0,-670.0,True,fanduel,2026-05-03T22:12:43.631015
Jakob Poeltl,,,a463f640631f8b0580966b909965de14,2026-05-03,23:40,points,3.5,-650.0,390.0,True,fanduel,2026-05-03T22:12:43.631017
Jakob Poeltl,,,a463f640631f8b0580966b909965de14,2026-05-03,23:40,points,4.5,-310.0,220.0,True,fanduel,2026-05-03T22:12:43.631018
Jakob Poeltl,,,a463f640631f8b0580966b909965de14,2026-05-03,23:40,points,5.5,-215.0,158.0,True,fanduel,2026-05-03T22:12:43.631020
Jakob Poeltl,,,a463f640631f8b0580966b909965de14,2026-05-03,23:40,points,6.5,-136.0,102.0,True,fanduel,2026-05-03T22:12:43.631022
Jakob Poeltl,,,a463f640631f8b0580966b909965de14,2026-05-03,23:40,points,7.5,108.0,-144.0,True,fanduel,2026-05-03T22:12:43.631023
Jakob Poeltl,,,a463f640631f8b0580966b909965de14,2026-05-03,23:40,points,8.5,154.0,-210.0,True,fanduel,2026-05-03T22:12:43.631025
Jakob Poeltl,,,a463f640631f8b0580966b909965de14,2026-05-03,23:40,points,9.5,220.0,-310.0,True,fanduel,2026-05-03T22:12:43.631029
Jakob Poeltl,,,a463f640631f8b0580966b909965de14,2026-05-03,23:40,points,10.5,300.0,-450.0,True,fanduel,2026-05-03T22:12:43.631030
Scottie Barnes,,,a463f640631f8b0580966b909965de14,2026-05-03,23:40,points,13.5,-1100.0,,True,fanduel,2026-05-03T22:12:43.631032
Scottie Barnes,,,a463f640631f8b0580966b909965de14,2026-05-03,23:40,points,14.5,-720.0,430.0,True,fanduel,2026-05-03T22:12:43.631034
Scottie Barnes,,,a463f640631f8b0580966b909965de14,2026-05-03,23:40,points,15.5,-550.0,350.0,True,fanduel,2026-05-03T22:12:43.631036
Scottie Barnes,,,a463f640631f8b0580966b909965de14,2026-05-03,23:40,points,16.5,-420.0,280.0,True,fanduel,2026-05-03T22:12:43.631037
Scottie Barnes,,,a463f640631f8b0580966b909965de14,2026-05-03,23:40,points,17.5,-310.0,220.0,True,fanduel,2026-05-03T22:12:43.631041
Scottie Barnes,,,a463f640631f8b0580966b909965de14,2026-05-03,23:40,points,18.5,-235.0,172.0,True,fanduel,2026-05-03T22:12:43.631042
Scottie Barnes,,,a463f640631f8b0580966b909965de14,2026-05-03,23:40,points,19.5,-178.0,136.0,True,fanduel,2026-05-03T22:12:43.631044
Scottie Barnes,,,a463f640631f8b0580966b909965de14,2026-05-03,23:40,points,20.5,-140.0,106.0,True,fanduel,2026-05-03T22:12:43.631046
Scottie Barnes,,,a463f640631f8b0580966b909965de14,2026-05-03,23:40,points,21.5,-110.0,-120.0,True,fanduel,2026-05-03T22:12:43.631047
Scottie Barnes,,,a463f640631f8b0580966b909965de14,2026-05-03,23:40,points,22.5,116.0,-158.0,True,fanduel,2026-05-03T22:12:43.631049
Scottie Barnes,,,a463f640631f8b0580966b909965de14,2026-05-03,23:40,points,23.5,148.0,-200.0,True,fanduel,2026-05-03T22:12:43.631051
Scottie Barnes,,,a463f640631f8b0580966b909965de14,2026-05-03,23:40,points,24.5,186.0,-250.0,True,fanduel,2026-05-03T22:12:43.631052
Scottie Barnes,,,a463f640631f8b0580966b909965de14,2026-05-03,23:40,points,25.5,225.0,-320.0,True,fanduel,2026-05-03T22:12:43.631054
Scottie Barnes,,,a463f640631f8b0580966b909965de14,2026-05-03,23:40,points,26.5,280.0,-420.0,True,fanduel,2026-05-03T22:12:43.631056
Scottie Barnes,,,a463f640631f8b0580966b909965de14,2026-05-03,23:40,points,27.5,350.0,-550.0,True,fanduel,2026-05-03T22:12:43.631057
Scottie Barnes,,,a463f640631f8b0580966b909965de14,2026-05-03,23:40,points,28.5,410.0,-700.0,True,fanduel,2026-05-03T22:12:43.631059
Scottie Barnes,,,a463f640631f8b0580966b909965de14,2026-05-03,23:40,points,29.5,540.0,-1000.0,True,fanduel,2026-05-03T22:12:43.631061
Scottie Barnes,,,a463f640631f8b0580966b909965de14,2026-05-03,23:40,points,30.5,,-1450.0,True,fanduel,2026-05-03T22:12:43.631062
Donovan Mitchell,,,a463f640631f8b0580966b909965de14,2026-05-03,23:40,points,16.5,-1400.0,,True,fanduel,2026-05-03T22:12:43.631064
Donovan Mitchell,,,a463f640631f8b0580966b909965de14,2026-05-03,23:40,points,17.5,-900.0,490.0,True,fanduel,2026-05-03T22:12:43.631066
Donovan Mitchell,,,a463f640631f8b0580966b909965de14,2026-05-03,23:40,points,18.5,-650.0,390.0,True,fanduel,2026-05-03T22:12:43.631067
Donovan Mitchell,,,a463f640631f8b0580966b909965de14,2026-05-03,23:40,points,19.5,-440.0,310.0,True,fanduel,2026-05-03T22:12:43.631071
Donovan Mitchell,,,a463f640631f8b0580966b909965de14,2026-05-03,23:40,points,20.5,-350.0,240.0,True,fanduel,2026-05-03T22:12:43.631072
Donovan Mitchell,,,a463f640631f8b0580966b909965de14,2026-05-03,23:40,points,21.5,-280.0,200.0,True,fanduel,2026-05-03T22:12:43.631074
Donovan Mitchell,,,a463f640631f8b0580966b909965de14,2026-05-03,23:40,points,22.5,-225.0,164.0,True,fanduel,2026-05-03T22:12:43.631076
Donovan Mitchell,,,a463f640631f8b0580966b909965de14,2026-05-03,23:40,points,23.5,-180.0,134.0,True,fanduel,2026-05-03T22:12:43.631078
Donovan Mitchell,,,a463f640631f8b0580966b909965de14,2026-05-03,23:40,points,24.5,-140.0,108.0,True,fanduel,2026-05-03T22:12:43.631079
Donovan Mitchell,,,a463f640631f8b0580966b909965de14,2026-05-03,23:40,points,25.5,-114.0,-114.0,True,fanduel,2026-05-03T22:12:43.631081
Donovan Mitchell,,,a463f640631f8b0580966b909965de14,2026-05-03,23:40,points,26.5,110.0,-146.0,True,fanduel,2026-05-03T22:12:43.631083
Donovan Mitchell,,,a463f640631f8b0580966b909965de14,2026-05-03,23:40,points,27.5,138.0,-186.0,True,fanduel,2026-05-03T22:12:43.631085
Donovan Mitchell,,,a463f640631f8b0580966b909965de14,2026-05-03,23:40,points,28.5,168.0,-230.0,True,fanduel,2026-05-03T22:12:43.631088
Donovan Mitchell,,,a463f640631f8b0580966b909965de14,2026-05-03,23:40,points,29.5,215.0,-290.0,True,fanduel,2026-05-03T22:12:43.631090
Donovan Mitchell,,,a463f640631f8b0580966b909965de14,2026-05-03,23:40,points,30.5,240.0,-350.0,True,fanduel,2026-05-03T22:12:43.631092
Donovan Mitchell,,,a463f640631f8b0580966b909965de14,2026-05-03,23:40,points,31.5,300.0,-450.0,True,fanduel,2026-05-03T22:12:43.631094
Donovan Mitchell,,,a463f640631f8b0580966b909965de14,2026-05-03,23:40,points,32.5,360.0,-580.0,True,fanduel,2026-05-03T22:12:43.631095
Donovan Mitchell,,,a463f640631f8b0580966b909965de14,2026-05-03,23:40,points,33.5,430.0,-750.0,True,fanduel,2026-05-03T22:12:43.631097
Donovan Mitchell,,,a463f640631f8b0580966b909965de14,2026-05-03,23:40,points,34.5,540.0,-1000.0,True,fanduel,2026-05-03T22:12:43.631099
Donovan Mitchell,,,a463f640631f8b0580966b909965de14,2026-05-03,23:40,points,35.5,,-1400.0,True,fanduel,2026-05-03T22:12:43.631100
James Harden,,,a463f640631f8b0580966b909965de14,2026-05-03,23:40,points,12.5,-800.0,450.0,True,fanduel,2026-05-03T22:12:43.631102
James Harden,,,a463f640631f8b0580966b909965de14,2026-05-03,23:40,points,13.5,-580.0,360.0,True,fanduel,2026-05-03T22:12:43.631104
James Harden,,,a463f640631f8b0580966b909965de14,2026-05-03,23:40,points,14.5,-400.0,280.0,True,fanduel,2026-05-03T22:12:43.631105
James Harden,,,a463f640631f8b0580966b909965de14,2026-05-03,23:40,points,15.5,-310.0,220.0,True,fanduel,2026-05-03T22:12:43.631107
James Harden,,,a463f640631f8b0580966b909965de14,2026-05-03,23:40,points,16.5,-240.0,174.0,True,fanduel,2026-05-03T22:12:43.631109
James Harden,,,a463f640631f8b0580966b909965de14,2026-05-03,23:40,points,17.5,-182.0,134.0,True,fanduel,2026-05-03T22:12:43.631110
James Harden,,,a463f640631f8b0580966b909965de14,2026-05-03,23:40,points,18.5,-138.0,104.0,True,fanduel,2026-05-03T22:12:43.631112
James Harden,,,a463f640631f8b0580966b909965de14,2026-05-03,23:40,points,19.5,-106.0,-122.0,True,fanduel,2026-05-03T22:12:43.631114
James Harden,,,a463f640631f8b0580966b909965de14,2026-05-03,23:40,points,20.5,118.0,-158.0,True,fanduel,2026-05-03T22:12:43.631115
James Harden,,,a463f640631f8b0580966b909965de14,2026-05-03,23:40,points,21.5,148.0,-200.0,True,fanduel,2026-05-03T22:12:43.631117
James Harden,,,a463f640631f8b0580966b909965de14,2026-05-03,23:40,points,22.5,182.0,-250.0,True,fanduel,2026-05-03T22:12:43.631119
James Harden,,,a463f640631f8b0580966b909965de14,2026-05-03,23:40,points,23.5,225.0,-320.0,True,fanduel,2026-05-03T22:12:43.631120
James Harden,,,a463f640631f8b0580966b909965de14,2026-05-03,23:40,points,24.5,285.0,-420.0,True,fanduel,2026-05-03T22:12:43.631122
James Harden,,,a463f640631f8b0580966b909965de14,2026-05-03,23:40,points,25.5,350.0,-550.0,True,fanduel,2026-05-03T22:12:43.631124
James Harden,,,a463f640631f8b0580966b909965de14,2026-05-03,23:40,points,26.5,430.0,-750.0,True,fanduel,2026-05-03T22:12:43.631125
James Harden,,,a463f640631f8b0580966b909965de14,2026-05-03,23:40,points,27.5,,-1100.0,True,fanduel,2026-05-03T22:12:43.631127
James Harden,,,a463f640631f8b0580966b909965de14,2026-05-03,23:40,points,28.5,,-1450.0,True,fanduel,2026-05-03T22:12:43.631129
Donovan Mitchell,,,a463f640631f8b0580966b909965de14,2026-05-03,23:40,points,44.5,3000.0,,True,fanduel,2026-05-03T22:12:43.631130
Dennis Schroder,,,a463f640631f8b0580966b909965de14,2026-05-03,23:40,points,2.5,-490.0,320.0,True,fanduel,2026-05-03T22:12:43.631132
Dennis Schroder,,,a463f640631f8b0580966b909965de14,2026-05-03,23:40,points,3.5,-310.0,220.0,True,fanduel,2026-05-03T22:12:43.631134
Dennis Schroder,,,a463f640631f8b0580966b909965de14,2026-05-03,23:40,points,4.5,-210.0,154.0,True,fanduel,2026-05-03T22:12:43.631135
Dennis Schroder,,,a463f640631f8b0580966b909965de14,2026-05-03,23:40,points,5.5,-136.0,102.0,True,fanduel,2026-05-03T22:12:43.631137
Dennis Schroder,,,a463f640631f8b0580966b909965de14,2026-05-03,23:40,points,6.5,106.0,-140.0,True,fanduel,2026-05-03T22:12:43.631139
Dennis Schroder,,,a463f640631f8b0580966b909965de14,2026-05-03,23:40,points,7.5,146.0,-198.0,True,fanduel,2026-05-03T22:12:43.631146
Dennis Schroder,,,a463f640631f8b0580966b909965de14,2026-05-03,23:40,points,8.5,194.0,-270.0,True,fanduel,2026-05-03T22:12:43.631147
Dennis Schroder,,,a463f640631f8b0580966b909965de14,2026-05-03,23:40,points,9.5,255.0,-360.0,True,fanduel,2026-05-03T22:12:43.631149
R.J. Barrett,,,a463f640631f8b0580966b909965de14,2026-05-03,23:40,points,15.5,-850.0,470.0,True,fanduel,2026-05-03T22:12:43.631151
R.J. Barrett,,,a463f640631f8b0580966b909965de14,2026-05-03,23:40,points,16.5,-600.0,370.0,True,fanduel,2026-05-03T22:12:43.631152
R.J. Barrett,,,a463f640631f8b0580966b909965de14,2026-05-03,23:40,points,17.5,-450.0,300.0,True,fanduel,2026-05-03T22:12:43.631154
R.J. Barrett,,,a463f640631f8b0580966b909965de14,2026-05-03,23:40,points,18.5,-330.0,230.0,True,fanduel,2026-05-03T22:12:43.631156
R.J. Barrett,,,a463f640631f8b0580966b909965de14,2026-05-03,23:40,points,19.5,-260.0,188.0,True,fanduel,2026-05-03T22:12:43.631160
R.J. Barrett,,,a463f640631f8b0580966b909965de14,2026-05-03,23:40,points,20.5,-210.0,154.0,True,fanduel,2026-05-03T22:12:43.631161
R.J. Barrett,,,a463f640631f8b0580966b909965de14,2026-05-03,23:40,points,21.5,-166.0,124.0,True,fanduel,2026-05-03T22:12:43.631163
R.J. Barrett,,,a463f640631f8b0580966b909965de14,2026-05-03,23:40,points,22.5,-136.0,102.0,True,fanduel,2026-05-03T22:12:43.631165
R.J. Barrett,,,a463f640631f8b0580966b909965de14,2026-05-03,23:40,points,23.5,-106.0,-125.0,True,fanduel,2026-05-03T22:12:43.631168
R.J. Barrett,,,a463f640631f8b0580966b909965de14,2026-05-03,23:40,points,24.5,120.0,-158.0,True,fanduel,2026-05-03T22:12:43.631170
R.J. Barrett,,,a463f640631f8b0580966b909965de14,2026-05-03,23:40,points,25.5,148.0,-200.0,True,fanduel,2026-05-03T22:12:43.631171
R.J. Barrett,,,a463f640631f8b0580966b909965de14,2026-05-03,23:40,points,26.5,178.0,-245.0,True,fanduel,2026-05-03T22:12:43.631173
R.J. Barrett,,,a463f640631f8b0580966b909965de14,2026-05-03,23:40,points,27.5,220.0,-310.0,True,fanduel,2026-05-03T22:12:43.631175
R.J. Barrett,,,a463f640631f8b0580966b909965de14,2026-05-03,23:40,points,28.5,265.0,-390.0,True,fanduel,2026-05-03T22:12:43.631177
R.J. Barrett,,,a463f640631f8b0580966b909965de14,2026-05-03,23:40,points,29.5,330.0,-490.0,True,fanduel,2026-05-03T22:12:43.631178
R.J. Barrett,,,a463f640631f8b0580966b909965de14,2026-05-03,23:40,points,30.5,390.0,-650.0,True,fanduel,2026-05-03T22:12:43.631180
R.J. Barrett,,,a463f640631f8b0580966b909965de14,2026-05-03,23:40,points,31.5,470.0,-850.0,True,fanduel,2026-05-03T22:12:43.631182
R.J. Barrett,,,a463f640631f8b0580966b909965de14,2026-05-03,23:40,points,32.5,,-1200.0,True,fanduel,2026-05-03T22:12:43.631183
James Harden,,,a463f640631f8b0580966b909965de14,2026-05-03,23:40,points,29.5,870.0,,True,fanduel,2026-05-03T22:12:43.631185
Evan Mobley,,,a463f640631f8b0580966b909965de14,2026-05-03,23:40,points,29.5,1700.0,,True,fanduel,2026-05-03T22:12:43.631187
Max Strus,,,a463f640631f8b0580966b909965de14,2026-05-03,23:40,points,3.5,-670.0,400.0,True,fanduel,2026-05-03T22:12:43.631188
Max Strus,,,a463f640631f8b0580966b909965de14,2026-05-03,23:40,points,4.5,-580.0,360.0,True,fanduel,2026-05-03T22:12:43.631190
Max Strus,,,a463f640631f8b0580966b909965de14,2026-05-03,23:40,points,5.5,-330.0,230.0,True,fanduel,2026-05-03T22:12:43.631192
Max Strus,,,a463f640631f8b0580966b909965de14,2026-05-03,23:40,points,6.5,-210.0,154.0,True,fanduel,2026-05-03T22:12:43.631193
Max Strus,,,a463f640631f8b0580966b909965de14,2026-05-03,23:40,points,7.5,-166.0,124.0,True,fanduel,2026-05-03T22:12:43.631195
Max Strus,,,a463f640631f8b0580966b909965de14,2026-05-03,23:40,points,8.5,-112.0,-118.0,True,fanduel,2026-05-03T22:12:43.631197
Max Strus,,,a463f640631f8b0580966b909965de14,2026-05-03,23:40,points,9.5,132.0,-174.0,True,fanduel,2026-05-03T22:12:43.631198
Max Strus,,,a463f640631f8b0580966b909965de14,2026-05-03,23:40,points,10.5,164.0,-225.0,True,fanduel,2026-05-03T22:12:43.631200
Max Strus,,,a463f640631f8b0580966b909965de14,2026-05-03,23:40,points,11.5,220.0,-310.0,True,fanduel,2026-05-03T22:12:43.631202
Max Strus,,,a463f640631f8b0580966b909965de14,2026-05-03,23:40,points,12.5,290.0,-440.0,True,fanduel,2026-05-03T22:12:43.631205
Evan Mobley,,,a463f640631f8b0580966b909965de14,2026-05-03,23:40,points,19.5,205.0,-290.0,True,fanduel,2026-05-03T22:12:43.631207
Collin Murray-Boyles,,,a463f640631f8b0580966b909965de14,2026-05-03,23:40,points,19.5,520.0,,True,fanduel,2026-05-03T22:12:43.631209
Ja'Kobe Walter,,,a463f640631f8b0580966b909965de14,2026-05-03,23:40,points,19.5,560.0,,True,fanduel,2026-05-03T22:12:43.631211
Jarrett Allen,,,a463f640631f8b0580966b909965de14,2026-05-03,23:40,points,19.5,870.0,,True,fanduel,2026-05-03T22:12:43.631212
Jamal Shead,,,a463f640631f8b0580966b909965de14,2026-05-03,23:40,points,19.5,1200.0,,True,fanduel,2026-05-03T22:12:43.631214
Max Strus,,,a463f640631f8b0580966b909965de14,2026-05-03,23:40,points,19.5,1400.0,,True,fanduel,2026-05-03T22:12:43.631216
Donovan Mitchell,,,a463f640631f8b0580966b909965de14,2026-05-03,23:40,points,39.5,1200.0,,True,fanduel,2026-05-03T22:12:43.631217
R.J. Barrett,,,a463f640631f8b0580966b909965de14,2026-05-03,23:40,points,39.5,1800.0,,True,fanduel,2026-05-03T22:12:43.631219
Scottie Barnes,,,a463f640631f8b0580966b909965de14,2026-05-03,23:40,points,39.5,3500.0,,True,fanduel,2026-05-03T22:12:43.631221
Evan Mobley,,,a463f640631f8b0580966b909965de14,2026-05-03,23:40,points,9.5,-1200.0,,True,fanduel,2026-05-03T22:12:43.631222
Evan Mobley,,,a463f640631f8b0580966b909965de14,2026-05-03,23:40,points,10.5,-750.0,430.0,True,fanduel,2026-05-03T22:12:43.631224
Evan Mobley,,,a463f640631f8b0580966b909965de14,2026-05-03,23:40,points,11.5,-490.0,320.0,True,fanduel,2026-05-03T22:12:43.631226
Evan Mobley,,,a463f640631f8b0580966b909965de14,2026-05-03,23:40,points,12.5,-350.0,240.0,True,fanduel,2026-05-03T22:12:43.631227
Evan Mobley,,,a463f640631f8b0580966b909965de14,2026-05-03,23:40,points,13.5,-260.0,188.0,True,fanduel,2026-05-03T22:12:43.631229
Evan Mobley,,,a463f640631f8b0580966b909965de14,2026-05-03,23:40,points,14.5,-184.0,140.0,True,fanduel,2026-05-03T22:12:43.631231
Evan Mobley,,,a463f640631f8b0580966b909965de14,2026-05-03,23:40,points,15.5,-138.0,104.0,True,fanduel,2026-05-03T22:12:43.631232
Evan Mobley,,,a463f640631f8b0580966b909965de14,2026-05-03,23:40,points,16.5,-106.0,-125.0,True,fanduel,2026-05-03T22:12:43.631234
Evan Mobley,,,a463f640631f8b0580966b909965de14,2026-05-03,23:40,points,17.5,124.0,-166.0,True,fanduel,2026-05-03T22:12:43.631236
Evan Mobley,,,a463f640631f8b0580966b909965de14,2026-05-03,23:40,points,18.5,162.0,-220.0,True,fanduel,2026-05-03T22:12:43.631237
Evan Mobley,,,a463f640631f8b0580966b909965de14,2026-05-03,23:40,points,20.5,260.0,-380.0,True,fanduel,2026-05-03T22:12:43.631239
Evan Mobley,,,a463f640631f8b0580966b909965de14,2026-05-03,23:40,points,21.5,320.0,-500.0,True,fanduel,2026-05-03T22:12:43.631241
Jarrett Allen,,,a463f640631f8b0580966b909965de14,2026-05-03,23:40,points,6.5,-580.0,360.0,True,fanduel,2026-05-03T22:12:43.631243
Jarrett Allen,,,a463f640631f8b0580966b909965de14,2026-05-03,23:40,points,7.5,-350.0,240.0,True,fanduel,2026-05-03T22:12:43.631244
Jarrett Allen,,,a463f640631f8b0580966b909965de14,2026-05-03,23:40,points,8.5,-250.0,182.0,True,fanduel,2026-05-03T22:12:43.631246
Jarrett Allen,,,a463f640631f8b0580966b909965de14,2026-05-03,23:40,points,9.5,-172.0,132.0,True,fanduel,2026-05-03T22:12:43.631248
Jarrett Allen,,,a463f640631f8b0580966b909965de14,2026-05-03,23:40,points,10.5,-128.0,-104.0,True,fanduel,2026-05-03T22:12:43.631249
Jarrett Allen,,,a463f640631f8b0580966b909965de14,2026-05-03,23:40,points,11.5,110.0,-146.0,True,fanduel,2026-05-03T22:12:43.631251
Jarrett Allen,,,a463f640631f8b0580966b909965de14,2026-05-03,23:40,points,12.5,148.0,-200.0,True,fanduel,2026-05-03T22:12:43.631253
Jarrett Allen,,,a463f640631f8b0580966b909965de14,2026-05-03,23:40,points,13.5,194.0,-270.0,True,fanduel,2026-05-03T22:12:43.631254
Jarrett Allen,,,a463f640631f8b0580966b909965de14,2026-05-03,23:40,points,14.5,255.0,-360.0,True,fanduel,2026-05-03T22:12:43.631258
Jarrett Allen,,,a463f640631f8b0580966b909965de14,2026-05-03,23:40,points,15.5,320.0,-490.0,True,fanduel,2026-05-03T22:12:43.631259
R.J. Barrett,,,a463f640631f8b0580966b909965de14,2026-05-03,23:40,points,34.5,870.0,,True,fanduel,2026-05-03T22:12:43.631263
Scottie Barnes,,,a463f640631f8b0580966b909965de14,2026-05-03,23:40,points,34.5,1400.0,,True,fanduel,2026-05-03T22:12:43.631265
James Harden,,,a463f640631f8b0580966b909965de14,2026-05-03,23:40,points,34.5,2000.0,,True,fanduel,2026-05-03T22:12:43.631266
Scottie Barnes,,,a463f640631f8b0580966b909965de14,2026-05-03,23:40,points,9.5,-7000.0,,True,fanduel,2026-05-03T22:12:43.631268
James Harden,,,a463f640631f8b0580966b909965de14,2026-05-03,23:40,points,9.5,-4000.0,,True,fanduel,2026-05-03T22:12:43.631270
Ja'Kobe Walter,,,a463f640631f8b0580966b909965de14,2026-05-03,23:40,points,9.5,-180.0,,True,fanduel,2026-05-03T22:12:43.631271
Jamal Shead,,,a463f640631f8b0580966b909965de14,2026-05-03,23:40,points,9.5,106.0,,True,fanduel,2026-05-03T22:12:43.631275
Sam Merrill,,,a463f640631f8b0580966b909965de14,2026-05-03,23:40,points,9.5,255.0,,True,fanduel,2026-05-03T22:12:43.631276
Sandro Mamukelashvili,,,a463f640631f8b0580966b909965de14,2026-05-03,23:40,points,9.5,280.0,,True,fanduel,2026-05-03T22:12:43.631278
Dean Wade,,,a463f640631f8b0580966b909965de14,2026-05-03,23:40,points,9.5,480.0,,True,fanduel,2026-05-03T22:12:43.631280
Evan Mobley,,,a463f640631f8b0580966b909965de14,2026-05-03,23:40,points,24.5,680.0,,True,fanduel,2026-05-03T22:12:43.631281
Ja'Kobe Walter,,,a463f640631f8b0580966b909965de14,2026-05-03,23:40,points,24.5,1400.0,,True,fanduel,2026-05-03T22:12:43.631283
Collin Murray-Boyles,,,a463f640631f8b0580966b909965de14,2026-05-03,23:40,points,24.5,1500.0,,True,fanduel,2026-05-03T22:12:43.631285
Donovan Mitchell,,,a463f640631f8b0580966b909965de14,2026-05-03,23:40,points,14.5,-3500.0,,True,fanduel,2026-05-03T22:12:43.631286
R.J. Barrett,,,a463f640631f8b0580966b909965de14,2026-05-03,23:40,points,14.5,-1200.0,,True,fanduel,2026-05-03T22:12:43.631288
Ja'Kobe Walter,,,a463f640631f8b0580966b909965de14,2026-05-03,23:40,points,14.5,200.0,,True,fanduel,2026-05-03T22:12:43.631290
Jamal Shead,,,a463f640631f8b0580966b909965de14,2026-05-03,23:40,points,14.5,370.0,,True,fanduel,2026-05-03T22:12:43.631291
Max Strus,,,a463f640631f8b0580966b909965de14,2026-05-03,23:40,points,14.5,500.0,,True,fanduel,2026-05-03T22:12:43.631293
Dennis Schroder,,,a463f640631f8b0580966b909965de14,2026-05-03,23:40,points,14.5,900.0,,True,fanduel,2026-05-03T22:12:43.631295
Sandro Mamukelashvili,,,a463f640631f8b0580966b909965de14,2026-05-03,23:40,points,14.5,900.0,,True,fanduel,2026-05-03T22:12:43.631296
Jakob Poeltl,,,a463f640631f8b0580966b909965de14,2026-05-03,23:40,points,14.5,1000.0,,True,fanduel,2026-05-03T22:12:43.631298
Sam Merrill,,,a463f640631f8b0580966b909965de14,2026-05-03,23:40,points,14.5,1000.0,,True,fanduel,2026-05-03T22:12:43.631300
Dean Wade,,,a463f640631f8b0580966b909965de14,2026-05-03,23:40,points,14.5,1500.0,,True,fanduel,2026-05-03T22:12:43.631302
Evan Mobley,,,a463f640631f8b0580966b909965de14,2026-05-03,23:40,rebounds,9.5,114.0,-146.0,False,fanduel,2026-05-03T22:12:43.631322
Donovan Mitchell,,,a463f640631f8b0580966b909965de14,2026-05-03,23:40,rebounds,4.5,104.0,-132.0,False,fanduel,2026-05-03T22:12:43.631324
R.J. Barrett,,,a463f640631f8b0580966b909965de14,2026-05-03,23:40,rebounds,6.5,114.0,-146.0,False,fanduel,2026-05-03T22:12:43.631325
Scottie Barnes,,,a463f640631f8b0580966b909965de14,2026-05-03,23:40,rebounds,6.5,-154.0,120.0,False,fanduel,2026-05-03T22:12:43.631327
Jamal Shead,,,a463f640631f8b0580966b909965de14,2026-05-03,23:40,rebounds,1.5,-194.0,148.0,False,fanduel,2026-05-03T22:12:43.631329
Ja'Kobe Walter,,,a463f640631f8b0580966b909965de14,2026-05-03,23:40,rebounds,3.5,-128.0,100.0,False,fanduel,2026-05-03T22:12:43.631330
Jakob Poeltl,,,a463f640631f8b0580966b909965de14,2026-05-03,23:40,rebounds,5.5,-136.0,106.0,False,fanduel,2026-05-03T22:12:43.631332
Collin Murray-Boyles,,,a463f640631f8b0580966b909965de14,2026-05-03,23:40,rebounds,6.5,-113.0,-113.0,False,fanduel,2026-05-03T22:12:43.631334
James Harden,,,a463f640631f8b0580966b909965de14,2026-05-03,23:40,rebounds,4.5,-118.0,-108.0,False,fanduel,2026-05-03T22:12:43.631336
Max Strus,,,a463f640631f8b0580966b909965de14,2026-05-03,23:40,rebounds,3.5,-132.0,104.0,False,fanduel,2026-05-03T22:12:43.631337
Sandro Mamukelashvili,,,a463f640631f8b0580966b909965de14,2026-05-03,23:40,rebounds,3.5,102.0,-130.0,False,fanduel,2026-05-03T22:12:43.631339
Jarrett Allen,,,a463f640631f8b0580966b909965de14,2026-05-03,23:40,rebounds,7.5,-120.0,-106.0,False,fanduel,2026-05-03T22:12:43.631341
R.J. Barrett,,,a463f640631f8b0580966b909965de14,2026-05-03,23:40,rebounds,3.5,-900.0,,True,fanduel,2026-05-03T22:12:43.631418
R.J. Barrett,,,a463f640631f8b0580966b909965de14,2026-05-03,23:40,rebounds,4.5,-360.0,250.0,True,fanduel,2026-05-03T22:12:43.631420
R.J. Barrett,,,a463f640631f8b0580966b909965de14,2026-05-03,23:40,rebounds,5.5,-170.0,132.0,True,fanduel,2026-05-03T22:12:43.631422
R.J. Barrett,,,a463f640631f8b0580966b909965de14,2026-05-03,23:40,rebounds,6.5,112.0,-148.0,True,fanduel,2026-05-03T22:12:43.631423
R.J. Barrett,,,a463f640631f8b0580966b909965de14,2026-05-03,23:40,rebounds,7.5,210.0,-280.0,True,fanduel,2026-05-03T22:12:43.631425
R.J. Barrett,,,a463f640631f8b0580966b909965de14,2026-05-03,23:40,rebounds,8.5,360.0,-580.0,True,fanduel,2026-05-03T22:12:43.631427
James Harden,,,a463f640631f8b0580966b909965de14,2026-05-03,23:40,rebounds,2.5,-650.0,390.0,True,fanduel,2026-05-03T22:12:43.631428
James Harden,,,a463f640631f8b0580966b909965de14,2026-05-03,23:40,rebounds,3.5,-245.0,182.0,True,fanduel,2026-05-03T22:12:43.631430
James Harden,,,a463f640631f8b0580966b909965de14,2026-05-03,23:40,rebounds,4.5,-120.0,-110.0,True,fanduel,2026-05-03T22:12:43.631432
James Harden,,,a463f640631f8b0580966b909965de14,2026-05-03,23:40,rebounds,5.5,162.0,-215.0,True,fanduel,2026-05-03T22:12:43.631433
James Harden,,,a463f640631f8b0580966b909965de14,2026-05-03,23:40,rebounds,6.5,270.0,-400.0,True,fanduel,2026-05-03T22:12:43.631435
James Harden,,,a463f640631f8b0580966b909965de14,2026-05-03,23:40,rebounds,7.5,450.0,-750.0,True,fanduel,2026-05-03T22:12:43.631437
Scottie Barnes,,,a463f640631f8b0580966b909965de14,2026-05-03,23:40,rebounds,4.5,-700.0,410.0,True,fanduel,2026-05-03T22:12:43.631438
Scottie Barnes,,,a463f640631f8b0580966b909965de14,2026-05-03,23:40,rebounds,5.5,-310.0,220.0,True,fanduel,2026-05-03T22:12:43.631440
Scottie Barnes,,,a463f640631f8b0580966b909965de14,2026-05-03,23:40,rebounds,6.5,-154.0,116.0,True,fanduel,2026-05-03T22:12:43.631442
Scottie Barnes,,,a463f640631f8b0580966b909965de14,2026-05-03,23:40,rebounds,7.5,124.0,-160.0,True,fanduel,2026-05-03T22:12:43.631445
Scottie Barnes,,,a463f640631f8b0580966b909965de14,2026-05-03,23:40,rebounds,8.5,198.0,-275.0,True,fanduel,2026-05-03T22:12:43.631447
Scottie Barnes,,,a463f640631f8b0580966b909965de14,2026-05-03,23:40,rebounds,9.5,280.0,-400.0,True,fanduel,2026-05-03T22:12:43.631449
Scottie Barnes,,,a463f640631f8b0580966b909965de14,2026-05-03,23:40,rebounds,10.5,490.0,-900.0,True,fanduel,2026-05-03T22:12:43.631451
Evan Mobley,,,a463f640631f8b0580966b909965de14,2026-05-03,23:40,rebounds,15.5,1500.0,,True,fanduel,2026-05-03T22:12:43.631452
Collin Murray-Boyles,,,a463f640631f8b0580966b909965de14,2026-05-03,23:40,rebounds,15.5,2500.0,,True,fanduel,2026-05-03T22:12:43.631454
Jarrett Allen,,,a463f640631f8b0580966b909965de14,2026-05-03,23:40,rebounds,15.5,3000.0,,True,fanduel,2026-05-03T22:12:43.631456
Jarrett Allen,,,a463f640631f8b0580966b909965de14,2026-05-03,23:40,rebounds,3.5,-3000.0,,True,fanduel,2026-05-03T22:12:43.631457
Scottie Barnes,,,a463f640631f8b0580966b909965de14,2026-05-03,23:40,rebounds,3.5,-2500.0,,True,fanduel,2026-05-03T22:12:43.631459
Collin Murray-Boyles,,,a463f640631f8b0580966b909965de14,2026-05-03,23:40,rebounds,3.5,-850.0,470.0,True,fanduel,2026-05-03T22:12:43.631461
Jakob Poeltl,,,a463f640631f8b0580966b909965de14,2026-05-03,23:40,rebounds,3.5,-500.0,320.0,True,fanduel,2026-05-03T22:12:43.631462
Donovan Mitchell,,,a463f640631f8b0580966b909965de14,2026-05-03,23:40,rebounds,3.5,-230.0,168.0,True,fanduel,2026-05-03T22:12:43.631464
Dean Wade,,,a463f640631f8b0580966b909965de14,2026-05-03,23:40,rebounds,3.5,-154.0,,True,fanduel,2026-05-03T22:12:43.631466
Max Strus,,,a463f640631f8b0580966b909965de14,2026-05-03,23:40,rebounds,3.5,-136.0,102.0,True,fanduel,2026-05-03T22:12:43.631467
Ja'Kobe Walter,,,a463f640631f8b0580966b909965de14,2026-05-03,23:40,rebounds,3.5,-128.0,,True,fanduel,2026-05-03T22:12:43.631469
Sandro Mamukelashvili,,,a463f640631f8b0580966b909965de14,2026-05-03,23:40,rebounds,3.5,102.0,,True,fanduel,2026-05-03T22:12:43.631471
Jamal Shead,,,a463f640631f8b0580966b909965de14,2026-05-03,23:40,rebounds,3.5,330.0,,True,fanduel,2026-05-03T22:12:43.631473
Evan Mobley,,,a463f640631f8b0580966b909965de14,2026-05-03,23:40,rebounds,13.5,800.0,,True,fanduel,2026-05-03T22:12:43.631474
Jarrett Allen,,,a463f640631f8b0580966b909965de14,2026-05-03,23:40,rebounds,13.5,1200.0,,True,fanduel,2026-05-03T22:12:43.631476
Collin Murray-Boyles,,,a463f640631f8b0580966b909965de14,2026-05-03,23:40,rebounds,13.5,1400.0,,True,fanduel,2026-05-03T22:12:43.631478
Scottie Barnes,,,a463f640631f8b0580966b909965de14,2026-05-03,23:40,rebounds,13.5,2200.0,,True,fanduel,2026-05-03T22:12:43.631479
Jakob Poeltl,,,a463f640631f8b0580966b909965de14,2026-05-03,23:40,rebounds,13.5,3000.0,,True,fanduel,2026-05-03T22:12:43.631481
Jarrett Allen,,,a463f640631f8b0580966b909965de14,2026-05-03,23:40,rebounds,4.5,-1000.0,,True,fanduel,2026-05-03T22:12:43.631483
Jarrett Allen,,,a463f640631f8b0580966b909965de14,2026-05-03,23:40,rebounds,5.5,-400.0,280.0,True,fanduel,2026-05-03T22:12:43.631484
Jarrett Allen,,,a463f640631f8b0580966b909965de14,2026-05-03,23:40,rebounds,6.5,-220.0,162.0,True,fanduel,2026-05-03T22:12:43.631486
Jarrett Allen,,,a463f640631f8b0580966b909965de14,2026-05-03,23:40,rebounds,7.5,-120.0,-108.0,True,fanduel,2026-05-03T22:12:43.631488
Jarrett Allen,,,a463f640631f8b0580966b909965de14,2026-05-03,23:40,rebounds,8.5,142.0,-192.0,True,fanduel,2026-05-03T22:12:43.631489
Jarrett Allen,,,a463f640631f8b0580966b909965de14,2026-05-03,23:40,rebounds,9.5,200.0,-275.0,True,fanduel,2026-05-03T22:12:43.631491
Jarrett Allen,,,a463f640631f8b0580966b909965de14,2026-05-03,23:40,rebounds,10.5,310.0,-470.0,True,fanduel,2026-05-03T22:12:43.631493
Evan Mobley,,,a463f640631f8b0580966b909965de14,2026-05-03,23:40,rebounds,9.5,114.0,-152.0,True,fanduel,2026-05-03T22:12:43.631494
Collin Murray-Boyles,,,a463f640631f8b0580966b909965de14,2026-05-03,23:40,rebounds,9.5,300.0,-450.0,True,fanduel,2026-05-03T22:12:43.631496
R.J. Barrett,,,a463f640631f8b0580966b909965de14,2026-05-03,23:40,rebounds,9.5,520.0,,True,fanduel,2026-05-03T22:12:43.631498
Jakob Poeltl,,,a463f640631f8b0580966b909965de14,2026-05-03,23:40,rebounds,9.5,560.0,,True,fanduel,2026-05-03T22:12:43.631499
James Harden,,,a463f640631f8b0580966b909965de14,2026-05-03,23:40,rebounds,9.5,900.0,,True,fanduel,2026-05-03T22:12:43.631501
Ja'Kobe Walter,,,a463f640631f8b0580966b909965de14,2026-05-03,23:40,rebounds,9.5,1500.0,,True,fanduel,2026-05-03T22:12:43.631503
Sandro Mamukelashvili,,,a463f640631f8b0580966b909965de14,2026-05-03,23:40,rebounds,9.5,1500.0,,True,fanduel,2026-05-03T22:12:43.631504
Donovan Mitchell,,,a463f640631f8b0580966b909965de14,2026-05-03,23:40,rebounds,9.5,1800.0,,True,fanduel,2026-05-03T22:12:43.631506
Dean Wade,,,a463f640631f8b0580966b909965de14,2026-05-03,23:40,rebounds,9.5,2000.0,,True,fanduel,2026-05-03T22:12:43.631508
Collin Murray-Boyles,,,a463f640631f8b0580966b909965de14,2026-05-03,23:40,rebounds,4.5,-360.0,250.0,True,fanduel,2026-05-03T22:12:43.631510
Collin Murray-Boyles,,,a463f640631f8b0580966b909965de14,2026-05-03,23:40,rebounds,5.5,-194.0,148.0,True,fanduel,2026-05-03T22:12:43.631511
Collin Murray-Boyles,,,a463f640631f8b0580966b909965de14,2026-05-03,23:40,rebounds,6.5,-114.0,-114.0,True,fanduel,2026-05-03T22:12:43.631513
Collin Murray-Boyles,,,a463f640631f8b0580966b909965de14,2026-05-03,23:40,rebounds,7.5,146.0,-198.0,True,fanduel,2026-05-03T22:12:43.631515
Collin Murray-Boyles,,,a463f640631f8b0580966b909965de14,2026-05-03,23:40,rebounds,8.5,225.0,-320.0,True,fanduel,2026-05-03T22:12:43.631516
Evan Mobley,,,a463f640631f8b0580966b909965de14,2026-05-03,23:40,rebounds,5.5,-900.0,,True,fanduel,2026-05-03T22:12:43.631518
Evan Mobley,,,a463f640631f8b0580966b909965de14,2026-05-03,23:40,rebounds,6.5,-440.0,290.0,True,fanduel,2026-05-03T22:12:43.631520
Evan Mobley,,,a463f640631f8b0580966b909965de14,2026-05-03,23:40,rebounds,7.5,-225.0,168.0,True,fanduel,2026-05-03T22:12:43.631521
Evan Mobley,,,a463f640631f8b0580966b909965de14,2026-05-03,23:40,rebounds,8.5,-128.0,-104.0,True,fanduel,2026-05-03T22:12:43.631523
Evan Mobley,,,a463f640631f8b0580966b909965de14,2026-05-03,23:40,rebounds,10.5,188.0,-260.0,True,fanduel,2026-05-03T22:12:43.631525
Evan Mobley,,,a463f640631f8b0580966b909965de14,2026-05-03,23:40,rebounds,11.5,300.0,-450.0,True,fanduel,2026-05-03T22:12:43.631526
Evan Mobley,,,a463f640631f8b0580966b909965de14,2026-05-03,23:40,rebounds,12.5,470.0,-850.0,True,fanduel,2026-05-03T22:12:43.631528
Max Strus,,,a463f640631f8b0580966b909965de14,2026-05-03,23:40,rebounds,1.5,-1400.0,,True,fanduel,2026-05-03T22:12:43.631532
Max Strus,,,a463f640631f8b0580966b909965de14,2026-05-03,23:40,rebounds,2.5,-340.0,235.0,True,fanduel,2026-05-03T22:12:43.631533
Max Strus,,,a463f640631f8b0580966b909965de14,2026-05-03,23:40,rebounds,4.5,164.0,-225.0,True,fanduel,2026-05-03T22:12:43.631535
Max Strus,,,a463f640631f8b0580966b909965de14,2026-05-03,23:40,rebounds,5.5,330.0,-490.0,True,fanduel,2026-05-03T22:12:43.631537
Max Strus,,,a463f640631f8b0580966b909965de14,2026-05-03,23:40,rebounds,6.5,,-1200.0,True,fanduel,2026-05-03T22:12:43.631538
Donovan Mitchell,,,a463f640631f8b0580966b909965de14,2026-05-03,23:40,rebounds,2.5,-670.0,400.0,True,fanduel,2026-05-03T22:12:43.631540
Donovan Mitchell,,,a463f640631f8b0580966b909965de14,2026-05-03,23:40,rebounds,4.5,102.0,-136.0,True,fanduel,2026-05-03T22:12:43.631542
Donovan Mitchell,,,a463f640631f8b0580966b909965de14,2026-05-03,23:40,rebounds,5.5,215.0,-290.0,True,fanduel,2026-05-03T22:12:43.631545
Donovan Mitchell,,,a463f640631f8b0580966b909965de14,2026-05-03,23:40,rebounds,6.5,400.0,-670.0,True,fanduel,2026-05-03T22:12:43.631547
Jakob Poeltl,,,a463f640631f8b0580966b909965de14,2026-05-03,23:40,rebounds,4.5,-260.0,188.0,True,fanduel,2026-05-03T22:12:43.631549
Jakob Poeltl,,,a463f640631f8b0580966b909965de14,2026-05-03,23:40,rebounds,5.5,-136.0,104.0,True,fanduel,2026-05-03T22:12:43.631550
Jakob Poeltl,,,a463f640631f8b0580966b909965de14,2026-05-03,23:40,rebounds,6.5,136.0,-182.0,True,fanduel,2026-05-03T22:12:43.631552
Jakob Poeltl,,,a463f640631f8b0580966b909965de14,2026-05-03,23:40,rebounds,7.5,235.0,-320.0,True,fanduel,2026-05-03T22:12:43.631554
Jakob Poeltl,,,a463f640631f8b0580966b909965de14,2026-05-03,23:40,rebounds,8.5,370.0,-600.0,True,fanduel,2026-05-03T22:12:43.631556
Ja'Kobe Walter,,,a463f640631f8b0580966b909965de14,2026-05-03,23:40,rebounds,5.5,285.0,,True,fanduel,2026-05-03T22:12:43.631557
Dean Wade,,,a463f640631f8b0580966b909965de14,2026-05-03,23:40,rebounds,5.5,280.0,,True,fanduel,2026-05-03T22:12:43.631559
Sandro Mamukelashvili,,,a463f640631f8b0580966b909965de14,2026-05-03,23:40,rebounds,5.5,330.0,,True,fanduel,2026-05-03T22:12:43.631574
Jarrett Allen,,,a463f640631f8b0580966b909965de14,2026-05-03,23:40,rebounds,11.5,520.0,,True,fanduel,2026-05-03T22:12:43.631576
Collin Murray-Boyles,,,a463f640631f8b0580966b909965de14,2026-05-03,23:40,rebounds,11.5,700.0,,True,fanduel,2026-05-03T22:12:43.631577
Scottie Barnes,,,a463f640631f8b0580966b909965de14,2026-05-03,23:40,rebounds,11.5,900.0,,True,fanduel,2026-05-03T22:12:43.631579
Jakob Poeltl,,,a463f640631f8b0580966b909965de14,2026-05-03,23:40,rebounds,11.5,1300.0,,True,fanduel,2026-05-03T22:12:43.631581
R.J. Barrett,,,a463f640631f8b0580966b909965de14,2026-05-03,23:40,rebounds,11.5,1400.0,,True,fanduel,2026-05-03T22:12:43.631582
James Harden,,,a463f640631f8b0580966b909965de14,2026-05-03,23:40,rebounds,11.5,1700.0,,True,fanduel,2026-05-03T22:12:43.631584
Ja'Kobe Walter,,,a463f640631f8b0580966b909965de14,2026-05-03,23:40,rebounds,7.5,800.0,,True,fanduel,2026-05-03T22:12:43.631586
Donovan Mitchell,,,a463f640631f8b0580966b909965de14,2026-05-03,23:40,rebounds,7.5,830.0,,True,fanduel,2026-05-03T22:12:43.631587
Sandro Mamukelashvili,,,a463f640631f8b0580966b909965de14,2026-05-03,23:40,rebounds,7.5,870.0,,True,fanduel,2026-05-03T22:12:43.631589
Dean Wade,,,a463f640631f8b0580966b909965de14,2026-05-03,23:40,rebounds,7.5,900.0,,True,fanduel,2026-05-03T22:12:43.631591
Max Strus,,,a463f640631f8b0580966b909965de14,2026-05-03,23:40,rebounds,7.5,1100.0,,True,fanduel,2026-05-03T22:12:43.631592
James Harden,,,a463f640631f8b0580966b909965de14,2026-05-03,23:40,threes,2.5,-128.0,100.0,False,fanduel,2026-05-03T22:12:43.631607
Scottie Barnes,,,a463f640631f8b0580966b909965de14,2026-05-03,23:40,threes,1.5,200.0,-265.0,False,fanduel,2026-05-03T22:12:43.631609
R.J. Barrett,,,a463f640631f8b0580966b909965de14,2026-05-03,23:40,threes,1.5,-162.0,126.0,False,fanduel,2026-05-03T22:12:43.631610
Jamal Shead,,,a463f640631f8b0580966b909965de14,2026-05-03,23:40,threes,1.5,102.0,-130.0,False,fanduel,2026-05-03T22:12:43.631612
Max Strus,,,a463f640631f8b0580966b909965de14,2026-05-03,23:40,threes,1.5,-205.0,154.0,False,fanduel,2026-05-03T22:12:43.631614
Ja'Kobe Walter,,,a463f640631f8b0580966b909965de14,2026-05-03,23:40,threes,2.5,-102.0,-125.0,False,fanduel,2026-05-03T22:12:43.631615
Dean Wade,,,a463f640631f8b0580966b909965de14,2026-05-03,23:40,threes,0.5,-186.0,144.0,False,fanduel,2026-05-03T22:12:43.631617
Donovan Mitchell,,,a463f640631f8b0580966b909965de14,2026-05-03,23:40,threes,2.5,-136.0,106.0,False,fanduel,2026-05-03T22:12:43.631619
James Harden,,,a463f640631f8b0580966b909965de14,2026-05-03,23:40,threes,4.5,430.0,-750.0,True,fanduel,2026-05-03T22:12:43.631663
Donovan Mitchell,,,a463f640631f8b0580966b909965de14,2026-05-03,23:40,threes,4.5,410.0,-700.0,True,fanduel,2026-05-03T22:12:43.631665
Ja'Kobe Walter,,,a463f640631f8b0580966b909965de14,2026-05-03,23:40,threes,4.5,500.0,,True,fanduel,2026-05-03T22:12:43.631667
Max Strus,,,a463f640631f8b0580966b909965de14,2026-05-03,23:40,threes,4.5,850.0,,True,fanduel,2026-05-03T22:12:43.631669
R.J. Barrett,,,a463f640631f8b0580966b909965de14,2026-05-03,23:40,threes,4.5,1200.0,,True,fanduel,2026-05-03T22:12:43.631670
Jamal Shead,,,a463f640631f8b0580966b909965de14,2026-05-03,23:40,threes,4.5,1700.0,,True,fanduel,2026-05-03T22:12:43.631672
Sam Merrill,,,a463f640631f8b0580966b909965de14,2026-05-03,23:40,threes,4.5,2200.0,,True,fanduel,2026-05-03T22:12:43.631674
James Harden,,,a463f640631f8b0580966b909965de14,2026-05-03,23:40,threes,3.5,198.0,-275.0,True,fanduel,2026-05-03T22:12:43.631675
Donovan Mitchell,,,a463f640631f8b0580966b909965de14,2026-05-03,23:40,threes,3.5,194.0,-270.0,True,fanduel,2026-05-03T22:12:43.631677
Ja'Kobe Walter,,,a463f640631f8b0580966b909965de14,2026-05-03,23:40,threes,3.5,235.0,,True,fanduel,2026-05-03T22:12:43.631679
Max Strus,,,a463f640631f8b0580966b909965de14,2026-05-03,23:40,threes,3.5,360.0,-580.0,True,fanduel,2026-05-03T22:12:43.631681
R.J. Barrett,,,a463f640631f8b0580966b909965de14,2026-05-03,23:40,threes,3.5,470.0,-850.0,True,fanduel,2026-05-03T22:12:43.631682
Jamal Shead,,,a463f640631f8b0580966b909965de14,2026-05-03,23:40,threes,3.5,750.0,,True,fanduel,2026-05-03T22:12:43.631684
Sam Merrill,,,a463f640631f8b0580966b909965de14,2026-05-03,23:40,threes,3.5,900.0,,True,fanduel,2026-05-03T22:12:43.631686
Scottie Barnes,,,a463f640631f8b0580966b909965de14,2026-05-03,23:40,threes,3.5,1500.0,,True,fanduel,2026-05-03T22:12:43.631687
Sandro Mamukelashvili,,,a463f640631f8b0580966b909965de14,2026-05-03,23:40,threes,3.5,1700.0,,True,fanduel,2026-05-03T22:12:43.631693
Dean Wade,,,a463f640631f8b0580966b909965de14,2026-05-03,23:40,threes,3.5,2000.0,,True,fanduel,2026-05-03T22:12:43.631695
James Harden,,,a463f640631f8b0580966b909965de14,2026-05-03,23:40,threes,1.5,-430.0,290.0,True,fanduel,2026-05-03T22:12:43.631696
James Harden,,,a463f640631f8b0580966b909965de14,2026-05-03,23:40,threes,2.5,-128.0,-102.0,True,fanduel,2026-05-03T22:12:43.631698
R.J. Barrett,,,a463f640631f8b0580966b909965de14,2026-05-03,23:40,threes,0.5,-800.0,470.0,True,fanduel,2026-05-03T22:12:43.631700
R.J. Barrett,,,a463f640631f8b0580966b909965de14,2026-05-03,23:40,threes,1.5,-162.0,124.0,True,fanduel,2026-05-03T22:12:43.631702
R.J. Barrett,,,a463f640631f8b0580966b909965de14,2026-05-03,23:40,threes,2.5,196.0,-260.0,True,fanduel,2026-05-03T22:12:43.631703
Donovan Mitchell,,,a463f640631f8b0580966b909965de14,2026-05-03,23:40,threes,1.5,-440.0,310.0,True,fanduel,2026-05-03T22:12:43.631707
Donovan Mitchell,,,a463f640631f8b0580966b909965de14,2026-05-03,23:40,threes,2.5,-136.0,104.0,True,fanduel,2026-05-03T22:12:43.631709
Ja'Kobe Walter,,,a463f640631f8b0580966b909965de14,2026-05-03,23:40,threes,1.5,-295.0,,True,fanduel,2026-05-03T22:12:43.631710
Max Strus,,,a463f640631f8b0580966b909965de14,2026-05-03,23:40,threes,1.5,-210.0,154.0,True,fanduel,2026-05-03T22:12:43.631712
Jamal Shead,,,a463f640631f8b0580966b909965de14,2026-05-03,23:40,threes,1.5,102.0,,True,fanduel,2026-05-03T22:12:43.631714
Sam Merrill,,,a463f640631f8b0580966b909965de14,2026-05-03,23:40,threes,1.5,114.0,,True,fanduel,2026-05-03T22:12:43.631715
Scottie Barnes,,,a463f640631f8b0580966b909965de14,2026-05-03,23:40,threes,1.5,194.0,-270.0,True,fanduel,2026-05-03T22:12:43.631717
Sandro Mamukelashvili,,,a463f640631f8b0580966b909965de14,2026-05-03,23:40,threes,1.5,250.0,,True,fanduel,2026-05-03T22:12:43.631719
Dean Wade,,,a463f640631f8b0580966b909965de14,2026-05-03,23:40,threes,1.5,255.0,,True,fanduel,2026-05-03T22:12:43.631720
Evan Mobley,,,a463f640631f8b0580966b909965de14,2026-05-03,23:40,threes,1.5,265.0,,True,fanduel,2026-05-03T22:12:43.631722
Scottie Barnes,,,a463f640631f8b0580966b909965de14,2026-05-03,23:40,threes,0.5,-245.0,182.0,True,fanduel,2026-05-03T22:12:43.631724
Scottie Barnes,,,a463f640631f8b0580966b909965de14,2026-05-03,23:40,threes,2.5,600.0,-1200.0,True,fanduel,2026-05-03T22:12:43.631726
Ja'Kobe Walter,,,a463f640631f8b0580966b909965de14,2026-05-03,23:40,threes,2.5,-102.0,,True,fanduel,2026-05-03T22:12:43.631727
Max Strus,,,a463f640631f8b0580966b909965de14,2026-05-03,23:40,threes,2.5,152.0,-200.0,True,fanduel,2026-05-03T22:12:43.631729
Jamal Shead,,,a463f640631f8b0580966b909965de14,2026-05-03,23:40,threes,2.5,285.0,,True,fanduel,2026-05-03T22:12:43.631731
Sam Merrill,,,a463f640631f8b0580966b909965de14,2026-05-03,23:40,threes,2.5,340.0,,True,fanduel,2026-05-03T22:12:43.631732
Sandro Mamukelashvili,,,a463f640631f8b0580966b909965de14,2026-05-03,23:40,threes,2.5,800.0,,True,fanduel,2026-05-03T22:12:43.631734
Dean Wade,,,a463f640631f8b0580966b909965de14,2026-05-03,23:40,threes,2.5,870.0,,True,fanduel,2026-05-03T22:12:43.631736
Evan Mobley,,,a463f640631f8b0580966b909965de14,2026-05-03,23:40,threes,2.5,900.0,,True,fanduel,2026-05-03T22:12:43.631737
Ja'Kobe Walter,,,a463f640631f8b0580966b909965de14,2026-05-03,23:40,threes,7.5,3500.0,,True,fanduel,2026-05-03T22:12:43.631739
Donovan Mitchell,,,a463f640631f8b0580966b909965de14,2026-05-03,23:40,threes,7.5,4000.0,,True,fanduel,2026-05-03T22:12:43.631741
James Harden,,,a463f640631f8b0580966b909965de14,2026-05-03,23:40,threes,7.5,4000.0,,True,fanduel,2026-05-03T22:12:43.631742
Ja'Kobe Walter,,,a463f640631f8b0580966b909965de14,2026-05-03,23:40,threes,6.5,1500.0,,True,fanduel,2026-05-03T22:12:43.631744
Donovan Mitchell,,,a463f640631f8b0580966b909965de14,2026-05-03,23:40,threes,6.5,1700.0,,True,fanduel,2026-05-03T22:12:43.631746
James Harden,,,a463f640631f8b0580966b909965de14,2026-05-03,23:40,threes,6.5,1800.0,,True,fanduel,2026-05-03T22:12:43.631747
Donovan Mitchell,,,a463f640631f8b0580966b909965de14,2026-05-03,23:40,threes,0.5,-4000.0,,True,fanduel,2026-05-03T22:12:43.631751
James Harden,,,a463f640631f8b0580966b909965de14,2026-05-03,23:40,threes,0.5,-4000.0,,True,fanduel,2026-05-03T22:12:43.631753
Ja'Kobe Walter,,,a463f640631f8b0580966b909965de14,2026-05-03,23:40,threes,0.5,-1600.0,,True,fanduel,2026-05-03T22:12:43.631754
Max Strus,,,a463f640631f8b0580966b909965de14,2026-05-03,23:40,threes,0.5,-1200.0,,True,fanduel,2026-05-03T22:12:43.631756
Jamal Shead,,,a463f640631f8b0580966b909965de14,2026-05-03,23:40,threes,0.5,-430.0,,True,fanduel,2026-05-03T22:12:43.631758
Sam Merrill,,,a463f640631f8b0580966b909965de14,2026-05-03,23:40,threes,0.5,-390.0,,True,fanduel,2026-05-03T22:12:43.631759
Evan Mobley,,,a463f640631f8b0580966b909965de14,2026-05-03,23:40,threes,0.5,-186.0,,True,fanduel,2026-05-03T22:12:43.631761
Sandro Mamukelashvili,,,a463f640631f8b0580966b909965de14,2026-05-03,23:40,threes,0.5,-186.0,,True,fanduel,2026-05-03T22:12:43.631763
Dean Wade,,,a463f640631f8b0580966b909965de14,2026-05-03,23:40,threes,0.5,-186.0,,True,fanduel,2026-05-03T22:12:43.631764
R.J. Barrett,,,a463f640631f8b0580966b909965de14,2026-05-03,23:40,threes,5.5,2200.0,,True,fanduel,2026-05-03T22:12:43.631766
Ja'Kobe Walter,,,a463f640631f8b0580966b909965de14,2026-05-03,23:40,threes,5.5,900.0,,True,fanduel,2026-05-03T22:12:43.631768
Donovan Mitchell,,,a463f640631f8b0580966b909965de14,2026-05-03,23:40,threes,5.5,1000.0,,True,fanduel,2026-05-03T22:12:43.631769
James Harden,,,a463f640631f8b0580966b909965de14,2026-05-03,23:40,threes,5.5,800.0,,True,fanduel,2026-05-03T22:12:43.631771
Max Strus,,,a463f640631f8b0580966b909965de14,2026-05-03,23:40,threes,5.5,1700.0,,True,fanduel,2026-05-03T22:12:43.631773
Kelly Oubre Jr,,,b11391b35b7a0cf79deeef3bb3eb9009,2026-05-05,00:10,assists,1.5,138.0,-186.0,False,fanduel,2026-05-03T22:12:43.755893
Mikal Bridges,,,b11391b35b7a0cf79deeef3bb3eb9009,2026-05-05,00:10,assists,2.5,122.0,-162.0,False,fanduel,2026-05-03T22:12:43.755897
Tyrese Maxey,,,b11391b35b7a0cf79deeef3bb3eb9009,2026-05-05,00:10,assists,6.5,-102.0,-130.0,False,fanduel,2026-05-03T22:12:43.755899
OG Anunoby,,,b11391b35b7a0cf79deeef3bb3eb9009,2026-05-05,00:10,assists,1.5,-106.0,-125.0,False,fanduel,2026-05-03T22:12:43.755901
Josh Hart,,,b11391b35b7a0cf79deeef3bb3eb9009,2026-05-05,00:10,assists,4.5,-114.0,-114.0,False,fanduel,2026-05-03T22:12:43.755902
Joel Embiid,,,b11391b35b7a0cf79deeef3bb3eb9009,2026-05-05,00:10,assists,4.5,-158.0,118.0,False,fanduel,2026-05-03T22:12:43.755904
Karl-Anthony Towns,,,b11391b35b7a0cf79deeef3bb3eb9009,2026-05-05,00:10,assists,4.5,134.0,-180.0,False,fanduel,2026-05-03T22:12:43.755906
Paul George,,,b11391b35b7a0cf79deeef3bb3eb9009,2026-05-05,00:10,assists,3.5,104.0,-138.0,False,fanduel,2026-05-03T22:12:43.755907
Jalen Brunson,,,b11391b35b7a0cf79deeef3bb3eb9009,2026-05-05,00:10,assists,6.5,-108.0,-122.0,False,fanduel,2026-05-03T22:12:43.755909
VJ Edgecombe,,,b11391b35b7a0cf79deeef3bb3eb9009,2026-05-05,00:10,assists,3.5,116.0,-154.0,False,fanduel,2026-05-03T22:12:43.755912
Jalen Brunson,,,b11391b35b7a0cf79deeef3bb3eb9009,2026-05-05,00:10,assists,5.5,-215.0,,True,fanduel,2026-05-03T22:12:43.755933
Tyrese Maxey,,,b11391b35b7a0cf79deeef3bb3eb9009,2026-05-05,00:10,assists,5.5,-200.0,,True,fanduel,2026-05-03T22:12:43.755935
Joel Embiid,,,b11391b35b7a0cf79deeef3bb3eb9009,2026-05-05,00:10,assists,5.5,134.0,,True,fanduel,2026-05-03T22:12:43.755936
Josh Hart,,,b11391b35b7a0cf79deeef3bb3eb9009,2026-05-05,00:10,assists,5.5,180.0,,True,fanduel,2026-05-03T22:12:43.755938
Karl-Anthony Towns,,,b11391b35b7a0cf79deeef3bb3eb9009,2026-05-05,00:10,assists,5.5,280.0,,True,fanduel,2026-05-03T22:12:43.755940
Paul George,,,b11391b35b7a0cf79deeef3bb3eb9009,2026-05-05,00:10,assists,5.5,520.0,,True,fanduel,2026-05-03T22:12:43.755942
VJ Edgecombe,,,b11391b35b7a0cf79deeef3bb3eb9009,2026-05-05,00:10,assists,5.5,560.0,,True,fanduel,2026-05-03T22:12:43.755943
Mikal Bridges,,,b11391b35b7a0cf79deeef3bb3eb9009,2026-05-05,00:10,assists,5.5,1500.0,,True,fanduel,2026-05-03T22:12:43.755945
Tyrese Maxey,,,b11391b35b7a0cf79deeef3bb3eb9009,2026-05-05,00:10,assists,9.5,500.0,,True,fanduel,2026-05-03T22:12:43.755947
Jalen Brunson,,,b11391b35b7a0cf79deeef3bb3eb9009,2026-05-05,00:10,assists,9.5,520.0,,True,fanduel,2026-05-03T22:12:43.755948
Joel Embiid,,,b11391b35b7a0cf79deeef3bb3eb9009,2026-05-05,00:10,assists,9.5,1100.0,,True,fanduel,2026-05-03T22:12:43.755950
Josh Hart,,,b11391b35b7a0cf79deeef3bb3eb9009,2026-05-05,00:10,assists,9.5,1500.0,,True,fanduel,2026-05-03T22:12:43.755952
Karl-Anthony Towns,,,b11391b35b7a0cf79deeef3bb3eb9009,2026-05-05,00:10,assists,9.5,2500.0,,True,fanduel,2026-05-03T22:12:43.755953
Jalen Brunson,,,b11391b35b7a0cf79deeef3bb3eb9009,2026-05-05,00:10,assists,7.5,180.0,,True,fanduel,2026-05-03T22:12:43.755955
Tyrese Maxey,,,b11391b35b7a0cf79deeef3bb3eb9009,2026-05-05,00:10,assists,7.5,186.0,,True,fanduel,2026-05-03T22:12:43.755957
Joel Embiid,,,b11391b35b7a0cf79deeef3bb3eb9009,2026-05-05,00:10,assists,7.5,460.0,,True,fanduel,2026-05-03T22:12:43.755959
Josh Hart,,,b11391b35b7a0cf79deeef3bb3eb9009,2026-05-05,00:10,assists,7.5,630.0,,True,fanduel,2026-05-03T22:12:43.755960
Karl-Anthony Towns,,,b11391b35b7a0cf79deeef3bb3eb9009,2026-05-05,00:10,assists,7.5,1060.0,,True,fanduel,2026-05-03T22:12:43.755962
Paul George,,,b11391b35b7a0cf79deeef3bb3eb9009,2026-05-05,00:10,assists,7.5,2000.0,,True,fanduel,2026-05-03T22:12:43.755964
VJ Edgecombe,,,b11391b35b7a0cf79deeef3bb3eb9009,2026-05-05,00:10,assists,7.5,2000.0,,True,fanduel,2026-05-03T22:12:43.755965
Jalen Brunson,,,b11391b35b7a0cf79deeef3bb3eb9009,2026-05-05,00:10,assists,3.5,-1450.0,,True,fanduel,2026-05-03T22:12:43.755967
Tyrese Maxey,,,b11391b35b7a0cf79deeef3bb3eb9009,2026-05-05,00:10,assists,3.5,-1400.0,,True,fanduel,2026-05-03T22:12:43.755969
Joel Embiid,,,b11391b35b7a0cf79deeef3bb3eb9009,2026-05-05,00:10,assists,3.5,-340.0,,True,fanduel,2026-05-03T22:12:43.755971
Josh Hart,,,b11391b35b7a0cf79deeef3bb3eb9009,2026-05-05,00:10,assists,3.5,-265.0,,True,fanduel,2026-05-03T22:12:43.755974
Karl-Anthony Towns,,,b11391b35b7a0cf79deeef3bb3eb9009,2026-05-05,00:10,assists,3.5,-170.0,,True,fanduel,2026-05-03T22:12:43.755976
Paul George,,,b11391b35b7a0cf79deeef3bb3eb9009,2026-05-05,00:10,assists,3.5,108.0,,True,fanduel,2026-05-03T22:12:43.755977
VJ Edgecombe,,,b11391b35b7a0cf79deeef3bb3eb9009,2026-05-05,00:10,assists,3.5,118.0,,True,fanduel,2026-05-03T22:12:43.755979
Mikal Bridges,,,b11391b35b7a0cf79deeef3bb3eb9009,2026-05-05,00:10,assists,3.5,320.0,,True,fanduel,2026-05-03T22:12:43.755981
OG Anunoby,,,b11391b35b7a0cf79deeef3bb3eb9009,2026-05-05,00:10,assists,3.5,830.0,,True,fanduel,2026-05-03T22:12:43.755983
Jalen Brunson,,,b11391b35b7a0cf79deeef3bb3eb9009,2026-05-05,00:10,assists,11.5,1400.0,,True,fanduel,2026-05-03T22:12:43.755984
Tyrese Maxey,,,b11391b35b7a0cf79deeef3bb3eb9009,2026-05-05,00:10,assists,11.5,1400.0,,True,fanduel,2026-05-03T22:12:43.755986
Josh Hart,,,b11391b35b7a0cf79deeef3bb3eb9009,2026-05-05,00:10,assists,1.5,-4000.0,,True,fanduel,2026-05-03T22:12:43.755988
Karl-Anthony Towns,,,b11391b35b7a0cf79deeef3bb3eb9009,2026-05-05,00:10,assists,1.5,-2000.0,,True,fanduel,2026-05-03T22:12:43.755989
Paul George,,,b11391b35b7a0cf79deeef3bb3eb9009,2026-05-05,00:10,assists,1.5,-800.0,,True,fanduel,2026-05-03T22:12:43.755991
VJ Edgecombe,,,b11391b35b7a0cf79deeef3bb3eb9009,2026-05-05,00:10,assists,1.5,-720.0,,True,fanduel,2026-05-03T22:12:43.755993
Mikal Bridges,,,b11391b35b7a0cf79deeef3bb3eb9009,2026-05-05,00:10,assists,1.5,-265.0,,True,fanduel,2026-05-03T22:12:43.755994
OG Anunoby,,,b11391b35b7a0cf79deeef3bb3eb9009,2026-05-05,00:10,assists,1.5,-104.0,,True,fanduel,2026-05-03T22:12:43.755996
Kelly Oubre Jr,,,b11391b35b7a0cf79deeef3bb3eb9009,2026-05-05,00:10,assists,1.5,140.0,,True,fanduel,2026-05-03T22:12:43.755998
Tyrese Maxey,,,b11391b35b7a0cf79deeef3bb3eb9009,2026-05-05,00:10,points,25.5,-118.0,-112.0,False,fanduel,2026-05-03T22:12:43.756013
OG Anunoby,,,b11391b35b7a0cf79deeef3bb3eb9009,2026-05-05,00:10,points,17.5,-108.0,-122.0,False,fanduel,2026-05-03T22:12:43.756015
Mitchell Robinson,,,b11391b35b7a0cf79deeef3bb3eb9009,2026-05-05,00:10,points,4.5,-112.0,-118.0,False,fanduel,2026-05-03T22:12:43.756017
Josh Hart,,,b11391b35b7a0cf79deeef3bb3eb9009,2026-05-05,00:10,points,11.5,-104.0,-128.0,False,fanduel,2026-05-03T22:12:43.756018
Jalen Brunson,,,b11391b35b7a0cf79deeef3bb3eb9009,2026-05-05,00:10,points,27.5,-114.0,-114.0,False,fanduel,2026-05-03T22:12:43.756020
Quentin Grimes,,,b11391b35b7a0cf79deeef3bb3eb9009,2026-05-05,00:10,points,6.5,102.0,-136.0,False,fanduel,2026-05-03T22:12:43.756022
Karl-Anthony Towns,,,b11391b35b7a0cf79deeef3bb3eb9009,2026-05-05,00:10,points,19.5,-106.0,-125.0,False,fanduel,2026-05-03T22:12:43.756024
Joel Embiid,,,b11391b35b7a0cf79deeef3bb3eb9009,2026-05-05,00:10,points,27.5,-102.0,-130.0,False,fanduel,2026-05-03T22:12:43.756025
Miles McBride,,,b11391b35b7a0cf79deeef3bb3eb9009,2026-05-05,00:10,points,7.5,-104.0,-128.0,False,fanduel,2026-05-03T22:12:43.756027
Paul George,,,b11391b35b7a0cf79deeef3bb3eb9009,2026-05-05,00:10,points,14.5,-128.0,-104.0,False,fanduel,2026-05-03T22:12:43.756029
Mikal Bridges,,,b11391b35b7a0cf79deeef3bb3eb9009,2026-05-05,00:10,points,10.5,-102.0,-130.0,False,fanduel,2026-05-03T22:12:43.756030
Kelly Oubre Jr,,,b11391b35b7a0cf79deeef3bb3eb9009,2026-05-05,00:10,points,9.5,-108.0,-122.0,False,fanduel,2026-05-03T22:12:43.756032
VJ Edgecombe,,,b11391b35b7a0cf79deeef3bb3eb9009,2026-05-05,00:10,points,12.5,104.0,-138.0,False,fanduel,2026-05-03T22:12:43.756034
Jalen Brunson,,,b11391b35b7a0cf79deeef3bb3eb9009,2026-05-05,00:10,points,14.5,-7000.0,,True,fanduel,2026-05-03T22:12:43.756065
Joel Embiid,,,b11391b35b7a0cf79deeef3bb3eb9009,2026-05-05,00:10,points,14.5,-4500.0,,True,fanduel,2026-05-03T22:12:43.756067
Tyrese Maxey,,,b11391b35b7a0cf79deeef3bb3eb9009,2026-05-05,00:10,points,14.5,-2500.0,,True,fanduel,2026-05-03T22:12:43.756068
Karl-Anthony Towns,,,b11391b35b7a0cf79deeef3bb3eb9009,2026-05-05,00:10,points,14.5,-410.0,,True,fanduel,2026-05-03T22:12:43.756070
OG Anunoby,,,b11391b35b7a0cf79deeef3bb3eb9009,2026-05-05,00:10,points,14.5,-235.0,,True,fanduel,2026-05-03T22:12:43.756074
Paul George,,,b11391b35b7a0cf79deeef3bb3eb9009,2026-05-05,00:10,points,14.5,-125.0,,True,fanduel,2026-05-03T22:12:43.756075
VJ Edgecombe,,,b11391b35b7a0cf79deeef3bb3eb9009,2026-05-05,00:10,points,14.5,164.0,,True,fanduel,2026-05-03T22:12:43.756077
Josh Hart,,,b11391b35b7a0cf79deeef3bb3eb9009,2026-05-05,00:10,points,14.5,230.0,,True,fanduel,2026-05-03T22:12:43.756079
Mikal Bridges,,,b11391b35b7a0cf79deeef3bb3eb9009,2026-05-05,00:10,points,14.5,300.0,,True,fanduel,2026-05-03T22:12:43.756080
Kelly Oubre Jr,,,b11391b35b7a0cf79deeef3bb3eb9009,2026-05-05,00:10,points,14.5,360.0,,True,fanduel,2026-05-03T22:12:43.756082
Miles McBride,,,b11391b35b7a0cf79deeef3bb3eb9009,2026-05-05,00:10,points,14.5,630.0,,True,fanduel,2026-05-03T22:12:43.756084
Quentin Grimes,,,b11391b35b7a0cf79deeef3bb3eb9009,2026-05-05,00:10,points,14.5,900.0,,True,fanduel,2026-05-03T22:12:43.756086
Joel Embiid,,,b11391b35b7a0cf79deeef3bb3eb9009,2026-05-05,00:10,points,39.5,870.0,,True,fanduel,2026-05-03T22:12:43.756087
Jalen Brunson,,,b11391b35b7a0cf79deeef3bb3eb9009,2026-05-05,00:10,points,39.5,1000.0,,True,fanduel,2026-05-03T22:12:43.756089
Tyrese Maxey,,,b11391b35b7a0cf79deeef3bb3eb9009,2026-05-05,00:10,points,39.5,1100.0,,True,fanduel,2026-05-03T22:12:43.756091
Jalen Brunson,,,b11391b35b7a0cf79deeef3bb3eb9009,2026-05-05,00:10,points,29.5,136.0,,True,fanduel,2026-05-03T22:12:43.756092
Joel Embiid,,,b11391b35b7a0cf79deeef3bb3eb9009,2026-05-05,00:10,points,29.5,144.0,,True,fanduel,2026-05-03T22:12:43.756094
Tyrese Maxey,,,b11391b35b7a0cf79deeef3bb3eb9009,2026-05-05,00:10,points,29.5,200.0,,True,fanduel,2026-05-03T22:12:43.756096
Karl-Anthony Towns,,,b11391b35b7a0cf79deeef3bb3eb9009,2026-05-05,00:10,points,29.5,900.0,,True,fanduel,2026-05-03T22:12:43.756098
OG Anunoby,,,b11391b35b7a0cf79deeef3bb3eb9009,2026-05-05,00:10,points,29.5,1400.0,,True,fanduel,2026-05-03T22:12:43.756099
Paul George,,,b11391b35b7a0cf79deeef3bb3eb9009,2026-05-05,00:10,points,29.5,2000.0,,True,fanduel,2026-05-03T22:12:43.756101
Jalen Brunson,,,b11391b35b7a0cf79deeef3bb3eb9009,2026-05-05,00:10,points,19.5,-900.0,,True,fanduel,2026-05-03T22:12:43.756103
Joel Embiid,,,b11391b35b7a0cf79deeef3bb3eb9009,2026-05-05,00:10,points,19.5,-620.0,,True,fanduel,2026-05-03T22:12:43.756105
Tyrese Maxey,,,b11391b35b7a0cf79deeef3bb3eb9009,2026-05-05,00:10,points,19.5,-430.0,,True,fanduel,2026-05-03T22:12:43.756107
Karl-Anthony Towns,,,b11391b35b7a0cf79deeef3bb3eb9009,2026-05-05,00:10,points,19.5,-104.0,,True,fanduel,2026-05-03T22:12:43.756108
OG Anunoby,,,b11391b35b7a0cf79deeef3bb3eb9009,2026-05-05,00:10,points,19.5,154.0,,True,fanduel,2026-05-03T22:12:43.756110
Paul George,,,b11391b35b7a0cf79deeef3bb3eb9009,2026-05-05,00:10,points,19.5,265.0,,True,fanduel,2026-05-03T22:12:43.756112
VJ Edgecombe,,,b11391b35b7a0cf79deeef3bb3eb9009,2026-05-05,00:10,points,19.5,600.0,,True,fanduel,2026-05-03T22:12:43.756113
Josh Hart,,,b11391b35b7a0cf79deeef3bb3eb9009,2026-05-05,00:10,points,19.5,830.0,,True,fanduel,2026-05-03T22:12:43.756115
Mikal Bridges,,,b11391b35b7a0cf79deeef3bb3eb9009,2026-05-05,00:10,points,19.5,1000.0,,True,fanduel,2026-05-03T22:12:43.756117
Kelly Oubre Jr,,,b11391b35b7a0cf79deeef3bb3eb9009,2026-05-05,00:10,points,19.5,1400.0,,True,fanduel,2026-05-03T22:12:43.756119
Miles McBride,,,b11391b35b7a0cf79deeef3bb3eb9009,2026-05-05,00:10,points,19.5,1700.0,,True,fanduel,2026-05-03T22:12:43.756120
Joel Embiid,,,b11391b35b7a0cf79deeef3bb3eb9009,2026-05-05,00:10,points,34.5,350.0,,True,fanduel,2026-05-03T22:12:43.756122
Jalen Brunson,,,b11391b35b7a0cf79deeef3bb3eb9009,2026-05-05,00:10,points,34.5,370.0,,True,fanduel,2026-05-03T22:12:43.756124
Tyrese Maxey,,,b11391b35b7a0cf79deeef3bb3eb9009,2026-05-05,00:10,points,34.5,470.0,,True,fanduel,2026-05-03T22:12:43.756125
Karl-Anthony Towns,,,b11391b35b7a0cf79deeef3bb3eb9009,2026-05-05,00:10,points,34.5,2500.0,,True,fanduel,2026-05-03T22:12:43.756129
Jalen Brunson,,,b11391b35b7a0cf79deeef3bb3eb9009,2026-05-05,00:10,points,24.5,-230.0,,True,fanduel,2026-05-03T22:12:43.756131
Joel Embiid,,,b11391b35b7a0cf79deeef3bb3eb9009,2026-05-05,00:10,points,24.5,-186.0,,True,fanduel,2026-05-03T22:12:43.756133
Tyrese Maxey,,,b11391b35b7a0cf79deeef3bb3eb9009,2026-05-05,00:10,points,24.5,-140.0,,True,fanduel,2026-05-03T22:12:43.756134
Karl-Anthony Towns,,,b11391b35b7a0cf79deeef3bb3eb9009,2026-05-05,00:10,points,24.5,300.0,,True,fanduel,2026-05-03T22:12:43.756136
OG Anunoby,,,b11391b35b7a0cf79deeef3bb3eb9009,2026-05-05,00:10,points,24.5,470.0,,True,fanduel,2026-05-03T22:12:43.756138
Paul George,,,b11391b35b7a0cf79deeef3bb3eb9009,2026-05-05,00:10,points,24.5,800.0,,True,fanduel,2026-05-03T22:12:43.756139
VJ Edgecombe,,,b11391b35b7a0cf79deeef3bb3eb9009,2026-05-05,00:10,points,24.5,1700.0,,True,fanduel,2026-05-03T22:12:43.756141
Josh Hart,,,b11391b35b7a0cf79deeef3bb3eb9009,2026-05-05,00:10,points,24.5,2500.0,,True,fanduel,2026-05-03T22:12:43.756143
Karl-Anthony Towns,,,b11391b35b7a0cf79deeef3bb3eb9009,2026-05-05,00:10,points,9.5,-4500.0,,True,fanduel,2026-05-03T22:12:43.756144
OG Anunoby,,,b11391b35b7a0cf79deeef3bb3eb9009,2026-05-05,00:10,points,9.5,-1800.0,,True,fanduel,2026-05-03T22:12:43.756146
Paul George,,,b11391b35b7a0cf79deeef3bb3eb9009,2026-05-05,00:10,points,9.5,-620.0,,True,fanduel,2026-05-03T22:12:43.756148
VJ Edgecombe,,,b11391b35b7a0cf79deeef3bb3eb9009,2026-05-05,00:10,points,9.5,-260.0,,True,fanduel,2026-05-03T22:12:43.756150
Josh Hart,,,b11391b35b7a0cf79deeef3bb3eb9009,2026-05-05,00:10,points,9.5,-200.0,,True,fanduel,2026-05-03T22:12:43.756151
Mikal Bridges,,,b11391b35b7a0cf79deeef3bb3eb9009,2026-05-05,00:10,points,9.5,-140.0,,True,fanduel,2026-05-03T22:12:43.756153
Kelly Oubre Jr,,,b11391b35b7a0cf79deeef3bb3eb9009,2026-05-05,00:10,points,9.5,-106.0,,True,fanduel,2026-05-03T22:12:43.756160
Miles McBride,,,b11391b35b7a0cf79deeef3bb3eb9009,2026-05-05,00:10,points,9.5,196.0,,True,fanduel,2026-05-03T22:12:43.756161
Quentin Grimes,,,b11391b35b7a0cf79deeef3bb3eb9009,2026-05-05,00:10,points,9.5,255.0,,True,fanduel,2026-05-03T22:12:43.756163
Mitchell Robinson,,,b11391b35b7a0cf79deeef3bb3eb9009,2026-05-05,00:10,points,9.5,600.0,,True,fanduel,2026-05-03T22:12:43.756165
Joel Embiid,,,b11391b35b7a0cf79deeef3bb3eb9009,2026-05-05,00:10,points,49.5,5000.0,,True,fanduel,2026-05-03T22:12:43.756167
Joel Embiid,,,b11391b35b7a0cf79deeef3bb3eb9009,2026-05-05,00:10,points,44.5,1700.0,,True,fanduel,2026-05-03T22:12:43.756168
Tyrese Maxey,,,b11391b35b7a0cf79deeef3bb3eb9009,2026-05-05,00:10,points,44.5,3000.0,,True,fanduel,2026-05-03T22:12:43.756170
Jalen Brunson,,,b11391b35b7a0cf79deeef3bb3eb9009,2026-05-05,00:10,points,44.5,2500.0,,True,fanduel,2026-05-03T22:12:43.756172
Mikal Bridges,,,b11391b35b7a0cf79deeef3bb3eb9009,2026-05-05,00:10,rebounds,2.5,-128.0,-104.0,False,fanduel,2026-05-03T22:12:43.756186
Tyrese Maxey,,,b11391b35b7a0cf79deeef3bb3eb9009,2026-05-05,00:10,rebounds,4.5,134.0,-180.0,False,fanduel,2026-05-03T22:12:43.756188
OG Anunoby,,,b11391b35b7a0cf79deeef3bb3eb9009,2026-05-05,00:10,rebounds,6.5,-136.0,102.0,False,fanduel,2026-05-03T22:12:43.756189
Mitchell Robinson,,,b11391b35b7a0cf79deeef3bb3eb9009,2026-05-05,00:10,rebounds,6.5,-118.0,-112.0,False,fanduel,2026-05-03T22:12:43.756191
Josh Hart,,,b11391b35b7a0cf79deeef3bb3eb9009,2026-05-05,00:10,rebounds,8.5,104.0,-138.0,False,fanduel,2026-05-03T22:12:43.756193
Karl-Anthony Towns,,,b11391b35b7a0cf79deeef3bb3eb9009,2026-05-05,00:10,rebounds,11.5,-130.0,-102.0,False,fanduel,2026-05-03T22:12:43.756195
Joel Embiid,,,b11391b35b7a0cf79deeef3bb3eb9009,2026-05-05,00:10,rebounds,9.5,-102.0,-130.0,False,fanduel,2026-05-03T22:12:43.756196
Jalen Brunson,,,b11391b35b7a0cf79deeef3bb3eb9009,2026-05-05,00:10,rebounds,2.5,-174.0,128.0,False,fanduel,2026-05-03T22:12:43.756198
Paul George,,,b11391b35b7a0cf79deeef3bb3eb9009,2026-05-05,00:10,rebounds,5.5,110.0,-146.0,False,fanduel,2026-05-03T22:12:43.756200
Kelly Oubre Jr,,,b11391b35b7a0cf79deeef3bb3eb9009,2026-05-05,00:10,rebounds,5.5,-106.0,-125.0,False,fanduel,2026-05-03T22:12:43.756203
VJ Edgecombe,,,b11391b35b7a0cf79deeef3bb3eb9009,2026-05-05,00:10,rebounds,5.5,-132.0,100.0,False,fanduel,2026-05-03T22:12:43.756205
Karl-Anthony Towns,,,b11391b35b7a0cf79deeef3bb3eb9009,2026-05-05,00:10,rebounds,15.5,470.0,,True,fanduel,2026-05-03T22:12:43.756231
Joel Embiid,,,b11391b35b7a0cf79deeef3bb3eb9009,2026-05-05,00:10,rebounds,15.5,1200.0,,True,fanduel,2026-05-03T22:12:43.756232
Josh Hart,,,b11391b35b7a0cf79deeef3bb3eb9009,2026-05-05,00:10,rebounds,15.5,2500.0,,True,fanduel,2026-05-03T22:12:43.756234
Karl-Anthony Towns,,,b11391b35b7a0cf79deeef3bb3eb9009,2026-05-05,00:10,rebounds,11.5,-125.0,,True,fanduel,2026-05-03T22:12:43.756236
Joel Embiid,,,b11391b35b7a0cf79deeef3bb3eb9009,2026-05-05,00:10,rebounds,11.5,250.0,,True,fanduel,2026-05-03T22:12:43.756237
Josh Hart,,,b11391b35b7a0cf79deeef3bb3eb9009,2026-05-05,00:10,rebounds,11.5,430.0,,True,fanduel,2026-05-03T22:12:43.756239
Mitchell Robinson,,,b11391b35b7a0cf79deeef3bb3eb9009,2026-05-05,00:10,rebounds,11.5,750.0,,True,fanduel,2026-05-03T22:12:43.756241
OG Anunoby,,,b11391b35b7a0cf79deeef3bb3eb9009,2026-05-05,00:10,rebounds,11.5,1000.0,,True,fanduel,2026-05-03T22:12:43.756243
VJ Edgecombe,,,b11391b35b7a0cf79deeef3bb3eb9009,2026-05-05,00:10,rebounds,11.5,2000.0,,True,fanduel,2026-05-03T22:12:43.756244
Kelly Oubre Jr,,,b11391b35b7a0cf79deeef3bb3eb9009,2026-05-05,00:10,rebounds,11.5,2000.0,,True,fanduel,2026-05-03T22:12:43.756246
Karl-Anthony Towns,,,b11391b35b7a0cf79deeef3bb3eb9009,2026-05-05,00:10,rebounds,13.5,200.0,,True,fanduel,2026-05-03T22:12:43.756248
Joel Embiid,,,b11391b35b7a0cf79deeef3bb3eb9009,2026-05-05,00:10,rebounds,13.5,540.0,,True,fanduel,2026-05-03T22:12:43.756249
Josh Hart,,,b11391b35b7a0cf79deeef3bb3eb9009,2026-05-05,00:10,rebounds,13.5,1060.0,,True,fanduel,2026-05-03T22:12:43.756251
Mitchell Robinson,,,b11391b35b7a0cf79deeef3bb3eb9009,2026-05-05,00:10,rebounds,13.5,1400.0,,True,fanduel,2026-05-03T22:12:43.756253
OG Anunoby,,,b11391b35b7a0cf79deeef3bb3eb9009,2026-05-05,00:10,rebounds,13.5,2500.0,,True,fanduel,2026-05-03T22:12:43.756254
Karl-Anthony Towns,,,b11391b35b7a0cf79deeef3bb3eb9009,2026-05-05,00:10,rebounds,7.5,-950.0,,True,fanduel,2026-05-03T22:12:43.756256
Joel Embiid,,,b11391b35b7a0cf79deeef3bb3eb9009,2026-05-05,00:10,rebounds,7.5,-240.0,,True,fanduel,2026-05-03T22:12:43.756258
Josh Hart,,,b11391b35b7a0cf79deeef3bb3eb9009,2026-05-05,00:10,rebounds,7.5,-164.0,,True,fanduel,2026-05-03T22:12:43.756259
OG Anunoby,,,b11391b35b7a0cf79deeef3bb3eb9009,2026-05-05,00:10,rebounds,7.5,140.0,,True,fanduel,2026-05-03T22:12:43.756261
Mitchell Robinson,,,b11391b35b7a0cf79deeef3bb3eb9009,2026-05-05,00:10,rebounds,7.5,140.0,,True,fanduel,2026-05-03T22:12:43.756263
VJ Edgecombe,,,b11391b35b7a0cf79deeef3bb3eb9009,2026-05-05,00:10,rebounds,7.5,285.0,,True,fanduel,2026-05-03T22:12:43.756265
Kelly Oubre Jr,,,b11391b35b7a0cf79deeef3bb3eb9009,2026-05-05,00:10,rebounds,7.5,340.0,,True,fanduel,2026-05-03T22:12:43.756266
Paul George,,,b11391b35b7a0cf79deeef3bb3eb9009,2026-05-05,00:10,rebounds,7.5,390.0,,True,fanduel,2026-05-03T22:12:43.756268
Tyrese Maxey,,,b11391b35b7a0cf79deeef3bb3eb9009,2026-05-05,00:10,rebounds,7.5,1100.0,,True,fanduel,2026-05-03T22:12:43.756270
Joel Embiid,,,b11391b35b7a0cf79deeef3bb3eb9009,2026-05-05,00:10,rebounds,5.5,-950.0,,True,fanduel,2026-05-03T22:12:43.756271
Josh Hart,,,b11391b35b7a0cf79deeef3bb3eb9009,2026-05-05,00:10,rebounds,5.5,-620.0,,True,fanduel,2026-05-03T22:12:43.756273
OG Anunoby,,,b11391b35b7a0cf79deeef3bb3eb9009,2026-05-05,00:10,rebounds,5.5,-265.0,,True,fanduel,2026-05-03T22:12:43.756275
Mitchell Robinson,,,b11391b35b7a0cf79deeef3bb3eb9009,2026-05-05,00:10,rebounds,5.5,-200.0,,True,fanduel,2026-05-03T22:12:43.756276
VJ Edgecombe,,,b11391b35b7a0cf79deeef3bb3eb9009,2026-05-05,00:10,rebounds,5.5,-130.0,,True,fanduel,2026-05-03T22:12:43.756278
Kelly Oubre Jr,,,b11391b35b7a0cf79deeef3bb3eb9009,2026-05-05,00:10,rebounds,5.5,-104.0,,True,fanduel,2026-05-03T22:12:43.756280
Paul George,,,b11391b35b7a0cf79deeef3bb3eb9009,2026-05-05,00:10,rebounds,5.5,112.0,,True,fanduel,2026-05-03T22:12:43.756283
Tyrese Maxey,,,b11391b35b7a0cf79deeef3bb3eb9009,2026-05-05,00:10,rebounds,5.5,285.0,,True,fanduel,2026-05-03T22:12:43.756285
Jalen Brunson,,,b11391b35b7a0cf79deeef3bb3eb9009,2026-05-05,00:10,rebounds,5.5,800.0,,True,fanduel,2026-05-03T22:12:43.756288
Mikal Bridges,,,b11391b35b7a0cf79deeef3bb3eb9009,2026-05-05,00:10,rebounds,5.5,870.0,,True,fanduel,2026-05-03T22:12:43.756290
Karl-Anthony Towns,,,b11391b35b7a0cf79deeef3bb3eb9009,2026-05-05,00:10,rebounds,9.5,-350.0,,True,fanduel,2026-05-03T22:12:43.756292
Joel Embiid,,,b11391b35b7a0cf79deeef3bb3eb9009,2026-05-05,00:10,rebounds,9.5,100.0,,True,fanduel,2026-05-03T22:12:43.756293
Josh Hart,,,b11391b35b7a0cf79deeef3bb3eb9009,2026-05-05,00:10,rebounds,9.5,150.0,,True,fanduel,2026-05-03T22:12:43.756295
Mitchell Robinson,,,b11391b35b7a0cf79deeef3bb3eb9009,2026-05-05,00:10,rebounds,9.5,300.0,,True,fanduel,2026-05-03T22:12:43.756297
OG Anunoby,,,b11391b35b7a0cf79deeef3bb3eb9009,2026-05-05,00:10,rebounds,9.5,350.0,,True,fanduel,2026-05-03T22:12:43.756299
VJ Edgecombe,,,b11391b35b7a0cf79deeef3bb3eb9009,2026-05-05,00:10,rebounds,9.5,800.0,,True,fanduel,2026-05-03T22:12:43.756300
Kelly Oubre Jr,,,b11391b35b7a0cf79deeef3bb3eb9009,2026-05-05,00:10,rebounds,9.5,870.0,,True,fanduel,2026-05-03T22:12:43.756302
Paul George,,,b11391b35b7a0cf79deeef3bb3eb9009,2026-05-05,00:10,rebounds,9.5,1060.0,,True,fanduel,2026-05-03T22:12:43.756304
OG Anunoby,,,b11391b35b7a0cf79deeef3bb3eb9009,2026-05-05,00:10,rebounds,3.5,-2200.0,,True,fanduel,2026-05-03T22:12:43.756305
Mitchell Robinson,,,b11391b35b7a0cf79deeef3bb3eb9009,2026-05-05,00:10,rebounds,3.5,-750.0,,True,fanduel,2026-05-03T22:12:43.756307
VJ Edgecombe,,,b11391b35b7a0cf79deeef3bb3eb9009,2026-05-05,00:10,rebounds,3.5,-620.0,,True,fanduel,2026-05-03T22:12:43.756309
Kelly Oubre Jr,,,b11391b35b7a0cf79deeef3bb3eb9009,2026-05-05,00:10,rebounds,3.5,-460.0,,True,fanduel,2026-05-03T22:12:43.756310
Paul George,,,b11391b35b7a0cf79deeef3bb3eb9009,2026-05-05,00:10,rebounds,3.5,-430.0,,True,fanduel,2026-05-03T22:12:43.756312
Tyrese Maxey,,,b11391b35b7a0cf79deeef3bb3eb9009,2026-05-05,00:10,rebounds,3.5,-166.0,,True,fanduel,2026-05-03T22:12:43.756314
Jalen Brunson,,,b11391b35b7a0cf79deeef3bb3eb9009,2026-05-05,00:10,rebounds,3.5,154.0,,True,fanduel,2026-05-03T22:12:43.756316
Mikal Bridges,,,b11391b35b7a0cf79deeef3bb3eb9009,2026-05-05,00:10,rebounds,3.5,200.0,,True,fanduel,2026-05-03T22:12:43.756317
Mikal Bridges,,,b11391b35b7a0cf79deeef3bb3eb9009,2026-05-05,00:10,threes,1.5,138.0,-186.0,False,fanduel,2026-05-03T22:12:43.756330
Tyrese Maxey,,,b11391b35b7a0cf79deeef3bb3eb9009,2026-05-05,00:10,threes,2.5,-158.0,118.0,False,fanduel,2026-05-03T22:12:43.756332
OG Anunoby,,,b11391b35b7a0cf79deeef3bb3eb9009,2026-05-05,00:10,threes,2.5,116.0,-154.0,False,fanduel,2026-05-03T22:12:43.756334
Joel Embiid,,,b11391b35b7a0cf79deeef3bb3eb9009,2026-05-05,00:10,threes,1.5,136.0,-182.0,False,fanduel,2026-05-03T22:12:43.756336
Karl-Anthony Towns,,,b11391b35b7a0cf79deeef3bb3eb9009,2026-05-05,00:10,threes,1.5,126.0,-168.0,False,fanduel,2026-05-03T22:12:43.756337
Miles McBride,,,b11391b35b7a0cf79deeef3bb3eb9009,2026-05-05,00:10,threes,1.5,-122.0,-108.0,False,fanduel,2026-05-03T22:12:43.756339
Jalen Brunson,,,b11391b35b7a0cf79deeef3bb3eb9009,2026-05-05,00:10,threes,2.5,-108.0,-122.0,False,fanduel,2026-05-03T22:12:43.756341
Paul George,,,b11391b35b7a0cf79deeef3bb3eb9009,2026-05-05,00:10,threes,2.5,120.0,-160.0,False,fanduel,2026-05-03T22:12:43.756342
Kelly Oubre Jr,,,b11391b35b7a0cf79deeef3bb3eb9009,2026-05-05,00:10,threes,1.5,162.0,-220.0,False,fanduel,2026-05-03T22:12:43.756344
VJ Edgecombe,,,b11391b35b7a0cf79deeef3bb3eb9009,2026-05-05,00:10,threes,1.5,-166.0,124.0,False,fanduel,2026-05-03T22:12:43.756346
Tyrese Maxey,,,b11391b35b7a0cf79deeef3bb3eb9009,2026-05-05,00:10,threes,2.5,-156.0,,True,fanduel,2026-05-03T22:12:43.756376
Jalen Brunson,,,b11391b35b7a0cf79deeef3bb3eb9009,2026-05-05,00:10,threes,2.5,-106.0,,True,fanduel,2026-05-03T22:12:43.756378
OG Anunoby,,,b11391b35b7a0cf79deeef3bb3eb9009,2026-05-05,00:10,threes,2.5,118.0,,True,fanduel,2026-05-03T22:12:43.756382
Paul George,,,b11391b35b7a0cf79deeef3bb3eb9009,2026-05-05,00:10,threes,2.5,124.0,,True,fanduel,2026-05-03T22:12:43.756383
VJ Edgecombe,,,b11391b35b7a0cf79deeef3bb3eb9009,2026-05-05,00:10,threes,2.5,196.0,,True,fanduel,2026-05-03T22:12:43.756385
Miles McBride,,,b11391b35b7a0cf79deeef3bb3eb9009,2026-05-05,00:10,threes,2.5,240.0,,True,fanduel,2026-05-03T22:12:43.756387
Mikal Bridges,,,b11391b35b7a0cf79deeef3bb3eb9009,2026-05-05,00:10,threes,2.5,400.0,,True,fanduel,2026-05-03T22:12:43.756389
Karl-Anthony Towns,,,b11391b35b7a0cf79deeef3bb3eb9009,2026-05-05,00:10,threes,2.5,420.0,,True,fanduel,2026-05-03T22:12:43.756390
Joel Embiid,,,b11391b35b7a0cf79deeef3bb3eb9009,2026-05-05,00:10,threes,2.5,450.0,,True,fanduel,2026-05-03T22:12:43.756392
Kelly Oubre Jr,,,b11391b35b7a0cf79deeef3bb3eb9009,2026-05-05,00:10,threes,2.5,520.0,,True,fanduel,2026-05-03T22:12:43.756394
Quentin Grimes,,,b11391b35b7a0cf79deeef3bb3eb9009,2026-05-05,00:10,threes,2.5,560.0,,True,fanduel,2026-05-03T22:12:43.756395
Tyrese Maxey,,,b11391b35b7a0cf79deeef3bb3eb9009,2026-05-05,00:10,threes,4.5,410.0,,True,fanduel,2026-05-03T22:12:43.756397
Jalen Brunson,,,b11391b35b7a0cf79deeef3bb3eb9009,2026-05-05,00:10,threes,4.5,600.0,,True,fanduel,2026-05-03T22:12:43.756399
OG Anunoby,,,b11391b35b7a0cf79deeef3bb3eb9009,2026-05-05,00:10,threes,4.5,700.0,,True,fanduel,2026-05-03T22:12:43.756400
Paul George,,,b11391b35b7a0cf79deeef3bb3eb9009,2026-05-05,00:10,threes,4.5,700.0,,True,fanduel,2026-05-03T22:12:43.756402
Miles McBride,,,b11391b35b7a0cf79deeef3bb3eb9009,2026-05-05,00:10,threes,4.5,1200.0,,True,fanduel,2026-05-03T22:12:43.756404
VJ Edgecombe,,,b11391b35b7a0cf79deeef3bb3eb9009,2026-05-05,00:10,threes,4.5,1300.0,,True,fanduel,2026-05-03T22:12:43.756405
Tyrese Maxey,,,b11391b35b7a0cf79deeef3bb3eb9009,2026-05-05,00:10,threes,5.5,870.0,,True,fanduel,2026-05-03T22:12:43.756407
Paul George,,,b11391b35b7a0cf79deeef3bb3eb9009,2026-05-05,00:10,threes,5.5,1500.0,,True,fanduel,2026-05-03T22:12:43.756409
VJ Edgecombe,,,b11391b35b7a0cf79deeef3bb3eb9009,2026-05-05,00:10,threes,5.5,2500.0,,True,fanduel,2026-05-03T22:12:43.756411
Jalen Brunson,,,b11391b35b7a0cf79deeef3bb3eb9009,2026-05-05,00:10,threes,5.5,1200.0,,True,fanduel,2026-05-03T22:12:43.756412
OG Anunoby,,,b11391b35b7a0cf79deeef3bb3eb9009,2026-05-05,00:10,threes,5.5,1300.0,,True,fanduel,2026-05-03T22:12:43.756414
Miles McBride,,,b11391b35b7a0cf79deeef3bb3eb9009,2026-05-05,00:10,threes,5.5,2000.0,,True,fanduel,2026-05-03T22:12:43.756416
Tyrese Maxey,,,b11391b35b7a0cf79deeef3bb3eb9009,2026-05-05,00:10,threes,3.5,172.0,,True,fanduel,2026-05-03T22:12:43.756419
Jalen Brunson,,,b11391b35b7a0cf79deeef3bb3eb9009,2026-05-05,00:10,threes,3.5,250.0,,True,fanduel,2026-05-03T22:12:43.756421
OG Anunoby,,,b11391b35b7a0cf79deeef3bb3eb9009,2026-05-05,00:10,threes,3.5,290.0,,True,fanduel,2026-05-03T22:12:43.756422
Paul George,,,b11391b35b7a0cf79deeef3bb3eb9009,2026-05-05,00:10,threes,3.5,300.0,,True,fanduel,2026-05-03T22:12:43.756424
VJ Edgecombe,,,b11391b35b7a0cf79deeef3bb3eb9009,2026-05-05,00:10,threes,3.5,500.0,,True,fanduel,2026-05-03T22:12:43.756426
Miles McBride,,,b11391b35b7a0cf79deeef3bb3eb9009,2026-05-05,00:10,threes,3.5,560.0,,True,fanduel,2026-05-03T22:12:43.756428
Mikal Bridges,,,b11391b35b7a0cf79deeef3bb3eb9009,2026-05-05,00:10,threes,3.5,1060.0,,True,fanduel,2026-05-03T22:12:43.756429
Karl-Anthony Towns,,,b11391b35b7a0cf79deeef3bb3eb9009,2026-05-05,00:10,threes,3.5,1100.0,,True,fanduel,2026-05-03T22:12:43.756431
Joel Embiid,,,b11391b35b7a0cf79deeef3bb3eb9009,2026-05-05,00:10,threes,3.5,1200.0,,True,fanduel,2026-05-03T22:12:43.756433
Quentin Grimes,,,b11391b35b7a0cf79deeef3bb3eb9009,2026-05-05,00:10,threes,3.5,1300.0,,True,fanduel,2026-05-03T22:12:43.756434
Kelly Oubre Jr,,,b11391b35b7a0cf79deeef3bb3eb9009,2026-05-05,00:10,threes,3.5,1400.0,,True,fanduel,2026-05-03T22:12:43.756438
Tyrese Maxey,,,b11391b35b7a0cf79deeef3bb3eb9009,2026-05-05,00:10,threes,6.5,1500.0,,True,fanduel,2026-05-03T22:12:43.756440
Paul George,,,b11391b35b7a0cf79deeef3bb3eb9009,2026-05-05,00:10,threes,6.5,3500.0,,True,fanduel,2026-05-03T22:12:43.756441
Jalen Brunson,,,b11391b35b7a0cf79deeef3bb3eb9009,2026-05-05,00:10,threes,6.5,2500.0,,True,fanduel,2026-05-03T22:12:43.756443
OG Anunoby,,,b11391b35b7a0cf79deeef3bb3eb9009,2026-05-05,00:10,threes,6.5,3500.0,,True,fanduel,2026-05-03T22:12:43.756445
Tyrese Maxey,,,b11391b35b7a0cf79deeef3bb3eb9009,2026-05-05,00:10,threes,0.5,-4500.0,,True,fanduel,2026-05-03T22:12:43.756447
Jalen Brunson,,,b11391b35b7a0cf79deeef3bb3eb9009,2026-05-05,00:10,threes,0.5,-2500.0,,True,fanduel,2026-05-03T22:12:43.756448
OG Anunoby,,,b11391b35b7a0cf79deeef3bb3eb9009,2026-05-05,00:10,threes,0.5,-1800.0,,True,fanduel,2026-05-03T22:12:43.756450
Paul George,,,b11391b35b7a0cf79deeef3bb3eb9009,2026-05-05,00:10,threes,0.5,-1600.0,,True,fanduel,2026-05-03T22:12:43.756452
VJ Edgecombe,,,b11391b35b7a0cf79deeef3bb3eb9009,2026-05-05,00:10,threes,0.5,-800.0,,True,fanduel,2026-05-03T22:12:43.756453
Miles McBride,,,b11391b35b7a0cf79deeef3bb3eb9009,2026-05-05,00:10,threes,0.5,-520.0,,True,fanduel,2026-05-03T22:12:43.756455
Karl-Anthony Towns,,,b11391b35b7a0cf79deeef3bb3eb9009,2026-05-05,00:10,threes,0.5,-370.0,,True,fanduel,2026-05-03T22:12:43.756457
Mikal Bridges,,,b11391b35b7a0cf79deeef3bb3eb9009,2026-05-05,00:10,threes,0.5,-340.0,,True,fanduel,2026-05-03T22:12:43.756458
Joel Embiid,,,b11391b35b7a0cf79deeef3bb3eb9009,2026-05-05,00:10,threes,0.5,-340.0,,True,fanduel,2026-05-03T22:12:43.756460
Kelly Oubre Jr,,,b11391b35b7a0cf79deeef3bb3eb9009,2026-05-05,00:10,threes,0.5,-310.0,,True,fanduel,2026-05-03T22:12:43.756462
Quentin Grimes,,,b11391b35b7a0cf79deeef3bb3eb9009,2026-05-05,00:10,threes,0.5,-230.0,,True,fanduel,2026-05-03T22:12:43.756464
Tyrese Maxey,,,b11391b35b7a0cf79deeef3bb3eb9009,2026-05-05,00:10,threes,7.5,3500.0,,True,fanduel,2026-05-03T22:12:43.756465
Tyrese Maxey,,,b11391b35b7a0cf79deeef3bb3eb9009,2026-05-05,00:10,threes,1.5,-500.0,,True,fanduel,2026-05-03T22:12:43.756467
Jalen Brunson,,,b11391b35b7a0cf79deeef3bb3eb9009,2026-05-05,00:10,threes,1.5,-330.0,,True,fanduel,2026-05-03T22:12:43.756469
OG Anunoby,,,b11391b35b7a0cf79deeef3bb3eb9009,2026-05-05,00:10,threes,1.5,-280.0,,True,fanduel,2026-05-03T22:12:43.756470
Paul George,,,b11391b35b7a0cf79deeef3bb3eb9009,2026-05-05,00:10,threes,1.5,-265.0,,True,fanduel,2026-05-03T22:12:43.756472
VJ Edgecombe,,,b11391b35b7a0cf79deeef3bb3eb9009,2026-05-05,00:10,threes,1.5,-162.0,,True,fanduel,2026-05-03T22:12:43.756474
Miles McBride,,,b11391b35b7a0cf79deeef3bb3eb9009,2026-05-05,00:10,threes,1.5,-120.0,,True,fanduel,2026-05-03T22:12:43.756476
Karl-Anthony Towns,,,b11391b35b7a0cf79deeef3bb3eb9009,2026-05-05,00:10,threes,1.5,128.0,,True,fanduel,2026-05-03T22:12:43.756477
Joel Embiid,,,b11391b35b7a0cf79deeef3bb3eb9009,2026-05-05,00:10,threes,1.5,138.0,,True,fanduel,2026-05-03T22:12:43.756479
Mikal Bridges,,,b11391b35b7a0cf79deeef3bb3eb9009,2026-05-05,00:10,threes,1.5,140.0,,True,fanduel,2026-05-03T22:12:43.756481
Kelly Oubre Jr,,,b11391b35b7a0cf79deeef3bb3eb9009,2026-05-05,00:10,threes,1.5,164.0,,True,fanduel,2026-05-03T22:12:43.756482
Quentin Grimes,,,b11391b35b7a0cf79deeef3bb3eb9009,2026-05-05,00:10,threes,1.5,196.0,,True,fanduel,2026-05-03T22:12:43.756484
Julius Randle,,,219920e3a715ceb3dc69f3638f7571d5,2026-05-05,01:40,assists,4.5,104.0,-138.0,False,fanduel,2026-05-03T22:12:43.874887
Victor Wembanyama,,,219920e3a715ceb3dc69f3638f7571d5,2026-05-05,01:40,assists,3.5,142.0,-192.0,False,fanduel,2026-05-03T22:12:43.874889
Stephon Castle,,,219920e3a715ceb3dc69f3638f7571d5,2026-05-05,01:40,assists,7.5,110.0,-146.0,False,fanduel,2026-05-03T22:12:43.874891
Dylan Harper,,,219920e3a715ceb3dc69f3638f7571d5,2026-05-05,01:40,assists,2.5,-120.0,-110.0,False,fanduel,2026-05-03T22:12:43.874892
Mike Conley,,,219920e3a715ceb3dc69f3638f7571d5,2026-05-05,01:40,assists,3.5,-128.0,-104.0,False,fanduel,2026-05-03T22:12:43.874894
Ayo Dosunmu,,,219920e3a715ceb3dc69f3638f7571d5,2026-05-05,01:40,assists,3.5,-158.0,118.0,False,fanduel,2026-05-03T22:12:43.874896
Jaden McDaniels,,,219920e3a715ceb3dc69f3638f7571d5,2026-05-05,01:40,assists,2.5,-114.0,-114.0,False,fanduel,2026-05-03T22:12:43.874898
Devin Vassell,,,219920e3a715ceb3dc69f3638f7571d5,2026-05-05,01:40,assists,2.5,116.0,-154.0,False,fanduel,2026-05-03T22:12:43.874899
De'Aaron Fox,,,219920e3a715ceb3dc69f3638f7571d5,2026-05-05,01:40,assists,5.5,-148.0,112.0,False,fanduel,2026-05-03T22:12:43.874901
Stephon Castle,,,219920e3a715ceb3dc69f3638f7571d5,2026-05-05,01:40,assists,7.5,112.0,,True,fanduel,2026-05-03T22:12:43.874922
De'Aaron Fox,,,219920e3a715ceb3dc69f3638f7571d5,2026-05-05,01:40,assists,7.5,265.0,,True,fanduel,2026-05-03T22:12:43.874924
Julius Randle,,,219920e3a715ceb3dc69f3638f7571d5,2026-05-05,01:40,assists,7.5,830.0,,True,fanduel,2026-05-03T22:12:43.874926
Ayo Dosunmu,,,219920e3a715ceb3dc69f3638f7571d5,2026-05-05,01:40,assists,7.5,1000.0,,True,fanduel,2026-05-03T22:12:43.874928
Mike Conley,,,219920e3a715ceb3dc69f3638f7571d5,2026-05-05,01:40,assists,7.5,1300.0,,True,fanduel,2026-05-03T22:12:43.874930
Stephon Castle,,,219920e3a715ceb3dc69f3638f7571d5,2026-05-05,01:40,assists,9.5,285.0,,True,fanduel,2026-05-03T22:12:43.874931
De'Aaron Fox,,,219920e3a715ceb3dc69f3638f7571d5,2026-05-05,01:40,assists,9.5,800.0,,True,fanduel,2026-05-03T22:12:43.874933
Julius Randle,,,219920e3a715ceb3dc69f3638f7571d5,2026-05-05,01:40,assists,9.5,2000.0,,True,fanduel,2026-05-03T22:12:43.874935
Ayo Dosunmu,,,219920e3a715ceb3dc69f3638f7571d5,2026-05-05,01:40,assists,9.5,2500.0,,True,fanduel,2026-05-03T22:12:43.874936
Stephon Castle,,,219920e3a715ceb3dc69f3638f7571d5,2026-05-05,01:40,assists,11.5,830.0,,True,fanduel,2026-05-03T22:12:43.874938
De'Aaron Fox,,,219920e3a715ceb3dc69f3638f7571d5,2026-05-05,01:40,assists,11.5,2000.0,,True,fanduel,2026-05-03T22:12:43.874940
Stephon Castle,,,219920e3a715ceb3dc69f3638f7571d5,2026-05-05,01:40,assists,13.5,2000.0,,True,fanduel,2026-05-03T22:12:43.874942
Stephon Castle,,,219920e3a715ceb3dc69f3638f7571d5,2026-05-05,01:40,assists,5.5,-340.0,,True,fanduel,2026-05-03T22:12:43.874943
De'Aaron Fox,,,219920e3a715ceb3dc69f3638f7571d5,2026-05-05,01:40,assists,5.5,-146.0,,True,fanduel,2026-05-03T22:12:43.874945
Julius Randle,,,219920e3a715ceb3dc69f3638f7571d5,2026-05-05,01:40,assists,5.5,220.0,,True,fanduel,2026-05-03T22:12:43.874947
Ayo Dosunmu,,,219920e3a715ceb3dc69f3638f7571d5,2026-05-05,01:40,assists,5.5,285.0,,True,fanduel,2026-05-03T22:12:43.874948
Mike Conley,,,219920e3a715ceb3dc69f3638f7571d5,2026-05-05,01:40,assists,5.5,350.0,,True,fanduel,2026-05-03T22:12:43.874950
Victor Wembanyama,,,219920e3a715ceb3dc69f3638f7571d5,2026-05-05,01:40,assists,5.5,750.0,,True,fanduel,2026-05-03T22:12:43.874952
Dylan Harper,,,219920e3a715ceb3dc69f3638f7571d5,2026-05-05,01:40,assists,5.5,870.0,,True,fanduel,2026-05-03T22:12:43.874953
Jaden McDaniels,,,219920e3a715ceb3dc69f3638f7571d5,2026-05-05,01:40,assists,5.5,1100.0,,True,fanduel,2026-05-03T22:12:43.874955
Devin Vassell,,,219920e3a715ceb3dc69f3638f7571d5,2026-05-05,01:40,assists,5.5,1400.0,,True,fanduel,2026-05-03T22:12:43.874959
Julius Randle,,,219920e3a715ceb3dc69f3638f7571d5,2026-05-05,01:40,assists,1.5,-3000.0,,True,fanduel,2026-05-03T22:12:43.874960
Ayo Dosunmu,,,219920e3a715ceb3dc69f3638f7571d5,2026-05-05,01:40,assists,1.5,-1600.0,,True,fanduel,2026-05-03T22:12:43.874962
Mike Conley,,,219920e3a715ceb3dc69f3638f7571d5,2026-05-05,01:40,assists,1.5,-1000.0,,True,fanduel,2026-05-03T22:12:43.874965
Victor Wembanyama,,,219920e3a715ceb3dc69f3638f7571d5,2026-05-05,01:40,assists,1.5,-620.0,,True,fanduel,2026-05-03T22:12:43.874967
Jaden McDaniels,,,219920e3a715ceb3dc69f3638f7571d5,2026-05-05,01:40,assists,1.5,-390.0,,True,fanduel,2026-05-03T22:12:43.874969
Dylan Harper,,,219920e3a715ceb3dc69f3638f7571d5,2026-05-05,01:40,assists,1.5,-340.0,,True,fanduel,2026-05-03T22:12:43.874972
Devin Vassell,,,219920e3a715ceb3dc69f3638f7571d5,2026-05-05,01:40,assists,1.5,-280.0,,True,fanduel,2026-05-03T22:12:43.874974
Rudy Gobert,,,219920e3a715ceb3dc69f3638f7571d5,2026-05-05,01:40,assists,1.5,-154.0,,True,fanduel,2026-05-03T22:12:43.874976
Naz Reid,,,219920e3a715ceb3dc69f3638f7571d5,2026-05-05,01:40,assists,1.5,-104.0,,True,fanduel,2026-05-03T22:12:43.874977
Stephon Castle,,,219920e3a715ceb3dc69f3638f7571d5,2026-05-05,01:40,assists,3.5,-3000.0,,True,fanduel,2026-05-03T22:12:43.874979
De'Aaron Fox,,,219920e3a715ceb3dc69f3638f7571d5,2026-05-05,01:40,assists,3.5,-800.0,,True,fanduel,2026-05-03T22:12:43.874981
Julius Randle,,,219920e3a715ceb3dc69f3638f7571d5,2026-05-05,01:40,assists,3.5,-210.0,,True,fanduel,2026-05-03T22:12:43.874982
Ayo Dosunmu,,,219920e3a715ceb3dc69f3638f7571d5,2026-05-05,01:40,assists,3.5,-154.0,,True,fanduel,2026-05-03T22:12:43.874984
Mike Conley,,,219920e3a715ceb3dc69f3638f7571d5,2026-05-05,01:40,assists,3.5,-125.0,,True,fanduel,2026-05-03T22:12:43.874986
Victor Wembanyama,,,219920e3a715ceb3dc69f3638f7571d5,2026-05-05,01:40,assists,3.5,142.0,,True,fanduel,2026-05-03T22:12:43.874987
Dylan Harper,,,219920e3a715ceb3dc69f3638f7571d5,2026-05-05,01:40,assists,3.5,210.0,,True,fanduel,2026-05-03T22:12:43.874989
Jaden McDaniels,,,219920e3a715ceb3dc69f3638f7571d5,2026-05-05,01:40,assists,3.5,230.0,,True,fanduel,2026-05-03T22:12:43.874991
Devin Vassell,,,219920e3a715ceb3dc69f3638f7571d5,2026-05-05,01:40,assists,3.5,300.0,,True,fanduel,2026-05-03T22:12:43.874993
Rudy Gobert,,,219920e3a715ceb3dc69f3638f7571d5,2026-05-05,01:40,assists,3.5,560.0,,True,fanduel,2026-05-03T22:12:43.874994
Naz Reid,,,219920e3a715ceb3dc69f3638f7571d5,2026-05-05,01:40,assists,3.5,750.0,,True,fanduel,2026-05-03T22:12:43.874996
Luke Kornet,,,219920e3a715ceb3dc69f3638f7571d5,2026-05-05,01:40,points,4.5,-106.0,-125.0,False,fanduel,2026-05-03T22:12:43.875012
Julius Randle,,,219920e3a715ceb3dc69f3638f7571d5,2026-05-05,01:40,points,21.5,-110.0,-120.0,False,fanduel,2026-05-03T22:12:43.875014
Julian Champagnie,,,219920e3a715ceb3dc69f3638f7571d5,2026-05-05,01:40,points,8.5,-102.0,-130.0,False,fanduel,2026-05-03T22:12:43.875015
Mike Conley,,,219920e3a715ceb3dc69f3638f7571d5,2026-05-05,01:40,points,5.5,-122.0,-110.0,False,fanduel,2026-05-03T22:12:43.875017
Ayo Dosunmu,,,219920e3a715ceb3dc69f3638f7571d5,2026-05-05,01:40,points,17.5,-125.0,-106.0,False,fanduel,2026-05-03T22:12:43.875019
Stephon Castle,,,219920e3a715ceb3dc69f3638f7571d5,2026-05-05,01:40,points,17.5,-110.0,-120.0,False,fanduel,2026-05-03T22:12:43.875021
Dylan Harper,,,219920e3a715ceb3dc69f3638f7571d5,2026-05-05,01:40,points,9.5,-102.0,-130.0,False,fanduel,2026-05-03T22:12:43.875022
Jaden McDaniels,,,219920e3a715ceb3dc69f3638f7571d5,2026-05-05,01:40,points,16.5,-122.0,-108.0,False,fanduel,2026-05-03T22:12:43.875024
Victor Wembanyama,,,219920e3a715ceb3dc69f3638f7571d5,2026-05-05,01:40,points,28.5,100.0,-132.0,False,fanduel,2026-05-03T22:12:43.875026
Naz Reid,,,219920e3a715ceb3dc69f3638f7571d5,2026-05-05,01:40,points,12.5,-114.0,-114.0,False,fanduel,2026-05-03T22:12:43.875027
Rudy Gobert,,,219920e3a715ceb3dc69f3638f7571d5,2026-05-05,01:40,points,8.5,-108.0,-122.0,False,fanduel,2026-05-03T22:12:43.875029
Devin Vassell,,,219920e3a715ceb3dc69f3638f7571d5,2026-05-05,01:40,points,12.5,-128.0,-104.0,False,fanduel,2026-05-03T22:12:43.875033
De'Aaron Fox,,,219920e3a715ceb3dc69f3638f7571d5,2026-05-05,01:40,points,17.5,-114.0,-114.0,False,fanduel,2026-05-03T22:12:43.875034
Keldon Johnson,,,219920e3a715ceb3dc69f3638f7571d5,2026-05-05,01:40,points,8.5,102.0,-136.0,False,fanduel,2026-05-03T22:12:43.875036
Victor Wembanyama,,,219920e3a715ceb3dc69f3638f7571d5,2026-05-05,01:40,points,44.5,1500.0,,True,fanduel,2026-05-03T22:12:43.875065
Victor Wembanyama,,,219920e3a715ceb3dc69f3638f7571d5,2026-05-05,01:40,points,24.5,-240.0,,True,fanduel,2026-05-03T22:12:43.875067
Julius Randle,,,219920e3a715ceb3dc69f3638f7571d5,2026-05-05,01:40,points,24.5,176.0,,True,fanduel,2026-05-03T22:12:43.875069
Ayo Dosunmu,,,219920e3a715ceb3dc69f3638f7571d5,2026-05-05,01:40,points,24.5,420.0,,True,fanduel,2026-05-03T22:12:43.875070
De'Aaron Fox,,,219920e3a715ceb3dc69f3638f7571d5,2026-05-05,01:40,points,24.5,450.0,,True,fanduel,2026-05-03T22:12:43.875072
Stephon Castle,,,219920e3a715ceb3dc69f3638f7571d5,2026-05-05,01:40,points,24.5,470.0,,True,fanduel,2026-05-03T22:12:43.875074
Jaden McDaniels,,,219920e3a715ceb3dc69f3638f7571d5,2026-05-05,01:40,points,24.5,560.0,,True,fanduel,2026-05-03T22:12:43.875075
Naz Reid,,,219920e3a715ceb3dc69f3638f7571d5,2026-05-05,01:40,points,24.5,1300.0,,True,fanduel,2026-05-03T22:12:43.875077
Devin Vassell,,,219920e3a715ceb3dc69f3638f7571d5,2026-05-05,01:40,points,24.5,1400.0,,True,fanduel,2026-05-03T22:12:43.875079
Victor Wembanyama,,,219920e3a715ceb3dc69f3638f7571d5,2026-05-05,01:40,points,39.5,750.0,,True,fanduel,2026-05-03T22:12:43.875080
Julius Randle,,,219920e3a715ceb3dc69f3638f7571d5,2026-05-05,01:40,points,39.5,3500.0,,True,fanduel,2026-05-03T22:12:43.875082
Julius Randle,,,219920e3a715ceb3dc69f3638f7571d5,2026-05-05,01:40,points,9.5,-7000.0,,True,fanduel,2026-05-03T22:12:43.875084
De'Aaron Fox,,,219920e3a715ceb3dc69f3638f7571d5,2026-05-05,01:40,points,9.5,-1800.0,,True,fanduel,2026-05-03T22:12:43.875086
Ayo Dosunmu,,,219920e3a715ceb3dc69f3638f7571d5,2026-05-05,01:40,points,9.5,-1800.0,,True,fanduel,2026-05-03T22:12:43.875087
Stephon Castle,,,219920e3a715ceb3dc69f3638f7571d5,2026-05-05,01:40,points,9.5,-1600.0,,True,fanduel,2026-05-03T22:12:43.875089
Jaden McDaniels,,,219920e3a715ceb3dc69f3638f7571d5,2026-05-05,01:40,points,9.5,-1100.0,,True,fanduel,2026-05-03T22:12:43.875091
Devin Vassell,,,219920e3a715ceb3dc69f3638f7571d5,2026-05-05,01:40,points,9.5,-330.0,,True,fanduel,2026-05-03T22:12:43.875092
Naz Reid,,,219920e3a715ceb3dc69f3638f7571d5,2026-05-05,01:40,points,9.5,-280.0,,True,fanduel,2026-05-03T22:12:43.875094
Dylan Harper,,,219920e3a715ceb3dc69f3638f7571d5,2026-05-05,01:40,points,9.5,100.0,,True,fanduel,2026-05-03T22:12:43.875096
Rudy Gobert,,,219920e3a715ceb3dc69f3638f7571d5,2026-05-05,01:40,points,9.5,134.0,,True,fanduel,2026-05-03T22:12:43.875097
Julian Champagnie,,,219920e3a715ceb3dc69f3638f7571d5,2026-05-05,01:40,points,9.5,138.0,,True,fanduel,2026-05-03T22:12:43.875099
Keldon Johnson,,,219920e3a715ceb3dc69f3638f7571d5,2026-05-05,01:40,points,9.5,140.0,,True,fanduel,2026-05-03T22:12:43.875101
Mike Conley,,,219920e3a715ceb3dc69f3638f7571d5,2026-05-05,01:40,points,9.5,360.0,,True,fanduel,2026-05-03T22:12:43.875103
Luke Kornet,,,219920e3a715ceb3dc69f3638f7571d5,2026-05-05,01:40,points,9.5,520.0,,True,fanduel,2026-05-03T22:12:43.875106
Victor Wembanyama,,,219920e3a715ceb3dc69f3638f7571d5,2026-05-05,01:40,points,34.5,310.0,,True,fanduel,2026-05-03T22:12:43.875108
Julius Randle,,,219920e3a715ceb3dc69f3638f7571d5,2026-05-05,01:40,points,34.5,1200.0,,True,fanduel,2026-05-03T22:12:43.875110
Stephon Castle,,,219920e3a715ceb3dc69f3638f7571d5,2026-05-05,01:40,points,34.5,3500.0,,True,fanduel,2026-05-03T22:12:43.875111
Ayo Dosunmu,,,219920e3a715ceb3dc69f3638f7571d5,2026-05-05,01:40,points,34.5,3500.0,,True,fanduel,2026-05-03T22:12:43.875113
De'Aaron Fox,,,219920e3a715ceb3dc69f3638f7571d5,2026-05-05,01:40,points,34.5,4000.0,,True,fanduel,2026-05-03T22:12:43.875115
Victor Wembanyama,,,219920e3a715ceb3dc69f3638f7571d5,2026-05-05,01:40,points,29.5,122.0,,True,fanduel,2026-05-03T22:12:43.875118
Julius Randle,,,219920e3a715ceb3dc69f3638f7571d5,2026-05-05,01:40,points,29.5,480.0,,True,fanduel,2026-05-03T22:12:43.875120
Ayo Dosunmu,,,219920e3a715ceb3dc69f3638f7571d5,2026-05-05,01:40,points,29.5,1100.0,,True,fanduel,2026-05-03T22:12:43.875122
Stephon Castle,,,219920e3a715ceb3dc69f3638f7571d5,2026-05-05,01:40,points,29.5,1300.0,,True,fanduel,2026-05-03T22:12:43.875125
De'Aaron Fox,,,219920e3a715ceb3dc69f3638f7571d5,2026-05-05,01:40,points,29.5,1300.0,,True,fanduel,2026-05-03T22:12:43.875127
Jaden McDaniels,,,219920e3a715ceb3dc69f3638f7571d5,2026-05-05,01:40,points,29.5,1400.0,,True,fanduel,2026-05-03T22:12:43.875129
Victor Wembanyama,,,219920e3a715ceb3dc69f3638f7571d5,2026-05-05,01:40,points,14.5,-7000.0,,True,fanduel,2026-05-03T22:12:43.875131
Julius Randle,,,219920e3a715ceb3dc69f3638f7571d5,2026-05-05,01:40,points,14.5,-720.0,,True,fanduel,2026-05-03T22:12:43.875132
De'Aaron Fox,,,219920e3a715ceb3dc69f3638f7571d5,2026-05-05,01:40,points,14.5,-265.0,,True,fanduel,2026-05-03T22:12:43.875134
Ayo Dosunmu,,,219920e3a715ceb3dc69f3638f7571d5,2026-05-05,01:40,points,14.5,-265.0,,True,fanduel,2026-05-03T22:12:43.875136
Stephon Castle,,,219920e3a715ceb3dc69f3638f7571d5,2026-05-05,01:40,points,14.5,-245.0,,True,fanduel,2026-05-03T22:12:43.875137
Jaden McDaniels,,,219920e3a715ceb3dc69f3638f7571d5,2026-05-05,01:40,points,14.5,-210.0,,True,fanduel,2026-05-03T22:12:43.875139
Devin Vassell,,,219920e3a715ceb3dc69f3638f7571d5,2026-05-05,01:40,points,14.5,144.0,,True,fanduel,2026-05-03T22:12:43.875141
Naz Reid,,,219920e3a715ceb3dc69f3638f7571d5,2026-05-05,01:40,points,14.5,146.0,,True,fanduel,2026-05-03T22:12:43.875142
Dylan Harper,,,219920e3a715ceb3dc69f3638f7571d5,2026-05-05,01:40,points,14.5,370.0,,True,fanduel,2026-05-03T22:12:43.875144
Keldon Johnson,,,219920e3a715ceb3dc69f3638f7571d5,2026-05-05,01:40,points,14.5,520.0,,True,fanduel,2026-05-03T22:12:43.875146
Julian Champagnie,,,219920e3a715ceb3dc69f3638f7571d5,2026-05-05,01:40,points,14.5,560.0,,True,fanduel,2026-05-03T22:12:43.875148
Rudy Gobert,,,219920e3a715ceb3dc69f3638f7571d5,2026-05-05,01:40,points,14.5,600.0,,True,fanduel,2026-05-03T22:12:43.875149
Mike Conley,,,219920e3a715ceb3dc69f3638f7571d5,2026-05-05,01:40,points,14.5,1400.0,,True,fanduel,2026-05-03T22:12:43.875151
Victor Wembanyama,,,219920e3a715ceb3dc69f3638f7571d5,2026-05-05,01:40,points,19.5,-850.0,,True,fanduel,2026-05-03T22:12:43.875153
Julius Randle,,,219920e3a715ceb3dc69f3638f7571d5,2026-05-05,01:40,points,19.5,-174.0,,True,fanduel,2026-05-03T22:12:43.875154
Ayo Dosunmu,,,219920e3a715ceb3dc69f3638f7571d5,2026-05-05,01:40,points,19.5,134.0,,True,fanduel,2026-05-03T22:12:43.875156
Stephon Castle,,,219920e3a715ceb3dc69f3638f7571d5,2026-05-05,01:40,points,19.5,148.0,,True,fanduel,2026-05-03T22:12:43.875158
De'Aaron Fox,,,219920e3a715ceb3dc69f3638f7571d5,2026-05-05,01:40,points,19.5,146.0,,True,fanduel,2026-05-03T22:12:43.875159
Jaden McDaniels,,,219920e3a715ceb3dc69f3638f7571d5,2026-05-05,01:40,points,19.5,176.0,,True,fanduel,2026-05-03T22:12:43.875161
Naz Reid,,,219920e3a715ceb3dc69f3638f7571d5,2026-05-05,01:40,points,19.5,470.0,,True,fanduel,2026-05-03T22:12:43.875163
Devin Vassell,,,219920e3a715ceb3dc69f3638f7571d5,2026-05-05,01:40,points,19.5,500.0,,True,fanduel,2026-05-03T22:12:43.875165
Dylan Harper,,,219920e3a715ceb3dc69f3638f7571d5,2026-05-05,01:40,points,19.5,1100.0,,True,fanduel,2026-05-03T22:12:43.875166
Keldon Johnson,,,219920e3a715ceb3dc69f3638f7571d5,2026-05-05,01:40,points,19.5,1400.0,,True,fanduel,2026-05-03T22:12:43.875168
Rudy Gobert,,,219920e3a715ceb3dc69f3638f7571d5,2026-05-05,01:40,points,19.5,2000.0,,True,fanduel,2026-05-03T22:12:43.875170
Julian Champagnie,,,219920e3a715ceb3dc69f3638f7571d5,2026-05-05,01:40,points,19.5,2000.0,,True,fanduel,2026-05-03T22:12:43.875171
Victor Wembanyama,,,219920e3a715ceb3dc69f3638f7571d5,2026-05-05,01:40,points,49.5,4000.0,,True,fanduel,2026-05-03T22:12:43.875175
Julius Randle,,,219920e3a715ceb3dc69f3638f7571d5,2026-05-05,01:40,rebounds,6.5,-118.0,-112.0,False,fanduel,2026-05-03T22:12:43.875189
Julian Champagnie,,,219920e3a715ceb3dc69f3638f7571d5,2026-05-05,01:40,rebounds,4.5,-158.0,118.0,False,fanduel,2026-05-03T22:12:43.875191
Stephon Castle,,,219920e3a715ceb3dc69f3638f7571d5,2026-05-05,01:40,rebounds,5.5,-110.0,-120.0,False,fanduel,2026-05-03T22:12:43.875193
Ayo Dosunmu,,,219920e3a715ceb3dc69f3638f7571d5,2026-05-05,01:40,rebounds,3.5,-162.0,122.0,False,fanduel,2026-05-03T22:12:43.875194
Devin Vassell,,,219920e3a715ceb3dc69f3638f7571d5,2026-05-05,01:40,rebounds,3.5,-172.0,128.0,False,fanduel,2026-05-03T22:12:43.875196
Rudy Gobert,,,219920e3a715ceb3dc69f3638f7571d5,2026-05-05,01:40,rebounds,10.5,-138.0,104.0,False,fanduel,2026-05-03T22:12:43.875198
Jaden McDaniels,,,219920e3a715ceb3dc69f3638f7571d5,2026-05-05,01:40,rebounds,4.5,-114.0,-114.0,False,fanduel,2026-05-03T22:12:43.875199
Naz Reid,,,219920e3a715ceb3dc69f3638f7571d5,2026-05-05,01:40,rebounds,5.5,-138.0,104.0,False,fanduel,2026-05-03T22:12:43.875201
Victor Wembanyama,,,219920e3a715ceb3dc69f3638f7571d5,2026-05-05,01:40,rebounds,11.5,-112.0,-118.0,False,fanduel,2026-05-03T22:12:43.875203
De'Aaron Fox,,,219920e3a715ceb3dc69f3638f7571d5,2026-05-05,01:40,rebounds,3.5,-152.0,114.0,False,fanduel,2026-05-03T22:12:43.875205
Keldon Johnson,,,219920e3a715ceb3dc69f3638f7571d5,2026-05-05,01:40,rebounds,3.5,-110.0,-122.0,False,fanduel,2026-05-03T22:12:43.875206
Victor Wembanyama,,,219920e3a715ceb3dc69f3638f7571d5,2026-05-05,01:40,rebounds,7.5,-900.0,,True,fanduel,2026-05-03T22:12:43.875233
Rudy Gobert,,,219920e3a715ceb3dc69f3638f7571d5,2026-05-05,01:40,rebounds,7.5,-620.0,,True,fanduel,2026-05-03T22:12:43.875237
Julius Randle,,,219920e3a715ceb3dc69f3638f7571d5,2026-05-05,01:40,rebounds,7.5,158.0,,True,fanduel,2026-05-03T22:12:43.875239
Naz Reid,,,219920e3a715ceb3dc69f3638f7571d5,2026-05-05,01:40,rebounds,7.5,240.0,,True,fanduel,2026-05-03T22:12:43.875241
Stephon Castle,,,219920e3a715ceb3dc69f3638f7571d5,2026-05-05,01:40,rebounds,7.5,330.0,,True,fanduel,2026-05-03T22:12:43.875242
Julian Champagnie,,,219920e3a715ceb3dc69f3638f7571d5,2026-05-05,01:40,rebounds,7.5,440.0,,True,fanduel,2026-05-03T22:12:43.875244
Luke Kornet,,,219920e3a715ceb3dc69f3638f7571d5,2026-05-05,01:40,rebounds,7.5,480.0,,True,fanduel,2026-05-03T22:12:43.875246
Jaden McDaniels,,,219920e3a715ceb3dc69f3638f7571d5,2026-05-05,01:40,rebounds,7.5,630.0,,True,fanduel,2026-05-03T22:12:43.875247
Ayo Dosunmu,,,219920e3a715ceb3dc69f3638f7571d5,2026-05-05,01:40,rebounds,7.5,680.0,,True,fanduel,2026-05-03T22:12:43.875249
Devin Vassell,,,219920e3a715ceb3dc69f3638f7571d5,2026-05-05,01:40,rebounds,7.5,1060.0,,True,fanduel,2026-05-03T22:12:43.875251
Keldon Johnson,,,219920e3a715ceb3dc69f3638f7571d5,2026-05-05,01:40,rebounds,7.5,1060.0,,True,fanduel,2026-05-03T22:12:43.875252
De'Aaron Fox,,,219920e3a715ceb3dc69f3638f7571d5,2026-05-05,01:40,rebounds,7.5,1200.0,,True,fanduel,2026-05-03T22:12:43.875254
Rudy Gobert,,,219920e3a715ceb3dc69f3638f7571d5,2026-05-05,01:40,rebounds,5.5,-4000.0,,True,fanduel,2026-05-03T22:12:43.875256
Julius Randle,,,219920e3a715ceb3dc69f3638f7571d5,2026-05-05,01:40,rebounds,5.5,-220.0,,True,fanduel,2026-05-03T22:12:43.875258
Naz Reid,,,219920e3a715ceb3dc69f3638f7571d5,2026-05-05,01:40,rebounds,5.5,-136.0,,True,fanduel,2026-05-03T22:12:43.875259
Stephon Castle,,,219920e3a715ceb3dc69f3638f7571d5,2026-05-05,01:40,rebounds,5.5,-108.0,,True,fanduel,2026-05-03T22:12:43.875261
Julian Champagnie,,,219920e3a715ceb3dc69f3638f7571d5,2026-05-05,01:40,rebounds,5.5,130.0,,True,fanduel,2026-05-03T22:12:43.875263
Jaden McDaniels,,,219920e3a715ceb3dc69f3638f7571d5,2026-05-05,01:40,rebounds,5.5,180.0,,True,fanduel,2026-05-03T22:12:43.875264
Luke Kornet,,,219920e3a715ceb3dc69f3638f7571d5,2026-05-05,01:40,rebounds,5.5,180.0,,True,fanduel,2026-05-03T22:12:43.875266
Ayo Dosunmu,,,219920e3a715ceb3dc69f3638f7571d5,2026-05-05,01:40,rebounds,5.5,235.0,,True,fanduel,2026-05-03T22:12:43.875268
Devin Vassell,,,219920e3a715ceb3dc69f3638f7571d5,2026-05-05,01:40,rebounds,5.5,280.0,,True,fanduel,2026-05-03T22:12:43.875271
De'Aaron Fox,,,219920e3a715ceb3dc69f3638f7571d5,2026-05-05,01:40,rebounds,5.5,320.0,,True,fanduel,2026-05-03T22:12:43.875273
Keldon Johnson,,,219920e3a715ceb3dc69f3638f7571d5,2026-05-05,01:40,rebounds,5.5,350.0,,True,fanduel,2026-05-03T22:12:43.875275
Dylan Harper,,,219920e3a715ceb3dc69f3638f7571d5,2026-05-05,01:40,rebounds,5.5,800.0,,True,fanduel,2026-05-03T22:12:43.875276
Victor Wembanyama,,,219920e3a715ceb3dc69f3638f7571d5,2026-05-05,01:40,rebounds,13.5,230.0,,True,fanduel,2026-05-03T22:12:43.875286
Rudy Gobert,,,219920e3a715ceb3dc69f3638f7571d5,2026-05-05,01:40,rebounds,13.5,280.0,,True,fanduel,2026-05-03T22:12:43.875287
Julius Randle,,,219920e3a715ceb3dc69f3638f7571d5,2026-05-05,01:40,rebounds,13.5,3000.0,,True,fanduel,2026-05-03T22:12:43.875289
Victor Wembanyama,,,219920e3a715ceb3dc69f3638f7571d5,2026-05-05,01:40,rebounds,11.5,-111.0,,True,fanduel,2026-05-03T22:12:43.875291
Rudy Gobert,,,219920e3a715ceb3dc69f3638f7571d5,2026-05-05,01:40,rebounds,11.5,120.0,,True,fanduel,2026-05-03T22:12:43.875293
Julius Randle,,,219920e3a715ceb3dc69f3638f7571d5,2026-05-05,01:40,rebounds,11.5,1100.0,,True,fanduel,2026-05-03T22:12:43.875294
Naz Reid,,,219920e3a715ceb3dc69f3638f7571d5,2026-05-05,01:40,rebounds,11.5,1400.0,,True,fanduel,2026-05-03T22:12:43.875296
Stephon Castle,,,219920e3a715ceb3dc69f3638f7571d5,2026-05-05,01:40,rebounds,11.5,2000.0,,True,fanduel,2026-05-03T22:12:43.875298
Luke Kornet,,,219920e3a715ceb3dc69f3638f7571d5,2026-05-05,01:40,rebounds,11.5,2000.0,,True,fanduel,2026-05-03T22:12:43.875299
Ayo Dosunmu,,,219920e3a715ceb3dc69f3638f7571d5,2026-05-05,01:40,rebounds,11.5,2500.0,,True,fanduel,2026-05-03T22:12:43.875301
Julius Randle,,,219920e3a715ceb3dc69f3638f7571d5,2026-05-05,01:40,rebounds,3.5,-1400.0,,True,fanduel,2026-05-03T22:12:43.875303
Naz Reid,,,219920e3a715ceb3dc69f3638f7571d5,2026-05-05,01:40,rebounds,3.5,-590.0,,True,fanduel,2026-05-03T22:12:43.875305
Stephon Castle,,,219920e3a715ceb3dc69f3638f7571d5,2026-05-05,01:40,rebounds,3.5,-520.0,,True,fanduel,2026-05-03T22:12:43.875306
Julian Champagnie,,,219920e3a715ceb3dc69f3638f7571d5,2026-05-05,01:40,rebounds,3.5,-340.0,,True,fanduel,2026-05-03T22:12:43.875308
Jaden McDaniels,,,219920e3a715ceb3dc69f3638f7571d5,2026-05-05,01:40,rebounds,3.5,-250.0,,True,fanduel,2026-05-03T22:12:43.875310
Luke Kornet,,,219920e3a715ceb3dc69f3638f7571d5,2026-05-05,01:40,rebounds,3.5,-186.0,,True,fanduel,2026-05-03T22:12:43.875311
Devin Vassell,,,219920e3a715ceb3dc69f3638f7571d5,2026-05-05,01:40,rebounds,3.5,-166.0,,True,fanduel,2026-05-03T22:12:43.875313
Ayo Dosunmu,,,219920e3a715ceb3dc69f3638f7571d5,2026-05-05,01:40,rebounds,3.5,-160.0,,True,fanduel,2026-05-03T22:12:43.875315
De'Aaron Fox,,,219920e3a715ceb3dc69f3638f7571d5,2026-05-05,01:40,rebounds,3.5,-146.0,,True,fanduel,2026-05-03T22:12:43.875317
Keldon Johnson,,,219920e3a715ceb3dc69f3638f7571d5,2026-05-05,01:40,rebounds,3.5,-108.0,,True,fanduel,2026-05-03T22:12:43.875318
Dylan Harper,,,219920e3a715ceb3dc69f3638f7571d5,2026-05-05,01:40,rebounds,3.5,172.0,,True,fanduel,2026-05-03T22:12:43.875320
Mike Conley,,,219920e3a715ceb3dc69f3638f7571d5,2026-05-05,01:40,rebounds,3.5,560.0,,True,fanduel,2026-05-03T22:12:43.875322
Victor Wembanyama,,,219920e3a715ceb3dc69f3638f7571d5,2026-05-05,01:40,rebounds,15.5,500.0,,True,fanduel,2026-05-03T22:12:43.875323
Rudy Gobert,,,219920e3a715ceb3dc69f3638f7571d5,2026-05-05,01:40,rebounds,15.5,600.0,,True,fanduel,2026-05-03T22:12:43.875325
Victor Wembanyama,,,219920e3a715ceb3dc69f3638f7571d5,2026-05-05,01:40,rebounds,9.5,-310.0,,True,fanduel,2026-05-03T22:12:43.875327
Rudy Gobert,,,219920e3a715ceb3dc69f3638f7571d5,2026-05-05,01:40,rebounds,9.5,-230.0,,True,fanduel,2026-05-03T22:12:43.875328
Julius Randle,,,219920e3a715ceb3dc69f3638f7571d5,2026-05-05,01:40,rebounds,9.5,420.0,,True,fanduel,2026-05-03T22:12:43.875330
Naz Reid,,,219920e3a715ceb3dc69f3638f7571d5,2026-05-05,01:40,rebounds,9.5,600.0,,True,fanduel,2026-05-03T22:12:43.875332
Stephon Castle,,,219920e3a715ceb3dc69f3638f7571d5,2026-05-05,01:40,rebounds,9.5,800.0,,True,fanduel,2026-05-03T22:12:43.875337
Julian Champagnie,,,219920e3a715ceb3dc69f3638f7571d5,2026-05-05,01:40,rebounds,9.5,1060.0,,True,fanduel,2026-05-03T22:12:43.875339
Luke Kornet,,,219920e3a715ceb3dc69f3638f7571d5,2026-05-05,01:40,rebounds,9.5,1060.0,,True,fanduel,2026-05-03T22:12:43.875340
Ayo Dosunmu,,,219920e3a715ceb3dc69f3638f7571d5,2026-05-05,01:40,rebounds,9.5,1300.0,,True,fanduel,2026-05-03T22:12:43.875342
Jaden McDaniels,,,219920e3a715ceb3dc69f3638f7571d5,2026-05-05,01:40,rebounds,9.5,1500.0,,True,fanduel,2026-05-03T22:12:43.875344
Julius Randle,,,219920e3a715ceb3dc69f3638f7571d5,2026-05-05,01:40,threes,1.5,136.0,-182.0,False,fanduel,2026-05-03T22:12:43.875357
Mike Conley,,,219920e3a715ceb3dc69f3638f7571d5,2026-05-05,01:40,threes,1.5,136.0,-182.0,False,fanduel,2026-05-03T22:12:43.875358
Victor Wembanyama,,,219920e3a715ceb3dc69f3638f7571d5,2026-05-05,01:40,threes,2.5,108.0,-144.0,False,fanduel,2026-05-03T22:12:43.875360
Stephon Castle,,,219920e3a715ceb3dc69f3638f7571d5,2026-05-05,01:40,threes,1.5,126.0,-168.0,False,fanduel,2026-05-03T22:12:43.875362
Ayo Dosunmu,,,219920e3a715ceb3dc69f3638f7571d5,2026-05-05,01:40,threes,1.5,-152.0,114.0,False,fanduel,2026-05-03T22:12:43.875363
Jaden McDaniels,,,219920e3a715ceb3dc69f3638f7571d5,2026-05-05,01:40,threes,1.5,108.0,-144.0,False,fanduel,2026-05-03T22:12:43.875365
Naz Reid,,,219920e3a715ceb3dc69f3638f7571d5,2026-05-05,01:40,threes,1.5,-114.0,-114.0,False,fanduel,2026-05-03T22:12:43.875367
De'Aaron Fox,,,219920e3a715ceb3dc69f3638f7571d5,2026-05-05,01:40,threes,1.5,-114.0,-114.0,False,fanduel,2026-05-03T22:12:43.875369
Devin Vassell,,,219920e3a715ceb3dc69f3638f7571d5,2026-05-05,01:40,threes,1.5,-200.0,148.0,False,fanduel,2026-05-03T22:12:43.875370
Victor Wembanyama,,,219920e3a715ceb3dc69f3638f7571d5,2026-05-05,01:40,threes,6.5,3000.0,,True,fanduel,2026-05-03T22:12:43.875395
Victor Wembanyama,,,219920e3a715ceb3dc69f3638f7571d5,2026-05-05,01:40,threes,4.5,750.0,,True,fanduel,2026-05-03T22:12:43.875396
Devin Vassell,,,219920e3a715ceb3dc69f3638f7571d5,2026-05-05,01:40,threes,4.5,1000.0,,True,fanduel,2026-05-03T22:12:43.875398
Ayo Dosunmu,,,219920e3a715ceb3dc69f3638f7571d5,2026-05-05,01:40,threes,4.5,1400.0,,True,fanduel,2026-05-03T22:12:43.875400
Naz Reid,,,219920e3a715ceb3dc69f3638f7571d5,2026-05-05,01:40,threes,4.5,1900.0,,True,fanduel,2026-05-03T22:12:43.875401
De'Aaron Fox,,,219920e3a715ceb3dc69f3638f7571d5,2026-05-05,01:40,threes,4.5,2000.0,,True,fanduel,2026-05-03T22:12:43.875403
Victor Wembanyama,,,219920e3a715ceb3dc69f3638f7571d5,2026-05-05,01:40,threes,5.5,1400.0,,True,fanduel,2026-05-03T22:12:43.875405
Devin Vassell,,,219920e3a715ceb3dc69f3638f7571d5,2026-05-05,01:40,threes,5.5,2000.0,,True,fanduel,2026-05-03T22:12:43.875407
Victor Wembanyama,,,219920e3a715ceb3dc69f3638f7571d5,2026-05-05,01:40,threes,3.5,285.0,,True,fanduel,2026-05-03T22:12:43.875408
Devin Vassell,,,219920e3a715ceb3dc69f3638f7571d5,2026-05-05,01:40,threes,3.5,430.0,,True,fanduel,2026-05-03T22:12:43.875410
Ayo Dosunmu,,,219920e3a715ceb3dc69f3638f7571d5,2026-05-05,01:40,threes,3.5,560.0,,True,fanduel,2026-05-03T22:12:43.875412
Naz Reid,,,219920e3a715ceb3dc69f3638f7571d5,2026-05-05,01:40,threes,3.5,680.0,,True,fanduel,2026-05-03T22:12:43.875414
De'Aaron Fox,,,219920e3a715ceb3dc69f3638f7571d5,2026-05-05,01:40,threes,3.5,800.0,,True,fanduel,2026-05-03T22:12:43.875415
Jaden McDaniels,,,219920e3a715ceb3dc69f3638f7571d5,2026-05-05,01:40,threes,3.5,900.0,,True,fanduel,2026-05-03T22:12:43.875417
Stephon Castle,,,219920e3a715ceb3dc69f3638f7571d5,2026-05-05,01:40,threes,3.5,1100.0,,True,fanduel,2026-05-03T22:12:43.875419
Mike Conley,,,219920e3a715ceb3dc69f3638f7571d5,2026-05-05,01:40,threes,3.5,1100.0,,True,fanduel,2026-05-03T22:12:43.875420
Julius Randle,,,219920e3a715ceb3dc69f3638f7571d5,2026-05-05,01:40,threes,3.5,1200.0,,True,fanduel,2026-05-03T22:12:43.875422
Victor Wembanyama,,,219920e3a715ceb3dc69f3638f7571d5,2026-05-05,01:40,threes,0.5,-2000.0,,True,fanduel,2026-05-03T22:12:43.875424
Devin Vassell,,,219920e3a715ceb3dc69f3638f7571d5,2026-05-05,01:40,threes,0.5,-1100.0,,True,fanduel,2026-05-03T22:12:43.875428
Ayo Dosunmu,,,219920e3a715ceb3dc69f3638f7571d5,2026-05-05,01:40,threes,0.5,-770.0,,True,fanduel,2026-05-03T22:12:43.875429
De'Aaron Fox,,,219920e3a715ceb3dc69f3638f7571d5,2026-05-05,01:40,threes,0.5,-560.0,,True,fanduel,2026-05-03T22:12:43.875431
Naz Reid,,,219920e3a715ceb3dc69f3638f7571d5,2026-05-05,01:40,threes,0.5,-530.0,,True,fanduel,2026-05-03T22:12:43.875434
Jaden McDaniels,,,219920e3a715ceb3dc69f3638f7571d5,2026-05-05,01:40,threes,0.5,-460.0,,True,fanduel,2026-05-03T22:12:43.875436
Stephon Castle,,,219920e3a715ceb3dc69f3638f7571d5,2026-05-05,01:40,threes,0.5,-390.0,,True,fanduel,2026-05-03T22:12:43.875438
Julius Randle,,,219920e3a715ceb3dc69f3638f7571d5,2026-05-05,01:40,threes,0.5,-370.0,,True,fanduel,2026-05-03T22:12:43.875440
Mike Conley,,,219920e3a715ceb3dc69f3638f7571d5,2026-05-05,01:40,threes,0.5,-340.0,,True,fanduel,2026-05-03T22:12:43.875441
Keldon Johnson,,,219920e3a715ceb3dc69f3638f7571d5,2026-05-05,01:40,threes,0.5,-170.0,,True,fanduel,2026-05-03T22:12:43.875443
Victor Wembanyama,,,219920e3a715ceb3dc69f3638f7571d5,2026-05-05,01:40,threes,1.5,-290.0,,True,fanduel,2026-05-03T22:12:43.875445
Devin Vassell,,,219920e3a715ceb3dc69f3638f7571d5,2026-05-05,01:40,threes,1.5,-194.0,,True,fanduel,2026-05-03T22:12:43.875446
Ayo Dosunmu,,,219920e3a715ceb3dc69f3638f7571d5,2026-05-05,01:40,threes,1.5,-146.0,,True,fanduel,2026-05-03T22:12:43.875448
De'Aaron Fox,,,219920e3a715ceb3dc69f3638f7571d5,2026-05-05,01:40,threes,1.5,-113.0,,True,fanduel,2026-05-03T22:12:43.875450
Naz Reid,,,219920e3a715ceb3dc69f3638f7571d5,2026-05-05,01:40,threes,1.5,-113.0,,True,fanduel,2026-05-03T22:12:43.875452
Jaden McDaniels,,,219920e3a715ceb3dc69f3638f7571d5,2026-05-05,01:40,threes,1.5,112.0,,True,fanduel,2026-05-03T22:12:43.875453
Stephon Castle,,,219920e3a715ceb3dc69f3638f7571d5,2026-05-05,01:40,threes,1.5,128.0,,True,fanduel,2026-05-03T22:12:43.875455
Julius Randle,,,219920e3a715ceb3dc69f3638f7571d5,2026-05-05,01:40,threes,1.5,138.0,,True,fanduel,2026-05-03T22:12:43.875457
Mike Conley,,,219920e3a715ceb3dc69f3638f7571d5,2026-05-05,01:40,threes,1.5,138.0,,True,fanduel,2026-05-03T22:12:43.875458
Keldon Johnson,,,219920e3a715ceb3dc69f3638f7571d5,2026-05-05,01:40,threes,1.5,285.0,,True,fanduel,2026-05-03T22:12:43.875460
Victor Wembanyama,,,219920e3a715ceb3dc69f3638f7571d5,2026-05-05,01:40,threes,2.5,112.0,,True,fanduel,2026-05-03T22:12:43.875467
Devin Vassell,,,219920e3a715ceb3dc69f3638f7571d5,2026-05-05,01:40,threes,2.5,168.0,,True,fanduel,2026-05-03T22:12:43.875469
Ayo Dosunmu,,,219920e3a715ceb3dc69f3638f7571d5,2026-05-05,01:40,threes,2.5,220.0,,True,fanduel,2026-05-03T22:12:43.875470
Naz Reid,,,219920e3a715ceb3dc69f3638f7571d5,2026-05-05,01:40,threes,2.5,255.0,,True,fanduel,2026-05-03T22:12:43.875472
De'Aaron Fox,,,219920e3a715ceb3dc69f3638f7571d5,2026-05-05,01:40,threes,2.5,285.0,,True,fanduel,2026-05-03T22:12:43.875474
Jaden McDaniels,,,219920e3a715ceb3dc69f3638f7571d5,2026-05-05,01:40,threes,2.5,340.0,,True,fanduel,2026-05-03T22:12:43.875475
Stephon Castle,,,219920e3a715ceb3dc69f3638f7571d5,2026-05-05,01:40,threes,2.5,420.0,,True,fanduel,2026-05-03T22:12:43.875477
Mike Conley,,,219920e3a715ceb3dc69f3638f7571d5,2026-05-05,01:40,threes,2.5,430.0,,True,fanduel,2026-05-03T22:12:43.875479
Julius Randle,,,219920e3a715ceb3dc69f3638f7571d5,2026-05-05,01:40,threes,2.5,440.0,,True,fanduel,2026-05-03T22:12:43.875481
Keldon Johnson,,,219920e3a715ceb3dc69f3638f7571d5,2026-05-05,01:40,threes,2.5,900.0,,True,fanduel,2026-05-03T22:12:43.875483
Austin Reaves,,,689b4554b0b10e67f46872eb2e74b98d,2026-05-06,01:40,assists,5.5,118.0,-158.0,False,fanduel,2026-05-03T22:12:43.989150
Ajay Mitchell,,,689b4554b0b10e67f46872eb2e74b98d,2026-05-06,01:40,assists,3.5,104.0,-138.0,False,fanduel,2026-05-03T22:12:43.989701
Isaiah Hartenstein,,,689b4554b0b10e67f46872eb2e74b98d,2026-05-06,01:40,assists,2.5,-128.0,-104.0,False,fanduel,2026-05-03T22:12:43.989706
LeBron James,,,689b4554b0b10e67f46872eb2e74b98d,2026-05-06,01:40,assists,7.5,-114.0,-114.0,False,fanduel,2026-05-03T22:12:43.989708
Shai Gilgeous-Alexander,,,689b4554b0b10e67f46872eb2e74b98d,2026-05-06,01:40,assists,7.5,106.0,-140.0,False,fanduel,2026-05-03T22:12:43.989709
Cason Wallace,,,689b4554b0b10e67f46872eb2e74b98d,2026-05-06,01:40,assists,1.5,-198.0,146.0,False,fanduel,2026-05-03T22:12:43.989711
Marcus Smart,,,689b4554b0b10e67f46872eb2e74b98d,2026-05-06,01:40,assists,2.5,-138.0,104.0,False,fanduel,2026-05-03T22:12:43.989713
LeBron James,,,689b4554b0b10e67f46872eb2e74b98d,2026-05-06,01:40,assists,5.5,-410.0,,True,fanduel,2026-05-03T22:12:43.989732
Shai Gilgeous-Alexander,,,689b4554b0b10e67f46872eb2e74b98d,2026-05-06,01:40,assists,5.5,-340.0,,True,fanduel,2026-05-03T22:12:43.989734
Austin Reaves,,,689b4554b0b10e67f46872eb2e74b98d,2026-05-06,01:40,assists,5.5,122.0,,True,fanduel,2026-05-03T22:12:43.989736
Ajay Mitchell,,,689b4554b0b10e67f46872eb2e74b98d,2026-05-06,01:40,assists,5.5,470.0,,True,fanduel,2026-05-03T22:12:43.989738
Isaiah Hartenstein,,,689b4554b0b10e67f46872eb2e74b98d,2026-05-06,01:40,assists,5.5,870.0,,True,fanduel,2026-05-03T22:12:43.989740
Marcus Smart,,,689b4554b0b10e67f46872eb2e74b98d,2026-05-06,01:40,assists,5.5,900.0,,True,fanduel,2026-05-03T22:12:43.989741
Cason Wallace,,,689b4554b0b10e67f46872eb2e74b98d,2026-05-06,01:40,assists,5.5,1300.0,,True,fanduel,2026-05-03T22:12:43.989743
LeBron James,,,689b4554b0b10e67f46872eb2e74b98d,2026-05-06,01:40,assists,13.5,1500.0,,True,fanduel,2026-05-03T22:12:43.989745
Shai Gilgeous-Alexander,,,689b4554b0b10e67f46872eb2e74b98d,2026-05-06,01:40,assists,13.5,2000.0,,True,fanduel,2026-05-03T22:12:43.989747
LeBron James,,,689b4554b0b10e67f46872eb2e74b98d,2026-05-06,01:40,assists,11.5,630.0,,True,fanduel,2026-05-03T22:12:43.989748
Shai Gilgeous-Alexander,,,689b4554b0b10e67f46872eb2e74b98d,2026-05-06,01:40,assists,11.5,830.0,,True,fanduel,2026-05-03T22:12:43.989750
Ajay Mitchell,,,689b4554b0b10e67f46872eb2e74b98d,2026-05-06,01:40,assists,1.5,-800.0,,True,fanduel,2026-05-03T22:12:43.989755
Marcus Smart,,,689b4554b0b10e67f46872eb2e74b98d,2026-05-06,01:40,assists,1.5,-430.0,,True,fanduel,2026-05-03T22:12:43.989756
Isaiah Hartenstein,,,689b4554b0b10e67f46872eb2e74b98d,2026-05-06,01:40,assists,1.5,-400.0,,True,fanduel,2026-05-03T22:12:43.989758
Cason Wallace,,,689b4554b0b10e67f46872eb2e74b98d,2026-05-06,01:40,assists,1.5,-188.0,,True,fanduel,2026-05-03T22:12:43.989760
LeBron James,,,689b4554b0b10e67f46872eb2e74b98d,2026-05-06,01:40,assists,9.5,230.0,,True,fanduel,2026-05-03T22:12:43.989762
Shai Gilgeous-Alexander,,,689b4554b0b10e67f46872eb2e74b98d,2026-05-06,01:40,assists,9.5,290.0,,True,fanduel,2026-05-03T22:12:43.989765
Austin Reaves,,,689b4554b0b10e67f46872eb2e74b98d,2026-05-06,01:40,assists,9.5,1100.0,,True,fanduel,2026-05-03T22:12:43.989767
LeBron James,,,689b4554b0b10e67f46872eb2e74b98d,2026-05-06,01:40,assists,3.5,-3500.0,,True,fanduel,2026-05-03T22:12:43.989768
Shai Gilgeous-Alexander,,,689b4554b0b10e67f46872eb2e74b98d,2026-05-06,01:40,assists,3.5,-3000.0,,True,fanduel,2026-05-03T22:12:43.989770
Austin Reaves,,,689b4554b0b10e67f46872eb2e74b98d,2026-05-06,01:40,assists,3.5,-390.0,,True,fanduel,2026-05-03T22:12:43.989772
Ajay Mitchell,,,689b4554b0b10e67f46872eb2e74b98d,2026-05-06,01:40,assists,3.5,106.0,,True,fanduel,2026-05-03T22:12:43.989773
Marcus Smart,,,689b4554b0b10e67f46872eb2e74b98d,2026-05-06,01:40,assists,3.5,190.0,,True,fanduel,2026-05-03T22:12:43.989775
Isaiah Hartenstein,,,689b4554b0b10e67f46872eb2e74b98d,2026-05-06,01:40,assists,3.5,200.0,,True,fanduel,2026-05-03T22:12:43.989777
Cason Wallace,,,689b4554b0b10e67f46872eb2e74b98d,2026-05-06,01:40,assists,3.5,330.0,,True,fanduel,2026-05-03T22:12:43.989778
LeBron James,,,689b4554b0b10e67f46872eb2e74b98d,2026-05-06,01:40,assists,7.5,-113.0,,True,fanduel,2026-05-03T22:12:43.989780
Shai Gilgeous-Alexander,,,689b4554b0b10e67f46872eb2e74b98d,2026-05-06,01:40,assists,7.5,108.0,,True,fanduel,2026-05-03T22:12:43.989782
Austin Reaves,,,689b4554b0b10e67f46872eb2e74b98d,2026-05-06,01:40,assists,7.5,420.0,,True,fanduel,2026-05-03T22:12:43.989784
Ajay Mitchell,,,689b4554b0b10e67f46872eb2e74b98d,2026-05-06,01:40,assists,7.5,1700.0,,True,fanduel,2026-05-03T22:12:43.989785
LeBron James,,,689b4554b0b10e67f46872eb2e74b98d,2026-05-06,01:40,points,20.5,-114.0,-114.0,False,fanduel,2026-05-03T22:12:43.989800
Shai Gilgeous-Alexander,,,689b4554b0b10e67f46872eb2e74b98d,2026-05-06,01:40,points,31.5,-130.0,-102.0,False,fanduel,2026-05-03T22:12:43.989802
Cason Wallace,,,689b4554b0b10e67f46872eb2e74b98d,2026-05-06,01:40,points,6.5,-136.0,102.0,False,fanduel,2026-05-03T22:12:43.989804
Luguentz Dort,,,689b4554b0b10e67f46872eb2e74b98d,2026-05-06,01:40,points,6.5,-132.0,100.0,False,fanduel,2026-05-03T22:12:43.989805
Ajay Mitchell,,,689b4554b0b10e67f46872eb2e74b98d,2026-05-06,01:40,points,15.5,102.0,-136.0,False,fanduel,2026-05-03T22:12:43.989807
Luke Kennard,,,689b4554b0b10e67f46872eb2e74b98d,2026-05-06,01:40,points,7.5,-104.0,-128.0,False,fanduel,2026-05-03T22:12:43.989809
Austin Reaves,,,689b4554b0b10e67f46872eb2e74b98d,2026-05-06,01:40,points,21.5,-130.0,-102.0,False,fanduel,2026-05-03T22:12:43.989810
Marcus Smart,,,689b4554b0b10e67f46872eb2e74b98d,2026-05-06,01:40,points,10.5,-106.0,-122.0,False,fanduel,2026-05-03T22:12:43.989812
Isaiah Hartenstein,,,689b4554b0b10e67f46872eb2e74b98d,2026-05-06,01:40,points,7.5,-130.0,-102.0,False,fanduel,2026-05-03T22:12:43.989814
Rui Hachimura,,,689b4554b0b10e67f46872eb2e74b98d,2026-05-06,01:40,points,11.5,-128.0,-104.0,False,fanduel,2026-05-03T22:12:43.989816
Deandre Ayton,,,689b4554b0b10e67f46872eb2e74b98d,2026-05-06,01:40,points,10.5,-102.0,-130.0,False,fanduel,2026-05-03T22:12:43.989818
Chet Holmgren,,,689b4554b0b10e67f46872eb2e74b98d,2026-05-06,01:40,points,16.5,-128.0,-104.0,False,fanduel,2026-05-03T22:12:43.989821
Shai Gilgeous-Alexander,,,689b4554b0b10e67f46872eb2e74b98d,2026-05-06,01:40,points,24.5,-800.0,,True,fanduel,2026-05-03T22:12:43.989847
Austin Reaves,,,689b4554b0b10e67f46872eb2e74b98d,2026-05-06,01:40,points,24.5,142.0,,True,fanduel,2026-05-03T22:12:43.989849
LeBron James,,,689b4554b0b10e67f46872eb2e74b98d,2026-05-06,01:40,points,24.5,215.0,,True,fanduel,2026-05-03T22:12:43.989853
Chet Holmgren,,,689b4554b0b10e67f46872eb2e74b98d,2026-05-06,01:40,points,24.5,560.0,,True,fanduel,2026-05-03T22:12:43.989854
Ajay Mitchell,,,689b4554b0b10e67f46872eb2e74b98d,2026-05-06,01:40,points,24.5,900.0,,True,fanduel,2026-05-03T22:12:43.989856
Rui Hachimura,,,689b4554b0b10e67f46872eb2e74b98d,2026-05-06,01:40,points,24.5,1700.0,,True,fanduel,2026-05-03T22:12:43.989858
Austin Reaves,,,689b4554b0b10e67f46872eb2e74b98d,2026-05-06,01:40,points,9.5,-6000.0,,True,fanduel,2026-05-03T22:12:43.989860
LeBron James,,,689b4554b0b10e67f46872eb2e74b98d,2026-05-06,01:40,points,9.5,-5000.0,,True,fanduel,2026-05-03T22:12:43.989861
Chet Holmgren,,,689b4554b0b10e67f46872eb2e74b98d,2026-05-06,01:40,points,9.5,-1450.0,,True,fanduel,2026-05-03T22:12:43.989863
Ajay Mitchell,,,689b4554b0b10e67f46872eb2e74b98d,2026-05-06,01:40,points,9.5,-670.0,,True,fanduel,2026-05-03T22:12:43.989865
Rui Hachimura,,,689b4554b0b10e67f46872eb2e74b98d,2026-05-06,01:40,points,9.5,-225.0,,True,fanduel,2026-05-03T22:12:43.989866
Marcus Smart,,,689b4554b0b10e67f46872eb2e74b98d,2026-05-06,01:40,points,9.5,-146.0,,True,fanduel,2026-05-03T22:12:43.989868
Deandre Ayton,,,689b4554b0b10e67f46872eb2e74b98d,2026-05-06,01:40,points,9.5,-142.0,,True,fanduel,2026-05-03T22:12:43.989870
Isaiah Hartenstein,,,689b4554b0b10e67f46872eb2e74b98d,2026-05-06,01:40,points,9.5,162.0,,True,fanduel,2026-05-03T22:12:43.989872
Luke Kennard,,,689b4554b0b10e67f46872eb2e74b98d,2026-05-06,01:40,points,9.5,190.0,,True,fanduel,2026-05-03T22:12:43.989873
Cason Wallace,,,689b4554b0b10e67f46872eb2e74b98d,2026-05-06,01:40,points,9.5,220.0,,True,fanduel,2026-05-03T22:12:43.989875
Luguentz Dort,,,689b4554b0b10e67f46872eb2e74b98d,2026-05-06,01:40,points,9.5,235.0,,True,fanduel,2026-05-03T22:12:43.989877
Shai Gilgeous-Alexander,,,689b4554b0b10e67f46872eb2e74b98d,2026-05-06,01:40,points,34.5,162.0,,True,fanduel,2026-05-03T22:12:43.989878
Austin Reaves,,,689b4554b0b10e67f46872eb2e74b98d,2026-05-06,01:40,points,34.5,870.0,,True,fanduel,2026-05-03T22:12:43.989880
LeBron James,,,689b4554b0b10e67f46872eb2e74b98d,2026-05-06,01:40,points,34.5,1300.0,,True,fanduel,2026-05-03T22:12:43.989882
Austin Reaves,,,689b4554b0b10e67f46872eb2e74b98d,2026-05-06,01:40,points,44.5,4000.0,,True,fanduel,2026-05-03T22:12:43.989884
Shai Gilgeous-Alexander,,,689b4554b0b10e67f46872eb2e74b98d,2026-05-06,01:40,points,44.5,1200.0,,True,fanduel,2026-05-03T22:12:43.989885
Shai Gilgeous-Alexander,,,689b4554b0b10e67f46872eb2e74b98d,2026-05-06,01:40,points,19.5,-7000.0,,True,fanduel,2026-05-03T22:12:43.989887
Austin Reaves,,,689b4554b0b10e67f46872eb2e74b98d,2026-05-06,01:40,points,19.5,-196.0,,True,fanduel,2026-05-03T22:12:43.989889
LeBron James,,,689b4554b0b10e67f46872eb2e74b98d,2026-05-06,01:40,points,19.5,-142.0,,True,fanduel,2026-05-03T22:12:43.989890
Chet Holmgren,,,689b4554b0b10e67f46872eb2e74b98d,2026-05-06,01:40,points,19.5,180.0,,True,fanduel,2026-05-03T22:12:43.989892
Ajay Mitchell,,,689b4554b0b10e67f46872eb2e74b98d,2026-05-06,01:40,points,19.5,285.0,,True,fanduel,2026-05-03T22:12:43.989894
Rui Hachimura,,,689b4554b0b10e67f46872eb2e74b98d,2026-05-06,01:40,points,19.5,600.0,,True,fanduel,2026-05-03T22:12:43.989895
Marcus Smart,,,689b4554b0b10e67f46872eb2e74b98d,2026-05-06,01:40,points,19.5,1060.0,,True,fanduel,2026-05-03T22:12:43.989897
Deandre Ayton,,,689b4554b0b10e67f46872eb2e74b98d,2026-05-06,01:40,points,19.5,1100.0,,True,fanduel,2026-05-03T22:12:43.989899
Shai Gilgeous-Alexander,,,689b4554b0b10e67f46872eb2e74b98d,2026-05-06,01:40,points,49.5,3000.0,,True,fanduel,2026-05-03T22:12:43.989900
Shai Gilgeous-Alexander,,,689b4554b0b10e67f46872eb2e74b98d,2026-05-06,01:40,points,29.5,-205.0,,True,fanduel,2026-05-03T22:12:43.989902
Austin Reaves,,,689b4554b0b10e67f46872eb2e74b98d,2026-05-06,01:40,points,29.5,350.0,,True,fanduel,2026-05-03T22:12:43.989904
LeBron James,,,689b4554b0b10e67f46872eb2e74b98d,2026-05-06,01:40,points,29.5,560.0,,True,fanduel,2026-05-03T22:12:43.989907
Chet Holmgren,,,689b4554b0b10e67f46872eb2e74b98d,2026-05-06,01:40,points,29.5,1500.0,,True,fanduel,2026-05-03T22:12:43.989909
Ajay Mitchell,,,689b4554b0b10e67f46872eb2e74b98d,2026-05-06,01:40,points,29.5,2500.0,,True,fanduel,2026-05-03T22:12:43.989911
Austin Reaves,,,689b4554b0b10e67f46872eb2e74b98d,2026-05-06,01:40,points,14.5,-700.0,,True,fanduel,2026-05-03T22:12:43.989913
LeBron James,,,689b4554b0b10e67f46872eb2e74b98d,2026-05-06,01:40,points,14.5,-520.0,,True,fanduel,2026-05-03T22:12:43.989914
Chet Holmgren,,,689b4554b0b10e67f46872eb2e74b98d,2026-05-06,01:40,points,14.5,-220.0,,True,fanduel,2026-05-03T22:12:43.989916
Ajay Mitchell,,,689b4554b0b10e67f46872eb2e74b98d,2026-05-06,01:40,points,14.5,-128.0,,True,fanduel,2026-05-03T22:12:43.989920
Rui Hachimura,,,689b4554b0b10e67f46872eb2e74b98d,2026-05-06,01:40,points,14.5,182.0,,True,fanduel,2026-05-03T22:12:43.989921
Marcus Smart,,,689b4554b0b10e67f46872eb2e74b98d,2026-05-06,01:40,points,14.5,285.0,,True,fanduel,2026-05-03T22:12:43.989923
Deandre Ayton,,,689b4554b0b10e67f46872eb2e74b98d,2026-05-06,01:40,points,14.5,310.0,,True,fanduel,2026-05-03T22:12:43.989925
Isaiah Hartenstein,,,689b4554b0b10e67f46872eb2e74b98d,2026-05-06,01:40,points,14.5,750.0,,True,fanduel,2026-05-03T22:12:43.989926
Luke Kennard,,,689b4554b0b10e67f46872eb2e74b98d,2026-05-06,01:40,points,14.5,800.0,,True,fanduel,2026-05-03T22:12:43.989928
Cason Wallace,,,689b4554b0b10e67f46872eb2e74b98d,2026-05-06,01:40,points,14.5,1000.0,,True,fanduel,2026-05-03T22:12:43.989930
Luguentz Dort,,,689b4554b0b10e67f46872eb2e74b98d,2026-05-06,01:40,points,14.5,1060.0,,True,fanduel,2026-05-03T22:12:43.989932
Shai Gilgeous-Alexander,,,689b4554b0b10e67f46872eb2e74b98d,2026-05-06,01:40,points,39.5,460.0,,True,fanduel,2026-05-03T22:12:43.989933
Austin Reaves,,,689b4554b0b10e67f46872eb2e74b98d,2026-05-06,01:40,points,39.5,1700.0,,True,fanduel,2026-05-03T22:12:43.989935
LeBron James,,,689b4554b0b10e67f46872eb2e74b98d,2026-05-06,01:40,points,39.5,3500.0,,True,fanduel,2026-05-03T22:12:43.989937
Austin Reaves,,,689b4554b0b10e67f46872eb2e74b98d,2026-05-06,01:40,rebounds,4.5,108.0,-144.0,False,fanduel,2026-05-03T22:12:43.989953
LeBron James,,,689b4554b0b10e67f46872eb2e74b98d,2026-05-06,01:40,rebounds,7.5,116.0,-154.0,False,fanduel,2026-05-03T22:12:43.989955
Isaiah Hartenstein,,,689b4554b0b10e67f46872eb2e74b98d,2026-05-06,01:40,rebounds,7.5,-148.0,112.0,False,fanduel,2026-05-03T22:12:43.989957
Chet Holmgren,,,689b4554b0b10e67f46872eb2e74b98d,2026-05-06,01:40,rebounds,9.5,102.0,-136.0,False,fanduel,2026-05-03T22:12:43.989958
Deandre Ayton,,,689b4554b0b10e67f46872eb2e74b98d,2026-05-06,01:40,rebounds,7.5,-122.0,-108.0,False,fanduel,2026-05-03T22:12:43.989960
Luke Kennard,,,689b4554b0b10e67f46872eb2e74b98d,2026-05-06,01:40,rebounds,2.5,-102.0,-130.0,False,fanduel,2026-05-03T22:12:43.989962
Rui Hachimura,,,689b4554b0b10e67f46872eb2e74b98d,2026-05-06,01:40,rebounds,3.5,-104.0,-128.0,False,fanduel,2026-05-03T22:12:43.989963
Shai Gilgeous-Alexander,,,689b4554b0b10e67f46872eb2e74b98d,2026-05-06,01:40,rebounds,4.5,122.0,-162.0,False,fanduel,2026-05-03T22:12:43.989965
Cason Wallace,,,689b4554b0b10e67f46872eb2e74b98d,2026-05-06,01:40,rebounds,2.5,-154.0,116.0,False,fanduel,2026-05-03T22:12:43.989967
Marcus Smart,,,689b4554b0b10e67f46872eb2e74b98d,2026-05-06,01:40,rebounds,2.5,-120.0,-110.0,False,fanduel,2026-05-03T22:12:43.989969
Luguentz Dort,,,689b4554b0b10e67f46872eb2e74b98d,2026-05-06,01:40,rebounds,3.5,142.0,-192.0,False,fanduel,2026-05-03T22:12:43.989971
Ajay Mitchell,,,689b4554b0b10e67f46872eb2e74b98d,2026-05-06,01:40,rebounds,3.5,-158.0,118.0,False,fanduel,2026-05-03T22:12:43.989972
Chet Holmgren,,,689b4554b0b10e67f46872eb2e74b98d,2026-05-06,01:40,rebounds,5.5,-1000.0,,True,fanduel,2026-05-03T22:12:43.989996
Isaiah Hartenstein,,,689b4554b0b10e67f46872eb2e74b98d,2026-05-06,01:40,rebounds,5.5,-460.0,,True,fanduel,2026-05-03T22:12:43.989998
Deandre Ayton,,,689b4554b0b10e67f46872eb2e74b98d,2026-05-06,01:40,rebounds,5.5,-400.0,,True,fanduel,2026-05-03T22:12:43.989999
LeBron James,,,689b4554b0b10e67f46872eb2e74b98d,2026-05-06,01:40,rebounds,5.5,-295.0,,True,fanduel,2026-05-03T22:12:43.990003
Austin Reaves,,,689b4554b0b10e67f46872eb2e74b98d,2026-05-06,01:40,rebounds,5.5,220.0,,True,fanduel,2026-05-03T22:12:43.990005
Shai Gilgeous-Alexander,,,689b4554b0b10e67f46872eb2e74b98d,2026-05-06,01:40,rebounds,5.5,255.0,,True,fanduel,2026-05-03T22:12:43.990006
Ajay Mitchell,,,689b4554b0b10e67f46872eb2e74b98d,2026-05-06,01:40,rebounds,5.5,300.0,,True,fanduel,2026-05-03T22:12:43.990008
Rui Hachimura,,,689b4554b0b10e67f46872eb2e74b98d,2026-05-06,01:40,rebounds,5.5,440.0,,True,fanduel,2026-05-03T22:12:43.990010
Luguentz Dort,,,689b4554b0b10e67f46872eb2e74b98d,2026-05-06,01:40,rebounds,5.5,680.0,,True,fanduel,2026-05-03T22:12:43.990012
Cason Wallace,,,689b4554b0b10e67f46872eb2e74b98d,2026-05-06,01:40,rebounds,5.5,800.0,,True,fanduel,2026-05-03T22:12:43.990013
Marcus Smart,,,689b4554b0b10e67f46872eb2e74b98d,2026-05-06,01:40,rebounds,5.5,1000.0,,True,fanduel,2026-05-03T22:12:43.990015
Luke Kennard,,,689b4554b0b10e67f46872eb2e74b98d,2026-05-06,01:40,rebounds,5.5,1060.0,,True,fanduel,2026-05-03T22:12:43.990017
Isaiah Hartenstein,,,689b4554b0b10e67f46872eb2e74b98d,2026-05-06,01:40,rebounds,3.5,-3500.0,,True,fanduel,2026-05-03T22:12:43.990018
Deandre Ayton,,,689b4554b0b10e67f46872eb2e74b98d,2026-05-06,01:40,rebounds,3.5,-3000.0,,True,fanduel,2026-05-03T22:12:43.990020
LeBron James,,,689b4554b0b10e67f46872eb2e74b98d,2026-05-06,01:40,rebounds,3.5,-1800.0,,True,fanduel,2026-05-03T22:12:43.990022
Austin Reaves,,,689b4554b0b10e67f46872eb2e74b98d,2026-05-06,01:40,rebounds,3.5,-194.0,,True,fanduel,2026-05-03T22:12:43.990023
Shai Gilgeous-Alexander,,,689b4554b0b10e67f46872eb2e74b98d,2026-05-06,01:40,rebounds,3.5,-186.0,,True,fanduel,2026-05-03T22:12:43.990025
Ajay Mitchell,,,689b4554b0b10e67f46872eb2e74b98d,2026-05-06,01:40,rebounds,3.5,-154.0,,True,fanduel,2026-05-03T22:12:43.990027
Rui Hachimura,,,689b4554b0b10e67f46872eb2e74b98d,2026-05-06,01:40,rebounds,3.5,-102.0,,True,fanduel,2026-05-03T22:12:43.990029
Luguentz Dort,,,689b4554b0b10e67f46872eb2e74b98d,2026-05-06,01:40,rebounds,3.5,142.0,,True,fanduel,2026-05-03T22:12:43.990030
Cason Wallace,,,689b4554b0b10e67f46872eb2e74b98d,2026-05-06,01:40,rebounds,3.5,164.0,,True,fanduel,2026-05-03T22:12:43.990032
Marcus Smart,,,689b4554b0b10e67f46872eb2e74b98d,2026-05-06,01:40,rebounds,3.5,220.0,,True,fanduel,2026-05-03T22:12:43.990034
Luke Kennard,,,689b4554b0b10e67f46872eb2e74b98d,2026-05-06,01:40,rebounds,3.5,235.0,,True,fanduel,2026-05-03T22:12:43.990035
Chet Holmgren,,,689b4554b0b10e67f46872eb2e74b98d,2026-05-06,01:40,rebounds,7.5,-240.0,,True,fanduel,2026-05-03T22:12:43.990037
Isaiah Hartenstein,,,689b4554b0b10e67f46872eb2e74b98d,2026-05-06,01:40,rebounds,7.5,-146.0,,True,fanduel,2026-05-03T22:12:43.990039
Deandre Ayton,,,689b4554b0b10e67f46872eb2e74b98d,2026-05-06,01:40,rebounds,7.5,-120.0,,True,fanduel,2026-05-03T22:12:43.990040
LeBron James,,,689b4554b0b10e67f46872eb2e74b98d,2026-05-06,01:40,rebounds,7.5,120.0,,True,fanduel,2026-05-03T22:12:43.990042
Austin Reaves,,,689b4554b0b10e67f46872eb2e74b98d,2026-05-06,01:40,rebounds,7.5,750.0,,True,fanduel,2026-05-03T22:12:43.990044
Shai Gilgeous-Alexander,,,689b4554b0b10e67f46872eb2e74b98d,2026-05-06,01:40,rebounds,7.5,1000.0,,True,fanduel,2026-05-03T22:12:43.990045
Ajay Mitchell,,,689b4554b0b10e67f46872eb2e74b98d,2026-05-06,01:40,rebounds,7.5,1100.0,,True,fanduel,2026-05-03T22:12:43.990047
Rui Hachimura,,,689b4554b0b10e67f46872eb2e74b98d,2026-05-06,01:40,rebounds,7.5,1500.0,,True,fanduel,2026-05-03T22:12:43.990049
Chet Holmgren,,,689b4554b0b10e67f46872eb2e74b98d,2026-05-06,01:40,rebounds,13.5,750.0,,True,fanduel,2026-05-03T22:12:43.990051
Isaiah Hartenstein,,,689b4554b0b10e67f46872eb2e74b98d,2026-05-06,01:40,rebounds,13.5,900.0,,True,fanduel,2026-05-03T22:12:43.990052
Deandre Ayton,,,689b4554b0b10e67f46872eb2e74b98d,2026-05-06,01:40,rebounds,13.5,1060.0,,True,fanduel,2026-05-03T22:12:43.990054
LeBron James,,,689b4554b0b10e67f46872eb2e74b98d,2026-05-06,01:40,rebounds,13.5,1700.0,,True,fanduel,2026-05-03T22:12:43.990056
Chet Holmgren,,,689b4554b0b10e67f46872eb2e74b98d,2026-05-06,01:40,rebounds,11.5,285.0,,True,fanduel,2026-05-03T22:12:43.990059
Isaiah Hartenstein,,,689b4554b0b10e67f46872eb2e74b98d,2026-05-06,01:40,rebounds,11.5,400.0,,True,fanduel,2026-05-03T22:12:43.990061
Deandre Ayton,,,689b4554b0b10e67f46872eb2e74b98d,2026-05-06,01:40,rebounds,11.5,480.0,,True,fanduel,2026-05-03T22:12:43.990063
LeBron James,,,689b4554b0b10e67f46872eb2e74b98d,2026-05-06,01:40,rebounds,11.5,800.0,,True,fanduel,2026-05-03T22:12:43.990064
Chet Holmgren,,,689b4554b0b10e67f46872eb2e74b98d,2026-05-06,01:40,rebounds,15.5,1500.0,,True,fanduel,2026-05-03T22:12:43.990066
Isaiah Hartenstein,,,689b4554b0b10e67f46872eb2e74b98d,2026-05-06,01:40,rebounds,15.5,1700.0,,True,fanduel,2026-05-03T22:12:43.990070
Deandre Ayton,,,689b4554b0b10e67f46872eb2e74b98d,2026-05-06,01:40,rebounds,15.5,2200.0,,True,fanduel,2026-05-03T22:12:43.990073
Chet Holmgren,,,689b4554b0b10e67f46872eb2e74b98d,2026-05-06,01:40,rebounds,9.5,104.0,,True,fanduel,2026-05-03T22:12:43.990075
Isaiah Hartenstein,,,689b4554b0b10e67f46872eb2e74b98d,2026-05-06,01:40,rebounds,9.5,162.0,,True,fanduel,2026-05-03T22:12:43.990077
Deandre Ayton,,,689b4554b0b10e67f46872eb2e74b98d,2026-05-06,01:40,rebounds,9.5,196.0,,True,fanduel,2026-05-03T22:12:43.990078
LeBron James,,,689b4554b0b10e67f46872eb2e74b98d,2026-05-06,01:40,rebounds,9.5,260.0,,True,fanduel,2026-05-03T22:12:43.990080
Austin Reaves,,,689b4554b0b10e67f46872eb2e74b98d,2026-05-06,01:40,rebounds,9.5,1500.0,,True,fanduel,2026-05-03T22:12:43.990082
Shai Gilgeous-Alexander,,,689b4554b0b10e67f46872eb2e74b98d,2026-05-06,01:40,threes,1.5,-114.0,-114.0,False,fanduel,2026-05-03T22:12:43.990094
Luke Kennard,,,689b4554b0b10e67f46872eb2e74b98d,2026-05-06,01:40,threes,1.5,162.0,-220.0,False,fanduel,2026-05-03T22:12:43.990096
Cason Wallace,,,689b4554b0b10e67f46872eb2e74b98d,2026-05-06,01:40,threes,1.5,178.0,-245.0,False,fanduel,2026-05-03T22:12:43.990097
Rui Hachimura,,,689b4554b0b10e67f46872eb2e74b98d,2026-05-06,01:40,threes,1.5,-146.0,110.0,False,fanduel,2026-05-03T22:12:43.990099
Marcus Smart,,,689b4554b0b10e67f46872eb2e74b98d,2026-05-06,01:40,threes,1.5,-138.0,104.0,False,fanduel,2026-05-03T22:12:43.990101
Ajay Mitchell,,,689b4554b0b10e67f46872eb2e74b98d,2026-05-06,01:40,threes,1.5,106.0,-140.0,False,fanduel,2026-05-03T22:12:43.990102
LeBron James,,,689b4554b0b10e67f46872eb2e74b98d,2026-05-06,01:40,threes,1.5,116.0,-158.0,False,fanduel,2026-05-03T22:12:43.990104
Austin Reaves,,,689b4554b0b10e67f46872eb2e74b98d,2026-05-06,01:40,threes,1.5,-188.0,140.0,False,fanduel,2026-05-03T22:12:43.990106
Chet Holmgren,,,689b4554b0b10e67f46872eb2e74b98d,2026-05-06,01:40,threes,1.5,-102.0,-130.0,False,fanduel,2026-05-03T22:12:43.990108
Austin Reaves,,,689b4554b0b10e67f46872eb2e74b98d,2026-05-06,01:40,threes,3.5,370.0,,True,fanduel,2026-05-03T22:12:43.990131
Rui Hachimura,,,689b4554b0b10e67f46872eb2e74b98d,2026-05-06,01:40,threes,3.5,560.0,,True,fanduel,2026-05-03T22:12:43.990132
Marcus Smart,,,689b4554b0b10e67f46872eb2e74b98d,2026-05-06,01:40,threes,3.5,630.0,,True,fanduel,2026-05-03T22:12:43.990134
Shai Gilgeous-Alexander,,,689b4554b0b10e67f46872eb2e74b98d,2026-05-06,01:40,threes,3.5,830.0,,True,fanduel,2026-05-03T22:12:43.990136
Chet Holmgren,,,689b4554b0b10e67f46872eb2e74b98d,2026-05-06,01:40,threes,3.5,870.0,,True,fanduel,2026-05-03T22:12:43.990138
Ajay Mitchell,,,689b4554b0b10e67f46872eb2e74b98d,2026-05-06,01:40,threes,3.5,1000.0,,True,fanduel,2026-05-03T22:12:43.990139
LeBron James,,,689b4554b0b10e67f46872eb2e74b98d,2026-05-06,01:40,threes,3.5,1060.0,,True,fanduel,2026-05-03T22:12:43.990141
Luke Kennard,,,689b4554b0b10e67f46872eb2e74b98d,2026-05-06,01:40,threes,3.5,1300.0,,True,fanduel,2026-05-03T22:12:43.990143
Cason Wallace,,,689b4554b0b10e67f46872eb2e74b98d,2026-05-06,01:40,threes,3.5,1500.0,,True,fanduel,2026-05-03T22:12:43.990144
Austin Reaves,,,689b4554b0b10e67f46872eb2e74b98d,2026-05-06,01:40,threes,5.5,1500.0,,True,fanduel,2026-05-03T22:12:43.990146
Rui Hachimura,,,689b4554b0b10e67f46872eb2e74b98d,2026-05-06,01:40,threes,5.5,3000.0,,True,fanduel,2026-05-03T22:12:43.990148
Austin Reaves,,,689b4554b0b10e67f46872eb2e74b98d,2026-05-06,01:40,threes,2.5,158.0,,True,fanduel,2026-05-03T22:12:43.990152
Rui Hachimura,,,689b4554b0b10e67f46872eb2e74b98d,2026-05-06,01:40,threes,2.5,215.0,,True,fanduel,2026-05-03T22:12:43.990153
Marcus Smart,,,689b4554b0b10e67f46872eb2e74b98d,2026-05-06,01:40,threes,2.5,240.0,,True,fanduel,2026-05-03T22:12:43.990155
Shai Gilgeous-Alexander,,,689b4554b0b10e67f46872eb2e74b98d,2026-05-06,01:40,threes,2.5,285.0,,True,fanduel,2026-05-03T22:12:43.990157
Chet Holmgren,,,689b4554b0b10e67f46872eb2e74b98d,2026-05-06,01:40,threes,2.5,310.0,,True,fanduel,2026-05-03T22:12:43.990159
Ajay Mitchell,,,689b4554b0b10e67f46872eb2e74b98d,2026-05-06,01:40,threes,2.5,340.0,,True,fanduel,2026-05-03T22:12:43.990160
LeBron James,,,689b4554b0b10e67f46872eb2e74b98d,2026-05-06,01:40,threes,2.5,390.0,,True,fanduel,2026-05-03T22:12:43.990162
Luke Kennard,,,689b4554b0b10e67f46872eb2e74b98d,2026-05-06,01:40,threes,2.5,500.0,,True,fanduel,2026-05-03T22:12:43.990164
Cason Wallace,,,689b4554b0b10e67f46872eb2e74b98d,2026-05-06,01:40,threes,2.5,560.0,,True,fanduel,2026-05-03T22:12:43.990165
Austin Reaves,,,689b4554b0b10e67f46872eb2e74b98d,2026-05-06,01:40,threes,4.5,800.0,,True,fanduel,2026-05-03T22:12:43.990167
Rui Hachimura,,,689b4554b0b10e67f46872eb2e74b98d,2026-05-06,01:40,threes,4.5,1400.0,,True,fanduel,2026-05-03T22:12:43.990169
Marcus Smart,,,689b4554b0b10e67f46872eb2e74b98d,2026-05-06,01:40,threes,4.5,1600.0,,True,fanduel,2026-05-03T22:12:43.990171
Chet Holmgren,,,689b4554b0b10e67f46872eb2e74b98d,2026-05-06,01:40,threes,4.5,2200.0,,True,fanduel,2026-05-03T22:12:43.990172
Shai Gilgeous-Alexander,,,689b4554b0b10e67f46872eb2e74b98d,2026-05-06,01:40,threes,4.5,2500.0,,True,fanduel,2026-05-03T22:12:43.990174
Austin Reaves,,,689b4554b0b10e67f46872eb2e74b98d,2026-05-06,01:40,threes,0.5,-1000.0,,True,fanduel,2026-05-03T22:12:43.990176
Rui Hachimura,,,689b4554b0b10e67f46872eb2e74b98d,2026-05-06,01:40,threes,0.5,-670.0,,True,fanduel,2026-05-03T22:12:43.990177
Marcus Smart,,,689b4554b0b10e67f46872eb2e74b98d,2026-05-06,01:40,threes,0.5,-670.0,,True,fanduel,2026-05-03T22:12:43.990179
Shai Gilgeous-Alexander,,,689b4554b0b10e67f46872eb2e74b98d,2026-05-06,01:40,threes,0.5,-530.0,,True,fanduel,2026-05-03T22:12:43.990181
Chet Holmgren,,,689b4554b0b10e67f46872eb2e74b98d,2026-05-06,01:40,threes,0.5,-520.0,,True,fanduel,2026-05-03T22:12:43.990182
Ajay Mitchell,,,689b4554b0b10e67f46872eb2e74b98d,2026-05-06,01:40,threes,0.5,-480.0,,True,fanduel,2026-05-03T22:12:43.990184
LeBron James,,,689b4554b0b10e67f46872eb2e74b98d,2026-05-06,01:40,threes,0.5,-410.0,,True,fanduel,2026-05-03T22:12:43.990186
Luke Kennard,,,689b4554b0b10e67f46872eb2e74b98d,2026-05-06,01:40,threes,0.5,-280.0,,True,fanduel,2026-05-03T22:12:43.990187
Cason Wallace,,,689b4554b0b10e67f46872eb2e74b98d,2026-05-06,01:40,threes,0.5,-280.0,,True,fanduel,2026-05-03T22:12:43.990189
Austin Reaves,,,689b4554b0b10e67f46872eb2e74b98d,2026-05-06,01:40,threes,1.5,-184.0,,True,fanduel,2026-05-03T22:12:43.990192
Rui Hachimura,,,689b4554b0b10e67f46872eb2e74b98d,2026-05-06,01:40,threes,1.5,-142.0,,True,fanduel,2026-05-03T22:12:43.990194
Marcus Smart,,,689b4554b0b10e67f46872eb2e74b98d,2026-05-06,01:40,threes,1.5,-136.0,,True,fanduel,2026-05-03T22:12:43.990196
Shai Gilgeous-Alexander,,,689b4554b0b10e67f46872eb2e74b98d,2026-05-06,01:40,threes,1.5,-113.0,,True,fanduel,2026-05-03T22:12:43.990198
Chet Holmgren,,,689b4554b0b10e67f46872eb2e74b98d,2026-05-06,01:40,threes,1.5,100.0,,True,fanduel,2026-05-03T22:12:43.990199
Ajay Mitchell,,,689b4554b0b10e67f46872eb2e74b98d,2026-05-06,01:40,threes,1.5,108.0,,True,fanduel,2026-05-03T22:12:43.990201
LeBron James,,,689b4554b0b10e67f46872eb2e74b98d,2026-05-06,01:40,threes,1.5,120.0,,True,fanduel,2026-05-03T22:12:43.990203
Luke Kennard,,,689b4554b0b10e67f46872eb2e74b98d,2026-05-06,01:40,threes,1.5,164.0,,True,fanduel,2026-05-03T22:12:43.990204
Cason Wallace,,,689b4554b0b10e67f46872eb2e74b98d,2026-05-06,01:40,threes,1.5,180.0,,True,fanduel,2026-05-03T22:12:43.990208
Austin Reaves,,,689b4554b0b10e67f46872eb2e74b98d,2026-05-06,01:40,threes,6.5,3500.0,,True,fanduel,2026-05-03T22:12:43.990209
Evan Mobley,,,a463f640631f8b0580966b909965de14,2026-05-03,23:40,assists,2.5,-160.0,120.0,False,betmgm,2026-05-03T22:12:43.631786
Donovan Mitchell,,,a463f640631f8b0580966b909965de14,2026-05-03,23:40,assists,4.5,130.0,-175.0,False,betmgm,2026-05-03T22:12:43.631788
James Harden,,,a463f640631f8b0580966b909965de14,2026-05-03,23:40,assists,6.5,-135.0,100.0,False,betmgm,2026-05-03T22:12:43.631790
Scottie Barnes,,,a463f640631f8b0580966b909965de14,2026-05-03,23:40,assists,7.5,-150.0,115.0,False,betmgm,2026-05-03T22:12:43.631792
Ja'Kobe Walter,,,a463f640631f8b0580966b909965de14,2026-05-03,23:40,assists,1.5,-150.0,110.0,False,betmgm,2026-05-03T22:12:43.631793
Jarrett Allen,,,a463f640631f8b0580966b909965de14,2026-05-03,23:40,assists,1.5,155.0,-210.0,False,betmgm,2026-05-03T22:12:43.631797
R.J. Barrett,,,a463f640631f8b0580966b909965de14,2026-05-03,23:40,assists,3.5,-130.0,-105.0,False,betmgm,2026-05-03T22:12:43.631799
Jakob Poeltl,,,a463f640631f8b0580966b909965de14,2026-05-03,23:40,assists,1.5,105.0,-140.0,False,betmgm,2026-05-03T22:12:43.631800
Jamal Shead,,,a463f640631f8b0580966b909965de14,2026-05-03,23:40,assists,5.5,-150.0,110.0,False,betmgm,2026-05-03T22:12:43.631802
Max Strus,,,a463f640631f8b0580966b909965de14,2026-05-03,23:40,assists,1.5,-185.0,135.0,False,betmgm,2026-05-03T22:12:43.631804
Donovan Mitchell,,,a463f640631f8b0580966b909965de14,2026-05-03,23:40,assists,4.5,125.0,,True,betmgm,2026-05-03T22:12:43.631815
Donovan Mitchell,,,a463f640631f8b0580966b909965de14,2026-05-03,23:40,assists,6.5,500.0,,True,betmgm,2026-05-03T22:12:43.631817
Evan Mobley,,,a463f640631f8b0580966b909965de14,2026-05-03,23:40,assists,4.5,333.0,,True,betmgm,2026-05-03T22:12:43.631819
James Harden,,,a463f640631f8b0580966b909965de14,2026-05-03,23:40,assists,4.5,-525.0,,True,betmgm,2026-05-03T22:12:43.631820
Evan Mobley,,,a463f640631f8b0580966b909965de14,2026-05-03,23:40,assists,2.5,-160.0,,True,betmgm,2026-05-03T22:12:43.631822
Donovan Mitchell,,,a463f640631f8b0580966b909965de14,2026-05-03,23:40,assists,2.5,-450.0,,True,betmgm,2026-05-03T22:12:43.631824
James Harden,,,a463f640631f8b0580966b909965de14,2026-05-03,23:40,assists,9.5,450.0,,True,betmgm,2026-05-03T22:12:43.631825
R.J. Barrett,,,a463f640631f8b0580966b909965de14,2026-05-03,23:40,assists,4.5,165.0,,True,betmgm,2026-05-03T22:12:43.631827
James Harden,,,a463f640631f8b0580966b909965de14,2026-05-03,23:40,assists,6.5,-120.0,,True,betmgm,2026-05-03T22:12:43.631831
Scottie Barnes,,,a463f640631f8b0580966b909965de14,2026-05-03,23:40,assists,4.5,-1200.0,,True,betmgm,2026-05-03T22:12:43.631832
Scottie Barnes,,,a463f640631f8b0580966b909965de14,2026-05-03,23:40,assists,12.5,800.0,,True,betmgm,2026-05-03T22:12:43.631834
R.J. Barrett,,,a463f640631f8b0580966b909965de14,2026-05-03,23:40,assists,6.5,625.0,,True,betmgm,2026-05-03T22:12:43.631836
Scottie Barnes,,,a463f640631f8b0580966b909965de14,2026-05-03,23:40,assists,6.5,-295.0,,True,betmgm,2026-05-03T22:12:43.631837
Scottie Barnes,,,a463f640631f8b0580966b909965de14,2026-05-03,23:40,assists,9.5,190.0,,True,betmgm,2026-05-03T22:12:43.631839
R.J. Barrett,,,a463f640631f8b0580966b909965de14,2026-05-03,23:40,assists,2.5,-325.0,,True,betmgm,2026-05-03T22:12:43.631841
Jamal Shead,,,a463f640631f8b0580966b909965de14,2026-05-03,23:40,assists,6.5,125.0,,True,betmgm,2026-05-03T22:12:43.631844
Jamal Shead,,,a463f640631f8b0580966b909965de14,2026-05-03,23:40,assists,4.5,-295.0,,True,betmgm,2026-05-03T22:12:43.631846
Jamal Shead,,,a463f640631f8b0580966b909965de14,2026-05-03,23:40,assists,2.5,-2000.0,,True,betmgm,2026-05-03T22:12:43.631848
Jamal Shead,,,a463f640631f8b0580966b909965de14,2026-05-03,23:40,assists,9.5,700.0,,True,betmgm,2026-05-03T22:12:43.631849
Evan Mobley,,,a463f640631f8b0580966b909965de14,2026-05-03,23:40,points,16.5,-105.0,-125.0,False,betmgm,2026-05-03T22:12:43.631865
Donovan Mitchell,,,a463f640631f8b0580966b909965de14,2026-05-03,23:40,points,25.5,-115.0,-115.0,False,betmgm,2026-05-03T22:12:43.631867
Jarrett Allen,,,a463f640631f8b0580966b909965de14,2026-05-03,23:40,points,11.5,-105.0,-125.0,False,betmgm,2026-05-03T22:12:43.631869
Ja'Kobe Walter,,,a463f640631f8b0580966b909965de14,2026-05-03,23:40,points,11.5,-105.0,-125.0,False,betmgm,2026-05-03T22:12:43.631870
Jakob Poeltl,,,a463f640631f8b0580966b909965de14,2026-05-03,23:40,points,7.5,100.0,-135.0,False,betmgm,2026-05-03T22:12:43.631872
Max Strus,,,a463f640631f8b0580966b909965de14,2026-05-03,23:40,points,8.5,-120.0,-110.0,False,betmgm,2026-05-03T22:12:43.631874
Sandro Mamukelashvili,,,a463f640631f8b0580966b909965de14,2026-05-03,23:40,points,5.5,-111.0,-120.0,False,betmgm,2026-05-03T22:12:43.631876
Sam Merrill,,,a463f640631f8b0580966b909965de14,2026-05-03,23:40,points,6.5,105.0,-140.0,False,betmgm,2026-05-03T22:12:43.631877
Dean Wade,,,a463f640631f8b0580966b909965de14,2026-05-03,23:40,points,4.5,-120.0,-110.0,False,betmgm,2026-05-03T22:12:43.631879
Dennis Schroder,,,a463f640631f8b0580966b909965de14,2026-05-03,23:40,points,5.5,-120.0,-110.0,False,betmgm,2026-05-03T22:12:43.631881
Jamal Shead,,,a463f640631f8b0580966b909965de14,2026-05-03,23:40,points,8.5,-130.0,-105.0,False,betmgm,2026-05-03T22:12:43.631882
Collin Murray-Boyles,,,a463f640631f8b0580966b909965de14,2026-05-03,23:40,points,13.5,-105.0,-125.0,False,betmgm,2026-05-03T22:12:43.631884
Scottie Barnes,,,a463f640631f8b0580966b909965de14,2026-05-03,23:40,points,22.5,-105.0,-125.0,False,betmgm,2026-05-03T22:12:43.631886
R.J. Barrett,,,a463f640631f8b0580966b909965de14,2026-05-03,23:40,points,24.5,100.0,-135.0,False,betmgm,2026-05-03T22:12:43.631888
James Harden,,,a463f640631f8b0580966b909965de14,2026-05-03,23:40,points,19.5,-120.0,-110.0,False,betmgm,2026-05-03T22:12:43.631889
James Harden,,,a463f640631f8b0580966b909965de14,2026-05-03,23:40,points,19.5,-125.0,,True,betmgm,2026-05-03T22:12:43.631909
Donovan Mitchell,,,a463f640631f8b0580966b909965de14,2026-05-03,23:40,points,29.5,200.0,,True,betmgm,2026-05-03T22:12:43.631911
James Harden,,,a463f640631f8b0580966b909965de14,2026-05-03,23:40,points,29.5,650.0,,True,betmgm,2026-05-03T22:12:43.631913
Max Strus,,,a463f640631f8b0580966b909965de14,2026-05-03,23:40,points,14.5,450.0,,True,betmgm,2026-05-03T22:12:43.631914
Donovan Mitchell,,,a463f640631f8b0580966b909965de14,2026-05-03,23:40,points,19.5,-500.0,,True,betmgm,2026-05-03T22:12:43.631916
Max Strus,,,a463f640631f8b0580966b909965de14,2026-05-03,23:40,points,9.5,115.0,,True,betmgm,2026-05-03T22:12:43.631918
Donovan Mitchell,,,a463f640631f8b0580966b909965de14,2026-05-03,23:40,points,24.5,-145.0,,True,betmgm,2026-05-03T22:12:43.631921
Donovan Mitchell,,,a463f640631f8b0580966b909965de14,2026-05-03,23:40,points,34.5,500.0,,True,betmgm,2026-05-03T22:12:43.631923
Evan Mobley,,,a463f640631f8b0580966b909965de14,2026-05-03,23:40,points,9.5,-1100.0,,True,betmgm,2026-05-03T22:12:43.631925
Evan Mobley,,,a463f640631f8b0580966b909965de14,2026-05-03,23:40,points,24.5,625.0,,True,betmgm,2026-05-03T22:12:43.631926
James Harden,,,a463f640631f8b0580966b909965de14,2026-05-03,23:40,points,14.5,-450.0,,True,betmgm,2026-05-03T22:12:43.631928
Ja'Kobe Walter,,,a463f640631f8b0580966b909965de14,2026-05-03,23:40,points,19.5,650.0,,True,betmgm,2026-05-03T22:12:43.631930
Jarrett Allen,,,a463f640631f8b0580966b909965de14,2026-05-03,23:40,points,14.5,240.0,,True,betmgm,2026-05-03T22:12:43.631931
James Harden,,,a463f640631f8b0580966b909965de14,2026-05-03,23:40,points,24.5,240.0,,True,betmgm,2026-05-03T22:12:43.631935
R.J. Barrett,,,a463f640631f8b0580966b909965de14,2026-05-03,23:40,points,34.5,625.0,,True,betmgm,2026-05-03T22:12:43.631937
Ja'Kobe Walter,,,a463f640631f8b0580966b909965de14,2026-05-03,23:40,points,9.5,-190.0,,True,betmgm,2026-05-03T22:12:43.631938
Scottie Barnes,,,a463f640631f8b0580966b909965de14,2026-05-03,23:40,points,14.5,-900.0,,True,betmgm,2026-05-03T22:12:43.631940
R.J. Barrett,,,a463f640631f8b0580966b909965de14,2026-05-03,23:40,points,24.5,-110.0,,True,betmgm,2026-05-03T22:12:43.631942
R.J. Barrett,,,a463f640631f8b0580966b909965de14,2026-05-03,23:40,points,29.5,250.0,,True,betmgm,2026-05-03T22:12:43.631943
Scottie Barnes,,,a463f640631f8b0580966b909965de14,2026-05-03,23:40,points,24.5,145.0,,True,betmgm,2026-05-03T22:12:43.631945
Evan Mobley,,,a463f640631f8b0580966b909965de14,2026-05-03,23:40,points,14.5,-190.0,,True,betmgm,2026-05-03T22:12:43.631947
R.J. Barrett,,,a463f640631f8b0580966b909965de14,2026-05-03,23:40,points,14.5,-1600.0,,True,betmgm,2026-05-03T22:12:43.631948
Evan Mobley,,,a463f640631f8b0580966b909965de14,2026-05-03,23:40,points,19.5,200.0,,True,betmgm,2026-05-03T22:12:43.631950
R.J. Barrett,,,a463f640631f8b0580966b909965de14,2026-05-03,23:40,points,19.5,-325.0,,True,betmgm,2026-05-03T22:12:43.631952
Scottie Barnes,,,a463f640631f8b0580966b909965de14,2026-05-03,23:40,points,19.5,-220.0,,True,betmgm,2026-05-03T22:12:43.631953
Ja'Kobe Walter,,,a463f640631f8b0580966b909965de14,2026-05-03,23:40,points,14.5,200.0,,True,betmgm,2026-05-03T22:12:43.631955
Jarrett Allen,,,a463f640631f8b0580966b909965de14,2026-05-03,23:40,points,9.5,-220.0,,True,betmgm,2026-05-03T22:12:43.631957
Scottie Barnes,,,a463f640631f8b0580966b909965de14,2026-05-03,23:40,points,29.5,400.0,,True,betmgm,2026-05-03T22:12:43.631958
Jakob Poeltl,,,a463f640631f8b0580966b909965de14,2026-05-03,23:40,points,9.5,200.0,,True,betmgm,2026-05-03T22:12:43.631960
Sandro Mamukelashvili,,,a463f640631f8b0580966b909965de14,2026-05-03,23:40,points,9.5,360.0,,True,betmgm,2026-05-03T22:12:43.631962
Dean Wade,,,a463f640631f8b0580966b909965de14,2026-05-03,23:40,points,9.5,525.0,,True,betmgm,2026-05-03T22:12:43.631963
Sam Merrill,,,a463f640631f8b0580966b909965de14,2026-05-03,23:40,points,9.5,260.0,,True,betmgm,2026-05-03T22:12:43.631965
Jamal Shead,,,a463f640631f8b0580966b909965de14,2026-05-03,23:40,points,14.5,425.0,,True,betmgm,2026-05-03T22:12:43.631967
Collin Murray-Boyles,,,a463f640631f8b0580966b909965de14,2026-05-03,23:40,points,14.5,120.0,,True,betmgm,2026-05-03T22:12:43.631968
Collin Murray-Boyles,,,a463f640631f8b0580966b909965de14,2026-05-03,23:40,points,19.5,450.0,,True,betmgm,2026-05-03T22:12:43.631970
Jamal Shead,,,a463f640631f8b0580966b909965de14,2026-05-03,23:40,points,9.5,100.0,,True,betmgm,2026-05-03T22:12:43.631972
Collin Murray-Boyles,,,a463f640631f8b0580966b909965de14,2026-05-03,23:40,points,9.5,-450.0,,True,betmgm,2026-05-03T22:12:43.631973
Dennis Schroder,,,a463f640631f8b0580966b909965de14,2026-05-03,23:40,points,9.5,225.0,,True,betmgm,2026-05-03T22:12:43.631977
James Harden,,,a463f640631f8b0580966b909965de14,2026-05-03,23:40,rebounds,4.5,-105.0,-125.0,False,betmgm,2026-05-03T22:12:43.631992
Jarrett Allen,,,a463f640631f8b0580966b909965de14,2026-05-03,23:40,rebounds,7.5,-111.0,-118.0,False,betmgm,2026-05-03T22:12:43.631994
Evan Mobley,,,a463f640631f8b0580966b909965de14,2026-05-03,23:40,rebounds,8.5,-135.0,100.0,False,betmgm,2026-05-03T22:12:43.631995
Ja'Kobe Walter,,,a463f640631f8b0580966b909965de14,2026-05-03,23:40,rebounds,3.5,-150.0,110.0,False,betmgm,2026-05-03T22:12:43.631997
Scottie Barnes,,,a463f640631f8b0580966b909965de14,2026-05-03,23:40,rebounds,6.5,-150.0,110.0,False,betmgm,2026-05-03T22:12:43.631999
Jakob Poeltl,,,a463f640631f8b0580966b909965de14,2026-05-03,23:40,rebounds,5.5,-110.0,-120.0,False,betmgm,2026-05-03T22:12:43.632000
Sandro Mamukelashvili,,,a463f640631f8b0580966b909965de14,2026-05-03,23:40,rebounds,3.5,105.0,-140.0,False,betmgm,2026-05-03T22:12:43.632002
Donovan Mitchell,,,a463f640631f8b0580966b909965de14,2026-05-03,23:40,rebounds,3.5,-175.0,130.0,False,betmgm,2026-05-03T22:12:43.632006
Collin Murray-Boyles,,,a463f640631f8b0580966b909965de14,2026-05-03,23:40,rebounds,6.5,-120.0,-111.0,False,betmgm,2026-05-03T22:12:43.632007
Jamal Shead,,,a463f640631f8b0580966b909965de14,2026-05-03,23:40,rebounds,2.5,130.0,-175.0,False,betmgm,2026-05-03T22:12:43.632009
R.J. Barrett,,,a463f640631f8b0580966b909965de14,2026-05-03,23:40,rebounds,6.5,110.0,-150.0,False,betmgm,2026-05-03T22:12:43.632011
Max Strus,,,a463f640631f8b0580966b909965de14,2026-05-03,23:40,rebounds,3.5,-140.0,105.0,False,betmgm,2026-05-03T22:12:43.632013
Evan Mobley,,,a463f640631f8b0580966b909965de14,2026-05-03,23:40,rebounds,9.5,125.0,,True,betmgm,2026-05-03T22:12:43.632031
Max Strus,,,a463f640631f8b0580966b909965de14,2026-05-03,23:40,rebounds,4.5,155.0,,True,betmgm,2026-05-03T22:12:43.632033
Donovan Mitchell,,,a463f640631f8b0580966b909965de14,2026-05-03,23:40,rebounds,2.5,-450.0,,True,betmgm,2026-05-03T22:12:43.632035
Max Strus,,,a463f640631f8b0580966b909965de14,2026-05-03,23:40,rebounds,6.5,575.0,,True,betmgm,2026-05-03T22:12:43.632037
Donovan Mitchell,,,a463f640631f8b0580966b909965de14,2026-05-03,23:40,rebounds,4.5,125.0,,True,betmgm,2026-05-03T22:12:43.632038
Evan Mobley,,,a463f640631f8b0580966b909965de14,2026-05-03,23:40,rebounds,12.5,500.0,,True,betmgm,2026-05-03T22:12:43.632040
James Harden,,,a463f640631f8b0580966b909965de14,2026-05-03,23:40,rebounds,4.5,-110.0,,True,betmgm,2026-05-03T22:12:43.632042
Donovan Mitchell,,,a463f640631f8b0580966b909965de14,2026-05-03,23:40,rebounds,6.5,475.0,,True,betmgm,2026-05-03T22:12:43.632043
James Harden,,,a463f640631f8b0580966b909965de14,2026-05-03,23:40,rebounds,2.5,-625.0,,True,betmgm,2026-05-03T22:12:43.632045
Ja'Kobe Walter,,,a463f640631f8b0580966b909965de14,2026-05-03,23:40,rebounds,4.5,140.0,,True,betmgm,2026-05-03T22:12:43.632047
Scottie Barnes,,,a463f640631f8b0580966b909965de14,2026-05-03,23:40,rebounds,4.5,-600.0,,True,betmgm,2026-05-03T22:12:43.632048
Jarrett Allen,,,a463f640631f8b0580966b909965de14,2026-05-03,23:40,rebounds,4.5,-800.0,,True,betmgm,2026-05-03T22:12:43.632050
Jarrett Allen,,,a463f640631f8b0580966b909965de14,2026-05-03,23:40,rebounds,6.5,-190.0,,True,betmgm,2026-05-03T22:12:43.632052
Evan Mobley,,,a463f640631f8b0580966b909965de14,2026-05-03,23:40,rebounds,6.5,-450.0,,True,betmgm,2026-05-03T22:12:43.632055
R.J. Barrett,,,a463f640631f8b0580966b909965de14,2026-05-03,23:40,rebounds,4.5,-325.0,,True,betmgm,2026-05-03T22:12:43.632057
Ja'Kobe Walter,,,a463f640631f8b0580966b909965de14,2026-05-03,23:40,rebounds,6.5,525.0,,True,betmgm,2026-05-03T22:12:43.632059
Scottie Barnes,,,a463f640631f8b0580966b909965de14,2026-05-03,23:40,rebounds,6.5,-150.0,,True,betmgm,2026-05-03T22:12:43.632060
Ja'Kobe Walter,,,a463f640631f8b0580966b909965de14,2026-05-03,23:40,rebounds,2.5,-350.0,,True,betmgm,2026-05-03T22:12:43.632062
James Harden,,,a463f640631f8b0580966b909965de14,2026-05-03,23:40,rebounds,6.5,360.0,,True,betmgm,2026-05-03T22:12:43.632064
R.J. Barrett,,,a463f640631f8b0580966b909965de14,2026-05-03,23:40,rebounds,9.5,550.0,,True,betmgm,2026-05-03T22:12:43.632067
Scottie Barnes,,,a463f640631f8b0580966b909965de14,2026-05-03,23:40,rebounds,9.5,333.0,,True,betmgm,2026-05-03T22:12:43.632069
R.J. Barrett,,,a463f640631f8b0580966b909965de14,2026-05-03,23:40,rebounds,6.5,110.0,,True,betmgm,2026-05-03T22:12:43.632070
Jarrett Allen,,,a463f640631f8b0580966b909965de14,2026-05-03,23:40,rebounds,9.5,275.0,,True,betmgm,2026-05-03T22:12:43.632072
Max Strus,,,a463f640631f8b0580966b909965de14,2026-05-03,23:40,rebounds,2.5,-350.0,,True,betmgm,2026-05-03T22:12:43.632074
Jakob Poeltl,,,a463f640631f8b0580966b909965de14,2026-05-03,23:40,rebounds,2.5,-1400.0,,True,betmgm,2026-05-03T22:12:43.632075
Jakob Poeltl,,,a463f640631f8b0580966b909965de14,2026-05-03,23:40,rebounds,9.5,825.0,,True,betmgm,2026-05-03T22:12:43.632077
Jakob Poeltl,,,a463f640631f8b0580966b909965de14,2026-05-03,23:40,rebounds,6.5,165.0,,True,betmgm,2026-05-03T22:12:43.632079
Jakob Poeltl,,,a463f640631f8b0580966b909965de14,2026-05-03,23:40,rebounds,4.5,-220.0,,True,betmgm,2026-05-03T22:12:43.632080
Sandro Mamukelashvili,,,a463f640631f8b0580966b909965de14,2026-05-03,23:40,rebounds,6.5,700.0,,True,betmgm,2026-05-03T22:12:43.632082
Sandro Mamukelashvili,,,a463f640631f8b0580966b909965de14,2026-05-03,23:40,rebounds,4.5,210.0,,True,betmgm,2026-05-03T22:12:43.632084
Sandro Mamukelashvili,,,a463f640631f8b0580966b909965de14,2026-05-03,23:40,rebounds,2.5,-220.0,,True,betmgm,2026-05-03T22:12:43.632086
Jamal Shead,,,a463f640631f8b0580966b909965de14,2026-05-03,23:40,rebounds,2.5,125.0,,True,betmgm,2026-05-03T22:12:43.632087
Jamal Shead,,,a463f640631f8b0580966b909965de14,2026-05-03,23:40,rebounds,4.5,650.0,,True,betmgm,2026-05-03T22:12:43.632089
Collin Murray-Boyles,,,a463f640631f8b0580966b909965de14,2026-05-03,23:40,rebounds,9.5,425.0,,True,betmgm,2026-05-03T22:12:43.632091
Collin Murray-Boyles,,,a463f640631f8b0580966b909965de14,2026-05-03,23:40,rebounds,4.5,-450.0,,True,betmgm,2026-05-03T22:12:43.632092
Collin Murray-Boyles,,,a463f640631f8b0580966b909965de14,2026-05-03,23:40,rebounds,6.5,-118.0,,True,betmgm,2026-05-03T22:12:43.632094
Donovan Mitchell,,,a463f640631f8b0580966b909965de14,2026-05-03,23:40,threes,2.5,-120.0,-110.0,False,betmgm,2026-05-03T22:12:43.632105
James Harden,,,a463f640631f8b0580966b909965de14,2026-05-03,23:40,threes,2.5,-135.0,100.0,False,betmgm,2026-05-03T22:12:43.632106
Max Strus,,,a463f640631f8b0580966b909965de14,2026-05-03,23:40,threes,2.5,130.0,-175.0,False,betmgm,2026-05-03T22:12:43.632108
Evan Mobley,,,a463f640631f8b0580966b909965de14,2026-05-03,23:40,threes,0.5,-160.0,120.0,False,betmgm,2026-05-03T22:12:43.632110
Ja'Kobe Walter,,,a463f640631f8b0580966b909965de14,2026-05-03,23:40,threes,2.5,110.0,-150.0,False,betmgm,2026-05-03T22:12:43.632111
R.J. Barrett,,,a463f640631f8b0580966b909965de14,2026-05-03,23:40,threes,1.5,-135.0,100.0,False,betmgm,2026-05-03T22:12:43.632113
Scottie Barnes,,,a463f640631f8b0580966b909965de14,2026-05-03,23:40,threes,0.5,-200.0,150.0,False,betmgm,2026-05-03T22:12:43.632115
Jamal Shead,,,a463f640631f8b0580966b909965de14,2026-05-03,23:40,threes,1.5,105.0,-145.0,False,betmgm,2026-05-03T22:12:43.632116
James Harden,,,a463f640631f8b0580966b909965de14,2026-05-03,23:40,threes,1.5,-450.0,,True,betmgm,2026-05-03T22:12:43.632134
Max Strus,,,a463f640631f8b0580966b909965de14,2026-05-03,23:40,threes,2.5,130.0,,True,betmgm,2026-05-03T22:12:43.632135
James Harden,,,a463f640631f8b0580966b909965de14,2026-05-03,23:40,threes,3.5,170.0,,True,betmgm,2026-05-03T22:12:43.632137
Evan Mobley,,,a463f640631f8b0580966b909965de14,2026-05-03,23:40,threes,1.5,275.0,,True,betmgm,2026-05-03T22:12:43.632139
Max Strus,,,a463f640631f8b0580966b909965de14,2026-05-03,23:40,threes,0.5,-1100.0,,True,betmgm,2026-05-03T22:12:43.632140
Donovan Mitchell,,,a463f640631f8b0580966b909965de14,2026-05-03,23:40,threes,0.5,-2000.0,,True,betmgm,2026-05-03T22:12:43.632142
James Harden,,,a463f640631f8b0580966b909965de14,2026-05-03,23:40,threes,2.5,-150.0,,True,betmgm,2026-05-03T22:12:43.632144
Evan Mobley,,,a463f640631f8b0580966b909965de14,2026-05-03,23:40,threes,2.5,850.0,,True,betmgm,2026-05-03T22:12:43.632147
Max Strus,,,a463f640631f8b0580966b909965de14,2026-05-03,23:40,threes,4.5,750.0,,True,betmgm,2026-05-03T22:12:43.632149
Donovan Mitchell,,,a463f640631f8b0580966b909965de14,2026-05-03,23:40,threes,4.5,450.0,,True,betmgm,2026-05-03T22:12:43.632151
Donovan Mitchell,,,a463f640631f8b0580966b909965de14,2026-05-03,23:40,threes,2.5,-125.0,,True,betmgm,2026-05-03T22:12:43.632152
James Harden,,,a463f640631f8b0580966b909965de14,2026-05-03,23:40,threes,4.5,380.0,,True,betmgm,2026-05-03T22:12:43.632154
Max Strus,,,a463f640631f8b0580966b909965de14,2026-05-03,23:40,threes,3.5,325.0,,True,betmgm,2026-05-03T22:12:43.632156
Max Strus,,,a463f640631f8b0580966b909965de14,2026-05-03,23:40,threes,1.5,-225.0,,True,betmgm,2026-05-03T22:12:43.632157
Evan Mobley,,,a463f640631f8b0580966b909965de14,2026-05-03,23:40,threes,0.5,-165.0,,True,betmgm,2026-05-03T22:12:43.632161
R.J. Barrett,,,a463f640631f8b0580966b909965de14,2026-05-03,23:40,threes,2.5,210.0,,True,betmgm,2026-05-03T22:12:43.632163
R.J. Barrett,,,a463f640631f8b0580966b909965de14,2026-05-03,23:40,threes,1.5,-140.0,,True,betmgm,2026-05-03T22:12:43.632164
Donovan Mitchell,,,a463f640631f8b0580966b909965de14,2026-05-03,23:40,threes,1.5,-375.0,,True,betmgm,2026-05-03T22:12:43.632166
Ja'Kobe Walter,,,a463f640631f8b0580966b909965de14,2026-05-03,23:40,threes,0.5,-1400.0,,True,betmgm,2026-05-03T22:12:43.632168
Ja'Kobe Walter,,,a463f640631f8b0580966b909965de14,2026-05-03,23:40,threes,2.5,110.0,,True,betmgm,2026-05-03T22:12:43.632169
Scottie Barnes,,,a463f640631f8b0580966b909965de14,2026-05-03,23:40,threes,0.5,-210.0,,True,betmgm,2026-05-03T22:12:43.632173
Ja'Kobe Walter,,,a463f640631f8b0580966b909965de14,2026-05-03,23:40,threes,3.5,260.0,,True,betmgm,2026-05-03T22:12:43.632174
Ja'Kobe Walter,,,a463f640631f8b0580966b909965de14,2026-05-03,23:40,threes,4.5,600.0,,True,betmgm,2026-05-03T22:12:43.632176
Scottie Barnes,,,a463f640631f8b0580966b909965de14,2026-05-03,23:40,threes,2.5,675.0,,True,betmgm,2026-05-03T22:12:43.632178
R.J. Barrett,,,a463f640631f8b0580966b909965de14,2026-05-03,23:40,threes,0.5,-625.0,,True,betmgm,2026-05-03T22:12:43.632179
Scottie Barnes,,,a463f640631f8b0580966b909965de14,2026-05-03,23:40,threes,1.5,210.0,,True,betmgm,2026-05-03T22:12:43.632181
R.J. Barrett,,,a463f640631f8b0580966b909965de14,2026-05-03,23:40,threes,3.5,525.0,,True,betmgm,2026-05-03T22:12:43.632183
Donovan Mitchell,,,a463f640631f8b0580966b909965de14,2026-05-03,23:40,threes,3.5,200.0,,True,betmgm,2026-05-03T22:12:43.632184
Ja'Kobe Walter,,,a463f640631f8b0580966b909965de14,2026-05-03,23:40,threes,1.5,-275.0,,True,betmgm,2026-05-03T22:12:43.632186
Jamal Shead,,,a463f640631f8b0580966b909965de14,2026-05-03,23:40,threes,1.5,105.0,,True,betmgm,2026-05-03T22:12:43.632188
Jamal Shead,,,a463f640631f8b0580966b909965de14,2026-05-03,23:40,threes,3.5,825.0,,True,betmgm,2026-05-03T22:12:43.632189
Jamal Shead,,,a463f640631f8b0580966b909965de14,2026-05-03,23:40,threes,2.5,325.0,,True,betmgm,2026-05-03T22:12:43.632191
Jamal Shead,,,a463f640631f8b0580966b909965de14,2026-05-03,23:40,threes,0.5,-400.0,,True,betmgm,2026-05-03T22:12:43.632193
Kelly Oubre Jr,,,b11391b35b7a0cf79deeef3bb3eb9009,2026-05-05,00:10,assists,1.5,150.0,-200.0,False,betmgm,2026-05-03T22:12:43.756498
Tyrese Maxey,,,b11391b35b7a0cf79deeef3bb3eb9009,2026-05-05,00:10,assists,6.5,-105.0,-125.0,False,betmgm,2026-05-03T22:12:43.756499
Josh Hart,,,b11391b35b7a0cf79deeef3bb3eb9009,2026-05-05,00:10,assists,4.5,-115.0,-115.0,False,betmgm,2026-05-03T22:12:43.756501
Mikal Bridges,,,b11391b35b7a0cf79deeef3bb3eb9009,2026-05-05,00:10,assists,2.5,115.0,-155.0,False,betmgm,2026-05-03T22:12:43.756503
OG Anunoby,,,b11391b35b7a0cf79deeef3bb3eb9009,2026-05-05,00:10,assists,1.5,-135.0,100.0,False,betmgm,2026-05-03T22:12:43.756506
Joel Embiid,,,b11391b35b7a0cf79deeef3bb3eb9009,2026-05-05,00:10,assists,4.5,-135.0,100.0,False,betmgm,2026-05-03T22:12:43.756508
Paul George,,,b11391b35b7a0cf79deeef3bb3eb9009,2026-05-05,00:10,assists,3.5,-111.0,-120.0,False,betmgm,2026-05-03T22:12:43.756510
Jalen Brunson,,,b11391b35b7a0cf79deeef3bb3eb9009,2026-05-05,00:10,assists,6.5,-115.0,-115.0,False,betmgm,2026-05-03T22:12:43.756512
VJ Edgecombe,,,b11391b35b7a0cf79deeef3bb3eb9009,2026-05-05,00:10,assists,3.5,120.0,-160.0,False,betmgm,2026-05-03T22:12:43.756513
Karl-Anthony Towns,,,b11391b35b7a0cf79deeef3bb3eb9009,2026-05-05,00:10,assists,3.5,-150.0,110.0,False,betmgm,2026-05-03T22:12:43.756515
Joel Embiid,,,b11391b35b7a0cf79deeef3bb3eb9009,2026-05-05,00:10,assists,4.5,-140.0,,True,betmgm,2026-05-03T22:12:43.756528
Joel Embiid,,,b11391b35b7a0cf79deeef3bb3eb9009,2026-05-05,00:10,assists,2.5,-800.0,,True,betmgm,2026-05-03T22:12:43.756530
Josh Hart,,,b11391b35b7a0cf79deeef3bb3eb9009,2026-05-05,00:10,assists,2.5,-700.0,,True,betmgm,2026-05-03T22:12:43.756531
Josh Hart,,,b11391b35b7a0cf79deeef3bb3eb9009,2026-05-05,00:10,assists,4.5,-115.0,,True,betmgm,2026-05-03T22:12:43.756533
Tyrese Maxey,,,b11391b35b7a0cf79deeef3bb3eb9009,2026-05-05,00:10,assists,4.5,-400.0,,True,betmgm,2026-05-03T22:12:43.756537
Karl-Anthony Towns,,,b11391b35b7a0cf79deeef3bb3eb9009,2026-05-05,00:10,assists,2.5,-350.0,,True,betmgm,2026-05-03T22:12:43.756538
Tyrese Maxey,,,b11391b35b7a0cf79deeef3bb3eb9009,2026-05-05,00:10,assists,6.5,-105.0,,True,betmgm,2026-05-03T22:12:43.756540
Paul George,,,b11391b35b7a0cf79deeef3bb3eb9009,2026-05-05,00:10,assists,2.5,-275.0,,True,betmgm,2026-05-03T22:12:43.756542
Jalen Brunson,,,b11391b35b7a0cf79deeef3bb3eb9009,2026-05-05,00:10,assists,6.5,-115.0,,True,betmgm,2026-05-03T22:12:43.756544
Jalen Brunson,,,b11391b35b7a0cf79deeef3bb3eb9009,2026-05-05,00:10,assists,4.5,-500.0,,True,betmgm,2026-05-03T22:12:43.756545
Jalen Brunson,,,b11391b35b7a0cf79deeef3bb3eb9009,2026-05-05,00:10,assists,9.5,500.0,,True,betmgm,2026-05-03T22:12:43.756547
Mikal Bridges,,,b11391b35b7a0cf79deeef3bb3eb9009,2026-05-05,00:10,assists,2.5,100.0,,True,betmgm,2026-05-03T22:12:43.756549
Karl-Anthony Towns,,,b11391b35b7a0cf79deeef3bb3eb9009,2026-05-05,00:10,assists,4.5,150.0,,True,betmgm,2026-05-03T22:12:43.756550
Mikal Bridges,,,b11391b35b7a0cf79deeef3bb3eb9009,2026-05-05,00:10,assists,4.5,550.0,,True,betmgm,2026-05-03T22:12:43.756552
Karl-Anthony Towns,,,b11391b35b7a0cf79deeef3bb3eb9009,2026-05-05,00:10,assists,6.5,575.0,,True,betmgm,2026-05-03T22:12:43.756554
Joel Embiid,,,b11391b35b7a0cf79deeef3bb3eb9009,2026-05-05,00:10,assists,6.5,275.0,,True,betmgm,2026-05-03T22:12:43.756556
Tyrese Maxey,,,b11391b35b7a0cf79deeef3bb3eb9009,2026-05-05,00:10,assists,9.5,525.0,,True,betmgm,2026-05-03T22:12:43.756557
VJ Edgecombe,,,b11391b35b7a0cf79deeef3bb3eb9009,2026-05-05,00:10,assists,2.5,-210.0,,True,betmgm,2026-05-03T22:12:43.756559
Josh Hart,,,b11391b35b7a0cf79deeef3bb3eb9009,2026-05-05,00:10,assists,6.5,340.0,,True,betmgm,2026-05-03T22:12:43.756573
Paul George,,,b11391b35b7a0cf79deeef3bb3eb9009,2026-05-05,00:10,assists,6.5,750.0,,True,betmgm,2026-05-03T22:12:43.756575
Paul George,,,b11391b35b7a0cf79deeef3bb3eb9009,2026-05-05,00:10,assists,4.5,195.0,,True,betmgm,2026-05-03T22:12:43.756577
VJ Edgecombe,,,b11391b35b7a0cf79deeef3bb3eb9009,2026-05-05,00:10,assists,4.5,250.0,,True,betmgm,2026-05-03T22:12:43.756579
VJ Edgecombe,,,b11391b35b7a0cf79deeef3bb3eb9009,2026-05-05,00:10,points,12.5,-105.0,-125.0,False,betmgm,2026-05-03T22:12:43.756591
Josh Hart,,,b11391b35b7a0cf79deeef3bb3eb9009,2026-05-05,00:10,points,11.5,100.0,-135.0,False,betmgm,2026-05-03T22:12:43.756593
OG Anunoby,,,b11391b35b7a0cf79deeef3bb3eb9009,2026-05-05,00:10,points,16.5,-120.0,-110.0,False,betmgm,2026-05-03T22:12:43.756595
Jalen Brunson,,,b11391b35b7a0cf79deeef3bb3eb9009,2026-05-05,00:10,points,26.5,-125.0,-105.0,False,betmgm,2026-05-03T22:12:43.756596
Mikal Bridges,,,b11391b35b7a0cf79deeef3bb3eb9009,2026-05-05,00:10,points,9.5,-125.0,-105.0,False,betmgm,2026-05-03T22:12:43.756600
Karl-Anthony Towns,,,b11391b35b7a0cf79deeef3bb3eb9009,2026-05-05,00:10,points,19.5,-105.0,-125.0,False,betmgm,2026-05-03T22:12:43.756602
Joel Embiid,,,b11391b35b7a0cf79deeef3bb3eb9009,2026-05-05,00:10,points,26.5,-110.0,-120.0,False,betmgm,2026-05-03T22:12:43.756604
Paul George,,,b11391b35b7a0cf79deeef3bb3eb9009,2026-05-05,00:10,points,14.5,-130.0,-105.0,False,betmgm,2026-05-03T22:12:43.756605
Tyrese Maxey,,,b11391b35b7a0cf79deeef3bb3eb9009,2026-05-05,00:10,points,25.5,-115.0,-115.0,False,betmgm,2026-05-03T22:12:43.756607
Kelly Oubre Jr,,,b11391b35b7a0cf79deeef3bb3eb9009,2026-05-05,00:10,points,9.5,-115.0,-115.0,False,betmgm,2026-05-03T22:12:43.756609
Josh Hart,,,b11391b35b7a0cf79deeef3bb3eb9009,2026-05-05,00:10,points,14.5,230.0,,True,betmgm,2026-05-03T22:12:43.756627
Kelly Oubre Jr,,,b11391b35b7a0cf79deeef3bb3eb9009,2026-05-05,00:10,points,9.5,-118.0,,True,betmgm,2026-05-03T22:12:43.756629
Joel Embiid,,,b11391b35b7a0cf79deeef3bb3eb9009,2026-05-05,00:10,points,24.5,-165.0,,True,betmgm,2026-05-03T22:12:43.756631
Tyrese Maxey,,,b11391b35b7a0cf79deeef3bb3eb9009,2026-05-05,00:10,points,24.5,-140.0,,True,betmgm,2026-05-03T22:12:43.756632
Paul George,,,b11391b35b7a0cf79deeef3bb3eb9009,2026-05-05,00:10,points,24.5,750.0,,True,betmgm,2026-05-03T22:12:43.756634
Joel Embiid,,,b11391b35b7a0cf79deeef3bb3eb9009,2026-05-05,00:10,points,29.5,165.0,,True,betmgm,2026-05-03T22:12:43.756636
Joel Embiid,,,b11391b35b7a0cf79deeef3bb3eb9009,2026-05-05,00:10,points,19.5,-550.0,,True,betmgm,2026-05-03T22:12:43.756638
Josh Hart,,,b11391b35b7a0cf79deeef3bb3eb9009,2026-05-05,00:10,points,9.5,-190.0,,True,betmgm,2026-05-03T22:12:43.756639
Kelly Oubre Jr,,,b11391b35b7a0cf79deeef3bb3eb9009,2026-05-05,00:10,points,14.5,360.0,,True,betmgm,2026-05-03T22:12:43.756641
VJ Edgecombe,,,b11391b35b7a0cf79deeef3bb3eb9009,2026-05-05,00:10,points,9.5,-250.0,,True,betmgm,2026-05-03T22:12:43.756643
Paul George,,,b11391b35b7a0cf79deeef3bb3eb9009,2026-05-05,00:10,points,19.5,250.0,,True,betmgm,2026-05-03T22:12:43.756644
Tyrese Maxey,,,b11391b35b7a0cf79deeef3bb3eb9009,2026-05-05,00:10,points,34.5,475.0,,True,betmgm,2026-05-03T22:12:43.756646
Tyrese Maxey,,,b11391b35b7a0cf79deeef3bb3eb9009,2026-05-05,00:10,points,29.5,195.0,,True,betmgm,2026-05-03T22:12:43.756648
Jalen Brunson,,,b11391b35b7a0cf79deeef3bb3eb9009,2026-05-05,00:10,points,34.5,380.0,,True,betmgm,2026-05-03T22:12:43.756650
Jalen Brunson,,,b11391b35b7a0cf79deeef3bb3eb9009,2026-05-05,00:10,points,19.5,-700.0,,True,betmgm,2026-05-03T22:12:43.756651
Jalen Brunson,,,b11391b35b7a0cf79deeef3bb3eb9009,2026-05-05,00:10,points,29.5,145.0,,True,betmgm,2026-05-03T22:12:43.756653
Jalen Brunson,,,b11391b35b7a0cf79deeef3bb3eb9009,2026-05-05,00:10,points,24.5,-200.0,,True,betmgm,2026-05-03T22:12:43.756655
OG Anunoby,,,b11391b35b7a0cf79deeef3bb3eb9009,2026-05-05,00:10,points,24.5,500.0,,True,betmgm,2026-05-03T22:12:43.756656
OG Anunoby,,,b11391b35b7a0cf79deeef3bb3eb9009,2026-05-05,00:10,points,14.5,-210.0,,True,betmgm,2026-05-03T22:12:43.756658
Karl-Anthony Towns,,,b11391b35b7a0cf79deeef3bb3eb9009,2026-05-05,00:10,points,19.5,-110.0,,True,betmgm,2026-05-03T22:12:43.756660
OG Anunoby,,,b11391b35b7a0cf79deeef3bb3eb9009,2026-05-05,00:10,points,19.5,165.0,,True,betmgm,2026-05-03T22:12:43.756662
Mikal Bridges,,,b11391b35b7a0cf79deeef3bb3eb9009,2026-05-05,00:10,points,9.5,-125.0,,True,betmgm,2026-05-03T22:12:43.756663
Karl-Anthony Towns,,,b11391b35b7a0cf79deeef3bb3eb9009,2026-05-05,00:10,points,29.5,775.0,,True,betmgm,2026-05-03T22:12:43.756667
Karl-Anthony Towns,,,b11391b35b7a0cf79deeef3bb3eb9009,2026-05-05,00:10,points,24.5,280.0,,True,betmgm,2026-05-03T22:12:43.756669
Tyrese Maxey,,,b11391b35b7a0cf79deeef3bb3eb9009,2026-05-05,00:10,points,14.5,-2000.0,,True,betmgm,2026-05-03T22:12:43.756670
Paul George,,,b11391b35b7a0cf79deeef3bb3eb9009,2026-05-05,00:10,points,14.5,-135.0,,True,betmgm,2026-05-03T22:12:43.756672
Paul George,,,b11391b35b7a0cf79deeef3bb3eb9009,2026-05-05,00:10,points,9.5,-550.0,,True,betmgm,2026-05-03T22:12:43.756676
Joel Embiid,,,b11391b35b7a0cf79deeef3bb3eb9009,2026-05-05,00:10,points,34.5,425.0,,True,betmgm,2026-05-03T22:12:43.756677
OG Anunoby,,,b11391b35b7a0cf79deeef3bb3eb9009,2026-05-05,00:10,points,9.5,-1100.0,,True,betmgm,2026-05-03T22:12:43.756679
Tyrese Maxey,,,b11391b35b7a0cf79deeef3bb3eb9009,2026-05-05,00:10,points,19.5,-450.0,,True,betmgm,2026-05-03T22:12:43.756681
VJ Edgecombe,,,b11391b35b7a0cf79deeef3bb3eb9009,2026-05-05,00:10,points,14.5,165.0,,True,betmgm,2026-05-03T22:12:43.756682
Mikal Bridges,,,b11391b35b7a0cf79deeef3bb3eb9009,2026-05-05,00:10,points,14.5,340.0,,True,betmgm,2026-05-03T22:12:43.756684
Josh Hart,,,b11391b35b7a0cf79deeef3bb3eb9009,2026-05-05,00:10,points,19.5,825.0,,True,betmgm,2026-05-03T22:12:43.756686
VJ Edgecombe,,,b11391b35b7a0cf79deeef3bb3eb9009,2026-05-05,00:10,points,19.5,550.0,,True,betmgm,2026-05-03T22:12:43.756688
Karl-Anthony Towns,,,b11391b35b7a0cf79deeef3bb3eb9009,2026-05-05,00:10,points,14.5,-400.0,,True,betmgm,2026-05-03T22:12:43.756689
Josh Hart,,,b11391b35b7a0cf79deeef3bb3eb9009,2026-05-05,00:10,rebounds,7.5,-150.0,110.0,False,betmgm,2026-05-03T22:12:43.756702
OG Anunoby,,,b11391b35b7a0cf79deeef3bb3eb9009,2026-05-05,00:10,rebounds,6.5,-150.0,110.0,False,betmgm,2026-05-03T22:12:43.756704
Mikal Bridges,,,b11391b35b7a0cf79deeef3bb3eb9009,2026-05-05,00:10,rebounds,2.5,-111.0,-118.0,False,betmgm,2026-05-03T22:12:43.756705
VJ Edgecombe,,,b11391b35b7a0cf79deeef3bb3eb9009,2026-05-05,00:10,rebounds,5.5,-150.0,115.0,False,betmgm,2026-05-03T22:12:43.756707
Karl-Anthony Towns,,,b11391b35b7a0cf79deeef3bb3eb9009,2026-05-05,00:10,rebounds,11.5,-115.0,-115.0,False,betmgm,2026-05-03T22:12:43.756709
Joel Embiid,,,b11391b35b7a0cf79deeef3bb3eb9009,2026-05-05,00:10,rebounds,8.5,-118.0,-111.0,False,betmgm,2026-05-03T22:12:43.756710
Jalen Brunson,,,b11391b35b7a0cf79deeef3bb3eb9009,2026-05-05,00:10,rebounds,2.5,-155.0,115.0,False,betmgm,2026-05-03T22:12:43.756714
Tyrese Maxey,,,b11391b35b7a0cf79deeef3bb3eb9009,2026-05-05,00:10,rebounds,3.5,-150.0,110.0,False,betmgm,2026-05-03T22:12:43.756716
Paul George,,,b11391b35b7a0cf79deeef3bb3eb9009,2026-05-05,00:10,rebounds,4.5,-160.0,120.0,False,betmgm,2026-05-03T22:12:43.756717
Kelly Oubre Jr,,,b11391b35b7a0cf79deeef3bb3eb9009,2026-05-05,00:10,rebounds,4.5,-160.0,120.0,False,betmgm,2026-05-03T22:12:43.756719
OG Anunoby,,,b11391b35b7a0cf79deeef3bb3eb9009,2026-05-05,00:10,rebounds,4.5,-600.0,,True,betmgm,2026-05-03T22:12:43.756737
Karl-Anthony Towns,,,b11391b35b7a0cf79deeef3bb3eb9009,2026-05-05,00:10,rebounds,9.5,-295.0,,True,betmgm,2026-05-03T22:12:43.756738
Karl-Anthony Towns,,,b11391b35b7a0cf79deeef3bb3eb9009,2026-05-05,00:10,rebounds,12.5,135.0,,True,betmgm,2026-05-03T22:12:43.756740
Paul George,,,b11391b35b7a0cf79deeef3bb3eb9009,2026-05-05,00:10,rebounds,2.5,-1000.0,,True,betmgm,2026-05-03T22:12:43.756742
Joel Embiid,,,b11391b35b7a0cf79deeef3bb3eb9009,2026-05-05,00:10,rebounds,6.5,-450.0,,True,betmgm,2026-05-03T22:12:43.756744
Josh Hart,,,b11391b35b7a0cf79deeef3bb3eb9009,2026-05-05,00:10,rebounds,6.5,-275.0,,True,betmgm,2026-05-03T22:12:43.756745
VJ Edgecombe,,,b11391b35b7a0cf79deeef3bb3eb9009,2026-05-05,00:10,rebounds,4.5,-285.0,,True,betmgm,2026-05-03T22:12:43.756747
Karl-Anthony Towns,,,b11391b35b7a0cf79deeef3bb3eb9009,2026-05-05,00:10,rebounds,16.5,675.0,,True,betmgm,2026-05-03T22:12:43.756749
Josh Hart,,,b11391b35b7a0cf79deeef3bb3eb9009,2026-05-05,00:10,rebounds,9.5,195.0,,True,betmgm,2026-05-03T22:12:43.756750
Paul George,,,b11391b35b7a0cf79deeef3bb3eb9009,2026-05-05,00:10,rebounds,4.5,-160.0,,True,betmgm,2026-05-03T22:12:43.756752
OG Anunoby,,,b11391b35b7a0cf79deeef3bb3eb9009,2026-05-05,00:10,rebounds,6.5,-150.0,,True,betmgm,2026-05-03T22:12:43.756754
Joel Embiid,,,b11391b35b7a0cf79deeef3bb3eb9009,2026-05-05,00:10,rebounds,4.5,-2000.0,,True,betmgm,2026-05-03T22:12:43.756756
Paul George,,,b11391b35b7a0cf79deeef3bb3eb9009,2026-05-05,00:10,rebounds,6.5,230.0,,True,betmgm,2026-05-03T22:12:43.756759
VJ Edgecombe,,,b11391b35b7a0cf79deeef3bb3eb9009,2026-05-05,00:10,rebounds,6.5,120.0,,True,betmgm,2026-05-03T22:12:43.756761
Joel Embiid,,,b11391b35b7a0cf79deeef3bb3eb9009,2026-05-05,00:10,rebounds,12.5,450.0,,True,betmgm,2026-05-03T22:12:43.756762
Kelly Oubre Jr,,,b11391b35b7a0cf79deeef3bb3eb9009,2026-05-05,00:10,rebounds,2.5,-1000.0,,True,betmgm,2026-05-03T22:12:43.756764
Joel Embiid,,,b11391b35b7a0cf79deeef3bb3eb9009,2026-05-05,00:10,rebounds,9.5,115.0,,True,betmgm,2026-05-03T22:12:43.756766
Kelly Oubre Jr,,,b11391b35b7a0cf79deeef3bb3eb9009,2026-05-05,00:10,rebounds,6.5,220.0,,True,betmgm,2026-05-03T22:12:43.756768
Jalen Brunson,,,b11391b35b7a0cf79deeef3bb3eb9009,2026-05-05,00:10,rebounds,2.5,-155.0,,True,betmgm,2026-05-03T22:12:43.756769
Jalen Brunson,,,b11391b35b7a0cf79deeef3bb3eb9009,2026-05-05,00:10,rebounds,4.5,350.0,,True,betmgm,2026-05-03T22:12:43.756771
Mikal Bridges,,,b11391b35b7a0cf79deeef3bb3eb9009,2026-05-05,00:10,rebounds,2.5,-105.0,,True,betmgm,2026-05-03T22:12:43.756773
OG Anunoby,,,b11391b35b7a0cf79deeef3bb3eb9009,2026-05-05,00:10,rebounds,9.5,360.0,,True,betmgm,2026-05-03T22:12:43.756775
Karl-Anthony Towns,,,b11391b35b7a0cf79deeef3bb3eb9009,2026-05-05,00:10,rebounds,14.5,300.0,,True,betmgm,2026-05-03T22:12:43.756776
Josh Hart,,,b11391b35b7a0cf79deeef3bb3eb9009,2026-05-05,00:10,rebounds,4.5,-1200.0,,True,betmgm,2026-05-03T22:12:43.756778
VJ Edgecombe,,,b11391b35b7a0cf79deeef3bb3eb9009,2026-05-05,00:10,rebounds,9.5,650.0,,True,betmgm,2026-05-03T22:12:43.756780
Josh Hart,,,b11391b35b7a0cf79deeef3bb3eb9009,2026-05-05,00:10,rebounds,12.5,825.0,,True,betmgm,2026-05-03T22:12:43.756782
Kelly Oubre Jr,,,b11391b35b7a0cf79deeef3bb3eb9009,2026-05-05,00:10,rebounds,4.5,-165.0,,True,betmgm,2026-05-03T22:12:43.756783
VJ Edgecombe,,,b11391b35b7a0cf79deeef3bb3eb9009,2026-05-05,00:10,rebounds,2.5,-2000.0,,True,betmgm,2026-05-03T22:12:43.756785
Tyrese Maxey,,,b11391b35b7a0cf79deeef3bb3eb9009,2026-05-05,00:10,rebounds,2.5,-325.0,,True,betmgm,2026-05-03T22:12:43.756788
Tyrese Maxey,,,b11391b35b7a0cf79deeef3bb3eb9009,2026-05-05,00:10,rebounds,4.5,165.0,,True,betmgm,2026-05-03T22:12:43.756790
Mikal Bridges,,,b11391b35b7a0cf79deeef3bb3eb9009,2026-05-05,00:10,rebounds,4.5,525.0,,True,betmgm,2026-05-03T22:12:43.756792
Karl-Anthony Towns,,,b11391b35b7a0cf79deeef3bb3eb9009,2026-05-05,00:10,rebounds,6.5,-2000.0,,True,betmgm,2026-05-03T22:12:43.756794
Tyrese Maxey,,,b11391b35b7a0cf79deeef3bb3eb9009,2026-05-05,00:10,rebounds,6.5,625.0,,True,betmgm,2026-05-03T22:12:43.756795
VJ Edgecombe,,,b11391b35b7a0cf79deeef3bb3eb9009,2026-05-05,00:10,threes,1.5,-135.0,100.0,False,betmgm,2026-05-03T22:12:43.756807
Tyrese Maxey,,,b11391b35b7a0cf79deeef3bb3eb9009,2026-05-05,00:10,threes,2.5,-150.0,110.0,False,betmgm,2026-05-03T22:12:43.756809
Mikal Bridges,,,b11391b35b7a0cf79deeef3bb3eb9009,2026-05-05,00:10,threes,1.5,115.0,-155.0,False,betmgm,2026-05-03T22:12:43.756811
Josh Hart,,,b11391b35b7a0cf79deeef3bb3eb9009,2026-05-05,00:10,threes,1.5,130.0,-175.0,False,betmgm,2026-05-03T22:12:43.756812
OG Anunoby,,,b11391b35b7a0cf79deeef3bb3eb9009,2026-05-05,00:10,threes,2.5,115.0,-155.0,False,betmgm,2026-05-03T22:12:43.756814
Jalen Brunson,,,b11391b35b7a0cf79deeef3bb3eb9009,2026-05-05,00:10,threes,2.5,-115.0,-115.0,False,betmgm,2026-05-03T22:12:43.756816
Joel Embiid,,,b11391b35b7a0cf79deeef3bb3eb9009,2026-05-05,00:10,threes,1.5,140.0,-190.0,False,betmgm,2026-05-03T22:12:43.756818
Paul George,,,b11391b35b7a0cf79deeef3bb3eb9009,2026-05-05,00:10,threes,2.5,130.0,-175.0,False,betmgm,2026-05-03T22:12:43.756819
Karl-Anthony Towns,,,b11391b35b7a0cf79deeef3bb3eb9009,2026-05-05,00:10,threes,1.5,135.0,-185.0,False,betmgm,2026-05-03T22:12:43.756821
Kelly Oubre Jr,,,b11391b35b7a0cf79deeef3bb3eb9009,2026-05-05,00:10,threes,1.5,175.0,-235.0,False,betmgm,2026-05-03T22:12:43.756823
Tyrese Maxey,,,b11391b35b7a0cf79deeef3bb3eb9009,2026-05-05,00:10,threes,1.5,-450.0,,True,betmgm,2026-05-03T22:12:43.756842
Mikal Bridges,,,b11391b35b7a0cf79deeef3bb3eb9009,2026-05-05,00:10,threes,0.5,-375.0,,True,betmgm,2026-05-03T22:12:43.756845
Kelly Oubre Jr,,,b11391b35b7a0cf79deeef3bb3eb9009,2026-05-05,00:10,threes,2.5,525.0,,True,betmgm,2026-05-03T22:12:43.756847
Tyrese Maxey,,,b11391b35b7a0cf79deeef3bb3eb9009,2026-05-05,00:10,threes,3.5,165.0,,True,betmgm,2026-05-03T22:12:43.756849
Josh Hart,,,b11391b35b7a0cf79deeef3bb3eb9009,2026-05-05,00:10,threes,2.5,390.0,,True,betmgm,2026-05-03T22:12:43.756851
Josh Hart,,,b11391b35b7a0cf79deeef3bb3eb9009,2026-05-05,00:10,threes,1.5,130.0,,True,betmgm,2026-05-03T22:12:43.756852
Paul George,,,b11391b35b7a0cf79deeef3bb3eb9009,2026-05-05,00:10,threes,1.5,-220.0,,True,betmgm,2026-05-03T22:12:43.756854
Paul George,,,b11391b35b7a0cf79deeef3bb3eb9009,2026-05-05,00:10,threes,3.5,325.0,,True,betmgm,2026-05-03T22:12:43.756856
Kelly Oubre Jr,,,b11391b35b7a0cf79deeef3bb3eb9009,2026-05-05,00:10,threes,0.5,-250.0,,True,betmgm,2026-05-03T22:12:43.756858
Paul George,,,b11391b35b7a0cf79deeef3bb3eb9009,2026-05-05,00:10,threes,2.5,130.0,,True,betmgm,2026-05-03T22:12:43.756859
Karl-Anthony Towns,,,b11391b35b7a0cf79deeef3bb3eb9009,2026-05-05,00:10,threes,1.5,135.0,,True,betmgm,2026-05-03T22:12:43.756861
Tyrese Maxey,,,b11391b35b7a0cf79deeef3bb3eb9009,2026-05-05,00:10,threes,2.5,-155.0,,True,betmgm,2026-05-03T22:12:43.756863
Jalen Brunson,,,b11391b35b7a0cf79deeef3bb3eb9009,2026-05-05,00:10,threes,4.5,500.0,,True,betmgm,2026-05-03T22:12:43.756864
Jalen Brunson,,,b11391b35b7a0cf79deeef3bb3eb9009,2026-05-05,00:10,threes,1.5,-325.0,,True,betmgm,2026-05-03T22:12:43.756866
Jalen Brunson,,,b11391b35b7a0cf79deeef3bb3eb9009,2026-05-05,00:10,threes,0.5,-2000.0,,True,betmgm,2026-05-03T22:12:43.756868
Jalen Brunson,,,b11391b35b7a0cf79deeef3bb3eb9009,2026-05-05,00:10,threes,3.5,220.0,,True,betmgm,2026-05-03T22:12:43.756870
OG Anunoby,,,b11391b35b7a0cf79deeef3bb3eb9009,2026-05-05,00:10,threes,2.5,115.0,,True,betmgm,2026-05-03T22:12:43.756871
Jalen Brunson,,,b11391b35b7a0cf79deeef3bb3eb9009,2026-05-05,00:10,threes,2.5,-115.0,,True,betmgm,2026-05-03T22:12:43.756875
OG Anunoby,,,b11391b35b7a0cf79deeef3bb3eb9009,2026-05-05,00:10,threes,4.5,650.0,,True,betmgm,2026-05-03T22:12:43.756876
Josh Hart,,,b11391b35b7a0cf79deeef3bb3eb9009,2026-05-05,00:10,threes,0.5,-325.0,,True,betmgm,2026-05-03T22:12:43.756878
Paul George,,,b11391b35b7a0cf79deeef3bb3eb9009,2026-05-05,00:10,threes,4.5,750.0,,True,betmgm,2026-05-03T22:12:43.756880
OG Anunoby,,,b11391b35b7a0cf79deeef3bb3eb9009,2026-05-05,00:10,threes,3.5,300.0,,True,betmgm,2026-05-03T22:12:43.756882
Mikal Bridges,,,b11391b35b7a0cf79deeef3bb3eb9009,2026-05-05,00:10,threes,1.5,115.0,,True,betmgm,2026-05-03T22:12:43.756883
Joel Embiid,,,b11391b35b7a0cf79deeef3bb3eb9009,2026-05-05,00:10,threes,2.5,425.0,,True,betmgm,2026-05-03T22:12:43.756885
OG Anunoby,,,b11391b35b7a0cf79deeef3bb3eb9009,2026-05-05,00:10,threes,0.5,-1200.0,,True,betmgm,2026-05-03T22:12:43.756887
VJ Edgecombe,,,b11391b35b7a0cf79deeef3bb3eb9009,2026-05-05,00:10,threes,1.5,-135.0,,True,betmgm,2026-05-03T22:12:43.756888
OG Anunoby,,,b11391b35b7a0cf79deeef3bb3eb9009,2026-05-05,00:10,threes,1.5,-250.0,,True,betmgm,2026-05-03T22:12:43.756890
Joel Embiid,,,b11391b35b7a0cf79deeef3bb3eb9009,2026-05-05,00:10,threes,0.5,-300.0,,True,betmgm,2026-05-03T22:12:43.756892
VJ Edgecombe,,,b11391b35b7a0cf79deeef3bb3eb9009,2026-05-05,00:10,threes,2.5,220.0,,True,betmgm,2026-05-03T22:12:43.756893
Tyrese Maxey,,,b11391b35b7a0cf79deeef3bb3eb9009,2026-05-05,00:10,threes,4.5,360.0,,True,betmgm,2026-05-03T22:12:43.756895
Joel Embiid,,,b11391b35b7a0cf79deeef3bb3eb9009,2026-05-05,00:10,threes,1.5,140.0,,True,betmgm,2026-05-03T22:12:43.756897
Karl-Anthony Towns,,,b11391b35b7a0cf79deeef3bb3eb9009,2026-05-05,00:10,threes,0.5,-325.0,,True,betmgm,2026-05-03T22:12:43.756899
Kelly Oubre Jr,,,b11391b35b7a0cf79deeef3bb3eb9009,2026-05-05,00:10,threes,1.5,170.0,,True,betmgm,2026-05-03T22:12:43.756900
VJ Edgecombe,,,b11391b35b7a0cf79deeef3bb3eb9009,2026-05-05,00:10,threes,0.5,-600.0,,True,betmgm,2026-05-03T22:12:43.756904
Mikal Bridges,,,b11391b35b7a0cf79deeef3bb3eb9009,2026-05-05,00:10,threes,2.5,360.0,,True,betmgm,2026-05-03T22:12:43.756905
VJ Edgecombe,,,b11391b35b7a0cf79deeef3bb3eb9009,2026-05-05,00:10,threes,3.5,550.0,,True,betmgm,2026-05-03T22:12:43.756907
Paul George,,,b11391b35b7a0cf79deeef3bb3eb9009,2026-05-05,00:10,threes,0.5,-1100.0,,True,betmgm,2026-05-03T22:12:43.756910
Karl-Anthony Towns,,,b11391b35b7a0cf79deeef3bb3eb9009,2026-05-05,00:10,threes,2.5,400.0,,True,betmgm,2026-05-03T22:12:43.756912
De'Aaron Fox,,,219920e3a715ceb3dc69f3638f7571d5,2026-05-05,01:40,assists,6.5,105.0,-145.0,False,betmgm,2026-05-03T22:12:43.875495
Victor Wembanyama,,,219920e3a715ceb3dc69f3638f7571d5,2026-05-05,01:40,assists,3.5,130.0,-175.0,False,betmgm,2026-05-03T22:12:43.875497
Devin Vassell,,,219920e3a715ceb3dc69f3638f7571d5,2026-05-05,01:40,assists,2.5,100.0,-135.0,False,betmgm,2026-05-03T22:12:43.875500
Stephon Castle,,,219920e3a715ceb3dc69f3638f7571d5,2026-05-05,01:40,assists,7.5,105.0,-140.0,False,betmgm,2026-05-03T22:12:43.875502
Jaden McDaniels,,,219920e3a715ceb3dc69f3638f7571d5,2026-05-05,01:40,assists,2.5,-120.0,-110.0,False,betmgm,2026-05-03T22:12:43.875504
Julius Randle,,,219920e3a715ceb3dc69f3638f7571d5,2026-05-05,01:40,assists,4.5,-105.0,-125.0,False,betmgm,2026-05-03T22:12:43.875505
Rudy Gobert,,,219920e3a715ceb3dc69f3638f7571d5,2026-05-05,01:40,assists,1.5,-120.0,-110.0,False,betmgm,2026-05-03T22:12:43.875507
Dylan Harper,,,219920e3a715ceb3dc69f3638f7571d5,2026-05-05,01:40,assists,2.5,-150.0,110.0,False,betmgm,2026-05-03T22:12:43.875509
Julian Champagnie,,,219920e3a715ceb3dc69f3638f7571d5,2026-05-05,01:40,assists,1.5,140.0,-190.0,False,betmgm,2026-05-03T22:12:43.875510
Stephon Castle,,,219920e3a715ceb3dc69f3638f7571d5,2026-05-05,01:40,assists,9.5,275.0,,True,betmgm,2026-05-03T22:12:43.875521
Stephon Castle,,,219920e3a715ceb3dc69f3638f7571d5,2026-05-05,01:40,assists,6.5,-210.0,,True,betmgm,2026-05-03T22:12:43.875522
Stephon Castle,,,219920e3a715ceb3dc69f3638f7571d5,2026-05-05,01:40,assists,4.5,-1000.0,,True,betmgm,2026-05-03T22:12:43.875524
De'Aaron Fox,,,219920e3a715ceb3dc69f3638f7571d5,2026-05-05,01:40,assists,6.5,105.0,,True,betmgm,2026-05-03T22:12:43.875526
De'Aaron Fox,,,219920e3a715ceb3dc69f3638f7571d5,2026-05-05,01:40,assists,4.5,-375.0,,True,betmgm,2026-05-03T22:12:43.875528
De'Aaron Fox,,,219920e3a715ceb3dc69f3638f7571d5,2026-05-05,01:40,assists,9.5,600.0,,True,betmgm,2026-05-03T22:12:43.875529
Jaden McDaniels,,,219920e3a715ceb3dc69f3638f7571d5,2026-05-05,01:40,assists,2.5,-120.0,,True,betmgm,2026-05-03T22:12:43.875531
Devin Vassell,,,219920e3a715ceb3dc69f3638f7571d5,2026-05-05,01:40,assists,4.5,550.0,,True,betmgm,2026-05-03T22:12:43.875533
Victor Wembanyama,,,219920e3a715ceb3dc69f3638f7571d5,2026-05-05,01:40,assists,4.5,280.0,,True,betmgm,2026-05-03T22:12:43.875534
Victor Wembanyama,,,219920e3a715ceb3dc69f3638f7571d5,2026-05-05,01:40,assists,2.5,-190.0,,True,betmgm,2026-05-03T22:12:43.875536
Julius Randle,,,219920e3a715ceb3dc69f3638f7571d5,2026-05-05,01:40,assists,6.5,350.0,,True,betmgm,2026-05-03T22:12:43.875538
Julius Randle,,,219920e3a715ceb3dc69f3638f7571d5,2026-05-05,01:40,assists,4.5,-105.0,,True,betmgm,2026-05-03T22:12:43.875540
Julius Randle,,,219920e3a715ceb3dc69f3638f7571d5,2026-05-05,01:40,assists,2.5,-550.0,,True,betmgm,2026-05-03T22:12:43.875541
Jaden McDaniels,,,219920e3a715ceb3dc69f3638f7571d5,2026-05-05,01:40,assists,4.5,425.0,,True,betmgm,2026-05-03T22:12:43.875543
Devin Vassell,,,219920e3a715ceb3dc69f3638f7571d5,2026-05-05,01:40,assists,2.5,-105.0,,True,betmgm,2026-05-03T22:12:43.875545
Dylan Harper,,,219920e3a715ceb3dc69f3638f7571d5,2026-05-05,01:40,assists,2.5,-155.0,,True,betmgm,2026-05-03T22:12:43.875546
Dylan Harper,,,219920e3a715ceb3dc69f3638f7571d5,2026-05-05,01:40,assists,4.5,310.0,,True,betmgm,2026-05-03T22:12:43.875548
De'Aaron Fox,,,219920e3a715ceb3dc69f3638f7571d5,2026-05-05,01:40,points,17.5,-115.0,-115.0,False,betmgm,2026-05-03T22:12:43.875574
Devin Vassell,,,219920e3a715ceb3dc69f3638f7571d5,2026-05-05,01:40,points,12.5,-105.0,-125.0,False,betmgm,2026-05-03T22:12:43.875576
Julian Champagnie,,,219920e3a715ceb3dc69f3638f7571d5,2026-05-05,01:40,points,8.5,-120.0,-111.0,False,betmgm,2026-05-03T22:12:43.875578
Stephon Castle,,,219920e3a715ceb3dc69f3638f7571d5,2026-05-05,01:40,points,17.5,-105.0,-125.0,False,betmgm,2026-05-03T22:12:43.875580
Julius Randle,,,219920e3a715ceb3dc69f3638f7571d5,2026-05-05,01:40,points,21.5,-115.0,-115.0,False,betmgm,2026-05-03T22:12:43.875581
Victor Wembanyama,,,219920e3a715ceb3dc69f3638f7571d5,2026-05-05,01:40,points,27.5,-125.0,-105.0,False,betmgm,2026-05-03T22:12:43.875583
Rudy Gobert,,,219920e3a715ceb3dc69f3638f7571d5,2026-05-05,01:40,points,8.5,-125.0,-105.0,False,betmgm,2026-05-03T22:12:43.875585
Jaden McDaniels,,,219920e3a715ceb3dc69f3638f7571d5,2026-05-05,01:40,points,16.5,-120.0,-110.0,False,betmgm,2026-05-03T22:12:43.875586
Dylan Harper,,,219920e3a715ceb3dc69f3638f7571d5,2026-05-05,01:40,points,9.5,-115.0,-115.0,False,betmgm,2026-05-03T22:12:43.875590
Naz Reid,,,219920e3a715ceb3dc69f3638f7571d5,2026-05-05,01:40,points,11.5,-125.0,-105.0,False,betmgm,2026-05-03T22:12:43.875592
Keldon Johnson,,,219920e3a715ceb3dc69f3638f7571d5,2026-05-05,01:40,points,8.5,-105.0,-125.0,False,betmgm,2026-05-03T22:12:43.875594
De'Aaron Fox,,,219920e3a715ceb3dc69f3638f7571d5,2026-05-05,01:40,points,9.5,-1600.0,,True,betmgm,2026-05-03T22:12:43.875614
De'Aaron Fox,,,219920e3a715ceb3dc69f3638f7571d5,2026-05-05,01:40,points,19.5,140.0,,True,betmgm,2026-05-03T22:12:43.875616
De'Aaron Fox,,,219920e3a715ceb3dc69f3638f7571d5,2026-05-05,01:40,points,14.5,-250.0,,True,betmgm,2026-05-03T22:12:43.875618
De'Aaron Fox,,,219920e3a715ceb3dc69f3638f7571d5,2026-05-05,01:40,points,24.5,425.0,,True,betmgm,2026-05-03T22:12:43.875620
Julian Champagnie,,,219920e3a715ceb3dc69f3638f7571d5,2026-05-05,01:40,points,9.5,115.0,,True,betmgm,2026-05-03T22:12:43.875622
Stephon Castle,,,219920e3a715ceb3dc69f3638f7571d5,2026-05-05,01:40,points,14.5,-235.0,,True,betmgm,2026-05-03T22:12:43.875625
Julian Champagnie,,,219920e3a715ceb3dc69f3638f7571d5,2026-05-05,01:40,points,14.5,450.0,,True,betmgm,2026-05-03T22:12:43.875627
Stephon Castle,,,219920e3a715ceb3dc69f3638f7571d5,2026-05-05,01:40,points,19.5,150.0,,True,betmgm,2026-05-03T22:12:43.875629
Stephon Castle,,,219920e3a715ceb3dc69f3638f7571d5,2026-05-05,01:40,points,24.5,450.0,,True,betmgm,2026-05-03T22:12:43.875630
Devin Vassell,,,219920e3a715ceb3dc69f3638f7571d5,2026-05-05,01:40,points,9.5,-250.0,,True,betmgm,2026-05-03T22:12:43.875632
Jaden McDaniels,,,219920e3a715ceb3dc69f3638f7571d5,2026-05-05,01:40,points,14.5,-210.0,,True,betmgm,2026-05-03T22:12:43.875634
Devin Vassell,,,219920e3a715ceb3dc69f3638f7571d5,2026-05-05,01:40,points,14.5,165.0,,True,betmgm,2026-05-03T22:12:43.875636
Jaden McDaniels,,,219920e3a715ceb3dc69f3638f7571d5,2026-05-05,01:40,points,9.5,-1000.0,,True,betmgm,2026-05-03T22:12:43.875637
Rudy Gobert,,,219920e3a715ceb3dc69f3638f7571d5,2026-05-05,01:40,points,14.5,525.0,,True,betmgm,2026-05-03T22:12:43.875639
Rudy Gobert,,,219920e3a715ceb3dc69f3638f7571d5,2026-05-05,01:40,points,9.5,105.0,,True,betmgm,2026-05-03T22:12:43.875641
Victor Wembanyama,,,219920e3a715ceb3dc69f3638f7571d5,2026-05-05,01:40,points,29.5,120.0,,True,betmgm,2026-05-03T22:12:43.875642
Julius Randle,,,219920e3a715ceb3dc69f3638f7571d5,2026-05-05,01:40,points,14.5,-650.0,,True,betmgm,2026-05-03T22:12:43.875644
Victor Wembanyama,,,219920e3a715ceb3dc69f3638f7571d5,2026-05-05,01:40,points,19.5,-900.0,,True,betmgm,2026-05-03T22:12:43.875646
Jaden McDaniels,,,219920e3a715ceb3dc69f3638f7571d5,2026-05-05,01:40,points,19.5,165.0,,True,betmgm,2026-05-03T22:12:43.875647
Julius Randle,,,219920e3a715ceb3dc69f3638f7571d5,2026-05-05,01:40,points,19.5,-185.0,,True,betmgm,2026-05-03T22:12:43.875649
Victor Wembanyama,,,219920e3a715ceb3dc69f3638f7571d5,2026-05-05,01:40,points,34.5,310.0,,True,betmgm,2026-05-03T22:12:43.875651
Devin Vassell,,,219920e3a715ceb3dc69f3638f7571d5,2026-05-05,01:40,points,19.5,550.0,,True,betmgm,2026-05-03T22:12:43.875653
Julius Randle,,,219920e3a715ceb3dc69f3638f7571d5,2026-05-05,01:40,points,24.5,165.0,,True,betmgm,2026-05-03T22:12:43.875654
Julius Randle,,,219920e3a715ceb3dc69f3638f7571d5,2026-05-05,01:40,points,29.5,425.0,,True,betmgm,2026-05-03T22:12:43.875656
Victor Wembanyama,,,219920e3a715ceb3dc69f3638f7571d5,2026-05-05,01:40,points,24.5,-235.0,,True,betmgm,2026-05-03T22:12:43.875658
Stephon Castle,,,219920e3a715ceb3dc69f3638f7571d5,2026-05-05,01:40,points,9.5,-1400.0,,True,betmgm,2026-05-03T22:12:43.875659
Victor Wembanyama,,,219920e3a715ceb3dc69f3638f7571d5,2026-05-05,01:40,points,39.5,750.0,,True,betmgm,2026-05-03T22:12:43.875661
Jaden McDaniels,,,219920e3a715ceb3dc69f3638f7571d5,2026-05-05,01:40,points,24.5,475.0,,True,betmgm,2026-05-03T22:12:43.875663
Dylan Harper,,,219920e3a715ceb3dc69f3638f7571d5,2026-05-05,01:40,points,14.5,360.0,,True,betmgm,2026-05-03T22:12:43.875665
Dylan Harper,,,219920e3a715ceb3dc69f3638f7571d5,2026-05-05,01:40,points,9.5,-115.0,,True,betmgm,2026-05-03T22:12:43.875668
Naz Reid,,,219920e3a715ceb3dc69f3638f7571d5,2026-05-05,01:40,points,14.5,180.0,,True,betmgm,2026-05-03T22:12:43.875670
Naz Reid,,,219920e3a715ceb3dc69f3638f7571d5,2026-05-05,01:40,points,9.5,-225.0,,True,betmgm,2026-05-03T22:12:43.875672
Naz Reid,,,219920e3a715ceb3dc69f3638f7571d5,2026-05-05,01:40,points,19.5,600.0,,True,betmgm,2026-05-03T22:12:43.875673
Keldon Johnson,,,219920e3a715ceb3dc69f3638f7571d5,2026-05-05,01:40,points,9.5,125.0,,True,betmgm,2026-05-03T22:12:43.875675
Keldon Johnson,,,219920e3a715ceb3dc69f3638f7571d5,2026-05-05,01:40,points,14.5,475.0,,True,betmgm,2026-05-03T22:12:43.875677
Victor Wembanyama,,,219920e3a715ceb3dc69f3638f7571d5,2026-05-05,01:40,rebounds,11.5,-140.0,105.0,False,betmgm,2026-05-03T22:12:43.875690
Stephon Castle,,,219920e3a715ceb3dc69f3638f7571d5,2026-05-05,01:40,rebounds,5.5,-125.0,-105.0,False,betmgm,2026-05-03T22:12:43.875692
Devin Vassell,,,219920e3a715ceb3dc69f3638f7571d5,2026-05-05,01:40,rebounds,4.5,115.0,-155.0,False,betmgm,2026-05-03T22:12:43.875694
Julian Champagnie,,,219920e3a715ceb3dc69f3638f7571d5,2026-05-05,01:40,rebounds,4.5,-140.0,105.0,False,betmgm,2026-05-03T22:12:43.875695
Julius Randle,,,219920e3a715ceb3dc69f3638f7571d5,2026-05-05,01:40,rebounds,6.5,-130.0,100.0,False,betmgm,2026-05-03T22:12:43.875697
Jaden McDaniels,,,219920e3a715ceb3dc69f3638f7571d5,2026-05-05,01:40,rebounds,4.5,-105.0,-130.0,False,betmgm,2026-05-03T22:12:43.875699
Rudy Gobert,,,219920e3a715ceb3dc69f3638f7571d5,2026-05-05,01:40,rebounds,11.5,105.0,-140.0,False,betmgm,2026-05-03T22:12:43.875700
Dylan Harper,,,219920e3a715ceb3dc69f3638f7571d5,2026-05-05,01:40,rebounds,2.5,-160.0,120.0,False,betmgm,2026-05-03T22:12:43.875702
Naz Reid,,,219920e3a715ceb3dc69f3638f7571d5,2026-05-05,01:40,rebounds,5.5,-125.0,-105.0,False,betmgm,2026-05-03T22:12:43.875704
Keldon Johnson,,,219920e3a715ceb3dc69f3638f7571d5,2026-05-05,01:40,rebounds,3.5,-135.0,100.0,False,betmgm,2026-05-03T22:12:43.875705
De'Aaron Fox,,,219920e3a715ceb3dc69f3638f7571d5,2026-05-05,01:40,rebounds,4.5,125.0,-165.0,False,betmgm,2026-05-03T22:12:43.875707
Stephon Castle,,,219920e3a715ceb3dc69f3638f7571d5,2026-05-05,01:40,rebounds,6.5,145.0,,True,betmgm,2026-05-03T22:12:43.875726
De'Aaron Fox,,,219920e3a715ceb3dc69f3638f7571d5,2026-05-05,01:40,rebounds,2.5,-450.0,,True,betmgm,2026-05-03T22:12:43.875728
Stephon Castle,,,219920e3a715ceb3dc69f3638f7571d5,2026-05-05,01:40,rebounds,9.5,750.0,,True,betmgm,2026-05-03T22:12:43.875729
De'Aaron Fox,,,219920e3a715ceb3dc69f3638f7571d5,2026-05-05,01:40,rebounds,6.5,475.0,,True,betmgm,2026-05-03T22:12:43.875731
Julius Randle,,,219920e3a715ceb3dc69f3638f7571d5,2026-05-05,01:40,rebounds,6.5,-140.0,,True,betmgm,2026-05-03T22:12:43.875733
Jaden McDaniels,,,219920e3a715ceb3dc69f3638f7571d5,2026-05-05,01:40,rebounds,6.5,360.0,,True,betmgm,2026-05-03T22:12:43.875735
Devin Vassell,,,219920e3a715ceb3dc69f3638f7571d5,2026-05-05,01:40,rebounds,6.5,425.0,,True,betmgm,2026-05-03T22:12:43.875736
Julius Randle,,,219920e3a715ceb3dc69f3638f7571d5,2026-05-05,01:40,rebounds,4.5,-525.0,,True,betmgm,2026-05-03T22:12:43.875738
Julian Champagnie,,,219920e3a715ceb3dc69f3638f7571d5,2026-05-05,01:40,rebounds,4.5,-145.0,,True,betmgm,2026-05-03T22:12:43.875740
Stephon Castle,,,219920e3a715ceb3dc69f3638f7571d5,2026-05-05,01:40,rebounds,2.5,-1600.0,,True,betmgm,2026-05-03T22:12:43.875743
Victor Wembanyama,,,219920e3a715ceb3dc69f3638f7571d5,2026-05-05,01:40,rebounds,12.5,110.0,,True,betmgm,2026-05-03T22:12:43.875745
Devin Vassell,,,219920e3a715ceb3dc69f3638f7571d5,2026-05-05,01:40,rebounds,4.5,115.0,,True,betmgm,2026-05-03T22:12:43.875747
Rudy Gobert,,,219920e3a715ceb3dc69f3638f7571d5,2026-05-05,01:40,rebounds,16.5,700.0,,True,betmgm,2026-05-03T22:12:43.875748
Stephon Castle,,,219920e3a715ceb3dc69f3638f7571d5,2026-05-05,01:40,rebounds,4.5,-250.0,,True,betmgm,2026-05-03T22:12:43.875750
Julian Champagnie,,,219920e3a715ceb3dc69f3638f7571d5,2026-05-05,01:40,rebounds,2.5,-800.0,,True,betmgm,2026-05-03T22:12:43.875752
Julius Randle,,,219920e3a715ceb3dc69f3638f7571d5,2026-05-05,01:40,rebounds,9.5,350.0,,True,betmgm,2026-05-03T22:12:43.875755
Victor Wembanyama,,,219920e3a715ceb3dc69f3638f7571d5,2026-05-05,01:40,rebounds,14.5,260.0,,True,betmgm,2026-05-03T22:12:43.875757
Rudy Gobert,,,219920e3a715ceb3dc69f3638f7571d5,2026-05-05,01:40,rebounds,6.5,-1400.0,,True,betmgm,2026-05-03T22:12:43.875759
Victor Wembanyama,,,219920e3a715ceb3dc69f3638f7571d5,2026-05-05,01:40,rebounds,9.5,-400.0,,True,betmgm,2026-05-03T22:12:43.875761
Rudy Gobert,,,219920e3a715ceb3dc69f3638f7571d5,2026-05-05,01:40,rebounds,9.5,-235.0,,True,betmgm,2026-05-03T22:12:43.875764
De'Aaron Fox,,,219920e3a715ceb3dc69f3638f7571d5,2026-05-05,01:40,rebounds,4.5,125.0,,True,betmgm,2026-05-03T22:12:43.875766
Devin Vassell,,,219920e3a715ceb3dc69f3638f7571d5,2026-05-05,01:40,rebounds,2.5,-500.0,,True,betmgm,2026-05-03T22:12:43.875768
Jaden McDaniels,,,219920e3a715ceb3dc69f3638f7571d5,2026-05-05,01:40,rebounds,4.5,-105.0,,True,betmgm,2026-05-03T22:12:43.875769
Julian Champagnie,,,219920e3a715ceb3dc69f3638f7571d5,2026-05-05,01:40,rebounds,6.5,260.0,,True,betmgm,2026-05-03T22:12:43.875771
Jaden McDaniels,,,219920e3a715ceb3dc69f3638f7571d5,2026-05-05,01:40,rebounds,2.5,-550.0,,True,betmgm,2026-05-03T22:12:43.875773
Rudy Gobert,,,219920e3a715ceb3dc69f3638f7571d5,2026-05-05,01:40,rebounds,14.5,340.0,,True,betmgm,2026-05-03T22:12:43.875774
Rudy Gobert,,,219920e3a715ceb3dc69f3638f7571d5,2026-05-05,01:40,rebounds,12.5,155.0,,True,betmgm,2026-05-03T22:12:43.875776
Victor Wembanyama,,,219920e3a715ceb3dc69f3638f7571d5,2026-05-05,01:40,rebounds,16.5,575.0,,True,betmgm,2026-05-03T22:12:43.875778
Dylan Harper,,,219920e3a715ceb3dc69f3638f7571d5,2026-05-05,01:40,rebounds,4.5,300.0,,True,betmgm,2026-05-03T22:12:43.875779
Dylan Harper,,,219920e3a715ceb3dc69f3638f7571d5,2026-05-05,01:40,rebounds,2.5,-160.0,,True,betmgm,2026-05-03T22:12:43.875781
Naz Reid,,,219920e3a715ceb3dc69f3638f7571d5,2026-05-05,01:40,rebounds,6.5,145.0,,True,betmgm,2026-05-03T22:12:43.875783
Naz Reid,,,219920e3a715ceb3dc69f3638f7571d5,2026-05-05,01:40,rebounds,2.5,-1600.0,,True,betmgm,2026-05-03T22:12:43.875785
Naz Reid,,,219920e3a715ceb3dc69f3638f7571d5,2026-05-05,01:40,rebounds,9.5,750.0,,True,betmgm,2026-05-03T22:12:43.875786
Naz Reid,,,219920e3a715ceb3dc69f3638f7571d5,2026-05-05,01:40,rebounds,4.5,-250.0,,True,betmgm,2026-05-03T22:12:43.875788
Keldon Johnson,,,219920e3a715ceb3dc69f3638f7571d5,2026-05-05,01:40,rebounds,4.5,155.0,,True,betmgm,2026-05-03T22:12:43.875790
Keldon Johnson,,,219920e3a715ceb3dc69f3638f7571d5,2026-05-05,01:40,rebounds,6.5,525.0,,True,betmgm,2026-05-03T22:12:43.875791
Keldon Johnson,,,219920e3a715ceb3dc69f3638f7571d5,2026-05-05,01:40,rebounds,2.5,-295.0,,True,betmgm,2026-05-03T22:12:43.875793
Victor Wembanyama,,,219920e3a715ceb3dc69f3638f7571d5,2026-05-05,01:40,threes,2.5,110.0,-145.0,False,betmgm,2026-05-03T22:12:43.875805
Devin Vassell,,,219920e3a715ceb3dc69f3638f7571d5,2026-05-05,01:40,threes,2.5,125.0,-165.0,False,betmgm,2026-05-03T22:12:43.875806
De'Aaron Fox,,,219920e3a715ceb3dc69f3638f7571d5,2026-05-05,01:40,threes,1.5,-150.0,110.0,False,betmgm,2026-05-03T22:12:43.875808
Julian Champagnie,,,219920e3a715ceb3dc69f3638f7571d5,2026-05-05,01:40,threes,1.5,-185.0,135.0,False,betmgm,2026-05-03T22:12:43.875810
Stephon Castle,,,219920e3a715ceb3dc69f3638f7571d5,2026-05-05,01:40,threes,1.5,120.0,-160.0,False,betmgm,2026-05-03T22:12:43.875811
Jaden McDaniels,,,219920e3a715ceb3dc69f3638f7571d5,2026-05-05,01:40,threes,1.5,-105.0,-125.0,False,betmgm,2026-05-03T22:12:43.875813
Julius Randle,,,219920e3a715ceb3dc69f3638f7571d5,2026-05-05,01:40,threes,1.5,115.0,-155.0,False,betmgm,2026-05-03T22:12:43.875815
Naz Reid,,,219920e3a715ceb3dc69f3638f7571d5,2026-05-05,01:40,threes,1.5,-135.0,100.0,False,betmgm,2026-05-03T22:12:43.875817
Keldon Johnson,,,219920e3a715ceb3dc69f3638f7571d5,2026-05-05,01:40,threes,0.5,-150.0,110.0,False,betmgm,2026-05-03T22:12:43.875818
De'Aaron Fox,,,219920e3a715ceb3dc69f3638f7571d5,2026-05-05,01:40,threes,0.5,-700.0,,True,betmgm,2026-05-03T22:12:43.875838
De'Aaron Fox,,,219920e3a715ceb3dc69f3638f7571d5,2026-05-05,01:40,threes,2.5,200.0,,True,betmgm,2026-05-03T22:12:43.875840
Stephon Castle,,,219920e3a715ceb3dc69f3638f7571d5,2026-05-05,01:40,threes,0.5,-375.0,,True,betmgm,2026-05-03T22:12:43.875842
De'Aaron Fox,,,219920e3a715ceb3dc69f3638f7571d5,2026-05-05,01:40,threes,1.5,-150.0,,True,betmgm,2026-05-03T22:12:43.875843
Devin Vassell,,,219920e3a715ceb3dc69f3638f7571d5,2026-05-05,01:40,threes,3.5,300.0,,True,betmgm,2026-05-03T22:12:43.875845
Julian Champagnie,,,219920e3a715ceb3dc69f3638f7571d5,2026-05-05,01:40,threes,3.5,400.0,,True,betmgm,2026-05-03T22:12:43.875847
Julius Randle,,,219920e3a715ceb3dc69f3638f7571d5,2026-05-05,01:40,threes,3.5,700.0,,True,betmgm,2026-05-03T22:12:43.875849
Jaden McDaniels,,,219920e3a715ceb3dc69f3638f7571d5,2026-05-05,01:40,threes,0.5,-450.0,,True,betmgm,2026-05-03T22:12:43.875850
Victor Wembanyama,,,219920e3a715ceb3dc69f3638f7571d5,2026-05-05,01:40,threes,0.5,-1400.0,,True,betmgm,2026-05-03T22:12:43.875852
Victor Wembanyama,,,219920e3a715ceb3dc69f3638f7571d5,2026-05-05,01:40,threes,3.5,300.0,,True,betmgm,2026-05-03T22:12:43.875854
Jaden McDaniels,,,219920e3a715ceb3dc69f3638f7571d5,2026-05-05,01:40,threes,1.5,-105.0,,True,betmgm,2026-05-03T22:12:43.875855
Jaden McDaniels,,,219920e3a715ceb3dc69f3638f7571d5,2026-05-05,01:40,threes,3.5,700.0,,True,betmgm,2026-05-03T22:12:43.875857
Devin Vassell,,,219920e3a715ceb3dc69f3638f7571d5,2026-05-05,01:40,threes,1.5,-235.0,,True,betmgm,2026-05-03T22:12:43.875859
Stephon Castle,,,219920e3a715ceb3dc69f3638f7571d5,2026-05-05,01:40,threes,1.5,120.0,,True,betmgm,2026-05-03T22:12:43.875860
Devin Vassell,,,219920e3a715ceb3dc69f3638f7571d5,2026-05-05,01:40,threes,2.5,120.0,,True,betmgm,2026-05-03T22:12:43.875864
Devin Vassell,,,219920e3a715ceb3dc69f3638f7571d5,2026-05-05,01:40,threes,0.5,-1200.0,,True,betmgm,2026-05-03T22:12:43.875866
Julian Champagnie,,,219920e3a715ceb3dc69f3638f7571d5,2026-05-05,01:40,threes,2.5,165.0,,True,betmgm,2026-05-03T22:12:43.875867
Julius Randle,,,219920e3a715ceb3dc69f3638f7571d5,2026-05-05,01:40,threes,1.5,-105.0,,True,betmgm,2026-05-03T22:12:43.875869
Julius Randle,,,219920e3a715ceb3dc69f3638f7571d5,2026-05-05,01:40,threes,0.5,-450.0,,True,betmgm,2026-05-03T22:12:43.875871
Julian Champagnie,,,219920e3a715ceb3dc69f3638f7571d5,2026-05-05,01:40,threes,0.5,-800.0,,True,betmgm,2026-05-03T22:12:43.875872
Jaden McDaniels,,,219920e3a715ceb3dc69f3638f7571d5,2026-05-05,01:40,threes,2.5,275.0,,True,betmgm,2026-05-03T22:12:43.875874
Victor Wembanyama,,,219920e3a715ceb3dc69f3638f7571d5,2026-05-05,01:40,threes,2.5,115.0,,True,betmgm,2026-05-03T22:12:43.875876
Julian Champagnie,,,219920e3a715ceb3dc69f3638f7571d5,2026-05-05,01:40,threes,1.5,-185.0,,True,betmgm,2026-05-03T22:12:43.875878
Julius Randle,,,219920e3a715ceb3dc69f3638f7571d5,2026-05-05,01:40,threes,2.5,280.0,,True,betmgm,2026-05-03T22:12:43.875879
Victor Wembanyama,,,219920e3a715ceb3dc69f3638f7571d5,2026-05-05,01:40,threes,4.5,650.0,,True,betmgm,2026-05-03T22:12:43.875881
Devin Vassell,,,219920e3a715ceb3dc69f3638f7571d5,2026-05-05,01:40,threes,4.5,700.0,,True,betmgm,2026-05-03T22:12:43.875883
Stephon Castle,,,219920e3a715ceb3dc69f3638f7571d5,2026-05-05,01:40,threes,2.5,360.0,,True,betmgm,2026-05-03T22:12:43.875884
De'Aaron Fox,,,219920e3a715ceb3dc69f3638f7571d5,2026-05-05,01:40,threes,3.5,525.0,,True,betmgm,2026-05-03T22:12:43.875886
Victor Wembanyama,,,219920e3a715ceb3dc69f3638f7571d5,2026-05-05,01:40,threes,1.5,-275.0,,True,betmgm,2026-05-03T22:12:43.875888
Naz Reid,,,219920e3a715ceb3dc69f3638f7571d5,2026-05-05,01:40,threes,0.5,-750.0,,True,betmgm,2026-05-03T22:12:43.875889
Naz Reid,,,219920e3a715ceb3dc69f3638f7571d5,2026-05-05,01:40,threes,2.5,180.0,,True,betmgm,2026-05-03T22:12:43.875891
Naz Reid,,,219920e3a715ceb3dc69f3638f7571d5,2026-05-05,01:40,threes,3.5,450.0,,True,betmgm,2026-05-03T22:12:43.875893
Naz Reid,,,219920e3a715ceb3dc69f3638f7571d5,2026-05-05,01:40,threes,1.5,-165.0,,True,betmgm,2026-05-03T22:12:43.875896
Keldon Johnson,,,219920e3a715ceb3dc69f3638f7571d5,2026-05-05,01:40,threes,0.5,-150.0,,True,betmgm,2026-05-03T22:12:43.875898
Keldon Johnson,,,219920e3a715ceb3dc69f3638f7571d5,2026-05-05,01:40,threes,1.5,300.0,,True,betmgm,2026-05-03T22:12:43.875900
Jalen Williams,,,689b4554b0b10e67f46872eb2e74b98d,2026-05-06,01:40,assists,4.5,-135.0,100.0,False,betmgm,2026-05-03T22:12:43.990223
Shai Gilgeous-Alexander,,,689b4554b0b10e67f46872eb2e74b98d,2026-05-06,01:40,assists,7.5,110.0,-150.0,False,betmgm,2026-05-03T22:12:43.990225
Isaiah Hartenstein,,,689b4554b0b10e67f46872eb2e74b98d,2026-05-06,01:40,assists,2.5,-125.0,-105.0,False,betmgm,2026-05-03T22:12:43.990227
LeBron James,,,689b4554b0b10e67f46872eb2e74b98d,2026-05-06,01:40,assists,7.5,-111.0,-120.0,False,betmgm,2026-05-03T22:12:43.990229
Austin Reaves,,,689b4554b0b10e67f46872eb2e74b98d,2026-05-06,01:40,assists,5.5,120.0,-160.0,False,betmgm,2026-05-03T22:12:43.990230
Marcus Smart,,,689b4554b0b10e67f46872eb2e74b98d,2026-05-06,01:40,assists,2.5,-135.0,100.0,False,betmgm,2026-05-03T22:12:43.990234
Rui Hachimura,,,689b4554b0b10e67f46872eb2e74b98d,2026-05-06,01:40,assists,1.5,175.0,-235.0,False,betmgm,2026-05-03T22:12:43.990236
Chet Holmgren,,,689b4554b0b10e67f46872eb2e74b98d,2026-05-06,01:40,assists,1.5,-105.0,-125.0,False,betmgm,2026-05-03T22:12:43.990237
Luguentz Dort,,,689b4554b0b10e67f46872eb2e74b98d,2026-05-06,01:40,assists,1.5,160.0,-220.0,False,betmgm,2026-05-03T22:12:43.990239
Ajay Mitchell,,,689b4554b0b10e67f46872eb2e74b98d,2026-05-06,01:40,assists,3.5,-105.0,-125.0,False,betmgm,2026-05-03T22:12:43.990241
Cason Wallace,,,689b4554b0b10e67f46872eb2e74b98d,2026-05-06,01:40,assists,1.5,-175.0,130.0,False,betmgm,2026-05-03T22:12:43.990242
Shai Gilgeous-Alexander,,,689b4554b0b10e67f46872eb2e74b98d,2026-05-06,01:40,assists,6.5,-165.0,,True,betmgm,2026-05-03T22:12:43.990255
Shai Gilgeous-Alexander,,,689b4554b0b10e67f46872eb2e74b98d,2026-05-06,01:40,assists,9.5,340.0,,True,betmgm,2026-05-03T22:12:43.990256
Jalen Williams,,,689b4554b0b10e67f46872eb2e74b98d,2026-05-06,01:40,assists,4.5,-135.0,,True,betmgm,2026-05-03T22:12:43.990258
Jalen Williams,,,689b4554b0b10e67f46872eb2e74b98d,2026-05-06,01:40,assists,2.5,-800.0,,True,betmgm,2026-05-03T22:12:43.990260
Marcus Smart,,,689b4554b0b10e67f46872eb2e74b98d,2026-05-06,01:40,assists,4.5,390.0,,True,betmgm,2026-05-03T22:12:43.990262
LeBron James,,,689b4554b0b10e67f46872eb2e74b98d,2026-05-06,01:40,assists,6.5,-200.0,,True,betmgm,2026-05-03T22:12:43.990263
Isaiah Hartenstein,,,689b4554b0b10e67f46872eb2e74b98d,2026-05-06,01:40,assists,2.5,-125.0,,True,betmgm,2026-05-03T22:12:43.990265
Shai Gilgeous-Alexander,,,689b4554b0b10e67f46872eb2e74b98d,2026-05-06,01:40,assists,4.5,-750.0,,True,betmgm,2026-05-03T22:12:43.990267
Austin Reaves,,,689b4554b0b10e67f46872eb2e74b98d,2026-05-06,01:40,assists,6.5,220.0,,True,betmgm,2026-05-03T22:12:43.990268
LeBron James,,,689b4554b0b10e67f46872eb2e74b98d,2026-05-06,01:40,assists,9.5,250.0,,True,betmgm,2026-05-03T22:12:43.990270
Marcus Smart,,,689b4554b0b10e67f46872eb2e74b98d,2026-05-06,01:40,assists,2.5,-140.0,,True,betmgm,2026-05-03T22:12:43.990272
Isaiah Hartenstein,,,689b4554b0b10e67f46872eb2e74b98d,2026-05-06,01:40,assists,4.5,425.0,,True,betmgm,2026-05-03T22:12:43.990273
Austin Reaves,,,689b4554b0b10e67f46872eb2e74b98d,2026-05-06,01:40,assists,4.5,-165.0,,True,betmgm,2026-05-03T22:12:43.990275
Austin Reaves,,,689b4554b0b10e67f46872eb2e74b98d,2026-05-06,01:40,assists,2.5,-1000.0,,True,betmgm,2026-05-03T22:12:43.990277
Jalen Williams,,,689b4554b0b10e67f46872eb2e74b98d,2026-05-06,01:40,assists,6.5,300.0,,True,betmgm,2026-05-03T22:12:43.990279
LeBron James,,,689b4554b0b10e67f46872eb2e74b98d,2026-05-06,01:40,assists,4.5,-900.0,,True,betmgm,2026-05-03T22:12:43.990280
Ajay Mitchell,,,689b4554b0b10e67f46872eb2e74b98d,2026-05-06,01:40,assists,6.5,825.0,,True,betmgm,2026-05-03T22:12:43.990282
Cason Wallace,,,689b4554b0b10e67f46872eb2e74b98d,2026-05-06,01:40,assists,4.5,825.0,,True,betmgm,2026-05-03T22:12:43.990284
Ajay Mitchell,,,689b4554b0b10e67f46872eb2e74b98d,2026-05-06,01:40,assists,2.5,-250.0,,True,betmgm,2026-05-03T22:12:43.990285
Ajay Mitchell,,,689b4554b0b10e67f46872eb2e74b98d,2026-05-06,01:40,assists,4.5,210.0,,True,betmgm,2026-05-03T22:12:43.990289
Shai Gilgeous-Alexander,,,689b4554b0b10e67f46872eb2e74b98d,2026-05-06,01:40,points,31.5,-120.0,-110.0,False,betmgm,2026-05-03T22:12:43.990303
Luguentz Dort,,,689b4554b0b10e67f46872eb2e74b98d,2026-05-06,01:40,points,6.5,-125.0,-105.0,False,betmgm,2026-05-03T22:12:43.990305
Rui Hachimura,,,689b4554b0b10e67f46872eb2e74b98d,2026-05-06,01:40,points,11.5,-115.0,-115.0,False,betmgm,2026-05-03T22:12:43.990307
Austin Reaves,,,689b4554b0b10e67f46872eb2e74b98d,2026-05-06,01:40,points,21.5,-111.0,-118.0,False,betmgm,2026-05-03T22:12:43.990309
Jalen Williams,,,689b4554b0b10e67f46872eb2e74b98d,2026-05-06,01:40,points,15.5,-115.0,-115.0,False,betmgm,2026-05-03T22:12:43.990310
Isaiah Hartenstein,,,689b4554b0b10e67f46872eb2e74b98d,2026-05-06,01:40,points,7.5,-120.0,-110.0,False,betmgm,2026-05-03T22:12:43.990312
Chet Holmgren,,,689b4554b0b10e67f46872eb2e74b98d,2026-05-06,01:40,points,16.5,-115.0,-115.0,False,betmgm,2026-05-03T22:12:43.990314
Deandre Ayton,,,689b4554b0b10e67f46872eb2e74b98d,2026-05-06,01:40,points,10.5,-110.0,-120.0,False,betmgm,2026-05-03T22:12:43.990315
Marcus Smart,,,689b4554b0b10e67f46872eb2e74b98d,2026-05-06,01:40,points,10.5,-115.0,-115.0,False,betmgm,2026-05-03T22:12:43.990317
Cason Wallace,,,689b4554b0b10e67f46872eb2e74b98d,2026-05-06,01:40,points,7.5,-111.0,-118.0,False,betmgm,2026-05-03T22:12:43.990319
LeBron James,,,689b4554b0b10e67f46872eb2e74b98d,2026-05-06,01:40,points,19.5,-125.0,-105.0,False,betmgm,2026-05-03T22:12:43.990322
Luke Kennard,,,689b4554b0b10e67f46872eb2e74b98d,2026-05-06,01:40,points,7.5,-120.0,-110.0,False,betmgm,2026-05-03T22:12:43.990324
Ajay Mitchell,,,689b4554b0b10e67f46872eb2e74b98d,2026-05-06,01:40,points,15.5,-110.0,-120.0,False,betmgm,2026-05-03T22:12:43.990326
Shai Gilgeous-Alexander,,,689b4554b0b10e67f46872eb2e74b98d,2026-05-06,01:40,points,39.5,360.0,,True,betmgm,2026-05-03T22:12:43.990346
Jalen Williams,,,689b4554b0b10e67f46872eb2e74b98d,2026-05-06,01:40,points,24.5,750.0,,True,betmgm,2026-05-03T22:12:43.990347
Shai Gilgeous-Alexander,,,689b4554b0b10e67f46872eb2e74b98d,2026-05-06,01:40,points,24.5,-625.0,,True,betmgm,2026-05-03T22:12:43.990349
Jalen Williams,,,689b4554b0b10e67f46872eb2e74b98d,2026-05-06,01:40,points,14.5,-155.0,,True,betmgm,2026-05-03T22:12:43.990351
Shai Gilgeous-Alexander,,,689b4554b0b10e67f46872eb2e74b98d,2026-05-06,01:40,points,34.5,140.0,,True,betmgm,2026-05-03T22:12:43.990353
Jalen Williams,,,689b4554b0b10e67f46872eb2e74b98d,2026-05-06,01:40,points,19.5,230.0,,True,betmgm,2026-05-03T22:12:43.990354
Jalen Williams,,,689b4554b0b10e67f46872eb2e74b98d,2026-05-06,01:40,points,9.5,-800.0,,True,betmgm,2026-05-03T22:12:43.990356
LeBron James,,,689b4554b0b10e67f46872eb2e74b98d,2026-05-06,01:40,points,14.5,-450.0,,True,betmgm,2026-05-03T22:12:43.990358
LeBron James,,,689b4554b0b10e67f46872eb2e74b98d,2026-05-06,01:40,points,24.5,230.0,,True,betmgm,2026-05-03T22:12:43.990360
Rui Hachimura,,,689b4554b0b10e67f46872eb2e74b98d,2026-05-06,01:40,points,14.5,195.0,,True,betmgm,2026-05-03T22:12:43.990361
Chet Holmgren,,,689b4554b0b10e67f46872eb2e74b98d,2026-05-06,01:40,points,19.5,175.0,,True,betmgm,2026-05-03T22:12:43.990363
Austin Reaves,,,689b4554b0b10e67f46872eb2e74b98d,2026-05-06,01:40,points,29.5,425.0,,True,betmgm,2026-05-03T22:12:43.990365
Marcus Smart,,,689b4554b0b10e67f46872eb2e74b98d,2026-05-06,01:40,points,14.5,250.0,,True,betmgm,2026-05-03T22:12:43.990366
Isaiah Hartenstein,,,689b4554b0b10e67f46872eb2e74b98d,2026-05-06,01:40,points,9.5,175.0,,True,betmgm,2026-05-03T22:12:43.990368
Austin Reaves,,,689b4554b0b10e67f46872eb2e74b98d,2026-05-06,01:40,points,14.5,-650.0,,True,betmgm,2026-05-03T22:12:43.990370
LeBron James,,,689b4554b0b10e67f46872eb2e74b98d,2026-05-06,01:40,points,29.5,650.0,,True,betmgm,2026-05-03T22:12:43.990371
Chet Holmgren,,,689b4554b0b10e67f46872eb2e74b98d,2026-05-06,01:40,points,24.5,550.0,,True,betmgm,2026-05-03T22:12:43.990373
Luguentz Dort,,,689b4554b0b10e67f46872eb2e74b98d,2026-05-06,01:40,points,14.5,825.0,,True,betmgm,2026-05-03T22:12:43.990375
Rui Hachimura,,,689b4554b0b10e67f46872eb2e74b98d,2026-05-06,01:40,points,19.5,625.0,,True,betmgm,2026-05-03T22:12:43.990378
Chet Holmgren,,,689b4554b0b10e67f46872eb2e74b98d,2026-05-06,01:40,points,9.5,-1100.0,,True,betmgm,2026-05-03T22:12:43.990380
Shai Gilgeous-Alexander,,,689b4554b0b10e67f46872eb2e74b98d,2026-05-06,01:40,points,29.5,-190.0,,True,betmgm,2026-05-03T22:12:43.990382
Rui Hachimura,,,689b4554b0b10e67f46872eb2e74b98d,2026-05-06,01:40,points,9.5,-220.0,,True,betmgm,2026-05-03T22:12:43.990384
Deandre Ayton,,,689b4554b0b10e67f46872eb2e74b98d,2026-05-06,01:40,points,14.5,300.0,,True,betmgm,2026-05-03T22:12:43.990385
Austin Reaves,,,689b4554b0b10e67f46872eb2e74b98d,2026-05-06,01:40,points,24.5,165.0,,True,betmgm,2026-05-03T22:12:43.990387
Marcus Smart,,,689b4554b0b10e67f46872eb2e74b98d,2026-05-06,01:40,points,19.5,775.0,,True,betmgm,2026-05-03T22:12:43.990391
Chet Holmgren,,,689b4554b0b10e67f46872eb2e74b98d,2026-05-06,01:40,points,14.5,-210.0,,True,betmgm,2026-05-03T22:12:43.990392
LeBron James,,,689b4554b0b10e67f46872eb2e74b98d,2026-05-06,01:40,points,19.5,-125.0,,True,betmgm,2026-05-03T22:12:43.990394
Luguentz Dort,,,689b4554b0b10e67f46872eb2e74b98d,2026-05-06,01:40,points,9.5,210.0,,True,betmgm,2026-05-03T22:12:43.990396
Austin Reaves,,,689b4554b0b10e67f46872eb2e74b98d,2026-05-06,01:40,points,19.5,-175.0,,True,betmgm,2026-05-03T22:12:43.990397
Marcus Smart,,,689b4554b0b10e67f46872eb2e74b98d,2026-05-06,01:40,points,9.5,-160.0,,True,betmgm,2026-05-03T22:12:43.990399
Deandre Ayton,,,689b4554b0b10e67f46872eb2e74b98d,2026-05-06,01:40,points,9.5,-185.0,,True,betmgm,2026-05-03T22:12:43.990401
Ajay Mitchell,,,689b4554b0b10e67f46872eb2e74b98d,2026-05-06,01:40,points,9.5,-650.0,,True,betmgm,2026-05-03T22:12:43.990402
Ajay Mitchell,,,689b4554b0b10e67f46872eb2e74b98d,2026-05-06,01:40,points,19.5,230.0,,True,betmgm,2026-05-03T22:12:43.990404
Ajay Mitchell,,,689b4554b0b10e67f46872eb2e74b98d,2026-05-06,01:40,points,14.5,-140.0,,True,betmgm,2026-05-03T22:12:43.990406
Cason Wallace,,,689b4554b0b10e67f46872eb2e74b98d,2026-05-06,01:40,points,9.5,155.0,,True,betmgm,2026-05-03T22:12:43.990408
Ajay Mitchell,,,689b4554b0b10e67f46872eb2e74b98d,2026-05-06,01:40,points,24.5,700.0,,True,betmgm,2026-05-03T22:12:43.990409
Luke Kennard,,,689b4554b0b10e67f46872eb2e74b98d,2026-05-06,01:40,points,14.5,625.0,,True,betmgm,2026-05-03T22:12:43.990411
Luke Kennard,,,689b4554b0b10e67f46872eb2e74b98d,2026-05-06,01:40,points,9.5,145.0,,True,betmgm,2026-05-03T22:12:43.990413
Cason Wallace,,,689b4554b0b10e67f46872eb2e74b98d,2026-05-06,01:40,points,14.5,600.0,,True,betmgm,2026-05-03T22:12:43.990414
Luguentz Dort,,,689b4554b0b10e67f46872eb2e74b98d,2026-05-06,01:40,rebounds,3.5,130.0,-175.0,False,betmgm,2026-05-03T22:12:43.990429
Shai Gilgeous-Alexander,,,689b4554b0b10e67f46872eb2e74b98d,2026-05-06,01:40,rebounds,4.5,125.0,-165.0,False,betmgm,2026-05-03T22:12:43.990431
Chet Holmgren,,,689b4554b0b10e67f46872eb2e74b98d,2026-05-06,01:40,rebounds,8.5,-135.0,100.0,False,betmgm,2026-05-03T22:12:43.990433
Austin Reaves,,,689b4554b0b10e67f46872eb2e74b98d,2026-05-06,01:40,rebounds,4.5,-105.0,-125.0,False,betmgm,2026-05-03T22:12:43.990434
Rui Hachimura,,,689b4554b0b10e67f46872eb2e74b98d,2026-05-06,01:40,rebounds,3.5,-130.0,-105.0,False,betmgm,2026-05-03T22:12:43.990436
Isaiah Hartenstein,,,689b4554b0b10e67f46872eb2e74b98d,2026-05-06,01:40,rebounds,8.5,110.0,-150.0,False,betmgm,2026-05-03T22:12:43.990438
Marcus Smart,,,689b4554b0b10e67f46872eb2e74b98d,2026-05-06,01:40,rebounds,2.5,-145.0,110.0,False,betmgm,2026-05-03T22:12:43.990439
LeBron James,,,689b4554b0b10e67f46872eb2e74b98d,2026-05-06,01:40,rebounds,7.5,100.0,-130.0,False,betmgm,2026-05-03T22:12:43.990441
Luke Kennard,,,689b4554b0b10e67f46872eb2e74b98d,2026-05-06,01:40,rebounds,2.5,-115.0,-115.0,False,betmgm,2026-05-03T22:12:43.990443
Cason Wallace,,,689b4554b0b10e67f46872eb2e74b98d,2026-05-06,01:40,rebounds,2.5,-160.0,120.0,False,betmgm,2026-05-03T22:12:43.990446
Ajay Mitchell,,,689b4554b0b10e67f46872eb2e74b98d,2026-05-06,01:40,rebounds,3.5,-140.0,105.0,False,betmgm,2026-05-03T22:12:43.990448
Deandre Ayton,,,689b4554b0b10e67f46872eb2e74b98d,2026-05-06,01:40,rebounds,7.5,-135.0,100.0,False,betmgm,2026-05-03T22:12:43.990451
Jalen Williams,,,689b4554b0b10e67f46872eb2e74b98d,2026-05-06,01:40,rebounds,3.5,-165.0,125.0,False,betmgm,2026-05-03T22:12:43.990453
Jalen Williams,,,689b4554b0b10e67f46872eb2e74b98d,2026-05-06,01:40,rebounds,2.5,-450.0,,True,betmgm,2026-05-03T22:12:43.990473
Shai Gilgeous-Alexander,,,689b4554b0b10e67f46872eb2e74b98d,2026-05-06,01:40,rebounds,6.5,475.0,,True,betmgm,2026-05-03T22:12:43.990475
Shai Gilgeous-Alexander,,,689b4554b0b10e67f46872eb2e74b98d,2026-05-06,01:40,rebounds,2.5,-450.0,,True,betmgm,2026-05-03T22:12:43.990476
Jalen Williams,,,689b4554b0b10e67f46872eb2e74b98d,2026-05-06,01:40,rebounds,6.5,475.0,,True,betmgm,2026-05-03T22:12:43.990478
Rui Hachimura,,,689b4554b0b10e67f46872eb2e74b98d,2026-05-06,01:40,rebounds,4.5,150.0,,True,betmgm,2026-05-03T22:12:43.990480
Chet Holmgren,,,689b4554b0b10e67f46872eb2e74b98d,2026-05-06,01:40,rebounds,12.5,500.0,,True,betmgm,2026-05-03T22:12:43.990482
Luguentz Dort,,,689b4554b0b10e67f46872eb2e74b98d,2026-05-06,01:40,rebounds,2.5,-185.0,,True,betmgm,2026-05-03T22:12:43.990483
LeBron James,,,689b4554b0b10e67f46872eb2e74b98d,2026-05-06,01:40,rebounds,9.5,250.0,,True,betmgm,2026-05-03T22:12:43.990485
Isaiah Hartenstein,,,689b4554b0b10e67f46872eb2e74b98d,2026-05-06,01:40,rebounds,12.5,700.0,,True,betmgm,2026-05-03T22:12:43.990487
Marcus Smart,,,689b4554b0b10e67f46872eb2e74b98d,2026-05-06,01:40,rebounds,4.5,360.0,,True,betmgm,2026-05-03T22:12:43.990489
Isaiah Hartenstein,,,689b4554b0b10e67f46872eb2e74b98d,2026-05-06,01:40,rebounds,9.5,180.0,,True,betmgm,2026-05-03T22:12:43.990490
Isaiah Hartenstein,,,689b4554b0b10e67f46872eb2e74b98d,2026-05-06,01:40,rebounds,4.5,-1200.0,,True,betmgm,2026-05-03T22:12:43.990492
Jalen Williams,,,689b4554b0b10e67f46872eb2e74b98d,2026-05-06,01:40,rebounds,4.5,130.0,,True,betmgm,2026-05-03T22:12:43.990494
Austin Reaves,,,689b4554b0b10e67f46872eb2e74b98d,2026-05-06,01:40,rebounds,6.5,350.0,,True,betmgm,2026-05-03T22:12:43.990495
Chet Holmgren,,,689b4554b0b10e67f46872eb2e74b98d,2026-05-06,01:40,rebounds,9.5,125.0,,True,betmgm,2026-05-03T22:12:43.990497
LeBron James,,,689b4554b0b10e67f46872eb2e74b98d,2026-05-06,01:40,rebounds,6.5,-190.0,,True,betmgm,2026-05-03T22:12:43.990499
Rui Hachimura,,,689b4554b0b10e67f46872eb2e74b98d,2026-05-06,01:40,rebounds,2.5,-350.0,,True,betmgm,2026-05-03T22:12:43.990500
Luguentz Dort,,,689b4554b0b10e67f46872eb2e74b98d,2026-05-06,01:40,rebounds,4.5,280.0,,True,betmgm,2026-05-03T22:12:43.990502
Rui Hachimura,,,689b4554b0b10e67f46872eb2e74b98d,2026-05-06,01:40,rebounds,6.5,550.0,,True,betmgm,2026-05-03T22:12:43.990504
Isaiah Hartenstein,,,689b4554b0b10e67f46872eb2e74b98d,2026-05-06,01:40,rebounds,6.5,-275.0,,True,betmgm,2026-05-03T22:12:43.990505
Austin Reaves,,,689b4554b0b10e67f46872eb2e74b98d,2026-05-06,01:40,rebounds,4.5,-105.0,,True,betmgm,2026-05-03T22:12:43.990507
LeBron James,,,689b4554b0b10e67f46872eb2e74b98d,2026-05-06,01:40,rebounds,4.5,-750.0,,True,betmgm,2026-05-03T22:12:43.990509
Austin Reaves,,,689b4554b0b10e67f46872eb2e74b98d,2026-05-06,01:40,rebounds,2.5,-550.0,,True,betmgm,2026-05-03T22:12:43.990511
Deandre Ayton,,,689b4554b0b10e67f46872eb2e74b98d,2026-05-06,01:40,rebounds,4.5,-1100.0,,True,betmgm,2026-05-03T22:12:43.990512
Deandre Ayton,,,689b4554b0b10e67f46872eb2e74b98d,2026-05-06,01:40,rebounds,9.5,185.0,,True,betmgm,2026-05-03T22:12:43.990514
Shai Gilgeous-Alexander,,,689b4554b0b10e67f46872eb2e74b98d,2026-05-06,01:40,rebounds,4.5,120.0,,True,betmgm,2026-05-03T22:12:43.990516
Chet Holmgren,,,689b4554b0b10e67f46872eb2e74b98d,2026-05-06,01:40,rebounds,6.5,-450.0,,True,betmgm,2026-05-03T22:12:43.990517
Marcus Smart,,,689b4554b0b10e67f46872eb2e74b98d,2026-05-06,01:40,rebounds,2.5,-150.0,,True,betmgm,2026-05-03T22:12:43.990519
Deandre Ayton,,,689b4554b0b10e67f46872eb2e74b98d,2026-05-06,01:40,rebounds,12.5,700.0,,True,betmgm,2026-05-03T22:12:43.990521
Deandre Ayton,,,689b4554b0b10e67f46872eb2e74b98d,2026-05-06,01:40,rebounds,6.5,-275.0,,True,betmgm,2026-05-03T22:12:43.990524
Ajay Mitchell,,,689b4554b0b10e67f46872eb2e74b98d,2026-05-06,01:40,rebounds,4.5,165.0,,True,betmgm,2026-05-03T22:12:43.990526
Ajay Mitchell,,,689b4554b0b10e67f46872eb2e74b98d,2026-05-06,01:40,rebounds,2.5,-300.0,,True,betmgm,2026-05-03T22:12:43.990528
Ajay Mitchell,,,689b4554b0b10e67f46872eb2e74b98d,2026-05-06,01:40,rebounds,6.5,625.0,,True,betmgm,2026-05-03T22:12:43.990530
Luke Kennard,,,689b4554b0b10e67f46872eb2e74b98d,2026-05-06,01:40,rebounds,2.5,-115.0,,True,betmgm,2026-05-03T22:12:43.990531
Cason Wallace,,,689b4554b0b10e67f46872eb2e74b98d,2026-05-06,01:40,rebounds,4.5,320.0,,True,betmgm,2026-05-03T22:12:43.990533
Luke Kennard,,,689b4554b0b10e67f46872eb2e74b98d,2026-05-06,01:40,rebounds,4.5,450.0,,True,betmgm,2026-05-03T22:12:43.990535
Cason Wallace,,,689b4554b0b10e67f46872eb2e74b98d,2026-05-06,01:40,rebounds,2.5,-160.0,,True,betmgm,2026-05-03T22:12:43.990538
Shai Gilgeous-Alexander,,,689b4554b0b10e67f46872eb2e74b98d,2026-05-06,01:40,threes,1.5,-150.0,110.0,False,betmgm,2026-05-03T22:12:43.990551
Luguentz Dort,,,689b4554b0b10e67f46872eb2e74b98d,2026-05-06,01:40,threes,1.5,-125.0,-105.0,False,betmgm,2026-05-03T22:12:43.990553
Jalen Williams,,,689b4554b0b10e67f46872eb2e74b98d,2026-05-06,01:40,threes,0.5,-190.0,140.0,False,betmgm,2026-05-03T22:12:43.990555
Marcus Smart,,,689b4554b0b10e67f46872eb2e74b98d,2026-05-06,01:40,threes,1.5,-165.0,125.0,False,betmgm,2026-05-03T22:12:43.990557
Rui Hachimura,,,689b4554b0b10e67f46872eb2e74b98d,2026-05-06,01:40,threes,1.5,-140.0,105.0,False,betmgm,2026-05-03T22:12:43.990558
Chet Holmgren,,,689b4554b0b10e67f46872eb2e74b98d,2026-05-06,01:40,threes,1.5,110.0,-145.0,False,betmgm,2026-05-03T22:12:43.990572
Austin Reaves,,,689b4554b0b10e67f46872eb2e74b98d,2026-05-06,01:40,threes,2.5,125.0,-165.0,False,betmgm,2026-05-03T22:12:43.990574
LeBron James,,,689b4554b0b10e67f46872eb2e74b98d,2026-05-06,01:40,threes,1.5,110.0,-150.0,False,betmgm,2026-05-03T22:12:43.990576
Cason Wallace,,,689b4554b0b10e67f46872eb2e74b98d,2026-05-06,01:40,threes,1.5,145.0,-190.0,False,betmgm,2026-05-03T22:12:43.990578
Ajay Mitchell,,,689b4554b0b10e67f46872eb2e74b98d,2026-05-06,01:40,threes,1.5,-105.0,-125.0,False,betmgm,2026-05-03T22:12:43.990580
Luke Kennard,,,689b4554b0b10e67f46872eb2e74b98d,2026-05-06,01:40,threes,1.5,140.0,-190.0,False,betmgm,2026-05-03T22:12:43.990582
Shai Gilgeous-Alexander,,,689b4554b0b10e67f46872eb2e74b98d,2026-05-06,01:40,threes,1.5,-150.0,,True,betmgm,2026-05-03T22:12:43.990610
Jalen Williams,,,689b4554b0b10e67f46872eb2e74b98d,2026-05-06,01:40,threes,0.5,-190.0,,True,betmgm,2026-05-03T22:12:43.990612
LeBron James,,,689b4554b0b10e67f46872eb2e74b98d,2026-05-06,01:40,threes,2.5,325.0,,True,betmgm,2026-05-03T22:12:43.990613
Shai Gilgeous-Alexander,,,689b4554b0b10e67f46872eb2e74b98d,2026-05-06,01:40,threes,3.5,525.0,,True,betmgm,2026-05-03T22:12:43.990615
Austin Reaves,,,689b4554b0b10e67f46872eb2e74b98d,2026-05-06,01:40,threes,3.5,300.0,,True,betmgm,2026-05-03T22:12:43.990617
Austin Reaves,,,689b4554b0b10e67f46872eb2e74b98d,2026-05-06,01:40,threes,1.5,-235.0,,True,betmgm,2026-05-03T22:12:43.990618
Shai Gilgeous-Alexander,,,689b4554b0b10e67f46872eb2e74b98d,2026-05-06,01:40,threes,0.5,-700.0,,True,betmgm,2026-05-03T22:12:43.990620
Jalen Williams,,,689b4554b0b10e67f46872eb2e74b98d,2026-05-06,01:40,threes,1.5,230.0,,True,betmgm,2026-05-03T22:12:43.990622
Luguentz Dort,,,689b4554b0b10e67f46872eb2e74b98d,2026-05-06,01:40,threes,0.5,-600.0,,True,betmgm,2026-05-03T22:12:43.990624
LeBron James,,,689b4554b0b10e67f46872eb2e74b98d,2026-05-06,01:40,threes,1.5,110.0,,True,betmgm,2026-05-03T22:12:43.990625
LeBron James,,,689b4554b0b10e67f46872eb2e74b98d,2026-05-06,01:40,threes,3.5,825.0,,True,betmgm,2026-05-03T22:12:43.990627
Shai Gilgeous-Alexander,,,689b4554b0b10e67f46872eb2e74b98d,2026-05-06,01:40,threes,2.5,200.0,,True,betmgm,2026-05-03T22:12:43.990629
LeBron James,,,689b4554b0b10e67f46872eb2e74b98d,2026-05-06,01:40,threes,0.5,-400.0,,True,betmgm,2026-05-03T22:12:43.990630
Jalen Williams,,,689b4554b0b10e67f46872eb2e74b98d,2026-05-06,01:40,threes,2.5,750.0,,True,betmgm,2026-05-03T22:12:43.990634
Rui Hachimura,,,689b4554b0b10e67f46872eb2e74b98d,2026-05-06,01:40,threes,1.5,-145.0,,True,betmgm,2026-05-03T22:12:43.990636
Luguentz Dort,,,689b4554b0b10e67f46872eb2e74b98d,2026-05-06,01:40,threes,2.5,230.0,,True,betmgm,2026-05-03T22:12:43.990637
Marcus Smart,,,689b4554b0b10e67f46872eb2e74b98d,2026-05-06,01:40,threes,0.5,-750.0,,True,betmgm,2026-05-03T22:12:43.990639
Austin Reaves,,,689b4554b0b10e67f46872eb2e74b98d,2026-05-06,01:40,threes,4.5,700.0,,True,betmgm,2026-05-03T22:12:43.990641
Chet Holmgren,,,689b4554b0b10e67f46872eb2e74b98d,2026-05-06,01:40,threes,1.5,110.0,,True,betmgm,2026-05-03T22:12:43.990642
Marcus Smart,,,689b4554b0b10e67f46872eb2e74b98d,2026-05-06,01:40,threes,2.5,170.0,,True,betmgm,2026-05-03T22:12:43.990644
Rui Hachimura,,,689b4554b0b10e67f46872eb2e74b98d,2026-05-06,01:40,threes,3.5,525.0,,True,betmgm,2026-05-03T22:12:43.990646
Chet Holmgren,,,689b4554b0b10e67f46872eb2e74b98d,2026-05-06,01:40,threes,0.5,-400.0,,True,betmgm,2026-05-03T22:12:43.990648
Marcus Smart,,,689b4554b0b10e67f46872eb2e74b98d,2026-05-06,01:40,threes,3.5,425.0,,True,betmgm,2026-05-03T22:12:43.990649
Rui Hachimura,,,689b4554b0b10e67f46872eb2e74b98d,2026-05-06,01:40,threes,2.5,210.0,,True,betmgm,2026-05-03T22:12:43.990651
Luguentz Dort,,,689b4554b0b10e67f46872eb2e74b98d,2026-05-06,01:40,threes,1.5,-125.0,,True,betmgm,2026-05-03T22:12:43.990653
Rui Hachimura,,,689b4554b0b10e67f46872eb2e74b98d,2026-05-06,01:40,threes,0.5,-650.0,,True,betmgm,2026-05-03T22:12:43.990654
Chet Holmgren,,,689b4554b0b10e67f46872eb2e74b98d,2026-05-06,01:40,threes,2.5,340.0,,True,betmgm,2026-05-03T22:12:43.990656
Austin Reaves,,,689b4554b0b10e67f46872eb2e74b98d,2026-05-06,01:40,threes,0.5,-1100.0,,True,betmgm,2026-05-03T22:12:43.990658
Luguentz Dort,,,689b4554b0b10e67f46872eb2e74b98d,2026-05-06,01:40,threes,3.5,600.0,,True,betmgm,2026-05-03T22:12:43.990659
Marcus Smart,,,689b4554b0b10e67f46872eb2e74b98d,2026-05-06,01:40,threes,1.5,-175.0,,True,betmgm,2026-05-03T22:12:43.990661
Austin Reaves,,,689b4554b0b10e67f46872eb2e74b98d,2026-05-06,01:40,threes,2.5,125.0,,True,betmgm,2026-05-03T22:12:43.990663
Ajay Mitchell,,,689b4554b0b10e67f46872eb2e74b98d,2026-05-06,01:40,threes,2.5,250.0,,True,betmgm,2026-05-03T22:12:43.990665
Cason Wallace,,,689b4554b0b10e67f46872eb2e74b98d,2026-05-06,01:40,threes,2.5,340.0,,True,betmgm,2026-05-03T22:12:43.990666
Cason Wallace,,,689b4554b0b10e67f46872eb2e74b98d,2026-05-06,01:40,threes,3.5,850.0,,True,betmgm,2026-05-03T22:12:43.990668
Ajay Mitchell,,,689b4554b0b10e67f46872eb2e74b98d,2026-05-06,01:40,threes,1.5,-115.0,,True,betmgm,2026-05-03T22:12:43.990670
Ajay Mitchell,,,689b4554b0b10e67f46872eb2e74b98d,2026-05-06,01:40,threes,0.5,-525.0,,True,betmgm,2026-05-03T22:12:43.990671
Ajay Mitchell,,,689b4554b0b10e67f46872eb2e74b98d,2026-05-06,01:40,threes,3.5,650.0,,True,betmgm,2026-05-03T22:12:43.990673
Cason Wallace,,,689b4554b0b10e67f46872eb2e74b98d,2026-05-06,01:40,threes,1.5,110.0,,True,betmgm,2026-05-03T22:12:43.990675
Luke Kennard,,,689b4554b0b10e67f46872eb2e74b98d,2026-05-06,01:40,threes,0.5,-325.0,,True,betmgm,2026-05-03T22:12:43.990676
Luke Kennard,,,689b4554b0b10e67f46872eb2e74b98d,2026-05-06,01:40,threes,2.5,425.0,,True,betmgm,2026-05-03T22:12:43.990678
Cason Wallace,,,689b4554b0b10e67f46872eb2e74b98d,2026-05-06,01:40,threes,0.5,-375.0,,True,betmgm,2026-05-03T22:12:43.990680
Luke Kennard,,,689b4554b0b10e67f46872eb2e74b98d,2026-05-06,01:40,threes,1.5,140.0,,True,betmgm,2026-05-03T22:12:43.990682
