player_name,team,opponent,game_id,game_date,game_time,prop_type,line,over_odds,under_odds,is_alt_line,sportsbook,scraped_at
Tyrese Maxey,,,a37e80a2e3cf3aaa3ae84a9124987058,2026-05-02,23:40,assists,6.5,-111.0,-118.0,False,draftkings,2026-05-02T14:19:15.634253
Jayson Tatum,,,a37e80a2e3cf3aaa3ae84a9124987058,2026-05-02,23:40,assists,5.5,-124.0,-106.0,False,draftkings,2026-05-02T14:19:15.634265
Joel Embiid,,,a37e80a2e3cf3aaa3ae84a9124987058,2026-05-02,23:40,assists,5.5,107.0,-141.0,False,draftkings,2026-05-02T14:19:15.634269
Payton Pritchard,,,a37e80a2e3cf3aaa3ae84a9124987058,2026-05-02,23:40,assists,4.5,123.0,-163.0,False,draftkings,2026-05-02T14:19:15.634271
Jaylen Brown,,,a37e80a2e3cf3aaa3ae84a9124987058,2026-05-02,23:40,assists,3.5,-161.0,122.0,False,draftkings,2026-05-02T14:19:15.634273
Derrick White,,,a37e80a2e3cf3aaa3ae84a9124987058,2026-05-02,23:40,assists,3.5,-117.0,-112.0,False,draftkings,2026-05-02T14:19:15.634275
Paul George,,,a37e80a2e3cf3aaa3ae84a9124987058,2026-05-02,23:40,assists,3.5,102.0,-135.0,False,draftkings,2026-05-02T14:19:15.634277
VJ Edgecombe,,,a37e80a2e3cf3aaa3ae84a9124987058,2026-05-02,23:40,assists,3.5,127.0,-168.0,False,draftkings,2026-05-02T14:19:15.634279
Nikola Vucevic,,,a37e80a2e3cf3aaa3ae84a9124987058,2026-05-02,23:40,assists,1.5,108.0,-142.0,False,draftkings,2026-05-02T14:19:15.634281
Kelly Oubre Jr,,,a37e80a2e3cf3aaa3ae84a9124987058,2026-05-02,23:40,assists,1.5,164.0,-219.0,False,draftkings,2026-05-02T14:19:15.634283
Neemias Queta,,,a37e80a2e3cf3aaa3ae84a9124987058,2026-05-02,23:40,assists,0.5,-208.0,156.0,False,draftkings,2026-05-02T14:19:15.634285
Sam Hauser,,,a37e80a2e3cf3aaa3ae84a9124987058,2026-05-02,23:40,assists,0.5,-189.0,142.0,False,draftkings,2026-05-02T14:19:15.634287
Tyrese Maxey,,,a37e80a2e3cf3aaa3ae84a9124987058,2026-05-02,23:40,assists,2.5,-3500.0,,True,draftkings,2026-05-02T14:19:15.634352
Tyrese Maxey,,,a37e80a2e3cf3aaa3ae84a9124987058,2026-05-02,23:40,assists,3.5,-930.0,,True,draftkings,2026-05-02T14:19:15.634354
Tyrese Maxey,,,a37e80a2e3cf3aaa3ae84a9124987058,2026-05-02,23:40,assists,4.5,-401.0,,True,draftkings,2026-05-02T14:19:15.634356
Tyrese Maxey,,,a37e80a2e3cf3aaa3ae84a9124987058,2026-05-02,23:40,assists,5.5,-202.0,,True,draftkings,2026-05-02T14:19:15.634358
Tyrese Maxey,,,a37e80a2e3cf3aaa3ae84a9124987058,2026-05-02,23:40,assists,6.5,-111.0,,True,draftkings,2026-05-02T14:19:15.634360
Tyrese Maxey,,,a37e80a2e3cf3aaa3ae84a9124987058,2026-05-02,23:40,assists,7.5,160.0,,True,draftkings,2026-05-02T14:19:15.634362
Tyrese Maxey,,,a37e80a2e3cf3aaa3ae84a9124987058,2026-05-02,23:40,assists,8.5,277.0,,True,draftkings,2026-05-02T14:19:15.634363
Tyrese Maxey,,,a37e80a2e3cf3aaa3ae84a9124987058,2026-05-02,23:40,assists,9.5,473.0,,True,draftkings,2026-05-02T14:19:15.634365
Tyrese Maxey,,,a37e80a2e3cf3aaa3ae84a9124987058,2026-05-02,23:40,assists,10.5,790.0,,True,draftkings,2026-05-02T14:19:15.634367
Tyrese Maxey,,,a37e80a2e3cf3aaa3ae84a9124987058,2026-05-02,23:40,assists,11.5,1320.0,,True,draftkings,2026-05-02T14:19:15.634369
Tyrese Maxey,,,a37e80a2e3cf3aaa3ae84a9124987058,2026-05-02,23:40,assists,12.5,2000.0,,True,draftkings,2026-05-02T14:19:15.634372
Tyrese Maxey,,,a37e80a2e3cf3aaa3ae84a9124987058,2026-05-02,23:40,assists,13.5,2800.0,,True,draftkings,2026-05-02T14:19:15.634374
Jayson Tatum,,,a37e80a2e3cf3aaa3ae84a9124987058,2026-05-02,23:40,assists,2.5,-1860.0,,True,draftkings,2026-05-02T14:19:15.634375
Jayson Tatum,,,a37e80a2e3cf3aaa3ae84a9124987058,2026-05-02,23:40,assists,3.5,-576.0,,True,draftkings,2026-05-02T14:19:15.634377
Jayson Tatum,,,a37e80a2e3cf3aaa3ae84a9124987058,2026-05-02,23:40,assists,4.5,-251.0,,True,draftkings,2026-05-02T14:19:15.634379
Jayson Tatum,,,a37e80a2e3cf3aaa3ae84a9124987058,2026-05-02,23:40,assists,5.5,-125.0,,True,draftkings,2026-05-02T14:19:15.634381
Jayson Tatum,,,a37e80a2e3cf3aaa3ae84a9124987058,2026-05-02,23:40,assists,6.5,153.0,,True,draftkings,2026-05-02T14:19:15.634382
Jayson Tatum,,,a37e80a2e3cf3aaa3ae84a9124987058,2026-05-02,23:40,assists,7.5,284.0,,True,draftkings,2026-05-02T14:19:15.634384
Jayson Tatum,,,a37e80a2e3cf3aaa3ae84a9124987058,2026-05-02,23:40,assists,8.5,516.0,,True,draftkings,2026-05-02T14:19:15.634386
Jayson Tatum,,,a37e80a2e3cf3aaa3ae84a9124987058,2026-05-02,23:40,assists,9.5,920.0,,True,draftkings,2026-05-02T14:19:15.634387
Jayson Tatum,,,a37e80a2e3cf3aaa3ae84a9124987058,2026-05-02,23:40,assists,10.5,1540.0,,True,draftkings,2026-05-02T14:19:15.634389
Jayson Tatum,,,a37e80a2e3cf3aaa3ae84a9124987058,2026-05-02,23:40,assists,11.5,2400.0,,True,draftkings,2026-05-02T14:19:15.634391
Joel Embiid,,,a37e80a2e3cf3aaa3ae84a9124987058,2026-05-02,23:40,assists,2.5,-1100.0,,True,draftkings,2026-05-02T14:19:15.634393
Joel Embiid,,,a37e80a2e3cf3aaa3ae84a9124987058,2026-05-02,23:40,assists,3.5,-404.0,,True,draftkings,2026-05-02T14:19:15.634394
Joel Embiid,,,a37e80a2e3cf3aaa3ae84a9124987058,2026-05-02,23:40,assists,4.5,-187.0,,True,draftkings,2026-05-02T14:19:15.634396
Joel Embiid,,,a37e80a2e3cf3aaa3ae84a9124987058,2026-05-02,23:40,assists,5.5,105.0,,True,draftkings,2026-05-02T14:19:15.634398
Joel Embiid,,,a37e80a2e3cf3aaa3ae84a9124987058,2026-05-02,23:40,assists,6.5,196.0,,True,draftkings,2026-05-02T14:19:15.634399
Joel Embiid,,,a37e80a2e3cf3aaa3ae84a9124987058,2026-05-02,23:40,assists,7.5,369.0,,True,draftkings,2026-05-02T14:19:15.634401
Joel Embiid,,,a37e80a2e3cf3aaa3ae84a9124987058,2026-05-02,23:40,assists,8.5,660.0,,True,draftkings,2026-05-02T14:19:15.634403
Joel Embiid,,,a37e80a2e3cf3aaa3ae84a9124987058,2026-05-02,23:40,assists,9.5,1160.0,,True,draftkings,2026-05-02T14:19:15.634404
Joel Embiid,,,a37e80a2e3cf3aaa3ae84a9124987058,2026-05-02,23:40,assists,10.5,1880.0,,True,draftkings,2026-05-02T14:19:15.634406
Joel Embiid,,,a37e80a2e3cf3aaa3ae84a9124987058,2026-05-02,23:40,assists,11.5,2700.0,,True,draftkings,2026-05-02T14:19:15.634408
Payton Pritchard,,,a37e80a2e3cf3aaa3ae84a9124987058,2026-05-02,23:40,assists,2.5,-452.0,,True,draftkings,2026-05-02T14:19:15.634409
Payton Pritchard,,,a37e80a2e3cf3aaa3ae84a9124987058,2026-05-02,23:40,assists,3.5,-181.0,,True,draftkings,2026-05-02T14:19:15.634411
Payton Pritchard,,,a37e80a2e3cf3aaa3ae84a9124987058,2026-05-02,23:40,assists,4.5,124.0,,True,draftkings,2026-05-02T14:19:15.634414
Payton Pritchard,,,a37e80a2e3cf3aaa3ae84a9124987058,2026-05-02,23:40,assists,5.5,256.0,,True,draftkings,2026-05-02T14:19:15.634416
Payton Pritchard,,,a37e80a2e3cf3aaa3ae84a9124987058,2026-05-02,23:40,assists,6.5,499.0,,True,draftkings,2026-05-02T14:19:15.634418
Payton Pritchard,,,a37e80a2e3cf3aaa3ae84a9124987058,2026-05-02,23:40,assists,7.5,960.0,,True,draftkings,2026-05-02T14:19:15.634419
Payton Pritchard,,,a37e80a2e3cf3aaa3ae84a9124987058,2026-05-02,23:40,assists,8.5,1680.0,,True,draftkings,2026-05-02T14:19:15.634421
Payton Pritchard,,,a37e80a2e3cf3aaa3ae84a9124987058,2026-05-02,23:40,assists,9.5,2700.0,,True,draftkings,2026-05-02T14:19:15.634422
Jaylen Brown,,,a37e80a2e3cf3aaa3ae84a9124987058,2026-05-02,23:40,assists,2.5,-421.0,,True,draftkings,2026-05-02T14:19:15.634424
Jaylen Brown,,,a37e80a2e3cf3aaa3ae84a9124987058,2026-05-02,23:40,assists,3.5,-162.0,,True,draftkings,2026-05-02T14:19:15.634428
Jaylen Brown,,,a37e80a2e3cf3aaa3ae84a9124987058,2026-05-02,23:40,assists,4.5,133.0,,True,draftkings,2026-05-02T14:19:15.634431
Jaylen Brown,,,a37e80a2e3cf3aaa3ae84a9124987058,2026-05-02,23:40,assists,5.5,279.0,,True,draftkings,2026-05-02T14:19:15.634433
Jaylen Brown,,,a37e80a2e3cf3aaa3ae84a9124987058,2026-05-02,23:40,assists,6.5,551.0,,True,draftkings,2026-05-02T14:19:15.634434
Jaylen Brown,,,a37e80a2e3cf3aaa3ae84a9124987058,2026-05-02,23:40,assists,7.5,1040.0,,True,draftkings,2026-05-02T14:19:15.634436
Jaylen Brown,,,a37e80a2e3cf3aaa3ae84a9124987058,2026-05-02,23:40,assists,8.5,1840.0,,True,draftkings,2026-05-02T14:19:15.634438
Jaylen Brown,,,a37e80a2e3cf3aaa3ae84a9124987058,2026-05-02,23:40,assists,9.5,2800.0,,True,draftkings,2026-05-02T14:19:15.634440
Derrick White,,,a37e80a2e3cf3aaa3ae84a9124987058,2026-05-02,23:40,assists,2.5,-298.0,,True,draftkings,2026-05-02T14:19:15.634441
Derrick White,,,a37e80a2e3cf3aaa3ae84a9124987058,2026-05-02,23:40,assists,3.5,-117.0,,True,draftkings,2026-05-02T14:19:15.634443
Derrick White,,,a37e80a2e3cf3aaa3ae84a9124987058,2026-05-02,23:40,assists,4.5,185.0,,True,draftkings,2026-05-02T14:19:15.634445
Derrick White,,,a37e80a2e3cf3aaa3ae84a9124987058,2026-05-02,23:40,assists,5.5,393.0,,True,draftkings,2026-05-02T14:19:15.634446
Derrick White,,,a37e80a2e3cf3aaa3ae84a9124987058,2026-05-02,23:40,assists,6.5,800.0,,True,draftkings,2026-05-02T14:19:15.634448
Derrick White,,,a37e80a2e3cf3aaa3ae84a9124987058,2026-05-02,23:40,assists,7.5,1520.0,,True,draftkings,2026-05-02T14:19:15.634450
Derrick White,,,a37e80a2e3cf3aaa3ae84a9124987058,2026-05-02,23:40,assists,8.5,2500.0,,True,draftkings,2026-05-02T14:19:15.634451
Paul George,,,a37e80a2e3cf3aaa3ae84a9124987058,2026-05-02,23:40,assists,2.5,-232.0,,True,draftkings,2026-05-02T14:19:15.634453
Paul George,,,a37e80a2e3cf3aaa3ae84a9124987058,2026-05-02,23:40,assists,3.5,103.0,,True,draftkings,2026-05-02T14:19:15.634455
Paul George,,,a37e80a2e3cf3aaa3ae84a9124987058,2026-05-02,23:40,assists,4.5,223.0,,True,draftkings,2026-05-02T14:19:15.634456
Paul George,,,a37e80a2e3cf3aaa3ae84a9124987058,2026-05-02,23:40,assists,5.5,473.0,,True,draftkings,2026-05-02T14:19:15.634458
Paul George,,,a37e80a2e3cf3aaa3ae84a9124987058,2026-05-02,23:40,assists,6.5,950.0,,True,draftkings,2026-05-02T14:19:15.634459
Paul George,,,a37e80a2e3cf3aaa3ae84a9124987058,2026-05-02,23:40,assists,7.5,1740.0,,True,draftkings,2026-05-02T14:19:15.634461
Paul George,,,a37e80a2e3cf3aaa3ae84a9124987058,2026-05-02,23:40,assists,8.5,2800.0,,True,draftkings,2026-05-02T14:19:15.634463
VJ Edgecombe,,,a37e80a2e3cf3aaa3ae84a9124987058,2026-05-02,23:40,assists,2.5,-193.0,,True,draftkings,2026-05-02T14:19:15.634464
VJ Edgecombe,,,a37e80a2e3cf3aaa3ae84a9124987058,2026-05-02,23:40,assists,3.5,125.0,,True,draftkings,2026-05-02T14:19:15.634466
VJ Edgecombe,,,a37e80a2e3cf3aaa3ae84a9124987058,2026-05-02,23:40,assists,4.5,272.0,,True,draftkings,2026-05-02T14:19:15.634468
VJ Edgecombe,,,a37e80a2e3cf3aaa3ae84a9124987058,2026-05-02,23:40,assists,5.5,588.0,,True,draftkings,2026-05-02T14:19:15.634470
VJ Edgecombe,,,a37e80a2e3cf3aaa3ae84a9124987058,2026-05-02,23:40,assists,6.5,1180.0,,True,draftkings,2026-05-02T14:19:15.634471
VJ Edgecombe,,,a37e80a2e3cf3aaa3ae84a9124987058,2026-05-02,23:40,assists,7.5,2100.0,,True,draftkings,2026-05-02T14:19:15.634473
Quentin Grimes,,,a37e80a2e3cf3aaa3ae84a9124987058,2026-05-02,23:40,assists,1.5,-112.0,,True,draftkings,2026-05-02T14:19:15.634474
Quentin Grimes,,,a37e80a2e3cf3aaa3ae84a9124987058,2026-05-02,23:40,assists,2.5,267.0,,True,draftkings,2026-05-02T14:19:15.634476
Quentin Grimes,,,a37e80a2e3cf3aaa3ae84a9124987058,2026-05-02,23:40,assists,3.5,680.0,,True,draftkings,2026-05-02T14:19:15.634478
Quentin Grimes,,,a37e80a2e3cf3aaa3ae84a9124987058,2026-05-02,23:40,assists,4.5,1480.0,,True,draftkings,2026-05-02T14:19:15.634479
Quentin Grimes,,,a37e80a2e3cf3aaa3ae84a9124987058,2026-05-02,23:40,assists,5.5,2700.0,,True,draftkings,2026-05-02T14:19:15.634481
Nikola Vucevic,,,a37e80a2e3cf3aaa3ae84a9124987058,2026-05-02,23:40,assists,1.5,108.0,,True,draftkings,2026-05-02T14:19:15.634485
Nikola Vucevic,,,a37e80a2e3cf3aaa3ae84a9124987058,2026-05-02,23:40,assists,2.5,301.0,,True,draftkings,2026-05-02T14:19:15.634486
Nikola Vucevic,,,a37e80a2e3cf3aaa3ae84a9124987058,2026-05-02,23:40,assists,3.5,760.0,,True,draftkings,2026-05-02T14:19:15.634488
Nikola Vucevic,,,a37e80a2e3cf3aaa3ae84a9124987058,2026-05-02,23:40,assists,4.5,1700.0,,True,draftkings,2026-05-02T14:19:15.634490
Nikola Vucevic,,,a37e80a2e3cf3aaa3ae84a9124987058,2026-05-02,23:40,assists,5.5,2900.0,,True,draftkings,2026-05-02T14:19:15.634491
Kelly Oubre Jr,,,a37e80a2e3cf3aaa3ae84a9124987058,2026-05-02,23:40,assists,1.5,164.0,,True,draftkings,2026-05-02T14:19:15.634493
Kelly Oubre Jr,,,a37e80a2e3cf3aaa3ae84a9124987058,2026-05-02,23:40,assists,2.5,550.0,,True,draftkings,2026-05-02T14:19:15.634495
Kelly Oubre Jr,,,a37e80a2e3cf3aaa3ae84a9124987058,2026-05-02,23:40,assists,3.5,1520.0,,True,draftkings,2026-05-02T14:19:15.634496
Neemias Queta,,,a37e80a2e3cf3aaa3ae84a9124987058,2026-05-02,23:40,assists,0.5,-211.0,,True,draftkings,2026-05-02T14:19:15.634498
Neemias Queta,,,a37e80a2e3cf3aaa3ae84a9124987058,2026-05-02,23:40,assists,2.5,710.0,,True,draftkings,2026-05-02T14:19:15.634500
Neemias Queta,,,a37e80a2e3cf3aaa3ae84a9124987058,2026-05-02,23:40,assists,3.5,1920.0,,True,draftkings,2026-05-02T14:19:15.634501
Sam Hauser,,,a37e80a2e3cf3aaa3ae84a9124987058,2026-05-02,23:40,assists,0.5,-189.0,,True,draftkings,2026-05-02T14:19:15.634503
Sam Hauser,,,a37e80a2e3cf3aaa3ae84a9124987058,2026-05-02,23:40,assists,2.5,800.0,,True,draftkings,2026-05-02T14:19:15.634505
Sam Hauser,,,a37e80a2e3cf3aaa3ae84a9124987058,2026-05-02,23:40,assists,3.5,2000.0,,True,draftkings,2026-05-02T14:19:15.634506
Joel Embiid,,,a37e80a2e3cf3aaa3ae84a9124987058,2026-05-02,23:40,points,26.5,-105.0,-121.0,False,draftkings,2026-05-02T14:19:15.634527
Jaylen Brown,,,a37e80a2e3cf3aaa3ae84a9124987058,2026-05-02,23:40,points,25.5,-123.0,-103.0,False,draftkings,2026-05-02T14:19:15.634529
Tyrese Maxey,,,a37e80a2e3cf3aaa3ae84a9124987058,2026-05-02,23:40,points,24.5,-112.0,-113.0,False,draftkings,2026-05-02T14:19:15.634531
Jayson Tatum,,,a37e80a2e3cf3aaa3ae84a9124987058,2026-05-02,23:40,points,23.5,-124.0,-103.0,False,draftkings,2026-05-02T14:19:15.634532
Paul George,,,a37e80a2e3cf3aaa3ae84a9124987058,2026-05-02,23:40,points,15.5,-124.0,-103.0,False,draftkings,2026-05-02T14:19:15.634534
Payton Pritchard,,,a37e80a2e3cf3aaa3ae84a9124987058,2026-05-02,23:40,points,13.5,-113.0,-112.0,False,draftkings,2026-05-02T14:19:15.634537
VJ Edgecombe,,,a37e80a2e3cf3aaa3ae84a9124987058,2026-05-02,23:40,points,11.5,-103.0,-124.0,False,draftkings,2026-05-02T14:19:15.634539
Derrick White,,,a37e80a2e3cf3aaa3ae84a9124987058,2026-05-02,23:40,points,11.5,100.0,-127.0,False,draftkings,2026-05-02T14:19:15.634541
Kelly Oubre Jr,,,a37e80a2e3cf3aaa3ae84a9124987058,2026-05-02,23:40,points,9.5,-106.0,-120.0,False,draftkings,2026-05-02T14:19:15.634543
Neemias Queta,,,a37e80a2e3cf3aaa3ae84a9124987058,2026-05-02,23:40,points,6.5,-125.0,-102.0,False,draftkings,2026-05-02T14:19:15.634544
Quentin Grimes,,,a37e80a2e3cf3aaa3ae84a9124987058,2026-05-02,23:40,points,6.5,-121.0,-105.0,False,draftkings,2026-05-02T14:19:15.634546
Nikola Vucevic,,,a37e80a2e3cf3aaa3ae84a9124987058,2026-05-02,23:40,points,6.5,-107.0,-120.0,False,draftkings,2026-05-02T14:19:15.634548
Sam Hauser,,,a37e80a2e3cf3aaa3ae84a9124987058,2026-05-02,23:40,points,6.5,117.0,-149.0,False,draftkings,2026-05-02T14:19:15.634549
Baylor Scheierman,,,a37e80a2e3cf3aaa3ae84a9124987058,2026-05-02,23:40,points,3.5,-108.0,-118.0,False,draftkings,2026-05-02T14:19:15.634551
Joel Embiid,,,a37e80a2e3cf3aaa3ae84a9124987058,2026-05-02,23:40,points,14.5,-1800.0,,True,draftkings,2026-05-02T14:19:15.634611
Joel Embiid,,,a37e80a2e3cf3aaa3ae84a9124987058,2026-05-02,23:40,points,17.5,-710.0,,True,draftkings,2026-05-02T14:19:15.634613
Joel Embiid,,,a37e80a2e3cf3aaa3ae84a9124987058,2026-05-02,23:40,points,19.5,-435.0,,True,draftkings,2026-05-02T14:19:15.634615
Joel Embiid,,,a37e80a2e3cf3aaa3ae84a9124987058,2026-05-02,23:40,points,24.5,-156.0,,True,draftkings,2026-05-02T14:19:15.634617
Joel Embiid,,,a37e80a2e3cf3aaa3ae84a9124987058,2026-05-02,23:40,points,26.5,-107.0,,True,draftkings,2026-05-02T14:19:15.634618
Joel Embiid,,,a37e80a2e3cf3aaa3ae84a9124987058,2026-05-02,23:40,points,29.5,160.0,,True,draftkings,2026-05-02T14:19:15.634620
Joel Embiid,,,a37e80a2e3cf3aaa3ae84a9124987058,2026-05-02,23:40,points,34.5,390.0,,True,draftkings,2026-05-02T14:19:15.634623
Joel Embiid,,,a37e80a2e3cf3aaa3ae84a9124987058,2026-05-02,23:40,points,39.5,950.0,,True,draftkings,2026-05-02T14:19:15.634625
Joel Embiid,,,a37e80a2e3cf3aaa3ae84a9124987058,2026-05-02,23:40,points,44.5,2000.0,,True,draftkings,2026-05-02T14:19:15.634627
Jaylen Brown,,,a37e80a2e3cf3aaa3ae84a9124987058,2026-05-02,23:40,points,14.5,-2500.0,,True,draftkings,2026-05-02T14:19:15.634628
Jaylen Brown,,,a37e80a2e3cf3aaa3ae84a9124987058,2026-05-02,23:40,points,17.5,-850.0,,True,draftkings,2026-05-02T14:19:15.634630
Jaylen Brown,,,a37e80a2e3cf3aaa3ae84a9124987058,2026-05-02,23:40,points,19.5,-482.0,,True,draftkings,2026-05-02T14:19:15.634632
Jaylen Brown,,,a37e80a2e3cf3aaa3ae84a9124987058,2026-05-02,23:40,points,24.5,-152.0,,True,draftkings,2026-05-02T14:19:15.634633
Jaylen Brown,,,a37e80a2e3cf3aaa3ae84a9124987058,2026-05-02,23:40,points,25.5,-123.0,,True,draftkings,2026-05-02T14:19:15.634635
Jaylen Brown,,,a37e80a2e3cf3aaa3ae84a9124987058,2026-05-02,23:40,points,29.5,181.0,,True,draftkings,2026-05-02T14:19:15.634637
Jaylen Brown,,,a37e80a2e3cf3aaa3ae84a9124987058,2026-05-02,23:40,points,34.5,471.0,,True,draftkings,2026-05-02T14:19:15.634638
Jaylen Brown,,,a37e80a2e3cf3aaa3ae84a9124987058,2026-05-02,23:40,points,39.5,1180.0,,True,draftkings,2026-05-02T14:19:15.634640
Jaylen Brown,,,a37e80a2e3cf3aaa3ae84a9124987058,2026-05-02,23:40,points,44.5,2500.0,,True,draftkings,2026-05-02T14:19:15.634642
Tyrese Maxey,,,a37e80a2e3cf3aaa3ae84a9124987058,2026-05-02,23:40,points,11.5,-3400.0,,True,draftkings,2026-05-02T14:19:15.634643
Tyrese Maxey,,,a37e80a2e3cf3aaa3ae84a9124987058,2026-05-02,23:40,points,14.5,-1060.0,,True,draftkings,2026-05-02T14:19:15.634645
Tyrese Maxey,,,a37e80a2e3cf3aaa3ae84a9124987058,2026-05-02,23:40,points,17.5,-488.0,,True,draftkings,2026-05-02T14:19:15.634647
Tyrese Maxey,,,a37e80a2e3cf3aaa3ae84a9124987058,2026-05-02,23:40,points,19.5,-313.0,,True,draftkings,2026-05-02T14:19:15.634648
Tyrese Maxey,,,a37e80a2e3cf3aaa3ae84a9124987058,2026-05-02,23:40,points,24.5,-116.0,,True,draftkings,2026-05-02T14:19:15.634650
Tyrese Maxey,,,a37e80a2e3cf3aaa3ae84a9124987058,2026-05-02,23:40,points,29.5,214.0,,True,draftkings,2026-05-02T14:19:15.634652
Tyrese Maxey,,,a37e80a2e3cf3aaa3ae84a9124987058,2026-05-02,23:40,points,34.5,529.0,,True,draftkings,2026-05-02T14:19:15.634653
Tyrese Maxey,,,a37e80a2e3cf3aaa3ae84a9124987058,2026-05-02,23:40,points,39.5,1220.0,,True,draftkings,2026-05-02T14:19:15.634655
Tyrese Maxey,,,a37e80a2e3cf3aaa3ae84a9124987058,2026-05-02,23:40,points,44.5,2500.0,,True,draftkings,2026-05-02T14:19:15.634657
Jayson Tatum,,,a37e80a2e3cf3aaa3ae84a9124987058,2026-05-02,23:40,points,11.5,-3300.0,,True,draftkings,2026-05-02T14:19:15.634658
Jayson Tatum,,,a37e80a2e3cf3aaa3ae84a9124987058,2026-05-02,23:40,points,14.5,-1040.0,,True,draftkings,2026-05-02T14:19:15.634660
Jayson Tatum,,,a37e80a2e3cf3aaa3ae84a9124987058,2026-05-02,23:40,points,17.5,-457.0,,True,draftkings,2026-05-02T14:19:15.634662
Jayson Tatum,,,a37e80a2e3cf3aaa3ae84a9124987058,2026-05-02,23:40,points,19.5,-285.0,,True,draftkings,2026-05-02T14:19:15.634663
Jayson Tatum,,,a37e80a2e3cf3aaa3ae84a9124987058,2026-05-02,23:40,points,23.5,-122.0,,True,draftkings,2026-05-02T14:19:15.634665
Jayson Tatum,,,a37e80a2e3cf3aaa3ae84a9124987058,2026-05-02,23:40,points,24.5,-101.0,,True,draftkings,2026-05-02T14:19:15.634667
Jayson Tatum,,,a37e80a2e3cf3aaa3ae84a9124987058,2026-05-02,23:40,points,29.5,259.0,,True,draftkings,2026-05-02T14:19:15.634668
Jayson Tatum,,,a37e80a2e3cf3aaa3ae84a9124987058,2026-05-02,23:40,points,34.5,650.0,,True,draftkings,2026-05-02T14:19:15.634670
Jayson Tatum,,,a37e80a2e3cf3aaa3ae84a9124987058,2026-05-02,23:40,points,39.5,1560.0,,True,draftkings,2026-05-02T14:19:15.634672
Paul George,,,a37e80a2e3cf3aaa3ae84a9124987058,2026-05-02,23:40,points,7.5,-1420.0,,True,draftkings,2026-05-02T14:19:15.634673
Paul George,,,a37e80a2e3cf3aaa3ae84a9124987058,2026-05-02,23:40,points,9.5,-640.0,,True,draftkings,2026-05-02T14:19:15.634675
Paul George,,,a37e80a2e3cf3aaa3ae84a9124987058,2026-05-02,23:40,points,11.5,-337.0,,True,draftkings,2026-05-02T14:19:15.634678
Paul George,,,a37e80a2e3cf3aaa3ae84a9124987058,2026-05-02,23:40,points,14.5,-157.0,,True,draftkings,2026-05-02T14:19:15.634680
Paul George,,,a37e80a2e3cf3aaa3ae84a9124987058,2026-05-02,23:40,points,15.5,-125.0,,True,draftkings,2026-05-02T14:19:15.634682
Paul George,,,a37e80a2e3cf3aaa3ae84a9124987058,2026-05-02,23:40,points,17.5,127.0,,True,draftkings,2026-05-02T14:19:15.634683
Paul George,,,a37e80a2e3cf3aaa3ae84a9124987058,2026-05-02,23:40,points,19.5,198.0,,True,draftkings,2026-05-02T14:19:15.634685
Paul George,,,a37e80a2e3cf3aaa3ae84a9124987058,2026-05-02,23:40,points,24.5,580.0,,True,draftkings,2026-05-02T14:19:15.634688
Paul George,,,a37e80a2e3cf3aaa3ae84a9124987058,2026-05-02,23:40,points,29.5,1500.0,,True,draftkings,2026-05-02T14:19:15.634690
Payton Pritchard,,,a37e80a2e3cf3aaa3ae84a9124987058,2026-05-02,23:40,points,5.5,-2200.0,,True,draftkings,2026-05-02T14:19:15.634692
Payton Pritchard,,,a37e80a2e3cf3aaa3ae84a9124987058,2026-05-02,23:40,points,7.5,-790.0,,True,draftkings,2026-05-02T14:19:15.634693
Payton Pritchard,,,a37e80a2e3cf3aaa3ae84a9124987058,2026-05-02,23:40,points,9.5,-377.0,,True,draftkings,2026-05-02T14:19:15.634695
Payton Pritchard,,,a37e80a2e3cf3aaa3ae84a9124987058,2026-05-02,23:40,points,11.5,-199.0,,True,draftkings,2026-05-02T14:19:15.634697
Payton Pritchard,,,a37e80a2e3cf3aaa3ae84a9124987058,2026-05-02,23:40,points,13.5,-115.0,,True,draftkings,2026-05-02T14:19:15.634698
Payton Pritchard,,,a37e80a2e3cf3aaa3ae84a9124987058,2026-05-02,23:40,points,14.5,113.0,,True,draftkings,2026-05-02T14:19:15.634700
Payton Pritchard,,,a37e80a2e3cf3aaa3ae84a9124987058,2026-05-02,23:40,points,17.5,232.0,,True,draftkings,2026-05-02T14:19:15.634702
Payton Pritchard,,,a37e80a2e3cf3aaa3ae84a9124987058,2026-05-02,23:40,points,19.5,366.0,,True,draftkings,2026-05-02T14:19:15.634703
Payton Pritchard,,,a37e80a2e3cf3aaa3ae84a9124987058,2026-05-02,23:40,points,24.5,1120.0,,True,draftkings,2026-05-02T14:19:15.634705
Payton Pritchard,,,a37e80a2e3cf3aaa3ae84a9124987058,2026-05-02,23:40,points,29.5,2600.0,,True,draftkings,2026-05-02T14:19:15.634707
VJ Edgecombe,,,a37e80a2e3cf3aaa3ae84a9124987058,2026-05-02,23:40,points,5.5,-780.0,,True,draftkings,2026-05-02T14:19:15.634708
VJ Edgecombe,,,a37e80a2e3cf3aaa3ae84a9124987058,2026-05-02,23:40,points,7.5,-354.0,,True,draftkings,2026-05-02T14:19:15.634710
VJ Edgecombe,,,a37e80a2e3cf3aaa3ae84a9124987058,2026-05-02,23:40,points,9.5,-185.0,,True,draftkings,2026-05-02T14:19:15.634712
VJ Edgecombe,,,a37e80a2e3cf3aaa3ae84a9124987058,2026-05-02,23:40,points,11.5,-104.0,,True,draftkings,2026-05-02T14:19:15.634713
VJ Edgecombe,,,a37e80a2e3cf3aaa3ae84a9124987058,2026-05-02,23:40,points,14.5,209.0,,True,draftkings,2026-05-02T14:19:15.634715
VJ Edgecombe,,,a37e80a2e3cf3aaa3ae84a9124987058,2026-05-02,23:40,points,17.5,441.0,,True,draftkings,2026-05-02T14:19:15.634717
VJ Edgecombe,,,a37e80a2e3cf3aaa3ae84a9124987058,2026-05-02,23:40,points,19.5,710.0,,True,draftkings,2026-05-02T14:19:15.634719
VJ Edgecombe,,,a37e80a2e3cf3aaa3ae84a9124987058,2026-05-02,23:40,points,24.5,2100.0,,True,draftkings,2026-05-02T14:19:15.634720
Derrick White,,,a37e80a2e3cf3aaa3ae84a9124987058,2026-05-02,23:40,points,5.5,-810.0,,True,draftkings,2026-05-02T14:19:15.634722
Derrick White,,,a37e80a2e3cf3aaa3ae84a9124987058,2026-05-02,23:40,points,7.5,-367.0,,True,draftkings,2026-05-02T14:19:15.634725
Derrick White,,,a37e80a2e3cf3aaa3ae84a9124987058,2026-05-02,23:40,points,9.5,-185.0,,True,draftkings,2026-05-02T14:19:15.634727
Derrick White,,,a37e80a2e3cf3aaa3ae84a9124987058,2026-05-02,23:40,points,11.5,-101.0,,True,draftkings,2026-05-02T14:19:15.634728
Derrick White,,,a37e80a2e3cf3aaa3ae84a9124987058,2026-05-02,23:40,points,14.5,223.0,,True,draftkings,2026-05-02T14:19:15.634730
Derrick White,,,a37e80a2e3cf3aaa3ae84a9124987058,2026-05-02,23:40,points,17.5,482.0,,True,draftkings,2026-05-02T14:19:15.634732
Derrick White,,,a37e80a2e3cf3aaa3ae84a9124987058,2026-05-02,23:40,points,19.5,780.0,,True,draftkings,2026-05-02T14:19:15.634735
Derrick White,,,a37e80a2e3cf3aaa3ae84a9124987058,2026-05-02,23:40,points,24.5,2200.0,,True,draftkings,2026-05-02T14:19:15.634737
Kelly Oubre Jr,,,a37e80a2e3cf3aaa3ae84a9124987058,2026-05-02,23:40,points,5.5,-450.0,,True,draftkings,2026-05-02T14:19:15.634738
Kelly Oubre Jr,,,a37e80a2e3cf3aaa3ae84a9124987058,2026-05-02,23:40,points,7.5,-202.0,,True,draftkings,2026-05-02T14:19:15.634740
Kelly Oubre Jr,,,a37e80a2e3cf3aaa3ae84a9124987058,2026-05-02,23:40,points,9.5,-103.0,,True,draftkings,2026-05-02T14:19:15.634742
Kelly Oubre Jr,,,a37e80a2e3cf3aaa3ae84a9124987058,2026-05-02,23:40,points,11.5,172.0,,True,draftkings,2026-05-02T14:19:15.634743
Kelly Oubre Jr,,,a37e80a2e3cf3aaa3ae84a9124987058,2026-05-02,23:40,points,14.5,399.0,,True,draftkings,2026-05-02T14:19:15.634745
Kelly Oubre Jr,,,a37e80a2e3cf3aaa3ae84a9124987058,2026-05-02,23:40,points,17.5,870.0,,True,draftkings,2026-05-02T14:19:15.634747
Kelly Oubre Jr,,,a37e80a2e3cf3aaa3ae84a9124987058,2026-05-02,23:40,points,19.5,1460.0,,True,draftkings,2026-05-02T14:19:15.634748
Sam Hauser,,,a37e80a2e3cf3aaa3ae84a9124987058,2026-05-02,23:40,points,5.5,-189.0,,True,draftkings,2026-05-02T14:19:15.634750
Sam Hauser,,,a37e80a2e3cf3aaa3ae84a9124987058,2026-05-02,23:40,points,6.5,117.0,,True,draftkings,2026-05-02T14:19:15.634752
Sam Hauser,,,a37e80a2e3cf3aaa3ae84a9124987058,2026-05-02,23:40,points,7.5,120.0,,True,draftkings,2026-05-02T14:19:15.634753
Sam Hauser,,,a37e80a2e3cf3aaa3ae84a9124987058,2026-05-02,23:40,points,9.5,273.0,,True,draftkings,2026-05-02T14:19:15.634755
Sam Hauser,,,a37e80a2e3cf3aaa3ae84a9124987058,2026-05-02,23:40,points,11.5,329.0,,True,draftkings,2026-05-02T14:19:15.634756
Sam Hauser,,,a37e80a2e3cf3aaa3ae84a9124987058,2026-05-02,23:40,points,14.5,710.0,,True,draftkings,2026-05-02T14:19:15.634758
Sam Hauser,,,a37e80a2e3cf3aaa3ae84a9124987058,2026-05-02,23:40,points,17.5,1420.0,,True,draftkings,2026-05-02T14:19:15.634760
Sam Hauser,,,a37e80a2e3cf3aaa3ae84a9124987058,2026-05-02,23:40,points,19.5,2200.0,,True,draftkings,2026-05-02T14:19:15.634761
Nikola Vucevic,,,a37e80a2e3cf3aaa3ae84a9124987058,2026-05-02,23:40,points,5.5,-149.0,,True,draftkings,2026-05-02T14:19:15.634763
Nikola Vucevic,,,a37e80a2e3cf3aaa3ae84a9124987058,2026-05-02,23:40,points,6.5,-106.0,,True,draftkings,2026-05-02T14:19:15.634765
Nikola Vucevic,,,a37e80a2e3cf3aaa3ae84a9124987058,2026-05-02,23:40,points,7.5,130.0,,True,draftkings,2026-05-02T14:19:15.634767
Nikola Vucevic,,,a37e80a2e3cf3aaa3ae84a9124987058,2026-05-02,23:40,points,9.5,233.0,,True,draftkings,2026-05-02T14:19:15.634768
Nikola Vucevic,,,a37e80a2e3cf3aaa3ae84a9124987058,2026-05-02,23:40,points,11.5,407.0,,True,draftkings,2026-05-02T14:19:15.634770
Nikola Vucevic,,,a37e80a2e3cf3aaa3ae84a9124987058,2026-05-02,23:40,points,14.5,880.0,,True,draftkings,2026-05-02T14:19:15.634772
Nikola Vucevic,,,a37e80a2e3cf3aaa3ae84a9124987058,2026-05-02,23:40,points,17.5,1700.0,,True,draftkings,2026-05-02T14:19:15.634773
Nikola Vucevic,,,a37e80a2e3cf3aaa3ae84a9124987058,2026-05-02,23:40,points,19.5,2500.0,,True,draftkings,2026-05-02T14:19:15.634776
Quentin Grimes,,,a37e80a2e3cf3aaa3ae84a9124987058,2026-05-02,23:40,points,5.5,-174.0,,True,draftkings,2026-05-02T14:19:15.634778
Quentin Grimes,,,a37e80a2e3cf3aaa3ae84a9124987058,2026-05-02,23:40,points,6.5,-123.0,,True,draftkings,2026-05-02T14:19:15.634780
Quentin Grimes,,,a37e80a2e3cf3aaa3ae84a9124987058,2026-05-02,23:40,points,7.5,112.0,,True,draftkings,2026-05-02T14:19:15.634781
Quentin Grimes,,,a37e80a2e3cf3aaa3ae84a9124987058,2026-05-02,23:40,points,9.5,216.0,,True,draftkings,2026-05-02T14:19:15.634783
Quentin Grimes,,,a37e80a2e3cf3aaa3ae84a9124987058,2026-05-02,23:40,points,11.5,393.0,,True,draftkings,2026-05-02T14:19:15.634785
Quentin Grimes,,,a37e80a2e3cf3aaa3ae84a9124987058,2026-05-02,23:40,points,14.5,880.0,,True,draftkings,2026-05-02T14:19:15.634786
Quentin Grimes,,,a37e80a2e3cf3aaa3ae84a9124987058,2026-05-02,23:40,points,17.5,1800.0,,True,draftkings,2026-05-02T14:19:15.634788
Quentin Grimes,,,a37e80a2e3cf3aaa3ae84a9124987058,2026-05-02,23:40,points,19.5,2700.0,,True,draftkings,2026-05-02T14:19:15.634791
Baylor Scheierman,,,a37e80a2e3cf3aaa3ae84a9124987058,2026-05-02,23:40,points,3.5,-108.0,,True,draftkings,2026-05-02T14:19:15.634793
Baylor Scheierman,,,a37e80a2e3cf3aaa3ae84a9124987058,2026-05-02,23:40,points,5.5,152.0,,True,draftkings,2026-05-02T14:19:15.634795
Baylor Scheierman,,,a37e80a2e3cf3aaa3ae84a9124987058,2026-05-02,23:40,points,7.5,277.0,,True,draftkings,2026-05-02T14:19:15.634796
Baylor Scheierman,,,a37e80a2e3cf3aaa3ae84a9124987058,2026-05-02,23:40,points,9.5,486.0,,True,draftkings,2026-05-02T14:19:15.634798
Baylor Scheierman,,,a37e80a2e3cf3aaa3ae84a9124987058,2026-05-02,23:40,points,11.5,750.0,,True,draftkings,2026-05-02T14:19:15.634800
Baylor Scheierman,,,a37e80a2e3cf3aaa3ae84a9124987058,2026-05-02,23:40,points,14.5,1420.0,,True,draftkings,2026-05-02T14:19:15.634801
Baylor Scheierman,,,a37e80a2e3cf3aaa3ae84a9124987058,2026-05-02,23:40,points,17.5,2300.0,,True,draftkings,2026-05-02T14:19:15.634803
Baylor Scheierman,,,a37e80a2e3cf3aaa3ae84a9124987058,2026-05-02,23:40,points,19.5,2900.0,,True,draftkings,2026-05-02T14:19:15.634804
Neemias Queta,,,a37e80a2e3cf3aaa3ae84a9124987058,2026-05-02,23:40,points,5.5,-228.0,,True,draftkings,2026-05-02T14:19:15.634806
Neemias Queta,,,a37e80a2e3cf3aaa3ae84a9124987058,2026-05-02,23:40,points,6.5,-125.0,,True,draftkings,2026-05-02T14:19:15.634808
Neemias Queta,,,a37e80a2e3cf3aaa3ae84a9124987058,2026-05-02,23:40,points,7.5,102.0,,True,draftkings,2026-05-02T14:19:15.634809
Neemias Queta,,,a37e80a2e3cf3aaa3ae84a9124987058,2026-05-02,23:40,points,9.5,214.0,,True,draftkings,2026-05-02T14:19:15.634811
Neemias Queta,,,a37e80a2e3cf3aaa3ae84a9124987058,2026-05-02,23:40,points,11.5,419.0,,True,draftkings,2026-05-02T14:19:15.634813
Neemias Queta,,,a37e80a2e3cf3aaa3ae84a9124987058,2026-05-02,23:40,points,14.5,1120.0,,True,draftkings,2026-05-02T14:19:15.634814
Neemias Queta,,,a37e80a2e3cf3aaa3ae84a9124987058,2026-05-02,23:40,points,17.5,2300.0,,True,draftkings,2026-05-02T14:19:15.634816
Jayson Tatum,,,a37e80a2e3cf3aaa3ae84a9124987058,2026-05-02,23:40,rebounds,10.5,-119.0,-111.0,False,draftkings,2026-05-02T14:19:15.634836
Joel Embiid,,,a37e80a2e3cf3aaa3ae84a9124987058,2026-05-02,23:40,rebounds,8.5,108.0,-142.0,False,draftkings,2026-05-02T14:19:15.634838
Neemias Queta,,,a37e80a2e3cf3aaa3ae84a9124987058,2026-05-02,23:40,rebounds,7.5,-107.0,-123.0,False,draftkings,2026-05-02T14:19:15.634840
Jaylen Brown,,,a37e80a2e3cf3aaa3ae84a9124987058,2026-05-02,23:40,rebounds,5.5,-154.0,117.0,False,draftkings,2026-05-02T14:19:15.634841
VJ Edgecombe,,,a37e80a2e3cf3aaa3ae84a9124987058,2026-05-02,23:40,rebounds,5.5,-134.0,102.0,False,draftkings,2026-05-02T14:19:15.634843
Paul George,,,a37e80a2e3cf3aaa3ae84a9124987058,2026-05-02,23:40,rebounds,5.5,108.0,-142.0,False,draftkings,2026-05-02T14:19:15.634845
Kelly Oubre Jr,,,a37e80a2e3cf3aaa3ae84a9124987058,2026-05-02,23:40,rebounds,5.5,117.0,-155.0,False,draftkings,2026-05-02T14:19:15.634846
Nikola Vucevic,,,a37e80a2e3cf3aaa3ae84a9124987058,2026-05-02,23:40,rebounds,4.5,-105.0,-125.0,False,draftkings,2026-05-02T14:19:15.634848
Tyrese Maxey,,,a37e80a2e3cf3aaa3ae84a9124987058,2026-05-02,23:40,rebounds,3.5,-137.0,104.0,False,draftkings,2026-05-02T14:19:15.634849
Derrick White,,,a37e80a2e3cf3aaa3ae84a9124987058,2026-05-02,23:40,rebounds,3.5,-102.0,-129.0,False,draftkings,2026-05-02T14:19:15.634851
Sam Hauser,,,a37e80a2e3cf3aaa3ae84a9124987058,2026-05-02,23:40,rebounds,3.5,111.0,-146.0,False,draftkings,2026-05-02T14:19:15.634853
Payton Pritchard,,,a37e80a2e3cf3aaa3ae84a9124987058,2026-05-02,23:40,rebounds,3.5,128.0,-170.0,False,draftkings,2026-05-02T14:19:15.634854
Quentin Grimes,,,a37e80a2e3cf3aaa3ae84a9124987058,2026-05-02,23:40,rebounds,2.5,105.0,-138.0,False,draftkings,2026-05-02T14:19:15.634856
Baylor Scheierman,,,a37e80a2e3cf3aaa3ae84a9124987058,2026-05-02,23:40,rebounds,1.5,-171.0,129.0,False,draftkings,2026-05-02T14:19:15.634879
Jayson Tatum,,,a37e80a2e3cf3aaa3ae84a9124987058,2026-05-02,23:40,rebounds,5.5,-2600.0,,True,draftkings,2026-05-02T14:19:15.634948
Jayson Tatum,,,a37e80a2e3cf3aaa3ae84a9124987058,2026-05-02,23:40,rebounds,6.5,-1040.0,,True,draftkings,2026-05-02T14:19:15.634950
Jayson Tatum,,,a37e80a2e3cf3aaa3ae84a9124987058,2026-05-02,23:40,rebounds,7.5,-527.0,,True,draftkings,2026-05-02T14:19:15.634952
Jayson Tatum,,,a37e80a2e3cf3aaa3ae84a9124987058,2026-05-02,23:40,rebounds,8.5,-302.0,,True,draftkings,2026-05-02T14:19:15.634953
Jayson Tatum,,,a37e80a2e3cf3aaa3ae84a9124987058,2026-05-02,23:40,rebounds,9.5,-185.0,,True,draftkings,2026-05-02T14:19:15.634955
Jayson Tatum,,,a37e80a2e3cf3aaa3ae84a9124987058,2026-05-02,23:40,rebounds,10.5,-117.0,,True,draftkings,2026-05-02T14:19:15.634957
Jayson Tatum,,,a37e80a2e3cf3aaa3ae84a9124987058,2026-05-02,23:40,rebounds,11.5,133.0,,True,draftkings,2026-05-02T14:19:15.634959
Jayson Tatum,,,a37e80a2e3cf3aaa3ae84a9124987058,2026-05-02,23:40,rebounds,12.5,206.0,,True,draftkings,2026-05-02T14:19:15.634960
Jayson Tatum,,,a37e80a2e3cf3aaa3ae84a9124987058,2026-05-02,23:40,rebounds,13.5,312.0,,True,draftkings,2026-05-02T14:19:15.634962
Jayson Tatum,,,a37e80a2e3cf3aaa3ae84a9124987058,2026-05-02,23:40,rebounds,14.5,473.0,,True,draftkings,2026-05-02T14:19:15.634964
Jayson Tatum,,,a37e80a2e3cf3aaa3ae84a9124987058,2026-05-02,23:40,rebounds,15.5,700.0,,True,draftkings,2026-05-02T14:19:15.634965
Jayson Tatum,,,a37e80a2e3cf3aaa3ae84a9124987058,2026-05-02,23:40,rebounds,16.5,1060.0,,True,draftkings,2026-05-02T14:19:15.634967
Jayson Tatum,,,a37e80a2e3cf3aaa3ae84a9124987058,2026-05-02,23:40,rebounds,17.5,1520.0,,True,draftkings,2026-05-02T14:19:15.634969
Jayson Tatum,,,a37e80a2e3cf3aaa3ae84a9124987058,2026-05-02,23:40,rebounds,18.5,2100.0,,True,draftkings,2026-05-02T14:19:15.634972
Jayson Tatum,,,a37e80a2e3cf3aaa3ae84a9124987058,2026-05-02,23:40,rebounds,19.5,2700.0,,True,draftkings,2026-05-02T14:19:15.634974
Neemias Queta,,,a37e80a2e3cf3aaa3ae84a9124987058,2026-05-02,23:40,rebounds,3.5,-1560.0,,True,draftkings,2026-05-02T14:19:15.634975
Neemias Queta,,,a37e80a2e3cf3aaa3ae84a9124987058,2026-05-02,23:40,rebounds,4.5,-620.0,,True,draftkings,2026-05-02T14:19:15.634977
Neemias Queta,,,a37e80a2e3cf3aaa3ae84a9124987058,2026-05-02,23:40,rebounds,5.5,-318.0,,True,draftkings,2026-05-02T14:19:15.634979
Neemias Queta,,,a37e80a2e3cf3aaa3ae84a9124987058,2026-05-02,23:40,rebounds,6.5,-182.0,,True,draftkings,2026-05-02T14:19:15.634982
Neemias Queta,,,a37e80a2e3cf3aaa3ae84a9124987058,2026-05-02,23:40,rebounds,7.5,-109.0,,True,draftkings,2026-05-02T14:19:15.634984
Neemias Queta,,,a37e80a2e3cf3aaa3ae84a9124987058,2026-05-02,23:40,rebounds,8.5,145.0,,True,draftkings,2026-05-02T14:19:15.634985
Neemias Queta,,,a37e80a2e3cf3aaa3ae84a9124987058,2026-05-02,23:40,rebounds,9.5,225.0,,True,draftkings,2026-05-02T14:19:15.634987
Neemias Queta,,,a37e80a2e3cf3aaa3ae84a9124987058,2026-05-02,23:40,rebounds,10.5,346.0,,True,draftkings,2026-05-02T14:19:15.634989
Neemias Queta,,,a37e80a2e3cf3aaa3ae84a9124987058,2026-05-02,23:40,rebounds,11.5,528.0,,True,draftkings,2026-05-02T14:19:15.634990
Neemias Queta,,,a37e80a2e3cf3aaa3ae84a9124987058,2026-05-02,23:40,rebounds,12.5,790.0,,True,draftkings,2026-05-02T14:19:15.634992
Neemias Queta,,,a37e80a2e3cf3aaa3ae84a9124987058,2026-05-02,23:40,rebounds,13.5,1160.0,,True,draftkings,2026-05-02T14:19:15.634994
Neemias Queta,,,a37e80a2e3cf3aaa3ae84a9124987058,2026-05-02,23:40,rebounds,14.5,1680.0,,True,draftkings,2026-05-02T14:19:15.634995
Neemias Queta,,,a37e80a2e3cf3aaa3ae84a9124987058,2026-05-02,23:40,rebounds,15.5,2200.0,,True,draftkings,2026-05-02T14:19:15.634997
Neemias Queta,,,a37e80a2e3cf3aaa3ae84a9124987058,2026-05-02,23:40,rebounds,16.5,2800.0,,True,draftkings,2026-05-02T14:19:15.635000
Joel Embiid,,,a37e80a2e3cf3aaa3ae84a9124987058,2026-05-02,23:40,rebounds,4.5,-1260.0,,True,draftkings,2026-05-02T14:19:15.635002
Joel Embiid,,,a37e80a2e3cf3aaa3ae84a9124987058,2026-05-02,23:40,rebounds,5.5,-541.0,,True,draftkings,2026-05-02T14:19:15.635004
Joel Embiid,,,a37e80a2e3cf3aaa3ae84a9124987058,2026-05-02,23:40,rebounds,6.5,-281.0,,True,draftkings,2026-05-02T14:19:15.635005
Joel Embiid,,,a37e80a2e3cf3aaa3ae84a9124987058,2026-05-02,23:40,rebounds,7.5,-156.0,,True,draftkings,2026-05-02T14:19:15.635007
Joel Embiid,,,a37e80a2e3cf3aaa3ae84a9124987058,2026-05-02,23:40,rebounds,8.5,107.0,,True,draftkings,2026-05-02T14:19:15.635008
Joel Embiid,,,a37e80a2e3cf3aaa3ae84a9124987058,2026-05-02,23:40,rebounds,9.5,177.0,,True,draftkings,2026-05-02T14:19:15.635010
Joel Embiid,,,a37e80a2e3cf3aaa3ae84a9124987058,2026-05-02,23:40,rebounds,10.5,288.0,,True,draftkings,2026-05-02T14:19:15.635012
Joel Embiid,,,a37e80a2e3cf3aaa3ae84a9124987058,2026-05-02,23:40,rebounds,11.5,459.0,,True,draftkings,2026-05-02T14:19:15.635013
Joel Embiid,,,a37e80a2e3cf3aaa3ae84a9124987058,2026-05-02,23:40,rebounds,12.5,730.0,,True,draftkings,2026-05-02T14:19:15.635015
Joel Embiid,,,a37e80a2e3cf3aaa3ae84a9124987058,2026-05-02,23:40,rebounds,13.5,1140.0,,True,draftkings,2026-05-02T14:19:15.635017
Joel Embiid,,,a37e80a2e3cf3aaa3ae84a9124987058,2026-05-02,23:40,rebounds,14.5,1760.0,,True,draftkings,2026-05-02T14:19:15.635018
Joel Embiid,,,a37e80a2e3cf3aaa3ae84a9124987058,2026-05-02,23:40,rebounds,15.5,2500.0,,True,draftkings,2026-05-02T14:19:15.635020
Jaylen Brown,,,a37e80a2e3cf3aaa3ae84a9124987058,2026-05-02,23:40,rebounds,2.5,-2300.0,,True,draftkings,2026-05-02T14:19:15.635022
Jaylen Brown,,,a37e80a2e3cf3aaa3ae84a9124987058,2026-05-02,23:40,rebounds,3.5,-690.0,,True,draftkings,2026-05-02T14:19:15.635023
Jaylen Brown,,,a37e80a2e3cf3aaa3ae84a9124987058,2026-05-02,23:40,rebounds,4.5,-297.0,,True,draftkings,2026-05-02T14:19:15.635026
Jaylen Brown,,,a37e80a2e3cf3aaa3ae84a9124987058,2026-05-02,23:40,rebounds,5.5,-153.0,,True,draftkings,2026-05-02T14:19:15.635027
Jaylen Brown,,,a37e80a2e3cf3aaa3ae84a9124987058,2026-05-02,23:40,rebounds,6.5,121.0,,True,draftkings,2026-05-02T14:19:15.635029
Jaylen Brown,,,a37e80a2e3cf3aaa3ae84a9124987058,2026-05-02,23:40,rebounds,7.5,214.0,,True,draftkings,2026-05-02T14:19:15.635031
Jaylen Brown,,,a37e80a2e3cf3aaa3ae84a9124987058,2026-05-02,23:40,rebounds,8.5,365.0,,True,draftkings,2026-05-02T14:19:15.635032
Jaylen Brown,,,a37e80a2e3cf3aaa3ae84a9124987058,2026-05-02,23:40,rebounds,9.5,620.0,,True,draftkings,2026-05-02T14:19:15.635034
Jaylen Brown,,,a37e80a2e3cf3aaa3ae84a9124987058,2026-05-02,23:40,rebounds,10.5,1040.0,,True,draftkings,2026-05-02T14:19:15.635037
Jaylen Brown,,,a37e80a2e3cf3aaa3ae84a9124987058,2026-05-02,23:40,rebounds,11.5,1640.0,,True,draftkings,2026-05-02T14:19:15.635039
Jaylen Brown,,,a37e80a2e3cf3aaa3ae84a9124987058,2026-05-02,23:40,rebounds,12.5,2500.0,,True,draftkings,2026-05-02T14:19:15.635040
VJ Edgecombe,,,a37e80a2e3cf3aaa3ae84a9124987058,2026-05-02,23:40,rebounds,2.5,-1680.0,,True,draftkings,2026-05-02T14:19:15.635042
VJ Edgecombe,,,a37e80a2e3cf3aaa3ae84a9124987058,2026-05-02,23:40,rebounds,3.5,-581.0,,True,draftkings,2026-05-02T14:19:15.635044
VJ Edgecombe,,,a37e80a2e3cf3aaa3ae84a9124987058,2026-05-02,23:40,rebounds,4.5,-260.0,,True,draftkings,2026-05-02T14:19:15.635045
VJ Edgecombe,,,a37e80a2e3cf3aaa3ae84a9124987058,2026-05-02,23:40,rebounds,5.5,-134.0,,True,draftkings,2026-05-02T14:19:15.635047
VJ Edgecombe,,,a37e80a2e3cf3aaa3ae84a9124987058,2026-05-02,23:40,rebounds,6.5,137.0,,True,draftkings,2026-05-02T14:19:15.635049
VJ Edgecombe,,,a37e80a2e3cf3aaa3ae84a9124987058,2026-05-02,23:40,rebounds,7.5,245.0,,True,draftkings,2026-05-02T14:19:15.635050
VJ Edgecombe,,,a37e80a2e3cf3aaa3ae84a9124987058,2026-05-02,23:40,rebounds,8.5,419.0,,True,draftkings,2026-05-02T14:19:15.635052
VJ Edgecombe,,,a37e80a2e3cf3aaa3ae84a9124987058,2026-05-02,23:40,rebounds,9.5,700.0,,True,draftkings,2026-05-02T14:19:15.635054
VJ Edgecombe,,,a37e80a2e3cf3aaa3ae84a9124987058,2026-05-02,23:40,rebounds,10.5,1160.0,,True,draftkings,2026-05-02T14:19:15.635055
VJ Edgecombe,,,a37e80a2e3cf3aaa3ae84a9124987058,2026-05-02,23:40,rebounds,11.5,1820.0,,True,draftkings,2026-05-02T14:19:15.635057
VJ Edgecombe,,,a37e80a2e3cf3aaa3ae84a9124987058,2026-05-02,23:40,rebounds,12.5,2600.0,,True,draftkings,2026-05-02T14:19:15.635059
Nikola Vucevic,,,a37e80a2e3cf3aaa3ae84a9124987058,2026-05-02,23:40,rebounds,2.5,-421.0,,True,draftkings,2026-05-02T14:19:15.635060
Nikola Vucevic,,,a37e80a2e3cf3aaa3ae84a9124987058,2026-05-02,23:40,rebounds,3.5,-197.0,,True,draftkings,2026-05-02T14:19:15.635063
Nikola Vucevic,,,a37e80a2e3cf3aaa3ae84a9124987058,2026-05-02,23:40,rebounds,4.5,-107.0,,True,draftkings,2026-05-02T14:19:15.635065
Nikola Vucevic,,,a37e80a2e3cf3aaa3ae84a9124987058,2026-05-02,23:40,rebounds,5.5,166.0,,True,draftkings,2026-05-02T14:19:15.635067
Nikola Vucevic,,,a37e80a2e3cf3aaa3ae84a9124987058,2026-05-02,23:40,rebounds,6.5,288.0,,True,draftkings,2026-05-02T14:19:15.635068
Nikola Vucevic,,,a37e80a2e3cf3aaa3ae84a9124987058,2026-05-02,23:40,rebounds,7.5,481.0,,True,draftkings,2026-05-02T14:19:15.635070
Nikola Vucevic,,,a37e80a2e3cf3aaa3ae84a9124987058,2026-05-02,23:40,rebounds,8.5,740.0,,True,draftkings,2026-05-02T14:19:15.635072
Nikola Vucevic,,,a37e80a2e3cf3aaa3ae84a9124987058,2026-05-02,23:40,rebounds,9.5,1180.0,,True,draftkings,2026-05-02T14:19:15.635073
Nikola Vucevic,,,a37e80a2e3cf3aaa3ae84a9124987058,2026-05-02,23:40,rebounds,10.5,1720.0,,True,draftkings,2026-05-02T14:19:15.635075
Nikola Vucevic,,,a37e80a2e3cf3aaa3ae84a9124987058,2026-05-02,23:40,rebounds,11.5,2400.0,,True,draftkings,2026-05-02T14:19:15.635077
Kelly Oubre Jr,,,a37e80a2e3cf3aaa3ae84a9124987058,2026-05-02,23:40,rebounds,2.5,-1040.0,,True,draftkings,2026-05-02T14:19:15.635078
Kelly Oubre Jr,,,a37e80a2e3cf3aaa3ae84a9124987058,2026-05-02,23:40,rebounds,3.5,-366.0,,True,draftkings,2026-05-02T14:19:15.635080
Kelly Oubre Jr,,,a37e80a2e3cf3aaa3ae84a9124987058,2026-05-02,23:40,rebounds,4.5,-167.0,,True,draftkings,2026-05-02T14:19:15.635082
Kelly Oubre Jr,,,a37e80a2e3cf3aaa3ae84a9124987058,2026-05-02,23:40,rebounds,5.5,117.0,,True,draftkings,2026-05-02T14:19:15.635083
Kelly Oubre Jr,,,a37e80a2e3cf3aaa3ae84a9124987058,2026-05-02,23:40,rebounds,6.5,220.0,,True,draftkings,2026-05-02T14:19:15.635085
Kelly Oubre Jr,,,a37e80a2e3cf3aaa3ae84a9124987058,2026-05-02,23:40,rebounds,7.5,398.0,,True,draftkings,2026-05-02T14:19:15.635087
Kelly Oubre Jr,,,a37e80a2e3cf3aaa3ae84a9124987058,2026-05-02,23:40,rebounds,8.5,710.0,,True,draftkings,2026-05-02T14:19:15.635088
Kelly Oubre Jr,,,a37e80a2e3cf3aaa3ae84a9124987058,2026-05-02,23:40,rebounds,9.5,1200.0,,True,draftkings,2026-05-02T14:19:15.635090
Kelly Oubre Jr,,,a37e80a2e3cf3aaa3ae84a9124987058,2026-05-02,23:40,rebounds,10.5,1900.0,,True,draftkings,2026-05-02T14:19:15.635093
Kelly Oubre Jr,,,a37e80a2e3cf3aaa3ae84a9124987058,2026-05-02,23:40,rebounds,11.5,2800.0,,True,draftkings,2026-05-02T14:19:15.635095
Paul George,,,a37e80a2e3cf3aaa3ae84a9124987058,2026-05-02,23:40,rebounds,2.5,-1060.0,,True,draftkings,2026-05-02T14:19:15.635096
Paul George,,,a37e80a2e3cf3aaa3ae84a9124987058,2026-05-02,23:40,rebounds,3.5,-391.0,,True,draftkings,2026-05-02T14:19:15.635098
Paul George,,,a37e80a2e3cf3aaa3ae84a9124987058,2026-05-02,23:40,rebounds,4.5,-183.0,,True,draftkings,2026-05-02T14:19:15.635100
Paul George,,,a37e80a2e3cf3aaa3ae84a9124987058,2026-05-02,23:40,rebounds,5.5,106.0,,True,draftkings,2026-05-02T14:19:15.635101
Paul George,,,a37e80a2e3cf3aaa3ae84a9124987058,2026-05-02,23:40,rebounds,6.5,203.0,,True,draftkings,2026-05-02T14:19:15.635103
Paul George,,,a37e80a2e3cf3aaa3ae84a9124987058,2026-05-02,23:40,rebounds,7.5,382.0,,True,draftkings,2026-05-02T14:19:15.635105
Paul George,,,a37e80a2e3cf3aaa3ae84a9124987058,2026-05-02,23:40,rebounds,8.5,680.0,,True,draftkings,2026-05-02T14:19:15.635106
Paul George,,,a37e80a2e3cf3aaa3ae84a9124987058,2026-05-02,23:40,rebounds,9.5,1180.0,,True,draftkings,2026-05-02T14:19:15.635108
Paul George,,,a37e80a2e3cf3aaa3ae84a9124987058,2026-05-02,23:40,rebounds,10.5,1920.0,,True,draftkings,2026-05-02T14:19:15.635110
Paul George,,,a37e80a2e3cf3aaa3ae84a9124987058,2026-05-02,23:40,rebounds,11.5,2800.0,,True,draftkings,2026-05-02T14:19:15.635116
Tyrese Maxey,,,a37e80a2e3cf3aaa3ae84a9124987058,2026-05-02,23:40,rebounds,2.5,-339.0,,True,draftkings,2026-05-02T14:19:15.635118
Tyrese Maxey,,,a37e80a2e3cf3aaa3ae84a9124987058,2026-05-02,23:40,rebounds,3.5,-138.0,,True,draftkings,2026-05-02T14:19:15.635120
Tyrese Maxey,,,a37e80a2e3cf3aaa3ae84a9124987058,2026-05-02,23:40,rebounds,4.5,153.0,,True,draftkings,2026-05-02T14:19:15.635121
Tyrese Maxey,,,a37e80a2e3cf3aaa3ae84a9124987058,2026-05-02,23:40,rebounds,5.5,315.0,,True,draftkings,2026-05-02T14:19:15.635123
Tyrese Maxey,,,a37e80a2e3cf3aaa3ae84a9124987058,2026-05-02,23:40,rebounds,6.5,610.0,,True,draftkings,2026-05-02T14:19:15.635125
Tyrese Maxey,,,a37e80a2e3cf3aaa3ae84a9124987058,2026-05-02,23:40,rebounds,7.5,1180.0,,True,draftkings,2026-05-02T14:19:15.635126
Tyrese Maxey,,,a37e80a2e3cf3aaa3ae84a9124987058,2026-05-02,23:40,rebounds,8.5,2000.0,,True,draftkings,2026-05-02T14:19:15.635128
Sam Hauser,,,a37e80a2e3cf3aaa3ae84a9124987058,2026-05-02,23:40,rebounds,2.5,-197.0,,True,draftkings,2026-05-02T14:19:15.635130
Sam Hauser,,,a37e80a2e3cf3aaa3ae84a9124987058,2026-05-02,23:40,rebounds,3.5,114.0,,True,draftkings,2026-05-02T14:19:15.635131
Sam Hauser,,,a37e80a2e3cf3aaa3ae84a9124987058,2026-05-02,23:40,rebounds,4.5,229.0,,True,draftkings,2026-05-02T14:19:15.635133
Sam Hauser,,,a37e80a2e3cf3aaa3ae84a9124987058,2026-05-02,23:40,rebounds,5.5,436.0,,True,draftkings,2026-05-02T14:19:15.635135
Sam Hauser,,,a37e80a2e3cf3aaa3ae84a9124987058,2026-05-02,23:40,rebounds,6.5,810.0,,True,draftkings,2026-05-02T14:19:15.635136
Sam Hauser,,,a37e80a2e3cf3aaa3ae84a9124987058,2026-05-02,23:40,rebounds,7.5,1420.0,,True,draftkings,2026-05-02T14:19:15.635138
Sam Hauser,,,a37e80a2e3cf3aaa3ae84a9124987058,2026-05-02,23:40,rebounds,8.5,2200.0,,True,draftkings,2026-05-02T14:19:15.635140
Baylor Scheierman,,,a37e80a2e3cf3aaa3ae84a9124987058,2026-05-02,23:40,rebounds,1.5,-172.0,,True,draftkings,2026-05-02T14:19:15.635141
Baylor Scheierman,,,a37e80a2e3cf3aaa3ae84a9124987058,2026-05-02,23:40,rebounds,2.5,130.0,,True,draftkings,2026-05-02T14:19:15.635143
Baylor Scheierman,,,a37e80a2e3cf3aaa3ae84a9124987058,2026-05-02,23:40,rebounds,3.5,251.0,,True,draftkings,2026-05-02T14:19:15.635145
Baylor Scheierman,,,a37e80a2e3cf3aaa3ae84a9124987058,2026-05-02,23:40,rebounds,4.5,462.0,,True,draftkings,2026-05-02T14:19:15.635146
Baylor Scheierman,,,a37e80a2e3cf3aaa3ae84a9124987058,2026-05-02,23:40,rebounds,5.5,810.0,,True,draftkings,2026-05-02T14:19:15.635148
Baylor Scheierman,,,a37e80a2e3cf3aaa3ae84a9124987058,2026-05-02,23:40,rebounds,6.5,1340.0,,True,draftkings,2026-05-02T14:19:15.635150
Baylor Scheierman,,,a37e80a2e3cf3aaa3ae84a9124987058,2026-05-02,23:40,rebounds,7.5,1920.0,,True,draftkings,2026-05-02T14:19:15.635153
Baylor Scheierman,,,a37e80a2e3cf3aaa3ae84a9124987058,2026-05-02,23:40,rebounds,8.5,2600.0,,True,draftkings,2026-05-02T14:19:15.635155
Derrick White,,,a37e80a2e3cf3aaa3ae84a9124987058,2026-05-02,23:40,rebounds,2.5,-247.0,,True,draftkings,2026-05-02T14:19:15.635156
Derrick White,,,a37e80a2e3cf3aaa3ae84a9124987058,2026-05-02,23:40,rebounds,3.5,100.0,,True,draftkings,2026-05-02T14:19:15.635160
Derrick White,,,a37e80a2e3cf3aaa3ae84a9124987058,2026-05-02,23:40,rebounds,4.5,213.0,,True,draftkings,2026-05-02T14:19:15.635161
Derrick White,,,a37e80a2e3cf3aaa3ae84a9124987058,2026-05-02,23:40,rebounds,5.5,434.0,,True,draftkings,2026-05-02T14:19:15.635163
Derrick White,,,a37e80a2e3cf3aaa3ae84a9124987058,2026-05-02,23:40,rebounds,6.5,870.0,,True,draftkings,2026-05-02T14:19:15.635165
Derrick White,,,a37e80a2e3cf3aaa3ae84a9124987058,2026-05-02,23:40,rebounds,7.5,1620.0,,True,draftkings,2026-05-02T14:19:15.635166
Derrick White,,,a37e80a2e3cf3aaa3ae84a9124987058,2026-05-02,23:40,rebounds,8.5,2700.0,,True,draftkings,2026-05-02T14:19:15.635168
Payton Pritchard,,,a37e80a2e3cf3aaa3ae84a9124987058,2026-05-02,23:40,rebounds,2.5,-191.0,,True,draftkings,2026-05-02T14:19:15.635170
Payton Pritchard,,,a37e80a2e3cf3aaa3ae84a9124987058,2026-05-02,23:40,rebounds,3.5,130.0,,True,draftkings,2026-05-02T14:19:15.635171
Payton Pritchard,,,a37e80a2e3cf3aaa3ae84a9124987058,2026-05-02,23:40,rebounds,4.5,288.0,,True,draftkings,2026-05-02T14:19:15.635173
Payton Pritchard,,,a37e80a2e3cf3aaa3ae84a9124987058,2026-05-02,23:40,rebounds,5.5,620.0,,True,draftkings,2026-05-02T14:19:15.635175
Payton Pritchard,,,a37e80a2e3cf3aaa3ae84a9124987058,2026-05-02,23:40,rebounds,6.5,1220.0,,True,draftkings,2026-05-02T14:19:15.635176
Payton Pritchard,,,a37e80a2e3cf3aaa3ae84a9124987058,2026-05-02,23:40,rebounds,7.5,2200.0,,True,draftkings,2026-05-02T14:19:15.635178
Quentin Grimes,,,a37e80a2e3cf3aaa3ae84a9124987058,2026-05-02,23:40,rebounds,2.5,108.0,,True,draftkings,2026-05-02T14:19:15.635180
Quentin Grimes,,,a37e80a2e3cf3aaa3ae84a9124987058,2026-05-02,23:40,rebounds,3.5,258.0,,True,draftkings,2026-05-02T14:19:15.635181
Quentin Grimes,,,a37e80a2e3cf3aaa3ae84a9124987058,2026-05-02,23:40,rebounds,4.5,569.0,,True,draftkings,2026-05-02T14:19:15.635183
Quentin Grimes,,,a37e80a2e3cf3aaa3ae84a9124987058,2026-05-02,23:40,rebounds,5.5,1160.0,,True,draftkings,2026-05-02T14:19:15.635185
Quentin Grimes,,,a37e80a2e3cf3aaa3ae84a9124987058,2026-05-02,23:40,rebounds,6.5,2100.0,,True,draftkings,2026-05-02T14:19:15.635186
Tyrese Maxey,,,a37e80a2e3cf3aaa3ae84a9124987058,2026-05-02,23:40,threes,2.5,-165.0,125.0,False,draftkings,2026-05-02T14:19:15.635204
Jayson Tatum,,,a37e80a2e3cf3aaa3ae84a9124987058,2026-05-02,23:40,threes,2.5,-160.0,121.0,False,draftkings,2026-05-02T14:19:15.635206
Paul George,,,a37e80a2e3cf3aaa3ae84a9124987058,2026-05-02,23:40,threes,2.5,-106.0,-124.0,False,draftkings,2026-05-02T14:19:15.635208
Derrick White,,,a37e80a2e3cf3aaa3ae84a9124987058,2026-05-02,23:40,threes,1.5,-187.0,141.0,False,draftkings,2026-05-02T14:19:15.635210
Payton Pritchard,,,a37e80a2e3cf3aaa3ae84a9124987058,2026-05-02,23:40,threes,1.5,-186.0,140.0,False,draftkings,2026-05-02T14:19:15.635211
Sam Hauser,,,a37e80a2e3cf3aaa3ae84a9124987058,2026-05-02,23:40,threes,1.5,-184.0,139.0,False,draftkings,2026-05-02T14:19:15.635213
VJ Edgecombe,,,a37e80a2e3cf3aaa3ae84a9124987058,2026-05-02,23:40,threes,1.5,-147.0,112.0,False,draftkings,2026-05-02T14:19:15.635214
Jaylen Brown,,,a37e80a2e3cf3aaa3ae84a9124987058,2026-05-02,23:40,threes,1.5,-137.0,104.0,False,draftkings,2026-05-02T14:19:15.635216
Joel Embiid,,,a37e80a2e3cf3aaa3ae84a9124987058,2026-05-02,23:40,threes,1.5,104.0,-137.0,False,draftkings,2026-05-02T14:19:15.635218
Kelly Oubre Jr,,,a37e80a2e3cf3aaa3ae84a9124987058,2026-05-02,23:40,threes,1.5,131.0,-173.0,False,draftkings,2026-05-02T14:19:15.635220
Quentin Grimes,,,a37e80a2e3cf3aaa3ae84a9124987058,2026-05-02,23:40,threes,1.5,173.0,-232.0,False,draftkings,2026-05-02T14:19:15.635221
Nikola Vucevic,,,a37e80a2e3cf3aaa3ae84a9124987058,2026-05-02,23:40,threes,0.5,-124.0,-106.0,False,draftkings,2026-05-02T14:19:15.635223
Tyrese Maxey,,,a37e80a2e3cf3aaa3ae84a9124987058,2026-05-02,23:40,threes,0.5,-3300.0,,True,draftkings,2026-05-02T14:19:15.635257
Tyrese Maxey,,,a37e80a2e3cf3aaa3ae84a9124987058,2026-05-02,23:40,threes,1.5,-499.0,,True,draftkings,2026-05-02T14:19:15.635258
Tyrese Maxey,,,a37e80a2e3cf3aaa3ae84a9124987058,2026-05-02,23:40,threes,2.5,-167.0,,True,draftkings,2026-05-02T14:19:15.635260
Tyrese Maxey,,,a37e80a2e3cf3aaa3ae84a9124987058,2026-05-02,23:40,threes,3.5,141.0,,True,draftkings,2026-05-02T14:19:15.635262
Tyrese Maxey,,,a37e80a2e3cf3aaa3ae84a9124987058,2026-05-02,23:40,threes,4.5,307.0,,True,draftkings,2026-05-02T14:19:15.635263
Tyrese Maxey,,,a37e80a2e3cf3aaa3ae84a9124987058,2026-05-02,23:40,threes,5.5,620.0,,True,draftkings,2026-05-02T14:19:15.635265
Tyrese Maxey,,,a37e80a2e3cf3aaa3ae84a9124987058,2026-05-02,23:40,threes,6.5,1220.0,,True,draftkings,2026-05-02T14:19:15.635267
Tyrese Maxey,,,a37e80a2e3cf3aaa3ae84a9124987058,2026-05-02,23:40,threes,7.5,2200.0,,True,draftkings,2026-05-02T14:19:15.635268
Jayson Tatum,,,a37e80a2e3cf3aaa3ae84a9124987058,2026-05-02,23:40,threes,0.5,-3300.0,,True,draftkings,2026-05-02T14:19:15.635270
Jayson Tatum,,,a37e80a2e3cf3aaa3ae84a9124987058,2026-05-02,23:40,threes,1.5,-475.0,,True,draftkings,2026-05-02T14:19:15.635272
Jayson Tatum,,,a37e80a2e3cf3aaa3ae84a9124987058,2026-05-02,23:40,threes,2.5,-162.0,,True,draftkings,2026-05-02T14:19:15.635273
Jayson Tatum,,,a37e80a2e3cf3aaa3ae84a9124987058,2026-05-02,23:40,threes,3.5,150.0,,True,draftkings,2026-05-02T14:19:15.635275
Jayson Tatum,,,a37e80a2e3cf3aaa3ae84a9124987058,2026-05-02,23:40,threes,4.5,333.0,,True,draftkings,2026-05-02T14:19:15.635277
Jayson Tatum,,,a37e80a2e3cf3aaa3ae84a9124987058,2026-05-02,23:40,threes,5.5,710.0,,True,draftkings,2026-05-02T14:19:15.635278
Jayson Tatum,,,a37e80a2e3cf3aaa3ae84a9124987058,2026-05-02,23:40,threes,6.5,1420.0,,True,draftkings,2026-05-02T14:19:15.635280
Jayson Tatum,,,a37e80a2e3cf3aaa3ae84a9124987058,2026-05-02,23:40,threes,7.5,2500.0,,True,draftkings,2026-05-02T14:19:15.635282
Paul George,,,a37e80a2e3cf3aaa3ae84a9124987058,2026-05-02,23:40,threes,0.5,-1680.0,,True,draftkings,2026-05-02T14:19:15.635283
Paul George,,,a37e80a2e3cf3aaa3ae84a9124987058,2026-05-02,23:40,threes,1.5,-295.0,,True,draftkings,2026-05-02T14:19:15.635285
Paul George,,,a37e80a2e3cf3aaa3ae84a9124987058,2026-05-02,23:40,threes,2.5,-103.0,,True,draftkings,2026-05-02T14:19:15.635287
Paul George,,,a37e80a2e3cf3aaa3ae84a9124987058,2026-05-02,23:40,threes,3.5,239.0,,True,draftkings,2026-05-02T14:19:15.635288
Paul George,,,a37e80a2e3cf3aaa3ae84a9124987058,2026-05-02,23:40,threes,4.5,529.0,,True,draftkings,2026-05-02T14:19:15.635290
Paul George,,,a37e80a2e3cf3aaa3ae84a9124987058,2026-05-02,23:40,threes,5.5,1120.0,,True,draftkings,2026-05-02T14:19:15.635293
Paul George,,,a37e80a2e3cf3aaa3ae84a9124987058,2026-05-02,23:40,threes,6.5,2200.0,,True,draftkings,2026-05-02T14:19:15.635295
Sam Hauser,,,a37e80a2e3cf3aaa3ae84a9124987058,2026-05-02,23:40,threes,0.5,-770.0,,True,draftkings,2026-05-02T14:19:15.635297
Sam Hauser,,,a37e80a2e3cf3aaa3ae84a9124987058,2026-05-02,23:40,threes,1.5,-183.0,,True,draftkings,2026-05-02T14:19:15.635298
Sam Hauser,,,a37e80a2e3cf3aaa3ae84a9124987058,2026-05-02,23:40,threes,2.5,144.0,,True,draftkings,2026-05-02T14:19:15.635300
Sam Hauser,,,a37e80a2e3cf3aaa3ae84a9124987058,2026-05-02,23:40,threes,3.5,340.0,,True,draftkings,2026-05-02T14:19:15.635301
Sam Hauser,,,a37e80a2e3cf3aaa3ae84a9124987058,2026-05-02,23:40,threes,4.5,730.0,,True,draftkings,2026-05-02T14:19:15.635303
Sam Hauser,,,a37e80a2e3cf3aaa3ae84a9124987058,2026-05-02,23:40,threes,5.5,1440.0,,True,draftkings,2026-05-02T14:19:15.635305
Sam Hauser,,,a37e80a2e3cf3aaa3ae84a9124987058,2026-05-02,23:40,threes,6.5,2500.0,,True,draftkings,2026-05-02T14:19:15.635306
Payton Pritchard,,,a37e80a2e3cf3aaa3ae84a9124987058,2026-05-02,23:40,threes,0.5,-890.0,,True,draftkings,2026-05-02T14:19:15.635308
Payton Pritchard,,,a37e80a2e3cf3aaa3ae84a9124987058,2026-05-02,23:40,threes,1.5,-184.0,,True,draftkings,2026-05-02T14:19:15.635310
Payton Pritchard,,,a37e80a2e3cf3aaa3ae84a9124987058,2026-05-02,23:40,threes,2.5,158.0,,True,draftkings,2026-05-02T14:19:15.635311
Payton Pritchard,,,a37e80a2e3cf3aaa3ae84a9124987058,2026-05-02,23:40,threes,3.5,393.0,,True,draftkings,2026-05-02T14:19:15.635313
Payton Pritchard,,,a37e80a2e3cf3aaa3ae84a9124987058,2026-05-02,23:40,threes,4.5,910.0,,True,draftkings,2026-05-02T14:19:15.635315
Payton Pritchard,,,a37e80a2e3cf3aaa3ae84a9124987058,2026-05-02,23:40,threes,5.5,1800.0,,True,draftkings,2026-05-02T14:19:15.635316
Derrick White,,,a37e80a2e3cf3aaa3ae84a9124987058,2026-05-02,23:40,threes,0.5,-950.0,,True,draftkings,2026-05-02T14:19:15.635318
Derrick White,,,a37e80a2e3cf3aaa3ae84a9124987058,2026-05-02,23:40,threes,1.5,-193.0,,True,draftkings,2026-05-02T14:19:15.635320
Derrick White,,,a37e80a2e3cf3aaa3ae84a9124987058,2026-05-02,23:40,threes,2.5,154.0,,True,draftkings,2026-05-02T14:19:15.635321
Derrick White,,,a37e80a2e3cf3aaa3ae84a9124987058,2026-05-02,23:40,threes,3.5,393.0,,True,draftkings,2026-05-02T14:19:15.635323
Derrick White,,,a37e80a2e3cf3aaa3ae84a9124987058,2026-05-02,23:40,threes,4.5,960.0,,True,draftkings,2026-05-02T14:19:15.635324
Derrick White,,,a37e80a2e3cf3aaa3ae84a9124987058,2026-05-02,23:40,threes,5.5,2000.0,,True,draftkings,2026-05-02T14:19:15.635326
VJ Edgecombe,,,a37e80a2e3cf3aaa3ae84a9124987058,2026-05-02,23:40,threes,0.5,-700.0,,True,draftkings,2026-05-02T14:19:15.635328
VJ Edgecombe,,,a37e80a2e3cf3aaa3ae84a9124987058,2026-05-02,23:40,threes,1.5,-148.0,,True,draftkings,2026-05-02T14:19:15.635329
VJ Edgecombe,,,a37e80a2e3cf3aaa3ae84a9124987058,2026-05-02,23:40,threes,2.5,196.0,,True,draftkings,2026-05-02T14:19:15.635331
VJ Edgecombe,,,a37e80a2e3cf3aaa3ae84a9124987058,2026-05-02,23:40,threes,3.5,506.0,,True,draftkings,2026-05-02T14:19:15.635333
VJ Edgecombe,,,a37e80a2e3cf3aaa3ae84a9124987058,2026-05-02,23:40,threes,4.5,1200.0,,True,draftkings,2026-05-02T14:19:15.635334
VJ Edgecombe,,,a37e80a2e3cf3aaa3ae84a9124987058,2026-05-02,23:40,threes,5.5,2400.0,,True,draftkings,2026-05-02T14:19:15.635336
Jaylen Brown,,,a37e80a2e3cf3aaa3ae84a9124987058,2026-05-02,23:40,threes,0.5,-650.0,,True,draftkings,2026-05-02T14:19:15.635338
Jaylen Brown,,,a37e80a2e3cf3aaa3ae84a9124987058,2026-05-02,23:40,threes,1.5,-137.0,,True,draftkings,2026-05-02T14:19:15.635339
Jaylen Brown,,,a37e80a2e3cf3aaa3ae84a9124987058,2026-05-02,23:40,threes,2.5,216.0,,True,draftkings,2026-05-02T14:19:15.635341
Jaylen Brown,,,a37e80a2e3cf3aaa3ae84a9124987058,2026-05-02,23:40,threes,3.5,574.0,,True,draftkings,2026-05-02T14:19:15.635343
Jaylen Brown,,,a37e80a2e3cf3aaa3ae84a9124987058,2026-05-02,23:40,threes,4.5,1400.0,,True,draftkings,2026-05-02T14:19:15.635344
Jaylen Brown,,,a37e80a2e3cf3aaa3ae84a9124987058,2026-05-02,23:40,threes,5.5,2700.0,,True,draftkings,2026-05-02T14:19:15.635348
Joel Embiid,,,a37e80a2e3cf3aaa3ae84a9124987058,2026-05-02,23:40,threes,0.5,-436.0,,True,draftkings,2026-05-02T14:19:15.635350
Joel Embiid,,,a37e80a2e3cf3aaa3ae84a9124987058,2026-05-02,23:40,threes,1.5,101.0,,True,draftkings,2026-05-02T14:19:15.635351
Joel Embiid,,,a37e80a2e3cf3aaa3ae84a9124987058,2026-05-02,23:40,threes,2.5,311.0,,True,draftkings,2026-05-02T14:19:15.635353
Joel Embiid,,,a37e80a2e3cf3aaa3ae84a9124987058,2026-05-02,23:40,threes,3.5,840.0,,True,draftkings,2026-05-02T14:19:15.635355
Joel Embiid,,,a37e80a2e3cf3aaa3ae84a9124987058,2026-05-02,23:40,threes,4.5,1900.0,,True,draftkings,2026-05-02T14:19:15.635356
Kelly Oubre Jr,,,a37e80a2e3cf3aaa3ae84a9124987058,2026-05-02,23:40,threes,0.5,-324.0,,True,draftkings,2026-05-02T14:19:15.635358
Kelly Oubre Jr,,,a37e80a2e3cf3aaa3ae84a9124987058,2026-05-02,23:40,threes,1.5,134.0,,True,draftkings,2026-05-02T14:19:15.635359
Kelly Oubre Jr,,,a37e80a2e3cf3aaa3ae84a9124987058,2026-05-02,23:40,threes,2.5,429.0,,True,draftkings,2026-05-02T14:19:15.635361
Kelly Oubre Jr,,,a37e80a2e3cf3aaa3ae84a9124987058,2026-05-02,23:40,threes,3.5,1180.0,,True,draftkings,2026-05-02T14:19:15.635363
Kelly Oubre Jr,,,a37e80a2e3cf3aaa3ae84a9124987058,2026-05-02,23:40,threes,4.5,2600.0,,True,draftkings,2026-05-02T14:19:15.635364
Quentin Grimes,,,a37e80a2e3cf3aaa3ae84a9124987058,2026-05-02,23:40,threes,0.5,-250.0,,True,draftkings,2026-05-02T14:19:15.635368
Quentin Grimes,,,a37e80a2e3cf3aaa3ae84a9124987058,2026-05-02,23:40,threes,1.5,171.0,,True,draftkings,2026-05-02T14:19:15.635369
Quentin Grimes,,,a37e80a2e3cf3aaa3ae84a9124987058,2026-05-02,23:40,threes,2.5,551.0,,True,draftkings,2026-05-02T14:19:15.635371
Quentin Grimes,,,a37e80a2e3cf3aaa3ae84a9124987058,2026-05-02,23:40,threes,3.5,1460.0,,True,draftkings,2026-05-02T14:19:15.635373
Quentin Grimes,,,a37e80a2e3cf3aaa3ae84a9124987058,2026-05-02,23:40,threes,4.5,2900.0,,True,draftkings,2026-05-02T14:19:15.635375
Nikola Vucevic,,,a37e80a2e3cf3aaa3ae84a9124987058,2026-05-02,23:40,threes,0.5,-124.0,,True,draftkings,2026-05-02T14:19:15.635376
Nikola Vucevic,,,a37e80a2e3cf3aaa3ae84a9124987058,2026-05-02,23:40,threes,1.5,355.0,,True,draftkings,2026-05-02T14:19:15.635378
Nikola Vucevic,,,a37e80a2e3cf3aaa3ae84a9124987058,2026-05-02,23:40,threes,2.5,1120.0,,True,draftkings,2026-05-02T14:19:15.635380
Nikola Vucevic,,,a37e80a2e3cf3aaa3ae84a9124987058,2026-05-02,23:40,threes,3.5,2600.0,,True,draftkings,2026-05-02T14:19:15.635383
Cade Cunningham,,,be60e6f50fc77fc3a3cf6925472bad91,2026-05-03,19:40,assists,8.5,-137.0,104.0,False,draftkings,2026-05-02T14:19:15.710571
Paolo Banchero,,,be60e6f50fc77fc3a3cf6925472bad91,2026-05-03,19:40,assists,5.5,106.0,-140.0,False,draftkings,2026-05-02T14:19:15.710578
Jalen Suggs,,,be60e6f50fc77fc3a3cf6925472bad91,2026-05-03,19:40,assists,4.5,-157.0,119.0,False,draftkings,2026-05-02T14:19:15.710580
Desmond Bane,,,be60e6f50fc77fc3a3cf6925472bad91,2026-05-03,19:40,assists,3.5,121.0,-160.0,False,draftkings,2026-05-02T14:19:15.710582
Ausar Thompson,,,be60e6f50fc77fc3a3cf6925472bad91,2026-05-03,19:40,assists,2.5,-173.0,131.0,False,draftkings,2026-05-02T14:19:15.710584
Anthony Black,,,be60e6f50fc77fc3a3cf6925472bad91,2026-05-03,19:40,assists,2.5,-126.0,-104.0,False,draftkings,2026-05-02T14:19:15.710586
Tobias Harris,,,be60e6f50fc77fc3a3cf6925472bad91,2026-05-03,19:40,assists,1.5,-174.0,131.0,False,draftkings,2026-05-02T14:19:15.710587
Duncan Robinson,,,be60e6f50fc77fc3a3cf6925472bad91,2026-05-03,19:40,assists,1.5,-159.0,121.0,False,draftkings,2026-05-02T14:19:15.710589
Jalen Duren,,,be60e6f50fc77fc3a3cf6925472bad91,2026-05-03,19:40,assists,1.5,-149.0,113.0,False,draftkings,2026-05-02T14:19:15.710591
Cade Cunningham,,,be60e6f50fc77fc3a3cf6925472bad91,2026-05-03,19:40,assists,4.5,-2400.0,,True,draftkings,2026-05-02T14:19:15.710626
Cade Cunningham,,,be60e6f50fc77fc3a3cf6925472bad91,2026-05-03,19:40,assists,5.5,-890.0,,True,draftkings,2026-05-02T14:19:15.710628
Cade Cunningham,,,be60e6f50fc77fc3a3cf6925472bad91,2026-05-03,19:40,assists,6.5,-418.0,,True,draftkings,2026-05-02T14:19:15.710630
Cade Cunningham,,,be60e6f50fc77fc3a3cf6925472bad91,2026-05-03,19:40,assists,7.5,-230.0,,True,draftkings,2026-05-02T14:19:15.710632
Cade Cunningham,,,be60e6f50fc77fc3a3cf6925472bad91,2026-05-03,19:40,assists,8.5,-134.0,,True,draftkings,2026-05-02T14:19:15.710633
Cade Cunningham,,,be60e6f50fc77fc3a3cf6925472bad91,2026-05-03,19:40,assists,9.5,126.0,,True,draftkings,2026-05-02T14:19:15.710635
Cade Cunningham,,,be60e6f50fc77fc3a3cf6925472bad91,2026-05-03,19:40,assists,10.5,208.0,,True,draftkings,2026-05-02T14:19:15.710637
Cade Cunningham,,,be60e6f50fc77fc3a3cf6925472bad91,2026-05-03,19:40,assists,11.5,345.0,,True,draftkings,2026-05-02T14:19:15.710638
Cade Cunningham,,,be60e6f50fc77fc3a3cf6925472bad91,2026-05-03,19:40,assists,12.5,557.0,,True,draftkings,2026-05-02T14:19:15.710640
Cade Cunningham,,,be60e6f50fc77fc3a3cf6925472bad91,2026-05-03,19:40,assists,13.5,910.0,,True,draftkings,2026-05-02T14:19:15.710642
Cade Cunningham,,,be60e6f50fc77fc3a3cf6925472bad91,2026-05-03,19:40,assists,14.5,1420.0,,True,draftkings,2026-05-02T14:19:15.710643
Cade Cunningham,,,be60e6f50fc77fc3a3cf6925472bad91,2026-05-03,19:40,assists,15.5,2100.0,,True,draftkings,2026-05-02T14:19:15.710645
Paolo Banchero,,,be60e6f50fc77fc3a3cf6925472bad91,2026-05-03,19:40,assists,2.5,-1080.0,,True,draftkings,2026-05-02T14:19:15.710647
Paolo Banchero,,,be60e6f50fc77fc3a3cf6925472bad91,2026-05-03,19:40,assists,3.5,-394.0,,True,draftkings,2026-05-02T14:19:15.710649
Paolo Banchero,,,be60e6f50fc77fc3a3cf6925472bad91,2026-05-03,19:40,assists,4.5,-181.0,,True,draftkings,2026-05-02T14:19:15.710650
Paolo Banchero,,,be60e6f50fc77fc3a3cf6925472bad91,2026-05-03,19:40,assists,5.5,108.0,,True,draftkings,2026-05-02T14:19:15.710652
Paolo Banchero,,,be60e6f50fc77fc3a3cf6925472bad91,2026-05-03,19:40,assists,6.5,197.0,,True,draftkings,2026-05-02T14:19:15.710657
Paolo Banchero,,,be60e6f50fc77fc3a3cf6925472bad91,2026-05-03,19:40,assists,7.5,358.0,,True,draftkings,2026-05-02T14:19:15.710659
Paolo Banchero,,,be60e6f50fc77fc3a3cf6925472bad91,2026-05-03,19:40,assists,8.5,620.0,,True,draftkings,2026-05-02T14:19:15.710660
Paolo Banchero,,,be60e6f50fc77fc3a3cf6925472bad91,2026-05-03,19:40,assists,9.5,1120.0,,True,draftkings,2026-05-02T14:19:15.710662
Paolo Banchero,,,be60e6f50fc77fc3a3cf6925472bad91,2026-05-03,19:40,assists,10.5,1880.0,,True,draftkings,2026-05-02T14:19:15.710664
Paolo Banchero,,,be60e6f50fc77fc3a3cf6925472bad91,2026-05-03,19:40,assists,11.5,2800.0,,True,draftkings,2026-05-02T14:19:15.710665
Jalen Suggs,,,be60e6f50fc77fc3a3cf6925472bad91,2026-05-03,19:40,assists,2.5,-930.0,,True,draftkings,2026-05-02T14:19:15.710667
Jalen Suggs,,,be60e6f50fc77fc3a3cf6925472bad91,2026-05-03,19:40,assists,3.5,-339.0,,True,draftkings,2026-05-02T14:19:15.710669
Jalen Suggs,,,be60e6f50fc77fc3a3cf6925472bad91,2026-05-03,19:40,assists,4.5,-158.0,,True,draftkings,2026-05-02T14:19:15.710671
Jalen Suggs,,,be60e6f50fc77fc3a3cf6925472bad91,2026-05-03,19:40,assists,5.5,123.0,,True,draftkings,2026-05-02T14:19:15.710672
Jalen Suggs,,,be60e6f50fc77fc3a3cf6925472bad91,2026-05-03,19:40,assists,6.5,237.0,,True,draftkings,2026-05-02T14:19:15.710674
Jalen Suggs,,,be60e6f50fc77fc3a3cf6925472bad91,2026-05-03,19:40,assists,7.5,440.0,,True,draftkings,2026-05-02T14:19:15.710676
Jalen Suggs,,,be60e6f50fc77fc3a3cf6925472bad91,2026-05-03,19:40,assists,8.5,790.0,,True,draftkings,2026-05-02T14:19:15.710677
Jalen Suggs,,,be60e6f50fc77fc3a3cf6925472bad91,2026-05-03,19:40,assists,9.5,1380.0,,True,draftkings,2026-05-02T14:19:15.710679
Jalen Suggs,,,be60e6f50fc77fc3a3cf6925472bad91,2026-05-03,19:40,assists,10.5,2200.0,,True,draftkings,2026-05-02T14:19:15.710681
Desmond Bane,,,be60e6f50fc77fc3a3cf6925472bad91,2026-05-03,19:40,assists,2.5,-202.0,,True,draftkings,2026-05-02T14:19:15.710682
Desmond Bane,,,be60e6f50fc77fc3a3cf6925472bad91,2026-05-03,19:40,assists,3.5,120.0,,True,draftkings,2026-05-02T14:19:15.710684
Desmond Bane,,,be60e6f50fc77fc3a3cf6925472bad91,2026-05-03,19:40,assists,4.5,265.0,,True,draftkings,2026-05-02T14:19:15.710686
Desmond Bane,,,be60e6f50fc77fc3a3cf6925472bad91,2026-05-03,19:40,assists,5.5,543.0,,True,draftkings,2026-05-02T14:19:15.710688
Desmond Bane,,,be60e6f50fc77fc3a3cf6925472bad91,2026-05-03,19:40,assists,6.5,1080.0,,True,draftkings,2026-05-02T14:19:15.710689
Desmond Bane,,,be60e6f50fc77fc3a3cf6925472bad91,2026-05-03,19:40,assists,7.5,1940.0,,True,draftkings,2026-05-02T14:19:15.710691
Ausar Thompson,,,be60e6f50fc77fc3a3cf6925472bad91,2026-05-03,19:40,assists,2.5,-173.0,,True,draftkings,2026-05-02T14:19:15.710693
Ausar Thompson,,,be60e6f50fc77fc3a3cf6925472bad91,2026-05-03,19:40,assists,3.5,144.0,,True,draftkings,2026-05-02T14:19:15.710694
Ausar Thompson,,,be60e6f50fc77fc3a3cf6925472bad91,2026-05-03,19:40,assists,4.5,325.0,,True,draftkings,2026-05-02T14:19:15.710696
Ausar Thompson,,,be60e6f50fc77fc3a3cf6925472bad91,2026-05-03,19:40,assists,5.5,710.0,,True,draftkings,2026-05-02T14:19:15.710698
Ausar Thompson,,,be60e6f50fc77fc3a3cf6925472bad91,2026-05-03,19:40,assists,6.5,1480.0,,True,draftkings,2026-05-02T14:19:15.710699
Ausar Thompson,,,be60e6f50fc77fc3a3cf6925472bad91,2026-05-03,19:40,assists,7.5,2500.0,,True,draftkings,2026-05-02T14:19:15.710701
Anthony Black,,,be60e6f50fc77fc3a3cf6925472bad91,2026-05-03,19:40,assists,2.5,-126.0,,True,draftkings,2026-05-02T14:19:15.710703
Anthony Black,,,be60e6f50fc77fc3a3cf6925472bad91,2026-05-03,19:40,assists,3.5,193.0,,True,draftkings,2026-05-02T14:19:15.710705
Anthony Black,,,be60e6f50fc77fc3a3cf6925472bad91,2026-05-03,19:40,assists,4.5,434.0,,True,draftkings,2026-05-02T14:19:15.710706
Anthony Black,,,be60e6f50fc77fc3a3cf6925472bad91,2026-05-03,19:40,assists,5.5,920.0,,True,draftkings,2026-05-02T14:19:15.710708
Anthony Black,,,be60e6f50fc77fc3a3cf6925472bad91,2026-05-03,19:40,assists,6.5,1800.0,,True,draftkings,2026-05-02T14:19:15.710710
Anthony Black,,,be60e6f50fc77fc3a3cf6925472bad91,2026-05-03,19:40,assists,7.5,2900.0,,True,draftkings,2026-05-02T14:19:15.710711
Tobias Harris,,,be60e6f50fc77fc3a3cf6925472bad91,2026-05-03,19:40,assists,1.5,-173.0,,True,draftkings,2026-05-02T14:19:15.710713
Tobias Harris,,,be60e6f50fc77fc3a3cf6925472bad91,2026-05-03,19:40,assists,2.5,172.0,,True,draftkings,2026-05-02T14:19:15.710715
Tobias Harris,,,be60e6f50fc77fc3a3cf6925472bad91,2026-05-03,19:40,assists,3.5,444.0,,True,draftkings,2026-05-02T14:19:15.710717
Tobias Harris,,,be60e6f50fc77fc3a3cf6925472bad91,2026-05-03,19:40,assists,4.5,1080.0,,True,draftkings,2026-05-02T14:19:15.710719
Tobias Harris,,,be60e6f50fc77fc3a3cf6925472bad91,2026-05-03,19:40,assists,5.5,2200.0,,True,draftkings,2026-05-02T14:19:15.710720
Duncan Robinson,,,be60e6f50fc77fc3a3cf6925472bad91,2026-05-03,19:40,assists,1.5,-161.0,,True,draftkings,2026-05-02T14:19:15.710722
Duncan Robinson,,,be60e6f50fc77fc3a3cf6925472bad91,2026-05-03,19:40,assists,2.5,189.0,,True,draftkings,2026-05-02T14:19:15.710724
Duncan Robinson,,,be60e6f50fc77fc3a3cf6925472bad91,2026-05-03,19:40,assists,3.5,496.0,,True,draftkings,2026-05-02T14:19:15.710725
Duncan Robinson,,,be60e6f50fc77fc3a3cf6925472bad91,2026-05-03,19:40,assists,4.5,1160.0,,True,draftkings,2026-05-02T14:19:15.710727
Duncan Robinson,,,be60e6f50fc77fc3a3cf6925472bad91,2026-05-03,19:40,assists,5.5,2400.0,,True,draftkings,2026-05-02T14:19:15.710729
Jalen Duren,,,be60e6f50fc77fc3a3cf6925472bad91,2026-05-03,19:40,assists,1.5,-153.0,,True,draftkings,2026-05-02T14:19:15.710731
Jalen Duren,,,be60e6f50fc77fc3a3cf6925472bad91,2026-05-03,19:40,assists,2.5,196.0,,True,draftkings,2026-05-02T14:19:15.710732
Jalen Duren,,,be60e6f50fc77fc3a3cf6925472bad91,2026-05-03,19:40,assists,3.5,520.0,,True,draftkings,2026-05-02T14:19:15.710734
Jalen Duren,,,be60e6f50fc77fc3a3cf6925472bad91,2026-05-03,19:40,assists,4.5,1240.0,,True,draftkings,2026-05-02T14:19:15.710736
Jalen Duren,,,be60e6f50fc77fc3a3cf6925472bad91,2026-05-03,19:40,assists,5.5,2400.0,,True,draftkings,2026-05-02T14:19:15.710737
Cade Cunningham,,,be60e6f50fc77fc3a3cf6925472bad91,2026-05-03,19:40,points,29.5,-116.0,-110.0,False,draftkings,2026-05-02T14:19:15.710753
Paolo Banchero,,,be60e6f50fc77fc3a3cf6925472bad91,2026-05-03,19:40,points,23.5,-102.0,-125.0,False,draftkings,2026-05-02T14:19:15.710755
Desmond Bane,,,be60e6f50fc77fc3a3cf6925472bad91,2026-05-03,19:40,points,18.5,-124.0,-103.0,False,draftkings,2026-05-02T14:19:15.710757
Tobias Harris,,,be60e6f50fc77fc3a3cf6925472bad91,2026-05-03,19:40,points,17.5,-108.0,-118.0,False,draftkings,2026-05-02T14:19:15.710758
Jalen Suggs,,,be60e6f50fc77fc3a3cf6925472bad91,2026-05-03,19:40,points,13.5,-112.0,-114.0,False,draftkings,2026-05-02T14:19:15.710761
Jalen Duren,,,be60e6f50fc77fc3a3cf6925472bad91,2026-05-03,19:40,points,13.5,100.0,-127.0,False,draftkings,2026-05-02T14:19:15.710763
Anthony Black,,,be60e6f50fc77fc3a3cf6925472bad91,2026-05-03,19:40,points,11.5,-104.0,-122.0,False,draftkings,2026-05-02T14:19:15.710764
Duncan Robinson,,,be60e6f50fc77fc3a3cf6925472bad91,2026-05-03,19:40,points,10.5,-123.0,-103.0,False,draftkings,2026-05-02T14:19:15.710766
Ausar Thompson,,,be60e6f50fc77fc3a3cf6925472bad91,2026-05-03,19:40,points,9.5,-124.0,-103.0,False,draftkings,2026-05-02T14:19:15.710768
Wendell Carter Jr,,,be60e6f50fc77fc3a3cf6925472bad91,2026-05-03,19:40,points,9.5,-107.0,-120.0,False,draftkings,2026-05-02T14:19:15.710769
Jamal Cain,,,be60e6f50fc77fc3a3cf6925472bad91,2026-05-03,19:40,points,5.5,-125.0,-102.0,False,draftkings,2026-05-02T14:19:15.710771
Cade Cunningham,,,be60e6f50fc77fc3a3cf6925472bad91,2026-05-03,19:40,points,17.5,-1840.0,,True,draftkings,2026-05-02T14:19:15.710816
Cade Cunningham,,,be60e6f50fc77fc3a3cf6925472bad91,2026-05-03,19:40,points,19.5,-1020.0,,True,draftkings,2026-05-02T14:19:15.710819
Cade Cunningham,,,be60e6f50fc77fc3a3cf6925472bad91,2026-05-03,19:40,points,24.5,-313.0,,True,draftkings,2026-05-02T14:19:15.710820
Cade Cunningham,,,be60e6f50fc77fc3a3cf6925472bad91,2026-05-03,19:40,points,29.5,-118.0,,True,draftkings,2026-05-02T14:19:15.710822
Cade Cunningham,,,be60e6f50fc77fc3a3cf6925472bad91,2026-05-03,19:40,points,34.5,208.0,,True,draftkings,2026-05-02T14:19:15.710824
Cade Cunningham,,,be60e6f50fc77fc3a3cf6925472bad91,2026-05-03,19:40,points,39.5,526.0,,True,draftkings,2026-05-02T14:19:15.710825
Cade Cunningham,,,be60e6f50fc77fc3a3cf6925472bad91,2026-05-03,19:40,points,44.5,1240.0,,True,draftkings,2026-05-02T14:19:15.710827
Cade Cunningham,,,be60e6f50fc77fc3a3cf6925472bad91,2026-05-03,19:40,points,49.5,2600.0,,True,draftkings,2026-05-02T14:19:15.710829
Paolo Banchero,,,be60e6f50fc77fc3a3cf6925472bad91,2026-05-03,19:40,points,11.5,-2700.0,,True,draftkings,2026-05-02T14:19:15.710830
Paolo Banchero,,,be60e6f50fc77fc3a3cf6925472bad91,2026-05-03,19:40,points,14.5,-860.0,,True,draftkings,2026-05-02T14:19:15.710832
Paolo Banchero,,,be60e6f50fc77fc3a3cf6925472bad91,2026-05-03,19:40,points,17.5,-373.0,,True,draftkings,2026-05-02T14:19:15.710834
Paolo Banchero,,,be60e6f50fc77fc3a3cf6925472bad91,2026-05-03,19:40,points,19.5,-236.0,,True,draftkings,2026-05-02T14:19:15.710836
Paolo Banchero,,,be60e6f50fc77fc3a3cf6925472bad91,2026-05-03,19:40,points,23.5,-102.0,,True,draftkings,2026-05-02T14:19:15.710837
Paolo Banchero,,,be60e6f50fc77fc3a3cf6925472bad91,2026-05-03,19:40,points,24.5,119.0,,True,draftkings,2026-05-02T14:19:15.710839
Paolo Banchero,,,be60e6f50fc77fc3a3cf6925472bad91,2026-05-03,19:40,points,29.5,313.0,,True,draftkings,2026-05-02T14:19:15.710841
Paolo Banchero,,,be60e6f50fc77fc3a3cf6925472bad91,2026-05-03,19:40,points,34.5,830.0,,True,draftkings,2026-05-02T14:19:15.710842
Paolo Banchero,,,be60e6f50fc77fc3a3cf6925472bad91,2026-05-03,19:40,points,39.5,1960.0,,True,draftkings,2026-05-02T14:19:15.710844
Desmond Bane,,,be60e6f50fc77fc3a3cf6925472bad91,2026-05-03,19:40,points,9.5,-1540.0,,True,draftkings,2026-05-02T14:19:15.710846
Desmond Bane,,,be60e6f50fc77fc3a3cf6925472bad91,2026-05-03,19:40,points,11.5,-740.0,,True,draftkings,2026-05-02T14:19:15.710848
Desmond Bane,,,be60e6f50fc77fc3a3cf6925472bad91,2026-05-03,19:40,points,14.5,-312.0,,True,draftkings,2026-05-02T14:19:15.710849
Desmond Bane,,,be60e6f50fc77fc3a3cf6925472bad91,2026-05-03,19:40,points,17.5,-153.0,,True,draftkings,2026-05-02T14:19:15.710851
Desmond Bane,,,be60e6f50fc77fc3a3cf6925472bad91,2026-05-03,19:40,points,18.5,-125.0,,True,draftkings,2026-05-02T14:19:15.710853
Desmond Bane,,,be60e6f50fc77fc3a3cf6925472bad91,2026-05-03,19:40,points,19.5,-102.0,,True,draftkings,2026-05-02T14:19:15.710854
Desmond Bane,,,be60e6f50fc77fc3a3cf6925472bad91,2026-05-03,19:40,points,24.5,271.0,,True,draftkings,2026-05-02T14:19:15.710856
Desmond Bane,,,be60e6f50fc77fc3a3cf6925472bad91,2026-05-03,19:40,points,29.5,730.0,,True,draftkings,2026-05-02T14:19:15.710858
Desmond Bane,,,be60e6f50fc77fc3a3cf6925472bad91,2026-05-03,19:40,points,34.5,1800.0,,True,draftkings,2026-05-02T14:19:15.710860
Tobias Harris,,,be60e6f50fc77fc3a3cf6925472bad91,2026-05-03,19:40,points,9.5,-1260.0,,True,draftkings,2026-05-02T14:19:15.710881
Tobias Harris,,,be60e6f50fc77fc3a3cf6925472bad91,2026-05-03,19:40,points,11.5,-589.0,,True,draftkings,2026-05-02T14:19:15.710883
Tobias Harris,,,be60e6f50fc77fc3a3cf6925472bad91,2026-05-03,19:40,points,14.5,-240.0,,True,draftkings,2026-05-02T14:19:15.710885
Tobias Harris,,,be60e6f50fc77fc3a3cf6925472bad91,2026-05-03,19:40,points,17.5,-110.0,,True,draftkings,2026-05-02T14:19:15.710886
Tobias Harris,,,be60e6f50fc77fc3a3cf6925472bad91,2026-05-03,19:40,points,19.5,147.0,,True,draftkings,2026-05-02T14:19:15.710888
Tobias Harris,,,be60e6f50fc77fc3a3cf6925472bad91,2026-05-03,19:40,points,24.5,457.0,,True,draftkings,2026-05-02T14:19:15.710890
Tobias Harris,,,be60e6f50fc77fc3a3cf6925472bad91,2026-05-03,19:40,points,29.5,1320.0,,True,draftkings,2026-05-02T14:19:15.710891
Jalen Suggs,,,be60e6f50fc77fc3a3cf6925472bad91,2026-05-03,19:40,points,5.5,-1660.0,,True,draftkings,2026-05-02T14:19:15.710893
Jalen Suggs,,,be60e6f50fc77fc3a3cf6925472bad91,2026-05-03,19:40,points,7.5,-670.0,,True,draftkings,2026-05-02T14:19:15.710895
Jalen Suggs,,,be60e6f50fc77fc3a3cf6925472bad91,2026-05-03,19:40,points,9.5,-331.0,,True,draftkings,2026-05-02T14:19:15.710896
Jalen Suggs,,,be60e6f50fc77fc3a3cf6925472bad91,2026-05-03,19:40,points,11.5,-183.0,,True,draftkings,2026-05-02T14:19:15.710898
Jalen Suggs,,,be60e6f50fc77fc3a3cf6925472bad91,2026-05-03,19:40,points,13.5,-110.0,,True,draftkings,2026-05-02T14:19:15.710900
Jalen Suggs,,,be60e6f50fc77fc3a3cf6925472bad91,2026-05-03,19:40,points,14.5,115.0,,True,draftkings,2026-05-02T14:19:15.710901
Jalen Suggs,,,be60e6f50fc77fc3a3cf6925472bad91,2026-05-03,19:40,points,17.5,235.0,,True,draftkings,2026-05-02T14:19:15.710903
Jalen Suggs,,,be60e6f50fc77fc3a3cf6925472bad91,2026-05-03,19:40,points,19.5,359.0,,True,draftkings,2026-05-02T14:19:15.710905
Jalen Suggs,,,be60e6f50fc77fc3a3cf6925472bad91,2026-05-03,19:40,points,24.5,1060.0,,True,draftkings,2026-05-02T14:19:15.710907
Jalen Suggs,,,be60e6f50fc77fc3a3cf6925472bad91,2026-05-03,19:40,points,29.5,2500.0,,True,draftkings,2026-05-02T14:19:15.710908
Jalen Duren,,,be60e6f50fc77fc3a3cf6925472bad91,2026-05-03,19:40,points,5.5,-3800.0,,True,draftkings,2026-05-02T14:19:15.710910
Jalen Duren,,,be60e6f50fc77fc3a3cf6925472bad91,2026-05-03,19:40,points,7.5,-930.0,,True,draftkings,2026-05-02T14:19:15.710912
Jalen Duren,,,be60e6f50fc77fc3a3cf6925472bad91,2026-05-03,19:40,points,9.5,-381.0,,True,draftkings,2026-05-02T14:19:15.710914
Jalen Duren,,,be60e6f50fc77fc3a3cf6925472bad91,2026-05-03,19:40,points,11.5,-187.0,,True,draftkings,2026-05-02T14:19:15.710915
Jalen Duren,,,be60e6f50fc77fc3a3cf6925472bad91,2026-05-03,19:40,points,13.5,100.0,,True,draftkings,2026-05-02T14:19:15.710917
Jalen Duren,,,be60e6f50fc77fc3a3cf6925472bad91,2026-05-03,19:40,points,14.5,134.0,,True,draftkings,2026-05-02T14:19:15.710919
Jalen Duren,,,be60e6f50fc77fc3a3cf6925472bad91,2026-05-03,19:40,points,17.5,295.0,,True,draftkings,2026-05-02T14:19:15.710921
Jalen Duren,,,be60e6f50fc77fc3a3cf6925472bad91,2026-05-03,19:40,points,19.5,510.0,,True,draftkings,2026-05-02T14:19:15.710922
Jalen Duren,,,be60e6f50fc77fc3a3cf6925472bad91,2026-05-03,19:40,points,24.5,1680.0,,True,draftkings,2026-05-02T14:19:15.710924
Anthony Black,,,be60e6f50fc77fc3a3cf6925472bad91,2026-05-03,19:40,points,5.5,-900.0,,True,draftkings,2026-05-02T14:19:15.710926
Anthony Black,,,be60e6f50fc77fc3a3cf6925472bad91,2026-05-03,19:40,points,7.5,-377.0,,True,draftkings,2026-05-02T14:19:15.710927
Anthony Black,,,be60e6f50fc77fc3a3cf6925472bad91,2026-05-03,19:40,points,9.5,-188.0,,True,draftkings,2026-05-02T14:19:15.710929
Anthony Black,,,be60e6f50fc77fc3a3cf6925472bad91,2026-05-03,19:40,points,11.5,-105.0,,True,draftkings,2026-05-02T14:19:15.710931
Anthony Black,,,be60e6f50fc77fc3a3cf6925472bad91,2026-05-03,19:40,points,14.5,216.0,,True,draftkings,2026-05-02T14:19:15.710932
Anthony Black,,,be60e6f50fc77fc3a3cf6925472bad91,2026-05-03,19:40,points,17.5,467.0,,True,draftkings,2026-05-02T14:19:15.710934
Anthony Black,,,be60e6f50fc77fc3a3cf6925472bad91,2026-05-03,19:40,points,19.5,750.0,,True,draftkings,2026-05-02T14:19:15.710936
Anthony Black,,,be60e6f50fc77fc3a3cf6925472bad91,2026-05-03,19:40,points,24.5,2200.0,,True,draftkings,2026-05-02T14:19:15.710938
Duncan Robinson,,,be60e6f50fc77fc3a3cf6925472bad91,2026-05-03,19:40,points,5.5,-700.0,,True,draftkings,2026-05-02T14:19:15.710939
Duncan Robinson,,,be60e6f50fc77fc3a3cf6925472bad91,2026-05-03,19:40,points,7.5,-327.0,,True,draftkings,2026-05-02T14:19:15.710941
Duncan Robinson,,,be60e6f50fc77fc3a3cf6925472bad91,2026-05-03,19:40,points,9.5,-162.0,,True,draftkings,2026-05-02T14:19:15.710943
Duncan Robinson,,,be60e6f50fc77fc3a3cf6925472bad91,2026-05-03,19:40,points,10.5,-124.0,,True,draftkings,2026-05-02T14:19:15.710944
Duncan Robinson,,,be60e6f50fc77fc3a3cf6925472bad91,2026-05-03,19:40,points,11.5,111.0,,True,draftkings,2026-05-02T14:19:15.710946
Duncan Robinson,,,be60e6f50fc77fc3a3cf6925472bad91,2026-05-03,19:40,points,14.5,244.0,,True,draftkings,2026-05-02T14:19:15.710948
Duncan Robinson,,,be60e6f50fc77fc3a3cf6925472bad91,2026-05-03,19:40,points,17.5,516.0,,True,draftkings,2026-05-02T14:19:15.710949
Duncan Robinson,,,be60e6f50fc77fc3a3cf6925472bad91,2026-05-03,19:40,points,19.5,830.0,,True,draftkings,2026-05-02T14:19:15.710951
Duncan Robinson,,,be60e6f50fc77fc3a3cf6925472bad91,2026-05-03,19:40,points,24.5,2200.0,,True,draftkings,2026-05-02T14:19:15.710953
Wendell Carter Jr,,,be60e6f50fc77fc3a3cf6925472bad91,2026-05-03,19:40,points,5.5,-472.0,,True,draftkings,2026-05-02T14:19:15.710955
Wendell Carter Jr,,,be60e6f50fc77fc3a3cf6925472bad91,2026-05-03,19:40,points,7.5,-212.0,,True,draftkings,2026-05-02T14:19:15.710956
Wendell Carter Jr,,,be60e6f50fc77fc3a3cf6925472bad91,2026-05-03,19:40,points,9.5,-107.0,,True,draftkings,2026-05-02T14:19:15.710958
Wendell Carter Jr,,,be60e6f50fc77fc3a3cf6925472bad91,2026-05-03,19:40,points,11.5,176.0,,True,draftkings,2026-05-02T14:19:15.710960
Wendell Carter Jr,,,be60e6f50fc77fc3a3cf6925472bad91,2026-05-03,19:40,points,14.5,417.0,,True,draftkings,2026-05-02T14:19:15.710961
Wendell Carter Jr,,,be60e6f50fc77fc3a3cf6925472bad91,2026-05-03,19:40,points,17.5,910.0,,True,draftkings,2026-05-02T14:19:15.710963
Wendell Carter Jr,,,be60e6f50fc77fc3a3cf6925472bad91,2026-05-03,19:40,points,19.5,1480.0,,True,draftkings,2026-05-02T14:19:15.710965
Ausar Thompson,,,be60e6f50fc77fc3a3cf6925472bad91,2026-05-03,19:40,points,5.5,-680.0,,True,draftkings,2026-05-02T14:19:15.710966
Ausar Thompson,,,be60e6f50fc77fc3a3cf6925472bad91,2026-05-03,19:40,points,7.5,-265.0,,True,draftkings,2026-05-02T14:19:15.710968
Ausar Thompson,,,be60e6f50fc77fc3a3cf6925472bad91,2026-05-03,19:40,points,9.5,-124.0,,True,draftkings,2026-05-02T14:19:15.710970
Ausar Thompson,,,be60e6f50fc77fc3a3cf6925472bad91,2026-05-03,19:40,points,11.5,161.0,,True,draftkings,2026-05-02T14:19:15.710972
Ausar Thompson,,,be60e6f50fc77fc3a3cf6925472bad91,2026-05-03,19:40,points,14.5,429.0,,True,draftkings,2026-05-02T14:19:15.710973
Ausar Thompson,,,be60e6f50fc77fc3a3cf6925472bad91,2026-05-03,19:40,points,17.5,1020.0,,True,draftkings,2026-05-02T14:19:15.710975
Ausar Thompson,,,be60e6f50fc77fc3a3cf6925472bad91,2026-05-03,19:40,points,19.5,1820.0,,True,draftkings,2026-05-02T14:19:15.710977
Jamal Cain,,,be60e6f50fc77fc3a3cf6925472bad91,2026-05-03,19:40,points,5.5,-122.0,,True,draftkings,2026-05-02T14:19:15.710978
Jamal Cain,,,be60e6f50fc77fc3a3cf6925472bad91,2026-05-03,19:40,points,7.5,164.0,,True,draftkings,2026-05-02T14:19:15.710980
Jamal Cain,,,be60e6f50fc77fc3a3cf6925472bad91,2026-05-03,19:40,points,9.5,321.0,,True,draftkings,2026-05-02T14:19:15.710982
Jamal Cain,,,be60e6f50fc77fc3a3cf6925472bad91,2026-05-03,19:40,points,11.5,571.0,,True,draftkings,2026-05-02T14:19:15.710983
Jamal Cain,,,be60e6f50fc77fc3a3cf6925472bad91,2026-05-03,19:40,points,14.5,1260.0,,True,draftkings,2026-05-02T14:19:15.710985
Jamal Cain,,,be60e6f50fc77fc3a3cf6925472bad91,2026-05-03,19:40,points,17.5,2300.0,,True,draftkings,2026-05-02T14:19:15.710987
Jalen Duren,,,be60e6f50fc77fc3a3cf6925472bad91,2026-05-03,19:40,rebounds,9.5,-118.0,-112.0,False,draftkings,2026-05-02T14:19:15.711004
Ausar Thompson,,,be60e6f50fc77fc3a3cf6925472bad91,2026-05-03,19:40,rebounds,8.5,-112.0,-117.0,False,draftkings,2026-05-02T14:19:15.711006
Paolo Banchero,,,be60e6f50fc77fc3a3cf6925472bad91,2026-05-03,19:40,rebounds,8.5,-103.0,-127.0,False,draftkings,2026-05-02T14:19:15.711007
Wendell Carter Jr,,,be60e6f50fc77fc3a3cf6925472bad91,2026-05-03,19:40,rebounds,7.5,108.0,-142.0,False,draftkings,2026-05-02T14:19:15.711009
Tobias Harris,,,be60e6f50fc77fc3a3cf6925472bad91,2026-05-03,19:40,rebounds,6.5,105.0,-138.0,False,draftkings,2026-05-02T14:19:15.711011
Cade Cunningham,,,be60e6f50fc77fc3a3cf6925472bad91,2026-05-03,19:40,rebounds,5.5,-141.0,107.0,False,draftkings,2026-05-02T14:19:15.711012
Desmond Bane,,,be60e6f50fc77fc3a3cf6925472bad91,2026-05-03,19:40,rebounds,4.5,116.0,-153.0,False,draftkings,2026-05-02T14:19:15.711014
Jalen Suggs,,,be60e6f50fc77fc3a3cf6925472bad91,2026-05-03,19:40,rebounds,3.5,-157.0,119.0,False,draftkings,2026-05-02T14:19:15.711016
Anthony Black,,,be60e6f50fc77fc3a3cf6925472bad91,2026-05-03,19:40,rebounds,3.5,122.0,-161.0,False,draftkings,2026-05-02T14:19:15.711017
Duncan Robinson,,,be60e6f50fc77fc3a3cf6925472bad91,2026-05-03,19:40,rebounds,2.5,-126.0,-105.0,False,draftkings,2026-05-02T14:19:15.711019
Jalen Duren,,,be60e6f50fc77fc3a3cf6925472bad91,2026-05-03,19:40,rebounds,4.5,-3800.0,,True,draftkings,2026-05-02T14:19:15.711072
Jalen Duren,,,be60e6f50fc77fc3a3cf6925472bad91,2026-05-03,19:40,rebounds,5.5,-1280.0,,True,draftkings,2026-05-02T14:19:15.711074
Jalen Duren,,,be60e6f50fc77fc3a3cf6925472bad91,2026-05-03,19:40,rebounds,6.5,-599.0,,True,draftkings,2026-05-02T14:19:15.711075
Jalen Duren,,,be60e6f50fc77fc3a3cf6925472bad91,2026-05-03,19:40,rebounds,7.5,-322.0,,True,draftkings,2026-05-02T14:19:15.711077
Jalen Duren,,,be60e6f50fc77fc3a3cf6925472bad91,2026-05-03,19:40,rebounds,8.5,-190.0,,True,draftkings,2026-05-02T14:19:15.711079
Jalen Duren,,,be60e6f50fc77fc3a3cf6925472bad91,2026-05-03,19:40,rebounds,9.5,-118.0,,True,draftkings,2026-05-02T14:19:15.711080
Jalen Duren,,,be60e6f50fc77fc3a3cf6925472bad91,2026-05-03,19:40,rebounds,10.5,130.0,,True,draftkings,2026-05-02T14:19:15.711082
Jalen Duren,,,be60e6f50fc77fc3a3cf6925472bad91,2026-05-03,19:40,rebounds,11.5,201.0,,True,draftkings,2026-05-02T14:19:15.711084
Jalen Duren,,,be60e6f50fc77fc3a3cf6925472bad91,2026-05-03,19:40,rebounds,12.5,306.0,,True,draftkings,2026-05-02T14:19:15.711085
Jalen Duren,,,be60e6f50fc77fc3a3cf6925472bad91,2026-05-03,19:40,rebounds,13.5,456.0,,True,draftkings,2026-05-02T14:19:15.711087
Jalen Duren,,,be60e6f50fc77fc3a3cf6925472bad91,2026-05-03,19:40,rebounds,14.5,670.0,,True,draftkings,2026-05-02T14:19:15.711089
Jalen Duren,,,be60e6f50fc77fc3a3cf6925472bad91,2026-05-03,19:40,rebounds,15.5,990.0,,True,draftkings,2026-05-02T14:19:15.711091
Jalen Duren,,,be60e6f50fc77fc3a3cf6925472bad91,2026-05-03,19:40,rebounds,16.5,1400.0,,True,draftkings,2026-05-02T14:19:15.711092
Jalen Duren,,,be60e6f50fc77fc3a3cf6925472bad91,2026-05-03,19:40,rebounds,17.5,1920.0,,True,draftkings,2026-05-02T14:19:15.711094
Jalen Duren,,,be60e6f50fc77fc3a3cf6925472bad91,2026-05-03,19:40,rebounds,18.5,2500.0,,True,draftkings,2026-05-02T14:19:15.711096
Ausar Thompson,,,be60e6f50fc77fc3a3cf6925472bad91,2026-05-03,19:40,rebounds,4.5,-1500.0,,True,draftkings,2026-05-02T14:19:15.711097
Ausar Thompson,,,be60e6f50fc77fc3a3cf6925472bad91,2026-05-03,19:40,rebounds,5.5,-640.0,,True,draftkings,2026-05-02T14:19:15.711099
Ausar Thompson,,,be60e6f50fc77fc3a3cf6925472bad91,2026-05-03,19:40,rebounds,6.5,-325.0,,True,draftkings,2026-05-02T14:19:15.711101
Ausar Thompson,,,be60e6f50fc77fc3a3cf6925472bad91,2026-05-03,19:40,rebounds,7.5,-186.0,,True,draftkings,2026-05-02T14:19:15.711103
Ausar Thompson,,,be60e6f50fc77fc3a3cf6925472bad91,2026-05-03,19:40,rebounds,8.5,-112.0,,True,draftkings,2026-05-02T14:19:15.711104
Ausar Thompson,,,be60e6f50fc77fc3a3cf6925472bad91,2026-05-03,19:40,rebounds,9.5,144.0,,True,draftkings,2026-05-02T14:19:15.711106
Ausar Thompson,,,be60e6f50fc77fc3a3cf6925472bad91,2026-05-03,19:40,rebounds,10.5,231.0,,True,draftkings,2026-05-02T14:19:15.711108
Ausar Thompson,,,be60e6f50fc77fc3a3cf6925472bad91,2026-05-03,19:40,rebounds,11.5,362.0,,True,draftkings,2026-05-02T14:19:15.711110
Ausar Thompson,,,be60e6f50fc77fc3a3cf6925472bad91,2026-05-03,19:40,rebounds,12.5,554.0,,True,draftkings,2026-05-02T14:19:15.711111
Ausar Thompson,,,be60e6f50fc77fc3a3cf6925472bad91,2026-05-03,19:40,rebounds,13.5,850.0,,True,draftkings,2026-05-02T14:19:15.711113
Ausar Thompson,,,be60e6f50fc77fc3a3cf6925472bad91,2026-05-03,19:40,rebounds,14.5,1300.0,,True,draftkings,2026-05-02T14:19:15.711115
Ausar Thompson,,,be60e6f50fc77fc3a3cf6925472bad91,2026-05-03,19:40,rebounds,15.5,1880.0,,True,draftkings,2026-05-02T14:19:15.711116
Ausar Thompson,,,be60e6f50fc77fc3a3cf6925472bad91,2026-05-03,19:40,rebounds,16.5,2600.0,,True,draftkings,2026-05-02T14:19:15.711118
Paolo Banchero,,,be60e6f50fc77fc3a3cf6925472bad91,2026-05-03,19:40,rebounds,4.5,-1240.0,,True,draftkings,2026-05-02T14:19:15.711120
Paolo Banchero,,,be60e6f50fc77fc3a3cf6925472bad91,2026-05-03,19:40,rebounds,5.5,-569.0,,True,draftkings,2026-05-02T14:19:15.711121
Paolo Banchero,,,be60e6f50fc77fc3a3cf6925472bad91,2026-05-03,19:40,rebounds,6.5,-304.0,,True,draftkings,2026-05-02T14:19:15.711123
Paolo Banchero,,,be60e6f50fc77fc3a3cf6925472bad91,2026-05-03,19:40,rebounds,7.5,-173.0,,True,draftkings,2026-05-02T14:19:15.711125
Paolo Banchero,,,be60e6f50fc77fc3a3cf6925472bad91,2026-05-03,19:40,rebounds,8.5,-104.0,,True,draftkings,2026-05-02T14:19:15.711127
Paolo Banchero,,,be60e6f50fc77fc3a3cf6925472bad91,2026-05-03,19:40,rebounds,9.5,153.0,,True,draftkings,2026-05-02T14:19:15.711128
Paolo Banchero,,,be60e6f50fc77fc3a3cf6925472bad91,2026-05-03,19:40,rebounds,10.5,240.0,,True,draftkings,2026-05-02T14:19:15.711130
Paolo Banchero,,,be60e6f50fc77fc3a3cf6925472bad91,2026-05-03,19:40,rebounds,11.5,381.0,,True,draftkings,2026-05-02T14:19:15.711132
Paolo Banchero,,,be60e6f50fc77fc3a3cf6925472bad91,2026-05-03,19:40,rebounds,12.5,610.0,,True,draftkings,2026-05-02T14:19:15.711133
Paolo Banchero,,,be60e6f50fc77fc3a3cf6925472bad91,2026-05-03,19:40,rebounds,13.5,940.0,,True,draftkings,2026-05-02T14:19:15.711135
Paolo Banchero,,,be60e6f50fc77fc3a3cf6925472bad91,2026-05-03,19:40,rebounds,14.5,1400.0,,True,draftkings,2026-05-02T14:19:15.711137
Paolo Banchero,,,be60e6f50fc77fc3a3cf6925472bad91,2026-05-03,19:40,rebounds,15.5,2000.0,,True,draftkings,2026-05-02T14:19:15.711138
Paolo Banchero,,,be60e6f50fc77fc3a3cf6925472bad91,2026-05-03,19:40,rebounds,16.5,2700.0,,True,draftkings,2026-05-02T14:19:15.711140
Wendell Carter Jr,,,be60e6f50fc77fc3a3cf6925472bad91,2026-05-03,19:40,rebounds,3.5,-1700.0,,True,draftkings,2026-05-02T14:19:15.711142
Wendell Carter Jr,,,be60e6f50fc77fc3a3cf6925472bad91,2026-05-03,19:40,rebounds,4.5,-640.0,,True,draftkings,2026-05-02T14:19:15.711143
Wendell Carter Jr,,,be60e6f50fc77fc3a3cf6925472bad91,2026-05-03,19:40,rebounds,5.5,-303.0,,True,draftkings,2026-05-02T14:19:15.711145
Wendell Carter Jr,,,be60e6f50fc77fc3a3cf6925472bad91,2026-05-03,19:40,rebounds,6.5,-164.0,,True,draftkings,2026-05-02T14:19:15.711147
Wendell Carter Jr,,,be60e6f50fc77fc3a3cf6925472bad91,2026-05-03,19:40,rebounds,7.5,106.0,,True,draftkings,2026-05-02T14:19:15.711148
Wendell Carter Jr,,,be60e6f50fc77fc3a3cf6925472bad91,2026-05-03,19:40,rebounds,8.5,176.0,,True,draftkings,2026-05-02T14:19:15.711150
Wendell Carter Jr,,,be60e6f50fc77fc3a3cf6925472bad91,2026-05-03,19:40,rebounds,9.5,292.0,,True,draftkings,2026-05-02T14:19:15.711152
Wendell Carter Jr,,,be60e6f50fc77fc3a3cf6925472bad91,2026-05-03,19:40,rebounds,10.5,494.0,,True,draftkings,2026-05-02T14:19:15.711154
Wendell Carter Jr,,,be60e6f50fc77fc3a3cf6925472bad91,2026-05-03,19:40,rebounds,11.5,780.0,,True,draftkings,2026-05-02T14:19:15.711155
Wendell Carter Jr,,,be60e6f50fc77fc3a3cf6925472bad91,2026-05-03,19:40,rebounds,12.5,1200.0,,True,draftkings,2026-05-02T14:19:15.711157
Wendell Carter Jr,,,be60e6f50fc77fc3a3cf6925472bad91,2026-05-03,19:40,rebounds,13.5,1840.0,,True,draftkings,2026-05-02T14:19:15.711160
Wendell Carter Jr,,,be60e6f50fc77fc3a3cf6925472bad91,2026-05-03,19:40,rebounds,14.5,2600.0,,True,draftkings,2026-05-02T14:19:15.711161
Cade Cunningham,,,be60e6f50fc77fc3a3cf6925472bad91,2026-05-03,19:40,rebounds,2.5,-1960.0,,True,draftkings,2026-05-02T14:19:15.711163
Cade Cunningham,,,be60e6f50fc77fc3a3cf6925472bad91,2026-05-03,19:40,rebounds,3.5,-600.0,,True,draftkings,2026-05-02T14:19:15.711165
Cade Cunningham,,,be60e6f50fc77fc3a3cf6925472bad91,2026-05-03,19:40,rebounds,4.5,-274.0,,True,draftkings,2026-05-02T14:19:15.711166
Cade Cunningham,,,be60e6f50fc77fc3a3cf6925472bad91,2026-05-03,19:40,rebounds,5.5,-142.0,,True,draftkings,2026-05-02T14:19:15.711168
Cade Cunningham,,,be60e6f50fc77fc3a3cf6925472bad91,2026-05-03,19:40,rebounds,6.5,128.0,,True,draftkings,2026-05-02T14:19:15.711170
Cade Cunningham,,,be60e6f50fc77fc3a3cf6925472bad91,2026-05-03,19:40,rebounds,7.5,219.0,,True,draftkings,2026-05-02T14:19:15.711171
Cade Cunningham,,,be60e6f50fc77fc3a3cf6925472bad91,2026-05-03,19:40,rebounds,8.5,373.0,,True,draftkings,2026-05-02T14:19:15.711173
Cade Cunningham,,,be60e6f50fc77fc3a3cf6925472bad91,2026-05-03,19:40,rebounds,9.5,620.0,,True,draftkings,2026-05-02T14:19:15.711175
Cade Cunningham,,,be60e6f50fc77fc3a3cf6925472bad91,2026-05-03,19:40,rebounds,10.5,1020.0,,True,draftkings,2026-05-02T14:19:15.711176
Cade Cunningham,,,be60e6f50fc77fc3a3cf6925472bad91,2026-05-03,19:40,rebounds,11.5,1620.0,,True,draftkings,2026-05-02T14:19:15.711178
Cade Cunningham,,,be60e6f50fc77fc3a3cf6925472bad91,2026-05-03,19:40,rebounds,12.5,2400.0,,True,draftkings,2026-05-02T14:19:15.711180
Tobias Harris,,,be60e6f50fc77fc3a3cf6925472bad91,2026-05-03,19:40,rebounds,2.5,-3100.0,,True,draftkings,2026-05-02T14:19:15.711181
Tobias Harris,,,be60e6f50fc77fc3a3cf6925472bad91,2026-05-03,19:40,rebounds,3.5,-820.0,,True,draftkings,2026-05-02T14:19:15.711183
Tobias Harris,,,be60e6f50fc77fc3a3cf6925472bad91,2026-05-03,19:40,rebounds,4.5,-355.0,,True,draftkings,2026-05-02T14:19:15.711185
Tobias Harris,,,be60e6f50fc77fc3a3cf6925472bad91,2026-05-03,19:40,rebounds,5.5,-175.0,,True,draftkings,2026-05-02T14:19:15.711187
Tobias Harris,,,be60e6f50fc77fc3a3cf6925472bad91,2026-05-03,19:40,rebounds,6.5,105.0,,True,draftkings,2026-05-02T14:19:15.711188
Tobias Harris,,,be60e6f50fc77fc3a3cf6925472bad91,2026-05-03,19:40,rebounds,7.5,190.0,,True,draftkings,2026-05-02T14:19:15.711190
Tobias Harris,,,be60e6f50fc77fc3a3cf6925472bad91,2026-05-03,19:40,rebounds,8.5,338.0,,True,draftkings,2026-05-02T14:19:15.711192
Tobias Harris,,,be60e6f50fc77fc3a3cf6925472bad91,2026-05-03,19:40,rebounds,9.5,581.0,,True,draftkings,2026-05-02T14:19:15.711193
Tobias Harris,,,be60e6f50fc77fc3a3cf6925472bad91,2026-05-03,19:40,rebounds,10.5,980.0,,True,draftkings,2026-05-02T14:19:15.711195
Tobias Harris,,,be60e6f50fc77fc3a3cf6925472bad91,2026-05-03,19:40,rebounds,11.5,1620.0,,True,draftkings,2026-05-02T14:19:15.711197
Tobias Harris,,,be60e6f50fc77fc3a3cf6925472bad91,2026-05-03,19:40,rebounds,12.5,2400.0,,True,draftkings,2026-05-02T14:19:15.711199
Desmond Bane,,,be60e6f50fc77fc3a3cf6925472bad91,2026-05-03,19:40,rebounds,2.5,-446.0,,True,draftkings,2026-05-02T14:19:15.711200
Desmond Bane,,,be60e6f50fc77fc3a3cf6925472bad91,2026-05-03,19:40,rebounds,3.5,-182.0,,True,draftkings,2026-05-02T14:19:15.711202
Desmond Bane,,,be60e6f50fc77fc3a3cf6925472bad91,2026-05-03,19:40,rebounds,4.5,117.0,,True,draftkings,2026-05-02T14:19:15.711204
Desmond Bane,,,be60e6f50fc77fc3a3cf6925472bad91,2026-05-03,19:40,rebounds,5.5,235.0,,True,draftkings,2026-05-02T14:19:15.711205
Desmond Bane,,,be60e6f50fc77fc3a3cf6925472bad91,2026-05-03,19:40,rebounds,6.5,452.0,,True,draftkings,2026-05-02T14:19:15.711207
Desmond Bane,,,be60e6f50fc77fc3a3cf6925472bad91,2026-05-03,19:40,rebounds,7.5,860.0,,True,draftkings,2026-05-02T14:19:15.711209
Desmond Bane,,,be60e6f50fc77fc3a3cf6925472bad91,2026-05-03,19:40,rebounds,8.5,1560.0,,True,draftkings,2026-05-02T14:19:15.711210
Desmond Bane,,,be60e6f50fc77fc3a3cf6925472bad91,2026-05-03,19:40,rebounds,9.5,2500.0,,True,draftkings,2026-05-02T14:19:15.711212
Jalen Suggs,,,be60e6f50fc77fc3a3cf6925472bad91,2026-05-03,19:40,rebounds,2.5,-378.0,,True,draftkings,2026-05-02T14:19:15.711213
Jalen Suggs,,,be60e6f50fc77fc3a3cf6925472bad91,2026-05-03,19:40,rebounds,3.5,-157.0,,True,draftkings,2026-05-02T14:19:15.711215
Jalen Suggs,,,be60e6f50fc77fc3a3cf6925472bad91,2026-05-03,19:40,rebounds,4.5,133.0,,True,draftkings,2026-05-02T14:19:15.711217
Jalen Suggs,,,be60e6f50fc77fc3a3cf6925472bad91,2026-05-03,19:40,rebounds,5.5,270.0,,True,draftkings,2026-05-02T14:19:15.711219
Jalen Suggs,,,be60e6f50fc77fc3a3cf6925472bad91,2026-05-03,19:40,rebounds,6.5,523.0,,True,draftkings,2026-05-02T14:19:15.711220
Jalen Suggs,,,be60e6f50fc77fc3a3cf6925472bad91,2026-05-03,19:40,rebounds,7.5,1000.0,,True,draftkings,2026-05-02T14:19:15.711222
Jalen Suggs,,,be60e6f50fc77fc3a3cf6925472bad91,2026-05-03,19:40,rebounds,8.5,1760.0,,True,draftkings,2026-05-02T14:19:15.711224
Jalen Suggs,,,be60e6f50fc77fc3a3cf6925472bad91,2026-05-03,19:40,rebounds,9.5,2800.0,,True,draftkings,2026-05-02T14:19:15.711225
Anthony Black,,,be60e6f50fc77fc3a3cf6925472bad91,2026-05-03,19:40,rebounds,2.5,-198.0,,True,draftkings,2026-05-02T14:19:15.711230
Anthony Black,,,be60e6f50fc77fc3a3cf6925472bad91,2026-05-03,19:40,rebounds,3.5,120.0,,True,draftkings,2026-05-02T14:19:15.711232
Anthony Black,,,be60e6f50fc77fc3a3cf6925472bad91,2026-05-03,19:40,rebounds,4.5,260.0,,True,draftkings,2026-05-02T14:19:15.711233
Anthony Black,,,be60e6f50fc77fc3a3cf6925472bad91,2026-05-03,19:40,rebounds,5.5,538.0,,True,draftkings,2026-05-02T14:19:15.711235
Anthony Black,,,be60e6f50fc77fc3a3cf6925472bad91,2026-05-03,19:40,rebounds,6.5,1060.0,,True,draftkings,2026-05-02T14:19:15.711237
Anthony Black,,,be60e6f50fc77fc3a3cf6925472bad91,2026-05-03,19:40,rebounds,7.5,1900.0,,True,draftkings,2026-05-02T14:19:15.711238
Anthony Black,,,be60e6f50fc77fc3a3cf6925472bad91,2026-05-03,19:40,rebounds,8.5,2900.0,,True,draftkings,2026-05-02T14:19:15.711240
Duncan Robinson,,,be60e6f50fc77fc3a3cf6925472bad91,2026-05-03,19:40,rebounds,2.5,-126.0,,True,draftkings,2026-05-02T14:19:15.711244
Duncan Robinson,,,be60e6f50fc77fc3a3cf6925472bad91,2026-05-03,19:40,rebounds,3.5,190.0,,True,draftkings,2026-05-02T14:19:15.711245
Duncan Robinson,,,be60e6f50fc77fc3a3cf6925472bad91,2026-05-03,19:40,rebounds,4.5,426.0,,True,draftkings,2026-05-02T14:19:15.711247
Duncan Robinson,,,be60e6f50fc77fc3a3cf6925472bad91,2026-05-03,19:40,rebounds,5.5,920.0,,True,draftkings,2026-05-02T14:19:15.711249
Duncan Robinson,,,be60e6f50fc77fc3a3cf6925472bad91,2026-05-03,19:40,rebounds,6.5,1820.0,,True,draftkings,2026-05-02T14:19:15.711251
Desmond Bane,,,be60e6f50fc77fc3a3cf6925472bad91,2026-05-03,19:40,threes,2.5,-102.0,-129.0,False,draftkings,2026-05-02T14:19:15.711264
Duncan Robinson,,,be60e6f50fc77fc3a3cf6925472bad91,2026-05-03,19:40,threes,2.5,101.0,-132.0,False,draftkings,2026-05-02T14:19:15.711266
Cade Cunningham,,,be60e6f50fc77fc3a3cf6925472bad91,2026-05-03,19:40,threes,2.5,122.0,-162.0,False,draftkings,2026-05-02T14:19:15.711268
Jalen Suggs,,,be60e6f50fc77fc3a3cf6925472bad91,2026-05-03,19:40,threes,2.5,129.0,-171.0,False,draftkings,2026-05-02T14:19:15.711270
Paolo Banchero,,,be60e6f50fc77fc3a3cf6925472bad91,2026-05-03,19:40,threes,1.5,112.0,-147.0,False,draftkings,2026-05-02T14:19:15.711271
Tobias Harris,,,be60e6f50fc77fc3a3cf6925472bad91,2026-05-03,19:40,threes,1.5,126.0,-167.0,False,draftkings,2026-05-02T14:19:15.711273
Anthony Black,,,be60e6f50fc77fc3a3cf6925472bad91,2026-05-03,19:40,threes,1.5,158.0,-211.0,False,draftkings,2026-05-02T14:19:15.711275
Wendell Carter Jr,,,be60e6f50fc77fc3a3cf6925472bad91,2026-05-03,19:40,threes,0.5,-173.0,131.0,False,draftkings,2026-05-02T14:19:15.711276
Desmond Bane,,,be60e6f50fc77fc3a3cf6925472bad91,2026-05-03,19:40,threes,0.5,-1620.0,,True,draftkings,2026-05-02T14:19:15.711300
Desmond Bane,,,be60e6f50fc77fc3a3cf6925472bad91,2026-05-03,19:40,threes,1.5,-293.0,,True,draftkings,2026-05-02T14:19:15.711302
Desmond Bane,,,be60e6f50fc77fc3a3cf6925472bad91,2026-05-03,19:40,threes,2.5,-103.0,,True,draftkings,2026-05-02T14:19:15.711303
Desmond Bane,,,be60e6f50fc77fc3a3cf6925472bad91,2026-05-03,19:40,threes,3.5,236.0,,True,draftkings,2026-05-02T14:19:15.711305
Desmond Bane,,,be60e6f50fc77fc3a3cf6925472bad91,2026-05-03,19:40,threes,4.5,530.0,,True,draftkings,2026-05-02T14:19:15.711307
Desmond Bane,,,be60e6f50fc77fc3a3cf6925472bad91,2026-05-03,19:40,threes,5.5,1140.0,,True,draftkings,2026-05-02T14:19:15.711308
Desmond Bane,,,be60e6f50fc77fc3a3cf6925472bad91,2026-05-03,19:40,threes,6.5,2200.0,,True,draftkings,2026-05-02T14:19:15.711310
Duncan Robinson,,,be60e6f50fc77fc3a3cf6925472bad91,2026-05-03,19:40,threes,0.5,-1620.0,,True,draftkings,2026-05-02T14:19:15.711312
Duncan Robinson,,,be60e6f50fc77fc3a3cf6925472bad91,2026-05-03,19:40,threes,1.5,-289.0,,True,draftkings,2026-05-02T14:19:15.711313
Duncan Robinson,,,be60e6f50fc77fc3a3cf6925472bad91,2026-05-03,19:40,threes,2.5,101.0,,True,draftkings,2026-05-02T14:19:15.711315
Duncan Robinson,,,be60e6f50fc77fc3a3cf6925472bad91,2026-05-03,19:40,threes,3.5,251.0,,True,draftkings,2026-05-02T14:19:15.711317
Duncan Robinson,,,be60e6f50fc77fc3a3cf6925472bad91,2026-05-03,19:40,threes,4.5,576.0,,True,draftkings,2026-05-02T14:19:15.711319
Duncan Robinson,,,be60e6f50fc77fc3a3cf6925472bad91,2026-05-03,19:40,threes,5.5,1220.0,,True,draftkings,2026-05-02T14:19:15.711320
Duncan Robinson,,,be60e6f50fc77fc3a3cf6925472bad91,2026-05-03,19:40,threes,6.5,2300.0,,True,draftkings,2026-05-02T14:19:15.711322
Cade Cunningham,,,be60e6f50fc77fc3a3cf6925472bad91,2026-05-03,19:40,threes,0.5,-1060.0,,True,draftkings,2026-05-02T14:19:15.711324
Cade Cunningham,,,be60e6f50fc77fc3a3cf6925472bad91,2026-05-03,19:40,threes,1.5,-227.0,,True,draftkings,2026-05-02T14:19:15.711326
Cade Cunningham,,,be60e6f50fc77fc3a3cf6925472bad91,2026-05-03,19:40,threes,2.5,123.0,,True,draftkings,2026-05-02T14:19:15.711327
Cade Cunningham,,,be60e6f50fc77fc3a3cf6925472bad91,2026-05-03,19:40,threes,3.5,290.0,,True,draftkings,2026-05-02T14:19:15.711329
Cade Cunningham,,,be60e6f50fc77fc3a3cf6925472bad91,2026-05-03,19:40,threes,4.5,650.0,,True,draftkings,2026-05-02T14:19:15.711331
Cade Cunningham,,,be60e6f50fc77fc3a3cf6925472bad91,2026-05-03,19:40,threes,5.5,1360.0,,True,draftkings,2026-05-02T14:19:15.711332
Cade Cunningham,,,be60e6f50fc77fc3a3cf6925472bad91,2026-05-03,19:40,threes,6.5,2500.0,,True,draftkings,2026-05-02T14:19:15.711334
Jalen Suggs,,,be60e6f50fc77fc3a3cf6925472bad91,2026-05-03,19:40,threes,0.5,-1060.0,,True,draftkings,2026-05-02T14:19:15.711336
Jalen Suggs,,,be60e6f50fc77fc3a3cf6925472bad91,2026-05-03,19:40,threes,1.5,-221.0,,True,draftkings,2026-05-02T14:19:15.711337
Jalen Suggs,,,be60e6f50fc77fc3a3cf6925472bad91,2026-05-03,19:40,threes,2.5,129.0,,True,draftkings,2026-05-02T14:19:15.711339
Jalen Suggs,,,be60e6f50fc77fc3a3cf6925472bad91,2026-05-03,19:40,threes,3.5,313.0,,True,draftkings,2026-05-02T14:19:15.711341
Jalen Suggs,,,be60e6f50fc77fc3a3cf6925472bad91,2026-05-03,19:40,threes,4.5,720.0,,True,draftkings,2026-05-02T14:19:15.711342
Jalen Suggs,,,be60e6f50fc77fc3a3cf6925472bad91,2026-05-03,19:40,threes,5.5,1480.0,,True,draftkings,2026-05-02T14:19:15.711344
Jalen Suggs,,,be60e6f50fc77fc3a3cf6925472bad91,2026-05-03,19:40,threes,6.5,2600.0,,True,draftkings,2026-05-02T14:19:15.711346
Paolo Banchero,,,be60e6f50fc77fc3a3cf6925472bad91,2026-05-03,19:40,threes,0.5,-397.0,,True,draftkings,2026-05-02T14:19:15.711347
Paolo Banchero,,,be60e6f50fc77fc3a3cf6925472bad91,2026-05-03,19:40,threes,1.5,110.0,,True,draftkings,2026-05-02T14:19:15.711349
Paolo Banchero,,,be60e6f50fc77fc3a3cf6925472bad91,2026-05-03,19:40,threes,2.5,340.0,,True,draftkings,2026-05-02T14:19:15.711350
Paolo Banchero,,,be60e6f50fc77fc3a3cf6925472bad91,2026-05-03,19:40,threes,3.5,940.0,,True,draftkings,2026-05-02T14:19:15.711352
Paolo Banchero,,,be60e6f50fc77fc3a3cf6925472bad91,2026-05-03,19:40,threes,4.5,2000.0,,True,draftkings,2026-05-02T14:19:15.711354
Tobias Harris,,,be60e6f50fc77fc3a3cf6925472bad91,2026-05-03,19:40,threes,0.5,-359.0,,True,draftkings,2026-05-02T14:19:15.711355
Tobias Harris,,,be60e6f50fc77fc3a3cf6925472bad91,2026-05-03,19:40,threes,1.5,127.0,,True,draftkings,2026-05-02T14:19:15.711359
Tobias Harris,,,be60e6f50fc77fc3a3cf6925472bad91,2026-05-03,19:40,threes,2.5,384.0,,True,draftkings,2026-05-02T14:19:15.711361
Tobias Harris,,,be60e6f50fc77fc3a3cf6925472bad91,2026-05-03,19:40,threes,3.5,1040.0,,True,draftkings,2026-05-02T14:19:15.711362
Tobias Harris,,,be60e6f50fc77fc3a3cf6925472bad91,2026-05-03,19:40,threes,4.5,2300.0,,True,draftkings,2026-05-02T14:19:15.711366
Anthony Black,,,be60e6f50fc77fc3a3cf6925472bad91,2026-05-03,19:40,threes,0.5,-275.0,,True,draftkings,2026-05-02T14:19:15.711367
Anthony Black,,,be60e6f50fc77fc3a3cf6925472bad91,2026-05-03,19:40,threes,1.5,157.0,,True,draftkings,2026-05-02T14:19:15.711369
Anthony Black,,,be60e6f50fc77fc3a3cf6925472bad91,2026-05-03,19:40,threes,2.5,524.0,,True,draftkings,2026-05-02T14:19:15.711371
Anthony Black,,,be60e6f50fc77fc3a3cf6925472bad91,2026-05-03,19:40,threes,3.5,1420.0,,True,draftkings,2026-05-02T14:19:15.711372
Anthony Black,,,be60e6f50fc77fc3a3cf6925472bad91,2026-05-03,19:40,threes,4.5,2900.0,,True,draftkings,2026-05-02T14:19:15.711374
Wendell Carter Jr,,,be60e6f50fc77fc3a3cf6925472bad91,2026-05-03,19:40,threes,0.5,-175.0,,True,draftkings,2026-05-02T14:19:15.711376
Wendell Carter Jr,,,be60e6f50fc77fc3a3cf6925472bad91,2026-05-03,19:40,threes,1.5,264.0,,True,draftkings,2026-05-02T14:19:15.711377
Wendell Carter Jr,,,be60e6f50fc77fc3a3cf6925472bad91,2026-05-03,19:40,threes,2.5,920.0,,True,draftkings,2026-05-02T14:19:15.711379
Wendell Carter Jr,,,be60e6f50fc77fc3a3cf6925472bad91,2026-05-03,19:40,threes,3.5,2400.0,,True,draftkings,2026-05-02T14:19:15.711381
Scottie Barnes,,,a463f640631f8b0580966b909965de14,2026-05-03,23:40,assists,7.5,-125.0,-105.0,False,draftkings,2026-05-02T14:19:15.768614
James Harden,,,a463f640631f8b0580966b909965de14,2026-05-03,23:40,assists,6.5,-108.0,-122.0,False,draftkings,2026-05-02T14:19:15.768621
Jamal Shead,,,a463f640631f8b0580966b909965de14,2026-05-03,23:40,assists,5.5,-126.0,-104.0,False,draftkings,2026-05-02T14:19:15.768623
Donovan Mitchell,,,a463f640631f8b0580966b909965de14,2026-05-03,23:40,assists,3.5,-166.0,125.0,False,draftkings,2026-05-02T14:19:15.768625
R.J. Barrett,,,a463f640631f8b0580966b909965de14,2026-05-03,23:40,assists,3.5,-114.0,-116.0,False,draftkings,2026-05-02T14:19:15.768627
Evan Mobley,,,a463f640631f8b0580966b909965de14,2026-05-03,23:40,assists,2.5,-117.0,-113.0,False,draftkings,2026-05-02T14:19:15.768629
Max Strus,,,a463f640631f8b0580966b909965de14,2026-05-03,23:40,assists,2.5,132.0,-175.0,False,draftkings,2026-05-02T14:19:15.768631
Ja'Kobe Walter,,,a463f640631f8b0580966b909965de14,2026-05-03,23:40,assists,1.5,-137.0,104.0,False,draftkings,2026-05-02T14:19:15.768633
Jakob Poeltl,,,a463f640631f8b0580966b909965de14,2026-05-03,23:40,assists,1.5,-104.0,-126.0,False,draftkings,2026-05-02T14:19:15.768635
Jarrett Allen,,,a463f640631f8b0580966b909965de14,2026-05-03,23:40,assists,1.5,133.0,-176.0,False,draftkings,2026-05-02T14:19:15.768637
Scottie Barnes,,,a463f640631f8b0580966b909965de14,2026-05-03,23:40,assists,3.5,-2700.0,,True,draftkings,2026-05-02T14:19:15.768683
Scottie Barnes,,,a463f640631f8b0580966b909965de14,2026-05-03,23:40,assists,4.5,-880.0,,True,draftkings,2026-05-02T14:19:15.768685
Scottie Barnes,,,a463f640631f8b0580966b909965de14,2026-05-03,23:40,assists,5.5,-419.0,,True,draftkings,2026-05-02T14:19:15.768687
Scottie Barnes,,,a463f640631f8b0580966b909965de14,2026-05-03,23:40,assists,6.5,-222.0,,True,draftkings,2026-05-02T14:19:15.768689
Scottie Barnes,,,a463f640631f8b0580966b909965de14,2026-05-03,23:40,assists,7.5,-126.0,,True,draftkings,2026-05-02T14:19:15.768693
Scottie Barnes,,,a463f640631f8b0580966b909965de14,2026-05-03,23:40,assists,8.5,132.0,,True,draftkings,2026-05-02T14:19:15.768694
Scottie Barnes,,,a463f640631f8b0580966b909965de14,2026-05-03,23:40,assists,9.5,218.0,,True,draftkings,2026-05-02T14:19:15.768696
Scottie Barnes,,,a463f640631f8b0580966b909965de14,2026-05-03,23:40,assists,10.5,357.0,,True,draftkings,2026-05-02T14:19:15.768698
Scottie Barnes,,,a463f640631f8b0580966b909965de14,2026-05-03,23:40,assists,11.5,585.0,,True,draftkings,2026-05-02T14:19:15.768700
Scottie Barnes,,,a463f640631f8b0580966b909965de14,2026-05-03,23:40,assists,12.5,930.0,,True,draftkings,2026-05-02T14:19:15.768702
Scottie Barnes,,,a463f640631f8b0580966b909965de14,2026-05-03,23:40,assists,13.5,1440.0,,True,draftkings,2026-05-02T14:19:15.768704
Scottie Barnes,,,a463f640631f8b0580966b909965de14,2026-05-03,23:40,assists,14.5,2000.0,,True,draftkings,2026-05-02T14:19:15.768705
Scottie Barnes,,,a463f640631f8b0580966b909965de14,2026-05-03,23:40,assists,15.5,2900.0,,True,draftkings,2026-05-02T14:19:15.768707
James Harden,,,a463f640631f8b0580966b909965de14,2026-05-03,23:40,assists,3.5,-1060.0,,True,draftkings,2026-05-02T14:19:15.768709
James Harden,,,a463f640631f8b0580966b909965de14,2026-05-03,23:40,assists,4.5,-430.0,,True,draftkings,2026-05-02T14:19:15.768711
James Harden,,,a463f640631f8b0580966b909965de14,2026-05-03,23:40,assists,5.5,-204.0,,True,draftkings,2026-05-02T14:19:15.768713
James Harden,,,a463f640631f8b0580966b909965de14,2026-05-03,23:40,assists,6.5,-108.0,,True,draftkings,2026-05-02T14:19:15.768715
James Harden,,,a463f640631f8b0580966b909965de14,2026-05-03,23:40,assists,7.5,169.0,,True,draftkings,2026-05-02T14:19:15.768716
James Harden,,,a463f640631f8b0580966b909965de14,2026-05-03,23:40,assists,8.5,298.0,,True,draftkings,2026-05-02T14:19:15.768718
James Harden,,,a463f640631f8b0580966b909965de14,2026-05-03,23:40,assists,9.5,531.0,,True,draftkings,2026-05-02T14:19:15.768720
James Harden,,,a463f640631f8b0580966b909965de14,2026-05-03,23:40,assists,10.5,910.0,,True,draftkings,2026-05-02T14:19:15.768722
James Harden,,,a463f640631f8b0580966b909965de14,2026-05-03,23:40,assists,11.5,1520.0,,True,draftkings,2026-05-02T14:19:15.768724
James Harden,,,a463f640631f8b0580966b909965de14,2026-05-03,23:40,assists,12.5,2400.0,,True,draftkings,2026-05-02T14:19:15.768725
Jamal Shead,,,a463f640631f8b0580966b909965de14,2026-05-03,23:40,assists,2.5,-1820.0,,True,draftkings,2026-05-02T14:19:15.768727
Jamal Shead,,,a463f640631f8b0580966b909965de14,2026-05-03,23:40,assists,3.5,-566.0,,True,draftkings,2026-05-02T14:19:15.768729
Jamal Shead,,,a463f640631f8b0580966b909965de14,2026-05-03,23:40,assists,4.5,-247.0,,True,draftkings,2026-05-02T14:19:15.768731
Jamal Shead,,,a463f640631f8b0580966b909965de14,2026-05-03,23:40,assists,5.5,-125.0,,True,draftkings,2026-05-02T14:19:15.768733
Jamal Shead,,,a463f640631f8b0580966b909965de14,2026-05-03,23:40,assists,6.5,148.0,,True,draftkings,2026-05-02T14:19:15.768734
Jamal Shead,,,a463f640631f8b0580966b909965de14,2026-05-03,23:40,assists,7.5,264.0,,True,draftkings,2026-05-02T14:19:15.768736
Jamal Shead,,,a463f640631f8b0580966b909965de14,2026-05-03,23:40,assists,8.5,462.0,,True,draftkings,2026-05-02T14:19:15.768738
Jamal Shead,,,a463f640631f8b0580966b909965de14,2026-05-03,23:40,assists,9.5,800.0,,True,draftkings,2026-05-02T14:19:15.768740
Jamal Shead,,,a463f640631f8b0580966b909965de14,2026-05-03,23:40,assists,10.5,1300.0,,True,draftkings,2026-05-02T14:19:15.768742
Jamal Shead,,,a463f640631f8b0580966b909965de14,2026-05-03,23:40,assists,11.5,2000.0,,True,draftkings,2026-05-02T14:19:15.768745
Jamal Shead,,,a463f640631f8b0580966b909965de14,2026-05-03,23:40,assists,12.5,2800.0,,True,draftkings,2026-05-02T14:19:15.768747
Donovan Mitchell,,,a463f640631f8b0580966b909965de14,2026-05-03,23:40,assists,2.5,-422.0,,True,draftkings,2026-05-02T14:19:15.768749
Donovan Mitchell,,,a463f640631f8b0580966b909965de14,2026-05-03,23:40,assists,3.5,-167.0,,True,draftkings,2026-05-02T14:19:15.768751
Donovan Mitchell,,,a463f640631f8b0580966b909965de14,2026-05-03,23:40,assists,4.5,130.0,,True,draftkings,2026-05-02T14:19:15.768753
Donovan Mitchell,,,a463f640631f8b0580966b909965de14,2026-05-03,23:40,assists,5.5,262.0,,True,draftkings,2026-05-02T14:19:15.768756
Donovan Mitchell,,,a463f640631f8b0580966b909965de14,2026-05-03,23:40,assists,6.5,520.0,,True,draftkings,2026-05-02T14:19:15.768758
Donovan Mitchell,,,a463f640631f8b0580966b909965de14,2026-05-03,23:40,assists,7.5,1000.0,,True,draftkings,2026-05-02T14:19:15.768760
Donovan Mitchell,,,a463f640631f8b0580966b909965de14,2026-05-03,23:40,assists,8.5,1820.0,,True,draftkings,2026-05-02T14:19:15.768762
Donovan Mitchell,,,a463f640631f8b0580966b909965de14,2026-05-03,23:40,assists,9.5,2900.0,,True,draftkings,2026-05-02T14:19:15.768763
R.J. Barrett,,,a463f640631f8b0580966b909965de14,2026-05-03,23:40,assists,2.5,-268.0,,True,draftkings,2026-05-02T14:19:15.768765
R.J. Barrett,,,a463f640631f8b0580966b909965de14,2026-05-03,23:40,assists,3.5,-113.0,,True,draftkings,2026-05-02T14:19:15.768767
R.J. Barrett,,,a463f640631f8b0580966b909965de14,2026-05-03,23:40,assists,4.5,190.0,,True,draftkings,2026-05-02T14:19:15.768769
R.J. Barrett,,,a463f640631f8b0580966b909965de14,2026-05-03,23:40,assists,5.5,391.0,,True,draftkings,2026-05-02T14:19:15.768771
R.J. Barrett,,,a463f640631f8b0580966b909965de14,2026-05-03,23:40,assists,6.5,750.0,,True,draftkings,2026-05-02T14:19:15.768774
R.J. Barrett,,,a463f640631f8b0580966b909965de14,2026-05-03,23:40,assists,7.5,1420.0,,True,draftkings,2026-05-02T14:19:15.768776
R.J. Barrett,,,a463f640631f8b0580966b909965de14,2026-05-03,23:40,assists,8.5,2400.0,,True,draftkings,2026-05-02T14:19:15.768778
Evan Mobley,,,a463f640631f8b0580966b909965de14,2026-05-03,23:40,assists,2.5,-119.0,,True,draftkings,2026-05-02T14:19:15.768780
Evan Mobley,,,a463f640631f8b0580966b909965de14,2026-05-03,23:40,assists,3.5,207.0,,True,draftkings,2026-05-02T14:19:15.768782
Evan Mobley,,,a463f640631f8b0580966b909965de14,2026-05-03,23:40,assists,4.5,487.0,,True,draftkings,2026-05-02T14:19:15.768783
Evan Mobley,,,a463f640631f8b0580966b909965de14,2026-05-03,23:40,assists,5.5,1020.0,,True,draftkings,2026-05-02T14:19:15.768785
Evan Mobley,,,a463f640631f8b0580966b909965de14,2026-05-03,23:40,assists,6.5,2000.0,,True,draftkings,2026-05-02T14:19:15.768787
Max Strus,,,a463f640631f8b0580966b909965de14,2026-05-03,23:40,assists,2.5,137.0,,True,draftkings,2026-05-02T14:19:15.768789
Max Strus,,,a463f640631f8b0580966b909965de14,2026-05-03,23:40,assists,3.5,357.0,,True,draftkings,2026-05-02T14:19:15.768791
Max Strus,,,a463f640631f8b0580966b909965de14,2026-05-03,23:40,assists,4.5,840.0,,True,draftkings,2026-05-02T14:19:15.768793
Max Strus,,,a463f640631f8b0580966b909965de14,2026-05-03,23:40,assists,5.5,1900.0,,True,draftkings,2026-05-02T14:19:15.768795
Ja'Kobe Walter,,,a463f640631f8b0580966b909965de14,2026-05-03,23:40,assists,1.5,-139.0,,True,draftkings,2026-05-02T14:19:15.768796
Ja'Kobe Walter,,,a463f640631f8b0580966b909965de14,2026-05-03,23:40,assists,2.5,214.0,,True,draftkings,2026-05-02T14:19:15.768798
Ja'Kobe Walter,,,a463f640631f8b0580966b909965de14,2026-05-03,23:40,assists,3.5,558.0,,True,draftkings,2026-05-02T14:19:15.768800
Ja'Kobe Walter,,,a463f640631f8b0580966b909965de14,2026-05-03,23:40,assists,4.5,1320.0,,True,draftkings,2026-05-02T14:19:15.768802
Ja'Kobe Walter,,,a463f640631f8b0580966b909965de14,2026-05-03,23:40,assists,5.5,2600.0,,True,draftkings,2026-05-02T14:19:15.768804
Jakob Poeltl,,,a463f640631f8b0580966b909965de14,2026-05-03,23:40,assists,1.5,-107.0,,True,draftkings,2026-05-02T14:19:15.768805
Jakob Poeltl,,,a463f640631f8b0580966b909965de14,2026-05-03,23:40,assists,2.5,292.0,,True,draftkings,2026-05-02T14:19:15.768807
Jakob Poeltl,,,a463f640631f8b0580966b909965de14,2026-05-03,23:40,assists,3.5,780.0,,True,draftkings,2026-05-02T14:19:15.768809
Jakob Poeltl,,,a463f640631f8b0580966b909965de14,2026-05-03,23:40,assists,4.5,1820.0,,True,draftkings,2026-05-02T14:19:15.768811
Jarrett Allen,,,a463f640631f8b0580966b909965de14,2026-05-03,23:40,assists,1.5,136.0,,True,draftkings,2026-05-02T14:19:15.768813
Jarrett Allen,,,a463f640631f8b0580966b909965de14,2026-05-03,23:40,assists,2.5,441.0,,True,draftkings,2026-05-02T14:19:15.768816
Jarrett Allen,,,a463f640631f8b0580966b909965de14,2026-05-03,23:40,assists,3.5,1280.0,,True,draftkings,2026-05-02T14:19:15.768818
Jarrett Allen,,,a463f640631f8b0580966b909965de14,2026-05-03,23:40,assists,4.5,2700.0,,True,draftkings,2026-05-02T14:19:15.768820
Donovan Mitchell,,,a463f640631f8b0580966b909965de14,2026-05-03,23:40,points,24.5,-119.0,-107.0,False,draftkings,2026-05-02T14:19:15.768841
R.J. Barrett,,,a463f640631f8b0580966b909965de14,2026-05-03,23:40,points,22.5,-124.0,-103.0,False,draftkings,2026-05-02T14:19:15.768843
Scottie Barnes,,,a463f640631f8b0580966b909965de14,2026-05-03,23:40,points,21.5,-111.0,-115.0,False,draftkings,2026-05-02T14:19:15.768845
James Harden,,,a463f640631f8b0580966b909965de14,2026-05-03,23:40,points,19.5,-123.0,-104.0,False,draftkings,2026-05-02T14:19:15.768847
Evan Mobley,,,a463f640631f8b0580966b909965de14,2026-05-03,23:40,points,16.5,-110.0,-116.0,False,draftkings,2026-05-02T14:19:15.768849
Collin Murray-Boyles,,,a463f640631f8b0580966b909965de14,2026-05-03,23:40,points,13.5,-107.0,-119.0,False,draftkings,2026-05-02T14:19:15.768850
Jarrett Allen,,,a463f640631f8b0580966b909965de14,2026-05-03,23:40,points,11.5,-127.0,100.0,False,draftkings,2026-05-02T14:19:15.768852
Ja'Kobe Walter,,,a463f640631f8b0580966b909965de14,2026-05-03,23:40,points,11.5,-122.0,-104.0,False,draftkings,2026-05-02T14:19:15.768854
Max Strus,,,a463f640631f8b0580966b909965de14,2026-05-03,23:40,points,8.5,-125.0,-102.0,False,draftkings,2026-05-02T14:19:15.768856
Jamal Shead,,,a463f640631f8b0580966b909965de14,2026-05-03,23:40,points,8.5,-108.0,-118.0,False,draftkings,2026-05-02T14:19:15.768857
Jakob Poeltl,,,a463f640631f8b0580966b909965de14,2026-05-03,23:40,points,7.5,-104.0,-123.0,False,draftkings,2026-05-02T14:19:15.768859
Dennis Schroder,,,a463f640631f8b0580966b909965de14,2026-05-03,23:40,points,6.5,-117.0,-109.0,False,draftkings,2026-05-02T14:19:15.768878
Sandro Mamukelashvili,,,a463f640631f8b0580966b909965de14,2026-05-03,23:40,points,5.5,-130.0,102.0,False,draftkings,2026-05-02T14:19:15.768880
Sam Merrill,,,a463f640631f8b0580966b909965de14,2026-05-03,23:40,points,5.5,-128.0,100.0,False,draftkings,2026-05-02T14:19:15.768882
Dean Wade,,,a463f640631f8b0580966b909965de14,2026-05-03,23:40,points,3.5,-118.0,-108.0,False,draftkings,2026-05-02T14:19:15.768884
Donovan Mitchell,,,a463f640631f8b0580966b909965de14,2026-05-03,23:40,points,14.5,-1560.0,,True,draftkings,2026-05-02T14:19:15.768951
Donovan Mitchell,,,a463f640631f8b0580966b909965de14,2026-05-03,23:40,points,17.5,-610.0,,True,draftkings,2026-05-02T14:19:15.768953
Donovan Mitchell,,,a463f640631f8b0580966b909965de14,2026-05-03,23:40,points,19.5,-360.0,,True,draftkings,2026-05-02T14:19:15.768957
Donovan Mitchell,,,a463f640631f8b0580966b909965de14,2026-05-03,23:40,points,24.5,-119.0,,True,draftkings,2026-05-02T14:19:15.768959
Donovan Mitchell,,,a463f640631f8b0580966b909965de14,2026-05-03,23:40,points,29.5,224.0,,True,draftkings,2026-05-02T14:19:15.768961
Donovan Mitchell,,,a463f640631f8b0580966b909965de14,2026-05-03,23:40,points,34.5,592.0,,True,draftkings,2026-05-02T14:19:15.768962
Donovan Mitchell,,,a463f640631f8b0580966b909965de14,2026-05-03,23:40,points,39.5,1500.0,,True,draftkings,2026-05-02T14:19:15.768964
Donovan Mitchell,,,a463f640631f8b0580966b909965de14,2026-05-03,23:40,points,44.5,3000.0,,True,draftkings,2026-05-02T14:19:15.768966
R.J. Barrett,,,a463f640631f8b0580966b909965de14,2026-05-03,23:40,points,11.5,-2300.0,,True,draftkings,2026-05-02T14:19:15.768968
R.J. Barrett,,,a463f640631f8b0580966b909965de14,2026-05-03,23:40,points,14.5,-760.0,,True,draftkings,2026-05-02T14:19:15.768970
R.J. Barrett,,,a463f640631f8b0580966b909965de14,2026-05-03,23:40,points,17.5,-353.0,,True,draftkings,2026-05-02T14:19:15.768973
R.J. Barrett,,,a463f640631f8b0580966b909965de14,2026-05-03,23:40,points,19.5,-227.0,,True,draftkings,2026-05-02T14:19:15.768975
R.J. Barrett,,,a463f640631f8b0580966b909965de14,2026-05-03,23:40,points,22.5,-123.0,,True,draftkings,2026-05-02T14:19:15.768977
R.J. Barrett,,,a463f640631f8b0580966b909965de14,2026-05-03,23:40,points,24.5,121.0,,True,draftkings,2026-05-02T14:19:15.768979
R.J. Barrett,,,a463f640631f8b0580966b909965de14,2026-05-03,23:40,points,29.5,303.0,,True,draftkings,2026-05-02T14:19:15.768981
R.J. Barrett,,,a463f640631f8b0580966b909965de14,2026-05-03,23:40,points,34.5,760.0,,True,draftkings,2026-05-02T14:19:15.768982
R.J. Barrett,,,a463f640631f8b0580966b909965de14,2026-05-03,23:40,points,39.5,1780.0,,True,draftkings,2026-05-02T14:19:15.768984
Scottie Barnes,,,a463f640631f8b0580966b909965de14,2026-05-03,23:40,points,11.5,-1560.0,,True,draftkings,2026-05-02T14:19:15.768986
Scottie Barnes,,,a463f640631f8b0580966b909965de14,2026-05-03,23:40,points,14.5,-571.0,,True,draftkings,2026-05-02T14:19:15.768988
Scottie Barnes,,,a463f640631f8b0580966b909965de14,2026-05-03,23:40,points,17.5,-265.0,,True,draftkings,2026-05-02T14:19:15.768990
Scottie Barnes,,,a463f640631f8b0580966b909965de14,2026-05-03,23:40,points,19.5,-170.0,,True,draftkings,2026-05-02T14:19:15.768991
Scottie Barnes,,,a463f640631f8b0580966b909965de14,2026-05-03,23:40,points,21.5,-112.0,,True,draftkings,2026-05-02T14:19:15.768993
Scottie Barnes,,,a463f640631f8b0580966b909965de14,2026-05-03,23:40,points,24.5,163.0,,True,draftkings,2026-05-02T14:19:15.768995
Scottie Barnes,,,a463f640631f8b0580966b909965de14,2026-05-03,23:40,points,29.5,426.0,,True,draftkings,2026-05-02T14:19:15.768997
Scottie Barnes,,,a463f640631f8b0580966b909965de14,2026-05-03,23:40,points,34.5,1060.0,,True,draftkings,2026-05-02T14:19:15.768999
Scottie Barnes,,,a463f640631f8b0580966b909965de14,2026-05-03,23:40,points,39.5,2300.0,,True,draftkings,2026-05-02T14:19:15.769000
James Harden,,,a463f640631f8b0580966b909965de14,2026-05-03,23:40,points,9.5,-2400.0,,True,draftkings,2026-05-02T14:19:15.769002
James Harden,,,a463f640631f8b0580966b909965de14,2026-05-03,23:40,points,11.5,-1020.0,,True,draftkings,2026-05-02T14:19:15.769004
James Harden,,,a463f640631f8b0580966b909965de14,2026-05-03,23:40,points,14.5,-403.0,,True,draftkings,2026-05-02T14:19:15.769006
James Harden,,,a463f640631f8b0580966b909965de14,2026-05-03,23:40,points,17.5,-194.0,,True,draftkings,2026-05-02T14:19:15.769009
James Harden,,,a463f640631f8b0580966b909965de14,2026-05-03,23:40,points,19.5,-123.0,,True,draftkings,2026-05-02T14:19:15.769011
James Harden,,,a463f640631f8b0580966b909965de14,2026-05-03,23:40,points,24.5,227.0,,True,draftkings,2026-05-02T14:19:15.769013
James Harden,,,a463f640631f8b0580966b909965de14,2026-05-03,23:40,points,29.5,620.0,,True,draftkings,2026-05-02T14:19:15.769015
James Harden,,,a463f640631f8b0580966b909965de14,2026-05-03,23:40,points,34.5,1620.0,,True,draftkings,2026-05-02T14:19:15.769017
Evan Mobley,,,a463f640631f8b0580966b909965de14,2026-05-03,23:40,points,7.5,-2900.0,,True,draftkings,2026-05-02T14:19:15.769021
Evan Mobley,,,a463f640631f8b0580966b909965de14,2026-05-03,23:40,points,9.5,-990.0,,True,draftkings,2026-05-02T14:19:15.769022
Evan Mobley,,,a463f640631f8b0580966b909965de14,2026-05-03,23:40,points,11.5,-461.0,,True,draftkings,2026-05-02T14:19:15.769024
Evan Mobley,,,a463f640631f8b0580966b909965de14,2026-05-03,23:40,points,14.5,-186.0,,True,draftkings,2026-05-02T14:19:15.769026
Evan Mobley,,,a463f640631f8b0580966b909965de14,2026-05-03,23:40,points,16.5,-110.0,,True,draftkings,2026-05-02T14:19:15.769028
Evan Mobley,,,a463f640631f8b0580966b909965de14,2026-05-03,23:40,points,17.5,118.0,,True,draftkings,2026-05-02T14:19:15.769030
Evan Mobley,,,a463f640631f8b0580966b909965de14,2026-05-03,23:40,points,19.5,194.0,,True,draftkings,2026-05-02T14:19:15.769031
Evan Mobley,,,a463f640631f8b0580966b909965de14,2026-05-03,23:40,points,24.5,620.0,,True,draftkings,2026-05-02T14:19:15.769033
Evan Mobley,,,a463f640631f8b0580966b909965de14,2026-05-03,23:40,points,29.5,1760.0,,True,draftkings,2026-05-02T14:19:15.769035
Collin Murray-Boyles,,,a463f640631f8b0580966b909965de14,2026-05-03,23:40,points,5.5,-3100.0,,True,draftkings,2026-05-02T14:19:15.769037
Collin Murray-Boyles,,,a463f640631f8b0580966b909965de14,2026-05-03,23:40,points,7.5,-880.0,,True,draftkings,2026-05-02T14:19:15.769039
Collin Murray-Boyles,,,a463f640631f8b0580966b909965de14,2026-05-03,23:40,points,9.5,-381.0,,True,draftkings,2026-05-02T14:19:15.769040
Collin Murray-Boyles,,,a463f640631f8b0580966b909965de14,2026-05-03,23:40,points,11.5,-191.0,,True,draftkings,2026-05-02T14:19:15.769042
Collin Murray-Boyles,,,a463f640631f8b0580966b909965de14,2026-05-03,23:40,points,13.5,-107.0,,True,draftkings,2026-05-02T14:19:15.769044
Collin Murray-Boyles,,,a463f640631f8b0580966b909965de14,2026-05-03,23:40,points,14.5,123.0,,True,draftkings,2026-05-02T14:19:15.769046
Collin Murray-Boyles,,,a463f640631f8b0580966b909965de14,2026-05-03,23:40,points,17.5,272.0,,True,draftkings,2026-05-02T14:19:15.769047
Collin Murray-Boyles,,,a463f640631f8b0580966b909965de14,2026-05-03,23:40,points,19.5,447.0,,True,draftkings,2026-05-02T14:19:15.769049
Collin Murray-Boyles,,,a463f640631f8b0580966b909965de14,2026-05-03,23:40,points,24.5,1420.0,,True,draftkings,2026-05-02T14:19:15.769051
Ja'Kobe Walter,,,a463f640631f8b0580966b909965de14,2026-05-03,23:40,points,5.5,-1040.0,,True,draftkings,2026-05-02T14:19:15.769053
Ja'Kobe Walter,,,a463f640631f8b0580966b909965de14,2026-05-03,23:40,points,7.5,-455.0,,True,draftkings,2026-05-02T14:19:15.769055
Ja'Kobe Walter,,,a463f640631f8b0580966b909965de14,2026-05-03,23:40,points,9.5,-223.0,,True,draftkings,2026-05-02T14:19:15.769057
Ja'Kobe Walter,,,a463f640631f8b0580966b909965de14,2026-05-03,23:40,points,11.5,-123.0,,True,draftkings,2026-05-02T14:19:15.769058
Ja'Kobe Walter,,,a463f640631f8b0580966b909965de14,2026-05-03,23:40,points,14.5,178.0,,True,draftkings,2026-05-02T14:19:15.769060
Ja'Kobe Walter,,,a463f640631f8b0580966b909965de14,2026-05-03,23:40,points,17.5,368.0,,True,draftkings,2026-05-02T14:19:15.769062
Ja'Kobe Walter,,,a463f640631f8b0580966b909965de14,2026-05-03,23:40,points,19.5,590.0,,True,draftkings,2026-05-02T14:19:15.769064
Ja'Kobe Walter,,,a463f640631f8b0580966b909965de14,2026-05-03,23:40,points,24.5,1740.0,,True,draftkings,2026-05-02T14:19:15.769066
Jarrett Allen,,,a463f640631f8b0580966b909965de14,2026-05-03,23:40,points,5.5,-1760.0,,True,draftkings,2026-05-02T14:19:15.769067
Jarrett Allen,,,a463f640631f8b0580966b909965de14,2026-05-03,23:40,points,7.5,-593.0,,True,draftkings,2026-05-02T14:19:15.769071
Jarrett Allen,,,a463f640631f8b0580966b909965de14,2026-05-03,23:40,points,9.5,-256.0,,True,draftkings,2026-05-02T14:19:15.769073
Jarrett Allen,,,a463f640631f8b0580966b909965de14,2026-05-03,23:40,points,11.5,-128.0,,True,draftkings,2026-05-02T14:19:15.769075
Jarrett Allen,,,a463f640631f8b0580966b909965de14,2026-05-03,23:40,points,14.5,201.0,,True,draftkings,2026-05-02T14:19:15.769076
Jarrett Allen,,,a463f640631f8b0580966b909965de14,2026-05-03,23:40,points,17.5,472.0,,True,draftkings,2026-05-02T14:19:15.769080
Jarrett Allen,,,a463f640631f8b0580966b909965de14,2026-05-03,23:40,points,19.5,810.0,,True,draftkings,2026-05-02T14:19:15.769082
Jarrett Allen,,,a463f640631f8b0580966b909965de14,2026-05-03,23:40,points,24.5,2700.0,,True,draftkings,2026-05-02T14:19:15.769084
Max Strus,,,a463f640631f8b0580966b909965de14,2026-05-03,23:40,points,5.5,-365.0,,True,draftkings,2026-05-02T14:19:15.769085
Max Strus,,,a463f640631f8b0580966b909965de14,2026-05-03,23:40,points,7.5,-179.0,,True,draftkings,2026-05-02T14:19:15.769087
Max Strus,,,a463f640631f8b0580966b909965de14,2026-05-03,23:40,points,8.5,-125.0,,True,draftkings,2026-05-02T14:19:15.769089
Max Strus,,,a463f640631f8b0580966b909965de14,2026-05-03,23:40,points,9.5,116.0,,True,draftkings,2026-05-02T14:19:15.769091
Max Strus,,,a463f640631f8b0580966b909965de14,2026-05-03,23:40,points,11.5,193.0,,True,draftkings,2026-05-02T14:19:15.769093
Max Strus,,,a463f640631f8b0580966b909965de14,2026-05-03,23:40,points,14.5,445.0,,True,draftkings,2026-05-02T14:19:15.769094
Max Strus,,,a463f640631f8b0580966b909965de14,2026-05-03,23:40,points,17.5,950.0,,True,draftkings,2026-05-02T14:19:15.769096
Max Strus,,,a463f640631f8b0580966b909965de14,2026-05-03,23:40,points,19.5,1520.0,,True,draftkings,2026-05-02T14:19:15.769098
Jamal Shead,,,a463f640631f8b0580966b909965de14,2026-05-03,23:40,points,5.5,-310.0,,True,draftkings,2026-05-02T14:19:15.769100
Jamal Shead,,,a463f640631f8b0580966b909965de14,2026-05-03,23:40,points,7.5,-149.0,,True,draftkings,2026-05-02T14:19:15.769102
Jamal Shead,,,a463f640631f8b0580966b909965de14,2026-05-03,23:40,points,8.5,-107.0,,True,draftkings,2026-05-02T14:19:15.769103
Jamal Shead,,,a463f640631f8b0580966b909965de14,2026-05-03,23:40,points,9.5,127.0,,True,draftkings,2026-05-02T14:19:15.769105
Jamal Shead,,,a463f640631f8b0580966b909965de14,2026-05-03,23:40,points,11.5,236.0,,True,draftkings,2026-05-02T14:19:15.769107
Jamal Shead,,,a463f640631f8b0580966b909965de14,2026-05-03,23:40,points,14.5,552.0,,True,draftkings,2026-05-02T14:19:15.769109
Jamal Shead,,,a463f640631f8b0580966b909965de14,2026-05-03,23:40,points,17.5,1220.0,,True,draftkings,2026-05-02T14:19:15.769111
Jamal Shead,,,a463f640631f8b0580966b909965de14,2026-05-03,23:40,points,19.5,1860.0,,True,draftkings,2026-05-02T14:19:15.769112
Dennis Schroder,,,a463f640631f8b0580966b909965de14,2026-05-03,23:40,points,5.5,-172.0,,True,draftkings,2026-05-02T14:19:15.769114
Dennis Schroder,,,a463f640631f8b0580966b909965de14,2026-05-03,23:40,points,6.5,-115.0,,True,draftkings,2026-05-02T14:19:15.769116
Dennis Schroder,,,a463f640631f8b0580966b909965de14,2026-05-03,23:40,points,7.5,125.0,,True,draftkings,2026-05-02T14:19:15.769118
Dennis Schroder,,,a463f640631f8b0580966b909965de14,2026-05-03,23:40,points,9.5,245.0,,True,draftkings,2026-05-02T14:19:15.769119
Dennis Schroder,,,a463f640631f8b0580966b909965de14,2026-05-03,23:40,points,11.5,466.0,,True,draftkings,2026-05-02T14:19:15.769121
Dennis Schroder,,,a463f640631f8b0580966b909965de14,2026-05-03,23:40,points,14.5,1100.0,,True,draftkings,2026-05-02T14:19:15.769123
Dennis Schroder,,,a463f640631f8b0580966b909965de14,2026-05-03,23:40,points,17.5,2300.0,,True,draftkings,2026-05-02T14:19:15.769125
Sam Merrill,,,a463f640631f8b0580966b909965de14,2026-05-03,23:40,points,5.5,-126.0,,True,draftkings,2026-05-02T14:19:15.769127
Sam Merrill,,,a463f640631f8b0580966b909965de14,2026-05-03,23:40,points,7.5,160.0,,True,draftkings,2026-05-02T14:19:15.769128
Sam Merrill,,,a463f640631f8b0580966b909965de14,2026-05-03,23:40,points,9.5,330.0,,True,draftkings,2026-05-02T14:19:15.769132
Sam Merrill,,,a463f640631f8b0580966b909965de14,2026-05-03,23:40,points,11.5,546.0,,True,draftkings,2026-05-02T14:19:15.769134
Sam Merrill,,,a463f640631f8b0580966b909965de14,2026-05-03,23:40,points,14.5,1200.0,,True,draftkings,2026-05-02T14:19:15.769136
Sam Merrill,,,a463f640631f8b0580966b909965de14,2026-05-03,23:40,points,17.5,2300.0,,True,draftkings,2026-05-02T14:19:15.769137
Jakob Poeltl,,,a463f640631f8b0580966b909965de14,2026-05-03,23:40,points,5.5,-258.0,,True,draftkings,2026-05-02T14:19:15.769141
Jakob Poeltl,,,a463f640631f8b0580966b909965de14,2026-05-03,23:40,points,7.5,-105.0,,True,draftkings,2026-05-02T14:19:15.769143
Jakob Poeltl,,,a463f640631f8b0580966b909965de14,2026-05-03,23:40,points,9.5,202.0,,True,draftkings,2026-05-02T14:19:15.769145
Jakob Poeltl,,,a463f640631f8b0580966b909965de14,2026-05-03,23:40,points,11.5,418.0,,True,draftkings,2026-05-02T14:19:15.769146
Jakob Poeltl,,,a463f640631f8b0580966b909965de14,2026-05-03,23:40,points,14.5,1240.0,,True,draftkings,2026-05-02T14:19:15.769148
Jakob Poeltl,,,a463f640631f8b0580966b909965de14,2026-05-03,23:40,points,17.5,2600.0,,True,draftkings,2026-05-02T14:19:15.769150
Sandro Mamukelashvili,,,a463f640631f8b0580966b909965de14,2026-05-03,23:40,points,5.5,-132.0,,True,draftkings,2026-05-02T14:19:15.769152
Sandro Mamukelashvili,,,a463f640631f8b0580966b909965de14,2026-05-03,23:40,points,7.5,157.0,,True,draftkings,2026-05-02T14:19:15.769153
Sandro Mamukelashvili,,,a463f640631f8b0580966b909965de14,2026-05-03,23:40,points,9.5,299.0,,True,draftkings,2026-05-02T14:19:15.769156
Sandro Mamukelashvili,,,a463f640631f8b0580966b909965de14,2026-05-03,23:40,points,11.5,564.0,,True,draftkings,2026-05-02T14:19:15.769157
Sandro Mamukelashvili,,,a463f640631f8b0580966b909965de14,2026-05-03,23:40,points,14.5,1360.0,,True,draftkings,2026-05-02T14:19:15.769159
Sandro Mamukelashvili,,,a463f640631f8b0580966b909965de14,2026-05-03,23:40,points,17.5,2600.0,,True,draftkings,2026-05-02T14:19:15.769161
Dean Wade,,,a463f640631f8b0580966b909965de14,2026-05-03,23:40,points,3.5,-120.0,,True,draftkings,2026-05-02T14:19:15.769163
Dean Wade,,,a463f640631f8b0580966b909965de14,2026-05-03,23:40,points,5.5,170.0,,True,draftkings,2026-05-02T14:19:15.769165
Dean Wade,,,a463f640631f8b0580966b909965de14,2026-05-03,23:40,points,7.5,356.0,,True,draftkings,2026-05-02T14:19:15.769166
Dean Wade,,,a463f640631f8b0580966b909965de14,2026-05-03,23:40,points,9.5,760.0,,True,draftkings,2026-05-02T14:19:15.769173
Dean Wade,,,a463f640631f8b0580966b909965de14,2026-05-03,23:40,points,11.5,1440.0,,True,draftkings,2026-05-02T14:19:15.769175
Dean Wade,,,a463f640631f8b0580966b909965de14,2026-05-03,23:40,points,14.5,2900.0,,True,draftkings,2026-05-02T14:19:15.769177
Evan Mobley,,,a463f640631f8b0580966b909965de14,2026-05-03,23:40,rebounds,8.5,-129.0,-102.0,False,draftkings,2026-05-02T14:19:15.769198
Jarrett Allen,,,a463f640631f8b0580966b909965de14,2026-05-03,23:40,rebounds,7.5,-117.0,-112.0,False,draftkings,2026-05-02T14:19:15.769200
Scottie Barnes,,,a463f640631f8b0580966b909965de14,2026-05-03,23:40,rebounds,6.5,-142.0,108.0,False,draftkings,2026-05-02T14:19:15.769201
Collin Murray-Boyles,,,a463f640631f8b0580966b909965de14,2026-05-03,23:40,rebounds,6.5,-125.0,-106.0,False,draftkings,2026-05-02T14:19:15.769203
R.J. Barrett,,,a463f640631f8b0580966b909965de14,2026-05-03,23:40,rebounds,6.5,113.0,-149.0,False,draftkings,2026-05-02T14:19:15.769205
Jakob Poeltl,,,a463f640631f8b0580966b909965de14,2026-05-03,23:40,rebounds,5.5,-107.0,-123.0,False,draftkings,2026-05-02T14:19:15.769207
Max Strus,,,a463f640631f8b0580966b909965de14,2026-05-03,23:40,rebounds,4.5,-107.0,-123.0,False,draftkings,2026-05-02T14:19:15.769209
Donovan Mitchell,,,a463f640631f8b0580966b909965de14,2026-05-03,23:40,rebounds,4.5,111.0,-147.0,False,draftkings,2026-05-02T14:19:15.769210
James Harden,,,a463f640631f8b0580966b909965de14,2026-05-03,23:40,rebounds,4.5,113.0,-149.0,False,draftkings,2026-05-02T14:19:15.769212
Ja'Kobe Walter,,,a463f640631f8b0580966b909965de14,2026-05-03,23:40,rebounds,3.5,-138.0,105.0,False,draftkings,2026-05-02T14:19:15.769214
Sandro Mamukelashvili,,,a463f640631f8b0580966b909965de14,2026-05-03,23:40,rebounds,3.5,110.0,-145.0,False,draftkings,2026-05-02T14:19:15.769216
Jamal Shead,,,a463f640631f8b0580966b909965de14,2026-05-03,23:40,rebounds,2.5,140.0,-185.0,False,draftkings,2026-05-02T14:19:15.769218
Evan Mobley,,,a463f640631f8b0580966b909965de14,2026-05-03,23:40,rebounds,4.5,-2100.0,,True,draftkings,2026-05-02T14:19:15.769277
Evan Mobley,,,a463f640631f8b0580966b909965de14,2026-05-03,23:40,rebounds,5.5,-800.0,,True,draftkings,2026-05-02T14:19:15.769279
Evan Mobley,,,a463f640631f8b0580966b909965de14,2026-05-03,23:40,rebounds,6.5,-399.0,,True,draftkings,2026-05-02T14:19:15.769281
Evan Mobley,,,a463f640631f8b0580966b909965de14,2026-05-03,23:40,rebounds,7.5,-219.0,,True,draftkings,2026-05-02T14:19:15.769283
Evan Mobley,,,a463f640631f8b0580966b909965de14,2026-05-03,23:40,rebounds,8.5,-130.0,,True,draftkings,2026-05-02T14:19:15.769287
Evan Mobley,,,a463f640631f8b0580966b909965de14,2026-05-03,23:40,rebounds,9.5,127.0,,True,draftkings,2026-05-02T14:19:15.769289
Evan Mobley,,,a463f640631f8b0580966b909965de14,2026-05-03,23:40,rebounds,10.5,202.0,,True,draftkings,2026-05-02T14:19:15.769290
Evan Mobley,,,a463f640631f8b0580966b909965de14,2026-05-03,23:40,rebounds,11.5,315.0,,True,draftkings,2026-05-02T14:19:15.769292
Evan Mobley,,,a463f640631f8b0580966b909965de14,2026-05-03,23:40,rebounds,12.5,502.0,,True,draftkings,2026-05-02T14:19:15.769294
Evan Mobley,,,a463f640631f8b0580966b909965de14,2026-05-03,23:40,rebounds,13.5,790.0,,True,draftkings,2026-05-02T14:19:15.769296
Evan Mobley,,,a463f640631f8b0580966b909965de14,2026-05-03,23:40,rebounds,14.5,1220.0,,True,draftkings,2026-05-02T14:19:15.769298
Evan Mobley,,,a463f640631f8b0580966b909965de14,2026-05-03,23:40,rebounds,15.5,1820.0,,True,draftkings,2026-05-02T14:19:15.769300
Evan Mobley,,,a463f640631f8b0580966b909965de14,2026-05-03,23:40,rebounds,16.5,2500.0,,True,draftkings,2026-05-02T14:19:15.769301
Jarrett Allen,,,a463f640631f8b0580966b909965de14,2026-05-03,23:40,rebounds,3.5,-3200.0,,True,draftkings,2026-05-02T14:19:15.769303
Jarrett Allen,,,a463f640631f8b0580966b909965de14,2026-05-03,23:40,rebounds,4.5,-970.0,,True,draftkings,2026-05-02T14:19:15.769305
Jarrett Allen,,,a463f640631f8b0580966b909965de14,2026-05-03,23:40,rebounds,5.5,-418.0,,True,draftkings,2026-05-02T14:19:15.769307
Jarrett Allen,,,a463f640631f8b0580966b909965de14,2026-05-03,23:40,rebounds,6.5,-212.0,,True,draftkings,2026-05-02T14:19:15.769308
Jarrett Allen,,,a463f640631f8b0580966b909965de14,2026-05-03,23:40,rebounds,7.5,-119.0,,True,draftkings,2026-05-02T14:19:15.769310
Jarrett Allen,,,a463f640631f8b0580966b909965de14,2026-05-03,23:40,rebounds,8.5,147.0,,True,draftkings,2026-05-02T14:19:15.769312
Jarrett Allen,,,a463f640631f8b0580966b909965de14,2026-05-03,23:40,rebounds,9.5,250.0,,True,draftkings,2026-05-02T14:19:15.769314
Jarrett Allen,,,a463f640631f8b0580966b909965de14,2026-05-03,23:40,rebounds,10.5,417.0,,True,draftkings,2026-05-02T14:19:15.769316
Jarrett Allen,,,a463f640631f8b0580966b909965de14,2026-05-03,23:40,rebounds,11.5,690.0,,True,draftkings,2026-05-02T14:19:15.769317
Jarrett Allen,,,a463f640631f8b0580966b909965de14,2026-05-03,23:40,rebounds,12.5,1120.0,,True,draftkings,2026-05-02T14:19:15.769319
Jarrett Allen,,,a463f640631f8b0580966b909965de14,2026-05-03,23:40,rebounds,13.5,1720.0,,True,draftkings,2026-05-02T14:19:15.769321
Jarrett Allen,,,a463f640631f8b0580966b909965de14,2026-05-03,23:40,rebounds,14.5,2500.0,,True,draftkings,2026-05-02T14:19:15.769323
Scottie Barnes,,,a463f640631f8b0580966b909965de14,2026-05-03,23:40,rebounds,3.5,-1320.0,,True,draftkings,2026-05-02T14:19:15.769325
Scottie Barnes,,,a463f640631f8b0580966b909965de14,2026-05-03,23:40,rebounds,4.5,-544.0,,True,draftkings,2026-05-02T14:19:15.769326
Scottie Barnes,,,a463f640631f8b0580966b909965de14,2026-05-03,23:40,rebounds,5.5,-267.0,,True,draftkings,2026-05-02T14:19:15.769328
Scottie Barnes,,,a463f640631f8b0580966b909965de14,2026-05-03,23:40,rebounds,6.5,-142.0,,True,draftkings,2026-05-02T14:19:15.769330
Scottie Barnes,,,a463f640631f8b0580966b909965de14,2026-05-03,23:40,rebounds,7.5,122.0,,True,draftkings,2026-05-02T14:19:15.769332
Scottie Barnes,,,a463f640631f8b0580966b909965de14,2026-05-03,23:40,rebounds,8.5,204.0,,True,draftkings,2026-05-02T14:19:15.769334
Scottie Barnes,,,a463f640631f8b0580966b909965de14,2026-05-03,23:40,rebounds,9.5,331.0,,True,draftkings,2026-05-02T14:19:15.769335
Scottie Barnes,,,a463f640631f8b0580966b909965de14,2026-05-03,23:40,rebounds,10.5,549.0,,True,draftkings,2026-05-02T14:19:15.769339
Scottie Barnes,,,a463f640631f8b0580966b909965de14,2026-05-03,23:40,rebounds,11.5,890.0,,True,draftkings,2026-05-02T14:19:15.769341
Scottie Barnes,,,a463f640631f8b0580966b909965de14,2026-05-03,23:40,rebounds,12.5,1400.0,,True,draftkings,2026-05-02T14:19:15.769343
Scottie Barnes,,,a463f640631f8b0580966b909965de14,2026-05-03,23:40,rebounds,13.5,2100.0,,True,draftkings,2026-05-02T14:19:15.769345
Scottie Barnes,,,a463f640631f8b0580966b909965de14,2026-05-03,23:40,rebounds,14.5,2800.0,,True,draftkings,2026-05-02T14:19:15.769349
Collin Murray-Boyles,,,a463f640631f8b0580966b909965de14,2026-05-03,23:40,rebounds,3.5,-1180.0,,True,draftkings,2026-05-02T14:19:15.769352
Collin Murray-Boyles,,,a463f640631f8b0580966b909965de14,2026-05-03,23:40,rebounds,4.5,-480.0,,True,draftkings,2026-05-02T14:19:15.769354
Collin Murray-Boyles,,,a463f640631f8b0580966b909965de14,2026-05-03,23:40,rebounds,5.5,-235.0,,True,draftkings,2026-05-02T14:19:15.769356
Collin Murray-Boyles,,,a463f640631f8b0580966b909965de14,2026-05-03,23:40,rebounds,6.5,-125.0,,True,draftkings,2026-05-02T14:19:15.769358
Collin Murray-Boyles,,,a463f640631f8b0580966b909965de14,2026-05-03,23:40,rebounds,7.5,141.0,,True,draftkings,2026-05-02T14:19:15.769360
Collin Murray-Boyles,,,a463f640631f8b0580966b909965de14,2026-05-03,23:40,rebounds,8.5,241.0,,True,draftkings,2026-05-02T14:19:15.769361
Collin Murray-Boyles,,,a463f640631f8b0580966b909965de14,2026-05-03,23:40,rebounds,9.5,409.0,,True,draftkings,2026-05-02T14:19:15.769363
Collin Murray-Boyles,,,a463f640631f8b0580966b909965de14,2026-05-03,23:40,rebounds,10.5,660.0,,True,draftkings,2026-05-02T14:19:15.769365
Collin Murray-Boyles,,,a463f640631f8b0580966b909965de14,2026-05-03,23:40,rebounds,11.5,1080.0,,True,draftkings,2026-05-02T14:19:15.769366
Collin Murray-Boyles,,,a463f640631f8b0580966b909965de14,2026-05-03,23:40,rebounds,12.5,1680.0,,True,draftkings,2026-05-02T14:19:15.769368
Collin Murray-Boyles,,,a463f640631f8b0580966b909965de14,2026-05-03,23:40,rebounds,13.5,2400.0,,True,draftkings,2026-05-02T14:19:15.769370
R.J. Barrett,,,a463f640631f8b0580966b909965de14,2026-05-03,23:40,rebounds,2.5,-2300.0,,True,draftkings,2026-05-02T14:19:15.769371
R.J. Barrett,,,a463f640631f8b0580966b909965de14,2026-05-03,23:40,rebounds,3.5,-720.0,,True,draftkings,2026-05-02T14:19:15.769373
R.J. Barrett,,,a463f640631f8b0580966b909965de14,2026-05-03,23:40,rebounds,4.5,-317.0,,True,draftkings,2026-05-02T14:19:15.769375
R.J. Barrett,,,a463f640631f8b0580966b909965de14,2026-05-03,23:40,rebounds,5.5,-160.0,,True,draftkings,2026-05-02T14:19:15.769376
R.J. Barrett,,,a463f640631f8b0580966b909965de14,2026-05-03,23:40,rebounds,6.5,115.0,,True,draftkings,2026-05-02T14:19:15.769378
R.J. Barrett,,,a463f640631f8b0580966b909965de14,2026-05-03,23:40,rebounds,7.5,203.0,,True,draftkings,2026-05-02T14:19:15.769380
R.J. Barrett,,,a463f640631f8b0580966b909965de14,2026-05-03,23:40,rebounds,8.5,356.0,,True,draftkings,2026-05-02T14:19:15.769381
R.J. Barrett,,,a463f640631f8b0580966b909965de14,2026-05-03,23:40,rebounds,9.5,610.0,,True,draftkings,2026-05-02T14:19:15.769383
R.J. Barrett,,,a463f640631f8b0580966b909965de14,2026-05-03,23:40,rebounds,10.5,1020.0,,True,draftkings,2026-05-02T14:19:15.769385
R.J. Barrett,,,a463f640631f8b0580966b909965de14,2026-05-03,23:40,rebounds,11.5,1580.0,,True,draftkings,2026-05-02T14:19:15.769386
R.J. Barrett,,,a463f640631f8b0580966b909965de14,2026-05-03,23:40,rebounds,12.5,2400.0,,True,draftkings,2026-05-02T14:19:15.769388
Jakob Poeltl,,,a463f640631f8b0580966b909965de14,2026-05-03,23:40,rebounds,2.5,-1440.0,,True,draftkings,2026-05-02T14:19:15.769390
Jakob Poeltl,,,a463f640631f8b0580966b909965de14,2026-05-03,23:40,rebounds,3.5,-480.0,,True,draftkings,2026-05-02T14:19:15.769391
Jakob Poeltl,,,a463f640631f8b0580966b909965de14,2026-05-03,23:40,rebounds,4.5,-214.0,,True,draftkings,2026-05-02T14:19:15.769393
Jakob Poeltl,,,a463f640631f8b0580966b909965de14,2026-05-03,23:40,rebounds,5.5,-107.0,,True,draftkings,2026-05-02T14:19:15.769395
Jakob Poeltl,,,a463f640631f8b0580966b909965de14,2026-05-03,23:40,rebounds,6.5,174.0,,True,draftkings,2026-05-02T14:19:15.769396
Jakob Poeltl,,,a463f640631f8b0580966b909965de14,2026-05-03,23:40,rebounds,7.5,315.0,,True,draftkings,2026-05-02T14:19:15.769398
Jakob Poeltl,,,a463f640631f8b0580966b909965de14,2026-05-03,23:40,rebounds,8.5,567.0,,True,draftkings,2026-05-02T14:19:15.769400
Jakob Poeltl,,,a463f640631f8b0580966b909965de14,2026-05-03,23:40,rebounds,9.5,980.0,,True,draftkings,2026-05-02T14:19:15.769401
Jakob Poeltl,,,a463f640631f8b0580966b909965de14,2026-05-03,23:40,rebounds,10.5,1660.0,,True,draftkings,2026-05-02T14:19:15.769405
Jakob Poeltl,,,a463f640631f8b0580966b909965de14,2026-05-03,23:40,rebounds,11.5,2500.0,,True,draftkings,2026-05-02T14:19:15.769407
Max Strus,,,a463f640631f8b0580966b909965de14,2026-05-03,23:40,rebounds,2.5,-594.0,,True,draftkings,2026-05-02T14:19:15.769408
Max Strus,,,a463f640631f8b0580966b909965de14,2026-05-03,23:40,rebounds,3.5,-232.0,,True,draftkings,2026-05-02T14:19:15.769410
Max Strus,,,a463f640631f8b0580966b909965de14,2026-05-03,23:40,rebounds,4.5,-107.0,,True,draftkings,2026-05-02T14:19:15.769411
Max Strus,,,a463f640631f8b0580966b909965de14,2026-05-03,23:40,rebounds,5.5,186.0,,True,draftkings,2026-05-02T14:19:15.769413
Max Strus,,,a463f640631f8b0580966b909965de14,2026-05-03,23:40,rebounds,6.5,353.0,,True,draftkings,2026-05-02T14:19:15.769415
Max Strus,,,a463f640631f8b0580966b909965de14,2026-05-03,23:40,rebounds,7.5,660.0,,True,draftkings,2026-05-02T14:19:15.769416
Max Strus,,,a463f640631f8b0580966b909965de14,2026-05-03,23:40,rebounds,8.5,1220.0,,True,draftkings,2026-05-02T14:19:15.769418
Max Strus,,,a463f640631f8b0580966b909965de14,2026-05-03,23:40,rebounds,9.5,2100.0,,True,draftkings,2026-05-02T14:19:15.769420
Donovan Mitchell,,,a463f640631f8b0580966b909965de14,2026-05-03,23:40,rebounds,2.5,-476.0,,True,draftkings,2026-05-02T14:19:15.769421
Donovan Mitchell,,,a463f640631f8b0580966b909965de14,2026-05-03,23:40,rebounds,3.5,-191.0,,True,draftkings,2026-05-02T14:19:15.769423
Donovan Mitchell,,,a463f640631f8b0580966b909965de14,2026-05-03,23:40,rebounds,4.5,113.0,,True,draftkings,2026-05-02T14:19:15.769425
Donovan Mitchell,,,a463f640631f8b0580966b909965de14,2026-05-03,23:40,rebounds,5.5,227.0,,True,draftkings,2026-05-02T14:19:15.769426
Donovan Mitchell,,,a463f640631f8b0580966b909965de14,2026-05-03,23:40,rebounds,6.5,445.0,,True,draftkings,2026-05-02T14:19:15.769428
Donovan Mitchell,,,a463f640631f8b0580966b909965de14,2026-05-03,23:40,rebounds,7.5,860.0,,True,draftkings,2026-05-02T14:19:15.769430
Donovan Mitchell,,,a463f640631f8b0580966b909965de14,2026-05-03,23:40,rebounds,8.5,1520.0,,True,draftkings,2026-05-02T14:19:15.769431
Donovan Mitchell,,,a463f640631f8b0580966b909965de14,2026-05-03,23:40,rebounds,9.5,2400.0,,True,draftkings,2026-05-02T14:19:15.769433
James Harden,,,a463f640631f8b0580966b909965de14,2026-05-03,23:40,rebounds,2.5,-486.0,,True,draftkings,2026-05-02T14:19:15.769435
James Harden,,,a463f640631f8b0580966b909965de14,2026-05-03,23:40,rebounds,3.5,-187.0,,True,draftkings,2026-05-02T14:19:15.769437
James Harden,,,a463f640631f8b0580966b909965de14,2026-05-03,23:40,rebounds,4.5,113.0,,True,draftkings,2026-05-02T14:19:15.769440
James Harden,,,a463f640631f8b0580966b909965de14,2026-05-03,23:40,rebounds,5.5,230.0,,True,draftkings,2026-05-02T14:19:15.769442
James Harden,,,a463f640631f8b0580966b909965de14,2026-05-03,23:40,rebounds,6.5,450.0,,True,draftkings,2026-05-02T14:19:15.769443
James Harden,,,a463f640631f8b0580966b909965de14,2026-05-03,23:40,rebounds,7.5,850.0,,True,draftkings,2026-05-02T14:19:15.769445
James Harden,,,a463f640631f8b0580966b909965de14,2026-05-03,23:40,rebounds,8.5,1540.0,,True,draftkings,2026-05-02T14:19:15.769447
James Harden,,,a463f640631f8b0580966b909965de14,2026-05-03,23:40,rebounds,9.5,2400.0,,True,draftkings,2026-05-02T14:19:15.769448
Ja'Kobe Walter,,,a463f640631f8b0580966b909965de14,2026-05-03,23:40,rebounds,2.5,-339.0,,True,draftkings,2026-05-02T14:19:15.769450
Ja'Kobe Walter,,,a463f640631f8b0580966b909965de14,2026-05-03,23:40,rebounds,3.5,-136.0,,True,draftkings,2026-05-02T14:19:15.769452
Ja'Kobe Walter,,,a463f640631f8b0580966b909965de14,2026-05-03,23:40,rebounds,4.5,160.0,,True,draftkings,2026-05-02T14:19:15.769455
Ja'Kobe Walter,,,a463f640631f8b0580966b909965de14,2026-05-03,23:40,rebounds,5.5,324.0,,True,draftkings,2026-05-02T14:19:15.769457
Ja'Kobe Walter,,,a463f640631f8b0580966b909965de14,2026-05-03,23:40,rebounds,6.5,630.0,,True,draftkings,2026-05-02T14:19:15.769458
Ja'Kobe Walter,,,a463f640631f8b0580966b909965de14,2026-05-03,23:40,rebounds,7.5,1160.0,,True,draftkings,2026-05-02T14:19:15.769460
Ja'Kobe Walter,,,a463f640631f8b0580966b909965de14,2026-05-03,23:40,rebounds,8.5,1920.0,,True,draftkings,2026-05-02T14:19:15.769464
Ja'Kobe Walter,,,a463f640631f8b0580966b909965de14,2026-05-03,23:40,rebounds,9.5,2800.0,,True,draftkings,2026-05-02T14:19:15.769465
Sandro Mamukelashvili,,,a463f640631f8b0580966b909965de14,2026-05-03,23:40,rebounds,2.5,-213.0,,True,draftkings,2026-05-02T14:19:15.769467
Sandro Mamukelashvili,,,a463f640631f8b0580966b909965de14,2026-05-03,23:40,rebounds,3.5,110.0,,True,draftkings,2026-05-02T14:19:15.769469
Sandro Mamukelashvili,,,a463f640631f8b0580966b909965de14,2026-05-03,23:40,rebounds,4.5,230.0,,True,draftkings,2026-05-02T14:19:15.769470
Sandro Mamukelashvili,,,a463f640631f8b0580966b909965de14,2026-05-03,23:40,rebounds,5.5,456.0,,True,draftkings,2026-05-02T14:19:15.769472
Sandro Mamukelashvili,,,a463f640631f8b0580966b909965de14,2026-05-03,23:40,rebounds,6.5,900.0,,True,draftkings,2026-05-02T14:19:15.769474
Sandro Mamukelashvili,,,a463f640631f8b0580966b909965de14,2026-05-03,23:40,rebounds,7.5,1600.0,,True,draftkings,2026-05-02T14:19:15.769475
Sandro Mamukelashvili,,,a463f640631f8b0580966b909965de14,2026-05-03,23:40,rebounds,8.5,2600.0,,True,draftkings,2026-05-02T14:19:15.769477
Jamal Shead,,,a463f640631f8b0580966b909965de14,2026-05-03,23:40,rebounds,2.5,138.0,,True,draftkings,2026-05-02T14:19:15.769478
Jamal Shead,,,a463f640631f8b0580966b909965de14,2026-05-03,23:40,rebounds,3.5,351.0,,True,draftkings,2026-05-02T14:19:15.769480
Jamal Shead,,,a463f640631f8b0580966b909965de14,2026-05-03,23:40,rebounds,4.5,820.0,,True,draftkings,2026-05-02T14:19:15.769482
Jamal Shead,,,a463f640631f8b0580966b909965de14,2026-05-03,23:40,rebounds,5.5,1700.0,,True,draftkings,2026-05-02T14:19:15.769483
Jamal Shead,,,a463f640631f8b0580966b909965de14,2026-05-03,23:40,rebounds,6.5,2900.0,,True,draftkings,2026-05-02T14:19:15.769485
Donovan Mitchell,,,a463f640631f8b0580966b909965de14,2026-05-03,23:40,threes,2.5,-139.0,105.0,False,draftkings,2026-05-02T14:19:15.769499
James Harden,,,a463f640631f8b0580966b909965de14,2026-05-03,23:40,threes,2.5,-133.0,101.0,False,draftkings,2026-05-02T14:19:15.769501
Ja'Kobe Walter,,,a463f640631f8b0580966b909965de14,2026-05-03,23:40,threes,2.5,111.0,-146.0,False,draftkings,2026-05-02T14:19:15.769503
Max Strus,,,a463f640631f8b0580966b909965de14,2026-05-03,23:40,threes,2.5,113.0,-150.0,False,draftkings,2026-05-02T14:19:15.769505
R.J. Barrett,,,a463f640631f8b0580966b909965de14,2026-05-03,23:40,threes,1.5,-118.0,-112.0,False,draftkings,2026-05-02T14:19:15.769506
Jamal Shead,,,a463f640631f8b0580966b909965de14,2026-05-03,23:40,threes,1.5,125.0,-165.0,False,draftkings,2026-05-02T14:19:15.769508
Scottie Barnes,,,a463f640631f8b0580966b909965de14,2026-05-03,23:40,threes,0.5,-215.0,161.0,False,draftkings,2026-05-02T14:19:15.769510
Evan Mobley,,,a463f640631f8b0580966b909965de14,2026-05-03,23:40,threes,0.5,-195.0,146.0,False,draftkings,2026-05-02T14:19:15.769511
Donovan Mitchell,,,a463f640631f8b0580966b909965de14,2026-05-03,23:40,threes,0.5,-2700.0,,True,draftkings,2026-05-02T14:19:15.769536
Donovan Mitchell,,,a463f640631f8b0580966b909965de14,2026-05-03,23:40,threes,1.5,-417.0,,True,draftkings,2026-05-02T14:19:15.769538
Donovan Mitchell,,,a463f640631f8b0580966b909965de14,2026-05-03,23:40,threes,2.5,-142.0,,True,draftkings,2026-05-02T14:19:15.769539
Donovan Mitchell,,,a463f640631f8b0580966b909965de14,2026-05-03,23:40,threes,3.5,169.0,,True,draftkings,2026-05-02T14:19:15.769541
Donovan Mitchell,,,a463f640631f8b0580966b909965de14,2026-05-03,23:40,threes,4.5,386.0,,True,draftkings,2026-05-02T14:19:15.769543
Donovan Mitchell,,,a463f640631f8b0580966b909965de14,2026-05-03,23:40,threes,5.5,830.0,,True,draftkings,2026-05-02T14:19:15.769544
Donovan Mitchell,,,a463f640631f8b0580966b909965de14,2026-05-03,23:40,threes,6.5,1600.0,,True,draftkings,2026-05-02T14:19:15.769546
Donovan Mitchell,,,a463f640631f8b0580966b909965de14,2026-05-03,23:40,threes,7.5,2800.0,,True,draftkings,2026-05-02T14:19:15.769548
James Harden,,,a463f640631f8b0580966b909965de14,2026-05-03,23:40,threes,0.5,-2600.0,,True,draftkings,2026-05-02T14:19:15.769550
James Harden,,,a463f640631f8b0580966b909965de14,2026-05-03,23:40,threes,1.5,-404.0,,True,draftkings,2026-05-02T14:19:15.769551
James Harden,,,a463f640631f8b0580966b909965de14,2026-05-03,23:40,threes,2.5,-134.0,,True,draftkings,2026-05-02T14:19:15.769553
James Harden,,,a463f640631f8b0580966b909965de14,2026-05-03,23:40,threes,3.5,180.0,,True,draftkings,2026-05-02T14:19:15.769555
James Harden,,,a463f640631f8b0580966b909965de14,2026-05-03,23:40,threes,4.5,391.0,,True,draftkings,2026-05-02T14:19:15.769556
James Harden,,,a463f640631f8b0580966b909965de14,2026-05-03,23:40,threes,5.5,810.0,,True,draftkings,2026-05-02T14:19:15.769558
James Harden,,,a463f640631f8b0580966b909965de14,2026-05-03,23:40,threes,6.5,1660.0,,True,draftkings,2026-05-02T14:19:15.769560
James Harden,,,a463f640631f8b0580966b909965de14,2026-05-03,23:40,threes,7.5,2800.0,,True,draftkings,2026-05-02T14:19:15.769561
Ja'Kobe Walter,,,a463f640631f8b0580966b909965de14,2026-05-03,23:40,threes,0.5,-1360.0,,True,draftkings,2026-05-02T14:19:15.769563
Ja'Kobe Walter,,,a463f640631f8b0580966b909965de14,2026-05-03,23:40,threes,1.5,-255.0,,True,draftkings,2026-05-02T14:19:15.769567
Ja'Kobe Walter,,,a463f640631f8b0580966b909965de14,2026-05-03,23:40,threes,2.5,114.0,,True,draftkings,2026-05-02T14:19:15.769569
Ja'Kobe Walter,,,a463f640631f8b0580966b909965de14,2026-05-03,23:40,threes,3.5,285.0,,True,draftkings,2026-05-02T14:19:15.769570
Ja'Kobe Walter,,,a463f640631f8b0580966b909965de14,2026-05-03,23:40,threes,4.5,650.0,,True,draftkings,2026-05-02T14:19:15.769572
Ja'Kobe Walter,,,a463f640631f8b0580966b909965de14,2026-05-03,23:40,threes,5.5,1360.0,,True,draftkings,2026-05-02T14:19:15.769574
Ja'Kobe Walter,,,a463f640631f8b0580966b909965de14,2026-05-03,23:40,threes,6.5,2500.0,,True,draftkings,2026-05-02T14:19:15.769575
Max Strus,,,a463f640631f8b0580966b909965de14,2026-05-03,23:40,threes,0.5,-1320.0,,True,draftkings,2026-05-02T14:19:15.769577
Max Strus,,,a463f640631f8b0580966b909965de14,2026-05-03,23:40,threes,1.5,-256.0,,True,draftkings,2026-05-02T14:19:15.769579
Max Strus,,,a463f640631f8b0580966b909965de14,2026-05-03,23:40,threes,2.5,116.0,,True,draftkings,2026-05-02T14:19:15.769581
Max Strus,,,a463f640631f8b0580966b909965de14,2026-05-03,23:40,threes,3.5,281.0,,True,draftkings,2026-05-02T14:19:15.769582
Max Strus,,,a463f640631f8b0580966b909965de14,2026-05-03,23:40,threes,4.5,660.0,,True,draftkings,2026-05-02T14:19:15.769584
Max Strus,,,a463f640631f8b0580966b909965de14,2026-05-03,23:40,threes,5.5,1460.0,,True,draftkings,2026-05-02T14:19:15.769586
Max Strus,,,a463f640631f8b0580966b909965de14,2026-05-03,23:40,threes,6.5,2700.0,,True,draftkings,2026-05-02T14:19:15.769587
R.J. Barrett,,,a463f640631f8b0580966b909965de14,2026-05-03,23:40,threes,0.5,-538.0,,True,draftkings,2026-05-02T14:19:15.769589
R.J. Barrett,,,a463f640631f8b0580966b909965de14,2026-05-03,23:40,threes,1.5,-119.0,,True,draftkings,2026-05-02T14:19:15.769591
R.J. Barrett,,,a463f640631f8b0580966b909965de14,2026-05-03,23:40,threes,2.5,250.0,,True,draftkings,2026-05-02T14:19:15.769592
R.J. Barrett,,,a463f640631f8b0580966b909965de14,2026-05-03,23:40,threes,3.5,640.0,,True,draftkings,2026-05-02T14:19:15.769594
R.J. Barrett,,,a463f640631f8b0580966b909965de14,2026-05-03,23:40,threes,4.5,1560.0,,True,draftkings,2026-05-02T14:19:15.769596
R.J. Barrett,,,a463f640631f8b0580966b909965de14,2026-05-03,23:40,threes,5.5,2900.0,,True,draftkings,2026-05-02T14:19:15.769597
Jamal Shead,,,a463f640631f8b0580966b909965de14,2026-05-03,23:40,threes,0.5,-349.0,,True,draftkings,2026-05-02T14:19:15.769599
Jamal Shead,,,a463f640631f8b0580966b909965de14,2026-05-03,23:40,threes,1.5,125.0,,True,draftkings,2026-05-02T14:19:15.769601
Jamal Shead,,,a463f640631f8b0580966b909965de14,2026-05-03,23:40,threes,2.5,375.0,,True,draftkings,2026-05-02T14:19:15.769602
Jamal Shead,,,a463f640631f8b0580966b909965de14,2026-05-03,23:40,threes,3.5,1020.0,,True,draftkings,2026-05-02T14:19:15.769604
Jamal Shead,,,a463f640631f8b0580966b909965de14,2026-05-03,23:40,threes,4.5,2200.0,,True,draftkings,2026-05-02T14:19:15.769606
Scottie Barnes,,,a463f640631f8b0580966b909965de14,2026-05-03,23:40,threes,0.5,-218.0,,True,draftkings,2026-05-02T14:19:15.769607
Scottie Barnes,,,a463f640631f8b0580966b909965de14,2026-05-03,23:40,threes,1.5,202.0,,True,draftkings,2026-05-02T14:19:15.769609
Scottie Barnes,,,a463f640631f8b0580966b909965de14,2026-05-03,23:40,threes,2.5,640.0,,True,draftkings,2026-05-02T14:19:15.769613
Scottie Barnes,,,a463f640631f8b0580966b909965de14,2026-05-03,23:40,threes,3.5,1720.0,,True,draftkings,2026-05-02T14:19:15.769614
Evan Mobley,,,a463f640631f8b0580966b909965de14,2026-05-03,23:40,threes,0.5,-200.0,,True,draftkings,2026-05-02T14:19:15.769616
Evan Mobley,,,a463f640631f8b0580966b909965de14,2026-05-03,23:40,threes,1.5,234.0,,True,draftkings,2026-05-02T14:19:15.769618
Evan Mobley,,,a463f640631f8b0580966b909965de14,2026-05-03,23:40,threes,2.5,800.0,,True,draftkings,2026-05-02T14:19:15.769619
Evan Mobley,,,a463f640631f8b0580966b909965de14,2026-05-03,23:40,threes,3.5,2000.0,,True,draftkings,2026-05-02T14:19:15.769621
Stephon Castle,,,219920e3a715ceb3dc69f3638f7571d5,2026-05-05,01:40,assists,7.5,-102.0,-129.0,False,draftkings,2026-05-02T14:19:15.844462
De'Aaron Fox,,,219920e3a715ceb3dc69f3638f7571d5,2026-05-05,01:40,assists,6.5,113.0,-149.0,False,draftkings,2026-05-02T14:19:15.844473
Julius Randle,,,219920e3a715ceb3dc69f3638f7571d5,2026-05-05,01:40,assists,4.5,-107.0,-123.0,False,draftkings,2026-05-02T14:19:15.844475
Ayo Dosunmu,,,219920e3a715ceb3dc69f3638f7571d5,2026-05-05,01:40,assists,4.5,119.0,-157.0,False,draftkings,2026-05-02T14:19:15.844477
Mike Conley,,,219920e3a715ceb3dc69f3638f7571d5,2026-05-05,01:40,assists,3.5,-148.0,112.0,False,draftkings,2026-05-02T14:19:15.844479
Victor Wembanyama,,,219920e3a715ceb3dc69f3638f7571d5,2026-05-05,01:40,assists,2.5,-175.0,132.0,False,draftkings,2026-05-02T14:19:15.844480
Dylan Harper,,,219920e3a715ceb3dc69f3638f7571d5,2026-05-05,01:40,assists,2.5,-136.0,103.0,False,draftkings,2026-05-02T14:19:15.844482
Jaden McDaniels,,,219920e3a715ceb3dc69f3638f7571d5,2026-05-05,01:40,assists,2.5,-127.0,-104.0,False,draftkings,2026-05-02T14:19:15.844484
Devin Vassell,,,219920e3a715ceb3dc69f3638f7571d5,2026-05-05,01:40,assists,2.5,106.0,-140.0,False,draftkings,2026-05-02T14:19:15.844485
Rudy Gobert,,,219920e3a715ceb3dc69f3638f7571d5,2026-05-05,01:40,assists,1.5,-133.0,101.0,False,draftkings,2026-05-02T14:19:15.844490
Julian Champagnie,,,219920e3a715ceb3dc69f3638f7571d5,2026-05-05,01:40,assists,1.5,152.0,-202.0,False,draftkings,2026-05-02T14:19:15.844492
Stephon Castle,,,219920e3a715ceb3dc69f3638f7571d5,2026-05-05,01:40,assists,3.5,-2500.0,,True,draftkings,2026-05-02T14:19:15.844542
Stephon Castle,,,219920e3a715ceb3dc69f3638f7571d5,2026-05-05,01:40,assists,4.5,-840.0,,True,draftkings,2026-05-02T14:19:15.844544
Stephon Castle,,,219920e3a715ceb3dc69f3638f7571d5,2026-05-05,01:40,assists,5.5,-370.0,,True,draftkings,2026-05-02T14:19:15.844546
Stephon Castle,,,219920e3a715ceb3dc69f3638f7571d5,2026-05-05,01:40,assists,6.5,-190.0,,True,draftkings,2026-05-02T14:19:15.844548
Stephon Castle,,,219920e3a715ceb3dc69f3638f7571d5,2026-05-05,01:40,assists,7.5,-104.0,,True,draftkings,2026-05-02T14:19:15.844549
Stephon Castle,,,219920e3a715ceb3dc69f3638f7571d5,2026-05-05,01:40,assists,8.5,166.0,,True,draftkings,2026-05-02T14:19:15.844551
Stephon Castle,,,219920e3a715ceb3dc69f3638f7571d5,2026-05-05,01:40,assists,9.5,289.0,,True,draftkings,2026-05-02T14:19:15.844553
Stephon Castle,,,219920e3a715ceb3dc69f3638f7571d5,2026-05-05,01:40,assists,10.5,497.0,,True,draftkings,2026-05-02T14:19:15.844555
Stephon Castle,,,219920e3a715ceb3dc69f3638f7571d5,2026-05-05,01:40,assists,11.5,860.0,,True,draftkings,2026-05-02T14:19:15.844556
Stephon Castle,,,219920e3a715ceb3dc69f3638f7571d5,2026-05-05,01:40,assists,12.5,1420.0,,True,draftkings,2026-05-02T14:19:15.844558
Stephon Castle,,,219920e3a715ceb3dc69f3638f7571d5,2026-05-05,01:40,assists,13.5,2300.0,,True,draftkings,2026-05-02T14:19:15.844560
De'Aaron Fox,,,219920e3a715ceb3dc69f3638f7571d5,2026-05-05,01:40,assists,2.5,-3200.0,,True,draftkings,2026-05-02T14:19:15.844561
De'Aaron Fox,,,219920e3a715ceb3dc69f3638f7571d5,2026-05-05,01:40,assists,3.5,-830.0,,True,draftkings,2026-05-02T14:19:15.844563
De'Aaron Fox,,,219920e3a715ceb3dc69f3638f7571d5,2026-05-05,01:40,assists,4.5,-341.0,,True,draftkings,2026-05-02T14:19:15.844566
De'Aaron Fox,,,219920e3a715ceb3dc69f3638f7571d5,2026-05-05,01:40,assists,5.5,-166.0,,True,draftkings,2026-05-02T14:19:15.844568
De'Aaron Fox,,,219920e3a715ceb3dc69f3638f7571d5,2026-05-05,01:40,assists,6.5,114.0,,True,draftkings,2026-05-02T14:19:15.844570
De'Aaron Fox,,,219920e3a715ceb3dc69f3638f7571d5,2026-05-05,01:40,assists,7.5,210.0,,True,draftkings,2026-05-02T14:19:15.844571
De'Aaron Fox,,,219920e3a715ceb3dc69f3638f7571d5,2026-05-05,01:40,assists,8.5,384.0,,True,draftkings,2026-05-02T14:19:15.844573
De'Aaron Fox,,,219920e3a715ceb3dc69f3638f7571d5,2026-05-05,01:40,assists,9.5,680.0,,True,draftkings,2026-05-02T14:19:15.844575
De'Aaron Fox,,,219920e3a715ceb3dc69f3638f7571d5,2026-05-05,01:40,assists,10.5,1160.0,,True,draftkings,2026-05-02T14:19:15.844578
De'Aaron Fox,,,219920e3a715ceb3dc69f3638f7571d5,2026-05-05,01:40,assists,11.5,1880.0,,True,draftkings,2026-05-02T14:19:15.844580
De'Aaron Fox,,,219920e3a715ceb3dc69f3638f7571d5,2026-05-05,01:40,assists,12.5,2800.0,,True,draftkings,2026-05-02T14:19:15.844582
Ayo Dosunmu,,,219920e3a715ceb3dc69f3638f7571d5,2026-05-05,01:40,assists,2.5,-356.0,,True,draftkings,2026-05-02T14:19:15.844583
Ayo Dosunmu,,,219920e3a715ceb3dc69f3638f7571d5,2026-05-05,01:40,assists,3.5,-166.0,,True,draftkings,2026-05-02T14:19:15.844585
Ayo Dosunmu,,,219920e3a715ceb3dc69f3638f7571d5,2026-05-05,01:40,assists,4.5,116.0,,True,draftkings,2026-05-02T14:19:15.844587
Ayo Dosunmu,,,219920e3a715ceb3dc69f3638f7571d5,2026-05-05,01:40,assists,5.5,214.0,,True,draftkings,2026-05-02T14:19:15.844588
Ayo Dosunmu,,,219920e3a715ceb3dc69f3638f7571d5,2026-05-05,01:40,assists,6.5,369.0,,True,draftkings,2026-05-02T14:19:15.844590
Ayo Dosunmu,,,219920e3a715ceb3dc69f3638f7571d5,2026-05-05,01:40,assists,7.5,620.0,,True,draftkings,2026-05-02T14:19:15.844592
Ayo Dosunmu,,,219920e3a715ceb3dc69f3638f7571d5,2026-05-05,01:40,assists,8.5,1040.0,,True,draftkings,2026-05-02T14:19:15.844593
Ayo Dosunmu,,,219920e3a715ceb3dc69f3638f7571d5,2026-05-05,01:40,assists,9.5,1680.0,,True,draftkings,2026-05-02T14:19:15.844595
Ayo Dosunmu,,,219920e3a715ceb3dc69f3638f7571d5,2026-05-05,01:40,assists,10.5,2500.0,,True,draftkings,2026-05-02T14:19:15.844597
Julius Randle,,,219920e3a715ceb3dc69f3638f7571d5,2026-05-05,01:40,assists,2.5,-533.0,,True,draftkings,2026-05-02T14:19:15.844598
Julius Randle,,,219920e3a715ceb3dc69f3638f7571d5,2026-05-05,01:40,assists,3.5,-219.0,,True,draftkings,2026-05-02T14:19:15.844600
Julius Randle,,,219920e3a715ceb3dc69f3638f7571d5,2026-05-05,01:40,assists,4.5,-107.0,,True,draftkings,2026-05-02T14:19:15.844601
Julius Randle,,,219920e3a715ceb3dc69f3638f7571d5,2026-05-05,01:40,assists,5.5,179.0,,True,draftkings,2026-05-02T14:19:15.844603
Julius Randle,,,219920e3a715ceb3dc69f3638f7571d5,2026-05-05,01:40,assists,6.5,333.0,,True,draftkings,2026-05-02T14:19:15.844605
Julius Randle,,,219920e3a715ceb3dc69f3638f7571d5,2026-05-05,01:40,assists,7.5,630.0,,True,draftkings,2026-05-02T14:19:15.844607
Julius Randle,,,219920e3a715ceb3dc69f3638f7571d5,2026-05-05,01:40,assists,8.5,1080.0,,True,draftkings,2026-05-02T14:19:15.844608
Julius Randle,,,219920e3a715ceb3dc69f3638f7571d5,2026-05-05,01:40,assists,9.5,1760.0,,True,draftkings,2026-05-02T14:19:15.844610
Julius Randle,,,219920e3a715ceb3dc69f3638f7571d5,2026-05-05,01:40,assists,10.5,2700.0,,True,draftkings,2026-05-02T14:19:15.844611
Mike Conley,,,219920e3a715ceb3dc69f3638f7571d5,2026-05-05,01:40,assists,2.5,-341.0,,True,draftkings,2026-05-02T14:19:15.844613
Mike Conley,,,219920e3a715ceb3dc69f3638f7571d5,2026-05-05,01:40,assists,3.5,-146.0,,True,draftkings,2026-05-02T14:19:15.844615
Mike Conley,,,219920e3a715ceb3dc69f3638f7571d5,2026-05-05,01:40,assists,4.5,139.0,,True,draftkings,2026-05-02T14:19:15.844616
Mike Conley,,,219920e3a715ceb3dc69f3638f7571d5,2026-05-05,01:40,assists,5.5,259.0,,True,draftkings,2026-05-02T14:19:15.844618
Mike Conley,,,219920e3a715ceb3dc69f3638f7571d5,2026-05-05,01:40,assists,6.5,476.0,,True,draftkings,2026-05-02T14:19:15.844620
Mike Conley,,,219920e3a715ceb3dc69f3638f7571d5,2026-05-05,01:40,assists,7.5,860.0,,True,draftkings,2026-05-02T14:19:15.844621
Mike Conley,,,219920e3a715ceb3dc69f3638f7571d5,2026-05-05,01:40,assists,8.5,1460.0,,True,draftkings,2026-05-02T14:19:15.844623
Mike Conley,,,219920e3a715ceb3dc69f3638f7571d5,2026-05-05,01:40,assists,9.5,2200.0,,True,draftkings,2026-05-02T14:19:15.844625
Victor Wembanyama,,,219920e3a715ceb3dc69f3638f7571d5,2026-05-05,01:40,assists,2.5,-175.0,,True,draftkings,2026-05-02T14:19:15.844626
Victor Wembanyama,,,219920e3a715ceb3dc69f3638f7571d5,2026-05-05,01:40,assists,3.5,144.0,,True,draftkings,2026-05-02T14:19:15.844628
Victor Wembanyama,,,219920e3a715ceb3dc69f3638f7571d5,2026-05-05,01:40,assists,4.5,325.0,,True,draftkings,2026-05-02T14:19:15.844630
Victor Wembanyama,,,219920e3a715ceb3dc69f3638f7571d5,2026-05-05,01:40,assists,5.5,690.0,,True,draftkings,2026-05-02T14:19:15.844633
Victor Wembanyama,,,219920e3a715ceb3dc69f3638f7571d5,2026-05-05,01:40,assists,6.5,1400.0,,True,draftkings,2026-05-02T14:19:15.844635
Victor Wembanyama,,,219920e3a715ceb3dc69f3638f7571d5,2026-05-05,01:40,assists,7.5,2400.0,,True,draftkings,2026-05-02T14:19:15.844636
Dylan Harper,,,219920e3a715ceb3dc69f3638f7571d5,2026-05-05,01:40,assists,2.5,-135.0,,True,draftkings,2026-05-02T14:19:15.844638
Dylan Harper,,,219920e3a715ceb3dc69f3638f7571d5,2026-05-05,01:40,assists,3.5,176.0,,True,draftkings,2026-05-02T14:19:15.844640
Dylan Harper,,,219920e3a715ceb3dc69f3638f7571d5,2026-05-05,01:40,assists,4.5,385.0,,True,draftkings,2026-05-02T14:19:15.844641
Dylan Harper,,,219920e3a715ceb3dc69f3638f7571d5,2026-05-05,01:40,assists,5.5,800.0,,True,draftkings,2026-05-02T14:19:15.844643
Dylan Harper,,,219920e3a715ceb3dc69f3638f7571d5,2026-05-05,01:40,assists,6.5,1580.0,,True,draftkings,2026-05-02T14:19:15.844645
Dylan Harper,,,219920e3a715ceb3dc69f3638f7571d5,2026-05-05,01:40,assists,7.5,2700.0,,True,draftkings,2026-05-02T14:19:15.844646
Jaden McDaniels,,,219920e3a715ceb3dc69f3638f7571d5,2026-05-05,01:40,assists,2.5,-127.0,,True,draftkings,2026-05-02T14:19:15.844648
Jaden McDaniels,,,219920e3a715ceb3dc69f3638f7571d5,2026-05-05,01:40,assists,3.5,187.0,,True,draftkings,2026-05-02T14:19:15.844650
Jaden McDaniels,,,219920e3a715ceb3dc69f3638f7571d5,2026-05-05,01:40,assists,4.5,414.0,,True,draftkings,2026-05-02T14:19:15.844651
Jaden McDaniels,,,219920e3a715ceb3dc69f3638f7571d5,2026-05-05,01:40,assists,5.5,850.0,,True,draftkings,2026-05-02T14:19:15.844653
Jaden McDaniels,,,219920e3a715ceb3dc69f3638f7571d5,2026-05-05,01:40,assists,6.5,1680.0,,True,draftkings,2026-05-02T14:19:15.844658
Jaden McDaniels,,,219920e3a715ceb3dc69f3638f7571d5,2026-05-05,01:40,assists,7.5,2800.0,,True,draftkings,2026-05-02T14:19:15.844660
Devin Vassell,,,219920e3a715ceb3dc69f3638f7571d5,2026-05-05,01:40,assists,2.5,105.0,,True,draftkings,2026-05-02T14:19:15.844661
Devin Vassell,,,219920e3a715ceb3dc69f3638f7571d5,2026-05-05,01:40,assists,3.5,264.0,,True,draftkings,2026-05-02T14:19:15.844663
Devin Vassell,,,219920e3a715ceb3dc69f3638f7571d5,2026-05-05,01:40,assists,4.5,620.0,,True,draftkings,2026-05-02T14:19:15.844665
Devin Vassell,,,219920e3a715ceb3dc69f3638f7571d5,2026-05-05,01:40,assists,5.5,1360.0,,True,draftkings,2026-05-02T14:19:15.844666
Devin Vassell,,,219920e3a715ceb3dc69f3638f7571d5,2026-05-05,01:40,assists,6.5,2500.0,,True,draftkings,2026-05-02T14:19:15.844668
Rudy Gobert,,,219920e3a715ceb3dc69f3638f7571d5,2026-05-05,01:40,assists,1.5,-133.0,,True,draftkings,2026-05-02T14:19:15.844670
Rudy Gobert,,,219920e3a715ceb3dc69f3638f7571d5,2026-05-05,01:40,assists,2.5,206.0,,True,draftkings,2026-05-02T14:19:15.844671
Rudy Gobert,,,219920e3a715ceb3dc69f3638f7571d5,2026-05-05,01:40,assists,3.5,477.0,,True,draftkings,2026-05-02T14:19:15.844673
Rudy Gobert,,,219920e3a715ceb3dc69f3638f7571d5,2026-05-05,01:40,assists,4.5,1040.0,,True,draftkings,2026-05-02T14:19:15.844675
Rudy Gobert,,,219920e3a715ceb3dc69f3638f7571d5,2026-05-05,01:40,assists,5.5,1980.0,,True,draftkings,2026-05-02T14:19:15.844676
Naz Reid,,,219920e3a715ceb3dc69f3638f7571d5,2026-05-05,01:40,assists,1.5,-105.0,,True,draftkings,2026-05-02T14:19:15.844678
Naz Reid,,,219920e3a715ceb3dc69f3638f7571d5,2026-05-05,01:40,assists,2.5,285.0,,True,draftkings,2026-05-02T14:19:15.844680
Naz Reid,,,219920e3a715ceb3dc69f3638f7571d5,2026-05-05,01:40,assists,3.5,720.0,,True,draftkings,2026-05-02T14:19:15.844681
Naz Reid,,,219920e3a715ceb3dc69f3638f7571d5,2026-05-05,01:40,assists,4.5,1660.0,,True,draftkings,2026-05-02T14:19:15.844683
Julian Champagnie,,,219920e3a715ceb3dc69f3638f7571d5,2026-05-05,01:40,assists,1.5,151.0,,True,draftkings,2026-05-02T14:19:15.844684
Julian Champagnie,,,219920e3a715ceb3dc69f3638f7571d5,2026-05-05,01:40,assists,2.5,480.0,,True,draftkings,2026-05-02T14:19:15.844686
Julian Champagnie,,,219920e3a715ceb3dc69f3638f7571d5,2026-05-05,01:40,assists,3.5,1340.0,,True,draftkings,2026-05-02T14:19:15.844688
Julian Champagnie,,,219920e3a715ceb3dc69f3638f7571d5,2026-05-05,01:40,assists,4.5,2800.0,,True,draftkings,2026-05-02T14:19:15.844691
Victor Wembanyama,,,219920e3a715ceb3dc69f3638f7571d5,2026-05-05,01:40,points,27.5,-117.0,-109.0,False,draftkings,2026-05-02T14:19:15.844710
Julius Randle,,,219920e3a715ceb3dc69f3638f7571d5,2026-05-05,01:40,points,21.5,-108.0,-118.0,False,draftkings,2026-05-02T14:19:15.844712
Jaden McDaniels,,,219920e3a715ceb3dc69f3638f7571d5,2026-05-05,01:40,points,17.5,-121.0,-105.0,False,draftkings,2026-05-02T14:19:15.844713
Stephon Castle,,,219920e3a715ceb3dc69f3638f7571d5,2026-05-05,01:40,points,17.5,-116.0,-109.0,False,draftkings,2026-05-02T14:19:15.844715
De'Aaron Fox,,,219920e3a715ceb3dc69f3638f7571d5,2026-05-05,01:40,points,17.5,-113.0,-113.0,False,draftkings,2026-05-02T14:19:15.844717
Ayo Dosunmu,,,219920e3a715ceb3dc69f3638f7571d5,2026-05-05,01:40,points,17.5,-105.0,-121.0,False,draftkings,2026-05-02T14:19:15.844718
Devin Vassell,,,219920e3a715ceb3dc69f3638f7571d5,2026-05-05,01:40,points,12.5,-107.0,-120.0,False,draftkings,2026-05-02T14:19:15.844720
Naz Reid,,,219920e3a715ceb3dc69f3638f7571d5,2026-05-05,01:40,points,11.5,-119.0,-107.0,False,draftkings,2026-05-02T14:19:15.844722
Dylan Harper,,,219920e3a715ceb3dc69f3638f7571d5,2026-05-05,01:40,points,9.5,-111.0,-115.0,False,draftkings,2026-05-02T14:19:15.844723
Keldon Johnson,,,219920e3a715ceb3dc69f3638f7571d5,2026-05-05,01:40,points,8.5,-116.0,-110.0,False,draftkings,2026-05-02T14:19:15.844725
Rudy Gobert,,,219920e3a715ceb3dc69f3638f7571d5,2026-05-05,01:40,points,8.5,-114.0,-112.0,False,draftkings,2026-05-02T14:19:15.844727
Julian Champagnie,,,219920e3a715ceb3dc69f3638f7571d5,2026-05-05,01:40,points,8.5,-110.0,-116.0,False,draftkings,2026-05-02T14:19:15.844728
Mike Conley,,,219920e3a715ceb3dc69f3638f7571d5,2026-05-05,01:40,points,5.5,-111.0,-115.0,False,draftkings,2026-05-02T14:19:15.844730
Victor Wembanyama,,,219920e3a715ceb3dc69f3638f7571d5,2026-05-05,01:40,points,17.5,-1380.0,,True,draftkings,2026-05-02T14:19:15.844783
Victor Wembanyama,,,219920e3a715ceb3dc69f3638f7571d5,2026-05-05,01:40,points,19.5,-730.0,,True,draftkings,2026-05-02T14:19:15.844786
Victor Wembanyama,,,219920e3a715ceb3dc69f3638f7571d5,2026-05-05,01:40,points,24.5,-214.0,,True,draftkings,2026-05-02T14:19:15.844787
Victor Wembanyama,,,219920e3a715ceb3dc69f3638f7571d5,2026-05-05,01:40,points,27.5,-114.0,,True,draftkings,2026-05-02T14:19:15.844789
Victor Wembanyama,,,219920e3a715ceb3dc69f3638f7571d5,2026-05-05,01:40,points,29.5,128.0,,True,draftkings,2026-05-02T14:19:15.844791
Victor Wembanyama,,,219920e3a715ceb3dc69f3638f7571d5,2026-05-05,01:40,points,34.5,327.0,,True,draftkings,2026-05-02T14:19:15.844792
Victor Wembanyama,,,219920e3a715ceb3dc69f3638f7571d5,2026-05-05,01:40,points,39.5,830.0,,True,draftkings,2026-05-02T14:19:15.844794
Victor Wembanyama,,,219920e3a715ceb3dc69f3638f7571d5,2026-05-05,01:40,points,44.5,1880.0,,True,draftkings,2026-05-02T14:19:15.844796
Julius Randle,,,219920e3a715ceb3dc69f3638f7571d5,2026-05-05,01:40,points,9.5,-3800.0,,True,draftkings,2026-05-02T14:19:15.844797
Julius Randle,,,219920e3a715ceb3dc69f3638f7571d5,2026-05-05,01:40,points,11.5,-1480.0,,True,draftkings,2026-05-02T14:19:15.844801
Julius Randle,,,219920e3a715ceb3dc69f3638f7571d5,2026-05-05,01:40,points,14.5,-544.0,,True,draftkings,2026-05-02T14:19:15.844803
Julius Randle,,,219920e3a715ceb3dc69f3638f7571d5,2026-05-05,01:40,points,17.5,-254.0,,True,draftkings,2026-05-02T14:19:15.844804
Julius Randle,,,219920e3a715ceb3dc69f3638f7571d5,2026-05-05,01:40,points,19.5,-162.0,,True,draftkings,2026-05-02T14:19:15.844806
Julius Randle,,,219920e3a715ceb3dc69f3638f7571d5,2026-05-05,01:40,points,21.5,-108.0,,True,draftkings,2026-05-02T14:19:15.844808
Julius Randle,,,219920e3a715ceb3dc69f3638f7571d5,2026-05-05,01:40,points,24.5,166.0,,True,draftkings,2026-05-02T14:19:15.844809
Julius Randle,,,219920e3a715ceb3dc69f3638f7571d5,2026-05-05,01:40,points,29.5,409.0,,True,draftkings,2026-05-02T14:19:15.844811
Julius Randle,,,219920e3a715ceb3dc69f3638f7571d5,2026-05-05,01:40,points,34.5,1020.0,,True,draftkings,2026-05-02T14:19:15.844813
Julius Randle,,,219920e3a715ceb3dc69f3638f7571d5,2026-05-05,01:40,points,39.5,2100.0,,True,draftkings,2026-05-02T14:19:15.844814
Jaden McDaniels,,,219920e3a715ceb3dc69f3638f7571d5,2026-05-05,01:40,points,7.5,-3700.0,,True,draftkings,2026-05-02T14:19:15.844818
Jaden McDaniels,,,219920e3a715ceb3dc69f3638f7571d5,2026-05-05,01:40,points,9.5,-1220.0,,True,draftkings,2026-05-02T14:19:15.844819
Jaden McDaniels,,,219920e3a715ceb3dc69f3638f7571d5,2026-05-05,01:40,points,11.5,-587.0,,True,draftkings,2026-05-02T14:19:15.844821
Jaden McDaniels,,,219920e3a715ceb3dc69f3638f7571d5,2026-05-05,01:40,points,14.5,-252.0,,True,draftkings,2026-05-02T14:19:15.844823
Jaden McDaniels,,,219920e3a715ceb3dc69f3638f7571d5,2026-05-05,01:40,points,17.5,-124.0,,True,draftkings,2026-05-02T14:19:15.844825
Jaden McDaniels,,,219920e3a715ceb3dc69f3638f7571d5,2026-05-05,01:40,points,19.5,125.0,,True,draftkings,2026-05-02T14:19:15.844826
Jaden McDaniels,,,219920e3a715ceb3dc69f3638f7571d5,2026-05-05,01:40,points,24.5,335.0,,True,draftkings,2026-05-02T14:19:15.844828
Jaden McDaniels,,,219920e3a715ceb3dc69f3638f7571d5,2026-05-05,01:40,points,29.5,880.0,,True,draftkings,2026-05-02T14:19:15.844830
Jaden McDaniels,,,219920e3a715ceb3dc69f3638f7571d5,2026-05-05,01:40,points,34.5,2000.0,,True,draftkings,2026-05-02T14:19:15.844831
Ayo Dosunmu,,,219920e3a715ceb3dc69f3638f7571d5,2026-05-05,01:40,points,7.5,-2400.0,,True,draftkings,2026-05-02T14:19:15.844835
Ayo Dosunmu,,,219920e3a715ceb3dc69f3638f7571d5,2026-05-05,01:40,points,9.5,-930.0,,True,draftkings,2026-05-02T14:19:15.844836
Ayo Dosunmu,,,219920e3a715ceb3dc69f3638f7571d5,2026-05-05,01:40,points,11.5,-471.0,,True,draftkings,2026-05-02T14:19:15.844838
Ayo Dosunmu,,,219920e3a715ceb3dc69f3638f7571d5,2026-05-05,01:40,points,14.5,-207.0,,True,draftkings,2026-05-02T14:19:15.844840
Ayo Dosunmu,,,219920e3a715ceb3dc69f3638f7571d5,2026-05-05,01:40,points,17.5,-105.0,,True,draftkings,2026-05-02T14:19:15.844841
Ayo Dosunmu,,,219920e3a715ceb3dc69f3638f7571d5,2026-05-05,01:40,points,19.5,145.0,,True,draftkings,2026-05-02T14:19:15.844843
Ayo Dosunmu,,,219920e3a715ceb3dc69f3638f7571d5,2026-05-05,01:40,points,24.5,400.0,,True,draftkings,2026-05-02T14:19:15.844845
Ayo Dosunmu,,,219920e3a715ceb3dc69f3638f7571d5,2026-05-05,01:40,points,29.5,1080.0,,True,draftkings,2026-05-02T14:19:15.844846
Ayo Dosunmu,,,219920e3a715ceb3dc69f3638f7571d5,2026-05-05,01:40,points,34.5,2400.0,,True,draftkings,2026-05-02T14:19:15.844848
De'Aaron Fox,,,219920e3a715ceb3dc69f3638f7571d5,2026-05-05,01:40,points,9.5,-1340.0,,True,draftkings,2026-05-02T14:19:15.844850
De'Aaron Fox,,,219920e3a715ceb3dc69f3638f7571d5,2026-05-05,01:40,points,11.5,-600.0,,True,draftkings,2026-05-02T14:19:15.844851
De'Aaron Fox,,,219920e3a715ceb3dc69f3638f7571d5,2026-05-05,01:40,points,14.5,-245.0,,True,draftkings,2026-05-02T14:19:15.844853
De'Aaron Fox,,,219920e3a715ceb3dc69f3638f7571d5,2026-05-05,01:40,points,17.5,-115.0,,True,draftkings,2026-05-02T14:19:15.844855
De'Aaron Fox,,,219920e3a715ceb3dc69f3638f7571d5,2026-05-05,01:40,points,19.5,137.0,,True,draftkings,2026-05-02T14:19:15.844856
De'Aaron Fox,,,219920e3a715ceb3dc69f3638f7571d5,2026-05-05,01:40,points,24.5,418.0,,True,draftkings,2026-05-02T14:19:15.844858
De'Aaron Fox,,,219920e3a715ceb3dc69f3638f7571d5,2026-05-05,01:40,points,29.5,1160.0,,True,draftkings,2026-05-02T14:19:15.844880
De'Aaron Fox,,,219920e3a715ceb3dc69f3638f7571d5,2026-05-05,01:40,points,34.5,2700.0,,True,draftkings,2026-05-02T14:19:15.844882
Stephon Castle,,,219920e3a715ceb3dc69f3638f7571d5,2026-05-05,01:40,points,9.5,-1300.0,,True,draftkings,2026-05-02T14:19:15.844884
Stephon Castle,,,219920e3a715ceb3dc69f3638f7571d5,2026-05-05,01:40,points,11.5,-610.0,,True,draftkings,2026-05-02T14:19:15.844886
Stephon Castle,,,219920e3a715ceb3dc69f3638f7571d5,2026-05-05,01:40,points,14.5,-246.0,,True,draftkings,2026-05-02T14:19:15.844887
Stephon Castle,,,219920e3a715ceb3dc69f3638f7571d5,2026-05-05,01:40,points,17.5,-114.0,,True,draftkings,2026-05-02T14:19:15.844889
Stephon Castle,,,219920e3a715ceb3dc69f3638f7571d5,2026-05-05,01:40,points,19.5,142.0,,True,draftkings,2026-05-02T14:19:15.844891
Stephon Castle,,,219920e3a715ceb3dc69f3638f7571d5,2026-05-05,01:40,points,24.5,445.0,,True,draftkings,2026-05-02T14:19:15.844892
Stephon Castle,,,219920e3a715ceb3dc69f3638f7571d5,2026-05-05,01:40,points,29.5,1300.0,,True,draftkings,2026-05-02T14:19:15.844894
Stephon Castle,,,219920e3a715ceb3dc69f3638f7571d5,2026-05-05,01:40,points,34.5,3000.0,,True,draftkings,2026-05-02T14:19:15.844896
Devin Vassell,,,219920e3a715ceb3dc69f3638f7571d5,2026-05-05,01:40,points,5.5,-1360.0,,True,draftkings,2026-05-02T14:19:15.844897
Devin Vassell,,,219920e3a715ceb3dc69f3638f7571d5,2026-05-05,01:40,points,7.5,-549.0,,True,draftkings,2026-05-02T14:19:15.844899
Devin Vassell,,,219920e3a715ceb3dc69f3638f7571d5,2026-05-05,01:40,points,9.5,-267.0,,True,draftkings,2026-05-02T14:19:15.844901
Devin Vassell,,,219920e3a715ceb3dc69f3638f7571d5,2026-05-05,01:40,points,11.5,-145.0,,True,draftkings,2026-05-02T14:19:15.844902
Devin Vassell,,,219920e3a715ceb3dc69f3638f7571d5,2026-05-05,01:40,points,12.5,-109.0,,True,draftkings,2026-05-02T14:19:15.844904
Devin Vassell,,,219920e3a715ceb3dc69f3638f7571d5,2026-05-05,01:40,points,14.5,158.0,,True,draftkings,2026-05-02T14:19:15.844906
Devin Vassell,,,219920e3a715ceb3dc69f3638f7571d5,2026-05-05,01:40,points,17.5,336.0,,True,draftkings,2026-05-02T14:19:15.844907
Devin Vassell,,,219920e3a715ceb3dc69f3638f7571d5,2026-05-05,01:40,points,19.5,547.0,,True,draftkings,2026-05-02T14:19:15.844911
Devin Vassell,,,219920e3a715ceb3dc69f3638f7571d5,2026-05-05,01:40,points,24.5,1700.0,,True,draftkings,2026-05-02T14:19:15.844913
Naz Reid,,,219920e3a715ceb3dc69f3638f7571d5,2026-05-05,01:40,points,5.5,-970.0,,True,draftkings,2026-05-02T14:19:15.844915
Naz Reid,,,219920e3a715ceb3dc69f3638f7571d5,2026-05-05,01:40,points,7.5,-415.0,,True,draftkings,2026-05-02T14:19:15.844916
Naz Reid,,,219920e3a715ceb3dc69f3638f7571d5,2026-05-05,01:40,points,9.5,-214.0,,True,draftkings,2026-05-02T14:19:15.844918
Naz Reid,,,219920e3a715ceb3dc69f3638f7571d5,2026-05-05,01:40,points,11.5,-120.0,,True,draftkings,2026-05-02T14:19:15.844920
Naz Reid,,,219920e3a715ceb3dc69f3638f7571d5,2026-05-05,01:40,points,14.5,178.0,,True,draftkings,2026-05-02T14:19:15.844922
Naz Reid,,,219920e3a715ceb3dc69f3638f7571d5,2026-05-05,01:40,points,17.5,366.0,,True,draftkings,2026-05-02T14:19:15.844924
Naz Reid,,,219920e3a715ceb3dc69f3638f7571d5,2026-05-05,01:40,points,19.5,581.0,,True,draftkings,2026-05-02T14:19:15.844925
Naz Reid,,,219920e3a715ceb3dc69f3638f7571d5,2026-05-05,01:40,points,24.5,1740.0,,True,draftkings,2026-05-02T14:19:15.844927
Dylan Harper,,,219920e3a715ceb3dc69f3638f7571d5,2026-05-05,01:40,points,5.5,-479.0,,True,draftkings,2026-05-02T14:19:15.844929
Dylan Harper,,,219920e3a715ceb3dc69f3638f7571d5,2026-05-05,01:40,points,7.5,-214.0,,True,draftkings,2026-05-02T14:19:15.844932
Dylan Harper,,,219920e3a715ceb3dc69f3638f7571d5,2026-05-05,01:40,points,9.5,-109.0,,True,draftkings,2026-05-02T14:19:15.844934
Dylan Harper,,,219920e3a715ceb3dc69f3638f7571d5,2026-05-05,01:40,points,11.5,165.0,,True,draftkings,2026-05-02T14:19:15.844936
Dylan Harper,,,219920e3a715ceb3dc69f3638f7571d5,2026-05-05,01:40,points,14.5,393.0,,True,draftkings,2026-05-02T14:19:15.844939
Dylan Harper,,,219920e3a715ceb3dc69f3638f7571d5,2026-05-05,01:40,points,17.5,850.0,,True,draftkings,2026-05-02T14:19:15.844941
Dylan Harper,,,219920e3a715ceb3dc69f3638f7571d5,2026-05-05,01:40,points,19.5,1380.0,,True,draftkings,2026-05-02T14:19:15.844943
Keldon Johnson,,,219920e3a715ceb3dc69f3638f7571d5,2026-05-05,01:40,points,5.5,-327.0,,True,draftkings,2026-05-02T14:19:15.844944
Keldon Johnson,,,219920e3a715ceb3dc69f3638f7571d5,2026-05-05,01:40,points,7.5,-158.0,,True,draftkings,2026-05-02T14:19:15.844946
Keldon Johnson,,,219920e3a715ceb3dc69f3638f7571d5,2026-05-05,01:40,points,8.5,-115.0,,True,draftkings,2026-05-02T14:19:15.844948
Keldon Johnson,,,219920e3a715ceb3dc69f3638f7571d5,2026-05-05,01:40,points,9.5,117.0,,True,draftkings,2026-05-02T14:19:15.844949
Keldon Johnson,,,219920e3a715ceb3dc69f3638f7571d5,2026-05-05,01:40,points,11.5,208.0,,True,draftkings,2026-05-02T14:19:15.844951
Keldon Johnson,,,219920e3a715ceb3dc69f3638f7571d5,2026-05-05,01:40,points,14.5,479.0,,True,draftkings,2026-05-02T14:19:15.844953
Keldon Johnson,,,219920e3a715ceb3dc69f3638f7571d5,2026-05-05,01:40,points,17.5,1000.0,,True,draftkings,2026-05-02T14:19:15.844954
Keldon Johnson,,,219920e3a715ceb3dc69f3638f7571d5,2026-05-05,01:40,points,19.5,1580.0,,True,draftkings,2026-05-02T14:19:15.844956
Julian Champagnie,,,219920e3a715ceb3dc69f3638f7571d5,2026-05-05,01:40,points,5.5,-316.0,,True,draftkings,2026-05-02T14:19:15.844958
Julian Champagnie,,,219920e3a715ceb3dc69f3638f7571d5,2026-05-05,01:40,points,7.5,-156.0,,True,draftkings,2026-05-02T14:19:15.844959
Julian Champagnie,,,219920e3a715ceb3dc69f3638f7571d5,2026-05-05,01:40,points,8.5,-111.0,,True,draftkings,2026-05-02T14:19:15.844961
Julian Champagnie,,,219920e3a715ceb3dc69f3638f7571d5,2026-05-05,01:40,points,9.5,126.0,,True,draftkings,2026-05-02T14:19:15.844963
Julian Champagnie,,,219920e3a715ceb3dc69f3638f7571d5,2026-05-05,01:40,points,11.5,216.0,,True,draftkings,2026-05-02T14:19:15.844964
Julian Champagnie,,,219920e3a715ceb3dc69f3638f7571d5,2026-05-05,01:40,points,14.5,503.0,,True,draftkings,2026-05-02T14:19:15.844966
Julian Champagnie,,,219920e3a715ceb3dc69f3638f7571d5,2026-05-05,01:40,points,17.5,1080.0,,True,draftkings,2026-05-02T14:19:15.844968
Julian Champagnie,,,219920e3a715ceb3dc69f3638f7571d5,2026-05-05,01:40,points,19.5,1680.0,,True,draftkings,2026-05-02T14:19:15.844971
Rudy Gobert,,,219920e3a715ceb3dc69f3638f7571d5,2026-05-05,01:40,points,5.5,-427.0,,True,draftkings,2026-05-02T14:19:15.844973
Rudy Gobert,,,219920e3a715ceb3dc69f3638f7571d5,2026-05-05,01:40,points,7.5,-182.0,,True,draftkings,2026-05-02T14:19:15.844975
Rudy Gobert,,,219920e3a715ceb3dc69f3638f7571d5,2026-05-05,01:40,points,8.5,-114.0,,True,draftkings,2026-05-02T14:19:15.844977
Rudy Gobert,,,219920e3a715ceb3dc69f3638f7571d5,2026-05-05,01:40,points,9.5,111.0,,True,draftkings,2026-05-02T14:19:15.844978
Rudy Gobert,,,219920e3a715ceb3dc69f3638f7571d5,2026-05-05,01:40,points,11.5,209.0,,True,draftkings,2026-05-02T14:19:15.844980
Rudy Gobert,,,219920e3a715ceb3dc69f3638f7571d5,2026-05-05,01:40,points,14.5,554.0,,True,draftkings,2026-05-02T14:19:15.844982
Rudy Gobert,,,219920e3a715ceb3dc69f3638f7571d5,2026-05-05,01:40,points,17.5,1220.0,,True,draftkings,2026-05-02T14:19:15.844983
Rudy Gobert,,,219920e3a715ceb3dc69f3638f7571d5,2026-05-05,01:40,points,19.5,2000.0,,True,draftkings,2026-05-02T14:19:15.844985
Mike Conley,,,219920e3a715ceb3dc69f3638f7571d5,2026-05-05,01:40,points,5.5,-109.0,,True,draftkings,2026-05-02T14:19:15.844987
Mike Conley,,,219920e3a715ceb3dc69f3638f7571d5,2026-05-05,01:40,points,7.5,182.0,,True,draftkings,2026-05-02T14:19:15.844988
Mike Conley,,,219920e3a715ceb3dc69f3638f7571d5,2026-05-05,01:40,points,9.5,359.0,,True,draftkings,2026-05-02T14:19:15.844990
Mike Conley,,,219920e3a715ceb3dc69f3638f7571d5,2026-05-05,01:40,points,11.5,620.0,,True,draftkings,2026-05-02T14:19:15.844992
Mike Conley,,,219920e3a715ceb3dc69f3638f7571d5,2026-05-05,01:40,points,14.5,1400.0,,True,draftkings,2026-05-02T14:19:15.844993
Mike Conley,,,219920e3a715ceb3dc69f3638f7571d5,2026-05-05,01:40,points,17.5,2600.0,,True,draftkings,2026-05-02T14:19:15.844995
Rudy Gobert,,,219920e3a715ceb3dc69f3638f7571d5,2026-05-05,01:40,rebounds,11.5,-115.0,-114.0,False,draftkings,2026-05-02T14:19:15.845015
Victor Wembanyama,,,219920e3a715ceb3dc69f3638f7571d5,2026-05-05,01:40,rebounds,11.5,-111.0,-119.0,False,draftkings,2026-05-02T14:19:15.845017
Julius Randle,,,219920e3a715ceb3dc69f3638f7571d5,2026-05-05,01:40,rebounds,6.5,-145.0,110.0,False,draftkings,2026-05-02T14:19:15.845019
Stephon Castle,,,219920e3a715ceb3dc69f3638f7571d5,2026-05-05,01:40,rebounds,5.5,-133.0,101.0,False,draftkings,2026-05-02T14:19:15.845021
Naz Reid,,,219920e3a715ceb3dc69f3638f7571d5,2026-05-05,01:40,rebounds,5.5,-132.0,100.0,False,draftkings,2026-05-02T14:19:15.845022
Julian Champagnie,,,219920e3a715ceb3dc69f3638f7571d5,2026-05-05,01:40,rebounds,4.5,-139.0,105.0,False,draftkings,2026-05-02T14:19:15.845024
Jaden McDaniels,,,219920e3a715ceb3dc69f3638f7571d5,2026-05-05,01:40,rebounds,4.5,-136.0,103.0,False,draftkings,2026-05-02T14:19:15.845026
Ayo Dosunmu,,,219920e3a715ceb3dc69f3638f7571d5,2026-05-05,01:40,rebounds,4.5,108.0,-143.0,False,draftkings,2026-05-02T14:19:15.845027
Devin Vassell,,,219920e3a715ceb3dc69f3638f7571d5,2026-05-05,01:40,rebounds,4.5,108.0,-143.0,False,draftkings,2026-05-02T14:19:15.845029
De'Aaron Fox,,,219920e3a715ceb3dc69f3638f7571d5,2026-05-05,01:40,rebounds,4.5,118.0,-156.0,False,draftkings,2026-05-02T14:19:15.845031
Keldon Johnson,,,219920e3a715ceb3dc69f3638f7571d5,2026-05-05,01:40,rebounds,3.5,-106.0,-124.0,False,draftkings,2026-05-02T14:19:15.845032
Dylan Harper,,,219920e3a715ceb3dc69f3638f7571d5,2026-05-05,01:40,rebounds,2.5,-137.0,104.0,False,draftkings,2026-05-02T14:19:15.845034
Mike Conley,,,219920e3a715ceb3dc69f3638f7571d5,2026-05-05,01:40,rebounds,2.5,-115.0,-114.0,False,draftkings,2026-05-02T14:19:15.845036
Rudy Gobert,,,219920e3a715ceb3dc69f3638f7571d5,2026-05-05,01:40,rebounds,6.5,-1740.0,,True,draftkings,2026-05-02T14:19:15.845097
Rudy Gobert,,,219920e3a715ceb3dc69f3638f7571d5,2026-05-05,01:40,rebounds,7.5,-840.0,,True,draftkings,2026-05-02T14:19:15.845101
Rudy Gobert,,,219920e3a715ceb3dc69f3638f7571d5,2026-05-05,01:40,rebounds,8.5,-458.0,,True,draftkings,2026-05-02T14:19:15.845103
Rudy Gobert,,,219920e3a715ceb3dc69f3638f7571d5,2026-05-05,01:40,rebounds,9.5,-278.0,,True,draftkings,2026-05-02T14:19:15.845105
Rudy Gobert,,,219920e3a715ceb3dc69f3638f7571d5,2026-05-05,01:40,rebounds,10.5,-176.0,,True,draftkings,2026-05-02T14:19:15.845106
Rudy Gobert,,,219920e3a715ceb3dc69f3638f7571d5,2026-05-05,01:40,rebounds,11.5,-115.0,,True,draftkings,2026-05-02T14:19:15.845108
Rudy Gobert,,,219920e3a715ceb3dc69f3638f7571d5,2026-05-05,01:40,rebounds,12.5,130.0,,True,draftkings,2026-05-02T14:19:15.845110
Rudy Gobert,,,219920e3a715ceb3dc69f3638f7571d5,2026-05-05,01:40,rebounds,13.5,191.0,,True,draftkings,2026-05-02T14:19:15.845111
Rudy Gobert,,,219920e3a715ceb3dc69f3638f7571d5,2026-05-05,01:40,rebounds,14.5,279.0,,True,draftkings,2026-05-02T14:19:15.845113
Rudy Gobert,,,219920e3a715ceb3dc69f3638f7571d5,2026-05-05,01:40,rebounds,15.5,409.0,,True,draftkings,2026-05-02T14:19:15.845115
Rudy Gobert,,,219920e3a715ceb3dc69f3638f7571d5,2026-05-05,01:40,rebounds,16.5,610.0,,True,draftkings,2026-05-02T14:19:15.845117
Rudy Gobert,,,219920e3a715ceb3dc69f3638f7571d5,2026-05-05,01:40,rebounds,17.5,880.0,,True,draftkings,2026-05-02T14:19:15.845118
Rudy Gobert,,,219920e3a715ceb3dc69f3638f7571d5,2026-05-05,01:40,rebounds,18.5,1260.0,,True,draftkings,2026-05-02T14:19:15.845120
Rudy Gobert,,,219920e3a715ceb3dc69f3638f7571d5,2026-05-05,01:40,rebounds,19.5,1760.0,,True,draftkings,2026-05-02T14:19:15.845122
Victor Wembanyama,,,219920e3a715ceb3dc69f3638f7571d5,2026-05-05,01:40,rebounds,6.5,-2100.0,,True,draftkings,2026-05-02T14:19:15.845123
Victor Wembanyama,,,219920e3a715ceb3dc69f3638f7571d5,2026-05-05,01:40,rebounds,7.5,-930.0,,True,draftkings,2026-05-02T14:19:15.845125
Victor Wembanyama,,,219920e3a715ceb3dc69f3638f7571d5,2026-05-05,01:40,rebounds,8.5,-495.0,,True,draftkings,2026-05-02T14:19:15.845127
Victor Wembanyama,,,219920e3a715ceb3dc69f3638f7571d5,2026-05-05,01:40,rebounds,9.5,-289.0,,True,draftkings,2026-05-02T14:19:15.845128
Victor Wembanyama,,,219920e3a715ceb3dc69f3638f7571d5,2026-05-05,01:40,rebounds,10.5,-175.0,,True,draftkings,2026-05-02T14:19:15.845132
Victor Wembanyama,,,219920e3a715ceb3dc69f3638f7571d5,2026-05-05,01:40,rebounds,11.5,-112.0,,True,draftkings,2026-05-02T14:19:15.845135
Victor Wembanyama,,,219920e3a715ceb3dc69f3638f7571d5,2026-05-05,01:40,rebounds,12.5,139.0,,True,draftkings,2026-05-02T14:19:15.845137
Victor Wembanyama,,,219920e3a715ceb3dc69f3638f7571d5,2026-05-05,01:40,rebounds,13.5,212.0,,True,draftkings,2026-05-02T14:19:15.845138
Victor Wembanyama,,,219920e3a715ceb3dc69f3638f7571d5,2026-05-05,01:40,rebounds,14.5,320.0,,True,draftkings,2026-05-02T14:19:15.845140
Victor Wembanyama,,,219920e3a715ceb3dc69f3638f7571d5,2026-05-05,01:40,rebounds,15.5,485.0,,True,draftkings,2026-05-02T14:19:15.845142
Victor Wembanyama,,,219920e3a715ceb3dc69f3638f7571d5,2026-05-05,01:40,rebounds,16.5,720.0,,True,draftkings,2026-05-02T14:19:15.845143
Victor Wembanyama,,,219920e3a715ceb3dc69f3638f7571d5,2026-05-05,01:40,rebounds,17.5,1080.0,,True,draftkings,2026-05-02T14:19:15.845145
Victor Wembanyama,,,219920e3a715ceb3dc69f3638f7571d5,2026-05-05,01:40,rebounds,18.5,1580.0,,True,draftkings,2026-05-02T14:19:15.845147
Victor Wembanyama,,,219920e3a715ceb3dc69f3638f7571d5,2026-05-05,01:40,rebounds,19.5,2100.0,,True,draftkings,2026-05-02T14:19:15.845148
Julius Randle,,,219920e3a715ceb3dc69f3638f7571d5,2026-05-05,01:40,rebounds,3.5,-1360.0,,True,draftkings,2026-05-02T14:19:15.845150
Julius Randle,,,219920e3a715ceb3dc69f3638f7571d5,2026-05-05,01:40,rebounds,4.5,-526.0,,True,draftkings,2026-05-02T14:19:15.845152
Julius Randle,,,219920e3a715ceb3dc69f3638f7571d5,2026-05-05,01:40,rebounds,5.5,-269.0,,True,draftkings,2026-05-02T14:19:15.845153
Julius Randle,,,219920e3a715ceb3dc69f3638f7571d5,2026-05-05,01:40,rebounds,6.5,-149.0,,True,draftkings,2026-05-02T14:19:15.845155
Julius Randle,,,219920e3a715ceb3dc69f3638f7571d5,2026-05-05,01:40,rebounds,7.5,115.0,,True,draftkings,2026-05-02T14:19:15.845157
Julius Randle,,,219920e3a715ceb3dc69f3638f7571d5,2026-05-05,01:40,rebounds,8.5,189.0,,True,draftkings,2026-05-02T14:19:15.845158
Julius Randle,,,219920e3a715ceb3dc69f3638f7571d5,2026-05-05,01:40,rebounds,9.5,306.0,,True,draftkings,2026-05-02T14:19:15.845160
Julius Randle,,,219920e3a715ceb3dc69f3638f7571d5,2026-05-05,01:40,rebounds,10.5,503.0,,True,draftkings,2026-05-02T14:19:15.845162
Julius Randle,,,219920e3a715ceb3dc69f3638f7571d5,2026-05-05,01:40,rebounds,11.5,800.0,,True,draftkings,2026-05-02T14:19:15.845163
Julius Randle,,,219920e3a715ceb3dc69f3638f7571d5,2026-05-05,01:40,rebounds,12.5,1240.0,,True,draftkings,2026-05-02T14:19:15.845165
Julius Randle,,,219920e3a715ceb3dc69f3638f7571d5,2026-05-05,01:40,rebounds,13.5,1820.0,,True,draftkings,2026-05-02T14:19:15.845167
Julius Randle,,,219920e3a715ceb3dc69f3638f7571d5,2026-05-05,01:40,rebounds,14.5,2400.0,,True,draftkings,2026-05-02T14:19:15.845168
Naz Reid,,,219920e3a715ceb3dc69f3638f7571d5,2026-05-05,01:40,rebounds,2.5,-1680.0,,True,draftkings,2026-05-02T14:19:15.845170
Naz Reid,,,219920e3a715ceb3dc69f3638f7571d5,2026-05-05,01:40,rebounds,3.5,-544.0,,True,draftkings,2026-05-02T14:19:15.845172
Naz Reid,,,219920e3a715ceb3dc69f3638f7571d5,2026-05-05,01:40,rebounds,4.5,-247.0,,True,draftkings,2026-05-02T14:19:15.845173
Naz Reid,,,219920e3a715ceb3dc69f3638f7571d5,2026-05-05,01:40,rebounds,5.5,-130.0,,True,draftkings,2026-05-02T14:19:15.845175
Naz Reid,,,219920e3a715ceb3dc69f3638f7571d5,2026-05-05,01:40,rebounds,6.5,136.0,,True,draftkings,2026-05-02T14:19:15.845177
Naz Reid,,,219920e3a715ceb3dc69f3638f7571d5,2026-05-05,01:40,rebounds,7.5,231.0,,True,draftkings,2026-05-02T14:19:15.845178
Naz Reid,,,219920e3a715ceb3dc69f3638f7571d5,2026-05-05,01:40,rebounds,8.5,390.0,,True,draftkings,2026-05-02T14:19:15.845180
Naz Reid,,,219920e3a715ceb3dc69f3638f7571d5,2026-05-05,01:40,rebounds,9.5,640.0,,True,draftkings,2026-05-02T14:19:15.845182
Naz Reid,,,219920e3a715ceb3dc69f3638f7571d5,2026-05-05,01:40,rebounds,10.5,1040.0,,True,draftkings,2026-05-02T14:19:15.845183
Naz Reid,,,219920e3a715ceb3dc69f3638f7571d5,2026-05-05,01:40,rebounds,11.5,1580.0,,True,draftkings,2026-05-02T14:19:15.845185
Naz Reid,,,219920e3a715ceb3dc69f3638f7571d5,2026-05-05,01:40,rebounds,12.5,2200.0,,True,draftkings,2026-05-02T14:19:15.845192
Stephon Castle,,,219920e3a715ceb3dc69f3638f7571d5,2026-05-05,01:40,rebounds,2.5,-1900.0,,True,draftkings,2026-05-02T14:19:15.845194
Stephon Castle,,,219920e3a715ceb3dc69f3638f7571d5,2026-05-05,01:40,rebounds,3.5,-588.0,,True,draftkings,2026-05-02T14:19:15.845197
Stephon Castle,,,219920e3a715ceb3dc69f3638f7571d5,2026-05-05,01:40,rebounds,4.5,-254.0,,True,draftkings,2026-05-02T14:19:15.845199
Stephon Castle,,,219920e3a715ceb3dc69f3638f7571d5,2026-05-05,01:40,rebounds,5.5,-130.0,,True,draftkings,2026-05-02T14:19:15.845200
Stephon Castle,,,219920e3a715ceb3dc69f3638f7571d5,2026-05-05,01:40,rebounds,6.5,143.0,,True,draftkings,2026-05-02T14:19:15.845202
Stephon Castle,,,219920e3a715ceb3dc69f3638f7571d5,2026-05-05,01:40,rebounds,7.5,257.0,,True,draftkings,2026-05-02T14:19:15.845204
Stephon Castle,,,219920e3a715ceb3dc69f3638f7571d5,2026-05-05,01:40,rebounds,8.5,453.0,,True,draftkings,2026-05-02T14:19:15.845205
Stephon Castle,,,219920e3a715ceb3dc69f3638f7571d5,2026-05-05,01:40,rebounds,9.5,800.0,,True,draftkings,2026-05-02T14:19:15.845207
Stephon Castle,,,219920e3a715ceb3dc69f3638f7571d5,2026-05-05,01:40,rebounds,10.5,1340.0,,True,draftkings,2026-05-02T14:19:15.845209
Stephon Castle,,,219920e3a715ceb3dc69f3638f7571d5,2026-05-05,01:40,rebounds,11.5,2100.0,,True,draftkings,2026-05-02T14:19:15.845210
Julian Champagnie,,,219920e3a715ceb3dc69f3638f7571d5,2026-05-05,01:40,rebounds,2.5,-800.0,,True,draftkings,2026-05-02T14:19:15.845212
Julian Champagnie,,,219920e3a715ceb3dc69f3638f7571d5,2026-05-05,01:40,rebounds,3.5,-300.0,,True,draftkings,2026-05-02T14:19:15.845214
Julian Champagnie,,,219920e3a715ceb3dc69f3638f7571d5,2026-05-05,01:40,rebounds,4.5,-139.0,,True,draftkings,2026-05-02T14:19:15.845215
Julian Champagnie,,,219920e3a715ceb3dc69f3638f7571d5,2026-05-05,01:40,rebounds,5.5,143.0,,True,draftkings,2026-05-02T14:19:15.845219
Julian Champagnie,,,219920e3a715ceb3dc69f3638f7571d5,2026-05-05,01:40,rebounds,6.5,269.0,,True,draftkings,2026-05-02T14:19:15.845221
Julian Champagnie,,,219920e3a715ceb3dc69f3638f7571d5,2026-05-05,01:40,rebounds,7.5,502.0,,True,draftkings,2026-05-02T14:19:15.845222
Julian Champagnie,,,219920e3a715ceb3dc69f3638f7571d5,2026-05-05,01:40,rebounds,8.5,880.0,,True,draftkings,2026-05-02T14:19:15.845224
Julian Champagnie,,,219920e3a715ceb3dc69f3638f7571d5,2026-05-05,01:40,rebounds,9.5,1500.0,,True,draftkings,2026-05-02T14:19:15.845226
Julian Champagnie,,,219920e3a715ceb3dc69f3638f7571d5,2026-05-05,01:40,rebounds,10.5,2200.0,,True,draftkings,2026-05-02T14:19:15.845227
Ayo Dosunmu,,,219920e3a715ceb3dc69f3638f7571d5,2026-05-05,01:40,rebounds,2.5,-381.0,,True,draftkings,2026-05-02T14:19:15.845229
Ayo Dosunmu,,,219920e3a715ceb3dc69f3638f7571d5,2026-05-05,01:40,rebounds,3.5,-176.0,,True,draftkings,2026-05-02T14:19:15.845231
Ayo Dosunmu,,,219920e3a715ceb3dc69f3638f7571d5,2026-05-05,01:40,rebounds,4.5,108.0,,True,draftkings,2026-05-02T14:19:15.845232
Ayo Dosunmu,,,219920e3a715ceb3dc69f3638f7571d5,2026-05-05,01:40,rebounds,5.5,194.0,,True,draftkings,2026-05-02T14:19:15.845234
Ayo Dosunmu,,,219920e3a715ceb3dc69f3638f7571d5,2026-05-05,01:40,rebounds,6.5,341.0,,True,draftkings,2026-05-02T14:19:15.845236
Ayo Dosunmu,,,219920e3a715ceb3dc69f3638f7571d5,2026-05-05,01:40,rebounds,7.5,577.0,,True,draftkings,2026-05-02T14:19:15.845237
Ayo Dosunmu,,,219920e3a715ceb3dc69f3638f7571d5,2026-05-05,01:40,rebounds,8.5,960.0,,True,draftkings,2026-05-02T14:19:15.845239
Ayo Dosunmu,,,219920e3a715ceb3dc69f3638f7571d5,2026-05-05,01:40,rebounds,9.5,1520.0,,True,draftkings,2026-05-02T14:19:15.845241
Ayo Dosunmu,,,219920e3a715ceb3dc69f3638f7571d5,2026-05-05,01:40,rebounds,10.5,2300.0,,True,draftkings,2026-05-02T14:19:15.845242
Jaden McDaniels,,,219920e3a715ceb3dc69f3638f7571d5,2026-05-05,01:40,rebounds,2.5,-720.0,,True,draftkings,2026-05-02T14:19:15.845244
Jaden McDaniels,,,219920e3a715ceb3dc69f3638f7571d5,2026-05-05,01:40,rebounds,3.5,-279.0,,True,draftkings,2026-05-02T14:19:15.845246
Jaden McDaniels,,,219920e3a715ceb3dc69f3638f7571d5,2026-05-05,01:40,rebounds,4.5,-132.0,,True,draftkings,2026-05-02T14:19:15.845247
Jaden McDaniels,,,219920e3a715ceb3dc69f3638f7571d5,2026-05-05,01:40,rebounds,5.5,143.0,,True,draftkings,2026-05-02T14:19:15.845251
Jaden McDaniels,,,219920e3a715ceb3dc69f3638f7571d5,2026-05-05,01:40,rebounds,6.5,271.0,,True,draftkings,2026-05-02T14:19:15.845253
Jaden McDaniels,,,219920e3a715ceb3dc69f3638f7571d5,2026-05-05,01:40,rebounds,7.5,494.0,,True,draftkings,2026-05-02T14:19:15.845254
Jaden McDaniels,,,219920e3a715ceb3dc69f3638f7571d5,2026-05-05,01:40,rebounds,8.5,870.0,,True,draftkings,2026-05-02T14:19:15.845256
Jaden McDaniels,,,219920e3a715ceb3dc69f3638f7571d5,2026-05-05,01:40,rebounds,9.5,1480.0,,True,draftkings,2026-05-02T14:19:15.845258
Jaden McDaniels,,,219920e3a715ceb3dc69f3638f7571d5,2026-05-05,01:40,rebounds,10.5,2300.0,,True,draftkings,2026-05-02T14:19:15.845260
Devin Vassell,,,219920e3a715ceb3dc69f3638f7571d5,2026-05-05,01:40,rebounds,2.5,-530.0,,True,draftkings,2026-05-02T14:19:15.845261
Devin Vassell,,,219920e3a715ceb3dc69f3638f7571d5,2026-05-05,01:40,rebounds,3.5,-205.0,,True,draftkings,2026-05-02T14:19:15.845263
Devin Vassell,,,219920e3a715ceb3dc69f3638f7571d5,2026-05-05,01:40,rebounds,4.5,106.0,,True,draftkings,2026-05-02T14:19:15.845265
Devin Vassell,,,219920e3a715ceb3dc69f3638f7571d5,2026-05-05,01:40,rebounds,5.5,217.0,,True,draftkings,2026-05-02T14:19:15.845266
Devin Vassell,,,219920e3a715ceb3dc69f3638f7571d5,2026-05-05,01:40,rebounds,6.5,426.0,,True,draftkings,2026-05-02T14:19:15.845268
Devin Vassell,,,219920e3a715ceb3dc69f3638f7571d5,2026-05-05,01:40,rebounds,7.5,840.0,,True,draftkings,2026-05-02T14:19:15.845269
Devin Vassell,,,219920e3a715ceb3dc69f3638f7571d5,2026-05-05,01:40,rebounds,8.5,1440.0,,True,draftkings,2026-05-02T14:19:15.845271
Devin Vassell,,,219920e3a715ceb3dc69f3638f7571d5,2026-05-05,01:40,rebounds,9.5,2300.0,,True,draftkings,2026-05-02T14:19:15.845273
De'Aaron Fox,,,219920e3a715ceb3dc69f3638f7571d5,2026-05-05,01:40,rebounds,2.5,-444.0,,True,draftkings,2026-05-02T14:19:15.845274
De'Aaron Fox,,,219920e3a715ceb3dc69f3638f7571d5,2026-05-05,01:40,rebounds,3.5,-180.0,,True,draftkings,2026-05-02T14:19:15.845276
De'Aaron Fox,,,219920e3a715ceb3dc69f3638f7571d5,2026-05-05,01:40,rebounds,4.5,120.0,,True,draftkings,2026-05-02T14:19:15.845278
De'Aaron Fox,,,219920e3a715ceb3dc69f3638f7571d5,2026-05-05,01:40,rebounds,5.5,238.0,,True,draftkings,2026-05-02T14:19:15.845279
De'Aaron Fox,,,219920e3a715ceb3dc69f3638f7571d5,2026-05-05,01:40,rebounds,6.5,462.0,,True,draftkings,2026-05-02T14:19:15.845281
De'Aaron Fox,,,219920e3a715ceb3dc69f3638f7571d5,2026-05-05,01:40,rebounds,7.5,880.0,,True,draftkings,2026-05-02T14:19:15.845283
De'Aaron Fox,,,219920e3a715ceb3dc69f3638f7571d5,2026-05-05,01:40,rebounds,8.5,1580.0,,True,draftkings,2026-05-02T14:19:15.845284
De'Aaron Fox,,,219920e3a715ceb3dc69f3638f7571d5,2026-05-05,01:40,rebounds,9.5,2500.0,,True,draftkings,2026-05-02T14:19:15.845288
Keldon Johnson,,,219920e3a715ceb3dc69f3638f7571d5,2026-05-05,01:40,rebounds,2.5,-244.0,,True,draftkings,2026-05-02T14:19:15.845289
Keldon Johnson,,,219920e3a715ceb3dc69f3638f7571d5,2026-05-05,01:40,rebounds,3.5,-106.0,,True,draftkings,2026-05-02T14:19:15.845291
Keldon Johnson,,,219920e3a715ceb3dc69f3638f7571d5,2026-05-05,01:40,rebounds,4.5,195.0,,True,draftkings,2026-05-02T14:19:15.845293
Keldon Johnson,,,219920e3a715ceb3dc69f3638f7571d5,2026-05-05,01:40,rebounds,5.5,388.0,,True,draftkings,2026-05-02T14:19:15.845294
Keldon Johnson,,,219920e3a715ceb3dc69f3638f7571d5,2026-05-05,01:40,rebounds,6.5,730.0,,True,draftkings,2026-05-02T14:19:15.845296
Keldon Johnson,,,219920e3a715ceb3dc69f3638f7571d5,2026-05-05,01:40,rebounds,7.5,1340.0,,True,draftkings,2026-05-02T14:19:15.845298
Keldon Johnson,,,219920e3a715ceb3dc69f3638f7571d5,2026-05-05,01:40,rebounds,8.5,2200.0,,True,draftkings,2026-05-02T14:19:15.845299
Dylan Harper,,,219920e3a715ceb3dc69f3638f7571d5,2026-05-05,01:40,rebounds,2.5,-137.0,,True,draftkings,2026-05-02T14:19:15.845301
Dylan Harper,,,219920e3a715ceb3dc69f3638f7571d5,2026-05-05,01:40,rebounds,3.5,175.0,,True,draftkings,2026-05-02T14:19:15.845303
Dylan Harper,,,219920e3a715ceb3dc69f3638f7571d5,2026-05-05,01:40,rebounds,4.5,385.0,,True,draftkings,2026-05-02T14:19:15.845307
Dylan Harper,,,219920e3a715ceb3dc69f3638f7571d5,2026-05-05,01:40,rebounds,5.5,810.0,,True,draftkings,2026-05-02T14:19:15.845309
Dylan Harper,,,219920e3a715ceb3dc69f3638f7571d5,2026-05-05,01:40,rebounds,6.5,1600.0,,True,draftkings,2026-05-02T14:19:15.845310
Dylan Harper,,,219920e3a715ceb3dc69f3638f7571d5,2026-05-05,01:40,rebounds,7.5,2500.0,,True,draftkings,2026-05-02T14:19:15.845312
Mike Conley,,,219920e3a715ceb3dc69f3638f7571d5,2026-05-05,01:40,rebounds,2.5,-115.0,,True,draftkings,2026-05-02T14:19:15.845314
Mike Conley,,,219920e3a715ceb3dc69f3638f7571d5,2026-05-05,01:40,rebounds,3.5,201.0,,True,draftkings,2026-05-02T14:19:15.845315
Mike Conley,,,219920e3a715ceb3dc69f3638f7571d5,2026-05-05,01:40,rebounds,4.5,430.0,,True,draftkings,2026-05-02T14:19:15.845317
Mike Conley,,,219920e3a715ceb3dc69f3638f7571d5,2026-05-05,01:40,rebounds,5.5,860.0,,True,draftkings,2026-05-02T14:19:15.845319
Mike Conley,,,219920e3a715ceb3dc69f3638f7571d5,2026-05-05,01:40,rebounds,6.5,1660.0,,True,draftkings,2026-05-02T14:19:15.845320
Mike Conley,,,219920e3a715ceb3dc69f3638f7571d5,2026-05-05,01:40,rebounds,7.5,2700.0,,True,draftkings,2026-05-02T14:19:15.845322
Victor Wembanyama,,,219920e3a715ceb3dc69f3638f7571d5,2026-05-05,01:40,threes,2.5,117.0,-155.0,False,draftkings,2026-05-02T14:19:15.845340
Devin Vassell,,,219920e3a715ceb3dc69f3638f7571d5,2026-05-05,01:40,threes,2.5,146.0,-194.0,False,draftkings,2026-05-02T14:19:15.845341
Julian Champagnie,,,219920e3a715ceb3dc69f3638f7571d5,2026-05-05,01:40,threes,1.5,-187.0,141.0,False,draftkings,2026-05-02T14:19:15.845343
Ayo Dosunmu,,,219920e3a715ceb3dc69f3638f7571d5,2026-05-05,01:40,threes,1.5,-172.0,130.0,False,draftkings,2026-05-02T14:19:15.845345
De'Aaron Fox,,,219920e3a715ceb3dc69f3638f7571d5,2026-05-05,01:40,threes,1.5,-126.0,-104.0,False,draftkings,2026-05-02T14:19:15.845347
Naz Reid,,,219920e3a715ceb3dc69f3638f7571d5,2026-05-05,01:40,threes,1.5,-114.0,-115.0,False,draftkings,2026-05-02T14:19:15.845348
Jaden McDaniels,,,219920e3a715ceb3dc69f3638f7571d5,2026-05-05,01:40,threes,1.5,100.0,-132.0,False,draftkings,2026-05-02T14:19:15.845350
Julius Randle,,,219920e3a715ceb3dc69f3638f7571d5,2026-05-05,01:40,threes,1.5,117.0,-154.0,False,draftkings,2026-05-02T14:19:15.845351
Mike Conley,,,219920e3a715ceb3dc69f3638f7571d5,2026-05-05,01:40,threes,1.5,135.0,-179.0,False,draftkings,2026-05-02T14:19:15.845353
Stephon Castle,,,219920e3a715ceb3dc69f3638f7571d5,2026-05-05,01:40,threes,1.5,141.0,-187.0,False,draftkings,2026-05-02T14:19:15.845355
Keldon Johnson,,,219920e3a715ceb3dc69f3638f7571d5,2026-05-05,01:40,threes,0.5,-168.0,127.0,False,draftkings,2026-05-02T14:19:15.845357
Victor Wembanyama,,,219920e3a715ceb3dc69f3638f7571d5,2026-05-05,01:40,threes,0.5,-1040.0,,True,draftkings,2026-05-02T14:19:15.845386
Victor Wembanyama,,,219920e3a715ceb3dc69f3638f7571d5,2026-05-05,01:40,threes,1.5,-230.0,,True,draftkings,2026-05-02T14:19:15.845388
Victor Wembanyama,,,219920e3a715ceb3dc69f3638f7571d5,2026-05-05,01:40,threes,2.5,115.0,,True,draftkings,2026-05-02T14:19:15.845390
Victor Wembanyama,,,219920e3a715ceb3dc69f3638f7571d5,2026-05-05,01:40,threes,3.5,271.0,,True,draftkings,2026-05-02T14:19:15.845391
Victor Wembanyama,,,219920e3a715ceb3dc69f3638f7571d5,2026-05-05,01:40,threes,4.5,590.0,,True,draftkings,2026-05-02T14:19:15.845393
Victor Wembanyama,,,219920e3a715ceb3dc69f3638f7571d5,2026-05-05,01:40,threes,5.5,1180.0,,True,draftkings,2026-05-02T14:19:15.845395
Victor Wembanyama,,,219920e3a715ceb3dc69f3638f7571d5,2026-05-05,01:40,threes,6.5,2100.0,,True,draftkings,2026-05-02T14:19:15.845396
Devin Vassell,,,219920e3a715ceb3dc69f3638f7571d5,2026-05-05,01:40,threes,0.5,-1040.0,,True,draftkings,2026-05-02T14:19:15.845398
Devin Vassell,,,219920e3a715ceb3dc69f3638f7571d5,2026-05-05,01:40,threes,1.5,-203.0,,True,draftkings,2026-05-02T14:19:15.845400
Devin Vassell,,,219920e3a715ceb3dc69f3638f7571d5,2026-05-05,01:40,threes,2.5,146.0,,True,draftkings,2026-05-02T14:19:15.845401
Devin Vassell,,,219920e3a715ceb3dc69f3638f7571d5,2026-05-05,01:40,threes,3.5,374.0,,True,draftkings,2026-05-02T14:19:15.845403
Devin Vassell,,,219920e3a715ceb3dc69f3638f7571d5,2026-05-05,01:40,threes,4.5,890.0,,True,draftkings,2026-05-02T14:19:15.845404
Devin Vassell,,,219920e3a715ceb3dc69f3638f7571d5,2026-05-05,01:40,threes,5.5,1880.0,,True,draftkings,2026-05-02T14:19:15.845406
Julian Champagnie,,,219920e3a715ceb3dc69f3638f7571d5,2026-05-05,01:40,threes,0.5,-940.0,,True,draftkings,2026-05-02T14:19:15.845408
Julian Champagnie,,,219920e3a715ceb3dc69f3638f7571d5,2026-05-05,01:40,threes,1.5,-188.0,,True,draftkings,2026-05-02T14:19:15.845410
Julian Champagnie,,,219920e3a715ceb3dc69f3638f7571d5,2026-05-05,01:40,threes,2.5,152.0,,True,draftkings,2026-05-02T14:19:15.845411
Julian Champagnie,,,219920e3a715ceb3dc69f3638f7571d5,2026-05-05,01:40,threes,3.5,394.0,,True,draftkings,2026-05-02T14:19:15.845413
Julian Champagnie,,,219920e3a715ceb3dc69f3638f7571d5,2026-05-05,01:40,threes,4.5,950.0,,True,draftkings,2026-05-02T14:19:15.845415
Julian Champagnie,,,219920e3a715ceb3dc69f3638f7571d5,2026-05-05,01:40,threes,5.5,1940.0,,True,draftkings,2026-05-02T14:19:15.845416
Ayo Dosunmu,,,219920e3a715ceb3dc69f3638f7571d5,2026-05-05,01:40,threes,0.5,-780.0,,True,draftkings,2026-05-02T14:19:15.845418
Ayo Dosunmu,,,219920e3a715ceb3dc69f3638f7571d5,2026-05-05,01:40,threes,1.5,-174.0,,True,draftkings,2026-05-02T14:19:15.845420
Ayo Dosunmu,,,219920e3a715ceb3dc69f3638f7571d5,2026-05-05,01:40,threes,2.5,170.0,,True,draftkings,2026-05-02T14:19:15.845423
Ayo Dosunmu,,,219920e3a715ceb3dc69f3638f7571d5,2026-05-05,01:40,threes,3.5,428.0,,True,draftkings,2026-05-02T14:19:15.845425
Ayo Dosunmu,,,219920e3a715ceb3dc69f3638f7571d5,2026-05-05,01:40,threes,4.5,1000.0,,True,draftkings,2026-05-02T14:19:15.845427
Ayo Dosunmu,,,219920e3a715ceb3dc69f3638f7571d5,2026-05-05,01:40,threes,5.5,2000.0,,True,draftkings,2026-05-02T14:19:15.845428
De'Aaron Fox,,,219920e3a715ceb3dc69f3638f7571d5,2026-05-05,01:40,threes,0.5,-592.0,,True,draftkings,2026-05-02T14:19:15.845430
De'Aaron Fox,,,219920e3a715ceb3dc69f3638f7571d5,2026-05-05,01:40,threes,1.5,-129.0,,True,draftkings,2026-05-02T14:19:15.845432
De'Aaron Fox,,,219920e3a715ceb3dc69f3638f7571d5,2026-05-05,01:40,threes,2.5,231.0,,True,draftkings,2026-05-02T14:19:15.845433
De'Aaron Fox,,,219920e3a715ceb3dc69f3638f7571d5,2026-05-05,01:40,threes,3.5,610.0,,True,draftkings,2026-05-02T14:19:15.845435
De'Aaron Fox,,,219920e3a715ceb3dc69f3638f7571d5,2026-05-05,01:40,threes,4.5,1400.0,,True,draftkings,2026-05-02T14:19:15.845437
De'Aaron Fox,,,219920e3a715ceb3dc69f3638f7571d5,2026-05-05,01:40,threes,5.5,2600.0,,True,draftkings,2026-05-02T14:19:15.845438
Naz Reid,,,219920e3a715ceb3dc69f3638f7571d5,2026-05-05,01:40,threes,0.5,-504.0,,True,draftkings,2026-05-02T14:19:15.845440
Naz Reid,,,219920e3a715ceb3dc69f3638f7571d5,2026-05-05,01:40,threes,1.5,-113.0,,True,draftkings,2026-05-02T14:19:15.845442
Naz Reid,,,219920e3a715ceb3dc69f3638f7571d5,2026-05-05,01:40,threes,2.5,260.0,,True,draftkings,2026-05-02T14:19:15.845443
Naz Reid,,,219920e3a715ceb3dc69f3638f7571d5,2026-05-05,01:40,threes,3.5,660.0,,True,draftkings,2026-05-02T14:19:15.845445
Naz Reid,,,219920e3a715ceb3dc69f3638f7571d5,2026-05-05,01:40,threes,4.5,1540.0,,True,draftkings,2026-05-02T14:19:15.845447
Naz Reid,,,219920e3a715ceb3dc69f3638f7571d5,2026-05-05,01:40,threes,5.5,2900.0,,True,draftkings,2026-05-02T14:19:15.845448
Jaden McDaniels,,,219920e3a715ceb3dc69f3638f7571d5,2026-05-05,01:40,threes,0.5,-433.0,,True,draftkings,2026-05-02T14:19:15.845452
Jaden McDaniels,,,219920e3a715ceb3dc69f3638f7571d5,2026-05-05,01:40,threes,1.5,100.0,,True,draftkings,2026-05-02T14:19:15.845453
Jaden McDaniels,,,219920e3a715ceb3dc69f3638f7571d5,2026-05-05,01:40,threes,2.5,302.0,,True,draftkings,2026-05-02T14:19:15.845455
Jaden McDaniels,,,219920e3a715ceb3dc69f3638f7571d5,2026-05-05,01:40,threes,3.5,790.0,,True,draftkings,2026-05-02T14:19:15.845457
Jaden McDaniels,,,219920e3a715ceb3dc69f3638f7571d5,2026-05-05,01:40,threes,4.5,1780.0,,True,draftkings,2026-05-02T14:19:15.845459
Julius Randle,,,219920e3a715ceb3dc69f3638f7571d5,2026-05-05,01:40,threes,0.5,-375.0,,True,draftkings,2026-05-02T14:19:15.845460
Julius Randle,,,219920e3a715ceb3dc69f3638f7571d5,2026-05-05,01:40,threes,1.5,116.0,,True,draftkings,2026-05-02T14:19:15.845462
Julius Randle,,,219920e3a715ceb3dc69f3638f7571d5,2026-05-05,01:40,threes,2.5,357.0,,True,draftkings,2026-05-02T14:19:15.845464
Julius Randle,,,219920e3a715ceb3dc69f3638f7571d5,2026-05-05,01:40,threes,3.5,960.0,,True,draftkings,2026-05-02T14:19:15.845465
Julius Randle,,,219920e3a715ceb3dc69f3638f7571d5,2026-05-05,01:40,threes,4.5,2100.0,,True,draftkings,2026-05-02T14:19:15.845467
Mike Conley,,,219920e3a715ceb3dc69f3638f7571d5,2026-05-05,01:40,threes,0.5,-307.0,,True,draftkings,2026-05-02T14:19:15.846046
Mike Conley,,,219920e3a715ceb3dc69f3638f7571d5,2026-05-05,01:40,threes,1.5,138.0,,True,draftkings,2026-05-02T14:19:15.846050
Mike Conley,,,219920e3a715ceb3dc69f3638f7571d5,2026-05-05,01:40,threes,2.5,413.0,,True,draftkings,2026-05-02T14:19:15.846052
Mike Conley,,,219920e3a715ceb3dc69f3638f7571d5,2026-05-05,01:40,threes,3.5,1120.0,,True,draftkings,2026-05-02T14:19:15.846054
Mike Conley,,,219920e3a715ceb3dc69f3638f7571d5,2026-05-05,01:40,threes,4.5,2400.0,,True,draftkings,2026-05-02T14:19:15.846055
Stephon Castle,,,219920e3a715ceb3dc69f3638f7571d5,2026-05-05,01:40,threes,0.5,-316.0,,True,draftkings,2026-05-02T14:19:15.846057
Stephon Castle,,,219920e3a715ceb3dc69f3638f7571d5,2026-05-05,01:40,threes,1.5,141.0,,True,draftkings,2026-05-02T14:19:15.846059
Stephon Castle,,,219920e3a715ceb3dc69f3638f7571d5,2026-05-05,01:40,threes,2.5,452.0,,True,draftkings,2026-05-02T14:19:15.846063
Stephon Castle,,,219920e3a715ceb3dc69f3638f7571d5,2026-05-05,01:40,threes,3.5,1260.0,,True,draftkings,2026-05-02T14:19:15.846065
Stephon Castle,,,219920e3a715ceb3dc69f3638f7571d5,2026-05-05,01:40,threes,4.5,2700.0,,True,draftkings,2026-05-02T14:19:15.846067
Keldon Johnson,,,219920e3a715ceb3dc69f3638f7571d5,2026-05-05,01:40,threes,0.5,-171.0,,True,draftkings,2026-05-02T14:19:15.846068
Keldon Johnson,,,219920e3a715ceb3dc69f3638f7571d5,2026-05-05,01:40,threes,1.5,258.0,,True,draftkings,2026-05-02T14:19:15.846070
Keldon Johnson,,,219920e3a715ceb3dc69f3638f7571d5,2026-05-05,01:40,threes,2.5,820.0,,True,draftkings,2026-05-02T14:19:15.846072
Keldon Johnson,,,219920e3a715ceb3dc69f3638f7571d5,2026-05-05,01:40,threes,3.5,2200.0,,True,draftkings,2026-05-02T14:19:15.846073
LeBron James,,,689b4554b0b10e67f46872eb2e74b98d,2026-05-06,01:40,assists,7.5,-114.0,-115.0,False,draftkings,2026-05-02T14:19:15.897047
Shai Gilgeous-Alexander,,,689b4554b0b10e67f46872eb2e74b98d,2026-05-06,01:40,assists,7.5,102.0,-134.0,False,draftkings,2026-05-02T14:19:15.897057
Austin Reaves,,,689b4554b0b10e67f46872eb2e74b98d,2026-05-06,01:40,assists,5.5,106.0,-140.0,False,draftkings,2026-05-02T14:19:15.897060
Jalen Williams,,,689b4554b0b10e67f46872eb2e74b98d,2026-05-06,01:40,assists,4.5,-149.0,113.0,False,draftkings,2026-05-02T14:19:15.897062
Isaiah Hartenstein,,,689b4554b0b10e67f46872eb2e74b98d,2026-05-06,01:40,assists,2.5,-138.0,105.0,False,draftkings,2026-05-02T14:19:15.897063
Marcus Smart,,,689b4554b0b10e67f46872eb2e74b98d,2026-05-06,01:40,assists,2.5,-131.0,100.0,False,draftkings,2026-05-02T14:19:15.897065
Chet Holmgren,,,689b4554b0b10e67f46872eb2e74b98d,2026-05-06,01:40,assists,1.5,-115.0,-114.0,False,draftkings,2026-05-02T14:19:15.897067
Luguentz Dort,,,689b4554b0b10e67f46872eb2e74b98d,2026-05-06,01:40,assists,1.5,130.0,-172.0,False,draftkings,2026-05-02T14:19:15.897069
Rui Hachimura,,,689b4554b0b10e67f46872eb2e74b98d,2026-05-06,01:40,assists,0.5,-232.0,173.0,False,draftkings,2026-05-02T14:19:15.897070
LeBron James,,,689b4554b0b10e67f46872eb2e74b98d,2026-05-06,01:40,assists,3.5,-2200.0,,True,draftkings,2026-05-02T14:19:15.897109
LeBron James,,,689b4554b0b10e67f46872eb2e74b98d,2026-05-06,01:40,assists,4.5,-790.0,,True,draftkings,2026-05-02T14:19:15.897112
LeBron James,,,689b4554b0b10e67f46872eb2e74b98d,2026-05-06,01:40,assists,5.5,-373.0,,True,draftkings,2026-05-02T14:19:15.897113
LeBron James,,,689b4554b0b10e67f46872eb2e74b98d,2026-05-06,01:40,assists,6.5,-201.0,,True,draftkings,2026-05-02T14:19:15.897115
LeBron James,,,689b4554b0b10e67f46872eb2e74b98d,2026-05-06,01:40,assists,7.5,-115.0,,True,draftkings,2026-05-02T14:19:15.897117
LeBron James,,,689b4554b0b10e67f46872eb2e74b98d,2026-05-06,01:40,assists,8.5,147.0,,True,draftkings,2026-05-02T14:19:15.897118
LeBron James,,,689b4554b0b10e67f46872eb2e74b98d,2026-05-06,01:40,assists,9.5,242.0,,True,draftkings,2026-05-02T14:19:15.897120
LeBron James,,,689b4554b0b10e67f46872eb2e74b98d,2026-05-06,01:40,assists,10.5,392.0,,True,draftkings,2026-05-02T14:19:15.897122
LeBron James,,,689b4554b0b10e67f46872eb2e74b98d,2026-05-06,01:40,assists,11.5,630.0,,True,draftkings,2026-05-02T14:19:15.897124
LeBron James,,,689b4554b0b10e67f46872eb2e74b98d,2026-05-06,01:40,assists,12.5,990.0,,True,draftkings,2026-05-02T14:19:15.897125
LeBron James,,,689b4554b0b10e67f46872eb2e74b98d,2026-05-06,01:40,assists,13.5,1520.0,,True,draftkings,2026-05-02T14:19:15.897127
LeBron James,,,689b4554b0b10e67f46872eb2e74b98d,2026-05-06,01:40,assists,14.5,2200.0,,True,draftkings,2026-05-02T14:19:15.897129
Shai Gilgeous-Alexander,,,689b4554b0b10e67f46872eb2e74b98d,2026-05-06,01:40,assists,3.5,-2200.0,,True,draftkings,2026-05-02T14:19:15.897130
Shai Gilgeous-Alexander,,,689b4554b0b10e67f46872eb2e74b98d,2026-05-06,01:40,assists,4.5,-740.0,,True,draftkings,2026-05-02T14:19:15.897132
Shai Gilgeous-Alexander,,,689b4554b0b10e67f46872eb2e74b98d,2026-05-06,01:40,assists,5.5,-336.0,,True,draftkings,2026-05-02T14:19:15.897134
Shai Gilgeous-Alexander,,,689b4554b0b10e67f46872eb2e74b98d,2026-05-06,01:40,assists,6.5,-177.0,,True,draftkings,2026-05-02T14:19:15.897136
Shai Gilgeous-Alexander,,,689b4554b0b10e67f46872eb2e74b98d,2026-05-06,01:40,assists,7.5,102.0,,True,draftkings,2026-05-02T14:19:15.897137
Shai Gilgeous-Alexander,,,689b4554b0b10e67f46872eb2e74b98d,2026-05-06,01:40,assists,8.5,181.0,,True,draftkings,2026-05-02T14:19:15.897139
Shai Gilgeous-Alexander,,,689b4554b0b10e67f46872eb2e74b98d,2026-05-06,01:40,assists,9.5,316.0,,True,draftkings,2026-05-02T14:19:15.897141
Shai Gilgeous-Alexander,,,689b4554b0b10e67f46872eb2e74b98d,2026-05-06,01:40,assists,10.5,551.0,,True,draftkings,2026-05-02T14:19:15.897142
Shai Gilgeous-Alexander,,,689b4554b0b10e67f46872eb2e74b98d,2026-05-06,01:40,assists,11.5,900.0,,True,draftkings,2026-05-02T14:19:15.897144
Shai Gilgeous-Alexander,,,689b4554b0b10e67f46872eb2e74b98d,2026-05-06,01:40,assists,12.5,1500.0,,True,draftkings,2026-05-02T14:19:15.897146
Shai Gilgeous-Alexander,,,689b4554b0b10e67f46872eb2e74b98d,2026-05-06,01:40,assists,13.5,2300.0,,True,draftkings,2026-05-02T14:19:15.897148
Austin Reaves,,,689b4554b0b10e67f46872eb2e74b98d,2026-05-06,01:40,assists,2.5,-1140.0,,True,draftkings,2026-05-02T14:19:15.897149
Austin Reaves,,,689b4554b0b10e67f46872eb2e74b98d,2026-05-06,01:40,assists,3.5,-400.0,,True,draftkings,2026-05-02T14:19:15.897151
Austin Reaves,,,689b4554b0b10e67f46872eb2e74b98d,2026-05-06,01:40,assists,4.5,-181.0,,True,draftkings,2026-05-02T14:19:15.897155
Austin Reaves,,,689b4554b0b10e67f46872eb2e74b98d,2026-05-06,01:40,assists,5.5,109.0,,True,draftkings,2026-05-02T14:19:15.897157
Austin Reaves,,,689b4554b0b10e67f46872eb2e74b98d,2026-05-06,01:40,assists,6.5,206.0,,True,draftkings,2026-05-02T14:19:15.897159
Austin Reaves,,,689b4554b0b10e67f46872eb2e74b98d,2026-05-06,01:40,assists,7.5,375.0,,True,draftkings,2026-05-02T14:19:15.897161
Austin Reaves,,,689b4554b0b10e67f46872eb2e74b98d,2026-05-06,01:40,assists,8.5,660.0,,True,draftkings,2026-05-02T14:19:15.897163
Austin Reaves,,,689b4554b0b10e67f46872eb2e74b98d,2026-05-06,01:40,assists,9.5,1180.0,,True,draftkings,2026-05-02T14:19:15.897164
Austin Reaves,,,689b4554b0b10e67f46872eb2e74b98d,2026-05-06,01:40,assists,10.5,1940.0,,True,draftkings,2026-05-02T14:19:15.897166
Austin Reaves,,,689b4554b0b10e67f46872eb2e74b98d,2026-05-06,01:40,assists,11.5,2800.0,,True,draftkings,2026-05-02T14:19:15.897168
Jalen Williams,,,689b4554b0b10e67f46872eb2e74b98d,2026-05-06,01:40,assists,2.5,-890.0,,True,draftkings,2026-05-02T14:19:15.897171
Jalen Williams,,,689b4554b0b10e67f46872eb2e74b98d,2026-05-06,01:40,assists,3.5,-324.0,,True,draftkings,2026-05-02T14:19:15.897173
Jalen Williams,,,689b4554b0b10e67f46872eb2e74b98d,2026-05-06,01:40,assists,4.5,-149.0,,True,draftkings,2026-05-02T14:19:15.897174
Jalen Williams,,,689b4554b0b10e67f46872eb2e74b98d,2026-05-06,01:40,assists,5.5,131.0,,True,draftkings,2026-05-02T14:19:15.897176
Jalen Williams,,,689b4554b0b10e67f46872eb2e74b98d,2026-05-06,01:40,assists,6.5,246.0,,True,draftkings,2026-05-02T14:19:15.897178
Jalen Williams,,,689b4554b0b10e67f46872eb2e74b98d,2026-05-06,01:40,assists,7.5,450.0,,True,draftkings,2026-05-02T14:19:15.897180
Jalen Williams,,,689b4554b0b10e67f46872eb2e74b98d,2026-05-06,01:40,assists,8.5,790.0,,True,draftkings,2026-05-02T14:19:15.897181
Jalen Williams,,,689b4554b0b10e67f46872eb2e74b98d,2026-05-06,01:40,assists,9.5,1340.0,,True,draftkings,2026-05-02T14:19:15.897183
Jalen Williams,,,689b4554b0b10e67f46872eb2e74b98d,2026-05-06,01:40,assists,10.5,2100.0,,True,draftkings,2026-05-02T14:19:15.897185
Isaiah Hartenstein,,,689b4554b0b10e67f46872eb2e74b98d,2026-05-06,01:40,assists,2.5,-140.0,,True,draftkings,2026-05-02T14:19:15.897186
Isaiah Hartenstein,,,689b4554b0b10e67f46872eb2e74b98d,2026-05-06,01:40,assists,3.5,173.0,,True,draftkings,2026-05-02T14:19:15.897188
Isaiah Hartenstein,,,689b4554b0b10e67f46872eb2e74b98d,2026-05-06,01:40,assists,4.5,391.0,,True,draftkings,2026-05-02T14:19:15.897190
Isaiah Hartenstein,,,689b4554b0b10e67f46872eb2e74b98d,2026-05-06,01:40,assists,5.5,880.0,,True,draftkings,2026-05-02T14:19:15.897192
Isaiah Hartenstein,,,689b4554b0b10e67f46872eb2e74b98d,2026-05-06,01:40,assists,6.5,1740.0,,True,draftkings,2026-05-02T14:19:15.897194
Isaiah Hartenstein,,,689b4554b0b10e67f46872eb2e74b98d,2026-05-06,01:40,assists,7.5,2800.0,,True,draftkings,2026-05-02T14:19:15.897195
Marcus Smart,,,689b4554b0b10e67f46872eb2e74b98d,2026-05-06,01:40,assists,2.5,-133.0,,True,draftkings,2026-05-02T14:19:15.897197
Marcus Smart,,,689b4554b0b10e67f46872eb2e74b98d,2026-05-06,01:40,assists,3.5,179.0,,True,draftkings,2026-05-02T14:19:15.897199
Marcus Smart,,,689b4554b0b10e67f46872eb2e74b98d,2026-05-06,01:40,assists,4.5,407.0,,True,draftkings,2026-05-02T14:19:15.897200
Marcus Smart,,,689b4554b0b10e67f46872eb2e74b98d,2026-05-06,01:40,assists,5.5,850.0,,True,draftkings,2026-05-02T14:19:15.897202
Marcus Smart,,,689b4554b0b10e67f46872eb2e74b98d,2026-05-06,01:40,assists,6.5,1640.0,,True,draftkings,2026-05-02T14:19:15.897204
Marcus Smart,,,689b4554b0b10e67f46872eb2e74b98d,2026-05-06,01:40,assists,7.5,2800.0,,True,draftkings,2026-05-02T14:19:15.897205
Chet Holmgren,,,689b4554b0b10e67f46872eb2e74b98d,2026-05-06,01:40,assists,1.5,-116.0,,True,draftkings,2026-05-02T14:19:15.897207
Chet Holmgren,,,689b4554b0b10e67f46872eb2e74b98d,2026-05-06,01:40,assists,2.5,255.0,,True,draftkings,2026-05-02T14:19:15.897209
Chet Holmgren,,,689b4554b0b10e67f46872eb2e74b98d,2026-05-06,01:40,assists,3.5,700.0,,True,draftkings,2026-05-02T14:19:15.897211
Chet Holmgren,,,689b4554b0b10e67f46872eb2e74b98d,2026-05-06,01:40,assists,4.5,1700.0,,True,draftkings,2026-05-02T14:19:15.897212
Luguentz Dort,,,689b4554b0b10e67f46872eb2e74b98d,2026-05-06,01:40,assists,1.5,133.0,,True,draftkings,2026-05-02T14:19:15.897214
Luguentz Dort,,,689b4554b0b10e67f46872eb2e74b98d,2026-05-06,01:40,assists,2.5,422.0,,True,draftkings,2026-05-02T14:19:15.897216
Luguentz Dort,,,689b4554b0b10e67f46872eb2e74b98d,2026-05-06,01:40,assists,3.5,1140.0,,True,draftkings,2026-05-02T14:19:15.897217
Luguentz Dort,,,689b4554b0b10e67f46872eb2e74b98d,2026-05-06,01:40,assists,4.5,2500.0,,True,draftkings,2026-05-02T14:19:15.897219
Rui Hachimura,,,689b4554b0b10e67f46872eb2e74b98d,2026-05-06,01:40,assists,0.5,-236.0,,True,draftkings,2026-05-02T14:19:15.897221
Rui Hachimura,,,689b4554b0b10e67f46872eb2e74b98d,2026-05-06,01:40,assists,2.5,620.0,,True,draftkings,2026-05-02T14:19:15.897222
Rui Hachimura,,,689b4554b0b10e67f46872eb2e74b98d,2026-05-06,01:40,assists,3.5,1720.0,,True,draftkings,2026-05-02T14:19:15.897224
Deandre Ayton,,,689b4554b0b10e67f46872eb2e74b98d,2026-05-06,01:40,assists,0.5,-146.0,,True,draftkings,2026-05-02T14:19:15.897226
Deandre Ayton,,,689b4554b0b10e67f46872eb2e74b98d,2026-05-06,01:40,assists,2.5,1120.0,,True,draftkings,2026-05-02T14:19:15.897227
Deandre Ayton,,,689b4554b0b10e67f46872eb2e74b98d,2026-05-06,01:40,assists,3.5,2800.0,,True,draftkings,2026-05-02T14:19:15.897229
Shai Gilgeous-Alexander,,,689b4554b0b10e67f46872eb2e74b98d,2026-05-06,01:40,points,31.5,-114.0,-112.0,False,draftkings,2026-05-02T14:19:15.897244
Austin Reaves,,,689b4554b0b10e67f46872eb2e74b98d,2026-05-06,01:40,points,21.5,-120.0,-107.0,False,draftkings,2026-05-02T14:19:15.897246
LeBron James,,,689b4554b0b10e67f46872eb2e74b98d,2026-05-06,01:40,points,20.5,-108.0,-118.0,False,draftkings,2026-05-02T14:19:15.897248
Chet Holmgren,,,689b4554b0b10e67f46872eb2e74b98d,2026-05-06,01:40,points,16.5,-122.0,-104.0,False,draftkings,2026-05-02T14:19:15.897250
Jalen Williams,,,689b4554b0b10e67f46872eb2e74b98d,2026-05-06,01:40,points,16.5,-106.0,-121.0,False,draftkings,2026-05-02T14:19:15.897251
Rui Hachimura,,,689b4554b0b10e67f46872eb2e74b98d,2026-05-06,01:40,points,11.5,-108.0,-118.0,False,draftkings,2026-05-02T14:19:15.897253
Deandre Ayton,,,689b4554b0b10e67f46872eb2e74b98d,2026-05-06,01:40,points,10.5,-117.0,-109.0,False,draftkings,2026-05-02T14:19:15.897255
Marcus Smart,,,689b4554b0b10e67f46872eb2e74b98d,2026-05-06,01:40,points,10.5,-111.0,-115.0,False,draftkings,2026-05-02T14:19:15.897258
Isaiah Hartenstein,,,689b4554b0b10e67f46872eb2e74b98d,2026-05-06,01:40,points,8.5,105.0,-133.0,False,draftkings,2026-05-02T14:19:15.897260
Luguentz Dort,,,689b4554b0b10e67f46872eb2e74b98d,2026-05-06,01:40,points,6.5,-113.0,-113.0,False,draftkings,2026-05-02T14:19:15.897262
Shai Gilgeous-Alexander,,,689b4554b0b10e67f46872eb2e74b98d,2026-05-06,01:40,points,19.5,-2800.0,,True,draftkings,2026-05-02T14:19:15.897309
Shai Gilgeous-Alexander,,,689b4554b0b10e67f46872eb2e74b98d,2026-05-06,01:40,points,24.5,-593.0,,True,draftkings,2026-05-02T14:19:15.897311
Shai Gilgeous-Alexander,,,689b4554b0b10e67f46872eb2e74b98d,2026-05-06,01:40,points,29.5,-176.0,,True,draftkings,2026-05-02T14:19:15.897313
Shai Gilgeous-Alexander,,,689b4554b0b10e67f46872eb2e74b98d,2026-05-06,01:40,points,31.5,-115.0,,True,draftkings,2026-05-02T14:19:15.897314
Shai Gilgeous-Alexander,,,689b4554b0b10e67f46872eb2e74b98d,2026-05-06,01:40,points,34.5,162.0,,True,draftkings,2026-05-02T14:19:15.897316
Shai Gilgeous-Alexander,,,689b4554b0b10e67f46872eb2e74b98d,2026-05-06,01:40,points,39.5,441.0,,True,draftkings,2026-05-02T14:19:15.897318
Shai Gilgeous-Alexander,,,689b4554b0b10e67f46872eb2e74b98d,2026-05-06,01:40,points,44.5,1180.0,,True,draftkings,2026-05-02T14:19:15.897320
Shai Gilgeous-Alexander,,,689b4554b0b10e67f46872eb2e74b98d,2026-05-06,01:40,points,49.5,2700.0,,True,draftkings,2026-05-02T14:19:15.897322
Austin Reaves,,,689b4554b0b10e67f46872eb2e74b98d,2026-05-06,01:40,points,11.5,-1820.0,,True,draftkings,2026-05-02T14:19:15.897323
Austin Reaves,,,689b4554b0b10e67f46872eb2e74b98d,2026-05-06,01:40,points,14.5,-620.0,,True,draftkings,2026-05-02T14:19:15.897325
Austin Reaves,,,689b4554b0b10e67f46872eb2e74b98d,2026-05-06,01:40,points,17.5,-275.0,,True,draftkings,2026-05-02T14:19:15.897327
Austin Reaves,,,689b4554b0b10e67f46872eb2e74b98d,2026-05-06,01:40,points,19.5,-181.0,,True,draftkings,2026-05-02T14:19:15.897328
Austin Reaves,,,689b4554b0b10e67f46872eb2e74b98d,2026-05-06,01:40,points,21.5,-119.0,,True,draftkings,2026-05-02T14:19:15.897330
Austin Reaves,,,689b4554b0b10e67f46872eb2e74b98d,2026-05-06,01:40,points,24.5,152.0,,True,draftkings,2026-05-02T14:19:15.897332
Austin Reaves,,,689b4554b0b10e67f46872eb2e74b98d,2026-05-06,01:40,points,29.5,384.0,,True,draftkings,2026-05-02T14:19:15.897333
Austin Reaves,,,689b4554b0b10e67f46872eb2e74b98d,2026-05-06,01:40,points,34.5,950.0,,True,draftkings,2026-05-02T14:19:15.897335
Austin Reaves,,,689b4554b0b10e67f46872eb2e74b98d,2026-05-06,01:40,points,39.5,2100.0,,True,draftkings,2026-05-02T14:19:15.897337
LeBron James,,,689b4554b0b10e67f46872eb2e74b98d,2026-05-06,01:40,points,9.5,-2500.0,,True,draftkings,2026-05-02T14:19:15.897338
LeBron James,,,689b4554b0b10e67f46872eb2e74b98d,2026-05-06,01:40,points,11.5,-1060.0,,True,draftkings,2026-05-02T14:19:15.897340
LeBron James,,,689b4554b0b10e67f46872eb2e74b98d,2026-05-06,01:40,points,14.5,-420.0,,True,draftkings,2026-05-02T14:19:15.897342
LeBron James,,,689b4554b0b10e67f46872eb2e74b98d,2026-05-06,01:40,points,17.5,-203.0,,True,draftkings,2026-05-02T14:19:15.897343
LeBron James,,,689b4554b0b10e67f46872eb2e74b98d,2026-05-06,01:40,points,19.5,-132.0,,True,draftkings,2026-05-02T14:19:15.897345
LeBron James,,,689b4554b0b10e67f46872eb2e74b98d,2026-05-06,01:40,points,20.5,-108.0,,True,draftkings,2026-05-02T14:19:15.897347
LeBron James,,,689b4554b0b10e67f46872eb2e74b98d,2026-05-06,01:40,points,24.5,203.0,,True,draftkings,2026-05-02T14:19:15.897349
LeBron James,,,689b4554b0b10e67f46872eb2e74b98d,2026-05-06,01:40,points,29.5,503.0,,True,draftkings,2026-05-02T14:19:15.897350
LeBron James,,,689b4554b0b10e67f46872eb2e74b98d,2026-05-06,01:40,points,34.5,1240.0,,True,draftkings,2026-05-02T14:19:15.897352
LeBron James,,,689b4554b0b10e67f46872eb2e74b98d,2026-05-06,01:40,points,39.5,2600.0,,True,draftkings,2026-05-02T14:19:15.897354
Jalen Williams,,,689b4554b0b10e67f46872eb2e74b98d,2026-05-06,01:40,points,7.5,-2200.0,,True,draftkings,2026-05-02T14:19:15.897355
Jalen Williams,,,689b4554b0b10e67f46872eb2e74b98d,2026-05-06,01:40,points,9.5,-840.0,,True,draftkings,2026-05-02T14:19:15.897357
Jalen Williams,,,689b4554b0b10e67f46872eb2e74b98d,2026-05-06,01:40,points,11.5,-408.0,,True,draftkings,2026-05-02T14:19:15.897359
Jalen Williams,,,689b4554b0b10e67f46872eb2e74b98d,2026-05-06,01:40,points,14.5,-172.0,,True,draftkings,2026-05-02T14:19:15.897361
Jalen Williams,,,689b4554b0b10e67f46872eb2e74b98d,2026-05-06,01:40,points,16.5,-106.0,,True,draftkings,2026-05-02T14:19:15.897362
Jalen Williams,,,689b4554b0b10e67f46872eb2e74b98d,2026-05-06,01:40,points,17.5,117.0,,True,draftkings,2026-05-02T14:19:15.897364
Jalen Williams,,,689b4554b0b10e67f46872eb2e74b98d,2026-05-06,01:40,points,19.5,180.0,,True,draftkings,2026-05-02T14:19:15.897366
Jalen Williams,,,689b4554b0b10e67f46872eb2e74b98d,2026-05-06,01:40,points,24.5,494.0,,True,draftkings,2026-05-02T14:19:15.897367
Jalen Williams,,,689b4554b0b10e67f46872eb2e74b98d,2026-05-06,01:40,points,29.5,1260.0,,True,draftkings,2026-05-02T14:19:15.897369
Jalen Williams,,,689b4554b0b10e67f46872eb2e74b98d,2026-05-06,01:40,points,34.5,2700.0,,True,draftkings,2026-05-02T14:19:15.897371
Chet Holmgren,,,689b4554b0b10e67f46872eb2e74b98d,2026-05-06,01:40,points,7.5,-3600.0,,True,draftkings,2026-05-02T14:19:15.897372
Chet Holmgren,,,689b4554b0b10e67f46872eb2e74b98d,2026-05-06,01:40,points,9.5,-1160.0,,True,draftkings,2026-05-02T14:19:15.897374
Chet Holmgren,,,689b4554b0b10e67f46872eb2e74b98d,2026-05-06,01:40,points,11.5,-526.0,,True,draftkings,2026-05-02T14:19:15.897376
Chet Holmgren,,,689b4554b0b10e67f46872eb2e74b98d,2026-05-06,01:40,points,14.5,-210.0,,True,draftkings,2026-05-02T14:19:15.897377
Chet Holmgren,,,689b4554b0b10e67f46872eb2e74b98d,2026-05-06,01:40,points,16.5,-122.0,,True,draftkings,2026-05-02T14:19:15.897379
Chet Holmgren,,,689b4554b0b10e67f46872eb2e74b98d,2026-05-06,01:40,points,17.5,104.0,,True,draftkings,2026-05-02T14:19:15.897381
Chet Holmgren,,,689b4554b0b10e67f46872eb2e74b98d,2026-05-06,01:40,points,19.5,169.0,,True,draftkings,2026-05-02T14:19:15.897382
Chet Holmgren,,,689b4554b0b10e67f46872eb2e74b98d,2026-05-06,01:40,points,24.5,534.0,,True,draftkings,2026-05-02T14:19:15.897384
Chet Holmgren,,,689b4554b0b10e67f46872eb2e74b98d,2026-05-06,01:40,points,29.5,1540.0,,True,draftkings,2026-05-02T14:19:15.897386
Rui Hachimura,,,689b4554b0b10e67f46872eb2e74b98d,2026-05-06,01:40,points,5.5,-830.0,,True,draftkings,2026-05-02T14:19:15.897387
Rui Hachimura,,,689b4554b0b10e67f46872eb2e74b98d,2026-05-06,01:40,points,7.5,-370.0,,True,draftkings,2026-05-02T14:19:15.897389
Rui Hachimura,,,689b4554b0b10e67f46872eb2e74b98d,2026-05-06,01:40,points,9.5,-192.0,,True,draftkings,2026-05-02T14:19:15.897392
Rui Hachimura,,,689b4554b0b10e67f46872eb2e74b98d,2026-05-06,01:40,points,11.5,-107.0,,True,draftkings,2026-05-02T14:19:15.897394
Rui Hachimura,,,689b4554b0b10e67f46872eb2e74b98d,2026-05-06,01:40,points,14.5,209.0,,True,draftkings,2026-05-02T14:19:15.897396
Rui Hachimura,,,689b4554b0b10e67f46872eb2e74b98d,2026-05-06,01:40,points,17.5,439.0,,True,draftkings,2026-05-02T14:19:15.897398
Rui Hachimura,,,689b4554b0b10e67f46872eb2e74b98d,2026-05-06,01:40,points,19.5,700.0,,True,draftkings,2026-05-02T14:19:15.897399
Rui Hachimura,,,689b4554b0b10e67f46872eb2e74b98d,2026-05-06,01:40,points,24.5,2100.0,,True,draftkings,2026-05-02T14:19:15.897401
Marcus Smart,,,689b4554b0b10e67f46872eb2e74b98d,2026-05-06,01:40,points,5.5,-595.0,,True,draftkings,2026-05-02T14:19:15.897403
Marcus Smart,,,689b4554b0b10e67f46872eb2e74b98d,2026-05-06,01:40,points,7.5,-284.0,,True,draftkings,2026-05-02T14:19:15.897405
Marcus Smart,,,689b4554b0b10e67f46872eb2e74b98d,2026-05-06,01:40,points,9.5,-148.0,,True,draftkings,2026-05-02T14:19:15.897408
Marcus Smart,,,689b4554b0b10e67f46872eb2e74b98d,2026-05-06,01:40,points,10.5,-111.0,,True,draftkings,2026-05-02T14:19:15.897410
Marcus Smart,,,689b4554b0b10e67f46872eb2e74b98d,2026-05-06,01:40,points,11.5,119.0,,True,draftkings,2026-05-02T14:19:15.897412
Marcus Smart,,,689b4554b0b10e67f46872eb2e74b98d,2026-05-06,01:40,points,14.5,268.0,,True,draftkings,2026-05-02T14:19:15.897413
Marcus Smart,,,689b4554b0b10e67f46872eb2e74b98d,2026-05-06,01:40,points,17.5,567.0,,True,draftkings,2026-05-02T14:19:15.897415
Marcus Smart,,,689b4554b0b10e67f46872eb2e74b98d,2026-05-06,01:40,points,19.5,910.0,,True,draftkings,2026-05-02T14:19:15.897417
Marcus Smart,,,689b4554b0b10e67f46872eb2e74b98d,2026-05-06,01:40,points,24.5,2300.0,,True,draftkings,2026-05-02T14:19:15.897418
Deandre Ayton,,,689b4554b0b10e67f46872eb2e74b98d,2026-05-06,01:40,points,5.5,-1120.0,,True,draftkings,2026-05-02T14:19:15.897420
Deandre Ayton,,,689b4554b0b10e67f46872eb2e74b98d,2026-05-06,01:40,points,7.5,-404.0,,True,draftkings,2026-05-02T14:19:15.897424
Deandre Ayton,,,689b4554b0b10e67f46872eb2e74b98d,2026-05-06,01:40,points,9.5,-187.0,,True,draftkings,2026-05-02T14:19:15.897425
Deandre Ayton,,,689b4554b0b10e67f46872eb2e74b98d,2026-05-06,01:40,points,10.5,-115.0,,True,draftkings,2026-05-02T14:19:15.897427
Deandre Ayton,,,689b4554b0b10e67f46872eb2e74b98d,2026-05-06,01:40,points,11.5,106.0,,True,draftkings,2026-05-02T14:19:15.897429
Deandre Ayton,,,689b4554b0b10e67f46872eb2e74b98d,2026-05-06,01:40,points,14.5,292.0,,True,draftkings,2026-05-02T14:19:15.897431
Deandre Ayton,,,689b4554b0b10e67f46872eb2e74b98d,2026-05-06,01:40,points,17.5,630.0,,True,draftkings,2026-05-02T14:19:15.897432
Deandre Ayton,,,689b4554b0b10e67f46872eb2e74b98d,2026-05-06,01:40,points,19.5,1060.0,,True,draftkings,2026-05-02T14:19:15.897434
Isaiah Hartenstein,,,689b4554b0b10e67f46872eb2e74b98d,2026-05-06,01:40,points,5.5,-406.0,,True,draftkings,2026-05-02T14:19:15.897436
Isaiah Hartenstein,,,689b4554b0b10e67f46872eb2e74b98d,2026-05-06,01:40,points,7.5,-163.0,,True,draftkings,2026-05-02T14:19:15.897437
Isaiah Hartenstein,,,689b4554b0b10e67f46872eb2e74b98d,2026-05-06,01:40,points,8.5,105.0,,True,draftkings,2026-05-02T14:19:15.897439
Isaiah Hartenstein,,,689b4554b0b10e67f46872eb2e74b98d,2026-05-06,01:40,points,9.5,133.0,,True,draftkings,2026-05-02T14:19:15.897441
Isaiah Hartenstein,,,689b4554b0b10e67f46872eb2e74b98d,2026-05-06,01:40,points,11.5,270.0,,True,draftkings,2026-05-02T14:19:15.897442
Isaiah Hartenstein,,,689b4554b0b10e67f46872eb2e74b98d,2026-05-06,01:40,points,14.5,780.0,,True,draftkings,2026-05-02T14:19:15.897444
Isaiah Hartenstein,,,689b4554b0b10e67f46872eb2e74b98d,2026-05-06,01:40,points,17.5,1740.0,,True,draftkings,2026-05-02T14:19:15.897446
Isaiah Hartenstein,,,689b4554b0b10e67f46872eb2e74b98d,2026-05-06,01:40,points,19.5,2800.0,,True,draftkings,2026-05-02T14:19:15.897447
Luguentz Dort,,,689b4554b0b10e67f46872eb2e74b98d,2026-05-06,01:40,points,5.5,-194.0,,True,draftkings,2026-05-02T14:19:15.897449
Luguentz Dort,,,689b4554b0b10e67f46872eb2e74b98d,2026-05-06,01:40,points,6.5,-114.0,,True,draftkings,2026-05-02T14:19:15.897452
Luguentz Dort,,,689b4554b0b10e67f46872eb2e74b98d,2026-05-06,01:40,points,7.5,106.0,,True,draftkings,2026-05-02T14:19:15.897453
Luguentz Dort,,,689b4554b0b10e67f46872eb2e74b98d,2026-05-06,01:40,points,9.5,233.0,,True,draftkings,2026-05-02T14:19:15.897455
Luguentz Dort,,,689b4554b0b10e67f46872eb2e74b98d,2026-05-06,01:40,points,11.5,403.0,,True,draftkings,2026-05-02T14:19:15.897457
Luguentz Dort,,,689b4554b0b10e67f46872eb2e74b98d,2026-05-06,01:40,points,14.5,980.0,,True,draftkings,2026-05-02T14:19:15.897458
Luguentz Dort,,,689b4554b0b10e67f46872eb2e74b98d,2026-05-06,01:40,points,17.5,2000.0,,True,draftkings,2026-05-02T14:19:15.897460
Luguentz Dort,,,689b4554b0b10e67f46872eb2e74b98d,2026-05-06,01:40,points,19.5,2900.0,,True,draftkings,2026-05-02T14:19:15.897462
Chet Holmgren,,,689b4554b0b10e67f46872eb2e74b98d,2026-05-06,01:40,rebounds,8.5,-130.0,-101.0,False,draftkings,2026-05-02T14:19:15.897478
Isaiah Hartenstein,,,689b4554b0b10e67f46872eb2e74b98d,2026-05-06,01:40,rebounds,8.5,100.0,-132.0,False,draftkings,2026-05-02T14:19:15.897480
Deandre Ayton,,,689b4554b0b10e67f46872eb2e74b98d,2026-05-06,01:40,rebounds,8.5,104.0,-137.0,False,draftkings,2026-05-02T14:19:15.897481
LeBron James,,,689b4554b0b10e67f46872eb2e74b98d,2026-05-06,01:40,rebounds,7.5,106.0,-139.0,False,draftkings,2026-05-02T14:19:15.897483
Shai Gilgeous-Alexander,,,689b4554b0b10e67f46872eb2e74b98d,2026-05-06,01:40,rebounds,4.5,-103.0,-128.0,False,draftkings,2026-05-02T14:19:15.897485
Austin Reaves,,,689b4554b0b10e67f46872eb2e74b98d,2026-05-06,01:40,rebounds,4.5,102.0,-134.0,False,draftkings,2026-05-02T14:19:15.897486
Jalen Williams,,,689b4554b0b10e67f46872eb2e74b98d,2026-05-06,01:40,rebounds,4.5,116.0,-152.0,False,draftkings,2026-05-02T14:19:15.897488
Rui Hachimura,,,689b4554b0b10e67f46872eb2e74b98d,2026-05-06,01:40,rebounds,3.5,-122.0,-107.0,False,draftkings,2026-05-02T14:19:15.897490
Luguentz Dort,,,689b4554b0b10e67f46872eb2e74b98d,2026-05-06,01:40,rebounds,3.5,121.0,-160.0,False,draftkings,2026-05-02T14:19:15.897494
Marcus Smart,,,689b4554b0b10e67f46872eb2e74b98d,2026-05-06,01:40,rebounds,2.5,-115.0,-114.0,False,draftkings,2026-05-02T14:19:15.897496
Chet Holmgren,,,689b4554b0b10e67f46872eb2e74b98d,2026-05-06,01:40,rebounds,4.5,-2300.0,,True,draftkings,2026-05-02T14:19:15.897543
Chet Holmgren,,,689b4554b0b10e67f46872eb2e74b98d,2026-05-06,01:40,rebounds,5.5,-830.0,,True,draftkings,2026-05-02T14:19:15.897545
Chet Holmgren,,,689b4554b0b10e67f46872eb2e74b98d,2026-05-06,01:40,rebounds,6.5,-412.0,,True,draftkings,2026-05-02T14:19:15.897549
Chet Holmgren,,,689b4554b0b10e67f46872eb2e74b98d,2026-05-06,01:40,rebounds,7.5,-222.0,,True,draftkings,2026-05-02T14:19:15.897551
Chet Holmgren,,,689b4554b0b10e67f46872eb2e74b98d,2026-05-06,01:40,rebounds,8.5,-131.0,,True,draftkings,2026-05-02T14:19:15.897553
Chet Holmgren,,,689b4554b0b10e67f46872eb2e74b98d,2026-05-06,01:40,rebounds,9.5,126.0,,True,draftkings,2026-05-02T14:19:15.897554
Chet Holmgren,,,689b4554b0b10e67f46872eb2e74b98d,2026-05-06,01:40,rebounds,10.5,203.0,,True,draftkings,2026-05-02T14:19:15.897556
Chet Holmgren,,,689b4554b0b10e67f46872eb2e74b98d,2026-05-06,01:40,rebounds,11.5,324.0,,True,draftkings,2026-05-02T14:19:15.897558
Chet Holmgren,,,689b4554b0b10e67f46872eb2e74b98d,2026-05-06,01:40,rebounds,12.5,512.0,,True,draftkings,2026-05-02T14:19:15.897559
Chet Holmgren,,,689b4554b0b10e67f46872eb2e74b98d,2026-05-06,01:40,rebounds,13.5,810.0,,True,draftkings,2026-05-02T14:19:15.897561
Chet Holmgren,,,689b4554b0b10e67f46872eb2e74b98d,2026-05-06,01:40,rebounds,14.5,1240.0,,True,draftkings,2026-05-02T14:19:15.897563
Chet Holmgren,,,689b4554b0b10e67f46872eb2e74b98d,2026-05-06,01:40,rebounds,15.5,1840.0,,True,draftkings,2026-05-02T14:19:15.897564
Chet Holmgren,,,689b4554b0b10e67f46872eb2e74b98d,2026-05-06,01:40,rebounds,16.5,2500.0,,True,draftkings,2026-05-02T14:19:15.897566
Isaiah Hartenstein,,,689b4554b0b10e67f46872eb2e74b98d,2026-05-06,01:40,rebounds,4.5,-1560.0,,True,draftkings,2026-05-02T14:19:15.897568
Isaiah Hartenstein,,,689b4554b0b10e67f46872eb2e74b98d,2026-05-06,01:40,rebounds,5.5,-640.0,,True,draftkings,2026-05-02T14:19:15.897569
Isaiah Hartenstein,,,689b4554b0b10e67f46872eb2e74b98d,2026-05-06,01:40,rebounds,6.5,-312.0,,True,draftkings,2026-05-02T14:19:15.897571
Isaiah Hartenstein,,,689b4554b0b10e67f46872eb2e74b98d,2026-05-06,01:40,rebounds,7.5,-175.0,,True,draftkings,2026-05-02T14:19:15.897579
Isaiah Hartenstein,,,689b4554b0b10e67f46872eb2e74b98d,2026-05-06,01:40,rebounds,8.5,-102.0,,True,draftkings,2026-05-02T14:19:15.897581
Isaiah Hartenstein,,,689b4554b0b10e67f46872eb2e74b98d,2026-05-06,01:40,rebounds,9.5,165.0,,True,draftkings,2026-05-02T14:19:15.897583
Isaiah Hartenstein,,,689b4554b0b10e67f46872eb2e74b98d,2026-05-06,01:40,rebounds,10.5,271.0,,True,draftkings,2026-05-02T14:19:15.897584
Isaiah Hartenstein,,,689b4554b0b10e67f46872eb2e74b98d,2026-05-06,01:40,rebounds,11.5,440.0,,True,draftkings,2026-05-02T14:19:15.897586
Isaiah Hartenstein,,,689b4554b0b10e67f46872eb2e74b98d,2026-05-06,01:40,rebounds,12.5,700.0,,True,draftkings,2026-05-02T14:19:15.897588
Isaiah Hartenstein,,,689b4554b0b10e67f46872eb2e74b98d,2026-05-06,01:40,rebounds,13.5,1120.0,,True,draftkings,2026-05-02T14:19:15.897589
Isaiah Hartenstein,,,689b4554b0b10e67f46872eb2e74b98d,2026-05-06,01:40,rebounds,14.5,1680.0,,True,draftkings,2026-05-02T14:19:15.897591
Isaiah Hartenstein,,,689b4554b0b10e67f46872eb2e74b98d,2026-05-06,01:40,rebounds,15.5,2300.0,,True,draftkings,2026-05-02T14:19:15.897594
Deandre Ayton,,,689b4554b0b10e67f46872eb2e74b98d,2026-05-06,01:40,rebounds,4.5,-1380.0,,True,draftkings,2026-05-02T14:19:15.897596
Deandre Ayton,,,689b4554b0b10e67f46872eb2e74b98d,2026-05-06,01:40,rebounds,5.5,-571.0,,True,draftkings,2026-05-02T14:19:15.897598
Deandre Ayton,,,689b4554b0b10e67f46872eb2e74b98d,2026-05-06,01:40,rebounds,6.5,-288.0,,True,draftkings,2026-05-02T14:19:15.897600
Deandre Ayton,,,689b4554b0b10e67f46872eb2e74b98d,2026-05-06,01:40,rebounds,7.5,-160.0,,True,draftkings,2026-05-02T14:19:15.897601
Deandre Ayton,,,689b4554b0b10e67f46872eb2e74b98d,2026-05-06,01:40,rebounds,8.5,105.0,,True,draftkings,2026-05-02T14:19:15.897603
Deandre Ayton,,,689b4554b0b10e67f46872eb2e74b98d,2026-05-06,01:40,rebounds,9.5,175.0,,True,draftkings,2026-05-02T14:19:15.897604
Deandre Ayton,,,689b4554b0b10e67f46872eb2e74b98d,2026-05-06,01:40,rebounds,10.5,288.0,,True,draftkings,2026-05-02T14:19:15.897606
Deandre Ayton,,,689b4554b0b10e67f46872eb2e74b98d,2026-05-06,01:40,rebounds,11.5,464.0,,True,draftkings,2026-05-02T14:19:15.897608
Deandre Ayton,,,689b4554b0b10e67f46872eb2e74b98d,2026-05-06,01:40,rebounds,12.5,740.0,,True,draftkings,2026-05-02T14:19:15.897609
Deandre Ayton,,,689b4554b0b10e67f46872eb2e74b98d,2026-05-06,01:40,rebounds,13.5,1160.0,,True,draftkings,2026-05-02T14:19:15.897611
Deandre Ayton,,,689b4554b0b10e67f46872eb2e74b98d,2026-05-06,01:40,rebounds,14.5,1780.0,,True,draftkings,2026-05-02T14:19:15.897613
Deandre Ayton,,,689b4554b0b10e67f46872eb2e74b98d,2026-05-06,01:40,rebounds,15.5,2500.0,,True,draftkings,2026-05-02T14:19:15.897614
LeBron James,,,689b4554b0b10e67f46872eb2e74b98d,2026-05-06,01:40,rebounds,3.5,-1420.0,,True,draftkings,2026-05-02T14:19:15.897616
LeBron James,,,689b4554b0b10e67f46872eb2e74b98d,2026-05-06,01:40,rebounds,4.5,-564.0,,True,draftkings,2026-05-02T14:19:15.897618
LeBron James,,,689b4554b0b10e67f46872eb2e74b98d,2026-05-06,01:40,rebounds,5.5,-290.0,,True,draftkings,2026-05-02T14:19:15.897619
LeBron James,,,689b4554b0b10e67f46872eb2e74b98d,2026-05-06,01:40,rebounds,6.5,-159.0,,True,draftkings,2026-05-02T14:19:15.897621
LeBron James,,,689b4554b0b10e67f46872eb2e74b98d,2026-05-06,01:40,rebounds,7.5,107.0,,True,draftkings,2026-05-02T14:19:15.897623
LeBron James,,,689b4554b0b10e67f46872eb2e74b98d,2026-05-06,01:40,rebounds,8.5,177.0,,True,draftkings,2026-05-02T14:19:15.897624
LeBron James,,,689b4554b0b10e67f46872eb2e74b98d,2026-05-06,01:40,rebounds,9.5,287.0,,True,draftkings,2026-05-02T14:19:15.897626
LeBron James,,,689b4554b0b10e67f46872eb2e74b98d,2026-05-06,01:40,rebounds,10.5,465.0,,True,draftkings,2026-05-02T14:19:15.897628
LeBron James,,,689b4554b0b10e67f46872eb2e74b98d,2026-05-06,01:40,rebounds,11.5,750.0,,True,draftkings,2026-05-02T14:19:15.897629
LeBron James,,,689b4554b0b10e67f46872eb2e74b98d,2026-05-06,01:40,rebounds,12.5,1180.0,,True,draftkings,2026-05-02T14:19:15.897631
LeBron James,,,689b4554b0b10e67f46872eb2e74b98d,2026-05-06,01:40,rebounds,13.5,1740.0,,True,draftkings,2026-05-02T14:19:15.897633
LeBron James,,,689b4554b0b10e67f46872eb2e74b98d,2026-05-06,01:40,rebounds,14.5,2400.0,,True,draftkings,2026-05-02T14:19:15.897636
Jalen Williams,,,689b4554b0b10e67f46872eb2e74b98d,2026-05-06,01:40,rebounds,2.5,-446.0,,True,draftkings,2026-05-02T14:19:15.897638
Jalen Williams,,,689b4554b0b10e67f46872eb2e74b98d,2026-05-06,01:40,rebounds,3.5,-177.0,,True,draftkings,2026-05-02T14:19:15.897640
Jalen Williams,,,689b4554b0b10e67f46872eb2e74b98d,2026-05-06,01:40,rebounds,4.5,118.0,,True,draftkings,2026-05-02T14:19:15.897641
Jalen Williams,,,689b4554b0b10e67f46872eb2e74b98d,2026-05-06,01:40,rebounds,5.5,225.0,,True,draftkings,2026-05-02T14:19:15.897643
Jalen Williams,,,689b4554b0b10e67f46872eb2e74b98d,2026-05-06,01:40,rebounds,6.5,405.0,,True,draftkings,2026-05-02T14:19:15.897645
Jalen Williams,,,689b4554b0b10e67f46872eb2e74b98d,2026-05-06,01:40,rebounds,7.5,730.0,,True,draftkings,2026-05-02T14:19:15.897648
Jalen Williams,,,689b4554b0b10e67f46872eb2e74b98d,2026-05-06,01:40,rebounds,8.5,1280.0,,True,draftkings,2026-05-02T14:19:15.897650
Jalen Williams,,,689b4554b0b10e67f46872eb2e74b98d,2026-05-06,01:40,rebounds,9.5,1980.0,,True,draftkings,2026-05-02T14:19:15.897652
Jalen Williams,,,689b4554b0b10e67f46872eb2e74b98d,2026-05-06,01:40,rebounds,10.5,2900.0,,True,draftkings,2026-05-02T14:19:15.897653
Austin Reaves,,,689b4554b0b10e67f46872eb2e74b98d,2026-05-06,01:40,rebounds,2.5,-499.0,,True,draftkings,2026-05-02T14:19:15.897655
Austin Reaves,,,689b4554b0b10e67f46872eb2e74b98d,2026-05-06,01:40,rebounds,3.5,-202.0,,True,draftkings,2026-05-02T14:19:15.897657
Austin Reaves,,,689b4554b0b10e67f46872eb2e74b98d,2026-05-06,01:40,rebounds,4.5,104.0,,True,draftkings,2026-05-02T14:19:15.897658
Austin Reaves,,,689b4554b0b10e67f46872eb2e74b98d,2026-05-06,01:40,rebounds,5.5,210.0,,True,draftkings,2026-05-02T14:19:15.897660
Austin Reaves,,,689b4554b0b10e67f46872eb2e74b98d,2026-05-06,01:40,rebounds,6.5,400.0,,True,draftkings,2026-05-02T14:19:15.897662
Austin Reaves,,,689b4554b0b10e67f46872eb2e74b98d,2026-05-06,01:40,rebounds,7.5,730.0,,True,draftkings,2026-05-02T14:19:15.897663
Austin Reaves,,,689b4554b0b10e67f46872eb2e74b98d,2026-05-06,01:40,rebounds,8.5,1300.0,,True,draftkings,2026-05-02T14:19:15.897665
Austin Reaves,,,689b4554b0b10e67f46872eb2e74b98d,2026-05-06,01:40,rebounds,9.5,2100.0,,True,draftkings,2026-05-02T14:19:15.897667
Shai Gilgeous-Alexander,,,689b4554b0b10e67f46872eb2e74b98d,2026-05-06,01:40,rebounds,2.5,-582.0,,True,draftkings,2026-05-02T14:19:15.897668
Shai Gilgeous-Alexander,,,689b4554b0b10e67f46872eb2e74b98d,2026-05-06,01:40,rebounds,3.5,-227.0,,True,draftkings,2026-05-02T14:19:15.897670
Shai Gilgeous-Alexander,,,689b4554b0b10e67f46872eb2e74b98d,2026-05-06,01:40,rebounds,4.5,-104.0,,True,draftkings,2026-05-02T14:19:15.897672
Shai Gilgeous-Alexander,,,689b4554b0b10e67f46872eb2e74b98d,2026-05-06,01:40,rebounds,5.5,194.0,,True,draftkings,2026-05-02T14:19:15.897673
Shai Gilgeous-Alexander,,,689b4554b0b10e67f46872eb2e74b98d,2026-05-06,01:40,rebounds,6.5,378.0,,True,draftkings,2026-05-02T14:19:15.897675
Shai Gilgeous-Alexander,,,689b4554b0b10e67f46872eb2e74b98d,2026-05-06,01:40,rebounds,7.5,710.0,,True,draftkings,2026-05-02T14:19:15.897677
Shai Gilgeous-Alexander,,,689b4554b0b10e67f46872eb2e74b98d,2026-05-06,01:40,rebounds,8.5,1280.0,,True,draftkings,2026-05-02T14:19:15.897678
Shai Gilgeous-Alexander,,,689b4554b0b10e67f46872eb2e74b98d,2026-05-06,01:40,rebounds,9.5,2100.0,,True,draftkings,2026-05-02T14:19:15.897680
Rui Hachimura,,,689b4554b0b10e67f46872eb2e74b98d,2026-05-06,01:40,rebounds,2.5,-290.0,,True,draftkings,2026-05-02T14:19:15.897682
Rui Hachimura,,,689b4554b0b10e67f46872eb2e74b98d,2026-05-06,01:40,rebounds,3.5,-121.0,,True,draftkings,2026-05-02T14:19:15.897683
Rui Hachimura,,,689b4554b0b10e67f46872eb2e74b98d,2026-05-06,01:40,rebounds,4.5,175.0,,True,draftkings,2026-05-02T14:19:15.897685
Rui Hachimura,,,689b4554b0b10e67f46872eb2e74b98d,2026-05-06,01:40,rebounds,5.5,347.0,,True,draftkings,2026-05-02T14:19:15.897687
Rui Hachimura,,,689b4554b0b10e67f46872eb2e74b98d,2026-05-06,01:40,rebounds,6.5,680.0,,True,draftkings,2026-05-02T14:19:15.897688
Rui Hachimura,,,689b4554b0b10e67f46872eb2e74b98d,2026-05-06,01:40,rebounds,7.5,1260.0,,True,draftkings,2026-05-02T14:19:15.897690
Rui Hachimura,,,689b4554b0b10e67f46872eb2e74b98d,2026-05-06,01:40,rebounds,8.5,2200.0,,True,draftkings,2026-05-02T14:19:15.897693
Luguentz Dort,,,689b4554b0b10e67f46872eb2e74b98d,2026-05-06,01:40,rebounds,2.5,-196.0,,True,draftkings,2026-05-02T14:19:15.897695
Luguentz Dort,,,689b4554b0b10e67f46872eb2e74b98d,2026-05-06,01:40,rebounds,3.5,122.0,,True,draftkings,2026-05-02T14:19:15.897697
Luguentz Dort,,,689b4554b0b10e67f46872eb2e74b98d,2026-05-06,01:40,rebounds,4.5,264.0,,True,draftkings,2026-05-02T14:19:15.897698
Luguentz Dort,,,689b4554b0b10e67f46872eb2e74b98d,2026-05-06,01:40,rebounds,5.5,557.0,,True,draftkings,2026-05-02T14:19:15.897700
Luguentz Dort,,,689b4554b0b10e67f46872eb2e74b98d,2026-05-06,01:40,rebounds,6.5,1120.0,,True,draftkings,2026-05-02T14:19:15.897702
Luguentz Dort,,,689b4554b0b10e67f46872eb2e74b98d,2026-05-06,01:40,rebounds,7.5,2000.0,,True,draftkings,2026-05-02T14:19:15.897704
Marcus Smart,,,689b4554b0b10e67f46872eb2e74b98d,2026-05-06,01:40,rebounds,2.5,-115.0,,True,draftkings,2026-05-02T14:19:15.897705
Marcus Smart,,,689b4554b0b10e67f46872eb2e74b98d,2026-05-06,01:40,rebounds,3.5,209.0,,True,draftkings,2026-05-02T14:19:15.897709
Marcus Smart,,,689b4554b0b10e67f46872eb2e74b98d,2026-05-06,01:40,rebounds,4.5,476.0,,True,draftkings,2026-05-02T14:19:15.897710
Marcus Smart,,,689b4554b0b10e67f46872eb2e74b98d,2026-05-06,01:40,rebounds,5.5,1000.0,,True,draftkings,2026-05-02T14:19:15.897712
Marcus Smart,,,689b4554b0b10e67f46872eb2e74b98d,2026-05-06,01:40,rebounds,6.5,1880.0,,True,draftkings,2026-05-02T14:19:15.897714
Marcus Smart,,,689b4554b0b10e67f46872eb2e74b98d,2026-05-06,01:40,rebounds,7.5,2900.0,,True,draftkings,2026-05-02T14:19:15.897715
Austin Reaves,,,689b4554b0b10e67f46872eb2e74b98d,2026-05-06,01:40,threes,1.5,-186.0,140.0,False,draftkings,2026-05-02T14:19:15.897729
Marcus Smart,,,689b4554b0b10e67f46872eb2e74b98d,2026-05-06,01:40,threes,1.5,-149.0,113.0,False,draftkings,2026-05-02T14:19:15.897731
Luguentz Dort,,,689b4554b0b10e67f46872eb2e74b98d,2026-05-06,01:40,threes,1.5,-139.0,106.0,False,draftkings,2026-05-02T14:19:15.897733
Rui Hachimura,,,689b4554b0b10e67f46872eb2e74b98d,2026-05-06,01:40,threes,1.5,-137.0,104.0,False,draftkings,2026-05-02T14:19:15.897734
Shai Gilgeous-Alexander,,,689b4554b0b10e67f46872eb2e74b98d,2026-05-06,01:40,threes,1.5,-121.0,-108.0,False,draftkings,2026-05-02T14:19:15.897736
Chet Holmgren,,,689b4554b0b10e67f46872eb2e74b98d,2026-05-06,01:40,threes,1.5,103.0,-135.0,False,draftkings,2026-05-02T14:19:15.897738
LeBron James,,,689b4554b0b10e67f46872eb2e74b98d,2026-05-06,01:40,threes,1.5,103.0,-136.0,False,draftkings,2026-05-02T14:19:15.897739
Jalen Williams,,,689b4554b0b10e67f46872eb2e74b98d,2026-05-06,01:40,threes,0.5,-185.0,140.0,False,draftkings,2026-05-02T14:19:15.897741
Austin Reaves,,,689b4554b0b10e67f46872eb2e74b98d,2026-05-06,01:40,threes,0.5,-910.0,,True,draftkings,2026-05-02T14:19:15.897764
Austin Reaves,,,689b4554b0b10e67f46872eb2e74b98d,2026-05-06,01:40,threes,1.5,-188.0,,True,draftkings,2026-05-02T14:19:15.897766
Austin Reaves,,,689b4554b0b10e67f46872eb2e74b98d,2026-05-06,01:40,threes,2.5,151.0,,True,draftkings,2026-05-02T14:19:15.897768
Austin Reaves,,,689b4554b0b10e67f46872eb2e74b98d,2026-05-06,01:40,threes,3.5,378.0,,True,draftkings,2026-05-02T14:19:15.897771
Austin Reaves,,,689b4554b0b10e67f46872eb2e74b98d,2026-05-06,01:40,threes,4.5,840.0,,True,draftkings,2026-05-02T14:19:15.897773
Austin Reaves,,,689b4554b0b10e67f46872eb2e74b98d,2026-05-06,01:40,threes,5.5,1720.0,,True,draftkings,2026-05-02T14:19:15.897775
Austin Reaves,,,689b4554b0b10e67f46872eb2e74b98d,2026-05-06,01:40,threes,6.5,2800.0,,True,draftkings,2026-05-02T14:19:15.897776
Marcus Smart,,,689b4554b0b10e67f46872eb2e74b98d,2026-05-06,01:40,threes,0.5,-680.0,,True,draftkings,2026-05-02T14:19:15.897778
Marcus Smart,,,689b4554b0b10e67f46872eb2e74b98d,2026-05-06,01:40,threes,1.5,-152.0,,True,draftkings,2026-05-02T14:19:15.897780
Marcus Smart,,,689b4554b0b10e67f46872eb2e74b98d,2026-05-06,01:40,threes,2.5,197.0,,True,draftkings,2026-05-02T14:19:15.897781
Marcus Smart,,,689b4554b0b10e67f46872eb2e74b98d,2026-05-06,01:40,threes,3.5,518.0,,True,draftkings,2026-05-02T14:19:15.897783
Marcus Smart,,,689b4554b0b10e67f46872eb2e74b98d,2026-05-06,01:40,threes,4.5,1180.0,,True,draftkings,2026-05-02T14:19:15.897785
Marcus Smart,,,689b4554b0b10e67f46872eb2e74b98d,2026-05-06,01:40,threes,5.5,2300.0,,True,draftkings,2026-05-02T14:19:15.897786
Luguentz Dort,,,689b4554b0b10e67f46872eb2e74b98d,2026-05-06,01:40,threes,0.5,-670.0,,True,draftkings,2026-05-02T14:19:15.897788
Luguentz Dort,,,689b4554b0b10e67f46872eb2e74b98d,2026-05-06,01:40,threes,1.5,-141.0,,True,draftkings,2026-05-02T14:19:15.897790
Luguentz Dort,,,689b4554b0b10e67f46872eb2e74b98d,2026-05-06,01:40,threes,2.5,216.0,,True,draftkings,2026-05-02T14:19:15.897791
Luguentz Dort,,,689b4554b0b10e67f46872eb2e74b98d,2026-05-06,01:40,threes,3.5,578.0,,True,draftkings,2026-05-02T14:19:15.897793
Luguentz Dort,,,689b4554b0b10e67f46872eb2e74b98d,2026-05-06,01:40,threes,4.5,1460.0,,True,draftkings,2026-05-02T14:19:15.897795
Luguentz Dort,,,689b4554b0b10e67f46872eb2e74b98d,2026-05-06,01:40,threes,5.5,2600.0,,True,draftkings,2026-05-02T14:19:15.897796
Rui Hachimura,,,689b4554b0b10e67f46872eb2e74b98d,2026-05-06,01:40,threes,0.5,-630.0,,True,draftkings,2026-05-02T14:19:15.897798
Rui Hachimura,,,689b4554b0b10e67f46872eb2e74b98d,2026-05-06,01:40,threes,1.5,-137.0,,True,draftkings,2026-05-02T14:19:15.897800
Rui Hachimura,,,689b4554b0b10e67f46872eb2e74b98d,2026-05-06,01:40,threes,2.5,216.0,,True,draftkings,2026-05-02T14:19:15.897801
Rui Hachimura,,,689b4554b0b10e67f46872eb2e74b98d,2026-05-06,01:40,threes,3.5,561.0,,True,draftkings,2026-05-02T14:19:15.897803
Rui Hachimura,,,689b4554b0b10e67f46872eb2e74b98d,2026-05-06,01:40,threes,4.5,1340.0,,True,draftkings,2026-05-02T14:19:15.897805
Rui Hachimura,,,689b4554b0b10e67f46872eb2e74b98d,2026-05-06,01:40,threes,5.5,2600.0,,True,draftkings,2026-05-02T14:19:15.897809
LeBron James,,,689b4554b0b10e67f46872eb2e74b98d,2026-05-06,01:40,threes,0.5,-424.0,,True,draftkings,2026-05-02T14:19:15.897811
LeBron James,,,689b4554b0b10e67f46872eb2e74b98d,2026-05-06,01:40,threes,1.5,105.0,,True,draftkings,2026-05-02T14:19:15.897813
LeBron James,,,689b4554b0b10e67f46872eb2e74b98d,2026-05-06,01:40,threes,2.5,308.0,,True,draftkings,2026-05-02T14:19:15.897814
LeBron James,,,689b4554b0b10e67f46872eb2e74b98d,2026-05-06,01:40,threes,3.5,770.0,,True,draftkings,2026-05-02T14:19:15.897816
LeBron James,,,689b4554b0b10e67f46872eb2e74b98d,2026-05-06,01:40,threes,4.5,1720.0,,True,draftkings,2026-05-02T14:19:15.897818
Chet Holmgren,,,689b4554b0b10e67f46872eb2e74b98d,2026-05-06,01:40,threes,0.5,-444.0,,True,draftkings,2026-05-02T14:19:15.897819
Chet Holmgren,,,689b4554b0b10e67f46872eb2e74b98d,2026-05-06,01:40,threes,1.5,105.0,,True,draftkings,2026-05-02T14:19:15.897821
Chet Holmgren,,,689b4554b0b10e67f46872eb2e74b98d,2026-05-06,01:40,threes,2.5,328.0,,True,draftkings,2026-05-02T14:19:15.897823
Chet Holmgren,,,689b4554b0b10e67f46872eb2e74b98d,2026-05-06,01:40,threes,3.5,850.0,,True,draftkings,2026-05-02T14:19:15.897824
Chet Holmgren,,,689b4554b0b10e67f46872eb2e74b98d,2026-05-06,01:40,threes,4.5,1940.0,,True,draftkings,2026-05-02T14:19:15.897826
Shai Gilgeous-Alexander,,,689b4554b0b10e67f46872eb2e74b98d,2026-05-06,01:40,threes,0.5,-760.0,,True,draftkings,2026-05-02T14:19:15.897828
Shai Gilgeous-Alexander,,,689b4554b0b10e67f46872eb2e74b98d,2026-05-06,01:40,threes,1.5,-122.0,,True,draftkings,2026-05-02T14:19:15.897829
Shai Gilgeous-Alexander,,,689b4554b0b10e67f46872eb2e74b98d,2026-05-06,01:40,threes,2.5,331.0,,True,draftkings,2026-05-02T14:19:15.897831
Shai Gilgeous-Alexander,,,689b4554b0b10e67f46872eb2e74b98d,2026-05-06,01:40,threes,3.5,1120.0,,True,draftkings,2026-05-02T14:19:15.897833
Shai Gilgeous-Alexander,,,689b4554b0b10e67f46872eb2e74b98d,2026-05-06,01:40,threes,4.5,2800.0,,True,draftkings,2026-05-02T14:19:15.897834
Jalen Williams,,,689b4554b0b10e67f46872eb2e74b98d,2026-05-06,01:40,threes,0.5,-192.0,,True,draftkings,2026-05-02T14:19:15.897836
Jalen Williams,,,689b4554b0b10e67f46872eb2e74b98d,2026-05-06,01:40,threes,1.5,236.0,,True,draftkings,2026-05-02T14:19:15.897838
Jalen Williams,,,689b4554b0b10e67f46872eb2e74b98d,2026-05-06,01:40,threes,2.5,780.0,,True,draftkings,2026-05-02T14:19:15.897839
Jalen Williams,,,689b4554b0b10e67f46872eb2e74b98d,2026-05-06,01:40,threes,3.5,2100.0,,True,draftkings,2026-05-02T14:19:15.897841
Jayson Tatum,,,a37e80a2e3cf3aaa3ae84a9124987058,2026-05-02,23:40,assists,5.5,-132.0,100.0,False,fanduel,2026-05-02T14:19:15.635395
Tyrese Maxey,,,a37e80a2e3cf3aaa3ae84a9124987058,2026-05-02,23:40,assists,6.5,100.0,-132.0,False,fanduel,2026-05-02T14:19:15.635397
Derrick White,,,a37e80a2e3cf3aaa3ae84a9124987058,2026-05-02,23:40,assists,3.5,-128.0,-104.0,False,fanduel,2026-05-02T14:19:15.635399
VJ Edgecombe,,,a37e80a2e3cf3aaa3ae84a9124987058,2026-05-02,23:40,assists,3.5,134.0,-180.0,False,fanduel,2026-05-02T14:19:15.635401
Paul George,,,a37e80a2e3cf3aaa3ae84a9124987058,2026-05-02,23:40,assists,3.5,110.0,-146.0,False,fanduel,2026-05-02T14:19:15.635402
Joel Embiid,,,a37e80a2e3cf3aaa3ae84a9124987058,2026-05-02,23:40,assists,5.5,122.0,-162.0,False,fanduel,2026-05-02T14:19:15.635404
Payton Pritchard,,,a37e80a2e3cf3aaa3ae84a9124987058,2026-05-02,23:40,assists,4.5,122.0,-162.0,False,fanduel,2026-05-02T14:19:15.635406
Jaylen Brown,,,a37e80a2e3cf3aaa3ae84a9124987058,2026-05-02,23:40,assists,4.5,122.0,-162.0,False,fanduel,2026-05-02T14:19:15.635407
Joel Embiid,,,a37e80a2e3cf3aaa3ae84a9124987058,2026-05-02,23:40,assists,2.5,-1400.0,,True,fanduel,2026-05-02T14:19:15.635456
Joel Embiid,,,a37e80a2e3cf3aaa3ae84a9124987058,2026-05-02,23:40,assists,3.5,-400.0,270.0,True,fanduel,2026-05-02T14:19:15.635458
Joel Embiid,,,a37e80a2e3cf3aaa3ae84a9124987058,2026-05-02,23:40,assists,4.5,-172.0,128.0,True,fanduel,2026-05-02T14:19:15.635460
Joel Embiid,,,a37e80a2e3cf3aaa3ae84a9124987058,2026-05-02,23:40,assists,5.5,124.0,-162.0,True,fanduel,2026-05-02T14:19:15.635463
Joel Embiid,,,a37e80a2e3cf3aaa3ae84a9124987058,2026-05-02,23:40,assists,6.5,235.0,-340.0,True,fanduel,2026-05-02T14:19:15.635465
Joel Embiid,,,a37e80a2e3cf3aaa3ae84a9124987058,2026-05-02,23:40,assists,7.5,450.0,-750.0,True,fanduel,2026-05-02T14:19:15.635466
Tyrese Maxey,,,a37e80a2e3cf3aaa3ae84a9124987058,2026-05-02,23:40,assists,5.5,-205.0,152.0,True,fanduel,2026-05-02T14:19:15.635468
Jayson Tatum,,,a37e80a2e3cf3aaa3ae84a9124987058,2026-05-02,23:40,assists,5.5,-132.0,100.0,True,fanduel,2026-05-02T14:19:15.635470
Jaylen Brown,,,a37e80a2e3cf3aaa3ae84a9124987058,2026-05-02,23:40,assists,5.5,260.0,-380.0,True,fanduel,2026-05-02T14:19:15.635471
Payton Pritchard,,,a37e80a2e3cf3aaa3ae84a9124987058,2026-05-02,23:40,assists,5.5,240.0,-350.0,True,fanduel,2026-05-02T14:19:15.635473
Derrick White,,,a37e80a2e3cf3aaa3ae84a9124987058,2026-05-02,23:40,assists,5.5,400.0,,True,fanduel,2026-05-02T14:19:15.635475
Paul George,,,a37e80a2e3cf3aaa3ae84a9124987058,2026-05-02,23:40,assists,5.5,540.0,-1000.0,True,fanduel,2026-05-02T14:19:15.635476
VJ Edgecombe,,,a37e80a2e3cf3aaa3ae84a9124987058,2026-05-02,23:40,assists,5.5,750.0,,True,fanduel,2026-05-02T14:19:15.635478
Tyrese Maxey,,,a37e80a2e3cf3aaa3ae84a9124987058,2026-05-02,23:40,assists,11.5,1500.0,,True,fanduel,2026-05-02T14:19:15.635480
Jayson Tatum,,,a37e80a2e3cf3aaa3ae84a9124987058,2026-05-02,23:40,assists,11.5,2500.0,,True,fanduel,2026-05-02T14:19:15.635481
Tyrese Maxey,,,a37e80a2e3cf3aaa3ae84a9124987058,2026-05-02,23:40,assists,3.5,-1400.0,,True,fanduel,2026-05-02T14:19:15.635483
Jayson Tatum,,,a37e80a2e3cf3aaa3ae84a9124987058,2026-05-02,23:40,assists,3.5,-700.0,410.0,True,fanduel,2026-05-02T14:19:15.635485
Jaylen Brown,,,a37e80a2e3cf3aaa3ae84a9124987058,2026-05-02,23:40,assists,3.5,-200.0,148.0,True,fanduel,2026-05-02T14:19:15.635486
Payton Pritchard,,,a37e80a2e3cf3aaa3ae84a9124987058,2026-05-02,23:40,assists,3.5,-182.0,136.0,True,fanduel,2026-05-02T14:19:15.635488
Derrick White,,,a37e80a2e3cf3aaa3ae84a9124987058,2026-05-02,23:40,assists,3.5,-125.0,,True,fanduel,2026-05-02T14:19:15.635490
Paul George,,,a37e80a2e3cf3aaa3ae84a9124987058,2026-05-02,23:40,assists,3.5,110.0,-146.0,True,fanduel,2026-05-02T14:19:15.635491
VJ Edgecombe,,,a37e80a2e3cf3aaa3ae84a9124987058,2026-05-02,23:40,assists,3.5,134.0,-180.0,True,fanduel,2026-05-02T14:19:15.635493
Nikola Vucevic,,,a37e80a2e3cf3aaa3ae84a9124987058,2026-05-02,23:40,assists,3.5,630.0,,True,fanduel,2026-05-02T14:19:15.635494
Quentin Grimes,,,a37e80a2e3cf3aaa3ae84a9124987058,2026-05-02,23:40,assists,3.5,900.0,,True,fanduel,2026-05-02T14:19:15.635496
Tyrese Maxey,,,a37e80a2e3cf3aaa3ae84a9124987058,2026-05-02,23:40,assists,7.5,188.0,-260.0,True,fanduel,2026-05-02T14:19:15.635498
Jayson Tatum,,,a37e80a2e3cf3aaa3ae84a9124987058,2026-05-02,23:40,assists,7.5,280.0,-420.0,True,fanduel,2026-05-02T14:19:15.635499
Payton Pritchard,,,a37e80a2e3cf3aaa3ae84a9124987058,2026-05-02,23:40,assists,7.5,870.0,,True,fanduel,2026-05-02T14:19:15.635501
Jaylen Brown,,,a37e80a2e3cf3aaa3ae84a9124987058,2026-05-02,23:40,assists,7.5,1000.0,,True,fanduel,2026-05-02T14:19:15.635503
Derrick White,,,a37e80a2e3cf3aaa3ae84a9124987058,2026-05-02,23:40,assists,7.5,1500.0,,True,fanduel,2026-05-02T14:19:15.635504
Paul George,,,a37e80a2e3cf3aaa3ae84a9124987058,2026-05-02,23:40,assists,7.5,1800.0,,True,fanduel,2026-05-02T14:19:15.635506
Jaylen Brown,,,a37e80a2e3cf3aaa3ae84a9124987058,2026-05-02,23:40,assists,2.5,-550.0,350.0,True,fanduel,2026-05-02T14:19:15.635507
Jaylen Brown,,,a37e80a2e3cf3aaa3ae84a9124987058,2026-05-02,23:40,assists,4.5,122.0,-162.0,True,fanduel,2026-05-02T14:19:15.635509
Jaylen Brown,,,a37e80a2e3cf3aaa3ae84a9124987058,2026-05-02,23:40,assists,6.5,,-1000.0,True,fanduel,2026-05-02T14:19:15.635511
VJ Edgecombe,,,a37e80a2e3cf3aaa3ae84a9124987058,2026-05-02,23:40,assists,1.5,-650.0,400.0,True,fanduel,2026-05-02T14:19:15.635513
VJ Edgecombe,,,a37e80a2e3cf3aaa3ae84a9124987058,2026-05-02,23:40,assists,2.5,-198.0,146.0,True,fanduel,2026-05-02T14:19:15.635514
VJ Edgecombe,,,a37e80a2e3cf3aaa3ae84a9124987058,2026-05-02,23:40,assists,4.5,310.0,-470.0,True,fanduel,2026-05-02T14:19:15.635518
Tyrese Maxey,,,a37e80a2e3cf3aaa3ae84a9124987058,2026-05-02,23:40,assists,4.5,-450.0,300.0,True,fanduel,2026-05-02T14:19:15.635519
Tyrese Maxey,,,a37e80a2e3cf3aaa3ae84a9124987058,2026-05-02,23:40,assists,6.5,100.0,-132.0,True,fanduel,2026-05-02T14:19:15.635521
Tyrese Maxey,,,a37e80a2e3cf3aaa3ae84a9124987058,2026-05-02,23:40,assists,8.5,350.0,-550.0,True,fanduel,2026-05-02T14:19:15.635523
Tyrese Maxey,,,a37e80a2e3cf3aaa3ae84a9124987058,2026-05-02,23:40,assists,9.5,540.0,-1000.0,True,fanduel,2026-05-02T14:19:15.635524
Paul George,,,a37e80a2e3cf3aaa3ae84a9124987058,2026-05-02,23:40,assists,1.5,-850.0,490.0,True,fanduel,2026-05-02T14:19:15.635526
Paul George,,,a37e80a2e3cf3aaa3ae84a9124987058,2026-05-02,23:40,assists,2.5,-245.0,178.0,True,fanduel,2026-05-02T14:19:15.635528
Paul George,,,a37e80a2e3cf3aaa3ae84a9124987058,2026-05-02,23:40,assists,4.5,240.0,-350.0,True,fanduel,2026-05-02T14:19:15.635531
Jayson Tatum,,,a37e80a2e3cf3aaa3ae84a9124987058,2026-05-02,23:40,assists,9.5,800.0,,True,fanduel,2026-05-02T14:19:15.635533
Joel Embiid,,,a37e80a2e3cf3aaa3ae84a9124987058,2026-05-02,23:40,assists,9.5,1200.0,,True,fanduel,2026-05-02T14:19:15.635534
Payton Pritchard,,,a37e80a2e3cf3aaa3ae84a9124987058,2026-05-02,23:40,assists,9.5,2000.0,,True,fanduel,2026-05-02T14:19:15.635536
Jaylen Brown,,,a37e80a2e3cf3aaa3ae84a9124987058,2026-05-02,23:40,assists,1.5,-3000.0,,True,fanduel,2026-05-02T14:19:15.635538
Payton Pritchard,,,a37e80a2e3cf3aaa3ae84a9124987058,2026-05-02,23:40,assists,1.5,-2200.0,,True,fanduel,2026-05-02T14:19:15.635541
Derrick White,,,a37e80a2e3cf3aaa3ae84a9124987058,2026-05-02,23:40,assists,1.5,-1100.0,,True,fanduel,2026-05-02T14:19:15.635543
Nikola Vucevic,,,a37e80a2e3cf3aaa3ae84a9124987058,2026-05-02,23:40,assists,1.5,-113.0,,True,fanduel,2026-05-02T14:19:15.635544
Quentin Grimes,,,a37e80a2e3cf3aaa3ae84a9124987058,2026-05-02,23:40,assists,1.5,110.0,,True,fanduel,2026-05-02T14:19:15.635546
Jayson Tatum,,,a37e80a2e3cf3aaa3ae84a9124987058,2026-05-02,23:40,assists,4.5,-290.0,205.0,True,fanduel,2026-05-02T14:19:15.635548
Jayson Tatum,,,a37e80a2e3cf3aaa3ae84a9124987058,2026-05-02,23:40,assists,6.5,154.0,-210.0,True,fanduel,2026-05-02T14:19:15.635549
Jayson Tatum,,,a37e80a2e3cf3aaa3ae84a9124987058,2026-05-02,23:40,assists,8.5,,-900.0,True,fanduel,2026-05-02T14:19:15.635551
Payton Pritchard,,,a37e80a2e3cf3aaa3ae84a9124987058,2026-05-02,23:40,assists,2.5,-470.0,310.0,True,fanduel,2026-05-02T14:19:15.635553
Payton Pritchard,,,a37e80a2e3cf3aaa3ae84a9124987058,2026-05-02,23:40,assists,4.5,122.0,-162.0,True,fanduel,2026-05-02T14:19:15.635554
Payton Pritchard,,,a37e80a2e3cf3aaa3ae84a9124987058,2026-05-02,23:40,assists,6.5,470.0,-850.0,True,fanduel,2026-05-02T14:19:15.635556
Tyrese Maxey,,,a37e80a2e3cf3aaa3ae84a9124987058,2026-05-02,23:40,points,24.5,-104.0,-128.0,False,fanduel,2026-05-02T14:19:15.635572
Derrick White,,,a37e80a2e3cf3aaa3ae84a9124987058,2026-05-02,23:40,points,11.5,-102.0,-130.0,False,fanduel,2026-05-02T14:19:15.635574
Paul George,,,a37e80a2e3cf3aaa3ae84a9124987058,2026-05-02,23:40,points,15.5,-122.0,-108.0,False,fanduel,2026-05-02T14:19:15.635576
Joel Embiid,,,a37e80a2e3cf3aaa3ae84a9124987058,2026-05-02,23:40,points,26.5,100.0,-132.0,False,fanduel,2026-05-02T14:19:15.635577
Payton Pritchard,,,a37e80a2e3cf3aaa3ae84a9124987058,2026-05-02,23:40,points,13.5,-110.0,-120.0,False,fanduel,2026-05-02T14:19:15.635579
Kelly Oubre Jr,,,a37e80a2e3cf3aaa3ae84a9124987058,2026-05-02,23:40,points,9.5,-104.0,-128.0,False,fanduel,2026-05-02T14:19:15.635581
Jaylen Brown,,,a37e80a2e3cf3aaa3ae84a9124987058,2026-05-02,23:40,points,25.5,-125.0,-106.0,False,fanduel,2026-05-02T14:19:15.635582
Sam Hauser,,,a37e80a2e3cf3aaa3ae84a9124987058,2026-05-02,23:40,points,5.5,-136.0,102.0,False,fanduel,2026-05-02T14:19:15.635584
VJ Edgecombe,,,a37e80a2e3cf3aaa3ae84a9124987058,2026-05-02,23:40,points,10.5,-132.0,100.0,False,fanduel,2026-05-02T14:19:15.635586
Quentin Grimes,,,a37e80a2e3cf3aaa3ae84a9124987058,2026-05-02,23:40,points,6.5,-122.0,-108.0,False,fanduel,2026-05-02T14:19:15.635587
Neemias Queta,,,a37e80a2e3cf3aaa3ae84a9124987058,2026-05-02,23:40,points,6.5,-132.0,100.0,False,fanduel,2026-05-02T14:19:15.635591
Nikola Vucevic,,,a37e80a2e3cf3aaa3ae84a9124987058,2026-05-02,23:40,points,6.5,-102.0,-130.0,False,fanduel,2026-05-02T14:19:15.635592
Jayson Tatum,,,a37e80a2e3cf3aaa3ae84a9124987058,2026-05-02,23:40,points,23.5,-132.0,100.0,False,fanduel,2026-05-02T14:19:15.635594
Baylor Scheierman,,,a37e80a2e3cf3aaa3ae84a9124987058,2026-05-02,23:40,points,3.5,100.0,-132.0,False,fanduel,2026-05-02T14:19:15.635596
Baylor Scheierman,,,a37e80a2e3cf3aaa3ae84a9124987058,2026-05-02,23:40,points,0.5,-440.0,290.0,True,fanduel,2026-05-02T14:19:15.635818
Baylor Scheierman,,,a37e80a2e3cf3aaa3ae84a9124987058,2026-05-02,23:40,points,1.5,-390.0,265.0,True,fanduel,2026-05-02T14:19:15.635821
Baylor Scheierman,,,a37e80a2e3cf3aaa3ae84a9124987058,2026-05-02,23:40,points,2.5,-166.0,124.0,True,fanduel,2026-05-02T14:19:15.635823
Baylor Scheierman,,,a37e80a2e3cf3aaa3ae84a9124987058,2026-05-02,23:40,points,3.5,100.0,-132.0,True,fanduel,2026-05-02T14:19:15.635824
Baylor Scheierman,,,a37e80a2e3cf3aaa3ae84a9124987058,2026-05-02,23:40,points,4.5,148.0,-200.0,True,fanduel,2026-05-02T14:19:15.635826
Baylor Scheierman,,,a37e80a2e3cf3aaa3ae84a9124987058,2026-05-02,23:40,points,5.5,225.0,-320.0,True,fanduel,2026-05-02T14:19:15.635828
Baylor Scheierman,,,a37e80a2e3cf3aaa3ae84a9124987058,2026-05-02,23:40,points,6.5,320.0,-490.0,True,fanduel,2026-05-02T14:19:15.635831
VJ Edgecombe,,,a37e80a2e3cf3aaa3ae84a9124987058,2026-05-02,23:40,points,5.5,-1000.0,,True,fanduel,2026-05-02T14:19:15.635833
VJ Edgecombe,,,a37e80a2e3cf3aaa3ae84a9124987058,2026-05-02,23:40,points,6.5,-580.0,360.0,True,fanduel,2026-05-02T14:19:15.635834
VJ Edgecombe,,,a37e80a2e3cf3aaa3ae84a9124987058,2026-05-02,23:40,points,7.5,-390.0,265.0,True,fanduel,2026-05-02T14:19:15.635836
VJ Edgecombe,,,a37e80a2e3cf3aaa3ae84a9124987058,2026-05-02,23:40,points,8.5,-260.0,188.0,True,fanduel,2026-05-02T14:19:15.635838
VJ Edgecombe,,,a37e80a2e3cf3aaa3ae84a9124987058,2026-05-02,23:40,points,9.5,-180.0,138.0,True,fanduel,2026-05-02T14:19:15.635839
VJ Edgecombe,,,a37e80a2e3cf3aaa3ae84a9124987058,2026-05-02,23:40,points,10.5,-132.0,100.0,True,fanduel,2026-05-02T14:19:15.635841
VJ Edgecombe,,,a37e80a2e3cf3aaa3ae84a9124987058,2026-05-02,23:40,points,11.5,104.0,-138.0,True,fanduel,2026-05-02T14:19:15.635843
VJ Edgecombe,,,a37e80a2e3cf3aaa3ae84a9124987058,2026-05-02,23:40,points,12.5,142.0,-192.0,True,fanduel,2026-05-02T14:19:15.635844
VJ Edgecombe,,,a37e80a2e3cf3aaa3ae84a9124987058,2026-05-02,23:40,points,13.5,188.0,-260.0,True,fanduel,2026-05-02T14:19:15.635846
VJ Edgecombe,,,a37e80a2e3cf3aaa3ae84a9124987058,2026-05-02,23:40,points,14.5,250.0,-350.0,True,fanduel,2026-05-02T14:19:15.635848
Joel Embiid,,,a37e80a2e3cf3aaa3ae84a9124987058,2026-05-02,23:40,points,39.5,1200.0,,True,fanduel,2026-05-02T14:19:15.635849
Tyrese Maxey,,,a37e80a2e3cf3aaa3ae84a9124987058,2026-05-02,23:40,points,39.5,1500.0,,True,fanduel,2026-05-02T14:19:15.635851
Jaylen Brown,,,a37e80a2e3cf3aaa3ae84a9124987058,2026-05-02,23:40,points,39.5,1500.0,,True,fanduel,2026-05-02T14:19:15.635853
Jayson Tatum,,,a37e80a2e3cf3aaa3ae84a9124987058,2026-05-02,23:40,points,39.5,2500.0,,True,fanduel,2026-05-02T14:19:15.635854
Tyrese Maxey,,,a37e80a2e3cf3aaa3ae84a9124987058,2026-05-02,23:40,points,44.5,5000.0,,True,fanduel,2026-05-02T14:19:15.635856
Joel Embiid,,,a37e80a2e3cf3aaa3ae84a9124987058,2026-05-02,23:40,points,44.5,3000.0,,True,fanduel,2026-05-02T14:19:15.635858
Jaylen Brown,,,a37e80a2e3cf3aaa3ae84a9124987058,2026-05-02,23:40,points,44.5,5000.0,,True,fanduel,2026-05-02T14:19:15.635874
Derrick White,,,a37e80a2e3cf3aaa3ae84a9124987058,2026-05-02,23:40,points,6.5,-600.0,370.0,True,fanduel,2026-05-02T14:19:15.635877
Derrick White,,,a37e80a2e3cf3aaa3ae84a9124987058,2026-05-02,23:40,points,7.5,-420.0,280.0,True,fanduel,2026-05-02T14:19:15.635878
Derrick White,,,a37e80a2e3cf3aaa3ae84a9124987058,2026-05-02,23:40,points,8.5,-270.0,194.0,True,fanduel,2026-05-02T14:19:15.635880
Derrick White,,,a37e80a2e3cf3aaa3ae84a9124987058,2026-05-02,23:40,points,9.5,-188.0,144.0,True,fanduel,2026-05-02T14:19:15.635882
Derrick White,,,a37e80a2e3cf3aaa3ae84a9124987058,2026-05-02,23:40,points,10.5,-144.0,108.0,True,fanduel,2026-05-02T14:19:15.635883
Derrick White,,,a37e80a2e3cf3aaa3ae84a9124987058,2026-05-02,23:40,points,11.5,-102.0,-130.0,True,fanduel,2026-05-02T14:19:15.635885
Derrick White,,,a37e80a2e3cf3aaa3ae84a9124987058,2026-05-02,23:40,points,12.5,132.0,-178.0,True,fanduel,2026-05-02T14:19:15.635887
Derrick White,,,a37e80a2e3cf3aaa3ae84a9124987058,2026-05-02,23:40,points,13.5,174.0,-240.0,True,fanduel,2026-05-02T14:19:15.635888
Derrick White,,,a37e80a2e3cf3aaa3ae84a9124987058,2026-05-02,23:40,points,14.5,230.0,-320.0,True,fanduel,2026-05-02T14:19:15.635890
Derrick White,,,a37e80a2e3cf3aaa3ae84a9124987058,2026-05-02,23:40,points,15.5,290.0,-440.0,True,fanduel,2026-05-02T14:19:15.635892
Joel Embiid,,,a37e80a2e3cf3aaa3ae84a9124987058,2026-05-02,23:40,points,24.5,-154.0,116.0,True,fanduel,2026-05-02T14:19:15.635893
Jaylen Brown,,,a37e80a2e3cf3aaa3ae84a9124987058,2026-05-02,23:40,points,24.5,-158.0,120.0,True,fanduel,2026-05-02T14:19:15.635895
Tyrese Maxey,,,a37e80a2e3cf3aaa3ae84a9124987058,2026-05-02,23:40,points,24.5,-104.0,-128.0,True,fanduel,2026-05-02T14:19:15.635897
Jayson Tatum,,,a37e80a2e3cf3aaa3ae84a9124987058,2026-05-02,23:40,points,24.5,-102.0,-130.0,True,fanduel,2026-05-02T14:19:15.635898
Paul George,,,a37e80a2e3cf3aaa3ae84a9124987058,2026-05-02,23:40,points,24.5,680.0,,True,fanduel,2026-05-02T14:19:15.635902
Payton Pritchard,,,a37e80a2e3cf3aaa3ae84a9124987058,2026-05-02,23:40,points,24.5,1000.0,,True,fanduel,2026-05-02T14:19:15.635904
Derrick White,,,a37e80a2e3cf3aaa3ae84a9124987058,2026-05-02,23:40,points,24.5,2500.0,,True,fanduel,2026-05-02T14:19:15.635906
Tyrese Maxey,,,a37e80a2e3cf3aaa3ae84a9124987058,2026-05-02,23:40,points,15.5,-1100.0,,True,fanduel,2026-05-02T14:19:15.635907
Tyrese Maxey,,,a37e80a2e3cf3aaa3ae84a9124987058,2026-05-02,23:40,points,16.5,-750.0,430.0,True,fanduel,2026-05-02T14:19:15.635909
Tyrese Maxey,,,a37e80a2e3cf3aaa3ae84a9124987058,2026-05-02,23:40,points,17.5,-580.0,360.0,True,fanduel,2026-05-02T14:19:15.635911
Tyrese Maxey,,,a37e80a2e3cf3aaa3ae84a9124987058,2026-05-02,23:40,points,18.5,-440.0,290.0,True,fanduel,2026-05-02T14:19:15.635912
Tyrese Maxey,,,a37e80a2e3cf3aaa3ae84a9124987058,2026-05-02,23:40,points,19.5,-330.0,230.0,True,fanduel,2026-05-02T14:19:15.635914
Tyrese Maxey,,,a37e80a2e3cf3aaa3ae84a9124987058,2026-05-02,23:40,points,20.5,-260.0,188.0,True,fanduel,2026-05-02T14:19:15.635916
Tyrese Maxey,,,a37e80a2e3cf3aaa3ae84a9124987058,2026-05-02,23:40,points,21.5,-210.0,154.0,True,fanduel,2026-05-02T14:19:15.635917
Tyrese Maxey,,,a37e80a2e3cf3aaa3ae84a9124987058,2026-05-02,23:40,points,22.5,-162.0,122.0,True,fanduel,2026-05-02T14:19:15.635919
Tyrese Maxey,,,a37e80a2e3cf3aaa3ae84a9124987058,2026-05-02,23:40,points,23.5,-132.0,100.0,True,fanduel,2026-05-02T14:19:15.635923
Tyrese Maxey,,,a37e80a2e3cf3aaa3ae84a9124987058,2026-05-02,23:40,points,25.5,118.0,-158.0,True,fanduel,2026-05-02T14:19:15.635924
Tyrese Maxey,,,a37e80a2e3cf3aaa3ae84a9124987058,2026-05-02,23:40,points,26.5,146.0,-198.0,True,fanduel,2026-05-02T14:19:15.635926
Tyrese Maxey,,,a37e80a2e3cf3aaa3ae84a9124987058,2026-05-02,23:40,points,27.5,178.0,-245.0,True,fanduel,2026-05-02T14:19:15.635928
Tyrese Maxey,,,a37e80a2e3cf3aaa3ae84a9124987058,2026-05-02,23:40,points,28.5,210.0,-310.0,True,fanduel,2026-05-02T14:19:15.635930
Tyrese Maxey,,,a37e80a2e3cf3aaa3ae84a9124987058,2026-05-02,23:40,points,29.5,260.0,-380.0,True,fanduel,2026-05-02T14:19:15.635931
Tyrese Maxey,,,a37e80a2e3cf3aaa3ae84a9124987058,2026-05-02,23:40,points,30.5,310.0,-470.0,True,fanduel,2026-05-02T14:19:15.635933
Tyrese Maxey,,,a37e80a2e3cf3aaa3ae84a9124987058,2026-05-02,23:40,points,31.5,370.0,-600.0,True,fanduel,2026-05-02T14:19:15.635934
Tyrese Maxey,,,a37e80a2e3cf3aaa3ae84a9124987058,2026-05-02,23:40,points,32.5,430.0,-750.0,True,fanduel,2026-05-02T14:19:15.635936
Tyrese Maxey,,,a37e80a2e3cf3aaa3ae84a9124987058,2026-05-02,23:40,points,33.5,,-1100.0,True,fanduel,2026-05-02T14:19:15.635938
Neemias Queta,,,a37e80a2e3cf3aaa3ae84a9124987058,2026-05-02,23:40,points,3.5,-580.0,360.0,True,fanduel,2026-05-02T14:19:15.635940
Neemias Queta,,,a37e80a2e3cf3aaa3ae84a9124987058,2026-05-02,23:40,points,4.5,-320.0,225.0,True,fanduel,2026-05-02T14:19:15.635941
Neemias Queta,,,a37e80a2e3cf3aaa3ae84a9124987058,2026-05-02,23:40,points,5.5,-198.0,146.0,True,fanduel,2026-05-02T14:19:15.635943
Neemias Queta,,,a37e80a2e3cf3aaa3ae84a9124987058,2026-05-02,23:40,points,6.5,-132.0,100.0,True,fanduel,2026-05-02T14:19:15.635945
Neemias Queta,,,a37e80a2e3cf3aaa3ae84a9124987058,2026-05-02,23:40,points,7.5,116.0,-154.0,True,fanduel,2026-05-02T14:19:15.635946
Neemias Queta,,,a37e80a2e3cf3aaa3ae84a9124987058,2026-05-02,23:40,points,8.5,168.0,-230.0,True,fanduel,2026-05-02T14:19:15.635948
Neemias Queta,,,a37e80a2e3cf3aaa3ae84a9124987058,2026-05-02,23:40,points,9.5,240.0,-330.0,True,fanduel,2026-05-02T14:19:15.635949
Neemias Queta,,,a37e80a2e3cf3aaa3ae84a9124987058,2026-05-02,23:40,points,10.5,310.0,-470.0,True,fanduel,2026-05-02T14:19:15.635951
Paul George,,,a37e80a2e3cf3aaa3ae84a9124987058,2026-05-02,23:40,points,9.5,-850.0,470.0,True,fanduel,2026-05-02T14:19:15.635953
Payton Pritchard,,,a37e80a2e3cf3aaa3ae84a9124987058,2026-05-02,23:40,points,9.5,-340.0,235.0,True,fanduel,2026-05-02T14:19:15.635954
Kelly Oubre Jr,,,a37e80a2e3cf3aaa3ae84a9124987058,2026-05-02,23:40,points,9.5,-104.0,-128.0,True,fanduel,2026-05-02T14:19:15.635958
Quentin Grimes,,,a37e80a2e3cf3aaa3ae84a9124987058,2026-05-02,23:40,points,9.5,220.0,-310.0,True,fanduel,2026-05-02T14:19:15.635959
Nikola Vucevic,,,a37e80a2e3cf3aaa3ae84a9124987058,2026-05-02,23:40,points,9.5,250.0,-360.0,True,fanduel,2026-05-02T14:19:15.635961
Sam Hauser,,,a37e80a2e3cf3aaa3ae84a9124987058,2026-05-02,23:40,points,9.5,320.0,,True,fanduel,2026-05-02T14:19:15.635963
Baylor Scheierman,,,a37e80a2e3cf3aaa3ae84a9124987058,2026-05-02,23:40,points,9.5,870.0,,True,fanduel,2026-05-02T14:19:15.635966
Jaylen Brown,,,a37e80a2e3cf3aaa3ae84a9124987058,2026-05-02,23:40,points,14.5,-6000.0,,True,fanduel,2026-05-02T14:19:15.635968
Joel Embiid,,,a37e80a2e3cf3aaa3ae84a9124987058,2026-05-02,23:40,points,14.5,-3000.0,,True,fanduel,2026-05-02T14:19:15.635969
Jayson Tatum,,,a37e80a2e3cf3aaa3ae84a9124987058,2026-05-02,23:40,points,14.5,-2500.0,,True,fanduel,2026-05-02T14:19:15.635971
Tyrese Maxey,,,a37e80a2e3cf3aaa3ae84a9124987058,2026-05-02,23:40,points,14.5,-1600.0,,True,fanduel,2026-05-02T14:19:15.635973
Paul George,,,a37e80a2e3cf3aaa3ae84a9124987058,2026-05-02,23:40,points,14.5,-160.0,120.0,True,fanduel,2026-05-02T14:19:15.635974
Payton Pritchard,,,a37e80a2e3cf3aaa3ae84a9124987058,2026-05-02,23:40,points,14.5,116.0,-154.0,True,fanduel,2026-05-02T14:19:15.635976
Kelly Oubre Jr,,,a37e80a2e3cf3aaa3ae84a9124987058,2026-05-02,23:40,points,14.5,420.0,,True,fanduel,2026-05-02T14:19:15.635978
Quentin Grimes,,,a37e80a2e3cf3aaa3ae84a9124987058,2026-05-02,23:40,points,14.5,870.0,,True,fanduel,2026-05-02T14:19:15.635979
Nikola Vucevic,,,a37e80a2e3cf3aaa3ae84a9124987058,2026-05-02,23:40,points,14.5,1060.0,,True,fanduel,2026-05-02T14:19:15.635981
Neemias Queta,,,a37e80a2e3cf3aaa3ae84a9124987058,2026-05-02,23:40,points,14.5,1060.0,,True,fanduel,2026-05-02T14:19:15.635983
Sam Hauser,,,a37e80a2e3cf3aaa3ae84a9124987058,2026-05-02,23:40,points,14.5,1400.0,,True,fanduel,2026-05-02T14:19:15.635984
Jaylen Brown,,,a37e80a2e3cf3aaa3ae84a9124987058,2026-05-02,23:40,points,19.5,-650.0,390.0,True,fanduel,2026-05-02T14:19:15.635986
Joel Embiid,,,a37e80a2e3cf3aaa3ae84a9124987058,2026-05-02,23:40,points,19.5,-500.0,320.0,True,fanduel,2026-05-02T14:19:15.635988
Jayson Tatum,,,a37e80a2e3cf3aaa3ae84a9124987058,2026-05-02,23:40,points,19.5,-360.0,255.0,True,fanduel,2026-05-02T14:19:15.635989
Paul George,,,a37e80a2e3cf3aaa3ae84a9124987058,2026-05-02,23:40,points,19.5,210.0,-300.0,True,fanduel,2026-05-02T14:19:15.635991
Payton Pritchard,,,a37e80a2e3cf3aaa3ae84a9124987058,2026-05-02,23:40,points,19.5,350.0,,True,fanduel,2026-05-02T14:19:15.635993
Derrick White,,,a37e80a2e3cf3aaa3ae84a9124987058,2026-05-02,23:40,points,19.5,830.0,,True,fanduel,2026-05-02T14:19:15.635994
VJ Edgecombe,,,a37e80a2e3cf3aaa3ae84a9124987058,2026-05-02,23:40,points,19.5,870.0,,True,fanduel,2026-05-02T14:19:15.635996
Kelly Oubre Jr,,,a37e80a2e3cf3aaa3ae84a9124987058,2026-05-02,23:40,points,19.5,1400.0,,True,fanduel,2026-05-02T14:19:15.635998
Joel Embiid,,,a37e80a2e3cf3aaa3ae84a9124987058,2026-05-02,23:40,points,29.5,182.0,-250.0,True,fanduel,2026-05-02T14:19:15.635999
Jaylen Brown,,,a37e80a2e3cf3aaa3ae84a9124987058,2026-05-02,23:40,points,29.5,194.0,-270.0,True,fanduel,2026-05-02T14:19:15.636001
Jayson Tatum,,,a37e80a2e3cf3aaa3ae84a9124987058,2026-05-02,23:40,points,29.5,300.0,-450.0,True,fanduel,2026-05-02T14:19:15.636003
Paul George,,,a37e80a2e3cf3aaa3ae84a9124987058,2026-05-02,23:40,points,29.5,1700.0,,True,fanduel,2026-05-02T14:19:15.636004
Payton Pritchard,,,a37e80a2e3cf3aaa3ae84a9124987058,2026-05-02,23:40,points,29.5,2200.0,,True,fanduel,2026-05-02T14:19:15.636006
Joel Embiid,,,a37e80a2e3cf3aaa3ae84a9124987058,2026-05-02,23:40,points,34.5,450.0,-800.0,True,fanduel,2026-05-02T14:19:15.636008
Jaylen Brown,,,a37e80a2e3cf3aaa3ae84a9124987058,2026-05-02,23:40,points,34.5,560.0,-1100.0,True,fanduel,2026-05-02T14:19:15.636009
Tyrese Maxey,,,a37e80a2e3cf3aaa3ae84a9124987058,2026-05-02,23:40,points,34.5,680.0,,True,fanduel,2026-05-02T14:19:15.636011
Jayson Tatum,,,a37e80a2e3cf3aaa3ae84a9124987058,2026-05-02,23:40,points,34.5,870.0,,True,fanduel,2026-05-02T14:19:15.636014
Sam Hauser,,,a37e80a2e3cf3aaa3ae84a9124987058,2026-05-02,23:40,points,2.5,-580.0,360.0,True,fanduel,2026-05-02T14:19:15.636016
Sam Hauser,,,a37e80a2e3cf3aaa3ae84a9124987058,2026-05-02,23:40,points,3.5,-360.0,250.0,True,fanduel,2026-05-02T14:19:15.636018
Sam Hauser,,,a37e80a2e3cf3aaa3ae84a9124987058,2026-05-02,23:40,points,4.5,-220.0,162.0,True,fanduel,2026-05-02T14:19:15.636019
Sam Hauser,,,a37e80a2e3cf3aaa3ae84a9124987058,2026-05-02,23:40,points,5.5,-136.0,102.0,True,fanduel,2026-05-02T14:19:15.636021
Sam Hauser,,,a37e80a2e3cf3aaa3ae84a9124987058,2026-05-02,23:40,points,6.5,108.0,-144.0,True,fanduel,2026-05-02T14:19:15.636022
Sam Hauser,,,a37e80a2e3cf3aaa3ae84a9124987058,2026-05-02,23:40,points,7.5,158.0,-215.0,True,fanduel,2026-05-02T14:19:15.636024
Sam Hauser,,,a37e80a2e3cf3aaa3ae84a9124987058,2026-05-02,23:40,points,8.5,220.0,-310.0,True,fanduel,2026-05-02T14:19:15.636026
Jaylen Brown,,,a37e80a2e3cf3aaa3ae84a9124987058,2026-05-02,23:40,points,17.5,-1450.0,,True,fanduel,2026-05-02T14:19:15.636027
Jaylen Brown,,,a37e80a2e3cf3aaa3ae84a9124987058,2026-05-02,23:40,points,18.5,-900.0,,True,fanduel,2026-05-02T14:19:15.636029
Jaylen Brown,,,a37e80a2e3cf3aaa3ae84a9124987058,2026-05-02,23:40,points,20.5,-470.0,310.0,True,fanduel,2026-05-02T14:19:15.636031
Jaylen Brown,,,a37e80a2e3cf3aaa3ae84a9124987058,2026-05-02,23:40,points,21.5,-340.0,235.0,True,fanduel,2026-05-02T14:19:15.636034
Jaylen Brown,,,a37e80a2e3cf3aaa3ae84a9124987058,2026-05-02,23:40,points,22.5,-270.0,194.0,True,fanduel,2026-05-02T14:19:15.636036
Jaylen Brown,,,a37e80a2e3cf3aaa3ae84a9124987058,2026-05-02,23:40,points,23.5,-210.0,154.0,True,fanduel,2026-05-02T14:19:15.636037
Jaylen Brown,,,a37e80a2e3cf3aaa3ae84a9124987058,2026-05-02,23:40,points,25.5,-125.0,-106.0,True,fanduel,2026-05-02T14:19:15.636039
Jaylen Brown,,,a37e80a2e3cf3aaa3ae84a9124987058,2026-05-02,23:40,points,26.5,102.0,-136.0,True,fanduel,2026-05-02T14:19:15.636041
Jaylen Brown,,,a37e80a2e3cf3aaa3ae84a9124987058,2026-05-02,23:40,points,27.5,128.0,-172.0,True,fanduel,2026-05-02T14:19:15.636042
Jaylen Brown,,,a37e80a2e3cf3aaa3ae84a9124987058,2026-05-02,23:40,points,28.5,162.0,-220.0,True,fanduel,2026-05-02T14:19:15.636044
Jaylen Brown,,,a37e80a2e3cf3aaa3ae84a9124987058,2026-05-02,23:40,points,30.5,235.0,-340.0,True,fanduel,2026-05-02T14:19:15.636046
Jaylen Brown,,,a37e80a2e3cf3aaa3ae84a9124987058,2026-05-02,23:40,points,31.5,290.0,-440.0,True,fanduel,2026-05-02T14:19:15.636047
Jaylen Brown,,,a37e80a2e3cf3aaa3ae84a9124987058,2026-05-02,23:40,points,32.5,360.0,-580.0,True,fanduel,2026-05-02T14:19:15.636049
Jaylen Brown,,,a37e80a2e3cf3aaa3ae84a9124987058,2026-05-02,23:40,points,33.5,450.0,-750.0,True,fanduel,2026-05-02T14:19:15.636051
Quentin Grimes,,,a37e80a2e3cf3aaa3ae84a9124987058,2026-05-02,23:40,points,2.5,-700.0,410.0,True,fanduel,2026-05-02T14:19:15.636052
Quentin Grimes,,,a37e80a2e3cf3aaa3ae84a9124987058,2026-05-02,23:40,points,3.5,-400.0,270.0,True,fanduel,2026-05-02T14:19:15.636055
Quentin Grimes,,,a37e80a2e3cf3aaa3ae84a9124987058,2026-05-02,23:40,points,4.5,-280.0,198.0,True,fanduel,2026-05-02T14:19:15.636057
Quentin Grimes,,,a37e80a2e3cf3aaa3ae84a9124987058,2026-05-02,23:40,points,5.5,-180.0,134.0,True,fanduel,2026-05-02T14:19:15.636059
Quentin Grimes,,,a37e80a2e3cf3aaa3ae84a9124987058,2026-05-02,23:40,points,6.5,-122.0,-108.0,True,fanduel,2026-05-02T14:19:15.636060
Quentin Grimes,,,a37e80a2e3cf3aaa3ae84a9124987058,2026-05-02,23:40,points,7.5,116.0,-154.0,True,fanduel,2026-05-02T14:19:15.636062
Quentin Grimes,,,a37e80a2e3cf3aaa3ae84a9124987058,2026-05-02,23:40,points,8.5,164.0,-225.0,True,fanduel,2026-05-02T14:19:15.636064
Nikola Vucevic,,,a37e80a2e3cf3aaa3ae84a9124987058,2026-05-02,23:40,points,2.5,-600.0,370.0,True,fanduel,2026-05-02T14:19:15.636065
Nikola Vucevic,,,a37e80a2e3cf3aaa3ae84a9124987058,2026-05-02,23:40,points,3.5,-380.0,260.0,True,fanduel,2026-05-02T14:19:15.636067
Nikola Vucevic,,,a37e80a2e3cf3aaa3ae84a9124987058,2026-05-02,23:40,points,4.5,-230.0,168.0,True,fanduel,2026-05-02T14:19:15.636069
Nikola Vucevic,,,a37e80a2e3cf3aaa3ae84a9124987058,2026-05-02,23:40,points,5.5,-148.0,112.0,True,fanduel,2026-05-02T14:19:15.636072
Nikola Vucevic,,,a37e80a2e3cf3aaa3ae84a9124987058,2026-05-02,23:40,points,6.5,-102.0,-130.0,True,fanduel,2026-05-02T14:19:15.636074
Nikola Vucevic,,,a37e80a2e3cf3aaa3ae84a9124987058,2026-05-02,23:40,points,7.5,140.0,-188.0,True,fanduel,2026-05-02T14:19:15.636076
Nikola Vucevic,,,a37e80a2e3cf3aaa3ae84a9124987058,2026-05-02,23:40,points,8.5,188.0,-260.0,True,fanduel,2026-05-02T14:19:15.636077
Paul George,,,a37e80a2e3cf3aaa3ae84a9124987058,2026-05-02,23:40,points,10.5,-550.0,350.0,True,fanduel,2026-05-02T14:19:15.636079
Paul George,,,a37e80a2e3cf3aaa3ae84a9124987058,2026-05-02,23:40,points,11.5,-400.0,270.0,True,fanduel,2026-05-02T14:19:15.636080
Paul George,,,a37e80a2e3cf3aaa3ae84a9124987058,2026-05-02,23:40,points,12.5,-290.0,205.0,True,fanduel,2026-05-02T14:19:15.636082
Paul George,,,a37e80a2e3cf3aaa3ae84a9124987058,2026-05-02,23:40,points,13.5,-215.0,158.0,True,fanduel,2026-05-02T14:19:15.636084
Paul George,,,a37e80a2e3cf3aaa3ae84a9124987058,2026-05-02,23:40,points,15.5,-122.0,-108.0,True,fanduel,2026-05-02T14:19:15.636085
Paul George,,,a37e80a2e3cf3aaa3ae84a9124987058,2026-05-02,23:40,points,16.5,106.0,-140.0,True,fanduel,2026-05-02T14:19:15.636087
Paul George,,,a37e80a2e3cf3aaa3ae84a9124987058,2026-05-02,23:40,points,17.5,138.0,-186.0,True,fanduel,2026-05-02T14:19:15.636089
Paul George,,,a37e80a2e3cf3aaa3ae84a9124987058,2026-05-02,23:40,points,18.5,174.0,-240.0,True,fanduel,2026-05-02T14:19:15.636090
Paul George,,,a37e80a2e3cf3aaa3ae84a9124987058,2026-05-02,23:40,points,20.5,270.0,-400.0,True,fanduel,2026-05-02T14:19:15.636092
Paul George,,,a37e80a2e3cf3aaa3ae84a9124987058,2026-05-02,23:40,points,21.5,350.0,-550.0,True,fanduel,2026-05-02T14:19:15.636094
Kelly Oubre Jr,,,a37e80a2e3cf3aaa3ae84a9124987058,2026-05-02,23:40,points,4.5,-900.0,490.0,True,fanduel,2026-05-02T14:19:15.636095
Kelly Oubre Jr,,,a37e80a2e3cf3aaa3ae84a9124987058,2026-05-02,23:40,points,5.5,-490.0,320.0,True,fanduel,2026-05-02T14:19:15.636097
Kelly Oubre Jr,,,a37e80a2e3cf3aaa3ae84a9124987058,2026-05-02,23:40,points,6.5,-320.0,225.0,True,fanduel,2026-05-02T14:19:15.636099
Kelly Oubre Jr,,,a37e80a2e3cf3aaa3ae84a9124987058,2026-05-02,23:40,points,7.5,-215.0,158.0,True,fanduel,2026-05-02T14:19:15.636100
Kelly Oubre Jr,,,a37e80a2e3cf3aaa3ae84a9124987058,2026-05-02,23:40,points,8.5,-148.0,112.0,True,fanduel,2026-05-02T14:19:15.636102
Kelly Oubre Jr,,,a37e80a2e3cf3aaa3ae84a9124987058,2026-05-02,23:40,points,10.5,132.0,-178.0,True,fanduel,2026-05-02T14:19:15.636104
Kelly Oubre Jr,,,a37e80a2e3cf3aaa3ae84a9124987058,2026-05-02,23:40,points,11.5,182.0,-250.0,True,fanduel,2026-05-02T14:19:15.636105
Kelly Oubre Jr,,,a37e80a2e3cf3aaa3ae84a9124987058,2026-05-02,23:40,points,12.5,235.0,-340.0,True,fanduel,2026-05-02T14:19:15.636107
Kelly Oubre Jr,,,a37e80a2e3cf3aaa3ae84a9124987058,2026-05-02,23:40,points,13.5,310.0,-470.0,True,fanduel,2026-05-02T14:19:15.636109
Joel Embiid,,,a37e80a2e3cf3aaa3ae84a9124987058,2026-05-02,23:40,points,17.5,-1000.0,,True,fanduel,2026-05-02T14:19:15.636110
Joel Embiid,,,a37e80a2e3cf3aaa3ae84a9124987058,2026-05-02,23:40,points,18.5,-670.0,400.0,True,fanduel,2026-05-02T14:19:15.636112
Joel Embiid,,,a37e80a2e3cf3aaa3ae84a9124987058,2026-05-02,23:40,points,20.5,-400.0,270.0,True,fanduel,2026-05-02T14:19:15.636114
Joel Embiid,,,a37e80a2e3cf3aaa3ae84a9124987058,2026-05-02,23:40,points,21.5,-300.0,210.0,True,fanduel,2026-05-02T14:19:15.636115
Joel Embiid,,,a37e80a2e3cf3aaa3ae84a9124987058,2026-05-02,23:40,points,22.5,-240.0,174.0,True,fanduel,2026-05-02T14:19:15.636117
Joel Embiid,,,a37e80a2e3cf3aaa3ae84a9124987058,2026-05-02,23:40,points,23.5,-194.0,144.0,True,fanduel,2026-05-02T14:19:15.636118
Joel Embiid,,,a37e80a2e3cf3aaa3ae84a9124987058,2026-05-02,23:40,points,25.5,-125.0,-106.0,True,fanduel,2026-05-02T14:19:15.636120
Joel Embiid,,,a37e80a2e3cf3aaa3ae84a9124987058,2026-05-02,23:40,points,26.5,100.0,-132.0,True,fanduel,2026-05-02T14:19:15.636122
Joel Embiid,,,a37e80a2e3cf3aaa3ae84a9124987058,2026-05-02,23:40,points,27.5,124.0,-166.0,True,fanduel,2026-05-02T14:19:15.636123
Joel Embiid,,,a37e80a2e3cf3aaa3ae84a9124987058,2026-05-02,23:40,points,28.5,152.0,-205.0,True,fanduel,2026-05-02T14:19:15.636127
Joel Embiid,,,a37e80a2e3cf3aaa3ae84a9124987058,2026-05-02,23:40,points,30.5,220.0,-310.0,True,fanduel,2026-05-02T14:19:15.636129
Joel Embiid,,,a37e80a2e3cf3aaa3ae84a9124987058,2026-05-02,23:40,points,31.5,265.0,-390.0,True,fanduel,2026-05-02T14:19:15.636130
Joel Embiid,,,a37e80a2e3cf3aaa3ae84a9124987058,2026-05-02,23:40,points,32.5,310.0,-470.0,True,fanduel,2026-05-02T14:19:15.636132
Joel Embiid,,,a37e80a2e3cf3aaa3ae84a9124987058,2026-05-02,23:40,points,33.5,370.0,-600.0,True,fanduel,2026-05-02T14:19:15.636134
Joel Embiid,,,a37e80a2e3cf3aaa3ae84a9124987058,2026-05-02,23:40,points,35.5,,-1100.0,True,fanduel,2026-05-02T14:19:15.636135
Joel Embiid,,,a37e80a2e3cf3aaa3ae84a9124987058,2026-05-02,23:40,points,36.5,,-1450.0,True,fanduel,2026-05-02T14:19:15.636137
Jayson Tatum,,,a37e80a2e3cf3aaa3ae84a9124987058,2026-05-02,23:40,points,15.5,-1450.0,,True,fanduel,2026-05-02T14:19:15.636139
Jayson Tatum,,,a37e80a2e3cf3aaa3ae84a9124987058,2026-05-02,23:40,points,16.5,-1000.0,,True,fanduel,2026-05-02T14:19:15.636140
Jayson Tatum,,,a37e80a2e3cf3aaa3ae84a9124987058,2026-05-02,23:40,points,17.5,-670.0,400.0,True,fanduel,2026-05-02T14:19:15.636142
Jayson Tatum,,,a37e80a2e3cf3aaa3ae84a9124987058,2026-05-02,23:40,points,18.5,-490.0,320.0,True,fanduel,2026-05-02T14:19:15.636145
Jayson Tatum,,,a37e80a2e3cf3aaa3ae84a9124987058,2026-05-02,23:40,points,20.5,-280.0,200.0,True,fanduel,2026-05-02T14:19:15.636149
Jayson Tatum,,,a37e80a2e3cf3aaa3ae84a9124987058,2026-05-02,23:40,points,21.5,-225.0,164.0,True,fanduel,2026-05-02T14:19:15.636151
Jayson Tatum,,,a37e80a2e3cf3aaa3ae84a9124987058,2026-05-02,23:40,points,22.5,-168.0,126.0,True,fanduel,2026-05-02T14:19:15.636152
Jayson Tatum,,,a37e80a2e3cf3aaa3ae84a9124987058,2026-05-02,23:40,points,23.5,-132.0,100.0,True,fanduel,2026-05-02T14:19:15.636154
Jayson Tatum,,,a37e80a2e3cf3aaa3ae84a9124987058,2026-05-02,23:40,points,25.5,122.0,-162.0,True,fanduel,2026-05-02T14:19:15.636156
Jayson Tatum,,,a37e80a2e3cf3aaa3ae84a9124987058,2026-05-02,23:40,points,26.5,154.0,-210.0,True,fanduel,2026-05-02T14:19:15.636157
Jayson Tatum,,,a37e80a2e3cf3aaa3ae84a9124987058,2026-05-02,23:40,points,27.5,194.0,-270.0,True,fanduel,2026-05-02T14:19:15.636159
Jayson Tatum,,,a37e80a2e3cf3aaa3ae84a9124987058,2026-05-02,23:40,points,28.5,235.0,-340.0,True,fanduel,2026-05-02T14:19:15.636160
Jayson Tatum,,,a37e80a2e3cf3aaa3ae84a9124987058,2026-05-02,23:40,points,30.5,370.0,-600.0,True,fanduel,2026-05-02T14:19:15.636162
Jayson Tatum,,,a37e80a2e3cf3aaa3ae84a9124987058,2026-05-02,23:40,points,31.5,430.0,-750.0,True,fanduel,2026-05-02T14:19:15.636164
Jayson Tatum,,,a37e80a2e3cf3aaa3ae84a9124987058,2026-05-02,23:40,points,32.5,,-1100.0,True,fanduel,2026-05-02T14:19:15.636165
Payton Pritchard,,,a37e80a2e3cf3aaa3ae84a9124987058,2026-05-02,23:40,points,6.5,-1200.0,,True,fanduel,2026-05-02T14:19:15.636167
Payton Pritchard,,,a37e80a2e3cf3aaa3ae84a9124987058,2026-05-02,23:40,points,7.5,-700.0,410.0,True,fanduel,2026-05-02T14:19:15.636169
Payton Pritchard,,,a37e80a2e3cf3aaa3ae84a9124987058,2026-05-02,23:40,points,8.5,-470.0,310.0,True,fanduel,2026-05-02T14:19:15.636170
Payton Pritchard,,,a37e80a2e3cf3aaa3ae84a9124987058,2026-05-02,23:40,points,10.5,-250.0,182.0,True,fanduel,2026-05-02T14:19:15.636172
Payton Pritchard,,,a37e80a2e3cf3aaa3ae84a9124987058,2026-05-02,23:40,points,11.5,-192.0,142.0,True,fanduel,2026-05-02T14:19:15.636174
Payton Pritchard,,,a37e80a2e3cf3aaa3ae84a9124987058,2026-05-02,23:40,points,12.5,-146.0,110.0,True,fanduel,2026-05-02T14:19:15.636175
Payton Pritchard,,,a37e80a2e3cf3aaa3ae84a9124987058,2026-05-02,23:40,points,13.5,-110.0,-120.0,True,fanduel,2026-05-02T14:19:15.636177
Payton Pritchard,,,a37e80a2e3cf3aaa3ae84a9124987058,2026-05-02,23:40,points,15.5,148.0,-200.0,True,fanduel,2026-05-02T14:19:15.636178
Payton Pritchard,,,a37e80a2e3cf3aaa3ae84a9124987058,2026-05-02,23:40,points,16.5,188.0,-260.0,True,fanduel,2026-05-02T14:19:15.636180
Payton Pritchard,,,a37e80a2e3cf3aaa3ae84a9124987058,2026-05-02,23:40,points,17.5,225.0,-320.0,True,fanduel,2026-05-02T14:19:15.636187
Tyrese Maxey,,,a37e80a2e3cf3aaa3ae84a9124987058,2026-05-02,23:40,rebounds,3.5,-132.0,100.0,False,fanduel,2026-05-02T14:19:15.636209
Derrick White,,,a37e80a2e3cf3aaa3ae84a9124987058,2026-05-02,23:40,rebounds,3.5,-104.0,-128.0,False,fanduel,2026-05-02T14:19:15.636211
Jayson Tatum,,,a37e80a2e3cf3aaa3ae84a9124987058,2026-05-02,23:40,rebounds,10.5,-118.0,-112.0,False,fanduel,2026-05-02T14:19:15.636212
Nikola Vucevic,,,a37e80a2e3cf3aaa3ae84a9124987058,2026-05-02,23:40,rebounds,4.5,104.0,-138.0,False,fanduel,2026-05-02T14:19:15.636214
VJ Edgecombe,,,a37e80a2e3cf3aaa3ae84a9124987058,2026-05-02,23:40,rebounds,5.5,-132.0,100.0,False,fanduel,2026-05-02T14:19:15.636216
Kelly Oubre Jr,,,a37e80a2e3cf3aaa3ae84a9124987058,2026-05-02,23:40,rebounds,5.5,122.0,-162.0,False,fanduel,2026-05-02T14:19:15.636218
Neemias Queta,,,a37e80a2e3cf3aaa3ae84a9124987058,2026-05-02,23:40,rebounds,7.5,104.0,-138.0,False,fanduel,2026-05-02T14:19:15.636219
Paul George,,,a37e80a2e3cf3aaa3ae84a9124987058,2026-05-02,23:40,rebounds,5.5,114.0,-152.0,False,fanduel,2026-05-02T14:19:15.636221
Payton Pritchard,,,a37e80a2e3cf3aaa3ae84a9124987058,2026-05-02,23:40,rebounds,3.5,128.0,-172.0,False,fanduel,2026-05-02T14:19:15.636222
Sam Hauser,,,a37e80a2e3cf3aaa3ae84a9124987058,2026-05-02,23:40,rebounds,3.5,128.0,-172.0,False,fanduel,2026-05-02T14:19:15.636224
Jaylen Brown,,,a37e80a2e3cf3aaa3ae84a9124987058,2026-05-02,23:40,rebounds,5.5,-154.0,116.0,False,fanduel,2026-05-02T14:19:15.636226
Joel Embiid,,,a37e80a2e3cf3aaa3ae84a9124987058,2026-05-02,23:40,rebounds,8.5,110.0,-146.0,False,fanduel,2026-05-02T14:19:15.636227
Jaylen Brown,,,a37e80a2e3cf3aaa3ae84a9124987058,2026-05-02,23:40,rebounds,3.5,-800.0,470.0,True,fanduel,2026-05-02T14:19:15.636307
Jaylen Brown,,,a37e80a2e3cf3aaa3ae84a9124987058,2026-05-02,23:40,rebounds,4.5,-320.0,225.0,True,fanduel,2026-05-02T14:19:15.636308
Jaylen Brown,,,a37e80a2e3cf3aaa3ae84a9124987058,2026-05-02,23:40,rebounds,5.5,-150.0,116.0,True,fanduel,2026-05-02T14:19:15.636310
Jaylen Brown,,,a37e80a2e3cf3aaa3ae84a9124987058,2026-05-02,23:40,rebounds,6.5,130.0,-174.0,True,fanduel,2026-05-02T14:19:15.636312
Jaylen Brown,,,a37e80a2e3cf3aaa3ae84a9124987058,2026-05-02,23:40,rebounds,7.5,250.0,-340.0,True,fanduel,2026-05-02T14:19:15.636313
Jaylen Brown,,,a37e80a2e3cf3aaa3ae84a9124987058,2026-05-02,23:40,rebounds,8.5,410.0,-700.0,True,fanduel,2026-05-02T14:19:15.636315
Jayson Tatum,,,a37e80a2e3cf3aaa3ae84a9124987058,2026-05-02,23:40,rebounds,15.5,900.0,,True,fanduel,2026-05-02T14:19:15.636317
Joel Embiid,,,a37e80a2e3cf3aaa3ae84a9124987058,2026-05-02,23:40,rebounds,15.5,3000.0,,True,fanduel,2026-05-02T14:19:15.636318
Jayson Tatum,,,a37e80a2e3cf3aaa3ae84a9124987058,2026-05-02,23:40,rebounds,5.5,-4000.0,,True,fanduel,2026-05-02T14:19:15.636320
Joel Embiid,,,a37e80a2e3cf3aaa3ae84a9124987058,2026-05-02,23:40,rebounds,5.5,-650.0,390.0,True,fanduel,2026-05-02T14:19:15.636322
Neemias Queta,,,a37e80a2e3cf3aaa3ae84a9124987058,2026-05-02,23:40,rebounds,5.5,-320.0,225.0,True,fanduel,2026-05-02T14:19:15.636323
VJ Edgecombe,,,a37e80a2e3cf3aaa3ae84a9124987058,2026-05-02,23:40,rebounds,5.5,-132.0,100.0,True,fanduel,2026-05-02T14:19:15.636325
Paul George,,,a37e80a2e3cf3aaa3ae84a9124987058,2026-05-02,23:40,rebounds,5.5,114.0,-152.0,True,fanduel,2026-05-02T14:19:15.636327
Kelly Oubre Jr,,,a37e80a2e3cf3aaa3ae84a9124987058,2026-05-02,23:40,rebounds,5.5,122.0,-162.0,True,fanduel,2026-05-02T14:19:15.636329
Nikola Vucevic,,,a37e80a2e3cf3aaa3ae84a9124987058,2026-05-02,23:40,rebounds,5.5,188.0,-260.0,True,fanduel,2026-05-02T14:19:15.636331
Tyrese Maxey,,,a37e80a2e3cf3aaa3ae84a9124987058,2026-05-02,23:40,rebounds,5.5,360.0,-580.0,True,fanduel,2026-05-02T14:19:15.636332
Derrick White,,,a37e80a2e3cf3aaa3ae84a9124987058,2026-05-02,23:40,rebounds,5.5,430.0,-750.0,True,fanduel,2026-05-02T14:19:15.636334
Payton Pritchard,,,a37e80a2e3cf3aaa3ae84a9124987058,2026-05-02,23:40,rebounds,5.5,600.0,,True,fanduel,2026-05-02T14:19:15.636335
Sam Hauser,,,a37e80a2e3cf3aaa3ae84a9124987058,2026-05-02,23:40,rebounds,5.5,560.0,-1100.0,True,fanduel,2026-05-02T14:19:15.636339
Jayson Tatum,,,a37e80a2e3cf3aaa3ae84a9124987058,2026-05-02,23:40,rebounds,7.5,-580.0,360.0,True,fanduel,2026-05-02T14:19:15.636341
Joel Embiid,,,a37e80a2e3cf3aaa3ae84a9124987058,2026-05-02,23:40,rebounds,7.5,-162.0,122.0,True,fanduel,2026-05-02T14:19:15.636343
Neemias Queta,,,a37e80a2e3cf3aaa3ae84a9124987058,2026-05-02,23:40,rebounds,7.5,104.0,-138.0,True,fanduel,2026-05-02T14:19:15.636345
VJ Edgecombe,,,a37e80a2e3cf3aaa3ae84a9124987058,2026-05-02,23:40,rebounds,7.5,265.0,-390.0,True,fanduel,2026-05-02T14:19:15.636346
Paul George,,,a37e80a2e3cf3aaa3ae84a9124987058,2026-05-02,23:40,rebounds,7.5,400.0,-670.0,True,fanduel,2026-05-02T14:19:15.636348
Kelly Oubre Jr,,,a37e80a2e3cf3aaa3ae84a9124987058,2026-05-02,23:40,rebounds,7.5,410.0,-700.0,True,fanduel,2026-05-02T14:19:15.636350
Nikola Vucevic,,,a37e80a2e3cf3aaa3ae84a9124987058,2026-05-02,23:40,rebounds,7.5,540.0,-1000.0,True,fanduel,2026-05-02T14:19:15.636351
Derrick White,,,a37e80a2e3cf3aaa3ae84a9124987058,2026-05-02,23:40,rebounds,7.5,1400.0,,True,fanduel,2026-05-02T14:19:15.636353
Tyrese Maxey,,,a37e80a2e3cf3aaa3ae84a9124987058,2026-05-02,23:40,rebounds,7.5,1400.0,,True,fanduel,2026-05-02T14:19:15.636355
Jayson Tatum,,,a37e80a2e3cf3aaa3ae84a9124987058,2026-05-02,23:40,rebounds,11.5,142.0,-192.0,True,fanduel,2026-05-02T14:19:15.636356
Joel Embiid,,,a37e80a2e3cf3aaa3ae84a9124987058,2026-05-02,23:40,rebounds,11.5,410.0,-700.0,True,fanduel,2026-05-02T14:19:15.636358
Neemias Queta,,,a37e80a2e3cf3aaa3ae84a9124987058,2026-05-02,23:40,rebounds,11.5,630.0,,True,fanduel,2026-05-02T14:19:15.636360
Jaylen Brown,,,a37e80a2e3cf3aaa3ae84a9124987058,2026-05-02,23:40,rebounds,11.5,1700.0,,True,fanduel,2026-05-02T14:19:15.636361
VJ Edgecombe,,,a37e80a2e3cf3aaa3ae84a9124987058,2026-05-02,23:40,rebounds,11.5,1700.0,,True,fanduel,2026-05-02T14:19:15.636363
Neemias Queta,,,a37e80a2e3cf3aaa3ae84a9124987058,2026-05-02,23:40,rebounds,3.5,-1800.0,,True,fanduel,2026-05-02T14:19:15.636365
VJ Edgecombe,,,a37e80a2e3cf3aaa3ae84a9124987058,2026-05-02,23:40,rebounds,3.5,-670.0,400.0,True,fanduel,2026-05-02T14:19:15.636366
Paul George,,,a37e80a2e3cf3aaa3ae84a9124987058,2026-05-02,23:40,rebounds,3.5,-450.0,300.0,True,fanduel,2026-05-02T14:19:15.636368
Kelly Oubre Jr,,,a37e80a2e3cf3aaa3ae84a9124987058,2026-05-02,23:40,rebounds,3.5,-380.0,260.0,True,fanduel,2026-05-02T14:19:15.636369
Nikola Vucevic,,,a37e80a2e3cf3aaa3ae84a9124987058,2026-05-02,23:40,rebounds,3.5,-192.0,142.0,True,fanduel,2026-05-02T14:19:15.636371
Tyrese Maxey,,,a37e80a2e3cf3aaa3ae84a9124987058,2026-05-02,23:40,rebounds,3.5,-132.0,100.0,True,fanduel,2026-05-02T14:19:15.636373
Derrick White,,,a37e80a2e3cf3aaa3ae84a9124987058,2026-05-02,23:40,rebounds,3.5,-104.0,-128.0,True,fanduel,2026-05-02T14:19:15.636374
Sam Hauser,,,a37e80a2e3cf3aaa3ae84a9124987058,2026-05-02,23:40,rebounds,3.5,128.0,-172.0,True,fanduel,2026-05-02T14:19:15.636376
Payton Pritchard,,,a37e80a2e3cf3aaa3ae84a9124987058,2026-05-02,23:40,rebounds,3.5,130.0,,True,fanduel,2026-05-02T14:19:15.636378
Quentin Grimes,,,a37e80a2e3cf3aaa3ae84a9124987058,2026-05-02,23:40,rebounds,3.5,260.0,,True,fanduel,2026-05-02T14:19:15.636380
Baylor Scheierman,,,a37e80a2e3cf3aaa3ae84a9124987058,2026-05-02,23:40,rebounds,3.5,330.0,,True,fanduel,2026-05-02T14:19:15.636381
Sam Hauser,,,a37e80a2e3cf3aaa3ae84a9124987058,2026-05-02,23:40,rebounds,1.5,-600.0,370.0,True,fanduel,2026-05-02T14:19:15.636383
Sam Hauser,,,a37e80a2e3cf3aaa3ae84a9124987058,2026-05-02,23:40,rebounds,2.5,-194.0,144.0,True,fanduel,2026-05-02T14:19:15.636384
Sam Hauser,,,a37e80a2e3cf3aaa3ae84a9124987058,2026-05-02,23:40,rebounds,4.5,280.0,-420.0,True,fanduel,2026-05-02T14:19:15.636386
Paul George,,,a37e80a2e3cf3aaa3ae84a9124987058,2026-05-02,23:40,rebounds,2.5,-1450.0,,True,fanduel,2026-05-02T14:19:15.636388
Paul George,,,a37e80a2e3cf3aaa3ae84a9124987058,2026-05-02,23:40,rebounds,4.5,-192.0,142.0,True,fanduel,2026-05-02T14:19:15.636389
Paul George,,,a37e80a2e3cf3aaa3ae84a9124987058,2026-05-02,23:40,rebounds,6.5,210.0,-300.0,True,fanduel,2026-05-02T14:19:15.636391
Kelly Oubre Jr,,,a37e80a2e3cf3aaa3ae84a9124987058,2026-05-02,23:40,rebounds,2.5,-1200.0,,True,fanduel,2026-05-02T14:19:15.636393
Kelly Oubre Jr,,,a37e80a2e3cf3aaa3ae84a9124987058,2026-05-02,23:40,rebounds,4.5,-166.0,124.0,True,fanduel,2026-05-02T14:19:15.636394
Kelly Oubre Jr,,,a37e80a2e3cf3aaa3ae84a9124987058,2026-05-02,23:40,rebounds,6.5,230.0,-330.0,True,fanduel,2026-05-02T14:19:15.636396
Tyrese Maxey,,,a37e80a2e3cf3aaa3ae84a9124987058,2026-05-02,23:40,rebounds,1.5,-1450.0,,True,fanduel,2026-05-02T14:19:15.636398
Tyrese Maxey,,,a37e80a2e3cf3aaa3ae84a9124987058,2026-05-02,23:40,rebounds,2.5,-340.0,235.0,True,fanduel,2026-05-02T14:19:15.636399
Tyrese Maxey,,,a37e80a2e3cf3aaa3ae84a9124987058,2026-05-02,23:40,rebounds,4.5,178.0,-245.0,True,fanduel,2026-05-02T14:19:15.636401
VJ Edgecombe,,,a37e80a2e3cf3aaa3ae84a9124987058,2026-05-02,23:40,rebounds,4.5,-275.0,198.0,True,fanduel,2026-05-02T14:19:15.636403
VJ Edgecombe,,,a37e80a2e3cf3aaa3ae84a9124987058,2026-05-02,23:40,rebounds,6.5,148.0,-200.0,True,fanduel,2026-05-02T14:19:15.636404
VJ Edgecombe,,,a37e80a2e3cf3aaa3ae84a9124987058,2026-05-02,23:40,rebounds,8.5,430.0,-750.0,True,fanduel,2026-05-02T14:19:15.636406
Nikola Vucevic,,,a37e80a2e3cf3aaa3ae84a9124987058,2026-05-02,23:40,rebounds,1.5,-1400.0,,True,fanduel,2026-05-02T14:19:15.636408
Nikola Vucevic,,,a37e80a2e3cf3aaa3ae84a9124987058,2026-05-02,23:40,rebounds,2.5,-440.0,290.0,True,fanduel,2026-05-02T14:19:15.636409
Nikola Vucevic,,,a37e80a2e3cf3aaa3ae84a9124987058,2026-05-02,23:40,rebounds,4.5,104.0,-138.0,True,fanduel,2026-05-02T14:19:15.636411
Nikola Vucevic,,,a37e80a2e3cf3aaa3ae84a9124987058,2026-05-02,23:40,rebounds,6.5,320.0,-500.0,True,fanduel,2026-05-02T14:19:15.636413
Jayson Tatum,,,a37e80a2e3cf3aaa3ae84a9124987058,2026-05-02,23:40,rebounds,6.5,-1400.0,,True,fanduel,2026-05-02T14:19:15.636414
Jayson Tatum,,,a37e80a2e3cf3aaa3ae84a9124987058,2026-05-02,23:40,rebounds,8.5,-310.0,220.0,True,fanduel,2026-05-02T14:19:15.636416
Jayson Tatum,,,a37e80a2e3cf3aaa3ae84a9124987058,2026-05-02,23:40,rebounds,9.5,-210.0,162.0,True,fanduel,2026-05-02T14:19:15.636418
Jayson Tatum,,,a37e80a2e3cf3aaa3ae84a9124987058,2026-05-02,23:40,rebounds,10.5,-118.0,-112.0,True,fanduel,2026-05-02T14:19:15.636419
Jayson Tatum,,,a37e80a2e3cf3aaa3ae84a9124987058,2026-05-02,23:40,rebounds,12.5,225.0,-320.0,True,fanduel,2026-05-02T14:19:15.636421
Jayson Tatum,,,a37e80a2e3cf3aaa3ae84a9124987058,2026-05-02,23:40,rebounds,13.5,370.0,-580.0,True,fanduel,2026-05-02T14:19:15.636424
Jayson Tatum,,,a37e80a2e3cf3aaa3ae84a9124987058,2026-05-02,23:40,rebounds,14.5,,-1100.0,True,fanduel,2026-05-02T14:19:15.636426
Derrick White,,,a37e80a2e3cf3aaa3ae84a9124987058,2026-05-02,23:40,rebounds,1.5,-900.0,,True,fanduel,2026-05-02T14:19:15.636428
Derrick White,,,a37e80a2e3cf3aaa3ae84a9124987058,2026-05-02,23:40,rebounds,2.5,-260.0,188.0,True,fanduel,2026-05-02T14:19:15.636429
Derrick White,,,a37e80a2e3cf3aaa3ae84a9124987058,2026-05-02,23:40,rebounds,4.5,210.0,-300.0,True,fanduel,2026-05-02T14:19:15.636431
Joel Embiid,,,a37e80a2e3cf3aaa3ae84a9124987058,2026-05-02,23:40,rebounds,6.5,-310.0,220.0,True,fanduel,2026-05-02T14:19:15.636433
Joel Embiid,,,a37e80a2e3cf3aaa3ae84a9124987058,2026-05-02,23:40,rebounds,8.5,110.0,-146.0,True,fanduel,2026-05-02T14:19:15.636434
Joel Embiid,,,a37e80a2e3cf3aaa3ae84a9124987058,2026-05-02,23:40,rebounds,9.5,158.0,-210.0,True,fanduel,2026-05-02T14:19:15.636436
Joel Embiid,,,a37e80a2e3cf3aaa3ae84a9124987058,2026-05-02,23:40,rebounds,10.5,265.0,-380.0,True,fanduel,2026-05-02T14:19:15.636438
Joel Embiid,,,a37e80a2e3cf3aaa3ae84a9124987058,2026-05-02,23:40,rebounds,13.5,1100.0,,True,fanduel,2026-05-02T14:19:15.636439
Neemias Queta,,,a37e80a2e3cf3aaa3ae84a9124987058,2026-05-02,23:40,rebounds,13.5,1400.0,,True,fanduel,2026-05-02T14:19:15.636441
Neemias Queta,,,a37e80a2e3cf3aaa3ae84a9124987058,2026-05-02,23:40,rebounds,9.5,230.0,-330.0,True,fanduel,2026-05-02T14:19:15.636443
Jaylen Brown,,,a37e80a2e3cf3aaa3ae84a9124987058,2026-05-02,23:40,rebounds,9.5,630.0,,True,fanduel,2026-05-02T14:19:15.636444
VJ Edgecombe,,,a37e80a2e3cf3aaa3ae84a9124987058,2026-05-02,23:40,rebounds,9.5,680.0,,True,fanduel,2026-05-02T14:19:15.636446
Paul George,,,a37e80a2e3cf3aaa3ae84a9124987058,2026-05-02,23:40,rebounds,9.5,1100.0,,True,fanduel,2026-05-02T14:19:15.636448
Kelly Oubre Jr,,,a37e80a2e3cf3aaa3ae84a9124987058,2026-05-02,23:40,rebounds,9.5,1060.0,,True,fanduel,2026-05-02T14:19:15.636449
Nikola Vucevic,,,a37e80a2e3cf3aaa3ae84a9124987058,2026-05-02,23:40,rebounds,9.5,1200.0,,True,fanduel,2026-05-02T14:19:15.636451
Neemias Queta,,,a37e80a2e3cf3aaa3ae84a9124987058,2026-05-02,23:40,rebounds,4.5,-670.0,400.0,True,fanduel,2026-05-02T14:19:15.636453
Neemias Queta,,,a37e80a2e3cf3aaa3ae84a9124987058,2026-05-02,23:40,rebounds,6.5,-168.0,126.0,True,fanduel,2026-05-02T14:19:15.636454
Neemias Queta,,,a37e80a2e3cf3aaa3ae84a9124987058,2026-05-02,23:40,rebounds,8.5,174.0,-240.0,True,fanduel,2026-05-02T14:19:15.636456
Neemias Queta,,,a37e80a2e3cf3aaa3ae84a9124987058,2026-05-02,23:40,rebounds,10.5,390.0,-650.0,True,fanduel,2026-05-02T14:19:15.636458
Tyrese Maxey,,,a37e80a2e3cf3aaa3ae84a9124987058,2026-05-02,23:40,threes,2.5,-158.0,118.0,False,fanduel,2026-05-02T14:19:15.636472
Derrick White,,,a37e80a2e3cf3aaa3ae84a9124987058,2026-05-02,23:40,threes,1.5,-192.0,142.0,False,fanduel,2026-05-02T14:19:15.636474
VJ Edgecombe,,,a37e80a2e3cf3aaa3ae84a9124987058,2026-05-02,23:40,threes,1.5,-152.0,114.0,False,fanduel,2026-05-02T14:19:15.636476
Kelly Oubre Jr,,,a37e80a2e3cf3aaa3ae84a9124987058,2026-05-02,23:40,threes,1.5,136.0,-182.0,False,fanduel,2026-05-02T14:19:15.636477
Paul George,,,a37e80a2e3cf3aaa3ae84a9124987058,2026-05-02,23:40,threes,2.5,102.0,-136.0,False,fanduel,2026-05-02T14:19:15.636479
Joel Embiid,,,a37e80a2e3cf3aaa3ae84a9124987058,2026-05-02,23:40,threes,1.5,106.0,-140.0,False,fanduel,2026-05-02T14:19:15.636481
Jayson Tatum,,,a37e80a2e3cf3aaa3ae84a9124987058,2026-05-02,23:40,threes,2.5,-152.0,114.0,False,fanduel,2026-05-02T14:19:15.636482
Quentin Grimes,,,a37e80a2e3cf3aaa3ae84a9124987058,2026-05-02,23:40,threes,1.5,188.0,-260.0,False,fanduel,2026-05-02T14:19:15.636484
Payton Pritchard,,,a37e80a2e3cf3aaa3ae84a9124987058,2026-05-02,23:40,threes,1.5,-205.0,152.0,False,fanduel,2026-05-02T14:19:15.636486
Jaylen Brown,,,a37e80a2e3cf3aaa3ae84a9124987058,2026-05-02,23:40,threes,1.5,-158.0,118.0,False,fanduel,2026-05-02T14:19:15.636487
Paul George,,,a37e80a2e3cf3aaa3ae84a9124987058,2026-05-02,23:40,threes,1.5,-310.0,220.0,True,fanduel,2026-05-02T14:19:15.636539
Paul George,,,a37e80a2e3cf3aaa3ae84a9124987058,2026-05-02,23:40,threes,2.5,104.0,-136.0,True,fanduel,2026-05-02T14:19:15.636540
Paul George,,,a37e80a2e3cf3aaa3ae84a9124987058,2026-05-02,23:40,threes,3.5,260.0,-380.0,True,fanduel,2026-05-02T14:19:15.636542
Paul George,,,a37e80a2e3cf3aaa3ae84a9124987058,2026-05-02,23:40,threes,4.5,650.0,-1200.0,True,fanduel,2026-05-02T14:19:15.636544
Tyrese Maxey,,,a37e80a2e3cf3aaa3ae84a9124987058,2026-05-02,23:40,threes,7.5,3500.0,,True,fanduel,2026-05-02T14:19:15.636545
Jaylen Brown,,,a37e80a2e3cf3aaa3ae84a9124987058,2026-05-02,23:40,threes,0.5,-770.0,450.0,True,fanduel,2026-05-02T14:19:15.636547
Jaylen Brown,,,a37e80a2e3cf3aaa3ae84a9124987058,2026-05-02,23:40,threes,1.5,-156.0,118.0,True,fanduel,2026-05-02T14:19:15.636549
Jaylen Brown,,,a37e80a2e3cf3aaa3ae84a9124987058,2026-05-02,23:40,threes,2.5,210.0,-280.0,True,fanduel,2026-05-02T14:19:15.636550
Jaylen Brown,,,a37e80a2e3cf3aaa3ae84a9124987058,2026-05-02,23:40,threes,3.5,560.0,-1100.0,True,fanduel,2026-05-02T14:19:15.636552
Tyrese Maxey,,,a37e80a2e3cf3aaa3ae84a9124987058,2026-05-02,23:40,threes,5.5,830.0,,True,fanduel,2026-05-02T14:19:15.636554
Paul George,,,a37e80a2e3cf3aaa3ae84a9124987058,2026-05-02,23:40,threes,5.5,1300.0,,True,fanduel,2026-05-02T14:19:15.636555
Jayson Tatum,,,a37e80a2e3cf3aaa3ae84a9124987058,2026-05-02,23:40,threes,5.5,1000.0,,True,fanduel,2026-05-02T14:19:15.636557
Derrick White,,,a37e80a2e3cf3aaa3ae84a9124987058,2026-05-02,23:40,threes,5.5,2500.0,,True,fanduel,2026-05-02T14:19:15.636559
Payton Pritchard,,,a37e80a2e3cf3aaa3ae84a9124987058,2026-05-02,23:40,threes,5.5,1700.0,,True,fanduel,2026-05-02T14:19:15.636561
Jayson Tatum,,,a37e80a2e3cf3aaa3ae84a9124987058,2026-05-02,23:40,threes,1.5,-480.0,320.0,True,fanduel,2026-05-02T14:19:15.636562
Jayson Tatum,,,a37e80a2e3cf3aaa3ae84a9124987058,2026-05-02,23:40,threes,2.5,-146.0,114.0,True,fanduel,2026-05-02T14:19:15.636564
Jayson Tatum,,,a37e80a2e3cf3aaa3ae84a9124987058,2026-05-02,23:40,threes,3.5,186.0,-250.0,True,fanduel,2026-05-02T14:19:15.636566
Jayson Tatum,,,a37e80a2e3cf3aaa3ae84a9124987058,2026-05-02,23:40,threes,4.5,470.0,-750.0,True,fanduel,2026-05-02T14:19:15.636567
Tyrese Maxey,,,a37e80a2e3cf3aaa3ae84a9124987058,2026-05-02,23:40,threes,6.5,1500.0,,True,fanduel,2026-05-02T14:19:15.636569
Paul George,,,a37e80a2e3cf3aaa3ae84a9124987058,2026-05-02,23:40,threes,6.5,2500.0,,True,fanduel,2026-05-02T14:19:15.636571
Jayson Tatum,,,a37e80a2e3cf3aaa3ae84a9124987058,2026-05-02,23:40,threes,6.5,1700.0,,True,fanduel,2026-05-02T14:19:15.636574
Payton Pritchard,,,a37e80a2e3cf3aaa3ae84a9124987058,2026-05-02,23:40,threes,6.5,3500.0,,True,fanduel,2026-05-02T14:19:15.636576
Tyrese Maxey,,,a37e80a2e3cf3aaa3ae84a9124987058,2026-05-02,23:40,threes,4.5,390.0,-650.0,True,fanduel,2026-05-02T14:19:15.636578
Payton Pritchard,,,a37e80a2e3cf3aaa3ae84a9124987058,2026-05-02,23:40,threes,4.5,850.0,,True,fanduel,2026-05-02T14:19:15.636579
Derrick White,,,a37e80a2e3cf3aaa3ae84a9124987058,2026-05-02,23:40,threes,4.5,1100.0,,True,fanduel,2026-05-02T14:19:15.636581
Jaylen Brown,,,a37e80a2e3cf3aaa3ae84a9124987058,2026-05-02,23:40,threes,4.5,1300.0,,True,fanduel,2026-05-02T14:19:15.636583
VJ Edgecombe,,,a37e80a2e3cf3aaa3ae84a9124987058,2026-05-02,23:40,threes,4.5,1500.0,,True,fanduel,2026-05-02T14:19:15.636584
Tyrese Maxey,,,a37e80a2e3cf3aaa3ae84a9124987058,2026-05-02,23:40,threes,2.5,-158.0,118.0,True,fanduel,2026-05-02T14:19:15.636586
Payton Pritchard,,,a37e80a2e3cf3aaa3ae84a9124987058,2026-05-02,23:40,threes,2.5,154.0,-210.0,True,fanduel,2026-05-02T14:19:15.636587
Derrick White,,,a37e80a2e3cf3aaa3ae84a9124987058,2026-05-02,23:40,threes,2.5,172.0,-235.0,True,fanduel,2026-05-02T14:19:15.636589
VJ Edgecombe,,,a37e80a2e3cf3aaa3ae84a9124987058,2026-05-02,23:40,threes,2.5,225.0,-320.0,True,fanduel,2026-05-02T14:19:15.636591
Joel Embiid,,,a37e80a2e3cf3aaa3ae84a9124987058,2026-05-02,23:40,threes,2.5,320.0,-500.0,True,fanduel,2026-05-02T14:19:15.636592
Kelly Oubre Jr,,,a37e80a2e3cf3aaa3ae84a9124987058,2026-05-02,23:40,threes,2.5,400.0,-670.0,True,fanduel,2026-05-02T14:19:15.636594
Quentin Grimes,,,a37e80a2e3cf3aaa3ae84a9124987058,2026-05-02,23:40,threes,2.5,600.0,,True,fanduel,2026-05-02T14:19:15.636596
Payton Pritchard,,,a37e80a2e3cf3aaa3ae84a9124987058,2026-05-02,23:40,threes,0.5,-1100.0,,True,fanduel,2026-05-02T14:19:15.636597
Payton Pritchard,,,a37e80a2e3cf3aaa3ae84a9124987058,2026-05-02,23:40,threes,1.5,-196.0,152.0,True,fanduel,2026-05-02T14:19:15.636599
Payton Pritchard,,,a37e80a2e3cf3aaa3ae84a9124987058,2026-05-02,23:40,threes,3.5,390.0,-600.0,True,fanduel,2026-05-02T14:19:15.636601
VJ Edgecombe,,,a37e80a2e3cf3aaa3ae84a9124987058,2026-05-02,23:40,threes,0.5,-750.0,430.0,True,fanduel,2026-05-02T14:19:15.636604
VJ Edgecombe,,,a37e80a2e3cf3aaa3ae84a9124987058,2026-05-02,23:40,threes,1.5,-146.0,114.0,True,fanduel,2026-05-02T14:19:15.636606
VJ Edgecombe,,,a37e80a2e3cf3aaa3ae84a9124987058,2026-05-02,23:40,threes,3.5,600.0,-1200.0,True,fanduel,2026-05-02T14:19:15.636607
Tyrese Maxey,,,a37e80a2e3cf3aaa3ae84a9124987058,2026-05-02,23:40,threes,1.5,-500.0,320.0,True,fanduel,2026-05-02T14:19:15.636609
Derrick White,,,a37e80a2e3cf3aaa3ae84a9124987058,2026-05-02,23:40,threes,1.5,-192.0,142.0,True,fanduel,2026-05-02T14:19:15.636611
Joel Embiid,,,a37e80a2e3cf3aaa3ae84a9124987058,2026-05-02,23:40,threes,1.5,106.0,-140.0,True,fanduel,2026-05-02T14:19:15.636612
Kelly Oubre Jr,,,a37e80a2e3cf3aaa3ae84a9124987058,2026-05-02,23:40,threes,1.5,136.0,-182.0,True,fanduel,2026-05-02T14:19:15.636614
Quentin Grimes,,,a37e80a2e3cf3aaa3ae84a9124987058,2026-05-02,23:40,threes,1.5,196.0,,True,fanduel,2026-05-02T14:19:15.636616
Joel Embiid,,,a37e80a2e3cf3aaa3ae84a9124987058,2026-05-02,23:40,threes,0.5,-460.0,310.0,True,fanduel,2026-05-02T14:19:15.636617
Kelly Oubre Jr,,,a37e80a2e3cf3aaa3ae84a9124987058,2026-05-02,23:40,threes,0.5,-360.0,260.0,True,fanduel,2026-05-02T14:19:15.636619
Derrick White,,,a37e80a2e3cf3aaa3ae84a9124987058,2026-05-02,23:40,threes,0.5,-1100.0,,True,fanduel,2026-05-02T14:19:15.636621
Derrick White,,,a37e80a2e3cf3aaa3ae84a9124987058,2026-05-02,23:40,threes,3.5,450.0,-750.0,True,fanduel,2026-05-02T14:19:15.636622
Jayson Tatum,,,a37e80a2e3cf3aaa3ae84a9124987058,2026-05-02,23:40,threes,0.5,-4000.0,,True,fanduel,2026-05-02T14:19:15.636625
Tyrese Maxey,,,a37e80a2e3cf3aaa3ae84a9124987058,2026-05-02,23:40,threes,0.5,-4000.0,,True,fanduel,2026-05-02T14:19:15.636627
Paul George,,,a37e80a2e3cf3aaa3ae84a9124987058,2026-05-02,23:40,threes,0.5,-2200.0,,True,fanduel,2026-05-02T14:19:15.636629
Quentin Grimes,,,a37e80a2e3cf3aaa3ae84a9124987058,2026-05-02,23:40,threes,0.5,-245.0,,True,fanduel,2026-05-02T14:19:15.636630
Tyrese Maxey,,,a37e80a2e3cf3aaa3ae84a9124987058,2026-05-02,23:40,threes,3.5,168.0,-230.0,True,fanduel,2026-05-02T14:19:15.636632
Joel Embiid,,,a37e80a2e3cf3aaa3ae84a9124987058,2026-05-02,23:40,threes,3.5,900.0,,True,fanduel,2026-05-02T14:19:15.636634
Kelly Oubre Jr,,,a37e80a2e3cf3aaa3ae84a9124987058,2026-05-02,23:40,threes,3.5,1100.0,,True,fanduel,2026-05-02T14:19:15.636635
Quentin Grimes,,,a37e80a2e3cf3aaa3ae84a9124987058,2026-05-02,23:40,threes,3.5,1500.0,,True,fanduel,2026-05-02T14:19:15.636637
Cade Cunningham,,,be60e6f50fc77fc3a3cf6925472bad91,2026-05-03,19:40,assists,8.5,-118.0,-112.0,False,fanduel,2026-05-02T14:19:15.711392
Paolo Banchero,,,be60e6f50fc77fc3a3cf6925472bad91,2026-05-03,19:40,assists,5.5,-104.0,-128.0,False,fanduel,2026-05-02T14:19:15.711393
Anthony Black,,,be60e6f50fc77fc3a3cf6925472bad91,2026-05-03,19:40,assists,2.5,-132.0,100.0,False,fanduel,2026-05-02T14:19:15.711395
Jalen Suggs,,,be60e6f50fc77fc3a3cf6925472bad91,2026-05-03,19:40,assists,4.5,-140.0,106.0,False,fanduel,2026-05-02T14:19:15.711397
Ausar Thompson,,,be60e6f50fc77fc3a3cf6925472bad91,2026-05-03,19:40,assists,2.5,-182.0,136.0,False,fanduel,2026-05-02T14:19:15.711398
Desmond Bane,,,be60e6f50fc77fc3a3cf6925472bad91,2026-05-03,19:40,assists,3.5,140.0,-188.0,False,fanduel,2026-05-02T14:19:15.711400
Jalen Duren,,,be60e6f50fc77fc3a3cf6925472bad91,2026-05-03,19:40,assists,1.5,-166.0,124.0,False,fanduel,2026-05-02T14:19:15.711402
Cade Cunningham,,,be60e6f50fc77fc3a3cf6925472bad91,2026-05-03,19:40,assists,5.5,-900.0,,True,fanduel,2026-05-02T14:19:15.711417
Paolo Banchero,,,be60e6f50fc77fc3a3cf6925472bad91,2026-05-03,19:40,assists,5.5,-102.0,,True,fanduel,2026-05-02T14:19:15.711419
Jalen Suggs,,,be60e6f50fc77fc3a3cf6925472bad91,2026-05-03,19:40,assists,5.5,150.0,,True,fanduel,2026-05-02T14:19:15.711421
Ausar Thompson,,,be60e6f50fc77fc3a3cf6925472bad91,2026-05-03,19:40,assists,5.5,630.0,,True,fanduel,2026-05-02T14:19:15.711422
Desmond Bane,,,be60e6f50fc77fc3a3cf6925472bad91,2026-05-03,19:40,assists,5.5,700.0,,True,fanduel,2026-05-02T14:19:15.711424
Anthony Black,,,be60e6f50fc77fc3a3cf6925472bad91,2026-05-03,19:40,assists,5.5,900.0,,True,fanduel,2026-05-02T14:19:15.711426
Cade Cunningham,,,be60e6f50fc77fc3a3cf6925472bad91,2026-05-03,19:40,assists,7.5,-205.0,,True,fanduel,2026-05-02T14:19:15.711428
Paolo Banchero,,,be60e6f50fc77fc3a3cf6925472bad91,2026-05-03,19:40,assists,7.5,360.0,,True,fanduel,2026-05-02T14:19:15.711429
Jalen Suggs,,,be60e6f50fc77fc3a3cf6925472bad91,2026-05-03,19:40,assists,7.5,540.0,,True,fanduel,2026-05-02T14:19:15.711431
Desmond Bane,,,be60e6f50fc77fc3a3cf6925472bad91,2026-05-03,19:40,assists,1.5,-590.0,,True,fanduel,2026-05-02T14:19:15.711433
Ausar Thompson,,,be60e6f50fc77fc3a3cf6925472bad91,2026-05-03,19:40,assists,1.5,-590.0,,True,fanduel,2026-05-02T14:19:15.711434
Anthony Black,,,be60e6f50fc77fc3a3cf6925472bad91,2026-05-03,19:40,assists,1.5,-400.0,,True,fanduel,2026-05-02T14:19:15.711436
Duncan Robinson,,,be60e6f50fc77fc3a3cf6925472bad91,2026-05-03,19:40,assists,1.5,-172.0,,True,fanduel,2026-05-02T14:19:15.711439
Jalen Duren,,,be60e6f50fc77fc3a3cf6925472bad91,2026-05-03,19:40,assists,1.5,-162.0,,True,fanduel,2026-05-02T14:19:15.711441
Tobias Harris,,,be60e6f50fc77fc3a3cf6925472bad91,2026-05-03,19:40,assists,1.5,-162.0,,True,fanduel,2026-05-02T14:19:15.711443
Cade Cunningham,,,be60e6f50fc77fc3a3cf6925472bad91,2026-05-03,19:40,assists,11.5,370.0,,True,fanduel,2026-05-02T14:19:15.711445
Paolo Banchero,,,be60e6f50fc77fc3a3cf6925472bad91,2026-05-03,19:40,assists,11.5,3000.0,,True,fanduel,2026-05-02T14:19:15.711446
Cade Cunningham,,,be60e6f50fc77fc3a3cf6925472bad91,2026-05-03,19:40,assists,9.5,132.0,,True,fanduel,2026-05-02T14:19:15.711448
Paolo Banchero,,,be60e6f50fc77fc3a3cf6925472bad91,2026-05-03,19:40,assists,9.5,1000.0,,True,fanduel,2026-05-02T14:19:15.711449
Jalen Suggs,,,be60e6f50fc77fc3a3cf6925472bad91,2026-05-03,19:40,assists,9.5,1500.0,,True,fanduel,2026-05-02T14:19:15.711451
Paolo Banchero,,,be60e6f50fc77fc3a3cf6925472bad91,2026-05-03,19:40,assists,3.5,-520.0,,True,fanduel,2026-05-02T14:19:15.711453
Jalen Suggs,,,be60e6f50fc77fc3a3cf6925472bad91,2026-05-03,19:40,assists,3.5,-330.0,,True,fanduel,2026-05-02T14:19:15.711454
Desmond Bane,,,be60e6f50fc77fc3a3cf6925472bad91,2026-05-03,19:40,assists,3.5,142.0,,True,fanduel,2026-05-02T14:19:15.711456
Ausar Thompson,,,be60e6f50fc77fc3a3cf6925472bad91,2026-05-03,19:40,assists,3.5,144.0,,True,fanduel,2026-05-02T14:19:15.711458
Anthony Black,,,be60e6f50fc77fc3a3cf6925472bad91,2026-05-03,19:40,assists,3.5,190.0,,True,fanduel,2026-05-02T14:19:15.711459
Duncan Robinson,,,be60e6f50fc77fc3a3cf6925472bad91,2026-05-03,19:40,assists,3.5,450.0,,True,fanduel,2026-05-02T14:19:15.711461
Jalen Duren,,,be60e6f50fc77fc3a3cf6925472bad91,2026-05-03,19:40,assists,3.5,500.0,,True,fanduel,2026-05-02T14:19:15.711463
Tobias Harris,,,be60e6f50fc77fc3a3cf6925472bad91,2026-05-03,19:40,assists,3.5,520.0,,True,fanduel,2026-05-02T14:19:15.711464
Cade Cunningham,,,be60e6f50fc77fc3a3cf6925472bad91,2026-05-03,19:40,assists,13.5,1000.0,,True,fanduel,2026-05-02T14:19:15.711466
Anthony Black,,,be60e6f50fc77fc3a3cf6925472bad91,2026-05-03,19:40,points,10.5,-136.0,102.0,False,fanduel,2026-05-02T14:19:15.711479
Wendell Carter Jr,,,be60e6f50fc77fc3a3cf6925472bad91,2026-05-03,19:40,points,9.5,-130.0,-102.0,False,fanduel,2026-05-02T14:19:15.711480
Tobias Harris,,,be60e6f50fc77fc3a3cf6925472bad91,2026-05-03,19:40,points,17.5,100.0,-132.0,False,fanduel,2026-05-02T14:19:15.711482
Desmond Bane,,,be60e6f50fc77fc3a3cf6925472bad91,2026-05-03,19:40,points,18.5,-130.0,-102.0,False,fanduel,2026-05-02T14:19:15.711484
Jalen Duren,,,be60e6f50fc77fc3a3cf6925472bad91,2026-05-03,19:40,points,13.5,102.0,-136.0,False,fanduel,2026-05-02T14:19:15.711485
Jamal Cain,,,be60e6f50fc77fc3a3cf6925472bad91,2026-05-03,19:40,points,5.5,-128.0,-104.0,False,fanduel,2026-05-02T14:19:15.711489
Jalen Suggs,,,be60e6f50fc77fc3a3cf6925472bad91,2026-05-03,19:40,points,12.5,-130.0,-102.0,False,fanduel,2026-05-02T14:19:15.711491
Paolo Banchero,,,be60e6f50fc77fc3a3cf6925472bad91,2026-05-03,19:40,points,23.5,-104.0,-128.0,False,fanduel,2026-05-02T14:19:15.711492
Cade Cunningham,,,be60e6f50fc77fc3a3cf6925472bad91,2026-05-03,19:40,points,28.5,-132.0,100.0,False,fanduel,2026-05-02T14:19:15.711494
Ausar Thompson,,,be60e6f50fc77fc3a3cf6925472bad91,2026-05-03,19:40,points,9.5,-108.0,-122.0,False,fanduel,2026-05-02T14:19:15.711496
Duncan Robinson,,,be60e6f50fc77fc3a3cf6925472bad91,2026-05-03,19:40,points,10.5,-120.0,-110.0,False,fanduel,2026-05-02T14:19:15.711497
Cade Cunningham,,,be60e6f50fc77fc3a3cf6925472bad91,2026-05-03,19:40,points,24.5,-330.0,,True,fanduel,2026-05-02T14:19:15.711520
Paolo Banchero,,,be60e6f50fc77fc3a3cf6925472bad91,2026-05-03,19:40,points,24.5,122.0,,True,fanduel,2026-05-02T14:19:15.711522
Desmond Bane,,,be60e6f50fc77fc3a3cf6925472bad91,2026-05-03,19:40,points,24.5,300.0,,True,fanduel,2026-05-02T14:19:15.711524
Tobias Harris,,,be60e6f50fc77fc3a3cf6925472bad91,2026-05-03,19:40,points,24.5,560.0,,True,fanduel,2026-05-02T14:19:15.711526
Jalen Duren,,,be60e6f50fc77fc3a3cf6925472bad91,2026-05-03,19:40,points,24.5,1400.0,,True,fanduel,2026-05-02T14:19:15.711529
Jalen Suggs,,,be60e6f50fc77fc3a3cf6925472bad91,2026-05-03,19:40,points,24.5,1400.0,,True,fanduel,2026-05-02T14:19:15.711531
Anthony Black,,,be60e6f50fc77fc3a3cf6925472bad91,2026-05-03,19:40,points,24.5,2500.0,,True,fanduel,2026-05-02T14:19:15.711532
Cade Cunningham,,,be60e6f50fc77fc3a3cf6925472bad91,2026-05-03,19:40,points,29.5,-104.0,,True,fanduel,2026-05-02T14:19:15.711534
Paolo Banchero,,,be60e6f50fc77fc3a3cf6925472bad91,2026-05-03,19:40,points,29.5,340.0,,True,fanduel,2026-05-02T14:19:15.711536
Desmond Bane,,,be60e6f50fc77fc3a3cf6925472bad91,2026-05-03,19:40,points,29.5,870.0,,True,fanduel,2026-05-02T14:19:15.711537
Tobias Harris,,,be60e6f50fc77fc3a3cf6925472bad91,2026-05-03,19:40,points,29.5,1500.0,,True,fanduel,2026-05-02T14:19:15.711539
Cade Cunningham,,,be60e6f50fc77fc3a3cf6925472bad91,2026-05-03,19:40,points,34.5,265.0,,True,fanduel,2026-05-02T14:19:15.711540
Paolo Banchero,,,be60e6f50fc77fc3a3cf6925472bad91,2026-05-03,19:40,points,34.5,900.0,,True,fanduel,2026-05-02T14:19:15.711542
Desmond Bane,,,be60e6f50fc77fc3a3cf6925472bad91,2026-05-03,19:40,points,34.5,1800.0,,True,fanduel,2026-05-02T14:19:15.711544
Desmond Bane,,,be60e6f50fc77fc3a3cf6925472bad91,2026-05-03,19:40,points,9.5,-3000.0,,True,fanduel,2026-05-02T14:19:15.711546
Tobias Harris,,,be60e6f50fc77fc3a3cf6925472bad91,2026-05-03,19:40,points,9.5,-1450.0,,True,fanduel,2026-05-02T14:19:15.711547
Jalen Duren,,,be60e6f50fc77fc3a3cf6925472bad91,2026-05-03,19:40,points,9.5,-350.0,,True,fanduel,2026-05-02T14:19:15.711549
Jalen Suggs,,,be60e6f50fc77fc3a3cf6925472bad91,2026-05-03,19:40,points,9.5,-330.0,,True,fanduel,2026-05-02T14:19:15.711551
Anthony Black,,,be60e6f50fc77fc3a3cf6925472bad91,2026-05-03,19:40,points,9.5,-184.0,,True,fanduel,2026-05-02T14:19:15.711552
Duncan Robinson,,,be60e6f50fc77fc3a3cf6925472bad91,2026-05-03,19:40,points,9.5,-156.0,,True,fanduel,2026-05-02T14:19:15.711554
Wendell Carter Jr,,,be60e6f50fc77fc3a3cf6925472bad91,2026-05-03,19:40,points,9.5,-125.0,,True,fanduel,2026-05-02T14:19:15.711556
Ausar Thompson,,,be60e6f50fc77fc3a3cf6925472bad91,2026-05-03,19:40,points,9.5,-106.0,,True,fanduel,2026-05-02T14:19:15.711557
Jamal Cain,,,be60e6f50fc77fc3a3cf6925472bad91,2026-05-03,19:40,points,9.5,350.0,,True,fanduel,2026-05-02T14:19:15.711559
Cade Cunningham,,,be60e6f50fc77fc3a3cf6925472bad91,2026-05-03,19:40,points,19.5,-1600.0,,True,fanduel,2026-05-02T14:19:15.711560
Paolo Banchero,,,be60e6f50fc77fc3a3cf6925472bad91,2026-05-03,19:40,points,19.5,-265.0,,True,fanduel,2026-05-02T14:19:15.711562
Desmond Bane,,,be60e6f50fc77fc3a3cf6925472bad91,2026-05-03,19:40,points,19.5,100.0,,True,fanduel,2026-05-02T14:19:15.711564
Tobias Harris,,,be60e6f50fc77fc3a3cf6925472bad91,2026-05-03,19:40,points,19.5,168.0,,True,fanduel,2026-05-02T14:19:15.711565
Jalen Duren,,,be60e6f50fc77fc3a3cf6925472bad91,2026-05-03,19:40,points,19.5,450.0,,True,fanduel,2026-05-02T14:19:15.711567
Jalen Suggs,,,be60e6f50fc77fc3a3cf6925472bad91,2026-05-03,19:40,points,19.5,460.0,,True,fanduel,2026-05-02T14:19:15.711569
Anthony Black,,,be60e6f50fc77fc3a3cf6925472bad91,2026-05-03,19:40,points,19.5,870.0,,True,fanduel,2026-05-02T14:19:15.711570
Duncan Robinson,,,be60e6f50fc77fc3a3cf6925472bad91,2026-05-03,19:40,points,19.5,900.0,,True,fanduel,2026-05-02T14:19:15.711572
Wendell Carter Jr,,,be60e6f50fc77fc3a3cf6925472bad91,2026-05-03,19:40,points,19.5,1400.0,,True,fanduel,2026-05-02T14:19:15.711574
Ausar Thompson,,,be60e6f50fc77fc3a3cf6925472bad91,2026-05-03,19:40,points,19.5,1500.0,,True,fanduel,2026-05-02T14:19:15.711575
Cade Cunningham,,,be60e6f50fc77fc3a3cf6925472bad91,2026-05-03,19:40,points,39.5,750.0,,True,fanduel,2026-05-02T14:19:15.711577
Paolo Banchero,,,be60e6f50fc77fc3a3cf6925472bad91,2026-05-03,19:40,points,39.5,2000.0,,True,fanduel,2026-05-02T14:19:15.711579
Cade Cunningham,,,be60e6f50fc77fc3a3cf6925472bad91,2026-05-03,19:40,points,44.5,1500.0,,True,fanduel,2026-05-02T14:19:15.711580
Paolo Banchero,,,be60e6f50fc77fc3a3cf6925472bad91,2026-05-03,19:40,points,14.5,-1400.0,,True,fanduel,2026-05-02T14:19:15.711584
Desmond Bane,,,be60e6f50fc77fc3a3cf6925472bad91,2026-05-03,19:40,points,14.5,-360.0,,True,fanduel,2026-05-02T14:19:15.711586
Tobias Harris,,,be60e6f50fc77fc3a3cf6925472bad91,2026-05-03,19:40,points,14.5,-225.0,,True,fanduel,2026-05-02T14:19:15.711587
Jalen Duren,,,be60e6f50fc77fc3a3cf6925472bad91,2026-05-03,19:40,points,14.5,134.0,,True,fanduel,2026-05-02T14:19:15.711589
Jalen Suggs,,,be60e6f50fc77fc3a3cf6925472bad91,2026-05-03,19:40,points,14.5,140.0,,True,fanduel,2026-05-02T14:19:15.711591
Anthony Black,,,be60e6f50fc77fc3a3cf6925472bad91,2026-05-03,19:40,points,14.5,240.0,,True,fanduel,2026-05-02T14:19:15.711592
Duncan Robinson,,,be60e6f50fc77fc3a3cf6925472bad91,2026-05-03,19:40,points,14.5,285.0,,True,fanduel,2026-05-02T14:19:15.711594
Wendell Carter Jr,,,be60e6f50fc77fc3a3cf6925472bad91,2026-05-03,19:40,points,14.5,360.0,,True,fanduel,2026-05-02T14:19:15.711596
Ausar Thompson,,,be60e6f50fc77fc3a3cf6925472bad91,2026-05-03,19:40,points,14.5,440.0,,True,fanduel,2026-05-02T14:19:15.711597
Jamal Cain,,,be60e6f50fc77fc3a3cf6925472bad91,2026-05-03,19:40,points,14.5,1500.0,,True,fanduel,2026-05-02T14:19:15.711601
Cade Cunningham,,,be60e6f50fc77fc3a3cf6925472bad91,2026-05-03,19:40,points,49.5,4000.0,,True,fanduel,2026-05-02T14:19:15.711602
Tobias Harris,,,be60e6f50fc77fc3a3cf6925472bad91,2026-05-03,19:40,rebounds,6.5,118.0,-158.0,False,fanduel,2026-05-02T14:19:15.711615
Jalen Duren,,,be60e6f50fc77fc3a3cf6925472bad91,2026-05-03,19:40,rebounds,9.5,-112.0,-118.0,False,fanduel,2026-05-02T14:19:15.711617
Desmond Bane,,,be60e6f50fc77fc3a3cf6925472bad91,2026-05-03,19:40,rebounds,3.5,-162.0,122.0,False,fanduel,2026-05-02T14:19:15.711619
Paolo Banchero,,,be60e6f50fc77fc3a3cf6925472bad91,2026-05-03,19:40,rebounds,8.5,102.0,-136.0,False,fanduel,2026-05-02T14:19:15.711620
Jalen Suggs,,,be60e6f50fc77fc3a3cf6925472bad91,2026-05-03,19:40,rebounds,3.5,-144.0,108.0,False,fanduel,2026-05-02T14:19:15.711622
Wendell Carter Jr,,,be60e6f50fc77fc3a3cf6925472bad91,2026-05-03,19:40,rebounds,7.5,116.0,-154.0,False,fanduel,2026-05-02T14:19:15.711624
Anthony Black,,,be60e6f50fc77fc3a3cf6925472bad91,2026-05-03,19:40,rebounds,3.5,116.0,-154.0,False,fanduel,2026-05-02T14:19:15.711625
Jamal Cain,,,be60e6f50fc77fc3a3cf6925472bad91,2026-05-03,19:40,rebounds,3.5,100.0,-132.0,False,fanduel,2026-05-02T14:19:15.711627
Cade Cunningham,,,be60e6f50fc77fc3a3cf6925472bad91,2026-05-03,19:40,rebounds,5.5,-130.0,-102.0,False,fanduel,2026-05-02T14:19:15.711629
Ausar Thompson,,,be60e6f50fc77fc3a3cf6925472bad91,2026-05-03,19:40,rebounds,7.5,-144.0,108.0,False,fanduel,2026-05-02T14:19:15.711630
Duncan Robinson,,,be60e6f50fc77fc3a3cf6925472bad91,2026-05-03,19:40,rebounds,2.5,-108.0,-122.0,False,fanduel,2026-05-02T14:19:15.711632
Jalen Duren,,,be60e6f50fc77fc3a3cf6925472bad91,2026-05-03,19:40,rebounds,15.5,1200.0,,True,fanduel,2026-05-02T14:19:15.711655
Paolo Banchero,,,be60e6f50fc77fc3a3cf6925472bad91,2026-05-03,19:40,rebounds,15.5,2500.0,,True,fanduel,2026-05-02T14:19:15.711657
Ausar Thompson,,,be60e6f50fc77fc3a3cf6925472bad91,2026-05-03,19:40,rebounds,15.5,2500.0,,True,fanduel,2026-05-02T14:19:15.711659
Jalen Duren,,,be60e6f50fc77fc3a3cf6925472bad91,2026-05-03,19:40,rebounds,9.5,-111.0,,True,fanduel,2026-05-02T14:19:15.711661
Paolo Banchero,,,be60e6f50fc77fc3a3cf6925472bad91,2026-05-03,19:40,rebounds,9.5,148.0,,True,fanduel,2026-05-02T14:19:15.711662
Ausar Thompson,,,be60e6f50fc77fc3a3cf6925472bad91,2026-05-03,19:40,rebounds,9.5,176.0,,True,fanduel,2026-05-02T14:19:15.711664
Wendell Carter Jr,,,be60e6f50fc77fc3a3cf6925472bad91,2026-05-03,19:40,rebounds,9.5,300.0,,True,fanduel,2026-05-02T14:19:15.711666
Tobias Harris,,,be60e6f50fc77fc3a3cf6925472bad91,2026-05-03,19:40,rebounds,9.5,600.0,,True,fanduel,2026-05-02T14:19:15.711667
Cade Cunningham,,,be60e6f50fc77fc3a3cf6925472bad91,2026-05-03,19:40,rebounds,9.5,750.0,,True,fanduel,2026-05-02T14:19:15.711669
Jalen Duren,,,be60e6f50fc77fc3a3cf6925472bad91,2026-05-03,19:40,rebounds,5.5,-1100.0,,True,fanduel,2026-05-02T14:19:15.711672
Paolo Banchero,,,be60e6f50fc77fc3a3cf6925472bad91,2026-05-03,19:40,rebounds,5.5,-650.0,,True,fanduel,2026-05-02T14:19:15.711674
Ausar Thompson,,,be60e6f50fc77fc3a3cf6925472bad91,2026-05-03,19:40,rebounds,5.5,-520.0,,True,fanduel,2026-05-02T14:19:15.711676
Wendell Carter Jr,,,be60e6f50fc77fc3a3cf6925472bad91,2026-05-03,19:40,rebounds,5.5,-310.0,,True,fanduel,2026-05-02T14:19:15.711678
Tobias Harris,,,be60e6f50fc77fc3a3cf6925472bad91,2026-05-03,19:40,rebounds,5.5,-162.0,,True,fanduel,2026-05-02T14:19:15.711679
Cade Cunningham,,,be60e6f50fc77fc3a3cf6925472bad91,2026-05-03,19:40,rebounds,5.5,-125.0,,True,fanduel,2026-05-02T14:19:15.711681
Desmond Bane,,,be60e6f50fc77fc3a3cf6925472bad91,2026-05-03,19:40,rebounds,5.5,300.0,,True,fanduel,2026-05-02T14:19:15.711683
Jalen Suggs,,,be60e6f50fc77fc3a3cf6925472bad91,2026-05-03,19:40,rebounds,5.5,330.0,,True,fanduel,2026-05-02T14:19:15.711684
Jamal Cain,,,be60e6f50fc77fc3a3cf6925472bad91,2026-05-03,19:40,rebounds,5.5,460.0,,True,fanduel,2026-05-02T14:19:15.711686
Anthony Black,,,be60e6f50fc77fc3a3cf6925472bad91,2026-05-03,19:40,rebounds,5.5,500.0,,True,fanduel,2026-05-02T14:19:15.711688
Wendell Carter Jr,,,be60e6f50fc77fc3a3cf6925472bad91,2026-05-03,19:40,rebounds,3.5,-2000.0,,True,fanduel,2026-05-02T14:19:15.711689
Tobias Harris,,,be60e6f50fc77fc3a3cf6925472bad91,2026-05-03,19:40,rebounds,3.5,-850.0,,True,fanduel,2026-05-02T14:19:15.711691
Cade Cunningham,,,be60e6f50fc77fc3a3cf6925472bad91,2026-05-03,19:40,rebounds,3.5,-650.0,,True,fanduel,2026-05-02T14:19:15.711693
Desmond Bane,,,be60e6f50fc77fc3a3cf6925472bad91,2026-05-03,19:40,rebounds,3.5,-162.0,,True,fanduel,2026-05-02T14:19:15.711694
Jalen Suggs,,,be60e6f50fc77fc3a3cf6925472bad91,2026-05-03,19:40,rebounds,3.5,-140.0,,True,fanduel,2026-05-02T14:19:15.711696
Jamal Cain,,,be60e6f50fc77fc3a3cf6925472bad91,2026-05-03,19:40,rebounds,3.5,102.0,,True,fanduel,2026-05-02T14:19:15.711698
Anthony Black,,,be60e6f50fc77fc3a3cf6925472bad91,2026-05-03,19:40,rebounds,3.5,118.0,,True,fanduel,2026-05-02T14:19:15.711699
Duncan Robinson,,,be60e6f50fc77fc3a3cf6925472bad91,2026-05-03,19:40,rebounds,3.5,240.0,,True,fanduel,2026-05-02T14:19:15.711701
Jalen Duren,,,be60e6f50fc77fc3a3cf6925472bad91,2026-05-03,19:40,rebounds,11.5,230.0,,True,fanduel,2026-05-02T14:19:15.711703
Paolo Banchero,,,be60e6f50fc77fc3a3cf6925472bad91,2026-05-03,19:40,rebounds,11.5,420.0,,True,fanduel,2026-05-02T14:19:15.711704
Ausar Thompson,,,be60e6f50fc77fc3a3cf6925472bad91,2026-05-03,19:40,rebounds,11.5,470.0,,True,fanduel,2026-05-02T14:19:15.711706
Wendell Carter Jr,,,be60e6f50fc77fc3a3cf6925472bad91,2026-05-03,19:40,rebounds,11.5,830.0,,True,fanduel,2026-05-02T14:19:15.711708
Tobias Harris,,,be60e6f50fc77fc3a3cf6925472bad91,2026-05-03,19:40,rebounds,11.5,1700.0,,True,fanduel,2026-05-02T14:19:15.711709
Cade Cunningham,,,be60e6f50fc77fc3a3cf6925472bad91,2026-05-03,19:40,rebounds,11.5,2200.0,,True,fanduel,2026-05-02T14:19:15.711711
Jalen Duren,,,be60e6f50fc77fc3a3cf6925472bad91,2026-05-03,19:40,rebounds,7.5,-280.0,,True,fanduel,2026-05-02T14:19:15.711713
Paolo Banchero,,,be60e6f50fc77fc3a3cf6925472bad91,2026-05-03,19:40,rebounds,7.5,-166.0,,True,fanduel,2026-05-02T14:19:15.711714
Ausar Thompson,,,be60e6f50fc77fc3a3cf6925472bad91,2026-05-03,19:40,rebounds,7.5,-140.0,,True,fanduel,2026-05-02T14:19:15.711716
Wendell Carter Jr,,,be60e6f50fc77fc3a3cf6925472bad91,2026-05-03,19:40,rebounds,7.5,120.0,,True,fanduel,2026-05-02T14:19:15.711718
Tobias Harris,,,be60e6f50fc77fc3a3cf6925472bad91,2026-05-03,19:40,rebounds,7.5,230.0,,True,fanduel,2026-05-02T14:19:15.711719
Cade Cunningham,,,be60e6f50fc77fc3a3cf6925472bad91,2026-05-03,19:40,rebounds,7.5,300.0,,True,fanduel,2026-05-02T14:19:15.711721
Desmond Bane,,,be60e6f50fc77fc3a3cf6925472bad91,2026-05-03,19:40,rebounds,7.5,1060.0,,True,fanduel,2026-05-02T14:19:15.711724
Jalen Suggs,,,be60e6f50fc77fc3a3cf6925472bad91,2026-05-03,19:40,rebounds,7.5,1100.0,,True,fanduel,2026-05-02T14:19:15.711726
Jamal Cain,,,be60e6f50fc77fc3a3cf6925472bad91,2026-05-03,19:40,rebounds,7.5,1500.0,,True,fanduel,2026-05-02T14:19:15.711730
Anthony Black,,,be60e6f50fc77fc3a3cf6925472bad91,2026-05-03,19:40,rebounds,7.5,1500.0,,True,fanduel,2026-05-02T14:19:15.711731
Jalen Duren,,,be60e6f50fc77fc3a3cf6925472bad91,2026-05-03,19:40,rebounds,13.5,560.0,,True,fanduel,2026-05-02T14:19:15.711733
Paolo Banchero,,,be60e6f50fc77fc3a3cf6925472bad91,2026-05-03,19:40,rebounds,13.5,1060.0,,True,fanduel,2026-05-02T14:19:15.711735
Ausar Thompson,,,be60e6f50fc77fc3a3cf6925472bad91,2026-05-03,19:40,rebounds,13.5,1200.0,,True,fanduel,2026-05-02T14:19:15.711736
Wendell Carter Jr,,,be60e6f50fc77fc3a3cf6925472bad91,2026-05-03,19:40,rebounds,13.5,1700.0,,True,fanduel,2026-05-02T14:19:15.711738
Tobias Harris,,,be60e6f50fc77fc3a3cf6925472bad91,2026-05-03,19:40,threes,1.5,152.0,-205.0,False,fanduel,2026-05-02T14:19:15.711749
Paolo Banchero,,,be60e6f50fc77fc3a3cf6925472bad91,2026-05-03,19:40,threes,1.5,118.0,-158.0,False,fanduel,2026-05-02T14:19:15.711751
Jalen Suggs,,,be60e6f50fc77fc3a3cf6925472bad91,2026-05-03,19:40,threes,1.5,-210.0,154.0,False,fanduel,2026-05-02T14:19:15.711753
Anthony Black,,,be60e6f50fc77fc3a3cf6925472bad91,2026-05-03,19:40,threes,1.5,146.0,-198.0,False,fanduel,2026-05-02T14:19:15.711754
Cade Cunningham,,,be60e6f50fc77fc3a3cf6925472bad91,2026-05-03,19:40,threes,2.5,128.0,-172.0,False,fanduel,2026-05-02T14:19:15.711756
Wendell Carter Jr,,,be60e6f50fc77fc3a3cf6925472bad91,2026-05-03,19:40,threes,0.5,-178.0,132.0,False,fanduel,2026-05-02T14:19:15.711758
Desmond Bane,,,be60e6f50fc77fc3a3cf6925472bad91,2026-05-03,19:40,threes,2.5,100.0,-132.0,False,fanduel,2026-05-02T14:19:15.711759
Duncan Robinson,,,be60e6f50fc77fc3a3cf6925472bad91,2026-05-03,19:40,threes,2.5,104.0,-138.0,False,fanduel,2026-05-02T14:19:15.711761
Desmond Bane,,,be60e6f50fc77fc3a3cf6925472bad91,2026-05-03,19:40,threes,0.5,-2500.0,,True,fanduel,2026-05-02T14:19:15.711782
Duncan Robinson,,,be60e6f50fc77fc3a3cf6925472bad91,2026-05-03,19:40,threes,0.5,-2200.0,,True,fanduel,2026-05-02T14:19:15.711784
Cade Cunningham,,,be60e6f50fc77fc3a3cf6925472bad91,2026-05-03,19:40,threes,0.5,-1600.0,,True,fanduel,2026-05-02T14:19:15.711785
Jalen Suggs,,,be60e6f50fc77fc3a3cf6925472bad91,2026-05-03,19:40,threes,0.5,-1100.0,,True,fanduel,2026-05-02T14:19:15.711787
Paolo Banchero,,,be60e6f50fc77fc3a3cf6925472bad91,2026-05-03,19:40,threes,0.5,-390.0,,True,fanduel,2026-05-02T14:19:15.711789
Tobias Harris,,,be60e6f50fc77fc3a3cf6925472bad91,2026-05-03,19:40,threes,0.5,-330.0,,True,fanduel,2026-05-02T14:19:15.711790
Anthony Black,,,be60e6f50fc77fc3a3cf6925472bad91,2026-05-03,19:40,threes,0.5,-320.0,,True,fanduel,2026-05-02T14:19:15.711792
Wendell Carter Jr,,,be60e6f50fc77fc3a3cf6925472bad91,2026-05-03,19:40,threes,0.5,-172.0,,True,fanduel,2026-05-02T14:19:15.711794
Desmond Bane,,,be60e6f50fc77fc3a3cf6925472bad91,2026-05-03,19:40,threes,6.5,3000.0,,True,fanduel,2026-05-02T14:19:15.711795
Duncan Robinson,,,be60e6f50fc77fc3a3cf6925472bad91,2026-05-03,19:40,threes,6.5,3000.0,,True,fanduel,2026-05-02T14:19:15.711797
Desmond Bane,,,be60e6f50fc77fc3a3cf6925472bad91,2026-05-03,19:40,threes,3.5,260.0,,True,fanduel,2026-05-02T14:19:15.711799
Duncan Robinson,,,be60e6f50fc77fc3a3cf6925472bad91,2026-05-03,19:40,threes,3.5,285.0,,True,fanduel,2026-05-02T14:19:15.711800
Cade Cunningham,,,be60e6f50fc77fc3a3cf6925472bad91,2026-05-03,19:40,threes,3.5,340.0,,True,fanduel,2026-05-02T14:19:15.711802
Jalen Suggs,,,be60e6f50fc77fc3a3cf6925472bad91,2026-05-03,19:40,threes,3.5,400.0,,True,fanduel,2026-05-02T14:19:15.711804
Paolo Banchero,,,be60e6f50fc77fc3a3cf6925472bad91,2026-05-03,19:40,threes,3.5,1100.0,,True,fanduel,2026-05-02T14:19:15.711805
Anthony Black,,,be60e6f50fc77fc3a3cf6925472bad91,2026-05-03,19:40,threes,3.5,1200.0,,True,fanduel,2026-05-02T14:19:15.711807
Tobias Harris,,,be60e6f50fc77fc3a3cf6925472bad91,2026-05-03,19:40,threes,3.5,1300.0,,True,fanduel,2026-05-02T14:19:15.711809
Desmond Bane,,,be60e6f50fc77fc3a3cf6925472bad91,2026-05-03,19:40,threes,2.5,102.0,,True,fanduel,2026-05-02T14:19:15.711810
Duncan Robinson,,,be60e6f50fc77fc3a3cf6925472bad91,2026-05-03,19:40,threes,2.5,106.0,,True,fanduel,2026-05-02T14:19:15.711814
Cade Cunningham,,,be60e6f50fc77fc3a3cf6925472bad91,2026-05-03,19:40,threes,2.5,130.0,,True,fanduel,2026-05-02T14:19:15.711815
Jalen Suggs,,,be60e6f50fc77fc3a3cf6925472bad91,2026-05-03,19:40,threes,2.5,162.0,,True,fanduel,2026-05-02T14:19:15.711817
Paolo Banchero,,,be60e6f50fc77fc3a3cf6925472bad91,2026-05-03,19:40,threes,2.5,390.0,,True,fanduel,2026-05-02T14:19:15.711819
Anthony Black,,,be60e6f50fc77fc3a3cf6925472bad91,2026-05-03,19:40,threes,2.5,450.0,,True,fanduel,2026-05-02T14:19:15.711821
Tobias Harris,,,be60e6f50fc77fc3a3cf6925472bad91,2026-05-03,19:40,threes,2.5,480.0,,True,fanduel,2026-05-02T14:19:15.711822
Wendell Carter Jr,,,be60e6f50fc77fc3a3cf6925472bad91,2026-05-03,19:40,threes,2.5,1000.0,,True,fanduel,2026-05-02T14:19:15.711824
Desmond Bane,,,be60e6f50fc77fc3a3cf6925472bad91,2026-05-03,19:40,threes,5.5,1300.0,,True,fanduel,2026-05-02T14:19:15.711826
Jalen Suggs,,,be60e6f50fc77fc3a3cf6925472bad91,2026-05-03,19:40,threes,5.5,1700.0,,True,fanduel,2026-05-02T14:19:15.711827
Cade Cunningham,,,be60e6f50fc77fc3a3cf6925472bad91,2026-05-03,19:40,threes,5.5,1700.0,,True,fanduel,2026-05-02T14:19:15.711829
Duncan Robinson,,,be60e6f50fc77fc3a3cf6925472bad91,2026-05-03,19:40,threes,5.5,1400.0,,True,fanduel,2026-05-02T14:19:15.711830
Desmond Bane,,,be60e6f50fc77fc3a3cf6925472bad91,2026-05-03,19:40,threes,4.5,650.0,,True,fanduel,2026-05-02T14:19:15.711832
Duncan Robinson,,,be60e6f50fc77fc3a3cf6925472bad91,2026-05-03,19:40,threes,4.5,700.0,,True,fanduel,2026-05-02T14:19:15.711834
Cade Cunningham,,,be60e6f50fc77fc3a3cf6925472bad91,2026-05-03,19:40,threes,4.5,800.0,,True,fanduel,2026-05-02T14:19:15.711835
Jalen Suggs,,,be60e6f50fc77fc3a3cf6925472bad91,2026-05-03,19:40,threes,4.5,950.0,,True,fanduel,2026-05-02T14:19:15.711837
Desmond Bane,,,be60e6f50fc77fc3a3cf6925472bad91,2026-05-03,19:40,threes,1.5,-310.0,,True,fanduel,2026-05-02T14:19:15.711839
Duncan Robinson,,,be60e6f50fc77fc3a3cf6925472bad91,2026-05-03,19:40,threes,1.5,-310.0,,True,fanduel,2026-05-02T14:19:15.711842
Cade Cunningham,,,be60e6f50fc77fc3a3cf6925472bad91,2026-05-03,19:40,threes,1.5,-260.0,,True,fanduel,2026-05-02T14:19:15.711844
Jalen Suggs,,,be60e6f50fc77fc3a3cf6925472bad91,2026-05-03,19:40,threes,1.5,-200.0,,True,fanduel,2026-05-02T14:19:15.711845
Paolo Banchero,,,be60e6f50fc77fc3a3cf6925472bad91,2026-05-03,19:40,threes,1.5,122.0,,True,fanduel,2026-05-02T14:19:15.711847
Anthony Black,,,be60e6f50fc77fc3a3cf6925472bad91,2026-05-03,19:40,threes,1.5,146.0,,True,fanduel,2026-05-02T14:19:15.711849
Tobias Harris,,,be60e6f50fc77fc3a3cf6925472bad91,2026-05-03,19:40,threes,1.5,150.0,,True,fanduel,2026-05-02T14:19:15.711850
Wendell Carter Jr,,,be60e6f50fc77fc3a3cf6925472bad91,2026-05-03,19:40,threes,1.5,300.0,,True,fanduel,2026-05-02T14:19:15.711852
Evan Mobley,,,a463f640631f8b0580966b909965de14,2026-05-03,23:40,assists,2.5,-136.0,102.0,False,fanduel,2026-05-02T14:19:15.769631
James Harden,,,a463f640631f8b0580966b909965de14,2026-05-03,23:40,assists,6.5,-118.0,-112.0,False,fanduel,2026-05-02T14:19:15.769633
Donovan Mitchell,,,a463f640631f8b0580966b909965de14,2026-05-03,23:40,assists,4.5,120.0,-160.0,False,fanduel,2026-05-02T14:19:15.769634
Jamal Shead,,,a463f640631f8b0580966b909965de14,2026-05-03,23:40,assists,6.5,118.0,-158.0,False,fanduel,2026-05-02T14:19:15.769636
Scottie Barnes,,,a463f640631f8b0580966b909965de14,2026-05-03,23:40,assists,7.5,-138.0,104.0,False,fanduel,2026-05-02T14:19:15.769638
R.J. Barrett,,,a463f640631f8b0580966b909965de14,2026-05-03,23:40,assists,3.5,-128.0,-104.0,False,fanduel,2026-05-02T14:19:15.769639
James Harden,,,a463f640631f8b0580966b909965de14,2026-05-03,23:40,assists,3.5,-1600.0,,True,fanduel,2026-05-02T14:19:15.769654
Jamal Shead,,,a463f640631f8b0580966b909965de14,2026-05-03,23:40,assists,3.5,-770.0,,True,fanduel,2026-05-02T14:19:15.769656
Donovan Mitchell,,,a463f640631f8b0580966b909965de14,2026-05-03,23:40,assists,3.5,-200.0,,True,fanduel,2026-05-02T14:19:15.769658
R.J. Barrett,,,a463f640631f8b0580966b909965de14,2026-05-03,23:40,assists,3.5,-125.0,,True,fanduel,2026-05-02T14:19:15.769660
Evan Mobley,,,a463f640631f8b0580966b909965de14,2026-05-03,23:40,assists,3.5,186.0,,True,fanduel,2026-05-02T14:19:15.769662
Scottie Barnes,,,a463f640631f8b0580966b909965de14,2026-05-03,23:40,assists,5.5,-520.0,,True,fanduel,2026-05-02T14:19:15.769663
James Harden,,,a463f640631f8b0580966b909965de14,2026-05-03,23:40,assists,5.5,-230.0,,True,fanduel,2026-05-02T14:19:15.769665
Jamal Shead,,,a463f640631f8b0580966b909965de14,2026-05-03,23:40,assists,5.5,-160.0,,True,fanduel,2026-05-02T14:19:15.769667
Donovan Mitchell,,,a463f640631f8b0580966b909965de14,2026-05-03,23:40,assists,5.5,250.0,,True,fanduel,2026-05-02T14:19:15.769668
R.J. Barrett,,,a463f640631f8b0580966b909965de14,2026-05-03,23:40,assists,5.5,390.0,,True,fanduel,2026-05-02T14:19:15.769670
Evan Mobley,,,a463f640631f8b0580966b909965de14,2026-05-03,23:40,assists,5.5,900.0,,True,fanduel,2026-05-02T14:19:15.769672
Scottie Barnes,,,a463f640631f8b0580966b909965de14,2026-05-03,23:40,assists,9.5,196.0,,True,fanduel,2026-05-02T14:19:15.769673
James Harden,,,a463f640631f8b0580966b909965de14,2026-05-03,23:40,assists,9.5,440.0,,True,fanduel,2026-05-02T14:19:15.769675
Jamal Shead,,,a463f640631f8b0580966b909965de14,2026-05-03,23:40,assists,9.5,560.0,,True,fanduel,2026-05-02T14:19:15.769678
Scottie Barnes,,,a463f640631f8b0580966b909965de14,2026-05-03,23:40,assists,13.5,1400.0,,True,fanduel,2026-05-02T14:19:15.769680
Scottie Barnes,,,a463f640631f8b0580966b909965de14,2026-05-03,23:40,assists,11.5,560.0,,True,fanduel,2026-05-02T14:19:15.769682
James Harden,,,a463f640631f8b0580966b909965de14,2026-05-03,23:40,assists,11.5,1300.0,,True,fanduel,2026-05-02T14:19:15.769685
Jamal Shead,,,a463f640631f8b0580966b909965de14,2026-05-03,23:40,assists,11.5,1400.0,,True,fanduel,2026-05-02T14:19:15.769687
Scottie Barnes,,,a463f640631f8b0580966b909965de14,2026-05-03,23:40,assists,7.5,-136.0,,True,fanduel,2026-05-02T14:19:15.769688
James Harden,,,a463f640631f8b0580966b909965de14,2026-05-03,23:40,assists,7.5,164.0,,True,fanduel,2026-05-02T14:19:15.769690
Jamal Shead,,,a463f640631f8b0580966b909965de14,2026-05-03,23:40,assists,7.5,215.0,,True,fanduel,2026-05-02T14:19:15.769694
Donovan Mitchell,,,a463f640631f8b0580966b909965de14,2026-05-03,23:40,assists,7.5,1000.0,,True,fanduel,2026-05-02T14:19:15.769695
R.J. Barrett,,,a463f640631f8b0580966b909965de14,2026-05-03,23:40,assists,7.5,1400.0,,True,fanduel,2026-05-02T14:19:15.769697
Donovan Mitchell,,,a463f640631f8b0580966b909965de14,2026-05-03,23:40,assists,1.5,-3000.0,,True,fanduel,2026-05-02T14:19:15.769699
R.J. Barrett,,,a463f640631f8b0580966b909965de14,2026-05-03,23:40,assists,1.5,-1200.0,,True,fanduel,2026-05-02T14:19:15.769700
Evan Mobley,,,a463f640631f8b0580966b909965de14,2026-05-03,23:40,assists,1.5,-430.0,,True,fanduel,2026-05-02T14:19:15.769702
Evan Mobley,,,a463f640631f8b0580966b909965de14,2026-05-03,23:40,points,15.5,-136.0,102.0,False,fanduel,2026-05-02T14:19:15.769718
Sam Merrill,,,a463f640631f8b0580966b909965de14,2026-05-03,23:40,points,5.5,-132.0,100.0,False,fanduel,2026-05-02T14:19:15.769720
Sandro Mamukelashvili,,,a463f640631f8b0580966b909965de14,2026-05-03,23:40,points,5.5,-132.0,100.0,False,fanduel,2026-05-02T14:19:15.769722
Ja'Kobe Walter,,,a463f640631f8b0580966b909965de14,2026-05-03,23:40,points,11.5,-112.0,-118.0,False,fanduel,2026-05-02T14:19:15.769724
Donovan Mitchell,,,a463f640631f8b0580966b909965de14,2026-05-03,23:40,points,25.5,-106.0,-125.0,False,fanduel,2026-05-02T14:19:15.769725
Jamal Shead,,,a463f640631f8b0580966b909965de14,2026-05-03,23:40,points,8.5,-130.0,-102.0,False,fanduel,2026-05-02T14:19:15.769727
Jakob Poeltl,,,a463f640631f8b0580966b909965de14,2026-05-03,23:40,points,7.5,-104.0,-128.0,False,fanduel,2026-05-02T14:19:15.769729
Collin Murray-Boyles,,,a463f640631f8b0580966b909965de14,2026-05-03,23:40,points,13.5,-118.0,-112.0,False,fanduel,2026-05-02T14:19:15.769730
James Harden,,,a463f640631f8b0580966b909965de14,2026-05-03,23:40,points,20.5,-108.0,-122.0,False,fanduel,2026-05-02T14:19:15.769732
Max Strus,,,a463f640631f8b0580966b909965de14,2026-05-03,23:40,points,8.5,-125.0,-106.0,False,fanduel,2026-05-02T14:19:15.769734
Scottie Barnes,,,a463f640631f8b0580966b909965de14,2026-05-03,23:40,points,21.5,-110.0,-120.0,False,fanduel,2026-05-02T14:19:15.769735
R.J. Barrett,,,a463f640631f8b0580966b909965de14,2026-05-03,23:40,points,23.5,-114.0,-114.0,False,fanduel,2026-05-02T14:19:15.769737
Dennis Schroder,,,a463f640631f8b0580966b909965de14,2026-05-03,23:40,points,6.5,-120.0,-110.0,False,fanduel,2026-05-02T14:19:15.769739
Dean Wade,,,a463f640631f8b0580966b909965de14,2026-05-03,23:40,points,3.5,-130.0,-102.0,False,fanduel,2026-05-02T14:19:15.769740
Jarrett Allen,,,a463f640631f8b0580966b909965de14,2026-05-03,23:40,points,11.5,-118.0,-112.0,False,fanduel,2026-05-02T14:19:15.769742
Donovan Mitchell,,,a463f640631f8b0580966b909965de14,2026-05-03,23:40,points,34.5,600.0,,True,fanduel,2026-05-02T14:19:15.769771
R.J. Barrett,,,a463f640631f8b0580966b909965de14,2026-05-03,23:40,points,34.5,830.0,,True,fanduel,2026-05-02T14:19:15.769773
Scottie Barnes,,,a463f640631f8b0580966b909965de14,2026-05-03,23:40,points,34.5,1400.0,,True,fanduel,2026-05-02T14:19:15.769774
James Harden,,,a463f640631f8b0580966b909965de14,2026-05-03,23:40,points,34.5,1500.0,,True,fanduel,2026-05-02T14:19:15.769776
Scottie Barnes,,,a463f640631f8b0580966b909965de14,2026-05-03,23:40,points,9.5,-7000.0,,True,fanduel,2026-05-02T14:19:15.769778
James Harden,,,a463f640631f8b0580966b909965de14,2026-05-03,23:40,points,9.5,-5000.0,,True,fanduel,2026-05-02T14:19:15.769779
Evan Mobley,,,a463f640631f8b0580966b909965de14,2026-05-03,23:40,points,9.5,-1000.0,,True,fanduel,2026-05-02T14:19:15.769781
Collin Murray-Boyles,,,a463f640631f8b0580966b909965de14,2026-05-03,23:40,points,9.5,-400.0,,True,fanduel,2026-05-02T14:19:15.769783
Jarrett Allen,,,a463f640631f8b0580966b909965de14,2026-05-03,23:40,points,9.5,-220.0,,True,fanduel,2026-05-02T14:19:15.769784
Ja'Kobe Walter,,,a463f640631f8b0580966b909965de14,2026-05-03,23:40,points,9.5,-188.0,,True,fanduel,2026-05-02T14:19:15.769786
Jamal Shead,,,a463f640631f8b0580966b909965de14,2026-05-03,23:40,points,9.5,114.0,,True,fanduel,2026-05-02T14:19:15.769790
Max Strus,,,a463f640631f8b0580966b909965de14,2026-05-03,23:40,points,9.5,124.0,,True,fanduel,2026-05-02T14:19:15.769791
Jakob Poeltl,,,a463f640631f8b0580966b909965de14,2026-05-03,23:40,points,9.5,196.0,,True,fanduel,2026-05-02T14:19:15.769793
Dennis Schroder,,,a463f640631f8b0580966b909965de14,2026-05-03,23:40,points,9.5,215.0,,True,fanduel,2026-05-02T14:19:15.769795
Sandro Mamukelashvili,,,a463f640631f8b0580966b909965de14,2026-05-03,23:40,points,9.5,285.0,,True,fanduel,2026-05-02T14:19:15.769796
Sam Merrill,,,a463f640631f8b0580966b909965de14,2026-05-03,23:40,points,9.5,300.0,,True,fanduel,2026-05-02T14:19:15.769798
Dean Wade,,,a463f640631f8b0580966b909965de14,2026-05-03,23:40,points,9.5,750.0,,True,fanduel,2026-05-02T14:19:15.769800
Donovan Mitchell,,,a463f640631f8b0580966b909965de14,2026-05-03,23:40,points,24.5,-130.0,,True,fanduel,2026-05-02T14:19:15.769802
R.J. Barrett,,,a463f640631f8b0580966b909965de14,2026-05-03,23:40,points,24.5,112.0,,True,fanduel,2026-05-02T14:19:15.769803
Scottie Barnes,,,a463f640631f8b0580966b909965de14,2026-05-03,23:40,points,24.5,186.0,,True,fanduel,2026-05-02T14:19:15.769805
James Harden,,,a463f640631f8b0580966b909965de14,2026-05-03,23:40,points,24.5,230.0,,True,fanduel,2026-05-02T14:19:15.769807
Evan Mobley,,,a463f640631f8b0580966b909965de14,2026-05-03,23:40,points,24.5,700.0,,True,fanduel,2026-05-02T14:19:15.769808
Collin Murray-Boyles,,,a463f640631f8b0580966b909965de14,2026-05-03,23:40,points,24.5,1200.0,,True,fanduel,2026-05-02T14:19:15.769810
Ja'Kobe Walter,,,a463f640631f8b0580966b909965de14,2026-05-03,23:40,points,24.5,1400.0,,True,fanduel,2026-05-02T14:19:15.769812
Jarrett Allen,,,a463f640631f8b0580966b909965de14,2026-05-03,23:40,points,24.5,2500.0,,True,fanduel,2026-05-02T14:19:15.769815
Donovan Mitchell,,,a463f640631f8b0580966b909965de14,2026-05-03,23:40,points,44.5,4000.0,,True,fanduel,2026-05-02T14:19:15.769817
Donovan Mitchell,,,a463f640631f8b0580966b909965de14,2026-05-03,23:40,points,14.5,-2500.0,,True,fanduel,2026-05-02T14:19:15.769819
R.J. Barrett,,,a463f640631f8b0580966b909965de14,2026-05-03,23:40,points,14.5,-1400.0,,True,fanduel,2026-05-02T14:19:15.769820
Scottie Barnes,,,a463f640631f8b0580966b909965de14,2026-05-03,23:40,points,14.5,-720.0,,True,fanduel,2026-05-02T14:19:15.769822
James Harden,,,a463f640631f8b0580966b909965de14,2026-05-03,23:40,points,14.5,-530.0,,True,fanduel,2026-05-02T14:19:15.769824
Evan Mobley,,,a463f640631f8b0580966b909965de14,2026-05-03,23:40,points,14.5,-178.0,,True,fanduel,2026-05-02T14:19:15.769825
Collin Murray-Boyles,,,a463f640631f8b0580966b909965de14,2026-05-03,23:40,points,14.5,112.0,,True,fanduel,2026-05-02T14:19:15.769827
Ja'Kobe Walter,,,a463f640631f8b0580966b909965de14,2026-05-03,23:40,points,14.5,196.0,,True,fanduel,2026-05-02T14:19:15.769829
Jarrett Allen,,,a463f640631f8b0580966b909965de14,2026-05-03,23:40,points,14.5,210.0,,True,fanduel,2026-05-02T14:19:15.769830
Jamal Shead,,,a463f640631f8b0580966b909965de14,2026-05-03,23:40,points,14.5,420.0,,True,fanduel,2026-05-02T14:19:15.769832
Max Strus,,,a463f640631f8b0580966b909965de14,2026-05-03,23:40,points,14.5,450.0,,True,fanduel,2026-05-02T14:19:15.769833
Dennis Schroder,,,a463f640631f8b0580966b909965de14,2026-05-03,23:40,points,14.5,750.0,,True,fanduel,2026-05-02T14:19:15.769835
Jakob Poeltl,,,a463f640631f8b0580966b909965de14,2026-05-03,23:40,points,14.5,870.0,,True,fanduel,2026-05-02T14:19:15.769837
Sandro Mamukelashvili,,,a463f640631f8b0580966b909965de14,2026-05-03,23:40,points,14.5,1000.0,,True,fanduel,2026-05-02T14:19:15.769838
Sam Merrill,,,a463f640631f8b0580966b909965de14,2026-05-03,23:40,points,14.5,1100.0,,True,fanduel,2026-05-02T14:19:15.769842
Donovan Mitchell,,,a463f640631f8b0580966b909965de14,2026-05-03,23:40,points,29.5,230.0,,True,fanduel,2026-05-02T14:19:15.769844
R.J. Barrett,,,a463f640631f8b0580966b909965de14,2026-05-03,23:40,points,29.5,310.0,,True,fanduel,2026-05-02T14:19:15.769846
Scottie Barnes,,,a463f640631f8b0580966b909965de14,2026-05-03,23:40,points,29.5,540.0,,True,fanduel,2026-05-02T14:19:15.769849
James Harden,,,a463f640631f8b0580966b909965de14,2026-05-03,23:40,points,29.5,680.0,,True,fanduel,2026-05-02T14:19:15.769851
Evan Mobley,,,a463f640631f8b0580966b909965de14,2026-05-03,23:40,points,29.5,1800.0,,True,fanduel,2026-05-02T14:19:15.769908
Donovan Mitchell,,,a463f640631f8b0580966b909965de14,2026-05-03,23:40,points,19.5,-430.0,,True,fanduel,2026-05-02T14:19:15.769911
R.J. Barrett,,,a463f640631f8b0580966b909965de14,2026-05-03,23:40,points,19.5,-290.0,,True,fanduel,2026-05-02T14:19:15.769913
Scottie Barnes,,,a463f640631f8b0580966b909965de14,2026-05-03,23:40,points,19.5,-178.0,,True,fanduel,2026-05-02T14:19:15.769915
James Harden,,,a463f640631f8b0580966b909965de14,2026-05-03,23:40,points,19.5,-138.0,,True,fanduel,2026-05-02T14:19:15.769916
Evan Mobley,,,a463f640631f8b0580966b909965de14,2026-05-03,23:40,points,19.5,215.0,,True,fanduel,2026-05-02T14:19:15.769918
Collin Murray-Boyles,,,a463f640631f8b0580966b909965de14,2026-05-03,23:40,points,19.5,400.0,,True,fanduel,2026-05-02T14:19:15.769920
Ja'Kobe Walter,,,a463f640631f8b0580966b909965de14,2026-05-03,23:40,points,19.5,560.0,,True,fanduel,2026-05-02T14:19:15.769921
Jarrett Allen,,,a463f640631f8b0580966b909965de14,2026-05-03,23:40,points,19.5,750.0,,True,fanduel,2026-05-02T14:19:15.769923
Jamal Shead,,,a463f640631f8b0580966b909965de14,2026-05-03,23:40,points,19.5,1300.0,,True,fanduel,2026-05-02T14:19:15.769925
Max Strus,,,a463f640631f8b0580966b909965de14,2026-05-03,23:40,points,19.5,1400.0,,True,fanduel,2026-05-02T14:19:15.769926
Dennis Schroder,,,a463f640631f8b0580966b909965de14,2026-05-03,23:40,points,19.5,1800.0,,True,fanduel,2026-05-02T14:19:15.769928
Donovan Mitchell,,,a463f640631f8b0580966b909965de14,2026-05-03,23:40,points,39.5,1400.0,,True,fanduel,2026-05-02T14:19:15.769930
R.J. Barrett,,,a463f640631f8b0580966b909965de14,2026-05-03,23:40,points,39.5,1700.0,,True,fanduel,2026-05-02T14:19:15.769931
Scottie Barnes,,,a463f640631f8b0580966b909965de14,2026-05-03,23:40,points,39.5,4000.0,,True,fanduel,2026-05-02T14:19:15.769933
Jamal Shead,,,a463f640631f8b0580966b909965de14,2026-05-03,23:40,rebounds,2.5,130.0,-174.0,False,fanduel,2026-05-02T14:19:15.769949
Ja'Kobe Walter,,,a463f640631f8b0580966b909965de14,2026-05-03,23:40,rebounds,3.5,-128.0,-104.0,False,fanduel,2026-05-02T14:19:15.769951
Evan Mobley,,,a463f640631f8b0580966b909965de14,2026-05-03,23:40,rebounds,9.5,118.0,-158.0,False,fanduel,2026-05-02T14:19:15.769953
Jakob Poeltl,,,a463f640631f8b0580966b909965de14,2026-05-03,23:40,rebounds,5.5,-125.0,-106.0,False,fanduel,2026-05-02T14:19:15.769955
Collin Murray-Boyles,,,a463f640631f8b0580966b909965de14,2026-05-03,23:40,rebounds,6.5,-132.0,100.0,False,fanduel,2026-05-02T14:19:15.769956
Donovan Mitchell,,,a463f640631f8b0580966b909965de14,2026-05-03,23:40,rebounds,4.5,134.0,-180.0,False,fanduel,2026-05-02T14:19:15.769958
James Harden,,,a463f640631f8b0580966b909965de14,2026-05-03,23:40,rebounds,4.5,122.0,-162.0,False,fanduel,2026-05-02T14:19:15.769960
Max Strus,,,a463f640631f8b0580966b909965de14,2026-05-03,23:40,rebounds,4.5,106.0,-140.0,False,fanduel,2026-05-02T14:19:15.769961
Sandro Mamukelashvili,,,a463f640631f8b0580966b909965de14,2026-05-03,23:40,rebounds,3.5,110.0,-146.0,False,fanduel,2026-05-02T14:19:15.769963
R.J. Barrett,,,a463f640631f8b0580966b909965de14,2026-05-03,23:40,rebounds,6.5,124.0,-166.0,False,fanduel,2026-05-02T14:19:15.769965
Jarrett Allen,,,a463f640631f8b0580966b909965de14,2026-05-03,23:40,rebounds,7.5,-106.0,-125.0,False,fanduel,2026-05-02T14:19:15.769966
Scottie Barnes,,,a463f640631f8b0580966b909965de14,2026-05-03,23:40,rebounds,7.5,118.0,-158.0,False,fanduel,2026-05-02T14:19:15.769968
Evan Mobley,,,a463f640631f8b0580966b909965de14,2026-05-03,23:40,rebounds,5.5,-900.0,,True,fanduel,2026-05-02T14:19:15.769995
Jarrett Allen,,,a463f640631f8b0580966b909965de14,2026-05-03,23:40,rebounds,5.5,-350.0,,True,fanduel,2026-05-02T14:19:15.769997
Scottie Barnes,,,a463f640631f8b0580966b909965de14,2026-05-03,23:40,rebounds,5.5,-310.0,,True,fanduel,2026-05-02T14:19:15.769998
Collin Murray-Boyles,,,a463f640631f8b0580966b909965de14,2026-05-03,23:40,rebounds,5.5,-245.0,,True,fanduel,2026-05-02T14:19:15.770004
R.J. Barrett,,,a463f640631f8b0580966b909965de14,2026-05-03,23:40,rebounds,5.5,-154.0,,True,fanduel,2026-05-02T14:19:15.770006
Jakob Poeltl,,,a463f640631f8b0580966b909965de14,2026-05-03,23:40,rebounds,5.5,-122.0,,True,fanduel,2026-05-02T14:19:15.770008
Max Strus,,,a463f640631f8b0580966b909965de14,2026-05-03,23:40,rebounds,5.5,220.0,,True,fanduel,2026-05-02T14:19:15.770010
James Harden,,,a463f640631f8b0580966b909965de14,2026-05-03,23:40,rebounds,5.5,255.0,,True,fanduel,2026-05-02T14:19:15.770011
Donovan Mitchell,,,a463f640631f8b0580966b909965de14,2026-05-03,23:40,rebounds,5.5,285.0,,True,fanduel,2026-05-02T14:19:15.770013
Ja'Kobe Walter,,,a463f640631f8b0580966b909965de14,2026-05-03,23:40,rebounds,5.5,310.0,,True,fanduel,2026-05-02T14:19:15.770015
Sandro Mamukelashvili,,,a463f640631f8b0580966b909965de14,2026-05-03,23:40,rebounds,5.5,360.0,,True,fanduel,2026-05-02T14:19:15.770016
Evan Mobley,,,a463f640631f8b0580966b909965de14,2026-05-03,23:40,rebounds,11.5,330.0,,True,fanduel,2026-05-02T14:19:15.770018
Jarrett Allen,,,a463f640631f8b0580966b909965de14,2026-05-03,23:40,rebounds,11.5,600.0,,True,fanduel,2026-05-02T14:19:15.770020
Scottie Barnes,,,a463f640631f8b0580966b909965de14,2026-05-03,23:40,rebounds,11.5,830.0,,True,fanduel,2026-05-02T14:19:15.770021
Collin Murray-Boyles,,,a463f640631f8b0580966b909965de14,2026-05-03,23:40,rebounds,11.5,1000.0,,True,fanduel,2026-05-02T14:19:15.770023
Jakob Poeltl,,,a463f640631f8b0580966b909965de14,2026-05-03,23:40,rebounds,11.5,1400.0,,True,fanduel,2026-05-02T14:19:15.770025
R.J. Barrett,,,a463f640631f8b0580966b909965de14,2026-05-03,23:40,rebounds,11.5,1500.0,,True,fanduel,2026-05-02T14:19:15.770026
Evan Mobley,,,a463f640631f8b0580966b909965de14,2026-05-03,23:40,rebounds,15.5,1700.0,,True,fanduel,2026-05-02T14:19:15.770028
Jarrett Allen,,,a463f640631f8b0580966b909965de14,2026-05-03,23:40,rebounds,15.5,3500.0,,True,fanduel,2026-05-02T14:19:15.770030
Evan Mobley,,,a463f640631f8b0580966b909965de14,2026-05-03,23:40,rebounds,7.5,-215.0,,True,fanduel,2026-05-02T14:19:15.770031
Jarrett Allen,,,a463f640631f8b0580966b909965de14,2026-05-03,23:40,rebounds,7.5,-104.0,,True,fanduel,2026-05-02T14:19:15.770033
Scottie Barnes,,,a463f640631f8b0580966b909965de14,2026-05-03,23:40,rebounds,7.5,122.0,,True,fanduel,2026-05-02T14:19:15.770035
Collin Murray-Boyles,,,a463f640631f8b0580966b909965de14,2026-05-03,23:40,rebounds,7.5,140.0,,True,fanduel,2026-05-02T14:19:15.770036
R.J. Barrett,,,a463f640631f8b0580966b909965de14,2026-05-03,23:40,rebounds,7.5,235.0,,True,fanduel,2026-05-02T14:19:15.770038
Jakob Poeltl,,,a463f640631f8b0580966b909965de14,2026-05-03,23:40,rebounds,7.5,260.0,,True,fanduel,2026-05-02T14:19:15.770040
Max Strus,,,a463f640631f8b0580966b909965de14,2026-05-03,23:40,rebounds,7.5,700.0,,True,fanduel,2026-05-02T14:19:15.770041
Ja'Kobe Walter,,,a463f640631f8b0580966b909965de14,2026-05-03,23:40,rebounds,7.5,900.0,,True,fanduel,2026-05-02T14:19:15.770043
James Harden,,,a463f640631f8b0580966b909965de14,2026-05-03,23:40,rebounds,7.5,1000.0,,True,fanduel,2026-05-02T14:19:15.770045
Sandro Mamukelashvili,,,a463f640631f8b0580966b909965de14,2026-05-03,23:40,rebounds,7.5,1000.0,,True,fanduel,2026-05-02T14:19:15.770046
Donovan Mitchell,,,a463f640631f8b0580966b909965de14,2026-05-03,23:40,rebounds,7.5,1100.0,,True,fanduel,2026-05-02T14:19:15.770048
Scottie Barnes,,,a463f640631f8b0580966b909965de14,2026-05-03,23:40,rebounds,3.5,-2200.0,,True,fanduel,2026-05-02T14:19:15.770049
Jarrett Allen,,,a463f640631f8b0580966b909965de14,2026-05-03,23:40,rebounds,3.5,-2500.0,,True,fanduel,2026-05-02T14:19:15.770051
Collin Murray-Boyles,,,a463f640631f8b0580966b909965de14,2026-05-03,23:40,rebounds,3.5,-1200.0,,True,fanduel,2026-05-02T14:19:15.770055
R.J. Barrett,,,a463f640631f8b0580966b909965de14,2026-05-03,23:40,rebounds,3.5,-770.0,,True,fanduel,2026-05-02T14:19:15.770056
Jakob Poeltl,,,a463f640631f8b0580966b909965de14,2026-05-03,23:40,rebounds,3.5,-500.0,,True,fanduel,2026-05-02T14:19:15.770058
Max Strus,,,a463f640631f8b0580966b909965de14,2026-05-03,23:40,rebounds,3.5,-200.0,,True,fanduel,2026-05-02T14:19:15.770061
James Harden,,,a463f640631f8b0580966b909965de14,2026-05-03,23:40,rebounds,3.5,-188.0,,True,fanduel,2026-05-02T14:19:15.770063
Donovan Mitchell,,,a463f640631f8b0580966b909965de14,2026-05-03,23:40,rebounds,3.5,-170.0,,True,fanduel,2026-05-02T14:19:15.770065
Ja'Kobe Walter,,,a463f640631f8b0580966b909965de14,2026-05-03,23:40,rebounds,3.5,-122.0,,True,fanduel,2026-05-02T14:19:15.770066
Sandro Mamukelashvili,,,a463f640631f8b0580966b909965de14,2026-05-03,23:40,rebounds,3.5,112.0,,True,fanduel,2026-05-02T14:19:15.770068
Jamal Shead,,,a463f640631f8b0580966b909965de14,2026-05-03,23:40,rebounds,3.5,300.0,,True,fanduel,2026-05-02T14:19:15.770070
Evan Mobley,,,a463f640631f8b0580966b909965de14,2026-05-03,23:40,rebounds,13.5,830.0,,True,fanduel,2026-05-02T14:19:15.770071
Jarrett Allen,,,a463f640631f8b0580966b909965de14,2026-05-03,23:40,rebounds,13.5,1300.0,,True,fanduel,2026-05-02T14:19:15.770073
Scottie Barnes,,,a463f640631f8b0580966b909965de14,2026-05-03,23:40,rebounds,13.5,2000.0,,True,fanduel,2026-05-02T14:19:15.770075
Collin Murray-Boyles,,,a463f640631f8b0580966b909965de14,2026-05-03,23:40,rebounds,13.5,2500.0,,True,fanduel,2026-05-02T14:19:15.770076
Evan Mobley,,,a463f640631f8b0580966b909965de14,2026-05-03,23:40,rebounds,9.5,120.0,,True,fanduel,2026-05-02T14:19:15.770078
Jarrett Allen,,,a463f640631f8b0580966b909965de14,2026-05-03,23:40,rebounds,9.5,230.0,,True,fanduel,2026-05-02T14:19:15.770080
Scottie Barnes,,,a463f640631f8b0580966b909965de14,2026-05-03,23:40,rebounds,9.5,285.0,,True,fanduel,2026-05-02T14:19:15.770081
Collin Murray-Boyles,,,a463f640631f8b0580966b909965de14,2026-05-03,23:40,rebounds,9.5,340.0,,True,fanduel,2026-05-02T14:19:15.770083
Jakob Poeltl,,,a463f640631f8b0580966b909965de14,2026-05-03,23:40,rebounds,9.5,600.0,,True,fanduel,2026-05-02T14:19:15.770085
R.J. Barrett,,,a463f640631f8b0580966b909965de14,2026-05-03,23:40,rebounds,9.5,630.0,,True,fanduel,2026-05-02T14:19:15.770086
Ja'Kobe Walter,,,a463f640631f8b0580966b909965de14,2026-05-03,23:40,rebounds,9.5,1700.0,,True,fanduel,2026-05-02T14:19:15.770088
Max Strus,,,a463f640631f8b0580966b909965de14,2026-05-03,23:40,rebounds,9.5,1700.0,,True,fanduel,2026-05-02T14:19:15.770090
Sandro Mamukelashvili,,,a463f640631f8b0580966b909965de14,2026-05-03,23:40,rebounds,9.5,1700.0,,True,fanduel,2026-05-02T14:19:15.770091
Evan Mobley,,,a463f640631f8b0580966b909965de14,2026-05-03,23:40,threes,0.5,-188.0,140.0,False,fanduel,2026-05-02T14:19:15.770105
Jamal Shead,,,a463f640631f8b0580966b909965de14,2026-05-03,23:40,threes,1.5,136.0,-182.0,False,fanduel,2026-05-02T14:19:15.770107
Max Strus,,,a463f640631f8b0580966b909965de14,2026-05-03,23:40,threes,2.5,134.0,-180.0,False,fanduel,2026-05-02T14:19:15.770108
Ja'Kobe Walter,,,a463f640631f8b0580966b909965de14,2026-05-03,23:40,threes,2.5,-104.0,-128.0,False,fanduel,2026-05-02T14:19:15.770110
James Harden,,,a463f640631f8b0580966b909965de14,2026-05-03,23:40,threes,2.5,-136.0,102.0,False,fanduel,2026-05-02T14:19:15.770112
Donovan Mitchell,,,a463f640631f8b0580966b909965de14,2026-05-03,23:40,threes,2.5,-125.0,-106.0,False,fanduel,2026-05-02T14:19:15.770113
Scottie Barnes,,,a463f640631f8b0580966b909965de14,2026-05-03,23:40,threes,1.5,194.0,-270.0,False,fanduel,2026-05-02T14:19:15.770115
R.J. Barrett,,,a463f640631f8b0580966b909965de14,2026-05-03,23:40,threes,1.5,-138.0,104.0,False,fanduel,2026-05-02T14:19:15.770117
James Harden,,,a463f640631f8b0580966b909965de14,2026-05-03,23:40,threes,4.5,470.0,,True,fanduel,2026-05-02T14:19:15.770139
Donovan Mitchell,,,a463f640631f8b0580966b909965de14,2026-05-03,23:40,threes,4.5,500.0,,True,fanduel,2026-05-02T14:19:15.770141
Ja'Kobe Walter,,,a463f640631f8b0580966b909965de14,2026-05-03,23:40,threes,4.5,500.0,,True,fanduel,2026-05-02T14:19:15.770143
Max Strus,,,a463f640631f8b0580966b909965de14,2026-05-03,23:40,threes,4.5,750.0,,True,fanduel,2026-05-02T14:19:15.770145
R.J. Barrett,,,a463f640631f8b0580966b909965de14,2026-05-03,23:40,threes,4.5,1500.0,,True,fanduel,2026-05-02T14:19:15.770148
James Harden,,,a463f640631f8b0580966b909965de14,2026-05-03,23:40,threes,3.5,200.0,,True,fanduel,2026-05-02T14:19:15.770150
Donovan Mitchell,,,a463f640631f8b0580966b909965de14,2026-05-03,23:40,threes,3.5,220.0,,True,fanduel,2026-05-02T14:19:15.770151
Ja'Kobe Walter,,,a463f640631f8b0580966b909965de14,2026-05-03,23:40,threes,3.5,230.0,,True,fanduel,2026-05-02T14:19:15.770153
Max Strus,,,a463f640631f8b0580966b909965de14,2026-05-03,23:40,threes,3.5,340.0,,True,fanduel,2026-05-02T14:19:15.770155
R.J. Barrett,,,a463f640631f8b0580966b909965de14,2026-05-03,23:40,threes,3.5,600.0,,True,fanduel,2026-05-02T14:19:15.770156
Jamal Shead,,,a463f640631f8b0580966b909965de14,2026-05-03,23:40,threes,3.5,1000.0,,True,fanduel,2026-05-02T14:19:15.770158
Scottie Barnes,,,a463f640631f8b0580966b909965de14,2026-05-03,23:40,threes,3.5,1700.0,,True,fanduel,2026-05-02T14:19:15.770160
James Harden,,,a463f640631f8b0580966b909965de14,2026-05-03,23:40,threes,2.5,-132.0,,True,fanduel,2026-05-02T14:19:15.770161
Donovan Mitchell,,,a463f640631f8b0580966b909965de14,2026-05-03,23:40,threes,2.5,-122.0,,True,fanduel,2026-05-02T14:19:15.770163
Ja'Kobe Walter,,,a463f640631f8b0580966b909965de14,2026-05-03,23:40,threes,2.5,-102.0,,True,fanduel,2026-05-02T14:19:15.770165
Max Strus,,,a463f640631f8b0580966b909965de14,2026-05-03,23:40,threes,2.5,136.0,,True,fanduel,2026-05-02T14:19:15.770166
R.J. Barrett,,,a463f640631f8b0580966b909965de14,2026-05-03,23:40,threes,2.5,235.0,,True,fanduel,2026-05-02T14:19:15.770168
Jamal Shead,,,a463f640631f8b0580966b909965de14,2026-05-03,23:40,threes,2.5,400.0,,True,fanduel,2026-05-02T14:19:15.770170
Scottie Barnes,,,a463f640631f8b0580966b909965de14,2026-05-03,23:40,threes,2.5,630.0,,True,fanduel,2026-05-02T14:19:15.770171
Evan Mobley,,,a463f640631f8b0580966b909965de14,2026-05-03,23:40,threes,2.5,900.0,,True,fanduel,2026-05-02T14:19:15.770173
Ja'Kobe Walter,,,a463f640631f8b0580966b909965de14,2026-05-03,23:40,threes,7.5,4000.0,,True,fanduel,2026-05-02T14:19:15.770175
James Harden,,,a463f640631f8b0580966b909965de14,2026-05-03,23:40,threes,7.5,4000.0,,True,fanduel,2026-05-02T14:19:15.770176
Ja'Kobe Walter,,,a463f640631f8b0580966b909965de14,2026-05-03,23:40,threes,6.5,1700.0,,True,fanduel,2026-05-02T14:19:15.770178
Donovan Mitchell,,,a463f640631f8b0580966b909965de14,2026-05-03,23:40,threes,6.5,2000.0,,True,fanduel,2026-05-02T14:19:15.770180
James Harden,,,a463f640631f8b0580966b909965de14,2026-05-03,23:40,threes,6.5,1700.0,,True,fanduel,2026-05-02T14:19:15.770181
Donovan Mitchell,,,a463f640631f8b0580966b909965de14,2026-05-03,23:40,threes,0.5,-3500.0,,True,fanduel,2026-05-02T14:19:15.770183
James Harden,,,a463f640631f8b0580966b909965de14,2026-05-03,23:40,threes,0.5,-3500.0,,True,fanduel,2026-05-02T14:19:15.770185
Ja'Kobe Walter,,,a463f640631f8b0580966b909965de14,2026-05-03,23:40,threes,0.5,-2000.0,,True,fanduel,2026-05-02T14:19:15.770186
Max Strus,,,a463f640631f8b0580966b909965de14,2026-05-03,23:40,threes,0.5,-1100.0,,True,fanduel,2026-05-02T14:19:15.770188
R.J. Barrett,,,a463f640631f8b0580966b909965de14,2026-05-03,23:40,threes,0.5,-700.0,,True,fanduel,2026-05-02T14:19:15.770189
Jamal Shead,,,a463f640631f8b0580966b909965de14,2026-05-03,23:40,threes,0.5,-320.0,,True,fanduel,2026-05-02T14:19:15.770191
Scottie Barnes,,,a463f640631f8b0580966b909965de14,2026-05-03,23:40,threes,0.5,-250.0,,True,fanduel,2026-05-02T14:19:15.770193
Evan Mobley,,,a463f640631f8b0580966b909965de14,2026-05-03,23:40,threes,0.5,-180.0,,True,fanduel,2026-05-02T14:19:15.770194
Ja'Kobe Walter,,,a463f640631f8b0580966b909965de14,2026-05-03,23:40,threes,5.5,1000.0,,True,fanduel,2026-05-02T14:19:15.770198
Donovan Mitchell,,,a463f640631f8b0580966b909965de14,2026-05-03,23:40,threes,5.5,1060.0,,True,fanduel,2026-05-02T14:19:15.770200
James Harden,,,a463f640631f8b0580966b909965de14,2026-05-03,23:40,threes,5.5,1000.0,,True,fanduel,2026-05-02T14:19:15.770201
Max Strus,,,a463f640631f8b0580966b909965de14,2026-05-03,23:40,threes,5.5,1500.0,,True,fanduel,2026-05-02T14:19:15.770205
James Harden,,,a463f640631f8b0580966b909965de14,2026-05-03,23:40,threes,1.5,-430.0,,True,fanduel,2026-05-02T14:19:15.770206
Donovan Mitchell,,,a463f640631f8b0580966b909965de14,2026-05-03,23:40,threes,1.5,-390.0,,True,fanduel,2026-05-02T14:19:15.770208
Ja'Kobe Walter,,,a463f640631f8b0580966b909965de14,2026-05-03,23:40,threes,1.5,-310.0,,True,fanduel,2026-05-02T14:19:15.770210
Max Strus,,,a463f640631f8b0580966b909965de14,2026-05-03,23:40,threes,1.5,-230.0,,True,fanduel,2026-05-02T14:19:15.770212
R.J. Barrett,,,a463f640631f8b0580966b909965de14,2026-05-03,23:40,threes,1.5,-136.0,,True,fanduel,2026-05-02T14:19:15.770213
Jamal Shead,,,a463f640631f8b0580966b909965de14,2026-05-03,23:40,threes,1.5,138.0,,True,fanduel,2026-05-02T14:19:15.770215
Scottie Barnes,,,a463f640631f8b0580966b909965de14,2026-05-03,23:40,threes,1.5,200.0,,True,fanduel,2026-05-02T14:19:15.770218
Evan Mobley,,,a463f640631f8b0580966b909965de14,2026-05-03,23:40,threes,1.5,280.0,,True,fanduel,2026-05-02T14:19:15.770220
Julius Randle,,,219920e3a715ceb3dc69f3638f7571d5,2026-05-05,01:40,assists,4.5,-114.0,-114.0,False,fanduel,2026-05-02T14:19:15.846090
Victor Wembanyama,,,219920e3a715ceb3dc69f3638f7571d5,2026-05-05,01:40,assists,3.5,140.0,-192.0,False,fanduel,2026-05-02T14:19:15.846092
Stephon Castle,,,219920e3a715ceb3dc69f3638f7571d5,2026-05-05,01:40,assists,7.5,110.0,-146.0,False,fanduel,2026-05-02T14:19:15.846093
Dylan Harper,,,219920e3a715ceb3dc69f3638f7571d5,2026-05-05,01:40,assists,2.5,-122.0,-108.0,False,fanduel,2026-05-02T14:19:15.846095
Mike Conley,,,219920e3a715ceb3dc69f3638f7571d5,2026-05-05,01:40,assists,3.5,-128.0,-104.0,False,fanduel,2026-05-02T14:19:15.846097
Ayo Dosunmu,,,219920e3a715ceb3dc69f3638f7571d5,2026-05-05,01:40,assists,4.5,116.0,-154.0,False,fanduel,2026-05-02T14:19:15.846098
Jaden McDaniels,,,219920e3a715ceb3dc69f3638f7571d5,2026-05-05,01:40,assists,2.5,-114.0,-114.0,False,fanduel,2026-05-02T14:19:15.846100
Devin Vassell,,,219920e3a715ceb3dc69f3638f7571d5,2026-05-05,01:40,assists,2.5,104.0,-138.0,False,fanduel,2026-05-02T14:19:15.846102
De'Aaron Fox,,,219920e3a715ceb3dc69f3638f7571d5,2026-05-05,01:40,assists,5.5,-148.0,112.0,False,fanduel,2026-05-02T14:19:15.846103
Stephon Castle,,,219920e3a715ceb3dc69f3638f7571d5,2026-05-05,01:40,assists,7.5,112.0,,True,fanduel,2026-05-02T14:19:15.846126
De'Aaron Fox,,,219920e3a715ceb3dc69f3638f7571d5,2026-05-05,01:40,assists,7.5,260.0,,True,fanduel,2026-05-02T14:19:15.846130
Julius Randle,,,219920e3a715ceb3dc69f3638f7571d5,2026-05-05,01:40,assists,7.5,680.0,,True,fanduel,2026-05-02T14:19:15.846132
Ayo Dosunmu,,,219920e3a715ceb3dc69f3638f7571d5,2026-05-05,01:40,assists,7.5,900.0,,True,fanduel,2026-05-02T14:19:15.846133
Mike Conley,,,219920e3a715ceb3dc69f3638f7571d5,2026-05-05,01:40,assists,7.5,1200.0,,True,fanduel,2026-05-02T14:19:15.846135
Dylan Harper,,,219920e3a715ceb3dc69f3638f7571d5,2026-05-05,01:40,assists,7.5,2000.0,,True,fanduel,2026-05-02T14:19:15.846137
Stephon Castle,,,219920e3a715ceb3dc69f3638f7571d5,2026-05-05,01:40,assists,9.5,285.0,,True,fanduel,2026-05-02T14:19:15.846138
De'Aaron Fox,,,219920e3a715ceb3dc69f3638f7571d5,2026-05-05,01:40,assists,9.5,750.0,,True,fanduel,2026-05-02T14:19:15.846140
Julius Randle,,,219920e3a715ceb3dc69f3638f7571d5,2026-05-05,01:40,assists,9.5,1700.0,,True,fanduel,2026-05-02T14:19:15.846142
Ayo Dosunmu,,,219920e3a715ceb3dc69f3638f7571d5,2026-05-05,01:40,assists,9.5,2500.0,,True,fanduel,2026-05-02T14:19:15.846143
Stephon Castle,,,219920e3a715ceb3dc69f3638f7571d5,2026-05-05,01:40,assists,11.5,900.0,,True,fanduel,2026-05-02T14:19:15.846145
De'Aaron Fox,,,219920e3a715ceb3dc69f3638f7571d5,2026-05-05,01:40,assists,11.5,2000.0,,True,fanduel,2026-05-02T14:19:15.846146
Stephon Castle,,,219920e3a715ceb3dc69f3638f7571d5,2026-05-05,01:40,assists,13.5,2500.0,,True,fanduel,2026-05-02T14:19:15.846148
Stephon Castle,,,219920e3a715ceb3dc69f3638f7571d5,2026-05-05,01:40,assists,5.5,-350.0,,True,fanduel,2026-05-02T14:19:15.846150
De'Aaron Fox,,,219920e3a715ceb3dc69f3638f7571d5,2026-05-05,01:40,assists,5.5,-146.0,,True,fanduel,2026-05-02T14:19:15.846151
Julius Randle,,,219920e3a715ceb3dc69f3638f7571d5,2026-05-05,01:40,assists,5.5,182.0,,True,fanduel,2026-05-02T14:19:15.846153
Ayo Dosunmu,,,219920e3a715ceb3dc69f3638f7571d5,2026-05-05,01:40,assists,5.5,240.0,,True,fanduel,2026-05-02T14:19:15.846157
Mike Conley,,,219920e3a715ceb3dc69f3638f7571d5,2026-05-05,01:40,assists,5.5,350.0,,True,fanduel,2026-05-02T14:19:15.846158
Victor Wembanyama,,,219920e3a715ceb3dc69f3638f7571d5,2026-05-05,01:40,assists,5.5,750.0,,True,fanduel,2026-05-02T14:19:15.846160
Dylan Harper,,,219920e3a715ceb3dc69f3638f7571d5,2026-05-05,01:40,assists,5.5,800.0,,True,fanduel,2026-05-02T14:19:15.846162
Jaden McDaniels,,,219920e3a715ceb3dc69f3638f7571d5,2026-05-05,01:40,assists,5.5,1060.0,,True,fanduel,2026-05-02T14:19:15.846163
Devin Vassell,,,219920e3a715ceb3dc69f3638f7571d5,2026-05-05,01:40,assists,5.5,1300.0,,True,fanduel,2026-05-02T14:19:15.846165
Julius Randle,,,219920e3a715ceb3dc69f3638f7571d5,2026-05-05,01:40,assists,1.5,-3500.0,,True,fanduel,2026-05-02T14:19:15.846167
Ayo Dosunmu,,,219920e3a715ceb3dc69f3638f7571d5,2026-05-05,01:40,assists,1.5,-2500.0,,True,fanduel,2026-05-02T14:19:15.846168
Mike Conley,,,219920e3a715ceb3dc69f3638f7571d5,2026-05-05,01:40,assists,1.5,-1000.0,,True,fanduel,2026-05-02T14:19:15.846170
Victor Wembanyama,,,219920e3a715ceb3dc69f3638f7571d5,2026-05-05,01:40,assists,1.5,-620.0,,True,fanduel,2026-05-02T14:19:15.846172
Jaden McDaniels,,,219920e3a715ceb3dc69f3638f7571d5,2026-05-05,01:40,assists,1.5,-360.0,,True,fanduel,2026-05-02T14:19:15.846174
Dylan Harper,,,219920e3a715ceb3dc69f3638f7571d5,2026-05-05,01:40,assists,1.5,-340.0,,True,fanduel,2026-05-02T14:19:15.846175
Devin Vassell,,,219920e3a715ceb3dc69f3638f7571d5,2026-05-05,01:40,assists,1.5,-310.0,,True,fanduel,2026-05-02T14:19:15.846177
Rudy Gobert,,,219920e3a715ceb3dc69f3638f7571d5,2026-05-05,01:40,assists,1.5,-192.0,,True,fanduel,2026-05-02T14:19:15.846179
Naz Reid,,,219920e3a715ceb3dc69f3638f7571d5,2026-05-05,01:40,assists,1.5,108.0,,True,fanduel,2026-05-02T14:19:15.846180
Stephon Castle,,,219920e3a715ceb3dc69f3638f7571d5,2026-05-05,01:40,assists,3.5,-3000.0,,True,fanduel,2026-05-02T14:19:15.846184
De'Aaron Fox,,,219920e3a715ceb3dc69f3638f7571d5,2026-05-05,01:40,assists,3.5,-770.0,,True,fanduel,2026-05-02T14:19:15.846186
Julius Randle,,,219920e3a715ceb3dc69f3638f7571d5,2026-05-05,01:40,assists,3.5,-265.0,,True,fanduel,2026-05-02T14:19:15.846187
Ayo Dosunmu,,,219920e3a715ceb3dc69f3638f7571d5,2026-05-05,01:40,assists,3.5,-194.0,,True,fanduel,2026-05-02T14:19:15.846189
Mike Conley,,,219920e3a715ceb3dc69f3638f7571d5,2026-05-05,01:40,assists,3.5,-125.0,,True,fanduel,2026-05-02T14:19:15.846191
Victor Wembanyama,,,219920e3a715ceb3dc69f3638f7571d5,2026-05-05,01:40,assists,3.5,142.0,,True,fanduel,2026-05-02T14:19:15.846192
Dylan Harper,,,219920e3a715ceb3dc69f3638f7571d5,2026-05-05,01:40,assists,3.5,200.0,,True,fanduel,2026-05-02T14:19:15.846194
Jaden McDaniels,,,219920e3a715ceb3dc69f3638f7571d5,2026-05-05,01:40,assists,3.5,230.0,,True,fanduel,2026-05-02T14:19:15.846196
Devin Vassell,,,219920e3a715ceb3dc69f3638f7571d5,2026-05-05,01:40,assists,3.5,280.0,,True,fanduel,2026-05-02T14:19:15.846197
Rudy Gobert,,,219920e3a715ceb3dc69f3638f7571d5,2026-05-05,01:40,assists,3.5,420.0,,True,fanduel,2026-05-02T14:19:15.846199
Naz Reid,,,219920e3a715ceb3dc69f3638f7571d5,2026-05-05,01:40,assists,3.5,870.0,,True,fanduel,2026-05-02T14:19:15.846201
Julius Randle,,,219920e3a715ceb3dc69f3638f7571d5,2026-05-05,01:40,points,21.5,-106.0,-125.0,False,fanduel,2026-05-02T14:19:15.846216
Julian Champagnie,,,219920e3a715ceb3dc69f3638f7571d5,2026-05-05,01:40,points,8.5,-102.0,-128.0,False,fanduel,2026-05-02T14:19:15.846217
Mike Conley,,,219920e3a715ceb3dc69f3638f7571d5,2026-05-05,01:40,points,5.5,-125.0,-106.0,False,fanduel,2026-05-02T14:19:15.846219
Ayo Dosunmu,,,219920e3a715ceb3dc69f3638f7571d5,2026-05-05,01:40,points,17.5,-122.0,-108.0,False,fanduel,2026-05-02T14:19:15.846221
Stephon Castle,,,219920e3a715ceb3dc69f3638f7571d5,2026-05-05,01:40,points,17.5,-114.0,-114.0,False,fanduel,2026-05-02T14:19:15.846222
Dylan Harper,,,219920e3a715ceb3dc69f3638f7571d5,2026-05-05,01:40,points,9.5,-106.0,-125.0,False,fanduel,2026-05-02T14:19:15.846224
Jaden McDaniels,,,219920e3a715ceb3dc69f3638f7571d5,2026-05-05,01:40,points,16.5,-120.0,-110.0,False,fanduel,2026-05-02T14:19:15.846228
Victor Wembanyama,,,219920e3a715ceb3dc69f3638f7571d5,2026-05-05,01:40,points,27.5,-106.0,-125.0,False,fanduel,2026-05-02T14:19:15.846230
Naz Reid,,,219920e3a715ceb3dc69f3638f7571d5,2026-05-05,01:40,points,12.5,-112.0,-118.0,False,fanduel,2026-05-02T14:19:15.846231
Rudy Gobert,,,219920e3a715ceb3dc69f3638f7571d5,2026-05-05,01:40,points,9.5,102.0,-136.0,False,fanduel,2026-05-02T14:19:15.846233
Devin Vassell,,,219920e3a715ceb3dc69f3638f7571d5,2026-05-05,01:40,points,12.5,-130.0,-102.0,False,fanduel,2026-05-02T14:19:15.846236
De'Aaron Fox,,,219920e3a715ceb3dc69f3638f7571d5,2026-05-05,01:40,points,17.5,-114.0,-114.0,False,fanduel,2026-05-02T14:19:15.846238
Keldon Johnson,,,219920e3a715ceb3dc69f3638f7571d5,2026-05-05,01:40,points,8.5,100.0,-132.0,False,fanduel,2026-05-02T14:19:15.846240
Victor Wembanyama,,,219920e3a715ceb3dc69f3638f7571d5,2026-05-05,01:40,points,44.5,1800.0,,True,fanduel,2026-05-02T14:19:15.846269
Victor Wembanyama,,,219920e3a715ceb3dc69f3638f7571d5,2026-05-05,01:40,points,24.5,-200.0,,True,fanduel,2026-05-02T14:19:15.846271
Julius Randle,,,219920e3a715ceb3dc69f3638f7571d5,2026-05-05,01:40,points,24.5,182.0,,True,fanduel,2026-05-02T14:19:15.846272
Ayo Dosunmu,,,219920e3a715ceb3dc69f3638f7571d5,2026-05-05,01:40,points,24.5,400.0,,True,fanduel,2026-05-02T14:19:15.846274
De'Aaron Fox,,,219920e3a715ceb3dc69f3638f7571d5,2026-05-05,01:40,points,24.5,450.0,,True,fanduel,2026-05-02T14:19:15.846276
Stephon Castle,,,219920e3a715ceb3dc69f3638f7571d5,2026-05-05,01:40,points,24.5,460.0,,True,fanduel,2026-05-02T14:19:15.846278
Jaden McDaniels,,,219920e3a715ceb3dc69f3638f7571d5,2026-05-05,01:40,points,24.5,520.0,,True,fanduel,2026-05-02T14:19:15.846279
Devin Vassell,,,219920e3a715ceb3dc69f3638f7571d5,2026-05-05,01:40,points,24.5,1400.0,,True,fanduel,2026-05-02T14:19:15.846281
Naz Reid,,,219920e3a715ceb3dc69f3638f7571d5,2026-05-05,01:40,points,24.5,1400.0,,True,fanduel,2026-05-02T14:19:15.846282
Victor Wembanyama,,,219920e3a715ceb3dc69f3638f7571d5,2026-05-05,01:40,points,39.5,900.0,,True,fanduel,2026-05-02T14:19:15.846284
Julius Randle,,,219920e3a715ceb3dc69f3638f7571d5,2026-05-05,01:40,points,39.5,3500.0,,True,fanduel,2026-05-02T14:19:15.846286
Julius Randle,,,219920e3a715ceb3dc69f3638f7571d5,2026-05-05,01:40,points,9.5,-6000.0,,True,fanduel,2026-05-02T14:19:15.846287
Stephon Castle,,,219920e3a715ceb3dc69f3638f7571d5,2026-05-05,01:40,points,9.5,-1800.0,,True,fanduel,2026-05-02T14:19:15.846289
De'Aaron Fox,,,219920e3a715ceb3dc69f3638f7571d5,2026-05-05,01:40,points,9.5,-2000.0,,True,fanduel,2026-05-02T14:19:15.846291
Ayo Dosunmu,,,219920e3a715ceb3dc69f3638f7571d5,2026-05-05,01:40,points,9.5,-1800.0,,True,fanduel,2026-05-02T14:19:15.846292
Jaden McDaniels,,,219920e3a715ceb3dc69f3638f7571d5,2026-05-05,01:40,points,9.5,-1200.0,,True,fanduel,2026-05-02T14:19:15.846294
Devin Vassell,,,219920e3a715ceb3dc69f3638f7571d5,2026-05-05,01:40,points,9.5,-340.0,,True,fanduel,2026-05-02T14:19:15.846296
Naz Reid,,,219920e3a715ceb3dc69f3638f7571d5,2026-05-05,01:40,points,9.5,-265.0,,True,fanduel,2026-05-02T14:19:15.846297
Dylan Harper,,,219920e3a715ceb3dc69f3638f7571d5,2026-05-05,01:40,points,9.5,-104.0,,True,fanduel,2026-05-02T14:19:15.846299
Rudy Gobert,,,219920e3a715ceb3dc69f3638f7571d5,2026-05-05,01:40,points,9.5,102.0,,True,fanduel,2026-05-02T14:19:15.846301
Julian Champagnie,,,219920e3a715ceb3dc69f3638f7571d5,2026-05-05,01:40,points,9.5,134.0,,True,fanduel,2026-05-02T14:19:15.846302
Keldon Johnson,,,219920e3a715ceb3dc69f3638f7571d5,2026-05-05,01:40,points,9.5,138.0,,True,fanduel,2026-05-02T14:19:15.846304
Mike Conley,,,219920e3a715ceb3dc69f3638f7571d5,2026-05-05,01:40,points,9.5,350.0,,True,fanduel,2026-05-02T14:19:15.846306
Victor Wembanyama,,,219920e3a715ceb3dc69f3638f7571d5,2026-05-05,01:40,points,34.5,360.0,,True,fanduel,2026-05-02T14:19:15.846307
Julius Randle,,,219920e3a715ceb3dc69f3638f7571d5,2026-05-05,01:40,points,34.5,1300.0,,True,fanduel,2026-05-02T14:19:15.846311
Ayo Dosunmu,,,219920e3a715ceb3dc69f3638f7571d5,2026-05-05,01:40,points,34.5,3500.0,,True,fanduel,2026-05-02T14:19:15.846313
Stephon Castle,,,219920e3a715ceb3dc69f3638f7571d5,2026-05-05,01:40,points,34.5,4000.0,,True,fanduel,2026-05-02T14:19:15.846314
Jaden McDaniels,,,219920e3a715ceb3dc69f3638f7571d5,2026-05-05,01:40,points,34.5,4000.0,,True,fanduel,2026-05-02T14:19:15.846316
De'Aaron Fox,,,219920e3a715ceb3dc69f3638f7571d5,2026-05-05,01:40,points,34.5,4000.0,,True,fanduel,2026-05-02T14:19:15.846318
Victor Wembanyama,,,219920e3a715ceb3dc69f3638f7571d5,2026-05-05,01:40,points,29.5,144.0,,True,fanduel,2026-05-02T14:19:15.846319
Julius Randle,,,219920e3a715ceb3dc69f3638f7571d5,2026-05-05,01:40,points,29.5,520.0,,True,fanduel,2026-05-02T14:19:15.846321
Ayo Dosunmu,,,219920e3a715ceb3dc69f3638f7571d5,2026-05-05,01:40,points,29.5,1100.0,,True,fanduel,2026-05-02T14:19:15.846323
De'Aaron Fox,,,219920e3a715ceb3dc69f3638f7571d5,2026-05-05,01:40,points,29.5,1200.0,,True,fanduel,2026-05-02T14:19:15.846324
Stephon Castle,,,219920e3a715ceb3dc69f3638f7571d5,2026-05-05,01:40,points,29.5,1300.0,,True,fanduel,2026-05-02T14:19:15.846326
Jaden McDaniels,,,219920e3a715ceb3dc69f3638f7571d5,2026-05-05,01:40,points,29.5,1400.0,,True,fanduel,2026-05-02T14:19:15.846327
Victor Wembanyama,,,219920e3a715ceb3dc69f3638f7571d5,2026-05-05,01:40,points,14.5,-5000.0,,True,fanduel,2026-05-02T14:19:15.846329
Julius Randle,,,219920e3a715ceb3dc69f3638f7571d5,2026-05-05,01:40,points,14.5,-620.0,,True,fanduel,2026-05-02T14:19:15.846331
Ayo Dosunmu,,,219920e3a715ceb3dc69f3638f7571d5,2026-05-05,01:40,points,14.5,-265.0,,True,fanduel,2026-05-02T14:19:15.846333
Stephon Castle,,,219920e3a715ceb3dc69f3638f7571d5,2026-05-05,01:40,points,14.5,-260.0,,True,fanduel,2026-05-02T14:19:15.846334
De'Aaron Fox,,,219920e3a715ceb3dc69f3638f7571d5,2026-05-05,01:40,points,14.5,-260.0,,True,fanduel,2026-05-02T14:19:15.846338
Jaden McDaniels,,,219920e3a715ceb3dc69f3638f7571d5,2026-05-05,01:40,points,14.5,-205.0,,True,fanduel,2026-05-02T14:19:15.846339
Devin Vassell,,,219920e3a715ceb3dc69f3638f7571d5,2026-05-05,01:40,points,14.5,144.0,,True,fanduel,2026-05-02T14:19:15.846341
Naz Reid,,,219920e3a715ceb3dc69f3638f7571d5,2026-05-05,01:40,points,14.5,154.0,,True,fanduel,2026-05-02T14:19:15.846343
Dylan Harper,,,219920e3a715ceb3dc69f3638f7571d5,2026-05-05,01:40,points,14.5,360.0,,True,fanduel,2026-05-02T14:19:15.846344
Rudy Gobert,,,219920e3a715ceb3dc69f3638f7571d5,2026-05-05,01:40,points,14.5,450.0,,True,fanduel,2026-05-02T14:19:15.846346
Keldon Johnson,,,219920e3a715ceb3dc69f3638f7571d5,2026-05-05,01:40,points,14.5,500.0,,True,fanduel,2026-05-02T14:19:15.846348
Julian Champagnie,,,219920e3a715ceb3dc69f3638f7571d5,2026-05-05,01:40,points,14.5,600.0,,True,fanduel,2026-05-02T14:19:15.846349
Mike Conley,,,219920e3a715ceb3dc69f3638f7571d5,2026-05-05,01:40,points,14.5,1400.0,,True,fanduel,2026-05-02T14:19:15.846351
Victor Wembanyama,,,219920e3a715ceb3dc69f3638f7571d5,2026-05-05,01:40,points,19.5,-700.0,,True,fanduel,2026-05-02T14:19:15.846354
Julius Randle,,,219920e3a715ceb3dc69f3638f7571d5,2026-05-05,01:40,points,19.5,-170.0,,True,fanduel,2026-05-02T14:19:15.846356
Ayo Dosunmu,,,219920e3a715ceb3dc69f3638f7571d5,2026-05-05,01:40,points,19.5,136.0,,True,fanduel,2026-05-02T14:19:15.846358
Stephon Castle,,,219920e3a715ceb3dc69f3638f7571d5,2026-05-05,01:40,points,19.5,146.0,,True,fanduel,2026-05-02T14:19:15.846359
De'Aaron Fox,,,219920e3a715ceb3dc69f3638f7571d5,2026-05-05,01:40,points,19.5,142.0,,True,fanduel,2026-05-02T14:19:15.846361
Jaden McDaniels,,,219920e3a715ceb3dc69f3638f7571d5,2026-05-05,01:40,points,19.5,172.0,,True,fanduel,2026-05-02T14:19:15.846363
Devin Vassell,,,219920e3a715ceb3dc69f3638f7571d5,2026-05-05,01:40,points,19.5,500.0,,True,fanduel,2026-05-02T14:19:15.846364
Naz Reid,,,219920e3a715ceb3dc69f3638f7571d5,2026-05-05,01:40,points,19.5,520.0,,True,fanduel,2026-05-02T14:19:15.846366
Dylan Harper,,,219920e3a715ceb3dc69f3638f7571d5,2026-05-05,01:40,points,19.5,1200.0,,True,fanduel,2026-05-02T14:19:15.846369
Keldon Johnson,,,219920e3a715ceb3dc69f3638f7571d5,2026-05-05,01:40,points,19.5,1400.0,,True,fanduel,2026-05-02T14:19:15.846371
Rudy Gobert,,,219920e3a715ceb3dc69f3638f7571d5,2026-05-05,01:40,points,19.5,1500.0,,True,fanduel,2026-05-02T14:19:15.846373
Julian Champagnie,,,219920e3a715ceb3dc69f3638f7571d5,2026-05-05,01:40,points,19.5,1700.0,,True,fanduel,2026-05-02T14:19:15.846374
Victor Wembanyama,,,219920e3a715ceb3dc69f3638f7571d5,2026-05-05,01:40,points,49.5,5000.0,,True,fanduel,2026-05-02T14:19:15.846376
Julius Randle,,,219920e3a715ceb3dc69f3638f7571d5,2026-05-05,01:40,rebounds,6.5,-154.0,116.0,False,fanduel,2026-05-02T14:19:15.846391
Julian Champagnie,,,219920e3a715ceb3dc69f3638f7571d5,2026-05-05,01:40,rebounds,4.5,-158.0,118.0,False,fanduel,2026-05-02T14:19:15.846392
Stephon Castle,,,219920e3a715ceb3dc69f3638f7571d5,2026-05-05,01:40,rebounds,5.5,-130.0,-102.0,False,fanduel,2026-05-02T14:19:15.846394
Ayo Dosunmu,,,219920e3a715ceb3dc69f3638f7571d5,2026-05-05,01:40,rebounds,3.5,-162.0,122.0,False,fanduel,2026-05-02T14:19:15.846396
Devin Vassell,,,219920e3a715ceb3dc69f3638f7571d5,2026-05-05,01:40,rebounds,3.5,-172.0,128.0,False,fanduel,2026-05-02T14:19:15.846397
Rudy Gobert,,,219920e3a715ceb3dc69f3638f7571d5,2026-05-05,01:40,rebounds,11.5,104.0,-138.0,False,fanduel,2026-05-02T14:19:15.846399
Jaden McDaniels,,,219920e3a715ceb3dc69f3638f7571d5,2026-05-05,01:40,rebounds,4.5,-114.0,-114.0,False,fanduel,2026-05-02T14:19:15.846401
Naz Reid,,,219920e3a715ceb3dc69f3638f7571d5,2026-05-05,01:40,rebounds,5.5,-130.0,-102.0,False,fanduel,2026-05-02T14:19:15.846402
Victor Wembanyama,,,219920e3a715ceb3dc69f3638f7571d5,2026-05-05,01:40,rebounds,11.5,-138.0,104.0,False,fanduel,2026-05-02T14:19:15.846404
De'Aaron Fox,,,219920e3a715ceb3dc69f3638f7571d5,2026-05-05,01:40,rebounds,3.5,-152.0,114.0,False,fanduel,2026-05-02T14:19:15.846406
Keldon Johnson,,,219920e3a715ceb3dc69f3638f7571d5,2026-05-05,01:40,rebounds,3.5,-110.0,-120.0,False,fanduel,2026-05-02T14:19:15.846407
Victor Wembanyama,,,219920e3a715ceb3dc69f3638f7571d5,2026-05-05,01:40,rebounds,7.5,-1100.0,,True,fanduel,2026-05-02T14:19:15.846432
Rudy Gobert,,,219920e3a715ceb3dc69f3638f7571d5,2026-05-05,01:40,rebounds,7.5,-650.0,,True,fanduel,2026-05-02T14:19:15.846434
Julius Randle,,,219920e3a715ceb3dc69f3638f7571d5,2026-05-05,01:40,rebounds,7.5,122.0,,True,fanduel,2026-05-02T14:19:15.846436
Naz Reid,,,219920e3a715ceb3dc69f3638f7571d5,2026-05-05,01:40,rebounds,7.5,255.0,,True,fanduel,2026-05-02T14:19:15.846437
Stephon Castle,,,219920e3a715ceb3dc69f3638f7571d5,2026-05-05,01:40,rebounds,7.5,280.0,,True,fanduel,2026-05-02T14:19:15.846439
Julian Champagnie,,,219920e3a715ceb3dc69f3638f7571d5,2026-05-05,01:40,rebounds,7.5,450.0,,True,fanduel,2026-05-02T14:19:15.846440
Jaden McDaniels,,,219920e3a715ceb3dc69f3638f7571d5,2026-05-05,01:40,rebounds,7.5,630.0,,True,fanduel,2026-05-02T14:19:15.846442
Devin Vassell,,,219920e3a715ceb3dc69f3638f7571d5,2026-05-05,01:40,rebounds,7.5,1000.0,,True,fanduel,2026-05-02T14:19:15.846444
Keldon Johnson,,,219920e3a715ceb3dc69f3638f7571d5,2026-05-05,01:40,rebounds,7.5,1060.0,,True,fanduel,2026-05-02T14:19:15.846445
De'Aaron Fox,,,219920e3a715ceb3dc69f3638f7571d5,2026-05-05,01:40,rebounds,7.5,1100.0,,True,fanduel,2026-05-02T14:19:15.846447
Ayo Dosunmu,,,219920e3a715ceb3dc69f3638f7571d5,2026-05-05,01:40,rebounds,7.5,1200.0,,True,fanduel,2026-05-02T14:19:15.846449
Rudy Gobert,,,219920e3a715ceb3dc69f3638f7571d5,2026-05-05,01:40,rebounds,5.5,-4000.0,,True,fanduel,2026-05-02T14:19:15.846450
Julius Randle,,,219920e3a715ceb3dc69f3638f7571d5,2026-05-05,01:40,rebounds,5.5,-295.0,,True,fanduel,2026-05-02T14:19:15.846452
Stephon Castle,,,219920e3a715ceb3dc69f3638f7571d5,2026-05-05,01:40,rebounds,5.5,-125.0,,True,fanduel,2026-05-02T14:19:15.846454
Naz Reid,,,219920e3a715ceb3dc69f3638f7571d5,2026-05-05,01:40,rebounds,5.5,-125.0,,True,fanduel,2026-05-02T14:19:15.846455
Julian Champagnie,,,219920e3a715ceb3dc69f3638f7571d5,2026-05-05,01:40,rebounds,5.5,132.0,,True,fanduel,2026-05-02T14:19:15.846457
Jaden McDaniels,,,219920e3a715ceb3dc69f3638f7571d5,2026-05-05,01:40,rebounds,5.5,186.0,,True,fanduel,2026-05-02T14:19:15.846460
Devin Vassell,,,219920e3a715ceb3dc69f3638f7571d5,2026-05-05,01:40,rebounds,5.5,285.0,,True,fanduel,2026-05-02T14:19:15.846462
Ayo Dosunmu,,,219920e3a715ceb3dc69f3638f7571d5,2026-05-05,01:40,rebounds,5.5,300.0,,True,fanduel,2026-05-02T14:19:15.846464
De'Aaron Fox,,,219920e3a715ceb3dc69f3638f7571d5,2026-05-05,01:40,rebounds,5.5,320.0,,True,fanduel,2026-05-02T14:19:15.846465
Keldon Johnson,,,219920e3a715ceb3dc69f3638f7571d5,2026-05-05,01:40,rebounds,5.5,350.0,,True,fanduel,2026-05-02T14:19:15.846467
Dylan Harper,,,219920e3a715ceb3dc69f3638f7571d5,2026-05-05,01:40,rebounds,5.5,800.0,,True,fanduel,2026-05-02T14:19:15.846469
Victor Wembanyama,,,219920e3a715ceb3dc69f3638f7571d5,2026-05-05,01:40,rebounds,13.5,186.0,,True,fanduel,2026-05-02T14:19:15.846470
Rudy Gobert,,,219920e3a715ceb3dc69f3638f7571d5,2026-05-05,01:40,rebounds,13.5,255.0,,True,fanduel,2026-05-02T14:19:15.846472
Julius Randle,,,219920e3a715ceb3dc69f3638f7571d5,2026-05-05,01:40,rebounds,13.5,2000.0,,True,fanduel,2026-05-02T14:19:15.846474
Victor Wembanyama,,,219920e3a715ceb3dc69f3638f7571d5,2026-05-05,01:40,rebounds,11.5,-136.0,,True,fanduel,2026-05-02T14:19:15.846475
Rudy Gobert,,,219920e3a715ceb3dc69f3638f7571d5,2026-05-05,01:40,rebounds,11.5,106.0,,True,fanduel,2026-05-02T14:19:15.846477
Julius Randle,,,219920e3a715ceb3dc69f3638f7571d5,2026-05-05,01:40,rebounds,11.5,900.0,,True,fanduel,2026-05-02T14:19:15.846479
Naz Reid,,,219920e3a715ceb3dc69f3638f7571d5,2026-05-05,01:40,rebounds,11.5,1500.0,,True,fanduel,2026-05-02T14:19:15.846482
Stephon Castle,,,219920e3a715ceb3dc69f3638f7571d5,2026-05-05,01:40,rebounds,11.5,1700.0,,True,fanduel,2026-05-02T14:19:15.846484
Julius Randle,,,219920e3a715ceb3dc69f3638f7571d5,2026-05-05,01:40,rebounds,3.5,-2200.0,,True,fanduel,2026-05-02T14:19:15.846486
Stephon Castle,,,219920e3a715ceb3dc69f3638f7571d5,2026-05-05,01:40,rebounds,3.5,-650.0,,True,fanduel,2026-05-02T14:19:15.846489
Naz Reid,,,219920e3a715ceb3dc69f3638f7571d5,2026-05-05,01:40,rebounds,3.5,-520.0,,True,fanduel,2026-05-02T14:19:15.846491
Julian Champagnie,,,219920e3a715ceb3dc69f3638f7571d5,2026-05-05,01:40,rebounds,3.5,-340.0,,True,fanduel,2026-05-02T14:19:15.846492
Jaden McDaniels,,,219920e3a715ceb3dc69f3638f7571d5,2026-05-05,01:40,rebounds,3.5,-260.0,,True,fanduel,2026-05-02T14:19:15.846494
Devin Vassell,,,219920e3a715ceb3dc69f3638f7571d5,2026-05-05,01:40,rebounds,3.5,-166.0,,True,fanduel,2026-05-02T14:19:15.846496
Ayo Dosunmu,,,219920e3a715ceb3dc69f3638f7571d5,2026-05-05,01:40,rebounds,3.5,-160.0,,True,fanduel,2026-05-02T14:19:15.846498
De'Aaron Fox,,,219920e3a715ceb3dc69f3638f7571d5,2026-05-05,01:40,rebounds,3.5,-146.0,,True,fanduel,2026-05-02T14:19:15.846499
Keldon Johnson,,,219920e3a715ceb3dc69f3638f7571d5,2026-05-05,01:40,rebounds,3.5,-108.0,,True,fanduel,2026-05-02T14:19:15.846501
Dylan Harper,,,219920e3a715ceb3dc69f3638f7571d5,2026-05-05,01:40,rebounds,3.5,176.0,,True,fanduel,2026-05-02T14:19:15.846502
Mike Conley,,,219920e3a715ceb3dc69f3638f7571d5,2026-05-05,01:40,rebounds,3.5,560.0,,True,fanduel,2026-05-02T14:19:15.846504
Victor Wembanyama,,,219920e3a715ceb3dc69f3638f7571d5,2026-05-05,01:40,rebounds,15.5,430.0,,True,fanduel,2026-05-02T14:19:15.846506
Rudy Gobert,,,219920e3a715ceb3dc69f3638f7571d5,2026-05-05,01:40,rebounds,15.5,560.0,,True,fanduel,2026-05-02T14:19:15.846508
Victor Wembanyama,,,219920e3a715ceb3dc69f3638f7571d5,2026-05-05,01:40,rebounds,9.5,-370.0,,True,fanduel,2026-05-02T14:19:15.846509
Rudy Gobert,,,219920e3a715ceb3dc69f3638f7571d5,2026-05-05,01:40,rebounds,9.5,-260.0,,True,fanduel,2026-05-02T14:19:15.846511
Julius Randle,,,219920e3a715ceb3dc69f3638f7571d5,2026-05-05,01:40,rebounds,9.5,300.0,,True,fanduel,2026-05-02T14:19:15.846512
Naz Reid,,,219920e3a715ceb3dc69f3638f7571d5,2026-05-05,01:40,rebounds,9.5,630.0,,True,fanduel,2026-05-02T14:19:15.846514
Stephon Castle,,,219920e3a715ceb3dc69f3638f7571d5,2026-05-05,01:40,rebounds,9.5,680.0,,True,fanduel,2026-05-02T14:19:15.846516
Julian Champagnie,,,219920e3a715ceb3dc69f3638f7571d5,2026-05-05,01:40,rebounds,9.5,1100.0,,True,fanduel,2026-05-02T14:19:15.846519
Jaden McDaniels,,,219920e3a715ceb3dc69f3638f7571d5,2026-05-05,01:40,rebounds,9.5,1500.0,,True,fanduel,2026-05-02T14:19:15.846521
Julius Randle,,,219920e3a715ceb3dc69f3638f7571d5,2026-05-05,01:40,threes,1.5,140.0,-188.0,False,fanduel,2026-05-02T14:19:15.846533
Mike Conley,,,219920e3a715ceb3dc69f3638f7571d5,2026-05-05,01:40,threes,1.5,132.0,-178.0,False,fanduel,2026-05-02T14:19:15.846534
Victor Wembanyama,,,219920e3a715ceb3dc69f3638f7571d5,2026-05-05,01:40,threes,2.5,-102.0,-130.0,False,fanduel,2026-05-02T14:19:15.846536
Stephon Castle,,,219920e3a715ceb3dc69f3638f7571d5,2026-05-05,01:40,threes,1.5,124.0,-166.0,False,fanduel,2026-05-02T14:19:15.846538
Ayo Dosunmu,,,219920e3a715ceb3dc69f3638f7571d5,2026-05-05,01:40,threes,1.5,-140.0,106.0,False,fanduel,2026-05-02T14:19:15.846539
Jaden McDaniels,,,219920e3a715ceb3dc69f3638f7571d5,2026-05-05,01:40,threes,1.5,104.0,-138.0,False,fanduel,2026-05-02T14:19:15.846541
Naz Reid,,,219920e3a715ceb3dc69f3638f7571d5,2026-05-05,01:40,threes,1.5,-118.0,-112.0,False,fanduel,2026-05-02T14:19:15.846543
De'Aaron Fox,,,219920e3a715ceb3dc69f3638f7571d5,2026-05-05,01:40,threes,1.5,-122.0,-108.0,False,fanduel,2026-05-02T14:19:15.846544
Devin Vassell,,,219920e3a715ceb3dc69f3638f7571d5,2026-05-05,01:40,threes,1.5,-200.0,152.0,False,fanduel,2026-05-02T14:19:15.846546
Victor Wembanyama,,,219920e3a715ceb3dc69f3638f7571d5,2026-05-05,01:40,threes,6.5,3000.0,,True,fanduel,2026-05-02T14:19:15.846570
Victor Wembanyama,,,219920e3a715ceb3dc69f3638f7571d5,2026-05-05,01:40,threes,4.5,650.0,,True,fanduel,2026-05-02T14:19:15.846571
Devin Vassell,,,219920e3a715ceb3dc69f3638f7571d5,2026-05-05,01:40,threes,4.5,1000.0,,True,fanduel,2026-05-02T14:19:15.846573
Ayo Dosunmu,,,219920e3a715ceb3dc69f3638f7571d5,2026-05-05,01:40,threes,4.5,1600.0,,True,fanduel,2026-05-02T14:19:15.846575
Naz Reid,,,219920e3a715ceb3dc69f3638f7571d5,2026-05-05,01:40,threes,4.5,1800.0,,True,fanduel,2026-05-02T14:19:15.846576
De'Aaron Fox,,,219920e3a715ceb3dc69f3638f7571d5,2026-05-05,01:40,threes,4.5,2000.0,,True,fanduel,2026-05-02T14:19:15.846578
Jaden McDaniels,,,219920e3a715ceb3dc69f3638f7571d5,2026-05-05,01:40,threes,4.5,2200.0,,True,fanduel,2026-05-02T14:19:15.846580
Victor Wembanyama,,,219920e3a715ceb3dc69f3638f7571d5,2026-05-05,01:40,threes,5.5,1300.0,,True,fanduel,2026-05-02T14:19:15.846581
Devin Vassell,,,219920e3a715ceb3dc69f3638f7571d5,2026-05-05,01:40,threes,5.5,2000.0,,True,fanduel,2026-05-02T14:19:15.846583
Victor Wembanyama,,,219920e3a715ceb3dc69f3638f7571d5,2026-05-05,01:40,threes,3.5,255.0,,True,fanduel,2026-05-02T14:19:15.846585
Devin Vassell,,,219920e3a715ceb3dc69f3638f7571d5,2026-05-05,01:40,threes,3.5,420.0,,True,fanduel,2026-05-02T14:19:15.846586
Ayo Dosunmu,,,219920e3a715ceb3dc69f3638f7571d5,2026-05-05,01:40,threes,3.5,600.0,,True,fanduel,2026-05-02T14:19:15.846588
Naz Reid,,,219920e3a715ceb3dc69f3638f7571d5,2026-05-05,01:40,threes,3.5,700.0,,True,fanduel,2026-05-02T14:19:15.846590
De'Aaron Fox,,,219920e3a715ceb3dc69f3638f7571d5,2026-05-05,01:40,threes,3.5,750.0,,True,fanduel,2026-05-02T14:19:15.846591
Jaden McDaniels,,,219920e3a715ceb3dc69f3638f7571d5,2026-05-05,01:40,threes,3.5,900.0,,True,fanduel,2026-05-02T14:19:15.846593
Stephon Castle,,,219920e3a715ceb3dc69f3638f7571d5,2026-05-05,01:40,threes,3.5,1100.0,,True,fanduel,2026-05-02T14:19:15.846595
Mike Conley,,,219920e3a715ceb3dc69f3638f7571d5,2026-05-05,01:40,threes,3.5,1100.0,,True,fanduel,2026-05-02T14:19:15.846596
Julius Randle,,,219920e3a715ceb3dc69f3638f7571d5,2026-05-05,01:40,threes,3.5,1300.0,,True,fanduel,2026-05-02T14:19:15.846598
Keldon Johnson,,,219920e3a715ceb3dc69f3638f7571d5,2026-05-05,01:40,threes,3.5,2000.0,,True,fanduel,2026-05-02T14:19:15.846600
Victor Wembanyama,,,219920e3a715ceb3dc69f3638f7571d5,2026-05-05,01:40,threes,0.5,-2500.0,,True,fanduel,2026-05-02T14:19:15.846603
Devin Vassell,,,219920e3a715ceb3dc69f3638f7571d5,2026-05-05,01:40,threes,0.5,-1100.0,,True,fanduel,2026-05-02T14:19:15.846606
Ayo Dosunmu,,,219920e3a715ceb3dc69f3638f7571d5,2026-05-05,01:40,threes,0.5,-700.0,,True,fanduel,2026-05-02T14:19:15.846608
De'Aaron Fox,,,219920e3a715ceb3dc69f3638f7571d5,2026-05-05,01:40,threes,0.5,-620.0,,True,fanduel,2026-05-02T14:19:15.846610
Naz Reid,,,219920e3a715ceb3dc69f3638f7571d5,2026-05-05,01:40,threes,0.5,-560.0,,True,fanduel,2026-05-02T14:19:15.846611
Jaden McDaniels,,,219920e3a715ceb3dc69f3638f7571d5,2026-05-05,01:40,threes,0.5,-440.0,,True,fanduel,2026-05-02T14:19:15.846613
Stephon Castle,,,219920e3a715ceb3dc69f3638f7571d5,2026-05-05,01:40,threes,0.5,-390.0,,True,fanduel,2026-05-02T14:19:15.846615
Julius Randle,,,219920e3a715ceb3dc69f3638f7571d5,2026-05-05,01:40,threes,0.5,-340.0,,True,fanduel,2026-05-02T14:19:15.846616
Mike Conley,,,219920e3a715ceb3dc69f3638f7571d5,2026-05-05,01:40,threes,0.5,-340.0,,True,fanduel,2026-05-02T14:19:15.846618
Keldon Johnson,,,219920e3a715ceb3dc69f3638f7571d5,2026-05-05,01:40,threes,0.5,-172.0,,True,fanduel,2026-05-02T14:19:15.846620
Victor Wembanyama,,,219920e3a715ceb3dc69f3638f7571d5,2026-05-05,01:40,threes,1.5,-330.0,,True,fanduel,2026-05-02T14:19:15.846621
Devin Vassell,,,219920e3a715ceb3dc69f3638f7571d5,2026-05-05,01:40,threes,1.5,-194.0,,True,fanduel,2026-05-02T14:19:15.846623
Ayo Dosunmu,,,219920e3a715ceb3dc69f3638f7571d5,2026-05-05,01:40,threes,1.5,-138.0,,True,fanduel,2026-05-02T14:19:15.846625
De'Aaron Fox,,,219920e3a715ceb3dc69f3638f7571d5,2026-05-05,01:40,threes,1.5,-120.0,,True,fanduel,2026-05-02T14:19:15.846626
Naz Reid,,,219920e3a715ceb3dc69f3638f7571d5,2026-05-05,01:40,threes,1.5,-115.0,,True,fanduel,2026-05-02T14:19:15.846628
Jaden McDaniels,,,219920e3a715ceb3dc69f3638f7571d5,2026-05-05,01:40,threes,1.5,106.0,,True,fanduel,2026-05-02T14:19:15.846630
Stephon Castle,,,219920e3a715ceb3dc69f3638f7571d5,2026-05-05,01:40,threes,1.5,126.0,,True,fanduel,2026-05-02T14:19:15.846631
Mike Conley,,,219920e3a715ceb3dc69f3638f7571d5,2026-05-05,01:40,threes,1.5,134.0,,True,fanduel,2026-05-02T14:19:15.846635
Julius Randle,,,219920e3a715ceb3dc69f3638f7571d5,2026-05-05,01:40,threes,1.5,142.0,,True,fanduel,2026-05-02T14:19:15.846636
Keldon Johnson,,,219920e3a715ceb3dc69f3638f7571d5,2026-05-05,01:40,threes,1.5,285.0,,True,fanduel,2026-05-02T14:19:15.846638
Victor Wembanyama,,,219920e3a715ceb3dc69f3638f7571d5,2026-05-05,01:40,threes,2.5,100.0,,True,fanduel,2026-05-02T14:19:15.846640
Devin Vassell,,,219920e3a715ceb3dc69f3638f7571d5,2026-05-05,01:40,threes,2.5,164.0,,True,fanduel,2026-05-02T14:19:15.846641
Ayo Dosunmu,,,219920e3a715ceb3dc69f3638f7571d5,2026-05-05,01:40,threes,2.5,240.0,,True,fanduel,2026-05-02T14:19:15.846643
De'Aaron Fox,,,219920e3a715ceb3dc69f3638f7571d5,2026-05-05,01:40,threes,2.5,280.0,,True,fanduel,2026-05-02T14:19:15.846645
Naz Reid,,,219920e3a715ceb3dc69f3638f7571d5,2026-05-05,01:40,threes,2.5,280.0,,True,fanduel,2026-05-02T14:19:15.846646
Jaden McDaniels,,,219920e3a715ceb3dc69f3638f7571d5,2026-05-05,01:40,threes,2.5,330.0,,True,fanduel,2026-05-02T14:19:15.846648
Stephon Castle,,,219920e3a715ceb3dc69f3638f7571d5,2026-05-05,01:40,threes,2.5,420.0,,True,fanduel,2026-05-02T14:19:15.846650
Mike Conley,,,219920e3a715ceb3dc69f3638f7571d5,2026-05-05,01:40,threes,2.5,420.0,,True,fanduel,2026-05-02T14:19:15.846651
Julius Randle,,,219920e3a715ceb3dc69f3638f7571d5,2026-05-05,01:40,threes,2.5,460.0,,True,fanduel,2026-05-02T14:19:15.846653
Keldon Johnson,,,219920e3a715ceb3dc69f3638f7571d5,2026-05-05,01:40,threes,2.5,900.0,,True,fanduel,2026-05-02T14:19:15.846655
Isaiah Hartenstein,,,689b4554b0b10e67f46872eb2e74b98d,2026-05-06,01:40,assists,2.5,-128.0,-104.0,False,fanduel,2026-05-02T14:19:15.897852
Shai Gilgeous-Alexander,,,689b4554b0b10e67f46872eb2e74b98d,2026-05-06,01:40,assists,7.5,108.0,-144.0,False,fanduel,2026-05-02T14:19:15.897854
Cason Wallace,,,689b4554b0b10e67f46872eb2e74b98d,2026-05-06,01:40,assists,1.5,-188.0,140.0,False,fanduel,2026-05-02T14:19:15.897855
Austin Reaves,,,689b4554b0b10e67f46872eb2e74b98d,2026-05-06,01:40,assists,5.5,118.0,-158.0,False,fanduel,2026-05-02T14:19:15.897857
Marcus Smart,,,689b4554b0b10e67f46872eb2e74b98d,2026-05-06,01:40,assists,2.5,-138.0,104.0,False,fanduel,2026-05-02T14:19:15.897859
Ajay Mitchell,,,689b4554b0b10e67f46872eb2e74b98d,2026-05-06,01:40,assists,3.5,-114.0,-114.0,False,fanduel,2026-05-02T14:19:15.897876
LeBron James,,,689b4554b0b10e67f46872eb2e74b98d,2026-05-06,01:40,assists,7.5,-114.0,-114.0,False,fanduel,2026-05-02T14:19:15.897878
LeBron James,,,689b4554b0b10e67f46872eb2e74b98d,2026-05-06,01:40,assists,5.5,-430.0,,True,fanduel,2026-05-02T14:19:15.897895
Shai Gilgeous-Alexander,,,689b4554b0b10e67f46872eb2e74b98d,2026-05-06,01:40,assists,5.5,-350.0,,True,fanduel,2026-05-02T14:19:15.897897
Austin Reaves,,,689b4554b0b10e67f46872eb2e74b98d,2026-05-06,01:40,assists,5.5,122.0,,True,fanduel,2026-05-02T14:19:15.897899
Ajay Mitchell,,,689b4554b0b10e67f46872eb2e74b98d,2026-05-06,01:40,assists,5.5,420.0,,True,fanduel,2026-05-02T14:19:15.897903
Isaiah Hartenstein,,,689b4554b0b10e67f46872eb2e74b98d,2026-05-06,01:40,assists,5.5,870.0,,True,fanduel,2026-05-02T14:19:15.897906
Marcus Smart,,,689b4554b0b10e67f46872eb2e74b98d,2026-05-06,01:40,assists,5.5,900.0,,True,fanduel,2026-05-02T14:19:15.897908
Cason Wallace,,,689b4554b0b10e67f46872eb2e74b98d,2026-05-06,01:40,assists,5.5,1400.0,,True,fanduel,2026-05-02T14:19:15.897910
LeBron James,,,689b4554b0b10e67f46872eb2e74b98d,2026-05-06,01:40,assists,3.5,-4000.0,,True,fanduel,2026-05-02T14:19:15.897911
Shai Gilgeous-Alexander,,,689b4554b0b10e67f46872eb2e74b98d,2026-05-06,01:40,assists,3.5,-3000.0,,True,fanduel,2026-05-02T14:19:15.897913
Austin Reaves,,,689b4554b0b10e67f46872eb2e74b98d,2026-05-06,01:40,assists,3.5,-360.0,,True,fanduel,2026-05-02T14:19:15.897915
Ajay Mitchell,,,689b4554b0b10e67f46872eb2e74b98d,2026-05-06,01:40,assists,3.5,-113.0,,True,fanduel,2026-05-02T14:19:15.897916
Isaiah Hartenstein,,,689b4554b0b10e67f46872eb2e74b98d,2026-05-06,01:40,assists,3.5,190.0,,True,fanduel,2026-05-02T14:19:15.897918
Marcus Smart,,,689b4554b0b10e67f46872eb2e74b98d,2026-05-06,01:40,assists,3.5,196.0,,True,fanduel,2026-05-02T14:19:15.897920
Cason Wallace,,,689b4554b0b10e67f46872eb2e74b98d,2026-05-06,01:40,assists,3.5,350.0,,True,fanduel,2026-05-02T14:19:15.897923
LeBron James,,,689b4554b0b10e67f46872eb2e74b98d,2026-05-06,01:40,assists,7.5,-113.0,,True,fanduel,2026-05-02T14:19:15.897925
Shai Gilgeous-Alexander,,,689b4554b0b10e67f46872eb2e74b98d,2026-05-06,01:40,assists,7.5,112.0,,True,fanduel,2026-05-02T14:19:15.897926
Austin Reaves,,,689b4554b0b10e67f46872eb2e74b98d,2026-05-06,01:40,assists,7.5,420.0,,True,fanduel,2026-05-02T14:19:15.897928
Ajay Mitchell,,,689b4554b0b10e67f46872eb2e74b98d,2026-05-06,01:40,assists,7.5,1400.0,,True,fanduel,2026-05-02T14:19:15.897930
LeBron James,,,689b4554b0b10e67f46872eb2e74b98d,2026-05-06,01:40,assists,13.5,1500.0,,True,fanduel,2026-05-02T14:19:15.897932
Shai Gilgeous-Alexander,,,689b4554b0b10e67f46872eb2e74b98d,2026-05-06,01:40,assists,13.5,2000.0,,True,fanduel,2026-05-02T14:19:15.897933
LeBron James,,,689b4554b0b10e67f46872eb2e74b98d,2026-05-06,01:40,assists,11.5,630.0,,True,fanduel,2026-05-02T14:19:15.897935
Shai Gilgeous-Alexander,,,689b4554b0b10e67f46872eb2e74b98d,2026-05-06,01:40,assists,11.5,900.0,,True,fanduel,2026-05-02T14:19:15.897937
Ajay Mitchell,,,689b4554b0b10e67f46872eb2e74b98d,2026-05-06,01:40,assists,1.5,-1100.0,,True,fanduel,2026-05-02T14:19:15.897938
Marcus Smart,,,689b4554b0b10e67f46872eb2e74b98d,2026-05-06,01:40,assists,1.5,-430.0,,True,fanduel,2026-05-02T14:19:15.897940
Isaiah Hartenstein,,,689b4554b0b10e67f46872eb2e74b98d,2026-05-06,01:40,assists,1.5,-370.0,,True,fanduel,2026-05-02T14:19:15.897942
Cason Wallace,,,689b4554b0b10e67f46872eb2e74b98d,2026-05-06,01:40,assists,1.5,-184.0,,True,fanduel,2026-05-02T14:19:15.897943
LeBron James,,,689b4554b0b10e67f46872eb2e74b98d,2026-05-06,01:40,assists,9.5,230.0,,True,fanduel,2026-05-02T14:19:15.897945
Shai Gilgeous-Alexander,,,689b4554b0b10e67f46872eb2e74b98d,2026-05-06,01:40,assists,9.5,300.0,,True,fanduel,2026-05-02T14:19:15.897947
Austin Reaves,,,689b4554b0b10e67f46872eb2e74b98d,2026-05-06,01:40,assists,9.5,1060.0,,True,fanduel,2026-05-02T14:19:15.897948
Ajay Mitchell,,,689b4554b0b10e67f46872eb2e74b98d,2026-05-06,01:40,points,15.5,-108.0,-122.0,False,fanduel,2026-05-02T14:19:15.897963
Rui Hachimura,,,689b4554b0b10e67f46872eb2e74b98d,2026-05-06,01:40,points,11.5,-128.0,-104.0,False,fanduel,2026-05-02T14:19:15.897964
Chet Holmgren,,,689b4554b0b10e67f46872eb2e74b98d,2026-05-06,01:40,points,16.5,-130.0,-102.0,False,fanduel,2026-05-02T14:19:15.897966
Luguentz Dort,,,689b4554b0b10e67f46872eb2e74b98d,2026-05-06,01:40,points,6.5,-130.0,-102.0,False,fanduel,2026-05-02T14:19:15.897968
Luke Kennard,,,689b4554b0b10e67f46872eb2e74b98d,2026-05-06,01:40,points,7.5,-104.0,-128.0,False,fanduel,2026-05-02T14:19:15.897969
Isaiah Hartenstein,,,689b4554b0b10e67f46872eb2e74b98d,2026-05-06,01:40,points,7.5,-136.0,102.0,False,fanduel,2026-05-02T14:19:15.897971
Cason Wallace,,,689b4554b0b10e67f46872eb2e74b98d,2026-05-06,01:40,points,6.5,-132.0,100.0,False,fanduel,2026-05-02T14:19:15.897973
Austin Reaves,,,689b4554b0b10e67f46872eb2e74b98d,2026-05-06,01:40,points,21.5,-128.0,-104.0,False,fanduel,2026-05-02T14:19:15.897976
Marcus Smart,,,689b4554b0b10e67f46872eb2e74b98d,2026-05-06,01:40,points,10.5,-106.0,-125.0,False,fanduel,2026-05-02T14:19:15.897978
Deandre Ayton,,,689b4554b0b10e67f46872eb2e74b98d,2026-05-06,01:40,points,10.5,-132.0,100.0,False,fanduel,2026-05-02T14:19:15.897980
LeBron James,,,689b4554b0b10e67f46872eb2e74b98d,2026-05-06,01:40,points,20.5,-114.0,-114.0,False,fanduel,2026-05-02T14:19:15.897981
Shai Gilgeous-Alexander,,,689b4554b0b10e67f46872eb2e74b98d,2026-05-06,01:40,points,31.5,-130.0,-102.0,False,fanduel,2026-05-02T14:19:15.897983
Austin Reaves,,,689b4554b0b10e67f46872eb2e74b98d,2026-05-06,01:40,points,9.5,-6000.0,,True,fanduel,2026-05-02T14:19:15.898009
LeBron James,,,689b4554b0b10e67f46872eb2e74b98d,2026-05-06,01:40,points,9.5,-5000.0,,True,fanduel,2026-05-02T14:19:15.898011
Chet Holmgren,,,689b4554b0b10e67f46872eb2e74b98d,2026-05-06,01:40,points,9.5,-1450.0,,True,fanduel,2026-05-02T14:19:15.898013
Ajay Mitchell,,,689b4554b0b10e67f46872eb2e74b98d,2026-05-06,01:40,points,9.5,-720.0,,True,fanduel,2026-05-02T14:19:15.898014
Rui Hachimura,,,689b4554b0b10e67f46872eb2e74b98d,2026-05-06,01:40,points,9.5,-225.0,,True,fanduel,2026-05-02T14:19:15.898016
Deandre Ayton,,,689b4554b0b10e67f46872eb2e74b98d,2026-05-06,01:40,points,9.5,-180.0,,True,fanduel,2026-05-02T14:19:15.898018
Marcus Smart,,,689b4554b0b10e67f46872eb2e74b98d,2026-05-06,01:40,points,9.5,-146.0,,True,fanduel,2026-05-02T14:19:15.898019
Isaiah Hartenstein,,,689b4554b0b10e67f46872eb2e74b98d,2026-05-06,01:40,points,9.5,154.0,,True,fanduel,2026-05-02T14:19:15.898021
Luke Kennard,,,689b4554b0b10e67f46872eb2e74b98d,2026-05-06,01:40,points,9.5,196.0,,True,fanduel,2026-05-02T14:19:15.898022
Cason Wallace,,,689b4554b0b10e67f46872eb2e74b98d,2026-05-06,01:40,points,9.5,220.0,,True,fanduel,2026-05-02T14:19:15.898024
Luguentz Dort,,,689b4554b0b10e67f46872eb2e74b98d,2026-05-06,01:40,points,9.5,240.0,,True,fanduel,2026-05-02T14:19:15.898026
Austin Reaves,,,689b4554b0b10e67f46872eb2e74b98d,2026-05-06,01:40,points,44.5,4000.0,,True,fanduel,2026-05-02T14:19:15.898027
Shai Gilgeous-Alexander,,,689b4554b0b10e67f46872eb2e74b98d,2026-05-06,01:40,points,44.5,1300.0,,True,fanduel,2026-05-02T14:19:15.898029
Shai Gilgeous-Alexander,,,689b4554b0b10e67f46872eb2e74b98d,2026-05-06,01:40,points,24.5,-900.0,,True,fanduel,2026-05-02T14:19:15.898032
Austin Reaves,,,689b4554b0b10e67f46872eb2e74b98d,2026-05-06,01:40,points,24.5,146.0,,True,fanduel,2026-05-02T14:19:15.898034
LeBron James,,,689b4554b0b10e67f46872eb2e74b98d,2026-05-06,01:40,points,24.5,215.0,,True,fanduel,2026-05-02T14:19:15.898036
Chet Holmgren,,,689b4554b0b10e67f46872eb2e74b98d,2026-05-06,01:40,points,24.5,540.0,,True,fanduel,2026-05-02T14:19:15.898038
Ajay Mitchell,,,689b4554b0b10e67f46872eb2e74b98d,2026-05-06,01:40,points,24.5,870.0,,True,fanduel,2026-05-02T14:19:15.898039
Rui Hachimura,,,689b4554b0b10e67f46872eb2e74b98d,2026-05-06,01:40,points,24.5,1500.0,,True,fanduel,2026-05-02T14:19:15.898041
Deandre Ayton,,,689b4554b0b10e67f46872eb2e74b98d,2026-05-06,01:40,points,24.5,2500.0,,True,fanduel,2026-05-02T14:19:15.898042
Shai Gilgeous-Alexander,,,689b4554b0b10e67f46872eb2e74b98d,2026-05-06,01:40,points,34.5,154.0,,True,fanduel,2026-05-02T14:19:15.898044
Austin Reaves,,,689b4554b0b10e67f46872eb2e74b98d,2026-05-06,01:40,points,34.5,870.0,,True,fanduel,2026-05-02T14:19:15.898046
LeBron James,,,689b4554b0b10e67f46872eb2e74b98d,2026-05-06,01:40,points,34.5,1400.0,,True,fanduel,2026-05-02T14:19:15.898047
Chet Holmgren,,,689b4554b0b10e67f46872eb2e74b98d,2026-05-06,01:40,points,34.5,4000.0,,True,fanduel,2026-05-02T14:19:15.898049
Shai Gilgeous-Alexander,,,689b4554b0b10e67f46872eb2e74b98d,2026-05-06,01:40,points,49.5,3500.0,,True,fanduel,2026-05-02T14:19:15.898051
Shai Gilgeous-Alexander,,,689b4554b0b10e67f46872eb2e74b98d,2026-05-06,01:40,points,19.5,-7000.0,,True,fanduel,2026-05-02T14:19:15.898053
Austin Reaves,,,689b4554b0b10e67f46872eb2e74b98d,2026-05-06,01:40,points,19.5,-186.0,,True,fanduel,2026-05-02T14:19:15.898054
LeBron James,,,689b4554b0b10e67f46872eb2e74b98d,2026-05-06,01:40,points,19.5,-146.0,,True,fanduel,2026-05-02T14:19:15.898058
Chet Holmgren,,,689b4554b0b10e67f46872eb2e74b98d,2026-05-06,01:40,points,19.5,168.0,,True,fanduel,2026-05-02T14:19:15.898059
Ajay Mitchell,,,689b4554b0b10e67f46872eb2e74b98d,2026-05-06,01:40,points,19.5,255.0,,True,fanduel,2026-05-02T14:19:15.898061
Rui Hachimura,,,689b4554b0b10e67f46872eb2e74b98d,2026-05-06,01:40,points,19.5,600.0,,True,fanduel,2026-05-02T14:19:15.898063
Deandre Ayton,,,689b4554b0b10e67f46872eb2e74b98d,2026-05-06,01:40,points,19.5,870.0,,True,fanduel,2026-05-02T14:19:15.898064
Marcus Smart,,,689b4554b0b10e67f46872eb2e74b98d,2026-05-06,01:40,points,19.5,1000.0,,True,fanduel,2026-05-02T14:19:15.898066
Shai Gilgeous-Alexander,,,689b4554b0b10e67f46872eb2e74b98d,2026-05-06,01:40,points,29.5,-205.0,,True,fanduel,2026-05-02T14:19:15.898067
Austin Reaves,,,689b4554b0b10e67f46872eb2e74b98d,2026-05-06,01:40,points,29.5,360.0,,True,fanduel,2026-05-02T14:19:15.898069
LeBron James,,,689b4554b0b10e67f46872eb2e74b98d,2026-05-06,01:40,points,29.5,560.0,,True,fanduel,2026-05-02T14:19:15.898071
Chet Holmgren,,,689b4554b0b10e67f46872eb2e74b98d,2026-05-06,01:40,points,29.5,1400.0,,True,fanduel,2026-05-02T14:19:15.898074
Ajay Mitchell,,,689b4554b0b10e67f46872eb2e74b98d,2026-05-06,01:40,points,29.5,2000.0,,True,fanduel,2026-05-02T14:19:15.898076
Austin Reaves,,,689b4554b0b10e67f46872eb2e74b98d,2026-05-06,01:40,points,14.5,-670.0,,True,fanduel,2026-05-02T14:19:15.898078
LeBron James,,,689b4554b0b10e67f46872eb2e74b98d,2026-05-06,01:40,points,14.5,-530.0,,True,fanduel,2026-05-02T14:19:15.898079
Chet Holmgren,,,689b4554b0b10e67f46872eb2e74b98d,2026-05-06,01:40,points,14.5,-220.0,,True,fanduel,2026-05-02T14:19:15.898081
Ajay Mitchell,,,689b4554b0b10e67f46872eb2e74b98d,2026-05-06,01:40,points,14.5,-140.0,,True,fanduel,2026-05-02T14:19:15.898083
Rui Hachimura,,,689b4554b0b10e67f46872eb2e74b98d,2026-05-06,01:40,points,14.5,176.0,,True,fanduel,2026-05-02T14:19:15.898084
Deandre Ayton,,,689b4554b0b10e67f46872eb2e74b98d,2026-05-06,01:40,points,14.5,250.0,,True,fanduel,2026-05-02T14:19:15.898086
Marcus Smart,,,689b4554b0b10e67f46872eb2e74b98d,2026-05-06,01:40,points,14.5,290.0,,True,fanduel,2026-05-02T14:19:15.898087
Isaiah Hartenstein,,,689b4554b0b10e67f46872eb2e74b98d,2026-05-06,01:40,points,14.5,680.0,,True,fanduel,2026-05-02T14:19:15.898089
Luke Kennard,,,689b4554b0b10e67f46872eb2e74b98d,2026-05-06,01:40,points,14.5,830.0,,True,fanduel,2026-05-02T14:19:15.898091
Cason Wallace,,,689b4554b0b10e67f46872eb2e74b98d,2026-05-06,01:40,points,14.5,900.0,,True,fanduel,2026-05-02T14:19:15.898092
Luguentz Dort,,,689b4554b0b10e67f46872eb2e74b98d,2026-05-06,01:40,points,14.5,1100.0,,True,fanduel,2026-05-02T14:19:15.898094
Shai Gilgeous-Alexander,,,689b4554b0b10e67f46872eb2e74b98d,2026-05-06,01:40,points,39.5,450.0,,True,fanduel,2026-05-02T14:19:15.898096
Austin Reaves,,,689b4554b0b10e67f46872eb2e74b98d,2026-05-06,01:40,points,39.5,1700.0,,True,fanduel,2026-05-02T14:19:15.898097
LeBron James,,,689b4554b0b10e67f46872eb2e74b98d,2026-05-06,01:40,points,39.5,4000.0,,True,fanduel,2026-05-02T14:19:15.898099
Isaiah Hartenstein,,,689b4554b0b10e67f46872eb2e74b98d,2026-05-06,01:40,rebounds,7.5,-144.0,108.0,False,fanduel,2026-05-02T14:19:15.898113
Chet Holmgren,,,689b4554b0b10e67f46872eb2e74b98d,2026-05-06,01:40,rebounds,9.5,104.0,-138.0,False,fanduel,2026-05-02T14:19:15.898115
Ajay Mitchell,,,689b4554b0b10e67f46872eb2e74b98d,2026-05-06,01:40,rebounds,3.5,-172.0,128.0,False,fanduel,2026-05-02T14:19:15.898117
Rui Hachimura,,,689b4554b0b10e67f46872eb2e74b98d,2026-05-06,01:40,rebounds,3.5,-104.0,-128.0,False,fanduel,2026-05-02T14:19:15.898118
Luguentz Dort,,,689b4554b0b10e67f46872eb2e74b98d,2026-05-06,01:40,rebounds,3.5,140.0,-188.0,False,fanduel,2026-05-02T14:19:15.898120
Luke Kennard,,,689b4554b0b10e67f46872eb2e74b98d,2026-05-06,01:40,rebounds,2.5,-102.0,-130.0,False,fanduel,2026-05-02T14:19:15.898122
Shai Gilgeous-Alexander,,,689b4554b0b10e67f46872eb2e74b98d,2026-05-06,01:40,rebounds,4.5,122.0,-162.0,False,fanduel,2026-05-02T14:19:15.898123
Cason Wallace,,,689b4554b0b10e67f46872eb2e74b98d,2026-05-06,01:40,rebounds,2.5,-158.0,118.0,False,fanduel,2026-05-02T14:19:15.898127
Austin Reaves,,,689b4554b0b10e67f46872eb2e74b98d,2026-05-06,01:40,rebounds,4.5,118.0,-158.0,False,fanduel,2026-05-02T14:19:15.898129
Marcus Smart,,,689b4554b0b10e67f46872eb2e74b98d,2026-05-06,01:40,rebounds,2.5,-122.0,-110.0,False,fanduel,2026-05-02T14:19:15.898130
LeBron James,,,689b4554b0b10e67f46872eb2e74b98d,2026-05-06,01:40,rebounds,7.5,116.0,-154.0,False,fanduel,2026-05-02T14:19:15.898132
Deandre Ayton,,,689b4554b0b10e67f46872eb2e74b98d,2026-05-06,01:40,rebounds,8.5,110.0,-146.0,False,fanduel,2026-05-02T14:19:15.898134
Chet Holmgren,,,689b4554b0b10e67f46872eb2e74b98d,2026-05-06,01:40,rebounds,7.5,-240.0,,True,fanduel,2026-05-02T14:19:15.898158
Deandre Ayton,,,689b4554b0b10e67f46872eb2e74b98d,2026-05-06,01:40,rebounds,7.5,-154.0,,True,fanduel,2026-05-02T14:19:15.898162
Isaiah Hartenstein,,,689b4554b0b10e67f46872eb2e74b98d,2026-05-06,01:40,rebounds,7.5,-140.0,,True,fanduel,2026-05-02T14:19:15.898164
LeBron James,,,689b4554b0b10e67f46872eb2e74b98d,2026-05-06,01:40,rebounds,7.5,120.0,,True,fanduel,2026-05-02T14:19:15.898165
Austin Reaves,,,689b4554b0b10e67f46872eb2e74b98d,2026-05-06,01:40,rebounds,7.5,800.0,,True,fanduel,2026-05-02T14:19:15.898167
Ajay Mitchell,,,689b4554b0b10e67f46872eb2e74b98d,2026-05-06,01:40,rebounds,7.5,1000.0,,True,fanduel,2026-05-02T14:19:15.898169
Shai Gilgeous-Alexander,,,689b4554b0b10e67f46872eb2e74b98d,2026-05-06,01:40,rebounds,7.5,1060.0,,True,fanduel,2026-05-02T14:19:15.898170
Rui Hachimura,,,689b4554b0b10e67f46872eb2e74b98d,2026-05-06,01:40,rebounds,7.5,1500.0,,True,fanduel,2026-05-02T14:19:15.898172
Chet Holmgren,,,689b4554b0b10e67f46872eb2e74b98d,2026-05-06,01:40,rebounds,11.5,300.0,,True,fanduel,2026-05-02T14:19:15.898174
Deandre Ayton,,,689b4554b0b10e67f46872eb2e74b98d,2026-05-06,01:40,rebounds,11.5,390.0,,True,fanduel,2026-05-02T14:19:15.898175
Isaiah Hartenstein,,,689b4554b0b10e67f46872eb2e74b98d,2026-05-06,01:40,rebounds,11.5,400.0,,True,fanduel,2026-05-02T14:19:15.898177
LeBron James,,,689b4554b0b10e67f46872eb2e74b98d,2026-05-06,01:40,rebounds,11.5,800.0,,True,fanduel,2026-05-02T14:19:15.898179
Chet Holmgren,,,689b4554b0b10e67f46872eb2e74b98d,2026-05-06,01:40,rebounds,9.5,106.0,,True,fanduel,2026-05-02T14:19:15.898180
Deandre Ayton,,,689b4554b0b10e67f46872eb2e74b98d,2026-05-06,01:40,rebounds,9.5,154.0,,True,fanduel,2026-05-02T14:19:15.898182
Isaiah Hartenstein,,,689b4554b0b10e67f46872eb2e74b98d,2026-05-06,01:40,rebounds,9.5,162.0,,True,fanduel,2026-05-02T14:19:15.898184
LeBron James,,,689b4554b0b10e67f46872eb2e74b98d,2026-05-06,01:40,rebounds,9.5,260.0,,True,fanduel,2026-05-02T14:19:15.898185
Austin Reaves,,,689b4554b0b10e67f46872eb2e74b98d,2026-05-06,01:40,rebounds,9.5,1700.0,,True,fanduel,2026-05-02T14:19:15.898187
Isaiah Hartenstein,,,689b4554b0b10e67f46872eb2e74b98d,2026-05-06,01:40,rebounds,3.5,-3500.0,,True,fanduel,2026-05-02T14:19:15.898189
Deandre Ayton,,,689b4554b0b10e67f46872eb2e74b98d,2026-05-06,01:40,rebounds,3.5,-4000.0,,True,fanduel,2026-05-02T14:19:15.898190
LeBron James,,,689b4554b0b10e67f46872eb2e74b98d,2026-05-06,01:40,rebounds,3.5,-2200.0,,True,fanduel,2026-05-02T14:19:15.898192
Shai Gilgeous-Alexander,,,689b4554b0b10e67f46872eb2e74b98d,2026-05-06,01:40,rebounds,3.5,-186.0,,True,fanduel,2026-05-02T14:19:15.898194
Austin Reaves,,,689b4554b0b10e67f46872eb2e74b98d,2026-05-06,01:40,rebounds,3.5,-180.0,,True,fanduel,2026-05-02T14:19:15.898195
Ajay Mitchell,,,689b4554b0b10e67f46872eb2e74b98d,2026-05-06,01:40,rebounds,3.5,-166.0,,True,fanduel,2026-05-02T14:19:15.898197
Rui Hachimura,,,689b4554b0b10e67f46872eb2e74b98d,2026-05-06,01:40,rebounds,3.5,-102.0,,True,fanduel,2026-05-02T14:19:15.898199
Luguentz Dort,,,689b4554b0b10e67f46872eb2e74b98d,2026-05-06,01:40,rebounds,3.5,142.0,,True,fanduel,2026-05-02T14:19:15.898200
Cason Wallace,,,689b4554b0b10e67f46872eb2e74b98d,2026-05-06,01:40,rebounds,3.5,164.0,,True,fanduel,2026-05-02T14:19:15.898202
Marcus Smart,,,689b4554b0b10e67f46872eb2e74b98d,2026-05-06,01:40,rebounds,3.5,220.0,,True,fanduel,2026-05-02T14:19:15.898206
Luke Kennard,,,689b4554b0b10e67f46872eb2e74b98d,2026-05-06,01:40,rebounds,3.5,250.0,,True,fanduel,2026-05-02T14:19:15.898207
Chet Holmgren,,,689b4554b0b10e67f46872eb2e74b98d,2026-05-06,01:40,rebounds,13.5,750.0,,True,fanduel,2026-05-02T14:19:15.898209
Isaiah Hartenstein,,,689b4554b0b10e67f46872eb2e74b98d,2026-05-06,01:40,rebounds,13.5,900.0,,True,fanduel,2026-05-02T14:19:15.898211
Deandre Ayton,,,689b4554b0b10e67f46872eb2e74b98d,2026-05-06,01:40,rebounds,13.5,900.0,,True,fanduel,2026-05-02T14:19:15.898212
LeBron James,,,689b4554b0b10e67f46872eb2e74b98d,2026-05-06,01:40,rebounds,13.5,1700.0,,True,fanduel,2026-05-02T14:19:15.898214
Chet Holmgren,,,689b4554b0b10e67f46872eb2e74b98d,2026-05-06,01:40,rebounds,5.5,-1000.0,,True,fanduel,2026-05-02T14:19:15.898216
Deandre Ayton,,,689b4554b0b10e67f46872eb2e74b98d,2026-05-06,01:40,rebounds,5.5,-520.0,,True,fanduel,2026-05-02T14:19:15.898217
Isaiah Hartenstein,,,689b4554b0b10e67f46872eb2e74b98d,2026-05-06,01:40,rebounds,5.5,-460.0,,True,fanduel,2026-05-02T14:19:15.898219
LeBron James,,,689b4554b0b10e67f46872eb2e74b98d,2026-05-06,01:40,rebounds,5.5,-295.0,,True,fanduel,2026-05-02T14:19:15.898222
Austin Reaves,,,689b4554b0b10e67f46872eb2e74b98d,2026-05-06,01:40,rebounds,5.5,230.0,,True,fanduel,2026-05-02T14:19:15.898224
Shai Gilgeous-Alexander,,,689b4554b0b10e67f46872eb2e74b98d,2026-05-06,01:40,rebounds,5.5,255.0,,True,fanduel,2026-05-02T14:19:15.898226
Ajay Mitchell,,,689b4554b0b10e67f46872eb2e74b98d,2026-05-06,01:40,rebounds,5.5,285.0,,True,fanduel,2026-05-02T14:19:15.898227
Rui Hachimura,,,689b4554b0b10e67f46872eb2e74b98d,2026-05-06,01:40,rebounds,5.5,440.0,,True,fanduel,2026-05-02T14:19:15.898229
Luguentz Dort,,,689b4554b0b10e67f46872eb2e74b98d,2026-05-06,01:40,rebounds,5.5,630.0,,True,fanduel,2026-05-02T14:19:15.898231
Cason Wallace,,,689b4554b0b10e67f46872eb2e74b98d,2026-05-06,01:40,rebounds,5.5,750.0,,True,fanduel,2026-05-02T14:19:15.898232
Marcus Smart,,,689b4554b0b10e67f46872eb2e74b98d,2026-05-06,01:40,rebounds,5.5,1060.0,,True,fanduel,2026-05-02T14:19:15.898234
Chet Holmgren,,,689b4554b0b10e67f46872eb2e74b98d,2026-05-06,01:40,rebounds,15.5,1500.0,,True,fanduel,2026-05-02T14:19:15.898236
Deandre Ayton,,,689b4554b0b10e67f46872eb2e74b98d,2026-05-06,01:40,rebounds,15.5,1700.0,,True,fanduel,2026-05-02T14:19:15.898237
Isaiah Hartenstein,,,689b4554b0b10e67f46872eb2e74b98d,2026-05-06,01:40,rebounds,15.5,1800.0,,True,fanduel,2026-05-02T14:19:15.898239
Rui Hachimura,,,689b4554b0b10e67f46872eb2e74b98d,2026-05-06,01:40,threes,1.5,-146.0,110.0,False,fanduel,2026-05-02T14:19:15.898251
Chet Holmgren,,,689b4554b0b10e67f46872eb2e74b98d,2026-05-06,01:40,threes,1.5,100.0,-132.0,False,fanduel,2026-05-02T14:19:15.898253
Luke Kennard,,,689b4554b0b10e67f46872eb2e74b98d,2026-05-06,01:40,threes,1.5,162.0,-220.0,False,fanduel,2026-05-02T14:19:15.898254
Cason Wallace,,,689b4554b0b10e67f46872eb2e74b98d,2026-05-06,01:40,threes,1.5,174.0,-245.0,False,fanduel,2026-05-02T14:19:15.898256
Marcus Smart,,,689b4554b0b10e67f46872eb2e74b98d,2026-05-06,01:40,threes,1.5,-138.0,104.0,False,fanduel,2026-05-02T14:19:15.898258
LeBron James,,,689b4554b0b10e67f46872eb2e74b98d,2026-05-06,01:40,threes,1.5,116.0,-154.0,False,fanduel,2026-05-02T14:19:15.898261
Austin Reaves,,,689b4554b0b10e67f46872eb2e74b98d,2026-05-06,01:40,threes,1.5,-188.0,140.0,False,fanduel,2026-05-02T14:19:15.898263
Shai Gilgeous-Alexander,,,689b4554b0b10e67f46872eb2e74b98d,2026-05-06,01:40,threes,1.5,-114.0,-114.0,False,fanduel,2026-05-02T14:19:15.898265
Ajay Mitchell,,,689b4554b0b10e67f46872eb2e74b98d,2026-05-06,01:40,threes,1.5,108.0,-144.0,False,fanduel,2026-05-02T14:19:15.898266
Austin Reaves,,,689b4554b0b10e67f46872eb2e74b98d,2026-05-06,01:40,threes,4.5,850.0,,True,fanduel,2026-05-02T14:19:15.898289
Rui Hachimura,,,689b4554b0b10e67f46872eb2e74b98d,2026-05-06,01:40,threes,4.5,1300.0,,True,fanduel,2026-05-02T14:19:15.898291
Marcus Smart,,,689b4554b0b10e67f46872eb2e74b98d,2026-05-06,01:40,threes,4.5,1500.0,,True,fanduel,2026-05-02T14:19:15.898293
Shai Gilgeous-Alexander,,,689b4554b0b10e67f46872eb2e74b98d,2026-05-06,01:40,threes,4.5,2200.0,,True,fanduel,2026-05-02T14:19:15.898296
Chet Holmgren,,,689b4554b0b10e67f46872eb2e74b98d,2026-05-06,01:40,threes,4.5,2500.0,,True,fanduel,2026-05-02T14:19:15.898298
Austin Reaves,,,689b4554b0b10e67f46872eb2e74b98d,2026-05-06,01:40,threes,6.5,3500.0,,True,fanduel,2026-05-02T14:19:15.898300
Austin Reaves,,,689b4554b0b10e67f46872eb2e74b98d,2026-05-06,01:40,threes,0.5,-900.0,,True,fanduel,2026-05-02T14:19:15.898301
Rui Hachimura,,,689b4554b0b10e67f46872eb2e74b98d,2026-05-06,01:40,threes,0.5,-720.0,,True,fanduel,2026-05-02T14:19:15.898303
Marcus Smart,,,689b4554b0b10e67f46872eb2e74b98d,2026-05-06,01:40,threes,0.5,-670.0,,True,fanduel,2026-05-02T14:19:15.898305
Shai Gilgeous-Alexander,,,689b4554b0b10e67f46872eb2e74b98d,2026-05-06,01:40,threes,0.5,-560.0,,True,fanduel,2026-05-02T14:19:15.898306
Chet Holmgren,,,689b4554b0b10e67f46872eb2e74b98d,2026-05-06,01:40,threes,0.5,-500.0,,True,fanduel,2026-05-02T14:19:15.898308
Ajay Mitchell,,,689b4554b0b10e67f46872eb2e74b98d,2026-05-06,01:40,threes,0.5,-460.0,,True,fanduel,2026-05-02T14:19:15.898310
LeBron James,,,689b4554b0b10e67f46872eb2e74b98d,2026-05-06,01:40,threes,0.5,-410.0,,True,fanduel,2026-05-02T14:19:15.898311
Luke Kennard,,,689b4554b0b10e67f46872eb2e74b98d,2026-05-06,01:40,threes,0.5,-295.0,,True,fanduel,2026-05-02T14:19:15.898313
Cason Wallace,,,689b4554b0b10e67f46872eb2e74b98d,2026-05-06,01:40,threes,0.5,-280.0,,True,fanduel,2026-05-02T14:19:15.898315
Austin Reaves,,,689b4554b0b10e67f46872eb2e74b98d,2026-05-06,01:40,threes,1.5,-184.0,,True,fanduel,2026-05-02T14:19:15.898316
Rui Hachimura,,,689b4554b0b10e67f46872eb2e74b98d,2026-05-06,01:40,threes,1.5,-142.0,,True,fanduel,2026-05-02T14:19:15.898318
Marcus Smart,,,689b4554b0b10e67f46872eb2e74b98d,2026-05-06,01:40,threes,1.5,-136.0,,True,fanduel,2026-05-02T14:19:15.898320
Shai Gilgeous-Alexander,,,689b4554b0b10e67f46872eb2e74b98d,2026-05-06,01:40,threes,1.5,-113.0,,True,fanduel,2026-05-02T14:19:15.898321
Chet Holmgren,,,689b4554b0b10e67f46872eb2e74b98d,2026-05-06,01:40,threes,1.5,102.0,,True,fanduel,2026-05-02T14:19:15.898323
Ajay Mitchell,,,689b4554b0b10e67f46872eb2e74b98d,2026-05-06,01:40,threes,1.5,110.0,,True,fanduel,2026-05-02T14:19:15.898325
LeBron James,,,689b4554b0b10e67f46872eb2e74b98d,2026-05-06,01:40,threes,1.5,120.0,,True,fanduel,2026-05-02T14:19:15.898326
Luke Kennard,,,689b4554b0b10e67f46872eb2e74b98d,2026-05-06,01:40,threes,1.5,164.0,,True,fanduel,2026-05-02T14:19:15.898328
Cason Wallace,,,689b4554b0b10e67f46872eb2e74b98d,2026-05-06,01:40,threes,1.5,176.0,,True,fanduel,2026-05-02T14:19:15.898330
Austin Reaves,,,689b4554b0b10e67f46872eb2e74b98d,2026-05-06,01:40,threes,3.5,390.0,,True,fanduel,2026-05-02T14:19:15.898331
Rui Hachimura,,,689b4554b0b10e67f46872eb2e74b98d,2026-05-06,01:40,threes,3.5,560.0,,True,fanduel,2026-05-02T14:19:15.898333
Marcus Smart,,,689b4554b0b10e67f46872eb2e74b98d,2026-05-06,01:40,threes,3.5,600.0,,True,fanduel,2026-05-02T14:19:15.898335
Shai Gilgeous-Alexander,,,689b4554b0b10e67f46872eb2e74b98d,2026-05-06,01:40,threes,3.5,830.0,,True,fanduel,2026-05-02T14:19:15.898336
Chet Holmgren,,,689b4554b0b10e67f46872eb2e74b98d,2026-05-06,01:40,threes,3.5,900.0,,True,fanduel,2026-05-02T14:19:15.898338
LeBron James,,,689b4554b0b10e67f46872eb2e74b98d,2026-05-06,01:40,threes,3.5,1000.0,,True,fanduel,2026-05-02T14:19:15.898340
Ajay Mitchell,,,689b4554b0b10e67f46872eb2e74b98d,2026-05-06,01:40,threes,3.5,1000.0,,True,fanduel,2026-05-02T14:19:15.898341
Luke Kennard,,,689b4554b0b10e67f46872eb2e74b98d,2026-05-06,01:40,threes,3.5,1300.0,,True,fanduel,2026-05-02T14:19:15.898343
Cason Wallace,,,689b4554b0b10e67f46872eb2e74b98d,2026-05-06,01:40,threes,3.5,1400.0,,True,fanduel,2026-05-02T14:19:15.898345
Austin Reaves,,,689b4554b0b10e67f46872eb2e74b98d,2026-05-06,01:40,threes,5.5,1500.0,,True,fanduel,2026-05-02T14:19:15.898346
Rui Hachimura,,,689b4554b0b10e67f46872eb2e74b98d,2026-05-06,01:40,threes,5.5,3000.0,,True,fanduel,2026-05-02T14:19:15.898348
Austin Reaves,,,689b4554b0b10e67f46872eb2e74b98d,2026-05-06,01:40,threes,2.5,162.0,,True,fanduel,2026-05-02T14:19:15.898351
Rui Hachimura,,,689b4554b0b10e67f46872eb2e74b98d,2026-05-06,01:40,threes,2.5,220.0,,True,fanduel,2026-05-02T14:19:15.898353
Marcus Smart,,,689b4554b0b10e67f46872eb2e74b98d,2026-05-06,01:40,threes,2.5,235.0,,True,fanduel,2026-05-02T14:19:15.898355
Shai Gilgeous-Alexander,,,689b4554b0b10e67f46872eb2e74b98d,2026-05-06,01:40,threes,2.5,300.0,,True,fanduel,2026-05-02T14:19:15.898356
Chet Holmgren,,,689b4554b0b10e67f46872eb2e74b98d,2026-05-06,01:40,threes,2.5,340.0,,True,fanduel,2026-05-02T14:19:15.898358
Ajay Mitchell,,,689b4554b0b10e67f46872eb2e74b98d,2026-05-06,01:40,threes,2.5,350.0,,True,fanduel,2026-05-02T14:19:15.898360
LeBron James,,,689b4554b0b10e67f46872eb2e74b98d,2026-05-06,01:40,threes,2.5,360.0,,True,fanduel,2026-05-02T14:19:15.898361
Luke Kennard,,,689b4554b0b10e67f46872eb2e74b98d,2026-05-06,01:40,threes,2.5,520.0,,True,fanduel,2026-05-02T14:19:15.898363
Cason Wallace,,,689b4554b0b10e67f46872eb2e74b98d,2026-05-06,01:40,threes,2.5,560.0,,True,fanduel,2026-05-02T14:19:15.898365
Derrick White,,,a37e80a2e3cf3aaa3ae84a9124987058,2026-05-02,23:40,assists,3.5,-120.0,-110.0,False,betmgm,2026-05-02T14:19:15.636652
Payton Pritchard,,,a37e80a2e3cf3aaa3ae84a9124987058,2026-05-02,23:40,assists,3.5,-165.0,125.0,False,betmgm,2026-05-02T14:19:15.636653
Tyrese Maxey,,,a37e80a2e3cf3aaa3ae84a9124987058,2026-05-02,23:40,assists,6.5,105.0,-140.0,False,betmgm,2026-05-02T14:19:15.636655
Paul George,,,a37e80a2e3cf3aaa3ae84a9124987058,2026-05-02,23:40,assists,3.5,120.0,-155.0,False,betmgm,2026-05-02T14:19:15.636657
Joel Embiid,,,a37e80a2e3cf3aaa3ae84a9124987058,2026-05-02,23:40,assists,4.5,-150.0,110.0,False,betmgm,2026-05-02T14:19:15.636658
Jaylen Brown,,,a37e80a2e3cf3aaa3ae84a9124987058,2026-05-02,23:40,assists,4.5,135.0,-185.0,False,betmgm,2026-05-02T14:19:15.636660
Nikola Vucevic,,,a37e80a2e3cf3aaa3ae84a9124987058,2026-05-02,23:40,assists,1.5,125.0,-165.0,False,betmgm,2026-05-02T14:19:15.636662
Sam Hauser,,,a37e80a2e3cf3aaa3ae84a9124987058,2026-05-02,23:40,assists,0.5,-190.0,140.0,False,betmgm,2026-05-02T14:19:15.636663
Neemias Queta,,,a37e80a2e3cf3aaa3ae84a9124987058,2026-05-02,23:40,assists,0.5,-210.0,150.0,False,betmgm,2026-05-02T14:19:15.636665
Jayson Tatum,,,a37e80a2e3cf3aaa3ae84a9124987058,2026-05-02,23:40,assists,5.5,-130.0,-105.0,False,betmgm,2026-05-02T14:19:15.636666
VJ Edgecombe,,,a37e80a2e3cf3aaa3ae84a9124987058,2026-05-02,23:40,assists,2.5,-160.0,120.0,False,betmgm,2026-05-02T14:19:15.636668
Derrick White,,,a37e80a2e3cf3aaa3ae84a9124987058,2026-05-02,23:40,assists,2.5,-295.0,,True,betmgm,2026-05-02T14:19:15.636681
Derrick White,,,a37e80a2e3cf3aaa3ae84a9124987058,2026-05-02,23:40,assists,4.5,180.0,,True,betmgm,2026-05-02T14:19:15.636685
Jaylen Brown,,,a37e80a2e3cf3aaa3ae84a9124987058,2026-05-02,23:40,assists,4.5,110.0,,True,betmgm,2026-05-02T14:19:15.636687
VJ Edgecombe,,,a37e80a2e3cf3aaa3ae84a9124987058,2026-05-02,23:40,assists,4.5,325.0,,True,betmgm,2026-05-02T14:19:15.636690
Jaylen Brown,,,a37e80a2e3cf3aaa3ae84a9124987058,2026-05-02,23:40,assists,6.5,450.0,,True,betmgm,2026-05-02T14:19:15.636692
Joel Embiid,,,a37e80a2e3cf3aaa3ae84a9124987058,2026-05-02,23:40,assists,4.5,-140.0,,True,betmgm,2026-05-02T14:19:15.636694
Payton Pritchard,,,a37e80a2e3cf3aaa3ae84a9124987058,2026-05-02,23:40,assists,2.5,-450.0,,True,betmgm,2026-05-02T14:19:15.636695
Jayson Tatum,,,a37e80a2e3cf3aaa3ae84a9124987058,2026-05-02,23:40,assists,9.5,825.0,,True,betmgm,2026-05-02T14:19:15.636697
Joel Embiid,,,a37e80a2e3cf3aaa3ae84a9124987058,2026-05-02,23:40,assists,6.5,260.0,,True,betmgm,2026-05-02T14:19:15.636699
Payton Pritchard,,,a37e80a2e3cf3aaa3ae84a9124987058,2026-05-02,23:40,assists,6.5,475.0,,True,betmgm,2026-05-02T14:19:15.636700
Tyrese Maxey,,,a37e80a2e3cf3aaa3ae84a9124987058,2026-05-02,23:40,assists,4.5,-375.0,,True,betmgm,2026-05-02T14:19:15.636702
Paul George,,,a37e80a2e3cf3aaa3ae84a9124987058,2026-05-02,23:40,assists,4.5,280.0,,True,betmgm,2026-05-02T14:19:15.636704
Tyrese Maxey,,,a37e80a2e3cf3aaa3ae84a9124987058,2026-05-02,23:40,assists,9.5,550.0,,True,betmgm,2026-05-02T14:19:15.636705
Joel Embiid,,,a37e80a2e3cf3aaa3ae84a9124987058,2026-05-02,23:40,assists,2.5,-800.0,,True,betmgm,2026-05-02T14:19:15.636707
VJ Edgecombe,,,a37e80a2e3cf3aaa3ae84a9124987058,2026-05-02,23:40,assists,2.5,-160.0,,True,betmgm,2026-05-02T14:19:15.636708
Derrick White,,,a37e80a2e3cf3aaa3ae84a9124987058,2026-05-02,23:40,assists,6.5,750.0,,True,betmgm,2026-05-02T14:19:15.636710
Jayson Tatum,,,a37e80a2e3cf3aaa3ae84a9124987058,2026-05-02,23:40,assists,6.5,145.0,,True,betmgm,2026-05-02T14:19:15.636712
Payton Pritchard,,,a37e80a2e3cf3aaa3ae84a9124987058,2026-05-02,23:40,assists,4.5,125.0,,True,betmgm,2026-05-02T14:19:15.636713
Tyrese Maxey,,,a37e80a2e3cf3aaa3ae84a9124987058,2026-05-02,23:40,assists,6.5,100.0,,True,betmgm,2026-05-02T14:19:15.636715
Jaylen Brown,,,a37e80a2e3cf3aaa3ae84a9124987058,2026-05-02,23:40,assists,2.5,-500.0,,True,betmgm,2026-05-02T14:19:15.636717
Paul George,,,a37e80a2e3cf3aaa3ae84a9124987058,2026-05-02,23:40,assists,2.5,-190.0,,True,betmgm,2026-05-02T14:19:15.636718
Jayson Tatum,,,a37e80a2e3cf3aaa3ae84a9124987058,2026-05-02,23:40,assists,2.5,-2000.0,,True,betmgm,2026-05-02T14:19:15.636720
Jayson Tatum,,,a37e80a2e3cf3aaa3ae84a9124987058,2026-05-02,23:40,assists,4.5,-275.0,,True,betmgm,2026-05-02T14:19:15.636722
Payton Pritchard,,,a37e80a2e3cf3aaa3ae84a9124987058,2026-05-02,23:40,points,12.5,-115.0,-115.0,False,betmgm,2026-05-02T14:19:15.636737
Derrick White,,,a37e80a2e3cf3aaa3ae84a9124987058,2026-05-02,23:40,points,11.5,-110.0,-120.0,False,betmgm,2026-05-02T14:19:15.636738
Jayson Tatum,,,a37e80a2e3cf3aaa3ae84a9124987058,2026-05-02,23:40,points,24.5,-110.0,-120.0,False,betmgm,2026-05-02T14:19:15.636740
Tyrese Maxey,,,a37e80a2e3cf3aaa3ae84a9124987058,2026-05-02,23:40,points,23.5,-140.0,105.0,False,betmgm,2026-05-02T14:19:15.636742
Jaylen Brown,,,a37e80a2e3cf3aaa3ae84a9124987058,2026-05-02,23:40,points,25.5,-105.0,-125.0,False,betmgm,2026-05-02T14:19:15.636743
Kelly Oubre Jr,,,a37e80a2e3cf3aaa3ae84a9124987058,2026-05-02,23:40,points,8.5,-125.0,-105.0,False,betmgm,2026-05-02T14:19:15.636745
Paul George,,,a37e80a2e3cf3aaa3ae84a9124987058,2026-05-02,23:40,points,15.5,-115.0,-115.0,False,betmgm,2026-05-02T14:19:15.636747
Neemias Queta,,,a37e80a2e3cf3aaa3ae84a9124987058,2026-05-02,23:40,points,7.5,-110.0,-120.0,False,betmgm,2026-05-02T14:19:15.636748
Sam Hauser,,,a37e80a2e3cf3aaa3ae84a9124987058,2026-05-02,23:40,points,6.5,115.0,-155.0,False,betmgm,2026-05-02T14:19:15.636750
Nikola Vucevic,,,a37e80a2e3cf3aaa3ae84a9124987058,2026-05-02,23:40,points,6.5,-105.0,-125.0,False,betmgm,2026-05-02T14:19:15.636752
Quentin Grimes,,,a37e80a2e3cf3aaa3ae84a9124987058,2026-05-02,23:40,points,6.5,-140.0,105.0,False,betmgm,2026-05-02T14:19:15.636755
VJ Edgecombe,,,a37e80a2e3cf3aaa3ae84a9124987058,2026-05-02,23:40,points,11.5,-105.0,-125.0,False,betmgm,2026-05-02T14:19:15.636757
Joel Embiid,,,a37e80a2e3cf3aaa3ae84a9124987058,2026-05-02,23:40,points,25.5,-120.0,-111.0,False,betmgm,2026-05-02T14:19:15.636759
Baylor Scheierman,,,a37e80a2e3cf3aaa3ae84a9124987058,2026-05-02,23:40,points,3.5,115.0,-155.0,False,betmgm,2026-05-02T14:19:15.636760
Derrick White,,,a37e80a2e3cf3aaa3ae84a9124987058,2026-05-02,23:40,points,9.5,-210.0,,True,betmgm,2026-05-02T14:19:15.636779
Derrick White,,,a37e80a2e3cf3aaa3ae84a9124987058,2026-05-02,23:40,points,19.5,700.0,,True,betmgm,2026-05-02T14:19:15.636781
Derrick White,,,a37e80a2e3cf3aaa3ae84a9124987058,2026-05-02,23:40,points,14.5,200.0,,True,betmgm,2026-05-02T14:19:15.636783
Tyrese Maxey,,,a37e80a2e3cf3aaa3ae84a9124987058,2026-05-02,23:40,points,34.5,700.0,,True,betmgm,2026-05-02T14:19:15.636784
Neemias Queta,,,a37e80a2e3cf3aaa3ae84a9124987058,2026-05-02,23:40,points,9.5,195.0,,True,betmgm,2026-05-02T14:19:15.636786
Jayson Tatum,,,a37e80a2e3cf3aaa3ae84a9124987058,2026-05-02,23:40,points,24.5,-110.0,,True,betmgm,2026-05-02T14:19:15.636788
Jaylen Brown,,,a37e80a2e3cf3aaa3ae84a9124987058,2026-05-02,23:40,points,24.5,-135.0,,True,betmgm,2026-05-02T14:19:15.636789
Joel Embiid,,,a37e80a2e3cf3aaa3ae84a9124987058,2026-05-02,23:40,points,19.5,-500.0,,True,betmgm,2026-05-02T14:19:15.636791
Joel Embiid,,,a37e80a2e3cf3aaa3ae84a9124987058,2026-05-02,23:40,points,24.5,-150.0,,True,betmgm,2026-05-02T14:19:15.636794
VJ Edgecombe,,,a37e80a2e3cf3aaa3ae84a9124987058,2026-05-02,23:40,points,9.5,-200.0,,True,betmgm,2026-05-02T14:19:15.636796
Tyrese Maxey,,,a37e80a2e3cf3aaa3ae84a9124987058,2026-05-02,23:40,points,29.5,275.0,,True,betmgm,2026-05-02T14:19:15.636798
Paul George,,,a37e80a2e3cf3aaa3ae84a9124987058,2026-05-02,23:40,points,14.5,-150.0,,True,betmgm,2026-05-02T14:19:15.636800
Paul George,,,a37e80a2e3cf3aaa3ae84a9124987058,2026-05-02,23:40,points,19.5,220.0,,True,betmgm,2026-05-02T14:19:15.636801
Joel Embiid,,,a37e80a2e3cf3aaa3ae84a9124987058,2026-05-02,23:40,points,29.5,185.0,,True,betmgm,2026-05-02T14:19:15.636803
Jaylen Brown,,,a37e80a2e3cf3aaa3ae84a9124987058,2026-05-02,23:40,points,34.5,550.0,,True,betmgm,2026-05-02T14:19:15.636805
Payton Pritchard,,,a37e80a2e3cf3aaa3ae84a9124987058,2026-05-02,23:40,points,14.5,145.0,,True,betmgm,2026-05-02T14:19:15.636806
Jayson Tatum,,,a37e80a2e3cf3aaa3ae84a9124987058,2026-05-02,23:40,points,19.5,-350.0,,True,betmgm,2026-05-02T14:19:15.636808
Tyrese Maxey,,,a37e80a2e3cf3aaa3ae84a9124987058,2026-05-02,23:40,points,14.5,-1200.0,,True,betmgm,2026-05-02T14:19:15.636810
Paul George,,,a37e80a2e3cf3aaa3ae84a9124987058,2026-05-02,23:40,points,9.5,-625.0,,True,betmgm,2026-05-02T14:19:15.636813
Payton Pritchard,,,a37e80a2e3cf3aaa3ae84a9124987058,2026-05-02,23:40,points,9.5,-285.0,,True,betmgm,2026-05-02T14:19:15.636815
Joel Embiid,,,a37e80a2e3cf3aaa3ae84a9124987058,2026-05-02,23:40,points,34.5,475.0,,True,betmgm,2026-05-02T14:19:15.636816
Jayson Tatum,,,a37e80a2e3cf3aaa3ae84a9124987058,2026-05-02,23:40,points,14.5,-1600.0,,True,betmgm,2026-05-02T14:19:15.636818
VJ Edgecombe,,,a37e80a2e3cf3aaa3ae84a9124987058,2026-05-02,23:40,points,14.5,210.0,,True,betmgm,2026-05-02T14:19:15.636820
Tyrese Maxey,,,a37e80a2e3cf3aaa3ae84a9124987058,2026-05-02,23:40,points,24.5,105.0,,True,betmgm,2026-05-02T14:19:15.636821
Tyrese Maxey,,,a37e80a2e3cf3aaa3ae84a9124987058,2026-05-02,23:40,points,19.5,-285.0,,True,betmgm,2026-05-02T14:19:15.636823
Jayson Tatum,,,a37e80a2e3cf3aaa3ae84a9124987058,2026-05-02,23:40,points,29.5,250.0,,True,betmgm,2026-05-02T14:19:15.636825
VJ Edgecombe,,,a37e80a2e3cf3aaa3ae84a9124987058,2026-05-02,23:40,points,19.5,700.0,,True,betmgm,2026-05-02T14:19:15.636826
Jayson Tatum,,,a37e80a2e3cf3aaa3ae84a9124987058,2026-05-02,23:40,points,34.5,625.0,,True,betmgm,2026-05-02T14:19:15.636830
Nikola Vucevic,,,a37e80a2e3cf3aaa3ae84a9124987058,2026-05-02,23:40,points,9.5,250.0,,True,betmgm,2026-05-02T14:19:15.636831
Jaylen Brown,,,a37e80a2e3cf3aaa3ae84a9124987058,2026-05-02,23:40,points,19.5,-450.0,,True,betmgm,2026-05-02T14:19:15.636833
Kelly Oubre Jr,,,a37e80a2e3cf3aaa3ae84a9124987058,2026-05-02,23:40,points,9.5,105.0,,True,betmgm,2026-05-02T14:19:15.636835
Kelly Oubre Jr,,,a37e80a2e3cf3aaa3ae84a9124987058,2026-05-02,23:40,points,14.5,450.0,,True,betmgm,2026-05-02T14:19:15.636836
Payton Pritchard,,,a37e80a2e3cf3aaa3ae84a9124987058,2026-05-02,23:40,points,19.5,475.0,,True,betmgm,2026-05-02T14:19:15.636838
Jaylen Brown,,,a37e80a2e3cf3aaa3ae84a9124987058,2026-05-02,23:40,points,29.5,210.0,,True,betmgm,2026-05-02T14:19:15.636840
Paul George,,,a37e80a2e3cf3aaa3ae84a9124987058,2026-05-02,23:40,points,24.5,625.0,,True,betmgm,2026-05-02T14:19:15.636841
Sam Hauser,,,a37e80a2e3cf3aaa3ae84a9124987058,2026-05-02,23:40,points,14.5,825.0,,True,betmgm,2026-05-02T14:19:15.636843
Sam Hauser,,,a37e80a2e3cf3aaa3ae84a9124987058,2026-05-02,23:40,points,9.5,275.0,,True,betmgm,2026-05-02T14:19:15.636845
Quentin Grimes,,,a37e80a2e3cf3aaa3ae84a9124987058,2026-05-02,23:40,points,9.5,200.0,,True,betmgm,2026-05-02T14:19:15.636846
Derrick White,,,a37e80a2e3cf3aaa3ae84a9124987058,2026-05-02,23:40,rebounds,3.5,-105.0,-125.0,False,betmgm,2026-05-02T14:19:15.636874
Jaylen Brown,,,a37e80a2e3cf3aaa3ae84a9124987058,2026-05-02,23:40,rebounds,5.5,-150.0,110.0,False,betmgm,2026-05-02T14:19:15.636876
Payton Pritchard,,,a37e80a2e3cf3aaa3ae84a9124987058,2026-05-02,23:40,rebounds,3.5,130.0,-175.0,False,betmgm,2026-05-02T14:19:15.636878
Joel Embiid,,,a37e80a2e3cf3aaa3ae84a9124987058,2026-05-02,23:40,rebounds,8.5,100.0,-135.0,False,betmgm,2026-05-02T14:19:15.636880
Tyrese Maxey,,,a37e80a2e3cf3aaa3ae84a9124987058,2026-05-02,23:40,rebounds,3.5,-135.0,100.0,False,betmgm,2026-05-02T14:19:15.636881
Paul George,,,a37e80a2e3cf3aaa3ae84a9124987058,2026-05-02,23:40,rebounds,5.5,100.0,-135.0,False,betmgm,2026-05-02T14:19:15.636883
VJ Edgecombe,,,a37e80a2e3cf3aaa3ae84a9124987058,2026-05-02,23:40,rebounds,5.5,-120.0,-110.0,False,betmgm,2026-05-02T14:19:15.636885
Nikola Vucevic,,,a37e80a2e3cf3aaa3ae84a9124987058,2026-05-02,23:40,rebounds,4.5,-105.0,-125.0,False,betmgm,2026-05-02T14:19:15.636886
Kelly Oubre Jr,,,a37e80a2e3cf3aaa3ae84a9124987058,2026-05-02,23:40,rebounds,5.5,110.0,-150.0,False,betmgm,2026-05-02T14:19:15.636888
Neemias Queta,,,a37e80a2e3cf3aaa3ae84a9124987058,2026-05-02,23:40,rebounds,7.5,-115.0,-115.0,False,betmgm,2026-05-02T14:19:15.636890
Jayson Tatum,,,a37e80a2e3cf3aaa3ae84a9124987058,2026-05-02,23:40,rebounds,10.5,-120.0,-110.0,False,betmgm,2026-05-02T14:19:15.636891
Sam Hauser,,,a37e80a2e3cf3aaa3ae84a9124987058,2026-05-02,23:40,rebounds,2.5,-175.0,130.0,False,betmgm,2026-05-02T14:19:15.636893
Baylor Scheierman,,,a37e80a2e3cf3aaa3ae84a9124987058,2026-05-02,23:40,rebounds,2.5,135.0,-185.0,False,betmgm,2026-05-02T14:19:15.636895
Derrick White,,,a37e80a2e3cf3aaa3ae84a9124987058,2026-05-02,23:40,rebounds,2.5,-275.0,,True,betmgm,2026-05-02T14:19:15.636915
Derrick White,,,a37e80a2e3cf3aaa3ae84a9124987058,2026-05-02,23:40,rebounds,6.5,775.0,,True,betmgm,2026-05-02T14:19:15.636917
Neemias Queta,,,a37e80a2e3cf3aaa3ae84a9124987058,2026-05-02,23:40,rebounds,4.5,-800.0,,True,betmgm,2026-05-02T14:19:15.636918
Derrick White,,,a37e80a2e3cf3aaa3ae84a9124987058,2026-05-02,23:40,rebounds,4.5,200.0,,True,betmgm,2026-05-02T14:19:15.636920
Joel Embiid,,,a37e80a2e3cf3aaa3ae84a9124987058,2026-05-02,23:40,rebounds,6.5,-300.0,,True,betmgm,2026-05-02T14:19:15.636922
Paul George,,,a37e80a2e3cf3aaa3ae84a9124987058,2026-05-02,23:40,rebounds,2.5,-1200.0,,True,betmgm,2026-05-02T14:19:15.636923
Neemias Queta,,,a37e80a2e3cf3aaa3ae84a9124987058,2026-05-02,23:40,rebounds,6.5,-200.0,,True,betmgm,2026-05-02T14:19:15.636925
Nikola Vucevic,,,a37e80a2e3cf3aaa3ae84a9124987058,2026-05-02,23:40,rebounds,4.5,-105.0,,True,betmgm,2026-05-02T14:19:15.636927
Paul George,,,a37e80a2e3cf3aaa3ae84a9124987058,2026-05-02,23:40,rebounds,6.5,180.0,,True,betmgm,2026-05-02T14:19:15.636931
Jayson Tatum,,,a37e80a2e3cf3aaa3ae84a9124987058,2026-05-02,23:40,rebounds,9.5,-200.0,,True,betmgm,2026-05-02T14:19:15.636933
Payton Pritchard,,,a37e80a2e3cf3aaa3ae84a9124987058,2026-05-02,23:40,rebounds,4.5,280.0,,True,betmgm,2026-05-02T14:19:15.636934
Jaylen Brown,,,a37e80a2e3cf3aaa3ae84a9124987058,2026-05-02,23:40,rebounds,4.5,-295.0,,True,betmgm,2026-05-02T14:19:15.636936
Paul George,,,a37e80a2e3cf3aaa3ae84a9124987058,2026-05-02,23:40,rebounds,4.5,-210.0,,True,betmgm,2026-05-02T14:19:15.636938
Jayson Tatum,,,a37e80a2e3cf3aaa3ae84a9124987058,2026-05-02,23:40,rebounds,12.5,210.0,,True,betmgm,2026-05-02T14:19:15.636939
Tyrese Maxey,,,a37e80a2e3cf3aaa3ae84a9124987058,2026-05-02,23:40,rebounds,2.5,-325.0,,True,betmgm,2026-05-02T14:19:15.636941
VJ Edgecombe,,,a37e80a2e3cf3aaa3ae84a9124987058,2026-05-02,23:40,rebounds,4.5,-235.0,,True,betmgm,2026-05-02T14:19:15.636943
Kelly Oubre Jr,,,a37e80a2e3cf3aaa3ae84a9124987058,2026-05-02,23:40,rebounds,6.5,200.0,,True,betmgm,2026-05-02T14:19:15.636944
Nikola Vucevic,,,a37e80a2e3cf3aaa3ae84a9124987058,2026-05-02,23:40,rebounds,6.5,320.0,,True,betmgm,2026-05-02T14:19:15.636948
Joel Embiid,,,a37e80a2e3cf3aaa3ae84a9124987058,2026-05-02,23:40,rebounds,9.5,165.0,,True,betmgm,2026-05-02T14:19:15.636949
Tyrese Maxey,,,a37e80a2e3cf3aaa3ae84a9124987058,2026-05-02,23:40,rebounds,6.5,625.0,,True,betmgm,2026-05-02T14:19:15.636951
Jaylen Brown,,,a37e80a2e3cf3aaa3ae84a9124987058,2026-05-02,23:40,rebounds,9.5,650.0,,True,betmgm,2026-05-02T14:19:15.636954
Jayson Tatum,,,a37e80a2e3cf3aaa3ae84a9124987058,2026-05-02,23:40,rebounds,6.5,-1400.0,,True,betmgm,2026-05-02T14:19:15.636956
Payton Pritchard,,,a37e80a2e3cf3aaa3ae84a9124987058,2026-05-02,23:40,rebounds,2.5,-185.0,,True,betmgm,2026-05-02T14:19:15.636958
Nikola Vucevic,,,a37e80a2e3cf3aaa3ae84a9124987058,2026-05-02,23:40,rebounds,2.5,-500.0,,True,betmgm,2026-05-02T14:19:15.636959
Kelly Oubre Jr,,,a37e80a2e3cf3aaa3ae84a9124987058,2026-05-02,23:40,rebounds,4.5,-175.0,,True,betmgm,2026-05-02T14:19:15.636961
Jaylen Brown,,,a37e80a2e3cf3aaa3ae84a9124987058,2026-05-02,23:40,rebounds,6.5,125.0,,True,betmgm,2026-05-02T14:19:15.636962
VJ Edgecombe,,,a37e80a2e3cf3aaa3ae84a9124987058,2026-05-02,23:40,rebounds,6.5,155.0,,True,betmgm,2026-05-02T14:19:15.636964
Jayson Tatum,,,a37e80a2e3cf3aaa3ae84a9124987058,2026-05-02,23:40,rebounds,14.5,500.0,,True,betmgm,2026-05-02T14:19:15.636966
Tyrese Maxey,,,a37e80a2e3cf3aaa3ae84a9124987058,2026-05-02,23:40,rebounds,4.5,165.0,,True,betmgm,2026-05-02T14:19:15.636967
VJ Edgecombe,,,a37e80a2e3cf3aaa3ae84a9124987058,2026-05-02,23:40,rebounds,2.5,-1400.0,,True,betmgm,2026-05-02T14:19:15.636969
Joel Embiid,,,a37e80a2e3cf3aaa3ae84a9124987058,2026-05-02,23:40,rebounds,12.5,675.0,,True,betmgm,2026-05-02T14:19:15.636971
Kelly Oubre Jr,,,a37e80a2e3cf3aaa3ae84a9124987058,2026-05-02,23:40,rebounds,2.5,-1100.0,,True,betmgm,2026-05-02T14:19:15.636972
VJ Edgecombe,,,a37e80a2e3cf3aaa3ae84a9124987058,2026-05-02,23:40,rebounds,9.5,800.0,,True,betmgm,2026-05-02T14:19:15.636974
Neemias Queta,,,a37e80a2e3cf3aaa3ae84a9124987058,2026-05-02,23:40,rebounds,9.5,250.0,,True,betmgm,2026-05-02T14:19:15.636976
Joel Embiid,,,a37e80a2e3cf3aaa3ae84a9124987058,2026-05-02,23:40,rebounds,4.5,-1400.0,,True,betmgm,2026-05-02T14:19:15.636977
Sam Hauser,,,a37e80a2e3cf3aaa3ae84a9124987058,2026-05-02,23:40,rebounds,4.5,300.0,,True,betmgm,2026-05-02T14:19:15.636979
Sam Hauser,,,a37e80a2e3cf3aaa3ae84a9124987058,2026-05-02,23:40,rebounds,2.5,-185.0,,True,betmgm,2026-05-02T14:19:15.636981
Baylor Scheierman,,,a37e80a2e3cf3aaa3ae84a9124987058,2026-05-02,23:40,rebounds,2.5,135.0,,True,betmgm,2026-05-02T14:19:15.636982
Baylor Scheierman,,,a37e80a2e3cf3aaa3ae84a9124987058,2026-05-02,23:40,rebounds,4.5,675.0,,True,betmgm,2026-05-02T14:19:15.636984
Derrick White,,,a37e80a2e3cf3aaa3ae84a9124987058,2026-05-02,23:40,threes,1.5,-175.0,130.0,False,betmgm,2026-05-02T14:19:15.636996
Jayson Tatum,,,a37e80a2e3cf3aaa3ae84a9124987058,2026-05-02,23:40,threes,2.5,-155.0,115.0,False,betmgm,2026-05-02T14:19:15.637000
Tyrese Maxey,,,a37e80a2e3cf3aaa3ae84a9124987058,2026-05-02,23:40,threes,2.5,-140.0,105.0,False,betmgm,2026-05-02T14:19:15.637002
Jaylen Brown,,,a37e80a2e3cf3aaa3ae84a9124987058,2026-05-02,23:40,threes,1.5,-150.0,110.0,False,betmgm,2026-05-02T14:19:15.637003
VJ Edgecombe,,,a37e80a2e3cf3aaa3ae84a9124987058,2026-05-02,23:40,threes,1.5,-135.0,100.0,False,betmgm,2026-05-02T14:19:15.637005
Paul George,,,a37e80a2e3cf3aaa3ae84a9124987058,2026-05-02,23:40,threes,2.5,105.0,-145.0,False,betmgm,2026-05-02T14:19:15.637007
Payton Pritchard,,,a37e80a2e3cf3aaa3ae84a9124987058,2026-05-02,23:40,threes,1.5,-190.0,140.0,False,betmgm,2026-05-02T14:19:15.637008
Joel Embiid,,,a37e80a2e3cf3aaa3ae84a9124987058,2026-05-02,23:40,threes,1.5,105.0,-140.0,False,betmgm,2026-05-02T14:19:15.637010
Sam Hauser,,,a37e80a2e3cf3aaa3ae84a9124987058,2026-05-02,23:40,threes,1.5,-190.0,140.0,False,betmgm,2026-05-02T14:19:15.637012
Nikola Vucevic,,,a37e80a2e3cf3aaa3ae84a9124987058,2026-05-02,23:40,threes,0.5,-145.0,105.0,False,betmgm,2026-05-02T14:19:15.637013
Derrick White,,,a37e80a2e3cf3aaa3ae84a9124987058,2026-05-02,23:40,threes,2.5,165.0,,True,betmgm,2026-05-02T14:19:15.637033
Derrick White,,,a37e80a2e3cf3aaa3ae84a9124987058,2026-05-02,23:40,threes,0.5,-800.0,,True,betmgm,2026-05-02T14:19:15.637034
Derrick White,,,a37e80a2e3cf3aaa3ae84a9124987058,2026-05-02,23:40,threes,3.5,425.0,,True,betmgm,2026-05-02T14:19:15.637036
Payton Pritchard,,,a37e80a2e3cf3aaa3ae84a9124987058,2026-05-02,23:40,threes,0.5,-900.0,,True,betmgm,2026-05-02T14:19:15.637038
Derrick White,,,a37e80a2e3cf3aaa3ae84a9124987058,2026-05-02,23:40,threes,1.5,-175.0,,True,betmgm,2026-05-02T14:19:15.637039
Paul George,,,a37e80a2e3cf3aaa3ae84a9124987058,2026-05-02,23:40,threes,4.5,600.0,,True,betmgm,2026-05-02T14:19:15.637041
VJ Edgecombe,,,a37e80a2e3cf3aaa3ae84a9124987058,2026-05-02,23:40,threes,3.5,550.0,,True,betmgm,2026-05-02T14:19:15.637043
VJ Edgecombe,,,a37e80a2e3cf3aaa3ae84a9124987058,2026-05-02,23:40,threes,1.5,-140.0,,True,betmgm,2026-05-02T14:19:15.637044
Jayson Tatum,,,a37e80a2e3cf3aaa3ae84a9124987058,2026-05-02,23:40,threes,2.5,-160.0,,True,betmgm,2026-05-02T14:19:15.637047
Payton Pritchard,,,a37e80a2e3cf3aaa3ae84a9124987058,2026-05-02,23:40,threes,1.5,-190.0,,True,betmgm,2026-05-02T14:19:15.637048
VJ Edgecombe,,,a37e80a2e3cf3aaa3ae84a9124987058,2026-05-02,23:40,threes,2.5,210.0,,True,betmgm,2026-05-02T14:19:15.637050
Paul George,,,a37e80a2e3cf3aaa3ae84a9124987058,2026-05-02,23:40,threes,3.5,260.0,,True,betmgm,2026-05-02T14:19:15.637052
Jayson Tatum,,,a37e80a2e3cf3aaa3ae84a9124987058,2026-05-02,23:40,threes,1.5,-500.0,,True,betmgm,2026-05-02T14:19:15.637053
Joel Embiid,,,a37e80a2e3cf3aaa3ae84a9124987058,2026-05-02,23:40,threes,2.5,310.0,,True,betmgm,2026-05-02T14:19:15.637055
Jayson Tatum,,,a37e80a2e3cf3aaa3ae84a9124987058,2026-05-02,23:40,threes,4.5,340.0,,True,betmgm,2026-05-02T14:19:15.637057
Tyrese Maxey,,,a37e80a2e3cf3aaa3ae84a9124987058,2026-05-02,23:40,threes,1.5,-450.0,,True,betmgm,2026-05-02T14:19:15.637058
Jaylen Brown,,,a37e80a2e3cf3aaa3ae84a9124987058,2026-05-02,23:40,threes,2.5,200.0,,True,betmgm,2026-05-02T14:19:15.637060
Jaylen Brown,,,a37e80a2e3cf3aaa3ae84a9124987058,2026-05-02,23:40,threes,3.5,525.0,,True,betmgm,2026-05-02T14:19:15.637061
Jaylen Brown,,,a37e80a2e3cf3aaa3ae84a9124987058,2026-05-02,23:40,threes,1.5,-150.0,,True,betmgm,2026-05-02T14:19:15.637063
Joel Embiid,,,a37e80a2e3cf3aaa3ae84a9124987058,2026-05-02,23:40,threes,3.5,775.0,,True,betmgm,2026-05-02T14:19:15.637067
VJ Edgecombe,,,a37e80a2e3cf3aaa3ae84a9124987058,2026-05-02,23:40,threes,0.5,-625.0,,True,betmgm,2026-05-02T14:19:15.637068
Paul George,,,a37e80a2e3cf3aaa3ae84a9124987058,2026-05-02,23:40,threes,1.5,-275.0,,True,betmgm,2026-05-02T14:19:15.637070
Tyrese Maxey,,,a37e80a2e3cf3aaa3ae84a9124987058,2026-05-02,23:40,threes,2.5,-140.0,,True,betmgm,2026-05-02T14:19:15.637072
Payton Pritchard,,,a37e80a2e3cf3aaa3ae84a9124987058,2026-05-02,23:40,threes,3.5,390.0,,True,betmgm,2026-05-02T14:19:15.637075
Joel Embiid,,,a37e80a2e3cf3aaa3ae84a9124987058,2026-05-02,23:40,threes,1.5,105.0,,True,betmgm,2026-05-02T14:19:15.637077
Tyrese Maxey,,,a37e80a2e3cf3aaa3ae84a9124987058,2026-05-02,23:40,threes,4.5,380.0,,True,betmgm,2026-05-02T14:19:15.637078
Payton Pritchard,,,a37e80a2e3cf3aaa3ae84a9124987058,2026-05-02,23:40,threes,2.5,155.0,,True,betmgm,2026-05-02T14:19:15.637080
Jayson Tatum,,,a37e80a2e3cf3aaa3ae84a9124987058,2026-05-02,23:40,threes,3.5,155.0,,True,betmgm,2026-05-02T14:19:15.637082
Tyrese Maxey,,,a37e80a2e3cf3aaa3ae84a9124987058,2026-05-02,23:40,threes,3.5,175.0,,True,betmgm,2026-05-02T14:19:15.637083
Joel Embiid,,,a37e80a2e3cf3aaa3ae84a9124987058,2026-05-02,23:40,threes,0.5,-450.0,,True,betmgm,2026-05-02T14:19:15.637085
Jaylen Brown,,,a37e80a2e3cf3aaa3ae84a9124987058,2026-05-02,23:40,threes,0.5,-700.0,,True,betmgm,2026-05-02T14:19:15.637087
Paul George,,,a37e80a2e3cf3aaa3ae84a9124987058,2026-05-02,23:40,threes,2.5,105.0,,True,betmgm,2026-05-02T14:19:15.637088
Paul George,,,a37e80a2e3cf3aaa3ae84a9124987058,2026-05-02,23:40,threes,0.5,-1400.0,,True,betmgm,2026-05-02T14:19:15.637090
Sam Hauser,,,a37e80a2e3cf3aaa3ae84a9124987058,2026-05-02,23:40,threes,3.5,380.0,,True,betmgm,2026-05-02T14:19:15.637091
Sam Hauser,,,a37e80a2e3cf3aaa3ae84a9124987058,2026-05-02,23:40,threes,1.5,-200.0,,True,betmgm,2026-05-02T14:19:15.637093
Sam Hauser,,,a37e80a2e3cf3aaa3ae84a9124987058,2026-05-02,23:40,threes,2.5,150.0,,True,betmgm,2026-05-02T14:19:15.637096
Sam Hauser,,,a37e80a2e3cf3aaa3ae84a9124987058,2026-05-02,23:40,threes,0.5,-900.0,,True,betmgm,2026-05-02T14:19:15.637098
Nikola Vucevic,,,a37e80a2e3cf3aaa3ae84a9124987058,2026-05-02,23:40,threes,0.5,-145.0,,True,betmgm,2026-05-02T14:19:15.637100
Nikola Vucevic,,,a37e80a2e3cf3aaa3ae84a9124987058,2026-05-02,23:40,threes,1.5,310.0,,True,betmgm,2026-05-02T14:19:15.637101
Cade Cunningham,,,be60e6f50fc77fc3a3cf6925472bad91,2026-05-03,19:40,assists,8.5,-145.0,105.0,False,betmgm,2026-05-02T14:19:15.711877
Ausar Thompson,,,be60e6f50fc77fc3a3cf6925472bad91,2026-05-03,19:40,assists,3.5,135.0,-185.0,False,betmgm,2026-05-02T14:19:15.711879
Duncan Robinson,,,be60e6f50fc77fc3a3cf6925472bad91,2026-05-03,19:40,assists,1.5,-155.0,115.0,False,betmgm,2026-05-02T14:19:15.711880
Desmond Bane,,,be60e6f50fc77fc3a3cf6925472bad91,2026-05-03,19:40,assists,2.5,-165.0,125.0,False,betmgm,2026-05-02T14:19:15.711882
Jalen Duren,,,be60e6f50fc77fc3a3cf6925472bad91,2026-05-03,19:40,assists,1.5,-135.0,100.0,False,betmgm,2026-05-02T14:19:15.711884
Paolo Banchero,,,be60e6f50fc77fc3a3cf6925472bad91,2026-05-03,19:40,assists,5.5,-105.0,-125.0,False,betmgm,2026-05-02T14:19:15.711885
Jalen Suggs,,,be60e6f50fc77fc3a3cf6925472bad91,2026-05-03,19:40,assists,4.5,-150.0,110.0,False,betmgm,2026-05-02T14:19:15.711887
Tobias Harris,,,be60e6f50fc77fc3a3cf6925472bad91,2026-05-03,19:40,assists,2.5,145.0,-200.0,False,betmgm,2026-05-02T14:19:15.711889
Tobias Harris,,,be60e6f50fc77fc3a3cf6925472bad91,2026-05-03,19:40,assists,4.5,825.0,,True,betmgm,2026-05-02T14:19:15.711898
Cade Cunningham,,,be60e6f50fc77fc3a3cf6925472bad91,2026-05-03,19:40,assists,9.5,120.0,,True,betmgm,2026-05-02T14:19:15.711902
Ausar Thompson,,,be60e6f50fc77fc3a3cf6925472bad91,2026-05-03,19:40,assists,2.5,-185.0,,True,betmgm,2026-05-02T14:19:15.711904
Jalen Suggs,,,be60e6f50fc77fc3a3cf6925472bad91,2026-05-03,19:40,assists,4.5,-150.0,,True,betmgm,2026-05-02T14:19:15.711906
Cade Cunningham,,,be60e6f50fc77fc3a3cf6925472bad91,2026-05-03,19:40,assists,12.5,525.0,,True,betmgm,2026-05-02T14:19:15.711907
Cade Cunningham,,,be60e6f50fc77fc3a3cf6925472bad91,2026-05-03,19:40,assists,6.5,-500.0,,True,betmgm,2026-05-02T14:19:15.711909
Jalen Suggs,,,be60e6f50fc77fc3a3cf6925472bad91,2026-05-03,19:40,assists,6.5,260.0,,True,betmgm,2026-05-02T14:19:15.711911
Desmond Bane,,,be60e6f50fc77fc3a3cf6925472bad91,2026-05-03,19:40,assists,2.5,-175.0,,True,betmgm,2026-05-02T14:19:15.711912
Paolo Banchero,,,be60e6f50fc77fc3a3cf6925472bad91,2026-05-03,19:40,assists,6.5,180.0,,True,betmgm,2026-05-02T14:19:15.711914
Ausar Thompson,,,be60e6f50fc77fc3a3cf6925472bad91,2026-05-03,19:40,assists,4.5,300.0,,True,betmgm,2026-05-02T14:19:15.711916
Paolo Banchero,,,be60e6f50fc77fc3a3cf6925472bad91,2026-05-03,19:40,assists,2.5,-1400.0,,True,betmgm,2026-05-02T14:19:15.711917
Paolo Banchero,,,be60e6f50fc77fc3a3cf6925472bad91,2026-05-03,19:40,assists,4.5,-210.0,,True,betmgm,2026-05-02T14:19:15.711919
Desmond Bane,,,be60e6f50fc77fc3a3cf6925472bad91,2026-05-03,19:40,assists,4.5,310.0,,True,betmgm,2026-05-02T14:19:15.711971
Jalen Suggs,,,be60e6f50fc77fc3a3cf6925472bad91,2026-05-03,19:40,assists,2.5,-800.0,,True,betmgm,2026-05-02T14:19:15.711973
Cade Cunningham,,,be60e6f50fc77fc3a3cf6925472bad91,2026-05-03,19:40,points,28.5,-111.0,-118.0,False,betmgm,2026-05-02T14:19:15.711986
Ausar Thompson,,,be60e6f50fc77fc3a3cf6925472bad91,2026-05-03,19:40,points,9.5,-110.0,-120.0,False,betmgm,2026-05-02T14:19:15.711987
Jalen Duren,,,be60e6f50fc77fc3a3cf6925472bad91,2026-05-03,19:40,points,12.5,-125.0,-105.0,False,betmgm,2026-05-02T14:19:15.711989
Tobias Harris,,,be60e6f50fc77fc3a3cf6925472bad91,2026-05-03,19:40,points,16.5,-125.0,-105.0,False,betmgm,2026-05-02T14:19:15.711991
Desmond Bane,,,be60e6f50fc77fc3a3cf6925472bad91,2026-05-03,19:40,points,19.5,-105.0,-125.0,False,betmgm,2026-05-02T14:19:15.711992
Wendell Carter Jr,,,be60e6f50fc77fc3a3cf6925472bad91,2026-05-03,19:40,points,10.5,100.0,-135.0,False,betmgm,2026-05-02T14:19:15.711994
Paolo Banchero,,,be60e6f50fc77fc3a3cf6925472bad91,2026-05-03,19:40,points,22.5,-120.0,-110.0,False,betmgm,2026-05-02T14:19:15.711996
Duncan Robinson,,,be60e6f50fc77fc3a3cf6925472bad91,2026-05-03,19:40,points,10.5,-120.0,-111.0,False,betmgm,2026-05-02T14:19:15.711997
Jalen Suggs,,,be60e6f50fc77fc3a3cf6925472bad91,2026-05-03,19:40,points,12.5,-125.0,-105.0,False,betmgm,2026-05-02T14:19:15.711999
Anthony Black,,,be60e6f50fc77fc3a3cf6925472bad91,2026-05-03,19:40,points,10.5,-130.0,-105.0,False,betmgm,2026-05-02T14:19:15.712001
Duncan Robinson,,,be60e6f50fc77fc3a3cf6925472bad91,2026-05-03,19:40,points,9.5,-155.0,,True,betmgm,2026-05-02T14:19:15.712017
Ausar Thompson,,,be60e6f50fc77fc3a3cf6925472bad91,2026-05-03,19:40,points,9.5,-111.0,,True,betmgm,2026-05-02T14:19:15.712019
Tobias Harris,,,be60e6f50fc77fc3a3cf6925472bad91,2026-05-03,19:40,points,24.5,500.0,,True,betmgm,2026-05-02T14:19:15.712021
Cade Cunningham,,,be60e6f50fc77fc3a3cf6925472bad91,2026-05-03,19:40,points,29.5,105.0,,True,betmgm,2026-05-02T14:19:15.712022
Tobias Harris,,,be60e6f50fc77fc3a3cf6925472bad91,2026-05-03,19:40,points,9.5,-1200.0,,True,betmgm,2026-05-02T14:19:15.712024
Jalen Suggs,,,be60e6f50fc77fc3a3cf6925472bad91,2026-05-03,19:40,points,19.5,425.0,,True,betmgm,2026-05-02T14:19:15.712026
Duncan Robinson,,,be60e6f50fc77fc3a3cf6925472bad91,2026-05-03,19:40,points,19.5,825.0,,True,betmgm,2026-05-02T14:19:15.712027
Cade Cunningham,,,be60e6f50fc77fc3a3cf6925472bad91,2026-05-03,19:40,points,34.5,275.0,,True,betmgm,2026-05-02T14:19:15.712029
Duncan Robinson,,,be60e6f50fc77fc3a3cf6925472bad91,2026-05-03,19:40,points,14.5,260.0,,True,betmgm,2026-05-02T14:19:15.712033
Desmond Bane,,,be60e6f50fc77fc3a3cf6925472bad91,2026-05-03,19:40,points,29.5,750.0,,True,betmgm,2026-05-02T14:19:15.712035
Paolo Banchero,,,be60e6f50fc77fc3a3cf6925472bad91,2026-05-03,19:40,points,19.5,-250.0,,True,betmgm,2026-05-02T14:19:15.712036
Cade Cunningham,,,be60e6f50fc77fc3a3cf6925472bad91,2026-05-03,19:40,points,19.5,-900.0,,True,betmgm,2026-05-02T14:19:15.712038
Wendell Carter Jr,,,be60e6f50fc77fc3a3cf6925472bad91,2026-05-03,19:40,points,9.5,-140.0,,True,betmgm,2026-05-02T14:19:15.712041
Desmond Bane,,,be60e6f50fc77fc3a3cf6925472bad91,2026-05-03,19:40,points,14.5,-350.0,,True,betmgm,2026-05-02T14:19:15.712043
Paolo Banchero,,,be60e6f50fc77fc3a3cf6925472bad91,2026-05-03,19:40,points,24.5,125.0,,True,betmgm,2026-05-02T14:19:15.712045
Jalen Duren,,,be60e6f50fc77fc3a3cf6925472bad91,2026-05-03,19:40,points,9.5,-375.0,,True,betmgm,2026-05-02T14:19:15.712046
Wendell Carter Jr,,,be60e6f50fc77fc3a3cf6925472bad91,2026-05-03,19:40,points,14.5,310.0,,True,betmgm,2026-05-02T14:19:15.712048
Jalen Suggs,,,be60e6f50fc77fc3a3cf6925472bad91,2026-05-03,19:40,points,14.5,130.0,,True,betmgm,2026-05-02T14:19:15.712050
Jalen Duren,,,be60e6f50fc77fc3a3cf6925472bad91,2026-05-03,19:40,points,19.5,525.0,,True,betmgm,2026-05-02T14:19:15.712051
Desmond Bane,,,be60e6f50fc77fc3a3cf6925472bad91,2026-05-03,19:40,points,19.5,-105.0,,True,betmgm,2026-05-02T14:19:15.712053
Tobias Harris,,,be60e6f50fc77fc3a3cf6925472bad91,2026-05-03,19:40,points,14.5,-220.0,,True,betmgm,2026-05-02T14:19:15.712055
Desmond Bane,,,be60e6f50fc77fc3a3cf6925472bad91,2026-05-03,19:40,points,24.5,275.0,,True,betmgm,2026-05-02T14:19:15.712056
Paolo Banchero,,,be60e6f50fc77fc3a3cf6925472bad91,2026-05-03,19:40,points,14.5,-1100.0,,True,betmgm,2026-05-02T14:19:15.712058
Cade Cunningham,,,be60e6f50fc77fc3a3cf6925472bad91,2026-05-03,19:40,points,39.5,700.0,,True,betmgm,2026-05-02T14:19:15.712060
Paolo Banchero,,,be60e6f50fc77fc3a3cf6925472bad91,2026-05-03,19:40,points,29.5,360.0,,True,betmgm,2026-05-02T14:19:15.712062
Jalen Duren,,,be60e6f50fc77fc3a3cf6925472bad91,2026-05-03,19:40,points,14.5,140.0,,True,betmgm,2026-05-02T14:19:15.712063
Tobias Harris,,,be60e6f50fc77fc3a3cf6925472bad91,2026-05-03,19:40,points,19.5,165.0,,True,betmgm,2026-05-02T14:19:15.712065
Jalen Suggs,,,be60e6f50fc77fc3a3cf6925472bad91,2026-05-03,19:40,points,9.5,-325.0,,True,betmgm,2026-05-02T14:19:15.712066
Ausar Thompson,,,be60e6f50fc77fc3a3cf6925472bad91,2026-05-03,19:40,points,14.5,475.0,,True,betmgm,2026-05-02T14:19:15.712068
Cade Cunningham,,,be60e6f50fc77fc3a3cf6925472bad91,2026-05-03,19:40,points,24.5,-275.0,,True,betmgm,2026-05-02T14:19:15.712070
Anthony Black,,,be60e6f50fc77fc3a3cf6925472bad91,2026-05-03,19:40,points,14.5,250.0,,True,betmgm,2026-05-02T14:19:15.712071
Anthony Black,,,be60e6f50fc77fc3a3cf6925472bad91,2026-05-03,19:40,points,9.5,-185.0,,True,betmgm,2026-05-02T14:19:15.712073
Anthony Black,,,be60e6f50fc77fc3a3cf6925472bad91,2026-05-03,19:40,points,19.5,850.0,,True,betmgm,2026-05-02T14:19:15.712075
Ausar Thompson,,,be60e6f50fc77fc3a3cf6925472bad91,2026-05-03,19:40,rebounds,7.5,-135.0,100.0,False,betmgm,2026-05-02T14:19:15.712087
Cade Cunningham,,,be60e6f50fc77fc3a3cf6925472bad91,2026-05-03,19:40,rebounds,5.5,-135.0,100.0,False,betmgm,2026-05-02T14:19:15.712088
Jalen Duren,,,be60e6f50fc77fc3a3cf6925472bad91,2026-05-03,19:40,rebounds,9.5,-115.0,-115.0,False,betmgm,2026-05-02T14:19:15.712090
Tobias Harris,,,be60e6f50fc77fc3a3cf6925472bad91,2026-05-03,19:40,rebounds,6.5,110.0,-150.0,False,betmgm,2026-05-02T14:19:15.712092
Paolo Banchero,,,be60e6f50fc77fc3a3cf6925472bad91,2026-05-03,19:40,rebounds,8.5,-105.0,-125.0,False,betmgm,2026-05-02T14:19:15.712093
Wendell Carter Jr,,,be60e6f50fc77fc3a3cf6925472bad91,2026-05-03,19:40,rebounds,7.5,115.0,-155.0,False,betmgm,2026-05-02T14:19:15.712095
Desmond Bane,,,be60e6f50fc77fc3a3cf6925472bad91,2026-05-03,19:40,rebounds,3.5,-150.0,110.0,False,betmgm,2026-05-02T14:19:15.712097
Jalen Suggs,,,be60e6f50fc77fc3a3cf6925472bad91,2026-05-03,19:40,rebounds,3.5,-125.0,-105.0,False,betmgm,2026-05-02T14:19:15.712100
Duncan Robinson,,,be60e6f50fc77fc3a3cf6925472bad91,2026-05-03,19:40,rebounds,2.5,-105.0,-130.0,False,betmgm,2026-05-02T14:19:15.712102
Anthony Black,,,be60e6f50fc77fc3a3cf6925472bad91,2026-05-03,19:40,rebounds,3.5,110.0,-150.0,False,betmgm,2026-05-02T14:19:15.712104
Cade Cunningham,,,be60e6f50fc77fc3a3cf6925472bad91,2026-05-03,19:40,rebounds,6.5,135.0,,True,betmgm,2026-05-02T14:19:15.712120
Tobias Harris,,,be60e6f50fc77fc3a3cf6925472bad91,2026-05-03,19:40,rebounds,6.5,110.0,,True,betmgm,2026-05-02T14:19:15.712122
Ausar Thompson,,,be60e6f50fc77fc3a3cf6925472bad91,2026-05-03,19:40,rebounds,6.5,-235.0,,True,betmgm,2026-05-02T14:19:15.712123
Ausar Thompson,,,be60e6f50fc77fc3a3cf6925472bad91,2026-05-03,19:40,rebounds,9.5,210.0,,True,betmgm,2026-05-02T14:19:15.712125
Tobias Harris,,,be60e6f50fc77fc3a3cf6925472bad91,2026-05-03,19:40,rebounds,9.5,575.0,,True,betmgm,2026-05-02T14:19:15.712127
Tobias Harris,,,be60e6f50fc77fc3a3cf6925472bad91,2026-05-03,19:40,rebounds,4.5,-350.0,,True,betmgm,2026-05-02T14:19:15.712128
Jalen Duren,,,be60e6f50fc77fc3a3cf6925472bad91,2026-05-03,19:40,rebounds,6.5,-625.0,,True,betmgm,2026-05-02T14:19:15.712130
Cade Cunningham,,,be60e6f50fc77fc3a3cf6925472bad91,2026-05-03,19:40,rebounds,4.5,-275.0,,True,betmgm,2026-05-02T14:19:15.712132
Desmond Bane,,,be60e6f50fc77fc3a3cf6925472bad91,2026-05-03,19:40,rebounds,4.5,150.0,,True,betmgm,2026-05-02T14:19:15.712133
Wendell Carter Jr,,,be60e6f50fc77fc3a3cf6925472bad91,2026-05-03,19:40,rebounds,9.5,325.0,,True,betmgm,2026-05-02T14:19:15.712135
Paolo Banchero,,,be60e6f50fc77fc3a3cf6925472bad91,2026-05-03,19:40,rebounds,6.5,-325.0,,True,betmgm,2026-05-02T14:19:15.712137
Ausar Thompson,,,be60e6f50fc77fc3a3cf6925472bad91,2026-05-03,19:40,rebounds,12.5,825.0,,True,betmgm,2026-05-02T14:19:15.712138
Jalen Duren,,,be60e6f50fc77fc3a3cf6925472bad91,2026-05-03,19:40,rebounds,9.5,-115.0,,True,betmgm,2026-05-02T14:19:15.712140
Paolo Banchero,,,be60e6f50fc77fc3a3cf6925472bad91,2026-05-03,19:40,rebounds,12.5,625.0,,True,betmgm,2026-05-02T14:19:15.712142
Wendell Carter Jr,,,be60e6f50fc77fc3a3cf6925472bad91,2026-05-03,19:40,rebounds,4.5,-625.0,,True,betmgm,2026-05-02T14:19:15.712143
Desmond Bane,,,be60e6f50fc77fc3a3cf6925472bad91,2026-05-03,19:40,rebounds,6.5,550.0,,True,betmgm,2026-05-02T14:19:15.712145
Ausar Thompson,,,be60e6f50fc77fc3a3cf6925472bad91,2026-05-03,19:40,rebounds,4.5,-1000.0,,True,betmgm,2026-05-02T14:19:15.712147
Jalen Suggs,,,be60e6f50fc77fc3a3cf6925472bad91,2026-05-03,19:40,rebounds,4.5,185.0,,True,betmgm,2026-05-02T14:19:15.712149
Jalen Duren,,,be60e6f50fc77fc3a3cf6925472bad91,2026-05-03,19:40,rebounds,14.5,750.0,,True,betmgm,2026-05-02T14:19:15.712151
Paolo Banchero,,,be60e6f50fc77fc3a3cf6925472bad91,2026-05-03,19:40,rebounds,4.5,-1600.0,,True,betmgm,2026-05-02T14:19:15.712152
Wendell Carter Jr,,,be60e6f50fc77fc3a3cf6925472bad91,2026-05-03,19:40,rebounds,6.5,-155.0,,True,betmgm,2026-05-02T14:19:15.712156
Duncan Robinson,,,be60e6f50fc77fc3a3cf6925472bad91,2026-05-03,19:40,rebounds,2.5,-105.0,,True,betmgm,2026-05-02T14:19:15.712157
Duncan Robinson,,,be60e6f50fc77fc3a3cf6925472bad91,2026-05-03,19:40,rebounds,4.5,525.0,,True,betmgm,2026-05-02T14:19:15.712159
Cade Cunningham,,,be60e6f50fc77fc3a3cf6925472bad91,2026-05-03,19:40,rebounds,2.5,-2000.0,,True,betmgm,2026-05-02T14:19:15.712161
Jalen Duren,,,be60e6f50fc77fc3a3cf6925472bad91,2026-05-03,19:40,rebounds,12.5,333.0,,True,betmgm,2026-05-02T14:19:15.712162
Jalen Suggs,,,be60e6f50fc77fc3a3cf6925472bad91,2026-05-03,19:40,rebounds,2.5,-275.0,,True,betmgm,2026-05-02T14:19:15.712164
Cade Cunningham,,,be60e6f50fc77fc3a3cf6925472bad91,2026-05-03,19:40,rebounds,9.5,750.0,,True,betmgm,2026-05-02T14:19:15.712166
Paolo Banchero,,,be60e6f50fc77fc3a3cf6925472bad91,2026-05-03,19:40,rebounds,9.5,155.0,,True,betmgm,2026-05-02T14:19:15.712167
Desmond Bane,,,be60e6f50fc77fc3a3cf6925472bad91,2026-05-03,19:40,rebounds,2.5,-350.0,,True,betmgm,2026-05-02T14:19:15.712169
Jalen Suggs,,,be60e6f50fc77fc3a3cf6925472bad91,2026-05-03,19:40,rebounds,6.5,700.0,,True,betmgm,2026-05-02T14:19:15.712172
Anthony Black,,,be60e6f50fc77fc3a3cf6925472bad91,2026-05-03,19:40,rebounds,4.5,230.0,,True,betmgm,2026-05-02T14:19:15.712174
Anthony Black,,,be60e6f50fc77fc3a3cf6925472bad91,2026-05-03,19:40,rebounds,2.5,-220.0,,True,betmgm,2026-05-02T14:19:15.712176
Cade Cunningham,,,be60e6f50fc77fc3a3cf6925472bad91,2026-05-03,19:40,threes,2.5,105.0,-140.0,False,betmgm,2026-05-02T14:19:15.712185
Tobias Harris,,,be60e6f50fc77fc3a3cf6925472bad91,2026-05-03,19:40,threes,1.5,125.0,-165.0,False,betmgm,2026-05-02T14:19:15.712187
Jalen Suggs,,,be60e6f50fc77fc3a3cf6925472bad91,2026-05-03,19:40,threes,2.5,130.0,-175.0,False,betmgm,2026-05-02T14:19:15.712188
Paolo Banchero,,,be60e6f50fc77fc3a3cf6925472bad91,2026-05-03,19:40,threes,1.5,110.0,-150.0,False,betmgm,2026-05-02T14:19:15.712190
Desmond Bane,,,be60e6f50fc77fc3a3cf6925472bad91,2026-05-03,19:40,threes,2.5,100.0,-135.0,False,betmgm,2026-05-02T14:19:15.712191
Duncan Robinson,,,be60e6f50fc77fc3a3cf6925472bad91,2026-05-03,19:40,threes,2.5,-105.0,-125.0,False,betmgm,2026-05-02T14:19:15.712193
Anthony Black,,,be60e6f50fc77fc3a3cf6925472bad91,2026-05-03,19:40,threes,1.5,160.0,-220.0,False,betmgm,2026-05-02T14:19:15.712195
Cade Cunningham,,,be60e6f50fc77fc3a3cf6925472bad91,2026-05-03,19:40,threes,2.5,100.0,,True,betmgm,2026-05-02T14:19:15.712210
Cade Cunningham,,,be60e6f50fc77fc3a3cf6925472bad91,2026-05-03,19:40,threes,1.5,-295.0,,True,betmgm,2026-05-02T14:19:15.712212
Duncan Robinson,,,be60e6f50fc77fc3a3cf6925472bad91,2026-05-03,19:40,threes,2.5,-110.0,,True,betmgm,2026-05-02T14:19:15.712213
Tobias Harris,,,be60e6f50fc77fc3a3cf6925472bad91,2026-05-03,19:40,threes,1.5,125.0,,True,betmgm,2026-05-02T14:19:15.712215
Tobias Harris,,,be60e6f50fc77fc3a3cf6925472bad91,2026-05-03,19:40,threes,0.5,-350.0,,True,betmgm,2026-05-02T14:19:15.712217
Duncan Robinson,,,be60e6f50fc77fc3a3cf6925472bad91,2026-05-03,19:40,threes,4.5,525.0,,True,betmgm,2026-05-02T14:19:15.712218
Duncan Robinson,,,be60e6f50fc77fc3a3cf6925472bad91,2026-05-03,19:40,threes,3.5,230.0,,True,betmgm,2026-05-02T14:19:15.712220
Duncan Robinson,,,be60e6f50fc77fc3a3cf6925472bad91,2026-05-03,19:40,threes,0.5,-2000.0,,True,betmgm,2026-05-02T14:19:15.712222
Paolo Banchero,,,be60e6f50fc77fc3a3cf6925472bad91,2026-05-03,19:40,threes,0.5,-400.0,,True,betmgm,2026-05-02T14:19:15.712223
Tobias Harris,,,be60e6f50fc77fc3a3cf6925472bad91,2026-05-03,19:40,threes,2.5,380.0,,True,betmgm,2026-05-02T14:19:15.712225
Jalen Suggs,,,be60e6f50fc77fc3a3cf6925472bad91,2026-05-03,19:40,threes,2.5,125.0,,True,betmgm,2026-05-02T14:19:15.712226
Jalen Suggs,,,be60e6f50fc77fc3a3cf6925472bad91,2026-05-03,19:40,threes,1.5,-235.0,,True,betmgm,2026-05-02T14:19:15.712228
Jalen Suggs,,,be60e6f50fc77fc3a3cf6925472bad91,2026-05-03,19:40,threes,4.5,700.0,,True,betmgm,2026-05-02T14:19:15.712230
Paolo Banchero,,,be60e6f50fc77fc3a3cf6925472bad91,2026-05-03,19:40,threes,1.5,110.0,,True,betmgm,2026-05-02T14:19:15.712231
Desmond Bane,,,be60e6f50fc77fc3a3cf6925472bad91,2026-05-03,19:40,threes,3.5,240.0,,True,betmgm,2026-05-02T14:19:15.712233
Paolo Banchero,,,be60e6f50fc77fc3a3cf6925472bad91,2026-05-03,19:40,threes,3.5,825.0,,True,betmgm,2026-05-02T14:19:15.712235
Cade Cunningham,,,be60e6f50fc77fc3a3cf6925472bad91,2026-05-03,19:40,threes,0.5,-1600.0,,True,betmgm,2026-05-02T14:19:15.712236
Jalen Suggs,,,be60e6f50fc77fc3a3cf6925472bad91,2026-05-03,19:40,threes,0.5,-1100.0,,True,betmgm,2026-05-02T14:19:15.712238
Paolo Banchero,,,be60e6f50fc77fc3a3cf6925472bad91,2026-05-03,19:40,threes,2.5,333.0,,True,betmgm,2026-05-02T14:19:15.712240
Desmond Bane,,,be60e6f50fc77fc3a3cf6925472bad91,2026-05-03,19:40,threes,0.5,-1600.0,,True,betmgm,2026-05-02T14:19:15.712241
Desmond Bane,,,be60e6f50fc77fc3a3cf6925472bad91,2026-05-03,19:40,threes,4.5,525.0,,True,betmgm,2026-05-02T14:19:15.712243
Cade Cunningham,,,be60e6f50fc77fc3a3cf6925472bad91,2026-05-03,19:40,threes,4.5,575.0,,True,betmgm,2026-05-02T14:19:15.712245
Jalen Suggs,,,be60e6f50fc77fc3a3cf6925472bad91,2026-05-03,19:40,threes,3.5,310.0,,True,betmgm,2026-05-02T14:19:15.712248
Cade Cunningham,,,be60e6f50fc77fc3a3cf6925472bad91,2026-05-03,19:40,threes,3.5,250.0,,True,betmgm,2026-05-02T14:19:15.712250
Desmond Bane,,,be60e6f50fc77fc3a3cf6925472bad91,2026-05-03,19:40,threes,2.5,100.0,,True,betmgm,2026-05-02T14:19:15.712252
Duncan Robinson,,,be60e6f50fc77fc3a3cf6925472bad91,2026-05-03,19:40,threes,1.5,-325.0,,True,betmgm,2026-05-02T14:19:15.712253
Desmond Bane,,,be60e6f50fc77fc3a3cf6925472bad91,2026-05-03,19:40,threes,1.5,-295.0,,True,betmgm,2026-05-02T14:19:15.712255
Anthony Black,,,be60e6f50fc77fc3a3cf6925472bad91,2026-05-03,19:40,threes,2.5,500.0,,True,betmgm,2026-05-02T14:19:15.712257
Anthony Black,,,be60e6f50fc77fc3a3cf6925472bad91,2026-05-03,19:40,threes,0.5,-275.0,,True,betmgm,2026-05-02T14:19:15.712258
Anthony Black,,,be60e6f50fc77fc3a3cf6925472bad91,2026-05-03,19:40,threes,1.5,160.0,,True,betmgm,2026-05-02T14:19:15.712260
Evan Mobley,,,a463f640631f8b0580966b909965de14,2026-05-03,23:40,assists,2.5,-150.0,110.0,False,betmgm,2026-05-02T14:19:15.770232
Donovan Mitchell,,,a463f640631f8b0580966b909965de14,2026-05-03,23:40,assists,4.5,120.0,-160.0,False,betmgm,2026-05-02T14:19:15.770233
Max Strus,,,a463f640631f8b0580966b909965de14,2026-05-03,23:40,assists,2.5,135.0,-185.0,False,betmgm,2026-05-02T14:19:15.770235
James Harden,,,a463f640631f8b0580966b909965de14,2026-05-03,23:40,assists,6.5,-125.0,-105.0,False,betmgm,2026-05-02T14:19:15.770237
Scottie Barnes,,,a463f640631f8b0580966b909965de14,2026-05-03,23:40,assists,7.5,-115.0,-115.0,False,betmgm,2026-05-02T14:19:15.770238
Ja'Kobe Walter,,,a463f640631f8b0580966b909965de14,2026-05-03,23:40,assists,1.5,-130.0,-105.0,False,betmgm,2026-05-02T14:19:15.770240
Jarrett Allen,,,a463f640631f8b0580966b909965de14,2026-05-03,23:40,assists,1.5,150.0,-200.0,False,betmgm,2026-05-02T14:19:15.770242
R.J. Barrett,,,a463f640631f8b0580966b909965de14,2026-05-03,23:40,assists,3.5,-111.0,-118.0,False,betmgm,2026-05-02T14:19:15.770243
Jakob Poeltl,,,a463f640631f8b0580966b909965de14,2026-05-03,23:40,assists,1.5,100.0,-135.0,False,betmgm,2026-05-02T14:19:15.770245
Donovan Mitchell,,,a463f640631f8b0580966b909965de14,2026-05-03,23:40,assists,4.5,120.0,,True,betmgm,2026-05-02T14:19:15.770254
Donovan Mitchell,,,a463f640631f8b0580966b909965de14,2026-05-03,23:40,assists,6.5,475.0,,True,betmgm,2026-05-02T14:19:15.770256
Evan Mobley,,,a463f640631f8b0580966b909965de14,2026-05-03,23:40,assists,4.5,380.0,,True,betmgm,2026-05-02T14:19:15.770258
James Harden,,,a463f640631f8b0580966b909965de14,2026-05-03,23:40,assists,4.5,-525.0,,True,betmgm,2026-05-02T14:19:15.770259
Evan Mobley,,,a463f640631f8b0580966b909965de14,2026-05-03,23:40,assists,2.5,-150.0,,True,betmgm,2026-05-02T14:19:15.770261
Donovan Mitchell,,,a463f640631f8b0580966b909965de14,2026-05-03,23:40,assists,2.5,-500.0,,True,betmgm,2026-05-02T14:19:15.770263
James Harden,,,a463f640631f8b0580966b909965de14,2026-05-03,23:40,assists,9.5,450.0,,True,betmgm,2026-05-02T14:19:15.770264
R.J. Barrett,,,a463f640631f8b0580966b909965de14,2026-05-03,23:40,assists,4.5,195.0,,True,betmgm,2026-05-02T14:19:15.770266
James Harden,,,a463f640631f8b0580966b909965de14,2026-05-03,23:40,assists,6.5,-125.0,,True,betmgm,2026-05-02T14:19:15.770268
Max Strus,,,a463f640631f8b0580966b909965de14,2026-05-03,23:40,assists,4.5,750.0,,True,betmgm,2026-05-02T14:19:15.770269
Scottie Barnes,,,a463f640631f8b0580966b909965de14,2026-05-03,23:40,assists,4.5,-900.0,,True,betmgm,2026-05-02T14:19:15.770271
R.J. Barrett,,,a463f640631f8b0580966b909965de14,2026-05-03,23:40,assists,6.5,750.0,,True,betmgm,2026-05-02T14:19:15.770273
Scottie Barnes,,,a463f640631f8b0580966b909965de14,2026-05-03,23:40,assists,6.5,-210.0,,True,betmgm,2026-05-02T14:19:15.770274
Scottie Barnes,,,a463f640631f8b0580966b909965de14,2026-05-03,23:40,assists,9.5,250.0,,True,betmgm,2026-05-02T14:19:15.770276
R.J. Barrett,,,a463f640631f8b0580966b909965de14,2026-05-03,23:40,assists,2.5,-275.0,,True,betmgm,2026-05-02T14:19:15.770280
James Harden,,,a463f640631f8b0580966b909965de14,2026-05-03,23:40,points,20.5,-105.0,-125.0,False,betmgm,2026-05-02T14:19:15.770290
Evan Mobley,,,a463f640631f8b0580966b909965de14,2026-05-03,23:40,points,16.5,-115.0,-115.0,False,betmgm,2026-05-02T14:19:15.770292
Max Strus,,,a463f640631f8b0580966b909965de14,2026-05-03,23:40,points,9.5,105.0,-140.0,False,betmgm,2026-05-02T14:19:15.770293
Donovan Mitchell,,,a463f640631f8b0580966b909965de14,2026-05-03,23:40,points,25.5,-105.0,-125.0,False,betmgm,2026-05-02T14:19:15.770295
Jarrett Allen,,,a463f640631f8b0580966b909965de14,2026-05-03,23:40,points,11.5,-125.0,-105.0,False,betmgm,2026-05-02T14:19:15.770297
R.J. Barrett,,,a463f640631f8b0580966b909965de14,2026-05-03,23:40,points,23.5,-110.0,-120.0,False,betmgm,2026-05-02T14:19:15.770298
Ja'Kobe Walter,,,a463f640631f8b0580966b909965de14,2026-05-03,23:40,points,11.5,-115.0,-115.0,False,betmgm,2026-05-02T14:19:15.770300
Scottie Barnes,,,a463f640631f8b0580966b909965de14,2026-05-03,23:40,points,20.5,-120.0,-110.0,False,betmgm,2026-05-02T14:19:15.770301
Jakob Poeltl,,,a463f640631f8b0580966b909965de14,2026-05-03,23:40,points,7.5,-135.0,100.0,False,betmgm,2026-05-02T14:19:15.770303
James Harden,,,a463f640631f8b0580966b909965de14,2026-05-03,23:40,points,19.5,-150.0,,True,betmgm,2026-05-02T14:19:15.770319
Donovan Mitchell,,,a463f640631f8b0580966b909965de14,2026-05-03,23:40,points,29.5,210.0,,True,betmgm,2026-05-02T14:19:15.770321
James Harden,,,a463f640631f8b0580966b909965de14,2026-05-03,23:40,points,29.5,550.0,,True,betmgm,2026-05-02T14:19:15.770322
Max Strus,,,a463f640631f8b0580966b909965de14,2026-05-03,23:40,points,14.5,390.0,,True,betmgm,2026-05-02T14:19:15.770324
Donovan Mitchell,,,a463f640631f8b0580966b909965de14,2026-05-03,23:40,points,19.5,-450.0,,True,betmgm,2026-05-02T14:19:15.770326
Max Strus,,,a463f640631f8b0580966b909965de14,2026-05-03,23:40,points,9.5,100.0,,True,betmgm,2026-05-02T14:19:15.770327
Donovan Mitchell,,,a463f640631f8b0580966b909965de14,2026-05-03,23:40,points,24.5,-135.0,,True,betmgm,2026-05-02T14:19:15.770329
Donovan Mitchell,,,a463f640631f8b0580966b909965de14,2026-05-03,23:40,points,34.5,550.0,,True,betmgm,2026-05-02T14:19:15.770331
Evan Mobley,,,a463f640631f8b0580966b909965de14,2026-05-03,23:40,points,9.5,-1200.0,,True,betmgm,2026-05-02T14:19:15.770332
Evan Mobley,,,a463f640631f8b0580966b909965de14,2026-05-03,23:40,points,24.5,600.0,,True,betmgm,2026-05-02T14:19:15.770334
James Harden,,,a463f640631f8b0580966b909965de14,2026-05-03,23:40,points,14.5,-525.0,,True,betmgm,2026-05-02T14:19:15.770336
Ja'Kobe Walter,,,a463f640631f8b0580966b909965de14,2026-05-03,23:40,points,19.5,575.0,,True,betmgm,2026-05-02T14:19:15.770337
Jarrett Allen,,,a463f640631f8b0580966b909965de14,2026-05-03,23:40,points,14.5,210.0,,True,betmgm,2026-05-02T14:19:15.770339
James Harden,,,a463f640631f8b0580966b909965de14,2026-05-03,23:40,points,24.5,200.0,,True,betmgm,2026-05-02T14:19:15.770341
R.J. Barrett,,,a463f640631f8b0580966b909965de14,2026-05-03,23:40,points,34.5,750.0,,True,betmgm,2026-05-02T14:19:15.770342
Ja'Kobe Walter,,,a463f640631f8b0580966b909965de14,2026-05-03,23:40,points,9.5,-200.0,,True,betmgm,2026-05-02T14:19:15.770344
Scottie Barnes,,,a463f640631f8b0580966b909965de14,2026-05-03,23:40,points,14.5,-600.0,,True,betmgm,2026-05-02T14:19:15.770346
R.J. Barrett,,,a463f640631f8b0580966b909965de14,2026-05-03,23:40,points,24.5,110.0,,True,betmgm,2026-05-02T14:19:15.770349
R.J. Barrett,,,a463f640631f8b0580966b909965de14,2026-05-03,23:40,points,29.5,300.0,,True,betmgm,2026-05-02T14:19:15.770351
Scottie Barnes,,,a463f640631f8b0580966b909965de14,2026-05-03,23:40,points,24.5,200.0,,True,betmgm,2026-05-02T14:19:15.770354
Evan Mobley,,,a463f640631f8b0580966b909965de14,2026-05-03,23:40,points,14.5,-200.0,,True,betmgm,2026-05-02T14:19:15.770356
R.J. Barrett,,,a463f640631f8b0580966b909965de14,2026-05-03,23:40,points,14.5,-1100.0,,True,betmgm,2026-05-02T14:19:15.770358
Evan Mobley,,,a463f640631f8b0580966b909965de14,2026-05-03,23:40,points,19.5,180.0,,True,betmgm,2026-05-02T14:19:15.770361
R.J. Barrett,,,a463f640631f8b0580966b909965de14,2026-05-03,23:40,points,19.5,-275.0,,True,betmgm,2026-05-02T14:19:15.770363
Scottie Barnes,,,a463f640631f8b0580966b909965de14,2026-05-03,23:40,points,19.5,-155.0,,True,betmgm,2026-05-02T14:19:15.770365
Ja'Kobe Walter,,,a463f640631f8b0580966b909965de14,2026-05-03,23:40,points,14.5,185.0,,True,betmgm,2026-05-02T14:19:15.770366
Jarrett Allen,,,a463f640631f8b0580966b909965de14,2026-05-03,23:40,points,9.5,-250.0,,True,betmgm,2026-05-02T14:19:15.770368
Jarrett Allen,,,a463f640631f8b0580966b909965de14,2026-05-03,23:40,points,19.5,825.0,,True,betmgm,2026-05-02T14:19:15.770370
Scottie Barnes,,,a463f640631f8b0580966b909965de14,2026-05-03,23:40,points,29.5,550.0,,True,betmgm,2026-05-02T14:19:15.770371
Jakob Poeltl,,,a463f640631f8b0580966b909965de14,2026-05-03,23:40,points,14.5,775.0,,True,betmgm,2026-05-02T14:19:15.770373
Jakob Poeltl,,,a463f640631f8b0580966b909965de14,2026-05-03,23:40,points,9.5,155.0,,True,betmgm,2026-05-02T14:19:15.770375
Max Strus,,,a463f640631f8b0580966b909965de14,2026-05-03,23:40,rebounds,4.5,100.0,-135.0,False,betmgm,2026-05-02T14:19:15.770386
Donovan Mitchell,,,a463f640631f8b0580966b909965de14,2026-05-03,23:40,rebounds,4.5,120.0,-160.0,False,betmgm,2026-05-02T14:19:15.770387
James Harden,,,a463f640631f8b0580966b909965de14,2026-05-03,23:40,rebounds,4.5,105.0,-140.0,False,betmgm,2026-05-02T14:19:15.770389
Jarrett Allen,,,a463f640631f8b0580966b909965de14,2026-05-03,23:40,rebounds,7.5,100.0,-135.0,False,betmgm,2026-05-02T14:19:15.770391
Evan Mobley,,,a463f640631f8b0580966b909965de14,2026-05-03,23:40,rebounds,8.5,-115.0,-115.0,False,betmgm,2026-05-02T14:19:15.770392
Ja'Kobe Walter,,,a463f640631f8b0580966b909965de14,2026-05-03,23:40,rebounds,3.5,-140.0,105.0,False,betmgm,2026-05-02T14:19:15.770394
R.J. Barrett,,,a463f640631f8b0580966b909965de14,2026-05-03,23:40,rebounds,5.5,-135.0,100.0,False,betmgm,2026-05-02T14:19:15.770396
Scottie Barnes,,,a463f640631f8b0580966b909965de14,2026-05-03,23:40,rebounds,6.5,-140.0,105.0,False,betmgm,2026-05-02T14:19:15.770397
Jakob Poeltl,,,a463f640631f8b0580966b909965de14,2026-05-03,23:40,rebounds,5.5,-125.0,-105.0,False,betmgm,2026-05-02T14:19:15.770399
Evan Mobley,,,a463f640631f8b0580966b909965de14,2026-05-03,23:40,rebounds,9.5,140.0,,True,betmgm,2026-05-02T14:19:15.770415
Max Strus,,,a463f640631f8b0580966b909965de14,2026-05-03,23:40,rebounds,4.5,100.0,,True,betmgm,2026-05-02T14:19:15.770417
Donovan Mitchell,,,a463f640631f8b0580966b909965de14,2026-05-03,23:40,rebounds,2.5,-450.0,,True,betmgm,2026-05-02T14:19:15.770418
Max Strus,,,a463f640631f8b0580966b909965de14,2026-05-03,23:40,rebounds,6.5,375.0,,True,betmgm,2026-05-02T14:19:15.770420
Donovan Mitchell,,,a463f640631f8b0580966b909965de14,2026-05-03,23:40,rebounds,4.5,120.0,,True,betmgm,2026-05-02T14:19:15.770421
Evan Mobley,,,a463f640631f8b0580966b909965de14,2026-05-03,23:40,rebounds,12.5,575.0,,True,betmgm,2026-05-02T14:19:15.770423
Evan Mobley,,,a463f640631f8b0580966b909965de14,2026-05-03,23:40,rebounds,4.5,-2000.0,,True,betmgm,2026-05-02T14:19:15.770425
James Harden,,,a463f640631f8b0580966b909965de14,2026-05-03,23:40,rebounds,4.5,100.0,,True,betmgm,2026-05-02T14:19:15.770426
Donovan Mitchell,,,a463f640631f8b0580966b909965de14,2026-05-03,23:40,rebounds,6.5,450.0,,True,betmgm,2026-05-02T14:19:15.770428
James Harden,,,a463f640631f8b0580966b909965de14,2026-05-03,23:40,rebounds,2.5,-550.0,,True,betmgm,2026-05-02T14:19:15.770430
Ja'Kobe Walter,,,a463f640631f8b0580966b909965de14,2026-05-03,23:40,rebounds,4.5,155.0,,True,betmgm,2026-05-02T14:19:15.770431
Scottie Barnes,,,a463f640631f8b0580966b909965de14,2026-05-03,23:40,rebounds,4.5,-550.0,,True,betmgm,2026-05-02T14:19:15.770433
Jarrett Allen,,,a463f640631f8b0580966b909965de14,2026-05-03,23:40,rebounds,4.5,-750.0,,True,betmgm,2026-05-02T14:19:15.770435
Jarrett Allen,,,a463f640631f8b0580966b909965de14,2026-05-03,23:40,rebounds,6.5,-185.0,,True,betmgm,2026-05-02T14:19:15.770441
Evan Mobley,,,a463f640631f8b0580966b909965de14,2026-05-03,23:40,rebounds,6.5,-375.0,,True,betmgm,2026-05-02T14:19:15.770443
R.J. Barrett,,,a463f640631f8b0580966b909965de14,2026-05-03,23:40,rebounds,2.5,-2000.0,,True,betmgm,2026-05-02T14:19:15.770445
R.J. Barrett,,,a463f640631f8b0580966b909965de14,2026-05-03,23:40,rebounds,4.5,-275.0,,True,betmgm,2026-05-02T14:19:15.770446
Ja'Kobe Walter,,,a463f640631f8b0580966b909965de14,2026-05-03,23:40,rebounds,6.5,575.0,,True,betmgm,2026-05-02T14:19:15.770448
Scottie Barnes,,,a463f640631f8b0580966b909965de14,2026-05-03,23:40,rebounds,6.5,-145.0,,True,betmgm,2026-05-02T14:19:15.770450
Ja'Kobe Walter,,,a463f640631f8b0580966b909965de14,2026-05-03,23:40,rebounds,2.5,-325.0,,True,betmgm,2026-05-02T14:19:15.770451
James Harden,,,a463f640631f8b0580966b909965de14,2026-05-03,23:40,rebounds,6.5,390.0,,True,betmgm,2026-05-02T14:19:15.770453
R.J. Barrett,,,a463f640631f8b0580966b909965de14,2026-05-03,23:40,rebounds,9.5,700.0,,True,betmgm,2026-05-02T14:19:15.770455
Scottie Barnes,,,a463f640631f8b0580966b909965de14,2026-05-03,23:40,rebounds,9.5,340.0,,True,betmgm,2026-05-02T14:19:15.770456
R.J. Barrett,,,a463f640631f8b0580966b909965de14,2026-05-03,23:40,rebounds,6.5,135.0,,True,betmgm,2026-05-02T14:19:15.770458
Jarrett Allen,,,a463f640631f8b0580966b909965de14,2026-05-03,23:40,rebounds,9.5,280.0,,True,betmgm,2026-05-02T14:19:15.770460
Max Strus,,,a463f640631f8b0580966b909965de14,2026-05-03,23:40,rebounds,2.5,-550.0,,True,betmgm,2026-05-02T14:19:15.770461
Jakob Poeltl,,,a463f640631f8b0580966b909965de14,2026-05-03,23:40,rebounds,2.5,-1600.0,,True,betmgm,2026-05-02T14:19:15.770463
Jakob Poeltl,,,a463f640631f8b0580966b909965de14,2026-05-03,23:40,rebounds,9.5,750.0,,True,betmgm,2026-05-02T14:19:15.770466
Jakob Poeltl,,,a463f640631f8b0580966b909965de14,2026-05-03,23:40,rebounds,6.5,145.0,,True,betmgm,2026-05-02T14:19:15.770468
Jakob Poeltl,,,a463f640631f8b0580966b909965de14,2026-05-03,23:40,rebounds,4.5,-250.0,,True,betmgm,2026-05-02T14:19:15.770470
Donovan Mitchell,,,a463f640631f8b0580966b909965de14,2026-05-03,23:40,threes,2.5,-125.0,-105.0,False,betmgm,2026-05-02T14:19:15.770479
James Harden,,,a463f640631f8b0580966b909965de14,2026-05-03,23:40,threes,2.5,-150.0,110.0,False,betmgm,2026-05-02T14:19:15.770481
Max Strus,,,a463f640631f8b0580966b909965de14,2026-05-03,23:40,threes,2.5,120.0,-160.0,False,betmgm,2026-05-02T14:19:15.770483
Evan Mobley,,,a463f640631f8b0580966b909965de14,2026-05-03,23:40,threes,0.5,-165.0,125.0,False,betmgm,2026-05-02T14:19:15.770484
Ja'Kobe Walter,,,a463f640631f8b0580966b909965de14,2026-05-03,23:40,threes,2.5,-115.0,-115.0,False,betmgm,2026-05-02T14:19:15.770486
Scottie Barnes,,,a463f640631f8b0580966b909965de14,2026-05-03,23:40,threes,1.5,195.0,-275.0,False,betmgm,2026-05-02T14:19:15.770488
R.J. Barrett,,,a463f640631f8b0580966b909965de14,2026-05-03,23:40,threes,1.5,-150.0,110.0,False,betmgm,2026-05-02T14:19:15.770489
James Harden,,,a463f640631f8b0580966b909965de14,2026-05-03,23:40,threes,1.5,-450.0,,True,betmgm,2026-05-02T14:19:15.770504
Max Strus,,,a463f640631f8b0580966b909965de14,2026-05-03,23:40,threes,2.5,115.0,,True,betmgm,2026-05-02T14:19:15.770506
James Harden,,,a463f640631f8b0580966b909965de14,2026-05-03,23:40,threes,3.5,165.0,,True,betmgm,2026-05-02T14:19:15.770508
Evan Mobley,,,a463f640631f8b0580966b909965de14,2026-05-03,23:40,threes,1.5,270.0,,True,betmgm,2026-05-02T14:19:15.770509
Max Strus,,,a463f640631f8b0580966b909965de14,2026-05-03,23:40,threes,0.5,-1400.0,,True,betmgm,2026-05-02T14:19:15.770511
James Harden,,,a463f640631f8b0580966b909965de14,2026-05-03,23:40,threes,2.5,-150.0,,True,betmgm,2026-05-02T14:19:15.770513
Evan Mobley,,,a463f640631f8b0580966b909965de14,2026-05-03,23:40,threes,2.5,825.0,,True,betmgm,2026-05-02T14:19:15.770516
Max Strus,,,a463f640631f8b0580966b909965de14,2026-05-03,23:40,threes,4.5,650.0,,True,betmgm,2026-05-02T14:19:15.770518
Donovan Mitchell,,,a463f640631f8b0580966b909965de14,2026-05-03,23:40,threes,4.5,425.0,,True,betmgm,2026-05-02T14:19:15.770521
Donovan Mitchell,,,a463f640631f8b0580966b909965de14,2026-05-03,23:40,threes,2.5,-125.0,,True,betmgm,2026-05-02T14:19:15.770523
James Harden,,,a463f640631f8b0580966b909965de14,2026-05-03,23:40,threes,4.5,375.0,,True,betmgm,2026-05-02T14:19:15.770525
Max Strus,,,a463f640631f8b0580966b909965de14,2026-05-03,23:40,threes,3.5,300.0,,True,betmgm,2026-05-02T14:19:15.770526
Max Strus,,,a463f640631f8b0580966b909965de14,2026-05-03,23:40,threes,1.5,-250.0,,True,betmgm,2026-05-02T14:19:15.770528
Evan Mobley,,,a463f640631f8b0580966b909965de14,2026-05-03,23:40,threes,0.5,-165.0,,True,betmgm,2026-05-02T14:19:15.770530
R.J. Barrett,,,a463f640631f8b0580966b909965de14,2026-05-03,23:40,threes,2.5,195.0,,True,betmgm,2026-05-02T14:19:15.770531
R.J. Barrett,,,a463f640631f8b0580966b909965de14,2026-05-03,23:40,threes,1.5,-155.0,,True,betmgm,2026-05-02T14:19:15.770533
Donovan Mitchell,,,a463f640631f8b0580966b909965de14,2026-05-03,23:40,threes,1.5,-375.0,,True,betmgm,2026-05-02T14:19:15.770535
Ja'Kobe Walter,,,a463f640631f8b0580966b909965de14,2026-05-03,23:40,threes,0.5,-2000.0,,True,betmgm,2026-05-02T14:19:15.770536
Ja'Kobe Walter,,,a463f640631f8b0580966b909965de14,2026-05-03,23:40,threes,2.5,-115.0,,True,betmgm,2026-05-02T14:19:15.770538
Scottie Barnes,,,a463f640631f8b0580966b909965de14,2026-05-03,23:40,threes,0.5,-250.0,,True,betmgm,2026-05-02T14:19:15.770540
Ja'Kobe Walter,,,a463f640631f8b0580966b909965de14,2026-05-03,23:40,threes,3.5,200.0,,True,betmgm,2026-05-02T14:19:15.770541
Ja'Kobe Walter,,,a463f640631f8b0580966b909965de14,2026-05-03,23:40,threes,4.5,450.0,,True,betmgm,2026-05-02T14:19:15.770543
Scottie Barnes,,,a463f640631f8b0580966b909965de14,2026-05-03,23:40,threes,2.5,525.0,,True,betmgm,2026-05-02T14:19:15.770545
R.J. Barrett,,,a463f640631f8b0580966b909965de14,2026-05-03,23:40,threes,0.5,-700.0,,True,betmgm,2026-05-02T14:19:15.770546
Scottie Barnes,,,a463f640631f8b0580966b909965de14,2026-05-03,23:40,threes,1.5,165.0,,True,betmgm,2026-05-02T14:19:15.770548
R.J. Barrett,,,a463f640631f8b0580966b909965de14,2026-05-03,23:40,threes,3.5,475.0,,True,betmgm,2026-05-02T14:19:15.770550
Donovan Mitchell,,,a463f640631f8b0580966b909965de14,2026-05-03,23:40,threes,3.5,195.0,,True,betmgm,2026-05-02T14:19:15.770551
Ja'Kobe Walter,,,a463f640631f8b0580966b909965de14,2026-05-03,23:40,threes,1.5,-350.0,,True,betmgm,2026-05-02T14:19:15.770553
De'Aaron Fox,,,219920e3a715ceb3dc69f3638f7571d5,2026-05-05,01:40,assists,6.5,110.0,-150.0,False,betmgm,2026-05-02T14:19:15.846667
Victor Wembanyama,,,219920e3a715ceb3dc69f3638f7571d5,2026-05-05,01:40,assists,3.5,130.0,-175.0,False,betmgm,2026-05-02T14:19:15.846668
Devin Vassell,,,219920e3a715ceb3dc69f3638f7571d5,2026-05-05,01:40,assists,2.5,100.0,-135.0,False,betmgm,2026-05-02T14:19:15.846670
Stephon Castle,,,219920e3a715ceb3dc69f3638f7571d5,2026-05-05,01:40,assists,7.5,-105.0,-125.0,False,betmgm,2026-05-02T14:19:15.846674
Ayo Dosunmu,,,219920e3a715ceb3dc69f3638f7571d5,2026-05-05,01:40,assists,3.5,-165.0,125.0,False,betmgm,2026-05-02T14:19:15.846675
Jaden McDaniels,,,219920e3a715ceb3dc69f3638f7571d5,2026-05-05,01:40,assists,2.5,-120.0,-110.0,False,betmgm,2026-05-02T14:19:15.846677
Mike Conley,,,219920e3a715ceb3dc69f3638f7571d5,2026-05-05,01:40,assists,3.5,-155.0,115.0,False,betmgm,2026-05-02T14:19:15.846678
Julius Randle,,,219920e3a715ceb3dc69f3638f7571d5,2026-05-05,01:40,assists,4.5,-110.0,-120.0,False,betmgm,2026-05-02T14:19:15.846681
Rudy Gobert,,,219920e3a715ceb3dc69f3638f7571d5,2026-05-05,01:40,assists,1.5,-120.0,-110.0,False,betmgm,2026-05-02T14:19:15.846683
Stephon Castle,,,219920e3a715ceb3dc69f3638f7571d5,2026-05-05,01:40,assists,9.5,280.0,,True,betmgm,2026-05-02T14:19:15.846694
Stephon Castle,,,219920e3a715ceb3dc69f3638f7571d5,2026-05-05,01:40,assists,6.5,-200.0,,True,betmgm,2026-05-02T14:19:15.846696
Stephon Castle,,,219920e3a715ceb3dc69f3638f7571d5,2026-05-05,01:40,assists,4.5,-900.0,,True,betmgm,2026-05-02T14:19:15.846698
De'Aaron Fox,,,219920e3a715ceb3dc69f3638f7571d5,2026-05-05,01:40,assists,6.5,110.0,,True,betmgm,2026-05-02T14:19:15.846699
De'Aaron Fox,,,219920e3a715ceb3dc69f3638f7571d5,2026-05-05,01:40,assists,4.5,-350.0,,True,betmgm,2026-05-02T14:19:15.846701
De'Aaron Fox,,,219920e3a715ceb3dc69f3638f7571d5,2026-05-05,01:40,assists,9.5,625.0,,True,betmgm,2026-05-02T14:19:15.846703
Mike Conley,,,219920e3a715ceb3dc69f3638f7571d5,2026-05-05,01:40,assists,2.5,-375.0,,True,betmgm,2026-05-02T14:19:15.846704
Mike Conley,,,219920e3a715ceb3dc69f3638f7571d5,2026-05-05,01:40,assists,4.5,140.0,,True,betmgm,2026-05-02T14:19:15.846706
Ayo Dosunmu,,,219920e3a715ceb3dc69f3638f7571d5,2026-05-05,01:40,assists,2.5,-450.0,,True,betmgm,2026-05-02T14:19:15.846708
Jaden McDaniels,,,219920e3a715ceb3dc69f3638f7571d5,2026-05-05,01:40,assists,2.5,-125.0,,True,betmgm,2026-05-02T14:19:15.846709
Devin Vassell,,,219920e3a715ceb3dc69f3638f7571d5,2026-05-05,01:40,assists,4.5,550.0,,True,betmgm,2026-05-02T14:19:15.846711
Mike Conley,,,219920e3a715ceb3dc69f3638f7571d5,2026-05-05,01:40,assists,6.5,550.0,,True,betmgm,2026-05-02T14:19:15.846713
Victor Wembanyama,,,219920e3a715ceb3dc69f3638f7571d5,2026-05-05,01:40,assists,4.5,300.0,,True,betmgm,2026-05-02T14:19:15.846716
Victor Wembanyama,,,219920e3a715ceb3dc69f3638f7571d5,2026-05-05,01:40,assists,2.5,-190.0,,True,betmgm,2026-05-02T14:19:15.846718
Julius Randle,,,219920e3a715ceb3dc69f3638f7571d5,2026-05-05,01:40,assists,6.5,333.0,,True,betmgm,2026-05-02T14:19:15.846719
Julius Randle,,,219920e3a715ceb3dc69f3638f7571d5,2026-05-05,01:40,assists,4.5,-110.0,,True,betmgm,2026-05-02T14:19:15.846721
Julius Randle,,,219920e3a715ceb3dc69f3638f7571d5,2026-05-05,01:40,assists,2.5,-600.0,,True,betmgm,2026-05-02T14:19:15.846723
Jaden McDaniels,,,219920e3a715ceb3dc69f3638f7571d5,2026-05-05,01:40,assists,4.5,425.0,,True,betmgm,2026-05-02T14:19:15.846724
Ayo Dosunmu,,,219920e3a715ceb3dc69f3638f7571d5,2026-05-05,01:40,assists,6.5,475.0,,True,betmgm,2026-05-02T14:19:15.846726
Ayo Dosunmu,,,219920e3a715ceb3dc69f3638f7571d5,2026-05-05,01:40,assists,4.5,125.0,,True,betmgm,2026-05-02T14:19:15.846727
Devin Vassell,,,219920e3a715ceb3dc69f3638f7571d5,2026-05-05,01:40,assists,2.5,100.0,,True,betmgm,2026-05-02T14:19:15.846729
De'Aaron Fox,,,219920e3a715ceb3dc69f3638f7571d5,2026-05-05,01:40,points,17.5,-115.0,-115.0,False,betmgm,2026-05-02T14:19:15.846740
Devin Vassell,,,219920e3a715ceb3dc69f3638f7571d5,2026-05-05,01:40,points,12.5,-105.0,-125.0,False,betmgm,2026-05-02T14:19:15.846742
Julian Champagnie,,,219920e3a715ceb3dc69f3638f7571d5,2026-05-05,01:40,points,8.5,-115.0,-115.0,False,betmgm,2026-05-02T14:19:15.846744
Mike Conley,,,219920e3a715ceb3dc69f3638f7571d5,2026-05-05,01:40,points,5.5,-135.0,100.0,False,betmgm,2026-05-02T14:19:15.846745
Stephon Castle,,,219920e3a715ceb3dc69f3638f7571d5,2026-05-05,01:40,points,17.5,-105.0,-125.0,False,betmgm,2026-05-02T14:19:15.846747
Julius Randle,,,219920e3a715ceb3dc69f3638f7571d5,2026-05-05,01:40,points,21.5,-110.0,-120.0,False,betmgm,2026-05-02T14:19:15.846751
Victor Wembanyama,,,219920e3a715ceb3dc69f3638f7571d5,2026-05-05,01:40,points,27.5,-125.0,-105.0,False,betmgm,2026-05-02T14:19:15.846752
Jaden McDaniels,,,219920e3a715ceb3dc69f3638f7571d5,2026-05-05,01:40,points,16.5,-135.0,100.0,False,betmgm,2026-05-02T14:19:15.846754
Ayo Dosunmu,,,219920e3a715ceb3dc69f3638f7571d5,2026-05-05,01:40,points,17.5,-105.0,-125.0,False,betmgm,2026-05-02T14:19:15.846756
Rudy Gobert,,,219920e3a715ceb3dc69f3638f7571d5,2026-05-05,01:40,points,9.5,100.0,-135.0,False,betmgm,2026-05-02T14:19:15.846757
De'Aaron Fox,,,219920e3a715ceb3dc69f3638f7571d5,2026-05-05,01:40,points,9.5,-1400.0,,True,betmgm,2026-05-02T14:19:15.846774
De'Aaron Fox,,,219920e3a715ceb3dc69f3638f7571d5,2026-05-05,01:40,points,19.5,140.0,,True,betmgm,2026-05-02T14:19:15.846776
De'Aaron Fox,,,219920e3a715ceb3dc69f3638f7571d5,2026-05-05,01:40,points,14.5,-250.0,,True,betmgm,2026-05-02T14:19:15.846778
De'Aaron Fox,,,219920e3a715ceb3dc69f3638f7571d5,2026-05-05,01:40,points,24.5,425.0,,True,betmgm,2026-05-02T14:19:15.846779
Julian Champagnie,,,219920e3a715ceb3dc69f3638f7571d5,2026-05-05,01:40,points,9.5,120.0,,True,betmgm,2026-05-02T14:19:15.846781
Stephon Castle,,,219920e3a715ceb3dc69f3638f7571d5,2026-05-05,01:40,points,14.5,-225.0,,True,betmgm,2026-05-02T14:19:15.846783
Julian Champagnie,,,219920e3a715ceb3dc69f3638f7571d5,2026-05-05,01:40,points,14.5,475.0,,True,betmgm,2026-05-02T14:19:15.846784
Stephon Castle,,,219920e3a715ceb3dc69f3638f7571d5,2026-05-05,01:40,points,19.5,155.0,,True,betmgm,2026-05-02T14:19:15.846786
Stephon Castle,,,219920e3a715ceb3dc69f3638f7571d5,2026-05-05,01:40,points,24.5,475.0,,True,betmgm,2026-05-02T14:19:15.846787
Devin Vassell,,,219920e3a715ceb3dc69f3638f7571d5,2026-05-05,01:40,points,9.5,-250.0,,True,betmgm,2026-05-02T14:19:15.846789
Jaden McDaniels,,,219920e3a715ceb3dc69f3638f7571d5,2026-05-05,01:40,points,14.5,-220.0,,True,betmgm,2026-05-02T14:19:15.846791
Ayo Dosunmu,,,219920e3a715ceb3dc69f3638f7571d5,2026-05-05,01:40,points,9.5,-1100.0,,True,betmgm,2026-05-02T14:19:15.846794
Devin Vassell,,,219920e3a715ceb3dc69f3638f7571d5,2026-05-05,01:40,points,14.5,165.0,,True,betmgm,2026-05-02T14:19:15.846796
Jaden McDaniels,,,219920e3a715ceb3dc69f3638f7571d5,2026-05-05,01:40,points,9.5,-1100.0,,True,betmgm,2026-05-02T14:19:15.846798
Rudy Gobert,,,219920e3a715ceb3dc69f3638f7571d5,2026-05-05,01:40,points,14.5,500.0,,True,betmgm,2026-05-02T14:19:15.846799
Rudy Gobert,,,219920e3a715ceb3dc69f3638f7571d5,2026-05-05,01:40,points,9.5,100.0,,True,betmgm,2026-05-02T14:19:15.846801
Ayo Dosunmu,,,219920e3a715ceb3dc69f3638f7571d5,2026-05-05,01:40,points,19.5,150.0,,True,betmgm,2026-05-02T14:19:15.846803
Victor Wembanyama,,,219920e3a715ceb3dc69f3638f7571d5,2026-05-05,01:40,points,29.5,120.0,,True,betmgm,2026-05-02T14:19:15.846804
Mike Conley,,,219920e3a715ceb3dc69f3638f7571d5,2026-05-05,01:40,points,9.5,325.0,,True,betmgm,2026-05-02T14:19:15.846806
Julius Randle,,,219920e3a715ceb3dc69f3638f7571d5,2026-05-05,01:40,points,14.5,-625.0,,True,betmgm,2026-05-02T14:19:15.846808
Victor Wembanyama,,,219920e3a715ceb3dc69f3638f7571d5,2026-05-05,01:40,points,19.5,-800.0,,True,betmgm,2026-05-02T14:19:15.846809
Jaden McDaniels,,,219920e3a715ceb3dc69f3638f7571d5,2026-05-05,01:40,points,19.5,155.0,,True,betmgm,2026-05-02T14:19:15.846811
Julius Randle,,,219920e3a715ceb3dc69f3638f7571d5,2026-05-05,01:40,points,19.5,-175.0,,True,betmgm,2026-05-02T14:19:15.846813
Ayo Dosunmu,,,219920e3a715ceb3dc69f3638f7571d5,2026-05-05,01:40,points,14.5,-220.0,,True,betmgm,2026-05-02T14:19:15.846814
Victor Wembanyama,,,219920e3a715ceb3dc69f3638f7571d5,2026-05-05,01:40,points,34.5,310.0,,True,betmgm,2026-05-02T14:19:15.846816
Devin Vassell,,,219920e3a715ceb3dc69f3638f7571d5,2026-05-05,01:40,points,19.5,550.0,,True,betmgm,2026-05-02T14:19:15.846818
Julius Randle,,,219920e3a715ceb3dc69f3638f7571d5,2026-05-05,01:40,points,24.5,170.0,,True,betmgm,2026-05-02T14:19:15.846819
Julius Randle,,,219920e3a715ceb3dc69f3638f7571d5,2026-05-05,01:40,points,29.5,450.0,,True,betmgm,2026-05-02T14:19:15.846823
Victor Wembanyama,,,219920e3a715ceb3dc69f3638f7571d5,2026-05-05,01:40,points,24.5,-235.0,,True,betmgm,2026-05-02T14:19:15.846825
Ayo Dosunmu,,,219920e3a715ceb3dc69f3638f7571d5,2026-05-05,01:40,points,24.5,425.0,,True,betmgm,2026-05-02T14:19:15.846826
Stephon Castle,,,219920e3a715ceb3dc69f3638f7571d5,2026-05-05,01:40,points,9.5,-1200.0,,True,betmgm,2026-05-02T14:19:15.846828
Victor Wembanyama,,,219920e3a715ceb3dc69f3638f7571d5,2026-05-05,01:40,points,39.5,750.0,,True,betmgm,2026-05-02T14:19:15.846830
Jaden McDaniels,,,219920e3a715ceb3dc69f3638f7571d5,2026-05-05,01:40,points,24.5,450.0,,True,betmgm,2026-05-02T14:19:15.846833
De'Aaron Fox,,,219920e3a715ceb3dc69f3638f7571d5,2026-05-05,01:40,rebounds,3.5,-165.0,125.0,False,betmgm,2026-05-02T14:19:15.846844
Victor Wembanyama,,,219920e3a715ceb3dc69f3638f7571d5,2026-05-05,01:40,rebounds,11.5,-135.0,100.0,False,betmgm,2026-05-02T14:19:15.846846
Stephon Castle,,,219920e3a715ceb3dc69f3638f7571d5,2026-05-05,01:40,rebounds,5.5,-120.0,-110.0,False,betmgm,2026-05-02T14:19:15.846848
Devin Vassell,,,219920e3a715ceb3dc69f3638f7571d5,2026-05-05,01:40,rebounds,4.5,120.0,-160.0,False,betmgm,2026-05-02T14:19:15.846849
Julian Champagnie,,,219920e3a715ceb3dc69f3638f7571d5,2026-05-05,01:40,rebounds,4.5,-135.0,100.0,False,betmgm,2026-05-02T14:19:15.846851
Julius Randle,,,219920e3a715ceb3dc69f3638f7571d5,2026-05-05,01:40,rebounds,6.5,-125.0,-105.0,False,betmgm,2026-05-02T14:19:15.846852
Jaden McDaniels,,,219920e3a715ceb3dc69f3638f7571d5,2026-05-05,01:40,rebounds,4.5,-105.0,-125.0,False,betmgm,2026-05-02T14:19:15.846854
Rudy Gobert,,,219920e3a715ceb3dc69f3638f7571d5,2026-05-05,01:40,rebounds,11.5,100.0,-135.0,False,betmgm,2026-05-02T14:19:15.846856
Ayo Dosunmu,,,219920e3a715ceb3dc69f3638f7571d5,2026-05-05,01:40,rebounds,4.5,125.0,-165.0,False,betmgm,2026-05-02T14:19:15.846857
Stephon Castle,,,219920e3a715ceb3dc69f3638f7571d5,2026-05-05,01:40,rebounds,6.5,150.0,,True,betmgm,2026-05-02T14:19:15.846888
De'Aaron Fox,,,219920e3a715ceb3dc69f3638f7571d5,2026-05-05,01:40,rebounds,2.5,-450.0,,True,betmgm,2026-05-02T14:19:15.846890
Stephon Castle,,,219920e3a715ceb3dc69f3638f7571d5,2026-05-05,01:40,rebounds,9.5,800.0,,True,betmgm,2026-05-02T14:19:15.846892
De'Aaron Fox,,,219920e3a715ceb3dc69f3638f7571d5,2026-05-05,01:40,rebounds,6.5,475.0,,True,betmgm,2026-05-02T14:19:15.846893
Julius Randle,,,219920e3a715ceb3dc69f3638f7571d5,2026-05-05,01:40,rebounds,6.5,-125.0,,True,betmgm,2026-05-02T14:19:15.846895
Jaden McDaniels,,,219920e3a715ceb3dc69f3638f7571d5,2026-05-05,01:40,rebounds,6.5,340.0,,True,betmgm,2026-05-02T14:19:15.846897
Ayo Dosunmu,,,219920e3a715ceb3dc69f3638f7571d5,2026-05-05,01:40,rebounds,4.5,120.0,,True,betmgm,2026-05-02T14:19:15.846898
Devin Vassell,,,219920e3a715ceb3dc69f3638f7571d5,2026-05-05,01:40,rebounds,6.5,450.0,,True,betmgm,2026-05-02T14:19:15.846900
Julius Randle,,,219920e3a715ceb3dc69f3638f7571d5,2026-05-05,01:40,rebounds,4.5,-500.0,,True,betmgm,2026-05-02T14:19:15.846902
Ayo Dosunmu,,,219920e3a715ceb3dc69f3638f7571d5,2026-05-05,01:40,rebounds,2.5,-450.0,,True,betmgm,2026-05-02T14:19:15.846903
Julian Champagnie,,,219920e3a715ceb3dc69f3638f7571d5,2026-05-05,01:40,rebounds,4.5,-140.0,,True,betmgm,2026-05-02T14:19:15.846905
Stephon Castle,,,219920e3a715ceb3dc69f3638f7571d5,2026-05-05,01:40,rebounds,2.5,-1600.0,,True,betmgm,2026-05-02T14:19:15.846907
Victor Wembanyama,,,219920e3a715ceb3dc69f3638f7571d5,2026-05-05,01:40,rebounds,12.5,120.0,,True,betmgm,2026-05-02T14:19:15.846908
Devin Vassell,,,219920e3a715ceb3dc69f3638f7571d5,2026-05-05,01:40,rebounds,4.5,120.0,,True,betmgm,2026-05-02T14:19:15.846910
Rudy Gobert,,,219920e3a715ceb3dc69f3638f7571d5,2026-05-05,01:40,rebounds,16.5,700.0,,True,betmgm,2026-05-02T14:19:15.846912
Stephon Castle,,,219920e3a715ceb3dc69f3638f7571d5,2026-05-05,01:40,rebounds,4.5,-250.0,,True,betmgm,2026-05-02T14:19:15.846913
Julian Champagnie,,,219920e3a715ceb3dc69f3638f7571d5,2026-05-05,01:40,rebounds,2.5,-750.0,,True,betmgm,2026-05-02T14:19:15.846921
Julius Randle,,,219920e3a715ceb3dc69f3638f7571d5,2026-05-05,01:40,rebounds,9.5,375.0,,True,betmgm,2026-05-02T14:19:15.846922
Victor Wembanyama,,,219920e3a715ceb3dc69f3638f7571d5,2026-05-05,01:40,rebounds,14.5,280.0,,True,betmgm,2026-05-02T14:19:15.846924
Rudy Gobert,,,219920e3a715ceb3dc69f3638f7571d5,2026-05-05,01:40,rebounds,6.5,-1600.0,,True,betmgm,2026-05-02T14:19:15.846926
Ayo Dosunmu,,,219920e3a715ceb3dc69f3638f7571d5,2026-05-05,01:40,rebounds,6.5,450.0,,True,betmgm,2026-05-02T14:19:15.846927
Victor Wembanyama,,,219920e3a715ceb3dc69f3638f7571d5,2026-05-05,01:40,rebounds,9.5,-375.0,,True,betmgm,2026-05-02T14:19:15.846929
Rudy Gobert,,,219920e3a715ceb3dc69f3638f7571d5,2026-05-05,01:40,rebounds,9.5,-250.0,,True,betmgm,2026-05-02T14:19:15.846931
De'Aaron Fox,,,219920e3a715ceb3dc69f3638f7571d5,2026-05-05,01:40,rebounds,4.5,125.0,,True,betmgm,2026-05-02T14:19:15.846932
Devin Vassell,,,219920e3a715ceb3dc69f3638f7571d5,2026-05-05,01:40,rebounds,2.5,-450.0,,True,betmgm,2026-05-02T14:19:15.846934
Jaden McDaniels,,,219920e3a715ceb3dc69f3638f7571d5,2026-05-05,01:40,rebounds,4.5,-105.0,,True,betmgm,2026-05-02T14:19:15.846936
Julian Champagnie,,,219920e3a715ceb3dc69f3638f7571d5,2026-05-05,01:40,rebounds,6.5,275.0,,True,betmgm,2026-05-02T14:19:15.846937
Jaden McDaniels,,,219920e3a715ceb3dc69f3638f7571d5,2026-05-05,01:40,rebounds,2.5,-550.0,,True,betmgm,2026-05-02T14:19:15.846939
Rudy Gobert,,,219920e3a715ceb3dc69f3638f7571d5,2026-05-05,01:40,rebounds,14.5,333.0,,True,betmgm,2026-05-02T14:19:15.846941
Rudy Gobert,,,219920e3a715ceb3dc69f3638f7571d5,2026-05-05,01:40,rebounds,12.5,150.0,,True,betmgm,2026-05-02T14:19:15.846942
Victor Wembanyama,,,219920e3a715ceb3dc69f3638f7571d5,2026-05-05,01:40,rebounds,16.5,625.0,,True,betmgm,2026-05-02T14:19:15.846944
Victor Wembanyama,,,219920e3a715ceb3dc69f3638f7571d5,2026-05-05,01:40,threes,2.5,115.0,-155.0,False,betmgm,2026-05-02T14:19:15.846957
Devin Vassell,,,219920e3a715ceb3dc69f3638f7571d5,2026-05-05,01:40,threes,2.5,125.0,-165.0,False,betmgm,2026-05-02T14:19:15.846959
De'Aaron Fox,,,219920e3a715ceb3dc69f3638f7571d5,2026-05-05,01:40,threes,1.5,-150.0,110.0,False,betmgm,2026-05-02T14:19:15.846960
Julian Champagnie,,,219920e3a715ceb3dc69f3638f7571d5,2026-05-05,01:40,threes,1.5,-175.0,130.0,False,betmgm,2026-05-02T14:19:15.846962
Stephon Castle,,,219920e3a715ceb3dc69f3638f7571d5,2026-05-05,01:40,threes,1.5,125.0,-165.0,False,betmgm,2026-05-02T14:19:15.846964
Ayo Dosunmu,,,219920e3a715ceb3dc69f3638f7571d5,2026-05-05,01:40,threes,1.5,-190.0,140.0,False,betmgm,2026-05-02T14:19:15.846965
Jaden McDaniels,,,219920e3a715ceb3dc69f3638f7571d5,2026-05-05,01:40,threes,1.5,-115.0,-115.0,False,betmgm,2026-05-02T14:19:15.846967
Julius Randle,,,219920e3a715ceb3dc69f3638f7571d5,2026-05-05,01:40,threes,1.5,105.0,-140.0,False,betmgm,2026-05-02T14:19:15.846969
Mike Conley,,,219920e3a715ceb3dc69f3638f7571d5,2026-05-05,01:40,threes,1.5,105.0,-140.0,False,betmgm,2026-05-02T14:19:15.846970
De'Aaron Fox,,,219920e3a715ceb3dc69f3638f7571d5,2026-05-05,01:40,threes,0.5,-700.0,,True,betmgm,2026-05-02T14:19:15.846989
De'Aaron Fox,,,219920e3a715ceb3dc69f3638f7571d5,2026-05-05,01:40,threes,2.5,200.0,,True,betmgm,2026-05-02T14:19:15.846991
Stephon Castle,,,219920e3a715ceb3dc69f3638f7571d5,2026-05-05,01:40,threes,0.5,-350.0,,True,betmgm,2026-05-02T14:19:15.846994
De'Aaron Fox,,,219920e3a715ceb3dc69f3638f7571d5,2026-05-05,01:40,threes,1.5,-150.0,,True,betmgm,2026-05-02T14:19:15.846996
Devin Vassell,,,219920e3a715ceb3dc69f3638f7571d5,2026-05-05,01:40,threes,3.5,320.0,,True,betmgm,2026-05-02T14:19:15.846998
Julian Champagnie,,,219920e3a715ceb3dc69f3638f7571d5,2026-05-05,01:40,threes,3.5,425.0,,True,betmgm,2026-05-02T14:19:15.846999
Julius Randle,,,219920e3a715ceb3dc69f3638f7571d5,2026-05-05,01:40,threes,3.5,750.0,,True,betmgm,2026-05-02T14:19:15.847001
Jaden McDaniels,,,219920e3a715ceb3dc69f3638f7571d5,2026-05-05,01:40,threes,0.5,-525.0,,True,betmgm,2026-05-02T14:19:15.847003
Mike Conley,,,219920e3a715ceb3dc69f3638f7571d5,2026-05-05,01:40,threes,1.5,105.0,,True,betmgm,2026-05-02T14:19:15.847007
Mike Conley,,,219920e3a715ceb3dc69f3638f7571d5,2026-05-05,01:40,threes,0.5,-450.0,,True,betmgm,2026-05-02T14:19:15.847008
Victor Wembanyama,,,219920e3a715ceb3dc69f3638f7571d5,2026-05-05,01:40,threes,0.5,-1400.0,,True,betmgm,2026-05-02T14:19:15.847010
Victor Wembanyama,,,219920e3a715ceb3dc69f3638f7571d5,2026-05-05,01:40,threes,3.5,300.0,,True,betmgm,2026-05-02T14:19:15.847012
Jaden McDaniels,,,219920e3a715ceb3dc69f3638f7571d5,2026-05-05,01:40,threes,1.5,-115.0,,True,betmgm,2026-05-02T14:19:15.847013
Jaden McDaniels,,,219920e3a715ceb3dc69f3638f7571d5,2026-05-05,01:40,threes,3.5,625.0,,True,betmgm,2026-05-02T14:19:15.847015
Devin Vassell,,,219920e3a715ceb3dc69f3638f7571d5,2026-05-05,01:40,threes,1.5,-235.0,,True,betmgm,2026-05-02T14:19:15.847017
Stephon Castle,,,219920e3a715ceb3dc69f3638f7571d5,2026-05-05,01:40,threes,1.5,125.0,,True,betmgm,2026-05-02T14:19:15.847018
Devin Vassell,,,219920e3a715ceb3dc69f3638f7571d5,2026-05-05,01:40,threes,2.5,125.0,,True,betmgm,2026-05-02T14:19:15.847020
Devin Vassell,,,219920e3a715ceb3dc69f3638f7571d5,2026-05-05,01:40,threes,0.5,-1200.0,,True,betmgm,2026-05-02T14:19:15.847021
Julian Champagnie,,,219920e3a715ceb3dc69f3638f7571d5,2026-05-05,01:40,threes,2.5,165.0,,True,betmgm,2026-05-02T14:19:15.847023
Julius Randle,,,219920e3a715ceb3dc69f3638f7571d5,2026-05-05,01:40,threes,1.5,100.0,,True,betmgm,2026-05-02T14:19:15.847025
Mike Conley,,,219920e3a715ceb3dc69f3638f7571d5,2026-05-05,01:40,threes,3.5,825.0,,True,betmgm,2026-05-02T14:19:15.847026
Julius Randle,,,219920e3a715ceb3dc69f3638f7571d5,2026-05-05,01:40,threes,0.5,-450.0,,True,betmgm,2026-05-02T14:19:15.847028
Ayo Dosunmu,,,219920e3a715ceb3dc69f3638f7571d5,2026-05-05,01:40,threes,0.5,-900.0,,True,betmgm,2026-05-02T14:19:15.847030
Julian Champagnie,,,219920e3a715ceb3dc69f3638f7571d5,2026-05-05,01:40,threes,0.5,-800.0,,True,betmgm,2026-05-02T14:19:15.847031
Jaden McDaniels,,,219920e3a715ceb3dc69f3638f7571d5,2026-05-05,01:40,threes,2.5,250.0,,True,betmgm,2026-05-02T14:19:15.847033
Victor Wembanyama,,,219920e3a715ceb3dc69f3638f7571d5,2026-05-05,01:40,threes,2.5,115.0,,True,betmgm,2026-05-02T14:19:15.847035
Ayo Dosunmu,,,219920e3a715ceb3dc69f3638f7571d5,2026-05-05,01:40,threes,2.5,150.0,,True,betmgm,2026-05-02T14:19:15.847036
Julian Champagnie,,,219920e3a715ceb3dc69f3638f7571d5,2026-05-05,01:40,threes,1.5,-175.0,,True,betmgm,2026-05-02T14:19:15.847038
Ayo Dosunmu,,,219920e3a715ceb3dc69f3638f7571d5,2026-05-05,01:40,threes,1.5,-190.0,,True,betmgm,2026-05-02T14:19:15.847040
Julius Randle,,,219920e3a715ceb3dc69f3638f7571d5,2026-05-05,01:40,threes,2.5,300.0,,True,betmgm,2026-05-02T14:19:15.847041
Ayo Dosunmu,,,219920e3a715ceb3dc69f3638f7571d5,2026-05-05,01:40,threes,3.5,360.0,,True,betmgm,2026-05-02T14:19:15.847043
Victor Wembanyama,,,219920e3a715ceb3dc69f3638f7571d5,2026-05-05,01:40,threes,4.5,650.0,,True,betmgm,2026-05-02T14:19:15.847045
Devin Vassell,,,219920e3a715ceb3dc69f3638f7571d5,2026-05-05,01:40,threes,4.5,700.0,,True,betmgm,2026-05-02T14:19:15.847046
Mike Conley,,,219920e3a715ceb3dc69f3638f7571d5,2026-05-05,01:40,threes,2.5,325.0,,True,betmgm,2026-05-02T14:19:15.847048
Stephon Castle,,,219920e3a715ceb3dc69f3638f7571d5,2026-05-05,01:40,threes,2.5,380.0,,True,betmgm,2026-05-02T14:19:15.847049
De'Aaron Fox,,,219920e3a715ceb3dc69f3638f7571d5,2026-05-05,01:40,threes,3.5,525.0,,True,betmgm,2026-05-02T14:19:15.847051
Victor Wembanyama,,,219920e3a715ceb3dc69f3638f7571d5,2026-05-05,01:40,threes,1.5,-250.0,,True,betmgm,2026-05-02T14:19:15.847053
Luguentz Dort,,,689b4554b0b10e67f46872eb2e74b98d,2026-05-06,01:40,assists,0.5,-235.0,175.0,False,betmgm,2026-05-02T14:19:15.898378
Jalen Williams,,,689b4554b0b10e67f46872eb2e74b98d,2026-05-06,01:40,assists,4.5,-155.0,115.0,False,betmgm,2026-05-02T14:19:15.898380
Shai Gilgeous-Alexander,,,689b4554b0b10e67f46872eb2e74b98d,2026-05-06,01:40,assists,7.5,105.0,-140.0,False,betmgm,2026-05-02T14:19:15.898382
Isaiah Hartenstein,,,689b4554b0b10e67f46872eb2e74b98d,2026-05-06,01:40,assists,2.5,-125.0,-105.0,False,betmgm,2026-05-02T14:19:15.898385
LeBron James,,,689b4554b0b10e67f46872eb2e74b98d,2026-05-06,01:40,assists,7.5,-115.0,-115.0,False,betmgm,2026-05-02T14:19:15.898387
Austin Reaves,,,689b4554b0b10e67f46872eb2e74b98d,2026-05-06,01:40,assists,5.5,115.0,-155.0,False,betmgm,2026-05-02T14:19:15.898389
Marcus Smart,,,689b4554b0b10e67f46872eb2e74b98d,2026-05-06,01:40,assists,2.5,-140.0,105.0,False,betmgm,2026-05-02T14:19:15.898390
Rui Hachimura,,,689b4554b0b10e67f46872eb2e74b98d,2026-05-06,01:40,assists,1.5,155.0,-210.0,False,betmgm,2026-05-02T14:19:15.898392
Chet Holmgren,,,689b4554b0b10e67f46872eb2e74b98d,2026-05-06,01:40,assists,1.5,-110.0,-120.0,False,betmgm,2026-05-02T14:19:15.898394
Shai Gilgeous-Alexander,,,689b4554b0b10e67f46872eb2e74b98d,2026-05-06,01:40,assists,6.5,-175.0,,True,betmgm,2026-05-02T14:19:15.898404
Shai Gilgeous-Alexander,,,689b4554b0b10e67f46872eb2e74b98d,2026-05-06,01:40,assists,9.5,325.0,,True,betmgm,2026-05-02T14:19:15.898405
Jalen Williams,,,689b4554b0b10e67f46872eb2e74b98d,2026-05-06,01:40,assists,4.5,-155.0,,True,betmgm,2026-05-02T14:19:15.898407
Jalen Williams,,,689b4554b0b10e67f46872eb2e74b98d,2026-05-06,01:40,assists,2.5,-1000.0,,True,betmgm,2026-05-02T14:19:15.898409
Marcus Smart,,,689b4554b0b10e67f46872eb2e74b98d,2026-05-06,01:40,assists,4.5,375.0,,True,betmgm,2026-05-02T14:19:15.898410
LeBron James,,,689b4554b0b10e67f46872eb2e74b98d,2026-05-06,01:40,assists,6.5,-210.0,,True,betmgm,2026-05-02T14:19:15.898412
Isaiah Hartenstein,,,689b4554b0b10e67f46872eb2e74b98d,2026-05-06,01:40,assists,2.5,-125.0,,True,betmgm,2026-05-02T14:19:15.898414
Shai Gilgeous-Alexander,,,689b4554b0b10e67f46872eb2e74b98d,2026-05-06,01:40,assists,4.5,-750.0,,True,betmgm,2026-05-02T14:19:15.898415
Austin Reaves,,,689b4554b0b10e67f46872eb2e74b98d,2026-05-06,01:40,assists,6.5,210.0,,True,betmgm,2026-05-02T14:19:15.898417
LeBron James,,,689b4554b0b10e67f46872eb2e74b98d,2026-05-06,01:40,assists,9.5,250.0,,True,betmgm,2026-05-02T14:19:15.898419
Marcus Smart,,,689b4554b0b10e67f46872eb2e74b98d,2026-05-06,01:40,assists,2.5,-140.0,,True,betmgm,2026-05-02T14:19:15.898420
Isaiah Hartenstein,,,689b4554b0b10e67f46872eb2e74b98d,2026-05-06,01:40,assists,4.5,425.0,,True,betmgm,2026-05-02T14:19:15.898422
Austin Reaves,,,689b4554b0b10e67f46872eb2e74b98d,2026-05-06,01:40,assists,4.5,-175.0,,True,betmgm,2026-05-02T14:19:15.898472
Austin Reaves,,,689b4554b0b10e67f46872eb2e74b98d,2026-05-06,01:40,assists,2.5,-1100.0,,True,betmgm,2026-05-02T14:19:15.898474
Jalen Williams,,,689b4554b0b10e67f46872eb2e74b98d,2026-05-06,01:40,assists,6.5,260.0,,True,betmgm,2026-05-02T14:19:15.898479
LeBron James,,,689b4554b0b10e67f46872eb2e74b98d,2026-05-06,01:40,assists,4.5,-900.0,,True,betmgm,2026-05-02T14:19:15.898480
Shai Gilgeous-Alexander,,,689b4554b0b10e67f46872eb2e74b98d,2026-05-06,01:40,points,31.5,-120.0,-110.0,False,betmgm,2026-05-02T14:19:15.898493
Luguentz Dort,,,689b4554b0b10e67f46872eb2e74b98d,2026-05-06,01:40,points,6.5,-120.0,-110.0,False,betmgm,2026-05-02T14:19:15.898495
Rui Hachimura,,,689b4554b0b10e67f46872eb2e74b98d,2026-05-06,01:40,points,11.5,-120.0,-110.0,False,betmgm,2026-05-02T14:19:15.898496
LeBron James,,,689b4554b0b10e67f46872eb2e74b98d,2026-05-06,01:40,points,20.5,-105.0,-125.0,False,betmgm,2026-05-02T14:19:15.898498
Austin Reaves,,,689b4554b0b10e67f46872eb2e74b98d,2026-05-06,01:40,points,21.5,-120.0,-111.0,False,betmgm,2026-05-02T14:19:15.898500
Jalen Williams,,,689b4554b0b10e67f46872eb2e74b98d,2026-05-06,01:40,points,15.5,-130.0,-105.0,False,betmgm,2026-05-02T14:19:15.898501
Isaiah Hartenstein,,,689b4554b0b10e67f46872eb2e74b98d,2026-05-06,01:40,points,7.5,-115.0,-115.0,False,betmgm,2026-05-02T14:19:15.898503
Chet Holmgren,,,689b4554b0b10e67f46872eb2e74b98d,2026-05-06,01:40,points,16.5,-115.0,-115.0,False,betmgm,2026-05-02T14:19:15.898504
Deandre Ayton,,,689b4554b0b10e67f46872eb2e74b98d,2026-05-06,01:40,points,10.5,-115.0,-115.0,False,betmgm,2026-05-02T14:19:15.898506
Marcus Smart,,,689b4554b0b10e67f46872eb2e74b98d,2026-05-06,01:40,points,10.5,-120.0,-110.0,False,betmgm,2026-05-02T14:19:15.898508
Shai Gilgeous-Alexander,,,689b4554b0b10e67f46872eb2e74b98d,2026-05-06,01:40,points,39.5,360.0,,True,betmgm,2026-05-02T14:19:15.898524
Jalen Williams,,,689b4554b0b10e67f46872eb2e74b98d,2026-05-06,01:40,points,24.5,700.0,,True,betmgm,2026-05-02T14:19:15.898526
Shai Gilgeous-Alexander,,,689b4554b0b10e67f46872eb2e74b98d,2026-05-06,01:40,points,24.5,-600.0,,True,betmgm,2026-05-02T14:19:15.898527
Jalen Williams,,,689b4554b0b10e67f46872eb2e74b98d,2026-05-06,01:40,points,14.5,-175.0,,True,betmgm,2026-05-02T14:19:15.898529
Shai Gilgeous-Alexander,,,689b4554b0b10e67f46872eb2e74b98d,2026-05-06,01:40,points,34.5,150.0,,True,betmgm,2026-05-02T14:19:15.898531
Jalen Williams,,,689b4554b0b10e67f46872eb2e74b98d,2026-05-06,01:40,points,19.5,210.0,,True,betmgm,2026-05-02T14:19:15.898532
Jalen Williams,,,689b4554b0b10e67f46872eb2e74b98d,2026-05-06,01:40,points,9.5,-1000.0,,True,betmgm,2026-05-02T14:19:15.898534
LeBron James,,,689b4554b0b10e67f46872eb2e74b98d,2026-05-06,01:40,points,14.5,-500.0,,True,betmgm,2026-05-02T14:19:15.898536
LeBron James,,,689b4554b0b10e67f46872eb2e74b98d,2026-05-06,01:40,points,24.5,230.0,,True,betmgm,2026-05-02T14:19:15.898537
Rui Hachimura,,,689b4554b0b10e67f46872eb2e74b98d,2026-05-06,01:40,points,14.5,180.0,,True,betmgm,2026-05-02T14:19:15.898539
Chet Holmgren,,,689b4554b0b10e67f46872eb2e74b98d,2026-05-06,01:40,points,19.5,180.0,,True,betmgm,2026-05-02T14:19:15.898541
Austin Reaves,,,689b4554b0b10e67f46872eb2e74b98d,2026-05-06,01:40,points,29.5,400.0,,True,betmgm,2026-05-02T14:19:15.898542
Marcus Smart,,,689b4554b0b10e67f46872eb2e74b98d,2026-05-06,01:40,points,14.5,250.0,,True,betmgm,2026-05-02T14:19:15.898544
Isaiah Hartenstein,,,689b4554b0b10e67f46872eb2e74b98d,2026-05-06,01:40,points,9.5,180.0,,True,betmgm,2026-05-02T14:19:15.898546
Austin Reaves,,,689b4554b0b10e67f46872eb2e74b98d,2026-05-06,01:40,points,14.5,-700.0,,True,betmgm,2026-05-02T14:19:15.898547
LeBron James,,,689b4554b0b10e67f46872eb2e74b98d,2026-05-06,01:40,points,29.5,625.0,,True,betmgm,2026-05-02T14:19:15.898549
Chet Holmgren,,,689b4554b0b10e67f46872eb2e74b98d,2026-05-06,01:40,points,24.5,550.0,,True,betmgm,2026-05-02T14:19:15.898551
Luguentz Dort,,,689b4554b0b10e67f46872eb2e74b98d,2026-05-06,01:40,points,14.5,825.0,,True,betmgm,2026-05-02T14:19:15.898552
Rui Hachimura,,,689b4554b0b10e67f46872eb2e74b98d,2026-05-06,01:40,points,19.5,600.0,,True,betmgm,2026-05-02T14:19:15.898554
Chet Holmgren,,,689b4554b0b10e67f46872eb2e74b98d,2026-05-06,01:40,points,9.5,-1100.0,,True,betmgm,2026-05-02T14:19:15.898559
Shai Gilgeous-Alexander,,,689b4554b0b10e67f46872eb2e74b98d,2026-05-06,01:40,points,29.5,-185.0,,True,betmgm,2026-05-02T14:19:15.898561
Rui Hachimura,,,689b4554b0b10e67f46872eb2e74b98d,2026-05-06,01:40,points,9.5,-220.0,,True,betmgm,2026-05-02T14:19:15.898563
Deandre Ayton,,,689b4554b0b10e67f46872eb2e74b98d,2026-05-06,01:40,points,14.5,280.0,,True,betmgm,2026-05-02T14:19:15.898565
Austin Reaves,,,689b4554b0b10e67f46872eb2e74b98d,2026-05-06,01:40,points,24.5,155.0,,True,betmgm,2026-05-02T14:19:15.898566
Marcus Smart,,,689b4554b0b10e67f46872eb2e74b98d,2026-05-06,01:40,points,19.5,800.0,,True,betmgm,2026-05-02T14:19:15.898568
Chet Holmgren,,,689b4554b0b10e67f46872eb2e74b98d,2026-05-06,01:40,points,14.5,-200.0,,True,betmgm,2026-05-02T14:19:15.898570
LeBron James,,,689b4554b0b10e67f46872eb2e74b98d,2026-05-06,01:40,points,19.5,-135.0,,True,betmgm,2026-05-02T14:19:15.898571
Luguentz Dort,,,689b4554b0b10e67f46872eb2e74b98d,2026-05-06,01:40,points,9.5,210.0,,True,betmgm,2026-05-02T14:19:15.898573
Austin Reaves,,,689b4554b0b10e67f46872eb2e74b98d,2026-05-06,01:40,points,19.5,-190.0,,True,betmgm,2026-05-02T14:19:15.898574
Marcus Smart,,,689b4554b0b10e67f46872eb2e74b98d,2026-05-06,01:40,points,9.5,-160.0,,True,betmgm,2026-05-02T14:19:15.898578
Deandre Ayton,,,689b4554b0b10e67f46872eb2e74b98d,2026-05-06,01:40,points,9.5,-190.0,,True,betmgm,2026-05-02T14:19:15.898580
Jalen Williams,,,689b4554b0b10e67f46872eb2e74b98d,2026-05-06,01:40,rebounds,4.5,115.0,-155.0,False,betmgm,2026-05-02T14:19:15.898591
Luguentz Dort,,,689b4554b0b10e67f46872eb2e74b98d,2026-05-06,01:40,rebounds,3.5,130.0,-175.0,False,betmgm,2026-05-02T14:19:15.898593
Shai Gilgeous-Alexander,,,689b4554b0b10e67f46872eb2e74b98d,2026-05-06,01:40,rebounds,4.5,120.0,-160.0,False,betmgm,2026-05-02T14:19:15.898595
Chet Holmgren,,,689b4554b0b10e67f46872eb2e74b98d,2026-05-06,01:40,rebounds,8.5,-145.0,105.0,False,betmgm,2026-05-02T14:19:15.898596
Austin Reaves,,,689b4554b0b10e67f46872eb2e74b98d,2026-05-06,01:40,rebounds,4.5,-105.0,-125.0,False,betmgm,2026-05-02T14:19:15.898598
Rui Hachimura,,,689b4554b0b10e67f46872eb2e74b98d,2026-05-06,01:40,rebounds,3.5,-150.0,110.0,False,betmgm,2026-05-02T14:19:15.898600
Deandre Ayton,,,689b4554b0b10e67f46872eb2e74b98d,2026-05-06,01:40,rebounds,8.5,100.0,-135.0,False,betmgm,2026-05-02T14:19:15.898602
Isaiah Hartenstein,,,689b4554b0b10e67f46872eb2e74b98d,2026-05-06,01:40,rebounds,8.5,110.0,-150.0,False,betmgm,2026-05-02T14:19:15.898603
Marcus Smart,,,689b4554b0b10e67f46872eb2e74b98d,2026-05-06,01:40,rebounds,2.5,-155.0,115.0,False,betmgm,2026-05-02T14:19:15.898605
LeBron James,,,689b4554b0b10e67f46872eb2e74b98d,2026-05-06,01:40,rebounds,7.5,-110.0,-120.0,False,betmgm,2026-05-02T14:19:15.898606
Jalen Williams,,,689b4554b0b10e67f46872eb2e74b98d,2026-05-06,01:40,rebounds,2.5,-450.0,,True,betmgm,2026-05-02T14:19:15.898622
Shai Gilgeous-Alexander,,,689b4554b0b10e67f46872eb2e74b98d,2026-05-06,01:40,rebounds,6.5,450.0,,True,betmgm,2026-05-02T14:19:15.898624
Shai Gilgeous-Alexander,,,689b4554b0b10e67f46872eb2e74b98d,2026-05-06,01:40,rebounds,2.5,-450.0,,True,betmgm,2026-05-02T14:19:15.898626
Jalen Williams,,,689b4554b0b10e67f46872eb2e74b98d,2026-05-06,01:40,rebounds,6.5,425.0,,True,betmgm,2026-05-02T14:19:15.898627
Rui Hachimura,,,689b4554b0b10e67f46872eb2e74b98d,2026-05-06,01:40,rebounds,4.5,140.0,,True,betmgm,2026-05-02T14:19:15.898629
Chet Holmgren,,,689b4554b0b10e67f46872eb2e74b98d,2026-05-06,01:40,rebounds,12.5,475.0,,True,betmgm,2026-05-02T14:19:15.898631
Luguentz Dort,,,689b4554b0b10e67f46872eb2e74b98d,2026-05-06,01:40,rebounds,2.5,-190.0,,True,betmgm,2026-05-02T14:19:15.898632
LeBron James,,,689b4554b0b10e67f46872eb2e74b98d,2026-05-06,01:40,rebounds,9.5,250.0,,True,betmgm,2026-05-02T14:19:15.898634
Isaiah Hartenstein,,,689b4554b0b10e67f46872eb2e74b98d,2026-05-06,01:40,rebounds,12.5,700.0,,True,betmgm,2026-05-02T14:19:15.898636
Marcus Smart,,,689b4554b0b10e67f46872eb2e74b98d,2026-05-06,01:40,rebounds,4.5,325.0,,True,betmgm,2026-05-02T14:19:15.898637
Isaiah Hartenstein,,,689b4554b0b10e67f46872eb2e74b98d,2026-05-06,01:40,rebounds,9.5,180.0,,True,betmgm,2026-05-02T14:19:15.898641
Isaiah Hartenstein,,,689b4554b0b10e67f46872eb2e74b98d,2026-05-06,01:40,rebounds,4.5,-1200.0,,True,betmgm,2026-05-02T14:19:15.898643
Jalen Williams,,,689b4554b0b10e67f46872eb2e74b98d,2026-05-06,01:40,rebounds,4.5,115.0,,True,betmgm,2026-05-02T14:19:15.898644
Austin Reaves,,,689b4554b0b10e67f46872eb2e74b98d,2026-05-06,01:40,rebounds,6.5,340.0,,True,betmgm,2026-05-02T14:19:15.898646
Chet Holmgren,,,689b4554b0b10e67f46872eb2e74b98d,2026-05-06,01:40,rebounds,9.5,115.0,,True,betmgm,2026-05-02T14:19:15.898647
LeBron James,,,689b4554b0b10e67f46872eb2e74b98d,2026-05-06,01:40,rebounds,6.5,-200.0,,True,betmgm,2026-05-02T14:19:15.898649
Rui Hachimura,,,689b4554b0b10e67f46872eb2e74b98d,2026-05-06,01:40,rebounds,2.5,-350.0,,True,betmgm,2026-05-02T14:19:15.898651
Luguentz Dort,,,689b4554b0b10e67f46872eb2e74b98d,2026-05-06,01:40,rebounds,4.5,275.0,,True,betmgm,2026-05-02T14:19:15.898652
Rui Hachimura,,,689b4554b0b10e67f46872eb2e74b98d,2026-05-06,01:40,rebounds,6.5,525.0,,True,betmgm,2026-05-02T14:19:15.898654
Isaiah Hartenstein,,,689b4554b0b10e67f46872eb2e74b98d,2026-05-06,01:40,rebounds,6.5,-275.0,,True,betmgm,2026-05-02T14:19:15.898656
Austin Reaves,,,689b4554b0b10e67f46872eb2e74b98d,2026-05-06,01:40,rebounds,4.5,-105.0,,True,betmgm,2026-05-02T14:19:15.898657
LeBron James,,,689b4554b0b10e67f46872eb2e74b98d,2026-05-06,01:40,rebounds,4.5,-750.0,,True,betmgm,2026-05-02T14:19:15.898659
Austin Reaves,,,689b4554b0b10e67f46872eb2e74b98d,2026-05-06,01:40,rebounds,2.5,-550.0,,True,betmgm,2026-05-02T14:19:15.898661
Deandre Ayton,,,689b4554b0b10e67f46872eb2e74b98d,2026-05-06,01:40,rebounds,4.5,-1400.0,,True,betmgm,2026-05-02T14:19:15.898662
Deandre Ayton,,,689b4554b0b10e67f46872eb2e74b98d,2026-05-06,01:40,rebounds,9.5,165.0,,True,betmgm,2026-05-02T14:19:15.898664
Shai Gilgeous-Alexander,,,689b4554b0b10e67f46872eb2e74b98d,2026-05-06,01:40,rebounds,4.5,120.0,,True,betmgm,2026-05-02T14:19:15.898666
Chet Holmgren,,,689b4554b0b10e67f46872eb2e74b98d,2026-05-06,01:40,rebounds,6.5,-500.0,,True,betmgm,2026-05-02T14:19:15.898668
Marcus Smart,,,689b4554b0b10e67f46872eb2e74b98d,2026-05-06,01:40,rebounds,2.5,-160.0,,True,betmgm,2026-05-02T14:19:15.898669
Deandre Ayton,,,689b4554b0b10e67f46872eb2e74b98d,2026-05-06,01:40,rebounds,12.5,625.0,,True,betmgm,2026-05-02T14:19:15.898671
Deandre Ayton,,,689b4554b0b10e67f46872eb2e74b98d,2026-05-06,01:40,rebounds,6.5,-295.0,,True,betmgm,2026-05-02T14:19:15.898673
Shai Gilgeous-Alexander,,,689b4554b0b10e67f46872eb2e74b98d,2026-05-06,01:40,threes,1.5,-150.0,110.0,False,betmgm,2026-05-02T14:19:15.898684
Luguentz Dort,,,689b4554b0b10e67f46872eb2e74b98d,2026-05-06,01:40,threes,1.5,-125.0,-105.0,False,betmgm,2026-05-02T14:19:15.898686
Jalen Williams,,,689b4554b0b10e67f46872eb2e74b98d,2026-05-06,01:40,threes,0.5,-190.0,140.0,False,betmgm,2026-05-02T14:19:15.898688
Marcus Smart,,,689b4554b0b10e67f46872eb2e74b98d,2026-05-06,01:40,threes,1.5,-165.0,125.0,False,betmgm,2026-05-02T14:19:15.898690
Rui Hachimura,,,689b4554b0b10e67f46872eb2e74b98d,2026-05-06,01:40,threes,1.5,-145.0,105.0,False,betmgm,2026-05-02T14:19:15.898691
Chet Holmgren,,,689b4554b0b10e67f46872eb2e74b98d,2026-05-06,01:40,threes,1.5,120.0,-160.0,False,betmgm,2026-05-02T14:19:15.898693
Austin Reaves,,,689b4554b0b10e67f46872eb2e74b98d,2026-05-06,01:40,threes,2.5,125.0,-165.0,False,betmgm,2026-05-02T14:19:15.898695
LeBron James,,,689b4554b0b10e67f46872eb2e74b98d,2026-05-06,01:40,threes,1.5,110.0,-150.0,False,betmgm,2026-05-02T14:19:15.898696
Shai Gilgeous-Alexander,,,689b4554b0b10e67f46872eb2e74b98d,2026-05-06,01:40,threes,1.5,-150.0,,True,betmgm,2026-05-02T14:19:15.898713
Jalen Williams,,,689b4554b0b10e67f46872eb2e74b98d,2026-05-06,01:40,threes,0.5,-190.0,,True,betmgm,2026-05-02T14:19:15.898715
LeBron James,,,689b4554b0b10e67f46872eb2e74b98d,2026-05-06,01:40,threes,2.5,325.0,,True,betmgm,2026-05-02T14:19:15.898716
Shai Gilgeous-Alexander,,,689b4554b0b10e67f46872eb2e74b98d,2026-05-06,01:40,threes,3.5,525.0,,True,betmgm,2026-05-02T14:19:15.898718
Austin Reaves,,,689b4554b0b10e67f46872eb2e74b98d,2026-05-06,01:40,threes,3.5,300.0,,True,betmgm,2026-05-02T14:19:15.898721
Austin Reaves,,,689b4554b0b10e67f46872eb2e74b98d,2026-05-06,01:40,threes,1.5,-235.0,,True,betmgm,2026-05-02T14:19:15.898723
Shai Gilgeous-Alexander,,,689b4554b0b10e67f46872eb2e74b98d,2026-05-06,01:40,threes,0.5,-650.0,,True,betmgm,2026-05-02T14:19:15.898725
Jalen Williams,,,689b4554b0b10e67f46872eb2e74b98d,2026-05-06,01:40,threes,1.5,230.0,,True,betmgm,2026-05-02T14:19:15.898726
Luguentz Dort,,,689b4554b0b10e67f46872eb2e74b98d,2026-05-06,01:40,threes,0.5,-600.0,,True,betmgm,2026-05-02T14:19:15.898728
LeBron James,,,689b4554b0b10e67f46872eb2e74b98d,2026-05-06,01:40,threes,1.5,110.0,,True,betmgm,2026-05-02T14:19:15.898730
LeBron James,,,689b4554b0b10e67f46872eb2e74b98d,2026-05-06,01:40,threes,3.5,825.0,,True,betmgm,2026-05-02T14:19:15.898731
Shai Gilgeous-Alexander,,,689b4554b0b10e67f46872eb2e74b98d,2026-05-06,01:40,threes,2.5,200.0,,True,betmgm,2026-05-02T14:19:15.898733
LeBron James,,,689b4554b0b10e67f46872eb2e74b98d,2026-05-06,01:40,threes,0.5,-400.0,,True,betmgm,2026-05-02T14:19:15.898735
Jalen Williams,,,689b4554b0b10e67f46872eb2e74b98d,2026-05-06,01:40,threes,2.5,750.0,,True,betmgm,2026-05-02T14:19:15.898736
Rui Hachimura,,,689b4554b0b10e67f46872eb2e74b98d,2026-05-06,01:40,threes,1.5,-145.0,,True,betmgm,2026-05-02T14:19:15.898743
Luguentz Dort,,,689b4554b0b10e67f46872eb2e74b98d,2026-05-06,01:40,threes,2.5,230.0,,True,betmgm,2026-05-02T14:19:15.898745
Marcus Smart,,,689b4554b0b10e67f46872eb2e74b98d,2026-05-06,01:40,threes,0.5,-750.0,,True,betmgm,2026-05-02T14:19:15.898747
Austin Reaves,,,689b4554b0b10e67f46872eb2e74b98d,2026-05-06,01:40,threes,4.5,675.0,,True,betmgm,2026-05-02T14:19:15.898748
Chet Holmgren,,,689b4554b0b10e67f46872eb2e74b98d,2026-05-06,01:40,threes,1.5,115.0,,True,betmgm,2026-05-02T14:19:15.898750
Marcus Smart,,,689b4554b0b10e67f46872eb2e74b98d,2026-05-06,01:40,threes,2.5,170.0,,True,betmgm,2026-05-02T14:19:15.898752
Rui Hachimura,,,689b4554b0b10e67f46872eb2e74b98d,2026-05-06,01:40,threes,3.5,500.0,,True,betmgm,2026-05-02T14:19:15.898754
Chet Holmgren,,,689b4554b0b10e67f46872eb2e74b98d,2026-05-06,01:40,threes,0.5,-375.0,,True,betmgm,2026-05-02T14:19:15.898756
Marcus Smart,,,689b4554b0b10e67f46872eb2e74b98d,2026-05-06,01:40,threes,3.5,425.0,,True,betmgm,2026-05-02T14:19:15.898757
Rui Hachimura,,,689b4554b0b10e67f46872eb2e74b98d,2026-05-06,01:40,threes,2.5,200.0,,True,betmgm,2026-05-02T14:19:15.898759
Luguentz Dort,,,689b4554b0b10e67f46872eb2e74b98d,2026-05-06,01:40,threes,1.5,-125.0,,True,betmgm,2026-05-02T14:19:15.898761
Rui Hachimura,,,689b4554b0b10e67f46872eb2e74b98d,2026-05-06,01:40,threes,0.5,-650.0,,True,betmgm,2026-05-02T14:19:15.898762
Chet Holmgren,,,689b4554b0b10e67f46872eb2e74b98d,2026-05-06,01:40,threes,2.5,360.0,,True,betmgm,2026-05-02T14:19:15.898764
Austin Reaves,,,689b4554b0b10e67f46872eb2e74b98d,2026-05-06,01:40,threes,0.5,-1200.0,,True,betmgm,2026-05-02T14:19:15.898766
Luguentz Dort,,,689b4554b0b10e67f46872eb2e74b98d,2026-05-06,01:40,threes,3.5,625.0,,True,betmgm,2026-05-02T14:19:15.898767
Marcus Smart,,,689b4554b0b10e67f46872eb2e74b98d,2026-05-06,01:40,threes,1.5,-175.0,,True,betmgm,2026-05-02T14:19:15.898769
Austin Reaves,,,689b4554b0b10e67f46872eb2e74b98d,2026-05-06,01:40,threes,2.5,120.0,,True,betmgm,2026-05-02T14:19:15.898771
