player_name,team,opponent,game_id,game_date,game_time,prop_type,line,over_odds,under_odds,is_alt_line,sportsbook,scraped_at
De'Aaron Fox,,,1aae688472781f1a1aaf3efdb38e884b,2026-06-04,00:30,assists,5.5,-132.0,100.0,False,fanduel,2026-06-03T15:33:10.747774
Julian Champagnie,,,1aae688472781f1a1aaf3efdb38e884b,2026-06-04,00:30,assists,1.5,126.0,-172.0,False,fanduel,2026-06-03T15:33:10.747788
Mikal Bridges,,,1aae688472781f1a1aaf3efdb38e884b,2026-06-04,00:30,assists,2.5,-174.0,130.0,False,fanduel,2026-06-03T15:33:10.747791
Stephon Castle,,,1aae688472781f1a1aaf3efdb38e884b,2026-06-04,00:30,assists,6.5,-136.0,102.0,False,fanduel,2026-06-03T15:33:10.747794
Dylan Harper,,,1aae688472781f1a1aaf3efdb38e884b,2026-06-04,00:30,assists,2.5,-114.0,-114.0,False,fanduel,2026-06-03T15:33:10.747796
Victor Wembanyama,,,1aae688472781f1a1aaf3efdb38e884b,2026-06-04,00:30,assists,3.5,142.0,-192.0,False,fanduel,2026-06-03T15:33:10.747798
Jalen Brunson,,,1aae688472781f1a1aaf3efdb38e884b,2026-06-04,00:30,assists,6.5,-108.0,-122.0,False,fanduel,2026-06-03T15:33:10.747800
Devin Vassell,,,1aae688472781f1a1aaf3efdb38e884b,2026-06-04,00:30,assists,2.5,130.0,-174.0,False,fanduel,2026-06-03T15:33:10.747802
Josh Hart,,,1aae688472781f1a1aaf3efdb38e884b,2026-06-04,00:30,assists,4.5,-102.0,-130.0,False,fanduel,2026-06-03T15:33:10.747805
OG Anunoby,,,1aae688472781f1a1aaf3efdb38e884b,2026-06-04,00:30,assists,1.5,-210.0,154.0,False,fanduel,2026-06-03T15:33:10.747807
Karl-Anthony Towns,,,1aae688472781f1a1aaf3efdb38e884b,2026-06-04,00:30,assists,3.5,-162.0,122.0,False,fanduel,2026-06-03T15:33:10.747809
Stephon Castle,,,1aae688472781f1a1aaf3efdb38e884b,2026-06-04,00:30,assists,11.5,1100.0,,True,fanduel,2026-06-03T15:33:10.747874
Jalen Brunson,,,1aae688472781f1a1aaf3efdb38e884b,2026-06-04,00:30,assists,11.5,1300.0,,True,fanduel,2026-06-03T15:33:10.747877
De'Aaron Fox,,,1aae688472781f1a1aaf3efdb38e884b,2026-06-04,00:30,assists,11.5,1700.0,,True,fanduel,2026-06-03T15:33:10.747879
Stephon Castle,,,1aae688472781f1a1aaf3efdb38e884b,2026-06-04,00:30,assists,3.5,-1800.0,,True,fanduel,2026-06-03T15:33:10.747880
Jalen Brunson,,,1aae688472781f1a1aaf3efdb38e884b,2026-06-04,00:30,assists,3.5,-1400.0,,True,fanduel,2026-06-03T15:33:10.747882
De'Aaron Fox,,,1aae688472781f1a1aaf3efdb38e884b,2026-06-04,00:30,assists,3.5,-670.0,400.0,True,fanduel,2026-06-03T15:33:10.747884
Josh Hart,,,1aae688472781f1a1aaf3efdb38e884b,2026-06-04,00:30,assists,3.5,-240.0,174.0,True,fanduel,2026-06-03T15:33:10.747886
Karl-Anthony Towns,,,1aae688472781f1a1aaf3efdb38e884b,2026-06-04,00:30,assists,3.5,-162.0,122.0,True,fanduel,2026-06-03T15:33:10.747890
Victor Wembanyama,,,1aae688472781f1a1aaf3efdb38e884b,2026-06-04,00:30,assists,3.5,142.0,-192.0,True,fanduel,2026-06-03T15:33:10.747892
Mikal Bridges,,,1aae688472781f1a1aaf3efdb38e884b,2026-06-04,00:30,assists,3.5,158.0,-215.0,True,fanduel,2026-06-03T15:33:10.747894
Dylan Harper,,,1aae688472781f1a1aaf3efdb38e884b,2026-06-04,00:30,assists,3.5,230.0,,True,fanduel,2026-06-03T15:33:10.747896
Devin Vassell,,,1aae688472781f1a1aaf3efdb38e884b,2026-06-04,00:30,assists,3.5,340.0,,True,fanduel,2026-06-03T15:33:10.747900
OG Anunoby,,,1aae688472781f1a1aaf3efdb38e884b,2026-06-04,00:30,assists,3.5,420.0,,True,fanduel,2026-06-03T15:33:10.747902
Stephon Castle,,,1aae688472781f1a1aaf3efdb38e884b,2026-06-04,00:30,assists,9.5,360.0,-580.0,True,fanduel,2026-06-03T15:33:10.747905
Jalen Brunson,,,1aae688472781f1a1aaf3efdb38e884b,2026-06-04,00:30,assists,9.5,430.0,-750.0,True,fanduel,2026-06-03T15:33:10.747907
De'Aaron Fox,,,1aae688472781f1a1aaf3efdb38e884b,2026-06-04,00:30,assists,9.5,800.0,,True,fanduel,2026-06-03T15:33:10.747909
Josh Hart,,,1aae688472781f1a1aaf3efdb38e884b,2026-06-04,00:30,assists,9.5,1500.0,,True,fanduel,2026-06-03T15:33:10.747911
Karl-Anthony Towns,,,1aae688472781f1a1aaf3efdb38e884b,2026-06-04,00:30,assists,9.5,2500.0,,True,fanduel,2026-06-03T15:33:10.747913
Mikal Bridges,,,1aae688472781f1a1aaf3efdb38e884b,2026-06-04,00:30,assists,1.5,-590.0,370.0,True,fanduel,2026-06-03T15:33:10.747915
Mikal Bridges,,,1aae688472781f1a1aaf3efdb38e884b,2026-06-04,00:30,assists,2.5,-174.0,130.0,True,fanduel,2026-06-03T15:33:10.747916
Mikal Bridges,,,1aae688472781f1a1aaf3efdb38e884b,2026-06-04,00:30,assists,4.5,350.0,-550.0,True,fanduel,2026-06-03T15:33:10.747918
Jalen Brunson,,,1aae688472781f1a1aaf3efdb38e884b,2026-06-04,00:30,assists,4.5,-470.0,310.0,True,fanduel,2026-06-03T15:33:10.747920
Jalen Brunson,,,1aae688472781f1a1aaf3efdb38e884b,2026-06-04,00:30,assists,5.5,-215.0,162.0,True,fanduel,2026-06-03T15:33:10.747922
Jalen Brunson,,,1aae688472781f1a1aaf3efdb38e884b,2026-06-04,00:30,assists,6.5,-108.0,-122.0,True,fanduel,2026-06-03T15:33:10.747923
Jalen Brunson,,,1aae688472781f1a1aaf3efdb38e884b,2026-06-04,00:30,assists,7.5,172.0,-235.0,True,fanduel,2026-06-03T15:33:10.747925
Jalen Brunson,,,1aae688472781f1a1aaf3efdb38e884b,2026-06-04,00:30,assists,8.5,290.0,-440.0,True,fanduel,2026-06-03T15:33:10.747927
Victor Wembanyama,,,1aae688472781f1a1aaf3efdb38e884b,2026-06-04,00:30,assists,1.5,-590.0,370.0,True,fanduel,2026-06-03T15:33:10.747928
Victor Wembanyama,,,1aae688472781f1a1aaf3efdb38e884b,2026-06-04,00:30,assists,2.5,-188.0,140.0,True,fanduel,2026-06-03T15:33:10.747930
Victor Wembanyama,,,1aae688472781f1a1aaf3efdb38e884b,2026-06-04,00:30,assists,4.5,310.0,-470.0,True,fanduel,2026-06-03T15:33:10.747932
Josh Hart,,,1aae688472781f1a1aaf3efdb38e884b,2026-06-04,00:30,assists,2.5,-670.0,400.0,True,fanduel,2026-06-03T15:33:10.747934
Josh Hart,,,1aae688472781f1a1aaf3efdb38e884b,2026-06-04,00:30,assists,4.5,-102.0,-130.0,True,fanduel,2026-06-03T15:33:10.747936
Josh Hart,,,1aae688472781f1a1aaf3efdb38e884b,2026-06-04,00:30,assists,5.5,200.0,-275.0,True,fanduel,2026-06-03T15:33:10.747937
Josh Hart,,,1aae688472781f1a1aaf3efdb38e884b,2026-06-04,00:30,assists,6.5,390.0,-650.0,True,fanduel,2026-06-03T15:33:10.747939
Stephon Castle,,,1aae688472781f1a1aaf3efdb38e884b,2026-06-04,00:30,assists,7.5,136.0,-182.0,True,fanduel,2026-06-03T15:33:10.747941
De'Aaron Fox,,,1aae688472781f1a1aaf3efdb38e884b,2026-06-04,00:30,assists,7.5,280.0,-420.0,True,fanduel,2026-06-03T15:33:10.747943
Josh Hart,,,1aae688472781f1a1aaf3efdb38e884b,2026-06-04,00:30,assists,7.5,800.0,,True,fanduel,2026-06-03T15:33:10.747945
Karl-Anthony Towns,,,1aae688472781f1a1aaf3efdb38e884b,2026-06-04,00:30,assists,7.5,1060.0,,True,fanduel,2026-06-03T15:33:10.747946
Karl-Anthony Towns,,,1aae688472781f1a1aaf3efdb38e884b,2026-06-04,00:30,assists,2.5,-440.0,290.0,True,fanduel,2026-06-03T15:33:10.747948
Karl-Anthony Towns,,,1aae688472781f1a1aaf3efdb38e884b,2026-06-04,00:30,assists,4.5,138.0,-186.0,True,fanduel,2026-06-03T15:33:10.747950
Karl-Anthony Towns,,,1aae688472781f1a1aaf3efdb38e884b,2026-06-04,00:30,assists,5.5,285.0,-420.0,True,fanduel,2026-06-03T15:33:10.747954
Karl-Anthony Towns,,,1aae688472781f1a1aaf3efdb38e884b,2026-06-04,00:30,assists,6.5,,-1100.0,True,fanduel,2026-06-03T15:33:10.747956
Stephon Castle,,,1aae688472781f1a1aaf3efdb38e884b,2026-06-04,00:30,assists,13.5,3000.0,,True,fanduel,2026-06-03T15:33:10.747957
Stephon Castle,,,1aae688472781f1a1aaf3efdb38e884b,2026-06-04,00:30,assists,5.5,-270.0,194.0,True,fanduel,2026-06-03T15:33:10.747962
De'Aaron Fox,,,1aae688472781f1a1aaf3efdb38e884b,2026-06-04,00:30,assists,5.5,-132.0,100.0,True,fanduel,2026-06-03T15:33:10.747964
Victor Wembanyama,,,1aae688472781f1a1aaf3efdb38e884b,2026-06-04,00:30,assists,5.5,750.0,,True,fanduel,2026-06-03T15:33:10.747966
Mikal Bridges,,,1aae688472781f1a1aaf3efdb38e884b,2026-06-04,00:30,assists,5.5,830.0,,True,fanduel,2026-06-03T15:33:10.747967
Dylan Harper,,,1aae688472781f1a1aaf3efdb38e884b,2026-06-04,00:30,assists,5.5,1060.0,,True,fanduel,2026-06-03T15:33:10.747969
Josh Hart,,,1aae688472781f1a1aaf3efdb38e884b,2026-06-04,00:30,assists,1.5,-3500.0,,True,fanduel,2026-06-03T15:33:10.747971
Karl-Anthony Towns,,,1aae688472781f1a1aaf3efdb38e884b,2026-06-04,00:30,assists,1.5,-2000.0,,True,fanduel,2026-06-03T15:33:10.747973
Dylan Harper,,,1aae688472781f1a1aaf3efdb38e884b,2026-06-04,00:30,assists,1.5,-330.0,,True,fanduel,2026-06-03T15:33:10.747974
Devin Vassell,,,1aae688472781f1a1aaf3efdb38e884b,2026-06-04,00:30,assists,1.5,-245.0,,True,fanduel,2026-06-03T15:33:10.747976
OG Anunoby,,,1aae688472781f1a1aaf3efdb38e884b,2026-06-04,00:30,assists,1.5,-205.0,,True,fanduel,2026-06-03T15:33:10.747978
Julian Champagnie,,,1aae688472781f1a1aaf3efdb38e884b,2026-06-04,00:30,assists,1.5,128.0,,True,fanduel,2026-06-03T15:33:10.747979
Miles McBride,,,1aae688472781f1a1aaf3efdb38e884b,2026-06-04,00:30,assists,1.5,196.0,,True,fanduel,2026-06-03T15:33:10.747981
Landry Shamet,,,1aae688472781f1a1aaf3efdb38e884b,2026-06-04,00:30,assists,1.5,290.0,,True,fanduel,2026-06-03T15:33:10.747983
Keldon Johnson,,,1aae688472781f1a1aaf3efdb38e884b,2026-06-04,00:30,assists,1.5,360.0,,True,fanduel,2026-06-03T15:33:10.747985
Stephon Castle,,,1aae688472781f1a1aaf3efdb38e884b,2026-06-04,00:30,assists,4.5,-600.0,370.0,True,fanduel,2026-06-03T15:33:10.747986
Stephon Castle,,,1aae688472781f1a1aaf3efdb38e884b,2026-06-04,00:30,assists,6.5,-136.0,102.0,True,fanduel,2026-06-03T15:33:10.747988
Stephon Castle,,,1aae688472781f1a1aaf3efdb38e884b,2026-06-04,00:30,assists,8.5,235.0,-340.0,True,fanduel,2026-06-03T15:33:10.747990
De'Aaron Fox,,,1aae688472781f1a1aaf3efdb38e884b,2026-06-04,00:30,assists,4.5,-275.0,198.0,True,fanduel,2026-06-03T15:33:10.747992
De'Aaron Fox,,,1aae688472781f1a1aaf3efdb38e884b,2026-06-04,00:30,assists,6.5,152.0,-205.0,True,fanduel,2026-06-03T15:33:10.747993
De'Aaron Fox,,,1aae688472781f1a1aaf3efdb38e884b,2026-06-04,00:30,assists,8.5,490.0,-900.0,True,fanduel,2026-06-03T15:33:10.747995
Mikal Bridges,,,1aae688472781f1a1aaf3efdb38e884b,2026-06-04,00:30,points,14.5,-110.0,-120.0,False,fanduel,2026-06-03T15:33:10.748017
Stephon Castle,,,1aae688472781f1a1aaf3efdb38e884b,2026-06-04,00:30,points,16.5,-104.0,-128.0,False,fanduel,2026-06-03T15:33:10.748019
Landry Shamet,,,1aae688472781f1a1aaf3efdb38e884b,2026-06-04,00:30,points,5.5,-132.0,100.0,False,fanduel,2026-06-03T15:33:10.748021
Dylan Harper,,,1aae688472781f1a1aaf3efdb38e884b,2026-06-04,00:30,points,10.5,-106.0,-125.0,False,fanduel,2026-06-03T15:33:10.748025
Devin Vassell,,,1aae688472781f1a1aaf3efdb38e884b,2026-06-04,00:30,points,13.5,100.0,-132.0,False,fanduel,2026-06-03T15:33:10.748027
Julian Champagnie,,,1aae688472781f1a1aaf3efdb38e884b,2026-06-04,00:30,points,9.5,-130.0,-102.0,False,fanduel,2026-06-03T15:33:10.748029
Josh Hart,,,1aae688472781f1a1aaf3efdb38e884b,2026-06-04,00:30,points,11.5,-106.0,-125.0,False,fanduel,2026-06-03T15:33:10.748030
Mitchell Robinson,,,1aae688472781f1a1aaf3efdb38e884b,2026-06-04,00:30,points,3.5,-125.0,-106.0,False,fanduel,2026-06-03T15:33:10.748032
Victor Wembanyama,,,1aae688472781f1a1aaf3efdb38e884b,2026-06-04,00:30,points,26.5,-120.0,-110.0,False,fanduel,2026-06-03T15:33:10.748034
Miles McBride,,,1aae688472781f1a1aaf3efdb38e884b,2026-06-04,00:30,points,5.5,-108.0,-122.0,False,fanduel,2026-06-03T15:33:10.748035
De'Aaron Fox,,,1aae688472781f1a1aaf3efdb38e884b,2026-06-04,00:30,points,15.5,-104.0,-128.0,False,fanduel,2026-06-03T15:33:10.748037
Jalen Brunson,,,1aae688472781f1a1aaf3efdb38e884b,2026-06-04,00:30,points,24.5,-122.0,-108.0,False,fanduel,2026-06-03T15:33:10.748039
OG Anunoby,,,1aae688472781f1a1aaf3efdb38e884b,2026-06-04,00:30,points,15.5,-120.0,-110.0,False,fanduel,2026-06-03T15:33:10.748043
Luke Kornet,,,1aae688472781f1a1aaf3efdb38e884b,2026-06-04,00:30,points,2.5,-130.0,-102.0,False,fanduel,2026-06-03T15:33:10.748061
Keldon Johnson,,,1aae688472781f1a1aaf3efdb38e884b,2026-06-04,00:30,points,8.5,102.0,-136.0,False,fanduel,2026-06-03T15:33:10.748063
Carter Bryant,,,1aae688472781f1a1aaf3efdb38e884b,2026-06-04,00:30,points,2.5,-102.0,-130.0,False,fanduel,2026-06-03T15:33:10.748065
Karl-Anthony Towns,,,1aae688472781f1a1aaf3efdb38e884b,2026-06-04,00:30,points,16.5,-114.0,-114.0,False,fanduel,2026-06-03T15:33:10.748067
Jose Alvarado,,,1aae688472781f1a1aaf3efdb38e884b,2026-06-04,00:30,points,2.5,100.0,-132.0,False,fanduel,2026-06-03T15:33:10.748068
Victor Wembanyama,,,1aae688472781f1a1aaf3efdb38e884b,2026-06-04,00:30,points,24.5,-188.0,140.0,True,fanduel,2026-06-03T15:33:10.748267
Jalen Brunson,,,1aae688472781f1a1aaf3efdb38e884b,2026-06-04,00:30,points,24.5,-122.0,-108.0,True,fanduel,2026-06-03T15:33:10.748270
Karl-Anthony Towns,,,1aae688472781f1a1aaf3efdb38e884b,2026-06-04,00:30,points,24.5,600.0,,True,fanduel,2026-06-03T15:33:10.748272
Stephon Castle,,,1aae688472781f1a1aaf3efdb38e884b,2026-06-04,00:30,points,24.5,680.0,,True,fanduel,2026-06-03T15:33:10.748274
OG Anunoby,,,1aae688472781f1a1aaf3efdb38e884b,2026-06-04,00:30,points,24.5,680.0,,True,fanduel,2026-06-03T15:33:10.748275
De'Aaron Fox,,,1aae688472781f1a1aaf3efdb38e884b,2026-06-04,00:30,points,24.5,900.0,,True,fanduel,2026-06-03T15:33:10.748277
Mikal Bridges,,,1aae688472781f1a1aaf3efdb38e884b,2026-06-04,00:30,points,24.5,1000.0,,True,fanduel,2026-06-03T15:33:10.748279
Devin Vassell,,,1aae688472781f1a1aaf3efdb38e884b,2026-06-04,00:30,points,24.5,1400.0,,True,fanduel,2026-06-03T15:33:10.748281
Josh Hart,,,1aae688472781f1a1aaf3efdb38e884b,2026-06-04,00:30,points,24.5,1700.0,,True,fanduel,2026-06-03T15:33:10.748282
Victor Wembanyama,,,1aae688472781f1a1aaf3efdb38e884b,2026-06-04,00:30,points,19.5,-670.0,400.0,True,fanduel,2026-06-03T15:33:10.748284
Jalen Brunson,,,1aae688472781f1a1aaf3efdb38e884b,2026-06-04,00:30,points,19.5,-420.0,280.0,True,fanduel,2026-06-03T15:33:10.748286
Karl-Anthony Towns,,,1aae688472781f1a1aaf3efdb38e884b,2026-06-04,00:30,points,19.5,182.0,-250.0,True,fanduel,2026-06-03T15:33:10.748288
Stephon Castle,,,1aae688472781f1a1aaf3efdb38e884b,2026-06-04,00:30,points,19.5,200.0,-280.0,True,fanduel,2026-06-03T15:33:10.748289
OG Anunoby,,,1aae688472781f1a1aaf3efdb38e884b,2026-06-04,00:30,points,19.5,220.0,-310.0,True,fanduel,2026-06-03T15:33:10.748291
De'Aaron Fox,,,1aae688472781f1a1aaf3efdb38e884b,2026-06-04,00:30,points,19.5,280.0,-420.0,True,fanduel,2026-06-03T15:33:10.748293
Mikal Bridges,,,1aae688472781f1a1aaf3efdb38e884b,2026-06-04,00:30,points,19.5,320.0,-490.0,True,fanduel,2026-06-03T15:33:10.748295
Devin Vassell,,,1aae688472781f1a1aaf3efdb38e884b,2026-06-04,00:30,points,19.5,450.0,,True,fanduel,2026-06-03T15:33:10.748296
Josh Hart,,,1aae688472781f1a1aaf3efdb38e884b,2026-06-04,00:30,points,19.5,680.0,,True,fanduel,2026-06-03T15:33:10.748298
Dylan Harper,,,1aae688472781f1a1aaf3efdb38e884b,2026-06-04,00:30,points,19.5,1000.0,,True,fanduel,2026-06-03T15:33:10.748302
Julian Champagnie,,,1aae688472781f1a1aaf3efdb38e884b,2026-06-04,00:30,points,19.5,1100.0,,True,fanduel,2026-06-03T15:33:10.748304
Keldon Johnson,,,1aae688472781f1a1aaf3efdb38e884b,2026-06-04,00:30,points,19.5,1700.0,,True,fanduel,2026-06-03T15:33:10.748306
Victor Wembanyama,,,1aae688472781f1a1aaf3efdb38e884b,2026-06-04,00:30,points,34.5,390.0,-650.0,True,fanduel,2026-06-03T15:33:10.748307
Jalen Brunson,,,1aae688472781f1a1aaf3efdb38e884b,2026-06-04,00:30,points,34.5,600.0,-1200.0,True,fanduel,2026-06-03T15:33:10.748309
Mikal Bridges,,,1aae688472781f1a1aaf3efdb38e884b,2026-06-04,00:30,points,8.5,-850.0,470.0,True,fanduel,2026-06-03T15:33:10.748313
Mikal Bridges,,,1aae688472781f1a1aaf3efdb38e884b,2026-06-04,00:30,points,9.5,-520.0,350.0,True,fanduel,2026-06-03T15:33:10.748315
Mikal Bridges,,,1aae688472781f1a1aaf3efdb38e884b,2026-06-04,00:30,points,10.5,-380.0,260.0,True,fanduel,2026-06-03T15:33:10.748316
Mikal Bridges,,,1aae688472781f1a1aaf3efdb38e884b,2026-06-04,00:30,points,11.5,-275.0,198.0,True,fanduel,2026-06-03T15:33:10.748318
Mikal Bridges,,,1aae688472781f1a1aaf3efdb38e884b,2026-06-04,00:30,points,12.5,-205.0,152.0,True,fanduel,2026-06-03T15:33:10.748320
Mikal Bridges,,,1aae688472781f1a1aaf3efdb38e884b,2026-06-04,00:30,points,13.5,-148.0,112.0,True,fanduel,2026-06-03T15:33:10.748321
Mikal Bridges,,,1aae688472781f1a1aaf3efdb38e884b,2026-06-04,00:30,points,14.5,-108.0,-120.0,True,fanduel,2026-06-03T15:33:10.748323
Mikal Bridges,,,1aae688472781f1a1aaf3efdb38e884b,2026-06-04,00:30,points,15.5,122.0,-162.0,True,fanduel,2026-06-03T15:33:10.748325
Mikal Bridges,,,1aae688472781f1a1aaf3efdb38e884b,2026-06-04,00:30,points,16.5,158.0,-215.0,True,fanduel,2026-06-03T15:33:10.748327
Mikal Bridges,,,1aae688472781f1a1aaf3efdb38e884b,2026-06-04,00:30,points,17.5,200.0,-280.0,True,fanduel,2026-06-03T15:33:10.748329
Mikal Bridges,,,1aae688472781f1a1aaf3efdb38e884b,2026-06-04,00:30,points,18.5,260.0,-380.0,True,fanduel,2026-06-03T15:33:10.748331
Mikal Bridges,,,1aae688472781f1a1aaf3efdb38e884b,2026-06-04,00:30,points,20.5,410.0,-700.0,True,fanduel,2026-06-03T15:33:10.748332
Devin Vassell,,,1aae688472781f1a1aaf3efdb38e884b,2026-06-04,00:30,points,7.5,-700.0,410.0,True,fanduel,2026-06-03T15:33:10.748336
Devin Vassell,,,1aae688472781f1a1aaf3efdb38e884b,2026-06-04,00:30,points,8.5,-470.0,310.0,True,fanduel,2026-06-03T15:33:10.748338
Devin Vassell,,,1aae688472781f1a1aaf3efdb38e884b,2026-06-04,00:30,points,9.5,-330.0,230.0,True,fanduel,2026-06-03T15:33:10.748340
Devin Vassell,,,1aae688472781f1a1aaf3efdb38e884b,2026-06-04,00:30,points,10.5,-240.0,174.0,True,fanduel,2026-06-03T15:33:10.748342
Devin Vassell,,,1aae688472781f1a1aaf3efdb38e884b,2026-06-04,00:30,points,11.5,-174.0,130.0,True,fanduel,2026-06-03T15:33:10.748343
Devin Vassell,,,1aae688472781f1a1aaf3efdb38e884b,2026-06-04,00:30,points,12.5,-132.0,100.0,True,fanduel,2026-06-03T15:33:10.748345
Devin Vassell,,,1aae688472781f1a1aaf3efdb38e884b,2026-06-04,00:30,points,13.5,100.0,-132.0,True,fanduel,2026-06-03T15:33:10.748347
Devin Vassell,,,1aae688472781f1a1aaf3efdb38e884b,2026-06-04,00:30,points,14.5,136.0,-180.0,True,fanduel,2026-06-03T15:33:10.748348
Devin Vassell,,,1aae688472781f1a1aaf3efdb38e884b,2026-06-04,00:30,points,15.5,174.0,-240.0,True,fanduel,2026-06-03T15:33:10.748350
Devin Vassell,,,1aae688472781f1a1aaf3efdb38e884b,2026-06-04,00:30,points,16.5,220.0,-310.0,True,fanduel,2026-06-03T15:33:10.748352
Devin Vassell,,,1aae688472781f1a1aaf3efdb38e884b,2026-06-04,00:30,points,17.5,280.0,-420.0,True,fanduel,2026-06-03T15:33:10.748354
Devin Vassell,,,1aae688472781f1a1aaf3efdb38e884b,2026-06-04,00:30,points,18.5,360.0,-580.0,True,fanduel,2026-06-03T15:33:10.748355
Dylan Harper,,,1aae688472781f1a1aaf3efdb38e884b,2026-06-04,00:30,points,5.5,-700.0,410.0,True,fanduel,2026-06-03T15:33:10.748357
Dylan Harper,,,1aae688472781f1a1aaf3efdb38e884b,2026-06-04,00:30,points,6.5,-450.0,300.0,True,fanduel,2026-06-03T15:33:10.748359
Dylan Harper,,,1aae688472781f1a1aaf3efdb38e884b,2026-06-04,00:30,points,7.5,-300.0,210.0,True,fanduel,2026-06-03T15:33:10.748361
Dylan Harper,,,1aae688472781f1a1aaf3efdb38e884b,2026-06-04,00:30,points,8.5,-210.0,154.0,True,fanduel,2026-06-03T15:33:10.748362
Dylan Harper,,,1aae688472781f1a1aaf3efdb38e884b,2026-06-04,00:30,points,9.5,-146.0,112.0,True,fanduel,2026-06-03T15:33:10.748364
Dylan Harper,,,1aae688472781f1a1aaf3efdb38e884b,2026-06-04,00:30,points,10.5,-106.0,-125.0,True,fanduel,2026-06-03T15:33:10.748366
Dylan Harper,,,1aae688472781f1a1aaf3efdb38e884b,2026-06-04,00:30,points,11.5,128.0,-172.0,True,fanduel,2026-06-03T15:33:10.748368
Dylan Harper,,,1aae688472781f1a1aaf3efdb38e884b,2026-06-04,00:30,points,12.5,174.0,-240.0,True,fanduel,2026-06-03T15:33:10.748369
Dylan Harper,,,1aae688472781f1a1aaf3efdb38e884b,2026-06-04,00:30,points,13.5,225.0,-320.0,True,fanduel,2026-06-03T15:33:10.748373
Dylan Harper,,,1aae688472781f1a1aaf3efdb38e884b,2026-06-04,00:30,points,14.5,300.0,-440.0,True,fanduel,2026-06-03T15:33:10.748375
Julian Champagnie,,,1aae688472781f1a1aaf3efdb38e884b,2026-06-04,00:30,points,4.5,-1100.0,,True,fanduel,2026-06-03T15:33:10.748377
Julian Champagnie,,,1aae688472781f1a1aaf3efdb38e884b,2026-06-04,00:30,points,5.5,-600.0,370.0,True,fanduel,2026-06-03T15:33:10.748379
Julian Champagnie,,,1aae688472781f1a1aaf3efdb38e884b,2026-06-04,00:30,points,6.5,-360.0,255.0,True,fanduel,2026-06-03T15:33:10.748380
Julian Champagnie,,,1aae688472781f1a1aaf3efdb38e884b,2026-06-04,00:30,points,7.5,-275.0,198.0,True,fanduel,2026-06-03T15:33:10.748382
Julian Champagnie,,,1aae688472781f1a1aaf3efdb38e884b,2026-06-04,00:30,points,8.5,-192.0,142.0,True,fanduel,2026-06-03T15:33:10.748384
Julian Champagnie,,,1aae688472781f1a1aaf3efdb38e884b,2026-06-04,00:30,points,9.5,-128.0,-102.0,True,fanduel,2026-06-03T15:33:10.748385
Julian Champagnie,,,1aae688472781f1a1aaf3efdb38e884b,2026-06-04,00:30,points,10.5,102.0,-136.0,True,fanduel,2026-06-03T15:33:10.748387
Julian Champagnie,,,1aae688472781f1a1aaf3efdb38e884b,2026-06-04,00:30,points,11.5,144.0,-194.0,True,fanduel,2026-06-03T15:33:10.748389
Julian Champagnie,,,1aae688472781f1a1aaf3efdb38e884b,2026-06-04,00:30,points,12.5,188.0,-260.0,True,fanduel,2026-06-03T15:33:10.748391
Julian Champagnie,,,1aae688472781f1a1aaf3efdb38e884b,2026-06-04,00:30,points,13.5,235.0,-340.0,True,fanduel,2026-06-03T15:33:10.748392
Keldon Johnson,,,1aae688472781f1a1aaf3efdb38e884b,2026-06-04,00:30,points,3.5,-800.0,450.0,True,fanduel,2026-06-03T15:33:10.748394
Keldon Johnson,,,1aae688472781f1a1aaf3efdb38e884b,2026-06-04,00:30,points,4.5,-440.0,290.0,True,fanduel,2026-06-03T15:33:10.748396
Keldon Johnson,,,1aae688472781f1a1aaf3efdb38e884b,2026-06-04,00:30,points,5.5,-290.0,205.0,True,fanduel,2026-06-03T15:33:10.748398
Keldon Johnson,,,1aae688472781f1a1aaf3efdb38e884b,2026-06-04,00:30,points,6.5,-205.0,152.0,True,fanduel,2026-06-03T15:33:10.748399
Keldon Johnson,,,1aae688472781f1a1aaf3efdb38e884b,2026-06-04,00:30,points,7.5,-138.0,104.0,True,fanduel,2026-06-03T15:33:10.748401
Keldon Johnson,,,1aae688472781f1a1aaf3efdb38e884b,2026-06-04,00:30,points,8.5,102.0,-136.0,True,fanduel,2026-06-03T15:33:10.748403
Keldon Johnson,,,1aae688472781f1a1aaf3efdb38e884b,2026-06-04,00:30,points,9.5,142.0,-188.0,True,fanduel,2026-06-03T15:33:10.748405
Keldon Johnson,,,1aae688472781f1a1aaf3efdb38e884b,2026-06-04,00:30,points,10.5,194.0,-270.0,True,fanduel,2026-06-03T15:33:10.748406
Keldon Johnson,,,1aae688472781f1a1aaf3efdb38e884b,2026-06-04,00:30,points,11.5,250.0,-360.0,True,fanduel,2026-06-03T15:33:10.748408
Keldon Johnson,,,1aae688472781f1a1aaf3efdb38e884b,2026-06-04,00:30,points,12.5,350.0,-550.0,True,fanduel,2026-06-03T15:33:10.748410
Josh Hart,,,1aae688472781f1a1aaf3efdb38e884b,2026-06-04,00:30,points,6.5,-600.0,370.0,True,fanduel,2026-06-03T15:33:10.748411
Josh Hart,,,1aae688472781f1a1aaf3efdb38e884b,2026-06-04,00:30,points,7.5,-400.0,270.0,True,fanduel,2026-06-03T15:33:10.748413
Josh Hart,,,1aae688472781f1a1aaf3efdb38e884b,2026-06-04,00:30,points,8.5,-275.0,198.0,True,fanduel,2026-06-03T15:33:10.748415
Josh Hart,,,1aae688472781f1a1aaf3efdb38e884b,2026-06-04,00:30,points,9.5,-188.0,146.0,True,fanduel,2026-06-03T15:33:10.748417
Josh Hart,,,1aae688472781f1a1aaf3efdb38e884b,2026-06-04,00:30,points,10.5,-144.0,108.0,True,fanduel,2026-06-03T15:33:10.748418
Josh Hart,,,1aae688472781f1a1aaf3efdb38e884b,2026-06-04,00:30,points,11.5,-106.0,-125.0,True,fanduel,2026-06-03T15:33:10.748423
Josh Hart,,,1aae688472781f1a1aaf3efdb38e884b,2026-06-04,00:30,points,12.5,124.0,-166.0,True,fanduel,2026-06-03T15:33:10.748424
Josh Hart,,,1aae688472781f1a1aaf3efdb38e884b,2026-06-04,00:30,points,13.5,162.0,-220.0,True,fanduel,2026-06-03T15:33:10.748426
Josh Hart,,,1aae688472781f1a1aaf3efdb38e884b,2026-06-04,00:30,points,14.5,210.0,-280.0,True,fanduel,2026-06-03T15:33:10.748428
Josh Hart,,,1aae688472781f1a1aaf3efdb38e884b,2026-06-04,00:30,points,15.5,260.0,-380.0,True,fanduel,2026-06-03T15:33:10.748433
Victor Wembanyama,,,1aae688472781f1a1aaf3efdb38e884b,2026-06-04,00:30,points,14.5,-5000.0,,True,fanduel,2026-06-03T15:33:10.748435
Jalen Brunson,,,1aae688472781f1a1aaf3efdb38e884b,2026-06-04,00:30,points,14.5,-2500.0,,True,fanduel,2026-06-03T15:33:10.748437
Karl-Anthony Towns,,,1aae688472781f1a1aaf3efdb38e884b,2026-06-04,00:30,points,14.5,-200.0,148.0,True,fanduel,2026-06-03T15:33:10.748439
Stephon Castle,,,1aae688472781f1a1aaf3efdb38e884b,2026-06-04,00:30,points,14.5,-188.0,140.0,True,fanduel,2026-06-03T15:33:10.748440
OG Anunoby,,,1aae688472781f1a1aaf3efdb38e884b,2026-06-04,00:30,points,14.5,-158.0,118.0,True,fanduel,2026-06-03T15:33:10.748442
De'Aaron Fox,,,1aae688472781f1a1aaf3efdb38e884b,2026-06-04,00:30,points,14.5,-136.0,102.0,True,fanduel,2026-06-03T15:33:10.748444
Julian Champagnie,,,1aae688472781f1a1aaf3efdb38e884b,2026-06-04,00:30,points,14.5,320.0,,True,fanduel,2026-06-03T15:33:10.748446
Keldon Johnson,,,1aae688472781f1a1aaf3efdb38e884b,2026-06-04,00:30,points,14.5,560.0,,True,fanduel,2026-06-03T15:33:10.748447
Landry Shamet,,,1aae688472781f1a1aaf3efdb38e884b,2026-06-04,00:30,points,14.5,1100.0,,True,fanduel,2026-06-03T15:33:10.748449
Miles McBride,,,1aae688472781f1a1aaf3efdb38e884b,2026-06-04,00:30,points,14.5,1300.0,,True,fanduel,2026-06-03T15:33:10.748451
Victor Wembanyama,,,1aae688472781f1a1aaf3efdb38e884b,2026-06-04,00:30,points,18.5,-900.0,490.0,True,fanduel,2026-06-03T15:33:10.748452
Victor Wembanyama,,,1aae688472781f1a1aaf3efdb38e884b,2026-06-04,00:30,points,20.5,-490.0,320.0,True,fanduel,2026-06-03T15:33:10.748454
Victor Wembanyama,,,1aae688472781f1a1aaf3efdb38e884b,2026-06-04,00:30,points,21.5,-390.0,265.0,True,fanduel,2026-06-03T15:33:10.748456
Victor Wembanyama,,,1aae688472781f1a1aaf3efdb38e884b,2026-06-04,00:30,points,22.5,-300.0,210.0,True,fanduel,2026-06-03T15:33:10.748458
Victor Wembanyama,,,1aae688472781f1a1aaf3efdb38e884b,2026-06-04,00:30,points,23.5,-240.0,174.0,True,fanduel,2026-06-03T15:33:10.748459
Victor Wembanyama,,,1aae688472781f1a1aaf3efdb38e884b,2026-06-04,00:30,points,25.5,-152.0,114.0,True,fanduel,2026-06-03T15:33:10.748461
Victor Wembanyama,,,1aae688472781f1a1aaf3efdb38e884b,2026-06-04,00:30,points,26.5,-120.0,-110.0,True,fanduel,2026-06-03T15:33:10.748463
Victor Wembanyama,,,1aae688472781f1a1aaf3efdb38e884b,2026-06-04,00:30,points,27.5,102.0,-136.0,True,fanduel,2026-06-03T15:33:10.748465
Victor Wembanyama,,,1aae688472781f1a1aaf3efdb38e884b,2026-06-04,00:30,points,28.5,130.0,-174.0,True,fanduel,2026-06-03T15:33:10.748466
Victor Wembanyama,,,1aae688472781f1a1aaf3efdb38e884b,2026-06-04,00:30,points,29.5,158.0,-215.0,True,fanduel,2026-06-03T15:33:10.748468
Victor Wembanyama,,,1aae688472781f1a1aaf3efdb38e884b,2026-06-04,00:30,points,30.5,188.0,-260.0,True,fanduel,2026-06-03T15:33:10.748470
Victor Wembanyama,,,1aae688472781f1a1aaf3efdb38e884b,2026-06-04,00:30,points,31.5,225.0,-320.0,True,fanduel,2026-06-03T15:33:10.748471
Victor Wembanyama,,,1aae688472781f1a1aaf3efdb38e884b,2026-06-04,00:30,points,32.5,270.0,-400.0,True,fanduel,2026-06-03T15:33:10.748473
Victor Wembanyama,,,1aae688472781f1a1aaf3efdb38e884b,2026-06-04,00:30,points,33.5,320.0,-500.0,True,fanduel,2026-06-03T15:33:10.748475
Victor Wembanyama,,,1aae688472781f1a1aaf3efdb38e884b,2026-06-04,00:30,points,35.5,490.0,-900.0,True,fanduel,2026-06-03T15:33:10.748477
Victor Wembanyama,,,1aae688472781f1a1aaf3efdb38e884b,2026-06-04,00:30,points,36.5,,-1200.0,True,fanduel,2026-06-03T15:33:10.748479
Karl-Anthony Towns,,,1aae688472781f1a1aaf3efdb38e884b,2026-06-04,00:30,points,9.5,-1100.0,,True,fanduel,2026-06-03T15:33:10.748480
Stephon Castle,,,1aae688472781f1a1aaf3efdb38e884b,2026-06-04,00:30,points,9.5,-1100.0,,True,fanduel,2026-06-03T15:33:10.748482
OG Anunoby,,,1aae688472781f1a1aaf3efdb38e884b,2026-06-04,00:30,points,9.5,-750.0,430.0,True,fanduel,2026-06-03T15:33:10.748484
De'Aaron Fox,,,1aae688472781f1a1aaf3efdb38e884b,2026-06-04,00:30,points,9.5,-670.0,400.0,True,fanduel,2026-06-03T15:33:10.748485
Landry Shamet,,,1aae688472781f1a1aaf3efdb38e884b,2026-06-04,00:30,points,9.5,350.0,,True,fanduel,2026-06-03T15:33:10.748487
Miles McBride,,,1aae688472781f1a1aaf3efdb38e884b,2026-06-04,00:30,points,9.5,370.0,,True,fanduel,2026-06-03T15:33:10.748491
Mitchell Robinson,,,1aae688472781f1a1aaf3efdb38e884b,2026-06-04,00:30,points,9.5,630.0,,True,fanduel,2026-06-03T15:33:10.748493
Jalen Brunson,,,1aae688472781f1a1aaf3efdb38e884b,2026-06-04,00:30,points,29.5,225.0,-320.0,True,fanduel,2026-06-03T15:33:10.748495
Karl-Anthony Towns,,,1aae688472781f1a1aaf3efdb38e884b,2026-06-04,00:30,points,29.5,1500.0,,True,fanduel,2026-06-03T15:33:10.748496
OG Anunoby,,,1aae688472781f1a1aaf3efdb38e884b,2026-06-04,00:30,points,29.5,1500.0,,True,fanduel,2026-06-03T15:33:10.748498
Stephon Castle,,,1aae688472781f1a1aaf3efdb38e884b,2026-06-04,00:30,points,29.5,1700.0,,True,fanduel,2026-06-03T15:33:10.748500
De'Aaron Fox,,,1aae688472781f1a1aaf3efdb38e884b,2026-06-04,00:30,points,29.5,2500.0,,True,fanduel,2026-06-03T15:33:10.748501
Mikal Bridges,,,1aae688472781f1a1aaf3efdb38e884b,2026-06-04,00:30,points,29.5,3000.0,,True,fanduel,2026-06-03T15:33:10.748503
Victor Wembanyama,,,1aae688472781f1a1aaf3efdb38e884b,2026-06-04,00:30,points,49.5,6500.0,,True,fanduel,2026-06-03T15:33:10.748505
Karl-Anthony Towns,,,1aae688472781f1a1aaf3efdb38e884b,2026-06-04,00:30,points,10.5,-700.0,410.0,True,fanduel,2026-06-03T15:33:10.748506
Karl-Anthony Towns,,,1aae688472781f1a1aaf3efdb38e884b,2026-06-04,00:30,points,11.5,-470.0,310.0,True,fanduel,2026-06-03T15:33:10.748508
Karl-Anthony Towns,,,1aae688472781f1a1aaf3efdb38e884b,2026-06-04,00:30,points,12.5,-340.0,235.0,True,fanduel,2026-06-03T15:33:10.748510
Karl-Anthony Towns,,,1aae688472781f1a1aaf3efdb38e884b,2026-06-04,00:30,points,13.5,-260.0,188.0,True,fanduel,2026-06-03T15:33:10.748512
Karl-Anthony Towns,,,1aae688472781f1a1aaf3efdb38e884b,2026-06-04,00:30,points,15.5,-152.0,114.0,True,fanduel,2026-06-03T15:33:10.748513
Karl-Anthony Towns,,,1aae688472781f1a1aaf3efdb38e884b,2026-06-04,00:30,points,16.5,-114.0,-114.0,True,fanduel,2026-06-03T15:33:10.748515
Karl-Anthony Towns,,,1aae688472781f1a1aaf3efdb38e884b,2026-06-04,00:30,points,17.5,116.0,-154.0,True,fanduel,2026-06-03T15:33:10.748517
Karl-Anthony Towns,,,1aae688472781f1a1aaf3efdb38e884b,2026-06-04,00:30,points,18.5,146.0,-200.0,True,fanduel,2026-06-03T15:33:10.748519
Karl-Anthony Towns,,,1aae688472781f1a1aaf3efdb38e884b,2026-06-04,00:30,points,20.5,230.0,-330.0,True,fanduel,2026-06-03T15:33:10.748520
Karl-Anthony Towns,,,1aae688472781f1a1aaf3efdb38e884b,2026-06-04,00:30,points,21.5,290.0,-440.0,True,fanduel,2026-06-03T15:33:10.748522
Karl-Anthony Towns,,,1aae688472781f1a1aaf3efdb38e884b,2026-06-04,00:30,points,22.5,360.0,-580.0,True,fanduel,2026-06-03T15:33:10.748526
Karl-Anthony Towns,,,1aae688472781f1a1aaf3efdb38e884b,2026-06-04,00:30,points,23.5,450.0,-800.0,True,fanduel,2026-06-03T15:33:10.748528
Jalen Brunson,,,1aae688472781f1a1aaf3efdb38e884b,2026-06-04,00:30,points,44.5,3500.0,,True,fanduel,2026-06-03T15:33:10.748530
Victor Wembanyama,,,1aae688472781f1a1aaf3efdb38e884b,2026-06-04,00:30,points,44.5,2500.0,,True,fanduel,2026-06-03T15:33:10.748531
De'Aaron Fox,,,1aae688472781f1a1aaf3efdb38e884b,2026-06-04,00:30,points,10.5,-470.0,310.0,True,fanduel,2026-06-03T15:33:10.748533
De'Aaron Fox,,,1aae688472781f1a1aaf3efdb38e884b,2026-06-04,00:30,points,11.5,-330.0,230.0,True,fanduel,2026-06-03T15:33:10.748535
De'Aaron Fox,,,1aae688472781f1a1aaf3efdb38e884b,2026-06-04,00:30,points,12.5,-245.0,178.0,True,fanduel,2026-06-03T15:33:10.748536
De'Aaron Fox,,,1aae688472781f1a1aaf3efdb38e884b,2026-06-04,00:30,points,13.5,-182.0,136.0,True,fanduel,2026-06-03T15:33:10.748538
De'Aaron Fox,,,1aae688472781f1a1aaf3efdb38e884b,2026-06-04,00:30,points,15.5,-104.0,-128.0,True,fanduel,2026-06-03T15:33:10.748540
De'Aaron Fox,,,1aae688472781f1a1aaf3efdb38e884b,2026-06-04,00:30,points,16.5,130.0,-174.0,True,fanduel,2026-06-03T15:33:10.748544
De'Aaron Fox,,,1aae688472781f1a1aaf3efdb38e884b,2026-06-04,00:30,points,17.5,168.0,-230.0,True,fanduel,2026-06-03T15:33:10.748545
De'Aaron Fox,,,1aae688472781f1a1aaf3efdb38e884b,2026-06-04,00:30,points,18.5,220.0,-310.0,True,fanduel,2026-06-03T15:33:10.748547
De'Aaron Fox,,,1aae688472781f1a1aaf3efdb38e884b,2026-06-04,00:30,points,20.5,360.0,-580.0,True,fanduel,2026-06-03T15:33:10.748549
De'Aaron Fox,,,1aae688472781f1a1aaf3efdb38e884b,2026-06-04,00:30,points,21.5,450.0,-800.0,True,fanduel,2026-06-03T15:33:10.748553
Stephon Castle,,,1aae688472781f1a1aaf3efdb38e884b,2026-06-04,00:30,points,10.5,-700.0,410.0,True,fanduel,2026-06-03T15:33:10.748554
Stephon Castle,,,1aae688472781f1a1aaf3efdb38e884b,2026-06-04,00:30,points,11.5,-470.0,310.0,True,fanduel,2026-06-03T15:33:10.748556
Stephon Castle,,,1aae688472781f1a1aaf3efdb38e884b,2026-06-04,00:30,points,12.5,-340.0,235.0,True,fanduel,2026-06-03T15:33:10.748558
Stephon Castle,,,1aae688472781f1a1aaf3efdb38e884b,2026-06-04,00:30,points,13.5,-250.0,182.0,True,fanduel,2026-06-03T15:33:10.748560
Stephon Castle,,,1aae688472781f1a1aaf3efdb38e884b,2026-06-04,00:30,points,15.5,-138.0,104.0,True,fanduel,2026-06-03T15:33:10.748561
Stephon Castle,,,1aae688472781f1a1aaf3efdb38e884b,2026-06-04,00:30,points,16.5,-104.0,-128.0,True,fanduel,2026-06-03T15:33:10.748563
Stephon Castle,,,1aae688472781f1a1aaf3efdb38e884b,2026-06-04,00:30,points,17.5,124.0,-166.0,True,fanduel,2026-06-03T15:33:10.748565
Stephon Castle,,,1aae688472781f1a1aaf3efdb38e884b,2026-06-04,00:30,points,18.5,164.0,-225.0,True,fanduel,2026-06-03T15:33:10.748567
Stephon Castle,,,1aae688472781f1a1aaf3efdb38e884b,2026-06-04,00:30,points,20.5,265.0,-390.0,True,fanduel,2026-06-03T15:33:10.748568
Stephon Castle,,,1aae688472781f1a1aaf3efdb38e884b,2026-06-04,00:30,points,21.5,320.0,-500.0,True,fanduel,2026-06-03T15:33:10.748570
Stephon Castle,,,1aae688472781f1a1aaf3efdb38e884b,2026-06-04,00:30,points,22.5,410.0,-700.0,True,fanduel,2026-06-03T15:33:10.748572
Stephon Castle,,,1aae688472781f1a1aaf3efdb38e884b,2026-06-04,00:30,points,23.5,,-1100.0,True,fanduel,2026-06-03T15:33:10.748574
Victor Wembanyama,,,1aae688472781f1a1aaf3efdb38e884b,2026-06-04,00:30,points,39.5,1060.0,,True,fanduel,2026-06-03T15:33:10.748576
Jalen Brunson,,,1aae688472781f1a1aaf3efdb38e884b,2026-06-04,00:30,points,39.5,1400.0,,True,fanduel,2026-06-03T15:33:10.748577
OG Anunoby,,,1aae688472781f1a1aaf3efdb38e884b,2026-06-04,00:30,points,10.5,-500.0,320.0,True,fanduel,2026-06-03T15:33:10.748579
OG Anunoby,,,1aae688472781f1a1aaf3efdb38e884b,2026-06-04,00:30,points,11.5,-360.0,250.0,True,fanduel,2026-06-03T15:33:10.748581
OG Anunoby,,,1aae688472781f1a1aaf3efdb38e884b,2026-06-04,00:30,points,12.5,-275.0,198.0,True,fanduel,2026-06-03T15:33:10.748583
OG Anunoby,,,1aae688472781f1a1aaf3efdb38e884b,2026-06-04,00:30,points,13.5,-210.0,154.0,True,fanduel,2026-06-03T15:33:10.748584
OG Anunoby,,,1aae688472781f1a1aaf3efdb38e884b,2026-06-04,00:30,points,15.5,-120.0,-110.0,True,fanduel,2026-06-03T15:33:10.748586
OG Anunoby,,,1aae688472781f1a1aaf3efdb38e884b,2026-06-04,00:30,points,16.5,106.0,-140.0,True,fanduel,2026-06-03T15:33:10.748588
OG Anunoby,,,1aae688472781f1a1aaf3efdb38e884b,2026-06-04,00:30,points,17.5,140.0,-188.0,True,fanduel,2026-06-03T15:33:10.748589
OG Anunoby,,,1aae688472781f1a1aaf3efdb38e884b,2026-06-04,00:30,points,18.5,174.0,-240.0,True,fanduel,2026-06-03T15:33:10.748591
OG Anunoby,,,1aae688472781f1a1aaf3efdb38e884b,2026-06-04,00:30,points,20.5,280.0,-420.0,True,fanduel,2026-06-03T15:33:10.748593
OG Anunoby,,,1aae688472781f1a1aaf3efdb38e884b,2026-06-04,00:30,points,21.5,350.0,-550.0,True,fanduel,2026-06-03T15:33:10.748595
OG Anunoby,,,1aae688472781f1a1aaf3efdb38e884b,2026-06-04,00:30,points,22.5,430.0,-750.0,True,fanduel,2026-06-03T15:33:10.748596
OG Anunoby,,,1aae688472781f1a1aaf3efdb38e884b,2026-06-04,00:30,points,23.5,,-1100.0,True,fanduel,2026-06-03T15:33:10.748598
Jalen Brunson,,,1aae688472781f1a1aaf3efdb38e884b,2026-06-04,00:30,points,16.5,-1100.0,,True,fanduel,2026-06-03T15:33:10.748600
Jalen Brunson,,,1aae688472781f1a1aaf3efdb38e884b,2026-06-04,00:30,points,17.5,-750.0,430.0,True,fanduel,2026-06-03T15:33:10.748602
Jalen Brunson,,,1aae688472781f1a1aaf3efdb38e884b,2026-06-04,00:30,points,18.5,-580.0,360.0,True,fanduel,2026-06-03T15:33:10.748603
Jalen Brunson,,,1aae688472781f1a1aaf3efdb38e884b,2026-06-04,00:30,points,20.5,-320.0,225.0,True,fanduel,2026-06-03T15:33:10.748605
Jalen Brunson,,,1aae688472781f1a1aaf3efdb38e884b,2026-06-04,00:30,points,21.5,-250.0,182.0,True,fanduel,2026-06-03T15:33:10.748607
Jalen Brunson,,,1aae688472781f1a1aaf3efdb38e884b,2026-06-04,00:30,points,22.5,-200.0,148.0,True,fanduel,2026-06-03T15:33:10.748611
Jalen Brunson,,,1aae688472781f1a1aaf3efdb38e884b,2026-06-04,00:30,points,23.5,-158.0,118.0,True,fanduel,2026-06-03T15:33:10.748613
Jalen Brunson,,,1aae688472781f1a1aaf3efdb38e884b,2026-06-04,00:30,points,25.5,102.0,-136.0,True,fanduel,2026-06-03T15:33:10.748614
Jalen Brunson,,,1aae688472781f1a1aaf3efdb38e884b,2026-06-04,00:30,points,26.5,126.0,-168.0,True,fanduel,2026-06-03T15:33:10.748616
Jalen Brunson,,,1aae688472781f1a1aaf3efdb38e884b,2026-06-04,00:30,points,27.5,154.0,-210.0,True,fanduel,2026-06-03T15:33:10.748618
Jalen Brunson,,,1aae688472781f1a1aaf3efdb38e884b,2026-06-04,00:30,points,28.5,188.0,-260.0,True,fanduel,2026-06-03T15:33:10.748620
Jalen Brunson,,,1aae688472781f1a1aaf3efdb38e884b,2026-06-04,00:30,points,30.5,270.0,-400.0,True,fanduel,2026-06-03T15:33:10.748621
Jalen Brunson,,,1aae688472781f1a1aaf3efdb38e884b,2026-06-04,00:30,points,31.5,320.0,-490.0,True,fanduel,2026-06-03T15:33:10.748625
Jalen Brunson,,,1aae688472781f1a1aaf3efdb38e884b,2026-06-04,00:30,points,32.5,390.0,-650.0,True,fanduel,2026-06-03T15:33:10.748627
Jalen Brunson,,,1aae688472781f1a1aaf3efdb38e884b,2026-06-04,00:30,points,33.5,470.0,-850.0,True,fanduel,2026-06-03T15:33:10.748629
De'Aaron Fox,,,1aae688472781f1a1aaf3efdb38e884b,2026-06-04,00:30,rebounds,3.5,-114.0,-114.0,False,fanduel,2026-06-03T15:33:10.748653
Mikal Bridges,,,1aae688472781f1a1aaf3efdb38e884b,2026-06-04,00:30,rebounds,3.5,-114.0,-114.0,False,fanduel,2026-06-03T15:33:10.748655
Landry Shamet,,,1aae688472781f1a1aaf3efdb38e884b,2026-06-04,00:30,rebounds,1.5,126.0,-168.0,False,fanduel,2026-06-03T15:33:10.748657
Stephon Castle,,,1aae688472781f1a1aaf3efdb38e884b,2026-06-04,00:30,rebounds,4.5,-138.0,104.0,False,fanduel,2026-06-03T15:33:10.748659
Dylan Harper,,,1aae688472781f1a1aaf3efdb38e884b,2026-06-04,00:30,rebounds,3.5,-172.0,128.0,False,fanduel,2026-06-03T15:33:10.748661
Jalen Brunson,,,1aae688472781f1a1aaf3efdb38e884b,2026-06-04,00:30,rebounds,2.5,-154.0,116.0,False,fanduel,2026-06-03T15:33:10.748663
Victor Wembanyama,,,1aae688472781f1a1aaf3efdb38e884b,2026-06-04,00:30,rebounds,11.5,-114.0,-114.0,False,fanduel,2026-06-03T15:33:10.748664
Devin Vassell,,,1aae688472781f1a1aaf3efdb38e884b,2026-06-04,00:30,rebounds,4.5,122.0,-162.0,False,fanduel,2026-06-03T15:33:10.748666
Carter Bryant,,,1aae688472781f1a1aaf3efdb38e884b,2026-06-04,00:30,rebounds,1.5,126.0,-168.0,False,fanduel,2026-06-03T15:33:10.748668
Josh Hart,,,1aae688472781f1a1aaf3efdb38e884b,2026-06-04,00:30,rebounds,7.5,-144.0,108.0,False,fanduel,2026-06-03T15:33:10.748670
Julian Champagnie,,,1aae688472781f1a1aaf3efdb38e884b,2026-06-04,00:30,rebounds,5.5,-110.0,-118.0,False,fanduel,2026-06-03T15:33:10.748671
Miles McBride,,,1aae688472781f1a1aaf3efdb38e884b,2026-06-04,00:30,rebounds,1.5,162.0,-225.0,False,fanduel,2026-06-03T15:33:10.748673
Mitchell Robinson,,,1aae688472781f1a1aaf3efdb38e884b,2026-06-04,00:30,rebounds,4.5,-152.0,114.0,False,fanduel,2026-06-03T15:33:10.748675
OG Anunoby,,,1aae688472781f1a1aaf3efdb38e884b,2026-06-04,00:30,rebounds,5.5,-130.0,-102.0,False,fanduel,2026-06-03T15:33:10.748676
Karl-Anthony Towns,,,1aae688472781f1a1aaf3efdb38e884b,2026-06-04,00:30,rebounds,11.5,-114.0,-114.0,False,fanduel,2026-06-03T15:33:10.748678
Karl-Anthony Towns,,,1aae688472781f1a1aaf3efdb38e884b,2026-06-04,00:30,rebounds,7.5,-670.0,410.0,True,fanduel,2026-06-03T15:33:10.748763
Karl-Anthony Towns,,,1aae688472781f1a1aaf3efdb38e884b,2026-06-04,00:30,rebounds,8.5,-390.0,265.0,True,fanduel,2026-06-03T15:33:10.748766
Karl-Anthony Towns,,,1aae688472781f1a1aaf3efdb38e884b,2026-06-04,00:30,rebounds,9.5,-280.0,200.0,True,fanduel,2026-06-03T15:33:10.748767
Karl-Anthony Towns,,,1aae688472781f1a1aaf3efdb38e884b,2026-06-04,00:30,rebounds,10.5,-180.0,134.0,True,fanduel,2026-06-03T15:33:10.748769
Karl-Anthony Towns,,,1aae688472781f1a1aaf3efdb38e884b,2026-06-04,00:30,rebounds,11.5,-113.0,-114.0,True,fanduel,2026-06-03T15:33:10.748771
Karl-Anthony Towns,,,1aae688472781f1a1aaf3efdb38e884b,2026-06-04,00:30,rebounds,12.5,134.0,-180.0,True,fanduel,2026-06-03T15:33:10.748773
Karl-Anthony Towns,,,1aae688472781f1a1aaf3efdb38e884b,2026-06-04,00:30,rebounds,13.5,200.0,-275.0,True,fanduel,2026-06-03T15:33:10.748774
Karl-Anthony Towns,,,1aae688472781f1a1aaf3efdb38e884b,2026-06-04,00:30,rebounds,14.5,280.0,-420.0,True,fanduel,2026-06-03T15:33:10.748776
Karl-Anthony Towns,,,1aae688472781f1a1aaf3efdb38e884b,2026-06-04,00:30,rebounds,15.5,430.0,-700.0,True,fanduel,2026-06-03T15:33:10.748778
Karl-Anthony Towns,,,1aae688472781f1a1aaf3efdb38e884b,2026-06-04,00:30,rebounds,5.5,-4000.0,,True,fanduel,2026-06-03T15:33:10.748779
Josh Hart,,,1aae688472781f1a1aaf3efdb38e884b,2026-06-04,00:30,rebounds,5.5,-500.0,320.0,True,fanduel,2026-06-03T15:33:10.748781
OG Anunoby,,,1aae688472781f1a1aaf3efdb38e884b,2026-06-04,00:30,rebounds,5.5,-130.0,-102.0,True,fanduel,2026-06-03T15:33:10.748783
Julian Champagnie,,,1aae688472781f1a1aaf3efdb38e884b,2026-06-04,00:30,rebounds,5.5,-110.0,-118.0,True,fanduel,2026-06-03T15:33:10.748785
Mitchell Robinson,,,1aae688472781f1a1aaf3efdb38e884b,2026-06-04,00:30,rebounds,5.5,122.0,,True,fanduel,2026-06-03T15:33:10.748787
Stephon Castle,,,1aae688472781f1a1aaf3efdb38e884b,2026-06-04,00:30,rebounds,5.5,148.0,-200.0,True,fanduel,2026-06-03T15:33:10.748788
Devin Vassell,,,1aae688472781f1a1aaf3efdb38e884b,2026-06-04,00:30,rebounds,5.5,235.0,-340.0,True,fanduel,2026-06-03T15:33:10.748790
Dylan Harper,,,1aae688472781f1a1aaf3efdb38e884b,2026-06-04,00:30,rebounds,5.5,240.0,-350.0,True,fanduel,2026-06-03T15:33:10.748792
De'Aaron Fox,,,1aae688472781f1a1aaf3efdb38e884b,2026-06-04,00:30,rebounds,5.5,390.0,-650.0,True,fanduel,2026-06-03T15:33:10.748794
Mikal Bridges,,,1aae688472781f1a1aaf3efdb38e884b,2026-06-04,00:30,rebounds,5.5,400.0,-670.0,True,fanduel,2026-06-03T15:33:10.748795
Keldon Johnson,,,1aae688472781f1a1aaf3efdb38e884b,2026-06-04,00:30,rebounds,5.5,480.0,,True,fanduel,2026-06-03T15:33:10.748797
Luke Kornet,,,1aae688472781f1a1aaf3efdb38e884b,2026-06-04,00:30,rebounds,5.5,560.0,,True,fanduel,2026-06-03T15:33:10.748799
Jalen Brunson,,,1aae688472781f1a1aaf3efdb38e884b,2026-06-04,00:30,rebounds,5.5,870.0,,True,fanduel,2026-06-03T15:33:10.748801
Victor Wembanyama,,,1aae688472781f1a1aaf3efdb38e884b,2026-06-04,00:30,rebounds,7.5,-1100.0,,True,fanduel,2026-06-03T15:33:10.748802
Josh Hart,,,1aae688472781f1a1aaf3efdb38e884b,2026-06-04,00:30,rebounds,7.5,-144.0,108.0,True,fanduel,2026-06-03T15:33:10.748804
OG Anunoby,,,1aae688472781f1a1aaf3efdb38e884b,2026-06-04,00:30,rebounds,7.5,270.0,-400.0,True,fanduel,2026-06-03T15:33:10.748806
Mitchell Robinson,,,1aae688472781f1a1aaf3efdb38e884b,2026-06-04,00:30,rebounds,7.5,310.0,,True,fanduel,2026-06-03T15:33:10.748808
Julian Champagnie,,,1aae688472781f1a1aaf3efdb38e884b,2026-06-04,00:30,rebounds,7.5,310.0,-470.0,True,fanduel,2026-06-03T15:33:10.748809
Stephon Castle,,,1aae688472781f1a1aaf3efdb38e884b,2026-06-04,00:30,rebounds,7.5,540.0,-1000.0,True,fanduel,2026-06-03T15:33:10.748811
Dylan Harper,,,1aae688472781f1a1aaf3efdb38e884b,2026-06-04,00:30,rebounds,7.5,870.0,,True,fanduel,2026-06-03T15:33:10.748813
Devin Vassell,,,1aae688472781f1a1aaf3efdb38e884b,2026-06-04,00:30,rebounds,7.5,900.0,,True,fanduel,2026-06-03T15:33:10.748815
De'Aaron Fox,,,1aae688472781f1a1aaf3efdb38e884b,2026-06-04,00:30,rebounds,7.5,1400.0,,True,fanduel,2026-06-03T15:33:10.748816
Mikal Bridges,,,1aae688472781f1a1aaf3efdb38e884b,2026-06-04,00:30,rebounds,7.5,1400.0,,True,fanduel,2026-06-03T15:33:10.748818
Luke Kornet,,,1aae688472781f1a1aaf3efdb38e884b,2026-06-04,00:30,rebounds,7.5,1400.0,,True,fanduel,2026-06-03T15:33:10.748822
Keldon Johnson,,,1aae688472781f1a1aaf3efdb38e884b,2026-06-04,00:30,rebounds,7.5,1500.0,,True,fanduel,2026-06-03T15:33:10.748824
Mikal Bridges,,,1aae688472781f1a1aaf3efdb38e884b,2026-06-04,00:30,rebounds,1.5,-1100.0,,True,fanduel,2026-06-03T15:33:10.748826
Mikal Bridges,,,1aae688472781f1a1aaf3efdb38e884b,2026-06-04,00:30,rebounds,2.5,-310.0,220.0,True,fanduel,2026-06-03T15:33:10.748828
Mikal Bridges,,,1aae688472781f1a1aaf3efdb38e884b,2026-06-04,00:30,rebounds,3.5,-113.0,-114.0,True,fanduel,2026-06-03T15:33:10.748829
Mikal Bridges,,,1aae688472781f1a1aaf3efdb38e884b,2026-06-04,00:30,rebounds,4.5,194.0,-270.0,True,fanduel,2026-06-03T15:33:10.748831
OG Anunoby,,,1aae688472781f1a1aaf3efdb38e884b,2026-06-04,00:30,rebounds,3.5,-590.0,370.0,True,fanduel,2026-06-03T15:33:10.748833
OG Anunoby,,,1aae688472781f1a1aaf3efdb38e884b,2026-06-04,00:30,rebounds,4.5,-260.0,188.0,True,fanduel,2026-06-03T15:33:10.748835
OG Anunoby,,,1aae688472781f1a1aaf3efdb38e884b,2026-06-04,00:30,rebounds,6.5,148.0,-200.0,True,fanduel,2026-06-03T15:33:10.748836
OG Anunoby,,,1aae688472781f1a1aaf3efdb38e884b,2026-06-04,00:30,rebounds,8.5,450.0,-800.0,True,fanduel,2026-06-03T15:33:10.748838
Julian Champagnie,,,1aae688472781f1a1aaf3efdb38e884b,2026-06-04,00:30,rebounds,3.5,-520.0,350.0,True,fanduel,2026-06-03T15:33:10.748840
Julian Champagnie,,,1aae688472781f1a1aaf3efdb38e884b,2026-06-04,00:30,rebounds,4.5,-235.0,172.0,True,fanduel,2026-06-03T15:33:10.748842
Julian Champagnie,,,1aae688472781f1a1aaf3efdb38e884b,2026-06-04,00:30,rebounds,6.5,174.0,-240.0,True,fanduel,2026-06-03T15:33:10.748843
Julian Champagnie,,,1aae688472781f1a1aaf3efdb38e884b,2026-06-04,00:30,rebounds,8.5,,-1100.0,True,fanduel,2026-06-03T15:33:10.748845
Josh Hart,,,1aae688472781f1a1aaf3efdb38e884b,2026-06-04,00:30,rebounds,3.5,-4500.0,,True,fanduel,2026-06-03T15:33:10.748847
Stephon Castle,,,1aae688472781f1a1aaf3efdb38e884b,2026-06-04,00:30,rebounds,3.5,-330.0,230.0,True,fanduel,2026-06-03T15:33:10.748849
Mitchell Robinson,,,1aae688472781f1a1aaf3efdb38e884b,2026-06-04,00:30,rebounds,3.5,-280.0,,True,fanduel,2026-06-03T15:33:10.748850
Devin Vassell,,,1aae688472781f1a1aaf3efdb38e884b,2026-06-04,00:30,rebounds,3.5,-198.0,146.0,True,fanduel,2026-06-03T15:33:10.748852
Dylan Harper,,,1aae688472781f1a1aaf3efdb38e884b,2026-06-04,00:30,rebounds,3.5,-172.0,128.0,True,fanduel,2026-06-03T15:33:10.748854
De'Aaron Fox,,,1aae688472781f1a1aaf3efdb38e884b,2026-06-04,00:30,rebounds,3.5,-114.0,-114.0,True,fanduel,2026-06-03T15:33:10.748856
Keldon Johnson,,,1aae688472781f1a1aaf3efdb38e884b,2026-06-04,00:30,rebounds,3.5,118.0,,True,fanduel,2026-06-03T15:33:10.748857
Luke Kornet,,,1aae688472781f1a1aaf3efdb38e884b,2026-06-04,00:30,rebounds,3.5,152.0,,True,fanduel,2026-06-03T15:33:10.748859
Jalen Brunson,,,1aae688472781f1a1aaf3efdb38e884b,2026-06-04,00:30,rebounds,3.5,172.0,-235.0,True,fanduel,2026-06-03T15:33:10.748861
Victor Wembanyama,,,1aae688472781f1a1aaf3efdb38e884b,2026-06-04,00:30,rebounds,13.5,205.0,-290.0,True,fanduel,2026-06-03T15:33:10.748863
Josh Hart,,,1aae688472781f1a1aaf3efdb38e884b,2026-06-04,00:30,rebounds,13.5,1100.0,,True,fanduel,2026-06-03T15:33:10.748864
Mitchell Robinson,,,1aae688472781f1a1aaf3efdb38e884b,2026-06-04,00:30,rebounds,13.5,2500.0,,True,fanduel,2026-06-03T15:33:10.748866
Victor Wembanyama,,,1aae688472781f1a1aaf3efdb38e884b,2026-06-04,00:30,rebounds,11.5,-114.0,-114.0,True,fanduel,2026-06-03T15:33:10.748868
Josh Hart,,,1aae688472781f1a1aaf3efdb38e884b,2026-06-04,00:30,rebounds,11.5,450.0,,True,fanduel,2026-06-03T15:33:10.748869
Mitchell Robinson,,,1aae688472781f1a1aaf3efdb38e884b,2026-06-04,00:30,rebounds,11.5,1300.0,,True,fanduel,2026-06-03T15:33:10.748871
OG Anunoby,,,1aae688472781f1a1aaf3efdb38e884b,2026-06-04,00:30,rebounds,11.5,1700.0,,True,fanduel,2026-06-03T15:33:10.748873
Julian Champagnie,,,1aae688472781f1a1aaf3efdb38e884b,2026-06-04,00:30,rebounds,11.5,2000.0,,True,fanduel,2026-06-03T15:33:10.748874
Devin Vassell,,,1aae688472781f1a1aaf3efdb38e884b,2026-06-04,00:30,rebounds,2.5,-500.0,320.0,True,fanduel,2026-06-03T15:33:10.748876
Devin Vassell,,,1aae688472781f1a1aaf3efdb38e884b,2026-06-04,00:30,rebounds,4.5,122.0,-162.0,True,fanduel,2026-06-03T15:33:10.748878
Devin Vassell,,,1aae688472781f1a1aaf3efdb38e884b,2026-06-04,00:30,rebounds,6.5,450.0,-800.0,True,fanduel,2026-06-03T15:33:10.748880
Josh Hart,,,1aae688472781f1a1aaf3efdb38e884b,2026-06-04,00:30,rebounds,4.5,-1400.0,,True,fanduel,2026-06-03T15:33:10.748881
Josh Hart,,,1aae688472781f1a1aaf3efdb38e884b,2026-06-04,00:30,rebounds,6.5,-260.0,188.0,True,fanduel,2026-06-03T15:33:10.748883
Josh Hart,,,1aae688472781f1a1aaf3efdb38e884b,2026-06-04,00:30,rebounds,8.5,124.0,-166.0,True,fanduel,2026-06-03T15:33:10.748885
Josh Hart,,,1aae688472781f1a1aaf3efdb38e884b,2026-06-04,00:30,rebounds,9.5,176.0,-240.0,True,fanduel,2026-06-03T15:33:10.748886
Josh Hart,,,1aae688472781f1a1aaf3efdb38e884b,2026-06-04,00:30,rebounds,10.5,280.0,-420.0,True,fanduel,2026-06-03T15:33:10.748888
Victor Wembanyama,,,1aae688472781f1a1aaf3efdb38e884b,2026-06-04,00:30,rebounds,8.5,-470.0,310.0,True,fanduel,2026-06-03T15:33:10.748890
Victor Wembanyama,,,1aae688472781f1a1aaf3efdb38e884b,2026-06-04,00:30,rebounds,9.5,-330.0,230.0,True,fanduel,2026-06-03T15:33:10.748892
Victor Wembanyama,,,1aae688472781f1a1aaf3efdb38e884b,2026-06-04,00:30,rebounds,10.5,-192.0,142.0,True,fanduel,2026-06-03T15:33:10.748893
Victor Wembanyama,,,1aae688472781f1a1aaf3efdb38e884b,2026-06-04,00:30,rebounds,12.5,142.0,-192.0,True,fanduel,2026-06-03T15:33:10.748895
Victor Wembanyama,,,1aae688472781f1a1aaf3efdb38e884b,2026-06-04,00:30,rebounds,14.5,320.0,-490.0,True,fanduel,2026-06-03T15:33:10.748897
Victor Wembanyama,,,1aae688472781f1a1aaf3efdb38e884b,2026-06-04,00:30,rebounds,15.5,500.0,-900.0,True,fanduel,2026-06-03T15:33:10.748898
Stephon Castle,,,1aae688472781f1a1aaf3efdb38e884b,2026-06-04,00:30,rebounds,2.5,-1100.0,,True,fanduel,2026-06-03T15:33:10.748900
Stephon Castle,,,1aae688472781f1a1aaf3efdb38e884b,2026-06-04,00:30,rebounds,4.5,-138.0,104.0,True,fanduel,2026-06-03T15:33:10.748902
Stephon Castle,,,1aae688472781f1a1aaf3efdb38e884b,2026-06-04,00:30,rebounds,6.5,280.0,-420.0,True,fanduel,2026-06-03T15:33:10.748903
Jalen Brunson,,,1aae688472781f1a1aaf3efdb38e884b,2026-06-04,00:30,rebounds,1.5,-490.0,320.0,True,fanduel,2026-06-03T15:33:10.748905
Jalen Brunson,,,1aae688472781f1a1aaf3efdb38e884b,2026-06-04,00:30,rebounds,2.5,-154.0,116.0,True,fanduel,2026-06-03T15:33:10.748907
Jalen Brunson,,,1aae688472781f1a1aaf3efdb38e884b,2026-06-04,00:30,rebounds,4.5,370.0,-600.0,True,fanduel,2026-06-03T15:33:10.748909
Dylan Harper,,,1aae688472781f1a1aaf3efdb38e884b,2026-06-04,00:30,rebounds,1.5,-1450.0,,True,fanduel,2026-06-03T15:33:10.748913
Dylan Harper,,,1aae688472781f1a1aaf3efdb38e884b,2026-06-04,00:30,rebounds,2.5,-420.0,280.0,True,fanduel,2026-06-03T15:33:10.748915
Dylan Harper,,,1aae688472781f1a1aaf3efdb38e884b,2026-06-04,00:30,rebounds,4.5,126.0,-168.0,True,fanduel,2026-06-03T15:33:10.748917
Dylan Harper,,,1aae688472781f1a1aaf3efdb38e884b,2026-06-04,00:30,rebounds,6.5,470.0,-850.0,True,fanduel,2026-06-03T15:33:10.748918
De'Aaron Fox,,,1aae688472781f1a1aaf3efdb38e884b,2026-06-04,00:30,rebounds,1.5,-1200.0,,True,fanduel,2026-06-03T15:33:10.748920
De'Aaron Fox,,,1aae688472781f1a1aaf3efdb38e884b,2026-06-04,00:30,rebounds,2.5,-300.0,210.0,True,fanduel,2026-06-03T15:33:10.748922
De'Aaron Fox,,,1aae688472781f1a1aaf3efdb38e884b,2026-06-04,00:30,rebounds,4.5,194.0,-270.0,True,fanduel,2026-06-03T15:33:10.748923
Josh Hart,,,1aae688472781f1a1aaf3efdb38e884b,2026-06-04,00:30,rebounds,15.5,2500.0,,True,fanduel,2026-06-03T15:33:10.748925
Mitchell Robinson,,,1aae688472781f1a1aaf3efdb38e884b,2026-06-04,00:30,rebounds,9.5,630.0,,True,fanduel,2026-06-03T15:33:10.748927
OG Anunoby,,,1aae688472781f1a1aaf3efdb38e884b,2026-06-04,00:30,rebounds,9.5,680.0,,True,fanduel,2026-06-03T15:33:10.748929
Julian Champagnie,,,1aae688472781f1a1aaf3efdb38e884b,2026-06-04,00:30,rebounds,9.5,830.0,,True,fanduel,2026-06-03T15:33:10.748930
Stephon Castle,,,1aae688472781f1a1aaf3efdb38e884b,2026-06-04,00:30,rebounds,9.5,1300.0,,True,fanduel,2026-06-03T15:33:10.748932
Dylan Harper,,,1aae688472781f1a1aaf3efdb38e884b,2026-06-04,00:30,rebounds,9.5,2000.0,,True,fanduel,2026-06-03T15:33:10.748934
Mikal Bridges,,,1aae688472781f1a1aaf3efdb38e884b,2026-06-04,00:30,threes,1.5,-114.0,-114.0,False,fanduel,2026-06-03T15:33:10.748951
Jose Alvarado,,,1aae688472781f1a1aaf3efdb38e884b,2026-06-04,00:30,threes,0.5,152.0,-205.0,False,fanduel,2026-06-03T15:33:10.748953
Jalen Brunson,,,1aae688472781f1a1aaf3efdb38e884b,2026-06-04,00:30,threes,2.5,130.0,-174.0,False,fanduel,2026-06-03T15:33:10.748955
Stephon Castle,,,1aae688472781f1a1aaf3efdb38e884b,2026-06-04,00:30,threes,1.5,122.0,-162.0,False,fanduel,2026-06-03T15:33:10.748957
Devin Vassell,,,1aae688472781f1a1aaf3efdb38e884b,2026-06-04,00:30,threes,2.5,106.0,-140.0,False,fanduel,2026-06-03T15:33:10.748958
Carter Bryant,,,1aae688472781f1a1aaf3efdb38e884b,2026-06-04,00:30,threes,0.5,146.0,-198.0,False,fanduel,2026-06-03T15:33:10.748960
Julian Champagnie,,,1aae688472781f1a1aaf3efdb38e884b,2026-06-04,00:30,threes,2.5,116.0,-154.0,False,fanduel,2026-06-03T15:33:10.748962
Victor Wembanyama,,,1aae688472781f1a1aaf3efdb38e884b,2026-06-04,00:30,threes,1.5,-192.0,140.0,False,fanduel,2026-06-03T15:33:10.748963
De'Aaron Fox,,,1aae688472781f1a1aaf3efdb38e884b,2026-06-04,00:30,threes,1.5,134.0,-182.0,False,fanduel,2026-06-03T15:33:10.748965
OG Anunoby,,,1aae688472781f1a1aaf3efdb38e884b,2026-06-04,00:30,threes,2.5,158.0,-215.0,False,fanduel,2026-06-03T15:33:10.748967
Josh Hart,,,1aae688472781f1a1aaf3efdb38e884b,2026-06-04,00:30,threes,1.5,-178.0,132.0,False,fanduel,2026-06-03T15:33:10.748969
Karl-Anthony Towns,,,1aae688472781f1a1aaf3efdb38e884b,2026-06-04,00:30,threes,1.5,126.0,-168.0,False,fanduel,2026-06-03T15:33:10.748970
Devin Vassell,,,1aae688472781f1a1aaf3efdb38e884b,2026-06-04,00:30,threes,3.5,270.0,-400.0,True,fanduel,2026-06-03T15:33:10.749029
Julian Champagnie,,,1aae688472781f1a1aaf3efdb38e884b,2026-06-04,00:30,threes,3.5,290.0,-440.0,True,fanduel,2026-06-03T15:33:10.749031
Jalen Brunson,,,1aae688472781f1a1aaf3efdb38e884b,2026-06-04,00:30,threes,3.5,320.0,-500.0,True,fanduel,2026-06-03T15:33:10.749033
OG Anunoby,,,1aae688472781f1a1aaf3efdb38e884b,2026-06-04,00:30,threes,3.5,390.0,-650.0,True,fanduel,2026-06-03T15:33:10.749035
Josh Hart,,,1aae688472781f1a1aaf3efdb38e884b,2026-06-04,00:30,threes,3.5,400.0,-670.0,True,fanduel,2026-06-03T15:33:10.749037
Victor Wembanyama,,,1aae688472781f1a1aaf3efdb38e884b,2026-06-04,00:30,threes,3.5,430.0,-750.0,True,fanduel,2026-06-03T15:33:10.749038
Landry Shamet,,,1aae688472781f1a1aaf3efdb38e884b,2026-06-04,00:30,threes,3.5,680.0,,True,fanduel,2026-06-03T15:33:10.749043
Mikal Bridges,,,1aae688472781f1a1aaf3efdb38e884b,2026-06-04,00:30,threes,3.5,750.0,,True,fanduel,2026-06-03T15:33:10.749045
Karl-Anthony Towns,,,1aae688472781f1a1aaf3efdb38e884b,2026-06-04,00:30,threes,3.5,1060.0,,True,fanduel,2026-06-03T15:33:10.749046
Stephon Castle,,,1aae688472781f1a1aaf3efdb38e884b,2026-06-04,00:30,threes,3.5,1100.0,,True,fanduel,2026-06-03T15:33:10.749048
De'Aaron Fox,,,1aae688472781f1a1aaf3efdb38e884b,2026-06-04,00:30,threes,3.5,1200.0,,True,fanduel,2026-06-03T15:33:10.749052
Miles McBride,,,1aae688472781f1a1aaf3efdb38e884b,2026-06-04,00:30,threes,3.5,1200.0,,True,fanduel,2026-06-03T15:33:10.749054
Dylan Harper,,,1aae688472781f1a1aaf3efdb38e884b,2026-06-04,00:30,threes,3.5,1800.0,,True,fanduel,2026-06-03T15:33:10.749055
Devin Vassell,,,1aae688472781f1a1aaf3efdb38e884b,2026-06-04,00:30,threes,0.5,-2200.0,,True,fanduel,2026-06-03T15:33:10.749057
Julian Champagnie,,,1aae688472781f1a1aaf3efdb38e884b,2026-06-04,00:30,threes,0.5,-1800.0,,True,fanduel,2026-06-03T15:33:10.749059
Jalen Brunson,,,1aae688472781f1a1aaf3efdb38e884b,2026-06-04,00:30,threes,0.5,-1450.0,,True,fanduel,2026-06-03T15:33:10.749060
Victor Wembanyama,,,1aae688472781f1a1aaf3efdb38e884b,2026-06-04,00:30,threes,0.5,-1200.0,,True,fanduel,2026-06-03T15:33:10.749062
OG Anunoby,,,1aae688472781f1a1aaf3efdb38e884b,2026-06-04,00:30,threes,0.5,-1100.0,,True,fanduel,2026-06-03T15:33:10.749064
Josh Hart,,,1aae688472781f1a1aaf3efdb38e884b,2026-06-04,00:30,threes,0.5,-800.0,450.0,True,fanduel,2026-06-03T15:33:10.749066
Mikal Bridges,,,1aae688472781f1a1aaf3efdb38e884b,2026-06-04,00:30,threes,0.5,-550.0,350.0,True,fanduel,2026-06-03T15:33:10.749067
Landry Shamet,,,1aae688472781f1a1aaf3efdb38e884b,2026-06-04,00:30,threes,0.5,-460.0,,True,fanduel,2026-06-03T15:33:10.749069
Karl-Anthony Towns,,,1aae688472781f1a1aaf3efdb38e884b,2026-06-04,00:30,threes,0.5,-400.0,270.0,True,fanduel,2026-06-03T15:33:10.749071
Stephon Castle,,,1aae688472781f1a1aaf3efdb38e884b,2026-06-04,00:30,threes,0.5,-400.0,,True,fanduel,2026-06-03T15:33:10.749072
De'Aaron Fox,,,1aae688472781f1a1aaf3efdb38e884b,2026-06-04,00:30,threes,0.5,-350.0,,True,fanduel,2026-06-03T15:33:10.749074
Miles McBride,,,1aae688472781f1a1aaf3efdb38e884b,2026-06-04,00:30,threes,0.5,-290.0,,True,fanduel,2026-06-03T15:33:10.749076
Dylan Harper,,,1aae688472781f1a1aaf3efdb38e884b,2026-06-04,00:30,threes,0.5,-205.0,,True,fanduel,2026-06-03T15:33:10.749078
Keldon Johnson,,,1aae688472781f1a1aaf3efdb38e884b,2026-06-04,00:30,threes,0.5,-160.0,,True,fanduel,2026-06-03T15:33:10.749082
Carter Bryant,,,1aae688472781f1a1aaf3efdb38e884b,2026-06-04,00:30,threes,0.5,146.0,,True,fanduel,2026-06-03T15:33:10.749083
Jose Alvarado,,,1aae688472781f1a1aaf3efdb38e884b,2026-06-04,00:30,threes,0.5,150.0,,True,fanduel,2026-06-03T15:33:10.749085
Devin Vassell,,,1aae688472781f1a1aaf3efdb38e884b,2026-06-04,00:30,threes,1.5,-300.0,210.0,True,fanduel,2026-06-03T15:33:10.749087
Julian Champagnie,,,1aae688472781f1a1aaf3efdb38e884b,2026-06-04,00:30,threes,1.5,-270.0,194.0,True,fanduel,2026-06-03T15:33:10.749089
Jalen Brunson,,,1aae688472781f1a1aaf3efdb38e884b,2026-06-04,00:30,threes,1.5,-240.0,174.0,True,fanduel,2026-06-03T15:33:10.749090
OG Anunoby,,,1aae688472781f1a1aaf3efdb38e884b,2026-06-04,00:30,threes,1.5,-205.0,152.0,True,fanduel,2026-06-03T15:33:10.749092
Victor Wembanyama,,,1aae688472781f1a1aaf3efdb38e884b,2026-06-04,00:30,threes,1.5,-192.0,140.0,True,fanduel,2026-06-03T15:33:10.749094
Josh Hart,,,1aae688472781f1a1aaf3efdb38e884b,2026-06-04,00:30,threes,1.5,-178.0,132.0,True,fanduel,2026-06-03T15:33:10.749095
Mikal Bridges,,,1aae688472781f1a1aaf3efdb38e884b,2026-06-04,00:30,threes,1.5,-114.0,-114.0,True,fanduel,2026-06-03T15:33:10.749097
Landry Shamet,,,1aae688472781f1a1aaf3efdb38e884b,2026-06-04,00:30,threes,1.5,-104.0,,True,fanduel,2026-06-03T15:33:10.749099
Karl-Anthony Towns,,,1aae688472781f1a1aaf3efdb38e884b,2026-06-04,00:30,threes,1.5,126.0,-168.0,True,fanduel,2026-06-03T15:33:10.749100
Stephon Castle,,,1aae688472781f1a1aaf3efdb38e884b,2026-06-04,00:30,threes,1.5,126.0,,True,fanduel,2026-06-03T15:33:10.749102
De'Aaron Fox,,,1aae688472781f1a1aaf3efdb38e884b,2026-06-04,00:30,threes,1.5,136.0,,True,fanduel,2026-06-03T15:33:10.749104
Miles McBride,,,1aae688472781f1a1aaf3efdb38e884b,2026-06-04,00:30,threes,1.5,164.0,,True,fanduel,2026-06-03T15:33:10.749105
Dylan Harper,,,1aae688472781f1a1aaf3efdb38e884b,2026-06-04,00:30,threes,1.5,240.0,,True,fanduel,2026-06-03T15:33:10.749107
Keldon Johnson,,,1aae688472781f1a1aaf3efdb38e884b,2026-06-04,00:30,threes,1.5,285.0,,True,fanduel,2026-06-03T15:33:10.749111
Carter Bryant,,,1aae688472781f1a1aaf3efdb38e884b,2026-06-04,00:30,threes,1.5,600.0,,True,fanduel,2026-06-03T15:33:10.749113
Jose Alvarado,,,1aae688472781f1a1aaf3efdb38e884b,2026-06-04,00:30,threes,1.5,630.0,,True,fanduel,2026-06-03T15:33:10.749115
Devin Vassell,,,1aae688472781f1a1aaf3efdb38e884b,2026-06-04,00:30,threes,6.5,3000.0,,True,fanduel,2026-06-03T15:33:10.749117
Julian Champagnie,,,1aae688472781f1a1aaf3efdb38e884b,2026-06-04,00:30,threes,6.5,3500.0,,True,fanduel,2026-06-03T15:33:10.749118
Julian Champagnie,,,1aae688472781f1a1aaf3efdb38e884b,2026-06-04,00:30,threes,2.5,116.0,-154.0,True,fanduel,2026-06-03T15:33:10.749120
Victor Wembanyama,,,1aae688472781f1a1aaf3efdb38e884b,2026-06-04,00:30,threes,2.5,176.0,-240.0,True,fanduel,2026-06-03T15:33:10.749122
Jalen Brunson,,,1aae688472781f1a1aaf3efdb38e884b,2026-06-04,00:30,threes,2.5,132.0,-174.0,True,fanduel,2026-06-03T15:33:10.749124
OG Anunoby,,,1aae688472781f1a1aaf3efdb38e884b,2026-06-04,00:30,threes,2.5,158.0,-215.0,True,fanduel,2026-06-03T15:33:10.749125
Karl-Anthony Towns,,,1aae688472781f1a1aaf3efdb38e884b,2026-06-04,00:30,threes,2.5,420.0,-670.0,True,fanduel,2026-06-03T15:33:10.749127
Jalen Brunson,,,1aae688472781f1a1aaf3efdb38e884b,2026-06-04,00:30,threes,5.5,1700.0,,True,fanduel,2026-06-03T15:33:10.749129
OG Anunoby,,,1aae688472781f1a1aaf3efdb38e884b,2026-06-04,00:30,threes,5.5,1700.0,,True,fanduel,2026-06-03T15:33:10.749131
Josh Hart,,,1aae688472781f1a1aaf3efdb38e884b,2026-06-04,00:30,threes,5.5,1500.0,,True,fanduel,2026-06-03T15:33:10.749132
Landry Shamet,,,1aae688472781f1a1aaf3efdb38e884b,2026-06-04,00:30,threes,5.5,3000.0,,True,fanduel,2026-06-03T15:33:10.749134
Victor Wembanyama,,,1aae688472781f1a1aaf3efdb38e884b,2026-06-04,00:30,threes,5.5,2000.0,,True,fanduel,2026-06-03T15:33:10.749136
Devin Vassell,,,1aae688472781f1a1aaf3efdb38e884b,2026-06-04,00:30,threes,5.5,1300.0,,True,fanduel,2026-06-03T15:33:10.749137
Julian Champagnie,,,1aae688472781f1a1aaf3efdb38e884b,2026-06-04,00:30,threes,5.5,1500.0,,True,fanduel,2026-06-03T15:33:10.749139
Devin Vassell,,,1aae688472781f1a1aaf3efdb38e884b,2026-06-04,00:30,threes,2.5,108.0,-140.0,True,fanduel,2026-06-03T15:33:10.749141
Devin Vassell,,,1aae688472781f1a1aaf3efdb38e884b,2026-06-04,00:30,threes,4.5,700.0,-1400.0,True,fanduel,2026-06-03T15:33:10.749143
Josh Hart,,,1aae688472781f1a1aaf3efdb38e884b,2026-06-04,00:30,threes,2.5,168.0,-230.0,True,fanduel,2026-06-03T15:33:10.749144
Mikal Bridges,,,1aae688472781f1a1aaf3efdb38e884b,2026-06-04,00:30,threes,2.5,280.0,-420.0,True,fanduel,2026-06-03T15:33:10.749146
Landry Shamet,,,1aae688472781f1a1aaf3efdb38e884b,2026-06-04,00:30,threes,2.5,285.0,,True,fanduel,2026-06-03T15:33:10.749148
Stephon Castle,,,1aae688472781f1a1aaf3efdb38e884b,2026-06-04,00:30,threes,2.5,400.0,,True,fanduel,2026-06-03T15:33:10.749149
De'Aaron Fox,,,1aae688472781f1a1aaf3efdb38e884b,2026-06-04,00:30,threes,2.5,450.0,,True,fanduel,2026-06-03T15:33:10.749151
Miles McBride,,,1aae688472781f1a1aaf3efdb38e884b,2026-06-04,00:30,threes,2.5,500.0,,True,fanduel,2026-06-03T15:33:10.749153
Dylan Harper,,,1aae688472781f1a1aaf3efdb38e884b,2026-06-04,00:30,threes,2.5,800.0,,True,fanduel,2026-06-03T15:33:10.749155
Keldon Johnson,,,1aae688472781f1a1aaf3efdb38e884b,2026-06-04,00:30,threes,2.5,900.0,,True,fanduel,2026-06-03T15:33:10.749156
Carter Bryant,,,1aae688472781f1a1aaf3efdb38e884b,2026-06-04,00:30,threes,2.5,1500.0,,True,fanduel,2026-06-03T15:33:10.749158
Julian Champagnie,,,1aae688472781f1a1aaf3efdb38e884b,2026-06-04,00:30,threes,4.5,700.0,,True,fanduel,2026-06-03T15:33:10.749162
Jalen Brunson,,,1aae688472781f1a1aaf3efdb38e884b,2026-06-04,00:30,threes,4.5,850.0,,True,fanduel,2026-06-03T15:33:10.749164
Josh Hart,,,1aae688472781f1a1aaf3efdb38e884b,2026-06-04,00:30,threes,4.5,850.0,,True,fanduel,2026-06-03T15:33:10.749166
OG Anunoby,,,1aae688472781f1a1aaf3efdb38e884b,2026-06-04,00:30,threes,4.5,900.0,,True,fanduel,2026-06-03T15:33:10.749167
Victor Wembanyama,,,1aae688472781f1a1aaf3efdb38e884b,2026-06-04,00:30,threes,4.5,1100.0,,True,fanduel,2026-06-03T15:33:10.749171
Landry Shamet,,,1aae688472781f1a1aaf3efdb38e884b,2026-06-04,00:30,threes,4.5,1600.0,,True,fanduel,2026-06-03T15:33:10.749173
Mikal Bridges,,,1aae688472781f1a1aaf3efdb38e884b,2026-06-04,00:30,threes,4.5,2000.0,,True,fanduel,2026-06-03T15:33:10.749188
Stephon Castle,,,1aae688472781f1a1aaf3efdb38e884b,2026-06-04,00:30,assists,6.5,-123.0,-107.0,False,draftkings,2026-06-03T15:33:10.749205
Jalen Brunson,,,1aae688472781f1a1aaf3efdb38e884b,2026-06-04,00:30,assists,6.5,-122.0,-108.0,False,draftkings,2026-06-03T15:33:10.749209
De'Aaron Fox,,,1aae688472781f1a1aaf3efdb38e884b,2026-06-04,00:30,assists,5.5,-138.0,105.0,False,draftkings,2026-06-03T15:33:10.749211
Josh Hart,,,1aae688472781f1a1aaf3efdb38e884b,2026-06-04,00:30,assists,4.5,-116.0,-113.0,False,draftkings,2026-06-03T15:33:10.749212
Karl-Anthony Towns,,,1aae688472781f1a1aaf3efdb38e884b,2026-06-04,00:30,assists,4.5,121.0,-159.0,False,draftkings,2026-06-03T15:33:10.749214
Mikal Bridges,,,1aae688472781f1a1aaf3efdb38e884b,2026-06-04,00:30,assists,3.5,129.0,-170.0,False,draftkings,2026-06-03T15:33:10.749216
Victor Wembanyama,,,1aae688472781f1a1aaf3efdb38e884b,2026-06-04,00:30,assists,2.5,-174.0,131.0,False,draftkings,2026-06-03T15:33:10.749218
Dylan Harper,,,1aae688472781f1a1aaf3efdb38e884b,2026-06-04,00:30,assists,2.5,-132.0,100.0,False,draftkings,2026-06-03T15:33:10.749219
Devin Vassell,,,1aae688472781f1a1aaf3efdb38e884b,2026-06-04,00:30,assists,2.5,122.0,-161.0,False,draftkings,2026-06-03T15:33:10.749221
OG Anunoby,,,1aae688472781f1a1aaf3efdb38e884b,2026-06-04,00:30,assists,1.5,-177.0,134.0,False,draftkings,2026-06-03T15:33:10.749223
Julian Champagnie,,,1aae688472781f1a1aaf3efdb38e884b,2026-06-04,00:30,assists,1.5,119.0,-156.0,False,draftkings,2026-06-03T15:33:10.749225
Jalen Brunson,,,1aae688472781f1a1aaf3efdb38e884b,2026-06-04,00:30,assists,3.5,-1080.0,,True,draftkings,2026-06-03T15:33:10.749269
Jalen Brunson,,,1aae688472781f1a1aaf3efdb38e884b,2026-06-04,00:30,assists,4.5,-456.0,,True,draftkings,2026-06-03T15:33:10.749271
Jalen Brunson,,,1aae688472781f1a1aaf3efdb38e884b,2026-06-04,00:30,assists,5.5,-223.0,,True,draftkings,2026-06-03T15:33:10.749273
Jalen Brunson,,,1aae688472781f1a1aaf3efdb38e884b,2026-06-04,00:30,assists,6.5,-122.0,,True,draftkings,2026-06-03T15:33:10.749274
Jalen Brunson,,,1aae688472781f1a1aaf3efdb38e884b,2026-06-04,00:30,assists,7.5,142.0,,True,draftkings,2026-06-03T15:33:10.749276
Jalen Brunson,,,1aae688472781f1a1aaf3efdb38e884b,2026-06-04,00:30,assists,8.5,247.0,,True,draftkings,2026-06-03T15:33:10.749278
Jalen Brunson,,,1aae688472781f1a1aaf3efdb38e884b,2026-06-04,00:30,assists,9.5,409.0,,True,draftkings,2026-06-03T15:33:10.749279
Jalen Brunson,,,1aae688472781f1a1aaf3efdb38e884b,2026-06-04,00:30,assists,10.5,690.0,,True,draftkings,2026-06-03T15:33:10.749284
Jalen Brunson,,,1aae688472781f1a1aaf3efdb38e884b,2026-06-04,00:30,assists,11.5,1140.0,,True,draftkings,2026-06-03T15:33:10.749285
Jalen Brunson,,,1aae688472781f1a1aaf3efdb38e884b,2026-06-04,00:30,assists,12.5,1800.0,,True,draftkings,2026-06-03T15:33:10.749287
Jalen Brunson,,,1aae688472781f1a1aaf3efdb38e884b,2026-06-04,00:30,assists,13.5,2600.0,,True,draftkings,2026-06-03T15:33:10.749289
Stephon Castle,,,1aae688472781f1a1aaf3efdb38e884b,2026-06-04,00:30,assists,3.5,-1380.0,,True,draftkings,2026-06-03T15:33:10.749291
Stephon Castle,,,1aae688472781f1a1aaf3efdb38e884b,2026-06-04,00:30,assists,4.5,-519.0,,True,draftkings,2026-06-03T15:33:10.749293
Stephon Castle,,,1aae688472781f1a1aaf3efdb38e884b,2026-06-04,00:30,assists,5.5,-238.0,,True,draftkings,2026-06-03T15:33:10.749294
Stephon Castle,,,1aae688472781f1a1aaf3efdb38e884b,2026-06-04,00:30,assists,6.5,-125.0,,True,draftkings,2026-06-03T15:33:10.749296
Stephon Castle,,,1aae688472781f1a1aaf3efdb38e884b,2026-06-04,00:30,assists,7.5,147.0,,True,draftkings,2026-06-03T15:33:10.749298
Stephon Castle,,,1aae688472781f1a1aaf3efdb38e884b,2026-06-04,00:30,assists,8.5,265.0,,True,draftkings,2026-06-03T15:33:10.749300
Stephon Castle,,,1aae688472781f1a1aaf3efdb38e884b,2026-06-04,00:30,assists,9.5,464.0,,True,draftkings,2026-06-03T15:33:10.749302
Stephon Castle,,,1aae688472781f1a1aaf3efdb38e884b,2026-06-04,00:30,assists,10.5,790.0,,True,draftkings,2026-06-03T15:33:10.749303
Stephon Castle,,,1aae688472781f1a1aaf3efdb38e884b,2026-06-04,00:30,assists,11.5,1340.0,,True,draftkings,2026-06-03T15:33:10.749305
Stephon Castle,,,1aae688472781f1a1aaf3efdb38e884b,2026-06-04,00:30,assists,12.5,2100.0,,True,draftkings,2026-06-03T15:33:10.749307
Stephon Castle,,,1aae688472781f1a1aaf3efdb38e884b,2026-06-04,00:30,assists,13.5,2900.0,,True,draftkings,2026-06-03T15:33:10.749308
De'Aaron Fox,,,1aae688472781f1a1aaf3efdb38e884b,2026-06-04,00:30,assists,2.5,-2300.0,,True,draftkings,2026-06-03T15:33:10.749310
De'Aaron Fox,,,1aae688472781f1a1aaf3efdb38e884b,2026-06-04,00:30,assists,3.5,-670.0,,True,draftkings,2026-06-03T15:33:10.749312
De'Aaron Fox,,,1aae688472781f1a1aaf3efdb38e884b,2026-06-04,00:30,assists,4.5,-283.0,,True,draftkings,2026-06-03T15:33:10.749313
De'Aaron Fox,,,1aae688472781f1a1aaf3efdb38e884b,2026-06-04,00:30,assists,5.5,-140.0,,True,draftkings,2026-06-03T15:33:10.749315
De'Aaron Fox,,,1aae688472781f1a1aaf3efdb38e884b,2026-06-04,00:30,assists,6.5,137.0,,True,draftkings,2026-06-03T15:33:10.749317
De'Aaron Fox,,,1aae688472781f1a1aaf3efdb38e884b,2026-06-04,00:30,assists,7.5,253.0,,True,draftkings,2026-06-03T15:33:10.749319
De'Aaron Fox,,,1aae688472781f1a1aaf3efdb38e884b,2026-06-04,00:30,assists,8.5,453.0,,True,draftkings,2026-06-03T15:33:10.749321
De'Aaron Fox,,,1aae688472781f1a1aaf3efdb38e884b,2026-06-04,00:30,assists,9.5,810.0,,True,draftkings,2026-06-03T15:33:10.749322
De'Aaron Fox,,,1aae688472781f1a1aaf3efdb38e884b,2026-06-04,00:30,assists,10.5,1360.0,,True,draftkings,2026-06-03T15:33:10.749324
De'Aaron Fox,,,1aae688472781f1a1aaf3efdb38e884b,2026-06-04,00:30,assists,11.5,2100.0,,True,draftkings,2026-06-03T15:33:10.749326
Josh Hart,,,1aae688472781f1a1aaf3efdb38e884b,2026-06-04,00:30,assists,2.5,-586.0,,True,draftkings,2026-06-03T15:33:10.749328
Josh Hart,,,1aae688472781f1a1aaf3efdb38e884b,2026-06-04,00:30,assists,3.5,-237.0,,True,draftkings,2026-06-03T15:33:10.749329
Josh Hart,,,1aae688472781f1a1aaf3efdb38e884b,2026-06-04,00:30,assists,4.5,-116.0,,True,draftkings,2026-06-03T15:33:10.749331
Josh Hart,,,1aae688472781f1a1aaf3efdb38e884b,2026-06-04,00:30,assists,5.5,164.0,,True,draftkings,2026-06-03T15:33:10.749335
Josh Hart,,,1aae688472781f1a1aaf3efdb38e884b,2026-06-04,00:30,assists,6.5,305.0,,True,draftkings,2026-06-03T15:33:10.749337
Josh Hart,,,1aae688472781f1a1aaf3efdb38e884b,2026-06-04,00:30,assists,7.5,568.0,,True,draftkings,2026-06-03T15:33:10.749339
Josh Hart,,,1aae688472781f1a1aaf3efdb38e884b,2026-06-04,00:30,assists,8.5,1000.0,,True,draftkings,2026-06-03T15:33:10.749342
Josh Hart,,,1aae688472781f1a1aaf3efdb38e884b,2026-06-04,00:30,assists,9.5,1660.0,,True,draftkings,2026-06-03T15:33:10.749344
Josh Hart,,,1aae688472781f1a1aaf3efdb38e884b,2026-06-04,00:30,assists,10.5,2500.0,,True,draftkings,2026-06-03T15:33:10.749348
Karl-Anthony Towns,,,1aae688472781f1a1aaf3efdb38e884b,2026-06-04,00:30,assists,2.5,-376.0,,True,draftkings,2026-06-03T15:33:10.749350
Karl-Anthony Towns,,,1aae688472781f1a1aaf3efdb38e884b,2026-06-04,00:30,assists,3.5,-163.0,,True,draftkings,2026-06-03T15:33:10.749351
Karl-Anthony Towns,,,1aae688472781f1a1aaf3efdb38e884b,2026-06-04,00:30,assists,4.5,121.0,,True,draftkings,2026-06-03T15:33:10.749353
Karl-Anthony Towns,,,1aae688472781f1a1aaf3efdb38e884b,2026-06-04,00:30,assists,5.5,225.0,,True,draftkings,2026-06-03T15:33:10.749355
Karl-Anthony Towns,,,1aae688472781f1a1aaf3efdb38e884b,2026-06-04,00:30,assists,6.5,409.0,,True,draftkings,2026-06-03T15:33:10.749357
Karl-Anthony Towns,,,1aae688472781f1a1aaf3efdb38e884b,2026-06-04,00:30,assists,7.5,710.0,,True,draftkings,2026-06-03T15:33:10.749358
Karl-Anthony Towns,,,1aae688472781f1a1aaf3efdb38e884b,2026-06-04,00:30,assists,8.5,1220.0,,True,draftkings,2026-06-03T15:33:10.749360
Karl-Anthony Towns,,,1aae688472781f1a1aaf3efdb38e884b,2026-06-04,00:30,assists,9.5,1900.0,,True,draftkings,2026-06-03T15:33:10.749362
Karl-Anthony Towns,,,1aae688472781f1a1aaf3efdb38e884b,2026-06-04,00:30,assists,10.5,2800.0,,True,draftkings,2026-06-03T15:33:10.749364
Dylan Harper,,,1aae688472781f1a1aaf3efdb38e884b,2026-06-04,00:30,assists,2.5,-131.0,,True,draftkings,2026-06-03T15:33:10.749365
Dylan Harper,,,1aae688472781f1a1aaf3efdb38e884b,2026-06-04,00:30,assists,3.5,172.0,,True,draftkings,2026-06-03T15:33:10.749367
Dylan Harper,,,1aae688472781f1a1aaf3efdb38e884b,2026-06-04,00:30,assists,4.5,352.0,,True,draftkings,2026-06-03T15:33:10.749369
Dylan Harper,,,1aae688472781f1a1aaf3efdb38e884b,2026-06-04,00:30,assists,5.5,700.0,,True,draftkings,2026-06-03T15:33:10.749370
Dylan Harper,,,1aae688472781f1a1aaf3efdb38e884b,2026-06-04,00:30,assists,6.5,1320.0,,True,draftkings,2026-06-03T15:33:10.749372
Dylan Harper,,,1aae688472781f1a1aaf3efdb38e884b,2026-06-04,00:30,assists,7.5,2200.0,,True,draftkings,2026-06-03T15:33:10.749374
Mikal Bridges,,,1aae688472781f1a1aaf3efdb38e884b,2026-06-04,00:30,assists,2.5,-184.0,,True,draftkings,2026-06-03T15:33:10.749376
Mikal Bridges,,,1aae688472781f1a1aaf3efdb38e884b,2026-06-04,00:30,assists,3.5,131.0,,True,draftkings,2026-06-03T15:33:10.749377
Mikal Bridges,,,1aae688472781f1a1aaf3efdb38e884b,2026-06-04,00:30,assists,4.5,290.0,,True,draftkings,2026-06-03T15:33:10.749379
Mikal Bridges,,,1aae688472781f1a1aaf3efdb38e884b,2026-06-04,00:30,assists,5.5,620.0,,True,draftkings,2026-06-03T15:33:10.749381
Mikal Bridges,,,1aae688472781f1a1aaf3efdb38e884b,2026-06-04,00:30,assists,6.5,1260.0,,True,draftkings,2026-06-03T15:33:10.749383
Mikal Bridges,,,1aae688472781f1a1aaf3efdb38e884b,2026-06-04,00:30,assists,7.5,2200.0,,True,draftkings,2026-06-03T15:33:10.749384
Victor Wembanyama,,,1aae688472781f1a1aaf3efdb38e884b,2026-06-04,00:30,assists,2.5,-172.0,,True,draftkings,2026-06-03T15:33:10.749386
Victor Wembanyama,,,1aae688472781f1a1aaf3efdb38e884b,2026-06-04,00:30,assists,3.5,141.0,,True,draftkings,2026-06-03T15:33:10.749388
Victor Wembanyama,,,1aae688472781f1a1aaf3efdb38e884b,2026-06-04,00:30,assists,4.5,315.0,,True,draftkings,2026-06-03T15:33:10.749390
Victor Wembanyama,,,1aae688472781f1a1aaf3efdb38e884b,2026-06-04,00:30,assists,5.5,680.0,,True,draftkings,2026-06-03T15:33:10.749391
Victor Wembanyama,,,1aae688472781f1a1aaf3efdb38e884b,2026-06-04,00:30,assists,6.5,1380.0,,True,draftkings,2026-06-03T15:33:10.749393
Victor Wembanyama,,,1aae688472781f1a1aaf3efdb38e884b,2026-06-04,00:30,assists,7.5,2400.0,,True,draftkings,2026-06-03T15:33:10.749395
Devin Vassell,,,1aae688472781f1a1aaf3efdb38e884b,2026-06-04,00:30,assists,2.5,121.0,,True,draftkings,2026-06-03T15:33:10.749397
Devin Vassell,,,1aae688472781f1a1aaf3efdb38e884b,2026-06-04,00:30,assists,3.5,314.0,,True,draftkings,2026-06-03T15:33:10.749398
Devin Vassell,,,1aae688472781f1a1aaf3efdb38e884b,2026-06-04,00:30,assists,4.5,750.0,,True,draftkings,2026-06-03T15:33:10.749402
Devin Vassell,,,1aae688472781f1a1aaf3efdb38e884b,2026-06-04,00:30,assists,5.5,1700.0,,True,draftkings,2026-06-03T15:33:10.749404
OG Anunoby,,,1aae688472781f1a1aaf3efdb38e884b,2026-06-04,00:30,assists,1.5,-184.0,,True,draftkings,2026-06-03T15:33:10.749406
OG Anunoby,,,1aae688472781f1a1aaf3efdb38e884b,2026-06-04,00:30,assists,2.5,159.0,,True,draftkings,2026-06-03T15:33:10.749408
OG Anunoby,,,1aae688472781f1a1aaf3efdb38e884b,2026-06-04,00:30,assists,3.5,408.0,,True,draftkings,2026-06-03T15:33:10.749409
OG Anunoby,,,1aae688472781f1a1aaf3efdb38e884b,2026-06-04,00:30,assists,4.5,960.0,,True,draftkings,2026-06-03T15:33:10.749411
OG Anunoby,,,1aae688472781f1a1aaf3efdb38e884b,2026-06-04,00:30,assists,5.5,2000.0,,True,draftkings,2026-06-03T15:33:10.749413
Julian Champagnie,,,1aae688472781f1a1aaf3efdb38e884b,2026-06-04,00:30,assists,1.5,118.0,,True,draftkings,2026-06-03T15:33:10.749414
Julian Champagnie,,,1aae688472781f1a1aaf3efdb38e884b,2026-06-04,00:30,assists,2.5,366.0,,True,draftkings,2026-06-03T15:33:10.749416
Julian Champagnie,,,1aae688472781f1a1aaf3efdb38e884b,2026-06-04,00:30,assists,3.5,1000.0,,True,draftkings,2026-06-03T15:33:10.749418
Julian Champagnie,,,1aae688472781f1a1aaf3efdb38e884b,2026-06-04,00:30,assists,4.5,2200.0,,True,draftkings,2026-06-03T15:33:10.749420
Miles McBride,,,1aae688472781f1a1aaf3efdb38e884b,2026-06-04,00:30,assists,1.5,149.0,,True,draftkings,2026-06-03T15:33:10.749421
Miles McBride,,,1aae688472781f1a1aaf3efdb38e884b,2026-06-04,00:30,assists,2.5,463.0,,True,draftkings,2026-06-03T15:33:10.749423
Miles McBride,,,1aae688472781f1a1aaf3efdb38e884b,2026-06-04,00:30,assists,3.5,1240.0,,True,draftkings,2026-06-03T15:33:10.749425
Miles McBride,,,1aae688472781f1a1aaf3efdb38e884b,2026-06-04,00:30,assists,4.5,2500.0,,True,draftkings,2026-06-03T15:33:10.749426
Landry Shamet,,,1aae688472781f1a1aaf3efdb38e884b,2026-06-04,00:30,assists,0.5,-230.0,,True,draftkings,2026-06-03T15:33:10.749428
Landry Shamet,,,1aae688472781f1a1aaf3efdb38e884b,2026-06-04,00:30,assists,2.5,592.0,,True,draftkings,2026-06-03T15:33:10.749430
Landry Shamet,,,1aae688472781f1a1aaf3efdb38e884b,2026-06-04,00:30,assists,3.5,1600.0,,True,draftkings,2026-06-03T15:33:10.749432
Keldon Johnson,,,1aae688472781f1a1aaf3efdb38e884b,2026-06-04,00:30,assists,0.5,-144.0,,True,draftkings,2026-06-03T15:33:10.749433
Keldon Johnson,,,1aae688472781f1a1aaf3efdb38e884b,2026-06-04,00:30,assists,2.5,1040.0,,True,draftkings,2026-06-03T15:33:10.749435
Keldon Johnson,,,1aae688472781f1a1aaf3efdb38e884b,2026-06-04,00:30,assists,3.5,2600.0,,True,draftkings,2026-06-03T15:33:10.749437
Victor Wembanyama,,,1aae688472781f1a1aaf3efdb38e884b,2026-06-04,00:30,points,27.5,-104.0,-122.0,False,draftkings,2026-06-03T15:33:10.749461
Jalen Brunson,,,1aae688472781f1a1aaf3efdb38e884b,2026-06-04,00:30,points,25.5,-102.0,-124.0,False,draftkings,2026-06-03T15:33:10.749463
Karl-Anthony Towns,,,1aae688472781f1a1aaf3efdb38e884b,2026-06-04,00:30,points,16.5,-126.0,-101.0,False,draftkings,2026-06-03T15:33:10.749465
Stephon Castle,,,1aae688472781f1a1aaf3efdb38e884b,2026-06-04,00:30,points,16.5,-114.0,-112.0,False,draftkings,2026-06-03T15:33:10.749467
OG Anunoby,,,1aae688472781f1a1aaf3efdb38e884b,2026-06-04,00:30,points,15.5,-119.0,-108.0,False,draftkings,2026-06-03T15:33:10.749468
De'Aaron Fox,,,1aae688472781f1a1aaf3efdb38e884b,2026-06-04,00:30,points,15.5,-107.0,-119.0,False,draftkings,2026-06-03T15:33:10.749470
Mikal Bridges,,,1aae688472781f1a1aaf3efdb38e884b,2026-06-04,00:30,points,14.5,-126.0,-101.0,False,draftkings,2026-06-03T15:33:10.749472
Devin Vassell,,,1aae688472781f1a1aaf3efdb38e884b,2026-06-04,00:30,points,13.5,-110.0,-116.0,False,draftkings,2026-06-03T15:33:10.749474
Josh Hart,,,1aae688472781f1a1aaf3efdb38e884b,2026-06-04,00:30,points,11.5,-112.0,-114.0,False,draftkings,2026-06-03T15:33:10.749476
Julian Champagnie,,,1aae688472781f1a1aaf3efdb38e884b,2026-06-04,00:30,points,10.5,-107.0,-119.0,False,draftkings,2026-06-03T15:33:10.749477
Dylan Harper,,,1aae688472781f1a1aaf3efdb38e884b,2026-06-04,00:30,points,10.5,-106.0,-121.0,False,draftkings,2026-06-03T15:33:10.749479
Keldon Johnson,,,1aae688472781f1a1aaf3efdb38e884b,2026-06-04,00:30,points,8.5,-105.0,-121.0,False,draftkings,2026-06-03T15:33:10.749481
Landry Shamet,,,1aae688472781f1a1aaf3efdb38e884b,2026-06-04,00:30,points,6.5,107.0,-136.0,False,draftkings,2026-06-03T15:33:10.749483
Miles McBride,,,1aae688472781f1a1aaf3efdb38e884b,2026-06-04,00:30,points,5.5,-119.0,-107.0,False,draftkings,2026-06-03T15:33:10.749484
Mitchell Robinson,,,1aae688472781f1a1aaf3efdb38e884b,2026-06-04,00:30,points,3.5,-118.0,-108.0,False,draftkings,2026-06-03T15:33:10.749486
Luke Kornet,,,1aae688472781f1a1aaf3efdb38e884b,2026-06-04,00:30,points,3.5,-103.0,-124.0,False,draftkings,2026-06-03T15:33:10.749488
Carter Bryant,,,1aae688472781f1a1aaf3efdb38e884b,2026-06-04,00:30,points,2.5,-105.0,-122.0,False,draftkings,2026-06-03T15:33:10.749490
Jose Alvarado,,,1aae688472781f1a1aaf3efdb38e884b,2026-06-04,00:30,points,2.5,-105.0,-122.0,False,draftkings,2026-06-03T15:33:10.749491
Victor Wembanyama,,,1aae688472781f1a1aaf3efdb38e884b,2026-06-04,00:30,points,17.5,-1280.0,,True,draftkings,2026-06-03T15:33:10.749622
Victor Wembanyama,,,1aae688472781f1a1aaf3efdb38e884b,2026-06-04,00:30,points,19.5,-690.0,,True,draftkings,2026-06-03T15:33:10.749624
Victor Wembanyama,,,1aae688472781f1a1aaf3efdb38e884b,2026-06-04,00:30,points,24.5,-204.0,,True,draftkings,2026-06-03T15:33:10.749626
Victor Wembanyama,,,1aae688472781f1a1aaf3efdb38e884b,2026-06-04,00:30,points,27.5,-106.0,,True,draftkings,2026-06-03T15:33:10.749628
Victor Wembanyama,,,1aae688472781f1a1aaf3efdb38e884b,2026-06-04,00:30,points,29.5,145.0,,True,draftkings,2026-06-03T15:33:10.749630
Victor Wembanyama,,,1aae688472781f1a1aaf3efdb38e884b,2026-06-04,00:30,points,34.5,399.0,,True,draftkings,2026-06-03T15:33:10.749631
Victor Wembanyama,,,1aae688472781f1a1aaf3efdb38e884b,2026-06-04,00:30,points,39.5,1080.0,,True,draftkings,2026-06-03T15:33:10.749635
Victor Wembanyama,,,1aae688472781f1a1aaf3efdb38e884b,2026-06-04,00:30,points,44.5,2600.0,,True,draftkings,2026-06-03T15:33:10.749637
Jalen Brunson,,,1aae688472781f1a1aaf3efdb38e884b,2026-06-04,00:30,points,14.5,-1860.0,,True,draftkings,2026-06-03T15:33:10.749639
Jalen Brunson,,,1aae688472781f1a1aaf3efdb38e884b,2026-06-04,00:30,points,17.5,-650.0,,True,draftkings,2026-06-03T15:33:10.749643
Jalen Brunson,,,1aae688472781f1a1aaf3efdb38e884b,2026-06-04,00:30,points,19.5,-372.0,,True,draftkings,2026-06-03T15:33:10.749644
Jalen Brunson,,,1aae688472781f1a1aaf3efdb38e884b,2026-06-04,00:30,points,24.5,-126.0,,True,draftkings,2026-06-03T15:33:10.749646
Jalen Brunson,,,1aae688472781f1a1aaf3efdb38e884b,2026-06-04,00:30,points,25.5,-102.0,,True,draftkings,2026-06-03T15:33:10.749648
Jalen Brunson,,,1aae688472781f1a1aaf3efdb38e884b,2026-06-04,00:30,points,29.5,215.0,,True,draftkings,2026-06-03T15:33:10.749650
Jalen Brunson,,,1aae688472781f1a1aaf3efdb38e884b,2026-06-04,00:30,points,34.5,573.0,,True,draftkings,2026-06-03T15:33:10.749651
Jalen Brunson,,,1aae688472781f1a1aaf3efdb38e884b,2026-06-04,00:30,points,39.5,1360.0,,True,draftkings,2026-06-03T15:33:10.749653
Jalen Brunson,,,1aae688472781f1a1aaf3efdb38e884b,2026-06-04,00:30,points,44.5,2900.0,,True,draftkings,2026-06-03T15:33:10.749655
Karl-Anthony Towns,,,1aae688472781f1a1aaf3efdb38e884b,2026-06-04,00:30,points,9.5,-1220.0,,True,draftkings,2026-06-03T15:33:10.749656
Karl-Anthony Towns,,,1aae688472781f1a1aaf3efdb38e884b,2026-06-04,00:30,points,11.5,-550.0,,True,draftkings,2026-06-03T15:33:10.749658
Karl-Anthony Towns,,,1aae688472781f1a1aaf3efdb38e884b,2026-06-04,00:30,points,14.5,-216.0,,True,draftkings,2026-06-03T15:33:10.749660
Karl-Anthony Towns,,,1aae688472781f1a1aaf3efdb38e884b,2026-06-04,00:30,points,16.5,-126.0,,True,draftkings,2026-06-03T15:33:10.749661
Karl-Anthony Towns,,,1aae688472781f1a1aaf3efdb38e884b,2026-06-04,00:30,points,17.5,102.0,,True,draftkings,2026-06-03T15:33:10.749663
Karl-Anthony Towns,,,1aae688472781f1a1aaf3efdb38e884b,2026-06-04,00:30,points,19.5,165.0,,True,draftkings,2026-06-03T15:33:10.749665
Karl-Anthony Towns,,,1aae688472781f1a1aaf3efdb38e884b,2026-06-04,00:30,points,24.5,534.0,,True,draftkings,2026-06-03T15:33:10.749667
Karl-Anthony Towns,,,1aae688472781f1a1aaf3efdb38e884b,2026-06-04,00:30,points,29.5,1620.0,,True,draftkings,2026-06-03T15:33:10.749668
OG Anunoby,,,1aae688472781f1a1aaf3efdb38e884b,2026-06-04,00:30,points,7.5,-1540.0,,True,draftkings,2026-06-03T15:33:10.749670
OG Anunoby,,,1aae688472781f1a1aaf3efdb38e884b,2026-06-04,00:30,points,9.5,-640.0,,True,draftkings,2026-06-03T15:33:10.749672
OG Anunoby,,,1aae688472781f1a1aaf3efdb38e884b,2026-06-04,00:30,points,11.5,-334.0,,True,draftkings,2026-06-03T15:33:10.749674
OG Anunoby,,,1aae688472781f1a1aaf3efdb38e884b,2026-06-04,00:30,points,14.5,-148.0,,True,draftkings,2026-06-03T15:33:10.749675
OG Anunoby,,,1aae688472781f1a1aaf3efdb38e884b,2026-06-04,00:30,points,15.5,-115.0,,True,draftkings,2026-06-03T15:33:10.749677
OG Anunoby,,,1aae688472781f1a1aaf3efdb38e884b,2026-06-04,00:30,points,17.5,138.0,,True,draftkings,2026-06-03T15:33:10.749679
OG Anunoby,,,1aae688472781f1a1aaf3efdb38e884b,2026-06-04,00:30,points,19.5,218.0,,True,draftkings,2026-06-03T15:33:10.749680
OG Anunoby,,,1aae688472781f1a1aaf3efdb38e884b,2026-06-04,00:30,points,24.5,660.0,,True,draftkings,2026-06-03T15:33:10.749682
OG Anunoby,,,1aae688472781f1a1aaf3efdb38e884b,2026-06-04,00:30,points,29.5,1740.0,,True,draftkings,2026-06-03T15:33:10.749686
Stephon Castle,,,1aae688472781f1a1aaf3efdb38e884b,2026-06-04,00:30,points,7.5,-2800.0,,True,draftkings,2026-06-03T15:33:10.749688
Stephon Castle,,,1aae688472781f1a1aaf3efdb38e884b,2026-06-04,00:30,points,9.5,-980.0,,True,draftkings,2026-06-03T15:33:10.749690
Stephon Castle,,,1aae688472781f1a1aaf3efdb38e884b,2026-06-04,00:30,points,11.5,-467.0,,True,draftkings,2026-06-03T15:33:10.749692
Stephon Castle,,,1aae688472781f1a1aaf3efdb38e884b,2026-06-04,00:30,points,14.5,-192.0,,True,draftkings,2026-06-03T15:33:10.749693
Stephon Castle,,,1aae688472781f1a1aaf3efdb38e884b,2026-06-04,00:30,points,16.5,-116.0,,True,draftkings,2026-06-03T15:33:10.749695
Stephon Castle,,,1aae688472781f1a1aaf3efdb38e884b,2026-06-04,00:30,points,17.5,110.0,,True,draftkings,2026-06-03T15:33:10.749697
Stephon Castle,,,1aae688472781f1a1aaf3efdb38e884b,2026-06-04,00:30,points,19.5,184.0,,True,draftkings,2026-06-03T15:33:10.749699
Stephon Castle,,,1aae688472781f1a1aaf3efdb38e884b,2026-06-04,00:30,points,24.5,580.0,,True,draftkings,2026-06-03T15:33:10.749702
Stephon Castle,,,1aae688472781f1a1aaf3efdb38e884b,2026-06-04,00:30,points,29.5,1740.0,,True,draftkings,2026-06-03T15:33:10.749704
De'Aaron Fox,,,1aae688472781f1a1aaf3efdb38e884b,2026-06-04,00:30,points,7.5,-1860.0,,True,draftkings,2026-06-03T15:33:10.749706
De'Aaron Fox,,,1aae688472781f1a1aaf3efdb38e884b,2026-06-04,00:30,points,9.5,-710.0,,True,draftkings,2026-06-03T15:33:10.749708
De'Aaron Fox,,,1aae688472781f1a1aaf3efdb38e884b,2026-06-04,00:30,points,11.5,-342.0,,True,draftkings,2026-06-03T15:33:10.749709
De'Aaron Fox,,,1aae688472781f1a1aaf3efdb38e884b,2026-06-04,00:30,points,14.5,-141.0,,True,draftkings,2026-06-03T15:33:10.749711
De'Aaron Fox,,,1aae688472781f1a1aaf3efdb38e884b,2026-06-04,00:30,points,15.5,-107.0,,True,draftkings,2026-06-03T15:33:10.749713
De'Aaron Fox,,,1aae688472781f1a1aaf3efdb38e884b,2026-06-04,00:30,points,17.5,154.0,,True,draftkings,2026-06-03T15:33:10.749715
De'Aaron Fox,,,1aae688472781f1a1aaf3efdb38e884b,2026-06-04,00:30,points,19.5,246.0,,True,draftkings,2026-06-03T15:33:10.749716
De'Aaron Fox,,,1aae688472781f1a1aaf3efdb38e884b,2026-06-04,00:30,points,24.5,790.0,,True,draftkings,2026-06-03T15:33:10.749718
De'Aaron Fox,,,1aae688472781f1a1aaf3efdb38e884b,2026-06-04,00:30,points,29.5,2100.0,,True,draftkings,2026-06-03T15:33:10.749720
Mikal Bridges,,,1aae688472781f1a1aaf3efdb38e884b,2026-06-04,00:30,points,7.5,-1160.0,,True,draftkings,2026-06-03T15:33:10.749721
Mikal Bridges,,,1aae688472781f1a1aaf3efdb38e884b,2026-06-04,00:30,points,9.5,-538.0,,True,draftkings,2026-06-03T15:33:10.749723
Mikal Bridges,,,1aae688472781f1a1aaf3efdb38e884b,2026-06-04,00:30,points,11.5,-284.0,,True,draftkings,2026-06-03T15:33:10.749725
Mikal Bridges,,,1aae688472781f1a1aaf3efdb38e884b,2026-06-04,00:30,points,14.5,-125.0,,True,draftkings,2026-06-03T15:33:10.749727
Mikal Bridges,,,1aae688472781f1a1aaf3efdb38e884b,2026-06-04,00:30,points,17.5,167.0,,True,draftkings,2026-06-03T15:33:10.749728
Mikal Bridges,,,1aae688472781f1a1aaf3efdb38e884b,2026-06-04,00:30,points,19.5,269.0,,True,draftkings,2026-06-03T15:33:10.749730
Mikal Bridges,,,1aae688472781f1a1aaf3efdb38e884b,2026-06-04,00:30,points,24.5,830.0,,True,draftkings,2026-06-03T15:33:10.749732
Mikal Bridges,,,1aae688472781f1a1aaf3efdb38e884b,2026-06-04,00:30,points,29.5,2200.0,,True,draftkings,2026-06-03T15:33:10.749733
Devin Vassell,,,1aae688472781f1a1aaf3efdb38e884b,2026-06-04,00:30,points,5.5,-2000.0,,True,draftkings,2026-06-03T15:33:10.749735
Devin Vassell,,,1aae688472781f1a1aaf3efdb38e884b,2026-06-04,00:30,points,7.5,-730.0,,True,draftkings,2026-06-03T15:33:10.749737
Devin Vassell,,,1aae688472781f1a1aaf3efdb38e884b,2026-06-04,00:30,points,9.5,-353.0,,True,draftkings,2026-06-03T15:33:10.749739
Devin Vassell,,,1aae688472781f1a1aaf3efdb38e884b,2026-06-04,00:30,points,11.5,-189.0,,True,draftkings,2026-06-03T15:33:10.749740
Devin Vassell,,,1aae688472781f1a1aaf3efdb38e884b,2026-06-04,00:30,points,13.5,-109.0,,True,draftkings,2026-06-03T15:33:10.749742
Devin Vassell,,,1aae688472781f1a1aaf3efdb38e884b,2026-06-04,00:30,points,14.5,118.0,,True,draftkings,2026-06-03T15:33:10.749744
Devin Vassell,,,1aae688472781f1a1aaf3efdb38e884b,2026-06-04,00:30,points,17.5,253.0,,True,draftkings,2026-06-03T15:33:10.749746
Devin Vassell,,,1aae688472781f1a1aaf3efdb38e884b,2026-06-04,00:30,points,19.5,413.0,,True,draftkings,2026-06-03T15:33:10.749747
Devin Vassell,,,1aae688472781f1a1aaf3efdb38e884b,2026-06-04,00:30,points,24.5,1280.0,,True,draftkings,2026-06-03T15:33:10.749749
Devin Vassell,,,1aae688472781f1a1aaf3efdb38e884b,2026-06-04,00:30,points,29.5,3000.0,,True,draftkings,2026-06-03T15:33:10.749751
Josh Hart,,,1aae688472781f1a1aaf3efdb38e884b,2026-06-04,00:30,points,5.5,-870.0,,True,draftkings,2026-06-03T15:33:10.749755
Josh Hart,,,1aae688472781f1a1aaf3efdb38e884b,2026-06-04,00:30,points,7.5,-384.0,,True,draftkings,2026-06-03T15:33:10.749757
Josh Hart,,,1aae688472781f1a1aaf3efdb38e884b,2026-06-04,00:30,points,9.5,-197.0,,True,draftkings,2026-06-03T15:33:10.749759
Josh Hart,,,1aae688472781f1a1aaf3efdb38e884b,2026-06-04,00:30,points,11.5,-112.0,,True,draftkings,2026-06-03T15:33:10.749763
Josh Hart,,,1aae688472781f1a1aaf3efdb38e884b,2026-06-04,00:30,points,14.5,192.0,,True,draftkings,2026-06-03T15:33:10.749765
Josh Hart,,,1aae688472781f1a1aaf3efdb38e884b,2026-06-04,00:30,points,17.5,389.0,,True,draftkings,2026-06-03T15:33:10.749766
Josh Hart,,,1aae688472781f1a1aaf3efdb38e884b,2026-06-04,00:30,points,19.5,620.0,,True,draftkings,2026-06-03T15:33:10.749768
Josh Hart,,,1aae688472781f1a1aaf3efdb38e884b,2026-06-04,00:30,points,24.5,1680.0,,True,draftkings,2026-06-03T15:33:10.749770
Julian Champagnie,,,1aae688472781f1a1aaf3efdb38e884b,2026-06-04,00:30,points,5.5,-539.0,,True,draftkings,2026-06-03T15:33:10.749771
Julian Champagnie,,,1aae688472781f1a1aaf3efdb38e884b,2026-06-04,00:30,points,7.5,-265.0,,True,draftkings,2026-06-03T15:33:10.749773
Julian Champagnie,,,1aae688472781f1a1aaf3efdb38e884b,2026-06-04,00:30,points,9.5,-138.0,,True,draftkings,2026-06-03T15:33:10.749775
Julian Champagnie,,,1aae688472781f1a1aaf3efdb38e884b,2026-06-04,00:30,points,10.5,-109.0,,True,draftkings,2026-06-03T15:33:10.749777
Julian Champagnie,,,1aae688472781f1a1aaf3efdb38e884b,2026-06-04,00:30,points,11.5,122.0,,True,draftkings,2026-06-03T15:33:10.749779
Julian Champagnie,,,1aae688472781f1a1aaf3efdb38e884b,2026-06-04,00:30,points,14.5,256.0,,True,draftkings,2026-06-03T15:33:10.749780
Julian Champagnie,,,1aae688472781f1a1aaf3efdb38e884b,2026-06-04,00:30,points,17.5,527.0,,True,draftkings,2026-06-03T15:33:10.749782
Julian Champagnie,,,1aae688472781f1a1aaf3efdb38e884b,2026-06-04,00:30,points,19.5,820.0,,True,draftkings,2026-06-03T15:33:10.749786
Julian Champagnie,,,1aae688472781f1a1aaf3efdb38e884b,2026-06-04,00:30,points,24.5,2100.0,,True,draftkings,2026-06-03T15:33:10.749788
Dylan Harper,,,1aae688472781f1a1aaf3efdb38e884b,2026-06-04,00:30,points,5.5,-630.0,,True,draftkings,2026-06-03T15:33:10.749790
Dylan Harper,,,1aae688472781f1a1aaf3efdb38e884b,2026-06-04,00:30,points,7.5,-276.0,,True,draftkings,2026-06-03T15:33:10.749792
Dylan Harper,,,1aae688472781f1a1aaf3efdb38e884b,2026-06-04,00:30,points,9.5,-144.0,,True,draftkings,2026-06-03T15:33:10.749793
Dylan Harper,,,1aae688472781f1a1aaf3efdb38e884b,2026-06-04,00:30,points,10.5,-108.0,,True,draftkings,2026-06-03T15:33:10.749795
Dylan Harper,,,1aae688472781f1a1aaf3efdb38e884b,2026-06-04,00:30,points,11.5,123.0,,True,draftkings,2026-06-03T15:33:10.749797
Dylan Harper,,,1aae688472781f1a1aaf3efdb38e884b,2026-06-04,00:30,points,14.5,273.0,,True,draftkings,2026-06-03T15:33:10.749798
Dylan Harper,,,1aae688472781f1a1aaf3efdb38e884b,2026-06-04,00:30,points,17.5,580.0,,True,draftkings,2026-06-03T15:33:10.749800
Dylan Harper,,,1aae688472781f1a1aaf3efdb38e884b,2026-06-04,00:30,points,19.5,930.0,,True,draftkings,2026-06-03T15:33:10.749802
Dylan Harper,,,1aae688472781f1a1aaf3efdb38e884b,2026-06-04,00:30,points,24.5,2600.0,,True,draftkings,2026-06-03T15:33:10.749804
Keldon Johnson,,,1aae688472781f1a1aaf3efdb38e884b,2026-06-04,00:30,points,5.5,-317.0,,True,draftkings,2026-06-03T15:33:10.749805
Keldon Johnson,,,1aae688472781f1a1aaf3efdb38e884b,2026-06-04,00:30,points,7.5,-148.0,,True,draftkings,2026-06-03T15:33:10.749807
Keldon Johnson,,,1aae688472781f1a1aaf3efdb38e884b,2026-06-04,00:30,points,8.5,-105.0,,True,draftkings,2026-06-03T15:33:10.749809
Keldon Johnson,,,1aae688472781f1a1aaf3efdb38e884b,2026-06-04,00:30,points,9.5,128.0,,True,draftkings,2026-06-03T15:33:10.749811
Keldon Johnson,,,1aae688472781f1a1aaf3efdb38e884b,2026-06-04,00:30,points,11.5,231.0,,True,draftkings,2026-06-03T15:33:10.749812
Keldon Johnson,,,1aae688472781f1a1aaf3efdb38e884b,2026-06-04,00:30,points,14.5,530.0,,True,draftkings,2026-06-03T15:33:10.749814
Keldon Johnson,,,1aae688472781f1a1aaf3efdb38e884b,2026-06-04,00:30,points,17.5,1140.0,,True,draftkings,2026-06-03T15:33:10.749816
Keldon Johnson,,,1aae688472781f1a1aaf3efdb38e884b,2026-06-04,00:30,points,19.5,1780.0,,True,draftkings,2026-06-03T15:33:10.749817
Landry Shamet,,,1aae688472781f1a1aaf3efdb38e884b,2026-06-04,00:30,points,5.5,-152.0,,True,draftkings,2026-06-03T15:33:10.749819
Landry Shamet,,,1aae688472781f1a1aaf3efdb38e884b,2026-06-04,00:30,points,6.5,107.0,,True,draftkings,2026-06-03T15:33:10.749823
Landry Shamet,,,1aae688472781f1a1aaf3efdb38e884b,2026-06-04,00:30,points,7.5,131.0,,True,draftkings,2026-06-03T15:33:10.749825
Landry Shamet,,,1aae688472781f1a1aaf3efdb38e884b,2026-06-04,00:30,points,9.5,260.0,,True,draftkings,2026-06-03T15:33:10.749827
Landry Shamet,,,1aae688472781f1a1aaf3efdb38e884b,2026-06-04,00:30,points,11.5,430.0,,True,draftkings,2026-06-03T15:33:10.749829
Landry Shamet,,,1aae688472781f1a1aaf3efdb38e884b,2026-06-04,00:30,points,14.5,940.0,,True,draftkings,2026-06-03T15:33:10.749830
Landry Shamet,,,1aae688472781f1a1aaf3efdb38e884b,2026-06-04,00:30,points,17.5,1900.0,,True,draftkings,2026-06-03T15:33:10.749832
Landry Shamet,,,1aae688472781f1a1aaf3efdb38e884b,2026-06-04,00:30,points,19.5,2600.0,,True,draftkings,2026-06-03T15:33:10.749834
Miles McBride,,,1aae688472781f1a1aaf3efdb38e884b,2026-06-04,00:30,points,5.5,-119.0,,True,draftkings,2026-06-03T15:33:10.749836
Miles McBride,,,1aae688472781f1a1aaf3efdb38e884b,2026-06-04,00:30,points,7.5,157.0,,True,draftkings,2026-06-03T15:33:10.749837
Miles McBride,,,1aae688472781f1a1aaf3efdb38e884b,2026-06-04,00:30,points,9.5,312.0,,True,draftkings,2026-06-03T15:33:10.749839
Miles McBride,,,1aae688472781f1a1aaf3efdb38e884b,2026-06-04,00:30,points,11.5,533.0,,True,draftkings,2026-06-03T15:33:10.749841
Miles McBride,,,1aae688472781f1a1aaf3efdb38e884b,2026-06-04,00:30,points,14.5,1160.0,,True,draftkings,2026-06-03T15:33:10.749842
Miles McBride,,,1aae688472781f1a1aaf3efdb38e884b,2026-06-04,00:30,points,17.5,2200.0,,True,draftkings,2026-06-03T15:33:10.749844
Mitchell Robinson,,,1aae688472781f1a1aaf3efdb38e884b,2026-06-04,00:30,points,3.5,-118.0,,True,draftkings,2026-06-03T15:33:10.749846
Mitchell Robinson,,,1aae688472781f1a1aaf3efdb38e884b,2026-06-04,00:30,points,5.5,214.0,,True,draftkings,2026-06-03T15:33:10.749848
Mitchell Robinson,,,1aae688472781f1a1aaf3efdb38e884b,2026-06-04,00:30,points,7.5,473.0,,True,draftkings,2026-06-03T15:33:10.749849
Mitchell Robinson,,,1aae688472781f1a1aaf3efdb38e884b,2026-06-04,00:30,points,9.5,980.0,,True,draftkings,2026-06-03T15:33:10.749851
Mitchell Robinson,,,1aae688472781f1a1aaf3efdb38e884b,2026-06-04,00:30,points,11.5,1820.0,,True,draftkings,2026-06-03T15:33:10.749853
Jose Alvarado,,,1aae688472781f1a1aaf3efdb38e884b,2026-06-04,00:30,points,2.5,-105.0,,True,draftkings,2026-06-03T15:33:10.749855
Jose Alvarado,,,1aae688472781f1a1aaf3efdb38e884b,2026-06-04,00:30,points,5.5,360.0,,True,draftkings,2026-06-03T15:33:10.749856
Jose Alvarado,,,1aae688472781f1a1aaf3efdb38e884b,2026-06-04,00:30,points,7.5,700.0,,True,draftkings,2026-06-03T15:33:10.749858
Jose Alvarado,,,1aae688472781f1a1aaf3efdb38e884b,2026-06-04,00:30,points,9.5,1360.0,,True,draftkings,2026-06-03T15:33:10.749860
Jose Alvarado,,,1aae688472781f1a1aaf3efdb38e884b,2026-06-04,00:30,points,11.5,2100.0,,True,draftkings,2026-06-03T15:33:10.749862
Luke Kornet,,,1aae688472781f1a1aaf3efdb38e884b,2026-06-04,00:30,points,3.5,-103.0,,True,draftkings,2026-06-03T15:33:10.749863
Luke Kornet,,,1aae688472781f1a1aaf3efdb38e884b,2026-06-04,00:30,points,5.5,244.0,,True,draftkings,2026-06-03T15:33:10.749865
Luke Kornet,,,1aae688472781f1a1aaf3efdb38e884b,2026-06-04,00:30,points,7.5,568.0,,True,draftkings,2026-06-03T15:33:10.749867
Luke Kornet,,,1aae688472781f1a1aaf3efdb38e884b,2026-06-04,00:30,points,9.5,1160.0,,True,draftkings,2026-06-03T15:33:10.749869
Luke Kornet,,,1aae688472781f1a1aaf3efdb38e884b,2026-06-04,00:30,points,11.5,2100.0,,True,draftkings,2026-06-03T15:33:10.749870
Carter Bryant,,,1aae688472781f1a1aaf3efdb38e884b,2026-06-04,00:30,points,2.5,-105.0,,True,draftkings,2026-06-03T15:33:10.749872
Carter Bryant,,,1aae688472781f1a1aaf3efdb38e884b,2026-06-04,00:30,points,5.5,397.0,,True,draftkings,2026-06-03T15:33:10.749876
Carter Bryant,,,1aae688472781f1a1aaf3efdb38e884b,2026-06-04,00:30,points,7.5,830.0,,True,draftkings,2026-06-03T15:33:10.749880
Carter Bryant,,,1aae688472781f1a1aaf3efdb38e884b,2026-06-04,00:30,points,9.5,1700.0,,True,draftkings,2026-06-03T15:33:10.749884
Carter Bryant,,,1aae688472781f1a1aaf3efdb38e884b,2026-06-04,00:30,points,11.5,2800.0,,True,draftkings,2026-06-03T15:33:10.749886
Victor Wembanyama,,,1aae688472781f1a1aaf3efdb38e884b,2026-06-04,00:30,rebounds,11.5,-129.0,-102.0,False,draftkings,2026-06-03T15:33:10.749909
Karl-Anthony Towns,,,1aae688472781f1a1aaf3efdb38e884b,2026-06-04,00:30,rebounds,11.5,-107.0,-123.0,False,draftkings,2026-06-03T15:33:10.749910
Josh Hart,,,1aae688472781f1a1aaf3efdb38e884b,2026-06-04,00:30,rebounds,7.5,-140.0,107.0,False,draftkings,2026-06-03T15:33:10.749912
OG Anunoby,,,1aae688472781f1a1aaf3efdb38e884b,2026-06-04,00:30,rebounds,5.5,-130.0,-101.0,False,draftkings,2026-06-03T15:33:10.749914
Julian Champagnie,,,1aae688472781f1a1aaf3efdb38e884b,2026-06-04,00:30,rebounds,5.5,-126.0,-104.0,False,draftkings,2026-06-03T15:33:10.749916
Stephon Castle,,,1aae688472781f1a1aaf3efdb38e884b,2026-06-04,00:30,rebounds,4.5,-144.0,110.0,False,draftkings,2026-06-03T15:33:10.749917
Mitchell Robinson,,,1aae688472781f1a1aaf3efdb38e884b,2026-06-04,00:30,rebounds,4.5,-143.0,109.0,False,draftkings,2026-06-03T15:33:10.749919
Devin Vassell,,,1aae688472781f1a1aaf3efdb38e884b,2026-06-04,00:30,rebounds,4.5,112.0,-148.0,False,draftkings,2026-06-03T15:33:10.749921
Dylan Harper,,,1aae688472781f1a1aaf3efdb38e884b,2026-06-04,00:30,rebounds,3.5,-161.0,122.0,False,draftkings,2026-06-03T15:33:10.749922
Mikal Bridges,,,1aae688472781f1a1aaf3efdb38e884b,2026-06-04,00:30,rebounds,3.5,-115.0,-115.0,False,draftkings,2026-06-03T15:33:10.749924
De'Aaron Fox,,,1aae688472781f1a1aaf3efdb38e884b,2026-06-04,00:30,rebounds,3.5,-112.0,-117.0,False,draftkings,2026-06-03T15:33:10.749926
Keldon Johnson,,,1aae688472781f1a1aaf3efdb38e884b,2026-06-04,00:30,rebounds,3.5,114.0,-150.0,False,draftkings,2026-06-03T15:33:10.749928
Jalen Brunson,,,1aae688472781f1a1aaf3efdb38e884b,2026-06-04,00:30,rebounds,2.5,-144.0,109.0,False,draftkings,2026-06-03T15:33:10.749929
Luke Kornet,,,1aae688472781f1a1aaf3efdb38e884b,2026-06-04,00:30,rebounds,2.5,-116.0,-113.0,False,draftkings,2026-06-03T15:33:10.749931
Landry Shamet,,,1aae688472781f1a1aaf3efdb38e884b,2026-06-04,00:30,rebounds,1.5,115.0,-152.0,False,draftkings,2026-06-03T15:33:10.749933
Miles McBride,,,1aae688472781f1a1aaf3efdb38e884b,2026-06-04,00:30,rebounds,1.5,142.0,-188.0,False,draftkings,2026-06-03T15:33:10.749934
Victor Wembanyama,,,1aae688472781f1a1aaf3efdb38e884b,2026-06-04,00:30,rebounds,6.5,-2500.0,,True,draftkings,2026-06-03T15:33:10.750001
Victor Wembanyama,,,1aae688472781f1a1aaf3efdb38e884b,2026-06-04,00:30,rebounds,7.5,-1020.0,,True,draftkings,2026-06-03T15:33:10.750003
Victor Wembanyama,,,1aae688472781f1a1aaf3efdb38e884b,2026-06-04,00:30,rebounds,8.5,-541.0,,True,draftkings,2026-06-03T15:33:10.750005
Victor Wembanyama,,,1aae688472781f1a1aaf3efdb38e884b,2026-06-04,00:30,rebounds,9.5,-320.0,,True,draftkings,2026-06-03T15:33:10.750007
Victor Wembanyama,,,1aae688472781f1a1aaf3efdb38e884b,2026-06-04,00:30,rebounds,10.5,-197.0,,True,draftkings,2026-06-03T15:33:10.750008
Victor Wembanyama,,,1aae688472781f1a1aaf3efdb38e884b,2026-06-04,00:30,rebounds,11.5,-126.0,,True,draftkings,2026-06-03T15:33:10.750010
Victor Wembanyama,,,1aae688472781f1a1aaf3efdb38e884b,2026-06-04,00:30,rebounds,12.5,123.0,,True,draftkings,2026-06-03T15:33:10.750012
Victor Wembanyama,,,1aae688472781f1a1aaf3efdb38e884b,2026-06-04,00:30,rebounds,13.5,184.0,,True,draftkings,2026-06-03T15:33:10.750014
Victor Wembanyama,,,1aae688472781f1a1aaf3efdb38e884b,2026-06-04,00:30,rebounds,14.5,276.0,,True,draftkings,2026-06-03T15:33:10.750015
Victor Wembanyama,,,1aae688472781f1a1aaf3efdb38e884b,2026-06-04,00:30,rebounds,15.5,411.0,,True,draftkings,2026-06-03T15:33:10.750020
Victor Wembanyama,,,1aae688472781f1a1aaf3efdb38e884b,2026-06-04,00:30,rebounds,16.5,620.0,,True,draftkings,2026-06-03T15:33:10.750021
Victor Wembanyama,,,1aae688472781f1a1aaf3efdb38e884b,2026-06-04,00:30,rebounds,17.5,920.0,,True,draftkings,2026-06-03T15:33:10.750023
Victor Wembanyama,,,1aae688472781f1a1aaf3efdb38e884b,2026-06-04,00:30,rebounds,18.5,1340.0,,True,draftkings,2026-06-03T15:33:10.750025
Victor Wembanyama,,,1aae688472781f1a1aaf3efdb38e884b,2026-06-04,00:30,rebounds,19.5,1880.0,,True,draftkings,2026-06-03T15:33:10.750026
Karl-Anthony Towns,,,1aae688472781f1a1aaf3efdb38e884b,2026-06-04,00:30,rebounds,6.5,-1740.0,,True,draftkings,2026-06-03T15:33:10.750028
Karl-Anthony Towns,,,1aae688472781f1a1aaf3efdb38e884b,2026-06-04,00:30,rebounds,7.5,-820.0,,True,draftkings,2026-06-03T15:33:10.750030
Karl-Anthony Towns,,,1aae688472781f1a1aaf3efdb38e884b,2026-06-04,00:30,rebounds,8.5,-448.0,,True,draftkings,2026-06-03T15:33:10.750032
Karl-Anthony Towns,,,1aae688472781f1a1aaf3efdb38e884b,2026-06-04,00:30,rebounds,9.5,-261.0,,True,draftkings,2026-06-03T15:33:10.750033
Karl-Anthony Towns,,,1aae688472781f1a1aaf3efdb38e884b,2026-06-04,00:30,rebounds,10.5,-165.0,,True,draftkings,2026-06-03T15:33:10.750035
Karl-Anthony Towns,,,1aae688472781f1a1aaf3efdb38e884b,2026-06-04,00:30,rebounds,11.5,-108.0,,True,draftkings,2026-06-03T15:33:10.750037
Karl-Anthony Towns,,,1aae688472781f1a1aaf3efdb38e884b,2026-06-04,00:30,rebounds,12.5,139.0,,True,draftkings,2026-06-03T15:33:10.750038
Karl-Anthony Towns,,,1aae688472781f1a1aaf3efdb38e884b,2026-06-04,00:30,rebounds,13.5,210.0,,True,draftkings,2026-06-03T15:33:10.750040
Karl-Anthony Towns,,,1aae688472781f1a1aaf3efdb38e884b,2026-06-04,00:30,rebounds,14.5,311.0,,True,draftkings,2026-06-03T15:33:10.750042
Karl-Anthony Towns,,,1aae688472781f1a1aaf3efdb38e884b,2026-06-04,00:30,rebounds,15.5,462.0,,True,draftkings,2026-06-03T15:33:10.750044
Karl-Anthony Towns,,,1aae688472781f1a1aaf3efdb38e884b,2026-06-04,00:30,rebounds,16.5,680.0,,True,draftkings,2026-06-03T15:33:10.750045
Karl-Anthony Towns,,,1aae688472781f1a1aaf3efdb38e884b,2026-06-04,00:30,rebounds,17.5,990.0,,True,draftkings,2026-06-03T15:33:10.750047
Karl-Anthony Towns,,,1aae688472781f1a1aaf3efdb38e884b,2026-06-04,00:30,rebounds,18.5,1420.0,,True,draftkings,2026-06-03T15:33:10.750049
Karl-Anthony Towns,,,1aae688472781f1a1aaf3efdb38e884b,2026-06-04,00:30,rebounds,19.5,1980.0,,True,draftkings,2026-06-03T15:33:10.750050
Josh Hart,,,1aae688472781f1a1aaf3efdb38e884b,2026-06-04,00:30,rebounds,3.5,-3900.0,,True,draftkings,2026-06-03T15:33:10.750052
Josh Hart,,,1aae688472781f1a1aaf3efdb38e884b,2026-06-04,00:30,rebounds,4.5,-1100.0,,True,draftkings,2026-06-03T15:33:10.750054
Josh Hart,,,1aae688472781f1a1aaf3efdb38e884b,2026-06-04,00:30,rebounds,5.5,-483.0,,True,draftkings,2026-06-03T15:33:10.750055
Josh Hart,,,1aae688472781f1a1aaf3efdb38e884b,2026-06-04,00:30,rebounds,6.5,-249.0,,True,draftkings,2026-06-03T15:33:10.750057
Josh Hart,,,1aae688472781f1a1aaf3efdb38e884b,2026-06-04,00:30,rebounds,7.5,-141.0,,True,draftkings,2026-06-03T15:33:10.750061
Josh Hart,,,1aae688472781f1a1aaf3efdb38e884b,2026-06-04,00:30,rebounds,8.5,122.0,,True,draftkings,2026-06-03T15:33:10.750063
Josh Hart,,,1aae688472781f1a1aaf3efdb38e884b,2026-06-04,00:30,rebounds,9.5,201.0,,True,draftkings,2026-06-03T15:33:10.750065
Josh Hart,,,1aae688472781f1a1aaf3efdb38e884b,2026-06-04,00:30,rebounds,10.5,327.0,,True,draftkings,2026-06-03T15:33:10.750066
Josh Hart,,,1aae688472781f1a1aaf3efdb38e884b,2026-06-04,00:30,rebounds,11.5,530.0,,True,draftkings,2026-06-03T15:33:10.750068
Josh Hart,,,1aae688472781f1a1aaf3efdb38e884b,2026-06-04,00:30,rebounds,12.5,850.0,,True,draftkings,2026-06-03T15:33:10.750070
Josh Hart,,,1aae688472781f1a1aaf3efdb38e884b,2026-06-04,00:30,rebounds,13.5,1340.0,,True,draftkings,2026-06-03T15:33:10.750071
Josh Hart,,,1aae688472781f1a1aaf3efdb38e884b,2026-06-04,00:30,rebounds,14.5,1960.0,,True,draftkings,2026-06-03T15:33:10.750075
Josh Hart,,,1aae688472781f1a1aaf3efdb38e884b,2026-06-04,00:30,rebounds,15.5,2700.0,,True,draftkings,2026-06-03T15:33:10.750077
Mitchell Robinson,,,1aae688472781f1a1aaf3efdb38e884b,2026-06-04,00:30,rebounds,2.5,-582.0,,True,draftkings,2026-06-03T15:33:10.750081
Mitchell Robinson,,,1aae688472781f1a1aaf3efdb38e884b,2026-06-04,00:30,rebounds,3.5,-271.0,,True,draftkings,2026-06-03T15:33:10.750083
Mitchell Robinson,,,1aae688472781f1a1aaf3efdb38e884b,2026-06-04,00:30,rebounds,4.5,-144.0,,True,draftkings,2026-06-03T15:33:10.750084
Mitchell Robinson,,,1aae688472781f1a1aaf3efdb38e884b,2026-06-04,00:30,rebounds,5.5,119.0,,True,draftkings,2026-06-03T15:33:10.750086
Mitchell Robinson,,,1aae688472781f1a1aaf3efdb38e884b,2026-06-04,00:30,rebounds,6.5,195.0,,True,draftkings,2026-06-03T15:33:10.750088
Mitchell Robinson,,,1aae688472781f1a1aaf3efdb38e884b,2026-06-04,00:30,rebounds,7.5,303.0,,True,draftkings,2026-06-03T15:33:10.750090
Mitchell Robinson,,,1aae688472781f1a1aaf3efdb38e884b,2026-06-04,00:30,rebounds,8.5,460.0,,True,draftkings,2026-06-03T15:33:10.750091
Mitchell Robinson,,,1aae688472781f1a1aaf3efdb38e884b,2026-06-04,00:30,rebounds,9.5,710.0,,True,draftkings,2026-06-03T15:33:10.750093
Mitchell Robinson,,,1aae688472781f1a1aaf3efdb38e884b,2026-06-04,00:30,rebounds,10.5,1040.0,,True,draftkings,2026-06-03T15:33:10.750095
Mitchell Robinson,,,1aae688472781f1a1aaf3efdb38e884b,2026-06-04,00:30,rebounds,11.5,1540.0,,True,draftkings,2026-06-03T15:33:10.750097
Mitchell Robinson,,,1aae688472781f1a1aaf3efdb38e884b,2026-06-04,00:30,rebounds,12.5,2200.0,,True,draftkings,2026-06-03T15:33:10.750098
Mitchell Robinson,,,1aae688472781f1a1aaf3efdb38e884b,2026-06-04,00:30,rebounds,13.5,2800.0,,True,draftkings,2026-06-03T15:33:10.750100
OG Anunoby,,,1aae688472781f1a1aaf3efdb38e884b,2026-06-04,00:30,rebounds,2.5,-1840.0,,True,draftkings,2026-06-03T15:33:10.750102
OG Anunoby,,,1aae688472781f1a1aaf3efdb38e884b,2026-06-04,00:30,rebounds,3.5,-592.0,,True,draftkings,2026-06-03T15:33:10.750103
OG Anunoby,,,1aae688472781f1a1aaf3efdb38e884b,2026-06-04,00:30,rebounds,4.5,-258.0,,True,draftkings,2026-06-03T15:33:10.750105
OG Anunoby,,,1aae688472781f1a1aaf3efdb38e884b,2026-06-04,00:30,rebounds,5.5,-134.0,,True,draftkings,2026-06-03T15:33:10.750107
OG Anunoby,,,1aae688472781f1a1aaf3efdb38e884b,2026-06-04,00:30,rebounds,6.5,137.0,,True,draftkings,2026-06-03T15:33:10.750109
OG Anunoby,,,1aae688472781f1a1aaf3efdb38e884b,2026-06-04,00:30,rebounds,7.5,238.0,,True,draftkings,2026-06-03T15:33:10.750110
OG Anunoby,,,1aae688472781f1a1aaf3efdb38e884b,2026-06-04,00:30,rebounds,8.5,415.0,,True,draftkings,2026-06-03T15:33:10.750112
OG Anunoby,,,1aae688472781f1a1aaf3efdb38e884b,2026-06-04,00:30,rebounds,9.5,710.0,,True,draftkings,2026-06-03T15:33:10.750114
OG Anunoby,,,1aae688472781f1a1aaf3efdb38e884b,2026-06-04,00:30,rebounds,10.5,1220.0,,True,draftkings,2026-06-03T15:33:10.750116
OG Anunoby,,,1aae688472781f1a1aaf3efdb38e884b,2026-06-04,00:30,rebounds,11.5,1900.0,,True,draftkings,2026-06-03T15:33:10.750117
OG Anunoby,,,1aae688472781f1a1aaf3efdb38e884b,2026-06-04,00:30,rebounds,12.5,2700.0,,True,draftkings,2026-06-03T15:33:10.750119
Julian Champagnie,,,1aae688472781f1a1aaf3efdb38e884b,2026-06-04,00:30,rebounds,2.5,-1740.0,,True,draftkings,2026-06-03T15:33:10.750121
Julian Champagnie,,,1aae688472781f1a1aaf3efdb38e884b,2026-06-04,00:30,rebounds,3.5,-561.0,,True,draftkings,2026-06-03T15:33:10.750123
Julian Champagnie,,,1aae688472781f1a1aaf3efdb38e884b,2026-06-04,00:30,rebounds,4.5,-250.0,,True,draftkings,2026-06-03T15:33:10.750124
Julian Champagnie,,,1aae688472781f1a1aaf3efdb38e884b,2026-06-04,00:30,rebounds,5.5,-125.0,,True,draftkings,2026-06-03T15:33:10.750126
Julian Champagnie,,,1aae688472781f1a1aaf3efdb38e884b,2026-06-04,00:30,rebounds,6.5,148.0,,True,draftkings,2026-06-03T15:33:10.750128
Julian Champagnie,,,1aae688472781f1a1aaf3efdb38e884b,2026-06-04,00:30,rebounds,7.5,266.0,,True,draftkings,2026-06-03T15:33:10.750129
Julian Champagnie,,,1aae688472781f1a1aaf3efdb38e884b,2026-06-04,00:30,rebounds,8.5,470.0,,True,draftkings,2026-06-03T15:33:10.750131
Julian Champagnie,,,1aae688472781f1a1aaf3efdb38e884b,2026-06-04,00:30,rebounds,9.5,800.0,,True,draftkings,2026-06-03T15:33:10.750133
Julian Champagnie,,,1aae688472781f1a1aaf3efdb38e884b,2026-06-04,00:30,rebounds,10.5,1360.0,,True,draftkings,2026-06-03T15:33:10.750135
Julian Champagnie,,,1aae688472781f1a1aaf3efdb38e884b,2026-06-04,00:30,rebounds,11.5,2100.0,,True,draftkings,2026-06-03T15:33:10.750139
Stephon Castle,,,1aae688472781f1a1aaf3efdb38e884b,2026-06-04,00:30,rebounds,2.5,-860.0,,True,draftkings,2026-06-03T15:33:10.750141
Stephon Castle,,,1aae688472781f1a1aaf3efdb38e884b,2026-06-04,00:30,rebounds,3.5,-317.0,,True,draftkings,2026-06-03T15:33:10.750142
Stephon Castle,,,1aae688472781f1a1aaf3efdb38e884b,2026-06-04,00:30,rebounds,4.5,-143.0,,True,draftkings,2026-06-03T15:33:10.750144
Stephon Castle,,,1aae688472781f1a1aaf3efdb38e884b,2026-06-04,00:30,rebounds,5.5,135.0,,True,draftkings,2026-06-03T15:33:10.750146
Stephon Castle,,,1aae688472781f1a1aaf3efdb38e884b,2026-06-04,00:30,rebounds,6.5,262.0,,True,draftkings,2026-06-03T15:33:10.750147
Stephon Castle,,,1aae688472781f1a1aaf3efdb38e884b,2026-06-04,00:30,rebounds,7.5,482.0,,True,draftkings,2026-06-03T15:33:10.750149
Stephon Castle,,,1aae688472781f1a1aaf3efdb38e884b,2026-06-04,00:30,rebounds,8.5,890.0,,True,draftkings,2026-06-03T15:33:10.750151
Stephon Castle,,,1aae688472781f1a1aaf3efdb38e884b,2026-06-04,00:30,rebounds,9.5,1500.0,,True,draftkings,2026-06-03T15:33:10.750152
Stephon Castle,,,1aae688472781f1a1aaf3efdb38e884b,2026-06-04,00:30,rebounds,10.5,2400.0,,True,draftkings,2026-06-03T15:33:10.750154
Devin Vassell,,,1aae688472781f1a1aaf3efdb38e884b,2026-06-04,00:30,rebounds,2.5,-414.0,,True,draftkings,2026-06-03T15:33:10.750158
Devin Vassell,,,1aae688472781f1a1aaf3efdb38e884b,2026-06-04,00:30,rebounds,3.5,-179.0,,True,draftkings,2026-06-03T15:33:10.750160
Devin Vassell,,,1aae688472781f1a1aaf3efdb38e884b,2026-06-04,00:30,rebounds,4.5,112.0,,True,draftkings,2026-06-03T15:33:10.750162
Devin Vassell,,,1aae688472781f1a1aaf3efdb38e884b,2026-06-04,00:30,rebounds,5.5,215.0,,True,draftkings,2026-06-03T15:33:10.750163
Devin Vassell,,,1aae688472781f1a1aaf3efdb38e884b,2026-06-04,00:30,rebounds,6.5,394.0,,True,draftkings,2026-06-03T15:33:10.750165
Devin Vassell,,,1aae688472781f1a1aaf3efdb38e884b,2026-06-04,00:30,rebounds,7.5,690.0,,True,draftkings,2026-06-03T15:33:10.750167
Devin Vassell,,,1aae688472781f1a1aaf3efdb38e884b,2026-06-04,00:30,rebounds,8.5,1180.0,,True,draftkings,2026-06-03T15:33:10.750168
Devin Vassell,,,1aae688472781f1a1aaf3efdb38e884b,2026-06-04,00:30,rebounds,9.5,1880.0,,True,draftkings,2026-06-03T15:33:10.750170
Devin Vassell,,,1aae688472781f1a1aaf3efdb38e884b,2026-06-04,00:30,rebounds,10.5,2800.0,,True,draftkings,2026-06-03T15:33:10.750172
Dylan Harper,,,1aae688472781f1a1aaf3efdb38e884b,2026-06-04,00:30,rebounds,2.5,-375.0,,True,draftkings,2026-06-03T15:33:10.750173
Dylan Harper,,,1aae688472781f1a1aaf3efdb38e884b,2026-06-04,00:30,rebounds,3.5,-161.0,,True,draftkings,2026-06-03T15:33:10.750185
Dylan Harper,,,1aae688472781f1a1aaf3efdb38e884b,2026-06-04,00:30,rebounds,4.5,125.0,,True,draftkings,2026-06-03T15:33:10.750187
Dylan Harper,,,1aae688472781f1a1aaf3efdb38e884b,2026-06-04,00:30,rebounds,5.5,240.0,,True,draftkings,2026-06-03T15:33:10.750188
Dylan Harper,,,1aae688472781f1a1aaf3efdb38e884b,2026-06-04,00:30,rebounds,6.5,437.0,,True,draftkings,2026-06-03T15:33:10.750190
Dylan Harper,,,1aae688472781f1a1aaf3efdb38e884b,2026-06-04,00:30,rebounds,7.5,750.0,,True,draftkings,2026-06-03T15:33:10.750192
Dylan Harper,,,1aae688472781f1a1aaf3efdb38e884b,2026-06-04,00:30,rebounds,8.5,1260.0,,True,draftkings,2026-06-03T15:33:10.750193
Dylan Harper,,,1aae688472781f1a1aaf3efdb38e884b,2026-06-04,00:30,rebounds,9.5,2000.0,,True,draftkings,2026-06-03T15:33:10.750195
Dylan Harper,,,1aae688472781f1a1aaf3efdb38e884b,2026-06-04,00:30,rebounds,10.5,2800.0,,True,draftkings,2026-06-03T15:33:10.750197
Mikal Bridges,,,1aae688472781f1a1aaf3efdb38e884b,2026-06-04,00:30,rebounds,2.5,-279.0,,True,draftkings,2026-06-03T15:33:10.750199
Mikal Bridges,,,1aae688472781f1a1aaf3efdb38e884b,2026-06-04,00:30,rebounds,3.5,-117.0,,True,draftkings,2026-06-03T15:33:10.750203
Mikal Bridges,,,1aae688472781f1a1aaf3efdb38e884b,2026-06-04,00:30,rebounds,4.5,185.0,,True,draftkings,2026-06-03T15:33:10.750204
Mikal Bridges,,,1aae688472781f1a1aaf3efdb38e884b,2026-06-04,00:30,rebounds,5.5,372.0,,True,draftkings,2026-06-03T15:33:10.750208
Mikal Bridges,,,1aae688472781f1a1aaf3efdb38e884b,2026-06-04,00:30,rebounds,6.5,720.0,,True,draftkings,2026-06-03T15:33:10.750210
Mikal Bridges,,,1aae688472781f1a1aaf3efdb38e884b,2026-06-04,00:30,rebounds,7.5,1380.0,,True,draftkings,2026-06-03T15:33:10.750212
Mikal Bridges,,,1aae688472781f1a1aaf3efdb38e884b,2026-06-04,00:30,rebounds,8.5,2300.0,,True,draftkings,2026-06-03T15:33:10.750214
Keldon Johnson,,,1aae688472781f1a1aaf3efdb38e884b,2026-06-04,00:30,rebounds,2.5,-201.0,,True,draftkings,2026-06-03T15:33:10.750215
Keldon Johnson,,,1aae688472781f1a1aaf3efdb38e884b,2026-06-04,00:30,rebounds,3.5,114.0,,True,draftkings,2026-06-03T15:33:10.750217
Keldon Johnson,,,1aae688472781f1a1aaf3efdb38e884b,2026-06-04,00:30,rebounds,4.5,230.0,,True,draftkings,2026-06-03T15:33:10.750219
Keldon Johnson,,,1aae688472781f1a1aaf3efdb38e884b,2026-06-04,00:30,rebounds,5.5,455.0,,True,draftkings,2026-06-03T15:33:10.750220
Keldon Johnson,,,1aae688472781f1a1aaf3efdb38e884b,2026-06-04,00:30,rebounds,6.5,840.0,,True,draftkings,2026-06-03T15:33:10.750222
Keldon Johnson,,,1aae688472781f1a1aaf3efdb38e884b,2026-06-04,00:30,rebounds,7.5,1500.0,,True,draftkings,2026-06-03T15:33:10.750224
Keldon Johnson,,,1aae688472781f1a1aaf3efdb38e884b,2026-06-04,00:30,rebounds,8.5,2400.0,,True,draftkings,2026-06-03T15:33:10.750226
De'Aaron Fox,,,1aae688472781f1a1aaf3efdb38e884b,2026-06-04,00:30,rebounds,2.5,-276.0,,True,draftkings,2026-06-03T15:33:10.750227
De'Aaron Fox,,,1aae688472781f1a1aaf3efdb38e884b,2026-06-04,00:30,rebounds,3.5,-113.0,,True,draftkings,2026-06-03T15:33:10.750229
De'Aaron Fox,,,1aae688472781f1a1aaf3efdb38e884b,2026-06-04,00:30,rebounds,4.5,190.0,,True,draftkings,2026-06-03T15:33:10.750231
De'Aaron Fox,,,1aae688472781f1a1aaf3efdb38e884b,2026-06-04,00:30,rebounds,5.5,390.0,,True,draftkings,2026-06-03T15:33:10.750232
De'Aaron Fox,,,1aae688472781f1a1aaf3efdb38e884b,2026-06-04,00:30,rebounds,6.5,780.0,,True,draftkings,2026-06-03T15:33:10.750234
De'Aaron Fox,,,1aae688472781f1a1aaf3efdb38e884b,2026-06-04,00:30,rebounds,7.5,1460.0,,True,draftkings,2026-06-03T15:33:10.750236
De'Aaron Fox,,,1aae688472781f1a1aaf3efdb38e884b,2026-06-04,00:30,rebounds,8.5,2500.0,,True,draftkings,2026-06-03T15:33:10.750238
Luke Kornet,,,1aae688472781f1a1aaf3efdb38e884b,2026-06-04,00:30,rebounds,2.5,-116.0,,True,draftkings,2026-06-03T15:33:10.750239
Luke Kornet,,,1aae688472781f1a1aaf3efdb38e884b,2026-06-04,00:30,rebounds,3.5,176.0,,True,draftkings,2026-06-03T15:33:10.750241
Luke Kornet,,,1aae688472781f1a1aaf3efdb38e884b,2026-06-04,00:30,rebounds,4.5,337.0,,True,draftkings,2026-06-03T15:33:10.750243
Luke Kornet,,,1aae688472781f1a1aaf3efdb38e884b,2026-06-04,00:30,rebounds,5.5,600.0,,True,draftkings,2026-06-03T15:33:10.750245
Luke Kornet,,,1aae688472781f1a1aaf3efdb38e884b,2026-06-04,00:30,rebounds,6.5,1060.0,,True,draftkings,2026-06-03T15:33:10.750246
Luke Kornet,,,1aae688472781f1a1aaf3efdb38e884b,2026-06-04,00:30,rebounds,7.5,1720.0,,True,draftkings,2026-06-03T15:33:10.750248
Luke Kornet,,,1aae688472781f1a1aaf3efdb38e884b,2026-06-04,00:30,rebounds,8.5,2500.0,,True,draftkings,2026-06-03T15:33:10.750250
Jalen Brunson,,,1aae688472781f1a1aaf3efdb38e884b,2026-06-04,00:30,rebounds,2.5,-147.0,,True,draftkings,2026-06-03T15:33:10.750251
Jalen Brunson,,,1aae688472781f1a1aaf3efdb38e884b,2026-06-04,00:30,rebounds,3.5,162.0,,True,draftkings,2026-06-03T15:33:10.750253
Jalen Brunson,,,1aae688472781f1a1aaf3efdb38e884b,2026-06-04,00:30,rebounds,4.5,353.0,,True,draftkings,2026-06-03T15:33:10.750255
Jalen Brunson,,,1aae688472781f1a1aaf3efdb38e884b,2026-06-04,00:30,rebounds,5.5,740.0,,True,draftkings,2026-06-03T15:33:10.750256
Jalen Brunson,,,1aae688472781f1a1aaf3efdb38e884b,2026-06-04,00:30,rebounds,6.5,1500.0,,True,draftkings,2026-06-03T15:33:10.750258
Jalen Brunson,,,1aae688472781f1a1aaf3efdb38e884b,2026-06-04,00:30,rebounds,7.5,2600.0,,True,draftkings,2026-06-03T15:33:10.750260
Landry Shamet,,,1aae688472781f1a1aaf3efdb38e884b,2026-06-04,00:30,rebounds,1.5,116.0,,True,draftkings,2026-06-03T15:33:10.750264
Landry Shamet,,,1aae688472781f1a1aaf3efdb38e884b,2026-06-04,00:30,rebounds,2.5,349.0,,True,draftkings,2026-06-03T15:33:10.750268
Landry Shamet,,,1aae688472781f1a1aaf3efdb38e884b,2026-06-04,00:30,rebounds,3.5,910.0,,True,draftkings,2026-06-03T15:33:10.750270
Landry Shamet,,,1aae688472781f1a1aaf3efdb38e884b,2026-06-04,00:30,rebounds,4.5,2000.0,,True,draftkings,2026-06-03T15:33:10.750272
Miles McBride,,,1aae688472781f1a1aaf3efdb38e884b,2026-06-04,00:30,rebounds,1.5,142.0,,True,draftkings,2026-06-03T15:33:10.750274
Miles McBride,,,1aae688472781f1a1aaf3efdb38e884b,2026-06-04,00:30,rebounds,2.5,438.0,,True,draftkings,2026-06-03T15:33:10.750276
Miles McBride,,,1aae688472781f1a1aaf3efdb38e884b,2026-06-04,00:30,rebounds,3.5,1140.0,,True,draftkings,2026-06-03T15:33:10.750278
Miles McBride,,,1aae688472781f1a1aaf3efdb38e884b,2026-06-04,00:30,rebounds,4.5,2500.0,,True,draftkings,2026-06-03T15:33:10.750280
Devin Vassell,,,1aae688472781f1a1aaf3efdb38e884b,2026-06-04,00:30,threes,2.5,106.0,-140.0,False,draftkings,2026-06-03T15:33:10.750303
Julian Champagnie,,,1aae688472781f1a1aaf3efdb38e884b,2026-06-04,00:30,threes,2.5,107.0,-141.0,False,draftkings,2026-06-03T15:33:10.750305
Jalen Brunson,,,1aae688472781f1a1aaf3efdb38e884b,2026-06-04,00:30,threes,2.5,123.0,-163.0,False,draftkings,2026-06-03T15:33:10.750307
OG Anunoby,,,1aae688472781f1a1aaf3efdb38e884b,2026-06-04,00:30,threes,2.5,133.0,-176.0,False,draftkings,2026-06-03T15:33:10.750308
Victor Wembanyama,,,1aae688472781f1a1aaf3efdb38e884b,2026-06-04,00:30,threes,1.5,-190.0,143.0,False,draftkings,2026-06-03T15:33:10.750310
Josh Hart,,,1aae688472781f1a1aaf3efdb38e884b,2026-06-04,00:30,threes,1.5,-168.0,127.0,False,draftkings,2026-06-03T15:33:10.750312
Mikal Bridges,,,1aae688472781f1a1aaf3efdb38e884b,2026-06-04,00:30,threes,1.5,-123.0,-107.0,False,draftkings,2026-06-03T15:33:10.750313
Landry Shamet,,,1aae688472781f1a1aaf3efdb38e884b,2026-06-04,00:30,threes,1.5,103.0,-136.0,False,draftkings,2026-06-03T15:33:10.750315
Stephon Castle,,,1aae688472781f1a1aaf3efdb38e884b,2026-06-04,00:30,threes,1.5,121.0,-159.0,False,draftkings,2026-06-03T15:33:10.750317
Karl-Anthony Towns,,,1aae688472781f1a1aaf3efdb38e884b,2026-06-04,00:30,threes,1.5,124.0,-164.0,False,draftkings,2026-06-03T15:33:10.750319
De'Aaron Fox,,,1aae688472781f1a1aaf3efdb38e884b,2026-06-04,00:30,threes,1.5,128.0,-170.0,False,draftkings,2026-06-03T15:33:10.750321
Miles McBride,,,1aae688472781f1a1aaf3efdb38e884b,2026-06-04,00:30,threes,1.5,141.0,-186.0,False,draftkings,2026-06-03T15:33:10.750323
Dylan Harper,,,1aae688472781f1a1aaf3efdb38e884b,2026-06-04,00:30,threes,0.5,-205.0,154.0,False,draftkings,2026-06-03T15:33:10.750325
Keldon Johnson,,,1aae688472781f1a1aaf3efdb38e884b,2026-06-04,00:30,threes,0.5,-161.0,122.0,False,draftkings,2026-06-03T15:33:10.750326
Jose Alvarado,,,1aae688472781f1a1aaf3efdb38e884b,2026-06-04,00:30,threes,0.5,134.0,-177.0,False,draftkings,2026-06-03T15:33:10.750328
Carter Bryant,,,1aae688472781f1a1aaf3efdb38e884b,2026-06-04,00:30,threes,0.5,143.0,-190.0,False,draftkings,2026-06-03T15:33:10.750330
Julian Champagnie,,,1aae688472781f1a1aaf3efdb38e884b,2026-06-04,00:30,threes,0.5,-1280.0,,True,draftkings,2026-06-03T15:33:10.750372
Julian Champagnie,,,1aae688472781f1a1aaf3efdb38e884b,2026-06-04,00:30,threes,1.5,-254.0,,True,draftkings,2026-06-03T15:33:10.750373
Julian Champagnie,,,1aae688472781f1a1aaf3efdb38e884b,2026-06-04,00:30,threes,2.5,109.0,,True,draftkings,2026-06-03T15:33:10.750375
Julian Champagnie,,,1aae688472781f1a1aaf3efdb38e884b,2026-06-04,00:30,threes,3.5,262.0,,True,draftkings,2026-06-03T15:33:10.750377
Julian Champagnie,,,1aae688472781f1a1aaf3efdb38e884b,2026-06-04,00:30,threes,4.5,573.0,,True,draftkings,2026-06-03T15:33:10.750379
Julian Champagnie,,,1aae688472781f1a1aaf3efdb38e884b,2026-06-04,00:30,threes,5.5,1220.0,,True,draftkings,2026-06-03T15:33:10.750380
Julian Champagnie,,,1aae688472781f1a1aaf3efdb38e884b,2026-06-04,00:30,threes,6.5,2200.0,,True,draftkings,2026-06-03T15:33:10.750382
Devin Vassell,,,1aae688472781f1a1aaf3efdb38e884b,2026-06-04,00:30,threes,0.5,-1500.0,,True,draftkings,2026-06-03T15:33:10.750384
Devin Vassell,,,1aae688472781f1a1aaf3efdb38e884b,2026-06-04,00:30,threes,1.5,-273.0,,True,draftkings,2026-06-03T15:33:10.750386
Devin Vassell,,,1aae688472781f1a1aaf3efdb38e884b,2026-06-04,00:30,threes,2.5,107.0,,True,draftkings,2026-06-03T15:33:10.750387
Devin Vassell,,,1aae688472781f1a1aaf3efdb38e884b,2026-06-04,00:30,threes,3.5,272.0,,True,draftkings,2026-06-03T15:33:10.750389
Devin Vassell,,,1aae688472781f1a1aaf3efdb38e884b,2026-06-04,00:30,threes,4.5,630.0,,True,draftkings,2026-06-03T15:33:10.750391
Devin Vassell,,,1aae688472781f1a1aaf3efdb38e884b,2026-06-04,00:30,threes,5.5,1400.0,,True,draftkings,2026-06-03T15:33:10.750393
Devin Vassell,,,1aae688472781f1a1aaf3efdb38e884b,2026-06-04,00:30,threes,6.5,2500.0,,True,draftkings,2026-06-03T15:33:10.750395
Jalen Brunson,,,1aae688472781f1a1aaf3efdb38e884b,2026-06-04,00:30,threes,0.5,-1180.0,,True,draftkings,2026-06-03T15:33:10.750396
Jalen Brunson,,,1aae688472781f1a1aaf3efdb38e884b,2026-06-04,00:30,threes,1.5,-231.0,,True,draftkings,2026-06-03T15:33:10.750398
Jalen Brunson,,,1aae688472781f1a1aaf3efdb38e884b,2026-06-04,00:30,threes,2.5,124.0,,True,draftkings,2026-06-03T15:33:10.750400
Jalen Brunson,,,1aae688472781f1a1aaf3efdb38e884b,2026-06-04,00:30,threes,3.5,311.0,,True,draftkings,2026-06-03T15:33:10.750401
Jalen Brunson,,,1aae688472781f1a1aaf3efdb38e884b,2026-06-04,00:30,threes,4.5,720.0,,True,draftkings,2026-06-03T15:33:10.750403
Jalen Brunson,,,1aae688472781f1a1aaf3efdb38e884b,2026-06-04,00:30,threes,5.5,1540.0,,True,draftkings,2026-06-03T15:33:10.750405
Jalen Brunson,,,1aae688472781f1a1aaf3efdb38e884b,2026-06-04,00:30,threes,6.5,2700.0,,True,draftkings,2026-06-03T15:33:10.750407
Josh Hart,,,1aae688472781f1a1aaf3efdb38e884b,2026-06-04,00:30,threes,0.5,-710.0,,True,draftkings,2026-06-03T15:33:10.750408
Josh Hart,,,1aae688472781f1a1aaf3efdb38e884b,2026-06-04,00:30,threes,1.5,-165.0,,True,draftkings,2026-06-03T15:33:10.750410
Josh Hart,,,1aae688472781f1a1aaf3efdb38e884b,2026-06-04,00:30,threes,2.5,161.0,,True,draftkings,2026-06-03T15:33:10.750412
Josh Hart,,,1aae688472781f1a1aaf3efdb38e884b,2026-06-04,00:30,threes,3.5,387.0,,True,draftkings,2026-06-03T15:33:10.750413
Josh Hart,,,1aae688472781f1a1aaf3efdb38e884b,2026-06-04,00:30,threes,4.5,870.0,,True,draftkings,2026-06-03T15:33:10.750415
Josh Hart,,,1aae688472781f1a1aaf3efdb38e884b,2026-06-04,00:30,threes,5.5,1680.0,,True,draftkings,2026-06-03T15:33:10.750420
Josh Hart,,,1aae688472781f1a1aaf3efdb38e884b,2026-06-04,00:30,threes,6.5,2900.0,,True,draftkings,2026-06-03T15:33:10.750422
OG Anunoby,,,1aae688472781f1a1aaf3efdb38e884b,2026-06-04,00:30,threes,0.5,-1100.0,,True,draftkings,2026-06-03T15:33:10.750423
OG Anunoby,,,1aae688472781f1a1aaf3efdb38e884b,2026-06-04,00:30,threes,1.5,-219.0,,True,draftkings,2026-06-03T15:33:10.750425
OG Anunoby,,,1aae688472781f1a1aaf3efdb38e884b,2026-06-04,00:30,threes,2.5,134.0,,True,draftkings,2026-06-03T15:33:10.750427
OG Anunoby,,,1aae688472781f1a1aaf3efdb38e884b,2026-06-04,00:30,threes,3.5,340.0,,True,draftkings,2026-06-03T15:33:10.750428
OG Anunoby,,,1aae688472781f1a1aaf3efdb38e884b,2026-06-04,00:30,threes,4.5,810.0,,True,draftkings,2026-06-03T15:33:10.750430
OG Anunoby,,,1aae688472781f1a1aaf3efdb38e884b,2026-06-04,00:30,threes,5.5,1640.0,,True,draftkings,2026-06-03T15:33:10.750432
OG Anunoby,,,1aae688472781f1a1aaf3efdb38e884b,2026-06-04,00:30,threes,6.5,2900.0,,True,draftkings,2026-06-03T15:33:10.750433
Victor Wembanyama,,,1aae688472781f1a1aaf3efdb38e884b,2026-06-04,00:30,threes,0.5,-1160.0,,True,draftkings,2026-06-03T15:33:10.750435
Victor Wembanyama,,,1aae688472781f1a1aaf3efdb38e884b,2026-06-04,00:30,threes,1.5,-198.0,,True,draftkings,2026-06-03T15:33:10.750437
Victor Wembanyama,,,1aae688472781f1a1aaf3efdb38e884b,2026-06-04,00:30,threes,2.5,172.0,,True,draftkings,2026-06-03T15:33:10.750439
Victor Wembanyama,,,1aae688472781f1a1aaf3efdb38e884b,2026-06-04,00:30,threes,3.5,505.0,,True,draftkings,2026-06-03T15:33:10.750440
Victor Wembanyama,,,1aae688472781f1a1aaf3efdb38e884b,2026-06-04,00:30,threes,4.5,1340.0,,True,draftkings,2026-06-03T15:33:10.750442
Victor Wembanyama,,,1aae688472781f1a1aaf3efdb38e884b,2026-06-04,00:30,threes,5.5,2700.0,,True,draftkings,2026-06-03T15:33:10.750444
Mikal Bridges,,,1aae688472781f1a1aaf3efdb38e884b,2026-06-04,00:30,threes,0.5,-579.0,,True,draftkings,2026-06-03T15:33:10.750445
Mikal Bridges,,,1aae688472781f1a1aaf3efdb38e884b,2026-06-04,00:30,threes,1.5,-126.0,,True,draftkings,2026-06-03T15:33:10.750447
Mikal Bridges,,,1aae688472781f1a1aaf3efdb38e884b,2026-06-04,00:30,threes,2.5,242.0,,True,draftkings,2026-06-03T15:33:10.750449
Mikal Bridges,,,1aae688472781f1a1aaf3efdb38e884b,2026-06-04,00:30,threes,3.5,640.0,,True,draftkings,2026-06-03T15:33:10.750451
Mikal Bridges,,,1aae688472781f1a1aaf3efdb38e884b,2026-06-04,00:30,threes,4.5,1560.0,,True,draftkings,2026-06-03T15:33:10.750452
Mikal Bridges,,,1aae688472781f1a1aaf3efdb38e884b,2026-06-04,00:30,threes,5.5,2900.0,,True,draftkings,2026-06-03T15:33:10.750454
Landry Shamet,,,1aae688472781f1a1aaf3efdb38e884b,2026-06-04,00:30,threes,0.5,-408.0,,True,draftkings,2026-06-03T15:33:10.750456
Landry Shamet,,,1aae688472781f1a1aaf3efdb38e884b,2026-06-04,00:30,threes,1.5,104.0,,True,draftkings,2026-06-03T15:33:10.750457
Landry Shamet,,,1aae688472781f1a1aaf3efdb38e884b,2026-06-04,00:30,threes,2.5,298.0,,True,draftkings,2026-06-03T15:33:10.750459
Landry Shamet,,,1aae688472781f1a1aaf3efdb38e884b,2026-06-04,00:30,threes,3.5,750.0,,True,draftkings,2026-06-03T15:33:10.750461
Landry Shamet,,,1aae688472781f1a1aaf3efdb38e884b,2026-06-04,00:30,threes,4.5,1720.0,,True,draftkings,2026-06-03T15:33:10.750463
Miles McBride,,,1aae688472781f1a1aaf3efdb38e884b,2026-06-04,00:30,threes,0.5,-278.0,,True,draftkings,2026-06-03T15:33:10.750464
Miles McBride,,,1aae688472781f1a1aaf3efdb38e884b,2026-06-04,00:30,threes,1.5,141.0,,True,draftkings,2026-06-03T15:33:10.750466
Miles McBride,,,1aae688472781f1a1aaf3efdb38e884b,2026-06-04,00:30,threes,2.5,392.0,,True,draftkings,2026-06-03T15:33:10.750468
Miles McBride,,,1aae688472781f1a1aaf3efdb38e884b,2026-06-04,00:30,threes,3.5,1000.0,,True,draftkings,2026-06-03T15:33:10.750470
Miles McBride,,,1aae688472781f1a1aaf3efdb38e884b,2026-06-04,00:30,threes,4.5,2100.0,,True,draftkings,2026-06-03T15:33:10.750471
Karl-Anthony Towns,,,1aae688472781f1a1aaf3efdb38e884b,2026-06-04,00:30,threes,0.5,-345.0,,True,draftkings,2026-06-03T15:33:10.750473
Karl-Anthony Towns,,,1aae688472781f1a1aaf3efdb38e884b,2026-06-04,00:30,threes,1.5,128.0,,True,draftkings,2026-06-03T15:33:10.750475
Karl-Anthony Towns,,,1aae688472781f1a1aaf3efdb38e884b,2026-06-04,00:30,threes,2.5,401.0,,True,draftkings,2026-06-03T15:33:10.750477
Karl-Anthony Towns,,,1aae688472781f1a1aaf3efdb38e884b,2026-06-04,00:30,threes,3.5,1060.0,,True,draftkings,2026-06-03T15:33:10.750478
Karl-Anthony Towns,,,1aae688472781f1a1aaf3efdb38e884b,2026-06-04,00:30,threes,4.5,2300.0,,True,draftkings,2026-06-03T15:33:10.750480
Stephon Castle,,,1aae688472781f1a1aaf3efdb38e884b,2026-06-04,00:30,threes,0.5,-372.0,,True,draftkings,2026-06-03T15:33:10.750482
Stephon Castle,,,1aae688472781f1a1aaf3efdb38e884b,2026-06-04,00:30,threes,1.5,122.0,,True,draftkings,2026-06-03T15:33:10.750484
Stephon Castle,,,1aae688472781f1a1aaf3efdb38e884b,2026-06-04,00:30,threes,2.5,382.0,,True,draftkings,2026-06-03T15:33:10.750488
Stephon Castle,,,1aae688472781f1a1aaf3efdb38e884b,2026-06-04,00:30,threes,3.5,1060.0,,True,draftkings,2026-06-03T15:33:10.750490
Stephon Castle,,,1aae688472781f1a1aaf3efdb38e884b,2026-06-04,00:30,threes,4.5,2400.0,,True,draftkings,2026-06-03T15:33:10.750494
De'Aaron Fox,,,1aae688472781f1a1aaf3efdb38e884b,2026-06-04,00:30,threes,0.5,-354.0,,True,draftkings,2026-06-03T15:33:10.750496
De'Aaron Fox,,,1aae688472781f1a1aaf3efdb38e884b,2026-06-04,00:30,threes,1.5,129.0,,True,draftkings,2026-06-03T15:33:10.750498
De'Aaron Fox,,,1aae688472781f1a1aaf3efdb38e884b,2026-06-04,00:30,threes,2.5,409.0,,True,draftkings,2026-06-03T15:33:10.750499
De'Aaron Fox,,,1aae688472781f1a1aaf3efdb38e884b,2026-06-04,00:30,threes,3.5,1120.0,,True,draftkings,2026-06-03T15:33:10.750501
De'Aaron Fox,,,1aae688472781f1a1aaf3efdb38e884b,2026-06-04,00:30,threes,4.5,2500.0,,True,draftkings,2026-06-03T15:33:10.750503
Dylan Harper,,,1aae688472781f1a1aaf3efdb38e884b,2026-06-04,00:30,threes,0.5,-205.0,,True,draftkings,2026-06-03T15:33:10.750504
Dylan Harper,,,1aae688472781f1a1aaf3efdb38e884b,2026-06-04,00:30,threes,1.5,226.0,,True,draftkings,2026-06-03T15:33:10.750506
Dylan Harper,,,1aae688472781f1a1aaf3efdb38e884b,2026-06-04,00:30,threes,2.5,750.0,,True,draftkings,2026-06-03T15:33:10.750508
Dylan Harper,,,1aae688472781f1a1aaf3efdb38e884b,2026-06-04,00:30,threes,3.5,2000.0,,True,draftkings,2026-06-03T15:33:10.750510
Keldon Johnson,,,1aae688472781f1a1aaf3efdb38e884b,2026-06-04,00:30,threes,0.5,-162.0,,True,draftkings,2026-06-03T15:33:10.750511
Keldon Johnson,,,1aae688472781f1a1aaf3efdb38e884b,2026-06-04,00:30,threes,1.5,278.0,,True,draftkings,2026-06-03T15:33:10.750515
Keldon Johnson,,,1aae688472781f1a1aaf3efdb38e884b,2026-06-04,00:30,threes,2.5,910.0,,True,draftkings,2026-06-03T15:33:10.750517
Keldon Johnson,,,1aae688472781f1a1aaf3efdb38e884b,2026-06-04,00:30,threes,3.5,2300.0,,True,draftkings,2026-06-03T15:33:10.750519
Jose Alvarado,,,1aae688472781f1a1aaf3efdb38e884b,2026-06-04,00:30,threes,0.5,134.0,,True,draftkings,2026-06-03T15:33:10.750520
Jose Alvarado,,,1aae688472781f1a1aaf3efdb38e884b,2026-06-04,00:30,threes,1.5,560.0,,True,draftkings,2026-06-03T15:33:10.750522
Jose Alvarado,,,1aae688472781f1a1aaf3efdb38e884b,2026-06-04,00:30,threes,2.5,1540.0,,True,draftkings,2026-06-03T15:33:10.750524
Carter Bryant,,,1aae688472781f1a1aaf3efdb38e884b,2026-06-04,00:30,threes,0.5,144.0,,True,draftkings,2026-06-03T15:33:10.750526
Carter Bryant,,,1aae688472781f1a1aaf3efdb38e884b,2026-06-04,00:30,threes,1.5,680.0,,True,draftkings,2026-06-03T15:33:10.750527
Carter Bryant,,,1aae688472781f1a1aaf3efdb38e884b,2026-06-04,00:30,threes,2.5,2200.0,,True,draftkings,2026-06-03T15:33:10.750529
Mikal Bridges,,,1aae688472781f1a1aaf3efdb38e884b,2026-06-04,00:30,assists,3.5,155.0,-210.0,False,betmgm,2026-06-03T15:33:10.750543
Josh Hart,,,1aae688472781f1a1aaf3efdb38e884b,2026-06-04,00:30,assists,4.5,-120.0,-110.0,False,betmgm,2026-06-03T15:33:10.750545
Jalen Brunson,,,1aae688472781f1a1aaf3efdb38e884b,2026-06-04,00:30,assists,6.5,-125.0,-105.0,False,betmgm,2026-06-03T15:33:10.750546
Victor Wembanyama,,,1aae688472781f1a1aaf3efdb38e884b,2026-06-04,00:30,assists,3.5,130.0,-175.0,False,betmgm,2026-06-03T15:33:10.750548
Devin Vassell,,,1aae688472781f1a1aaf3efdb38e884b,2026-06-04,00:30,assists,2.5,130.0,-175.0,False,betmgm,2026-06-03T15:33:10.750550
De'Aaron Fox,,,1aae688472781f1a1aaf3efdb38e884b,2026-06-04,00:30,assists,6.5,130.0,-175.0,False,betmgm,2026-06-03T15:33:10.750552
Stephon Castle,,,1aae688472781f1a1aaf3efdb38e884b,2026-06-04,00:30,assists,7.5,130.0,-175.0,False,betmgm,2026-06-03T15:33:10.750553
Dylan Harper,,,1aae688472781f1a1aaf3efdb38e884b,2026-06-04,00:30,assists,2.5,-145.0,110.0,False,betmgm,2026-06-03T15:33:10.750555
Karl-Anthony Towns,,,1aae688472781f1a1aaf3efdb38e884b,2026-06-04,00:30,assists,3.5,-165.0,125.0,False,betmgm,2026-06-03T15:33:10.750557
De'Aaron Fox,,,1aae688472781f1a1aaf3efdb38e884b,2026-06-04,00:30,assists,6.5,110.0,,True,betmgm,2026-06-03T15:33:10.750571
Mikal Bridges,,,1aae688472781f1a1aaf3efdb38e884b,2026-06-04,00:30,assists,4.5,275.0,,True,betmgm,2026-06-03T15:33:10.750573
De'Aaron Fox,,,1aae688472781f1a1aaf3efdb38e884b,2026-06-04,00:30,assists,9.5,625.0,,True,betmgm,2026-06-03T15:33:10.750575
De'Aaron Fox,,,1aae688472781f1a1aaf3efdb38e884b,2026-06-04,00:30,assists,4.5,-350.0,,True,betmgm,2026-06-03T15:33:10.750576
Stephon Castle,,,1aae688472781f1a1aaf3efdb38e884b,2026-06-04,00:30,assists,4.5,-650.0,,True,betmgm,2026-06-03T15:33:10.750578
Josh Hart,,,1aae688472781f1a1aaf3efdb38e884b,2026-06-04,00:30,assists,2.5,-750.0,,True,betmgm,2026-06-03T15:33:10.750580
Josh Hart,,,1aae688472781f1a1aaf3efdb38e884b,2026-06-04,00:30,assists,6.5,280.0,,True,betmgm,2026-06-03T15:33:10.750581
Karl-Anthony Towns,,,1aae688472781f1a1aaf3efdb38e884b,2026-06-04,00:30,assists,2.5,-450.0,,True,betmgm,2026-06-03T15:33:10.750583
Jalen Brunson,,,1aae688472781f1a1aaf3efdb38e884b,2026-06-04,00:30,assists,9.5,375.0,,True,betmgm,2026-06-03T15:33:10.750585
Karl-Anthony Towns,,,1aae688472781f1a1aaf3efdb38e884b,2026-06-04,00:30,assists,6.5,475.0,,True,betmgm,2026-06-03T15:33:10.750589
Mikal Bridges,,,1aae688472781f1a1aaf3efdb38e884b,2026-06-04,00:30,assists,2.5,-200.0,,True,betmgm,2026-06-03T15:33:10.750591
Victor Wembanyama,,,1aae688472781f1a1aaf3efdb38e884b,2026-06-04,00:30,assists,4.5,290.0,,True,betmgm,2026-06-03T15:33:10.750593
Victor Wembanyama,,,1aae688472781f1a1aaf3efdb38e884b,2026-06-04,00:30,assists,2.5,-190.0,,True,betmgm,2026-06-03T15:33:10.750594
Devin Vassell,,,1aae688472781f1a1aaf3efdb38e884b,2026-06-04,00:30,assists,4.5,700.0,,True,betmgm,2026-06-03T15:33:10.750596
Karl-Anthony Towns,,,1aae688472781f1a1aaf3efdb38e884b,2026-06-04,00:30,assists,4.5,125.0,,True,betmgm,2026-06-03T15:33:10.750598
Jalen Brunson,,,1aae688472781f1a1aaf3efdb38e884b,2026-06-04,00:30,assists,6.5,-140.0,,True,betmgm,2026-06-03T15:33:10.750600
Josh Hart,,,1aae688472781f1a1aaf3efdb38e884b,2026-06-04,00:30,assists,4.5,-135.0,,True,betmgm,2026-06-03T15:33:10.750601
Stephon Castle,,,1aae688472781f1a1aaf3efdb38e884b,2026-06-04,00:30,assists,9.5,340.0,,True,betmgm,2026-06-03T15:33:10.750603
Jalen Brunson,,,1aae688472781f1a1aaf3efdb38e884b,2026-06-04,00:30,assists,4.5,-600.0,,True,betmgm,2026-06-03T15:33:10.750605
Stephon Castle,,,1aae688472781f1a1aaf3efdb38e884b,2026-06-04,00:30,assists,6.5,-155.0,,True,betmgm,2026-06-03T15:33:10.750606
Dylan Harper,,,1aae688472781f1a1aaf3efdb38e884b,2026-06-04,00:30,assists,2.5,-155.0,,True,betmgm,2026-06-03T15:33:10.750608
Dylan Harper,,,1aae688472781f1a1aaf3efdb38e884b,2026-06-04,00:30,assists,4.5,340.0,,True,betmgm,2026-06-03T15:33:10.750610
Mikal Bridges,,,1aae688472781f1a1aaf3efdb38e884b,2026-06-04,00:30,points,14.5,-120.0,-110.0,False,betmgm,2026-06-03T15:33:10.750626
OG Anunoby,,,1aae688472781f1a1aaf3efdb38e884b,2026-06-04,00:30,points,16.5,100.0,-135.0,False,betmgm,2026-06-03T15:33:10.750628
Landry Shamet,,,1aae688472781f1a1aaf3efdb38e884b,2026-06-04,00:30,points,6.5,100.0,-135.0,False,betmgm,2026-06-03T15:33:10.750629
Miles McBride,,,1aae688472781f1a1aaf3efdb38e884b,2026-06-04,00:30,points,5.5,-120.0,-110.0,False,betmgm,2026-06-03T15:33:10.750631
De'Aaron Fox,,,1aae688472781f1a1aaf3efdb38e884b,2026-06-04,00:30,points,15.5,-105.0,-125.0,False,betmgm,2026-06-03T15:33:10.750633
Victor Wembanyama,,,1aae688472781f1a1aaf3efdb38e884b,2026-06-04,00:30,points,27.5,-115.0,-115.0,False,betmgm,2026-06-03T15:33:10.750634
Devin Vassell,,,1aae688472781f1a1aaf3efdb38e884b,2026-06-04,00:30,points,12.5,-135.0,100.0,False,betmgm,2026-06-03T15:33:10.750636
Jalen Brunson,,,1aae688472781f1a1aaf3efdb38e884b,2026-06-04,00:30,points,25.5,-105.0,-125.0,False,betmgm,2026-06-03T15:33:10.750638
Josh Hart,,,1aae688472781f1a1aaf3efdb38e884b,2026-06-04,00:30,points,11.5,-110.0,-120.0,False,betmgm,2026-06-03T15:33:10.750640
Karl-Anthony Towns,,,1aae688472781f1a1aaf3efdb38e884b,2026-06-04,00:30,points,17.5,105.0,-140.0,False,betmgm,2026-06-03T15:33:10.750641
Julian Champagnie,,,1aae688472781f1a1aaf3efdb38e884b,2026-06-04,00:30,points,9.5,-125.0,-105.0,False,betmgm,2026-06-03T15:33:10.750643
Stephon Castle,,,1aae688472781f1a1aaf3efdb38e884b,2026-06-04,00:30,points,17.5,120.0,-160.0,False,betmgm,2026-06-03T15:33:10.750647
Keldon Johnson,,,1aae688472781f1a1aaf3efdb38e884b,2026-06-04,00:30,points,7.5,-135.0,100.0,False,betmgm,2026-06-03T15:33:10.750649
Luke Kornet,,,1aae688472781f1a1aaf3efdb38e884b,2026-06-04,00:30,points,2.5,-115.0,-115.0,False,betmgm,2026-06-03T15:33:10.750651
Dylan Harper,,,1aae688472781f1a1aaf3efdb38e884b,2026-06-04,00:30,points,10.5,-110.0,-120.0,False,betmgm,2026-06-03T15:33:10.750652
Miles McBride,,,1aae688472781f1a1aaf3efdb38e884b,2026-06-04,00:30,points,9.5,325.0,,True,betmgm,2026-06-03T15:33:10.750675
Landry Shamet,,,1aae688472781f1a1aaf3efdb38e884b,2026-06-04,00:30,points,9.5,260.0,,True,betmgm,2026-06-03T15:33:10.750677
De'Aaron Fox,,,1aae688472781f1a1aaf3efdb38e884b,2026-06-04,00:30,points,14.5,-140.0,,True,betmgm,2026-06-03T15:33:10.750681
De'Aaron Fox,,,1aae688472781f1a1aaf3efdb38e884b,2026-06-04,00:30,points,19.5,250.0,,True,betmgm,2026-06-03T15:33:10.750685
OG Anunoby,,,1aae688472781f1a1aaf3efdb38e884b,2026-06-04,00:30,points,14.5,-175.0,,True,betmgm,2026-06-03T15:33:10.750687
Karl-Anthony Towns,,,1aae688472781f1a1aaf3efdb38e884b,2026-06-04,00:30,points,9.5,-1200.0,,True,betmgm,2026-06-03T15:33:10.750689
Jalen Brunson,,,1aae688472781f1a1aaf3efdb38e884b,2026-06-04,00:30,points,24.5,-150.0,,True,betmgm,2026-06-03T15:33:10.750690
Devin Vassell,,,1aae688472781f1a1aaf3efdb38e884b,2026-06-04,00:30,points,9.5,-325.0,,True,betmgm,2026-06-03T15:33:10.750692
Victor Wembanyama,,,1aae688472781f1a1aaf3efdb38e884b,2026-06-04,00:30,points,19.5,-750.0,,True,betmgm,2026-06-03T15:33:10.750694
Mikal Bridges,,,1aae688472781f1a1aaf3efdb38e884b,2026-06-04,00:30,points,19.5,275.0,,True,betmgm,2026-06-03T15:33:10.750696
Julian Champagnie,,,1aae688472781f1a1aaf3efdb38e884b,2026-06-04,00:30,points,9.5,-125.0,,True,betmgm,2026-06-03T15:33:10.750697
Stephon Castle,,,1aae688472781f1a1aaf3efdb38e884b,2026-06-04,00:30,points,19.5,150.0,,True,betmgm,2026-06-03T15:33:10.750699
Josh Hart,,,1aae688472781f1a1aaf3efdb38e884b,2026-06-04,00:30,points,19.5,600.0,,True,betmgm,2026-06-03T15:33:10.750701
De'Aaron Fox,,,1aae688472781f1a1aaf3efdb38e884b,2026-06-04,00:30,points,24.5,750.0,,True,betmgm,2026-06-03T15:33:10.750703
Mikal Bridges,,,1aae688472781f1a1aaf3efdb38e884b,2026-06-04,00:30,points,14.5,-125.0,,True,betmgm,2026-06-03T15:33:10.750704
Victor Wembanyama,,,1aae688472781f1a1aaf3efdb38e884b,2026-06-04,00:30,points,24.5,-220.0,,True,betmgm,2026-06-03T15:33:10.750706
Jalen Brunson,,,1aae688472781f1a1aaf3efdb38e884b,2026-06-04,00:30,points,29.5,190.0,,True,betmgm,2026-06-03T15:33:10.750708
OG Anunoby,,,1aae688472781f1a1aaf3efdb38e884b,2026-06-04,00:30,points,9.5,-800.0,,True,betmgm,2026-06-03T15:33:10.750709
OG Anunoby,,,1aae688472781f1a1aaf3efdb38e884b,2026-06-04,00:30,points,19.5,195.0,,True,betmgm,2026-06-03T15:33:10.750711
Karl-Anthony Towns,,,1aae688472781f1a1aaf3efdb38e884b,2026-06-04,00:30,points,19.5,150.0,,True,betmgm,2026-06-03T15:33:10.750713
De'Aaron Fox,,,1aae688472781f1a1aaf3efdb38e884b,2026-06-04,00:30,points,9.5,-700.0,,True,betmgm,2026-06-03T15:33:10.750714
Mikal Bridges,,,1aae688472781f1a1aaf3efdb38e884b,2026-06-04,00:30,points,9.5,-550.0,,True,betmgm,2026-06-03T15:33:10.750716
Jalen Brunson,,,1aae688472781f1a1aaf3efdb38e884b,2026-06-04,00:30,points,19.5,-500.0,,True,betmgm,2026-06-03T15:33:10.750718
Josh Hart,,,1aae688472781f1a1aaf3efdb38e884b,2026-06-04,00:30,points,9.5,-235.0,,True,betmgm,2026-06-03T15:33:10.750720
Mikal Bridges,,,1aae688472781f1a1aaf3efdb38e884b,2026-06-04,00:30,points,24.5,825.0,,True,betmgm,2026-06-03T15:33:10.750721
Devin Vassell,,,1aae688472781f1a1aaf3efdb38e884b,2026-06-04,00:30,points,19.5,400.0,,True,betmgm,2026-06-03T15:33:10.750723
Stephon Castle,,,1aae688472781f1a1aaf3efdb38e884b,2026-06-04,00:30,points,24.5,450.0,,True,betmgm,2026-06-03T15:33:10.750725
Victor Wembanyama,,,1aae688472781f1a1aaf3efdb38e884b,2026-06-04,00:30,points,29.5,125.0,,True,betmgm,2026-06-03T15:33:10.750726
Victor Wembanyama,,,1aae688472781f1a1aaf3efdb38e884b,2026-06-04,00:30,points,34.5,325.0,,True,betmgm,2026-06-03T15:33:10.750728
Jalen Brunson,,,1aae688472781f1a1aaf3efdb38e884b,2026-06-04,00:30,points,34.5,475.0,,True,betmgm,2026-06-03T15:33:10.750730
Devin Vassell,,,1aae688472781f1a1aaf3efdb38e884b,2026-06-04,00:30,points,14.5,125.0,,True,betmgm,2026-06-03T15:33:10.750732
Victor Wembanyama,,,1aae688472781f1a1aaf3efdb38e884b,2026-06-04,00:30,points,39.5,800.0,,True,betmgm,2026-06-03T15:33:10.750733
Stephon Castle,,,1aae688472781f1a1aaf3efdb38e884b,2026-06-04,00:30,points,14.5,-235.0,,True,betmgm,2026-06-03T15:33:10.750735
Karl-Anthony Towns,,,1aae688472781f1a1aaf3efdb38e884b,2026-06-04,00:30,points,24.5,450.0,,True,betmgm,2026-06-03T15:33:10.750737
Stephon Castle,,,1aae688472781f1a1aaf3efdb38e884b,2026-06-04,00:30,points,9.5,-1200.0,,True,betmgm,2026-06-03T15:33:10.750738
Josh Hart,,,1aae688472781f1a1aaf3efdb38e884b,2026-06-04,00:30,points,14.5,180.0,,True,betmgm,2026-06-03T15:33:10.750746
Julian Champagnie,,,1aae688472781f1a1aaf3efdb38e884b,2026-06-04,00:30,points,14.5,300.0,,True,betmgm,2026-06-03T15:33:10.750748
Karl-Anthony Towns,,,1aae688472781f1a1aaf3efdb38e884b,2026-06-04,00:30,points,14.5,-235.0,,True,betmgm,2026-06-03T15:33:10.750750
OG Anunoby,,,1aae688472781f1a1aaf3efdb38e884b,2026-06-04,00:30,points,24.5,550.0,,True,betmgm,2026-06-03T15:33:10.750751
Keldon Johnson,,,1aae688472781f1a1aaf3efdb38e884b,2026-06-04,00:30,points,14.5,550.0,,True,betmgm,2026-06-03T15:33:10.750753
Keldon Johnson,,,1aae688472781f1a1aaf3efdb38e884b,2026-06-04,00:30,points,9.5,140.0,,True,betmgm,2026-06-03T15:33:10.750755
Dylan Harper,,,1aae688472781f1a1aaf3efdb38e884b,2026-06-04,00:30,points,19.5,850.0,,True,betmgm,2026-06-03T15:33:10.750756
Dylan Harper,,,1aae688472781f1a1aaf3efdb38e884b,2026-06-04,00:30,points,9.5,-160.0,,True,betmgm,2026-06-03T15:33:10.750758
Dylan Harper,,,1aae688472781f1a1aaf3efdb38e884b,2026-06-04,00:30,points,14.5,260.0,,True,betmgm,2026-06-03T15:33:10.750760
Josh Hart,,,1aae688472781f1a1aaf3efdb38e884b,2026-06-04,00:30,rebounds,8.5,100.0,-135.0,False,betmgm,2026-06-03T15:33:10.750775
Julian Champagnie,,,1aae688472781f1a1aaf3efdb38e884b,2026-06-04,00:30,rebounds,5.5,-120.0,-110.0,False,betmgm,2026-06-03T15:33:10.750777
De'Aaron Fox,,,1aae688472781f1a1aaf3efdb38e884b,2026-06-04,00:30,rebounds,3.5,-140.0,105.0,False,betmgm,2026-06-03T15:33:10.750779
Karl-Anthony Towns,,,1aae688472781f1a1aaf3efdb38e884b,2026-06-04,00:30,rebounds,11.5,-135.0,100.0,False,betmgm,2026-06-03T15:33:10.750780
Mikal Bridges,,,1aae688472781f1a1aaf3efdb38e884b,2026-06-04,00:30,rebounds,3.5,-105.0,-125.0,False,betmgm,2026-06-03T15:33:10.750784
Jalen Brunson,,,1aae688472781f1a1aaf3efdb38e884b,2026-06-04,00:30,rebounds,2.5,-160.0,120.0,False,betmgm,2026-06-03T15:33:10.750786
OG Anunoby,,,1aae688472781f1a1aaf3efdb38e884b,2026-06-04,00:30,rebounds,5.5,-130.0,-105.0,False,betmgm,2026-06-03T15:33:10.750788
Devin Vassell,,,1aae688472781f1a1aaf3efdb38e884b,2026-06-04,00:30,rebounds,4.5,100.0,-135.0,False,betmgm,2026-06-03T15:33:10.750790
Stephon Castle,,,1aae688472781f1a1aaf3efdb38e884b,2026-06-04,00:30,rebounds,5.5,140.0,-190.0,False,betmgm,2026-06-03T15:33:10.750792
Luke Kornet,,,1aae688472781f1a1aaf3efdb38e884b,2026-06-04,00:30,rebounds,2.5,-135.0,100.0,False,betmgm,2026-06-03T15:33:10.750794
Keldon Johnson,,,1aae688472781f1a1aaf3efdb38e884b,2026-06-04,00:30,rebounds,3.5,120.0,-160.0,False,betmgm,2026-06-03T15:33:10.750795
Dylan Harper,,,1aae688472781f1a1aaf3efdb38e884b,2026-06-04,00:30,rebounds,3.5,-155.0,115.0,False,betmgm,2026-06-03T15:33:10.750797
Victor Wembanyama,,,1aae688472781f1a1aaf3efdb38e884b,2026-06-04,00:30,rebounds,11.5,-120.0,-110.0,False,betmgm,2026-06-03T15:33:10.750799
Mitchell Robinson,,,1aae688472781f1a1aaf3efdb38e884b,2026-06-04,00:30,rebounds,4.5,-135.0,,True,betmgm,2026-06-03T15:33:10.750822
Mitchell Robinson,,,1aae688472781f1a1aaf3efdb38e884b,2026-06-04,00:30,rebounds,2.5,-625.0,,True,betmgm,2026-06-03T15:33:10.750824
Mitchell Robinson,,,1aae688472781f1a1aaf3efdb38e884b,2026-06-04,00:30,rebounds,6.5,230.0,,True,betmgm,2026-06-03T15:33:10.750826
De'Aaron Fox,,,1aae688472781f1a1aaf3efdb38e884b,2026-06-04,00:30,rebounds,2.5,-350.0,,True,betmgm,2026-06-03T15:33:10.750827
Devin Vassell,,,1aae688472781f1a1aaf3efdb38e884b,2026-06-04,00:30,rebounds,4.5,100.0,,True,betmgm,2026-06-03T15:33:10.750829
OG Anunoby,,,1aae688472781f1a1aaf3efdb38e884b,2026-06-04,00:30,rebounds,6.5,140.0,,True,betmgm,2026-06-03T15:33:10.750831
De'Aaron Fox,,,1aae688472781f1a1aaf3efdb38e884b,2026-06-04,00:30,rebounds,6.5,575.0,,True,betmgm,2026-06-03T15:33:10.750832
Stephon Castle,,,1aae688472781f1a1aaf3efdb38e884b,2026-06-04,00:30,rebounds,6.5,210.0,,True,betmgm,2026-06-03T15:33:10.750834
Josh Hart,,,1aae688472781f1a1aaf3efdb38e884b,2026-06-04,00:30,rebounds,9.5,165.0,,True,betmgm,2026-06-03T15:33:10.750836
Julian Champagnie,,,1aae688472781f1a1aaf3efdb38e884b,2026-06-04,00:30,rebounds,6.5,155.0,,True,betmgm,2026-06-03T15:33:10.750840
Victor Wembanyama,,,1aae688472781f1a1aaf3efdb38e884b,2026-06-04,00:30,rebounds,12.5,125.0,,True,betmgm,2026-06-03T15:33:10.750844
De'Aaron Fox,,,1aae688472781f1a1aaf3efdb38e884b,2026-06-04,00:30,rebounds,4.5,150.0,,True,betmgm,2026-06-03T15:33:10.750846
Stephon Castle,,,1aae688472781f1a1aaf3efdb38e884b,2026-06-04,00:30,rebounds,2.5,-1000.0,,True,betmgm,2026-06-03T15:33:10.750847
Josh Hart,,,1aae688472781f1a1aaf3efdb38e884b,2026-06-04,00:30,rebounds,12.5,650.0,,True,betmgm,2026-06-03T15:33:10.750849
Julian Champagnie,,,1aae688472781f1a1aaf3efdb38e884b,2026-06-04,00:30,rebounds,2.5,-1600.0,,True,betmgm,2026-06-03T15:33:10.750851
Victor Wembanyama,,,1aae688472781f1a1aaf3efdb38e884b,2026-06-04,00:30,rebounds,14.5,300.0,,True,betmgm,2026-06-03T15:33:10.750852
Karl-Anthony Towns,,,1aae688472781f1a1aaf3efdb38e884b,2026-06-04,00:30,rebounds,12.5,110.0,,True,betmgm,2026-06-03T15:33:10.750854
Jalen Brunson,,,1aae688472781f1a1aaf3efdb38e884b,2026-06-04,00:30,rebounds,2.5,-160.0,,True,betmgm,2026-06-03T15:33:10.750856
OG Anunoby,,,1aae688472781f1a1aaf3efdb38e884b,2026-06-04,00:30,rebounds,2.5,-1600.0,,True,betmgm,2026-06-03T15:33:10.750857
Julian Champagnie,,,1aae688472781f1a1aaf3efdb38e884b,2026-06-04,00:30,rebounds,4.5,-235.0,,True,betmgm,2026-06-03T15:33:10.750859
Josh Hart,,,1aae688472781f1a1aaf3efdb38e884b,2026-06-04,00:30,rebounds,4.5,-1400.0,,True,betmgm,2026-06-03T15:33:10.750861
Mikal Bridges,,,1aae688472781f1a1aaf3efdb38e884b,2026-06-04,00:30,rebounds,2.5,-275.0,,True,betmgm,2026-06-03T15:33:10.750862
Devin Vassell,,,1aae688472781f1a1aaf3efdb38e884b,2026-06-04,00:30,rebounds,6.5,380.0,,True,betmgm,2026-06-03T15:33:10.750864
Stephon Castle,,,1aae688472781f1a1aaf3efdb38e884b,2026-06-04,00:30,rebounds,4.5,-175.0,,True,betmgm,2026-06-03T15:33:10.750866
Devin Vassell,,,1aae688472781f1a1aaf3efdb38e884b,2026-06-04,00:30,rebounds,2.5,-550.0,,True,betmgm,2026-06-03T15:33:10.750867
Victor Wembanyama,,,1aae688472781f1a1aaf3efdb38e884b,2026-06-04,00:30,rebounds,16.5,675.0,,True,betmgm,2026-06-03T15:33:10.750869
Jalen Brunson,,,1aae688472781f1a1aaf3efdb38e884b,2026-06-04,00:30,rebounds,4.5,333.0,,True,betmgm,2026-06-03T15:33:10.750871
Mikal Bridges,,,1aae688472781f1a1aaf3efdb38e884b,2026-06-04,00:30,rebounds,4.5,200.0,,True,betmgm,2026-06-03T15:33:10.750873
Karl-Anthony Towns,,,1aae688472781f1a1aaf3efdb38e884b,2026-06-04,00:30,rebounds,14.5,250.0,,True,betmgm,2026-06-03T15:33:10.750874
Julian Champagnie,,,1aae688472781f1a1aaf3efdb38e884b,2026-06-04,00:30,rebounds,9.5,825.0,,True,betmgm,2026-06-03T15:33:10.750876
OG Anunoby,,,1aae688472781f1a1aaf3efdb38e884b,2026-06-04,00:30,rebounds,4.5,-275.0,,True,betmgm,2026-06-03T15:33:10.750878
Karl-Anthony Towns,,,1aae688472781f1a1aaf3efdb38e884b,2026-06-04,00:30,rebounds,9.5,-375.0,,True,betmgm,2026-06-03T15:33:10.750879
OG Anunoby,,,1aae688472781f1a1aaf3efdb38e884b,2026-06-04,00:30,rebounds,9.5,750.0,,True,betmgm,2026-06-03T15:33:10.750881
Mikal Bridges,,,1aae688472781f1a1aaf3efdb38e884b,2026-06-04,00:30,rebounds,6.5,750.0,,True,betmgm,2026-06-03T15:33:10.750883
Victor Wembanyama,,,1aae688472781f1a1aaf3efdb38e884b,2026-06-04,00:30,rebounds,9.5,-325.0,,True,betmgm,2026-06-03T15:33:10.750884
Karl-Anthony Towns,,,1aae688472781f1a1aaf3efdb38e884b,2026-06-04,00:30,rebounds,16.5,525.0,,True,betmgm,2026-06-03T15:33:10.750886
Josh Hart,,,1aae688472781f1a1aaf3efdb38e884b,2026-06-04,00:30,rebounds,6.5,-325.0,,True,betmgm,2026-06-03T15:33:10.750888
Dylan Harper,,,1aae688472781f1a1aaf3efdb38e884b,2026-06-04,00:30,rebounds,4.5,135.0,,True,betmgm,2026-06-03T15:33:10.750890
Keldon Johnson,,,1aae688472781f1a1aaf3efdb38e884b,2026-06-04,00:30,rebounds,2.5,-190.0,,True,betmgm,2026-06-03T15:33:10.750891
Dylan Harper,,,1aae688472781f1a1aaf3efdb38e884b,2026-06-04,00:30,rebounds,2.5,-375.0,,True,betmgm,2026-06-03T15:33:10.750893
Keldon Johnson,,,1aae688472781f1a1aaf3efdb38e884b,2026-06-04,00:30,rebounds,6.5,825.0,,True,betmgm,2026-06-03T15:33:10.750895
Keldon Johnson,,,1aae688472781f1a1aaf3efdb38e884b,2026-06-04,00:30,rebounds,4.5,250.0,,True,betmgm,2026-06-03T15:33:10.750899
Luke Kornet,,,1aae688472781f1a1aaf3efdb38e884b,2026-06-04,00:30,rebounds,2.5,-140.0,,True,betmgm,2026-06-03T15:33:10.750903
Luke Kornet,,,1aae688472781f1a1aaf3efdb38e884b,2026-06-04,00:30,rebounds,4.5,310.0,,True,betmgm,2026-06-03T15:33:10.750905
Dylan Harper,,,1aae688472781f1a1aaf3efdb38e884b,2026-06-04,00:30,rebounds,6.5,475.0,,True,betmgm,2026-06-03T15:33:10.750906
Landry Shamet,,,1aae688472781f1a1aaf3efdb38e884b,2026-06-04,00:30,threes,1.5,110.0,-150.0,False,betmgm,2026-06-03T15:33:10.750924
Miles McBride,,,1aae688472781f1a1aaf3efdb38e884b,2026-06-04,00:30,threes,1.5,135.0,-185.0,False,betmgm,2026-06-03T15:33:10.750926
De'Aaron Fox,,,1aae688472781f1a1aaf3efdb38e884b,2026-06-04,00:30,threes,1.5,115.0,-155.0,False,betmgm,2026-06-03T15:33:10.750927
Devin Vassell,,,1aae688472781f1a1aaf3efdb38e884b,2026-06-04,00:30,threes,2.5,-115.0,-115.0,False,betmgm,2026-06-03T15:33:10.750929
Jalen Brunson,,,1aae688472781f1a1aaf3efdb38e884b,2026-06-04,00:30,threes,2.5,115.0,-150.0,False,betmgm,2026-06-03T15:33:10.750931
Mikal Bridges,,,1aae688472781f1a1aaf3efdb38e884b,2026-06-04,00:30,threes,1.5,-120.0,-110.0,False,betmgm,2026-06-03T15:33:10.750932
Stephon Castle,,,1aae688472781f1a1aaf3efdb38e884b,2026-06-04,00:30,threes,1.5,120.0,-160.0,False,betmgm,2026-06-03T15:33:10.750934
Josh Hart,,,1aae688472781f1a1aaf3efdb38e884b,2026-06-04,00:30,threes,1.5,-155.0,115.0,False,betmgm,2026-06-03T15:33:10.750936
Julian Champagnie,,,1aae688472781f1a1aaf3efdb38e884b,2026-06-04,00:30,threes,2.5,115.0,-155.0,False,betmgm,2026-06-03T15:33:10.750937
OG Anunoby,,,1aae688472781f1a1aaf3efdb38e884b,2026-06-04,00:30,threes,2.5,130.0,-175.0,False,betmgm,2026-06-03T15:33:10.750939
Victor Wembanyama,,,1aae688472781f1a1aaf3efdb38e884b,2026-06-04,00:30,threes,1.5,-165.0,125.0,False,betmgm,2026-06-03T15:33:10.750941
Karl-Anthony Towns,,,1aae688472781f1a1aaf3efdb38e884b,2026-06-04,00:30,threes,1.5,130.0,-175.0,False,betmgm,2026-06-03T15:33:10.750943
Keldon Johnson,,,1aae688472781f1a1aaf3efdb38e884b,2026-06-04,00:30,threes,0.5,-165.0,125.0,False,betmgm,2026-06-03T15:33:10.750945
Dylan Harper,,,1aae688472781f1a1aaf3efdb38e884b,2026-06-04,00:30,threes,0.5,-200.0,150.0,False,betmgm,2026-06-03T15:33:10.750946
Miles McBride,,,1aae688472781f1a1aaf3efdb38e884b,2026-06-04,00:30,threes,2.5,400.0,,True,betmgm,2026-06-03T15:33:10.750974
Miles McBride,,,1aae688472781f1a1aaf3efdb38e884b,2026-06-04,00:30,threes,1.5,135.0,,True,betmgm,2026-06-03T15:33:10.750976
Miles McBride,,,1aae688472781f1a1aaf3efdb38e884b,2026-06-04,00:30,threes,0.5,-325.0,,True,betmgm,2026-06-03T15:33:10.750978
Landry Shamet,,,1aae688472781f1a1aaf3efdb38e884b,2026-06-04,00:30,threes,1.5,110.0,,True,betmgm,2026-06-03T15:33:10.750980
Landry Shamet,,,1aae688472781f1a1aaf3efdb38e884b,2026-06-04,00:30,threes,3.5,850.0,,True,betmgm,2026-06-03T15:33:10.750981
Landry Shamet,,,1aae688472781f1a1aaf3efdb38e884b,2026-06-04,00:30,threes,0.5,-400.0,,True,betmgm,2026-06-03T15:33:10.750983
Landry Shamet,,,1aae688472781f1a1aaf3efdb38e884b,2026-06-04,00:30,threes,2.5,340.0,,True,betmgm,2026-06-03T15:33:10.750985
De'Aaron Fox,,,1aae688472781f1a1aaf3efdb38e884b,2026-06-04,00:30,threes,2.5,340.0,,True,betmgm,2026-06-03T15:33:10.750986
Julian Champagnie,,,1aae688472781f1a1aaf3efdb38e884b,2026-06-04,00:30,threes,2.5,110.0,,True,betmgm,2026-06-03T15:33:10.750988
OG Anunoby,,,1aae688472781f1a1aaf3efdb38e884b,2026-06-04,00:30,threes,1.5,-225.0,,True,betmgm,2026-06-03T15:33:10.750990
OG Anunoby,,,1aae688472781f1a1aaf3efdb38e884b,2026-06-04,00:30,threes,3.5,325.0,,True,betmgm,2026-06-03T15:33:10.750992
De'Aaron Fox,,,1aae688472781f1a1aaf3efdb38e884b,2026-06-04,00:30,threes,3.5,850.0,,True,betmgm,2026-06-03T15:33:10.750993
Stephon Castle,,,1aae688472781f1a1aaf3efdb38e884b,2026-06-04,00:30,threes,2.5,360.0,,True,betmgm,2026-06-03T15:33:10.750995
Devin Vassell,,,1aae688472781f1a1aaf3efdb38e884b,2026-06-04,00:30,threes,0.5,-2000.0,,True,betmgm,2026-06-03T15:33:10.750999
Devin Vassell,,,1aae688472781f1a1aaf3efdb38e884b,2026-06-04,00:30,threes,2.5,-118.0,,True,betmgm,2026-06-03T15:33:10.751003
Devin Vassell,,,1aae688472781f1a1aaf3efdb38e884b,2026-06-04,00:30,threes,4.5,450.0,,True,betmgm,2026-06-03T15:33:10.751005
Julian Champagnie,,,1aae688472781f1a1aaf3efdb38e884b,2026-06-04,00:30,threes,0.5,-1400.0,,True,betmgm,2026-06-03T15:33:10.751007
Stephon Castle,,,1aae688472781f1a1aaf3efdb38e884b,2026-06-04,00:30,threes,0.5,-375.0,,True,betmgm,2026-06-03T15:33:10.751008
De'Aaron Fox,,,1aae688472781f1a1aaf3efdb38e884b,2026-06-04,00:30,threes,0.5,-375.0,,True,betmgm,2026-06-03T15:33:10.751010
Stephon Castle,,,1aae688472781f1a1aaf3efdb38e884b,2026-06-04,00:30,threes,1.5,115.0,,True,betmgm,2026-06-03T15:33:10.751012
Jalen Brunson,,,1aae688472781f1a1aaf3efdb38e884b,2026-06-04,00:30,threes,3.5,250.0,,True,betmgm,2026-06-03T15:33:10.751013
Victor Wembanyama,,,1aae688472781f1a1aaf3efdb38e884b,2026-06-04,00:30,threes,1.5,-165.0,,True,betmgm,2026-06-03T15:33:10.751015
Karl-Anthony Towns,,,1aae688472781f1a1aaf3efdb38e884b,2026-06-04,00:30,threes,2.5,425.0,,True,betmgm,2026-06-03T15:33:10.751017
Mikal Bridges,,,1aae688472781f1a1aaf3efdb38e884b,2026-06-04,00:30,threes,1.5,-125.0,,True,betmgm,2026-06-03T15:33:10.751019
Jalen Brunson,,,1aae688472781f1a1aaf3efdb38e884b,2026-06-04,00:30,threes,2.5,100.0,,True,betmgm,2026-06-03T15:33:10.751020
Josh Hart,,,1aae688472781f1a1aaf3efdb38e884b,2026-06-04,00:30,threes,1.5,-160.0,,True,betmgm,2026-06-03T15:33:10.751022
Julian Champagnie,,,1aae688472781f1a1aaf3efdb38e884b,2026-06-04,00:30,threes,4.5,625.0,,True,betmgm,2026-06-03T15:33:10.751024
Josh Hart,,,1aae688472781f1a1aaf3efdb38e884b,2026-06-04,00:30,threes,2.5,180.0,,True,betmgm,2026-06-03T15:33:10.751025
Mikal Bridges,,,1aae688472781f1a1aaf3efdb38e884b,2026-06-04,00:30,threes,0.5,-550.0,,True,betmgm,2026-06-03T15:33:10.751027
Julian Champagnie,,,1aae688472781f1a1aaf3efdb38e884b,2026-06-04,00:30,threes,1.5,-275.0,,True,betmgm,2026-06-03T15:33:10.751029
OG Anunoby,,,1aae688472781f1a1aaf3efdb38e884b,2026-06-04,00:30,threes,4.5,700.0,,True,betmgm,2026-06-03T15:33:10.751030
Josh Hart,,,1aae688472781f1a1aaf3efdb38e884b,2026-06-04,00:30,threes,0.5,-750.0,,True,betmgm,2026-06-03T15:33:10.751032
Karl-Anthony Towns,,,1aae688472781f1a1aaf3efdb38e884b,2026-06-04,00:30,threes,0.5,-300.0,,True,betmgm,2026-06-03T15:33:10.751034
Victor Wembanyama,,,1aae688472781f1a1aaf3efdb38e884b,2026-06-04,00:30,threes,2.5,185.0,,True,betmgm,2026-06-03T15:33:10.751038
Victor Wembanyama,,,1aae688472781f1a1aaf3efdb38e884b,2026-06-04,00:30,threes,0.5,-750.0,,True,betmgm,2026-06-03T15:33:10.751040
Jalen Brunson,,,1aae688472781f1a1aaf3efdb38e884b,2026-06-04,00:30,threes,1.5,-275.0,,True,betmgm,2026-06-03T15:33:10.751041
Devin Vassell,,,1aae688472781f1a1aaf3efdb38e884b,2026-06-04,00:30,threes,1.5,-350.0,,True,betmgm,2026-06-03T15:33:10.751043
OG Anunoby,,,1aae688472781f1a1aaf3efdb38e884b,2026-06-04,00:30,threes,2.5,130.0,,True,betmgm,2026-06-03T15:33:10.751045
De'Aaron Fox,,,1aae688472781f1a1aaf3efdb38e884b,2026-06-04,00:30,threes,1.5,110.0,,True,betmgm,2026-06-03T15:33:10.751046
Josh Hart,,,1aae688472781f1a1aaf3efdb38e884b,2026-06-04,00:30,threes,3.5,450.0,,True,betmgm,2026-06-03T15:33:10.751048
Jalen Brunson,,,1aae688472781f1a1aaf3efdb38e884b,2026-06-04,00:30,threes,4.5,550.0,,True,betmgm,2026-06-03T15:33:10.751050
Karl-Anthony Towns,,,1aae688472781f1a1aaf3efdb38e884b,2026-06-04,00:30,threes,1.5,140.0,,True,betmgm,2026-06-03T15:33:10.751051
Mikal Bridges,,,1aae688472781f1a1aaf3efdb38e884b,2026-06-04,00:30,threes,3.5,600.0,,True,betmgm,2026-06-03T15:33:10.751053
Jalen Brunson,,,1aae688472781f1a1aaf3efdb38e884b,2026-06-04,00:30,threes,0.5,-1400.0,,True,betmgm,2026-06-03T15:33:10.751055
Julian Champagnie,,,1aae688472781f1a1aaf3efdb38e884b,2026-06-04,00:30,threes,3.5,260.0,,True,betmgm,2026-06-03T15:33:10.751057
OG Anunoby,,,1aae688472781f1a1aaf3efdb38e884b,2026-06-04,00:30,threes,0.5,-1100.0,,True,betmgm,2026-06-03T15:33:10.751058
Mikal Bridges,,,1aae688472781f1a1aaf3efdb38e884b,2026-06-04,00:30,threes,2.5,230.0,,True,betmgm,2026-06-03T15:33:10.751062
Victor Wembanyama,,,1aae688472781f1a1aaf3efdb38e884b,2026-06-04,00:30,threes,3.5,450.0,,True,betmgm,2026-06-03T15:33:10.751064
Devin Vassell,,,1aae688472781f1a1aaf3efdb38e884b,2026-06-04,00:30,threes,3.5,210.0,,True,betmgm,2026-06-03T15:33:10.751066
Dylan Harper,,,1aae688472781f1a1aaf3efdb38e884b,2026-06-04,00:30,threes,1.5,200.0,,True,betmgm,2026-06-03T15:33:10.751067
Keldon Johnson,,,1aae688472781f1a1aaf3efdb38e884b,2026-06-04,00:30,threes,0.5,-165.0,,True,betmgm,2026-06-03T15:33:10.751069
Dylan Harper,,,1aae688472781f1a1aaf3efdb38e884b,2026-06-04,00:30,threes,2.5,625.0,,True,betmgm,2026-06-03T15:33:10.751071
Dylan Harper,,,1aae688472781f1a1aaf3efdb38e884b,2026-06-04,00:30,threes,0.5,-220.0,,True,betmgm,2026-06-03T15:33:10.751072
Keldon Johnson,,,1aae688472781f1a1aaf3efdb38e884b,2026-06-04,00:30,threes,1.5,260.0,,True,betmgm,2026-06-03T15:33:10.751074
Keldon Johnson,,,1aae688472781f1a1aaf3efdb38e884b,2026-06-04,00:30,threes,2.5,825.0,,True,betmgm,2026-06-03T15:33:10.751076
