player_name,team,opponent,game_id,game_date,game_time,prop_type,line,over_odds,under_odds,is_alt_line,sportsbook,scraped_at
OG Anunoby,,,0707c5b20ff523e730c85090c7faffdf,2026-06-09,00:40,assists,1.5,-130.0,-102.0,False,fanduel,2026-06-08T15:07:50.611838
Julian Champagnie,,,0707c5b20ff523e730c85090c7faffdf,2026-06-09,00:40,assists,1.5,118.0,-158.0,False,fanduel,2026-06-08T15:07:50.611853
Dylan Harper,,,0707c5b20ff523e730c85090c7faffdf,2026-06-09,00:40,assists,3.5,142.0,-192.0,False,fanduel,2026-06-08T15:07:50.611857
Miles McBride,,,0707c5b20ff523e730c85090c7faffdf,2026-06-09,00:40,assists,1.5,126.0,-168.0,False,fanduel,2026-06-08T15:07:50.611859
Devin Vassell,,,0707c5b20ff523e730c85090c7faffdf,2026-06-09,00:40,assists,2.5,102.0,-136.0,False,fanduel,2026-06-08T15:07:50.611861
Jose Alvarado,,,0707c5b20ff523e730c85090c7faffdf,2026-06-09,00:40,assists,1.5,148.0,-200.0,False,fanduel,2026-06-08T15:07:50.611863
Jalen Brunson,,,0707c5b20ff523e730c85090c7faffdf,2026-06-09,00:40,assists,5.5,-140.0,106.0,False,fanduel,2026-06-08T15:07:50.611865
Stephon Castle,,,0707c5b20ff523e730c85090c7faffdf,2026-06-09,00:40,assists,6.5,112.0,-148.0,False,fanduel,2026-06-08T15:07:50.611867
Josh Hart,,,0707c5b20ff523e730c85090c7faffdf,2026-06-09,00:40,assists,4.5,-110.0,-120.0,False,fanduel,2026-06-08T15:07:50.611870
Mikal Bridges,,,0707c5b20ff523e730c85090c7faffdf,2026-06-09,00:40,assists,2.5,-162.0,122.0,False,fanduel,2026-06-08T15:07:50.611872
Karl-Anthony Towns,,,0707c5b20ff523e730c85090c7faffdf,2026-06-09,00:40,assists,3.5,-174.0,130.0,False,fanduel,2026-06-08T15:07:50.611874
Victor Wembanyama,,,0707c5b20ff523e730c85090c7faffdf,2026-06-09,00:40,assists,2.5,-182.0,136.0,False,fanduel,2026-06-08T15:07:50.611875
De'Aaron Fox,,,0707c5b20ff523e730c85090c7faffdf,2026-06-09,00:40,assists,5.5,-106.0,-125.0,False,fanduel,2026-06-08T15:07:50.611877
Stephon Castle,,,0707c5b20ff523e730c85090c7faffdf,2026-06-09,00:40,assists,9.5,540.0,-1000.0,True,fanduel,2026-06-08T15:07:50.611935
Jalen Brunson,,,0707c5b20ff523e730c85090c7faffdf,2026-06-09,00:40,assists,9.5,750.0,,True,fanduel,2026-06-08T15:07:50.611938
De'Aaron Fox,,,0707c5b20ff523e730c85090c7faffdf,2026-06-09,00:40,assists,9.5,900.0,,True,fanduel,2026-06-08T15:07:50.611939
Josh Hart,,,0707c5b20ff523e730c85090c7faffdf,2026-06-09,00:40,assists,9.5,1500.0,,True,fanduel,2026-06-08T15:07:50.611941
Jalen Brunson,,,0707c5b20ff523e730c85090c7faffdf,2026-06-09,00:40,assists,3.5,-720.0,430.0,True,fanduel,2026-06-08T15:07:50.611943
Jalen Brunson,,,0707c5b20ff523e730c85090c7faffdf,2026-06-09,00:40,assists,4.5,-290.0,205.0,True,fanduel,2026-06-08T15:07:50.611945
Jalen Brunson,,,0707c5b20ff523e730c85090c7faffdf,2026-06-09,00:40,assists,5.5,-138.0,106.0,True,fanduel,2026-06-08T15:07:50.611947
Jalen Brunson,,,0707c5b20ff523e730c85090c7faffdf,2026-06-09,00:40,assists,6.5,144.0,-194.0,True,fanduel,2026-06-08T15:07:50.611948
Jalen Brunson,,,0707c5b20ff523e730c85090c7faffdf,2026-06-09,00:40,assists,7.5,265.0,-390.0,True,fanduel,2026-06-08T15:07:50.611950
Jalen Brunson,,,0707c5b20ff523e730c85090c7faffdf,2026-06-09,00:40,assists,8.5,470.0,-850.0,True,fanduel,2026-06-08T15:07:50.611952
Dylan Harper,,,0707c5b20ff523e730c85090c7faffdf,2026-06-09,00:40,assists,1.5,-590.0,370.0,True,fanduel,2026-06-08T15:07:50.611954
Dylan Harper,,,0707c5b20ff523e730c85090c7faffdf,2026-06-09,00:40,assists,2.5,-180.0,134.0,True,fanduel,2026-06-08T15:07:50.611955
Dylan Harper,,,0707c5b20ff523e730c85090c7faffdf,2026-06-09,00:40,assists,3.5,142.0,-192.0,True,fanduel,2026-06-08T15:07:50.611957
Dylan Harper,,,0707c5b20ff523e730c85090c7faffdf,2026-06-09,00:40,assists,4.5,320.0,-490.0,True,fanduel,2026-06-08T15:07:50.611959
Dylan Harper,,,0707c5b20ff523e730c85090c7faffdf,2026-06-09,00:40,assists,5.5,680.0,-1450.0,True,fanduel,2026-06-08T15:07:50.611961
Stephon Castle,,,0707c5b20ff523e730c85090c7faffdf,2026-06-09,00:40,assists,3.5,-950.0,,True,fanduel,2026-06-08T15:07:50.611964
Stephon Castle,,,0707c5b20ff523e730c85090c7faffdf,2026-06-09,00:40,assists,4.5,-360.0,250.0,True,fanduel,2026-06-08T15:07:50.611966
Stephon Castle,,,0707c5b20ff523e730c85090c7faffdf,2026-06-09,00:40,assists,5.5,-174.0,134.0,True,fanduel,2026-06-08T15:07:50.611968
Stephon Castle,,,0707c5b20ff523e730c85090c7faffdf,2026-06-09,00:40,assists,6.5,112.0,-148.0,True,fanduel,2026-06-08T15:07:50.611982
Stephon Castle,,,0707c5b20ff523e730c85090c7faffdf,2026-06-09,00:40,assists,7.5,210.0,-280.0,True,fanduel,2026-06-08T15:07:50.611985
Stephon Castle,,,0707c5b20ff523e730c85090c7faffdf,2026-06-09,00:40,assists,8.5,360.0,-580.0,True,fanduel,2026-06-08T15:07:50.611986
De'Aaron Fox,,,0707c5b20ff523e730c85090c7faffdf,2026-06-09,00:40,assists,3.5,-500.0,320.0,True,fanduel,2026-06-08T15:07:50.611988
De'Aaron Fox,,,0707c5b20ff523e730c85090c7faffdf,2026-06-09,00:40,assists,4.5,-230.0,168.0,True,fanduel,2026-06-08T15:07:50.611990
De'Aaron Fox,,,0707c5b20ff523e730c85090c7faffdf,2026-06-09,00:40,assists,5.5,-104.0,-125.0,True,fanduel,2026-06-08T15:07:50.611992
De'Aaron Fox,,,0707c5b20ff523e730c85090c7faffdf,2026-06-09,00:40,assists,6.5,182.0,-250.0,True,fanduel,2026-06-08T15:07:50.611993
De'Aaron Fox,,,0707c5b20ff523e730c85090c7faffdf,2026-06-09,00:40,assists,7.5,340.0,-500.0,True,fanduel,2026-06-08T15:07:50.611995
De'Aaron Fox,,,0707c5b20ff523e730c85090c7faffdf,2026-06-09,00:40,assists,8.5,,-1400.0,True,fanduel,2026-06-08T15:07:50.611997
Victor Wembanyama,,,0707c5b20ff523e730c85090c7faffdf,2026-06-09,00:40,assists,1.5,-590.0,370.0,True,fanduel,2026-06-08T15:07:50.611999
Victor Wembanyama,,,0707c5b20ff523e730c85090c7faffdf,2026-06-09,00:40,assists,2.5,-182.0,136.0,True,fanduel,2026-06-08T15:07:50.612000
Victor Wembanyama,,,0707c5b20ff523e730c85090c7faffdf,2026-06-09,00:40,assists,3.5,148.0,-200.0,True,fanduel,2026-06-08T15:07:50.612002
Victor Wembanyama,,,0707c5b20ff523e730c85090c7faffdf,2026-06-09,00:40,assists,4.5,320.0,-500.0,True,fanduel,2026-06-08T15:07:50.612004
Josh Hart,,,0707c5b20ff523e730c85090c7faffdf,2026-06-09,00:40,assists,7.5,700.0,,True,fanduel,2026-06-08T15:07:50.612006
Karl-Anthony Towns,,,0707c5b20ff523e730c85090c7faffdf,2026-06-09,00:40,assists,7.5,1060.0,,True,fanduel,2026-06-08T15:07:50.612007
Josh Hart,,,0707c5b20ff523e730c85090c7faffdf,2026-06-09,00:40,assists,3.5,-235.0,,True,fanduel,2026-06-08T15:07:50.612009
Karl-Anthony Towns,,,0707c5b20ff523e730c85090c7faffdf,2026-06-09,00:40,assists,3.5,-170.0,,True,fanduel,2026-06-08T15:07:50.612011
Mikal Bridges,,,0707c5b20ff523e730c85090c7faffdf,2026-06-09,00:40,assists,3.5,164.0,,True,fanduel,2026-06-08T15:07:50.612013
Devin Vassell,,,0707c5b20ff523e730c85090c7faffdf,2026-06-09,00:40,assists,3.5,250.0,-360.0,True,fanduel,2026-06-08T15:07:50.612018
OG Anunoby,,,0707c5b20ff523e730c85090c7faffdf,2026-06-09,00:40,assists,3.5,700.0,,True,fanduel,2026-06-08T15:07:50.612020
Miles McBride,,,0707c5b20ff523e730c85090c7faffdf,2026-06-09,00:40,assists,3.5,1000.0,,True,fanduel,2026-06-08T15:07:50.612022
Jose Alvarado,,,0707c5b20ff523e730c85090c7faffdf,2026-06-09,00:40,assists,3.5,1000.0,,True,fanduel,2026-06-08T15:07:50.612023
Julian Champagnie,,,0707c5b20ff523e730c85090c7faffdf,2026-06-09,00:40,assists,3.5,1060.0,,True,fanduel,2026-06-08T15:07:50.612025
Josh Hart,,,0707c5b20ff523e730c85090c7faffdf,2026-06-09,00:40,assists,5.5,196.0,,True,fanduel,2026-06-08T15:07:50.612027
Karl-Anthony Towns,,,0707c5b20ff523e730c85090c7faffdf,2026-06-09,00:40,assists,5.5,285.0,,True,fanduel,2026-06-08T15:07:50.612029
Victor Wembanyama,,,0707c5b20ff523e730c85090c7faffdf,2026-06-09,00:40,assists,5.5,750.0,,True,fanduel,2026-06-08T15:07:50.612031
Mikal Bridges,,,0707c5b20ff523e730c85090c7faffdf,2026-06-09,00:40,assists,5.5,830.0,,True,fanduel,2026-06-08T15:07:50.612032
Devin Vassell,,,0707c5b20ff523e730c85090c7faffdf,2026-06-09,00:40,assists,5.5,1300.0,,True,fanduel,2026-06-08T15:07:50.612034
Devin Vassell,,,0707c5b20ff523e730c85090c7faffdf,2026-06-09,00:40,assists,1.5,-330.0,230.0,True,fanduel,2026-06-08T15:07:50.612036
Devin Vassell,,,0707c5b20ff523e730c85090c7faffdf,2026-06-09,00:40,assists,2.5,102.0,-136.0,True,fanduel,2026-06-08T15:07:50.612039
Devin Vassell,,,0707c5b20ff523e730c85090c7faffdf,2026-06-09,00:40,assists,4.5,,-1200.0,True,fanduel,2026-06-08T15:07:50.612041
Stephon Castle,,,0707c5b20ff523e730c85090c7faffdf,2026-06-09,00:40,assists,11.5,1500.0,,True,fanduel,2026-06-08T15:07:50.612043
Jalen Brunson,,,0707c5b20ff523e730c85090c7faffdf,2026-06-09,00:40,assists,11.5,1800.0,,True,fanduel,2026-06-08T15:07:50.612044
De'Aaron Fox,,,0707c5b20ff523e730c85090c7faffdf,2026-06-09,00:40,assists,11.5,3000.0,,True,fanduel,2026-06-08T15:07:50.612046
Josh Hart,,,0707c5b20ff523e730c85090c7faffdf,2026-06-09,00:40,assists,1.5,-3500.0,,True,fanduel,2026-06-08T15:07:50.612048
Karl-Anthony Towns,,,0707c5b20ff523e730c85090c7faffdf,2026-06-09,00:40,assists,1.5,-2200.0,,True,fanduel,2026-06-08T15:07:50.612050
Mikal Bridges,,,0707c5b20ff523e730c85090c7faffdf,2026-06-09,00:40,assists,1.5,-520.0,,True,fanduel,2026-06-08T15:07:50.612052
OG Anunoby,,,0707c5b20ff523e730c85090c7faffdf,2026-06-09,00:40,assists,1.5,-128.0,,True,fanduel,2026-06-08T15:07:50.612053
Julian Champagnie,,,0707c5b20ff523e730c85090c7faffdf,2026-06-09,00:40,assists,1.5,120.0,,True,fanduel,2026-06-08T15:07:50.612055
Miles McBride,,,0707c5b20ff523e730c85090c7faffdf,2026-06-09,00:40,assists,1.5,128.0,,True,fanduel,2026-06-08T15:07:50.612057
Jose Alvarado,,,0707c5b20ff523e730c85090c7faffdf,2026-06-09,00:40,assists,1.5,150.0,,True,fanduel,2026-06-08T15:07:50.612059
Landry Shamet,,,0707c5b20ff523e730c85090c7faffdf,2026-06-09,00:40,assists,1.5,200.0,,True,fanduel,2026-06-08T15:07:50.612060
Keldon Johnson,,,0707c5b20ff523e730c85090c7faffdf,2026-06-09,00:40,assists,1.5,400.0,,True,fanduel,2026-06-08T15:07:50.612062
OG Anunoby,,,0707c5b20ff523e730c85090c7faffdf,2026-06-09,00:40,points,15.5,-102.0,-130.0,False,fanduel,2026-06-08T15:07:50.612083
Dylan Harper,,,0707c5b20ff523e730c85090c7faffdf,2026-06-09,00:40,points,13.5,-125.0,-106.0,False,fanduel,2026-06-08T15:07:50.612085
Miles McBride,,,0707c5b20ff523e730c85090c7faffdf,2026-06-09,00:40,points,5.5,-114.0,-114.0,False,fanduel,2026-06-08T15:07:50.612087
Devin Vassell,,,0707c5b20ff523e730c85090c7faffdf,2026-06-09,00:40,points,12.5,-132.0,100.0,False,fanduel,2026-06-08T15:07:50.612088
Mitchell Robinson,,,0707c5b20ff523e730c85090c7faffdf,2026-06-09,00:40,points,3.5,-114.0,-114.0,False,fanduel,2026-06-08T15:07:50.612090
Jose Alvarado,,,0707c5b20ff523e730c85090c7faffdf,2026-06-09,00:40,points,2.5,-114.0,-114.0,False,fanduel,2026-06-08T15:07:50.612092
Julian Champagnie,,,0707c5b20ff523e730c85090c7faffdf,2026-06-09,00:40,points,10.5,100.0,-132.0,False,fanduel,2026-06-08T15:07:50.612094
Keldon Johnson,,,0707c5b20ff523e730c85090c7faffdf,2026-06-09,00:40,points,5.5,104.0,-138.0,False,fanduel,2026-06-08T15:07:50.612095
Landry Shamet,,,0707c5b20ff523e730c85090c7faffdf,2026-06-09,00:40,points,8.5,-118.0,-112.0,False,fanduel,2026-06-08T15:07:50.612097
Josh Hart,,,0707c5b20ff523e730c85090c7faffdf,2026-06-09,00:40,points,9.5,-110.0,-120.0,False,fanduel,2026-06-08T15:07:50.612099
Mikal Bridges,,,0707c5b20ff523e730c85090c7faffdf,2026-06-09,00:40,points,13.5,-108.0,-122.0,False,fanduel,2026-06-08T15:07:50.612100
Stephon Castle,,,0707c5b20ff523e730c85090c7faffdf,2026-06-09,00:40,points,16.5,-104.0,-128.0,False,fanduel,2026-06-08T15:07:50.612102
Jalen Brunson,,,0707c5b20ff523e730c85090c7faffdf,2026-06-09,00:40,points,26.5,-106.0,-125.0,False,fanduel,2026-06-08T15:07:50.612104
De'Aaron Fox,,,0707c5b20ff523e730c85090c7faffdf,2026-06-09,00:40,points,14.5,-125.0,-106.0,False,fanduel,2026-06-08T15:07:50.612106
Karl-Anthony Towns,,,0707c5b20ff523e730c85090c7faffdf,2026-06-09,00:40,points,17.5,-128.0,-104.0,False,fanduel,2026-06-08T15:07:50.612107
Luke Kornet,,,0707c5b20ff523e730c85090c7faffdf,2026-06-09,00:40,points,1.5,-132.0,100.0,False,fanduel,2026-06-08T15:07:50.612109
Victor Wembanyama,,,0707c5b20ff523e730c85090c7faffdf,2026-06-09,00:40,points,26.5,-128.0,-104.0,False,fanduel,2026-06-08T15:07:50.612111
Jalen Brunson,,,0707c5b20ff523e730c85090c7faffdf,2026-06-09,00:40,points,17.5,-1200.0,,True,fanduel,2026-06-08T15:07:50.612306
Jalen Brunson,,,0707c5b20ff523e730c85090c7faffdf,2026-06-09,00:40,points,18.5,-750.0,430.0,True,fanduel,2026-06-08T15:07:50.612309
Jalen Brunson,,,0707c5b20ff523e730c85090c7faffdf,2026-06-09,00:40,points,19.5,-530.0,360.0,True,fanduel,2026-06-08T15:07:50.612311
Jalen Brunson,,,0707c5b20ff523e730c85090c7faffdf,2026-06-09,00:40,points,20.5,-440.0,290.0,True,fanduel,2026-06-08T15:07:50.612313
Jalen Brunson,,,0707c5b20ff523e730c85090c7faffdf,2026-06-09,00:40,points,21.5,-330.0,230.0,True,fanduel,2026-06-08T15:07:50.612314
Jalen Brunson,,,0707c5b20ff523e730c85090c7faffdf,2026-06-09,00:40,points,22.5,-270.0,194.0,True,fanduel,2026-06-08T15:07:50.612316
Jalen Brunson,,,0707c5b20ff523e730c85090c7faffdf,2026-06-09,00:40,points,23.5,-210.0,154.0,True,fanduel,2026-06-08T15:07:50.612318
Jalen Brunson,,,0707c5b20ff523e730c85090c7faffdf,2026-06-09,00:40,points,24.5,-162.0,124.0,True,fanduel,2026-06-08T15:07:50.612321
Jalen Brunson,,,0707c5b20ff523e730c85090c7faffdf,2026-06-09,00:40,points,25.5,-132.0,100.0,True,fanduel,2026-06-08T15:07:50.612325
Jalen Brunson,,,0707c5b20ff523e730c85090c7faffdf,2026-06-09,00:40,points,26.5,-106.0,-125.0,True,fanduel,2026-06-08T15:07:50.612326
Jalen Brunson,,,0707c5b20ff523e730c85090c7faffdf,2026-06-09,00:40,points,27.5,118.0,-158.0,True,fanduel,2026-06-08T15:07:50.612328
Jalen Brunson,,,0707c5b20ff523e730c85090c7faffdf,2026-06-09,00:40,points,28.5,144.0,-194.0,True,fanduel,2026-06-08T15:07:50.612330
Jalen Brunson,,,0707c5b20ff523e730c85090c7faffdf,2026-06-09,00:40,points,29.5,176.0,-240.0,True,fanduel,2026-06-08T15:07:50.612332
Jalen Brunson,,,0707c5b20ff523e730c85090c7faffdf,2026-06-09,00:40,points,30.5,205.0,-290.0,True,fanduel,2026-06-08T15:07:50.612333
Jalen Brunson,,,0707c5b20ff523e730c85090c7faffdf,2026-06-09,00:40,points,31.5,250.0,-360.0,True,fanduel,2026-06-08T15:07:50.612335
Jalen Brunson,,,0707c5b20ff523e730c85090c7faffdf,2026-06-09,00:40,points,32.5,310.0,-470.0,True,fanduel,2026-06-08T15:07:50.612337
Jalen Brunson,,,0707c5b20ff523e730c85090c7faffdf,2026-06-09,00:40,points,33.5,360.0,-580.0,True,fanduel,2026-06-08T15:07:50.612338
Jalen Brunson,,,0707c5b20ff523e730c85090c7faffdf,2026-06-09,00:40,points,34.5,450.0,-750.0,True,fanduel,2026-06-08T15:07:50.612340
Jalen Brunson,,,0707c5b20ff523e730c85090c7faffdf,2026-06-09,00:40,points,35.5,,-1000.0,True,fanduel,2026-06-08T15:07:50.612342
Jalen Brunson,,,0707c5b20ff523e730c85090c7faffdf,2026-06-09,00:40,points,36.5,,-1450.0,True,fanduel,2026-06-08T15:07:50.612344
Josh Hart,,,0707c5b20ff523e730c85090c7faffdf,2026-06-09,00:40,points,4.5,-900.0,470.0,True,fanduel,2026-06-08T15:07:50.612345
Josh Hart,,,0707c5b20ff523e730c85090c7faffdf,2026-06-09,00:40,points,5.5,-490.0,320.0,True,fanduel,2026-06-08T15:07:50.612347
Josh Hart,,,0707c5b20ff523e730c85090c7faffdf,2026-06-09,00:40,points,6.5,-320.0,225.0,True,fanduel,2026-06-08T15:07:50.612349
Josh Hart,,,0707c5b20ff523e730c85090c7faffdf,2026-06-09,00:40,points,7.5,-225.0,164.0,True,fanduel,2026-06-08T15:07:50.612351
Josh Hart,,,0707c5b20ff523e730c85090c7faffdf,2026-06-09,00:40,points,8.5,-154.0,116.0,True,fanduel,2026-06-08T15:07:50.612352
Josh Hart,,,0707c5b20ff523e730c85090c7faffdf,2026-06-09,00:40,points,9.5,-108.0,-120.0,True,fanduel,2026-06-08T15:07:50.612354
Josh Hart,,,0707c5b20ff523e730c85090c7faffdf,2026-06-09,00:40,points,10.5,128.0,-172.0,True,fanduel,2026-06-08T15:07:50.612383
Josh Hart,,,0707c5b20ff523e730c85090c7faffdf,2026-06-09,00:40,points,11.5,174.0,-240.0,True,fanduel,2026-06-08T15:07:50.612389
Josh Hart,,,0707c5b20ff523e730c85090c7faffdf,2026-06-09,00:40,points,12.5,225.0,-320.0,True,fanduel,2026-06-08T15:07:50.612393
Josh Hart,,,0707c5b20ff523e730c85090c7faffdf,2026-06-09,00:40,points,13.5,300.0,-450.0,True,fanduel,2026-06-08T15:07:50.612397
Landry Shamet,,,0707c5b20ff523e730c85090c7faffdf,2026-06-09,00:40,points,3.5,-850.0,470.0,True,fanduel,2026-06-08T15:07:50.612401
Landry Shamet,,,0707c5b20ff523e730c85090c7faffdf,2026-06-09,00:40,points,4.5,-600.0,370.0,True,fanduel,2026-06-08T15:07:50.612404
Landry Shamet,,,0707c5b20ff523e730c85090c7faffdf,2026-06-09,00:40,points,5.5,-340.0,235.0,True,fanduel,2026-06-08T15:07:50.612408
Landry Shamet,,,0707c5b20ff523e730c85090c7faffdf,2026-06-09,00:40,points,6.5,-235.0,172.0,True,fanduel,2026-06-08T15:07:50.612411
Landry Shamet,,,0707c5b20ff523e730c85090c7faffdf,2026-06-09,00:40,points,7.5,-174.0,130.0,True,fanduel,2026-06-08T15:07:50.612416
Landry Shamet,,,0707c5b20ff523e730c85090c7faffdf,2026-06-09,00:40,points,8.5,-118.0,-112.0,True,fanduel,2026-06-08T15:07:50.612419
Landry Shamet,,,0707c5b20ff523e730c85090c7faffdf,2026-06-09,00:40,points,9.5,120.0,-158.0,True,fanduel,2026-06-08T15:07:50.612424
Landry Shamet,,,0707c5b20ff523e730c85090c7faffdf,2026-06-09,00:40,points,10.5,154.0,-210.0,True,fanduel,2026-06-08T15:07:50.612426
Karl-Anthony Towns,,,0707c5b20ff523e730c85090c7faffdf,2026-06-09,00:40,points,9.5,-2000.0,,True,fanduel,2026-06-08T15:07:50.612428
Stephon Castle,,,0707c5b20ff523e730c85090c7faffdf,2026-06-09,00:40,points,9.5,-1000.0,,True,fanduel,2026-06-08T15:07:50.612432
OG Anunoby,,,0707c5b20ff523e730c85090c7faffdf,2026-06-09,00:40,points,9.5,-670.0,400.0,True,fanduel,2026-06-08T15:07:50.612433
De'Aaron Fox,,,0707c5b20ff523e730c85090c7faffdf,2026-06-09,00:40,points,9.5,-600.0,370.0,True,fanduel,2026-06-08T15:07:50.612435
Dylan Harper,,,0707c5b20ff523e730c85090c7faffdf,2026-06-09,00:40,points,9.5,-420.0,280.0,True,fanduel,2026-06-08T15:07:50.612437
Mikal Bridges,,,0707c5b20ff523e730c85090c7faffdf,2026-06-09,00:40,points,9.5,-400.0,270.0,True,fanduel,2026-06-08T15:07:50.612439
Devin Vassell,,,0707c5b20ff523e730c85090c7faffdf,2026-06-09,00:40,points,9.5,-320.0,225.0,True,fanduel,2026-06-08T15:07:50.612440
Julian Champagnie,,,0707c5b20ff523e730c85090c7faffdf,2026-06-09,00:40,points,9.5,-132.0,100.0,True,fanduel,2026-06-08T15:07:50.612442
Miles McBride,,,0707c5b20ff523e730c85090c7faffdf,2026-06-09,00:40,points,9.5,340.0,,True,fanduel,2026-06-08T15:07:50.612444
Keldon Johnson,,,0707c5b20ff523e730c85090c7faffdf,2026-06-09,00:40,points,9.5,350.0,,True,fanduel,2026-06-08T15:07:50.612446
Mitchell Robinson,,,0707c5b20ff523e730c85090c7faffdf,2026-06-09,00:40,points,9.5,680.0,,True,fanduel,2026-06-08T15:07:50.612447
Miles McBride,,,0707c5b20ff523e730c85090c7faffdf,2026-06-09,00:40,points,1.5,-1100.0,,True,fanduel,2026-06-08T15:07:50.612449
Miles McBride,,,0707c5b20ff523e730c85090c7faffdf,2026-06-09,00:40,points,2.5,-490.0,320.0,True,fanduel,2026-06-08T15:07:50.612451
Miles McBride,,,0707c5b20ff523e730c85090c7faffdf,2026-06-09,00:40,points,3.5,-230.0,168.0,True,fanduel,2026-06-08T15:07:50.612453
Miles McBride,,,0707c5b20ff523e730c85090c7faffdf,2026-06-09,00:40,points,4.5,-182.0,136.0,True,fanduel,2026-06-08T15:07:50.612454
Miles McBride,,,0707c5b20ff523e730c85090c7faffdf,2026-06-09,00:40,points,5.5,-114.0,-114.0,True,fanduel,2026-06-08T15:07:50.612456
Miles McBride,,,0707c5b20ff523e730c85090c7faffdf,2026-06-09,00:40,points,6.5,134.0,-180.0,True,fanduel,2026-06-08T15:07:50.612458
Miles McBride,,,0707c5b20ff523e730c85090c7faffdf,2026-06-09,00:40,points,7.5,172.0,-235.0,True,fanduel,2026-06-08T15:07:50.612459
Miles McBride,,,0707c5b20ff523e730c85090c7faffdf,2026-06-09,00:40,points,8.5,240.0,-350.0,True,fanduel,2026-06-08T15:07:50.612461
De'Aaron Fox,,,0707c5b20ff523e730c85090c7faffdf,2026-06-09,00:40,points,10.5,-420.0,280.0,True,fanduel,2026-06-08T15:07:50.612463
De'Aaron Fox,,,0707c5b20ff523e730c85090c7faffdf,2026-06-09,00:40,points,11.5,-310.0,220.0,True,fanduel,2026-06-08T15:07:50.612465
De'Aaron Fox,,,0707c5b20ff523e730c85090c7faffdf,2026-06-09,00:40,points,12.5,-225.0,164.0,True,fanduel,2026-06-08T15:07:50.612468
De'Aaron Fox,,,0707c5b20ff523e730c85090c7faffdf,2026-06-09,00:40,points,13.5,-162.0,122.0,True,fanduel,2026-06-08T15:07:50.612470
De'Aaron Fox,,,0707c5b20ff523e730c85090c7faffdf,2026-06-09,00:40,points,14.5,-122.0,-106.0,True,fanduel,2026-06-08T15:07:50.612472
De'Aaron Fox,,,0707c5b20ff523e730c85090c7faffdf,2026-06-09,00:40,points,15.5,106.0,-140.0,True,fanduel,2026-06-08T15:07:50.612473
De'Aaron Fox,,,0707c5b20ff523e730c85090c7faffdf,2026-06-09,00:40,points,16.5,140.0,-188.0,True,fanduel,2026-06-08T15:07:50.612475
De'Aaron Fox,,,0707c5b20ff523e730c85090c7faffdf,2026-06-09,00:40,points,17.5,182.0,-250.0,True,fanduel,2026-06-08T15:07:50.612477
De'Aaron Fox,,,0707c5b20ff523e730c85090c7faffdf,2026-06-09,00:40,points,18.5,225.0,-320.0,True,fanduel,2026-06-08T15:07:50.612479
De'Aaron Fox,,,0707c5b20ff523e730c85090c7faffdf,2026-06-09,00:40,points,19.5,290.0,-420.0,True,fanduel,2026-06-08T15:07:50.612480
De'Aaron Fox,,,0707c5b20ff523e730c85090c7faffdf,2026-06-09,00:40,points,20.5,370.0,-600.0,True,fanduel,2026-06-08T15:07:50.612482
De'Aaron Fox,,,0707c5b20ff523e730c85090c7faffdf,2026-06-09,00:40,points,21.5,450.0,-800.0,True,fanduel,2026-06-08T15:07:50.612484
Victor Wembanyama,,,0707c5b20ff523e730c85090c7faffdf,2026-06-09,00:40,points,19.5,-670.0,400.0,True,fanduel,2026-06-08T15:07:50.612485
Karl-Anthony Towns,,,0707c5b20ff523e730c85090c7faffdf,2026-06-09,00:40,points,19.5,134.0,-180.0,True,fanduel,2026-06-08T15:07:50.612487
Stephon Castle,,,0707c5b20ff523e730c85090c7faffdf,2026-06-09,00:40,points,19.5,200.0,-280.0,True,fanduel,2026-06-08T15:07:50.612490
OG Anunoby,,,0707c5b20ff523e730c85090c7faffdf,2026-06-09,00:40,points,19.5,255.0,-360.0,True,fanduel,2026-06-08T15:07:50.612492
Dylan Harper,,,0707c5b20ff523e730c85090c7faffdf,2026-06-09,00:40,points,19.5,360.0,,True,fanduel,2026-06-08T15:07:50.612494
Devin Vassell,,,0707c5b20ff523e730c85090c7faffdf,2026-06-09,00:40,points,19.5,450.0,,True,fanduel,2026-06-08T15:07:50.612496
Mikal Bridges,,,0707c5b20ff523e730c85090c7faffdf,2026-06-09,00:40,points,19.5,450.0,,True,fanduel,2026-06-08T15:07:50.612497
Julian Champagnie,,,0707c5b20ff523e730c85090c7faffdf,2026-06-09,00:40,points,19.5,1060.0,,True,fanduel,2026-06-08T15:07:50.612499
Josh Hart,,,0707c5b20ff523e730c85090c7faffdf,2026-06-09,00:40,points,19.5,1400.0,,True,fanduel,2026-06-08T15:07:50.612501
Landry Shamet,,,0707c5b20ff523e730c85090c7faffdf,2026-06-09,00:40,points,19.5,1400.0,,True,fanduel,2026-06-08T15:07:50.612503
Karl-Anthony Towns,,,0707c5b20ff523e730c85090c7faffdf,2026-06-09,00:40,points,10.5,-1200.0,,True,fanduel,2026-06-08T15:07:50.612504
Karl-Anthony Towns,,,0707c5b20ff523e730c85090c7faffdf,2026-06-09,00:40,points,11.5,-750.0,430.0,True,fanduel,2026-06-08T15:07:50.612506
Karl-Anthony Towns,,,0707c5b20ff523e730c85090c7faffdf,2026-06-09,00:40,points,12.5,-550.0,350.0,True,fanduel,2026-06-08T15:07:50.612508
Karl-Anthony Towns,,,0707c5b20ff523e730c85090c7faffdf,2026-06-09,00:40,points,13.5,-400.0,270.0,True,fanduel,2026-06-08T15:07:50.612510
Karl-Anthony Towns,,,0707c5b20ff523e730c85090c7faffdf,2026-06-09,00:40,points,14.5,-290.0,205.0,True,fanduel,2026-06-08T15:07:50.612511
Karl-Anthony Towns,,,0707c5b20ff523e730c85090c7faffdf,2026-06-09,00:40,points,15.5,-220.0,162.0,True,fanduel,2026-06-08T15:07:50.612513
Karl-Anthony Towns,,,0707c5b20ff523e730c85090c7faffdf,2026-06-09,00:40,points,16.5,-160.0,120.0,True,fanduel,2026-06-08T15:07:50.612515
Karl-Anthony Towns,,,0707c5b20ff523e730c85090c7faffdf,2026-06-09,00:40,points,17.5,-128.0,-104.0,True,fanduel,2026-06-08T15:07:50.612516
Karl-Anthony Towns,,,0707c5b20ff523e730c85090c7faffdf,2026-06-09,00:40,points,18.5,104.0,-138.0,True,fanduel,2026-06-08T15:07:50.612518
Karl-Anthony Towns,,,0707c5b20ff523e730c85090c7faffdf,2026-06-09,00:40,points,20.5,168.0,-230.0,True,fanduel,2026-06-08T15:07:50.612520
Karl-Anthony Towns,,,0707c5b20ff523e730c85090c7faffdf,2026-06-09,00:40,points,21.5,210.0,-300.0,True,fanduel,2026-06-08T15:07:50.612522
Karl-Anthony Towns,,,0707c5b20ff523e730c85090c7faffdf,2026-06-09,00:40,points,22.5,260.0,-380.0,True,fanduel,2026-06-08T15:07:50.612523
Karl-Anthony Towns,,,0707c5b20ff523e730c85090c7faffdf,2026-06-09,00:40,points,23.5,320.0,-490.0,True,fanduel,2026-06-08T15:07:50.612525
Karl-Anthony Towns,,,0707c5b20ff523e730c85090c7faffdf,2026-06-09,00:40,points,24.5,400.0,-650.0,True,fanduel,2026-06-08T15:07:50.612527
Devin Vassell,,,0707c5b20ff523e730c85090c7faffdf,2026-06-09,00:40,points,6.5,-1100.0,,True,fanduel,2026-06-08T15:07:50.612528
Devin Vassell,,,0707c5b20ff523e730c85090c7faffdf,2026-06-09,00:40,points,7.5,-670.0,400.0,True,fanduel,2026-06-08T15:07:50.612530
Devin Vassell,,,0707c5b20ff523e730c85090c7faffdf,2026-06-09,00:40,points,8.5,-450.0,300.0,True,fanduel,2026-06-08T15:07:50.612532
Devin Vassell,,,0707c5b20ff523e730c85090c7faffdf,2026-06-09,00:40,points,10.5,-245.0,178.0,True,fanduel,2026-06-08T15:07:50.612534
Devin Vassell,,,0707c5b20ff523e730c85090c7faffdf,2026-06-09,00:40,points,11.5,-178.0,132.0,True,fanduel,2026-06-08T15:07:50.612535
Devin Vassell,,,0707c5b20ff523e730c85090c7faffdf,2026-06-09,00:40,points,12.5,-132.0,100.0,True,fanduel,2026-06-08T15:07:50.612537
Devin Vassell,,,0707c5b20ff523e730c85090c7faffdf,2026-06-09,00:40,points,13.5,102.0,-136.0,True,fanduel,2026-06-08T15:07:50.612539
Devin Vassell,,,0707c5b20ff523e730c85090c7faffdf,2026-06-09,00:40,points,14.5,136.0,-180.0,True,fanduel,2026-06-08T15:07:50.612542
Devin Vassell,,,0707c5b20ff523e730c85090c7faffdf,2026-06-09,00:40,points,15.5,174.0,-240.0,True,fanduel,2026-06-08T15:07:50.612544
Devin Vassell,,,0707c5b20ff523e730c85090c7faffdf,2026-06-09,00:40,points,16.5,220.0,-310.0,True,fanduel,2026-06-08T15:07:50.612545
Devin Vassell,,,0707c5b20ff523e730c85090c7faffdf,2026-06-09,00:40,points,17.5,280.0,-420.0,True,fanduel,2026-06-08T15:07:50.612549
Victor Wembanyama,,,0707c5b20ff523e730c85090c7faffdf,2026-06-09,00:40,points,44.5,2200.0,,True,fanduel,2026-06-08T15:07:50.612551
Jalen Brunson,,,0707c5b20ff523e730c85090c7faffdf,2026-06-09,00:40,points,44.5,3000.0,,True,fanduel,2026-06-08T15:07:50.612552
Victor Wembanyama,,,0707c5b20ff523e730c85090c7faffdf,2026-06-09,00:40,points,34.5,370.0,-600.0,True,fanduel,2026-06-08T15:07:50.612554
Karl-Anthony Towns,,,0707c5b20ff523e730c85090c7faffdf,2026-06-09,00:40,points,34.5,3000.0,,True,fanduel,2026-06-08T15:07:50.612556
Stephon Castle,,,0707c5b20ff523e730c85090c7faffdf,2026-06-09,00:40,points,10.5,-650.0,390.0,True,fanduel,2026-06-08T15:07:50.612558
Stephon Castle,,,0707c5b20ff523e730c85090c7faffdf,2026-06-09,00:40,points,11.5,-450.0,300.0,True,fanduel,2026-06-08T15:07:50.612559
Stephon Castle,,,0707c5b20ff523e730c85090c7faffdf,2026-06-09,00:40,points,12.5,-320.0,225.0,True,fanduel,2026-06-08T15:07:50.612563
Stephon Castle,,,0707c5b20ff523e730c85090c7faffdf,2026-06-09,00:40,points,13.5,-240.0,174.0,True,fanduel,2026-06-08T15:07:50.612564
Stephon Castle,,,0707c5b20ff523e730c85090c7faffdf,2026-06-09,00:40,points,14.5,-174.0,134.0,True,fanduel,2026-06-08T15:07:50.612566
Stephon Castle,,,0707c5b20ff523e730c85090c7faffdf,2026-06-09,00:40,points,15.5,-138.0,104.0,True,fanduel,2026-06-08T15:07:50.612568
Stephon Castle,,,0707c5b20ff523e730c85090c7faffdf,2026-06-09,00:40,points,16.5,-104.0,-128.0,True,fanduel,2026-06-08T15:07:50.612570
Stephon Castle,,,0707c5b20ff523e730c85090c7faffdf,2026-06-09,00:40,points,17.5,124.0,-166.0,True,fanduel,2026-06-08T15:07:50.612571
Stephon Castle,,,0707c5b20ff523e730c85090c7faffdf,2026-06-09,00:40,points,18.5,158.0,-215.0,True,fanduel,2026-06-08T15:07:50.612573
Stephon Castle,,,0707c5b20ff523e730c85090c7faffdf,2026-06-09,00:40,points,20.5,250.0,-360.0,True,fanduel,2026-06-08T15:07:50.612575
Stephon Castle,,,0707c5b20ff523e730c85090c7faffdf,2026-06-09,00:40,points,21.5,310.0,-470.0,True,fanduel,2026-06-08T15:07:50.612576
Keldon Johnson,,,0707c5b20ff523e730c85090c7faffdf,2026-06-09,00:40,points,1.5,-800.0,450.0,True,fanduel,2026-06-08T15:07:50.612578
Keldon Johnson,,,0707c5b20ff523e730c85090c7faffdf,2026-06-09,00:40,points,2.5,-360.0,250.0,True,fanduel,2026-06-08T15:07:50.612580
Keldon Johnson,,,0707c5b20ff523e730c85090c7faffdf,2026-06-09,00:40,points,3.5,-205.0,152.0,True,fanduel,2026-06-08T15:07:50.612582
Keldon Johnson,,,0707c5b20ff523e730c85090c7faffdf,2026-06-09,00:40,points,4.5,-158.0,118.0,True,fanduel,2026-06-08T15:07:50.612583
Keldon Johnson,,,0707c5b20ff523e730c85090c7faffdf,2026-06-09,00:40,points,5.5,104.0,-138.0,True,fanduel,2026-06-08T15:07:50.612585
Keldon Johnson,,,0707c5b20ff523e730c85090c7faffdf,2026-06-09,00:40,points,6.5,148.0,-200.0,True,fanduel,2026-06-08T15:07:50.612587
Keldon Johnson,,,0707c5b20ff523e730c85090c7faffdf,2026-06-09,00:40,points,7.5,194.0,-270.0,True,fanduel,2026-06-08T15:07:50.612588
Keldon Johnson,,,0707c5b20ff523e730c85090c7faffdf,2026-06-09,00:40,points,8.5,270.0,-400.0,True,fanduel,2026-06-08T15:07:50.612590
Victor Wembanyama,,,0707c5b20ff523e730c85090c7faffdf,2026-06-09,00:40,points,14.5,-4500.0,,True,fanduel,2026-06-08T15:07:50.612592
Jalen Brunson,,,0707c5b20ff523e730c85090c7faffdf,2026-06-09,00:40,points,14.5,-4000.0,,True,fanduel,2026-06-08T15:07:50.612594
OG Anunoby,,,0707c5b20ff523e730c85090c7faffdf,2026-06-09,00:40,points,14.5,-136.0,102.0,True,fanduel,2026-06-08T15:07:50.612595
Dylan Harper,,,0707c5b20ff523e730c85090c7faffdf,2026-06-09,00:40,points,14.5,104.0,-138.0,True,fanduel,2026-06-08T15:07:50.612597
Mikal Bridges,,,0707c5b20ff523e730c85090c7faffdf,2026-06-09,00:40,points,14.5,122.0,-162.0,True,fanduel,2026-06-08T15:07:50.612599
Julian Champagnie,,,0707c5b20ff523e730c85090c7faffdf,2026-06-09,00:40,points,14.5,310.0,-470.0,True,fanduel,2026-06-08T15:07:50.612600
Josh Hart,,,0707c5b20ff523e730c85090c7faffdf,2026-06-09,00:40,points,14.5,420.0,,True,fanduel,2026-06-08T15:07:50.612602
Landry Shamet,,,0707c5b20ff523e730c85090c7faffdf,2026-06-09,00:40,points,14.5,460.0,,True,fanduel,2026-06-08T15:07:50.612605
Keldon Johnson,,,0707c5b20ff523e730c85090c7faffdf,2026-06-09,00:40,points,14.5,1200.0,,True,fanduel,2026-06-08T15:07:50.612607
Miles McBride,,,0707c5b20ff523e730c85090c7faffdf,2026-06-09,00:40,points,14.5,1300.0,,True,fanduel,2026-06-08T15:07:50.612609
Victor Wembanyama,,,0707c5b20ff523e730c85090c7faffdf,2026-06-09,00:40,points,24.5,-198.0,146.0,True,fanduel,2026-06-08T15:07:50.612611
Stephon Castle,,,0707c5b20ff523e730c85090c7faffdf,2026-06-09,00:40,points,24.5,630.0,,True,fanduel,2026-06-08T15:07:50.612612
OG Anunoby,,,0707c5b20ff523e730c85090c7faffdf,2026-06-09,00:40,points,24.5,800.0,,True,fanduel,2026-06-08T15:07:50.612614
De'Aaron Fox,,,0707c5b20ff523e730c85090c7faffdf,2026-06-09,00:40,points,24.5,900.0,,True,fanduel,2026-06-08T15:07:50.612616
Dylan Harper,,,0707c5b20ff523e730c85090c7faffdf,2026-06-09,00:40,points,24.5,1060.0,,True,fanduel,2026-06-08T15:07:50.612617
Devin Vassell,,,0707c5b20ff523e730c85090c7faffdf,2026-06-09,00:40,points,24.5,1300.0,,True,fanduel,2026-06-08T15:07:50.612619
Mikal Bridges,,,0707c5b20ff523e730c85090c7faffdf,2026-06-09,00:40,points,24.5,1400.0,,True,fanduel,2026-06-08T15:07:50.612621
Julian Champagnie,,,0707c5b20ff523e730c85090c7faffdf,2026-06-09,00:40,points,5.5,-600.0,370.0,True,fanduel,2026-06-08T15:07:50.612623
Julian Champagnie,,,0707c5b20ff523e730c85090c7faffdf,2026-06-09,00:40,points,6.5,-360.0,240.0,True,fanduel,2026-06-08T15:07:50.612624
Julian Champagnie,,,0707c5b20ff523e730c85090c7faffdf,2026-06-09,00:40,points,7.5,-270.0,194.0,True,fanduel,2026-06-08T15:07:50.612626
Julian Champagnie,,,0707c5b20ff523e730c85090c7faffdf,2026-06-09,00:40,points,8.5,-188.0,140.0,True,fanduel,2026-06-08T15:07:50.612628
Julian Champagnie,,,0707c5b20ff523e730c85090c7faffdf,2026-06-09,00:40,points,10.5,100.0,-132.0,True,fanduel,2026-06-08T15:07:50.612629
Julian Champagnie,,,0707c5b20ff523e730c85090c7faffdf,2026-06-09,00:40,points,11.5,140.0,-188.0,True,fanduel,2026-06-08T15:07:50.612631
Julian Champagnie,,,0707c5b20ff523e730c85090c7faffdf,2026-06-09,00:40,points,12.5,182.0,-250.0,True,fanduel,2026-06-08T15:07:50.612633
Julian Champagnie,,,0707c5b20ff523e730c85090c7faffdf,2026-06-09,00:40,points,13.5,230.0,-330.0,True,fanduel,2026-06-08T15:07:50.612635
Victor Wembanyama,,,0707c5b20ff523e730c85090c7faffdf,2026-06-09,00:40,points,29.5,148.0,-200.0,True,fanduel,2026-06-08T15:07:50.612636
Karl-Anthony Towns,,,0707c5b20ff523e730c85090c7faffdf,2026-06-09,00:40,points,29.5,1060.0,,True,fanduel,2026-06-08T15:07:50.612638
Stephon Castle,,,0707c5b20ff523e730c85090c7faffdf,2026-06-09,00:40,points,29.5,1500.0,,True,fanduel,2026-06-08T15:07:50.612640
OG Anunoby,,,0707c5b20ff523e730c85090c7faffdf,2026-06-09,00:40,points,29.5,1800.0,,True,fanduel,2026-06-08T15:07:50.612641
De'Aaron Fox,,,0707c5b20ff523e730c85090c7faffdf,2026-06-09,00:40,points,29.5,2200.0,,True,fanduel,2026-06-08T15:07:50.612643
Dylan Harper,,,0707c5b20ff523e730c85090c7faffdf,2026-06-09,00:40,points,29.5,3000.0,,True,fanduel,2026-06-08T15:07:50.612645
Dylan Harper,,,0707c5b20ff523e730c85090c7faffdf,2026-06-09,00:40,points,7.5,-1000.0,,True,fanduel,2026-06-08T15:07:50.612647
Dylan Harper,,,0707c5b20ff523e730c85090c7faffdf,2026-06-09,00:40,points,8.5,-600.0,370.0,True,fanduel,2026-06-08T15:07:50.612648
Dylan Harper,,,0707c5b20ff523e730c85090c7faffdf,2026-06-09,00:40,points,10.5,-310.0,220.0,True,fanduel,2026-06-08T15:07:50.612650
Dylan Harper,,,0707c5b20ff523e730c85090c7faffdf,2026-06-09,00:40,points,11.5,-230.0,168.0,True,fanduel,2026-06-08T15:07:50.612652
Dylan Harper,,,0707c5b20ff523e730c85090c7faffdf,2026-06-09,00:40,points,12.5,-168.0,126.0,True,fanduel,2026-06-08T15:07:50.612655
Dylan Harper,,,0707c5b20ff523e730c85090c7faffdf,2026-06-09,00:40,points,13.5,-125.0,-106.0,True,fanduel,2026-06-08T15:07:50.612657
Dylan Harper,,,0707c5b20ff523e730c85090c7faffdf,2026-06-09,00:40,points,15.5,136.0,-182.0,True,fanduel,2026-06-08T15:07:50.612660
Dylan Harper,,,0707c5b20ff523e730c85090c7faffdf,2026-06-09,00:40,points,16.5,174.0,-240.0,True,fanduel,2026-06-08T15:07:50.612662
Dylan Harper,,,0707c5b20ff523e730c85090c7faffdf,2026-06-09,00:40,points,17.5,220.0,-310.0,True,fanduel,2026-06-08T15:07:50.612666
OG Anunoby,,,0707c5b20ff523e730c85090c7faffdf,2026-06-09,00:40,points,8.5,-1100.0,,True,fanduel,2026-06-08T15:07:50.612667
OG Anunoby,,,0707c5b20ff523e730c85090c7faffdf,2026-06-09,00:40,points,10.5,-450.0,300.0,True,fanduel,2026-06-08T15:07:50.612669
OG Anunoby,,,0707c5b20ff523e730c85090c7faffdf,2026-06-09,00:40,points,11.5,-320.0,225.0,True,fanduel,2026-06-08T15:07:50.612671
OG Anunoby,,,0707c5b20ff523e730c85090c7faffdf,2026-06-09,00:40,points,12.5,-245.0,178.0,True,fanduel,2026-06-08T15:07:50.612672
OG Anunoby,,,0707c5b20ff523e730c85090c7faffdf,2026-06-09,00:40,points,13.5,-180.0,134.0,True,fanduel,2026-06-08T15:07:50.612674
OG Anunoby,,,0707c5b20ff523e730c85090c7faffdf,2026-06-09,00:40,points,15.5,-102.0,-130.0,True,fanduel,2026-06-08T15:07:50.612676
OG Anunoby,,,0707c5b20ff523e730c85090c7faffdf,2026-06-09,00:40,points,16.5,126.0,-168.0,True,fanduel,2026-06-08T15:07:50.612677
OG Anunoby,,,0707c5b20ff523e730c85090c7faffdf,2026-06-09,00:40,points,17.5,162.0,-220.0,True,fanduel,2026-06-08T15:07:50.612679
OG Anunoby,,,0707c5b20ff523e730c85090c7faffdf,2026-06-09,00:40,points,18.5,200.0,-280.0,True,fanduel,2026-06-08T15:07:50.612681
OG Anunoby,,,0707c5b20ff523e730c85090c7faffdf,2026-06-09,00:40,points,20.5,310.0,-470.0,True,fanduel,2026-06-08T15:07:50.612683
Victor Wembanyama,,,0707c5b20ff523e730c85090c7faffdf,2026-06-09,00:40,points,18.5,-900.0,490.0,True,fanduel,2026-06-08T15:07:50.612684
Victor Wembanyama,,,0707c5b20ff523e730c85090c7faffdf,2026-06-09,00:40,points,20.5,-490.0,320.0,True,fanduel,2026-06-08T15:07:50.612686
Victor Wembanyama,,,0707c5b20ff523e730c85090c7faffdf,2026-06-09,00:40,points,21.5,-390.0,265.0,True,fanduel,2026-06-08T15:07:50.612688
Victor Wembanyama,,,0707c5b20ff523e730c85090c7faffdf,2026-06-09,00:40,points,22.5,-300.0,210.0,True,fanduel,2026-06-08T15:07:50.612690
Victor Wembanyama,,,0707c5b20ff523e730c85090c7faffdf,2026-06-09,00:40,points,23.5,-245.0,178.0,True,fanduel,2026-06-08T15:07:50.612691
Victor Wembanyama,,,0707c5b20ff523e730c85090c7faffdf,2026-06-09,00:40,points,25.5,-154.0,116.0,True,fanduel,2026-06-08T15:07:50.612693
Victor Wembanyama,,,0707c5b20ff523e730c85090c7faffdf,2026-06-09,00:40,points,26.5,-128.0,-104.0,True,fanduel,2026-06-08T15:07:50.612695
Victor Wembanyama,,,0707c5b20ff523e730c85090c7faffdf,2026-06-09,00:40,points,27.5,-102.0,-130.0,True,fanduel,2026-06-08T15:07:50.612696
Victor Wembanyama,,,0707c5b20ff523e730c85090c7faffdf,2026-06-09,00:40,points,28.5,120.0,-160.0,True,fanduel,2026-06-08T15:07:50.612698
Victor Wembanyama,,,0707c5b20ff523e730c85090c7faffdf,2026-06-09,00:40,points,30.5,182.0,-250.0,True,fanduel,2026-06-08T15:07:50.612700
Victor Wembanyama,,,0707c5b20ff523e730c85090c7faffdf,2026-06-09,00:40,points,31.5,220.0,-310.0,True,fanduel,2026-06-08T15:07:50.612701
Victor Wembanyama,,,0707c5b20ff523e730c85090c7faffdf,2026-06-09,00:40,points,32.5,260.0,-380.0,True,fanduel,2026-06-08T15:07:50.612703
Victor Wembanyama,,,0707c5b20ff523e730c85090c7faffdf,2026-06-09,00:40,points,33.5,310.0,-470.0,True,fanduel,2026-06-08T15:07:50.612705
Victor Wembanyama,,,0707c5b20ff523e730c85090c7faffdf,2026-06-09,00:40,points,35.5,430.0,-750.0,True,fanduel,2026-06-08T15:07:50.612707
Victor Wembanyama,,,0707c5b20ff523e730c85090c7faffdf,2026-06-09,00:40,points,36.5,,-1100.0,True,fanduel,2026-06-08T15:07:50.612708
Victor Wembanyama,,,0707c5b20ff523e730c85090c7faffdf,2026-06-09,00:40,points,37.5,,-1450.0,True,fanduel,2026-06-08T15:07:50.612710
Mitchell Robinson,,,0707c5b20ff523e730c85090c7faffdf,2026-06-09,00:40,points,0.5,-500.0,320.0,True,fanduel,2026-06-08T15:07:50.612712
Mitchell Robinson,,,0707c5b20ff523e730c85090c7faffdf,2026-06-09,00:40,points,1.5,-470.0,310.0,True,fanduel,2026-06-08T15:07:50.612713
Mitchell Robinson,,,0707c5b20ff523e730c85090c7faffdf,2026-06-09,00:40,points,2.5,-215.0,158.0,True,fanduel,2026-06-08T15:07:50.612715
Mitchell Robinson,,,0707c5b20ff523e730c85090c7faffdf,2026-06-09,00:40,points,3.5,-114.0,-114.0,True,fanduel,2026-06-08T15:07:50.612717
Mitchell Robinson,,,0707c5b20ff523e730c85090c7faffdf,2026-06-09,00:40,points,4.5,118.0,-158.0,True,fanduel,2026-06-08T15:07:50.612719
Mitchell Robinson,,,0707c5b20ff523e730c85090c7faffdf,2026-06-09,00:40,points,5.5,182.0,-250.0,True,fanduel,2026-06-08T15:07:50.612722
Mitchell Robinson,,,0707c5b20ff523e730c85090c7faffdf,2026-06-09,00:40,points,6.5,260.0,-380.0,True,fanduel,2026-06-08T15:07:50.612724
Mikal Bridges,,,0707c5b20ff523e730c85090c7faffdf,2026-06-09,00:40,points,7.5,-1000.0,,True,fanduel,2026-06-08T15:07:50.612726
Mikal Bridges,,,0707c5b20ff523e730c85090c7faffdf,2026-06-09,00:40,points,8.5,-600.0,370.0,True,fanduel,2026-06-08T15:07:50.612728
Mikal Bridges,,,0707c5b20ff523e730c85090c7faffdf,2026-06-09,00:40,points,10.5,-280.0,200.0,True,fanduel,2026-06-08T15:07:50.612730
Mikal Bridges,,,0707c5b20ff523e730c85090c7faffdf,2026-06-09,00:40,points,11.5,-210.0,154.0,True,fanduel,2026-06-08T15:07:50.612731
Mikal Bridges,,,0707c5b20ff523e730c85090c7faffdf,2026-06-09,00:40,points,12.5,-146.0,110.0,True,fanduel,2026-06-08T15:07:50.612733
Mikal Bridges,,,0707c5b20ff523e730c85090c7faffdf,2026-06-09,00:40,points,13.5,-108.0,-122.0,True,fanduel,2026-06-08T15:07:50.612735
Mikal Bridges,,,0707c5b20ff523e730c85090c7faffdf,2026-06-09,00:40,points,15.5,162.0,-220.0,True,fanduel,2026-06-08T15:07:50.612736
Mikal Bridges,,,0707c5b20ff523e730c85090c7faffdf,2026-06-09,00:40,points,16.5,205.0,-290.0,True,fanduel,2026-06-08T15:07:50.612738
Mikal Bridges,,,0707c5b20ff523e730c85090c7faffdf,2026-06-09,00:40,points,17.5,270.0,-400.0,True,fanduel,2026-06-08T15:07:50.612740
Victor Wembanyama,,,0707c5b20ff523e730c85090c7faffdf,2026-06-09,00:40,points,49.5,5500.0,,True,fanduel,2026-06-08T15:07:50.612741
Jalen Brunson,,,0707c5b20ff523e730c85090c7faffdf,2026-06-09,00:40,points,49.5,6500.0,,True,fanduel,2026-06-08T15:07:50.612743
Victor Wembanyama,,,0707c5b20ff523e730c85090c7faffdf,2026-06-09,00:40,points,39.5,1000.0,,True,fanduel,2026-06-08T15:07:50.612745
Jalen Brunson,,,0707c5b20ff523e730c85090c7faffdf,2026-06-09,00:40,points,39.5,1100.0,,True,fanduel,2026-06-08T15:07:50.612748
Julian Champagnie,,,0707c5b20ff523e730c85090c7faffdf,2026-06-09,00:40,rebounds,5.5,102.0,-136.0,False,fanduel,2026-06-08T15:07:50.612776
Dylan Harper,,,0707c5b20ff523e730c85090c7faffdf,2026-06-09,00:40,rebounds,5.5,-102.0,-130.0,False,fanduel,2026-06-08T15:07:50.612778
De'Aaron Fox,,,0707c5b20ff523e730c85090c7faffdf,2026-06-09,00:40,rebounds,3.5,116.0,-154.0,False,fanduel,2026-06-08T15:07:50.612780
Miles McBride,,,0707c5b20ff523e730c85090c7faffdf,2026-06-09,00:40,rebounds,1.5,116.0,-158.0,False,fanduel,2026-06-08T15:07:50.612782
OG Anunoby,,,0707c5b20ff523e730c85090c7faffdf,2026-06-09,00:40,rebounds,5.5,114.0,-152.0,False,fanduel,2026-06-08T15:07:50.612783
Devin Vassell,,,0707c5b20ff523e730c85090c7faffdf,2026-06-09,00:40,rebounds,4.5,-138.0,104.0,False,fanduel,2026-06-08T15:07:50.612785
Jose Alvarado,,,0707c5b20ff523e730c85090c7faffdf,2026-06-09,00:40,rebounds,1.5,162.0,-220.0,False,fanduel,2026-06-08T15:07:50.612787
Victor Wembanyama,,,0707c5b20ff523e730c85090c7faffdf,2026-06-09,00:40,rebounds,11.5,-114.0,-114.0,False,fanduel,2026-06-08T15:07:50.612788
Jalen Brunson,,,0707c5b20ff523e730c85090c7faffdf,2026-06-09,00:40,rebounds,3.5,128.0,-172.0,False,fanduel,2026-06-08T15:07:50.612790
Landry Shamet,,,0707c5b20ff523e730c85090c7faffdf,2026-06-09,00:40,rebounds,1.5,-114.0,-114.0,False,fanduel,2026-06-08T15:07:50.612792
Stephon Castle,,,0707c5b20ff523e730c85090c7faffdf,2026-06-09,00:40,rebounds,5.5,122.0,-162.0,False,fanduel,2026-06-08T15:07:50.612794
Josh Hart,,,0707c5b20ff523e730c85090c7faffdf,2026-06-09,00:40,rebounds,8.5,-104.0,-128.0,False,fanduel,2026-06-08T15:07:50.612795
Mikal Bridges,,,0707c5b20ff523e730c85090c7faffdf,2026-06-09,00:40,rebounds,3.5,104.0,-138.0,False,fanduel,2026-06-08T15:07:50.612797
Karl-Anthony Towns,,,0707c5b20ff523e730c85090c7faffdf,2026-06-09,00:40,rebounds,11.5,-118.0,-112.0,False,fanduel,2026-06-08T15:07:50.612799
Luke Kornet,,,0707c5b20ff523e730c85090c7faffdf,2026-06-09,00:40,rebounds,2.5,110.0,-146.0,False,fanduel,2026-06-08T15:07:50.612800
OG Anunoby,,,0707c5b20ff523e730c85090c7faffdf,2026-06-09,00:40,rebounds,2.5,-1450.0,,True,fanduel,2026-06-08T15:07:50.612885
OG Anunoby,,,0707c5b20ff523e730c85090c7faffdf,2026-06-09,00:40,rebounds,3.5,-430.0,290.0,True,fanduel,2026-06-08T15:07:50.612887
OG Anunoby,,,0707c5b20ff523e730c85090c7faffdf,2026-06-09,00:40,rebounds,4.5,-188.0,140.0,True,fanduel,2026-06-08T15:07:50.612889
OG Anunoby,,,0707c5b20ff523e730c85090c7faffdf,2026-06-09,00:40,rebounds,5.5,116.0,-152.0,True,fanduel,2026-06-08T15:07:50.612890
OG Anunoby,,,0707c5b20ff523e730c85090c7faffdf,2026-06-09,00:40,rebounds,6.5,210.0,-300.0,True,fanduel,2026-06-08T15:07:50.612892
OG Anunoby,,,0707c5b20ff523e730c85090c7faffdf,2026-06-09,00:40,rebounds,7.5,400.0,-650.0,True,fanduel,2026-06-08T15:07:50.612894
OG Anunoby,,,0707c5b20ff523e730c85090c7faffdf,2026-06-09,00:40,rebounds,8.5,,-1450.0,True,fanduel,2026-06-08T15:07:50.612896
De'Aaron Fox,,,0707c5b20ff523e730c85090c7faffdf,2026-06-09,00:40,rebounds,1.5,-750.0,430.0,True,fanduel,2026-06-08T15:07:50.612897
De'Aaron Fox,,,0707c5b20ff523e730c85090c7faffdf,2026-06-09,00:40,rebounds,2.5,-225.0,164.0,True,fanduel,2026-06-08T15:07:50.612899
De'Aaron Fox,,,0707c5b20ff523e730c85090c7faffdf,2026-06-09,00:40,rebounds,3.5,118.0,-154.0,True,fanduel,2026-06-08T15:07:50.612901
De'Aaron Fox,,,0707c5b20ff523e730c85090c7faffdf,2026-06-09,00:40,rebounds,4.5,260.0,-380.0,True,fanduel,2026-06-08T15:07:50.612902
De'Aaron Fox,,,0707c5b20ff523e730c85090c7faffdf,2026-06-09,00:40,rebounds,5.5,560.0,-1100.0,True,fanduel,2026-06-08T15:07:50.612904
Josh Hart,,,0707c5b20ff523e730c85090c7faffdf,2026-06-09,00:40,rebounds,5.5,-650.0,390.0,True,fanduel,2026-06-08T15:07:50.612906
Dylan Harper,,,0707c5b20ff523e730c85090c7faffdf,2026-06-09,00:40,rebounds,5.5,-102.0,-130.0,True,fanduel,2026-06-08T15:07:50.612907
Julian Champagnie,,,0707c5b20ff523e730c85090c7faffdf,2026-06-09,00:40,rebounds,5.5,102.0,-136.0,True,fanduel,2026-06-08T15:07:50.612909
Mitchell Robinson,,,0707c5b20ff523e730c85090c7faffdf,2026-06-09,00:40,rebounds,5.5,116.0,-152.0,True,fanduel,2026-06-08T15:07:50.612911
Stephon Castle,,,0707c5b20ff523e730c85090c7faffdf,2026-06-09,00:40,rebounds,5.5,122.0,-162.0,True,fanduel,2026-06-08T15:07:50.612913
Devin Vassell,,,0707c5b20ff523e730c85090c7faffdf,2026-06-09,00:40,rebounds,5.5,152.0,-205.0,True,fanduel,2026-06-08T15:07:50.612914
Mikal Bridges,,,0707c5b20ff523e730c85090c7faffdf,2026-06-09,00:40,rebounds,5.5,500.0,,True,fanduel,2026-06-08T15:07:50.612916
Keldon Johnson,,,0707c5b20ff523e730c85090c7faffdf,2026-06-09,00:40,rebounds,5.5,600.0,-1200.0,True,fanduel,2026-06-08T15:07:50.612918
Jalen Brunson,,,0707c5b20ff523e730c85090c7faffdf,2026-06-09,00:40,rebounds,5.5,630.0,,True,fanduel,2026-06-08T15:07:50.612920
Luke Kornet,,,0707c5b20ff523e730c85090c7faffdf,2026-06-09,00:40,rebounds,5.5,900.0,,True,fanduel,2026-06-08T15:07:50.612921
Victor Wembanyama,,,0707c5b20ff523e730c85090c7faffdf,2026-06-09,00:40,rebounds,7.5,-800.0,470.0,True,fanduel,2026-06-08T15:07:50.612923
Victor Wembanyama,,,0707c5b20ff523e730c85090c7faffdf,2026-06-09,00:40,rebounds,8.5,-440.0,290.0,True,fanduel,2026-06-08T15:07:50.612925
Victor Wembanyama,,,0707c5b20ff523e730c85090c7faffdf,2026-06-09,00:40,rebounds,9.5,-310.0,220.0,True,fanduel,2026-06-08T15:07:50.612926
Victor Wembanyama,,,0707c5b20ff523e730c85090c7faffdf,2026-06-09,00:40,rebounds,10.5,-192.0,142.0,True,fanduel,2026-06-08T15:07:50.612928
Victor Wembanyama,,,0707c5b20ff523e730c85090c7faffdf,2026-06-09,00:40,rebounds,11.5,-113.0,-114.0,True,fanduel,2026-06-08T15:07:50.612930
Victor Wembanyama,,,0707c5b20ff523e730c85090c7faffdf,2026-06-09,00:40,rebounds,12.5,140.0,-188.0,True,fanduel,2026-06-08T15:07:50.612932
Victor Wembanyama,,,0707c5b20ff523e730c85090c7faffdf,2026-06-09,00:40,rebounds,13.5,220.0,-300.0,True,fanduel,2026-06-08T15:07:50.612933
Victor Wembanyama,,,0707c5b20ff523e730c85090c7faffdf,2026-06-09,00:40,rebounds,14.5,310.0,-470.0,True,fanduel,2026-06-08T15:07:50.612935
Victor Wembanyama,,,0707c5b20ff523e730c85090c7faffdf,2026-06-09,00:40,rebounds,15.5,480.0,-850.0,True,fanduel,2026-06-08T15:07:50.612937
Stephon Castle,,,0707c5b20ff523e730c85090c7faffdf,2026-06-09,00:40,rebounds,2.5,-1200.0,,True,fanduel,2026-06-08T15:07:50.612938
Stephon Castle,,,0707c5b20ff523e730c85090c7faffdf,2026-06-09,00:40,rebounds,3.5,-360.0,260.0,True,fanduel,2026-06-08T15:07:50.612940
Stephon Castle,,,0707c5b20ff523e730c85090c7faffdf,2026-06-09,00:40,rebounds,4.5,-166.0,124.0,True,fanduel,2026-06-08T15:07:50.612942
Stephon Castle,,,0707c5b20ff523e730c85090c7faffdf,2026-06-09,00:40,rebounds,6.5,225.0,-320.0,True,fanduel,2026-06-08T15:07:50.612944
Stephon Castle,,,0707c5b20ff523e730c85090c7faffdf,2026-06-09,00:40,rebounds,7.5,430.0,-700.0,True,fanduel,2026-06-08T15:07:50.612948
Karl-Anthony Towns,,,0707c5b20ff523e730c85090c7faffdf,2026-06-09,00:40,rebounds,7.5,-850.0,490.0,True,fanduel,2026-06-08T15:07:50.612949
Karl-Anthony Towns,,,0707c5b20ff523e730c85090c7faffdf,2026-06-09,00:40,rebounds,8.5,-450.0,300.0,True,fanduel,2026-06-08T15:07:50.612951
Karl-Anthony Towns,,,0707c5b20ff523e730c85090c7faffdf,2026-06-09,00:40,rebounds,9.5,-320.0,225.0,True,fanduel,2026-06-08T15:07:50.612953
Karl-Anthony Towns,,,0707c5b20ff523e730c85090c7faffdf,2026-06-09,00:40,rebounds,10.5,-192.0,142.0,True,fanduel,2026-06-08T15:07:50.612954
Karl-Anthony Towns,,,0707c5b20ff523e730c85090c7faffdf,2026-06-09,00:40,rebounds,11.5,-115.0,-112.0,True,fanduel,2026-06-08T15:07:50.612956
Karl-Anthony Towns,,,0707c5b20ff523e730c85090c7faffdf,2026-06-09,00:40,rebounds,12.5,140.0,-188.0,True,fanduel,2026-06-08T15:07:50.612958
Karl-Anthony Towns,,,0707c5b20ff523e730c85090c7faffdf,2026-06-09,00:40,rebounds,13.5,220.0,-300.0,True,fanduel,2026-06-08T15:07:50.612960
Karl-Anthony Towns,,,0707c5b20ff523e730c85090c7faffdf,2026-06-09,00:40,rebounds,14.5,320.0,-490.0,True,fanduel,2026-06-08T15:07:50.612961
Karl-Anthony Towns,,,0707c5b20ff523e730c85090c7faffdf,2026-06-09,00:40,rebounds,15.5,500.0,-900.0,True,fanduel,2026-06-08T15:07:50.612963
Mitchell Robinson,,,0707c5b20ff523e730c85090c7faffdf,2026-06-09,00:40,rebounds,2.5,-700.0,410.0,True,fanduel,2026-06-08T15:07:50.612965
Mitchell Robinson,,,0707c5b20ff523e730c85090c7faffdf,2026-06-09,00:40,rebounds,3.5,-295.0,220.0,True,fanduel,2026-06-08T15:07:50.612966
Mitchell Robinson,,,0707c5b20ff523e730c85090c7faffdf,2026-06-09,00:40,rebounds,4.5,-158.0,118.0,True,fanduel,2026-06-08T15:07:50.612968
Mitchell Robinson,,,0707c5b20ff523e730c85090c7faffdf,2026-06-09,00:40,rebounds,6.5,182.0,-250.0,True,fanduel,2026-06-08T15:07:50.612970
Mitchell Robinson,,,0707c5b20ff523e730c85090c7faffdf,2026-06-09,00:40,rebounds,7.5,300.0,-440.0,True,fanduel,2026-06-08T15:07:50.612971
Josh Hart,,,0707c5b20ff523e730c85090c7faffdf,2026-06-09,00:40,rebounds,3.5,-4500.0,,True,fanduel,2026-06-08T15:07:50.612973
Julian Champagnie,,,0707c5b20ff523e730c85090c7faffdf,2026-06-09,00:40,rebounds,3.5,-470.0,310.0,True,fanduel,2026-06-08T15:07:50.612975
Dylan Harper,,,0707c5b20ff523e730c85090c7faffdf,2026-06-09,00:40,rebounds,3.5,-440.0,290.0,True,fanduel,2026-06-08T15:07:50.612977
Devin Vassell,,,0707c5b20ff523e730c85090c7faffdf,2026-06-09,00:40,rebounds,3.5,-320.0,225.0,True,fanduel,2026-06-08T15:07:50.612978
Mikal Bridges,,,0707c5b20ff523e730c85090c7faffdf,2026-06-09,00:40,rebounds,3.5,106.0,,True,fanduel,2026-06-08T15:07:50.612980
Jalen Brunson,,,0707c5b20ff523e730c85090c7faffdf,2026-06-09,00:40,rebounds,3.5,130.0,,True,fanduel,2026-06-08T15:07:50.612982
Keldon Johnson,,,0707c5b20ff523e730c85090c7faffdf,2026-06-09,00:40,rebounds,3.5,174.0,-240.0,True,fanduel,2026-06-08T15:07:50.612983
Luke Kornet,,,0707c5b20ff523e730c85090c7faffdf,2026-06-09,00:40,rebounds,3.5,250.0,,True,fanduel,2026-06-08T15:07:50.612985
Josh Hart,,,0707c5b20ff523e730c85090c7faffdf,2026-06-09,00:40,rebounds,9.5,130.0,-174.0,True,fanduel,2026-06-08T15:07:50.612987
Mitchell Robinson,,,0707c5b20ff523e730c85090c7faffdf,2026-06-09,00:40,rebounds,9.5,600.0,,True,fanduel,2026-06-08T15:07:50.612989
Dylan Harper,,,0707c5b20ff523e730c85090c7faffdf,2026-06-09,00:40,rebounds,9.5,830.0,,True,fanduel,2026-06-08T15:07:50.612990
Julian Champagnie,,,0707c5b20ff523e730c85090c7faffdf,2026-06-09,00:40,rebounds,9.5,1000.0,,True,fanduel,2026-06-08T15:07:50.612992
Stephon Castle,,,0707c5b20ff523e730c85090c7faffdf,2026-06-09,00:40,rebounds,9.5,1060.0,,True,fanduel,2026-06-08T15:07:50.612994
OG Anunoby,,,0707c5b20ff523e730c85090c7faffdf,2026-06-09,00:40,rebounds,9.5,1060.0,,True,fanduel,2026-06-08T15:07:50.612995
Devin Vassell,,,0707c5b20ff523e730c85090c7faffdf,2026-06-09,00:40,rebounds,9.5,1300.0,,True,fanduel,2026-06-08T15:07:50.612997
Dylan Harper,,,0707c5b20ff523e730c85090c7faffdf,2026-06-09,00:40,rebounds,2.5,-1400.0,,True,fanduel,2026-06-08T15:07:50.612999
Dylan Harper,,,0707c5b20ff523e730c85090c7faffdf,2026-06-09,00:40,rebounds,4.5,-205.0,152.0,True,fanduel,2026-06-08T15:07:50.613001
Dylan Harper,,,0707c5b20ff523e730c85090c7faffdf,2026-06-09,00:40,rebounds,6.5,182.0,-250.0,True,fanduel,2026-06-08T15:07:50.613002
Dylan Harper,,,0707c5b20ff523e730c85090c7faffdf,2026-06-09,00:40,rebounds,7.5,320.0,-470.0,True,fanduel,2026-06-08T15:07:50.613004
Julian Champagnie,,,0707c5b20ff523e730c85090c7faffdf,2026-06-09,00:40,rebounds,4.5,-205.0,152.0,True,fanduel,2026-06-08T15:07:50.613006
Julian Champagnie,,,0707c5b20ff523e730c85090c7faffdf,2026-06-09,00:40,rebounds,6.5,194.0,-270.0,True,fanduel,2026-06-08T15:07:50.613008
Julian Champagnie,,,0707c5b20ff523e730c85090c7faffdf,2026-06-09,00:40,rebounds,7.5,350.0,-550.0,True,fanduel,2026-06-08T15:07:50.613009
Julian Champagnie,,,0707c5b20ff523e730c85090c7faffdf,2026-06-09,00:40,rebounds,8.5,,-1400.0,True,fanduel,2026-06-08T15:07:50.613011
Keldon Johnson,,,0707c5b20ff523e730c85090c7faffdf,2026-06-09,00:40,rebounds,1.5,-320.0,225.0,True,fanduel,2026-06-08T15:07:50.613013
Keldon Johnson,,,0707c5b20ff523e730c85090c7faffdf,2026-06-09,00:40,rebounds,2.5,-128.0,-104.0,True,fanduel,2026-06-08T15:07:50.613014
Keldon Johnson,,,0707c5b20ff523e730c85090c7faffdf,2026-06-09,00:40,rebounds,4.5,320.0,-500.0,True,fanduel,2026-06-08T15:07:50.613016
Josh Hart,,,0707c5b20ff523e730c85090c7faffdf,2026-06-09,00:40,rebounds,7.5,-178.0,132.0,True,fanduel,2026-06-08T15:07:50.613018
Devin Vassell,,,0707c5b20ff523e730c85090c7faffdf,2026-06-09,00:40,rebounds,7.5,490.0,-900.0,True,fanduel,2026-06-08T15:07:50.613020
Keldon Johnson,,,0707c5b20ff523e730c85090c7faffdf,2026-06-09,00:40,rebounds,7.5,1500.0,,True,fanduel,2026-06-08T15:07:50.613021
Josh Hart,,,0707c5b20ff523e730c85090c7faffdf,2026-06-09,00:40,rebounds,6.5,-320.0,225.0,True,fanduel,2026-06-08T15:07:50.613023
Josh Hart,,,0707c5b20ff523e730c85090c7faffdf,2026-06-09,00:40,rebounds,8.5,-104.0,-128.0,True,fanduel,2026-06-08T15:07:50.613025
Josh Hart,,,0707c5b20ff523e730c85090c7faffdf,2026-06-09,00:40,rebounds,10.5,210.0,-300.0,True,fanduel,2026-06-08T15:07:50.613026
Josh Hart,,,0707c5b20ff523e730c85090c7faffdf,2026-06-09,00:40,rebounds,11.5,340.0,-500.0,True,fanduel,2026-06-08T15:07:50.613028
Josh Hart,,,0707c5b20ff523e730c85090c7faffdf,2026-06-09,00:40,rebounds,12.5,490.0,-900.0,True,fanduel,2026-06-08T15:07:50.613030
Mitchell Robinson,,,0707c5b20ff523e730c85090c7faffdf,2026-06-09,00:40,rebounds,11.5,1200.0,,True,fanduel,2026-06-08T15:07:50.613032
Dylan Harper,,,0707c5b20ff523e730c85090c7faffdf,2026-06-09,00:40,rebounds,11.5,2000.0,,True,fanduel,2026-06-08T15:07:50.613033
Julian Champagnie,,,0707c5b20ff523e730c85090c7faffdf,2026-06-09,00:40,rebounds,11.5,2500.0,,True,fanduel,2026-06-08T15:07:50.613037
Josh Hart,,,0707c5b20ff523e730c85090c7faffdf,2026-06-09,00:40,rebounds,13.5,800.0,,True,fanduel,2026-06-08T15:07:50.613038
Mitchell Robinson,,,0707c5b20ff523e730c85090c7faffdf,2026-06-09,00:40,rebounds,13.5,2500.0,,True,fanduel,2026-06-08T15:07:50.613040
Devin Vassell,,,0707c5b20ff523e730c85090c7faffdf,2026-06-09,00:40,rebounds,2.5,-1100.0,,True,fanduel,2026-06-08T15:07:50.613042
Devin Vassell,,,0707c5b20ff523e730c85090c7faffdf,2026-06-09,00:40,rebounds,4.5,-138.0,104.0,True,fanduel,2026-06-08T15:07:50.613044
Devin Vassell,,,0707c5b20ff523e730c85090c7faffdf,2026-06-09,00:40,rebounds,6.5,270.0,-400.0,True,fanduel,2026-06-08T15:07:50.613045
Josh Hart,,,0707c5b20ff523e730c85090c7faffdf,2026-06-09,00:40,rebounds,15.5,1500.0,,True,fanduel,2026-06-08T15:07:50.613047
De'Aaron Fox,,,0707c5b20ff523e730c85090c7faffdf,2026-06-09,00:40,threes,1.5,138.0,-186.0,False,fanduel,2026-06-08T15:07:50.613062
Devin Vassell,,,0707c5b20ff523e730c85090c7faffdf,2026-06-09,00:40,threes,2.5,110.0,-146.0,False,fanduel,2026-06-08T15:07:50.613064
OG Anunoby,,,0707c5b20ff523e730c85090c7faffdf,2026-06-09,00:40,threes,2.5,158.0,-215.0,False,fanduel,2026-06-08T15:07:50.613066
Victor Wembanyama,,,0707c5b20ff523e730c85090c7faffdf,2026-06-09,00:40,threes,1.5,-188.0,140.0,False,fanduel,2026-06-08T15:07:50.613068
Julian Champagnie,,,0707c5b20ff523e730c85090c7faffdf,2026-06-09,00:40,threes,2.5,110.0,-146.0,False,fanduel,2026-06-08T15:07:50.613069
Jalen Brunson,,,0707c5b20ff523e730c85090c7faffdf,2026-06-09,00:40,threes,2.5,130.0,-174.0,False,fanduel,2026-06-08T15:07:50.613071
Stephon Castle,,,0707c5b20ff523e730c85090c7faffdf,2026-06-09,00:40,threes,1.5,116.0,-154.0,False,fanduel,2026-06-08T15:07:50.613073
Josh Hart,,,0707c5b20ff523e730c85090c7faffdf,2026-06-09,00:40,threes,1.5,138.0,-186.0,False,fanduel,2026-06-08T15:07:50.613074
Mikal Bridges,,,0707c5b20ff523e730c85090c7faffdf,2026-06-09,00:40,threes,1.5,126.0,-172.0,False,fanduel,2026-06-08T15:07:50.613076
Karl-Anthony Towns,,,0707c5b20ff523e730c85090c7faffdf,2026-06-09,00:40,threes,1.5,116.0,-154.0,False,fanduel,2026-06-08T15:07:50.613078
Victor Wembanyama,,,0707c5b20ff523e730c85090c7faffdf,2026-06-09,00:40,threes,5.5,2500.0,,True,fanduel,2026-06-08T15:07:50.613132
Devin Vassell,,,0707c5b20ff523e730c85090c7faffdf,2026-06-09,00:40,threes,5.5,1400.0,,True,fanduel,2026-06-08T15:07:50.613134
Julian Champagnie,,,0707c5b20ff523e730c85090c7faffdf,2026-06-09,00:40,threes,5.5,1300.0,,True,fanduel,2026-06-08T15:07:50.613136
Jalen Brunson,,,0707c5b20ff523e730c85090c7faffdf,2026-06-09,00:40,threes,5.5,1700.0,,True,fanduel,2026-06-08T15:07:50.613138
OG Anunoby,,,0707c5b20ff523e730c85090c7faffdf,2026-06-09,00:40,threes,5.5,1800.0,,True,fanduel,2026-06-08T15:07:50.613139
Landry Shamet,,,0707c5b20ff523e730c85090c7faffdf,2026-06-09,00:40,threes,5.5,2200.0,,True,fanduel,2026-06-08T15:07:50.613141
De'Aaron Fox,,,0707c5b20ff523e730c85090c7faffdf,2026-06-09,00:40,threes,0.5,-350.0,240.0,True,fanduel,2026-06-08T15:07:50.613143
De'Aaron Fox,,,0707c5b20ff523e730c85090c7faffdf,2026-06-09,00:40,threes,1.5,140.0,-186.0,True,fanduel,2026-06-08T15:07:50.613145
De'Aaron Fox,,,0707c5b20ff523e730c85090c7faffdf,2026-06-09,00:40,threes,2.5,440.0,-700.0,True,fanduel,2026-06-08T15:07:50.613146
OG Anunoby,,,0707c5b20ff523e730c85090c7faffdf,2026-06-09,00:40,threes,0.5,-1000.0,,True,fanduel,2026-06-08T15:07:50.613148
OG Anunoby,,,0707c5b20ff523e730c85090c7faffdf,2026-06-09,00:40,threes,1.5,-192.0,148.0,True,fanduel,2026-06-08T15:07:50.613150
OG Anunoby,,,0707c5b20ff523e730c85090c7faffdf,2026-06-09,00:40,threes,2.5,162.0,-215.0,True,fanduel,2026-06-08T15:07:50.613151
OG Anunoby,,,0707c5b20ff523e730c85090c7faffdf,2026-06-09,00:40,threes,3.5,420.0,-670.0,True,fanduel,2026-06-08T15:07:50.613153
Stephon Castle,,,0707c5b20ff523e730c85090c7faffdf,2026-06-09,00:40,threes,0.5,-430.0,290.0,True,fanduel,2026-06-08T15:07:50.613155
Stephon Castle,,,0707c5b20ff523e730c85090c7faffdf,2026-06-09,00:40,threes,1.5,120.0,-154.0,True,fanduel,2026-06-08T15:07:50.613157
Stephon Castle,,,0707c5b20ff523e730c85090c7faffdf,2026-06-09,00:40,threes,2.5,390.0,-600.0,True,fanduel,2026-06-08T15:07:50.613158
Devin Vassell,,,0707c5b20ff523e730c85090c7faffdf,2026-06-09,00:40,threes,0.5,-1800.0,,True,fanduel,2026-06-08T15:07:50.613160
Julian Champagnie,,,0707c5b20ff523e730c85090c7faffdf,2026-06-09,00:40,threes,0.5,-1800.0,,True,fanduel,2026-06-08T15:07:50.613162
Jalen Brunson,,,0707c5b20ff523e730c85090c7faffdf,2026-06-09,00:40,threes,0.5,-1450.0,,True,fanduel,2026-06-08T15:07:50.613164
Victor Wembanyama,,,0707c5b20ff523e730c85090c7faffdf,2026-06-09,00:40,threes,0.5,-1000.0,,True,fanduel,2026-06-08T15:07:50.613165
Landry Shamet,,,0707c5b20ff523e730c85090c7faffdf,2026-06-09,00:40,threes,0.5,-700.0,410.0,True,fanduel,2026-06-08T15:07:50.613167
Karl-Anthony Towns,,,0707c5b20ff523e730c85090c7faffdf,2026-06-09,00:40,threes,0.5,-410.0,,True,fanduel,2026-06-08T15:07:50.613169
Mikal Bridges,,,0707c5b20ff523e730c85090c7faffdf,2026-06-09,00:40,threes,0.5,-390.0,,True,fanduel,2026-06-08T15:07:50.613171
Josh Hart,,,0707c5b20ff523e730c85090c7faffdf,2026-06-09,00:40,threes,0.5,-330.0,,True,fanduel,2026-06-08T15:07:50.613172
Miles McBride,,,0707c5b20ff523e730c85090c7faffdf,2026-06-09,00:40,threes,0.5,-295.0,,True,fanduel,2026-06-08T15:07:50.613174
Dylan Harper,,,0707c5b20ff523e730c85090c7faffdf,2026-06-09,00:40,threes,0.5,-174.0,130.0,True,fanduel,2026-06-08T15:07:50.613176
Devin Vassell,,,0707c5b20ff523e730c85090c7faffdf,2026-06-09,00:40,threes,6.5,3000.0,,True,fanduel,2026-06-08T15:07:50.613177
Julian Champagnie,,,0707c5b20ff523e730c85090c7faffdf,2026-06-09,00:40,threes,6.5,3000.0,,True,fanduel,2026-06-08T15:07:50.613179
Victor Wembanyama,,,0707c5b20ff523e730c85090c7faffdf,2026-06-09,00:40,threes,1.5,-180.0,140.0,True,fanduel,2026-06-08T15:07:50.613181
Victor Wembanyama,,,0707c5b20ff523e730c85090c7faffdf,2026-06-09,00:40,threes,2.5,176.0,-240.0,True,fanduel,2026-06-08T15:07:50.613183
Victor Wembanyama,,,0707c5b20ff523e730c85090c7faffdf,2026-06-09,00:40,threes,3.5,470.0,-800.0,True,fanduel,2026-06-08T15:07:50.613186
Dylan Harper,,,0707c5b20ff523e730c85090c7faffdf,2026-06-09,00:40,threes,1.5,285.0,-420.0,True,fanduel,2026-06-08T15:07:50.613188
Landry Shamet,,,0707c5b20ff523e730c85090c7faffdf,2026-06-09,00:40,threes,1.5,-154.0,116.0,True,fanduel,2026-06-08T15:07:50.613191
Landry Shamet,,,0707c5b20ff523e730c85090c7faffdf,2026-06-09,00:40,threes,2.5,200.0,-270.0,True,fanduel,2026-06-08T15:07:50.613193
Landry Shamet,,,0707c5b20ff523e730c85090c7faffdf,2026-06-09,00:40,threes,3.5,500.0,-900.0,True,fanduel,2026-06-08T15:07:50.613195
Devin Vassell,,,0707c5b20ff523e730c85090c7faffdf,2026-06-09,00:40,threes,1.5,-290.0,205.0,True,fanduel,2026-06-08T15:07:50.613199
Devin Vassell,,,0707c5b20ff523e730c85090c7faffdf,2026-06-09,00:40,threes,2.5,112.0,-146.0,True,fanduel,2026-06-08T15:07:50.613200
Devin Vassell,,,0707c5b20ff523e730c85090c7faffdf,2026-06-09,00:40,threes,3.5,285.0,-420.0,True,fanduel,2026-06-08T15:07:50.613202
Devin Vassell,,,0707c5b20ff523e730c85090c7faffdf,2026-06-09,00:40,threes,4.5,700.0,-1450.0,True,fanduel,2026-06-08T15:07:50.613204
Julian Champagnie,,,0707c5b20ff523e730c85090c7faffdf,2026-06-09,00:40,threes,4.5,700.0,-1450.0,True,fanduel,2026-06-08T15:07:50.613206
Jalen Brunson,,,0707c5b20ff523e730c85090c7faffdf,2026-06-09,00:40,threes,4.5,800.0,,True,fanduel,2026-06-08T15:07:50.613207
OG Anunoby,,,0707c5b20ff523e730c85090c7faffdf,2026-06-09,00:40,threes,4.5,1000.0,,True,fanduel,2026-06-08T15:07:50.613209
Victor Wembanyama,,,0707c5b20ff523e730c85090c7faffdf,2026-06-09,00:40,threes,4.5,1100.0,,True,fanduel,2026-06-08T15:07:50.613211
Landry Shamet,,,0707c5b20ff523e730c85090c7faffdf,2026-06-09,00:40,threes,4.5,1200.0,,True,fanduel,2026-06-08T15:07:50.613212
Julian Champagnie,,,0707c5b20ff523e730c85090c7faffdf,2026-06-09,00:40,threes,1.5,-290.0,205.0,True,fanduel,2026-06-08T15:07:50.613214
Julian Champagnie,,,0707c5b20ff523e730c85090c7faffdf,2026-06-09,00:40,threes,2.5,112.0,-146.0,True,fanduel,2026-06-08T15:07:50.613216
Julian Champagnie,,,0707c5b20ff523e730c85090c7faffdf,2026-06-09,00:40,threes,3.5,285.0,-420.0,True,fanduel,2026-06-08T15:07:50.613218
Jalen Brunson,,,0707c5b20ff523e730c85090c7faffdf,2026-06-09,00:40,threes,3.5,320.0,-500.0,True,fanduel,2026-06-08T15:07:50.613219
Karl-Anthony Towns,,,0707c5b20ff523e730c85090c7faffdf,2026-06-09,00:40,threes,3.5,1060.0,,True,fanduel,2026-06-08T15:07:50.613221
Stephon Castle,,,0707c5b20ff523e730c85090c7faffdf,2026-06-09,00:40,threes,3.5,1060.0,,True,fanduel,2026-06-08T15:07:50.613223
Josh Hart,,,0707c5b20ff523e730c85090c7faffdf,2026-06-09,00:40,threes,3.5,1060.0,,True,fanduel,2026-06-08T15:07:50.613224
Mikal Bridges,,,0707c5b20ff523e730c85090c7faffdf,2026-06-09,00:40,threes,3.5,1100.0,,True,fanduel,2026-06-08T15:07:50.613226
Miles McBride,,,0707c5b20ff523e730c85090c7faffdf,2026-06-09,00:40,threes,3.5,1100.0,,True,fanduel,2026-06-08T15:07:50.613228
De'Aaron Fox,,,0707c5b20ff523e730c85090c7faffdf,2026-06-09,00:40,threes,3.5,1200.0,,True,fanduel,2026-06-08T15:07:50.613230
Jalen Brunson,,,0707c5b20ff523e730c85090c7faffdf,2026-06-09,00:40,threes,1.5,-245.0,182.0,True,fanduel,2026-06-08T15:07:50.613231
Jalen Brunson,,,0707c5b20ff523e730c85090c7faffdf,2026-06-09,00:40,threes,2.5,132.0,-174.0,True,fanduel,2026-06-08T15:07:50.613233
Karl-Anthony Towns,,,0707c5b20ff523e730c85090c7faffdf,2026-06-09,00:40,threes,2.5,390.0,,True,fanduel,2026-06-08T15:07:50.613235
Mikal Bridges,,,0707c5b20ff523e730c85090c7faffdf,2026-06-09,00:40,threes,2.5,420.0,,True,fanduel,2026-06-08T15:07:50.613236
Josh Hart,,,0707c5b20ff523e730c85090c7faffdf,2026-06-09,00:40,threes,2.5,430.0,,True,fanduel,2026-06-08T15:07:50.613238
Miles McBride,,,0707c5b20ff523e730c85090c7faffdf,2026-06-09,00:40,threes,2.5,450.0,,True,fanduel,2026-06-08T15:07:50.613240
Dylan Harper,,,0707c5b20ff523e730c85090c7faffdf,2026-06-09,00:40,threes,2.5,1000.0,,True,fanduel,2026-06-08T15:07:50.613242
Karl-Anthony Towns,,,0707c5b20ff523e730c85090c7faffdf,2026-06-09,00:40,threes,1.5,118.0,,True,fanduel,2026-06-08T15:07:50.613243
Mikal Bridges,,,0707c5b20ff523e730c85090c7faffdf,2026-06-09,00:40,threes,1.5,128.0,,True,fanduel,2026-06-08T15:07:50.613245
Josh Hart,,,0707c5b20ff523e730c85090c7faffdf,2026-06-09,00:40,threes,1.5,140.0,,True,fanduel,2026-06-08T15:07:50.613248
Miles McBride,,,0707c5b20ff523e730c85090c7faffdf,2026-06-09,00:40,threes,1.5,152.0,,True,fanduel,2026-06-08T15:07:50.613250
Stephon Castle,,,0707c5b20ff523e730c85090c7faffdf,2026-06-09,00:40,assists,6.5,103.0,-136.0,False,draftkings,2026-06-08T15:07:50.613271
De'Aaron Fox,,,0707c5b20ff523e730c85090c7faffdf,2026-06-09,00:40,assists,5.5,-129.0,-102.0,False,draftkings,2026-06-08T15:07:50.613272
Jalen Brunson,,,0707c5b20ff523e730c85090c7faffdf,2026-06-09,00:40,assists,5.5,-125.0,-105.0,False,draftkings,2026-06-08T15:07:50.613274
Josh Hart,,,0707c5b20ff523e730c85090c7faffdf,2026-06-09,00:40,assists,4.5,-111.0,-119.0,False,draftkings,2026-06-08T15:07:50.613276
Karl-Anthony Towns,,,0707c5b20ff523e730c85090c7faffdf,2026-06-09,00:40,assists,3.5,-144.0,109.0,False,draftkings,2026-06-08T15:07:50.613278
Dylan Harper,,,0707c5b20ff523e730c85090c7faffdf,2026-06-09,00:40,assists,3.5,127.0,-168.0,False,draftkings,2026-06-08T15:07:50.613279
Victor Wembanyama,,,0707c5b20ff523e730c85090c7faffdf,2026-06-09,00:40,assists,3.5,129.0,-170.0,False,draftkings,2026-06-08T15:07:50.613281
Mikal Bridges,,,0707c5b20ff523e730c85090c7faffdf,2026-06-09,00:40,assists,2.5,-158.0,120.0,False,draftkings,2026-06-08T15:07:50.613283
Devin Vassell,,,0707c5b20ff523e730c85090c7faffdf,2026-06-09,00:40,assists,2.5,-103.0,-128.0,False,draftkings,2026-06-08T15:07:50.613284
OG Anunoby,,,0707c5b20ff523e730c85090c7faffdf,2026-06-09,00:40,assists,1.5,-128.0,-103.0,False,draftkings,2026-06-08T15:07:50.613286
Julian Champagnie,,,0707c5b20ff523e730c85090c7faffdf,2026-06-09,00:40,assists,1.5,115.0,-152.0,False,draftkings,2026-06-08T15:07:50.613288
Miles McBride,,,0707c5b20ff523e730c85090c7faffdf,2026-06-09,00:40,assists,1.5,131.0,-174.0,False,draftkings,2026-06-08T15:07:50.613289
Jose Alvarado,,,0707c5b20ff523e730c85090c7faffdf,2026-06-09,00:40,assists,1.5,134.0,-177.0,False,draftkings,2026-06-08T15:07:50.613291
Landry Shamet,,,0707c5b20ff523e730c85090c7faffdf,2026-06-09,00:40,assists,0.5,-228.0,171.0,False,draftkings,2026-06-08T15:07:50.613293
Keldon Johnson,,,0707c5b20ff523e730c85090c7faffdf,2026-06-09,00:40,assists,0.5,-131.0,100.0,False,draftkings,2026-06-08T15:07:50.613295
Luke Kornet,,,0707c5b20ff523e730c85090c7faffdf,2026-06-09,00:40,assists,0.5,127.0,-168.0,False,draftkings,2026-06-08T15:07:50.613296
Mitchell Robinson,,,0707c5b20ff523e730c85090c7faffdf,2026-06-09,00:40,assists,0.5,130.0,-172.0,False,draftkings,2026-06-08T15:07:50.613298
Stephon Castle,,,0707c5b20ff523e730c85090c7faffdf,2026-06-09,00:40,assists,2.5,-3800.0,,True,draftkings,2026-06-08T15:07:50.613350
Stephon Castle,,,0707c5b20ff523e730c85090c7faffdf,2026-06-09,00:40,assists,3.5,-930.0,,True,draftkings,2026-06-08T15:07:50.613352
Stephon Castle,,,0707c5b20ff523e730c85090c7faffdf,2026-06-09,00:40,assists,4.5,-380.0,,True,draftkings,2026-06-08T15:07:50.613354
Stephon Castle,,,0707c5b20ff523e730c85090c7faffdf,2026-06-09,00:40,assists,5.5,-185.0,,True,draftkings,2026-06-08T15:07:50.613373
Stephon Castle,,,0707c5b20ff523e730c85090c7faffdf,2026-06-09,00:40,assists,6.5,103.0,,True,draftkings,2026-06-08T15:07:50.613375
Stephon Castle,,,0707c5b20ff523e730c85090c7faffdf,2026-06-09,00:40,assists,7.5,191.0,,True,draftkings,2026-06-08T15:07:50.613377
Stephon Castle,,,0707c5b20ff523e730c85090c7faffdf,2026-06-09,00:40,assists,8.5,348.0,,True,draftkings,2026-06-08T15:07:50.613379
Stephon Castle,,,0707c5b20ff523e730c85090c7faffdf,2026-06-09,00:40,assists,9.5,630.0,,True,draftkings,2026-06-08T15:07:50.613381
Stephon Castle,,,0707c5b20ff523e730c85090c7faffdf,2026-06-09,00:40,assists,10.5,1100.0,,True,draftkings,2026-06-08T15:07:50.613383
Stephon Castle,,,0707c5b20ff523e730c85090c7faffdf,2026-06-09,00:40,assists,11.5,1820.0,,True,draftkings,2026-06-08T15:07:50.613384
Stephon Castle,,,0707c5b20ff523e730c85090c7faffdf,2026-06-09,00:40,assists,12.5,2600.0,,True,draftkings,2026-06-08T15:07:50.613386
Jalen Brunson,,,0707c5b20ff523e730c85090c7faffdf,2026-06-09,00:40,assists,2.5,-1700.0,,True,draftkings,2026-06-08T15:07:50.613388
Jalen Brunson,,,0707c5b20ff523e730c85090c7faffdf,2026-06-09,00:40,assists,3.5,-558.0,,True,draftkings,2026-06-08T15:07:50.613390
Jalen Brunson,,,0707c5b20ff523e730c85090c7faffdf,2026-06-09,00:40,assists,4.5,-243.0,,True,draftkings,2026-06-08T15:07:50.613391
Jalen Brunson,,,0707c5b20ff523e730c85090c7faffdf,2026-06-09,00:40,assists,5.5,-122.0,,True,draftkings,2026-06-08T15:07:50.613393
Jalen Brunson,,,0707c5b20ff523e730c85090c7faffdf,2026-06-09,00:40,assists,6.5,150.0,,True,draftkings,2026-06-08T15:07:50.613395
Jalen Brunson,,,0707c5b20ff523e730c85090c7faffdf,2026-06-09,00:40,assists,7.5,270.0,,True,draftkings,2026-06-08T15:07:50.613397
Jalen Brunson,,,0707c5b20ff523e730c85090c7faffdf,2026-06-09,00:40,assists,8.5,477.0,,True,draftkings,2026-06-08T15:07:50.613399
Jalen Brunson,,,0707c5b20ff523e730c85090c7faffdf,2026-06-09,00:40,assists,9.5,820.0,,True,draftkings,2026-06-08T15:07:50.613400
Jalen Brunson,,,0707c5b20ff523e730c85090c7faffdf,2026-06-09,00:40,assists,10.5,1340.0,,True,draftkings,2026-06-08T15:07:50.613402
Jalen Brunson,,,0707c5b20ff523e730c85090c7faffdf,2026-06-09,00:40,assists,11.5,2100.0,,True,draftkings,2026-06-08T15:07:50.613404
Jalen Brunson,,,0707c5b20ff523e730c85090c7faffdf,2026-06-09,00:40,assists,12.5,2900.0,,True,draftkings,2026-06-08T15:07:50.613405
De'Aaron Fox,,,0707c5b20ff523e730c85090c7faffdf,2026-06-09,00:40,assists,2.5,-2100.0,,True,draftkings,2026-06-08T15:07:50.613407
De'Aaron Fox,,,0707c5b20ff523e730c85090c7faffdf,2026-06-09,00:40,assists,3.5,-620.0,,True,draftkings,2026-06-08T15:07:50.613409
De'Aaron Fox,,,0707c5b20ff523e730c85090c7faffdf,2026-06-09,00:40,assists,4.5,-270.0,,True,draftkings,2026-06-08T15:07:50.613412
De'Aaron Fox,,,0707c5b20ff523e730c85090c7faffdf,2026-06-09,00:40,assists,5.5,-129.0,,True,draftkings,2026-06-08T15:07:50.613414
De'Aaron Fox,,,0707c5b20ff523e730c85090c7faffdf,2026-06-09,00:40,assists,6.5,146.0,,True,draftkings,2026-06-08T15:07:50.613416
De'Aaron Fox,,,0707c5b20ff523e730c85090c7faffdf,2026-06-09,00:40,assists,7.5,267.0,,True,draftkings,2026-06-08T15:07:50.613418
De'Aaron Fox,,,0707c5b20ff523e730c85090c7faffdf,2026-06-09,00:40,assists,8.5,495.0,,True,draftkings,2026-06-08T15:07:50.613419
De'Aaron Fox,,,0707c5b20ff523e730c85090c7faffdf,2026-06-09,00:40,assists,9.5,870.0,,True,draftkings,2026-06-08T15:07:50.613421
De'Aaron Fox,,,0707c5b20ff523e730c85090c7faffdf,2026-06-09,00:40,assists,10.5,1480.0,,True,draftkings,2026-06-08T15:07:50.613423
De'Aaron Fox,,,0707c5b20ff523e730c85090c7faffdf,2026-06-09,00:40,assists,11.5,2400.0,,True,draftkings,2026-06-08T15:07:50.613424
Josh Hart,,,0707c5b20ff523e730c85090c7faffdf,2026-06-09,00:40,assists,2.5,-456.0,,True,draftkings,2026-06-08T15:07:50.613426
Josh Hart,,,0707c5b20ff523e730c85090c7faffdf,2026-06-09,00:40,assists,3.5,-210.0,,True,draftkings,2026-06-08T15:07:50.613428
Josh Hart,,,0707c5b20ff523e730c85090c7faffdf,2026-06-09,00:40,assists,4.5,-111.0,,True,draftkings,2026-06-08T15:07:50.613430
Josh Hart,,,0707c5b20ff523e730c85090c7faffdf,2026-06-09,00:40,assists,5.5,161.0,,True,draftkings,2026-06-08T15:07:50.613474
Josh Hart,,,0707c5b20ff523e730c85090c7faffdf,2026-06-09,00:40,assists,6.5,274.0,,True,draftkings,2026-06-08T15:07:50.613476
Josh Hart,,,0707c5b20ff523e730c85090c7faffdf,2026-06-09,00:40,assists,7.5,462.0,,True,draftkings,2026-06-08T15:07:50.613478
Josh Hart,,,0707c5b20ff523e730c85090c7faffdf,2026-06-09,00:40,assists,8.5,770.0,,True,draftkings,2026-06-08T15:07:50.613479
Josh Hart,,,0707c5b20ff523e730c85090c7faffdf,2026-06-09,00:40,assists,9.5,1220.0,,True,draftkings,2026-06-08T15:07:50.613481
Josh Hart,,,0707c5b20ff523e730c85090c7faffdf,2026-06-09,00:40,assists,10.5,1880.0,,True,draftkings,2026-06-08T15:07:50.613483
Josh Hart,,,0707c5b20ff523e730c85090c7faffdf,2026-06-09,00:40,assists,11.5,2700.0,,True,draftkings,2026-06-08T15:07:50.613485
Karl-Anthony Towns,,,0707c5b20ff523e730c85090c7faffdf,2026-06-09,00:40,assists,2.5,-364.0,,True,draftkings,2026-06-08T15:07:50.613486
Karl-Anthony Towns,,,0707c5b20ff523e730c85090c7faffdf,2026-06-09,00:40,assists,3.5,-145.0,,True,draftkings,2026-06-08T15:07:50.613488
Karl-Anthony Towns,,,0707c5b20ff523e730c85090c7faffdf,2026-06-09,00:40,assists,4.5,150.0,,True,draftkings,2026-06-08T15:07:50.613490
Karl-Anthony Towns,,,0707c5b20ff523e730c85090c7faffdf,2026-06-09,00:40,assists,5.5,307.0,,True,draftkings,2026-06-08T15:07:50.613491
Karl-Anthony Towns,,,0707c5b20ff523e730c85090c7faffdf,2026-06-09,00:40,assists,6.5,599.0,,True,draftkings,2026-06-08T15:07:50.613493
Karl-Anthony Towns,,,0707c5b20ff523e730c85090c7faffdf,2026-06-09,00:40,assists,7.5,1160.0,,True,draftkings,2026-06-08T15:07:50.613495
Karl-Anthony Towns,,,0707c5b20ff523e730c85090c7faffdf,2026-06-09,00:40,assists,8.5,2000.0,,True,draftkings,2026-06-08T15:07:50.613497
Mikal Bridges,,,0707c5b20ff523e730c85090c7faffdf,2026-06-09,00:40,assists,2.5,-154.0,,True,draftkings,2026-06-08T15:07:50.613498
Mikal Bridges,,,0707c5b20ff523e730c85090c7faffdf,2026-06-09,00:40,assists,3.5,140.0,,True,draftkings,2026-06-08T15:07:50.613500
Mikal Bridges,,,0707c5b20ff523e730c85090c7faffdf,2026-06-09,00:40,assists,4.5,281.0,,True,draftkings,2026-06-08T15:07:50.613502
Mikal Bridges,,,0707c5b20ff523e730c85090c7faffdf,2026-06-09,00:40,assists,5.5,532.0,,True,draftkings,2026-06-08T15:07:50.613503
Mikal Bridges,,,0707c5b20ff523e730c85090c7faffdf,2026-06-09,00:40,assists,6.5,950.0,,True,draftkings,2026-06-08T15:07:50.613505
Mikal Bridges,,,0707c5b20ff523e730c85090c7faffdf,2026-06-09,00:40,assists,7.5,1620.0,,True,draftkings,2026-06-08T15:07:50.613511
Mikal Bridges,,,0707c5b20ff523e730c85090c7faffdf,2026-06-09,00:40,assists,8.5,2400.0,,True,draftkings,2026-06-08T15:07:50.613513
Dylan Harper,,,0707c5b20ff523e730c85090c7faffdf,2026-06-09,00:40,assists,2.5,-191.0,,True,draftkings,2026-06-08T15:07:50.613516
Dylan Harper,,,0707c5b20ff523e730c85090c7faffdf,2026-06-09,00:40,assists,3.5,128.0,,True,draftkings,2026-06-08T15:07:50.613518
Dylan Harper,,,0707c5b20ff523e730c85090c7faffdf,2026-06-09,00:40,assists,4.5,291.0,,True,draftkings,2026-06-08T15:07:50.613520
Dylan Harper,,,0707c5b20ff523e730c85090c7faffdf,2026-06-09,00:40,assists,5.5,620.0,,True,draftkings,2026-06-08T15:07:50.613522
Dylan Harper,,,0707c5b20ff523e730c85090c7faffdf,2026-06-09,00:40,assists,6.5,1220.0,,True,draftkings,2026-06-08T15:07:50.613523
Dylan Harper,,,0707c5b20ff523e730c85090c7faffdf,2026-06-09,00:40,assists,7.5,2100.0,,True,draftkings,2026-06-08T15:07:50.613525
Victor Wembanyama,,,0707c5b20ff523e730c85090c7faffdf,2026-06-09,00:40,assists,2.5,-192.0,,True,draftkings,2026-06-08T15:07:50.613527
Victor Wembanyama,,,0707c5b20ff523e730c85090c7faffdf,2026-06-09,00:40,assists,3.5,128.0,,True,draftkings,2026-06-08T15:07:50.613528
Victor Wembanyama,,,0707c5b20ff523e730c85090c7faffdf,2026-06-09,00:40,assists,4.5,279.0,,True,draftkings,2026-06-08T15:07:50.613530
Victor Wembanyama,,,0707c5b20ff523e730c85090c7faffdf,2026-06-09,00:40,assists,5.5,586.0,,True,draftkings,2026-06-08T15:07:50.613532
Victor Wembanyama,,,0707c5b20ff523e730c85090c7faffdf,2026-06-09,00:40,assists,6.5,1180.0,,True,draftkings,2026-06-08T15:07:50.613533
Victor Wembanyama,,,0707c5b20ff523e730c85090c7faffdf,2026-06-09,00:40,assists,7.5,2100.0,,True,draftkings,2026-06-08T15:07:50.613535
Devin Vassell,,,0707c5b20ff523e730c85090c7faffdf,2026-06-09,00:40,assists,2.5,-102.0,,True,draftkings,2026-06-08T15:07:50.613537
Devin Vassell,,,0707c5b20ff523e730c85090c7faffdf,2026-06-09,00:40,assists,3.5,248.0,,True,draftkings,2026-06-08T15:07:50.613538
Devin Vassell,,,0707c5b20ff523e730c85090c7faffdf,2026-06-09,00:40,assists,4.5,557.0,,True,draftkings,2026-06-08T15:07:50.613540
Devin Vassell,,,0707c5b20ff523e730c85090c7faffdf,2026-06-09,00:40,assists,5.5,1240.0,,True,draftkings,2026-06-08T15:07:50.613542
Devin Vassell,,,0707c5b20ff523e730c85090c7faffdf,2026-06-09,00:40,assists,6.5,2300.0,,True,draftkings,2026-06-08T15:07:50.613544
OG Anunoby,,,0707c5b20ff523e730c85090c7faffdf,2026-06-09,00:40,assists,1.5,-128.0,,True,draftkings,2026-06-08T15:07:50.613545
OG Anunoby,,,0707c5b20ff523e730c85090c7faffdf,2026-06-09,00:40,assists,2.5,234.0,,True,draftkings,2026-06-08T15:07:50.613547
OG Anunoby,,,0707c5b20ff523e730c85090c7faffdf,2026-06-09,00:40,assists,3.5,610.0,,True,draftkings,2026-06-08T15:07:50.613549
OG Anunoby,,,0707c5b20ff523e730c85090c7faffdf,2026-06-09,00:40,assists,4.5,1480.0,,True,draftkings,2026-06-08T15:07:50.613550
OG Anunoby,,,0707c5b20ff523e730c85090c7faffdf,2026-06-09,00:40,assists,5.5,2700.0,,True,draftkings,2026-06-08T15:07:50.613552
Jose Alvarado,,,0707c5b20ff523e730c85090c7faffdf,2026-06-09,00:40,assists,1.5,134.0,,True,draftkings,2026-06-08T15:07:50.613554
Jose Alvarado,,,0707c5b20ff523e730c85090c7faffdf,2026-06-09,00:40,assists,2.5,351.0,,True,draftkings,2026-06-08T15:07:50.613556
Jose Alvarado,,,0707c5b20ff523e730c85090c7faffdf,2026-06-09,00:40,assists,3.5,840.0,,True,draftkings,2026-06-08T15:07:50.613557
Jose Alvarado,,,0707c5b20ff523e730c85090c7faffdf,2026-06-09,00:40,assists,4.5,1760.0,,True,draftkings,2026-06-08T15:07:50.613559
Jose Alvarado,,,0707c5b20ff523e730c85090c7faffdf,2026-06-09,00:40,assists,5.5,2900.0,,True,draftkings,2026-06-08T15:07:50.613561
Julian Champagnie,,,0707c5b20ff523e730c85090c7faffdf,2026-06-09,00:40,assists,1.5,116.0,,True,draftkings,2026-06-08T15:07:50.613562
Julian Champagnie,,,0707c5b20ff523e730c85090c7faffdf,2026-06-09,00:40,assists,2.5,360.0,,True,draftkings,2026-06-08T15:07:50.613564
Julian Champagnie,,,0707c5b20ff523e730c85090c7faffdf,2026-06-09,00:40,assists,3.5,960.0,,True,draftkings,2026-06-08T15:07:50.613566
Julian Champagnie,,,0707c5b20ff523e730c85090c7faffdf,2026-06-09,00:40,assists,4.5,2100.0,,True,draftkings,2026-06-08T15:07:50.613568
Miles McBride,,,0707c5b20ff523e730c85090c7faffdf,2026-06-09,00:40,assists,1.5,132.0,,True,draftkings,2026-06-08T15:07:50.613571
Miles McBride,,,0707c5b20ff523e730c85090c7faffdf,2026-06-09,00:40,assists,2.5,385.0,,True,draftkings,2026-06-08T15:07:50.613573
Miles McBride,,,0707c5b20ff523e730c85090c7faffdf,2026-06-09,00:40,assists,3.5,1000.0,,True,draftkings,2026-06-08T15:07:50.613575
Miles McBride,,,0707c5b20ff523e730c85090c7faffdf,2026-06-09,00:40,assists,4.5,2200.0,,True,draftkings,2026-06-08T15:07:50.613576
Landry Shamet,,,0707c5b20ff523e730c85090c7faffdf,2026-06-09,00:40,assists,0.5,-232.0,,True,draftkings,2026-06-08T15:07:50.613578
Landry Shamet,,,0707c5b20ff523e730c85090c7faffdf,2026-06-09,00:40,assists,2.5,640.0,,True,draftkings,2026-06-08T15:07:50.613580
Landry Shamet,,,0707c5b20ff523e730c85090c7faffdf,2026-06-09,00:40,assists,3.5,1680.0,,True,draftkings,2026-06-08T15:07:50.613582
Keldon Johnson,,,0707c5b20ff523e730c85090c7faffdf,2026-06-09,00:40,assists,0.5,-131.0,,True,draftkings,2026-06-08T15:07:50.613583
Keldon Johnson,,,0707c5b20ff523e730c85090c7faffdf,2026-06-09,00:40,assists,2.5,1200.0,,True,draftkings,2026-06-08T15:07:50.613585
Keldon Johnson,,,0707c5b20ff523e730c85090c7faffdf,2026-06-09,00:40,assists,3.5,2700.0,,True,draftkings,2026-06-08T15:07:50.613587
Luke Kornet,,,0707c5b20ff523e730c85090c7faffdf,2026-06-09,00:40,assists,0.5,128.0,,True,draftkings,2026-06-08T15:07:50.613588
Luke Kornet,,,0707c5b20ff523e730c85090c7faffdf,2026-06-09,00:40,assists,2.5,2000.0,,True,draftkings,2026-06-08T15:07:50.613590
Mitchell Robinson,,,0707c5b20ff523e730c85090c7faffdf,2026-06-09,00:40,assists,0.5,133.0,,True,draftkings,2026-06-08T15:07:50.613592
Mitchell Robinson,,,0707c5b20ff523e730c85090c7faffdf,2026-06-09,00:40,assists,2.5,2200.0,,True,draftkings,2026-06-08T15:07:50.613594
Victor Wembanyama,,,0707c5b20ff523e730c85090c7faffdf,2026-06-09,00:40,points,27.5,-107.0,-119.0,False,draftkings,2026-06-08T15:07:50.613616
Jalen Brunson,,,0707c5b20ff523e730c85090c7faffdf,2026-06-09,00:40,points,26.5,-102.0,-125.0,False,draftkings,2026-06-08T15:07:50.613618
Karl-Anthony Towns,,,0707c5b20ff523e730c85090c7faffdf,2026-06-09,00:40,points,17.5,-120.0,-106.0,False,draftkings,2026-06-08T15:07:50.613619
Stephon Castle,,,0707c5b20ff523e730c85090c7faffdf,2026-06-09,00:40,points,16.5,101.0,-128.0,False,draftkings,2026-06-08T15:07:50.613621
OG Anunoby,,,0707c5b20ff523e730c85090c7faffdf,2026-06-09,00:40,points,15.5,-105.0,-121.0,False,draftkings,2026-06-08T15:07:50.613625
De'Aaron Fox,,,0707c5b20ff523e730c85090c7faffdf,2026-06-09,00:40,points,14.5,-111.0,-115.0,False,draftkings,2026-06-08T15:07:50.613627
Dylan Harper,,,0707c5b20ff523e730c85090c7faffdf,2026-06-09,00:40,points,14.5,-102.0,-125.0,False,draftkings,2026-06-08T15:07:50.613628
Devin Vassell,,,0707c5b20ff523e730c85090c7faffdf,2026-06-09,00:40,points,13.5,-104.0,-122.0,False,draftkings,2026-06-08T15:07:50.613630
Mikal Bridges,,,0707c5b20ff523e730c85090c7faffdf,2026-06-09,00:40,points,13.5,-102.0,-125.0,False,draftkings,2026-06-08T15:07:50.613632
Julian Champagnie,,,0707c5b20ff523e730c85090c7faffdf,2026-06-09,00:40,points,10.5,-106.0,-121.0,False,draftkings,2026-06-08T15:07:50.613633
Josh Hart,,,0707c5b20ff523e730c85090c7faffdf,2026-06-09,00:40,points,9.5,-115.0,-111.0,False,draftkings,2026-06-08T15:07:50.613635
Landry Shamet,,,0707c5b20ff523e730c85090c7faffdf,2026-06-09,00:40,points,8.5,-128.0,100.0,False,draftkings,2026-06-08T15:07:50.613637
Miles McBride,,,0707c5b20ff523e730c85090c7faffdf,2026-06-09,00:40,points,5.5,-120.0,-106.0,False,draftkings,2026-06-08T15:07:50.613639
Keldon Johnson,,,0707c5b20ff523e730c85090c7faffdf,2026-06-09,00:40,points,5.5,-111.0,-115.0,False,draftkings,2026-06-08T15:07:50.613640
Mitchell Robinson,,,0707c5b20ff523e730c85090c7faffdf,2026-06-09,00:40,points,3.5,-123.0,-104.0,False,draftkings,2026-06-08T15:07:50.613642
Jose Alvarado,,,0707c5b20ff523e730c85090c7faffdf,2026-06-09,00:40,points,2.5,-118.0,-108.0,False,draftkings,2026-06-08T15:07:50.613644
Luke Kornet,,,0707c5b20ff523e730c85090c7faffdf,2026-06-09,00:40,points,2.5,149.0,-191.0,False,draftkings,2026-06-08T15:07:50.613646
Victor Wembanyama,,,0707c5b20ff523e730c85090c7faffdf,2026-06-09,00:40,points,14.5,-2700.0,,True,draftkings,2026-06-08T15:07:50.613713
Victor Wembanyama,,,0707c5b20ff523e730c85090c7faffdf,2026-06-09,00:40,points,17.5,-970.0,,True,draftkings,2026-06-08T15:07:50.613715
Victor Wembanyama,,,0707c5b20ff523e730c85090c7faffdf,2026-06-09,00:40,points,19.5,-557.0,,True,draftkings,2026-06-08T15:07:50.613717
Victor Wembanyama,,,0707c5b20ff523e730c85090c7faffdf,2026-06-09,00:40,points,24.5,-188.0,,True,draftkings,2026-06-08T15:07:50.613719
Victor Wembanyama,,,0707c5b20ff523e730c85090c7faffdf,2026-06-09,00:40,points,27.5,-107.0,,True,draftkings,2026-06-08T15:07:50.613720
Victor Wembanyama,,,0707c5b20ff523e730c85090c7faffdf,2026-06-09,00:40,points,29.5,135.0,,True,draftkings,2026-06-08T15:07:50.613724
Victor Wembanyama,,,0707c5b20ff523e730c85090c7faffdf,2026-06-09,00:40,points,34.5,323.0,,True,draftkings,2026-06-08T15:07:50.613726
Victor Wembanyama,,,0707c5b20ff523e730c85090c7faffdf,2026-06-09,00:40,points,39.5,790.0,,True,draftkings,2026-06-08T15:07:50.613727
Victor Wembanyama,,,0707c5b20ff523e730c85090c7faffdf,2026-06-09,00:40,points,44.5,1820.0,,True,draftkings,2026-06-08T15:07:50.613729
Jalen Brunson,,,0707c5b20ff523e730c85090c7faffdf,2026-06-09,00:40,points,14.5,-2700.0,,True,draftkings,2026-06-08T15:07:50.613731
Jalen Brunson,,,0707c5b20ff523e730c85090c7faffdf,2026-06-09,00:40,points,17.5,-880.0,,True,draftkings,2026-06-08T15:07:50.613733
Jalen Brunson,,,0707c5b20ff523e730c85090c7faffdf,2026-06-09,00:40,points,19.5,-493.0,,True,draftkings,2026-06-08T15:07:50.613734
Jalen Brunson,,,0707c5b20ff523e730c85090c7faffdf,2026-06-09,00:40,points,24.5,-154.0,,True,draftkings,2026-06-08T15:07:50.613736
Jalen Brunson,,,0707c5b20ff523e730c85090c7faffdf,2026-06-09,00:40,points,26.5,-102.0,,True,draftkings,2026-06-08T15:07:50.613738
Jalen Brunson,,,0707c5b20ff523e730c85090c7faffdf,2026-06-09,00:40,points,29.5,182.0,,True,draftkings,2026-06-08T15:07:50.613739
Jalen Brunson,,,0707c5b20ff523e730c85090c7faffdf,2026-06-09,00:40,points,34.5,486.0,,True,draftkings,2026-06-08T15:07:50.613741
Jalen Brunson,,,0707c5b20ff523e730c85090c7faffdf,2026-06-09,00:40,points,39.5,1300.0,,True,draftkings,2026-06-08T15:07:50.613743
Jalen Brunson,,,0707c5b20ff523e730c85090c7faffdf,2026-06-09,00:40,points,44.5,2700.0,,True,draftkings,2026-06-08T15:07:50.613745
Karl-Anthony Towns,,,0707c5b20ff523e730c85090c7faffdf,2026-06-09,00:40,points,9.5,-1760.0,,True,draftkings,2026-06-08T15:07:50.613746
Karl-Anthony Towns,,,0707c5b20ff523e730c85090c7faffdf,2026-06-09,00:40,points,11.5,-710.0,,True,draftkings,2026-06-08T15:07:50.613748
Karl-Anthony Towns,,,0707c5b20ff523e730c85090c7faffdf,2026-06-09,00:40,points,14.5,-269.0,,True,draftkings,2026-06-08T15:07:50.613750
Karl-Anthony Towns,,,0707c5b20ff523e730c85090c7faffdf,2026-06-09,00:40,points,17.5,-118.0,,True,draftkings,2026-06-08T15:07:50.613751
Karl-Anthony Towns,,,0707c5b20ff523e730c85090c7faffdf,2026-06-09,00:40,points,19.5,141.0,,True,draftkings,2026-06-08T15:07:50.613753
Karl-Anthony Towns,,,0707c5b20ff523e730c85090c7faffdf,2026-06-09,00:40,points,24.5,465.0,,True,draftkings,2026-06-08T15:07:50.613755
Karl-Anthony Towns,,,0707c5b20ff523e730c85090c7faffdf,2026-06-09,00:40,points,29.5,1460.0,,True,draftkings,2026-06-08T15:07:50.613757
Stephon Castle,,,0707c5b20ff523e730c85090c7faffdf,2026-06-09,00:40,points,7.5,-2300.0,,True,draftkings,2026-06-08T15:07:50.613758
Stephon Castle,,,0707c5b20ff523e730c85090c7faffdf,2026-06-09,00:40,points,9.5,-870.0,,True,draftkings,2026-06-08T15:07:50.613760
Stephon Castle,,,0707c5b20ff523e730c85090c7faffdf,2026-06-09,00:40,points,11.5,-408.0,,True,draftkings,2026-06-08T15:07:50.613762
Stephon Castle,,,0707c5b20ff523e730c85090c7faffdf,2026-06-09,00:40,points,14.5,-171.0,,True,draftkings,2026-06-08T15:07:50.613763
Stephon Castle,,,0707c5b20ff523e730c85090c7faffdf,2026-06-09,00:40,points,16.5,-101.0,,True,draftkings,2026-06-08T15:07:50.613765
Stephon Castle,,,0707c5b20ff523e730c85090c7faffdf,2026-06-09,00:40,points,17.5,126.0,,True,draftkings,2026-06-08T15:07:50.613767
Stephon Castle,,,0707c5b20ff523e730c85090c7faffdf,2026-06-09,00:40,points,19.5,204.0,,True,draftkings,2026-06-08T15:07:50.613769
Stephon Castle,,,0707c5b20ff523e730c85090c7faffdf,2026-06-09,00:40,points,24.5,620.0,,True,draftkings,2026-06-08T15:07:50.613770
Stephon Castle,,,0707c5b20ff523e730c85090c7faffdf,2026-06-09,00:40,points,29.5,1780.0,,True,draftkings,2026-06-08T15:07:50.613772
OG Anunoby,,,0707c5b20ff523e730c85090c7faffdf,2026-06-09,00:40,points,7.5,-1440.0,,True,draftkings,2026-06-08T15:07:50.613774
OG Anunoby,,,0707c5b20ff523e730c85090c7faffdf,2026-06-09,00:40,points,9.5,-600.0,,True,draftkings,2026-06-08T15:07:50.613775
OG Anunoby,,,0707c5b20ff523e730c85090c7faffdf,2026-06-09,00:40,points,11.5,-314.0,,True,draftkings,2026-06-08T15:07:50.613779
OG Anunoby,,,0707c5b20ff523e730c85090c7faffdf,2026-06-09,00:40,points,14.5,-136.0,,True,draftkings,2026-06-08T15:07:50.613783
OG Anunoby,,,0707c5b20ff523e730c85090c7faffdf,2026-06-09,00:40,points,15.5,-106.0,,True,draftkings,2026-06-08T15:07:50.613784
OG Anunoby,,,0707c5b20ff523e730c85090c7faffdf,2026-06-09,00:40,points,17.5,151.0,,True,draftkings,2026-06-08T15:07:50.613788
OG Anunoby,,,0707c5b20ff523e730c85090c7faffdf,2026-06-09,00:40,points,19.5,247.0,,True,draftkings,2026-06-08T15:07:50.613790
OG Anunoby,,,0707c5b20ff523e730c85090c7faffdf,2026-06-09,00:40,points,24.5,760.0,,True,draftkings,2026-06-08T15:07:50.613792
OG Anunoby,,,0707c5b20ff523e730c85090c7faffdf,2026-06-09,00:40,points,29.5,2100.0,,True,draftkings,2026-06-08T15:07:50.613793
Dylan Harper,,,0707c5b20ff523e730c85090c7faffdf,2026-06-09,00:40,points,5.5,-3200.0,,True,draftkings,2026-06-08T15:07:50.613795
Dylan Harper,,,0707c5b20ff523e730c85090c7faffdf,2026-06-09,00:40,points,7.5,-990.0,,True,draftkings,2026-06-08T15:07:50.613797
Dylan Harper,,,0707c5b20ff523e730c85090c7faffdf,2026-06-09,00:40,points,9.5,-443.0,,True,draftkings,2026-06-08T15:07:50.613798
Dylan Harper,,,0707c5b20ff523e730c85090c7faffdf,2026-06-09,00:40,points,11.5,-233.0,,True,draftkings,2026-06-08T15:07:50.613800
Dylan Harper,,,0707c5b20ff523e730c85090c7faffdf,2026-06-09,00:40,points,14.5,-102.0,,True,draftkings,2026-06-08T15:07:50.613802
Dylan Harper,,,0707c5b20ff523e730c85090c7faffdf,2026-06-09,00:40,points,17.5,201.0,,True,draftkings,2026-06-08T15:07:50.613803
Dylan Harper,,,0707c5b20ff523e730c85090c7faffdf,2026-06-09,00:40,points,19.5,318.0,,True,draftkings,2026-06-08T15:07:50.613805
Dylan Harper,,,0707c5b20ff523e730c85090c7faffdf,2026-06-09,00:40,points,24.5,950.0,,True,draftkings,2026-06-08T15:07:50.613807
Dylan Harper,,,0707c5b20ff523e730c85090c7faffdf,2026-06-09,00:40,points,29.5,2200.0,,True,draftkings,2026-06-08T15:07:50.613809
De'Aaron Fox,,,0707c5b20ff523e730c85090c7faffdf,2026-06-09,00:40,points,7.5,-1100.0,,True,draftkings,2026-06-08T15:07:50.613811
De'Aaron Fox,,,0707c5b20ff523e730c85090c7faffdf,2026-06-09,00:40,points,9.5,-477.0,,True,draftkings,2026-06-08T15:07:50.613812
De'Aaron Fox,,,0707c5b20ff523e730c85090c7faffdf,2026-06-09,00:40,points,11.5,-252.0,,True,draftkings,2026-06-08T15:07:50.613814
De'Aaron Fox,,,0707c5b20ff523e730c85090c7faffdf,2026-06-09,00:40,points,14.5,-110.0,,True,draftkings,2026-06-08T15:07:50.613816
De'Aaron Fox,,,0707c5b20ff523e730c85090c7faffdf,2026-06-09,00:40,points,17.5,192.0,,True,draftkings,2026-06-08T15:07:50.613818
De'Aaron Fox,,,0707c5b20ff523e730c85090c7faffdf,2026-06-09,00:40,points,19.5,310.0,,True,draftkings,2026-06-08T15:07:50.613819
De'Aaron Fox,,,0707c5b20ff523e730c85090c7faffdf,2026-06-09,00:40,points,24.5,970.0,,True,draftkings,2026-06-08T15:07:50.613821
De'Aaron Fox,,,0707c5b20ff523e730c85090c7faffdf,2026-06-09,00:40,points,29.5,2500.0,,True,draftkings,2026-06-08T15:07:50.613823
Devin Vassell,,,0707c5b20ff523e730c85090c7faffdf,2026-06-09,00:40,points,5.5,-1480.0,,True,draftkings,2026-06-08T15:07:50.613825
Devin Vassell,,,0707c5b20ff523e730c85090c7faffdf,2026-06-09,00:40,points,7.5,-620.0,,True,draftkings,2026-06-08T15:07:50.613826
Devin Vassell,,,0707c5b20ff523e730c85090c7faffdf,2026-06-09,00:40,points,9.5,-310.0,,True,draftkings,2026-06-08T15:07:50.613828
Devin Vassell,,,0707c5b20ff523e730c85090c7faffdf,2026-06-09,00:40,points,11.5,-172.0,,True,draftkings,2026-06-08T15:07:50.613830
Devin Vassell,,,0707c5b20ff523e730c85090c7faffdf,2026-06-09,00:40,points,13.5,-104.0,,True,draftkings,2026-06-08T15:07:50.613832
Devin Vassell,,,0707c5b20ff523e730c85090c7faffdf,2026-06-09,00:40,points,14.5,122.0,,True,draftkings,2026-06-08T15:07:50.613833
Devin Vassell,,,0707c5b20ff523e730c85090c7faffdf,2026-06-09,00:40,points,17.5,250.0,,True,draftkings,2026-06-08T15:07:50.613835
Devin Vassell,,,0707c5b20ff523e730c85090c7faffdf,2026-06-09,00:40,points,19.5,398.0,,True,draftkings,2026-06-08T15:07:50.613837
Devin Vassell,,,0707c5b20ff523e730c85090c7faffdf,2026-06-09,00:40,points,24.5,1160.0,,True,draftkings,2026-06-08T15:07:50.613840
Devin Vassell,,,0707c5b20ff523e730c85090c7faffdf,2026-06-09,00:40,points,29.5,2800.0,,True,draftkings,2026-06-08T15:07:50.613842
Mikal Bridges,,,0707c5b20ff523e730c85090c7faffdf,2026-06-09,00:40,points,5.5,-2100.0,,True,draftkings,2026-06-08T15:07:50.613844
Mikal Bridges,,,0707c5b20ff523e730c85090c7faffdf,2026-06-09,00:40,points,7.5,-730.0,,True,draftkings,2026-06-08T15:07:50.613845
Mikal Bridges,,,0707c5b20ff523e730c85090c7faffdf,2026-06-09,00:40,points,9.5,-340.0,,True,draftkings,2026-06-08T15:07:50.613847
Mikal Bridges,,,0707c5b20ff523e730c85090c7faffdf,2026-06-09,00:40,points,11.5,-182.0,,True,draftkings,2026-06-08T15:07:50.613849
Mikal Bridges,,,0707c5b20ff523e730c85090c7faffdf,2026-06-09,00:40,points,13.5,-103.0,,True,draftkings,2026-06-08T15:07:50.613851
Mikal Bridges,,,0707c5b20ff523e730c85090c7faffdf,2026-06-09,00:40,points,14.5,126.0,,True,draftkings,2026-06-08T15:07:50.613852
Mikal Bridges,,,0707c5b20ff523e730c85090c7faffdf,2026-06-09,00:40,points,17.5,273.0,,True,draftkings,2026-06-08T15:07:50.613854
Mikal Bridges,,,0707c5b20ff523e730c85090c7faffdf,2026-06-09,00:40,points,19.5,454.0,,True,draftkings,2026-06-08T15:07:50.613856
Mikal Bridges,,,0707c5b20ff523e730c85090c7faffdf,2026-06-09,00:40,points,24.5,1500.0,,True,draftkings,2026-06-08T15:07:50.613857
Julian Champagnie,,,0707c5b20ff523e730c85090c7faffdf,2026-06-09,00:40,points,5.5,-573.0,,True,draftkings,2026-06-08T15:07:50.613859
Julian Champagnie,,,0707c5b20ff523e730c85090c7faffdf,2026-06-09,00:40,points,7.5,-273.0,,True,draftkings,2026-06-08T15:07:50.613861
Julian Champagnie,,,0707c5b20ff523e730c85090c7faffdf,2026-06-09,00:40,points,9.5,-135.0,,True,draftkings,2026-06-08T15:07:50.613863
Julian Champagnie,,,0707c5b20ff523e730c85090c7faffdf,2026-06-09,00:40,points,10.5,-106.0,,True,draftkings,2026-06-08T15:07:50.613864
Julian Champagnie,,,0707c5b20ff523e730c85090c7faffdf,2026-06-09,00:40,points,11.5,126.0,,True,draftkings,2026-06-08T15:07:50.613866
Julian Champagnie,,,0707c5b20ff523e730c85090c7faffdf,2026-06-09,00:40,points,14.5,279.0,,True,draftkings,2026-06-08T15:07:50.613868
Julian Champagnie,,,0707c5b20ff523e730c85090c7faffdf,2026-06-09,00:40,points,17.5,586.0,,True,draftkings,2026-06-08T15:07:50.613869
Julian Champagnie,,,0707c5b20ff523e730c85090c7faffdf,2026-06-09,00:40,points,19.5,950.0,,True,draftkings,2026-06-08T15:07:50.613871
Julian Champagnie,,,0707c5b20ff523e730c85090c7faffdf,2026-06-09,00:40,points,24.5,2500.0,,True,draftkings,2026-06-08T15:07:50.613873
Josh Hart,,,0707c5b20ff523e730c85090c7faffdf,2026-06-09,00:40,points,5.5,-476.0,,True,draftkings,2026-06-08T15:07:50.613875
Josh Hart,,,0707c5b20ff523e730c85090c7faffdf,2026-06-09,00:40,points,7.5,-217.0,,True,draftkings,2026-06-08T15:07:50.613878
Josh Hart,,,0707c5b20ff523e730c85090c7faffdf,2026-06-09,00:40,points,9.5,-115.0,,True,draftkings,2026-06-08T15:07:50.613880
Josh Hart,,,0707c5b20ff523e730c85090c7faffdf,2026-06-09,00:40,points,11.5,159.0,,True,draftkings,2026-06-08T15:07:50.613882
Josh Hart,,,0707c5b20ff523e730c85090c7faffdf,2026-06-09,00:40,points,14.5,368.0,,True,draftkings,2026-06-08T15:07:50.613883
Josh Hart,,,0707c5b20ff523e730c85090c7faffdf,2026-06-09,00:40,points,17.5,790.0,,True,draftkings,2026-06-08T15:07:50.613885
Josh Hart,,,0707c5b20ff523e730c85090c7faffdf,2026-06-09,00:40,points,19.5,1280.0,,True,draftkings,2026-06-08T15:07:50.613887
Landry Shamet,,,0707c5b20ff523e730c85090c7faffdf,2026-06-09,00:40,points,5.5,-366.0,,True,draftkings,2026-06-08T15:07:50.613888
Landry Shamet,,,0707c5b20ff523e730c85090c7faffdf,2026-06-09,00:40,points,7.5,-184.0,,True,draftkings,2026-06-08T15:07:50.613890
Landry Shamet,,,0707c5b20ff523e730c85090c7faffdf,2026-06-09,00:40,points,8.5,-128.0,,True,draftkings,2026-06-08T15:07:50.613892
Landry Shamet,,,0707c5b20ff523e730c85090c7faffdf,2026-06-09,00:40,points,9.5,107.0,,True,draftkings,2026-06-08T15:07:50.613894
Landry Shamet,,,0707c5b20ff523e730c85090c7faffdf,2026-06-09,00:40,points,11.5,192.0,,True,draftkings,2026-06-08T15:07:50.613897
Landry Shamet,,,0707c5b20ff523e730c85090c7faffdf,2026-06-09,00:40,points,14.5,427.0,,True,draftkings,2026-06-08T15:07:50.613900
Landry Shamet,,,0707c5b20ff523e730c85090c7faffdf,2026-06-09,00:40,points,17.5,910.0,,True,draftkings,2026-06-08T15:07:50.613902
Landry Shamet,,,0707c5b20ff523e730c85090c7faffdf,2026-06-09,00:40,points,19.5,1480.0,,True,draftkings,2026-06-08T15:07:50.613904
Miles McBride,,,0707c5b20ff523e730c85090c7faffdf,2026-06-09,00:40,points,5.5,-119.0,,True,draftkings,2026-06-08T15:07:50.613906
Miles McBride,,,0707c5b20ff523e730c85090c7faffdf,2026-06-09,00:40,points,7.5,162.0,,True,draftkings,2026-06-08T15:07:50.613907
Miles McBride,,,0707c5b20ff523e730c85090c7faffdf,2026-06-09,00:40,points,9.5,322.0,,True,draftkings,2026-06-08T15:07:50.613909
Miles McBride,,,0707c5b20ff523e730c85090c7faffdf,2026-06-09,00:40,points,11.5,571.0,,True,draftkings,2026-06-08T15:07:50.613911
Miles McBride,,,0707c5b20ff523e730c85090c7faffdf,2026-06-09,00:40,points,14.5,1280.0,,True,draftkings,2026-06-08T15:07:50.613912
Miles McBride,,,0707c5b20ff523e730c85090c7faffdf,2026-06-09,00:40,points,17.5,2400.0,,True,draftkings,2026-06-08T15:07:50.613914
Keldon Johnson,,,0707c5b20ff523e730c85090c7faffdf,2026-06-09,00:40,points,5.5,-111.0,,True,draftkings,2026-06-08T15:07:50.613916
Keldon Johnson,,,0707c5b20ff523e730c85090c7faffdf,2026-06-09,00:40,points,7.5,183.0,,True,draftkings,2026-06-08T15:07:50.613918
Keldon Johnson,,,0707c5b20ff523e730c85090c7faffdf,2026-06-09,00:40,points,9.5,352.0,,True,draftkings,2026-06-08T15:07:50.613919
Keldon Johnson,,,0707c5b20ff523e730c85090c7faffdf,2026-06-09,00:40,points,11.5,660.0,,True,draftkings,2026-06-08T15:07:50.613921
Keldon Johnson,,,0707c5b20ff523e730c85090c7faffdf,2026-06-09,00:40,points,14.5,1460.0,,True,draftkings,2026-06-08T15:07:50.613923
Keldon Johnson,,,0707c5b20ff523e730c85090c7faffdf,2026-06-09,00:40,points,17.5,2700.0,,True,draftkings,2026-06-08T15:07:50.613924
Mitchell Robinson,,,0707c5b20ff523e730c85090c7faffdf,2026-06-09,00:40,points,3.5,-125.0,,True,draftkings,2026-06-08T15:07:50.613926
Mitchell Robinson,,,0707c5b20ff523e730c85090c7faffdf,2026-06-09,00:40,points,5.5,198.0,,True,draftkings,2026-06-08T15:07:50.613928
Mitchell Robinson,,,0707c5b20ff523e730c85090c7faffdf,2026-06-09,00:40,points,7.5,432.0,,True,draftkings,2026-06-08T15:07:50.613930
Mitchell Robinson,,,0707c5b20ff523e730c85090c7faffdf,2026-06-09,00:40,points,9.5,880.0,,True,draftkings,2026-06-08T15:07:50.613931
Mitchell Robinson,,,0707c5b20ff523e730c85090c7faffdf,2026-06-09,00:40,points,11.5,1580.0,,True,draftkings,2026-06-08T15:07:50.613933
Jose Alvarado,,,0707c5b20ff523e730c85090c7faffdf,2026-06-09,00:40,points,2.5,-119.0,,True,draftkings,2026-06-08T15:07:50.613935
Jose Alvarado,,,0707c5b20ff523e730c85090c7faffdf,2026-06-09,00:40,points,5.5,327.0,,True,draftkings,2026-06-08T15:07:50.613936
Jose Alvarado,,,0707c5b20ff523e730c85090c7faffdf,2026-06-09,00:40,points,7.5,640.0,,True,draftkings,2026-06-08T15:07:50.613938
Jose Alvarado,,,0707c5b20ff523e730c85090c7faffdf,2026-06-09,00:40,points,9.5,1300.0,,True,draftkings,2026-06-08T15:07:50.613940
Jose Alvarado,,,0707c5b20ff523e730c85090c7faffdf,2026-06-09,00:40,points,11.5,2100.0,,True,draftkings,2026-06-08T15:07:50.613942
Luke Kornet,,,0707c5b20ff523e730c85090c7faffdf,2026-06-09,00:40,points,2.5,149.0,,True,draftkings,2026-06-08T15:07:50.613943
Luke Kornet,,,0707c5b20ff523e730c85090c7faffdf,2026-06-09,00:40,points,5.5,520.0,,True,draftkings,2026-06-08T15:07:50.613945
Luke Kornet,,,0707c5b20ff523e730c85090c7faffdf,2026-06-09,00:40,points,7.5,1280.0,,True,draftkings,2026-06-08T15:07:50.613947
Luke Kornet,,,0707c5b20ff523e730c85090c7faffdf,2026-06-09,00:40,points,9.5,2400.0,,True,draftkings,2026-06-08T15:07:50.613948
Victor Wembanyama,,,0707c5b20ff523e730c85090c7faffdf,2026-06-09,00:40,rebounds,11.5,-116.0,-114.0,False,draftkings,2026-06-08T15:07:50.613970
Karl-Anthony Towns,,,0707c5b20ff523e730c85090c7faffdf,2026-06-09,00:40,rebounds,11.5,101.0,-133.0,False,draftkings,2026-06-08T15:07:50.613972
Josh Hart,,,0707c5b20ff523e730c85090c7faffdf,2026-06-09,00:40,rebounds,8.5,-111.0,-119.0,False,draftkings,2026-06-08T15:07:50.613974
Julian Champagnie,,,0707c5b20ff523e730c85090c7faffdf,2026-06-09,00:40,rebounds,5.5,-109.0,-121.0,False,draftkings,2026-06-08T15:07:50.613976
Dylan Harper,,,0707c5b20ff523e730c85090c7faffdf,2026-06-09,00:40,rebounds,5.5,-108.0,-122.0,False,draftkings,2026-06-08T15:07:50.613977
OG Anunoby,,,0707c5b20ff523e730c85090c7faffdf,2026-06-09,00:40,rebounds,5.5,113.0,-149.0,False,draftkings,2026-06-08T15:07:50.613979
Mitchell Robinson,,,0707c5b20ff523e730c85090c7faffdf,2026-06-09,00:40,rebounds,5.5,115.0,-151.0,False,draftkings,2026-06-08T15:07:50.613981
Stephon Castle,,,0707c5b20ff523e730c85090c7faffdf,2026-06-09,00:40,rebounds,4.5,-160.0,121.0,False,draftkings,2026-06-08T15:07:50.613982
Devin Vassell,,,0707c5b20ff523e730c85090c7faffdf,2026-06-09,00:40,rebounds,4.5,-137.0,104.0,False,draftkings,2026-06-08T15:07:50.613984
De'Aaron Fox,,,0707c5b20ff523e730c85090c7faffdf,2026-06-09,00:40,rebounds,3.5,103.0,-136.0,False,draftkings,2026-06-08T15:07:50.613986
Mikal Bridges,,,0707c5b20ff523e730c85090c7faffdf,2026-06-09,00:40,rebounds,3.5,104.0,-137.0,False,draftkings,2026-06-08T15:07:50.613988
Jalen Brunson,,,0707c5b20ff523e730c85090c7faffdf,2026-06-09,00:40,rebounds,2.5,-165.0,125.0,False,draftkings,2026-06-08T15:07:50.613991
Keldon Johnson,,,0707c5b20ff523e730c85090c7faffdf,2026-06-09,00:40,rebounds,2.5,-130.0,-101.0,False,draftkings,2026-06-08T15:07:50.613993
Luke Kornet,,,0707c5b20ff523e730c85090c7faffdf,2026-06-09,00:40,rebounds,2.5,115.0,-152.0,False,draftkings,2026-06-08T15:07:50.613995
Landry Shamet,,,0707c5b20ff523e730c85090c7faffdf,2026-06-09,00:40,rebounds,1.5,-115.0,-114.0,False,draftkings,2026-06-08T15:07:50.613997
Miles McBride,,,0707c5b20ff523e730c85090c7faffdf,2026-06-09,00:40,rebounds,1.5,125.0,-165.0,False,draftkings,2026-06-08T15:07:50.613998
Jose Alvarado,,,0707c5b20ff523e730c85090c7faffdf,2026-06-09,00:40,rebounds,0.5,-211.0,158.0,False,draftkings,2026-06-08T15:07:50.614000
Victor Wembanyama,,,0707c5b20ff523e730c85090c7faffdf,2026-06-09,00:40,rebounds,6.5,-2000.0,,True,draftkings,2026-06-08T15:07:50.614068
Victor Wembanyama,,,0707c5b20ff523e730c85090c7faffdf,2026-06-09,00:40,rebounds,7.5,-930.0,,True,draftkings,2026-06-08T15:07:50.614070
Victor Wembanyama,,,0707c5b20ff523e730c85090c7faffdf,2026-06-09,00:40,rebounds,8.5,-494.0,,True,draftkings,2026-06-08T15:07:50.614073
Victor Wembanyama,,,0707c5b20ff523e730c85090c7faffdf,2026-06-09,00:40,rebounds,9.5,-289.0,,True,draftkings,2026-06-08T15:07:50.614077
Victor Wembanyama,,,0707c5b20ff523e730c85090c7faffdf,2026-06-09,00:40,rebounds,10.5,-181.0,,True,draftkings,2026-06-08T15:07:50.614079
Victor Wembanyama,,,0707c5b20ff523e730c85090c7faffdf,2026-06-09,00:40,rebounds,11.5,-117.0,,True,draftkings,2026-06-08T15:07:50.614080
Victor Wembanyama,,,0707c5b20ff523e730c85090c7faffdf,2026-06-09,00:40,rebounds,12.5,130.0,,True,draftkings,2026-06-08T15:07:50.614082
Victor Wembanyama,,,0707c5b20ff523e730c85090c7faffdf,2026-06-09,00:40,rebounds,13.5,193.0,,True,draftkings,2026-06-08T15:07:50.614084
Victor Wembanyama,,,0707c5b20ff523e730c85090c7faffdf,2026-06-09,00:40,rebounds,14.5,288.0,,True,draftkings,2026-06-08T15:07:50.614086
Victor Wembanyama,,,0707c5b20ff523e730c85090c7faffdf,2026-06-09,00:40,rebounds,15.5,432.0,,True,draftkings,2026-06-08T15:07:50.614087
Victor Wembanyama,,,0707c5b20ff523e730c85090c7faffdf,2026-06-09,00:40,rebounds,16.5,630.0,,True,draftkings,2026-06-08T15:07:50.614089
Victor Wembanyama,,,0707c5b20ff523e730c85090c7faffdf,2026-06-09,00:40,rebounds,17.5,950.0,,True,draftkings,2026-06-08T15:07:50.614091
Victor Wembanyama,,,0707c5b20ff523e730c85090c7faffdf,2026-06-09,00:40,rebounds,18.5,1380.0,,True,draftkings,2026-06-08T15:07:50.614092
Victor Wembanyama,,,0707c5b20ff523e730c85090c7faffdf,2026-06-09,00:40,rebounds,19.5,1920.0,,True,draftkings,2026-06-08T15:07:50.614094
Karl-Anthony Towns,,,0707c5b20ff523e730c85090c7faffdf,2026-06-09,00:40,rebounds,6.5,-1640.0,,True,draftkings,2026-06-08T15:07:50.614096
Karl-Anthony Towns,,,0707c5b20ff523e730c85090c7faffdf,2026-06-09,00:40,rebounds,7.5,-770.0,,True,draftkings,2026-06-08T15:07:50.614098
Karl-Anthony Towns,,,0707c5b20ff523e730c85090c7faffdf,2026-06-09,00:40,rebounds,8.5,-419.0,,True,draftkings,2026-06-08T15:07:50.614099
Karl-Anthony Towns,,,0707c5b20ff523e730c85090c7faffdf,2026-06-09,00:40,rebounds,9.5,-251.0,,True,draftkings,2026-06-08T15:07:50.614101
Karl-Anthony Towns,,,0707c5b20ff523e730c85090c7faffdf,2026-06-09,00:40,rebounds,10.5,-156.0,,True,draftkings,2026-06-08T15:07:50.614103
Karl-Anthony Towns,,,0707c5b20ff523e730c85090c7faffdf,2026-06-09,00:40,rebounds,11.5,100.0,,True,draftkings,2026-06-08T15:07:50.614104
Karl-Anthony Towns,,,0707c5b20ff523e730c85090c7faffdf,2026-06-09,00:40,rebounds,12.5,154.0,,True,draftkings,2026-06-08T15:07:50.614106
Karl-Anthony Towns,,,0707c5b20ff523e730c85090c7faffdf,2026-06-09,00:40,rebounds,13.5,234.0,,True,draftkings,2026-06-08T15:07:50.614108
Karl-Anthony Towns,,,0707c5b20ff523e730c85090c7faffdf,2026-06-09,00:40,rebounds,14.5,348.0,,True,draftkings,2026-06-08T15:07:50.614110
Karl-Anthony Towns,,,0707c5b20ff523e730c85090c7faffdf,2026-06-09,00:40,rebounds,15.5,534.0,,True,draftkings,2026-06-08T15:07:50.614111
Karl-Anthony Towns,,,0707c5b20ff523e730c85090c7faffdf,2026-06-09,00:40,rebounds,16.5,790.0,,True,draftkings,2026-06-08T15:07:50.614113
Karl-Anthony Towns,,,0707c5b20ff523e730c85090c7faffdf,2026-06-09,00:40,rebounds,17.5,1140.0,,True,draftkings,2026-06-08T15:07:50.614115
Karl-Anthony Towns,,,0707c5b20ff523e730c85090c7faffdf,2026-06-09,00:40,rebounds,18.5,1620.0,,True,draftkings,2026-06-08T15:07:50.614116
Karl-Anthony Towns,,,0707c5b20ff523e730c85090c7faffdf,2026-06-09,00:40,rebounds,19.5,2200.0,,True,draftkings,2026-06-08T15:07:50.614118
Josh Hart,,,0707c5b20ff523e730c85090c7faffdf,2026-06-09,00:40,rebounds,4.5,-1360.0,,True,draftkings,2026-06-08T15:07:50.614120
Josh Hart,,,0707c5b20ff523e730c85090c7faffdf,2026-06-09,00:40,rebounds,5.5,-610.0,,True,draftkings,2026-06-08T15:07:50.614122
Josh Hart,,,0707c5b20ff523e730c85090c7faffdf,2026-06-09,00:40,rebounds,6.5,-318.0,,True,draftkings,2026-06-08T15:07:50.614123
Josh Hart,,,0707c5b20ff523e730c85090c7faffdf,2026-06-09,00:40,rebounds,7.5,-184.0,,True,draftkings,2026-06-08T15:07:50.614125
Josh Hart,,,0707c5b20ff523e730c85090c7faffdf,2026-06-09,00:40,rebounds,8.5,-111.0,,True,draftkings,2026-06-08T15:07:50.614127
Josh Hart,,,0707c5b20ff523e730c85090c7faffdf,2026-06-09,00:40,rebounds,9.5,145.0,,True,draftkings,2026-06-08T15:07:50.614128
Josh Hart,,,0707c5b20ff523e730c85090c7faffdf,2026-06-09,00:40,rebounds,10.5,228.0,,True,draftkings,2026-06-08T15:07:50.614132
Josh Hart,,,0707c5b20ff523e730c85090c7faffdf,2026-06-09,00:40,rebounds,11.5,360.0,,True,draftkings,2026-06-08T15:07:50.614134
Josh Hart,,,0707c5b20ff523e730c85090c7faffdf,2026-06-09,00:40,rebounds,12.5,541.0,,True,draftkings,2026-06-08T15:07:50.614135
Josh Hart,,,0707c5b20ff523e730c85090c7faffdf,2026-06-09,00:40,rebounds,13.5,810.0,,True,draftkings,2026-06-08T15:07:50.614137
Josh Hart,,,0707c5b20ff523e730c85090c7faffdf,2026-06-09,00:40,rebounds,14.5,1180.0,,True,draftkings,2026-06-08T15:07:50.614139
Josh Hart,,,0707c5b20ff523e730c85090c7faffdf,2026-06-09,00:40,rebounds,15.5,1700.0,,True,draftkings,2026-06-08T15:07:50.614141
Josh Hart,,,0707c5b20ff523e730c85090c7faffdf,2026-06-09,00:40,rebounds,16.5,2400.0,,True,draftkings,2026-06-08T15:07:50.614142
Mitchell Robinson,,,0707c5b20ff523e730c85090c7faffdf,2026-06-09,00:40,rebounds,2.5,-660.0,,True,draftkings,2026-06-08T15:07:50.614144
Mitchell Robinson,,,0707c5b20ff523e730c85090c7faffdf,2026-06-09,00:40,rebounds,3.5,-295.0,,True,draftkings,2026-06-08T15:07:50.614146
Mitchell Robinson,,,0707c5b20ff523e730c85090c7faffdf,2026-06-09,00:40,rebounds,4.5,-156.0,,True,draftkings,2026-06-08T15:07:50.614147
Mitchell Robinson,,,0707c5b20ff523e730c85090c7faffdf,2026-06-09,00:40,rebounds,5.5,112.0,,True,draftkings,2026-06-08T15:07:50.614149
Mitchell Robinson,,,0707c5b20ff523e730c85090c7faffdf,2026-06-09,00:40,rebounds,6.5,189.0,,True,draftkings,2026-06-08T15:07:50.614152
Mitchell Robinson,,,0707c5b20ff523e730c85090c7faffdf,2026-06-09,00:40,rebounds,7.5,317.0,,True,draftkings,2026-06-08T15:07:50.614154
Mitchell Robinson,,,0707c5b20ff523e730c85090c7faffdf,2026-06-09,00:40,rebounds,8.5,512.0,,True,draftkings,2026-06-08T15:07:50.614156
Mitchell Robinson,,,0707c5b20ff523e730c85090c7faffdf,2026-06-09,00:40,rebounds,9.5,800.0,,True,draftkings,2026-06-08T15:07:50.614158
Mitchell Robinson,,,0707c5b20ff523e730c85090c7faffdf,2026-06-09,00:40,rebounds,10.5,1200.0,,True,draftkings,2026-06-08T15:07:50.614159
Mitchell Robinson,,,0707c5b20ff523e730c85090c7faffdf,2026-06-09,00:40,rebounds,11.5,1760.0,,True,draftkings,2026-06-08T15:07:50.614161
Mitchell Robinson,,,0707c5b20ff523e730c85090c7faffdf,2026-06-09,00:40,rebounds,12.5,2500.0,,True,draftkings,2026-06-08T15:07:50.614163
Dylan Harper,,,0707c5b20ff523e730c85090c7faffdf,2026-06-09,00:40,rebounds,2.5,-1400.0,,True,draftkings,2026-06-08T15:07:50.614165
Dylan Harper,,,0707c5b20ff523e730c85090c7faffdf,2026-06-09,00:40,rebounds,3.5,-464.0,,True,draftkings,2026-06-08T15:07:50.614166
Dylan Harper,,,0707c5b20ff523e730c85090c7faffdf,2026-06-09,00:40,rebounds,4.5,-205.0,,True,draftkings,2026-06-08T15:07:50.614168
Dylan Harper,,,0707c5b20ff523e730c85090c7faffdf,2026-06-09,00:40,rebounds,5.5,-105.0,,True,draftkings,2026-06-08T15:07:50.614170
Dylan Harper,,,0707c5b20ff523e730c85090c7faffdf,2026-06-09,00:40,rebounds,6.5,175.0,,True,draftkings,2026-06-08T15:07:50.614172
Dylan Harper,,,0707c5b20ff523e730c85090c7faffdf,2026-06-09,00:40,rebounds,7.5,321.0,,True,draftkings,2026-06-08T15:07:50.614173
Dylan Harper,,,0707c5b20ff523e730c85090c7faffdf,2026-06-09,00:40,rebounds,8.5,551.0,,True,draftkings,2026-06-08T15:07:50.614175
Dylan Harper,,,0707c5b20ff523e730c85090c7faffdf,2026-06-09,00:40,rebounds,9.5,940.0,,True,draftkings,2026-06-08T15:07:50.614177
Dylan Harper,,,0707c5b20ff523e730c85090c7faffdf,2026-06-09,00:40,rebounds,10.5,1540.0,,True,draftkings,2026-06-08T15:07:50.614179
Dylan Harper,,,0707c5b20ff523e730c85090c7faffdf,2026-06-09,00:40,rebounds,11.5,2300.0,,True,draftkings,2026-06-08T15:07:50.614180
Julian Champagnie,,,0707c5b20ff523e730c85090c7faffdf,2026-06-09,00:40,rebounds,2.5,-1440.0,,True,draftkings,2026-06-08T15:07:50.614182
Julian Champagnie,,,0707c5b20ff523e730c85090c7faffdf,2026-06-09,00:40,rebounds,3.5,-472.0,,True,draftkings,2026-06-08T15:07:50.614184
Julian Champagnie,,,0707c5b20ff523e730c85090c7faffdf,2026-06-09,00:40,rebounds,4.5,-207.0,,True,draftkings,2026-06-08T15:07:50.614185
Julian Champagnie,,,0707c5b20ff523e730c85090c7faffdf,2026-06-09,00:40,rebounds,5.5,-107.0,,True,draftkings,2026-06-08T15:07:50.614187
Julian Champagnie,,,0707c5b20ff523e730c85090c7faffdf,2026-06-09,00:40,rebounds,6.5,171.0,,True,draftkings,2026-06-08T15:07:50.614192
Julian Champagnie,,,0707c5b20ff523e730c85090c7faffdf,2026-06-09,00:40,rebounds,7.5,309.0,,True,draftkings,2026-06-08T15:07:50.614194
Julian Champagnie,,,0707c5b20ff523e730c85090c7faffdf,2026-06-09,00:40,rebounds,8.5,543.0,,True,draftkings,2026-06-08T15:07:50.614196
Julian Champagnie,,,0707c5b20ff523e730c85090c7faffdf,2026-06-09,00:40,rebounds,9.5,930.0,,True,draftkings,2026-06-08T15:07:50.614198
Julian Champagnie,,,0707c5b20ff523e730c85090c7faffdf,2026-06-09,00:40,rebounds,10.5,1500.0,,True,draftkings,2026-06-08T15:07:50.614199
Julian Champagnie,,,0707c5b20ff523e730c85090c7faffdf,2026-06-09,00:40,rebounds,11.5,2300.0,,True,draftkings,2026-06-08T15:07:50.614201
OG Anunoby,,,0707c5b20ff523e730c85090c7faffdf,2026-06-09,00:40,rebounds,2.5,-1040.0,,True,draftkings,2026-06-08T15:07:50.614203
OG Anunoby,,,0707c5b20ff523e730c85090c7faffdf,2026-06-09,00:40,rebounds,3.5,-376.0,,True,draftkings,2026-06-08T15:07:50.614204
OG Anunoby,,,0707c5b20ff523e730c85090c7faffdf,2026-06-09,00:40,rebounds,4.5,-172.0,,True,draftkings,2026-06-08T15:07:50.614206
OG Anunoby,,,0707c5b20ff523e730c85090c7faffdf,2026-06-09,00:40,rebounds,5.5,113.0,,True,draftkings,2026-06-08T15:07:50.614208
OG Anunoby,,,0707c5b20ff523e730c85090c7faffdf,2026-06-09,00:40,rebounds,6.5,208.0,,True,draftkings,2026-06-08T15:07:50.614210
OG Anunoby,,,0707c5b20ff523e730c85090c7faffdf,2026-06-09,00:40,rebounds,7.5,373.0,,True,draftkings,2026-06-08T15:07:50.614211
OG Anunoby,,,0707c5b20ff523e730c85090c7faffdf,2026-06-09,00:40,rebounds,8.5,660.0,,True,draftkings,2026-06-08T15:07:50.614213
OG Anunoby,,,0707c5b20ff523e730c85090c7faffdf,2026-06-09,00:40,rebounds,9.5,1120.0,,True,draftkings,2026-06-08T15:07:50.614215
OG Anunoby,,,0707c5b20ff523e730c85090c7faffdf,2026-06-09,00:40,rebounds,10.5,1820.0,,True,draftkings,2026-06-08T15:07:50.614216
OG Anunoby,,,0707c5b20ff523e730c85090c7faffdf,2026-06-09,00:40,rebounds,11.5,2600.0,,True,draftkings,2026-06-08T15:07:50.614218
Stephon Castle,,,0707c5b20ff523e730c85090c7faffdf,2026-06-09,00:40,rebounds,2.5,-1020.0,,True,draftkings,2026-06-08T15:07:50.614220
Stephon Castle,,,0707c5b20ff523e730c85090c7faffdf,2026-06-09,00:40,rebounds,3.5,-363.0,,True,draftkings,2026-06-08T15:07:50.614222
Stephon Castle,,,0707c5b20ff523e730c85090c7faffdf,2026-06-09,00:40,rebounds,4.5,-163.0,,True,draftkings,2026-06-08T15:07:50.614223
Stephon Castle,,,0707c5b20ff523e730c85090c7faffdf,2026-06-09,00:40,rebounds,5.5,126.0,,True,draftkings,2026-06-08T15:07:50.614225
Stephon Castle,,,0707c5b20ff523e730c85090c7faffdf,2026-06-09,00:40,rebounds,6.5,235.0,,True,draftkings,2026-06-08T15:07:50.614227
Stephon Castle,,,0707c5b20ff523e730c85090c7faffdf,2026-06-09,00:40,rebounds,7.5,436.0,,True,draftkings,2026-06-08T15:07:50.614228
Stephon Castle,,,0707c5b20ff523e730c85090c7faffdf,2026-06-09,00:40,rebounds,8.5,770.0,,True,draftkings,2026-06-08T15:07:50.614230
Stephon Castle,,,0707c5b20ff523e730c85090c7faffdf,2026-06-09,00:40,rebounds,9.5,1340.0,,True,draftkings,2026-06-08T15:07:50.614232
Stephon Castle,,,0707c5b20ff523e730c85090c7faffdf,2026-06-09,00:40,rebounds,10.5,2200.0,,True,draftkings,2026-06-08T15:07:50.614234
Devin Vassell,,,0707c5b20ff523e730c85090c7faffdf,2026-06-09,00:40,rebounds,2.5,-780.0,,True,draftkings,2026-06-08T15:07:50.614235
Devin Vassell,,,0707c5b20ff523e730c85090c7faffdf,2026-06-09,00:40,rebounds,3.5,-302.0,,True,draftkings,2026-06-08T15:07:50.614237
Devin Vassell,,,0707c5b20ff523e730c85090c7faffdf,2026-06-09,00:40,rebounds,4.5,-141.0,,True,draftkings,2026-06-08T15:07:50.614239
Devin Vassell,,,0707c5b20ff523e730c85090c7faffdf,2026-06-09,00:40,rebounds,5.5,139.0,,True,draftkings,2026-06-08T15:07:50.614240
Devin Vassell,,,0707c5b20ff523e730c85090c7faffdf,2026-06-09,00:40,rebounds,6.5,259.0,,True,draftkings,2026-06-08T15:07:50.614242
Devin Vassell,,,0707c5b20ff523e730c85090c7faffdf,2026-06-09,00:40,rebounds,7.5,483.0,,True,draftkings,2026-06-08T15:07:50.614244
Devin Vassell,,,0707c5b20ff523e730c85090c7faffdf,2026-06-09,00:40,rebounds,8.5,860.0,,True,draftkings,2026-06-08T15:07:50.614247
Devin Vassell,,,0707c5b20ff523e730c85090c7faffdf,2026-06-09,00:40,rebounds,9.5,1480.0,,True,draftkings,2026-06-08T15:07:50.614251
Devin Vassell,,,0707c5b20ff523e730c85090c7faffdf,2026-06-09,00:40,rebounds,10.5,2300.0,,True,draftkings,2026-06-08T15:07:50.614253
Mikal Bridges,,,0707c5b20ff523e730c85090c7faffdf,2026-06-09,00:40,rebounds,2.5,-213.0,,True,draftkings,2026-06-08T15:07:50.614254
Mikal Bridges,,,0707c5b20ff523e730c85090c7faffdf,2026-06-09,00:40,rebounds,3.5,104.0,,True,draftkings,2026-06-08T15:07:50.614256
Mikal Bridges,,,0707c5b20ff523e730c85090c7faffdf,2026-06-09,00:40,rebounds,4.5,211.0,,True,draftkings,2026-06-08T15:07:50.614258
Mikal Bridges,,,0707c5b20ff523e730c85090c7faffdf,2026-06-09,00:40,rebounds,5.5,398.0,,True,draftkings,2026-06-08T15:07:50.614259
Mikal Bridges,,,0707c5b20ff523e730c85090c7faffdf,2026-06-09,00:40,rebounds,6.5,710.0,,True,draftkings,2026-06-08T15:07:50.614261
Mikal Bridges,,,0707c5b20ff523e730c85090c7faffdf,2026-06-09,00:40,rebounds,7.5,1260.0,,True,draftkings,2026-06-08T15:07:50.614263
Mikal Bridges,,,0707c5b20ff523e730c85090c7faffdf,2026-06-09,00:40,rebounds,8.5,2000.0,,True,draftkings,2026-06-08T15:07:50.614264
De'Aaron Fox,,,0707c5b20ff523e730c85090c7faffdf,2026-06-09,00:40,rebounds,2.5,-236.0,,True,draftkings,2026-06-08T15:07:50.614266
De'Aaron Fox,,,0707c5b20ff523e730c85090c7faffdf,2026-06-09,00:40,rebounds,3.5,103.0,,True,draftkings,2026-06-08T15:07:50.614268
De'Aaron Fox,,,0707c5b20ff523e730c85090c7faffdf,2026-06-09,00:40,rebounds,4.5,226.0,,True,draftkings,2026-06-08T15:07:50.614269
De'Aaron Fox,,,0707c5b20ff523e730c85090c7faffdf,2026-06-09,00:40,rebounds,5.5,460.0,,True,draftkings,2026-06-08T15:07:50.614271
De'Aaron Fox,,,0707c5b20ff523e730c85090c7faffdf,2026-06-09,00:40,rebounds,6.5,920.0,,True,draftkings,2026-06-08T15:07:50.614273
De'Aaron Fox,,,0707c5b20ff523e730c85090c7faffdf,2026-06-09,00:40,rebounds,7.5,1640.0,,True,draftkings,2026-06-08T15:07:50.614275
De'Aaron Fox,,,0707c5b20ff523e730c85090c7faffdf,2026-06-09,00:40,rebounds,8.5,2600.0,,True,draftkings,2026-06-08T15:07:50.614276
Keldon Johnson,,,0707c5b20ff523e730c85090c7faffdf,2026-06-09,00:40,rebounds,2.5,-131.0,,True,draftkings,2026-06-08T15:07:50.614278
Keldon Johnson,,,0707c5b20ff523e730c85090c7faffdf,2026-06-09,00:40,rebounds,3.5,172.0,,True,draftkings,2026-06-08T15:07:50.614280
Keldon Johnson,,,0707c5b20ff523e730c85090c7faffdf,2026-06-09,00:40,rebounds,4.5,361.0,,True,draftkings,2026-06-08T15:07:50.614281
Keldon Johnson,,,0707c5b20ff523e730c85090c7faffdf,2026-06-09,00:40,rebounds,5.5,700.0,,True,draftkings,2026-06-08T15:07:50.614283
Keldon Johnson,,,0707c5b20ff523e730c85090c7faffdf,2026-06-09,00:40,rebounds,6.5,1300.0,,True,draftkings,2026-06-08T15:07:50.614285
Keldon Johnson,,,0707c5b20ff523e730c85090c7faffdf,2026-06-09,00:40,rebounds,7.5,2100.0,,True,draftkings,2026-06-08T15:07:50.614287
Jalen Brunson,,,0707c5b20ff523e730c85090c7faffdf,2026-06-09,00:40,rebounds,2.5,-166.0,,True,draftkings,2026-06-08T15:07:50.614288
Jalen Brunson,,,0707c5b20ff523e730c85090c7faffdf,2026-06-09,00:40,rebounds,3.5,144.0,,True,draftkings,2026-06-08T15:07:50.614290
Jalen Brunson,,,0707c5b20ff523e730c85090c7faffdf,2026-06-09,00:40,rebounds,4.5,314.0,,True,draftkings,2026-06-08T15:07:50.614292
Jalen Brunson,,,0707c5b20ff523e730c85090c7faffdf,2026-06-09,00:40,rebounds,5.5,660.0,,True,draftkings,2026-06-08T15:07:50.614293
Jalen Brunson,,,0707c5b20ff523e730c85090c7faffdf,2026-06-09,00:40,rebounds,6.5,1340.0,,True,draftkings,2026-06-08T15:07:50.614295
Jalen Brunson,,,0707c5b20ff523e730c85090c7faffdf,2026-06-09,00:40,rebounds,7.5,2300.0,,True,draftkings,2026-06-08T15:07:50.614297
Luke Kornet,,,0707c5b20ff523e730c85090c7faffdf,2026-06-09,00:40,rebounds,2.5,115.0,,True,draftkings,2026-06-08T15:07:50.614298
Luke Kornet,,,0707c5b20ff523e730c85090c7faffdf,2026-06-09,00:40,rebounds,3.5,244.0,,True,draftkings,2026-06-08T15:07:50.614300
Luke Kornet,,,0707c5b20ff523e730c85090c7faffdf,2026-06-09,00:40,rebounds,4.5,501.0,,True,draftkings,2026-06-08T15:07:50.614302
Luke Kornet,,,0707c5b20ff523e730c85090c7faffdf,2026-06-09,00:40,rebounds,5.5,970.0,,True,draftkings,2026-06-08T15:07:50.614304
Luke Kornet,,,0707c5b20ff523e730c85090c7faffdf,2026-06-09,00:40,rebounds,6.5,1700.0,,True,draftkings,2026-06-08T15:07:50.614309
Luke Kornet,,,0707c5b20ff523e730c85090c7faffdf,2026-06-09,00:40,rebounds,7.5,2700.0,,True,draftkings,2026-06-08T15:07:50.614310
Landry Shamet,,,0707c5b20ff523e730c85090c7faffdf,2026-06-09,00:40,rebounds,1.5,-113.0,,True,draftkings,2026-06-08T15:07:50.614312
Landry Shamet,,,0707c5b20ff523e730c85090c7faffdf,2026-06-09,00:40,rebounds,2.5,261.0,,True,draftkings,2026-06-08T15:07:50.614314
Landry Shamet,,,0707c5b20ff523e730c85090c7faffdf,2026-06-09,00:40,rebounds,3.5,700.0,,True,draftkings,2026-06-08T15:07:50.614316
Landry Shamet,,,0707c5b20ff523e730c85090c7faffdf,2026-06-09,00:40,rebounds,4.5,1620.0,,True,draftkings,2026-06-08T15:07:50.614317
Miles McBride,,,0707c5b20ff523e730c85090c7faffdf,2026-06-09,00:40,rebounds,1.5,125.0,,True,draftkings,2026-06-08T15:07:50.614319
Miles McBride,,,0707c5b20ff523e730c85090c7faffdf,2026-06-09,00:40,rebounds,2.5,378.0,,True,draftkings,2026-06-08T15:07:50.614321
Miles McBride,,,0707c5b20ff523e730c85090c7faffdf,2026-06-09,00:40,rebounds,3.5,960.0,,True,draftkings,2026-06-08T15:07:50.614322
Miles McBride,,,0707c5b20ff523e730c85090c7faffdf,2026-06-09,00:40,rebounds,4.5,2000.0,,True,draftkings,2026-06-08T15:07:50.614324
Jose Alvarado,,,0707c5b20ff523e730c85090c7faffdf,2026-06-09,00:40,rebounds,0.5,-213.0,,True,draftkings,2026-06-08T15:07:50.614326
Jose Alvarado,,,0707c5b20ff523e730c85090c7faffdf,2026-06-09,00:40,rebounds,2.5,498.0,,True,draftkings,2026-06-08T15:07:50.614327
Jose Alvarado,,,0707c5b20ff523e730c85090c7faffdf,2026-06-09,00:40,rebounds,3.5,1220.0,,True,draftkings,2026-06-08T15:07:50.614329
Jose Alvarado,,,0707c5b20ff523e730c85090c7faffdf,2026-06-09,00:40,rebounds,4.5,2400.0,,True,draftkings,2026-06-08T15:07:50.614331
Julian Champagnie,,,0707c5b20ff523e730c85090c7faffdf,2026-06-09,00:40,threes,2.5,104.0,-137.0,False,draftkings,2026-06-08T15:07:50.614351
Devin Vassell,,,0707c5b20ff523e730c85090c7faffdf,2026-06-09,00:40,threes,2.5,106.0,-140.0,False,draftkings,2026-06-08T15:07:50.614353
Jalen Brunson,,,0707c5b20ff523e730c85090c7faffdf,2026-06-09,00:40,threes,2.5,124.0,-163.0,False,draftkings,2026-06-08T15:07:50.614355
OG Anunoby,,,0707c5b20ff523e730c85090c7faffdf,2026-06-09,00:40,threes,2.5,143.0,-190.0,False,draftkings,2026-06-08T15:07:50.614373
Victor Wembanyama,,,0707c5b20ff523e730c85090c7faffdf,2026-06-09,00:40,threes,1.5,-196.0,147.0,False,draftkings,2026-06-08T15:07:50.614375
Landry Shamet,,,0707c5b20ff523e730c85090c7faffdf,2026-06-09,00:40,threes,1.5,-153.0,116.0,False,draftkings,2026-06-08T15:07:50.614376
Stephon Castle,,,0707c5b20ff523e730c85090c7faffdf,2026-06-09,00:40,threes,1.5,108.0,-142.0,False,draftkings,2026-06-08T15:07:50.614378
Mikal Bridges,,,0707c5b20ff523e730c85090c7faffdf,2026-06-09,00:40,threes,1.5,114.0,-151.0,False,draftkings,2026-06-08T15:07:50.614380
De'Aaron Fox,,,0707c5b20ff523e730c85090c7faffdf,2026-06-09,00:40,threes,1.5,118.0,-156.0,False,draftkings,2026-06-08T15:07:50.614382
Karl-Anthony Towns,,,0707c5b20ff523e730c85090c7faffdf,2026-06-09,00:40,threes,1.5,130.0,-172.0,False,draftkings,2026-06-08T15:07:50.614383
Josh Hart,,,0707c5b20ff523e730c85090c7faffdf,2026-06-09,00:40,threes,1.5,141.0,-187.0,False,draftkings,2026-06-08T15:07:50.614385
Miles McBride,,,0707c5b20ff523e730c85090c7faffdf,2026-06-09,00:40,threes,1.5,144.0,-191.0,False,draftkings,2026-06-08T15:07:50.614387
Dylan Harper,,,0707c5b20ff523e730c85090c7faffdf,2026-06-09,00:40,threes,0.5,-197.0,148.0,False,draftkings,2026-06-08T15:07:50.614388
Keldon Johnson,,,0707c5b20ff523e730c85090c7faffdf,2026-06-09,00:40,threes,0.5,-116.0,-113.0,False,draftkings,2026-06-08T15:07:50.614390
Jose Alvarado,,,0707c5b20ff523e730c85090c7faffdf,2026-06-09,00:40,threes,0.5,130.0,-171.0,False,draftkings,2026-06-08T15:07:50.614392
Julian Champagnie,,,0707c5b20ff523e730c85090c7faffdf,2026-06-09,00:40,threes,0.5,-1600.0,,True,draftkings,2026-06-08T15:07:50.614429
Julian Champagnie,,,0707c5b20ff523e730c85090c7faffdf,2026-06-09,00:40,threes,1.5,-281.0,,True,draftkings,2026-06-08T15:07:50.614431
Julian Champagnie,,,0707c5b20ff523e730c85090c7faffdf,2026-06-09,00:40,threes,2.5,104.0,,True,draftkings,2026-06-08T15:07:50.614432
Julian Champagnie,,,0707c5b20ff523e730c85090c7faffdf,2026-06-09,00:40,threes,3.5,257.0,,True,draftkings,2026-06-08T15:07:50.614434
Julian Champagnie,,,0707c5b20ff523e730c85090c7faffdf,2026-06-09,00:40,threes,4.5,589.0,,True,draftkings,2026-06-08T15:07:50.614436
Julian Champagnie,,,0707c5b20ff523e730c85090c7faffdf,2026-06-09,00:40,threes,5.5,1280.0,,True,draftkings,2026-06-08T15:07:50.614438
Julian Champagnie,,,0707c5b20ff523e730c85090c7faffdf,2026-06-09,00:40,threes,6.5,2300.0,,True,draftkings,2026-06-08T15:07:50.614439
Devin Vassell,,,0707c5b20ff523e730c85090c7faffdf,2026-06-09,00:40,threes,0.5,-1480.0,,True,draftkings,2026-06-08T15:07:50.614441
Devin Vassell,,,0707c5b20ff523e730c85090c7faffdf,2026-06-09,00:40,threes,1.5,-274.0,,True,draftkings,2026-06-08T15:07:50.614443
Devin Vassell,,,0707c5b20ff523e730c85090c7faffdf,2026-06-09,00:40,threes,2.5,106.0,,True,draftkings,2026-06-08T15:07:50.614444
Devin Vassell,,,0707c5b20ff523e730c85090c7faffdf,2026-06-09,00:40,threes,3.5,255.0,,True,draftkings,2026-06-08T15:07:50.614446
Devin Vassell,,,0707c5b20ff523e730c85090c7faffdf,2026-06-09,00:40,threes,4.5,582.0,,True,draftkings,2026-06-08T15:07:50.614448
Devin Vassell,,,0707c5b20ff523e730c85090c7faffdf,2026-06-09,00:40,threes,5.5,1300.0,,True,draftkings,2026-06-08T15:07:50.614449
Devin Vassell,,,0707c5b20ff523e730c85090c7faffdf,2026-06-09,00:40,threes,6.5,2400.0,,True,draftkings,2026-06-08T15:07:50.614451
Jalen Brunson,,,0707c5b20ff523e730c85090c7faffdf,2026-06-09,00:40,threes,0.5,-1200.0,,True,draftkings,2026-06-08T15:07:50.614453
Jalen Brunson,,,0707c5b20ff523e730c85090c7faffdf,2026-06-09,00:40,threes,1.5,-238.0,,True,draftkings,2026-06-08T15:07:50.614455
Jalen Brunson,,,0707c5b20ff523e730c85090c7faffdf,2026-06-09,00:40,threes,2.5,125.0,,True,draftkings,2026-06-08T15:07:50.614456
Jalen Brunson,,,0707c5b20ff523e730c85090c7faffdf,2026-06-09,00:40,threes,3.5,308.0,,True,draftkings,2026-06-08T15:07:50.614458
Jalen Brunson,,,0707c5b20ff523e730c85090c7faffdf,2026-06-09,00:40,threes,4.5,720.0,,True,draftkings,2026-06-08T15:07:50.614460
Jalen Brunson,,,0707c5b20ff523e730c85090c7faffdf,2026-06-09,00:40,threes,5.5,1540.0,,True,draftkings,2026-06-08T15:07:50.614462
Jalen Brunson,,,0707c5b20ff523e730c85090c7faffdf,2026-06-09,00:40,threes,6.5,2800.0,,True,draftkings,2026-06-08T15:07:50.614464
OG Anunoby,,,0707c5b20ff523e730c85090c7faffdf,2026-06-09,00:40,threes,0.5,-1060.0,,True,draftkings,2026-06-08T15:07:50.614465
OG Anunoby,,,0707c5b20ff523e730c85090c7faffdf,2026-06-09,00:40,threes,1.5,-204.0,,True,draftkings,2026-06-08T15:07:50.614467
OG Anunoby,,,0707c5b20ff523e730c85090c7faffdf,2026-06-09,00:40,threes,2.5,145.0,,True,draftkings,2026-06-08T15:07:50.614469
OG Anunoby,,,0707c5b20ff523e730c85090c7faffdf,2026-06-09,00:40,threes,3.5,381.0,,True,draftkings,2026-06-08T15:07:50.614470
OG Anunoby,,,0707c5b20ff523e730c85090c7faffdf,2026-06-09,00:40,threes,4.5,890.0,,True,draftkings,2026-06-08T15:07:50.614472
OG Anunoby,,,0707c5b20ff523e730c85090c7faffdf,2026-06-09,00:40,threes,5.5,1860.0,,True,draftkings,2026-06-08T15:07:50.614474
Victor Wembanyama,,,0707c5b20ff523e730c85090c7faffdf,2026-06-09,00:40,threes,0.5,-970.0,,True,draftkings,2026-06-08T15:07:50.614476
Victor Wembanyama,,,0707c5b20ff523e730c85090c7faffdf,2026-06-09,00:40,threes,1.5,-197.0,,True,draftkings,2026-06-08T15:07:50.614477
Victor Wembanyama,,,0707c5b20ff523e730c85090c7faffdf,2026-06-09,00:40,threes,2.5,150.0,,True,draftkings,2026-06-08T15:07:50.614479
Victor Wembanyama,,,0707c5b20ff523e730c85090c7faffdf,2026-06-09,00:40,threes,3.5,386.0,,True,draftkings,2026-06-08T15:07:50.614481
Victor Wembanyama,,,0707c5b20ff523e730c85090c7faffdf,2026-06-09,00:40,threes,4.5,910.0,,True,draftkings,2026-06-08T15:07:50.614482
Victor Wembanyama,,,0707c5b20ff523e730c85090c7faffdf,2026-06-09,00:40,threes,5.5,1880.0,,True,draftkings,2026-06-08T15:07:50.614484
Landry Shamet,,,0707c5b20ff523e730c85090c7faffdf,2026-06-09,00:40,threes,0.5,-730.0,,True,draftkings,2026-06-08T15:07:50.614486
Landry Shamet,,,0707c5b20ff523e730c85090c7faffdf,2026-06-09,00:40,threes,1.5,-153.0,,True,draftkings,2026-06-08T15:07:50.614487
Landry Shamet,,,0707c5b20ff523e730c85090c7faffdf,2026-06-09,00:40,threes,2.5,191.0,,True,draftkings,2026-06-08T15:07:50.614489
Landry Shamet,,,0707c5b20ff523e730c85090c7faffdf,2026-06-09,00:40,threes,3.5,482.0,,True,draftkings,2026-06-08T15:07:50.614491
Landry Shamet,,,0707c5b20ff523e730c85090c7faffdf,2026-06-09,00:40,threes,4.5,1100.0,,True,draftkings,2026-06-08T15:07:50.614493
Landry Shamet,,,0707c5b20ff523e730c85090c7faffdf,2026-06-09,00:40,threes,5.5,2300.0,,True,draftkings,2026-06-08T15:07:50.614494
Stephon Castle,,,0707c5b20ff523e730c85090c7faffdf,2026-06-09,00:40,threes,0.5,-422.0,,True,draftkings,2026-06-08T15:07:50.614498
Stephon Castle,,,0707c5b20ff523e730c85090c7faffdf,2026-06-09,00:40,threes,1.5,108.0,,True,draftkings,2026-06-08T15:07:50.614500
Stephon Castle,,,0707c5b20ff523e730c85090c7faffdf,2026-06-09,00:40,threes,2.5,327.0,,True,draftkings,2026-06-08T15:07:50.614502
Stephon Castle,,,0707c5b20ff523e730c85090c7faffdf,2026-06-09,00:40,threes,3.5,900.0,,True,draftkings,2026-06-08T15:07:50.614503
Stephon Castle,,,0707c5b20ff523e730c85090c7faffdf,2026-06-09,00:40,threes,4.5,1980.0,,True,draftkings,2026-06-08T15:07:50.614505
De'Aaron Fox,,,0707c5b20ff523e730c85090c7faffdf,2026-06-09,00:40,threes,0.5,-374.0,,True,draftkings,2026-06-08T15:07:50.614507
De'Aaron Fox,,,0707c5b20ff523e730c85090c7faffdf,2026-06-09,00:40,threes,1.5,120.0,,True,draftkings,2026-06-08T15:07:50.614509
De'Aaron Fox,,,0707c5b20ff523e730c85090c7faffdf,2026-06-09,00:40,threes,2.5,374.0,,True,draftkings,2026-06-08T15:07:50.614510
De'Aaron Fox,,,0707c5b20ff523e730c85090c7faffdf,2026-06-09,00:40,threes,3.5,1020.0,,True,draftkings,2026-06-08T15:07:50.614512
De'Aaron Fox,,,0707c5b20ff523e730c85090c7faffdf,2026-06-09,00:40,threes,4.5,2300.0,,True,draftkings,2026-06-08T15:07:50.614514
Mikal Bridges,,,0707c5b20ff523e730c85090c7faffdf,2026-06-09,00:40,threes,0.5,-398.0,,True,draftkings,2026-06-08T15:07:50.614516
Mikal Bridges,,,0707c5b20ff523e730c85090c7faffdf,2026-06-09,00:40,threes,1.5,112.0,,True,draftkings,2026-06-08T15:07:50.614517
Mikal Bridges,,,0707c5b20ff523e730c85090c7faffdf,2026-06-09,00:40,threes,2.5,363.0,,True,draftkings,2026-06-08T15:07:50.614519
Mikal Bridges,,,0707c5b20ff523e730c85090c7faffdf,2026-06-09,00:40,threes,3.5,1020.0,,True,draftkings,2026-06-08T15:07:50.614521
Mikal Bridges,,,0707c5b20ff523e730c85090c7faffdf,2026-06-09,00:40,threes,4.5,2300.0,,True,draftkings,2026-06-08T15:07:50.614523
Miles McBride,,,0707c5b20ff523e730c85090c7faffdf,2026-06-09,00:40,threes,0.5,-297.0,,True,draftkings,2026-06-08T15:07:50.614524
Miles McBride,,,0707c5b20ff523e730c85090c7faffdf,2026-06-09,00:40,threes,1.5,145.0,,True,draftkings,2026-06-08T15:07:50.614526
Miles McBride,,,0707c5b20ff523e730c85090c7faffdf,2026-06-09,00:40,threes,2.5,425.0,,True,draftkings,2026-06-08T15:07:50.614528
Miles McBride,,,0707c5b20ff523e730c85090c7faffdf,2026-06-09,00:40,threes,3.5,1100.0,,True,draftkings,2026-06-08T15:07:50.614529
Miles McBride,,,0707c5b20ff523e730c85090c7faffdf,2026-06-09,00:40,threes,4.5,2300.0,,True,draftkings,2026-06-08T15:07:50.614531
Karl-Anthony Towns,,,0707c5b20ff523e730c85090c7faffdf,2026-06-09,00:40,threes,0.5,-348.0,,True,draftkings,2026-06-08T15:07:50.614533
Karl-Anthony Towns,,,0707c5b20ff523e730c85090c7faffdf,2026-06-09,00:40,threes,1.5,129.0,,True,draftkings,2026-06-08T15:07:50.614535
Karl-Anthony Towns,,,0707c5b20ff523e730c85090c7faffdf,2026-06-09,00:40,threes,2.5,400.0,,True,draftkings,2026-06-08T15:07:50.614536
Karl-Anthony Towns,,,0707c5b20ff523e730c85090c7faffdf,2026-06-09,00:40,threes,3.5,1080.0,,True,draftkings,2026-06-08T15:07:50.614538
Karl-Anthony Towns,,,0707c5b20ff523e730c85090c7faffdf,2026-06-09,00:40,threes,4.5,2400.0,,True,draftkings,2026-06-08T15:07:50.614540
Josh Hart,,,0707c5b20ff523e730c85090c7faffdf,2026-06-09,00:40,threes,0.5,-322.0,,True,draftkings,2026-06-08T15:07:50.614541
Josh Hart,,,0707c5b20ff523e730c85090c7faffdf,2026-06-09,00:40,threes,1.5,139.0,,True,draftkings,2026-06-08T15:07:50.614543
Josh Hart,,,0707c5b20ff523e730c85090c7faffdf,2026-06-09,00:40,threes,2.5,446.0,,True,draftkings,2026-06-08T15:07:50.614547
Josh Hart,,,0707c5b20ff523e730c85090c7faffdf,2026-06-09,00:40,threes,3.5,1220.0,,True,draftkings,2026-06-08T15:07:50.614548
Josh Hart,,,0707c5b20ff523e730c85090c7faffdf,2026-06-09,00:40,threes,4.5,2600.0,,True,draftkings,2026-06-08T15:07:50.614550
Dylan Harper,,,0707c5b20ff523e730c85090c7faffdf,2026-06-09,00:40,threes,0.5,-200.0,,True,draftkings,2026-06-08T15:07:50.614552
Dylan Harper,,,0707c5b20ff523e730c85090c7faffdf,2026-06-09,00:40,threes,1.5,231.0,,True,draftkings,2026-06-08T15:07:50.614553
Dylan Harper,,,0707c5b20ff523e730c85090c7faffdf,2026-06-09,00:40,threes,2.5,760.0,,True,draftkings,2026-06-08T15:07:50.614555
Dylan Harper,,,0707c5b20ff523e730c85090c7faffdf,2026-06-09,00:40,threes,3.5,2100.0,,True,draftkings,2026-06-08T15:07:50.614557
Keldon Johnson,,,0707c5b20ff523e730c85090c7faffdf,2026-06-09,00:40,threes,0.5,-115.0,,True,draftkings,2026-06-08T15:07:50.614558
Keldon Johnson,,,0707c5b20ff523e730c85090c7faffdf,2026-06-09,00:40,threes,1.5,397.0,,True,draftkings,2026-06-08T15:07:50.614560
Keldon Johnson,,,0707c5b20ff523e730c85090c7faffdf,2026-06-09,00:40,threes,2.5,1300.0,,True,draftkings,2026-06-08T15:07:50.614562
Jose Alvarado,,,0707c5b20ff523e730c85090c7faffdf,2026-06-09,00:40,threes,0.5,130.0,,True,draftkings,2026-06-08T15:07:50.614564
Jose Alvarado,,,0707c5b20ff523e730c85090c7faffdf,2026-06-09,00:40,threes,1.5,577.0,,True,draftkings,2026-06-08T15:07:50.614565
Jose Alvarado,,,0707c5b20ff523e730c85090c7faffdf,2026-06-09,00:40,threes,2.5,1800.0,,True,draftkings,2026-06-08T15:07:50.614567
OG Anunoby,,,0707c5b20ff523e730c85090c7faffdf,2026-06-09,00:40,assists,1.5,-130.0,-105.0,False,betmgm,2026-06-08T15:07:50.614586
Jalen Brunson,,,0707c5b20ff523e730c85090c7faffdf,2026-06-09,00:40,assists,6.5,125.0,-165.0,False,betmgm,2026-06-08T15:07:50.614588
Josh Hart,,,0707c5b20ff523e730c85090c7faffdf,2026-06-09,00:40,assists,4.5,-105.0,-125.0,False,betmgm,2026-06-08T15:07:50.614590
Devin Vassell,,,0707c5b20ff523e730c85090c7faffdf,2026-06-09,00:40,assists,2.5,110.0,-150.0,False,betmgm,2026-06-08T15:07:50.614592
Stephon Castle,,,0707c5b20ff523e730c85090c7faffdf,2026-06-09,00:40,assists,6.5,105.0,-140.0,False,betmgm,2026-06-08T15:07:50.614593
De'Aaron Fox,,,0707c5b20ff523e730c85090c7faffdf,2026-06-09,00:40,assists,5.5,-120.0,-110.0,False,betmgm,2026-06-08T15:07:50.614595
Victor Wembanyama,,,0707c5b20ff523e730c85090c7faffdf,2026-06-09,00:40,assists,3.5,130.0,-175.0,False,betmgm,2026-06-08T15:07:50.614597
Dylan Harper,,,0707c5b20ff523e730c85090c7faffdf,2026-06-09,00:40,assists,3.5,120.0,-160.0,False,betmgm,2026-06-08T15:07:50.614599
Landry Shamet,,,0707c5b20ff523e730c85090c7faffdf,2026-06-09,00:40,assists,1.5,155.0,-210.0,False,betmgm,2026-06-08T15:07:50.614600
Miles McBride,,,0707c5b20ff523e730c85090c7faffdf,2026-06-09,00:40,assists,1.5,105.0,-145.0,False,betmgm,2026-06-08T15:07:50.614602
Julian Champagnie,,,0707c5b20ff523e730c85090c7faffdf,2026-06-09,00:40,assists,1.5,110.0,-145.0,False,betmgm,2026-06-08T15:07:50.614604
Karl-Anthony Towns,,,0707c5b20ff523e730c85090c7faffdf,2026-06-09,00:40,assists,3.5,-155.0,115.0,False,betmgm,2026-06-08T15:07:50.614607
Mikal Bridges,,,0707c5b20ff523e730c85090c7faffdf,2026-06-09,00:40,assists,2.5,-165.0,125.0,False,betmgm,2026-06-08T15:07:50.614609
Keldon Johnson,,,0707c5b20ff523e730c85090c7faffdf,2026-06-09,00:40,assists,0.5,-125.0,-105.0,False,betmgm,2026-06-08T15:07:50.614611
Mitchell Robinson,,,0707c5b20ff523e730c85090c7faffdf,2026-06-09,00:40,assists,0.5,110.0,-150.0,False,betmgm,2026-06-08T15:07:50.614612
Jose Alvarado,,,0707c5b20ff523e730c85090c7faffdf,2026-06-09,00:40,assists,1.5,120.0,-160.0,False,betmgm,2026-06-08T15:07:50.614614
Josh Hart,,,0707c5b20ff523e730c85090c7faffdf,2026-06-09,00:40,assists,4.5,-105.0,,True,betmgm,2026-06-08T15:07:50.614628
Josh Hart,,,0707c5b20ff523e730c85090c7faffdf,2026-06-09,00:40,assists,2.5,-600.0,,True,betmgm,2026-06-08T15:07:50.614630
Josh Hart,,,0707c5b20ff523e730c85090c7faffdf,2026-06-09,00:40,assists,6.5,360.0,,True,betmgm,2026-06-08T15:07:50.614631
Stephon Castle,,,0707c5b20ff523e730c85090c7faffdf,2026-06-09,00:40,assists,9.5,475.0,,True,betmgm,2026-06-08T15:07:50.614637
Karl-Anthony Towns,,,0707c5b20ff523e730c85090c7faffdf,2026-06-09,00:40,assists,6.5,550.0,,True,betmgm,2026-06-08T15:07:50.614638
Jalen Brunson,,,0707c5b20ff523e730c85090c7faffdf,2026-06-09,00:40,assists,4.5,-350.0,,True,betmgm,2026-06-08T15:07:50.614640
Karl-Anthony Towns,,,0707c5b20ff523e730c85090c7faffdf,2026-06-09,00:40,assists,4.5,140.0,,True,betmgm,2026-06-08T15:07:50.614642
De'Aaron Fox,,,0707c5b20ff523e730c85090c7faffdf,2026-06-09,00:40,assists,9.5,750.0,,True,betmgm,2026-06-08T15:07:50.614643
Mikal Bridges,,,0707c5b20ff523e730c85090c7faffdf,2026-06-09,00:40,assists,2.5,-175.0,,True,betmgm,2026-06-08T15:07:50.614645
Devin Vassell,,,0707c5b20ff523e730c85090c7faffdf,2026-06-09,00:40,assists,4.5,625.0,,True,betmgm,2026-06-08T15:07:50.614647
Victor Wembanyama,,,0707c5b20ff523e730c85090c7faffdf,2026-06-09,00:40,assists,4.5,280.0,,True,betmgm,2026-06-08T15:07:50.614648
Jalen Brunson,,,0707c5b20ff523e730c85090c7faffdf,2026-06-09,00:40,assists,6.5,110.0,,True,betmgm,2026-06-08T15:07:50.614650
Jalen Brunson,,,0707c5b20ff523e730c85090c7faffdf,2026-06-09,00:40,assists,9.5,600.0,,True,betmgm,2026-06-08T15:07:50.614652
Dylan Harper,,,0707c5b20ff523e730c85090c7faffdf,2026-06-09,00:40,assists,4.5,230.0,,True,betmgm,2026-06-08T15:07:50.614654
De'Aaron Fox,,,0707c5b20ff523e730c85090c7faffdf,2026-06-09,00:40,assists,6.5,135.0,,True,betmgm,2026-06-08T15:07:50.614655
Mikal Bridges,,,0707c5b20ff523e730c85090c7faffdf,2026-06-09,00:40,assists,4.5,320.0,,True,betmgm,2026-06-08T15:07:50.614657
Victor Wembanyama,,,0707c5b20ff523e730c85090c7faffdf,2026-06-09,00:40,assists,2.5,-190.0,,True,betmgm,2026-06-08T15:07:50.614659
Dylan Harper,,,0707c5b20ff523e730c85090c7faffdf,2026-06-09,00:40,assists,2.5,-235.0,,True,betmgm,2026-06-08T15:07:50.614660
De'Aaron Fox,,,0707c5b20ff523e730c85090c7faffdf,2026-06-09,00:40,assists,2.5,-2000.0,,True,betmgm,2026-06-08T15:07:50.614662
Stephon Castle,,,0707c5b20ff523e730c85090c7faffdf,2026-06-09,00:40,assists,6.5,-115.0,,True,betmgm,2026-06-08T15:07:50.614664
Stephon Castle,,,0707c5b20ff523e730c85090c7faffdf,2026-06-09,00:40,assists,4.5,-450.0,,True,betmgm,2026-06-08T15:07:50.614666
De'Aaron Fox,,,0707c5b20ff523e730c85090c7faffdf,2026-06-09,00:40,assists,4.5,-275.0,,True,betmgm,2026-06-08T15:07:50.614667
Karl-Anthony Towns,,,0707c5b20ff523e730c85090c7faffdf,2026-06-09,00:40,assists,2.5,-375.0,,True,betmgm,2026-06-08T15:07:50.614669
OG Anunoby,,,0707c5b20ff523e730c85090c7faffdf,2026-06-09,00:40,points,15.5,-110.0,-120.0,False,betmgm,2026-06-08T15:07:50.614686
De'Aaron Fox,,,0707c5b20ff523e730c85090c7faffdf,2026-06-09,00:40,points,14.5,-120.0,-111.0,False,betmgm,2026-06-08T15:07:50.614688
Karl-Anthony Towns,,,0707c5b20ff523e730c85090c7faffdf,2026-06-09,00:40,points,18.5,-105.0,-125.0,False,betmgm,2026-06-08T15:07:50.614690
Devin Vassell,,,0707c5b20ff523e730c85090c7faffdf,2026-06-09,00:40,points,12.5,-125.0,-105.0,False,betmgm,2026-06-08T15:07:50.614691
Victor Wembanyama,,,0707c5b20ff523e730c85090c7faffdf,2026-06-09,00:40,points,26.5,-130.0,100.0,False,betmgm,2026-06-08T15:07:50.614693
Mikal Bridges,,,0707c5b20ff523e730c85090c7faffdf,2026-06-09,00:40,points,12.5,-145.0,105.0,False,betmgm,2026-06-08T15:07:50.614695
Jalen Brunson,,,0707c5b20ff523e730c85090c7faffdf,2026-06-09,00:40,points,26.5,-120.0,-110.0,False,betmgm,2026-06-08T15:07:50.614696
Landry Shamet,,,0707c5b20ff523e730c85090c7faffdf,2026-06-09,00:40,points,8.5,-118.0,-111.0,False,betmgm,2026-06-08T15:07:50.614698
Miles McBride,,,0707c5b20ff523e730c85090c7faffdf,2026-06-09,00:40,points,6.5,115.0,-155.0,False,betmgm,2026-06-08T15:07:50.614700
Keldon Johnson,,,0707c5b20ff523e730c85090c7faffdf,2026-06-09,00:40,points,5.5,-118.0,-111.0,False,betmgm,2026-06-08T15:07:50.614702
Jose Alvarado,,,0707c5b20ff523e730c85090c7faffdf,2026-06-09,00:40,points,2.5,-135.0,100.0,False,betmgm,2026-06-08T15:07:50.614703
Mitchell Robinson,,,0707c5b20ff523e730c85090c7faffdf,2026-06-09,00:40,points,3.5,-135.0,100.0,False,betmgm,2026-06-08T15:07:50.614705
Josh Hart,,,0707c5b20ff523e730c85090c7faffdf,2026-06-09,00:40,points,8.5,-135.0,100.0,False,betmgm,2026-06-08T15:07:50.614708
Stephon Castle,,,0707c5b20ff523e730c85090c7faffdf,2026-06-09,00:40,points,16.5,-115.0,-115.0,False,betmgm,2026-06-08T15:07:50.614710
Julian Champagnie,,,0707c5b20ff523e730c85090c7faffdf,2026-06-09,00:40,points,9.5,-120.0,-110.0,False,betmgm,2026-06-08T15:07:50.614712
Luke Kornet,,,0707c5b20ff523e730c85090c7faffdf,2026-06-09,00:40,points,1.5,-160.0,120.0,False,betmgm,2026-06-08T15:07:50.614714
Dylan Harper,,,0707c5b20ff523e730c85090c7faffdf,2026-06-09,00:40,points,13.5,-140.0,105.0,False,betmgm,2026-06-08T15:07:50.614715
Josh Hart,,,0707c5b20ff523e730c85090c7faffdf,2026-06-09,00:40,points,14.5,425.0,,True,betmgm,2026-06-08T15:07:50.614736
Josh Hart,,,0707c5b20ff523e730c85090c7faffdf,2026-06-09,00:40,points,9.5,100.0,,True,betmgm,2026-06-08T15:07:50.614738
OG Anunoby,,,0707c5b20ff523e730c85090c7faffdf,2026-06-09,00:40,points,24.5,650.0,,True,betmgm,2026-06-08T15:07:50.614739
Mikal Bridges,,,0707c5b20ff523e730c85090c7faffdf,2026-06-09,00:40,points,14.5,130.0,,True,betmgm,2026-06-08T15:07:50.614741
Devin Vassell,,,0707c5b20ff523e730c85090c7faffdf,2026-06-09,00:40,points,19.5,525.0,,True,betmgm,2026-06-08T15:07:50.614743
Miles McBride,,,0707c5b20ff523e730c85090c7faffdf,2026-06-09,00:40,points,9.5,260.0,,True,betmgm,2026-06-08T15:07:50.614745
Stephon Castle,,,0707c5b20ff523e730c85090c7faffdf,2026-06-09,00:40,points,14.5,-190.0,,True,betmgm,2026-06-08T15:07:50.614746
Victor Wembanyama,,,0707c5b20ff523e730c85090c7faffdf,2026-06-09,00:40,points,34.5,360.0,,True,betmgm,2026-06-08T15:07:50.614750
Karl-Anthony Towns,,,0707c5b20ff523e730c85090c7faffdf,2026-06-09,00:40,points,14.5,-325.0,,True,betmgm,2026-06-08T15:07:50.614752
Jalen Brunson,,,0707c5b20ff523e730c85090c7faffdf,2026-06-09,00:40,points,29.5,150.0,,True,betmgm,2026-06-08T15:07:50.614753
Julian Champagnie,,,0707c5b20ff523e730c85090c7faffdf,2026-06-09,00:40,points,14.5,320.0,,True,betmgm,2026-06-08T15:07:50.614755
Jalen Brunson,,,0707c5b20ff523e730c85090c7faffdf,2026-06-09,00:40,points,34.5,390.0,,True,betmgm,2026-06-08T15:07:50.614757
Landry Shamet,,,0707c5b20ff523e730c85090c7faffdf,2026-06-09,00:40,points,9.5,100.0,,True,betmgm,2026-06-08T15:07:50.614758
Dylan Harper,,,0707c5b20ff523e730c85090c7faffdf,2026-06-09,00:40,points,14.5,115.0,,True,betmgm,2026-06-08T15:07:50.614760
Devin Vassell,,,0707c5b20ff523e730c85090c7faffdf,2026-06-09,00:40,points,14.5,160.0,,True,betmgm,2026-06-08T15:07:50.614762
Victor Wembanyama,,,0707c5b20ff523e730c85090c7faffdf,2026-06-09,00:40,points,24.5,-200.0,,True,betmgm,2026-06-08T15:07:50.614764
De'Aaron Fox,,,0707c5b20ff523e730c85090c7faffdf,2026-06-09,00:40,points,9.5,-550.0,,True,betmgm,2026-06-08T15:07:50.614765
OG Anunoby,,,0707c5b20ff523e730c85090c7faffdf,2026-06-09,00:40,points,14.5,-150.0,,True,betmgm,2026-06-08T15:07:50.614767
Stephon Castle,,,0707c5b20ff523e730c85090c7faffdf,2026-06-09,00:40,points,9.5,-1000.0,,True,betmgm,2026-06-08T15:07:50.614769
De'Aaron Fox,,,0707c5b20ff523e730c85090c7faffdf,2026-06-09,00:40,points,19.5,300.0,,True,betmgm,2026-06-08T15:07:50.614770
Victor Wembanyama,,,0707c5b20ff523e730c85090c7faffdf,2026-06-09,00:40,points,19.5,-650.0,,True,betmgm,2026-06-08T15:07:50.614772
Karl-Anthony Towns,,,0707c5b20ff523e730c85090c7faffdf,2026-06-09,00:40,points,24.5,325.0,,True,betmgm,2026-06-08T15:07:50.614774
Dylan Harper,,,0707c5b20ff523e730c85090c7faffdf,2026-06-09,00:40,points,9.5,-400.0,,True,betmgm,2026-06-08T15:07:50.614775
Mikal Bridges,,,0707c5b20ff523e730c85090c7faffdf,2026-06-09,00:40,points,9.5,-325.0,,True,betmgm,2026-06-08T15:07:50.614777
Karl-Anthony Towns,,,0707c5b20ff523e730c85090c7faffdf,2026-06-09,00:40,points,19.5,105.0,,True,betmgm,2026-06-08T15:07:50.614779
Karl-Anthony Towns,,,0707c5b20ff523e730c85090c7faffdf,2026-06-09,00:40,points,9.5,-2000.0,,True,betmgm,2026-06-08T15:07:50.614781
De'Aaron Fox,,,0707c5b20ff523e730c85090c7faffdf,2026-06-09,00:40,points,14.5,-120.0,,True,betmgm,2026-06-08T15:07:50.614782
OG Anunoby,,,0707c5b20ff523e730c85090c7faffdf,2026-06-09,00:40,points,19.5,230.0,,True,betmgm,2026-06-08T15:07:50.614790
Jalen Brunson,,,0707c5b20ff523e730c85090c7faffdf,2026-06-09,00:40,points,24.5,-190.0,,True,betmgm,2026-06-08T15:07:50.614792
Devin Vassell,,,0707c5b20ff523e730c85090c7faffdf,2026-06-09,00:40,points,9.5,-250.0,,True,betmgm,2026-06-08T15:07:50.614794
Julian Champagnie,,,0707c5b20ff523e730c85090c7faffdf,2026-06-09,00:40,points,9.5,-120.0,,True,betmgm,2026-06-08T15:07:50.614796
OG Anunoby,,,0707c5b20ff523e730c85090c7faffdf,2026-06-09,00:40,points,9.5,-700.0,,True,betmgm,2026-06-08T15:07:50.614798
Mikal Bridges,,,0707c5b20ff523e730c85090c7faffdf,2026-06-09,00:40,points,19.5,450.0,,True,betmgm,2026-06-08T15:07:50.614799
Dylan Harper,,,0707c5b20ff523e730c85090c7faffdf,2026-06-09,00:40,points,19.5,400.0,,True,betmgm,2026-06-08T15:07:50.614801
Jalen Brunson,,,0707c5b20ff523e730c85090c7faffdf,2026-06-09,00:40,points,19.5,-625.0,,True,betmgm,2026-06-08T15:07:50.614803
Stephon Castle,,,0707c5b20ff523e730c85090c7faffdf,2026-06-09,00:40,points,19.5,180.0,,True,betmgm,2026-06-08T15:07:50.614804
Landry Shamet,,,0707c5b20ff523e730c85090c7faffdf,2026-06-09,00:40,points,14.5,390.0,,True,betmgm,2026-06-08T15:07:50.614806
Victor Wembanyama,,,0707c5b20ff523e730c85090c7faffdf,2026-06-09,00:40,points,29.5,140.0,,True,betmgm,2026-06-08T15:07:50.614808
Stephon Castle,,,0707c5b20ff523e730c85090c7faffdf,2026-06-09,00:40,points,24.5,550.0,,True,betmgm,2026-06-08T15:07:50.614810
Keldon Johnson,,,0707c5b20ff523e730c85090c7faffdf,2026-06-09,00:40,points,9.5,300.0,,True,betmgm,2026-06-08T15:07:50.614811
Victor Wembanyama,,,0707c5b20ff523e730c85090c7faffdf,2026-06-09,00:40,points,39.5,850.0,,True,betmgm,2026-06-08T15:07:50.614813
Jalen Brunson,,,0707c5b20ff523e730c85090c7faffdf,2026-06-09,00:40,rebounds,3.5,130.0,-175.0,False,betmgm,2026-06-08T15:07:50.614831
OG Anunoby,,,0707c5b20ff523e730c85090c7faffdf,2026-06-09,00:40,rebounds,5.5,110.0,-150.0,False,betmgm,2026-06-08T15:07:50.614833
De'Aaron Fox,,,0707c5b20ff523e730c85090c7faffdf,2026-06-09,00:40,rebounds,3.5,100.0,-135.0,False,betmgm,2026-06-08T15:07:50.614834
Karl-Anthony Towns,,,0707c5b20ff523e730c85090c7faffdf,2026-06-09,00:40,rebounds,11.5,-105.0,-125.0,False,betmgm,2026-06-08T15:07:50.614836
Stephon Castle,,,0707c5b20ff523e730c85090c7faffdf,2026-06-09,00:40,rebounds,5.5,115.0,-155.0,False,betmgm,2026-06-08T15:07:50.614838
Dylan Harper,,,0707c5b20ff523e730c85090c7faffdf,2026-06-09,00:40,rebounds,5.5,-110.0,-120.0,False,betmgm,2026-06-08T15:07:50.614840
Devin Vassell,,,0707c5b20ff523e730c85090c7faffdf,2026-06-09,00:40,rebounds,4.5,-155.0,115.0,False,betmgm,2026-06-08T15:07:50.614841
Josh Hart,,,0707c5b20ff523e730c85090c7faffdf,2026-06-09,00:40,rebounds,8.5,105.0,-140.0,False,betmgm,2026-06-08T15:07:50.614843
Miles McBride,,,0707c5b20ff523e730c85090c7faffdf,2026-06-09,00:40,rebounds,1.5,115.0,-155.0,False,betmgm,2026-06-08T15:07:50.614845
Landry Shamet,,,0707c5b20ff523e730c85090c7faffdf,2026-06-09,00:40,rebounds,1.5,-120.0,-110.0,False,betmgm,2026-06-08T15:07:50.614846
Victor Wembanyama,,,0707c5b20ff523e730c85090c7faffdf,2026-06-09,00:40,rebounds,11.5,-120.0,-110.0,False,betmgm,2026-06-08T15:07:50.614848
Mikal Bridges,,,0707c5b20ff523e730c85090c7faffdf,2026-06-09,00:40,rebounds,3.5,100.0,-135.0,False,betmgm,2026-06-08T15:07:50.614850
Julian Champagnie,,,0707c5b20ff523e730c85090c7faffdf,2026-06-09,00:40,rebounds,5.5,-111.0,-118.0,False,betmgm,2026-06-08T15:07:50.614852
Keldon Johnson,,,0707c5b20ff523e730c85090c7faffdf,2026-06-09,00:40,rebounds,2.5,-120.0,-111.0,False,betmgm,2026-06-08T15:07:50.614853
Luke Kornet,,,0707c5b20ff523e730c85090c7faffdf,2026-06-09,00:40,rebounds,2.5,125.0,-165.0,False,betmgm,2026-06-08T15:07:50.614855
Mitchell Robinson,,,0707c5b20ff523e730c85090c7faffdf,2026-06-09,00:40,rebounds,5.5,100.0,-135.0,False,betmgm,2026-06-08T15:07:50.614857
Jose Alvarado,,,0707c5b20ff523e730c85090c7faffdf,2026-06-09,00:40,rebounds,1.5,155.0,-210.0,False,betmgm,2026-06-08T15:07:50.614860
OG Anunoby,,,0707c5b20ff523e730c85090c7faffdf,2026-06-09,00:40,rebounds,2.5,-1100.0,,True,betmgm,2026-06-08T15:07:50.614886
Josh Hart,,,0707c5b20ff523e730c85090c7faffdf,2026-06-09,00:40,rebounds,4.5,-1400.0,,True,betmgm,2026-06-08T15:07:50.614888
Josh Hart,,,0707c5b20ff523e730c85090c7faffdf,2026-06-09,00:40,rebounds,6.5,-300.0,,True,betmgm,2026-06-08T15:07:50.614890
Josh Hart,,,0707c5b20ff523e730c85090c7faffdf,2026-06-09,00:40,rebounds,12.5,675.0,,True,betmgm,2026-06-08T15:07:50.614891
Jalen Brunson,,,0707c5b20ff523e730c85090c7faffdf,2026-06-09,00:40,rebounds,4.5,275.0,,True,betmgm,2026-06-08T15:07:50.614893
Julian Champagnie,,,0707c5b20ff523e730c85090c7faffdf,2026-06-09,00:40,rebounds,9.5,825.0,,True,betmgm,2026-06-08T15:07:50.614895
De'Aaron Fox,,,0707c5b20ff523e730c85090c7faffdf,2026-06-09,00:40,rebounds,4.5,185.0,,True,betmgm,2026-06-08T15:07:50.614897
Stephon Castle,,,0707c5b20ff523e730c85090c7faffdf,2026-06-09,00:40,rebounds,4.5,-165.0,,True,betmgm,2026-06-08T15:07:50.614898
Karl-Anthony Towns,,,0707c5b20ff523e730c85090c7faffdf,2026-06-09,00:40,rebounds,6.5,-2000.0,,True,betmgm,2026-06-08T15:07:50.614900
Julian Champagnie,,,0707c5b20ff523e730c85090c7faffdf,2026-06-09,00:40,rebounds,4.5,-220.0,,True,betmgm,2026-06-08T15:07:50.614902
Josh Hart,,,0707c5b20ff523e730c85090c7faffdf,2026-06-09,00:40,rebounds,9.5,160.0,,True,betmgm,2026-06-08T15:07:50.614904
Victor Wembanyama,,,0707c5b20ff523e730c85090c7faffdf,2026-06-09,00:40,rebounds,14.5,275.0,,True,betmgm,2026-06-08T15:07:50.614905
Dylan Harper,,,0707c5b20ff523e730c85090c7faffdf,2026-06-09,00:40,rebounds,4.5,-220.0,,True,betmgm,2026-06-08T15:07:50.614907
De'Aaron Fox,,,0707c5b20ff523e730c85090c7faffdf,2026-06-09,00:40,rebounds,6.5,700.0,,True,betmgm,2026-06-08T15:07:50.614909
Landry Shamet,,,0707c5b20ff523e730c85090c7faffdf,2026-06-09,00:40,rebounds,2.5,200.0,,True,betmgm,2026-06-08T15:07:50.614910
Miles McBride,,,0707c5b20ff523e730c85090c7faffdf,2026-06-09,00:40,rebounds,2.5,333.0,,True,betmgm,2026-06-08T15:07:50.614912
Dylan Harper,,,0707c5b20ff523e730c85090c7faffdf,2026-06-09,00:40,rebounds,2.5,-1400.0,,True,betmgm,2026-06-08T15:07:50.614914
Victor Wembanyama,,,0707c5b20ff523e730c85090c7faffdf,2026-06-09,00:40,rebounds,16.5,600.0,,True,betmgm,2026-06-08T15:07:50.614915
OG Anunoby,,,0707c5b20ff523e730c85090c7faffdf,2026-06-09,00:40,rebounds,6.5,200.0,,True,betmgm,2026-06-08T15:07:50.614917
Dylan Harper,,,0707c5b20ff523e730c85090c7faffdf,2026-06-09,00:40,rebounds,9.5,850.0,,True,betmgm,2026-06-08T15:07:50.614919
Devin Vassell,,,0707c5b20ff523e730c85090c7faffdf,2026-06-09,00:40,rebounds,2.5,-800.0,,True,betmgm,2026-06-08T15:07:50.614921
De'Aaron Fox,,,0707c5b20ff523e730c85090c7faffdf,2026-06-09,00:40,rebounds,2.5,-275.0,,True,betmgm,2026-06-08T15:07:50.614922
Devin Vassell,,,0707c5b20ff523e730c85090c7faffdf,2026-06-09,00:40,rebounds,4.5,-140.0,,True,betmgm,2026-06-08T15:07:50.614924
Victor Wembanyama,,,0707c5b20ff523e730c85090c7faffdf,2026-06-09,00:40,rebounds,12.5,115.0,,True,betmgm,2026-06-08T15:07:50.614926
Karl-Anthony Towns,,,0707c5b20ff523e730c85090c7faffdf,2026-06-09,00:40,rebounds,9.5,-275.0,,True,betmgm,2026-06-08T15:07:50.614927
Karl-Anthony Towns,,,0707c5b20ff523e730c85090c7faffdf,2026-06-09,00:40,rebounds,12.5,145.0,,True,betmgm,2026-06-08T15:07:50.614929
Dylan Harper,,,0707c5b20ff523e730c85090c7faffdf,2026-06-09,00:40,rebounds,6.5,170.0,,True,betmgm,2026-06-08T15:07:50.614931
Stephon Castle,,,0707c5b20ff523e730c85090c7faffdf,2026-06-09,00:40,rebounds,2.5,-1000.0,,True,betmgm,2026-06-08T15:07:50.614933
Mikal Bridges,,,0707c5b20ff523e730c85090c7faffdf,2026-06-09,00:40,rebounds,2.5,-275.0,,True,betmgm,2026-06-08T15:07:50.614934
Karl-Anthony Towns,,,0707c5b20ff523e730c85090c7faffdf,2026-06-09,00:40,rebounds,14.5,340.0,,True,betmgm,2026-06-08T15:07:50.614936
Devin Vassell,,,0707c5b20ff523e730c85090c7faffdf,2026-06-09,00:40,rebounds,6.5,260.0,,True,betmgm,2026-06-08T15:07:50.614938
Victor Wembanyama,,,0707c5b20ff523e730c85090c7faffdf,2026-06-09,00:40,rebounds,9.5,-350.0,,True,betmgm,2026-06-08T15:07:50.614939
Julian Champagnie,,,0707c5b20ff523e730c85090c7faffdf,2026-06-09,00:40,rebounds,6.5,165.0,,True,betmgm,2026-06-08T15:07:50.614943
Mikal Bridges,,,0707c5b20ff523e730c85090c7faffdf,2026-06-09,00:40,rebounds,6.5,750.0,,True,betmgm,2026-06-08T15:07:50.614946
Stephon Castle,,,0707c5b20ff523e730c85090c7faffdf,2026-06-09,00:40,rebounds,6.5,210.0,,True,betmgm,2026-06-08T15:07:50.614948
Karl-Anthony Towns,,,0707c5b20ff523e730c85090c7faffdf,2026-06-09,00:40,rebounds,16.5,750.0,,True,betmgm,2026-06-08T15:07:50.614950
OG Anunoby,,,0707c5b20ff523e730c85090c7faffdf,2026-06-09,00:40,rebounds,4.5,-185.0,,True,betmgm,2026-06-08T15:07:50.614951
Mikal Bridges,,,0707c5b20ff523e730c85090c7faffdf,2026-06-09,00:40,rebounds,4.5,200.0,,True,betmgm,2026-06-08T15:07:50.614953
Jalen Brunson,,,0707c5b20ff523e730c85090c7faffdf,2026-06-09,00:40,rebounds,2.5,-200.0,,True,betmgm,2026-06-08T15:07:50.614955
Julian Champagnie,,,0707c5b20ff523e730c85090c7faffdf,2026-06-09,00:40,rebounds,2.5,-1400.0,,True,betmgm,2026-06-08T15:07:50.614957
Keldon Johnson,,,0707c5b20ff523e730c85090c7faffdf,2026-06-09,00:40,rebounds,4.5,390.0,,True,betmgm,2026-06-08T15:07:50.614958
Keldon Johnson,,,0707c5b20ff523e730c85090c7faffdf,2026-06-09,00:40,rebounds,2.5,-118.0,,True,betmgm,2026-06-08T15:07:50.614960
Luke Kornet,,,0707c5b20ff523e730c85090c7faffdf,2026-06-09,00:40,rebounds,4.5,500.0,,True,betmgm,2026-06-08T15:07:50.614962
Luke Kornet,,,0707c5b20ff523e730c85090c7faffdf,2026-06-09,00:40,rebounds,2.5,125.0,,True,betmgm,2026-06-08T15:07:50.614963
Mitchell Robinson,,,0707c5b20ff523e730c85090c7faffdf,2026-06-09,00:40,rebounds,6.5,155.0,,True,betmgm,2026-06-08T15:07:50.614965
Mitchell Robinson,,,0707c5b20ff523e730c85090c7faffdf,2026-06-09,00:40,rebounds,2.5,-1000.0,,True,betmgm,2026-06-08T15:07:50.614967
Mitchell Robinson,,,0707c5b20ff523e730c85090c7faffdf,2026-06-09,00:40,rebounds,9.5,625.0,,True,betmgm,2026-06-08T15:07:50.614968
Mitchell Robinson,,,0707c5b20ff523e730c85090c7faffdf,2026-06-09,00:40,rebounds,4.5,-200.0,,True,betmgm,2026-06-08T15:07:50.614970
Jose Alvarado,,,0707c5b20ff523e730c85090c7faffdf,2026-06-09,00:40,rebounds,2.5,425.0,,True,betmgm,2026-06-08T15:07:50.614972
Josh Hart,,,0707c5b20ff523e730c85090c7faffdf,2026-06-09,00:40,threes,1.5,125.0,-165.0,False,betmgm,2026-06-08T15:07:50.614988
OG Anunoby,,,0707c5b20ff523e730c85090c7faffdf,2026-06-09,00:40,threes,2.5,135.0,-185.0,False,betmgm,2026-06-08T15:07:50.614992
Mikal Bridges,,,0707c5b20ff523e730c85090c7faffdf,2026-06-09,00:40,threes,1.5,115.0,-155.0,False,betmgm,2026-06-08T15:07:50.614993
Jalen Brunson,,,0707c5b20ff523e730c85090c7faffdf,2026-06-09,00:40,threes,2.5,115.0,-155.0,False,betmgm,2026-06-08T15:07:50.614995
Devin Vassell,,,0707c5b20ff523e730c85090c7faffdf,2026-06-09,00:40,threes,2.5,115.0,-155.0,False,betmgm,2026-06-08T15:07:50.614997
De'Aaron Fox,,,0707c5b20ff523e730c85090c7faffdf,2026-06-09,00:40,threes,1.5,125.0,-165.0,False,betmgm,2026-06-08T15:07:50.614999
Karl-Anthony Towns,,,0707c5b20ff523e730c85090c7faffdf,2026-06-09,00:40,threes,1.5,105.0,-140.0,False,betmgm,2026-06-08T15:07:50.615000
Julian Champagnie,,,0707c5b20ff523e730c85090c7faffdf,2026-06-09,00:40,threes,2.5,115.0,-155.0,False,betmgm,2026-06-08T15:07:50.615002
Dylan Harper,,,0707c5b20ff523e730c85090c7faffdf,2026-06-09,00:40,threes,0.5,-165.0,125.0,False,betmgm,2026-06-08T15:07:50.615004
Stephon Castle,,,0707c5b20ff523e730c85090c7faffdf,2026-06-09,00:40,threes,1.5,110.0,-145.0,False,betmgm,2026-06-08T15:07:50.615005
Victor Wembanyama,,,0707c5b20ff523e730c85090c7faffdf,2026-06-09,00:40,threes,1.5,-175.0,130.0,False,betmgm,2026-06-08T15:07:50.615007
Landry Shamet,,,0707c5b20ff523e730c85090c7faffdf,2026-06-09,00:40,threes,1.5,-160.0,120.0,False,betmgm,2026-06-08T15:07:50.615009
Miles McBride,,,0707c5b20ff523e730c85090c7faffdf,2026-06-09,00:40,threes,1.5,130.0,-175.0,False,betmgm,2026-06-08T15:07:50.615011
Keldon Johnson,,,0707c5b20ff523e730c85090c7faffdf,2026-06-09,00:40,threes,0.5,-115.0,-115.0,False,betmgm,2026-06-08T15:07:50.615012
Jose Alvarado,,,0707c5b20ff523e730c85090c7faffdf,2026-06-09,00:40,threes,0.5,110.0,-145.0,False,betmgm,2026-06-08T15:07:50.615014
Josh Hart,,,0707c5b20ff523e730c85090c7faffdf,2026-06-09,00:40,threes,0.5,-350.0,,True,betmgm,2026-06-08T15:07:50.615042
Josh Hart,,,0707c5b20ff523e730c85090c7faffdf,2026-06-09,00:40,threes,2.5,390.0,,True,betmgm,2026-06-08T15:07:50.615044
OG Anunoby,,,0707c5b20ff523e730c85090c7faffdf,2026-06-09,00:40,threes,1.5,-250.0,,True,betmgm,2026-06-08T15:07:50.615046
Landry Shamet,,,0707c5b20ff523e730c85090c7faffdf,2026-06-09,00:40,threes,0.5,-750.0,,True,betmgm,2026-06-08T15:07:50.615047
OG Anunoby,,,0707c5b20ff523e730c85090c7faffdf,2026-06-09,00:40,threes,4.5,675.0,,True,betmgm,2026-06-08T15:07:50.615049
Josh Hart,,,0707c5b20ff523e730c85090c7faffdf,2026-06-09,00:40,threes,1.5,125.0,,True,betmgm,2026-06-08T15:07:50.615051
OG Anunoby,,,0707c5b20ff523e730c85090c7faffdf,2026-06-09,00:40,threes,0.5,-1200.0,,True,betmgm,2026-06-08T15:07:50.615052
Devin Vassell,,,0707c5b20ff523e730c85090c7faffdf,2026-06-09,00:40,threes,1.5,-275.0,,True,betmgm,2026-06-08T15:07:50.615054
Julian Champagnie,,,0707c5b20ff523e730c85090c7faffdf,2026-06-09,00:40,threes,4.5,650.0,,True,betmgm,2026-06-08T15:07:50.615056
Jalen Brunson,,,0707c5b20ff523e730c85090c7faffdf,2026-06-09,00:40,threes,2.5,-110.0,,True,betmgm,2026-06-08T15:07:50.615058
OG Anunoby,,,0707c5b20ff523e730c85090c7faffdf,2026-06-09,00:40,threes,2.5,120.0,,True,betmgm,2026-06-08T15:07:50.615059
Victor Wembanyama,,,0707c5b20ff523e730c85090c7faffdf,2026-06-09,00:40,threes,1.5,-175.0,,True,betmgm,2026-06-08T15:07:50.615061
Victor Wembanyama,,,0707c5b20ff523e730c85090c7faffdf,2026-06-09,00:40,threes,0.5,-800.0,,True,betmgm,2026-06-08T15:07:50.615063
Landry Shamet,,,0707c5b20ff523e730c85090c7faffdf,2026-06-09,00:40,threes,1.5,-160.0,,True,betmgm,2026-06-08T15:07:50.615064
Karl-Anthony Towns,,,0707c5b20ff523e730c85090c7faffdf,2026-06-09,00:40,threes,1.5,105.0,,True,betmgm,2026-06-08T15:07:50.615066
Miles McBride,,,0707c5b20ff523e730c85090c7faffdf,2026-06-09,00:40,threes,0.5,-325.0,,True,betmgm,2026-06-08T15:07:50.615068
Miles McBride,,,0707c5b20ff523e730c85090c7faffdf,2026-06-09,00:40,threes,3.5,1000.0,,True,betmgm,2026-06-08T15:07:50.615070
Dylan Harper,,,0707c5b20ff523e730c85090c7faffdf,2026-06-09,00:40,threes,2.5,825.0,,True,betmgm,2026-06-08T15:07:50.615071
Julian Champagnie,,,0707c5b20ff523e730c85090c7faffdf,2026-06-09,00:40,threes,3.5,290.0,,True,betmgm,2026-06-08T15:07:50.615073
Devin Vassell,,,0707c5b20ff523e730c85090c7faffdf,2026-06-09,00:40,threes,0.5,-1400.0,,True,betmgm,2026-06-08T15:07:50.615075
De'Aaron Fox,,,0707c5b20ff523e730c85090c7faffdf,2026-06-09,00:40,threes,0.5,-350.0,,True,betmgm,2026-06-08T15:07:50.615076
Karl-Anthony Towns,,,0707c5b20ff523e730c85090c7faffdf,2026-06-09,00:40,threes,0.5,-450.0,,True,betmgm,2026-06-08T15:07:50.615078
Mikal Bridges,,,0707c5b20ff523e730c85090c7faffdf,2026-06-09,00:40,threes,1.5,110.0,,True,betmgm,2026-06-08T15:07:50.615080
Julian Champagnie,,,0707c5b20ff523e730c85090c7faffdf,2026-06-09,00:40,threes,2.5,115.0,,True,betmgm,2026-06-08T15:07:50.615082
Dylan Harper,,,0707c5b20ff523e730c85090c7faffdf,2026-06-09,00:40,threes,1.5,270.0,,True,betmgm,2026-06-08T15:07:50.615083
Landry Shamet,,,0707c5b20ff523e730c85090c7faffdf,2026-06-09,00:40,threes,2.5,180.0,,True,betmgm,2026-06-08T15:07:50.615085
Victor Wembanyama,,,0707c5b20ff523e730c85090c7faffdf,2026-06-09,00:40,threes,3.5,425.0,,True,betmgm,2026-06-08T15:07:50.615087
Stephon Castle,,,0707c5b20ff523e730c85090c7faffdf,2026-06-09,00:40,threes,2.5,400.0,,True,betmgm,2026-06-08T15:07:50.615089
Jalen Brunson,,,0707c5b20ff523e730c85090c7faffdf,2026-06-09,00:40,threes,4.5,500.0,,True,betmgm,2026-06-08T15:07:50.615090
Jalen Brunson,,,0707c5b20ff523e730c85090c7faffdf,2026-06-09,00:40,threes,0.5,-1600.0,,True,betmgm,2026-06-08T15:07:50.615092
Julian Champagnie,,,0707c5b20ff523e730c85090c7faffdf,2026-06-09,00:40,threes,1.5,-250.0,,True,betmgm,2026-06-08T15:07:50.615094
Miles McBride,,,0707c5b20ff523e730c85090c7faffdf,2026-06-09,00:40,threes,2.5,390.0,,True,betmgm,2026-06-08T15:07:50.615095
De'Aaron Fox,,,0707c5b20ff523e730c85090c7faffdf,2026-06-09,00:40,threes,1.5,120.0,,True,betmgm,2026-06-08T15:07:50.615099
Stephon Castle,,,0707c5b20ff523e730c85090c7faffdf,2026-06-09,00:40,threes,0.5,-325.0,,True,betmgm,2026-06-08T15:07:50.615102
Dylan Harper,,,0707c5b20ff523e730c85090c7faffdf,2026-06-09,00:40,threes,0.5,-165.0,,True,betmgm,2026-06-08T15:07:50.615104
Devin Vassell,,,0707c5b20ff523e730c85090c7faffdf,2026-06-09,00:40,threes,2.5,110.0,,True,betmgm,2026-06-08T15:07:50.615106
Karl-Anthony Towns,,,0707c5b20ff523e730c85090c7faffdf,2026-06-09,00:40,threes,3.5,800.0,,True,betmgm,2026-06-08T15:07:50.615107
Mikal Bridges,,,0707c5b20ff523e730c85090c7faffdf,2026-06-09,00:40,threes,0.5,-400.0,,True,betmgm,2026-06-08T15:07:50.615111
Miles McBride,,,0707c5b20ff523e730c85090c7faffdf,2026-06-09,00:40,threes,1.5,130.0,,True,betmgm,2026-06-08T15:07:50.615113
De'Aaron Fox,,,0707c5b20ff523e730c85090c7faffdf,2026-06-09,00:40,threes,2.5,375.0,,True,betmgm,2026-06-08T15:07:50.615114
Julian Champagnie,,,0707c5b20ff523e730c85090c7faffdf,2026-06-09,00:40,threes,0.5,-1200.0,,True,betmgm,2026-06-08T15:07:50.615116
Landry Shamet,,,0707c5b20ff523e730c85090c7faffdf,2026-06-09,00:40,threes,3.5,450.0,,True,betmgm,2026-06-08T15:07:50.615118
OG Anunoby,,,0707c5b20ff523e730c85090c7faffdf,2026-06-09,00:40,threes,3.5,300.0,,True,betmgm,2026-06-08T15:07:50.615119
Karl-Anthony Towns,,,0707c5b20ff523e730c85090c7faffdf,2026-06-09,00:40,threes,2.5,320.0,,True,betmgm,2026-06-08T15:07:50.615121
Mikal Bridges,,,0707c5b20ff523e730c85090c7faffdf,2026-06-09,00:40,threes,3.5,850.0,,True,betmgm,2026-06-08T15:07:50.615123
Victor Wembanyama,,,0707c5b20ff523e730c85090c7faffdf,2026-06-09,00:40,threes,2.5,170.0,,True,betmgm,2026-06-08T15:07:50.615125
Mikal Bridges,,,0707c5b20ff523e730c85090c7faffdf,2026-06-09,00:40,threes,2.5,340.0,,True,betmgm,2026-06-08T15:07:50.615126
Devin Vassell,,,0707c5b20ff523e730c85090c7faffdf,2026-06-09,00:40,threes,3.5,275.0,,True,betmgm,2026-06-08T15:07:50.615128
Jalen Brunson,,,0707c5b20ff523e730c85090c7faffdf,2026-06-09,00:40,threes,1.5,-325.0,,True,betmgm,2026-06-08T15:07:50.615130
Jalen Brunson,,,0707c5b20ff523e730c85090c7faffdf,2026-06-09,00:40,threes,3.5,225.0,,True,betmgm,2026-06-08T15:07:50.615131
Stephon Castle,,,0707c5b20ff523e730c85090c7faffdf,2026-06-09,00:40,threes,1.5,130.0,,True,betmgm,2026-06-08T15:07:50.615133
Devin Vassell,,,0707c5b20ff523e730c85090c7faffdf,2026-06-09,00:40,threes,4.5,625.0,,True,betmgm,2026-06-08T15:07:50.615135
Keldon Johnson,,,0707c5b20ff523e730c85090c7faffdf,2026-06-09,00:40,threes,0.5,-115.0,,True,betmgm,2026-06-08T15:07:50.615137
Keldon Johnson,,,0707c5b20ff523e730c85090c7faffdf,2026-06-09,00:40,threes,1.5,400.0,,True,betmgm,2026-06-08T15:07:50.615138
Jose Alvarado,,,0707c5b20ff523e730c85090c7faffdf,2026-06-09,00:40,threes,1.5,425.0,,True,betmgm,2026-06-08T15:07:50.615140
Jose Alvarado,,,0707c5b20ff523e730c85090c7faffdf,2026-06-09,00:40,threes,0.5,-105.0,,True,betmgm,2026-06-08T15:07:50.615142
