player_name,team,opponent,game_id,game_date,game_time,prop_type,line,over_odds,under_odds,is_alt_line,sportsbook,scraped_at
Mikal Bridges,,,6cc5c3b9cfcb1d94bed9f3ca972b3114,2026-06-14,00:40,assists,2.5,-148.0,112.0,False,fanduel,2026-06-11T23:15:29.785910
Dylan Harper,,,6cc5c3b9cfcb1d94bed9f3ca972b3114,2026-06-14,00:40,assists,3.5,128.0,-172.0,False,fanduel,2026-06-11T23:15:29.785925
Julian Champagnie,,,6cc5c3b9cfcb1d94bed9f3ca972b3114,2026-06-14,00:40,assists,1.5,174.0,-240.0,False,fanduel,2026-06-11T23:15:29.785929
Landry Shamet,,,6cc5c3b9cfcb1d94bed9f3ca972b3114,2026-06-14,00:40,assists,1.5,194.0,-270.0,False,fanduel,2026-06-11T23:15:29.785931
Karl-Anthony Towns,,,6cc5c3b9cfcb1d94bed9f3ca972b3114,2026-06-14,00:40,assists,3.5,-114.0,-114.0,False,fanduel,2026-06-11T23:15:29.785933
Victor Wembanyama,,,6cc5c3b9cfcb1d94bed9f3ca972b3114,2026-06-14,00:40,assists,3.5,110.0,-146.0,False,fanduel,2026-06-11T23:15:29.785935
Stephon Castle,,,6cc5c3b9cfcb1d94bed9f3ca972b3114,2026-06-14,00:40,assists,6.5,-106.0,-122.0,False,fanduel,2026-06-11T23:15:29.785937
Jalen Brunson,,,6cc5c3b9cfcb1d94bed9f3ca972b3114,2026-06-14,00:40,assists,5.5,-148.0,112.0,False,fanduel,2026-06-11T23:15:29.785939
De'Aaron Fox,,,6cc5c3b9cfcb1d94bed9f3ca972b3114,2026-06-14,00:40,assists,6.5,124.0,-166.0,False,fanduel,2026-06-11T23:15:29.785942
Devin Vassell,,,6cc5c3b9cfcb1d94bed9f3ca972b3114,2026-06-14,00:40,assists,2.5,102.0,-136.0,False,fanduel,2026-06-11T23:15:29.785944
Josh Hart,,,6cc5c3b9cfcb1d94bed9f3ca972b3114,2026-06-14,00:40,assists,4.5,-138.0,104.0,False,fanduel,2026-06-11T23:15:29.785946
OG Anunoby,,,6cc5c3b9cfcb1d94bed9f3ca972b3114,2026-06-14,00:40,assists,1.5,-114.0,-114.0,False,fanduel,2026-06-11T23:15:29.785948
Stephon Castle,,,6cc5c3b9cfcb1d94bed9f3ca972b3114,2026-06-14,00:40,assists,3.5,-1400.0,,True,fanduel,2026-06-11T23:15:29.786011
Stephon Castle,,,6cc5c3b9cfcb1d94bed9f3ca972b3114,2026-06-14,00:40,assists,4.5,-470.0,310.0,True,fanduel,2026-06-11T23:15:29.786014
Stephon Castle,,,6cc5c3b9cfcb1d94bed9f3ca972b3114,2026-06-14,00:40,assists,5.5,-215.0,164.0,True,fanduel,2026-06-11T23:15:29.786015
Stephon Castle,,,6cc5c3b9cfcb1d94bed9f3ca972b3114,2026-06-14,00:40,assists,6.5,-106.0,-122.0,True,fanduel,2026-06-11T23:15:29.786017
Stephon Castle,,,6cc5c3b9cfcb1d94bed9f3ca972b3114,2026-06-14,00:40,assists,7.5,176.0,-240.0,True,fanduel,2026-06-11T23:15:29.786019
Stephon Castle,,,6cc5c3b9cfcb1d94bed9f3ca972b3114,2026-06-14,00:40,assists,8.5,310.0,-470.0,True,fanduel,2026-06-11T23:15:29.786021
Stephon Castle,,,6cc5c3b9cfcb1d94bed9f3ca972b3114,2026-06-14,00:40,assists,9.5,480.0,-850.0,True,fanduel,2026-06-11T23:15:29.786023
Karl-Anthony Towns,,,6cc5c3b9cfcb1d94bed9f3ca972b3114,2026-06-14,00:40,assists,1.5,-1100.0,,True,fanduel,2026-06-11T23:15:29.786024
Karl-Anthony Towns,,,6cc5c3b9cfcb1d94bed9f3ca972b3114,2026-06-14,00:40,assists,2.5,-300.0,210.0,True,fanduel,2026-06-11T23:15:29.786026
Karl-Anthony Towns,,,6cc5c3b9cfcb1d94bed9f3ca972b3114,2026-06-14,00:40,assists,3.5,-113.0,-114.0,True,fanduel,2026-06-11T23:15:29.786028
Karl-Anthony Towns,,,6cc5c3b9cfcb1d94bed9f3ca972b3114,2026-06-14,00:40,assists,4.5,198.0,-275.0,True,fanduel,2026-06-11T23:15:29.786029
Karl-Anthony Towns,,,6cc5c3b9cfcb1d94bed9f3ca972b3114,2026-06-14,00:40,assists,5.5,420.0,-670.0,True,fanduel,2026-06-11T23:15:29.786031
De'Aaron Fox,,,6cc5c3b9cfcb1d94bed9f3ca972b3114,2026-06-14,00:40,assists,5.5,-162.0,122.0,True,fanduel,2026-06-11T23:15:29.786035
Jalen Brunson,,,6cc5c3b9cfcb1d94bed9f3ca972b3114,2026-06-14,00:40,assists,5.5,-148.0,112.0,True,fanduel,2026-06-11T23:15:29.786036
Josh Hart,,,6cc5c3b9cfcb1d94bed9f3ca972b3114,2026-06-14,00:40,assists,5.5,146.0,-198.0,True,fanduel,2026-06-11T23:15:29.786038
Victor Wembanyama,,,6cc5c3b9cfcb1d94bed9f3ca972b3114,2026-06-14,00:40,assists,5.5,540.0,,True,fanduel,2026-06-11T23:15:29.786040
Dylan Harper,,,6cc5c3b9cfcb1d94bed9f3ca972b3114,2026-06-14,00:40,assists,5.5,600.0,,True,fanduel,2026-06-11T23:15:29.786042
Mikal Bridges,,,6cc5c3b9cfcb1d94bed9f3ca972b3114,2026-06-14,00:40,assists,5.5,830.0,,True,fanduel,2026-06-11T23:15:29.786043
Devin Vassell,,,6cc5c3b9cfcb1d94bed9f3ca972b3114,2026-06-14,00:40,assists,5.5,1300.0,,True,fanduel,2026-06-11T23:15:29.786045
Victor Wembanyama,,,6cc5c3b9cfcb1d94bed9f3ca972b3114,2026-06-14,00:40,assists,1.5,-850.0,,True,fanduel,2026-06-11T23:15:29.786047
Dylan Harper,,,6cc5c3b9cfcb1d94bed9f3ca972b3114,2026-06-14,00:40,assists,1.5,-650.0,,True,fanduel,2026-06-11T23:15:29.786048
Mikal Bridges,,,6cc5c3b9cfcb1d94bed9f3ca972b3114,2026-06-14,00:40,assists,1.5,-490.0,320.0,True,fanduel,2026-06-11T23:15:29.786050
Devin Vassell,,,6cc5c3b9cfcb1d94bed9f3ca972b3114,2026-06-14,00:40,assists,1.5,-310.0,,True,fanduel,2026-06-11T23:15:29.786054
Jose Alvarado,,,6cc5c3b9cfcb1d94bed9f3ca972b3114,2026-06-14,00:40,assists,1.5,-136.0,,True,fanduel,2026-06-11T23:15:29.786056
OG Anunoby,,,6cc5c3b9cfcb1d94bed9f3ca972b3114,2026-06-14,00:40,assists,1.5,-113.0,,True,fanduel,2026-06-11T23:15:29.786058
Julian Champagnie,,,6cc5c3b9cfcb1d94bed9f3ca972b3114,2026-06-14,00:40,assists,1.5,176.0,,True,fanduel,2026-06-11T23:15:29.786059
Landry Shamet,,,6cc5c3b9cfcb1d94bed9f3ca972b3114,2026-06-14,00:40,assists,1.5,200.0,,True,fanduel,2026-06-11T23:15:29.786061
Josh Hart,,,6cc5c3b9cfcb1d94bed9f3ca972b3114,2026-06-14,00:40,assists,2.5,-1100.0,,True,fanduel,2026-06-11T23:15:29.786062
Josh Hart,,,6cc5c3b9cfcb1d94bed9f3ca972b3114,2026-06-14,00:40,assists,3.5,-320.0,225.0,True,fanduel,2026-06-11T23:15:29.786064
Josh Hart,,,6cc5c3b9cfcb1d94bed9f3ca972b3114,2026-06-14,00:40,assists,4.5,-138.0,104.0,True,fanduel,2026-06-11T23:15:29.786066
Josh Hart,,,6cc5c3b9cfcb1d94bed9f3ca972b3114,2026-06-14,00:40,assists,6.5,280.0,-420.0,True,fanduel,2026-06-11T23:15:29.786068
Josh Hart,,,6cc5c3b9cfcb1d94bed9f3ca972b3114,2026-06-14,00:40,assists,7.5,520.0,-1000.0,True,fanduel,2026-06-11T23:15:29.786069
De'Aaron Fox,,,6cc5c3b9cfcb1d94bed9f3ca972b3114,2026-06-14,00:40,assists,7.5,225.0,-320.0,True,fanduel,2026-06-11T23:15:29.786073
Jalen Brunson,,,6cc5c3b9cfcb1d94bed9f3ca972b3114,2026-06-14,00:40,assists,7.5,250.0,-360.0,True,fanduel,2026-06-11T23:15:29.786075
Karl-Anthony Towns,,,6cc5c3b9cfcb1d94bed9f3ca972b3114,2026-06-14,00:40,assists,7.5,1500.0,,True,fanduel,2026-06-11T23:15:29.786076
Victor Wembanyama,,,6cc5c3b9cfcb1d94bed9f3ca972b3114,2026-06-14,00:40,assists,7.5,1800.0,,True,fanduel,2026-06-11T23:15:29.786078
Dylan Harper,,,6cc5c3b9cfcb1d94bed9f3ca972b3114,2026-06-14,00:40,assists,7.5,1800.0,,True,fanduel,2026-06-11T23:15:29.786080
Stephon Castle,,,6cc5c3b9cfcb1d94bed9f3ca972b3114,2026-06-14,00:40,assists,11.5,1300.0,,True,fanduel,2026-06-11T23:15:29.786081
De'Aaron Fox,,,6cc5c3b9cfcb1d94bed9f3ca972b3114,2026-06-14,00:40,assists,11.5,1700.0,,True,fanduel,2026-06-11T23:15:29.786083
Jalen Brunson,,,6cc5c3b9cfcb1d94bed9f3ca972b3114,2026-06-14,00:40,assists,11.5,2000.0,,True,fanduel,2026-06-11T23:15:29.786085
De'Aaron Fox,,,6cc5c3b9cfcb1d94bed9f3ca972b3114,2026-06-14,00:40,assists,9.5,630.0,-1400.0,True,fanduel,2026-06-11T23:15:29.786086
Jalen Brunson,,,6cc5c3b9cfcb1d94bed9f3ca972b3114,2026-06-14,00:40,assists,9.5,750.0,,True,fanduel,2026-06-11T23:15:29.786088
Josh Hart,,,6cc5c3b9cfcb1d94bed9f3ca972b3114,2026-06-14,00:40,assists,9.5,1200.0,,True,fanduel,2026-06-11T23:15:29.786090
Mikal Bridges,,,6cc5c3b9cfcb1d94bed9f3ca972b3114,2026-06-14,00:40,assists,2.5,-148.0,112.0,True,fanduel,2026-06-11T23:15:29.786092
Mikal Bridges,,,6cc5c3b9cfcb1d94bed9f3ca972b3114,2026-06-14,00:40,assists,3.5,176.0,-240.0,True,fanduel,2026-06-11T23:15:29.786093
Mikal Bridges,,,6cc5c3b9cfcb1d94bed9f3ca972b3114,2026-06-14,00:40,assists,4.5,390.0,-650.0,True,fanduel,2026-06-11T23:15:29.786095
De'Aaron Fox,,,6cc5c3b9cfcb1d94bed9f3ca972b3114,2026-06-14,00:40,assists,3.5,-900.0,490.0,True,fanduel,2026-06-11T23:15:29.786097
Jalen Brunson,,,6cc5c3b9cfcb1d94bed9f3ca972b3114,2026-06-14,00:40,assists,3.5,-800.0,450.0,True,fanduel,2026-06-11T23:15:29.786099
Victor Wembanyama,,,6cc5c3b9cfcb1d94bed9f3ca972b3114,2026-06-14,00:40,assists,3.5,112.0,,True,fanduel,2026-06-11T23:15:29.786101
Dylan Harper,,,6cc5c3b9cfcb1d94bed9f3ca972b3114,2026-06-14,00:40,assists,3.5,130.0,,True,fanduel,2026-06-11T23:15:29.786102
Devin Vassell,,,6cc5c3b9cfcb1d94bed9f3ca972b3114,2026-06-14,00:40,assists,3.5,280.0,,True,fanduel,2026-06-11T23:15:29.786104
Jose Alvarado,,,6cc5c3b9cfcb1d94bed9f3ca972b3114,2026-06-14,00:40,assists,3.5,500.0,,True,fanduel,2026-06-11T23:15:29.786106
OG Anunoby,,,6cc5c3b9cfcb1d94bed9f3ca972b3114,2026-06-14,00:40,assists,3.5,800.0,,True,fanduel,2026-06-11T23:15:29.786107
De'Aaron Fox,,,6cc5c3b9cfcb1d94bed9f3ca972b3114,2026-06-14,00:40,assists,4.5,-350.0,240.0,True,fanduel,2026-06-11T23:15:29.786109
De'Aaron Fox,,,6cc5c3b9cfcb1d94bed9f3ca972b3114,2026-06-14,00:40,assists,6.5,124.0,-166.0,True,fanduel,2026-06-11T23:15:29.786113
De'Aaron Fox,,,6cc5c3b9cfcb1d94bed9f3ca972b3114,2026-06-14,00:40,assists,8.5,400.0,-670.0,True,fanduel,2026-06-11T23:15:29.786115
Jalen Brunson,,,6cc5c3b9cfcb1d94bed9f3ca972b3114,2026-06-14,00:40,assists,4.5,-310.0,220.0,True,fanduel,2026-06-11T23:15:29.786116
Jalen Brunson,,,6cc5c3b9cfcb1d94bed9f3ca972b3114,2026-06-14,00:40,assists,6.5,136.0,-182.0,True,fanduel,2026-06-11T23:15:29.786118
Jalen Brunson,,,6cc5c3b9cfcb1d94bed9f3ca972b3114,2026-06-14,00:40,assists,8.5,450.0,-800.0,True,fanduel,2026-06-11T23:15:29.786120
Karl-Anthony Towns,,,6cc5c3b9cfcb1d94bed9f3ca972b3114,2026-06-14,00:40,points,16.5,-112.0,-118.0,False,fanduel,2026-06-11T23:15:29.786140
Mitchell Robinson,,,6cc5c3b9cfcb1d94bed9f3ca972b3114,2026-06-14,00:40,points,3.5,-108.0,-122.0,False,fanduel,2026-06-11T23:15:29.786142
Miles McBride,,,6cc5c3b9cfcb1d94bed9f3ca972b3114,2026-06-14,00:40,points,2.5,-118.0,-112.0,False,fanduel,2026-06-11T23:15:29.786143
Landry Shamet,,,6cc5c3b9cfcb1d94bed9f3ca972b3114,2026-06-14,00:40,points,6.5,-125.0,-106.0,False,fanduel,2026-06-11T23:15:29.786145
De'Aaron Fox,,,6cc5c3b9cfcb1d94bed9f3ca972b3114,2026-06-14,00:40,points,14.5,-130.0,-102.0,False,fanduel,2026-06-11T23:15:29.786147
Josh Hart,,,6cc5c3b9cfcb1d94bed9f3ca972b3114,2026-06-14,00:40,points,9.5,100.0,-132.0,False,fanduel,2026-06-11T23:15:29.786151
Victor Wembanyama,,,6cc5c3b9cfcb1d94bed9f3ca972b3114,2026-06-14,00:40,points,27.5,-128.0,-104.0,False,fanduel,2026-06-11T23:15:29.786153
Keldon Johnson,,,6cc5c3b9cfcb1d94bed9f3ca972b3114,2026-06-14,00:40,points,6.5,-110.0,-120.0,False,fanduel,2026-06-11T23:15:29.786155
Jalen Brunson,,,6cc5c3b9cfcb1d94bed9f3ca972b3114,2026-06-14,00:40,points,27.5,-118.0,-112.0,False,fanduel,2026-06-11T23:15:29.786156
Dylan Harper,,,6cc5c3b9cfcb1d94bed9f3ca972b3114,2026-06-14,00:40,points,14.5,-136.0,102.0,False,fanduel,2026-06-11T23:15:29.786158
OG Anunoby,,,6cc5c3b9cfcb1d94bed9f3ca972b3114,2026-06-14,00:40,points,18.5,-114.0,-114.0,False,fanduel,2026-06-11T23:15:29.786159
Devin Vassell,,,6cc5c3b9cfcb1d94bed9f3ca972b3114,2026-06-14,00:40,points,13.5,100.0,-132.0,False,fanduel,2026-06-11T23:15:29.786161
Mikal Bridges,,,6cc5c3b9cfcb1d94bed9f3ca972b3114,2026-06-14,00:40,points,10.5,-130.0,-102.0,False,fanduel,2026-06-11T23:15:29.786163
Julian Champagnie,,,6cc5c3b9cfcb1d94bed9f3ca972b3114,2026-06-14,00:40,points,9.5,100.0,-132.0,False,fanduel,2026-06-11T23:15:29.786164
Jose Alvarado,,,6cc5c3b9cfcb1d94bed9f3ca972b3114,2026-06-14,00:40,points,4.5,102.0,-136.0,False,fanduel,2026-06-11T23:15:29.786166
Stephon Castle,,,6cc5c3b9cfcb1d94bed9f3ca972b3114,2026-06-14,00:40,points,15.5,-130.0,-102.0,False,fanduel,2026-06-11T23:15:29.786168
Landry Shamet,,,6cc5c3b9cfcb1d94bed9f3ca972b3114,2026-06-14,00:40,points,2.5,-1100.0,,True,fanduel,2026-06-11T23:15:29.786380
Landry Shamet,,,6cc5c3b9cfcb1d94bed9f3ca972b3114,2026-06-14,00:40,points,3.5,-390.0,265.0,True,fanduel,2026-06-11T23:15:29.786383
Landry Shamet,,,6cc5c3b9cfcb1d94bed9f3ca972b3114,2026-06-14,00:40,points,4.5,-310.0,220.0,True,fanduel,2026-06-11T23:15:29.786385
Landry Shamet,,,6cc5c3b9cfcb1d94bed9f3ca972b3114,2026-06-14,00:40,points,5.5,-200.0,148.0,True,fanduel,2026-06-11T23:15:29.786386
Landry Shamet,,,6cc5c3b9cfcb1d94bed9f3ca972b3114,2026-06-14,00:40,points,6.5,-125.0,-106.0,True,fanduel,2026-06-11T23:15:29.786388
Landry Shamet,,,6cc5c3b9cfcb1d94bed9f3ca972b3114,2026-06-14,00:40,points,7.5,102.0,-136.0,True,fanduel,2026-06-11T23:15:29.786390
Landry Shamet,,,6cc5c3b9cfcb1d94bed9f3ca972b3114,2026-06-14,00:40,points,8.5,148.0,-200.0,True,fanduel,2026-06-11T23:15:29.786392
Landry Shamet,,,6cc5c3b9cfcb1d94bed9f3ca972b3114,2026-06-14,00:40,points,9.5,210.0,-280.0,True,fanduel,2026-06-11T23:15:29.786394
Dylan Harper,,,6cc5c3b9cfcb1d94bed9f3ca972b3114,2026-06-14,00:40,points,8.5,-1100.0,,True,fanduel,2026-06-11T23:15:29.786395
Dylan Harper,,,6cc5c3b9cfcb1d94bed9f3ca972b3114,2026-06-14,00:40,points,9.5,-650.0,400.0,True,fanduel,2026-06-11T23:15:29.786397
Dylan Harper,,,6cc5c3b9cfcb1d94bed9f3ca972b3114,2026-06-14,00:40,points,10.5,-450.0,300.0,True,fanduel,2026-06-11T23:15:29.786399
Dylan Harper,,,6cc5c3b9cfcb1d94bed9f3ca972b3114,2026-06-14,00:40,points,11.5,-320.0,225.0,True,fanduel,2026-06-11T23:15:29.786400
Dylan Harper,,,6cc5c3b9cfcb1d94bed9f3ca972b3114,2026-06-14,00:40,points,12.5,-240.0,174.0,True,fanduel,2026-06-11T23:15:29.786402
Dylan Harper,,,6cc5c3b9cfcb1d94bed9f3ca972b3114,2026-06-14,00:40,points,13.5,-178.0,132.0,True,fanduel,2026-06-11T23:15:29.786404
Dylan Harper,,,6cc5c3b9cfcb1d94bed9f3ca972b3114,2026-06-14,00:40,points,14.5,-130.0,102.0,True,fanduel,2026-06-11T23:15:29.786406
Dylan Harper,,,6cc5c3b9cfcb1d94bed9f3ca972b3114,2026-06-14,00:40,points,15.5,100.0,-132.0,True,fanduel,2026-06-11T23:15:29.786407
Dylan Harper,,,6cc5c3b9cfcb1d94bed9f3ca972b3114,2026-06-14,00:40,points,16.5,130.0,-174.0,True,fanduel,2026-06-11T23:15:29.786409
Dylan Harper,,,6cc5c3b9cfcb1d94bed9f3ca972b3114,2026-06-14,00:40,points,17.5,164.0,-225.0,True,fanduel,2026-06-11T23:15:29.786410
Dylan Harper,,,6cc5c3b9cfcb1d94bed9f3ca972b3114,2026-06-14,00:40,points,18.5,210.0,-300.0,True,fanduel,2026-06-11T23:15:29.786412
Dylan Harper,,,6cc5c3b9cfcb1d94bed9f3ca972b3114,2026-06-14,00:40,points,19.5,280.0,-400.0,True,fanduel,2026-06-11T23:15:29.786414
Dylan Harper,,,6cc5c3b9cfcb1d94bed9f3ca972b3114,2026-06-14,00:40,points,20.5,320.0,-500.0,True,fanduel,2026-06-11T23:15:29.786415
Devin Vassell,,,6cc5c3b9cfcb1d94bed9f3ca972b3114,2026-06-14,00:40,points,7.5,-750.0,430.0,True,fanduel,2026-06-11T23:15:29.786417
Devin Vassell,,,6cc5c3b9cfcb1d94bed9f3ca972b3114,2026-06-14,00:40,points,8.5,-490.0,320.0,True,fanduel,2026-06-11T23:15:29.786419
Devin Vassell,,,6cc5c3b9cfcb1d94bed9f3ca972b3114,2026-06-14,00:40,points,9.5,-340.0,235.0,True,fanduel,2026-06-11T23:15:29.786421
Devin Vassell,,,6cc5c3b9cfcb1d94bed9f3ca972b3114,2026-06-14,00:40,points,10.5,-250.0,182.0,True,fanduel,2026-06-11T23:15:29.786422
Devin Vassell,,,6cc5c3b9cfcb1d94bed9f3ca972b3114,2026-06-14,00:40,points,11.5,-188.0,140.0,True,fanduel,2026-06-11T23:15:29.786424
Devin Vassell,,,6cc5c3b9cfcb1d94bed9f3ca972b3114,2026-06-14,00:40,points,12.5,-136.0,102.0,True,fanduel,2026-06-11T23:15:29.786426
Devin Vassell,,,6cc5c3b9cfcb1d94bed9f3ca972b3114,2026-06-14,00:40,points,13.5,100.0,-132.0,True,fanduel,2026-06-11T23:15:29.786427
Devin Vassell,,,6cc5c3b9cfcb1d94bed9f3ca972b3114,2026-06-14,00:40,points,14.5,134.0,-178.0,True,fanduel,2026-06-11T23:15:29.786429
Devin Vassell,,,6cc5c3b9cfcb1d94bed9f3ca972b3114,2026-06-14,00:40,points,15.5,172.0,-235.0,True,fanduel,2026-06-11T23:15:29.786431
Devin Vassell,,,6cc5c3b9cfcb1d94bed9f3ca972b3114,2026-06-14,00:40,points,16.5,220.0,-310.0,True,fanduel,2026-06-11T23:15:29.786435
Devin Vassell,,,6cc5c3b9cfcb1d94bed9f3ca972b3114,2026-06-14,00:40,points,17.5,280.0,-420.0,True,fanduel,2026-06-11T23:15:29.786437
Devin Vassell,,,6cc5c3b9cfcb1d94bed9f3ca972b3114,2026-06-14,00:40,points,18.5,360.0,-580.0,True,fanduel,2026-06-11T23:15:29.786438
OG Anunoby,,,6cc5c3b9cfcb1d94bed9f3ca972b3114,2026-06-14,00:40,points,10.5,-1450.0,,True,fanduel,2026-06-11T23:15:29.786440
OG Anunoby,,,6cc5c3b9cfcb1d94bed9f3ca972b3114,2026-06-14,00:40,points,11.5,-900.0,490.0,True,fanduel,2026-06-11T23:15:29.786442
OG Anunoby,,,6cc5c3b9cfcb1d94bed9f3ca972b3114,2026-06-14,00:40,points,12.5,-600.0,370.0,True,fanduel,2026-06-11T23:15:29.786444
OG Anunoby,,,6cc5c3b9cfcb1d94bed9f3ca972b3114,2026-06-14,00:40,points,13.5,-420.0,280.0,True,fanduel,2026-06-11T23:15:29.786445
OG Anunoby,,,6cc5c3b9cfcb1d94bed9f3ca972b3114,2026-06-14,00:40,points,14.5,-310.0,225.0,True,fanduel,2026-06-11T23:15:29.786447
OG Anunoby,,,6cc5c3b9cfcb1d94bed9f3ca972b3114,2026-06-14,00:40,points,15.5,-245.0,178.0,True,fanduel,2026-06-11T23:15:29.786449
OG Anunoby,,,6cc5c3b9cfcb1d94bed9f3ca972b3114,2026-06-14,00:40,points,16.5,-192.0,142.0,True,fanduel,2026-06-11T23:15:29.786452
OG Anunoby,,,6cc5c3b9cfcb1d94bed9f3ca972b3114,2026-06-14,00:40,points,17.5,-146.0,110.0,True,fanduel,2026-06-11T23:15:29.786454
OG Anunoby,,,6cc5c3b9cfcb1d94bed9f3ca972b3114,2026-06-14,00:40,points,18.5,-114.0,-114.0,True,fanduel,2026-06-11T23:15:29.786456
OG Anunoby,,,6cc5c3b9cfcb1d94bed9f3ca972b3114,2026-06-14,00:40,points,19.5,114.0,-152.0,True,fanduel,2026-06-11T23:15:29.786458
OG Anunoby,,,6cc5c3b9cfcb1d94bed9f3ca972b3114,2026-06-14,00:40,points,20.5,142.0,-192.0,True,fanduel,2026-06-11T23:15:29.786459
OG Anunoby,,,6cc5c3b9cfcb1d94bed9f3ca972b3114,2026-06-14,00:40,points,21.5,178.0,-245.0,True,fanduel,2026-06-11T23:15:29.786461
OG Anunoby,,,6cc5c3b9cfcb1d94bed9f3ca972b3114,2026-06-14,00:40,points,22.5,220.0,-310.0,True,fanduel,2026-06-11T23:15:29.786463
OG Anunoby,,,6cc5c3b9cfcb1d94bed9f3ca972b3114,2026-06-14,00:40,points,23.5,270.0,-400.0,True,fanduel,2026-06-11T23:15:29.786464
OG Anunoby,,,6cc5c3b9cfcb1d94bed9f3ca972b3114,2026-06-14,00:40,points,24.5,340.0,-500.0,True,fanduel,2026-06-11T23:15:29.786466
Josh Hart,,,6cc5c3b9cfcb1d94bed9f3ca972b3114,2026-06-14,00:40,points,4.5,-800.0,450.0,True,fanduel,2026-06-11T23:15:29.786467
Josh Hart,,,6cc5c3b9cfcb1d94bed9f3ca972b3114,2026-06-14,00:40,points,5.5,-450.0,300.0,True,fanduel,2026-06-11T23:15:29.786469
Josh Hart,,,6cc5c3b9cfcb1d94bed9f3ca972b3114,2026-06-14,00:40,points,6.5,-300.0,210.0,True,fanduel,2026-06-11T23:15:29.786471
Josh Hart,,,6cc5c3b9cfcb1d94bed9f3ca972b3114,2026-06-14,00:40,points,7.5,-205.0,152.0,True,fanduel,2026-06-11T23:15:29.786473
Josh Hart,,,6cc5c3b9cfcb1d94bed9f3ca972b3114,2026-06-14,00:40,points,8.5,-138.0,104.0,True,fanduel,2026-06-11T23:15:29.786474
Josh Hart,,,6cc5c3b9cfcb1d94bed9f3ca972b3114,2026-06-14,00:40,points,9.5,100.0,-132.0,True,fanduel,2026-06-11T23:15:29.786476
Josh Hart,,,6cc5c3b9cfcb1d94bed9f3ca972b3114,2026-06-14,00:40,points,10.5,140.0,-188.0,True,fanduel,2026-06-11T23:15:29.786478
Josh Hart,,,6cc5c3b9cfcb1d94bed9f3ca972b3114,2026-06-14,00:40,points,11.5,188.0,-260.0,True,fanduel,2026-06-11T23:15:29.786479
Josh Hart,,,6cc5c3b9cfcb1d94bed9f3ca972b3114,2026-06-14,00:40,points,12.5,240.0,-350.0,True,fanduel,2026-06-11T23:15:29.786481
Josh Hart,,,6cc5c3b9cfcb1d94bed9f3ca972b3114,2026-06-14,00:40,points,13.5,320.0,-500.0,True,fanduel,2026-06-11T23:15:29.786483
Jalen Brunson,,,6cc5c3b9cfcb1d94bed9f3ca972b3114,2026-06-14,00:40,points,44.5,1700.0,,True,fanduel,2026-06-11T23:15:29.786484
Victor Wembanyama,,,6cc5c3b9cfcb1d94bed9f3ca972b3114,2026-06-14,00:40,points,44.5,1800.0,,True,fanduel,2026-06-11T23:15:29.786486
Victor Wembanyama,,,6cc5c3b9cfcb1d94bed9f3ca972b3114,2026-06-14,00:40,points,39.5,870.0,,True,fanduel,2026-06-11T23:15:29.786488
Jalen Brunson,,,6cc5c3b9cfcb1d94bed9f3ca972b3114,2026-06-14,00:40,points,39.5,870.0,,True,fanduel,2026-06-11T23:15:29.786491
Jalen Brunson,,,6cc5c3b9cfcb1d94bed9f3ca972b3114,2026-06-14,00:40,points,49.5,5500.0,,True,fanduel,2026-06-11T23:15:29.786495
Victor Wembanyama,,,6cc5c3b9cfcb1d94bed9f3ca972b3114,2026-06-14,00:40,points,49.5,5000.0,,True,fanduel,2026-06-11T23:15:29.786497
OG Anunoby,,,6cc5c3b9cfcb1d94bed9f3ca972b3114,2026-06-14,00:40,points,9.5,-2500.0,,True,fanduel,2026-06-11T23:15:29.786499
Karl-Anthony Towns,,,6cc5c3b9cfcb1d94bed9f3ca972b3114,2026-06-14,00:40,points,9.5,-1100.0,,True,fanduel,2026-06-11T23:15:29.786500
Stephon Castle,,,6cc5c3b9cfcb1d94bed9f3ca972b3114,2026-06-14,00:40,points,9.5,-1000.0,,True,fanduel,2026-06-11T23:15:29.786502
De'Aaron Fox,,,6cc5c3b9cfcb1d94bed9f3ca972b3114,2026-06-14,00:40,points,9.5,-670.0,400.0,True,fanduel,2026-06-11T23:15:29.786504
Mikal Bridges,,,6cc5c3b9cfcb1d94bed9f3ca972b3114,2026-06-14,00:40,points,9.5,-182.0,136.0,True,fanduel,2026-06-11T23:15:29.786505
Julian Champagnie,,,6cc5c3b9cfcb1d94bed9f3ca972b3114,2026-06-14,00:40,points,9.5,100.0,-132.0,True,fanduel,2026-06-11T23:15:29.786507
Keldon Johnson,,,6cc5c3b9cfcb1d94bed9f3ca972b3114,2026-06-14,00:40,points,9.5,225.0,-320.0,True,fanduel,2026-06-11T23:15:29.786509
Jose Alvarado,,,6cc5c3b9cfcb1d94bed9f3ca972b3114,2026-06-14,00:40,points,9.5,630.0,,True,fanduel,2026-06-11T23:15:29.786510
Mitchell Robinson,,,6cc5c3b9cfcb1d94bed9f3ca972b3114,2026-06-14,00:40,points,9.5,830.0,,True,fanduel,2026-06-11T23:15:29.786512
Miles McBride,,,6cc5c3b9cfcb1d94bed9f3ca972b3114,2026-06-14,00:40,points,9.5,1060.0,,True,fanduel,2026-06-11T23:15:29.786513
Victor Wembanyama,,,6cc5c3b9cfcb1d94bed9f3ca972b3114,2026-06-14,00:40,points,34.5,310.0,-470.0,True,fanduel,2026-06-11T23:15:29.786515
Jalen Brunson,,,6cc5c3b9cfcb1d94bed9f3ca972b3114,2026-06-14,00:40,points,34.5,320.0,-500.0,True,fanduel,2026-06-11T23:15:29.786517
OG Anunoby,,,6cc5c3b9cfcb1d94bed9f3ca972b3114,2026-06-14,00:40,points,34.5,2500.0,,True,fanduel,2026-06-11T23:15:29.786518
Jalen Brunson,,,6cc5c3b9cfcb1d94bed9f3ca972b3114,2026-06-14,00:40,points,14.5,-6000.0,,True,fanduel,2026-06-11T23:15:29.786520
Karl-Anthony Towns,,,6cc5c3b9cfcb1d94bed9f3ca972b3114,2026-06-14,00:40,points,14.5,-194.0,144.0,True,fanduel,2026-06-11T23:15:29.786522
Stephon Castle,,,6cc5c3b9cfcb1d94bed9f3ca972b3114,2026-06-14,00:40,points,14.5,-168.0,126.0,True,fanduel,2026-06-11T23:15:29.786523
De'Aaron Fox,,,6cc5c3b9cfcb1d94bed9f3ca972b3114,2026-06-14,00:40,points,14.5,-130.0,-102.0,True,fanduel,2026-06-11T23:15:29.786525
Mikal Bridges,,,6cc5c3b9cfcb1d94bed9f3ca972b3114,2026-06-14,00:40,points,14.5,240.0,-360.0,True,fanduel,2026-06-11T23:15:29.786527
Julian Champagnie,,,6cc5c3b9cfcb1d94bed9f3ca972b3114,2026-06-14,00:40,points,14.5,420.0,,True,fanduel,2026-06-11T23:15:29.786529
Josh Hart,,,6cc5c3b9cfcb1d94bed9f3ca972b3114,2026-06-14,00:40,points,14.5,440.0,,True,fanduel,2026-06-11T23:15:29.786530
Landry Shamet,,,6cc5c3b9cfcb1d94bed9f3ca972b3114,2026-06-14,00:40,points,14.5,750.0,,True,fanduel,2026-06-11T23:15:29.786532
Keldon Johnson,,,6cc5c3b9cfcb1d94bed9f3ca972b3114,2026-06-14,00:40,points,14.5,900.0,,True,fanduel,2026-06-11T23:15:29.786534
Mikal Bridges,,,6cc5c3b9cfcb1d94bed9f3ca972b3114,2026-06-14,00:40,points,6.5,-600.0,370.0,True,fanduel,2026-06-11T23:15:29.786536
Mikal Bridges,,,6cc5c3b9cfcb1d94bed9f3ca972b3114,2026-06-14,00:40,points,7.5,-380.0,265.0,True,fanduel,2026-06-11T23:15:29.786537
Mikal Bridges,,,6cc5c3b9cfcb1d94bed9f3ca972b3114,2026-06-14,00:40,points,8.5,-260.0,188.0,True,fanduel,2026-06-11T23:15:29.786539
Mikal Bridges,,,6cc5c3b9cfcb1d94bed9f3ca972b3114,2026-06-14,00:40,points,10.5,-130.0,-102.0,True,fanduel,2026-06-11T23:15:29.786541
Mikal Bridges,,,6cc5c3b9cfcb1d94bed9f3ca972b3114,2026-06-14,00:40,points,11.5,106.0,-140.0,True,fanduel,2026-06-11T23:15:29.786545
Mikal Bridges,,,6cc5c3b9cfcb1d94bed9f3ca972b3114,2026-06-14,00:40,points,12.5,142.0,-192.0,True,fanduel,2026-06-11T23:15:29.786547
Mikal Bridges,,,6cc5c3b9cfcb1d94bed9f3ca972b3114,2026-06-14,00:40,points,13.5,188.0,-260.0,True,fanduel,2026-06-11T23:15:29.786548
Mikal Bridges,,,6cc5c3b9cfcb1d94bed9f3ca972b3114,2026-06-14,00:40,points,15.5,320.0,-500.0,True,fanduel,2026-06-11T23:15:29.786550
Julian Champagnie,,,6cc5c3b9cfcb1d94bed9f3ca972b3114,2026-06-14,00:40,points,4.5,-800.0,450.0,True,fanduel,2026-06-11T23:15:29.786554
Julian Champagnie,,,6cc5c3b9cfcb1d94bed9f3ca972b3114,2026-06-14,00:40,points,5.5,-450.0,300.0,True,fanduel,2026-06-11T23:15:29.786556
Julian Champagnie,,,6cc5c3b9cfcb1d94bed9f3ca972b3114,2026-06-14,00:40,points,6.5,-275.0,198.0,True,fanduel,2026-06-11T23:15:29.786558
Julian Champagnie,,,6cc5c3b9cfcb1d94bed9f3ca972b3114,2026-06-14,00:40,points,7.5,-220.0,162.0,True,fanduel,2026-06-11T23:15:29.786559
Julian Champagnie,,,6cc5c3b9cfcb1d94bed9f3ca972b3114,2026-06-14,00:40,points,8.5,-146.0,110.0,True,fanduel,2026-06-11T23:15:29.786561
Julian Champagnie,,,6cc5c3b9cfcb1d94bed9f3ca972b3114,2026-06-14,00:40,points,10.5,128.0,-172.0,True,fanduel,2026-06-11T23:15:29.786563
Julian Champagnie,,,6cc5c3b9cfcb1d94bed9f3ca972b3114,2026-06-14,00:40,points,11.5,178.0,-245.0,True,fanduel,2026-06-11T23:15:29.786564
Julian Champagnie,,,6cc5c3b9cfcb1d94bed9f3ca972b3114,2026-06-14,00:40,points,12.5,235.0,-340.0,True,fanduel,2026-06-11T23:15:29.786566
Julian Champagnie,,,6cc5c3b9cfcb1d94bed9f3ca972b3114,2026-06-14,00:40,points,13.5,300.0,-450.0,True,fanduel,2026-06-11T23:15:29.786568
Victor Wembanyama,,,6cc5c3b9cfcb1d94bed9f3ca972b3114,2026-06-14,00:40,points,29.5,120.0,-160.0,True,fanduel,2026-06-11T23:15:29.786570
Jalen Brunson,,,6cc5c3b9cfcb1d94bed9f3ca972b3114,2026-06-14,00:40,points,29.5,130.0,-174.0,True,fanduel,2026-06-11T23:15:29.786572
OG Anunoby,,,6cc5c3b9cfcb1d94bed9f3ca972b3114,2026-06-14,00:40,points,29.5,900.0,,True,fanduel,2026-06-11T23:15:29.786575
Karl-Anthony Towns,,,6cc5c3b9cfcb1d94bed9f3ca972b3114,2026-06-14,00:40,points,29.5,1500.0,,True,fanduel,2026-06-11T23:15:29.786576
Stephon Castle,,,6cc5c3b9cfcb1d94bed9f3ca972b3114,2026-06-14,00:40,points,29.5,2000.0,,True,fanduel,2026-06-11T23:15:29.786578
Dylan Harper,,,6cc5c3b9cfcb1d94bed9f3ca972b3114,2026-06-14,00:40,points,29.5,2500.0,,True,fanduel,2026-06-11T23:15:29.786580
De'Aaron Fox,,,6cc5c3b9cfcb1d94bed9f3ca972b3114,2026-06-14,00:40,points,29.5,3000.0,,True,fanduel,2026-06-11T23:15:29.786582
Victor Wembanyama,,,6cc5c3b9cfcb1d94bed9f3ca972b3114,2026-06-14,00:40,points,19.5,-1100.0,,True,fanduel,2026-06-11T23:15:29.786583
Jalen Brunson,,,6cc5c3b9cfcb1d94bed9f3ca972b3114,2026-06-14,00:40,points,19.5,-750.0,430.0,True,fanduel,2026-06-11T23:15:29.786585
Karl-Anthony Towns,,,6cc5c3b9cfcb1d94bed9f3ca972b3114,2026-06-14,00:40,points,19.5,194.0,-270.0,True,fanduel,2026-06-11T23:15:29.786587
Stephon Castle,,,6cc5c3b9cfcb1d94bed9f3ca972b3114,2026-06-14,00:40,points,19.5,225.0,-320.0,True,fanduel,2026-06-11T23:15:29.786588
De'Aaron Fox,,,6cc5c3b9cfcb1d94bed9f3ca972b3114,2026-06-14,00:40,points,19.5,280.0,-420.0,True,fanduel,2026-06-11T23:15:29.786590
Devin Vassell,,,6cc5c3b9cfcb1d94bed9f3ca972b3114,2026-06-14,00:40,points,19.5,460.0,,True,fanduel,2026-06-11T23:15:29.786592
Mikal Bridges,,,6cc5c3b9cfcb1d94bed9f3ca972b3114,2026-06-14,00:40,points,19.5,900.0,,True,fanduel,2026-06-11T23:15:29.786593
Julian Champagnie,,,6cc5c3b9cfcb1d94bed9f3ca972b3114,2026-06-14,00:40,points,19.5,1400.0,,True,fanduel,2026-06-11T23:15:29.786595
Josh Hart,,,6cc5c3b9cfcb1d94bed9f3ca972b3114,2026-06-14,00:40,points,19.5,1500.0,,True,fanduel,2026-06-11T23:15:29.786597
Victor Wembanyama,,,6cc5c3b9cfcb1d94bed9f3ca972b3114,2026-06-14,00:40,points,24.5,-250.0,182.0,True,fanduel,2026-06-11T23:15:29.786598
Jalen Brunson,,,6cc5c3b9cfcb1d94bed9f3ca972b3114,2026-06-14,00:40,points,24.5,-220.0,162.0,True,fanduel,2026-06-11T23:15:29.786600
Karl-Anthony Towns,,,6cc5c3b9cfcb1d94bed9f3ca972b3114,2026-06-14,00:40,points,24.5,600.0,,True,fanduel,2026-06-11T23:15:29.786602
Stephon Castle,,,6cc5c3b9cfcb1d94bed9f3ca972b3114,2026-06-14,00:40,points,24.5,750.0,,True,fanduel,2026-06-11T23:15:29.786603
Dylan Harper,,,6cc5c3b9cfcb1d94bed9f3ca972b3114,2026-06-14,00:40,points,24.5,870.0,,True,fanduel,2026-06-11T23:15:29.786605
De'Aaron Fox,,,6cc5c3b9cfcb1d94bed9f3ca972b3114,2026-06-14,00:40,points,24.5,1000.0,,True,fanduel,2026-06-11T23:15:29.786607
Devin Vassell,,,6cc5c3b9cfcb1d94bed9f3ca972b3114,2026-06-14,00:40,points,24.5,1300.0,,True,fanduel,2026-06-11T23:15:29.786612
Mikal Bridges,,,6cc5c3b9cfcb1d94bed9f3ca972b3114,2026-06-14,00:40,points,24.5,2500.0,,True,fanduel,2026-06-11T23:15:29.786614
Stephon Castle,,,6cc5c3b9cfcb1d94bed9f3ca972b3114,2026-06-14,00:40,points,10.5,-600.0,370.0,True,fanduel,2026-06-11T23:15:29.786616
Stephon Castle,,,6cc5c3b9cfcb1d94bed9f3ca972b3114,2026-06-14,00:40,points,11.5,-420.0,280.0,True,fanduel,2026-06-11T23:15:29.786618
Stephon Castle,,,6cc5c3b9cfcb1d94bed9f3ca972b3114,2026-06-14,00:40,points,12.5,-310.0,210.0,True,fanduel,2026-06-11T23:15:29.786620
Stephon Castle,,,6cc5c3b9cfcb1d94bed9f3ca972b3114,2026-06-14,00:40,points,13.5,-225.0,164.0,True,fanduel,2026-06-11T23:15:29.786622
Stephon Castle,,,6cc5c3b9cfcb1d94bed9f3ca972b3114,2026-06-14,00:40,points,15.5,-130.0,-102.0,True,fanduel,2026-06-11T23:15:29.786623
Stephon Castle,,,6cc5c3b9cfcb1d94bed9f3ca972b3114,2026-06-14,00:40,points,16.5,104.0,-138.0,True,fanduel,2026-06-11T23:15:29.786625
Stephon Castle,,,6cc5c3b9cfcb1d94bed9f3ca972b3114,2026-06-14,00:40,points,17.5,140.0,-186.0,True,fanduel,2026-06-11T23:15:29.786627
Stephon Castle,,,6cc5c3b9cfcb1d94bed9f3ca972b3114,2026-06-14,00:40,points,18.5,178.0,-245.0,True,fanduel,2026-06-11T23:15:29.786628
Stephon Castle,,,6cc5c3b9cfcb1d94bed9f3ca972b3114,2026-06-14,00:40,points,20.5,280.0,-420.0,True,fanduel,2026-06-11T23:15:29.786630
Stephon Castle,,,6cc5c3b9cfcb1d94bed9f3ca972b3114,2026-06-14,00:40,points,21.5,360.0,-580.0,True,fanduel,2026-06-11T23:15:29.786632
Keldon Johnson,,,6cc5c3b9cfcb1d94bed9f3ca972b3114,2026-06-14,00:40,points,2.5,-600.0,390.0,True,fanduel,2026-06-11T23:15:29.786633
Keldon Johnson,,,6cc5c3b9cfcb1d94bed9f3ca972b3114,2026-06-14,00:40,points,3.5,-350.0,240.0,True,fanduel,2026-06-11T23:15:29.786635
Keldon Johnson,,,6cc5c3b9cfcb1d94bed9f3ca972b3114,2026-06-14,00:40,points,4.5,-250.0,182.0,True,fanduel,2026-06-11T23:15:29.786637
Keldon Johnson,,,6cc5c3b9cfcb1d94bed9f3ca972b3114,2026-06-14,00:40,points,5.5,-160.0,120.0,True,fanduel,2026-06-11T23:15:29.786639
Keldon Johnson,,,6cc5c3b9cfcb1d94bed9f3ca972b3114,2026-06-14,00:40,points,6.5,-110.0,-120.0,True,fanduel,2026-06-11T23:15:29.786642
Keldon Johnson,,,6cc5c3b9cfcb1d94bed9f3ca972b3114,2026-06-14,00:40,points,7.5,128.0,-172.0,True,fanduel,2026-06-11T23:15:29.786644
Keldon Johnson,,,6cc5c3b9cfcb1d94bed9f3ca972b3114,2026-06-14,00:40,points,8.5,178.0,-245.0,True,fanduel,2026-06-11T23:15:29.786646
Jalen Brunson,,,6cc5c3b9cfcb1d94bed9f3ca972b3114,2026-06-14,00:40,points,18.5,-1100.0,,True,fanduel,2026-06-11T23:15:29.786647
Jalen Brunson,,,6cc5c3b9cfcb1d94bed9f3ca972b3114,2026-06-14,00:40,points,20.5,-580.0,360.0,True,fanduel,2026-06-11T23:15:29.786649
Jalen Brunson,,,6cc5c3b9cfcb1d94bed9f3ca972b3114,2026-06-14,00:40,points,21.5,-440.0,290.0,True,fanduel,2026-06-11T23:15:29.786651
Jalen Brunson,,,6cc5c3b9cfcb1d94bed9f3ca972b3114,2026-06-14,00:40,points,22.5,-340.0,235.0,True,fanduel,2026-06-11T23:15:29.786653
Jalen Brunson,,,6cc5c3b9cfcb1d94bed9f3ca972b3114,2026-06-14,00:40,points,23.5,-270.0,194.0,True,fanduel,2026-06-11T23:15:29.786654
Jalen Brunson,,,6cc5c3b9cfcb1d94bed9f3ca972b3114,2026-06-14,00:40,points,25.5,-178.0,132.0,True,fanduel,2026-06-11T23:15:29.786656
Jalen Brunson,,,6cc5c3b9cfcb1d94bed9f3ca972b3114,2026-06-14,00:40,points,26.5,-144.0,108.0,True,fanduel,2026-06-11T23:15:29.786658
Jalen Brunson,,,6cc5c3b9cfcb1d94bed9f3ca972b3114,2026-06-14,00:40,points,27.5,-118.0,-112.0,True,fanduel,2026-06-11T23:15:29.786659
Jalen Brunson,,,6cc5c3b9cfcb1d94bed9f3ca972b3114,2026-06-14,00:40,points,28.5,104.0,-138.0,True,fanduel,2026-06-11T23:15:29.786661
Jalen Brunson,,,6cc5c3b9cfcb1d94bed9f3ca972b3114,2026-06-14,00:40,points,30.5,158.0,-215.0,True,fanduel,2026-06-11T23:15:29.786663
Jalen Brunson,,,6cc5c3b9cfcb1d94bed9f3ca972b3114,2026-06-14,00:40,points,31.5,194.0,-270.0,True,fanduel,2026-06-11T23:15:29.786664
Jalen Brunson,,,6cc5c3b9cfcb1d94bed9f3ca972b3114,2026-06-14,00:40,points,32.5,225.0,-320.0,True,fanduel,2026-06-11T23:15:29.786666
Jalen Brunson,,,6cc5c3b9cfcb1d94bed9f3ca972b3114,2026-06-14,00:40,points,33.5,280.0,-420.0,True,fanduel,2026-06-11T23:15:29.786667
Jalen Brunson,,,6cc5c3b9cfcb1d94bed9f3ca972b3114,2026-06-14,00:40,points,35.5,400.0,-670.0,True,fanduel,2026-06-11T23:15:29.786671
Jalen Brunson,,,6cc5c3b9cfcb1d94bed9f3ca972b3114,2026-06-14,00:40,points,36.5,470.0,-850.0,True,fanduel,2026-06-11T23:15:29.786673
Jalen Brunson,,,6cc5c3b9cfcb1d94bed9f3ca972b3114,2026-06-14,00:40,points,37.5,,-1200.0,True,fanduel,2026-06-11T23:15:29.786675
Victor Wembanyama,,,6cc5c3b9cfcb1d94bed9f3ca972b3114,2026-06-14,00:40,points,20.5,-750.0,430.0,True,fanduel,2026-06-11T23:15:29.786676
Victor Wembanyama,,,6cc5c3b9cfcb1d94bed9f3ca972b3114,2026-06-14,00:40,points,21.5,-550.0,350.0,True,fanduel,2026-06-11T23:15:29.786678
Victor Wembanyama,,,6cc5c3b9cfcb1d94bed9f3ca972b3114,2026-06-14,00:40,points,22.5,-420.0,280.0,True,fanduel,2026-06-11T23:15:29.786680
Victor Wembanyama,,,6cc5c3b9cfcb1d94bed9f3ca972b3114,2026-06-14,00:40,points,23.5,-320.0,225.0,True,fanduel,2026-06-11T23:15:29.786682
Victor Wembanyama,,,6cc5c3b9cfcb1d94bed9f3ca972b3114,2026-06-14,00:40,points,25.5,-198.0,146.0,True,fanduel,2026-06-11T23:15:29.786683
Victor Wembanyama,,,6cc5c3b9cfcb1d94bed9f3ca972b3114,2026-06-14,00:40,points,26.5,-158.0,118.0,True,fanduel,2026-06-11T23:15:29.786685
Victor Wembanyama,,,6cc5c3b9cfcb1d94bed9f3ca972b3114,2026-06-14,00:40,points,27.5,-128.0,-104.0,True,fanduel,2026-06-11T23:15:29.786687
Victor Wembanyama,,,6cc5c3b9cfcb1d94bed9f3ca972b3114,2026-06-14,00:40,points,28.5,-102.0,-130.0,True,fanduel,2026-06-11T23:15:29.786688
Victor Wembanyama,,,6cc5c3b9cfcb1d94bed9f3ca972b3114,2026-06-14,00:40,points,30.5,148.0,-200.0,True,fanduel,2026-06-11T23:15:29.786690
Victor Wembanyama,,,6cc5c3b9cfcb1d94bed9f3ca972b3114,2026-06-14,00:40,points,31.5,182.0,-250.0,True,fanduel,2026-06-11T23:15:29.786692
Victor Wembanyama,,,6cc5c3b9cfcb1d94bed9f3ca972b3114,2026-06-14,00:40,points,32.5,220.0,-310.0,True,fanduel,2026-06-11T23:15:29.786693
Victor Wembanyama,,,6cc5c3b9cfcb1d94bed9f3ca972b3114,2026-06-14,00:40,points,33.5,270.0,-400.0,True,fanduel,2026-06-11T23:15:29.786708
Victor Wembanyama,,,6cc5c3b9cfcb1d94bed9f3ca972b3114,2026-06-14,00:40,points,35.5,370.0,-600.0,True,fanduel,2026-06-11T23:15:29.786709
Victor Wembanyama,,,6cc5c3b9cfcb1d94bed9f3ca972b3114,2026-06-14,00:40,points,36.5,450.0,-800.0,True,fanduel,2026-06-11T23:15:29.786711
Victor Wembanyama,,,6cc5c3b9cfcb1d94bed9f3ca972b3114,2026-06-14,00:40,points,37.5,,-1100.0,True,fanduel,2026-06-11T23:15:29.786713
Victor Wembanyama,,,6cc5c3b9cfcb1d94bed9f3ca972b3114,2026-06-14,00:40,points,38.5,,-1450.0,True,fanduel,2026-06-11T23:15:29.786714
Karl-Anthony Towns,,,6cc5c3b9cfcb1d94bed9f3ca972b3114,2026-06-14,00:40,points,10.5,-700.0,410.0,True,fanduel,2026-06-11T23:15:29.786716
Karl-Anthony Towns,,,6cc5c3b9cfcb1d94bed9f3ca972b3114,2026-06-14,00:40,points,11.5,-490.0,320.0,True,fanduel,2026-06-11T23:15:29.786718
Karl-Anthony Towns,,,6cc5c3b9cfcb1d94bed9f3ca972b3114,2026-06-14,00:40,points,12.5,-340.0,235.0,True,fanduel,2026-06-11T23:15:29.786719
Karl-Anthony Towns,,,6cc5c3b9cfcb1d94bed9f3ca972b3114,2026-06-14,00:40,points,13.5,-260.0,188.0,True,fanduel,2026-06-11T23:15:29.786721
Karl-Anthony Towns,,,6cc5c3b9cfcb1d94bed9f3ca972b3114,2026-06-14,00:40,points,15.5,-148.0,112.0,True,fanduel,2026-06-11T23:15:29.786723
Karl-Anthony Towns,,,6cc5c3b9cfcb1d94bed9f3ca972b3114,2026-06-14,00:40,points,16.5,-112.0,-118.0,True,fanduel,2026-06-11T23:15:29.786724
Karl-Anthony Towns,,,6cc5c3b9cfcb1d94bed9f3ca972b3114,2026-06-14,00:40,points,17.5,116.0,-158.0,True,fanduel,2026-06-11T23:15:29.786726
Karl-Anthony Towns,,,6cc5c3b9cfcb1d94bed9f3ca972b3114,2026-06-14,00:40,points,18.5,148.0,-200.0,True,fanduel,2026-06-11T23:15:29.786728
Karl-Anthony Towns,,,6cc5c3b9cfcb1d94bed9f3ca972b3114,2026-06-14,00:40,points,20.5,230.0,-330.0,True,fanduel,2026-06-11T23:15:29.786730
Karl-Anthony Towns,,,6cc5c3b9cfcb1d94bed9f3ca972b3114,2026-06-14,00:40,points,21.5,290.0,-440.0,True,fanduel,2026-06-11T23:15:29.786731
Karl-Anthony Towns,,,6cc5c3b9cfcb1d94bed9f3ca972b3114,2026-06-14,00:40,points,22.5,370.0,-600.0,True,fanduel,2026-06-11T23:15:29.786733
Karl-Anthony Towns,,,6cc5c3b9cfcb1d94bed9f3ca972b3114,2026-06-14,00:40,points,23.5,430.0,-750.0,True,fanduel,2026-06-11T23:15:29.786735
De'Aaron Fox,,,6cc5c3b9cfcb1d94bed9f3ca972b3114,2026-06-14,00:40,points,10.5,-470.0,310.0,True,fanduel,2026-06-11T23:15:29.786736
De'Aaron Fox,,,6cc5c3b9cfcb1d94bed9f3ca972b3114,2026-06-14,00:40,points,11.5,-320.0,225.0,True,fanduel,2026-06-11T23:15:29.786742
De'Aaron Fox,,,6cc5c3b9cfcb1d94bed9f3ca972b3114,2026-06-14,00:40,points,12.5,-240.0,174.0,True,fanduel,2026-06-11T23:15:29.786744
De'Aaron Fox,,,6cc5c3b9cfcb1d94bed9f3ca972b3114,2026-06-14,00:40,points,13.5,-174.0,130.0,True,fanduel,2026-06-11T23:15:29.786746
De'Aaron Fox,,,6cc5c3b9cfcb1d94bed9f3ca972b3114,2026-06-14,00:40,points,15.5,102.0,-136.0,True,fanduel,2026-06-11T23:15:29.786748
De'Aaron Fox,,,6cc5c3b9cfcb1d94bed9f3ca972b3114,2026-06-14,00:40,points,16.5,134.0,-180.0,True,fanduel,2026-06-11T23:15:29.786752
De'Aaron Fox,,,6cc5c3b9cfcb1d94bed9f3ca972b3114,2026-06-14,00:40,points,17.5,174.0,-240.0,True,fanduel,2026-06-11T23:15:29.786754
De'Aaron Fox,,,6cc5c3b9cfcb1d94bed9f3ca972b3114,2026-06-14,00:40,points,18.5,220.0,-310.0,True,fanduel,2026-06-11T23:15:29.786755
De'Aaron Fox,,,6cc5c3b9cfcb1d94bed9f3ca972b3114,2026-06-14,00:40,points,20.5,360.0,-580.0,True,fanduel,2026-06-11T23:15:29.786757
De'Aaron Fox,,,6cc5c3b9cfcb1d94bed9f3ca972b3114,2026-06-14,00:40,points,21.5,450.0,-800.0,True,fanduel,2026-06-11T23:15:29.786759
Dylan Harper,,,6cc5c3b9cfcb1d94bed9f3ca972b3114,2026-06-14,00:40,rebounds,5.5,-144.0,108.0,False,fanduel,2026-06-11T23:15:29.786783
Josh Hart,,,6cc5c3b9cfcb1d94bed9f3ca972b3114,2026-06-14,00:40,rebounds,8.5,102.0,-136.0,False,fanduel,2026-06-11T23:15:29.786785
Devin Vassell,,,6cc5c3b9cfcb1d94bed9f3ca972b3114,2026-06-14,00:40,rebounds,4.5,-152.0,116.0,False,fanduel,2026-06-11T23:15:29.786786
Mikal Bridges,,,6cc5c3b9cfcb1d94bed9f3ca972b3114,2026-06-14,00:40,rebounds,3.5,110.0,-146.0,False,fanduel,2026-06-11T23:15:29.786788
Stephon Castle,,,6cc5c3b9cfcb1d94bed9f3ca972b3114,2026-06-14,00:40,rebounds,4.5,-138.0,104.0,False,fanduel,2026-06-11T23:15:29.786790
Julian Champagnie,,,6cc5c3b9cfcb1d94bed9f3ca972b3114,2026-06-14,00:40,rebounds,4.5,-114.0,-114.0,False,fanduel,2026-06-11T23:15:29.786791
Jalen Brunson,,,6cc5c3b9cfcb1d94bed9f3ca972b3114,2026-06-14,00:40,rebounds,3.5,116.0,-154.0,False,fanduel,2026-06-11T23:15:29.786793
Landry Shamet,,,6cc5c3b9cfcb1d94bed9f3ca972b3114,2026-06-14,00:40,rebounds,1.5,126.0,-168.0,False,fanduel,2026-06-11T23:15:29.786795
De'Aaron Fox,,,6cc5c3b9cfcb1d94bed9f3ca972b3114,2026-06-14,00:40,rebounds,3.5,116.0,-154.0,False,fanduel,2026-06-11T23:15:29.786796
Jose Alvarado,,,6cc5c3b9cfcb1d94bed9f3ca972b3114,2026-06-14,00:40,rebounds,1.5,-122.0,-108.0,False,fanduel,2026-06-11T23:15:29.786798
Victor Wembanyama,,,6cc5c3b9cfcb1d94bed9f3ca972b3114,2026-06-14,00:40,rebounds,11.5,-108.0,-122.0,False,fanduel,2026-06-11T23:15:29.786800
Karl-Anthony Towns,,,6cc5c3b9cfcb1d94bed9f3ca972b3114,2026-06-14,00:40,rebounds,11.5,104.0,-138.0,False,fanduel,2026-06-11T23:15:29.786801
OG Anunoby,,,6cc5c3b9cfcb1d94bed9f3ca972b3114,2026-06-14,00:40,rebounds,5.5,104.0,-138.0,False,fanduel,2026-06-11T23:15:29.786803
Dylan Harper,,,6cc5c3b9cfcb1d94bed9f3ca972b3114,2026-06-14,00:40,rebounds,3.5,-650.0,400.0,True,fanduel,2026-06-11T23:15:29.786887
Dylan Harper,,,6cc5c3b9cfcb1d94bed9f3ca972b3114,2026-06-14,00:40,rebounds,4.5,-290.0,205.0,True,fanduel,2026-06-11T23:15:29.786889
Dylan Harper,,,6cc5c3b9cfcb1d94bed9f3ca972b3114,2026-06-14,00:40,rebounds,5.5,-140.0,108.0,True,fanduel,2026-06-11T23:15:29.786891
Dylan Harper,,,6cc5c3b9cfcb1d94bed9f3ca972b3114,2026-06-14,00:40,rebounds,6.5,132.0,-178.0,True,fanduel,2026-06-11T23:15:29.786892
Dylan Harper,,,6cc5c3b9cfcb1d94bed9f3ca972b3114,2026-06-14,00:40,rebounds,7.5,240.0,-340.0,True,fanduel,2026-06-11T23:15:29.786894
Dylan Harper,,,6cc5c3b9cfcb1d94bed9f3ca972b3114,2026-06-14,00:40,rebounds,8.5,400.0,-670.0,True,fanduel,2026-06-11T23:15:29.786896
Jalen Brunson,,,6cc5c3b9cfcb1d94bed9f3ca972b3114,2026-06-14,00:40,rebounds,1.5,-750.0,430.0,True,fanduel,2026-06-11T23:15:29.786898
Jalen Brunson,,,6cc5c3b9cfcb1d94bed9f3ca972b3114,2026-06-14,00:40,rebounds,2.5,-225.0,164.0,True,fanduel,2026-06-11T23:15:29.786899
Jalen Brunson,,,6cc5c3b9cfcb1d94bed9f3ca972b3114,2026-06-14,00:40,rebounds,3.5,118.0,-154.0,True,fanduel,2026-06-11T23:15:29.786901
Jalen Brunson,,,6cc5c3b9cfcb1d94bed9f3ca972b3114,2026-06-14,00:40,rebounds,4.5,270.0,-400.0,True,fanduel,2026-06-11T23:15:29.786903
Jalen Brunson,,,6cc5c3b9cfcb1d94bed9f3ca972b3114,2026-06-14,00:40,rebounds,5.5,600.0,-1200.0,True,fanduel,2026-06-11T23:15:29.786904
Mitchell Robinson,,,6cc5c3b9cfcb1d94bed9f3ca972b3114,2026-06-14,00:40,rebounds,1.5,-1100.0,,True,fanduel,2026-06-11T23:15:29.786906
Mitchell Robinson,,,6cc5c3b9cfcb1d94bed9f3ca972b3114,2026-06-14,00:40,rebounds,2.5,-420.0,280.0,True,fanduel,2026-06-11T23:15:29.786908
Mitchell Robinson,,,6cc5c3b9cfcb1d94bed9f3ca972b3114,2026-06-14,00:40,rebounds,3.5,-205.0,154.0,True,fanduel,2026-06-11T23:15:29.786909
Mitchell Robinson,,,6cc5c3b9cfcb1d94bed9f3ca972b3114,2026-06-14,00:40,rebounds,4.5,-114.0,-114.0,True,fanduel,2026-06-11T23:15:29.786911
Mitchell Robinson,,,6cc5c3b9cfcb1d94bed9f3ca972b3114,2026-06-14,00:40,rebounds,5.5,150.0,-205.0,True,fanduel,2026-06-11T23:15:29.786913
Mitchell Robinson,,,6cc5c3b9cfcb1d94bed9f3ca972b3114,2026-06-14,00:40,rebounds,6.5,230.0,-330.0,True,fanduel,2026-06-11T23:15:29.786914
Mitchell Robinson,,,6cc5c3b9cfcb1d94bed9f3ca972b3114,2026-06-14,00:40,rebounds,7.5,370.0,-580.0,True,fanduel,2026-06-11T23:15:29.786916
Julian Champagnie,,,6cc5c3b9cfcb1d94bed9f3ca972b3114,2026-06-14,00:40,rebounds,2.5,-700.0,410.0,True,fanduel,2026-06-11T23:15:29.786918
Julian Champagnie,,,6cc5c3b9cfcb1d94bed9f3ca972b3114,2026-06-14,00:40,rebounds,3.5,-260.0,188.0,True,fanduel,2026-06-11T23:15:29.786919
Julian Champagnie,,,6cc5c3b9cfcb1d94bed9f3ca972b3114,2026-06-14,00:40,rebounds,4.5,-114.0,-114.0,True,fanduel,2026-06-11T23:15:29.786921
Julian Champagnie,,,6cc5c3b9cfcb1d94bed9f3ca972b3114,2026-06-14,00:40,rebounds,5.5,180.0,-245.0,True,fanduel,2026-06-11T23:15:29.786923
Julian Champagnie,,,6cc5c3b9cfcb1d94bed9f3ca972b3114,2026-06-14,00:40,rebounds,6.5,320.0,-500.0,True,fanduel,2026-06-11T23:15:29.786924
Julian Champagnie,,,6cc5c3b9cfcb1d94bed9f3ca972b3114,2026-06-14,00:40,rebounds,7.5,600.0,-1200.0,True,fanduel,2026-06-11T23:15:29.786926
Victor Wembanyama,,,6cc5c3b9cfcb1d94bed9f3ca972b3114,2026-06-14,00:40,rebounds,13.5,225.0,-320.0,True,fanduel,2026-06-11T23:15:29.786927
Karl-Anthony Towns,,,6cc5c3b9cfcb1d94bed9f3ca972b3114,2026-06-14,00:40,rebounds,13.5,235.0,-340.0,True,fanduel,2026-06-11T23:15:29.786929
Josh Hart,,,6cc5c3b9cfcb1d94bed9f3ca972b3114,2026-06-14,00:40,rebounds,13.5,900.0,,True,fanduel,2026-06-11T23:15:29.786931
OG Anunoby,,,6cc5c3b9cfcb1d94bed9f3ca972b3114,2026-06-14,00:40,rebounds,3.5,-470.0,310.0,True,fanduel,2026-06-11T23:15:29.786932
Devin Vassell,,,6cc5c3b9cfcb1d94bed9f3ca972b3114,2026-06-14,00:40,rebounds,3.5,-330.0,230.0,True,fanduel,2026-06-11T23:15:29.786934
Stephon Castle,,,6cc5c3b9cfcb1d94bed9f3ca972b3114,2026-06-14,00:40,rebounds,3.5,-320.0,225.0,True,fanduel,2026-06-11T23:15:29.786936
Mikal Bridges,,,6cc5c3b9cfcb1d94bed9f3ca972b3114,2026-06-14,00:40,rebounds,3.5,110.0,-146.0,True,fanduel,2026-06-11T23:15:29.786937
De'Aaron Fox,,,6cc5c3b9cfcb1d94bed9f3ca972b3114,2026-06-14,00:40,rebounds,3.5,118.0,,True,fanduel,2026-06-11T23:15:29.786939
Keldon Johnson,,,6cc5c3b9cfcb1d94bed9f3ca972b3114,2026-06-14,00:40,rebounds,3.5,158.0,,True,fanduel,2026-06-11T23:15:29.786943
Jose Alvarado,,,6cc5c3b9cfcb1d94bed9f3ca972b3114,2026-06-14,00:40,rebounds,3.5,560.0,,True,fanduel,2026-06-11T23:15:29.786945
Victor Wembanyama,,,6cc5c3b9cfcb1d94bed9f3ca972b3114,2026-06-14,00:40,rebounds,11.5,-108.0,-122.0,True,fanduel,2026-06-11T23:15:29.786946
Karl-Anthony Towns,,,6cc5c3b9cfcb1d94bed9f3ca972b3114,2026-06-14,00:40,rebounds,11.5,104.0,-138.0,True,fanduel,2026-06-11T23:15:29.786948
Josh Hart,,,6cc5c3b9cfcb1d94bed9f3ca972b3114,2026-06-14,00:40,rebounds,11.5,360.0,-580.0,True,fanduel,2026-06-11T23:15:29.786950
Dylan Harper,,,6cc5c3b9cfcb1d94bed9f3ca972b3114,2026-06-14,00:40,rebounds,11.5,1500.0,,True,fanduel,2026-06-11T23:15:29.786951
Mitchell Robinson,,,6cc5c3b9cfcb1d94bed9f3ca972b3114,2026-06-14,00:40,rebounds,11.5,1500.0,,True,fanduel,2026-06-11T23:15:29.786953
Victor Wembanyama,,,6cc5c3b9cfcb1d94bed9f3ca972b3114,2026-06-14,00:40,rebounds,7.5,-1000.0,,True,fanduel,2026-06-11T23:15:29.786955
Karl-Anthony Towns,,,6cc5c3b9cfcb1d94bed9f3ca972b3114,2026-06-14,00:40,rebounds,7.5,-700.0,410.0,True,fanduel,2026-06-11T23:15:29.786956
Josh Hart,,,6cc5c3b9cfcb1d94bed9f3ca972b3114,2026-06-14,00:40,rebounds,7.5,-174.0,130.0,True,fanduel,2026-06-11T23:15:29.786958
OG Anunoby,,,6cc5c3b9cfcb1d94bed9f3ca972b3114,2026-06-14,00:40,rebounds,7.5,370.0,-600.0,True,fanduel,2026-06-11T23:15:29.786960
Devin Vassell,,,6cc5c3b9cfcb1d94bed9f3ca972b3114,2026-06-14,00:40,rebounds,7.5,520.0,-1000.0,True,fanduel,2026-06-11T23:15:29.786961
Stephon Castle,,,6cc5c3b9cfcb1d94bed9f3ca972b3114,2026-06-14,00:40,rebounds,7.5,560.0,-1100.0,True,fanduel,2026-06-11T23:15:29.786963
Victor Wembanyama,,,6cc5c3b9cfcb1d94bed9f3ca972b3114,2026-06-14,00:40,rebounds,15.5,560.0,-1100.0,True,fanduel,2026-06-11T23:15:29.786965
Karl-Anthony Towns,,,6cc5c3b9cfcb1d94bed9f3ca972b3114,2026-06-14,00:40,rebounds,15.5,560.0,-1100.0,True,fanduel,2026-06-11T23:15:29.786966
Josh Hart,,,6cc5c3b9cfcb1d94bed9f3ca972b3114,2026-06-14,00:40,rebounds,15.5,1800.0,,True,fanduel,2026-06-11T23:15:29.786968
Karl-Anthony Towns,,,6cc5c3b9cfcb1d94bed9f3ca972b3114,2026-06-14,00:40,rebounds,5.5,-4500.0,,True,fanduel,2026-06-11T23:15:29.786970
Josh Hart,,,6cc5c3b9cfcb1d94bed9f3ca972b3114,2026-06-14,00:40,rebounds,5.5,-650.0,390.0,True,fanduel,2026-06-11T23:15:29.786971
OG Anunoby,,,6cc5c3b9cfcb1d94bed9f3ca972b3114,2026-06-14,00:40,rebounds,5.5,104.0,-138.0,True,fanduel,2026-06-11T23:15:29.786973
Devin Vassell,,,6cc5c3b9cfcb1d94bed9f3ca972b3114,2026-06-14,00:40,rebounds,5.5,142.0,-192.0,True,fanduel,2026-06-11T23:15:29.786975
Stephon Castle,,,6cc5c3b9cfcb1d94bed9f3ca972b3114,2026-06-14,00:40,rebounds,5.5,154.0,-210.0,True,fanduel,2026-06-11T23:15:29.786976
Mikal Bridges,,,6cc5c3b9cfcb1d94bed9f3ca972b3114,2026-06-14,00:40,rebounds,5.5,540.0,-1000.0,True,fanduel,2026-06-11T23:15:29.786978
De'Aaron Fox,,,6cc5c3b9cfcb1d94bed9f3ca972b3114,2026-06-14,00:40,rebounds,5.5,560.0,,True,fanduel,2026-06-11T23:15:29.786980
Keldon Johnson,,,6cc5c3b9cfcb1d94bed9f3ca972b3114,2026-06-14,00:40,rebounds,5.5,630.0,,True,fanduel,2026-06-11T23:15:29.786982
Mikal Bridges,,,6cc5c3b9cfcb1d94bed9f3ca972b3114,2026-06-14,00:40,rebounds,1.5,-750.0,430.0,True,fanduel,2026-06-11T23:15:29.786983
Mikal Bridges,,,6cc5c3b9cfcb1d94bed9f3ca972b3114,2026-06-14,00:40,rebounds,2.5,-235.0,172.0,True,fanduel,2026-06-11T23:15:29.786985
Mikal Bridges,,,6cc5c3b9cfcb1d94bed9f3ca972b3114,2026-06-14,00:40,rebounds,4.5,240.0,-350.0,True,fanduel,2026-06-11T23:15:29.786987
Josh Hart,,,6cc5c3b9cfcb1d94bed9f3ca972b3114,2026-06-14,00:40,rebounds,6.5,-320.0,225.0,True,fanduel,2026-06-11T23:15:29.786989
Josh Hart,,,6cc5c3b9cfcb1d94bed9f3ca972b3114,2026-06-14,00:40,rebounds,8.5,102.0,-136.0,True,fanduel,2026-06-11T23:15:29.786990
Josh Hart,,,6cc5c3b9cfcb1d94bed9f3ca972b3114,2026-06-14,00:40,rebounds,9.5,142.0,-188.0,True,fanduel,2026-06-11T23:15:29.786992
Josh Hart,,,6cc5c3b9cfcb1d94bed9f3ca972b3114,2026-06-14,00:40,rebounds,10.5,225.0,-320.0,True,fanduel,2026-06-11T23:15:29.786994
Josh Hart,,,6cc5c3b9cfcb1d94bed9f3ca972b3114,2026-06-14,00:40,rebounds,12.5,,-1200.0,True,fanduel,2026-06-11T23:15:29.786995
Victor Wembanyama,,,6cc5c3b9cfcb1d94bed9f3ca972b3114,2026-06-14,00:40,rebounds,8.5,-470.0,310.0,True,fanduel,2026-06-11T23:15:29.786997
Victor Wembanyama,,,6cc5c3b9cfcb1d94bed9f3ca972b3114,2026-06-14,00:40,rebounds,9.5,-330.0,225.0,True,fanduel,2026-06-11T23:15:29.786998
Victor Wembanyama,,,6cc5c3b9cfcb1d94bed9f3ca972b3114,2026-06-14,00:40,rebounds,10.5,-188.0,140.0,True,fanduel,2026-06-11T23:15:29.787000
Victor Wembanyama,,,6cc5c3b9cfcb1d94bed9f3ca972b3114,2026-06-14,00:40,rebounds,12.5,148.0,-200.0,True,fanduel,2026-06-11T23:15:29.787002
Victor Wembanyama,,,6cc5c3b9cfcb1d94bed9f3ca972b3114,2026-06-14,00:40,rebounds,14.5,350.0,-550.0,True,fanduel,2026-06-11T23:15:29.787003
Karl-Anthony Towns,,,6cc5c3b9cfcb1d94bed9f3ca972b3114,2026-06-14,00:40,rebounds,8.5,-380.0,260.0,True,fanduel,2026-06-11T23:15:29.787005
Karl-Anthony Towns,,,6cc5c3b9cfcb1d94bed9f3ca972b3114,2026-06-14,00:40,rebounds,9.5,-260.0,194.0,True,fanduel,2026-06-11T23:15:29.787007
Karl-Anthony Towns,,,6cc5c3b9cfcb1d94bed9f3ca972b3114,2026-06-14,00:40,rebounds,10.5,-158.0,118.0,True,fanduel,2026-06-11T23:15:29.787008
Karl-Anthony Towns,,,6cc5c3b9cfcb1d94bed9f3ca972b3114,2026-06-14,00:40,rebounds,12.5,162.0,-220.0,True,fanduel,2026-06-11T23:15:29.787010
Karl-Anthony Towns,,,6cc5c3b9cfcb1d94bed9f3ca972b3114,2026-06-14,00:40,rebounds,14.5,360.0,-580.0,True,fanduel,2026-06-11T23:15:29.787011
Stephon Castle,,,6cc5c3b9cfcb1d94bed9f3ca972b3114,2026-06-14,00:40,rebounds,2.5,-900.0,490.0,True,fanduel,2026-06-11T23:15:29.787013
Stephon Castle,,,6cc5c3b9cfcb1d94bed9f3ca972b3114,2026-06-14,00:40,rebounds,4.5,-138.0,104.0,True,fanduel,2026-06-11T23:15:29.787015
Stephon Castle,,,6cc5c3b9cfcb1d94bed9f3ca972b3114,2026-06-14,00:40,rebounds,6.5,300.0,-450.0,True,fanduel,2026-06-11T23:15:29.787017
Dylan Harper,,,6cc5c3b9cfcb1d94bed9f3ca972b3114,2026-06-14,00:40,rebounds,9.5,600.0,,True,fanduel,2026-06-11T23:15:29.787018
Mitchell Robinson,,,6cc5c3b9cfcb1d94bed9f3ca972b3114,2026-06-14,00:40,rebounds,9.5,800.0,,True,fanduel,2026-06-11T23:15:29.787020
OG Anunoby,,,6cc5c3b9cfcb1d94bed9f3ca972b3114,2026-06-14,00:40,rebounds,9.5,1060.0,,True,fanduel,2026-06-11T23:15:29.787022
Devin Vassell,,,6cc5c3b9cfcb1d94bed9f3ca972b3114,2026-06-14,00:40,rebounds,9.5,1400.0,,True,fanduel,2026-06-11T23:15:29.787023
Stephon Castle,,,6cc5c3b9cfcb1d94bed9f3ca972b3114,2026-06-14,00:40,rebounds,9.5,1400.0,,True,fanduel,2026-06-11T23:15:29.787025
Julian Champagnie,,,6cc5c3b9cfcb1d94bed9f3ca972b3114,2026-06-14,00:40,rebounds,9.5,1500.0,,True,fanduel,2026-06-11T23:15:29.787027
Devin Vassell,,,6cc5c3b9cfcb1d94bed9f3ca972b3114,2026-06-14,00:40,rebounds,2.5,-1000.0,,True,fanduel,2026-06-11T23:15:29.787031
Devin Vassell,,,6cc5c3b9cfcb1d94bed9f3ca972b3114,2026-06-14,00:40,rebounds,4.5,-152.0,116.0,True,fanduel,2026-06-11T23:15:29.787032
Devin Vassell,,,6cc5c3b9cfcb1d94bed9f3ca972b3114,2026-06-14,00:40,rebounds,6.5,270.0,-400.0,True,fanduel,2026-06-11T23:15:29.787034
OG Anunoby,,,6cc5c3b9cfcb1d94bed9f3ca972b3114,2026-06-14,00:40,rebounds,4.5,-205.0,152.0,True,fanduel,2026-06-11T23:15:29.787036
OG Anunoby,,,6cc5c3b9cfcb1d94bed9f3ca972b3114,2026-06-14,00:40,rebounds,6.5,200.0,-280.0,True,fanduel,2026-06-11T23:15:29.787037
OG Anunoby,,,6cc5c3b9cfcb1d94bed9f3ca972b3114,2026-06-14,00:40,rebounds,8.5,,-1450.0,True,fanduel,2026-06-11T23:15:29.787039
Karl-Anthony Towns,,,6cc5c3b9cfcb1d94bed9f3ca972b3114,2026-06-14,00:40,threes,1.5,138.0,-186.0,False,fanduel,2026-06-11T23:15:29.787055
Stephon Castle,,,6cc5c3b9cfcb1d94bed9f3ca972b3114,2026-06-14,00:40,threes,1.5,136.0,-182.0,False,fanduel,2026-06-11T23:15:29.787056
Victor Wembanyama,,,6cc5c3b9cfcb1d94bed9f3ca972b3114,2026-06-14,00:40,threes,1.5,-205.0,152.0,False,fanduel,2026-06-11T23:15:29.787058
Dylan Harper,,,6cc5c3b9cfcb1d94bed9f3ca972b3114,2026-06-14,00:40,threes,1.5,106.0,-140.0,False,fanduel,2026-06-11T23:15:29.787060
OG Anunoby,,,6cc5c3b9cfcb1d94bed9f3ca972b3114,2026-06-14,00:40,threes,2.5,-102.0,-130.0,False,fanduel,2026-06-11T23:15:29.787061
De'Aaron Fox,,,6cc5c3b9cfcb1d94bed9f3ca972b3114,2026-06-14,00:40,threes,1.5,138.0,-186.0,False,fanduel,2026-06-11T23:15:29.787063
Landry Shamet,,,6cc5c3b9cfcb1d94bed9f3ca972b3114,2026-06-14,00:40,threes,1.5,-130.0,-102.0,False,fanduel,2026-06-11T23:15:29.787065
Jalen Brunson,,,6cc5c3b9cfcb1d94bed9f3ca972b3114,2026-06-14,00:40,threes,2.5,116.0,-154.0,False,fanduel,2026-06-11T23:15:29.787067
Mikal Bridges,,,6cc5c3b9cfcb1d94bed9f3ca972b3114,2026-06-14,00:40,threes,1.5,118.0,-158.0,False,fanduel,2026-06-11T23:15:29.787068
Josh Hart,,,6cc5c3b9cfcb1d94bed9f3ca972b3114,2026-06-14,00:40,threes,1.5,128.0,-172.0,False,fanduel,2026-06-11T23:15:29.787070
OG Anunoby,,,6cc5c3b9cfcb1d94bed9f3ca972b3114,2026-06-14,00:40,threes,3.5,240.0,-350.0,True,fanduel,2026-06-11T23:15:29.787128
Devin Vassell,,,6cc5c3b9cfcb1d94bed9f3ca972b3114,2026-06-14,00:40,threes,3.5,290.0,-440.0,True,fanduel,2026-06-11T23:15:29.787130
Jalen Brunson,,,6cc5c3b9cfcb1d94bed9f3ca972b3114,2026-06-14,00:40,threes,3.5,300.0,-450.0,True,fanduel,2026-06-11T23:15:29.787132
Julian Champagnie,,,6cc5c3b9cfcb1d94bed9f3ca972b3114,2026-06-14,00:40,threes,3.5,340.0,,True,fanduel,2026-06-11T23:15:29.787133
Victor Wembanyama,,,6cc5c3b9cfcb1d94bed9f3ca972b3114,2026-06-14,00:40,threes,3.5,400.0,-670.0,True,fanduel,2026-06-11T23:15:29.787135
Landry Shamet,,,6cc5c3b9cfcb1d94bed9f3ca972b3114,2026-06-14,00:40,threes,3.5,600.0,-1200.0,True,fanduel,2026-06-11T23:15:29.787137
Dylan Harper,,,6cc5c3b9cfcb1d94bed9f3ca972b3114,2026-06-14,00:40,threes,3.5,900.0,,True,fanduel,2026-06-11T23:15:29.787139
Mikal Bridges,,,6cc5c3b9cfcb1d94bed9f3ca972b3114,2026-06-14,00:40,threes,3.5,1060.0,,True,fanduel,2026-06-11T23:15:29.787140
Josh Hart,,,6cc5c3b9cfcb1d94bed9f3ca972b3114,2026-06-14,00:40,threes,3.5,1060.0,,True,fanduel,2026-06-11T23:15:29.787142
Stephon Castle,,,6cc5c3b9cfcb1d94bed9f3ca972b3114,2026-06-14,00:40,threes,3.5,1200.0,,True,fanduel,2026-06-11T23:15:29.787144
De'Aaron Fox,,,6cc5c3b9cfcb1d94bed9f3ca972b3114,2026-06-14,00:40,threes,3.5,1200.0,,True,fanduel,2026-06-11T23:15:29.787145
Karl-Anthony Towns,,,6cc5c3b9cfcb1d94bed9f3ca972b3114,2026-06-14,00:40,threes,3.5,1200.0,,True,fanduel,2026-06-11T23:15:29.787147
OG Anunoby,,,6cc5c3b9cfcb1d94bed9f3ca972b3114,2026-06-14,00:40,threes,5.5,1200.0,,True,fanduel,2026-06-11T23:15:29.787149
Jalen Brunson,,,6cc5c3b9cfcb1d94bed9f3ca972b3114,2026-06-14,00:40,threes,5.5,1500.0,,True,fanduel,2026-06-11T23:15:29.787150
Landry Shamet,,,6cc5c3b9cfcb1d94bed9f3ca972b3114,2026-06-14,00:40,threes,5.5,3000.0,,True,fanduel,2026-06-11T23:15:29.787152
Devin Vassell,,,6cc5c3b9cfcb1d94bed9f3ca972b3114,2026-06-14,00:40,threes,5.5,1500.0,,True,fanduel,2026-06-11T23:15:29.787154
Victor Wembanyama,,,6cc5c3b9cfcb1d94bed9f3ca972b3114,2026-06-14,00:40,threes,5.5,2000.0,,True,fanduel,2026-06-11T23:15:29.787155
Julian Champagnie,,,6cc5c3b9cfcb1d94bed9f3ca972b3114,2026-06-14,00:40,threes,5.5,1500.0,,True,fanduel,2026-06-11T23:15:29.787157
Mikal Bridges,,,6cc5c3b9cfcb1d94bed9f3ca972b3114,2026-06-14,00:40,threes,0.5,-430.0,290.0,True,fanduel,2026-06-11T23:15:29.787159
Mikal Bridges,,,6cc5c3b9cfcb1d94bed9f3ca972b3114,2026-06-14,00:40,threes,1.5,120.0,-158.0,True,fanduel,2026-06-11T23:15:29.787160
Mikal Bridges,,,6cc5c3b9cfcb1d94bed9f3ca972b3114,2026-06-14,00:40,threes,2.5,360.0,-580.0,True,fanduel,2026-06-11T23:15:29.787162
Josh Hart,,,6cc5c3b9cfcb1d94bed9f3ca972b3114,2026-06-14,00:40,threes,0.5,-370.0,265.0,True,fanduel,2026-06-11T23:15:29.787164
Josh Hart,,,6cc5c3b9cfcb1d94bed9f3ca972b3114,2026-06-14,00:40,threes,1.5,130.0,-172.0,True,fanduel,2026-06-11T23:15:29.787165
Josh Hart,,,6cc5c3b9cfcb1d94bed9f3ca972b3114,2026-06-14,00:40,threes,2.5,420.0,-670.0,True,fanduel,2026-06-11T23:15:29.787167
OG Anunoby,,,6cc5c3b9cfcb1d94bed9f3ca972b3114,2026-06-14,00:40,threes,1.5,-320.0,225.0,True,fanduel,2026-06-11T23:15:29.787169
Devin Vassell,,,6cc5c3b9cfcb1d94bed9f3ca972b3114,2026-06-14,00:40,threes,1.5,-280.0,200.0,True,fanduel,2026-06-11T23:15:29.787170
Jalen Brunson,,,6cc5c3b9cfcb1d94bed9f3ca972b3114,2026-06-14,00:40,threes,1.5,-270.0,194.0,True,fanduel,2026-06-11T23:15:29.787172
Julian Champagnie,,,6cc5c3b9cfcb1d94bed9f3ca972b3114,2026-06-14,00:40,threes,1.5,-245.0,,True,fanduel,2026-06-11T23:15:29.787174
Victor Wembanyama,,,6cc5c3b9cfcb1d94bed9f3ca972b3114,2026-06-14,00:40,threes,1.5,-205.0,152.0,True,fanduel,2026-06-11T23:15:29.787175
Landry Shamet,,,6cc5c3b9cfcb1d94bed9f3ca972b3114,2026-06-14,00:40,threes,1.5,-130.0,-102.0,True,fanduel,2026-06-11T23:15:29.787180
Dylan Harper,,,6cc5c3b9cfcb1d94bed9f3ca972b3114,2026-06-14,00:40,threes,1.5,106.0,-140.0,True,fanduel,2026-06-11T23:15:29.787182
Stephon Castle,,,6cc5c3b9cfcb1d94bed9f3ca972b3114,2026-06-14,00:40,threes,1.5,138.0,,True,fanduel,2026-06-11T23:15:29.787183
Karl-Anthony Towns,,,6cc5c3b9cfcb1d94bed9f3ca972b3114,2026-06-14,00:40,threes,1.5,138.0,-186.0,True,fanduel,2026-06-11T23:15:29.787185
De'Aaron Fox,,,6cc5c3b9cfcb1d94bed9f3ca972b3114,2026-06-14,00:40,threes,1.5,140.0,,True,fanduel,2026-06-11T23:15:29.787187
Jose Alvarado,,,6cc5c3b9cfcb1d94bed9f3ca972b3114,2026-06-14,00:40,threes,1.5,350.0,,True,fanduel,2026-06-11T23:15:29.787188
OG Anunoby,,,6cc5c3b9cfcb1d94bed9f3ca972b3114,2026-06-14,00:40,threes,2.5,-102.0,-130.0,True,fanduel,2026-06-11T23:15:29.787192
Jalen Brunson,,,6cc5c3b9cfcb1d94bed9f3ca972b3114,2026-06-14,00:40,threes,2.5,116.0,-154.0,True,fanduel,2026-06-11T23:15:29.787194
Devin Vassell,,,6cc5c3b9cfcb1d94bed9f3ca972b3114,2026-06-14,00:40,threes,2.5,116.0,-154.0,True,fanduel,2026-06-11T23:15:29.787196
Julian Champagnie,,,6cc5c3b9cfcb1d94bed9f3ca972b3114,2026-06-14,00:40,threes,2.5,132.0,,True,fanduel,2026-06-11T23:15:29.787197
Victor Wembanyama,,,6cc5c3b9cfcb1d94bed9f3ca972b3114,2026-06-14,00:40,threes,2.5,158.0,-215.0,True,fanduel,2026-06-11T23:15:29.787199
Landry Shamet,,,6cc5c3b9cfcb1d94bed9f3ca972b3114,2026-06-14,00:40,threes,2.5,235.0,-340.0,True,fanduel,2026-06-11T23:15:29.787201
Dylan Harper,,,6cc5c3b9cfcb1d94bed9f3ca972b3114,2026-06-14,00:40,threes,2.5,320.0,-500.0,True,fanduel,2026-06-11T23:15:29.787202
Stephon Castle,,,6cc5c3b9cfcb1d94bed9f3ca972b3114,2026-06-14,00:40,threes,2.5,430.0,,True,fanduel,2026-06-11T23:15:29.787204
Karl-Anthony Towns,,,6cc5c3b9cfcb1d94bed9f3ca972b3114,2026-06-14,00:40,threes,2.5,410.0,-700.0,True,fanduel,2026-06-11T23:15:29.787206
De'Aaron Fox,,,6cc5c3b9cfcb1d94bed9f3ca972b3114,2026-06-14,00:40,threes,2.5,450.0,,True,fanduel,2026-06-11T23:15:29.787208
Jose Alvarado,,,6cc5c3b9cfcb1d94bed9f3ca972b3114,2026-06-14,00:40,threes,2.5,1100.0,,True,fanduel,2026-06-11T23:15:29.787209
OG Anunoby,,,6cc5c3b9cfcb1d94bed9f3ca972b3114,2026-06-14,00:40,threes,0.5,-2200.0,,True,fanduel,2026-06-11T23:15:29.787211
Jalen Brunson,,,6cc5c3b9cfcb1d94bed9f3ca972b3114,2026-06-14,00:40,threes,0.5,-1800.0,,True,fanduel,2026-06-11T23:15:29.787213
Devin Vassell,,,6cc5c3b9cfcb1d94bed9f3ca972b3114,2026-06-14,00:40,threes,0.5,-1800.0,,True,fanduel,2026-06-11T23:15:29.787214
Julian Champagnie,,,6cc5c3b9cfcb1d94bed9f3ca972b3114,2026-06-14,00:40,threes,0.5,-1400.0,,True,fanduel,2026-06-11T23:15:29.787216
Victor Wembanyama,,,6cc5c3b9cfcb1d94bed9f3ca972b3114,2026-06-14,00:40,threes,0.5,-1200.0,,True,fanduel,2026-06-11T23:15:29.787218
Landry Shamet,,,6cc5c3b9cfcb1d94bed9f3ca972b3114,2026-06-14,00:40,threes,0.5,-600.0,370.0,True,fanduel,2026-06-11T23:15:29.787219
Dylan Harper,,,6cc5c3b9cfcb1d94bed9f3ca972b3114,2026-06-14,00:40,threes,0.5,-470.0,310.0,True,fanduel,2026-06-11T23:15:29.787221
Karl-Anthony Towns,,,6cc5c3b9cfcb1d94bed9f3ca972b3114,2026-06-14,00:40,threes,0.5,-360.0,255.0,True,fanduel,2026-06-11T23:15:29.787223
De'Aaron Fox,,,6cc5c3b9cfcb1d94bed9f3ca972b3114,2026-06-14,00:40,threes,0.5,-350.0,,True,fanduel,2026-06-11T23:15:29.787224
Stephon Castle,,,6cc5c3b9cfcb1d94bed9f3ca972b3114,2026-06-14,00:40,threes,0.5,-340.0,,True,fanduel,2026-06-11T23:15:29.787226
Jose Alvarado,,,6cc5c3b9cfcb1d94bed9f3ca972b3114,2026-06-14,00:40,threes,0.5,-132.0,,True,fanduel,2026-06-11T23:15:29.787228
OG Anunoby,,,6cc5c3b9cfcb1d94bed9f3ca972b3114,2026-06-14,00:40,threes,4.5,600.0,-1100.0,True,fanduel,2026-06-11T23:15:29.787229
Jalen Brunson,,,6cc5c3b9cfcb1d94bed9f3ca972b3114,2026-06-14,00:40,threes,4.5,700.0,,True,fanduel,2026-06-11T23:15:29.787231
Devin Vassell,,,6cc5c3b9cfcb1d94bed9f3ca972b3114,2026-06-14,00:40,threes,4.5,700.0,,True,fanduel,2026-06-11T23:15:29.787233
Julian Champagnie,,,6cc5c3b9cfcb1d94bed9f3ca972b3114,2026-06-14,00:40,threes,4.5,750.0,,True,fanduel,2026-06-11T23:15:29.787237
Victor Wembanyama,,,6cc5c3b9cfcb1d94bed9f3ca972b3114,2026-06-14,00:40,threes,4.5,1000.0,,True,fanduel,2026-06-11T23:15:29.787241
Landry Shamet,,,6cc5c3b9cfcb1d94bed9f3ca972b3114,2026-06-14,00:40,threes,4.5,1400.0,,True,fanduel,2026-06-11T23:15:29.787243
OG Anunoby,,,6cc5c3b9cfcb1d94bed9f3ca972b3114,2026-06-14,00:40,threes,6.5,2500.0,,True,fanduel,2026-06-11T23:15:29.787244
Devin Vassell,,,6cc5c3b9cfcb1d94bed9f3ca972b3114,2026-06-14,00:40,threes,6.5,3500.0,,True,fanduel,2026-06-11T23:15:29.787246
Stephon Castle,,,6cc5c3b9cfcb1d94bed9f3ca972b3114,2026-06-14,00:40,assists,6.5,-113.0,-117.0,False,draftkings,2026-06-11T23:15:29.787265
De'Aaron Fox,,,6cc5c3b9cfcb1d94bed9f3ca972b3114,2026-06-14,00:40,assists,6.5,104.0,-137.0,False,draftkings,2026-06-11T23:15:29.787267
Jalen Brunson,,,6cc5c3b9cfcb1d94bed9f3ca972b3114,2026-06-14,00:40,assists,5.5,-154.0,117.0,False,draftkings,2026-06-11T23:15:29.787269
Josh Hart,,,6cc5c3b9cfcb1d94bed9f3ca972b3114,2026-06-14,00:40,assists,4.5,-138.0,105.0,False,draftkings,2026-06-11T23:15:29.787271
Karl-Anthony Towns,,,6cc5c3b9cfcb1d94bed9f3ca972b3114,2026-06-14,00:40,assists,3.5,-134.0,102.0,False,draftkings,2026-06-11T23:15:29.787272
Victor Wembanyama,,,6cc5c3b9cfcb1d94bed9f3ca972b3114,2026-06-14,00:40,assists,3.5,114.0,-150.0,False,draftkings,2026-06-11T23:15:29.787274
Dylan Harper,,,6cc5c3b9cfcb1d94bed9f3ca972b3114,2026-06-14,00:40,assists,3.5,116.0,-153.0,False,draftkings,2026-06-11T23:15:29.787275
Mikal Bridges,,,6cc5c3b9cfcb1d94bed9f3ca972b3114,2026-06-14,00:40,assists,2.5,-140.0,106.0,False,draftkings,2026-06-11T23:15:29.787277
Devin Vassell,,,6cc5c3b9cfcb1d94bed9f3ca972b3114,2026-06-14,00:40,assists,2.5,103.0,-136.0,False,draftkings,2026-06-11T23:15:29.787279
Jose Alvarado,,,6cc5c3b9cfcb1d94bed9f3ca972b3114,2026-06-14,00:40,assists,1.5,-132.0,100.0,False,draftkings,2026-06-11T23:15:29.787280
OG Anunoby,,,6cc5c3b9cfcb1d94bed9f3ca972b3114,2026-06-14,00:40,assists,1.5,-106.0,-124.0,False,draftkings,2026-06-11T23:15:29.787282
Landry Shamet,,,6cc5c3b9cfcb1d94bed9f3ca972b3114,2026-06-14,00:40,assists,1.5,164.0,-220.0,False,draftkings,2026-06-11T23:15:29.787284
Julian Champagnie,,,6cc5c3b9cfcb1d94bed9f3ca972b3114,2026-06-14,00:40,assists,1.5,172.0,-231.0,False,draftkings,2026-06-11T23:15:29.787286
Keldon Johnson,,,6cc5c3b9cfcb1d94bed9f3ca972b3114,2026-06-14,00:40,assists,0.5,-143.0,108.0,False,draftkings,2026-06-11T23:15:29.787287
Mitchell Robinson,,,6cc5c3b9cfcb1d94bed9f3ca972b3114,2026-06-14,00:40,assists,0.5,170.0,-227.0,False,draftkings,2026-06-11T23:15:29.787289
Stephon Castle,,,6cc5c3b9cfcb1d94bed9f3ca972b3114,2026-06-14,00:40,assists,3.5,-1160.0,,True,draftkings,2026-06-11T23:15:29.787334
Stephon Castle,,,6cc5c3b9cfcb1d94bed9f3ca972b3114,2026-06-14,00:40,assists,4.5,-468.0,,True,draftkings,2026-06-11T23:15:29.787338
Stephon Castle,,,6cc5c3b9cfcb1d94bed9f3ca972b3114,2026-06-14,00:40,assists,5.5,-224.0,,True,draftkings,2026-06-11T23:15:29.787340
Stephon Castle,,,6cc5c3b9cfcb1d94bed9f3ca972b3114,2026-06-14,00:40,assists,6.5,-114.0,,True,draftkings,2026-06-11T23:15:29.787342
Stephon Castle,,,6cc5c3b9cfcb1d94bed9f3ca972b3114,2026-06-14,00:40,assists,7.5,161.0,,True,draftkings,2026-06-11T23:15:29.787343
Stephon Castle,,,6cc5c3b9cfcb1d94bed9f3ca972b3114,2026-06-14,00:40,assists,8.5,292.0,,True,draftkings,2026-06-11T23:15:29.787345
Stephon Castle,,,6cc5c3b9cfcb1d94bed9f3ca972b3114,2026-06-14,00:40,assists,9.5,513.0,,True,draftkings,2026-06-11T23:15:29.787347
Stephon Castle,,,6cc5c3b9cfcb1d94bed9f3ca972b3114,2026-06-14,00:40,assists,10.5,900.0,,True,draftkings,2026-06-11T23:15:29.787351
Stephon Castle,,,6cc5c3b9cfcb1d94bed9f3ca972b3114,2026-06-14,00:40,assists,11.5,1560.0,,True,draftkings,2026-06-11T23:15:29.787352
Stephon Castle,,,6cc5c3b9cfcb1d94bed9f3ca972b3114,2026-06-14,00:40,assists,12.5,2400.0,,True,draftkings,2026-06-11T23:15:29.787354
De'Aaron Fox,,,6cc5c3b9cfcb1d94bed9f3ca972b3114,2026-06-14,00:40,assists,2.5,-4100.0,,True,draftkings,2026-06-11T23:15:29.787356
De'Aaron Fox,,,6cc5c3b9cfcb1d94bed9f3ca972b3114,2026-06-14,00:40,assists,3.5,-940.0,,True,draftkings,2026-06-11T23:15:29.787357
De'Aaron Fox,,,6cc5c3b9cfcb1d94bed9f3ca972b3114,2026-06-14,00:40,assists,4.5,-380.0,,True,draftkings,2026-06-11T23:15:29.787359
De'Aaron Fox,,,6cc5c3b9cfcb1d94bed9f3ca972b3114,2026-06-14,00:40,assists,5.5,-184.0,,True,draftkings,2026-06-11T23:15:29.787361
De'Aaron Fox,,,6cc5c3b9cfcb1d94bed9f3ca972b3114,2026-06-14,00:40,assists,6.5,104.0,,True,draftkings,2026-06-11T23:15:29.787362
De'Aaron Fox,,,6cc5c3b9cfcb1d94bed9f3ca972b3114,2026-06-14,00:40,assists,7.5,189.0,,True,draftkings,2026-06-11T23:15:29.787364
De'Aaron Fox,,,6cc5c3b9cfcb1d94bed9f3ca972b3114,2026-06-14,00:40,assists,8.5,343.0,,True,draftkings,2026-06-11T23:15:29.787366
De'Aaron Fox,,,6cc5c3b9cfcb1d94bed9f3ca972b3114,2026-06-14,00:40,assists,9.5,610.0,,True,draftkings,2026-06-11T23:15:29.787368
De'Aaron Fox,,,6cc5c3b9cfcb1d94bed9f3ca972b3114,2026-06-14,00:40,assists,10.5,1040.0,,True,draftkings,2026-06-11T23:15:29.787369
De'Aaron Fox,,,6cc5c3b9cfcb1d94bed9f3ca972b3114,2026-06-14,00:40,assists,11.5,1720.0,,True,draftkings,2026-06-11T23:15:29.787371
De'Aaron Fox,,,6cc5c3b9cfcb1d94bed9f3ca972b3114,2026-06-14,00:40,assists,12.5,2600.0,,True,draftkings,2026-06-11T23:15:29.787372
Jalen Brunson,,,6cc5c3b9cfcb1d94bed9f3ca972b3114,2026-06-14,00:40,assists,2.5,-2500.0,,True,draftkings,2026-06-11T23:15:29.787374
Jalen Brunson,,,6cc5c3b9cfcb1d94bed9f3ca972b3114,2026-06-14,00:40,assists,3.5,-720.0,,True,draftkings,2026-06-11T23:15:29.787376
Jalen Brunson,,,6cc5c3b9cfcb1d94bed9f3ca972b3114,2026-06-14,00:40,assists,4.5,-307.0,,True,draftkings,2026-06-11T23:15:29.787378
Jalen Brunson,,,6cc5c3b9cfcb1d94bed9f3ca972b3114,2026-06-14,00:40,assists,5.5,-155.0,,True,draftkings,2026-06-11T23:15:29.787379
Jalen Brunson,,,6cc5c3b9cfcb1d94bed9f3ca972b3114,2026-06-14,00:40,assists,6.5,120.0,,True,draftkings,2026-06-11T23:15:29.787381
Jalen Brunson,,,6cc5c3b9cfcb1d94bed9f3ca972b3114,2026-06-14,00:40,assists,7.5,218.0,,True,draftkings,2026-06-11T23:15:29.787383
Jalen Brunson,,,6cc5c3b9cfcb1d94bed9f3ca972b3114,2026-06-14,00:40,assists,8.5,387.0,,True,draftkings,2026-06-11T23:15:29.787385
Jalen Brunson,,,6cc5c3b9cfcb1d94bed9f3ca972b3114,2026-06-14,00:40,assists,9.5,670.0,,True,draftkings,2026-06-11T23:15:29.787386
Jalen Brunson,,,6cc5c3b9cfcb1d94bed9f3ca972b3114,2026-06-14,00:40,assists,10.5,1140.0,,True,draftkings,2026-06-11T23:15:29.787388
Jalen Brunson,,,6cc5c3b9cfcb1d94bed9f3ca972b3114,2026-06-14,00:40,assists,11.5,1820.0,,True,draftkings,2026-06-11T23:15:29.787390
Jalen Brunson,,,6cc5c3b9cfcb1d94bed9f3ca972b3114,2026-06-14,00:40,assists,12.5,2700.0,,True,draftkings,2026-06-11T23:15:29.787391
Josh Hart,,,6cc5c3b9cfcb1d94bed9f3ca972b3114,2026-06-14,00:40,assists,2.5,-860.0,,True,draftkings,2026-06-11T23:15:29.787393
Josh Hart,,,6cc5c3b9cfcb1d94bed9f3ca972b3114,2026-06-14,00:40,assists,3.5,-305.0,,True,draftkings,2026-06-11T23:15:29.787399
Josh Hart,,,6cc5c3b9cfcb1d94bed9f3ca972b3114,2026-06-14,00:40,assists,4.5,-138.0,,True,draftkings,2026-06-11T23:15:29.787400
Josh Hart,,,6cc5c3b9cfcb1d94bed9f3ca972b3114,2026-06-14,00:40,assists,5.5,148.0,,True,draftkings,2026-06-11T23:15:29.787402
Josh Hart,,,6cc5c3b9cfcb1d94bed9f3ca972b3114,2026-06-14,00:40,assists,6.5,282.0,,True,draftkings,2026-06-11T23:15:29.787404
Josh Hart,,,6cc5c3b9cfcb1d94bed9f3ca972b3114,2026-06-14,00:40,assists,7.5,538.0,,True,draftkings,2026-06-11T23:15:29.787405
Josh Hart,,,6cc5c3b9cfcb1d94bed9f3ca972b3114,2026-06-14,00:40,assists,8.5,1000.0,,True,draftkings,2026-06-11T23:15:29.787407
Josh Hart,,,6cc5c3b9cfcb1d94bed9f3ca972b3114,2026-06-14,00:40,assists,9.5,1800.0,,True,draftkings,2026-06-11T23:15:29.787409
Josh Hart,,,6cc5c3b9cfcb1d94bed9f3ca972b3114,2026-06-14,00:40,assists,10.5,2700.0,,True,draftkings,2026-06-11T23:15:29.787410
Karl-Anthony Towns,,,6cc5c3b9cfcb1d94bed9f3ca972b3114,2026-06-14,00:40,assists,2.5,-342.0,,True,draftkings,2026-06-11T23:15:29.787412
Karl-Anthony Towns,,,6cc5c3b9cfcb1d94bed9f3ca972b3114,2026-06-14,00:40,assists,3.5,-136.0,,True,draftkings,2026-06-11T23:15:29.787414
Karl-Anthony Towns,,,6cc5c3b9cfcb1d94bed9f3ca972b3114,2026-06-14,00:40,assists,4.5,160.0,,True,draftkings,2026-06-11T23:15:29.787415
Karl-Anthony Towns,,,6cc5c3b9cfcb1d94bed9f3ca972b3114,2026-06-14,00:40,assists,5.5,327.0,,True,draftkings,2026-06-11T23:15:29.787417
Karl-Anthony Towns,,,6cc5c3b9cfcb1d94bed9f3ca972b3114,2026-06-14,00:40,assists,6.5,650.0,,True,draftkings,2026-06-11T23:15:29.787419
Karl-Anthony Towns,,,6cc5c3b9cfcb1d94bed9f3ca972b3114,2026-06-14,00:40,assists,7.5,1240.0,,True,draftkings,2026-06-11T23:15:29.787421
Karl-Anthony Towns,,,6cc5c3b9cfcb1d94bed9f3ca972b3114,2026-06-14,00:40,assists,8.5,2200.0,,True,draftkings,2026-06-11T23:15:29.787423
Dylan Harper,,,6cc5c3b9cfcb1d94bed9f3ca972b3114,2026-06-14,00:40,assists,2.5,-214.0,,True,draftkings,2026-06-11T23:15:29.787424
Dylan Harper,,,6cc5c3b9cfcb1d94bed9f3ca972b3114,2026-06-14,00:40,assists,3.5,116.0,,True,draftkings,2026-06-11T23:15:29.787426
Dylan Harper,,,6cc5c3b9cfcb1d94bed9f3ca972b3114,2026-06-14,00:40,assists,4.5,257.0,,True,draftkings,2026-06-11T23:15:29.787428
Dylan Harper,,,6cc5c3b9cfcb1d94bed9f3ca972b3114,2026-06-14,00:40,assists,5.5,550.0,,True,draftkings,2026-06-11T23:15:29.787429
Dylan Harper,,,6cc5c3b9cfcb1d94bed9f3ca972b3114,2026-06-14,00:40,assists,6.5,1120.0,,True,draftkings,2026-06-11T23:15:29.787431
Dylan Harper,,,6cc5c3b9cfcb1d94bed9f3ca972b3114,2026-06-14,00:40,assists,7.5,1980.0,,True,draftkings,2026-06-11T23:15:29.787433
Victor Wembanyama,,,6cc5c3b9cfcb1d94bed9f3ca972b3114,2026-06-14,00:40,assists,2.5,-215.0,,True,draftkings,2026-06-11T23:15:29.787434
Victor Wembanyama,,,6cc5c3b9cfcb1d94bed9f3ca972b3114,2026-06-14,00:40,assists,3.5,112.0,,True,draftkings,2026-06-11T23:15:29.787436
Victor Wembanyama,,,6cc5c3b9cfcb1d94bed9f3ca972b3114,2026-06-14,00:40,assists,4.5,253.0,,True,draftkings,2026-06-11T23:15:29.787438
Victor Wembanyama,,,6cc5c3b9cfcb1d94bed9f3ca972b3114,2026-06-14,00:40,assists,5.5,550.0,,True,draftkings,2026-06-11T23:15:29.787441
Victor Wembanyama,,,6cc5c3b9cfcb1d94bed9f3ca972b3114,2026-06-14,00:40,assists,6.5,1120.0,,True,draftkings,2026-06-11T23:15:29.787443
Victor Wembanyama,,,6cc5c3b9cfcb1d94bed9f3ca972b3114,2026-06-14,00:40,assists,7.5,2100.0,,True,draftkings,2026-06-11T23:15:29.787445
Mikal Bridges,,,6cc5c3b9cfcb1d94bed9f3ca972b3114,2026-06-14,00:40,assists,2.5,-138.0,,True,draftkings,2026-06-11T23:15:29.787446
Mikal Bridges,,,6cc5c3b9cfcb1d94bed9f3ca972b3114,2026-06-14,00:40,assists,3.5,182.0,,True,draftkings,2026-06-11T23:15:29.787448
Mikal Bridges,,,6cc5c3b9cfcb1d94bed9f3ca972b3114,2026-06-14,00:40,assists,4.5,421.0,,True,draftkings,2026-06-11T23:15:29.787450
Mikal Bridges,,,6cc5c3b9cfcb1d94bed9f3ca972b3114,2026-06-14,00:40,assists,5.5,920.0,,True,draftkings,2026-06-11T23:15:29.787451
Mikal Bridges,,,6cc5c3b9cfcb1d94bed9f3ca972b3114,2026-06-14,00:40,assists,6.5,1880.0,,True,draftkings,2026-06-11T23:15:29.787453
Devin Vassell,,,6cc5c3b9cfcb1d94bed9f3ca972b3114,2026-06-14,00:40,assists,2.5,103.0,,True,draftkings,2026-06-11T23:15:29.787461
Devin Vassell,,,6cc5c3b9cfcb1d94bed9f3ca972b3114,2026-06-14,00:40,assists,3.5,264.0,,True,draftkings,2026-06-11T23:15:29.787462
Devin Vassell,,,6cc5c3b9cfcb1d94bed9f3ca972b3114,2026-06-14,00:40,assists,4.5,640.0,,True,draftkings,2026-06-11T23:15:29.787464
Devin Vassell,,,6cc5c3b9cfcb1d94bed9f3ca972b3114,2026-06-14,00:40,assists,5.5,1400.0,,True,draftkings,2026-06-11T23:15:29.787466
Devin Vassell,,,6cc5c3b9cfcb1d94bed9f3ca972b3114,2026-06-14,00:40,assists,6.5,2500.0,,True,draftkings,2026-06-11T23:15:29.787467
Jose Alvarado,,,6cc5c3b9cfcb1d94bed9f3ca972b3114,2026-06-14,00:40,assists,1.5,-132.0,,True,draftkings,2026-06-11T23:15:29.787469
Jose Alvarado,,,6cc5c3b9cfcb1d94bed9f3ca972b3114,2026-06-14,00:40,assists,2.5,209.0,,True,draftkings,2026-06-11T23:15:29.787471
Jose Alvarado,,,6cc5c3b9cfcb1d94bed9f3ca972b3114,2026-06-14,00:40,assists,3.5,506.0,,True,draftkings,2026-06-11T23:15:29.787472
Jose Alvarado,,,6cc5c3b9cfcb1d94bed9f3ca972b3114,2026-06-14,00:40,assists,4.5,1100.0,,True,draftkings,2026-06-11T23:15:29.787474
Jose Alvarado,,,6cc5c3b9cfcb1d94bed9f3ca972b3114,2026-06-14,00:40,assists,5.5,2000.0,,True,draftkings,2026-06-11T23:15:29.787476
OG Anunoby,,,6cc5c3b9cfcb1d94bed9f3ca972b3114,2026-06-14,00:40,assists,1.5,-105.0,,True,draftkings,2026-06-11T23:15:29.787477
OG Anunoby,,,6cc5c3b9cfcb1d94bed9f3ca972b3114,2026-06-14,00:40,assists,2.5,297.0,,True,draftkings,2026-06-11T23:15:29.787479
OG Anunoby,,,6cc5c3b9cfcb1d94bed9f3ca972b3114,2026-06-14,00:40,assists,3.5,810.0,,True,draftkings,2026-06-11T23:15:29.787481
OG Anunoby,,,6cc5c3b9cfcb1d94bed9f3ca972b3114,2026-06-14,00:40,assists,4.5,1920.0,,True,draftkings,2026-06-11T23:15:29.787482
Landry Shamet,,,6cc5c3b9cfcb1d94bed9f3ca972b3114,2026-06-14,00:40,assists,1.5,165.0,,True,draftkings,2026-06-11T23:15:29.787484
Landry Shamet,,,6cc5c3b9cfcb1d94bed9f3ca972b3114,2026-06-14,00:40,assists,2.5,515.0,,True,draftkings,2026-06-11T23:15:29.787486
Landry Shamet,,,6cc5c3b9cfcb1d94bed9f3ca972b3114,2026-06-14,00:40,assists,3.5,1420.0,,True,draftkings,2026-06-11T23:15:29.787487
Landry Shamet,,,6cc5c3b9cfcb1d94bed9f3ca972b3114,2026-06-14,00:40,assists,4.5,2800.0,,True,draftkings,2026-06-11T23:15:29.787489
Julian Champagnie,,,6cc5c3b9cfcb1d94bed9f3ca972b3114,2026-06-14,00:40,assists,1.5,173.0,,True,draftkings,2026-06-11T23:15:29.787491
Julian Champagnie,,,6cc5c3b9cfcb1d94bed9f3ca972b3114,2026-06-14,00:40,assists,2.5,567.0,,True,draftkings,2026-06-11T23:15:29.787492
Julian Champagnie,,,6cc5c3b9cfcb1d94bed9f3ca972b3114,2026-06-14,00:40,assists,3.5,1560.0,,True,draftkings,2026-06-11T23:15:29.787494
Keldon Johnson,,,6cc5c3b9cfcb1d94bed9f3ca972b3114,2026-06-14,00:40,assists,0.5,-143.0,,True,draftkings,2026-06-11T23:15:29.787496
Keldon Johnson,,,6cc5c3b9cfcb1d94bed9f3ca972b3114,2026-06-14,00:40,assists,2.5,1100.0,,True,draftkings,2026-06-11T23:15:29.787497
Keldon Johnson,,,6cc5c3b9cfcb1d94bed9f3ca972b3114,2026-06-14,00:40,assists,3.5,2700.0,,True,draftkings,2026-06-11T23:15:29.787499
Mitchell Robinson,,,6cc5c3b9cfcb1d94bed9f3ca972b3114,2026-06-14,00:40,assists,0.5,170.0,,True,draftkings,2026-06-11T23:15:29.787501
Mitchell Robinson,,,6cc5c3b9cfcb1d94bed9f3ca972b3114,2026-06-14,00:40,assists,2.5,2700.0,,True,draftkings,2026-06-11T23:15:29.787502
Jalen Brunson,,,6cc5c3b9cfcb1d94bed9f3ca972b3114,2026-06-14,00:40,points,28.5,-108.0,-118.0,False,draftkings,2026-06-11T23:15:29.787523
Victor Wembanyama,,,6cc5c3b9cfcb1d94bed9f3ca972b3114,2026-06-14,00:40,points,27.5,-121.0,-105.0,False,draftkings,2026-06-11T23:15:29.787525
OG Anunoby,,,6cc5c3b9cfcb1d94bed9f3ca972b3114,2026-06-14,00:40,points,18.5,-103.0,-123.0,False,draftkings,2026-06-11T23:15:29.787527
Karl-Anthony Towns,,,6cc5c3b9cfcb1d94bed9f3ca972b3114,2026-06-14,00:40,points,16.5,-112.0,-114.0,False,draftkings,2026-06-11T23:15:29.787528
Stephon Castle,,,6cc5c3b9cfcb1d94bed9f3ca972b3114,2026-06-14,00:40,points,16.5,101.0,-129.0,False,draftkings,2026-06-11T23:15:29.787530
De'Aaron Fox,,,6cc5c3b9cfcb1d94bed9f3ca972b3114,2026-06-14,00:40,points,14.5,-127.0,100.0,False,draftkings,2026-06-11T23:15:29.787532
Dylan Harper,,,6cc5c3b9cfcb1d94bed9f3ca972b3114,2026-06-14,00:40,points,14.5,-126.0,-102.0,False,draftkings,2026-06-11T23:15:29.787533
Devin Vassell,,,6cc5c3b9cfcb1d94bed9f3ca972b3114,2026-06-14,00:40,points,13.5,-106.0,-120.0,False,draftkings,2026-06-11T23:15:29.787535
Mikal Bridges,,,6cc5c3b9cfcb1d94bed9f3ca972b3114,2026-06-14,00:40,points,10.5,-113.0,-113.0,False,draftkings,2026-06-11T23:15:29.787537
Josh Hart,,,6cc5c3b9cfcb1d94bed9f3ca972b3114,2026-06-14,00:40,points,9.5,-112.0,-114.0,False,draftkings,2026-06-11T23:15:29.787538
Julian Champagnie,,,6cc5c3b9cfcb1d94bed9f3ca972b3114,2026-06-14,00:40,points,9.5,104.0,-133.0,False,draftkings,2026-06-11T23:15:29.787540
Landry Shamet,,,6cc5c3b9cfcb1d94bed9f3ca972b3114,2026-06-14,00:40,points,6.5,-126.0,-101.0,False,draftkings,2026-06-11T23:15:29.787542
Keldon Johnson,,,6cc5c3b9cfcb1d94bed9f3ca972b3114,2026-06-14,00:40,points,6.5,-120.0,-107.0,False,draftkings,2026-06-11T23:15:29.787544
Jose Alvarado,,,6cc5c3b9cfcb1d94bed9f3ca972b3114,2026-06-14,00:40,points,4.5,100.0,-127.0,False,draftkings,2026-06-11T23:15:29.787545
Mitchell Robinson,,,6cc5c3b9cfcb1d94bed9f3ca972b3114,2026-06-14,00:40,points,3.5,-120.0,-107.0,False,draftkings,2026-06-11T23:15:29.787547
Miles McBride,,,6cc5c3b9cfcb1d94bed9f3ca972b3114,2026-06-14,00:40,points,2.5,-122.0,-104.0,False,draftkings,2026-06-11T23:15:29.787548
Jalen Brunson,,,6cc5c3b9cfcb1d94bed9f3ca972b3114,2026-06-14,00:40,points,17.5,-1440.0,,True,draftkings,2026-06-11T23:15:29.787613
Jalen Brunson,,,6cc5c3b9cfcb1d94bed9f3ca972b3114,2026-06-14,00:40,points,19.5,-770.0,,True,draftkings,2026-06-11T23:15:29.787617
Jalen Brunson,,,6cc5c3b9cfcb1d94bed9f3ca972b3114,2026-06-14,00:40,points,24.5,-236.0,,True,draftkings,2026-06-11T23:15:29.787619
Jalen Brunson,,,6cc5c3b9cfcb1d94bed9f3ca972b3114,2026-06-14,00:40,points,28.5,-106.0,,True,draftkings,2026-06-11T23:15:29.787621
Jalen Brunson,,,6cc5c3b9cfcb1d94bed9f3ca972b3114,2026-06-14,00:40,points,29.5,112.0,,True,draftkings,2026-06-11T23:15:29.787623
Jalen Brunson,,,6cc5c3b9cfcb1d94bed9f3ca972b3114,2026-06-14,00:40,points,34.5,271.0,,True,draftkings,2026-06-11T23:15:29.787624
Jalen Brunson,,,6cc5c3b9cfcb1d94bed9f3ca972b3114,2026-06-14,00:40,points,39.5,660.0,,True,draftkings,2026-06-11T23:15:29.787627
Jalen Brunson,,,6cc5c3b9cfcb1d94bed9f3ca972b3114,2026-06-14,00:40,points,44.5,1560.0,,True,draftkings,2026-06-11T23:15:29.787629
Jalen Brunson,,,6cc5c3b9cfcb1d94bed9f3ca972b3114,2026-06-14,00:40,points,49.5,3000.0,,True,draftkings,2026-06-11T23:15:29.787631
Victor Wembanyama,,,6cc5c3b9cfcb1d94bed9f3ca972b3114,2026-06-14,00:40,points,17.5,-1380.0,,True,draftkings,2026-06-11T23:15:29.787632
Victor Wembanyama,,,6cc5c3b9cfcb1d94bed9f3ca972b3114,2026-06-14,00:40,points,19.5,-760.0,,True,draftkings,2026-06-11T23:15:29.787634
Victor Wembanyama,,,6cc5c3b9cfcb1d94bed9f3ca972b3114,2026-06-14,00:40,points,24.5,-226.0,,True,draftkings,2026-06-11T23:15:29.787636
Victor Wembanyama,,,6cc5c3b9cfcb1d94bed9f3ca972b3114,2026-06-14,00:40,points,27.5,-121.0,,True,draftkings,2026-06-11T23:15:29.787638
Victor Wembanyama,,,6cc5c3b9cfcb1d94bed9f3ca972b3114,2026-06-14,00:40,points,29.5,123.0,,True,draftkings,2026-06-11T23:15:29.787639
Victor Wembanyama,,,6cc5c3b9cfcb1d94bed9f3ca972b3114,2026-06-14,00:40,points,34.5,327.0,,True,draftkings,2026-06-11T23:15:29.787641
Victor Wembanyama,,,6cc5c3b9cfcb1d94bed9f3ca972b3114,2026-06-14,00:40,points,39.5,880.0,,True,draftkings,2026-06-11T23:15:29.787643
Victor Wembanyama,,,6cc5c3b9cfcb1d94bed9f3ca972b3114,2026-06-14,00:40,points,44.5,2100.0,,True,draftkings,2026-06-11T23:15:29.787644
OG Anunoby,,,6cc5c3b9cfcb1d94bed9f3ca972b3114,2026-06-14,00:40,points,9.5,-1380.0,,True,draftkings,2026-06-11T23:15:29.787646
OG Anunoby,,,6cc5c3b9cfcb1d94bed9f3ca972b3114,2026-06-14,00:40,points,11.5,-650.0,,True,draftkings,2026-06-11T23:15:29.787648
OG Anunoby,,,6cc5c3b9cfcb1d94bed9f3ca972b3114,2026-06-14,00:40,points,14.5,-271.0,,True,draftkings,2026-06-11T23:15:29.787649
OG Anunoby,,,6cc5c3b9cfcb1d94bed9f3ca972b3114,2026-06-14,00:40,points,17.5,-131.0,,True,draftkings,2026-06-11T23:15:29.787653
OG Anunoby,,,6cc5c3b9cfcb1d94bed9f3ca972b3114,2026-06-14,00:40,points,18.5,-105.0,,True,draftkings,2026-06-11T23:15:29.787657
OG Anunoby,,,6cc5c3b9cfcb1d94bed9f3ca972b3114,2026-06-14,00:40,points,19.5,117.0,,True,draftkings,2026-06-11T23:15:29.787659
OG Anunoby,,,6cc5c3b9cfcb1d94bed9f3ca972b3114,2026-06-14,00:40,points,24.5,332.0,,True,draftkings,2026-06-11T23:15:29.787661
OG Anunoby,,,6cc5c3b9cfcb1d94bed9f3ca972b3114,2026-06-14,00:40,points,29.5,910.0,,True,draftkings,2026-06-11T23:15:29.787662
OG Anunoby,,,6cc5c3b9cfcb1d94bed9f3ca972b3114,2026-06-14,00:40,points,34.5,2100.0,,True,draftkings,2026-06-11T23:15:29.787664
Karl-Anthony Towns,,,6cc5c3b9cfcb1d94bed9f3ca972b3114,2026-06-14,00:40,points,9.5,-1180.0,,True,draftkings,2026-06-11T23:15:29.787666
Karl-Anthony Towns,,,6cc5c3b9cfcb1d94bed9f3ca972b3114,2026-06-14,00:40,points,11.5,-512.0,,True,draftkings,2026-06-11T23:15:29.787667
Karl-Anthony Towns,,,6cc5c3b9cfcb1d94bed9f3ca972b3114,2026-06-14,00:40,points,14.5,-199.0,,True,draftkings,2026-06-11T23:15:29.787669
Karl-Anthony Towns,,,6cc5c3b9cfcb1d94bed9f3ca972b3114,2026-06-14,00:40,points,16.5,-113.0,,True,draftkings,2026-06-11T23:15:29.787671
Karl-Anthony Towns,,,6cc5c3b9cfcb1d94bed9f3ca972b3114,2026-06-14,00:40,points,17.5,114.0,,True,draftkings,2026-06-11T23:15:29.787672
Karl-Anthony Towns,,,6cc5c3b9cfcb1d94bed9f3ca972b3114,2026-06-14,00:40,points,19.5,190.0,,True,draftkings,2026-06-11T23:15:29.787674
Karl-Anthony Towns,,,6cc5c3b9cfcb1d94bed9f3ca972b3114,2026-06-14,00:40,points,24.5,640.0,,True,draftkings,2026-06-11T23:15:29.787676
Karl-Anthony Towns,,,6cc5c3b9cfcb1d94bed9f3ca972b3114,2026-06-14,00:40,points,29.5,1880.0,,True,draftkings,2026-06-11T23:15:29.787677
Stephon Castle,,,6cc5c3b9cfcb1d94bed9f3ca972b3114,2026-06-14,00:40,points,7.5,-2600.0,,True,draftkings,2026-06-11T23:15:29.787679
Stephon Castle,,,6cc5c3b9cfcb1d94bed9f3ca972b3114,2026-06-14,00:40,points,9.5,-900.0,,True,draftkings,2026-06-11T23:15:29.787681
Stephon Castle,,,6cc5c3b9cfcb1d94bed9f3ca972b3114,2026-06-14,00:40,points,11.5,-419.0,,True,draftkings,2026-06-11T23:15:29.787682
Stephon Castle,,,6cc5c3b9cfcb1d94bed9f3ca972b3114,2026-06-14,00:40,points,14.5,-169.0,,True,draftkings,2026-06-11T23:15:29.787684
Stephon Castle,,,6cc5c3b9cfcb1d94bed9f3ca972b3114,2026-06-14,00:40,points,16.5,101.0,,True,draftkings,2026-06-11T23:15:29.787686
Stephon Castle,,,6cc5c3b9cfcb1d94bed9f3ca972b3114,2026-06-14,00:40,points,17.5,130.0,,True,draftkings,2026-06-11T23:15:29.787687
Stephon Castle,,,6cc5c3b9cfcb1d94bed9f3ca972b3114,2026-06-14,00:40,points,19.5,214.0,,True,draftkings,2026-06-11T23:15:29.787689
Stephon Castle,,,6cc5c3b9cfcb1d94bed9f3ca972b3114,2026-06-14,00:40,points,24.5,710.0,,True,draftkings,2026-06-11T23:15:29.787691
Stephon Castle,,,6cc5c3b9cfcb1d94bed9f3ca972b3114,2026-06-14,00:40,points,29.5,2000.0,,True,draftkings,2026-06-11T23:15:29.787692
Dylan Harper,,,6cc5c3b9cfcb1d94bed9f3ca972b3114,2026-06-14,00:40,points,7.5,-1340.0,,True,draftkings,2026-06-11T23:15:29.787709
Dylan Harper,,,6cc5c3b9cfcb1d94bed9f3ca972b3114,2026-06-14,00:40,points,9.5,-563.0,,True,draftkings,2026-06-11T23:15:29.787711
Dylan Harper,,,6cc5c3b9cfcb1d94bed9f3ca972b3114,2026-06-14,00:40,points,11.5,-289.0,,True,draftkings,2026-06-11T23:15:29.787713
Dylan Harper,,,6cc5c3b9cfcb1d94bed9f3ca972b3114,2026-06-14,00:40,points,14.5,-126.0,,True,draftkings,2026-06-11T23:15:29.787780
Dylan Harper,,,6cc5c3b9cfcb1d94bed9f3ca972b3114,2026-06-14,00:40,points,17.5,166.0,,True,draftkings,2026-06-11T23:15:29.787782
Dylan Harper,,,6cc5c3b9cfcb1d94bed9f3ca972b3114,2026-06-14,00:40,points,19.5,264.0,,True,draftkings,2026-06-11T23:15:29.787784
Dylan Harper,,,6cc5c3b9cfcb1d94bed9f3ca972b3114,2026-06-14,00:40,points,24.5,830.0,,True,draftkings,2026-06-11T23:15:29.787786
Dylan Harper,,,6cc5c3b9cfcb1d94bed9f3ca972b3114,2026-06-14,00:40,points,29.5,2200.0,,True,draftkings,2026-06-11T23:15:29.787788
De'Aaron Fox,,,6cc5c3b9cfcb1d94bed9f3ca972b3114,2026-06-14,00:40,points,7.5,-1540.0,,True,draftkings,2026-06-11T23:15:29.787789
De'Aaron Fox,,,6cc5c3b9cfcb1d94bed9f3ca972b3114,2026-06-14,00:40,points,9.5,-620.0,,True,draftkings,2026-06-11T23:15:29.787796
De'Aaron Fox,,,6cc5c3b9cfcb1d94bed9f3ca972b3114,2026-06-14,00:40,points,11.5,-305.0,,True,draftkings,2026-06-11T23:15:29.787798
De'Aaron Fox,,,6cc5c3b9cfcb1d94bed9f3ca972b3114,2026-06-14,00:40,points,14.5,-129.0,,True,draftkings,2026-06-11T23:15:29.787799
De'Aaron Fox,,,6cc5c3b9cfcb1d94bed9f3ca972b3114,2026-06-14,00:40,points,17.5,169.0,,True,draftkings,2026-06-11T23:15:29.787801
De'Aaron Fox,,,6cc5c3b9cfcb1d94bed9f3ca972b3114,2026-06-14,00:40,points,19.5,279.0,,True,draftkings,2026-06-11T23:15:29.787803
De'Aaron Fox,,,6cc5c3b9cfcb1d94bed9f3ca972b3114,2026-06-14,00:40,points,24.5,900.0,,True,draftkings,2026-06-11T23:15:29.787804
De'Aaron Fox,,,6cc5c3b9cfcb1d94bed9f3ca972b3114,2026-06-14,00:40,points,29.5,2400.0,,True,draftkings,2026-06-11T23:15:29.787806
Devin Vassell,,,6cc5c3b9cfcb1d94bed9f3ca972b3114,2026-06-14,00:40,points,5.5,-2100.0,,True,draftkings,2026-06-11T23:15:29.787808
Devin Vassell,,,6cc5c3b9cfcb1d94bed9f3ca972b3114,2026-06-14,00:40,points,7.5,-770.0,,True,draftkings,2026-06-11T23:15:29.787810
Devin Vassell,,,6cc5c3b9cfcb1d94bed9f3ca972b3114,2026-06-14,00:40,points,9.5,-358.0,,True,draftkings,2026-06-11T23:15:29.787811
Devin Vassell,,,6cc5c3b9cfcb1d94bed9f3ca972b3114,2026-06-14,00:40,points,11.5,-190.0,,True,draftkings,2026-06-11T23:15:29.787813
Devin Vassell,,,6cc5c3b9cfcb1d94bed9f3ca972b3114,2026-06-14,00:40,points,13.5,-107.0,,True,draftkings,2026-06-11T23:15:29.787815
Devin Vassell,,,6cc5c3b9cfcb1d94bed9f3ca972b3114,2026-06-14,00:40,points,14.5,122.0,,True,draftkings,2026-06-11T23:15:29.787816
Devin Vassell,,,6cc5c3b9cfcb1d94bed9f3ca972b3114,2026-06-14,00:40,points,17.5,260.0,,True,draftkings,2026-06-11T23:15:29.787818
Devin Vassell,,,6cc5c3b9cfcb1d94bed9f3ca972b3114,2026-06-14,00:40,points,19.5,422.0,,True,draftkings,2026-06-11T23:15:29.787820
Devin Vassell,,,6cc5c3b9cfcb1d94bed9f3ca972b3114,2026-06-14,00:40,points,24.5,1300.0,,True,draftkings,2026-06-11T23:15:29.787821
Devin Vassell,,,6cc5c3b9cfcb1d94bed9f3ca972b3114,2026-06-14,00:40,points,29.5,3000.0,,True,draftkings,2026-06-11T23:15:29.787823
Mikal Bridges,,,6cc5c3b9cfcb1d94bed9f3ca972b3114,2026-06-14,00:40,points,5.5,-740.0,,True,draftkings,2026-06-11T23:15:29.787825
Mikal Bridges,,,6cc5c3b9cfcb1d94bed9f3ca972b3114,2026-06-14,00:40,points,7.5,-314.0,,True,draftkings,2026-06-11T23:15:29.787826
Mikal Bridges,,,6cc5c3b9cfcb1d94bed9f3ca972b3114,2026-06-14,00:40,points,9.5,-157.0,,True,draftkings,2026-06-11T23:15:29.787828
Mikal Bridges,,,6cc5c3b9cfcb1d94bed9f3ca972b3114,2026-06-14,00:40,points,10.5,-114.0,,True,draftkings,2026-06-11T23:15:29.787830
Mikal Bridges,,,6cc5c3b9cfcb1d94bed9f3ca972b3114,2026-06-14,00:40,points,11.5,119.0,,True,draftkings,2026-06-11T23:15:29.787831
Mikal Bridges,,,6cc5c3b9cfcb1d94bed9f3ca972b3114,2026-06-14,00:40,points,14.5,281.0,,True,draftkings,2026-06-11T23:15:29.787833
Mikal Bridges,,,6cc5c3b9cfcb1d94bed9f3ca972b3114,2026-06-14,00:40,points,17.5,600.0,,True,draftkings,2026-06-11T23:15:29.787835
Mikal Bridges,,,6cc5c3b9cfcb1d94bed9f3ca972b3114,2026-06-14,00:40,points,19.5,1020.0,,True,draftkings,2026-06-11T23:15:29.787836
Mikal Bridges,,,6cc5c3b9cfcb1d94bed9f3ca972b3114,2026-06-14,00:40,points,24.5,2900.0,,True,draftkings,2026-06-11T23:15:29.787838
Josh Hart,,,6cc5c3b9cfcb1d94bed9f3ca972b3114,2026-06-14,00:40,points,5.5,-471.0,,True,draftkings,2026-06-11T23:15:29.787840
Josh Hart,,,6cc5c3b9cfcb1d94bed9f3ca972b3114,2026-06-14,00:40,points,7.5,-216.0,,True,draftkings,2026-06-11T23:15:29.787841
Josh Hart,,,6cc5c3b9cfcb1d94bed9f3ca972b3114,2026-06-14,00:40,points,9.5,-112.0,,True,draftkings,2026-06-11T23:15:29.787843
Josh Hart,,,6cc5c3b9cfcb1d94bed9f3ca972b3114,2026-06-14,00:40,points,11.5,162.0,,True,draftkings,2026-06-11T23:15:29.787845
Josh Hart,,,6cc5c3b9cfcb1d94bed9f3ca972b3114,2026-06-14,00:40,points,14.5,386.0,,True,draftkings,2026-06-11T23:15:29.787846
Josh Hart,,,6cc5c3b9cfcb1d94bed9f3ca972b3114,2026-06-14,00:40,points,17.5,880.0,,True,draftkings,2026-06-11T23:15:29.787850
Josh Hart,,,6cc5c3b9cfcb1d94bed9f3ca972b3114,2026-06-14,00:40,points,19.5,1380.0,,True,draftkings,2026-06-11T23:15:29.787852
Julian Champagnie,,,6cc5c3b9cfcb1d94bed9f3ca972b3114,2026-06-14,00:40,points,5.5,-397.0,,True,draftkings,2026-06-11T23:15:29.787856
Julian Champagnie,,,6cc5c3b9cfcb1d94bed9f3ca972b3114,2026-06-14,00:40,points,7.5,-192.0,,True,draftkings,2026-06-11T23:15:29.787858
Julian Champagnie,,,6cc5c3b9cfcb1d94bed9f3ca972b3114,2026-06-14,00:40,points,9.5,104.0,,True,draftkings,2026-06-11T23:15:29.787859
Julian Champagnie,,,6cc5c3b9cfcb1d94bed9f3ca972b3114,2026-06-14,00:40,points,11.5,181.0,,True,draftkings,2026-06-11T23:15:29.787861
Julian Champagnie,,,6cc5c3b9cfcb1d94bed9f3ca972b3114,2026-06-14,00:40,points,14.5,404.0,,True,draftkings,2026-06-11T23:15:29.787863
Julian Champagnie,,,6cc5c3b9cfcb1d94bed9f3ca972b3114,2026-06-14,00:40,points,17.5,870.0,,True,draftkings,2026-06-11T23:15:29.787865
Julian Champagnie,,,6cc5c3b9cfcb1d94bed9f3ca972b3114,2026-06-14,00:40,points,19.5,1400.0,,True,draftkings,2026-06-11T23:15:29.787866
Landry Shamet,,,6cc5c3b9cfcb1d94bed9f3ca972b3114,2026-06-14,00:40,points,5.5,-194.0,,True,draftkings,2026-06-11T23:15:29.787868
Landry Shamet,,,6cc5c3b9cfcb1d94bed9f3ca972b3114,2026-06-14,00:40,points,6.5,-126.0,,True,draftkings,2026-06-11T23:15:29.787870
Landry Shamet,,,6cc5c3b9cfcb1d94bed9f3ca972b3114,2026-06-14,00:40,points,7.5,101.0,,True,draftkings,2026-06-11T23:15:29.787871
Landry Shamet,,,6cc5c3b9cfcb1d94bed9f3ca972b3114,2026-06-14,00:40,points,9.5,201.0,,True,draftkings,2026-06-11T23:15:29.787873
Landry Shamet,,,6cc5c3b9cfcb1d94bed9f3ca972b3114,2026-06-14,00:40,points,11.5,351.0,,True,draftkings,2026-06-11T23:15:29.787875
Landry Shamet,,,6cc5c3b9cfcb1d94bed9f3ca972b3114,2026-06-14,00:40,points,14.5,770.0,,True,draftkings,2026-06-11T23:15:29.787876
Landry Shamet,,,6cc5c3b9cfcb1d94bed9f3ca972b3114,2026-06-14,00:40,points,17.5,1620.0,,True,draftkings,2026-06-11T23:15:29.787878
Landry Shamet,,,6cc5c3b9cfcb1d94bed9f3ca972b3114,2026-06-14,00:40,points,19.5,2300.0,,True,draftkings,2026-06-11T23:15:29.787880
Keldon Johnson,,,6cc5c3b9cfcb1d94bed9f3ca972b3114,2026-06-14,00:40,points,5.5,-177.0,,True,draftkings,2026-06-11T23:15:29.787881
Keldon Johnson,,,6cc5c3b9cfcb1d94bed9f3ca972b3114,2026-06-14,00:40,points,6.5,-120.0,,True,draftkings,2026-06-11T23:15:29.787883
Keldon Johnson,,,6cc5c3b9cfcb1d94bed9f3ca972b3114,2026-06-14,00:40,points,7.5,120.0,,True,draftkings,2026-06-11T23:15:29.787885
Keldon Johnson,,,6cc5c3b9cfcb1d94bed9f3ca972b3114,2026-06-14,00:40,points,9.5,230.0,,True,draftkings,2026-06-11T23:15:29.787886
Keldon Johnson,,,6cc5c3b9cfcb1d94bed9f3ca972b3114,2026-06-14,00:40,points,11.5,423.0,,True,draftkings,2026-06-11T23:15:29.787890
Keldon Johnson,,,6cc5c3b9cfcb1d94bed9f3ca972b3114,2026-06-14,00:40,points,14.5,990.0,,True,draftkings,2026-06-11T23:15:29.787892
Keldon Johnson,,,6cc5c3b9cfcb1d94bed9f3ca972b3114,2026-06-14,00:40,points,17.5,2000.0,,True,draftkings,2026-06-11T23:15:29.787894
Keldon Johnson,,,6cc5c3b9cfcb1d94bed9f3ca972b3114,2026-06-14,00:40,points,19.5,3000.0,,True,draftkings,2026-06-11T23:15:29.787896
Jose Alvarado,,,6cc5c3b9cfcb1d94bed9f3ca972b3114,2026-06-14,00:40,points,4.5,100.0,,True,draftkings,2026-06-11T23:15:29.787897
Jose Alvarado,,,6cc5c3b9cfcb1d94bed9f3ca972b3114,2026-06-14,00:40,points,5.5,158.0,,True,draftkings,2026-06-11T23:15:29.787899
Jose Alvarado,,,6cc5c3b9cfcb1d94bed9f3ca972b3114,2026-06-14,00:40,points,7.5,305.0,,True,draftkings,2026-06-11T23:15:29.787901
Jose Alvarado,,,6cc5c3b9cfcb1d94bed9f3ca972b3114,2026-06-14,00:40,points,9.5,593.0,,True,draftkings,2026-06-11T23:15:29.787902
Jose Alvarado,,,6cc5c3b9cfcb1d94bed9f3ca972b3114,2026-06-14,00:40,points,11.5,1060.0,,True,draftkings,2026-06-11T23:15:29.787904
Jose Alvarado,,,6cc5c3b9cfcb1d94bed9f3ca972b3114,2026-06-14,00:40,points,14.5,2200.0,,True,draftkings,2026-06-11T23:15:29.787906
Mitchell Robinson,,,6cc5c3b9cfcb1d94bed9f3ca972b3114,2026-06-14,00:40,points,3.5,-120.0,,True,draftkings,2026-06-11T23:15:29.787907
Mitchell Robinson,,,6cc5c3b9cfcb1d94bed9f3ca972b3114,2026-06-14,00:40,points,5.5,219.0,,True,draftkings,2026-06-11T23:15:29.787911
Mitchell Robinson,,,6cc5c3b9cfcb1d94bed9f3ca972b3114,2026-06-14,00:40,points,7.5,499.0,,True,draftkings,2026-06-11T23:15:29.787913
Mitchell Robinson,,,6cc5c3b9cfcb1d94bed9f3ca972b3114,2026-06-14,00:40,points,9.5,1020.0,,True,draftkings,2026-06-11T23:15:29.787914
Mitchell Robinson,,,6cc5c3b9cfcb1d94bed9f3ca972b3114,2026-06-14,00:40,points,11.5,1900.0,,True,draftkings,2026-06-11T23:15:29.787916
Miles McBride,,,6cc5c3b9cfcb1d94bed9f3ca972b3114,2026-06-14,00:40,points,2.5,-122.0,,True,draftkings,2026-06-11T23:15:29.787918
Miles McBride,,,6cc5c3b9cfcb1d94bed9f3ca972b3114,2026-06-14,00:40,points,5.5,319.0,,True,draftkings,2026-06-11T23:15:29.787919
Miles McBride,,,6cc5c3b9cfcb1d94bed9f3ca972b3114,2026-06-14,00:40,points,7.5,650.0,,True,draftkings,2026-06-11T23:15:29.787921
Miles McBride,,,6cc5c3b9cfcb1d94bed9f3ca972b3114,2026-06-14,00:40,points,9.5,1340.0,,True,draftkings,2026-06-11T23:15:29.787923
Miles McBride,,,6cc5c3b9cfcb1d94bed9f3ca972b3114,2026-06-14,00:40,points,11.5,2000.0,,True,draftkings,2026-06-11T23:15:29.787924
Victor Wembanyama,,,6cc5c3b9cfcb1d94bed9f3ca972b3114,2026-06-14,00:40,rebounds,11.5,-115.0,-114.0,False,draftkings,2026-06-11T23:15:29.787947
Karl-Anthony Towns,,,6cc5c3b9cfcb1d94bed9f3ca972b3114,2026-06-14,00:40,rebounds,10.5,-134.0,102.0,False,draftkings,2026-06-11T23:15:29.787948
Josh Hart,,,6cc5c3b9cfcb1d94bed9f3ca972b3114,2026-06-14,00:40,rebounds,8.5,-109.0,-120.0,False,draftkings,2026-06-11T23:15:29.787950
Dylan Harper,,,6cc5c3b9cfcb1d94bed9f3ca972b3114,2026-06-14,00:40,rebounds,5.5,-136.0,103.0,False,draftkings,2026-06-11T23:15:29.787952
OG Anunoby,,,6cc5c3b9cfcb1d94bed9f3ca972b3114,2026-06-14,00:40,rebounds,5.5,103.0,-135.0,False,draftkings,2026-06-11T23:15:29.787954
Stephon Castle,,,6cc5c3b9cfcb1d94bed9f3ca972b3114,2026-06-14,00:40,rebounds,4.5,-147.0,111.0,False,draftkings,2026-06-11T23:15:29.787955
Devin Vassell,,,6cc5c3b9cfcb1d94bed9f3ca972b3114,2026-06-14,00:40,rebounds,4.5,-130.0,-102.0,False,draftkings,2026-06-11T23:15:29.787957
Julian Champagnie,,,6cc5c3b9cfcb1d94bed9f3ca972b3114,2026-06-14,00:40,rebounds,4.5,-128.0,-103.0,False,draftkings,2026-06-11T23:15:29.787959
Mitchell Robinson,,,6cc5c3b9cfcb1d94bed9f3ca972b3114,2026-06-14,00:40,rebounds,4.5,-117.0,-113.0,False,draftkings,2026-06-11T23:15:29.787960
De'Aaron Fox,,,6cc5c3b9cfcb1d94bed9f3ca972b3114,2026-06-14,00:40,rebounds,3.5,119.0,-157.0,False,draftkings,2026-06-11T23:15:29.787962
Mikal Bridges,,,6cc5c3b9cfcb1d94bed9f3ca972b3114,2026-06-14,00:40,rebounds,3.5,120.0,-159.0,False,draftkings,2026-06-11T23:15:29.787964
Jalen Brunson,,,6cc5c3b9cfcb1d94bed9f3ca972b3114,2026-06-14,00:40,rebounds,3.5,128.0,-170.0,False,draftkings,2026-06-11T23:15:29.787965
Keldon Johnson,,,6cc5c3b9cfcb1d94bed9f3ca972b3114,2026-06-14,00:40,rebounds,2.5,-160.0,121.0,False,draftkings,2026-06-11T23:15:29.787967
Jose Alvarado,,,6cc5c3b9cfcb1d94bed9f3ca972b3114,2026-06-14,00:40,rebounds,1.5,-113.0,-116.0,False,draftkings,2026-06-11T23:15:29.787969
Landry Shamet,,,6cc5c3b9cfcb1d94bed9f3ca972b3114,2026-06-14,00:40,rebounds,1.5,132.0,-174.0,False,draftkings,2026-06-11T23:15:29.787970
Victor Wembanyama,,,6cc5c3b9cfcb1d94bed9f3ca972b3114,2026-06-14,00:40,rebounds,6.5,-2100.0,,True,draftkings,2026-06-11T23:15:29.788039
Victor Wembanyama,,,6cc5c3b9cfcb1d94bed9f3ca972b3114,2026-06-14,00:40,rebounds,7.5,-950.0,,True,draftkings,2026-06-11T23:15:29.788040
Victor Wembanyama,,,6cc5c3b9cfcb1d94bed9f3ca972b3114,2026-06-14,00:40,rebounds,8.5,-508.0,,True,draftkings,2026-06-11T23:15:29.788042
Victor Wembanyama,,,6cc5c3b9cfcb1d94bed9f3ca972b3114,2026-06-14,00:40,rebounds,9.5,-293.0,,True,draftkings,2026-06-11T23:15:29.788044
Victor Wembanyama,,,6cc5c3b9cfcb1d94bed9f3ca972b3114,2026-06-14,00:40,rebounds,10.5,-180.0,,True,draftkings,2026-06-11T23:15:29.788046
Victor Wembanyama,,,6cc5c3b9cfcb1d94bed9f3ca972b3114,2026-06-14,00:40,rebounds,11.5,-114.0,,True,draftkings,2026-06-11T23:15:29.788047
Victor Wembanyama,,,6cc5c3b9cfcb1d94bed9f3ca972b3114,2026-06-14,00:40,rebounds,12.5,134.0,,True,draftkings,2026-06-11T23:15:29.788049
Victor Wembanyama,,,6cc5c3b9cfcb1d94bed9f3ca972b3114,2026-06-14,00:40,rebounds,13.5,203.0,,True,draftkings,2026-06-11T23:15:29.788051
Victor Wembanyama,,,6cc5c3b9cfcb1d94bed9f3ca972b3114,2026-06-14,00:40,rebounds,14.5,305.0,,True,draftkings,2026-06-11T23:15:29.788053
Victor Wembanyama,,,6cc5c3b9cfcb1d94bed9f3ca972b3114,2026-06-14,00:40,rebounds,15.5,462.0,,True,draftkings,2026-06-11T23:15:29.788054
Victor Wembanyama,,,6cc5c3b9cfcb1d94bed9f3ca972b3114,2026-06-14,00:40,rebounds,16.5,700.0,,True,draftkings,2026-06-11T23:15:29.788056
Victor Wembanyama,,,6cc5c3b9cfcb1d94bed9f3ca972b3114,2026-06-14,00:40,rebounds,17.5,1040.0,,True,draftkings,2026-06-11T23:15:29.788058
Victor Wembanyama,,,6cc5c3b9cfcb1d94bed9f3ca972b3114,2026-06-14,00:40,rebounds,18.5,1500.0,,True,draftkings,2026-06-11T23:15:29.788059
Victor Wembanyama,,,6cc5c3b9cfcb1d94bed9f3ca972b3114,2026-06-14,00:40,rebounds,19.5,2100.0,,True,draftkings,2026-06-11T23:15:29.788061
Karl-Anthony Towns,,,6cc5c3b9cfcb1d94bed9f3ca972b3114,2026-06-14,00:40,rebounds,5.5,-3500.0,,True,draftkings,2026-06-11T23:15:29.788062
Karl-Anthony Towns,,,6cc5c3b9cfcb1d94bed9f3ca972b3114,2026-06-14,00:40,rebounds,6.5,-1300.0,,True,draftkings,2026-06-11T23:15:29.788066
Karl-Anthony Towns,,,6cc5c3b9cfcb1d94bed9f3ca972b3114,2026-06-14,00:40,rebounds,7.5,-650.0,,True,draftkings,2026-06-11T23:15:29.788068
Karl-Anthony Towns,,,6cc5c3b9cfcb1d94bed9f3ca972b3114,2026-06-14,00:40,rebounds,8.5,-356.0,,True,draftkings,2026-06-11T23:15:29.788070
Karl-Anthony Towns,,,6cc5c3b9cfcb1d94bed9f3ca972b3114,2026-06-14,00:40,rebounds,9.5,-215.0,,True,draftkings,2026-06-11T23:15:29.788071
Karl-Anthony Towns,,,6cc5c3b9cfcb1d94bed9f3ca972b3114,2026-06-14,00:40,rebounds,10.5,-134.0,,True,draftkings,2026-06-11T23:15:29.788073
Karl-Anthony Towns,,,6cc5c3b9cfcb1d94bed9f3ca972b3114,2026-06-14,00:40,rebounds,11.5,115.0,,True,draftkings,2026-06-11T23:15:29.788075
Karl-Anthony Towns,,,6cc5c3b9cfcb1d94bed9f3ca972b3114,2026-06-14,00:40,rebounds,12.5,176.0,,True,draftkings,2026-06-11T23:15:29.788076
Karl-Anthony Towns,,,6cc5c3b9cfcb1d94bed9f3ca972b3114,2026-06-14,00:40,rebounds,13.5,265.0,,True,draftkings,2026-06-11T23:15:29.788078
Karl-Anthony Towns,,,6cc5c3b9cfcb1d94bed9f3ca972b3114,2026-06-14,00:40,rebounds,14.5,400.0,,True,draftkings,2026-06-11T23:15:29.788080
Karl-Anthony Towns,,,6cc5c3b9cfcb1d94bed9f3ca972b3114,2026-06-14,00:40,rebounds,15.5,610.0,,True,draftkings,2026-06-11T23:15:29.788081
Karl-Anthony Towns,,,6cc5c3b9cfcb1d94bed9f3ca972b3114,2026-06-14,00:40,rebounds,16.5,930.0,,True,draftkings,2026-06-11T23:15:29.788083
Karl-Anthony Towns,,,6cc5c3b9cfcb1d94bed9f3ca972b3114,2026-06-14,00:40,rebounds,17.5,1360.0,,True,draftkings,2026-06-11T23:15:29.788085
Karl-Anthony Towns,,,6cc5c3b9cfcb1d94bed9f3ca972b3114,2026-06-14,00:40,rebounds,18.5,1860.0,,True,draftkings,2026-06-11T23:15:29.788086
Karl-Anthony Towns,,,6cc5c3b9cfcb1d94bed9f3ca972b3114,2026-06-14,00:40,rebounds,19.5,2400.0,,True,draftkings,2026-06-11T23:15:29.788090
Josh Hart,,,6cc5c3b9cfcb1d94bed9f3ca972b3114,2026-06-14,00:40,rebounds,4.5,-1720.0,,True,draftkings,2026-06-11T23:15:29.788092
Josh Hart,,,6cc5c3b9cfcb1d94bed9f3ca972b3114,2026-06-14,00:40,rebounds,5.5,-710.0,,True,draftkings,2026-06-11T23:15:29.788094
Josh Hart,,,6cc5c3b9cfcb1d94bed9f3ca972b3114,2026-06-14,00:40,rebounds,6.5,-342.0,,True,draftkings,2026-06-11T23:15:29.788095
Josh Hart,,,6cc5c3b9cfcb1d94bed9f3ca972b3114,2026-06-14,00:40,rebounds,7.5,-192.0,,True,draftkings,2026-06-11T23:15:29.788097
Josh Hart,,,6cc5c3b9cfcb1d94bed9f3ca972b3114,2026-06-14,00:40,rebounds,8.5,-113.0,,True,draftkings,2026-06-11T23:15:29.788099
Josh Hart,,,6cc5c3b9cfcb1d94bed9f3ca972b3114,2026-06-14,00:40,rebounds,9.5,147.0,,True,draftkings,2026-06-11T23:15:29.788101
Josh Hart,,,6cc5c3b9cfcb1d94bed9f3ca972b3114,2026-06-14,00:40,rebounds,10.5,241.0,,True,draftkings,2026-06-11T23:15:29.788102
Josh Hart,,,6cc5c3b9cfcb1d94bed9f3ca972b3114,2026-06-14,00:40,rebounds,11.5,388.0,,True,draftkings,2026-06-11T23:15:29.788104
Josh Hart,,,6cc5c3b9cfcb1d94bed9f3ca972b3114,2026-06-14,00:40,rebounds,12.5,620.0,,True,draftkings,2026-06-11T23:15:29.788106
Josh Hart,,,6cc5c3b9cfcb1d94bed9f3ca972b3114,2026-06-14,00:40,rebounds,13.5,980.0,,True,draftkings,2026-06-11T23:15:29.788107
Josh Hart,,,6cc5c3b9cfcb1d94bed9f3ca972b3114,2026-06-14,00:40,rebounds,14.5,1500.0,,True,draftkings,2026-06-11T23:15:29.788109
Josh Hart,,,6cc5c3b9cfcb1d94bed9f3ca972b3114,2026-06-14,00:40,rebounds,15.5,2200.0,,True,draftkings,2026-06-11T23:15:29.788111
Josh Hart,,,6cc5c3b9cfcb1d94bed9f3ca972b3114,2026-06-14,00:40,rebounds,16.5,2900.0,,True,draftkings,2026-06-11T23:15:29.788112
Mitchell Robinson,,,6cc5c3b9cfcb1d94bed9f3ca972b3114,2026-06-14,00:40,rebounds,2.5,-426.0,,True,draftkings,2026-06-11T23:15:29.788114
Mitchell Robinson,,,6cc5c3b9cfcb1d94bed9f3ca972b3114,2026-06-14,00:40,rebounds,3.5,-211.0,,True,draftkings,2026-06-11T23:15:29.788116
Mitchell Robinson,,,6cc5c3b9cfcb1d94bed9f3ca972b3114,2026-06-14,00:40,rebounds,4.5,-117.0,,True,draftkings,2026-06-11T23:15:29.788117
Mitchell Robinson,,,6cc5c3b9cfcb1d94bed9f3ca972b3114,2026-06-14,00:40,rebounds,5.5,143.0,,True,draftkings,2026-06-11T23:15:29.788119
Mitchell Robinson,,,6cc5c3b9cfcb1d94bed9f3ca972b3114,2026-06-14,00:40,rebounds,6.5,229.0,,True,draftkings,2026-06-11T23:15:29.788121
Mitchell Robinson,,,6cc5c3b9cfcb1d94bed9f3ca972b3114,2026-06-14,00:40,rebounds,7.5,360.0,,True,draftkings,2026-06-11T23:15:29.788122
Mitchell Robinson,,,6cc5c3b9cfcb1d94bed9f3ca972b3114,2026-06-14,00:40,rebounds,8.5,543.0,,True,draftkings,2026-06-11T23:15:29.788124
Mitchell Robinson,,,6cc5c3b9cfcb1d94bed9f3ca972b3114,2026-06-14,00:40,rebounds,9.5,800.0,,True,draftkings,2026-06-11T23:15:29.788126
Mitchell Robinson,,,6cc5c3b9cfcb1d94bed9f3ca972b3114,2026-06-14,00:40,rebounds,10.5,1200.0,,True,draftkings,2026-06-11T23:15:29.788127
Mitchell Robinson,,,6cc5c3b9cfcb1d94bed9f3ca972b3114,2026-06-14,00:40,rebounds,11.5,1720.0,,True,draftkings,2026-06-11T23:15:29.788129
Mitchell Robinson,,,6cc5c3b9cfcb1d94bed9f3ca972b3114,2026-06-14,00:40,rebounds,12.5,2200.0,,True,draftkings,2026-06-11T23:15:29.788131
Mitchell Robinson,,,6cc5c3b9cfcb1d94bed9f3ca972b3114,2026-06-14,00:40,rebounds,13.5,2900.0,,True,draftkings,2026-06-11T23:15:29.788132
Dylan Harper,,,6cc5c3b9cfcb1d94bed9f3ca972b3114,2026-06-14,00:40,rebounds,2.5,-2100.0,,True,draftkings,2026-06-11T23:15:29.788134
Dylan Harper,,,6cc5c3b9cfcb1d94bed9f3ca972b3114,2026-06-14,00:40,rebounds,3.5,-630.0,,True,draftkings,2026-06-11T23:15:29.788136
Dylan Harper,,,6cc5c3b9cfcb1d94bed9f3ca972b3114,2026-06-14,00:40,rebounds,4.5,-271.0,,True,draftkings,2026-06-11T23:15:29.788138
Dylan Harper,,,6cc5c3b9cfcb1d94bed9f3ca972b3114,2026-06-14,00:40,rebounds,5.5,-137.0,,True,draftkings,2026-06-11T23:15:29.788139
Dylan Harper,,,6cc5c3b9cfcb1d94bed9f3ca972b3114,2026-06-14,00:40,rebounds,6.5,135.0,,True,draftkings,2026-06-11T23:15:29.788141
Dylan Harper,,,6cc5c3b9cfcb1d94bed9f3ca972b3114,2026-06-14,00:40,rebounds,7.5,242.0,,True,draftkings,2026-06-11T23:15:29.788145
Dylan Harper,,,6cc5c3b9cfcb1d94bed9f3ca972b3114,2026-06-14,00:40,rebounds,8.5,429.0,,True,draftkings,2026-06-11T23:15:29.788147
Dylan Harper,,,6cc5c3b9cfcb1d94bed9f3ca972b3114,2026-06-14,00:40,rebounds,9.5,730.0,,True,draftkings,2026-06-11T23:15:29.788151
Dylan Harper,,,6cc5c3b9cfcb1d94bed9f3ca972b3114,2026-06-14,00:40,rebounds,10.5,1240.0,,True,draftkings,2026-06-11T23:15:29.788153
Dylan Harper,,,6cc5c3b9cfcb1d94bed9f3ca972b3114,2026-06-14,00:40,rebounds,11.5,1920.0,,True,draftkings,2026-06-11T23:15:29.788155
Dylan Harper,,,6cc5c3b9cfcb1d94bed9f3ca972b3114,2026-06-14,00:40,rebounds,12.5,2800.0,,True,draftkings,2026-06-11T23:15:29.788156
OG Anunoby,,,6cc5c3b9cfcb1d94bed9f3ca972b3114,2026-06-14,00:40,rebounds,2.5,-1120.0,,True,draftkings,2026-06-11T23:15:29.788158
OG Anunoby,,,6cc5c3b9cfcb1d94bed9f3ca972b3114,2026-06-14,00:40,rebounds,3.5,-396.0,,True,draftkings,2026-06-11T23:15:29.788162
OG Anunoby,,,6cc5c3b9cfcb1d94bed9f3ca972b3114,2026-06-14,00:40,rebounds,4.5,-185.0,,True,draftkings,2026-06-11T23:15:29.788163
OG Anunoby,,,6cc5c3b9cfcb1d94bed9f3ca972b3114,2026-06-14,00:40,rebounds,5.5,105.0,,True,draftkings,2026-06-11T23:15:29.788165
OG Anunoby,,,6cc5c3b9cfcb1d94bed9f3ca972b3114,2026-06-14,00:40,rebounds,6.5,192.0,,True,draftkings,2026-06-11T23:15:29.788167
OG Anunoby,,,6cc5c3b9cfcb1d94bed9f3ca972b3114,2026-06-14,00:40,rebounds,7.5,344.0,,True,draftkings,2026-06-11T23:15:29.788168
OG Anunoby,,,6cc5c3b9cfcb1d94bed9f3ca972b3114,2026-06-14,00:40,rebounds,8.5,600.0,,True,draftkings,2026-06-11T23:15:29.788170
OG Anunoby,,,6cc5c3b9cfcb1d94bed9f3ca972b3114,2026-06-14,00:40,rebounds,9.5,1000.0,,True,draftkings,2026-06-11T23:15:29.788172
OG Anunoby,,,6cc5c3b9cfcb1d94bed9f3ca972b3114,2026-06-14,00:40,rebounds,10.5,1660.0,,True,draftkings,2026-06-11T23:15:29.788173
OG Anunoby,,,6cc5c3b9cfcb1d94bed9f3ca972b3114,2026-06-14,00:40,rebounds,11.5,2500.0,,True,draftkings,2026-06-11T23:15:29.788175
Julian Champagnie,,,6cc5c3b9cfcb1d94bed9f3ca972b3114,2026-06-14,00:40,rebounds,2.5,-770.0,,True,draftkings,2026-06-11T23:15:29.788177
Julian Champagnie,,,6cc5c3b9cfcb1d94bed9f3ca972b3114,2026-06-14,00:40,rebounds,3.5,-284.0,,True,draftkings,2026-06-11T23:15:29.788178
Julian Champagnie,,,6cc5c3b9cfcb1d94bed9f3ca972b3114,2026-06-14,00:40,rebounds,4.5,-130.0,,True,draftkings,2026-06-11T23:15:29.788180
Julian Champagnie,,,6cc5c3b9cfcb1d94bed9f3ca972b3114,2026-06-14,00:40,rebounds,5.5,155.0,,True,draftkings,2026-06-11T23:15:29.788182
Julian Champagnie,,,6cc5c3b9cfcb1d94bed9f3ca972b3114,2026-06-14,00:40,rebounds,6.5,293.0,,True,draftkings,2026-06-11T23:15:29.788183
Julian Champagnie,,,6cc5c3b9cfcb1d94bed9f3ca972b3114,2026-06-14,00:40,rebounds,7.5,540.0,,True,draftkings,2026-06-11T23:15:29.788185
Julian Champagnie,,,6cc5c3b9cfcb1d94bed9f3ca972b3114,2026-06-14,00:40,rebounds,8.5,980.0,,True,draftkings,2026-06-11T23:15:29.788187
Julian Champagnie,,,6cc5c3b9cfcb1d94bed9f3ca972b3114,2026-06-14,00:40,rebounds,9.5,1660.0,,True,draftkings,2026-06-11T23:15:29.788188
Julian Champagnie,,,6cc5c3b9cfcb1d94bed9f3ca972b3114,2026-06-14,00:40,rebounds,10.5,2400.0,,True,draftkings,2026-06-11T23:15:29.788190
Stephon Castle,,,6cc5c3b9cfcb1d94bed9f3ca972b3114,2026-06-14,00:40,rebounds,2.5,-910.0,,True,draftkings,2026-06-11T23:15:29.788192
Stephon Castle,,,6cc5c3b9cfcb1d94bed9f3ca972b3114,2026-06-14,00:40,rebounds,3.5,-330.0,,True,draftkings,2026-06-11T23:15:29.788193
Stephon Castle,,,6cc5c3b9cfcb1d94bed9f3ca972b3114,2026-06-14,00:40,rebounds,4.5,-147.0,,True,draftkings,2026-06-11T23:15:29.788195
Stephon Castle,,,6cc5c3b9cfcb1d94bed9f3ca972b3114,2026-06-14,00:40,rebounds,5.5,134.0,,True,draftkings,2026-06-11T23:15:29.788197
Stephon Castle,,,6cc5c3b9cfcb1d94bed9f3ca972b3114,2026-06-14,00:40,rebounds,6.5,258.0,,True,draftkings,2026-06-11T23:15:29.788199
Stephon Castle,,,6cc5c3b9cfcb1d94bed9f3ca972b3114,2026-06-14,00:40,rebounds,7.5,489.0,,True,draftkings,2026-06-11T23:15:29.788200
Stephon Castle,,,6cc5c3b9cfcb1d94bed9f3ca972b3114,2026-06-14,00:40,rebounds,8.5,910.0,,True,draftkings,2026-06-11T23:15:29.788202
Stephon Castle,,,6cc5c3b9cfcb1d94bed9f3ca972b3114,2026-06-14,00:40,rebounds,9.5,1560.0,,True,draftkings,2026-06-11T23:15:29.788206
Stephon Castle,,,6cc5c3b9cfcb1d94bed9f3ca972b3114,2026-06-14,00:40,rebounds,10.5,2500.0,,True,draftkings,2026-06-11T23:15:29.788208
Devin Vassell,,,6cc5c3b9cfcb1d94bed9f3ca972b3114,2026-06-14,00:40,rebounds,2.5,-790.0,,True,draftkings,2026-06-11T23:15:29.788209
Devin Vassell,,,6cc5c3b9cfcb1d94bed9f3ca972b3114,2026-06-14,00:40,rebounds,3.5,-282.0,,True,draftkings,2026-06-11T23:15:29.788211
Devin Vassell,,,6cc5c3b9cfcb1d94bed9f3ca972b3114,2026-06-14,00:40,rebounds,4.5,-129.0,,True,draftkings,2026-06-11T23:15:29.788213
Devin Vassell,,,6cc5c3b9cfcb1d94bed9f3ca972b3114,2026-06-14,00:40,rebounds,5.5,158.0,,True,draftkings,2026-06-11T23:15:29.788215
Devin Vassell,,,6cc5c3b9cfcb1d94bed9f3ca972b3114,2026-06-14,00:40,rebounds,6.5,305.0,,True,draftkings,2026-06-11T23:15:29.788216
Devin Vassell,,,6cc5c3b9cfcb1d94bed9f3ca972b3114,2026-06-14,00:40,rebounds,7.5,567.0,,True,draftkings,2026-06-11T23:15:29.788218
Devin Vassell,,,6cc5c3b9cfcb1d94bed9f3ca972b3114,2026-06-14,00:40,rebounds,8.5,1060.0,,True,draftkings,2026-06-11T23:15:29.788220
Devin Vassell,,,6cc5c3b9cfcb1d94bed9f3ca972b3114,2026-06-14,00:40,rebounds,9.5,1860.0,,True,draftkings,2026-06-11T23:15:29.788221
Devin Vassell,,,6cc5c3b9cfcb1d94bed9f3ca972b3114,2026-06-14,00:40,rebounds,10.5,2800.0,,True,draftkings,2026-06-11T23:15:29.788223
Keldon Johnson,,,6cc5c3b9cfcb1d94bed9f3ca972b3114,2026-06-14,00:40,rebounds,2.5,-163.0,,True,draftkings,2026-06-11T23:15:29.788225
Keldon Johnson,,,6cc5c3b9cfcb1d94bed9f3ca972b3114,2026-06-14,00:40,rebounds,3.5,143.0,,True,draftkings,2026-06-11T23:15:29.788226
Keldon Johnson,,,6cc5c3b9cfcb1d94bed9f3ca972b3114,2026-06-14,00:40,rebounds,4.5,290.0,,True,draftkings,2026-06-11T23:15:29.788228
Keldon Johnson,,,6cc5c3b9cfcb1d94bed9f3ca972b3114,2026-06-14,00:40,rebounds,5.5,584.0,,True,draftkings,2026-06-11T23:15:29.788230
Keldon Johnson,,,6cc5c3b9cfcb1d94bed9f3ca972b3114,2026-06-14,00:40,rebounds,6.5,1140.0,,True,draftkings,2026-06-11T23:15:29.788231
Keldon Johnson,,,6cc5c3b9cfcb1d94bed9f3ca972b3114,2026-06-14,00:40,rebounds,7.5,2000.0,,True,draftkings,2026-06-11T23:15:29.788233
Keldon Johnson,,,6cc5c3b9cfcb1d94bed9f3ca972b3114,2026-06-14,00:40,rebounds,8.5,2900.0,,True,draftkings,2026-06-11T23:15:29.788235
De'Aaron Fox,,,6cc5c3b9cfcb1d94bed9f3ca972b3114,2026-06-14,00:40,rebounds,2.5,-210.0,,True,draftkings,2026-06-11T23:15:29.788236
De'Aaron Fox,,,6cc5c3b9cfcb1d94bed9f3ca972b3114,2026-06-14,00:40,rebounds,3.5,117.0,,True,draftkings,2026-06-11T23:15:29.788238
De'Aaron Fox,,,6cc5c3b9cfcb1d94bed9f3ca972b3114,2026-06-14,00:40,rebounds,4.5,258.0,,True,draftkings,2026-06-11T23:15:29.788240
De'Aaron Fox,,,6cc5c3b9cfcb1d94bed9f3ca972b3114,2026-06-14,00:40,rebounds,5.5,539.0,,True,draftkings,2026-06-11T23:15:29.788241
De'Aaron Fox,,,6cc5c3b9cfcb1d94bed9f3ca972b3114,2026-06-14,00:40,rebounds,6.5,1060.0,,True,draftkings,2026-06-11T23:15:29.788243
De'Aaron Fox,,,6cc5c3b9cfcb1d94bed9f3ca972b3114,2026-06-14,00:40,rebounds,7.5,1980.0,,True,draftkings,2026-06-11T23:15:29.788245
Jalen Brunson,,,6cc5c3b9cfcb1d94bed9f3ca972b3114,2026-06-14,00:40,rebounds,2.5,-187.0,,True,draftkings,2026-06-11T23:15:29.788246
Jalen Brunson,,,6cc5c3b9cfcb1d94bed9f3ca972b3114,2026-06-14,00:40,rebounds,3.5,128.0,,True,draftkings,2026-06-11T23:15:29.788248
Jalen Brunson,,,6cc5c3b9cfcb1d94bed9f3ca972b3114,2026-06-14,00:40,rebounds,4.5,277.0,,True,draftkings,2026-06-11T23:15:29.788252
Jalen Brunson,,,6cc5c3b9cfcb1d94bed9f3ca972b3114,2026-06-14,00:40,rebounds,5.5,573.0,,True,draftkings,2026-06-11T23:15:29.788254
Jalen Brunson,,,6cc5c3b9cfcb1d94bed9f3ca972b3114,2026-06-14,00:40,rebounds,6.5,1180.0,,True,draftkings,2026-06-11T23:15:29.788255
Jalen Brunson,,,6cc5c3b9cfcb1d94bed9f3ca972b3114,2026-06-14,00:40,rebounds,7.5,2100.0,,True,draftkings,2026-06-11T23:15:29.788257
Mikal Bridges,,,6cc5c3b9cfcb1d94bed9f3ca972b3114,2026-06-14,00:40,rebounds,2.5,-200.0,,True,draftkings,2026-06-11T23:15:29.788259
Mikal Bridges,,,6cc5c3b9cfcb1d94bed9f3ca972b3114,2026-06-14,00:40,rebounds,3.5,123.0,,True,draftkings,2026-06-11T23:15:29.788260
Mikal Bridges,,,6cc5c3b9cfcb1d94bed9f3ca972b3114,2026-06-14,00:40,rebounds,4.5,272.0,,True,draftkings,2026-06-11T23:15:29.788264
Mikal Bridges,,,6cc5c3b9cfcb1d94bed9f3ca972b3114,2026-06-14,00:40,rebounds,5.5,571.0,,True,draftkings,2026-06-11T23:15:29.788266
Mikal Bridges,,,6cc5c3b9cfcb1d94bed9f3ca972b3114,2026-06-14,00:40,rebounds,6.5,1140.0,,True,draftkings,2026-06-11T23:15:29.788270
Mikal Bridges,,,6cc5c3b9cfcb1d94bed9f3ca972b3114,2026-06-14,00:40,rebounds,7.5,2100.0,,True,draftkings,2026-06-11T23:15:29.788271
Jose Alvarado,,,6cc5c3b9cfcb1d94bed9f3ca972b3114,2026-06-14,00:40,rebounds,1.5,-113.0,,True,draftkings,2026-06-11T23:15:29.788273
Jose Alvarado,,,6cc5c3b9cfcb1d94bed9f3ca972b3114,2026-06-14,00:40,rebounds,2.5,242.0,,True,draftkings,2026-06-11T23:15:29.788275
Jose Alvarado,,,6cc5c3b9cfcb1d94bed9f3ca972b3114,2026-06-14,00:40,rebounds,3.5,570.0,,True,draftkings,2026-06-11T23:15:29.788276
Jose Alvarado,,,6cc5c3b9cfcb1d94bed9f3ca972b3114,2026-06-14,00:40,rebounds,4.5,1200.0,,True,draftkings,2026-06-11T23:15:29.788278
Jose Alvarado,,,6cc5c3b9cfcb1d94bed9f3ca972b3114,2026-06-14,00:40,rebounds,5.5,2300.0,,True,draftkings,2026-06-11T23:15:29.788280
Landry Shamet,,,6cc5c3b9cfcb1d94bed9f3ca972b3114,2026-06-14,00:40,rebounds,1.5,132.0,,True,draftkings,2026-06-11T23:15:29.788281
Landry Shamet,,,6cc5c3b9cfcb1d94bed9f3ca972b3114,2026-06-14,00:40,rebounds,2.5,409.0,,True,draftkings,2026-06-11T23:15:29.788283
Landry Shamet,,,6cc5c3b9cfcb1d94bed9f3ca972b3114,2026-06-14,00:40,rebounds,3.5,1080.0,,True,draftkings,2026-06-11T23:15:29.788285
Landry Shamet,,,6cc5c3b9cfcb1d94bed9f3ca972b3114,2026-06-14,00:40,rebounds,4.5,2300.0,,True,draftkings,2026-06-11T23:15:29.788286
OG Anunoby,,,6cc5c3b9cfcb1d94bed9f3ca972b3114,2026-06-14,00:40,threes,2.5,-112.0,-118.0,False,draftkings,2026-06-11T23:15:29.788307
Devin Vassell,,,6cc5c3b9cfcb1d94bed9f3ca972b3114,2026-06-14,00:40,threes,2.5,115.0,-151.0,False,draftkings,2026-06-11T23:15:29.788309
Jalen Brunson,,,6cc5c3b9cfcb1d94bed9f3ca972b3114,2026-06-14,00:40,threes,2.5,115.0,-152.0,False,draftkings,2026-06-11T23:15:29.788311
Julian Champagnie,,,6cc5c3b9cfcb1d94bed9f3ca972b3114,2026-06-14,00:40,threes,2.5,131.0,-173.0,False,draftkings,2026-06-11T23:15:29.788312
Victor Wembanyama,,,6cc5c3b9cfcb1d94bed9f3ca972b3114,2026-06-14,00:40,threes,1.5,-186.0,140.0,False,draftkings,2026-06-11T23:15:29.788314
Landry Shamet,,,6cc5c3b9cfcb1d94bed9f3ca972b3114,2026-06-14,00:40,threes,1.5,-108.0,-121.0,False,draftkings,2026-06-11T23:15:29.788316
Dylan Harper,,,6cc5c3b9cfcb1d94bed9f3ca972b3114,2026-06-14,00:40,threes,1.5,123.0,-162.0,False,draftkings,2026-06-11T23:15:29.788317
Josh Hart,,,6cc5c3b9cfcb1d94bed9f3ca972b3114,2026-06-14,00:40,threes,1.5,126.0,-166.0,False,draftkings,2026-06-11T23:15:29.788319
De'Aaron Fox,,,6cc5c3b9cfcb1d94bed9f3ca972b3114,2026-06-14,00:40,threes,1.5,133.0,-176.0,False,draftkings,2026-06-11T23:15:29.788321
Karl-Anthony Towns,,,6cc5c3b9cfcb1d94bed9f3ca972b3114,2026-06-14,00:40,threes,1.5,134.0,-178.0,False,draftkings,2026-06-11T23:15:29.788322
Mikal Bridges,,,6cc5c3b9cfcb1d94bed9f3ca972b3114,2026-06-14,00:40,threes,1.5,140.0,-185.0,False,draftkings,2026-06-11T23:15:29.788324
Stephon Castle,,,6cc5c3b9cfcb1d94bed9f3ca972b3114,2026-06-14,00:40,threes,1.5,140.0,-185.0,False,draftkings,2026-06-11T23:15:29.788326
Jose Alvarado,,,6cc5c3b9cfcb1d94bed9f3ca972b3114,2026-06-14,00:40,threes,0.5,-131.0,100.0,False,draftkings,2026-06-11T23:15:29.788327
Keldon Johnson,,,6cc5c3b9cfcb1d94bed9f3ca972b3114,2026-06-14,00:40,threes,0.5,-115.0,-115.0,False,draftkings,2026-06-11T23:15:29.788329
OG Anunoby,,,6cc5c3b9cfcb1d94bed9f3ca972b3114,2026-06-14,00:40,threes,0.5,-2100.0,,True,draftkings,2026-06-11T23:15:29.788364
OG Anunoby,,,6cc5c3b9cfcb1d94bed9f3ca972b3114,2026-06-14,00:40,threes,1.5,-339.0,,True,draftkings,2026-06-11T23:15:29.788367
OG Anunoby,,,6cc5c3b9cfcb1d94bed9f3ca972b3114,2026-06-14,00:40,threes,2.5,-114.0,,True,draftkings,2026-06-11T23:15:29.788368
OG Anunoby,,,6cc5c3b9cfcb1d94bed9f3ca972b3114,2026-06-14,00:40,threes,3.5,214.0,,True,draftkings,2026-06-11T23:15:29.788370
OG Anunoby,,,6cc5c3b9cfcb1d94bed9f3ca972b3114,2026-06-14,00:40,threes,4.5,485.0,,True,draftkings,2026-06-11T23:15:29.788372
OG Anunoby,,,6cc5c3b9cfcb1d94bed9f3ca972b3114,2026-06-14,00:40,threes,5.5,1020.0,,True,draftkings,2026-06-11T23:15:29.788373
OG Anunoby,,,6cc5c3b9cfcb1d94bed9f3ca972b3114,2026-06-14,00:40,threes,6.5,2000.0,,True,draftkings,2026-06-11T23:15:29.788375
Jalen Brunson,,,6cc5c3b9cfcb1d94bed9f3ca972b3114,2026-06-14,00:40,threes,0.5,-1300.0,,True,draftkings,2026-06-11T23:15:29.788377
Jalen Brunson,,,6cc5c3b9cfcb1d94bed9f3ca972b3114,2026-06-14,00:40,threes,1.5,-240.0,,True,draftkings,2026-06-11T23:15:29.788378
Jalen Brunson,,,6cc5c3b9cfcb1d94bed9f3ca972b3114,2026-06-14,00:40,threes,2.5,118.0,,True,draftkings,2026-06-11T23:15:29.788380
Jalen Brunson,,,6cc5c3b9cfcb1d94bed9f3ca972b3114,2026-06-14,00:40,threes,3.5,289.0,,True,draftkings,2026-06-11T23:15:29.788382
Jalen Brunson,,,6cc5c3b9cfcb1d94bed9f3ca972b3114,2026-06-14,00:40,threes,4.5,660.0,,True,draftkings,2026-06-11T23:15:29.788383
Jalen Brunson,,,6cc5c3b9cfcb1d94bed9f3ca972b3114,2026-06-14,00:40,threes,5.5,1420.0,,True,draftkings,2026-06-11T23:15:29.788385
Jalen Brunson,,,6cc5c3b9cfcb1d94bed9f3ca972b3114,2026-06-14,00:40,threes,6.5,2500.0,,True,draftkings,2026-06-11T23:15:29.788387
Devin Vassell,,,6cc5c3b9cfcb1d94bed9f3ca972b3114,2026-06-14,00:40,threes,0.5,-1420.0,,True,draftkings,2026-06-11T23:15:29.788389
Devin Vassell,,,6cc5c3b9cfcb1d94bed9f3ca972b3114,2026-06-14,00:40,threes,1.5,-261.0,,True,draftkings,2026-06-11T23:15:29.788390
Devin Vassell,,,6cc5c3b9cfcb1d94bed9f3ca972b3114,2026-06-14,00:40,threes,2.5,116.0,,True,draftkings,2026-06-11T23:15:29.788392
Devin Vassell,,,6cc5c3b9cfcb1d94bed9f3ca972b3114,2026-06-14,00:40,threes,3.5,293.0,,True,draftkings,2026-06-11T23:15:29.788394
Devin Vassell,,,6cc5c3b9cfcb1d94bed9f3ca972b3114,2026-06-14,00:40,threes,4.5,690.0,,True,draftkings,2026-06-11T23:15:29.788396
Devin Vassell,,,6cc5c3b9cfcb1d94bed9f3ca972b3114,2026-06-14,00:40,threes,5.5,1500.0,,True,draftkings,2026-06-11T23:15:29.788400
Devin Vassell,,,6cc5c3b9cfcb1d94bed9f3ca972b3114,2026-06-14,00:40,threes,6.5,2700.0,,True,draftkings,2026-06-11T23:15:29.788402
Julian Champagnie,,,6cc5c3b9cfcb1d94bed9f3ca972b3114,2026-06-14,00:40,threes,0.5,-1120.0,,True,draftkings,2026-06-11T23:15:29.788403
Julian Champagnie,,,6cc5c3b9cfcb1d94bed9f3ca972b3114,2026-06-14,00:40,threes,1.5,-220.0,,True,draftkings,2026-06-11T23:15:29.788405
Julian Champagnie,,,6cc5c3b9cfcb1d94bed9f3ca972b3114,2026-06-14,00:40,threes,2.5,133.0,,True,draftkings,2026-06-11T23:15:29.788407
Julian Champagnie,,,6cc5c3b9cfcb1d94bed9f3ca972b3114,2026-06-14,00:40,threes,3.5,332.0,,True,draftkings,2026-06-11T23:15:29.788408
Julian Champagnie,,,6cc5c3b9cfcb1d94bed9f3ca972b3114,2026-06-14,00:40,threes,4.5,770.0,,True,draftkings,2026-06-11T23:15:29.788410
Julian Champagnie,,,6cc5c3b9cfcb1d94bed9f3ca972b3114,2026-06-14,00:40,threes,5.5,1700.0,,True,draftkings,2026-06-11T23:15:29.788412
Victor Wembanyama,,,6cc5c3b9cfcb1d94bed9f3ca972b3114,2026-06-14,00:40,threes,0.5,-930.0,,True,draftkings,2026-06-11T23:15:29.788413
Victor Wembanyama,,,6cc5c3b9cfcb1d94bed9f3ca972b3114,2026-06-14,00:40,threes,1.5,-188.0,,True,draftkings,2026-06-11T23:15:29.788415
Victor Wembanyama,,,6cc5c3b9cfcb1d94bed9f3ca972b3114,2026-06-14,00:40,threes,2.5,156.0,,True,draftkings,2026-06-11T23:15:29.788417
Victor Wembanyama,,,6cc5c3b9cfcb1d94bed9f3ca972b3114,2026-06-14,00:40,threes,3.5,409.0,,True,draftkings,2026-06-11T23:15:29.788418
Victor Wembanyama,,,6cc5c3b9cfcb1d94bed9f3ca972b3114,2026-06-14,00:40,threes,4.5,950.0,,True,draftkings,2026-06-11T23:15:29.788420
Victor Wembanyama,,,6cc5c3b9cfcb1d94bed9f3ca972b3114,2026-06-14,00:40,threes,5.5,2000.0,,True,draftkings,2026-06-11T23:15:29.788422
Landry Shamet,,,6cc5c3b9cfcb1d94bed9f3ca972b3114,2026-06-14,00:40,threes,0.5,-481.0,,True,draftkings,2026-06-11T23:15:29.788423
Landry Shamet,,,6cc5c3b9cfcb1d94bed9f3ca972b3114,2026-06-14,00:40,threes,1.5,-108.0,,True,draftkings,2026-06-11T23:15:29.788425
Landry Shamet,,,6cc5c3b9cfcb1d94bed9f3ca972b3114,2026-06-14,00:40,threes,2.5,272.0,,True,draftkings,2026-06-11T23:15:29.788427
Landry Shamet,,,6cc5c3b9cfcb1d94bed9f3ca972b3114,2026-06-14,00:40,threes,3.5,690.0,,True,draftkings,2026-06-11T23:15:29.788428
Landry Shamet,,,6cc5c3b9cfcb1d94bed9f3ca972b3114,2026-06-14,00:40,threes,4.5,1660.0,,True,draftkings,2026-06-11T23:15:29.788430
Landry Shamet,,,6cc5c3b9cfcb1d94bed9f3ca972b3114,2026-06-14,00:40,threes,5.5,2900.0,,True,draftkings,2026-06-11T23:15:29.788432
Dylan Harper,,,6cc5c3b9cfcb1d94bed9f3ca972b3114,2026-06-14,00:40,threes,0.5,-368.0,,True,draftkings,2026-06-11T23:15:29.788433
Dylan Harper,,,6cc5c3b9cfcb1d94bed9f3ca972b3114,2026-06-14,00:40,threes,1.5,124.0,,True,draftkings,2026-06-11T23:15:29.788435
Dylan Harper,,,6cc5c3b9cfcb1d94bed9f3ca972b3114,2026-06-14,00:40,threes,2.5,380.0,,True,draftkings,2026-06-11T23:15:29.788437
Dylan Harper,,,6cc5c3b9cfcb1d94bed9f3ca972b3114,2026-06-14,00:40,threes,3.5,1020.0,,True,draftkings,2026-06-11T23:15:29.788438
Dylan Harper,,,6cc5c3b9cfcb1d94bed9f3ca972b3114,2026-06-14,00:40,threes,4.5,2300.0,,True,draftkings,2026-06-11T23:15:29.788440
Josh Hart,,,6cc5c3b9cfcb1d94bed9f3ca972b3114,2026-06-14,00:40,threes,0.5,-351.0,,True,draftkings,2026-06-11T23:15:29.788442
Josh Hart,,,6cc5c3b9cfcb1d94bed9f3ca972b3114,2026-06-14,00:40,threes,1.5,127.0,,True,draftkings,2026-06-11T23:15:29.788443
Josh Hart,,,6cc5c3b9cfcb1d94bed9f3ca972b3114,2026-06-14,00:40,threes,2.5,405.0,,True,draftkings,2026-06-11T23:15:29.788445
Josh Hart,,,6cc5c3b9cfcb1d94bed9f3ca972b3114,2026-06-14,00:40,threes,3.5,1120.0,,True,draftkings,2026-06-11T23:15:29.788447
Josh Hart,,,6cc5c3b9cfcb1d94bed9f3ca972b3114,2026-06-14,00:40,threes,4.5,2400.0,,True,draftkings,2026-06-11T23:15:29.788448
De'Aaron Fox,,,6cc5c3b9cfcb1d94bed9f3ca972b3114,2026-06-14,00:40,threes,0.5,-338.0,,True,draftkings,2026-06-11T23:15:29.788450
De'Aaron Fox,,,6cc5c3b9cfcb1d94bed9f3ca972b3114,2026-06-14,00:40,threes,1.5,134.0,,True,draftkings,2026-06-11T23:15:29.788452
De'Aaron Fox,,,6cc5c3b9cfcb1d94bed9f3ca972b3114,2026-06-14,00:40,threes,2.5,422.0,,True,draftkings,2026-06-11T23:15:29.788453
De'Aaron Fox,,,6cc5c3b9cfcb1d94bed9f3ca972b3114,2026-06-14,00:40,threes,3.5,1140.0,,True,draftkings,2026-06-11T23:15:29.788455
De'Aaron Fox,,,6cc5c3b9cfcb1d94bed9f3ca972b3114,2026-06-14,00:40,threes,4.5,2500.0,,True,draftkings,2026-06-11T23:15:29.788457
Karl-Anthony Towns,,,6cc5c3b9cfcb1d94bed9f3ca972b3114,2026-06-14,00:40,threes,0.5,-344.0,,True,draftkings,2026-06-11T23:15:29.788459
Karl-Anthony Towns,,,6cc5c3b9cfcb1d94bed9f3ca972b3114,2026-06-14,00:40,threes,1.5,135.0,,True,draftkings,2026-06-11T23:15:29.788460
Karl-Anthony Towns,,,6cc5c3b9cfcb1d94bed9f3ca972b3114,2026-06-14,00:40,threes,2.5,427.0,,True,draftkings,2026-06-11T23:15:29.788462
Karl-Anthony Towns,,,6cc5c3b9cfcb1d94bed9f3ca972b3114,2026-06-14,00:40,threes,3.5,1180.0,,True,draftkings,2026-06-11T23:15:29.788464
Karl-Anthony Towns,,,6cc5c3b9cfcb1d94bed9f3ca972b3114,2026-06-14,00:40,threes,4.5,2600.0,,True,draftkings,2026-06-11T23:15:29.788465
Mikal Bridges,,,6cc5c3b9cfcb1d94bed9f3ca972b3114,2026-06-14,00:40,threes,0.5,-334.0,,True,draftkings,2026-06-11T23:15:29.788467
Mikal Bridges,,,6cc5c3b9cfcb1d94bed9f3ca972b3114,2026-06-14,00:40,threes,1.5,140.0,,True,draftkings,2026-06-11T23:15:29.788469
Mikal Bridges,,,6cc5c3b9cfcb1d94bed9f3ca972b3114,2026-06-14,00:40,threes,2.5,457.0,,True,draftkings,2026-06-11T23:15:29.788473
Mikal Bridges,,,6cc5c3b9cfcb1d94bed9f3ca972b3114,2026-06-14,00:40,threes,3.5,1300.0,,True,draftkings,2026-06-11T23:15:29.788475
Mikal Bridges,,,6cc5c3b9cfcb1d94bed9f3ca972b3114,2026-06-14,00:40,threes,4.5,2700.0,,True,draftkings,2026-06-11T23:15:29.788477
Stephon Castle,,,6cc5c3b9cfcb1d94bed9f3ca972b3114,2026-06-14,00:40,threes,0.5,-326.0,,True,draftkings,2026-06-11T23:15:29.788478
Stephon Castle,,,6cc5c3b9cfcb1d94bed9f3ca972b3114,2026-06-14,00:40,threes,1.5,139.0,,True,draftkings,2026-06-11T23:15:29.788480
Stephon Castle,,,6cc5c3b9cfcb1d94bed9f3ca972b3114,2026-06-14,00:40,threes,2.5,457.0,,True,draftkings,2026-06-11T23:15:29.788481
Stephon Castle,,,6cc5c3b9cfcb1d94bed9f3ca972b3114,2026-06-14,00:40,threes,3.5,1260.0,,True,draftkings,2026-06-11T23:15:29.788483
Stephon Castle,,,6cc5c3b9cfcb1d94bed9f3ca972b3114,2026-06-14,00:40,threes,4.5,2700.0,,True,draftkings,2026-06-11T23:15:29.788485
Jose Alvarado,,,6cc5c3b9cfcb1d94bed9f3ca972b3114,2026-06-14,00:40,threes,0.5,-131.0,,True,draftkings,2026-06-11T23:15:29.788489
Jose Alvarado,,,6cc5c3b9cfcb1d94bed9f3ca972b3114,2026-06-14,00:40,threes,1.5,333.0,,True,draftkings,2026-06-11T23:15:29.788490
Jose Alvarado,,,6cc5c3b9cfcb1d94bed9f3ca972b3114,2026-06-14,00:40,threes,2.5,1080.0,,True,draftkings,2026-06-11T23:15:29.788492
Jose Alvarado,,,6cc5c3b9cfcb1d94bed9f3ca972b3114,2026-06-14,00:40,threes,3.5,2500.0,,True,draftkings,2026-06-11T23:15:29.788494
Keldon Johnson,,,6cc5c3b9cfcb1d94bed9f3ca972b3114,2026-06-14,00:40,threes,0.5,-117.0,,True,draftkings,2026-06-11T23:15:29.788495
Keldon Johnson,,,6cc5c3b9cfcb1d94bed9f3ca972b3114,2026-06-14,00:40,threes,1.5,400.0,,True,draftkings,2026-06-11T23:15:29.788497
Keldon Johnson,,,6cc5c3b9cfcb1d94bed9f3ca972b3114,2026-06-14,00:40,threes,2.5,1400.0,,True,draftkings,2026-06-11T23:15:29.788499
De'Aaron Fox,,,6cc5c3b9cfcb1d94bed9f3ca972b3114,2026-06-14,00:40,assists,6.5,110.0,-150.0,False,betmgm,2026-06-11T23:15:29.788517
Devin Vassell,,,6cc5c3b9cfcb1d94bed9f3ca972b3114,2026-06-14,00:40,assists,2.5,-105.0,-125.0,False,betmgm,2026-06-11T23:15:29.788519
Julian Champagnie,,,6cc5c3b9cfcb1d94bed9f3ca972b3114,2026-06-14,00:40,assists,1.5,140.0,-190.0,False,betmgm,2026-06-11T23:15:29.788520
Stephon Castle,,,6cc5c3b9cfcb1d94bed9f3ca972b3114,2026-06-14,00:40,assists,6.5,-105.0,-125.0,False,betmgm,2026-06-11T23:15:29.788522
Dylan Harper,,,6cc5c3b9cfcb1d94bed9f3ca972b3114,2026-06-14,00:40,assists,3.5,100.0,-130.0,False,betmgm,2026-06-11T23:15:29.788524
Jalen Brunson,,,6cc5c3b9cfcb1d94bed9f3ca972b3114,2026-06-14,00:40,assists,6.5,115.0,-155.0,False,betmgm,2026-06-11T23:15:29.788525
Landry Shamet,,,6cc5c3b9cfcb1d94bed9f3ca972b3114,2026-06-14,00:40,assists,1.5,165.0,-225.0,False,betmgm,2026-06-11T23:15:29.788527
Josh Hart,,,6cc5c3b9cfcb1d94bed9f3ca972b3114,2026-06-14,00:40,assists,4.5,-125.0,-105.0,False,betmgm,2026-06-11T23:15:29.788529
OG Anunoby,,,6cc5c3b9cfcb1d94bed9f3ca972b3114,2026-06-14,00:40,assists,1.5,-125.0,-105.0,False,betmgm,2026-06-11T23:15:29.788530
Karl-Anthony Towns,,,6cc5c3b9cfcb1d94bed9f3ca972b3114,2026-06-14,00:40,assists,3.5,-115.0,-115.0,False,betmgm,2026-06-11T23:15:29.788532
Mikal Bridges,,,6cc5c3b9cfcb1d94bed9f3ca972b3114,2026-06-14,00:40,assists,2.5,-155.0,115.0,False,betmgm,2026-06-11T23:15:29.788534
Victor Wembanyama,,,6cc5c3b9cfcb1d94bed9f3ca972b3114,2026-06-14,00:40,assists,3.5,110.0,-150.0,False,betmgm,2026-06-11T23:15:29.788535
Jose Alvarado,,,6cc5c3b9cfcb1d94bed9f3ca972b3114,2026-06-14,00:40,assists,1.5,-155.0,115.0,False,betmgm,2026-06-11T23:15:29.788537
Stephon Castle,,,6cc5c3b9cfcb1d94bed9f3ca972b3114,2026-06-14,00:40,assists,6.5,-105.0,,True,betmgm,2026-06-11T23:15:29.788552
Devin Vassell,,,6cc5c3b9cfcb1d94bed9f3ca972b3114,2026-06-14,00:40,assists,4.5,525.0,,True,betmgm,2026-06-11T23:15:29.788553
Victor Wembanyama,,,6cc5c3b9cfcb1d94bed9f3ca972b3114,2026-06-14,00:40,assists,2.5,-225.0,,True,betmgm,2026-06-11T23:15:29.788555
Jalen Brunson,,,6cc5c3b9cfcb1d94bed9f3ca972b3114,2026-06-14,00:40,assists,4.5,-350.0,,True,betmgm,2026-06-11T23:15:29.788559
Mikal Bridges,,,6cc5c3b9cfcb1d94bed9f3ca972b3114,2026-06-14,00:40,assists,4.5,340.0,,True,betmgm,2026-06-11T23:15:29.788561
De'Aaron Fox,,,6cc5c3b9cfcb1d94bed9f3ca972b3114,2026-06-14,00:40,assists,6.5,110.0,,True,betmgm,2026-06-11T23:15:29.788562
Karl-Anthony Towns,,,6cc5c3b9cfcb1d94bed9f3ca972b3114,2026-06-14,00:40,assists,4.5,185.0,,True,betmgm,2026-06-11T23:15:29.788566
Josh Hart,,,6cc5c3b9cfcb1d94bed9f3ca972b3114,2026-06-14,00:40,assists,2.5,-700.0,,True,betmgm,2026-06-11T23:15:29.788568
Devin Vassell,,,6cc5c3b9cfcb1d94bed9f3ca972b3114,2026-06-14,00:40,assists,2.5,-105.0,,True,betmgm,2026-06-11T23:15:29.788570
Josh Hart,,,6cc5c3b9cfcb1d94bed9f3ca972b3114,2026-06-14,00:40,assists,6.5,300.0,,True,betmgm,2026-06-11T23:15:29.788572
Mikal Bridges,,,6cc5c3b9cfcb1d94bed9f3ca972b3114,2026-06-14,00:40,assists,2.5,-160.0,,True,betmgm,2026-06-11T23:15:29.788573
Jalen Brunson,,,6cc5c3b9cfcb1d94bed9f3ca972b3114,2026-06-14,00:40,assists,9.5,600.0,,True,betmgm,2026-06-11T23:15:29.788575
Dylan Harper,,,6cc5c3b9cfcb1d94bed9f3ca972b3114,2026-06-14,00:40,assists,4.5,200.0,,True,betmgm,2026-06-11T23:15:29.788577
Stephon Castle,,,6cc5c3b9cfcb1d94bed9f3ca972b3114,2026-06-14,00:40,assists,9.5,500.0,,True,betmgm,2026-06-11T23:15:29.788578
De'Aaron Fox,,,6cc5c3b9cfcb1d94bed9f3ca972b3114,2026-06-14,00:40,assists,4.5,-350.0,,True,betmgm,2026-06-11T23:15:29.788580
Dylan Harper,,,6cc5c3b9cfcb1d94bed9f3ca972b3114,2026-06-14,00:40,assists,2.5,-275.0,,True,betmgm,2026-06-11T23:15:29.788582
Karl-Anthony Towns,,,6cc5c3b9cfcb1d94bed9f3ca972b3114,2026-06-14,00:40,assists,2.5,-275.0,,True,betmgm,2026-06-11T23:15:29.788584
Victor Wembanyama,,,6cc5c3b9cfcb1d94bed9f3ca972b3114,2026-06-14,00:40,assists,4.5,230.0,,True,betmgm,2026-06-11T23:15:29.788585
De'Aaron Fox,,,6cc5c3b9cfcb1d94bed9f3ca972b3114,2026-06-14,00:40,assists,9.5,600.0,,True,betmgm,2026-06-11T23:15:29.788587
Stephon Castle,,,6cc5c3b9cfcb1d94bed9f3ca972b3114,2026-06-14,00:40,assists,4.5,-450.0,,True,betmgm,2026-06-11T23:15:29.788589
Karl-Anthony Towns,,,6cc5c3b9cfcb1d94bed9f3ca972b3114,2026-06-14,00:40,assists,6.5,750.0,,True,betmgm,2026-06-11T23:15:29.788590
Jalen Brunson,,,6cc5c3b9cfcb1d94bed9f3ca972b3114,2026-06-14,00:40,assists,6.5,110.0,,True,betmgm,2026-06-11T23:15:29.788592
Dylan Harper,,,6cc5c3b9cfcb1d94bed9f3ca972b3114,2026-06-14,00:40,assists,6.5,750.0,,True,betmgm,2026-06-11T23:15:29.788594
Josh Hart,,,6cc5c3b9cfcb1d94bed9f3ca972b3114,2026-06-14,00:40,assists,4.5,-125.0,,True,betmgm,2026-06-11T23:15:29.788595
Jose Alvarado,,,6cc5c3b9cfcb1d94bed9f3ca972b3114,2026-06-14,00:40,assists,4.5,825.0,,True,betmgm,2026-06-11T23:15:29.788597
Devin Vassell,,,6cc5c3b9cfcb1d94bed9f3ca972b3114,2026-06-14,00:40,points,12.5,-115.0,-115.0,False,betmgm,2026-06-11T23:15:29.788614
De'Aaron Fox,,,6cc5c3b9cfcb1d94bed9f3ca972b3114,2026-06-14,00:40,points,15.5,-110.0,-120.0,False,betmgm,2026-06-11T23:15:29.788616
Julian Champagnie,,,6cc5c3b9cfcb1d94bed9f3ca972b3114,2026-06-14,00:40,points,9.5,-115.0,-115.0,False,betmgm,2026-06-11T23:15:29.788617
Victor Wembanyama,,,6cc5c3b9cfcb1d94bed9f3ca972b3114,2026-06-14,00:40,points,27.5,-115.0,-115.0,False,betmgm,2026-06-11T23:15:29.788619
Landry Shamet,,,6cc5c3b9cfcb1d94bed9f3ca972b3114,2026-06-14,00:40,points,6.5,-120.0,-110.0,False,betmgm,2026-06-11T23:15:29.788621
Josh Hart,,,6cc5c3b9cfcb1d94bed9f3ca972b3114,2026-06-14,00:40,points,9.5,-111.0,-118.0,False,betmgm,2026-06-11T23:15:29.788622
Mikal Bridges,,,6cc5c3b9cfcb1d94bed9f3ca972b3114,2026-06-14,00:40,points,11.5,100.0,-135.0,False,betmgm,2026-06-11T23:15:29.788626
OG Anunoby,,,6cc5c3b9cfcb1d94bed9f3ca972b3114,2026-06-14,00:40,points,17.5,-120.0,-110.0,False,betmgm,2026-06-11T23:15:29.788628
Karl-Anthony Towns,,,6cc5c3b9cfcb1d94bed9f3ca972b3114,2026-06-14,00:40,points,16.5,-120.0,-110.0,False,betmgm,2026-06-11T23:15:29.788629
Dylan Harper,,,6cc5c3b9cfcb1d94bed9f3ca972b3114,2026-06-14,00:40,points,14.5,-120.0,-110.0,False,betmgm,2026-06-11T23:15:29.788631
Jalen Brunson,,,6cc5c3b9cfcb1d94bed9f3ca972b3114,2026-06-14,00:40,points,28.5,-105.0,-125.0,False,betmgm,2026-06-11T23:15:29.788635
Mitchell Robinson,,,6cc5c3b9cfcb1d94bed9f3ca972b3114,2026-06-14,00:40,points,3.5,-125.0,-105.0,False,betmgm,2026-06-11T23:15:29.788637
Jose Alvarado,,,6cc5c3b9cfcb1d94bed9f3ca972b3114,2026-06-14,00:40,points,3.5,-130.0,-105.0,False,betmgm,2026-06-11T23:15:29.788638
Stephon Castle,,,6cc5c3b9cfcb1d94bed9f3ca972b3114,2026-06-14,00:40,points,15.5,-105.0,-125.0,False,betmgm,2026-06-11T23:15:29.788640
Keldon Johnson,,,6cc5c3b9cfcb1d94bed9f3ca972b3114,2026-06-14,00:40,points,7.5,100.0,-135.0,False,betmgm,2026-06-11T23:15:29.788642
Stephon Castle,,,6cc5c3b9cfcb1d94bed9f3ca972b3114,2026-06-14,00:40,points,9.5,-700.0,,True,betmgm,2026-06-11T23:15:29.788665
Stephon Castle,,,6cc5c3b9cfcb1d94bed9f3ca972b3114,2026-06-14,00:40,points,19.5,250.0,,True,betmgm,2026-06-11T23:15:29.788667
Stephon Castle,,,6cc5c3b9cfcb1d94bed9f3ca972b3114,2026-06-14,00:40,points,24.5,750.0,,True,betmgm,2026-06-11T23:15:29.788669
Devin Vassell,,,6cc5c3b9cfcb1d94bed9f3ca972b3114,2026-06-14,00:40,points,14.5,145.0,,True,betmgm,2026-06-11T23:15:29.788670
Jalen Brunson,,,6cc5c3b9cfcb1d94bed9f3ca972b3114,2026-06-14,00:40,points,34.5,300.0,,True,betmgm,2026-06-11T23:15:29.788672
Victor Wembanyama,,,6cc5c3b9cfcb1d94bed9f3ca972b3114,2026-06-14,00:40,points,29.5,125.0,,True,betmgm,2026-06-11T23:15:29.788674
Karl-Anthony Towns,,,6cc5c3b9cfcb1d94bed9f3ca972b3114,2026-06-14,00:40,points,9.5,-1100.0,,True,betmgm,2026-06-11T23:15:29.788675
Keldon Johnson,,,6cc5c3b9cfcb1d94bed9f3ca972b3114,2026-06-14,00:40,points,14.5,750.0,,True,betmgm,2026-06-11T23:15:29.788677
Dylan Harper,,,6cc5c3b9cfcb1d94bed9f3ca972b3114,2026-06-14,00:40,points,9.5,-600.0,,True,betmgm,2026-06-11T23:15:29.788679
Mikal Bridges,,,6cc5c3b9cfcb1d94bed9f3ca972b3114,2026-06-14,00:40,points,14.5,230.0,,True,betmgm,2026-06-11T23:15:29.788681
Josh Hart,,,6cc5c3b9cfcb1d94bed9f3ca972b3114,2026-06-14,00:40,points,14.5,380.0,,True,betmgm,2026-06-11T23:15:29.788682
Jalen Brunson,,,6cc5c3b9cfcb1d94bed9f3ca972b3114,2026-06-14,00:40,points,19.5,-900.0,,True,betmgm,2026-06-11T23:15:29.788684
Josh Hart,,,6cc5c3b9cfcb1d94bed9f3ca972b3114,2026-06-14,00:40,points,9.5,-111.0,,True,betmgm,2026-06-11T23:15:29.788686
Julian Champagnie,,,6cc5c3b9cfcb1d94bed9f3ca972b3114,2026-06-14,00:40,points,14.5,333.0,,True,betmgm,2026-06-11T23:15:29.788688
De'Aaron Fox,,,6cc5c3b9cfcb1d94bed9f3ca972b3114,2026-06-14,00:40,points,24.5,700.0,,True,betmgm,2026-06-11T23:15:29.788689
OG Anunoby,,,6cc5c3b9cfcb1d94bed9f3ca972b3114,2026-06-14,00:40,points,24.5,375.0,,True,betmgm,2026-06-11T23:15:29.788691
Karl-Anthony Towns,,,6cc5c3b9cfcb1d94bed9f3ca972b3114,2026-06-14,00:40,points,19.5,165.0,,True,betmgm,2026-06-11T23:15:29.788693
Karl-Anthony Towns,,,6cc5c3b9cfcb1d94bed9f3ca972b3114,2026-06-14,00:40,points,24.5,525.0,,True,betmgm,2026-06-11T23:15:29.788705
Victor Wembanyama,,,6cc5c3b9cfcb1d94bed9f3ca972b3114,2026-06-14,00:40,points,39.5,775.0,,True,betmgm,2026-06-11T23:15:29.788706
Landry Shamet,,,6cc5c3b9cfcb1d94bed9f3ca972b3114,2026-06-14,00:40,points,9.5,210.0,,True,betmgm,2026-06-11T23:15:29.788708
Keldon Johnson,,,6cc5c3b9cfcb1d94bed9f3ca972b3114,2026-06-14,00:40,points,9.5,185.0,,True,betmgm,2026-06-11T23:15:29.788710
Karl-Anthony Towns,,,6cc5c3b9cfcb1d94bed9f3ca972b3114,2026-06-14,00:40,points,14.5,-210.0,,True,betmgm,2026-06-11T23:15:29.788711
OG Anunoby,,,6cc5c3b9cfcb1d94bed9f3ca972b3114,2026-06-14,00:40,points,14.5,-275.0,,True,betmgm,2026-06-11T23:15:29.788713
Victor Wembanyama,,,6cc5c3b9cfcb1d94bed9f3ca972b3114,2026-06-14,00:40,points,19.5,-750.0,,True,betmgm,2026-06-11T23:15:29.788715
De'Aaron Fox,,,6cc5c3b9cfcb1d94bed9f3ca972b3114,2026-06-14,00:40,points,9.5,-750.0,,True,betmgm,2026-06-11T23:15:29.788716
Jalen Brunson,,,6cc5c3b9cfcb1d94bed9f3ca972b3114,2026-06-14,00:40,points,24.5,-250.0,,True,betmgm,2026-06-11T23:15:29.788718
Landry Shamet,,,6cc5c3b9cfcb1d94bed9f3ca972b3114,2026-06-14,00:40,points,14.5,850.0,,True,betmgm,2026-06-11T23:15:29.788720
Jalen Brunson,,,6cc5c3b9cfcb1d94bed9f3ca972b3114,2026-06-14,00:40,points,39.5,700.0,,True,betmgm,2026-06-11T23:15:29.788727
Dylan Harper,,,6cc5c3b9cfcb1d94bed9f3ca972b3114,2026-06-14,00:40,points,24.5,850.0,,True,betmgm,2026-06-11T23:15:29.788729
Dylan Harper,,,6cc5c3b9cfcb1d94bed9f3ca972b3114,2026-06-14,00:40,points,14.5,-120.0,,True,betmgm,2026-06-11T23:15:29.788733
De'Aaron Fox,,,6cc5c3b9cfcb1d94bed9f3ca972b3114,2026-06-14,00:40,points,14.5,-160.0,,True,betmgm,2026-06-11T23:15:29.788734
Devin Vassell,,,6cc5c3b9cfcb1d94bed9f3ca972b3114,2026-06-14,00:40,points,9.5,-275.0,,True,betmgm,2026-06-11T23:15:29.788736
Stephon Castle,,,6cc5c3b9cfcb1d94bed9f3ca972b3114,2026-06-14,00:40,points,14.5,-140.0,,True,betmgm,2026-06-11T23:15:29.788738
OG Anunoby,,,6cc5c3b9cfcb1d94bed9f3ca972b3114,2026-06-14,00:40,points,19.5,130.0,,True,betmgm,2026-06-11T23:15:29.788739
Julian Champagnie,,,6cc5c3b9cfcb1d94bed9f3ca972b3114,2026-06-14,00:40,points,9.5,-115.0,,True,betmgm,2026-06-11T23:15:29.788741
Mikal Bridges,,,6cc5c3b9cfcb1d94bed9f3ca972b3114,2026-06-14,00:40,points,19.5,775.0,,True,betmgm,2026-06-11T23:15:29.788743
Jalen Brunson,,,6cc5c3b9cfcb1d94bed9f3ca972b3114,2026-06-14,00:40,points,29.5,115.0,,True,betmgm,2026-06-11T23:15:29.788745
Devin Vassell,,,6cc5c3b9cfcb1d94bed9f3ca972b3114,2026-06-14,00:40,points,19.5,475.0,,True,betmgm,2026-06-11T23:15:29.788746
Dylan Harper,,,6cc5c3b9cfcb1d94bed9f3ca972b3114,2026-06-14,00:40,points,19.5,300.0,,True,betmgm,2026-06-11T23:15:29.788748
Victor Wembanyama,,,6cc5c3b9cfcb1d94bed9f3ca972b3114,2026-06-14,00:40,points,24.5,-220.0,,True,betmgm,2026-06-11T23:15:29.788750
Victor Wembanyama,,,6cc5c3b9cfcb1d94bed9f3ca972b3114,2026-06-14,00:40,points,34.5,325.0,,True,betmgm,2026-06-11T23:15:29.788751
De'Aaron Fox,,,6cc5c3b9cfcb1d94bed9f3ca972b3114,2026-06-14,00:40,points,19.5,220.0,,True,betmgm,2026-06-11T23:15:29.788753
Mikal Bridges,,,6cc5c3b9cfcb1d94bed9f3ca972b3114,2026-06-14,00:40,points,9.5,-190.0,,True,betmgm,2026-06-11T23:15:29.788756
OG Anunoby,,,6cc5c3b9cfcb1d94bed9f3ca972b3114,2026-06-14,00:40,points,9.5,-1400.0,,True,betmgm,2026-06-11T23:15:29.788758
Jose Alvarado,,,6cc5c3b9cfcb1d94bed9f3ca972b3114,2026-06-14,00:40,points,9.5,675.0,,True,betmgm,2026-06-11T23:15:29.788760
Victor Wembanyama,,,6cc5c3b9cfcb1d94bed9f3ca972b3114,2026-06-14,00:40,rebounds,11.5,100.0,-135.0,False,betmgm,2026-06-11T23:15:29.788778
Devin Vassell,,,6cc5c3b9cfcb1d94bed9f3ca972b3114,2026-06-14,00:40,rebounds,4.5,-125.0,-105.0,False,betmgm,2026-06-11T23:15:29.788779
Stephon Castle,,,6cc5c3b9cfcb1d94bed9f3ca972b3114,2026-06-14,00:40,rebounds,4.5,-120.0,-110.0,False,betmgm,2026-06-11T23:15:29.788781
De'Aaron Fox,,,6cc5c3b9cfcb1d94bed9f3ca972b3114,2026-06-14,00:40,rebounds,3.5,100.0,-135.0,False,betmgm,2026-06-11T23:15:29.788783
Dylan Harper,,,6cc5c3b9cfcb1d94bed9f3ca972b3114,2026-06-14,00:40,rebounds,5.5,-145.0,105.0,False,betmgm,2026-06-11T23:15:29.788784
Julian Champagnie,,,6cc5c3b9cfcb1d94bed9f3ca972b3114,2026-06-14,00:40,rebounds,4.5,-135.0,100.0,False,betmgm,2026-06-11T23:15:29.788786
Landry Shamet,,,6cc5c3b9cfcb1d94bed9f3ca972b3114,2026-06-14,00:40,rebounds,1.5,115.0,-155.0,False,betmgm,2026-06-11T23:15:29.788788
Jalen Brunson,,,6cc5c3b9cfcb1d94bed9f3ca972b3114,2026-06-14,00:40,rebounds,3.5,125.0,-165.0,False,betmgm,2026-06-11T23:15:29.788789
Mikal Bridges,,,6cc5c3b9cfcb1d94bed9f3ca972b3114,2026-06-14,00:40,rebounds,3.5,100.0,-135.0,False,betmgm,2026-06-11T23:15:29.788791
OG Anunoby,,,6cc5c3b9cfcb1d94bed9f3ca972b3114,2026-06-14,00:40,rebounds,5.5,100.0,-135.0,False,betmgm,2026-06-11T23:15:29.788793
Karl-Anthony Towns,,,6cc5c3b9cfcb1d94bed9f3ca972b3114,2026-06-14,00:40,rebounds,11.5,-105.0,-125.0,False,betmgm,2026-06-11T23:15:29.788794
Josh Hart,,,6cc5c3b9cfcb1d94bed9f3ca972b3114,2026-06-14,00:40,rebounds,8.5,-105.0,-125.0,False,betmgm,2026-06-11T23:15:29.788796
Jose Alvarado,,,6cc5c3b9cfcb1d94bed9f3ca972b3114,2026-06-14,00:40,rebounds,1.5,-120.0,-110.0,False,betmgm,2026-06-11T23:15:29.788798
Mitchell Robinson,,,6cc5c3b9cfcb1d94bed9f3ca972b3114,2026-06-14,00:40,rebounds,4.5,-135.0,100.0,False,betmgm,2026-06-11T23:15:29.788799
Keldon Johnson,,,6cc5c3b9cfcb1d94bed9f3ca972b3114,2026-06-14,00:40,rebounds,3.5,130.0,-175.0,False,betmgm,2026-06-11T23:15:29.788804
Stephon Castle,,,6cc5c3b9cfcb1d94bed9f3ca972b3114,2026-06-14,00:40,rebounds,4.5,-125.0,,True,betmgm,2026-06-11T23:15:29.788828
Devin Vassell,,,6cc5c3b9cfcb1d94bed9f3ca972b3114,2026-06-14,00:40,rebounds,2.5,-700.0,,True,betmgm,2026-06-11T23:15:29.788830
Devin Vassell,,,6cc5c3b9cfcb1d94bed9f3ca972b3114,2026-06-14,00:40,rebounds,6.5,300.0,,True,betmgm,2026-06-11T23:15:29.788832
Mikal Bridges,,,6cc5c3b9cfcb1d94bed9f3ca972b3114,2026-06-14,00:40,rebounds,4.5,210.0,,True,betmgm,2026-06-11T23:15:29.788833
Dylan Harper,,,6cc5c3b9cfcb1d94bed9f3ca972b3114,2026-06-14,00:40,rebounds,6.5,130.0,,True,betmgm,2026-06-11T23:15:29.788835
Victor Wembanyama,,,6cc5c3b9cfcb1d94bed9f3ca972b3114,2026-06-14,00:40,rebounds,9.5,-275.0,,True,betmgm,2026-06-11T23:15:29.788837
Keldon Johnson,,,6cc5c3b9cfcb1d94bed9f3ca972b3114,2026-06-14,00:40,rebounds,2.5,-175.0,,True,betmgm,2026-06-11T23:15:29.788838
Josh Hart,,,6cc5c3b9cfcb1d94bed9f3ca972b3114,2026-06-14,00:40,rebounds,6.5,-325.0,,True,betmgm,2026-06-11T23:15:29.788840
OG Anunoby,,,6cc5c3b9cfcb1d94bed9f3ca972b3114,2026-06-14,00:40,rebounds,2.5,-1200.0,,True,betmgm,2026-06-11T23:15:29.788842
Dylan Harper,,,6cc5c3b9cfcb1d94bed9f3ca972b3114,2026-06-14,00:40,rebounds,9.5,700.0,,True,betmgm,2026-06-11T23:15:29.788843
Landry Shamet,,,6cc5c3b9cfcb1d94bed9f3ca972b3114,2026-06-14,00:40,rebounds,2.5,300.0,,True,betmgm,2026-06-11T23:15:29.788845
Victor Wembanyama,,,6cc5c3b9cfcb1d94bed9f3ca972b3114,2026-06-14,00:40,rebounds,14.5,360.0,,True,betmgm,2026-06-11T23:15:29.788847
Karl-Anthony Towns,,,6cc5c3b9cfcb1d94bed9f3ca972b3114,2026-06-14,00:40,rebounds,14.5,333.0,,True,betmgm,2026-06-11T23:15:29.788848
Victor Wembanyama,,,6cc5c3b9cfcb1d94bed9f3ca972b3114,2026-06-14,00:40,rebounds,16.5,775.0,,True,betmgm,2026-06-11T23:15:29.788850
Mikal Bridges,,,6cc5c3b9cfcb1d94bed9f3ca972b3114,2026-06-14,00:40,rebounds,6.5,825.0,,True,betmgm,2026-06-11T23:15:29.788852
Stephon Castle,,,6cc5c3b9cfcb1d94bed9f3ca972b3114,2026-06-14,00:40,rebounds,6.5,300.0,,True,betmgm,2026-06-11T23:15:29.788854
Josh Hart,,,6cc5c3b9cfcb1d94bed9f3ca972b3114,2026-06-14,00:40,rebounds,12.5,600.0,,True,betmgm,2026-06-11T23:15:29.788855
Stephon Castle,,,6cc5c3b9cfcb1d94bed9f3ca972b3114,2026-06-14,00:40,rebounds,2.5,-650.0,,True,betmgm,2026-06-11T23:15:29.788857
Josh Hart,,,6cc5c3b9cfcb1d94bed9f3ca972b3114,2026-06-14,00:40,rebounds,4.5,-1600.0,,True,betmgm,2026-06-11T23:15:29.788859
Karl-Anthony Towns,,,6cc5c3b9cfcb1d94bed9f3ca972b3114,2026-06-14,00:40,rebounds,9.5,-275.0,,True,betmgm,2026-06-11T23:15:29.788860
Keldon Johnson,,,6cc5c3b9cfcb1d94bed9f3ca972b3114,2026-06-14,00:40,rebounds,4.5,260.0,,True,betmgm,2026-06-11T23:15:29.788862
Dylan Harper,,,6cc5c3b9cfcb1d94bed9f3ca972b3114,2026-06-14,00:40,rebounds,4.5,-295.0,,True,betmgm,2026-06-11T23:15:29.788864
De'Aaron Fox,,,6cc5c3b9cfcb1d94bed9f3ca972b3114,2026-06-14,00:40,rebounds,4.5,210.0,,True,betmgm,2026-06-11T23:15:29.788865
Devin Vassell,,,6cc5c3b9cfcb1d94bed9f3ca972b3114,2026-06-14,00:40,rebounds,4.5,-125.0,,True,betmgm,2026-06-11T23:15:29.788867
OG Anunoby,,,6cc5c3b9cfcb1d94bed9f3ca972b3114,2026-06-14,00:40,rebounds,6.5,180.0,,True,betmgm,2026-06-11T23:15:29.788869
De'Aaron Fox,,,6cc5c3b9cfcb1d94bed9f3ca972b3114,2026-06-14,00:40,rebounds,6.5,825.0,,True,betmgm,2026-06-11T23:15:29.788870
De'Aaron Fox,,,6cc5c3b9cfcb1d94bed9f3ca972b3114,2026-06-14,00:40,rebounds,2.5,-235.0,,True,betmgm,2026-06-11T23:15:29.788872
Karl-Anthony Towns,,,6cc5c3b9cfcb1d94bed9f3ca972b3114,2026-06-14,00:40,rebounds,16.5,700.0,,True,betmgm,2026-06-11T23:15:29.788874
Mikal Bridges,,,6cc5c3b9cfcb1d94bed9f3ca972b3114,2026-06-14,00:40,rebounds,2.5,-235.0,,True,betmgm,2026-06-11T23:15:29.788875
Karl-Anthony Towns,,,6cc5c3b9cfcb1d94bed9f3ca972b3114,2026-06-14,00:40,rebounds,12.5,145.0,,True,betmgm,2026-06-11T23:15:29.788877
Jalen Brunson,,,6cc5c3b9cfcb1d94bed9f3ca972b3114,2026-06-14,00:40,rebounds,4.5,275.0,,True,betmgm,2026-06-11T23:15:29.788881
OG Anunoby,,,6cc5c3b9cfcb1d94bed9f3ca972b3114,2026-06-14,00:40,rebounds,4.5,-200.0,,True,betmgm,2026-06-11T23:15:29.788883
Julian Champagnie,,,6cc5c3b9cfcb1d94bed9f3ca972b3114,2026-06-14,00:40,rebounds,6.5,280.0,,True,betmgm,2026-06-11T23:15:29.788885
Victor Wembanyama,,,6cc5c3b9cfcb1d94bed9f3ca972b3114,2026-06-14,00:40,rebounds,12.5,155.0,,True,betmgm,2026-06-11T23:15:29.788889
Josh Hart,,,6cc5c3b9cfcb1d94bed9f3ca972b3114,2026-06-14,00:40,rebounds,9.5,155.0,,True,betmgm,2026-06-11T23:15:29.788893
Dylan Harper,,,6cc5c3b9cfcb1d94bed9f3ca972b3114,2026-06-14,00:40,rebounds,2.5,-2000.0,,True,betmgm,2026-06-11T23:15:29.788894
Julian Champagnie,,,6cc5c3b9cfcb1d94bed9f3ca972b3114,2026-06-14,00:40,rebounds,4.5,-135.0,,True,betmgm,2026-06-11T23:15:29.788896
Jalen Brunson,,,6cc5c3b9cfcb1d94bed9f3ca972b3114,2026-06-14,00:40,rebounds,2.5,-200.0,,True,betmgm,2026-06-11T23:15:29.788898
Victor Wembanyama,,,6cc5c3b9cfcb1d94bed9f3ca972b3114,2026-06-14,00:40,rebounds,6.5,-2000.0,,True,betmgm,2026-06-11T23:15:29.788900
Julian Champagnie,,,6cc5c3b9cfcb1d94bed9f3ca972b3114,2026-06-14,00:40,rebounds,2.5,-750.0,,True,betmgm,2026-06-11T23:15:29.788902
Karl-Anthony Towns,,,6cc5c3b9cfcb1d94bed9f3ca972b3114,2026-06-14,00:40,rebounds,6.5,-2000.0,,True,betmgm,2026-06-11T23:15:29.788903
Mitchell Robinson,,,6cc5c3b9cfcb1d94bed9f3ca972b3114,2026-06-14,00:40,rebounds,4.5,-150.0,,True,betmgm,2026-06-11T23:15:29.788905
Jose Alvarado,,,6cc5c3b9cfcb1d94bed9f3ca972b3114,2026-06-14,00:40,rebounds,2.5,230.0,,True,betmgm,2026-06-11T23:15:29.788906
Mitchell Robinson,,,6cc5c3b9cfcb1d94bed9f3ca972b3114,2026-06-14,00:40,rebounds,6.5,210.0,,True,betmgm,2026-06-11T23:15:29.788908
Mitchell Robinson,,,6cc5c3b9cfcb1d94bed9f3ca972b3114,2026-06-14,00:40,rebounds,9.5,850.0,,True,betmgm,2026-06-11T23:15:29.788910
Mitchell Robinson,,,6cc5c3b9cfcb1d94bed9f3ca972b3114,2026-06-14,00:40,rebounds,2.5,-700.0,,True,betmgm,2026-06-11T23:15:29.788911
Devin Vassell,,,6cc5c3b9cfcb1d94bed9f3ca972b3114,2026-06-14,00:40,threes,2.5,105.0,-140.0,False,betmgm,2026-06-11T23:15:29.788927
Dylan Harper,,,6cc5c3b9cfcb1d94bed9f3ca972b3114,2026-06-14,00:40,threes,1.5,130.0,-175.0,False,betmgm,2026-06-11T23:15:29.788928
Stephon Castle,,,6cc5c3b9cfcb1d94bed9f3ca972b3114,2026-06-14,00:40,threes,1.5,150.0,-200.0,False,betmgm,2026-06-11T23:15:29.788930
Julian Champagnie,,,6cc5c3b9cfcb1d94bed9f3ca972b3114,2026-06-14,00:40,threes,2.5,120.0,-160.0,False,betmgm,2026-06-11T23:15:29.788932
De'Aaron Fox,,,6cc5c3b9cfcb1d94bed9f3ca972b3114,2026-06-14,00:40,threes,1.5,110.0,-150.0,False,betmgm,2026-06-11T23:15:29.788933
Mikal Bridges,,,6cc5c3b9cfcb1d94bed9f3ca972b3114,2026-06-14,00:40,threes,1.5,145.0,-200.0,False,betmgm,2026-06-11T23:15:29.788935
Landry Shamet,,,6cc5c3b9cfcb1d94bed9f3ca972b3114,2026-06-14,00:40,threes,1.5,-110.0,-120.0,False,betmgm,2026-06-11T23:15:29.788937
OG Anunoby,,,6cc5c3b9cfcb1d94bed9f3ca972b3114,2026-06-14,00:40,threes,2.5,100.0,-135.0,False,betmgm,2026-06-11T23:15:29.788938
Karl-Anthony Towns,,,6cc5c3b9cfcb1d94bed9f3ca972b3114,2026-06-14,00:40,threes,1.5,140.0,-190.0,False,betmgm,2026-06-11T23:15:29.788940
Josh Hart,,,6cc5c3b9cfcb1d94bed9f3ca972b3114,2026-06-14,00:40,threes,1.5,115.0,-155.0,False,betmgm,2026-06-11T23:15:29.788942
Jalen Brunson,,,6cc5c3b9cfcb1d94bed9f3ca972b3114,2026-06-14,00:40,threes,2.5,105.0,-145.0,False,betmgm,2026-06-11T23:15:29.788943
Victor Wembanyama,,,6cc5c3b9cfcb1d94bed9f3ca972b3114,2026-06-14,00:40,threes,1.5,-200.0,145.0,False,betmgm,2026-06-11T23:15:29.788945
Jose Alvarado,,,6cc5c3b9cfcb1d94bed9f3ca972b3114,2026-06-14,00:40,threes,0.5,-140.0,105.0,False,betmgm,2026-06-11T23:15:29.788947
Stephon Castle,,,6cc5c3b9cfcb1d94bed9f3ca972b3114,2026-06-14,00:40,threes,0.5,-295.0,,True,betmgm,2026-06-11T23:15:29.788971
Stephon Castle,,,6cc5c3b9cfcb1d94bed9f3ca972b3114,2026-06-14,00:40,threes,1.5,150.0,,True,betmgm,2026-06-11T23:15:29.788973
Victor Wembanyama,,,6cc5c3b9cfcb1d94bed9f3ca972b3114,2026-06-14,00:40,threes,1.5,-200.0,,True,betmgm,2026-06-11T23:15:29.788975
Devin Vassell,,,6cc5c3b9cfcb1d94bed9f3ca972b3114,2026-06-14,00:40,threes,0.5,-1400.0,,True,betmgm,2026-06-11T23:15:29.788979
De'Aaron Fox,,,6cc5c3b9cfcb1d94bed9f3ca972b3114,2026-06-14,00:40,threes,3.5,850.0,,True,betmgm,2026-06-11T23:15:29.788980
Victor Wembanyama,,,6cc5c3b9cfcb1d94bed9f3ca972b3114,2026-06-14,00:40,threes,3.5,360.0,,True,betmgm,2026-06-11T23:15:29.788982
Devin Vassell,,,6cc5c3b9cfcb1d94bed9f3ca972b3114,2026-06-14,00:40,threes,2.5,105.0,,True,betmgm,2026-06-11T23:15:29.788984
Karl-Anthony Towns,,,6cc5c3b9cfcb1d94bed9f3ca972b3114,2026-06-14,00:40,threes,1.5,140.0,,True,betmgm,2026-06-11T23:15:29.788985
Dylan Harper,,,6cc5c3b9cfcb1d94bed9f3ca972b3114,2026-06-14,00:40,threes,1.5,130.0,,True,betmgm,2026-06-11T23:15:29.788987
Devin Vassell,,,6cc5c3b9cfcb1d94bed9f3ca972b3114,2026-06-14,00:40,threes,3.5,260.0,,True,betmgm,2026-06-11T23:15:29.788989
Dylan Harper,,,6cc5c3b9cfcb1d94bed9f3ca972b3114,2026-06-14,00:40,threes,0.5,-350.0,,True,betmgm,2026-06-11T23:15:29.788990
Julian Champagnie,,,6cc5c3b9cfcb1d94bed9f3ca972b3114,2026-06-14,00:40,threes,2.5,120.0,,True,betmgm,2026-06-11T23:15:29.788992
Julian Champagnie,,,6cc5c3b9cfcb1d94bed9f3ca972b3114,2026-06-14,00:40,threes,0.5,-1200.0,,True,betmgm,2026-06-11T23:15:29.788994
Devin Vassell,,,6cc5c3b9cfcb1d94bed9f3ca972b3114,2026-06-14,00:40,threes,4.5,575.0,,True,betmgm,2026-06-11T23:15:29.788995
Landry Shamet,,,6cc5c3b9cfcb1d94bed9f3ca972b3114,2026-06-14,00:40,threes,2.5,275.0,,True,betmgm,2026-06-11T23:15:29.788997
Jalen Brunson,,,6cc5c3b9cfcb1d94bed9f3ca972b3114,2026-06-14,00:40,threes,3.5,260.0,,True,betmgm,2026-06-11T23:15:29.788999
Jalen Brunson,,,6cc5c3b9cfcb1d94bed9f3ca972b3114,2026-06-14,00:40,threes,0.5,-1400.0,,True,betmgm,2026-06-11T23:15:29.789000
Landry Shamet,,,6cc5c3b9cfcb1d94bed9f3ca972b3114,2026-06-14,00:40,threes,1.5,-110.0,,True,betmgm,2026-06-11T23:15:29.789002
OG Anunoby,,,6cc5c3b9cfcb1d94bed9f3ca972b3114,2026-06-14,00:40,threes,4.5,525.0,,True,betmgm,2026-06-11T23:15:29.789004
Stephon Castle,,,6cc5c3b9cfcb1d94bed9f3ca972b3114,2026-06-14,00:40,threes,2.5,450.0,,True,betmgm,2026-06-11T23:15:29.789005
Josh Hart,,,6cc5c3b9cfcb1d94bed9f3ca972b3114,2026-06-14,00:40,threes,1.5,115.0,,True,betmgm,2026-06-11T23:15:29.789007
Victor Wembanyama,,,6cc5c3b9cfcb1d94bed9f3ca972b3114,2026-06-14,00:40,threes,2.5,150.0,,True,betmgm,2026-06-11T23:15:29.789009
OG Anunoby,,,6cc5c3b9cfcb1d94bed9f3ca972b3114,2026-06-14,00:40,threes,0.5,-1600.0,,True,betmgm,2026-06-11T23:15:29.789010
Josh Hart,,,6cc5c3b9cfcb1d94bed9f3ca972b3114,2026-06-14,00:40,threes,2.5,340.0,,True,betmgm,2026-06-11T23:15:29.789012
Karl-Anthony Towns,,,6cc5c3b9cfcb1d94bed9f3ca972b3114,2026-06-14,00:40,threes,2.5,425.0,,True,betmgm,2026-06-11T23:15:29.789014
Devin Vassell,,,6cc5c3b9cfcb1d94bed9f3ca972b3114,2026-06-14,00:40,threes,1.5,-275.0,,True,betmgm,2026-06-11T23:15:29.789018
Julian Champagnie,,,6cc5c3b9cfcb1d94bed9f3ca972b3114,2026-06-14,00:40,threes,3.5,300.0,,True,betmgm,2026-06-11T23:15:29.789019
Victor Wembanyama,,,6cc5c3b9cfcb1d94bed9f3ca972b3114,2026-06-14,00:40,threes,0.5,-900.0,,True,betmgm,2026-06-11T23:15:29.789021
Dylan Harper,,,6cc5c3b9cfcb1d94bed9f3ca972b3114,2026-06-14,00:40,threes,2.5,390.0,,True,betmgm,2026-06-11T23:15:29.789023
Josh Hart,,,6cc5c3b9cfcb1d94bed9f3ca972b3114,2026-06-14,00:40,threes,0.5,-375.0,,True,betmgm,2026-06-11T23:15:29.789024
Landry Shamet,,,6cc5c3b9cfcb1d94bed9f3ca972b3114,2026-06-14,00:40,threes,3.5,675.0,,True,betmgm,2026-06-11T23:15:29.789026
OG Anunoby,,,6cc5c3b9cfcb1d94bed9f3ca972b3114,2026-06-14,00:40,threes,2.5,-105.0,,True,betmgm,2026-06-11T23:15:29.789028
Julian Champagnie,,,6cc5c3b9cfcb1d94bed9f3ca972b3114,2026-06-14,00:40,threes,4.5,675.0,,True,betmgm,2026-06-11T23:15:29.789029
De'Aaron Fox,,,6cc5c3b9cfcb1d94bed9f3ca972b3114,2026-06-14,00:40,threes,2.5,333.0,,True,betmgm,2026-06-11T23:15:29.789031
Jalen Brunson,,,6cc5c3b9cfcb1d94bed9f3ca972b3114,2026-06-14,00:40,threes,2.5,105.0,,True,betmgm,2026-06-11T23:15:29.789033
Jalen Brunson,,,6cc5c3b9cfcb1d94bed9f3ca972b3114,2026-06-14,00:40,threes,4.5,600.0,,True,betmgm,2026-06-11T23:15:29.789037
OG Anunoby,,,6cc5c3b9cfcb1d94bed9f3ca972b3114,2026-06-14,00:40,threes,3.5,230.0,,True,betmgm,2026-06-11T23:15:29.789038
Mikal Bridges,,,6cc5c3b9cfcb1d94bed9f3ca972b3114,2026-06-14,00:40,threes,1.5,130.0,,True,betmgm,2026-06-11T23:15:29.789040
De'Aaron Fox,,,6cc5c3b9cfcb1d94bed9f3ca972b3114,2026-06-14,00:40,threes,1.5,110.0,,True,betmgm,2026-06-11T23:15:29.789044
Jalen Brunson,,,6cc5c3b9cfcb1d94bed9f3ca972b3114,2026-06-14,00:40,threes,1.5,-275.0,,True,betmgm,2026-06-11T23:15:29.789045
Mikal Bridges,,,6cc5c3b9cfcb1d94bed9f3ca972b3114,2026-06-14,00:40,threes,0.5,-325.0,,True,betmgm,2026-06-11T23:15:29.789047
De'Aaron Fox,,,6cc5c3b9cfcb1d94bed9f3ca972b3114,2026-06-14,00:40,threes,0.5,-400.0,,True,betmgm,2026-06-11T23:15:29.789049
OG Anunoby,,,6cc5c3b9cfcb1d94bed9f3ca972b3114,2026-06-14,00:40,threes,1.5,-295.0,,True,betmgm,2026-06-11T23:15:29.789050
Julian Champagnie,,,6cc5c3b9cfcb1d94bed9f3ca972b3114,2026-06-14,00:40,threes,1.5,-250.0,,True,betmgm,2026-06-11T23:15:29.789052
Mikal Bridges,,,6cc5c3b9cfcb1d94bed9f3ca972b3114,2026-06-14,00:40,threes,2.5,390.0,,True,betmgm,2026-06-11T23:15:29.789054
Karl-Anthony Towns,,,6cc5c3b9cfcb1d94bed9f3ca972b3114,2026-06-14,00:40,threes,0.5,-300.0,,True,betmgm,2026-06-11T23:15:29.789055
Landry Shamet,,,6cc5c3b9cfcb1d94bed9f3ca972b3114,2026-06-14,00:40,threes,0.5,-500.0,,True,betmgm,2026-06-11T23:15:29.789057
Jose Alvarado,,,6cc5c3b9cfcb1d94bed9f3ca972b3114,2026-06-14,00:40,threes,0.5,-145.0,,True,betmgm,2026-06-11T23:15:29.789059
Jose Alvarado,,,6cc5c3b9cfcb1d94bed9f3ca972b3114,2026-06-14,00:40,threes,1.5,310.0,,True,betmgm,2026-06-11T23:15:29.789060
