player_name,team,opponent,game_id,game_date,game_time,prop_type,line,over_odds,under_odds,is_alt_line,sportsbook,scraped_at
Mikal Bridges,,,6cc5c3b9cfcb1d94bed9f3ca972b3114,2026-06-14,00:40,assists,2.5,-148.0,112.0,False,fanduel,2026-06-12T16:39:50.961621
Dylan Harper,,,6cc5c3b9cfcb1d94bed9f3ca972b3114,2026-06-14,00:40,assists,3.5,128.0,-172.0,False,fanduel,2026-06-12T16:39:50.961638
Julian Champagnie,,,6cc5c3b9cfcb1d94bed9f3ca972b3114,2026-06-14,00:40,assists,1.5,178.0,-245.0,False,fanduel,2026-06-12T16:39:50.961641
Landry Shamet,,,6cc5c3b9cfcb1d94bed9f3ca972b3114,2026-06-14,00:40,assists,1.5,194.0,-270.0,False,fanduel,2026-06-12T16:39:50.961644
Karl-Anthony Towns,,,6cc5c3b9cfcb1d94bed9f3ca972b3114,2026-06-14,00:40,assists,3.5,-114.0,-114.0,False,fanduel,2026-06-12T16:39:50.961646
Victor Wembanyama,,,6cc5c3b9cfcb1d94bed9f3ca972b3114,2026-06-14,00:40,assists,3.5,110.0,-146.0,False,fanduel,2026-06-12T16:39:50.961648
Stephon Castle,,,6cc5c3b9cfcb1d94bed9f3ca972b3114,2026-06-14,00:40,assists,6.5,-108.0,-122.0,False,fanduel,2026-06-12T16:39:50.961650
Jalen Brunson,,,6cc5c3b9cfcb1d94bed9f3ca972b3114,2026-06-14,00:40,assists,5.5,-148.0,112.0,False,fanduel,2026-06-12T16:39:50.961652
De'Aaron Fox,,,6cc5c3b9cfcb1d94bed9f3ca972b3114,2026-06-14,00:40,assists,6.5,124.0,-166.0,False,fanduel,2026-06-12T16:39:50.961655
Devin Vassell,,,6cc5c3b9cfcb1d94bed9f3ca972b3114,2026-06-14,00:40,assists,2.5,102.0,-136.0,False,fanduel,2026-06-12T16:39:50.961657
Josh Hart,,,6cc5c3b9cfcb1d94bed9f3ca972b3114,2026-06-14,00:40,assists,4.5,-140.0,106.0,False,fanduel,2026-06-12T16:39:50.961659
OG Anunoby,,,6cc5c3b9cfcb1d94bed9f3ca972b3114,2026-06-14,00:40,assists,1.5,-114.0,-114.0,False,fanduel,2026-06-12T16:39:50.961661
Stephon Castle,,,6cc5c3b9cfcb1d94bed9f3ca972b3114,2026-06-14,00:40,assists,3.5,-1400.0,,True,fanduel,2026-06-12T16:39:50.961723
Stephon Castle,,,6cc5c3b9cfcb1d94bed9f3ca972b3114,2026-06-14,00:40,assists,4.5,-470.0,310.0,True,fanduel,2026-06-12T16:39:50.961726
Stephon Castle,,,6cc5c3b9cfcb1d94bed9f3ca972b3114,2026-06-14,00:40,assists,5.5,-210.0,158.0,True,fanduel,2026-06-12T16:39:50.961728
Stephon Castle,,,6cc5c3b9cfcb1d94bed9f3ca972b3114,2026-06-14,00:40,assists,6.5,-108.0,-122.0,True,fanduel,2026-06-12T16:39:50.961729
Stephon Castle,,,6cc5c3b9cfcb1d94bed9f3ca972b3114,2026-06-14,00:40,assists,7.5,176.0,-240.0,True,fanduel,2026-06-12T16:39:50.961731
Stephon Castle,,,6cc5c3b9cfcb1d94bed9f3ca972b3114,2026-06-14,00:40,assists,8.5,300.0,-450.0,True,fanduel,2026-06-12T16:39:50.961733
Stephon Castle,,,6cc5c3b9cfcb1d94bed9f3ca972b3114,2026-06-14,00:40,assists,9.5,450.0,-750.0,True,fanduel,2026-06-12T16:39:50.961735
Karl-Anthony Towns,,,6cc5c3b9cfcb1d94bed9f3ca972b3114,2026-06-14,00:40,assists,1.5,-1000.0,,True,fanduel,2026-06-12T16:39:50.961736
Karl-Anthony Towns,,,6cc5c3b9cfcb1d94bed9f3ca972b3114,2026-06-14,00:40,assists,2.5,-300.0,210.0,True,fanduel,2026-06-12T16:39:50.961738
Karl-Anthony Towns,,,6cc5c3b9cfcb1d94bed9f3ca972b3114,2026-06-14,00:40,assists,3.5,-113.0,-114.0,True,fanduel,2026-06-12T16:39:50.961740
Karl-Anthony Towns,,,6cc5c3b9cfcb1d94bed9f3ca972b3114,2026-06-14,00:40,assists,4.5,200.0,-280.0,True,fanduel,2026-06-12T16:39:50.961741
Karl-Anthony Towns,,,6cc5c3b9cfcb1d94bed9f3ca972b3114,2026-06-14,00:40,assists,5.5,420.0,-670.0,True,fanduel,2026-06-12T16:39:50.961743
De'Aaron Fox,,,6cc5c3b9cfcb1d94bed9f3ca972b3114,2026-06-14,00:40,assists,5.5,-158.0,118.0,True,fanduel,2026-06-12T16:39:50.961745
Jalen Brunson,,,6cc5c3b9cfcb1d94bed9f3ca972b3114,2026-06-14,00:40,assists,5.5,-148.0,112.0,True,fanduel,2026-06-12T16:39:50.961746
Josh Hart,,,6cc5c3b9cfcb1d94bed9f3ca972b3114,2026-06-14,00:40,assists,5.5,148.0,-200.0,True,fanduel,2026-06-12T16:39:50.961748
Victor Wembanyama,,,6cc5c3b9cfcb1d94bed9f3ca972b3114,2026-06-14,00:40,assists,5.5,540.0,,True,fanduel,2026-06-12T16:39:50.961750
Dylan Harper,,,6cc5c3b9cfcb1d94bed9f3ca972b3114,2026-06-14,00:40,assists,5.5,560.0,,True,fanduel,2026-06-12T16:39:50.961752
Mikal Bridges,,,6cc5c3b9cfcb1d94bed9f3ca972b3114,2026-06-14,00:40,assists,5.5,900.0,,True,fanduel,2026-06-12T16:39:50.961756
Devin Vassell,,,6cc5c3b9cfcb1d94bed9f3ca972b3114,2026-06-14,00:40,assists,5.5,1400.0,,True,fanduel,2026-06-12T16:39:50.961757
Josh Hart,,,6cc5c3b9cfcb1d94bed9f3ca972b3114,2026-06-14,00:40,assists,1.5,-4500.0,,True,fanduel,2026-06-12T16:39:50.961759
Victor Wembanyama,,,6cc5c3b9cfcb1d94bed9f3ca972b3114,2026-06-14,00:40,assists,1.5,-850.0,,True,fanduel,2026-06-12T16:39:50.961761
Dylan Harper,,,6cc5c3b9cfcb1d94bed9f3ca972b3114,2026-06-14,00:40,assists,1.5,-650.0,,True,fanduel,2026-06-12T16:39:50.961765
Mikal Bridges,,,6cc5c3b9cfcb1d94bed9f3ca972b3114,2026-06-14,00:40,assists,1.5,-470.0,310.0,True,fanduel,2026-06-12T16:39:50.961766
Devin Vassell,,,6cc5c3b9cfcb1d94bed9f3ca972b3114,2026-06-14,00:40,assists,1.5,-310.0,,True,fanduel,2026-06-12T16:39:50.961768
Jose Alvarado,,,6cc5c3b9cfcb1d94bed9f3ca972b3114,2026-06-14,00:40,assists,1.5,-136.0,,True,fanduel,2026-06-12T16:39:50.961770
OG Anunoby,,,6cc5c3b9cfcb1d94bed9f3ca972b3114,2026-06-14,00:40,assists,1.5,-113.0,,True,fanduel,2026-06-12T16:39:50.961771
Julian Champagnie,,,6cc5c3b9cfcb1d94bed9f3ca972b3114,2026-06-14,00:40,assists,1.5,180.0,,True,fanduel,2026-06-12T16:39:50.961773
Landry Shamet,,,6cc5c3b9cfcb1d94bed9f3ca972b3114,2026-06-14,00:40,assists,1.5,200.0,,True,fanduel,2026-06-12T16:39:50.961775
Josh Hart,,,6cc5c3b9cfcb1d94bed9f3ca972b3114,2026-06-14,00:40,assists,2.5,-1000.0,,True,fanduel,2026-06-12T16:39:50.961776
Josh Hart,,,6cc5c3b9cfcb1d94bed9f3ca972b3114,2026-06-14,00:40,assists,3.5,-310.0,225.0,True,fanduel,2026-06-12T16:39:50.961778
Josh Hart,,,6cc5c3b9cfcb1d94bed9f3ca972b3114,2026-06-14,00:40,assists,4.5,-140.0,106.0,True,fanduel,2026-06-12T16:39:50.961780
Josh Hart,,,6cc5c3b9cfcb1d94bed9f3ca972b3114,2026-06-14,00:40,assists,6.5,280.0,-420.0,True,fanduel,2026-06-12T16:39:50.961781
Josh Hart,,,6cc5c3b9cfcb1d94bed9f3ca972b3114,2026-06-14,00:40,assists,7.5,520.0,-1000.0,True,fanduel,2026-06-12T16:39:50.961783
De'Aaron Fox,,,6cc5c3b9cfcb1d94bed9f3ca972b3114,2026-06-14,00:40,assists,7.5,230.0,-330.0,True,fanduel,2026-06-12T16:39:50.961785
Jalen Brunson,,,6cc5c3b9cfcb1d94bed9f3ca972b3114,2026-06-14,00:40,assists,7.5,260.0,-380.0,True,fanduel,2026-06-12T16:39:50.961786
Karl-Anthony Towns,,,6cc5c3b9cfcb1d94bed9f3ca972b3114,2026-06-14,00:40,assists,7.5,1500.0,,True,fanduel,2026-06-12T16:39:50.961788
Victor Wembanyama,,,6cc5c3b9cfcb1d94bed9f3ca972b3114,2026-06-14,00:40,assists,7.5,1800.0,,True,fanduel,2026-06-12T16:39:50.961790
Dylan Harper,,,6cc5c3b9cfcb1d94bed9f3ca972b3114,2026-06-14,00:40,assists,7.5,2000.0,,True,fanduel,2026-06-12T16:39:50.961791
Stephon Castle,,,6cc5c3b9cfcb1d94bed9f3ca972b3114,2026-06-14,00:40,assists,11.5,1400.0,,True,fanduel,2026-06-12T16:39:50.961793
De'Aaron Fox,,,6cc5c3b9cfcb1d94bed9f3ca972b3114,2026-06-14,00:40,assists,11.5,1700.0,,True,fanduel,2026-06-12T16:39:50.961795
Jalen Brunson,,,6cc5c3b9cfcb1d94bed9f3ca972b3114,2026-06-14,00:40,assists,11.5,2000.0,,True,fanduel,2026-06-12T16:39:50.961796
De'Aaron Fox,,,6cc5c3b9cfcb1d94bed9f3ca972b3114,2026-06-14,00:40,assists,9.5,630.0,-1400.0,True,fanduel,2026-06-12T16:39:50.961798
Jalen Brunson,,,6cc5c3b9cfcb1d94bed9f3ca972b3114,2026-06-14,00:40,assists,9.5,700.0,,True,fanduel,2026-06-12T16:39:50.961800
Josh Hart,,,6cc5c3b9cfcb1d94bed9f3ca972b3114,2026-06-14,00:40,assists,9.5,1200.0,,True,fanduel,2026-06-12T16:39:50.961801
Mikal Bridges,,,6cc5c3b9cfcb1d94bed9f3ca972b3114,2026-06-14,00:40,assists,2.5,-148.0,112.0,True,fanduel,2026-06-12T16:39:50.961803
Mikal Bridges,,,6cc5c3b9cfcb1d94bed9f3ca972b3114,2026-06-14,00:40,assists,3.5,180.0,-245.0,True,fanduel,2026-06-12T16:39:50.961807
Mikal Bridges,,,6cc5c3b9cfcb1d94bed9f3ca972b3114,2026-06-14,00:40,assists,4.5,400.0,-670.0,True,fanduel,2026-06-12T16:39:50.961809
De'Aaron Fox,,,6cc5c3b9cfcb1d94bed9f3ca972b3114,2026-06-14,00:40,assists,3.5,-900.0,490.0,True,fanduel,2026-06-12T16:39:50.961811
Jalen Brunson,,,6cc5c3b9cfcb1d94bed9f3ca972b3114,2026-06-14,00:40,assists,3.5,-800.0,450.0,True,fanduel,2026-06-12T16:39:50.961812
Victor Wembanyama,,,6cc5c3b9cfcb1d94bed9f3ca972b3114,2026-06-14,00:40,assists,3.5,112.0,,True,fanduel,2026-06-12T16:39:50.961814
Dylan Harper,,,6cc5c3b9cfcb1d94bed9f3ca972b3114,2026-06-14,00:40,assists,3.5,130.0,,True,fanduel,2026-06-12T16:39:50.961816
Devin Vassell,,,6cc5c3b9cfcb1d94bed9f3ca972b3114,2026-06-14,00:40,assists,3.5,280.0,,True,fanduel,2026-06-12T16:39:50.961817
Jose Alvarado,,,6cc5c3b9cfcb1d94bed9f3ca972b3114,2026-06-14,00:40,assists,3.5,480.0,,True,fanduel,2026-06-12T16:39:50.961819
OG Anunoby,,,6cc5c3b9cfcb1d94bed9f3ca972b3114,2026-06-14,00:40,assists,3.5,800.0,,True,fanduel,2026-06-12T16:39:50.961823
De'Aaron Fox,,,6cc5c3b9cfcb1d94bed9f3ca972b3114,2026-06-14,00:40,assists,4.5,-330.0,230.0,True,fanduel,2026-06-12T16:39:50.961824
De'Aaron Fox,,,6cc5c3b9cfcb1d94bed9f3ca972b3114,2026-06-14,00:40,assists,6.5,124.0,-166.0,True,fanduel,2026-06-12T16:39:50.961826
De'Aaron Fox,,,6cc5c3b9cfcb1d94bed9f3ca972b3114,2026-06-14,00:40,assists,8.5,410.0,-700.0,True,fanduel,2026-06-12T16:39:50.961845
Jalen Brunson,,,6cc5c3b9cfcb1d94bed9f3ca972b3114,2026-06-14,00:40,assists,4.5,-320.0,225.0,True,fanduel,2026-06-12T16:39:50.961847
Jalen Brunson,,,6cc5c3b9cfcb1d94bed9f3ca972b3114,2026-06-14,00:40,assists,6.5,136.0,-182.0,True,fanduel,2026-06-12T16:39:50.961849
Jalen Brunson,,,6cc5c3b9cfcb1d94bed9f3ca972b3114,2026-06-14,00:40,assists,8.5,450.0,-800.0,True,fanduel,2026-06-12T16:39:50.961850
Karl-Anthony Towns,,,6cc5c3b9cfcb1d94bed9f3ca972b3114,2026-06-14,00:40,points,16.5,-110.0,-120.0,False,fanduel,2026-06-12T16:39:50.961871
Mitchell Robinson,,,6cc5c3b9cfcb1d94bed9f3ca972b3114,2026-06-14,00:40,points,3.5,-104.0,-128.0,False,fanduel,2026-06-12T16:39:50.961872
Miles McBride,,,6cc5c3b9cfcb1d94bed9f3ca972b3114,2026-06-14,00:40,points,2.5,-118.0,-112.0,False,fanduel,2026-06-12T16:39:50.961874
Luke Kornet,,,6cc5c3b9cfcb1d94bed9f3ca972b3114,2026-06-14,00:40,points,1.5,-125.0,-106.0,False,fanduel,2026-06-12T16:39:50.961876
Landry Shamet,,,6cc5c3b9cfcb1d94bed9f3ca972b3114,2026-06-14,00:40,points,6.5,-122.0,-108.0,False,fanduel,2026-06-12T16:39:50.961878
De'Aaron Fox,,,6cc5c3b9cfcb1d94bed9f3ca972b3114,2026-06-14,00:40,points,14.5,-128.0,-104.0,False,fanduel,2026-06-12T16:39:50.961879
Josh Hart,,,6cc5c3b9cfcb1d94bed9f3ca972b3114,2026-06-14,00:40,points,9.5,102.0,-136.0,False,fanduel,2026-06-12T16:39:50.961881
Victor Wembanyama,,,6cc5c3b9cfcb1d94bed9f3ca972b3114,2026-06-14,00:40,points,27.5,-125.0,-106.0,False,fanduel,2026-06-12T16:39:50.961883
Keldon Johnson,,,6cc5c3b9cfcb1d94bed9f3ca972b3114,2026-06-14,00:40,points,6.5,-106.0,-122.0,False,fanduel,2026-06-12T16:39:50.961885
Jalen Brunson,,,6cc5c3b9cfcb1d94bed9f3ca972b3114,2026-06-14,00:40,points,27.5,-118.0,-114.0,False,fanduel,2026-06-12T16:39:50.961889
Dylan Harper,,,6cc5c3b9cfcb1d94bed9f3ca972b3114,2026-06-14,00:40,points,14.5,-132.0,100.0,False,fanduel,2026-06-12T16:39:50.961890
OG Anunoby,,,6cc5c3b9cfcb1d94bed9f3ca972b3114,2026-06-14,00:40,points,18.5,-114.0,-114.0,False,fanduel,2026-06-12T16:39:50.961892
Devin Vassell,,,6cc5c3b9cfcb1d94bed9f3ca972b3114,2026-06-14,00:40,points,13.5,102.0,-136.0,False,fanduel,2026-06-12T16:39:50.961894
Mikal Bridges,,,6cc5c3b9cfcb1d94bed9f3ca972b3114,2026-06-14,00:40,points,10.5,-128.0,-104.0,False,fanduel,2026-06-12T16:39:50.961896
Julian Champagnie,,,6cc5c3b9cfcb1d94bed9f3ca972b3114,2026-06-14,00:40,points,9.5,102.0,-136.0,False,fanduel,2026-06-12T16:39:50.961898
Jose Alvarado,,,6cc5c3b9cfcb1d94bed9f3ca972b3114,2026-06-14,00:40,points,4.5,102.0,-136.0,False,fanduel,2026-06-12T16:39:50.961899
Stephon Castle,,,6cc5c3b9cfcb1d94bed9f3ca972b3114,2026-06-14,00:40,points,15.5,-132.0,100.0,False,fanduel,2026-06-12T16:39:50.961901
Landry Shamet,,,6cc5c3b9cfcb1d94bed9f3ca972b3114,2026-06-14,00:40,points,2.5,-1100.0,,True,fanduel,2026-06-12T16:39:50.962117
Landry Shamet,,,6cc5c3b9cfcb1d94bed9f3ca972b3114,2026-06-14,00:40,points,3.5,-400.0,270.0,True,fanduel,2026-06-12T16:39:50.962120
Landry Shamet,,,6cc5c3b9cfcb1d94bed9f3ca972b3114,2026-06-14,00:40,points,4.5,-320.0,225.0,True,fanduel,2026-06-12T16:39:50.962122
Landry Shamet,,,6cc5c3b9cfcb1d94bed9f3ca972b3114,2026-06-14,00:40,points,5.5,-200.0,148.0,True,fanduel,2026-06-12T16:39:50.962124
Landry Shamet,,,6cc5c3b9cfcb1d94bed9f3ca972b3114,2026-06-14,00:40,points,6.5,-122.0,-108.0,True,fanduel,2026-06-12T16:39:50.962126
Landry Shamet,,,6cc5c3b9cfcb1d94bed9f3ca972b3114,2026-06-14,00:40,points,7.5,102.0,-136.0,True,fanduel,2026-06-12T16:39:50.962128
Landry Shamet,,,6cc5c3b9cfcb1d94bed9f3ca972b3114,2026-06-14,00:40,points,8.5,148.0,-200.0,True,fanduel,2026-06-12T16:39:50.962130
Landry Shamet,,,6cc5c3b9cfcb1d94bed9f3ca972b3114,2026-06-14,00:40,points,9.5,215.0,-290.0,True,fanduel,2026-06-12T16:39:50.962132
Luke Kornet,,,6cc5c3b9cfcb1d94bed9f3ca972b3114,2026-06-14,00:40,points,0.5,-136.0,102.0,True,fanduel,2026-06-12T16:39:50.962134
Luke Kornet,,,6cc5c3b9cfcb1d94bed9f3ca972b3114,2026-06-14,00:40,points,1.5,-125.0,-106.0,True,fanduel,2026-06-12T16:39:50.962135
Luke Kornet,,,6cc5c3b9cfcb1d94bed9f3ca972b3114,2026-06-14,00:40,points,2.5,174.0,-240.0,True,fanduel,2026-06-12T16:39:50.962137
Luke Kornet,,,6cc5c3b9cfcb1d94bed9f3ca972b3114,2026-06-14,00:40,points,3.5,300.0,-450.0,True,fanduel,2026-06-12T16:39:50.962139
Luke Kornet,,,6cc5c3b9cfcb1d94bed9f3ca972b3114,2026-06-14,00:40,points,4.5,400.0,-670.0,True,fanduel,2026-06-12T16:39:50.962140
Dylan Harper,,,6cc5c3b9cfcb1d94bed9f3ca972b3114,2026-06-14,00:40,points,8.5,-900.0,490.0,True,fanduel,2026-06-12T16:39:50.962142
Dylan Harper,,,6cc5c3b9cfcb1d94bed9f3ca972b3114,2026-06-14,00:40,points,9.5,-560.0,370.0,True,fanduel,2026-06-12T16:39:50.962144
Dylan Harper,,,6cc5c3b9cfcb1d94bed9f3ca972b3114,2026-06-14,00:40,points,10.5,-420.0,280.0,True,fanduel,2026-06-12T16:39:50.962145
Dylan Harper,,,6cc5c3b9cfcb1d94bed9f3ca972b3114,2026-06-14,00:40,points,11.5,-300.0,210.0,True,fanduel,2026-06-12T16:39:50.962147
Dylan Harper,,,6cc5c3b9cfcb1d94bed9f3ca972b3114,2026-06-14,00:40,points,12.5,-230.0,168.0,True,fanduel,2026-06-12T16:39:50.962149
Dylan Harper,,,6cc5c3b9cfcb1d94bed9f3ca972b3114,2026-06-14,00:40,points,13.5,-174.0,130.0,True,fanduel,2026-06-12T16:39:50.962150
Dylan Harper,,,6cc5c3b9cfcb1d94bed9f3ca972b3114,2026-06-14,00:40,points,14.5,-128.0,100.0,True,fanduel,2026-06-12T16:39:50.962152
Dylan Harper,,,6cc5c3b9cfcb1d94bed9f3ca972b3114,2026-06-14,00:40,points,15.5,102.0,-136.0,True,fanduel,2026-06-12T16:39:50.962154
Dylan Harper,,,6cc5c3b9cfcb1d94bed9f3ca972b3114,2026-06-14,00:40,points,16.5,132.0,-178.0,True,fanduel,2026-06-12T16:39:50.962156
Dylan Harper,,,6cc5c3b9cfcb1d94bed9f3ca972b3114,2026-06-14,00:40,points,17.5,168.0,-230.0,True,fanduel,2026-06-12T16:39:50.962160
Dylan Harper,,,6cc5c3b9cfcb1d94bed9f3ca972b3114,2026-06-14,00:40,points,18.5,210.0,-300.0,True,fanduel,2026-06-12T16:39:50.962161
Dylan Harper,,,6cc5c3b9cfcb1d94bed9f3ca972b3114,2026-06-14,00:40,points,19.5,280.0,-400.0,True,fanduel,2026-06-12T16:39:50.962163
Dylan Harper,,,6cc5c3b9cfcb1d94bed9f3ca972b3114,2026-06-14,00:40,points,20.5,320.0,-500.0,True,fanduel,2026-06-12T16:39:50.962165
Devin Vassell,,,6cc5c3b9cfcb1d94bed9f3ca972b3114,2026-06-14,00:40,points,7.5,-750.0,430.0,True,fanduel,2026-06-12T16:39:50.962166
Devin Vassell,,,6cc5c3b9cfcb1d94bed9f3ca972b3114,2026-06-14,00:40,points,8.5,-470.0,310.0,True,fanduel,2026-06-12T16:39:50.962168
Devin Vassell,,,6cc5c3b9cfcb1d94bed9f3ca972b3114,2026-06-14,00:40,points,9.5,-330.0,230.0,True,fanduel,2026-06-12T16:39:50.962170
Devin Vassell,,,6cc5c3b9cfcb1d94bed9f3ca972b3114,2026-06-14,00:40,points,10.5,-245.0,178.0,True,fanduel,2026-06-12T16:39:50.962171
Devin Vassell,,,6cc5c3b9cfcb1d94bed9f3ca972b3114,2026-06-14,00:40,points,11.5,-180.0,134.0,True,fanduel,2026-06-12T16:39:50.962173
Devin Vassell,,,6cc5c3b9cfcb1d94bed9f3ca972b3114,2026-06-14,00:40,points,12.5,-136.0,102.0,True,fanduel,2026-06-12T16:39:50.962175
Devin Vassell,,,6cc5c3b9cfcb1d94bed9f3ca972b3114,2026-06-14,00:40,points,13.5,102.0,-136.0,True,fanduel,2026-06-12T16:39:50.962177
Devin Vassell,,,6cc5c3b9cfcb1d94bed9f3ca972b3114,2026-06-14,00:40,points,14.5,134.0,-178.0,True,fanduel,2026-06-12T16:39:50.962178
Devin Vassell,,,6cc5c3b9cfcb1d94bed9f3ca972b3114,2026-06-14,00:40,points,15.5,172.0,-235.0,True,fanduel,2026-06-12T16:39:50.962180
Devin Vassell,,,6cc5c3b9cfcb1d94bed9f3ca972b3114,2026-06-14,00:40,points,16.5,220.0,-310.0,True,fanduel,2026-06-12T16:39:50.962182
Devin Vassell,,,6cc5c3b9cfcb1d94bed9f3ca972b3114,2026-06-14,00:40,points,17.5,280.0,-420.0,True,fanduel,2026-06-12T16:39:50.962183
Devin Vassell,,,6cc5c3b9cfcb1d94bed9f3ca972b3114,2026-06-14,00:40,points,18.5,350.0,-550.0,True,fanduel,2026-06-12T16:39:50.962185
OG Anunoby,,,6cc5c3b9cfcb1d94bed9f3ca972b3114,2026-06-14,00:40,points,10.5,-1450.0,,True,fanduel,2026-06-12T16:39:50.962187
OG Anunoby,,,6cc5c3b9cfcb1d94bed9f3ca972b3114,2026-06-14,00:40,points,11.5,-900.0,490.0,True,fanduel,2026-06-12T16:39:50.962188
OG Anunoby,,,6cc5c3b9cfcb1d94bed9f3ca972b3114,2026-06-14,00:40,points,12.5,-600.0,370.0,True,fanduel,2026-06-12T16:39:50.962190
OG Anunoby,,,6cc5c3b9cfcb1d94bed9f3ca972b3114,2026-06-14,00:40,points,13.5,-440.0,290.0,True,fanduel,2026-06-12T16:39:50.962192
OG Anunoby,,,6cc5c3b9cfcb1d94bed9f3ca972b3114,2026-06-14,00:40,points,14.5,-310.0,225.0,True,fanduel,2026-06-12T16:39:50.962196
OG Anunoby,,,6cc5c3b9cfcb1d94bed9f3ca972b3114,2026-06-14,00:40,points,15.5,-245.0,178.0,True,fanduel,2026-06-12T16:39:50.962198
OG Anunoby,,,6cc5c3b9cfcb1d94bed9f3ca972b3114,2026-06-14,00:40,points,16.5,-192.0,142.0,True,fanduel,2026-06-12T16:39:50.962199
OG Anunoby,,,6cc5c3b9cfcb1d94bed9f3ca972b3114,2026-06-14,00:40,points,17.5,-146.0,110.0,True,fanduel,2026-06-12T16:39:50.962201
OG Anunoby,,,6cc5c3b9cfcb1d94bed9f3ca972b3114,2026-06-14,00:40,points,18.5,-114.0,-114.0,True,fanduel,2026-06-12T16:39:50.962202
OG Anunoby,,,6cc5c3b9cfcb1d94bed9f3ca972b3114,2026-06-14,00:40,points,19.5,112.0,-146.0,True,fanduel,2026-06-12T16:39:50.962204
OG Anunoby,,,6cc5c3b9cfcb1d94bed9f3ca972b3114,2026-06-14,00:40,points,20.5,140.0,-188.0,True,fanduel,2026-06-12T16:39:50.962206
OG Anunoby,,,6cc5c3b9cfcb1d94bed9f3ca972b3114,2026-06-14,00:40,points,21.5,174.0,-240.0,True,fanduel,2026-06-12T16:39:50.962207
OG Anunoby,,,6cc5c3b9cfcb1d94bed9f3ca972b3114,2026-06-14,00:40,points,22.5,210.0,-300.0,True,fanduel,2026-06-12T16:39:50.962209
OG Anunoby,,,6cc5c3b9cfcb1d94bed9f3ca972b3114,2026-06-14,00:40,points,23.5,270.0,-400.0,True,fanduel,2026-06-12T16:39:50.962211
OG Anunoby,,,6cc5c3b9cfcb1d94bed9f3ca972b3114,2026-06-14,00:40,points,24.5,340.0,-490.0,True,fanduel,2026-06-12T16:39:50.962212
Josh Hart,,,6cc5c3b9cfcb1d94bed9f3ca972b3114,2026-06-14,00:40,points,4.5,-900.0,490.0,True,fanduel,2026-06-12T16:39:50.962216
Josh Hart,,,6cc5c3b9cfcb1d94bed9f3ca972b3114,2026-06-14,00:40,points,5.5,-470.0,310.0,True,fanduel,2026-06-12T16:39:50.962218
Josh Hart,,,6cc5c3b9cfcb1d94bed9f3ca972b3114,2026-06-14,00:40,points,6.5,-320.0,225.0,True,fanduel,2026-06-12T16:39:50.962220
Josh Hart,,,6cc5c3b9cfcb1d94bed9f3ca972b3114,2026-06-14,00:40,points,7.5,-210.0,154.0,True,fanduel,2026-06-12T16:39:50.962221
Josh Hart,,,6cc5c3b9cfcb1d94bed9f3ca972b3114,2026-06-14,00:40,points,8.5,-144.0,108.0,True,fanduel,2026-06-12T16:39:50.962223
Josh Hart,,,6cc5c3b9cfcb1d94bed9f3ca972b3114,2026-06-14,00:40,points,9.5,102.0,-136.0,True,fanduel,2026-06-12T16:39:50.962225
Josh Hart,,,6cc5c3b9cfcb1d94bed9f3ca972b3114,2026-06-14,00:40,points,10.5,140.0,-188.0,True,fanduel,2026-06-12T16:39:50.962226
Josh Hart,,,6cc5c3b9cfcb1d94bed9f3ca972b3114,2026-06-14,00:40,points,11.5,194.0,-270.0,True,fanduel,2026-06-12T16:39:50.962228
Josh Hart,,,6cc5c3b9cfcb1d94bed9f3ca972b3114,2026-06-14,00:40,points,12.5,250.0,-360.0,True,fanduel,2026-06-12T16:39:50.962232
Josh Hart,,,6cc5c3b9cfcb1d94bed9f3ca972b3114,2026-06-14,00:40,points,13.5,320.0,-500.0,True,fanduel,2026-06-12T16:39:50.962233
Jalen Brunson,,,6cc5c3b9cfcb1d94bed9f3ca972b3114,2026-06-14,00:40,points,44.5,1700.0,,True,fanduel,2026-06-12T16:39:50.962235
Victor Wembanyama,,,6cc5c3b9cfcb1d94bed9f3ca972b3114,2026-06-14,00:40,points,44.5,1700.0,,True,fanduel,2026-06-12T16:39:50.962237
Victor Wembanyama,,,6cc5c3b9cfcb1d94bed9f3ca972b3114,2026-06-14,00:40,points,39.5,830.0,,True,fanduel,2026-06-12T16:39:50.962238
Jalen Brunson,,,6cc5c3b9cfcb1d94bed9f3ca972b3114,2026-06-14,00:40,points,39.5,830.0,,True,fanduel,2026-06-12T16:39:50.962240
Jalen Brunson,,,6cc5c3b9cfcb1d94bed9f3ca972b3114,2026-06-14,00:40,points,49.5,5000.0,,True,fanduel,2026-06-12T16:39:50.962242
Victor Wembanyama,,,6cc5c3b9cfcb1d94bed9f3ca972b3114,2026-06-14,00:40,points,49.5,5000.0,,True,fanduel,2026-06-12T16:39:50.962243
OG Anunoby,,,6cc5c3b9cfcb1d94bed9f3ca972b3114,2026-06-14,00:40,points,9.5,-2500.0,,True,fanduel,2026-06-12T16:39:50.962245
Karl-Anthony Towns,,,6cc5c3b9cfcb1d94bed9f3ca972b3114,2026-06-14,00:40,points,9.5,-1200.0,,True,fanduel,2026-06-12T16:39:50.962247
Stephon Castle,,,6cc5c3b9cfcb1d94bed9f3ca972b3114,2026-06-14,00:40,points,9.5,-1100.0,,True,fanduel,2026-06-12T16:39:50.962248
De'Aaron Fox,,,6cc5c3b9cfcb1d94bed9f3ca972b3114,2026-06-14,00:40,points,9.5,-670.0,400.0,True,fanduel,2026-06-12T16:39:50.962250
Mikal Bridges,,,6cc5c3b9cfcb1d94bed9f3ca972b3114,2026-06-14,00:40,points,9.5,-174.0,130.0,True,fanduel,2026-06-12T16:39:50.962252
Julian Champagnie,,,6cc5c3b9cfcb1d94bed9f3ca972b3114,2026-06-14,00:40,points,9.5,102.0,-136.0,True,fanduel,2026-06-12T16:39:50.962253
Keldon Johnson,,,6cc5c3b9cfcb1d94bed9f3ca972b3114,2026-06-14,00:40,points,9.5,230.0,-330.0,True,fanduel,2026-06-12T16:39:50.962255
Jose Alvarado,,,6cc5c3b9cfcb1d94bed9f3ca972b3114,2026-06-14,00:40,points,9.5,630.0,,True,fanduel,2026-06-12T16:39:50.962256
Mitchell Robinson,,,6cc5c3b9cfcb1d94bed9f3ca972b3114,2026-06-14,00:40,points,9.5,830.0,,True,fanduel,2026-06-12T16:39:50.962258
Miles McBride,,,6cc5c3b9cfcb1d94bed9f3ca972b3114,2026-06-14,00:40,points,9.5,1000.0,,True,fanduel,2026-06-12T16:39:50.962260
Victor Wembanyama,,,6cc5c3b9cfcb1d94bed9f3ca972b3114,2026-06-14,00:40,points,34.5,310.0,-470.0,True,fanduel,2026-06-12T16:39:50.962262
Jalen Brunson,,,6cc5c3b9cfcb1d94bed9f3ca972b3114,2026-06-14,00:40,points,34.5,320.0,-490.0,True,fanduel,2026-06-12T16:39:50.962263
OG Anunoby,,,6cc5c3b9cfcb1d94bed9f3ca972b3114,2026-06-14,00:40,points,34.5,2000.0,,True,fanduel,2026-06-12T16:39:50.962265
Victor Wembanyama,,,6cc5c3b9cfcb1d94bed9f3ca972b3114,2026-06-14,00:40,points,14.5,-7000.0,,True,fanduel,2026-06-12T16:39:50.962267
Jalen Brunson,,,6cc5c3b9cfcb1d94bed9f3ca972b3114,2026-06-14,00:40,points,14.5,-6000.0,,True,fanduel,2026-06-12T16:39:50.962268
Karl-Anthony Towns,,,6cc5c3b9cfcb1d94bed9f3ca972b3114,2026-06-14,00:40,points,14.5,-198.0,146.0,True,fanduel,2026-06-12T16:39:50.962270
Stephon Castle,,,6cc5c3b9cfcb1d94bed9f3ca972b3114,2026-06-14,00:40,points,14.5,-180.0,134.0,True,fanduel,2026-06-12T16:39:50.962274
De'Aaron Fox,,,6cc5c3b9cfcb1d94bed9f3ca972b3114,2026-06-14,00:40,points,14.5,-128.0,-104.0,True,fanduel,2026-06-12T16:39:50.962276
Mikal Bridges,,,6cc5c3b9cfcb1d94bed9f3ca972b3114,2026-06-14,00:40,points,14.5,255.0,-360.0,True,fanduel,2026-06-12T16:39:50.962277
Julian Champagnie,,,6cc5c3b9cfcb1d94bed9f3ca972b3114,2026-06-14,00:40,points,14.5,400.0,,True,fanduel,2026-06-12T16:39:50.962279
Josh Hart,,,6cc5c3b9cfcb1d94bed9f3ca972b3114,2026-06-14,00:40,points,14.5,450.0,,True,fanduel,2026-06-12T16:39:50.962281
Landry Shamet,,,6cc5c3b9cfcb1d94bed9f3ca972b3114,2026-06-14,00:40,points,14.5,800.0,,True,fanduel,2026-06-12T16:39:50.962283
Keldon Johnson,,,6cc5c3b9cfcb1d94bed9f3ca972b3114,2026-06-14,00:40,points,14.5,900.0,,True,fanduel,2026-06-12T16:39:50.962284
Mikal Bridges,,,6cc5c3b9cfcb1d94bed9f3ca972b3114,2026-06-14,00:40,points,6.5,-580.0,360.0,True,fanduel,2026-06-12T16:39:50.962286
Mikal Bridges,,,6cc5c3b9cfcb1d94bed9f3ca972b3114,2026-06-14,00:40,points,7.5,-360.0,250.0,True,fanduel,2026-06-12T16:39:50.962290
Mikal Bridges,,,6cc5c3b9cfcb1d94bed9f3ca972b3114,2026-06-14,00:40,points,8.5,-250.0,182.0,True,fanduel,2026-06-12T16:39:50.962291
Mikal Bridges,,,6cc5c3b9cfcb1d94bed9f3ca972b3114,2026-06-14,00:40,points,10.5,-128.0,-104.0,True,fanduel,2026-06-12T16:39:50.962293
Mikal Bridges,,,6cc5c3b9cfcb1d94bed9f3ca972b3114,2026-06-14,00:40,points,11.5,110.0,-146.0,True,fanduel,2026-06-12T16:39:50.962295
Mikal Bridges,,,6cc5c3b9cfcb1d94bed9f3ca972b3114,2026-06-14,00:40,points,12.5,152.0,-205.0,True,fanduel,2026-06-12T16:39:50.962296
Mikal Bridges,,,6cc5c3b9cfcb1d94bed9f3ca972b3114,2026-06-14,00:40,points,13.5,198.0,-275.0,True,fanduel,2026-06-12T16:39:50.962298
Mikal Bridges,,,6cc5c3b9cfcb1d94bed9f3ca972b3114,2026-06-14,00:40,points,15.5,320.0,-490.0,True,fanduel,2026-06-12T16:39:50.962300
Julian Champagnie,,,6cc5c3b9cfcb1d94bed9f3ca972b3114,2026-06-14,00:40,points,4.5,-750.0,430.0,True,fanduel,2026-06-12T16:39:50.962301
Julian Champagnie,,,6cc5c3b9cfcb1d94bed9f3ca972b3114,2026-06-14,00:40,points,5.5,-440.0,290.0,True,fanduel,2026-06-12T16:39:50.962303
Julian Champagnie,,,6cc5c3b9cfcb1d94bed9f3ca972b3114,2026-06-14,00:40,points,6.5,-270.0,194.0,True,fanduel,2026-06-12T16:39:50.962305
Julian Champagnie,,,6cc5c3b9cfcb1d94bed9f3ca972b3114,2026-06-14,00:40,points,7.5,-210.0,154.0,True,fanduel,2026-06-12T16:39:50.962306
Julian Champagnie,,,6cc5c3b9cfcb1d94bed9f3ca972b3114,2026-06-14,00:40,points,8.5,-144.0,108.0,True,fanduel,2026-06-12T16:39:50.962308
Julian Champagnie,,,6cc5c3b9cfcb1d94bed9f3ca972b3114,2026-06-14,00:40,points,10.5,130.0,-174.0,True,fanduel,2026-06-12T16:39:50.962310
Julian Champagnie,,,6cc5c3b9cfcb1d94bed9f3ca972b3114,2026-06-14,00:40,points,11.5,182.0,-250.0,True,fanduel,2026-06-12T16:39:50.962311
Julian Champagnie,,,6cc5c3b9cfcb1d94bed9f3ca972b3114,2026-06-14,00:40,points,12.5,230.0,-330.0,True,fanduel,2026-06-12T16:39:50.962313
Julian Champagnie,,,6cc5c3b9cfcb1d94bed9f3ca972b3114,2026-06-14,00:40,points,13.5,290.0,-440.0,True,fanduel,2026-06-12T16:39:50.962315
Victor Wembanyama,,,6cc5c3b9cfcb1d94bed9f3ca972b3114,2026-06-14,00:40,points,29.5,120.0,-160.0,True,fanduel,2026-06-12T16:39:50.962316
Jalen Brunson,,,6cc5c3b9cfcb1d94bed9f3ca972b3114,2026-06-14,00:40,points,29.5,130.0,-174.0,True,fanduel,2026-06-12T16:39:50.962318
OG Anunoby,,,6cc5c3b9cfcb1d94bed9f3ca972b3114,2026-06-14,00:40,points,29.5,900.0,,True,fanduel,2026-06-12T16:39:50.962320
Karl-Anthony Towns,,,6cc5c3b9cfcb1d94bed9f3ca972b3114,2026-06-14,00:40,points,29.5,1500.0,,True,fanduel,2026-06-12T16:39:50.962321
Stephon Castle,,,6cc5c3b9cfcb1d94bed9f3ca972b3114,2026-06-14,00:40,points,29.5,1700.0,,True,fanduel,2026-06-12T16:39:50.962323
Dylan Harper,,,6cc5c3b9cfcb1d94bed9f3ca972b3114,2026-06-14,00:40,points,29.5,2500.0,,True,fanduel,2026-06-12T16:39:50.962325
De'Aaron Fox,,,6cc5c3b9cfcb1d94bed9f3ca972b3114,2026-06-14,00:40,points,29.5,3000.0,,True,fanduel,2026-06-12T16:39:50.962326
Victor Wembanyama,,,6cc5c3b9cfcb1d94bed9f3ca972b3114,2026-06-14,00:40,points,19.5,-1100.0,,True,fanduel,2026-06-12T16:39:50.962328
Jalen Brunson,,,6cc5c3b9cfcb1d94bed9f3ca972b3114,2026-06-14,00:40,points,19.5,-800.0,450.0,True,fanduel,2026-06-12T16:39:50.962332
Karl-Anthony Towns,,,6cc5c3b9cfcb1d94bed9f3ca972b3114,2026-06-14,00:40,points,19.5,188.0,-260.0,True,fanduel,2026-06-12T16:39:50.962334
Stephon Castle,,,6cc5c3b9cfcb1d94bed9f3ca972b3114,2026-06-14,00:40,points,19.5,210.0,-300.0,True,fanduel,2026-06-12T16:39:50.962335
De'Aaron Fox,,,6cc5c3b9cfcb1d94bed9f3ca972b3114,2026-06-14,00:40,points,19.5,290.0,-440.0,True,fanduel,2026-06-12T16:39:50.962337
Devin Vassell,,,6cc5c3b9cfcb1d94bed9f3ca972b3114,2026-06-14,00:40,points,19.5,450.0,,True,fanduel,2026-06-12T16:39:50.962339
Mikal Bridges,,,6cc5c3b9cfcb1d94bed9f3ca972b3114,2026-06-14,00:40,points,19.5,900.0,,True,fanduel,2026-06-12T16:39:50.962340
Julian Champagnie,,,6cc5c3b9cfcb1d94bed9f3ca972b3114,2026-06-14,00:40,points,19.5,1300.0,,True,fanduel,2026-06-12T16:39:50.962342
Josh Hart,,,6cc5c3b9cfcb1d94bed9f3ca972b3114,2026-06-14,00:40,points,19.5,1500.0,,True,fanduel,2026-06-12T16:39:50.962349
Victor Wembanyama,,,6cc5c3b9cfcb1d94bed9f3ca972b3114,2026-06-14,00:40,points,24.5,-250.0,182.0,True,fanduel,2026-06-12T16:39:50.962351
Jalen Brunson,,,6cc5c3b9cfcb1d94bed9f3ca972b3114,2026-06-14,00:40,points,24.5,-220.0,162.0,True,fanduel,2026-06-12T16:39:50.962352
Karl-Anthony Towns,,,6cc5c3b9cfcb1d94bed9f3ca972b3114,2026-06-14,00:40,points,24.5,600.0,,True,fanduel,2026-06-12T16:39:50.962354
Stephon Castle,,,6cc5c3b9cfcb1d94bed9f3ca972b3114,2026-06-14,00:40,points,24.5,700.0,,True,fanduel,2026-06-12T16:39:50.962356
Dylan Harper,,,6cc5c3b9cfcb1d94bed9f3ca972b3114,2026-06-14,00:40,points,24.5,870.0,,True,fanduel,2026-06-12T16:39:50.962357
De'Aaron Fox,,,6cc5c3b9cfcb1d94bed9f3ca972b3114,2026-06-14,00:40,points,24.5,1000.0,,True,fanduel,2026-06-12T16:39:50.962359
Devin Vassell,,,6cc5c3b9cfcb1d94bed9f3ca972b3114,2026-06-14,00:40,points,24.5,1400.0,,True,fanduel,2026-06-12T16:39:50.962361
Stephon Castle,,,6cc5c3b9cfcb1d94bed9f3ca972b3114,2026-06-14,00:40,points,10.5,-670.0,400.0,True,fanduel,2026-06-12T16:39:50.962363
Stephon Castle,,,6cc5c3b9cfcb1d94bed9f3ca972b3114,2026-06-14,00:40,points,11.5,-450.0,300.0,True,fanduel,2026-06-12T16:39:50.962364
Stephon Castle,,,6cc5c3b9cfcb1d94bed9f3ca972b3114,2026-06-14,00:40,points,12.5,-320.0,225.0,True,fanduel,2026-06-12T16:39:50.962366
Stephon Castle,,,6cc5c3b9cfcb1d94bed9f3ca972b3114,2026-06-14,00:40,points,13.5,-245.0,178.0,True,fanduel,2026-06-12T16:39:50.962368
Stephon Castle,,,6cc5c3b9cfcb1d94bed9f3ca972b3114,2026-06-14,00:40,points,15.5,-132.0,100.0,True,fanduel,2026-06-12T16:39:50.962369
Stephon Castle,,,6cc5c3b9cfcb1d94bed9f3ca972b3114,2026-06-14,00:40,points,16.5,100.0,-132.0,True,fanduel,2026-06-12T16:39:50.962371
Stephon Castle,,,6cc5c3b9cfcb1d94bed9f3ca972b3114,2026-06-14,00:40,points,17.5,132.0,-178.0,True,fanduel,2026-06-12T16:39:50.962373
Stephon Castle,,,6cc5c3b9cfcb1d94bed9f3ca972b3114,2026-06-14,00:40,points,18.5,168.0,-230.0,True,fanduel,2026-06-12T16:39:50.962374
Stephon Castle,,,6cc5c3b9cfcb1d94bed9f3ca972b3114,2026-06-14,00:40,points,20.5,265.0,-390.0,True,fanduel,2026-06-12T16:39:50.962376
Stephon Castle,,,6cc5c3b9cfcb1d94bed9f3ca972b3114,2026-06-14,00:40,points,21.5,320.0,-500.0,True,fanduel,2026-06-12T16:39:50.962378
Keldon Johnson,,,6cc5c3b9cfcb1d94bed9f3ca972b3114,2026-06-14,00:40,points,2.5,-650.0,390.0,True,fanduel,2026-06-12T16:39:50.962379
Keldon Johnson,,,6cc5c3b9cfcb1d94bed9f3ca972b3114,2026-06-14,00:40,points,3.5,-380.0,260.0,True,fanduel,2026-06-12T16:39:50.962381
Keldon Johnson,,,6cc5c3b9cfcb1d94bed9f3ca972b3114,2026-06-14,00:40,points,4.5,-250.0,182.0,True,fanduel,2026-06-12T16:39:50.962385
Keldon Johnson,,,6cc5c3b9cfcb1d94bed9f3ca972b3114,2026-06-14,00:40,points,5.5,-154.0,116.0,True,fanduel,2026-06-12T16:39:50.962387
Keldon Johnson,,,6cc5c3b9cfcb1d94bed9f3ca972b3114,2026-06-14,00:40,points,6.5,-106.0,-122.0,True,fanduel,2026-06-12T16:39:50.962388
Keldon Johnson,,,6cc5c3b9cfcb1d94bed9f3ca972b3114,2026-06-14,00:40,points,7.5,130.0,-174.0,True,fanduel,2026-06-12T16:39:50.962390
Keldon Johnson,,,6cc5c3b9cfcb1d94bed9f3ca972b3114,2026-06-14,00:40,points,8.5,178.0,-245.0,True,fanduel,2026-06-12T16:39:50.962392
Jalen Brunson,,,6cc5c3b9cfcb1d94bed9f3ca972b3114,2026-06-14,00:40,points,18.5,-1200.0,,True,fanduel,2026-06-12T16:39:50.962396
Jalen Brunson,,,6cc5c3b9cfcb1d94bed9f3ca972b3114,2026-06-14,00:40,points,20.5,-580.0,360.0,True,fanduel,2026-06-12T16:39:50.962397
Jalen Brunson,,,6cc5c3b9cfcb1d94bed9f3ca972b3114,2026-06-14,00:40,points,21.5,-440.0,290.0,True,fanduel,2026-06-12T16:39:50.962399
Jalen Brunson,,,6cc5c3b9cfcb1d94bed9f3ca972b3114,2026-06-14,00:40,points,22.5,-330.0,230.0,True,fanduel,2026-06-12T16:39:50.962401
Jalen Brunson,,,6cc5c3b9cfcb1d94bed9f3ca972b3114,2026-06-14,00:40,points,23.5,-270.0,194.0,True,fanduel,2026-06-12T16:39:50.962402
Jalen Brunson,,,6cc5c3b9cfcb1d94bed9f3ca972b3114,2026-06-14,00:40,points,25.5,-178.0,132.0,True,fanduel,2026-06-12T16:39:50.962404
Jalen Brunson,,,6cc5c3b9cfcb1d94bed9f3ca972b3114,2026-06-14,00:40,points,26.5,-144.0,108.0,True,fanduel,2026-06-12T16:39:50.962406
Jalen Brunson,,,6cc5c3b9cfcb1d94bed9f3ca972b3114,2026-06-14,00:40,points,27.5,-118.0,-114.0,True,fanduel,2026-06-12T16:39:50.962407
Jalen Brunson,,,6cc5c3b9cfcb1d94bed9f3ca972b3114,2026-06-14,00:40,points,28.5,106.0,-140.0,True,fanduel,2026-06-12T16:39:50.962409
Jalen Brunson,,,6cc5c3b9cfcb1d94bed9f3ca972b3114,2026-06-14,00:40,points,30.5,158.0,-215.0,True,fanduel,2026-06-12T16:39:50.962411
Jalen Brunson,,,6cc5c3b9cfcb1d94bed9f3ca972b3114,2026-06-14,00:40,points,31.5,188.0,-260.0,True,fanduel,2026-06-12T16:39:50.962412
Jalen Brunson,,,6cc5c3b9cfcb1d94bed9f3ca972b3114,2026-06-14,00:40,points,32.5,225.0,-320.0,True,fanduel,2026-06-12T16:39:50.962414
Jalen Brunson,,,6cc5c3b9cfcb1d94bed9f3ca972b3114,2026-06-14,00:40,points,33.5,270.0,-400.0,True,fanduel,2026-06-12T16:39:50.962416
Jalen Brunson,,,6cc5c3b9cfcb1d94bed9f3ca972b3114,2026-06-14,00:40,points,35.5,390.0,-650.0,True,fanduel,2026-06-12T16:39:50.962417
Jalen Brunson,,,6cc5c3b9cfcb1d94bed9f3ca972b3114,2026-06-14,00:40,points,36.5,450.0,-800.0,True,fanduel,2026-06-12T16:39:50.962419
Jalen Brunson,,,6cc5c3b9cfcb1d94bed9f3ca972b3114,2026-06-14,00:40,points,37.5,,-1100.0,True,fanduel,2026-06-12T16:39:50.962421
Jalen Brunson,,,6cc5c3b9cfcb1d94bed9f3ca972b3114,2026-06-14,00:40,points,38.5,,-1450.0,True,fanduel,2026-06-12T16:39:50.962423
Victor Wembanyama,,,6cc5c3b9cfcb1d94bed9f3ca972b3114,2026-06-14,00:40,points,18.5,-1450.0,,True,fanduel,2026-06-12T16:39:50.962424
Victor Wembanyama,,,6cc5c3b9cfcb1d94bed9f3ca972b3114,2026-06-14,00:40,points,20.5,-700.0,410.0,True,fanduel,2026-06-12T16:39:50.962426
Victor Wembanyama,,,6cc5c3b9cfcb1d94bed9f3ca972b3114,2026-06-14,00:40,points,21.5,-500.0,320.0,True,fanduel,2026-06-12T16:39:50.962428
Victor Wembanyama,,,6cc5c3b9cfcb1d94bed9f3ca972b3114,2026-06-14,00:40,points,22.5,-400.0,270.0,True,fanduel,2026-06-12T16:39:50.962429
Victor Wembanyama,,,6cc5c3b9cfcb1d94bed9f3ca972b3114,2026-06-14,00:40,points,23.5,-310.0,220.0,True,fanduel,2026-06-12T16:39:50.962431
Victor Wembanyama,,,6cc5c3b9cfcb1d94bed9f3ca972b3114,2026-06-14,00:40,points,25.5,-198.0,146.0,True,fanduel,2026-06-12T16:39:50.962433
Victor Wembanyama,,,6cc5c3b9cfcb1d94bed9f3ca972b3114,2026-06-14,00:40,points,26.5,-158.0,118.0,True,fanduel,2026-06-12T16:39:50.962434
Victor Wembanyama,,,6cc5c3b9cfcb1d94bed9f3ca972b3114,2026-06-14,00:40,points,27.5,-125.0,-106.0,True,fanduel,2026-06-12T16:39:50.962436
Victor Wembanyama,,,6cc5c3b9cfcb1d94bed9f3ca972b3114,2026-06-14,00:40,points,28.5,100.0,-132.0,True,fanduel,2026-06-12T16:39:50.962438
Victor Wembanyama,,,6cc5c3b9cfcb1d94bed9f3ca972b3114,2026-06-14,00:40,points,30.5,148.0,-200.0,True,fanduel,2026-06-12T16:39:50.962439
Victor Wembanyama,,,6cc5c3b9cfcb1d94bed9f3ca972b3114,2026-06-14,00:40,points,31.5,182.0,-250.0,True,fanduel,2026-06-12T16:39:50.962441
Victor Wembanyama,,,6cc5c3b9cfcb1d94bed9f3ca972b3114,2026-06-14,00:40,points,32.5,220.0,-310.0,True,fanduel,2026-06-12T16:39:50.962443
Victor Wembanyama,,,6cc5c3b9cfcb1d94bed9f3ca972b3114,2026-06-14,00:40,points,33.5,265.0,-390.0,True,fanduel,2026-06-12T16:39:50.962444
Victor Wembanyama,,,6cc5c3b9cfcb1d94bed9f3ca972b3114,2026-06-14,00:40,points,35.5,390.0,-650.0,True,fanduel,2026-06-12T16:39:50.962446
Victor Wembanyama,,,6cc5c3b9cfcb1d94bed9f3ca972b3114,2026-06-14,00:40,points,36.5,450.0,-800.0,True,fanduel,2026-06-12T16:39:50.962450
Victor Wembanyama,,,6cc5c3b9cfcb1d94bed9f3ca972b3114,2026-06-14,00:40,points,37.5,,-1100.0,True,fanduel,2026-06-12T16:39:50.962452
Victor Wembanyama,,,6cc5c3b9cfcb1d94bed9f3ca972b3114,2026-06-14,00:40,points,38.5,,-1450.0,True,fanduel,2026-06-12T16:39:50.962454
Karl-Anthony Towns,,,6cc5c3b9cfcb1d94bed9f3ca972b3114,2026-06-14,00:40,points,10.5,-700.0,410.0,True,fanduel,2026-06-12T16:39:50.962455
Karl-Anthony Towns,,,6cc5c3b9cfcb1d94bed9f3ca972b3114,2026-06-14,00:40,points,11.5,-490.0,320.0,True,fanduel,2026-06-12T16:39:50.962457
Karl-Anthony Towns,,,6cc5c3b9cfcb1d94bed9f3ca972b3114,2026-06-14,00:40,points,12.5,-340.0,235.0,True,fanduel,2026-06-12T16:39:50.962459
Karl-Anthony Towns,,,6cc5c3b9cfcb1d94bed9f3ca972b3114,2026-06-14,00:40,points,13.5,-250.0,182.0,True,fanduel,2026-06-12T16:39:50.962460
Karl-Anthony Towns,,,6cc5c3b9cfcb1d94bed9f3ca972b3114,2026-06-14,00:40,points,15.5,-146.0,110.0,True,fanduel,2026-06-12T16:39:50.962462
Karl-Anthony Towns,,,6cc5c3b9cfcb1d94bed9f3ca972b3114,2026-06-14,00:40,points,16.5,-110.0,-120.0,True,fanduel,2026-06-12T16:39:50.962466
Karl-Anthony Towns,,,6cc5c3b9cfcb1d94bed9f3ca972b3114,2026-06-14,00:40,points,17.5,118.0,-158.0,True,fanduel,2026-06-12T16:39:50.962467
Karl-Anthony Towns,,,6cc5c3b9cfcb1d94bed9f3ca972b3114,2026-06-14,00:40,points,18.5,152.0,-205.0,True,fanduel,2026-06-12T16:39:50.962469
Karl-Anthony Towns,,,6cc5c3b9cfcb1d94bed9f3ca972b3114,2026-06-14,00:40,points,20.5,235.0,-340.0,True,fanduel,2026-06-12T16:39:50.962471
Karl-Anthony Towns,,,6cc5c3b9cfcb1d94bed9f3ca972b3114,2026-06-14,00:40,points,21.5,290.0,-440.0,True,fanduel,2026-06-12T16:39:50.962472
Karl-Anthony Towns,,,6cc5c3b9cfcb1d94bed9f3ca972b3114,2026-06-14,00:40,points,22.5,370.0,-600.0,True,fanduel,2026-06-12T16:39:50.962474
Karl-Anthony Towns,,,6cc5c3b9cfcb1d94bed9f3ca972b3114,2026-06-14,00:40,points,23.5,450.0,-800.0,True,fanduel,2026-06-12T16:39:50.962476
De'Aaron Fox,,,6cc5c3b9cfcb1d94bed9f3ca972b3114,2026-06-14,00:40,points,10.5,-450.0,300.0,True,fanduel,2026-06-12T16:39:50.962477
De'Aaron Fox,,,6cc5c3b9cfcb1d94bed9f3ca972b3114,2026-06-14,00:40,points,11.5,-320.0,225.0,True,fanduel,2026-06-12T16:39:50.962481
De'Aaron Fox,,,6cc5c3b9cfcb1d94bed9f3ca972b3114,2026-06-14,00:40,points,12.5,-235.0,172.0,True,fanduel,2026-06-12T16:39:50.962483
De'Aaron Fox,,,6cc5c3b9cfcb1d94bed9f3ca972b3114,2026-06-14,00:40,points,13.5,-174.0,130.0,True,fanduel,2026-06-12T16:39:50.962485
De'Aaron Fox,,,6cc5c3b9cfcb1d94bed9f3ca972b3114,2026-06-14,00:40,points,15.5,106.0,-140.0,True,fanduel,2026-06-12T16:39:50.962486
De'Aaron Fox,,,6cc5c3b9cfcb1d94bed9f3ca972b3114,2026-06-14,00:40,points,16.5,138.0,-186.0,True,fanduel,2026-06-12T16:39:50.962488
De'Aaron Fox,,,6cc5c3b9cfcb1d94bed9f3ca972b3114,2026-06-14,00:40,points,17.5,178.0,-245.0,True,fanduel,2026-06-12T16:39:50.962490
De'Aaron Fox,,,6cc5c3b9cfcb1d94bed9f3ca972b3114,2026-06-14,00:40,points,18.5,225.0,-320.0,True,fanduel,2026-06-12T16:39:50.962492
De'Aaron Fox,,,6cc5c3b9cfcb1d94bed9f3ca972b3114,2026-06-14,00:40,points,20.5,370.0,-600.0,True,fanduel,2026-06-12T16:39:50.962493
De'Aaron Fox,,,6cc5c3b9cfcb1d94bed9f3ca972b3114,2026-06-14,00:40,points,21.5,470.0,-850.0,True,fanduel,2026-06-12T16:39:50.962495
Dylan Harper,,,6cc5c3b9cfcb1d94bed9f3ca972b3114,2026-06-14,00:40,rebounds,5.5,-144.0,108.0,False,fanduel,2026-06-12T16:39:50.962519
Josh Hart,,,6cc5c3b9cfcb1d94bed9f3ca972b3114,2026-06-14,00:40,rebounds,8.5,102.0,-136.0,False,fanduel,2026-06-12T16:39:50.962521
Luke Kornet,,,6cc5c3b9cfcb1d94bed9f3ca972b3114,2026-06-14,00:40,rebounds,1.5,-172.0,128.0,False,fanduel,2026-06-12T16:39:50.962522
Devin Vassell,,,6cc5c3b9cfcb1d94bed9f3ca972b3114,2026-06-14,00:40,rebounds,4.5,-152.0,114.0,False,fanduel,2026-06-12T16:39:50.962524
Mikal Bridges,,,6cc5c3b9cfcb1d94bed9f3ca972b3114,2026-06-14,00:40,rebounds,3.5,110.0,-146.0,False,fanduel,2026-06-12T16:39:50.962526
Stephon Castle,,,6cc5c3b9cfcb1d94bed9f3ca972b3114,2026-06-14,00:40,rebounds,4.5,-158.0,118.0,False,fanduel,2026-06-12T16:39:50.962528
Julian Champagnie,,,6cc5c3b9cfcb1d94bed9f3ca972b3114,2026-06-14,00:40,rebounds,4.5,-122.0,-108.0,False,fanduel,2026-06-12T16:39:50.962529
Jalen Brunson,,,6cc5c3b9cfcb1d94bed9f3ca972b3114,2026-06-14,00:40,rebounds,3.5,116.0,-154.0,False,fanduel,2026-06-12T16:39:50.962531
Landry Shamet,,,6cc5c3b9cfcb1d94bed9f3ca972b3114,2026-06-14,00:40,rebounds,1.5,126.0,-172.0,False,fanduel,2026-06-12T16:39:50.962532
De'Aaron Fox,,,6cc5c3b9cfcb1d94bed9f3ca972b3114,2026-06-14,00:40,rebounds,3.5,116.0,-154.0,False,fanduel,2026-06-12T16:39:50.962534
Jose Alvarado,,,6cc5c3b9cfcb1d94bed9f3ca972b3114,2026-06-14,00:40,rebounds,1.5,-122.0,-108.0,False,fanduel,2026-06-12T16:39:50.962536
Victor Wembanyama,,,6cc5c3b9cfcb1d94bed9f3ca972b3114,2026-06-14,00:40,rebounds,11.5,-108.0,-122.0,False,fanduel,2026-06-12T16:39:50.962537
Karl-Anthony Towns,,,6cc5c3b9cfcb1d94bed9f3ca972b3114,2026-06-14,00:40,rebounds,11.5,104.0,-138.0,False,fanduel,2026-06-12T16:39:50.962539
OG Anunoby,,,6cc5c3b9cfcb1d94bed9f3ca972b3114,2026-06-14,00:40,rebounds,5.5,104.0,-138.0,False,fanduel,2026-06-12T16:39:50.962541
Luke Kornet,,,6cc5c3b9cfcb1d94bed9f3ca972b3114,2026-06-14,00:40,rebounds,0.5,-550.0,320.0,True,fanduel,2026-06-12T16:39:50.962629
Luke Kornet,,,6cc5c3b9cfcb1d94bed9f3ca972b3114,2026-06-14,00:40,rebounds,1.5,-172.0,128.0,True,fanduel,2026-06-12T16:39:50.962631
Luke Kornet,,,6cc5c3b9cfcb1d94bed9f3ca972b3114,2026-06-14,00:40,rebounds,2.5,132.0,-178.0,True,fanduel,2026-06-12T16:39:50.962633
Luke Kornet,,,6cc5c3b9cfcb1d94bed9f3ca972b3114,2026-06-14,00:40,rebounds,3.5,265.0,-380.0,True,fanduel,2026-06-12T16:39:50.962634
Luke Kornet,,,6cc5c3b9cfcb1d94bed9f3ca972b3114,2026-06-14,00:40,rebounds,4.5,450.0,-800.0,True,fanduel,2026-06-12T16:39:50.962636
Dylan Harper,,,6cc5c3b9cfcb1d94bed9f3ca972b3114,2026-06-14,00:40,rebounds,3.5,-650.0,400.0,True,fanduel,2026-06-12T16:39:50.962638
Dylan Harper,,,6cc5c3b9cfcb1d94bed9f3ca972b3114,2026-06-14,00:40,rebounds,4.5,-300.0,210.0,True,fanduel,2026-06-12T16:39:50.962639
Dylan Harper,,,6cc5c3b9cfcb1d94bed9f3ca972b3114,2026-06-14,00:40,rebounds,5.5,-140.0,108.0,True,fanduel,2026-06-12T16:39:50.962641
Dylan Harper,,,6cc5c3b9cfcb1d94bed9f3ca972b3114,2026-06-14,00:40,rebounds,6.5,136.0,-182.0,True,fanduel,2026-06-12T16:39:50.962643
Dylan Harper,,,6cc5c3b9cfcb1d94bed9f3ca972b3114,2026-06-14,00:40,rebounds,7.5,250.0,-340.0,True,fanduel,2026-06-12T16:39:50.962645
Dylan Harper,,,6cc5c3b9cfcb1d94bed9f3ca972b3114,2026-06-14,00:40,rebounds,8.5,410.0,-700.0,True,fanduel,2026-06-12T16:39:50.962646
Jalen Brunson,,,6cc5c3b9cfcb1d94bed9f3ca972b3114,2026-06-14,00:40,rebounds,1.5,-750.0,430.0,True,fanduel,2026-06-12T16:39:50.962648
Jalen Brunson,,,6cc5c3b9cfcb1d94bed9f3ca972b3114,2026-06-14,00:40,rebounds,2.5,-230.0,168.0,True,fanduel,2026-06-12T16:39:50.962650
Jalen Brunson,,,6cc5c3b9cfcb1d94bed9f3ca972b3114,2026-06-14,00:40,rebounds,3.5,118.0,-154.0,True,fanduel,2026-06-12T16:39:50.962651
Jalen Brunson,,,6cc5c3b9cfcb1d94bed9f3ca972b3114,2026-06-14,00:40,rebounds,4.5,260.0,-380.0,True,fanduel,2026-06-12T16:39:50.962653
Jalen Brunson,,,6cc5c3b9cfcb1d94bed9f3ca972b3114,2026-06-14,00:40,rebounds,5.5,560.0,-1100.0,True,fanduel,2026-06-12T16:39:50.962655
Mitchell Robinson,,,6cc5c3b9cfcb1d94bed9f3ca972b3114,2026-06-14,00:40,rebounds,1.5,-1100.0,,True,fanduel,2026-06-12T16:39:50.962656
Mitchell Robinson,,,6cc5c3b9cfcb1d94bed9f3ca972b3114,2026-06-14,00:40,rebounds,2.5,-420.0,280.0,True,fanduel,2026-06-12T16:39:50.962658
Mitchell Robinson,,,6cc5c3b9cfcb1d94bed9f3ca972b3114,2026-06-14,00:40,rebounds,3.5,-196.0,152.0,True,fanduel,2026-06-12T16:39:50.962660
Mitchell Robinson,,,6cc5c3b9cfcb1d94bed9f3ca972b3114,2026-06-14,00:40,rebounds,4.5,-114.0,-118.0,True,fanduel,2026-06-12T16:39:50.962661
Mitchell Robinson,,,6cc5c3b9cfcb1d94bed9f3ca972b3114,2026-06-14,00:40,rebounds,5.5,154.0,-210.0,True,fanduel,2026-06-12T16:39:50.962663
Mitchell Robinson,,,6cc5c3b9cfcb1d94bed9f3ca972b3114,2026-06-14,00:40,rebounds,6.5,235.0,-340.0,True,fanduel,2026-06-12T16:39:50.962665
Mitchell Robinson,,,6cc5c3b9cfcb1d94bed9f3ca972b3114,2026-06-14,00:40,rebounds,7.5,370.0,-600.0,True,fanduel,2026-06-12T16:39:50.962666
Julian Champagnie,,,6cc5c3b9cfcb1d94bed9f3ca972b3114,2026-06-14,00:40,rebounds,2.5,-750.0,430.0,True,fanduel,2026-06-12T16:39:50.962668
Julian Champagnie,,,6cc5c3b9cfcb1d94bed9f3ca972b3114,2026-06-14,00:40,rebounds,3.5,-265.0,198.0,True,fanduel,2026-06-12T16:39:50.962669
Julian Champagnie,,,6cc5c3b9cfcb1d94bed9f3ca972b3114,2026-06-14,00:40,rebounds,4.5,-122.0,-108.0,True,fanduel,2026-06-12T16:39:50.962671
Julian Champagnie,,,6cc5c3b9cfcb1d94bed9f3ca972b3114,2026-06-14,00:40,rebounds,5.5,172.0,-235.0,True,fanduel,2026-06-12T16:39:50.962673
Julian Champagnie,,,6cc5c3b9cfcb1d94bed9f3ca972b3114,2026-06-14,00:40,rebounds,6.5,320.0,-490.0,True,fanduel,2026-06-12T16:39:50.962677
Julian Champagnie,,,6cc5c3b9cfcb1d94bed9f3ca972b3114,2026-06-14,00:40,rebounds,7.5,600.0,-1200.0,True,fanduel,2026-06-12T16:39:50.962679
Victor Wembanyama,,,6cc5c3b9cfcb1d94bed9f3ca972b3114,2026-06-14,00:40,rebounds,13.5,225.0,-320.0,True,fanduel,2026-06-12T16:39:50.962680
Karl-Anthony Towns,,,6cc5c3b9cfcb1d94bed9f3ca972b3114,2026-06-14,00:40,rebounds,13.5,240.0,-350.0,True,fanduel,2026-06-12T16:39:50.962682
Josh Hart,,,6cc5c3b9cfcb1d94bed9f3ca972b3114,2026-06-14,00:40,rebounds,13.5,900.0,,True,fanduel,2026-06-12T16:39:50.962684
OG Anunoby,,,6cc5c3b9cfcb1d94bed9f3ca972b3114,2026-06-14,00:40,rebounds,3.5,-470.0,310.0,True,fanduel,2026-06-12T16:39:50.962685
Devin Vassell,,,6cc5c3b9cfcb1d94bed9f3ca972b3114,2026-06-14,00:40,rebounds,3.5,-350.0,240.0,True,fanduel,2026-06-12T16:39:50.962687
Stephon Castle,,,6cc5c3b9cfcb1d94bed9f3ca972b3114,2026-06-14,00:40,rebounds,3.5,-360.0,240.0,True,fanduel,2026-06-12T16:39:50.962689
Mikal Bridges,,,6cc5c3b9cfcb1d94bed9f3ca972b3114,2026-06-14,00:40,rebounds,3.5,110.0,-146.0,True,fanduel,2026-06-12T16:39:50.962690
De'Aaron Fox,,,6cc5c3b9cfcb1d94bed9f3ca972b3114,2026-06-14,00:40,rebounds,3.5,118.0,,True,fanduel,2026-06-12T16:39:50.962692
Keldon Johnson,,,6cc5c3b9cfcb1d94bed9f3ca972b3114,2026-06-14,00:40,rebounds,3.5,154.0,,True,fanduel,2026-06-12T16:39:50.962694
Jose Alvarado,,,6cc5c3b9cfcb1d94bed9f3ca972b3114,2026-06-14,00:40,rebounds,3.5,560.0,,True,fanduel,2026-06-12T16:39:50.962695
Victor Wembanyama,,,6cc5c3b9cfcb1d94bed9f3ca972b3114,2026-06-14,00:40,rebounds,11.5,-108.0,-122.0,True,fanduel,2026-06-12T16:39:50.962697
Karl-Anthony Towns,,,6cc5c3b9cfcb1d94bed9f3ca972b3114,2026-06-14,00:40,rebounds,11.5,104.0,-138.0,True,fanduel,2026-06-12T16:39:50.962699
Josh Hart,,,6cc5c3b9cfcb1d94bed9f3ca972b3114,2026-06-14,00:40,rebounds,11.5,370.0,-600.0,True,fanduel,2026-06-12T16:39:50.962700
Mitchell Robinson,,,6cc5c3b9cfcb1d94bed9f3ca972b3114,2026-06-14,00:40,rebounds,11.5,1500.0,,True,fanduel,2026-06-12T16:39:50.962702
Dylan Harper,,,6cc5c3b9cfcb1d94bed9f3ca972b3114,2026-06-14,00:40,rebounds,11.5,1700.0,,True,fanduel,2026-06-12T16:39:50.962704
Victor Wembanyama,,,6cc5c3b9cfcb1d94bed9f3ca972b3114,2026-06-14,00:40,rebounds,7.5,-900.0,,True,fanduel,2026-06-12T16:39:50.962705
Karl-Anthony Towns,,,6cc5c3b9cfcb1d94bed9f3ca972b3114,2026-06-14,00:40,rebounds,7.5,-650.0,390.0,True,fanduel,2026-06-12T16:39:50.962707
Josh Hart,,,6cc5c3b9cfcb1d94bed9f3ca972b3114,2026-06-14,00:40,rebounds,7.5,-168.0,126.0,True,fanduel,2026-06-12T16:39:50.962709
OG Anunoby,,,6cc5c3b9cfcb1d94bed9f3ca972b3114,2026-06-14,00:40,rebounds,7.5,360.0,-580.0,True,fanduel,2026-06-12T16:39:50.962710
Stephon Castle,,,6cc5c3b9cfcb1d94bed9f3ca972b3114,2026-06-14,00:40,rebounds,7.5,470.0,-850.0,True,fanduel,2026-06-12T16:39:50.962712
Devin Vassell,,,6cc5c3b9cfcb1d94bed9f3ca972b3114,2026-06-14,00:40,rebounds,7.5,490.0,-900.0,True,fanduel,2026-06-12T16:39:50.962714
Victor Wembanyama,,,6cc5c3b9cfcb1d94bed9f3ca972b3114,2026-06-14,00:40,rebounds,15.5,560.0,-1100.0,True,fanduel,2026-06-12T16:39:50.962715
Karl-Anthony Towns,,,6cc5c3b9cfcb1d94bed9f3ca972b3114,2026-06-14,00:40,rebounds,15.5,560.0,-1100.0,True,fanduel,2026-06-12T16:39:50.962717
Josh Hart,,,6cc5c3b9cfcb1d94bed9f3ca972b3114,2026-06-14,00:40,rebounds,15.5,1800.0,,True,fanduel,2026-06-12T16:39:50.962719
Karl-Anthony Towns,,,6cc5c3b9cfcb1d94bed9f3ca972b3114,2026-06-14,00:40,rebounds,5.5,-4000.0,,True,fanduel,2026-06-12T16:39:50.962720
Josh Hart,,,6cc5c3b9cfcb1d94bed9f3ca972b3114,2026-06-14,00:40,rebounds,5.5,-600.0,370.0,True,fanduel,2026-06-12T16:39:50.962722
OG Anunoby,,,6cc5c3b9cfcb1d94bed9f3ca972b3114,2026-06-14,00:40,rebounds,5.5,104.0,-138.0,True,fanduel,2026-06-12T16:39:50.962724
Devin Vassell,,,6cc5c3b9cfcb1d94bed9f3ca972b3114,2026-06-14,00:40,rebounds,5.5,136.0,-182.0,True,fanduel,2026-06-12T16:39:50.962725
Stephon Castle,,,6cc5c3b9cfcb1d94bed9f3ca972b3114,2026-06-14,00:40,rebounds,5.5,134.0,-180.0,True,fanduel,2026-06-12T16:39:50.962727
Mikal Bridges,,,6cc5c3b9cfcb1d94bed9f3ca972b3114,2026-06-14,00:40,rebounds,5.5,490.0,-900.0,True,fanduel,2026-06-12T16:39:50.962729
De'Aaron Fox,,,6cc5c3b9cfcb1d94bed9f3ca972b3114,2026-06-14,00:40,rebounds,5.5,560.0,,True,fanduel,2026-06-12T16:39:50.962730
Keldon Johnson,,,6cc5c3b9cfcb1d94bed9f3ca972b3114,2026-06-14,00:40,rebounds,5.5,600.0,,True,fanduel,2026-06-12T16:39:50.962732
Luke Kornet,,,6cc5c3b9cfcb1d94bed9f3ca972b3114,2026-06-14,00:40,rebounds,5.5,830.0,,True,fanduel,2026-06-12T16:39:50.962734
Mikal Bridges,,,6cc5c3b9cfcb1d94bed9f3ca972b3114,2026-06-14,00:40,rebounds,1.5,-750.0,430.0,True,fanduel,2026-06-12T16:39:50.962735
Mikal Bridges,,,6cc5c3b9cfcb1d94bed9f3ca972b3114,2026-06-14,00:40,rebounds,2.5,-230.0,168.0,True,fanduel,2026-06-12T16:39:50.962737
Mikal Bridges,,,6cc5c3b9cfcb1d94bed9f3ca972b3114,2026-06-14,00:40,rebounds,4.5,235.0,-340.0,True,fanduel,2026-06-12T16:39:50.962739
Josh Hart,,,6cc5c3b9cfcb1d94bed9f3ca972b3114,2026-06-14,00:40,rebounds,4.5,-1450.0,,True,fanduel,2026-06-12T16:39:50.962741
Josh Hart,,,6cc5c3b9cfcb1d94bed9f3ca972b3114,2026-06-14,00:40,rebounds,6.5,-300.0,210.0,True,fanduel,2026-06-12T16:39:50.962742
Josh Hart,,,6cc5c3b9cfcb1d94bed9f3ca972b3114,2026-06-14,00:40,rebounds,8.5,102.0,-136.0,True,fanduel,2026-06-12T16:39:50.962744
Josh Hart,,,6cc5c3b9cfcb1d94bed9f3ca972b3114,2026-06-14,00:40,rebounds,9.5,146.0,-198.0,True,fanduel,2026-06-12T16:39:50.962746
Josh Hart,,,6cc5c3b9cfcb1d94bed9f3ca972b3114,2026-06-14,00:40,rebounds,10.5,230.0,-330.0,True,fanduel,2026-06-12T16:39:50.962747
Josh Hart,,,6cc5c3b9cfcb1d94bed9f3ca972b3114,2026-06-14,00:40,rebounds,12.5,,-1200.0,True,fanduel,2026-06-12T16:39:50.962749
Victor Wembanyama,,,6cc5c3b9cfcb1d94bed9f3ca972b3114,2026-06-14,00:40,rebounds,8.5,-450.0,300.0,True,fanduel,2026-06-12T16:39:50.962751
Victor Wembanyama,,,6cc5c3b9cfcb1d94bed9f3ca972b3114,2026-06-14,00:40,rebounds,9.5,-310.0,220.0,True,fanduel,2026-06-12T16:39:50.962752
Victor Wembanyama,,,6cc5c3b9cfcb1d94bed9f3ca972b3114,2026-06-14,00:40,rebounds,10.5,-182.0,136.0,True,fanduel,2026-06-12T16:39:50.962754
Victor Wembanyama,,,6cc5c3b9cfcb1d94bed9f3ca972b3114,2026-06-14,00:40,rebounds,12.5,146.0,-198.0,True,fanduel,2026-06-12T16:39:50.962756
Victor Wembanyama,,,6cc5c3b9cfcb1d94bed9f3ca972b3114,2026-06-14,00:40,rebounds,14.5,350.0,-550.0,True,fanduel,2026-06-12T16:39:50.962757
Karl-Anthony Towns,,,6cc5c3b9cfcb1d94bed9f3ca972b3114,2026-06-14,00:40,rebounds,6.5,-1450.0,,True,fanduel,2026-06-12T16:39:50.962759
Karl-Anthony Towns,,,6cc5c3b9cfcb1d94bed9f3ca972b3114,2026-06-14,00:40,rebounds,8.5,-350.0,240.0,True,fanduel,2026-06-12T16:39:50.962761
Karl-Anthony Towns,,,6cc5c3b9cfcb1d94bed9f3ca972b3114,2026-06-14,00:40,rebounds,9.5,-250.0,188.0,True,fanduel,2026-06-12T16:39:50.962765
Karl-Anthony Towns,,,6cc5c3b9cfcb1d94bed9f3ca972b3114,2026-06-14,00:40,rebounds,10.5,-154.0,116.0,True,fanduel,2026-06-12T16:39:50.962767
Karl-Anthony Towns,,,6cc5c3b9cfcb1d94bed9f3ca972b3114,2026-06-14,00:40,rebounds,12.5,164.0,-225.0,True,fanduel,2026-06-12T16:39:50.962768
Karl-Anthony Towns,,,6cc5c3b9cfcb1d94bed9f3ca972b3114,2026-06-14,00:40,rebounds,14.5,360.0,-580.0,True,fanduel,2026-06-12T16:39:50.962770
Stephon Castle,,,6cc5c3b9cfcb1d94bed9f3ca972b3114,2026-06-14,00:40,rebounds,2.5,-1100.0,,True,fanduel,2026-06-12T16:39:50.962772
Stephon Castle,,,6cc5c3b9cfcb1d94bed9f3ca972b3114,2026-06-14,00:40,rebounds,4.5,-158.0,118.0,True,fanduel,2026-06-12T16:39:50.962773
Stephon Castle,,,6cc5c3b9cfcb1d94bed9f3ca972b3114,2026-06-14,00:40,rebounds,6.5,255.0,-360.0,True,fanduel,2026-06-12T16:39:50.962775
Dylan Harper,,,6cc5c3b9cfcb1d94bed9f3ca972b3114,2026-06-14,00:40,rebounds,9.5,630.0,,True,fanduel,2026-06-12T16:39:50.962776
Mitchell Robinson,,,6cc5c3b9cfcb1d94bed9f3ca972b3114,2026-06-14,00:40,rebounds,9.5,750.0,,True,fanduel,2026-06-12T16:39:50.962778
OG Anunoby,,,6cc5c3b9cfcb1d94bed9f3ca972b3114,2026-06-14,00:40,rebounds,9.5,1060.0,,True,fanduel,2026-06-12T16:39:50.962780
Stephon Castle,,,6cc5c3b9cfcb1d94bed9f3ca972b3114,2026-06-14,00:40,rebounds,9.5,1200.0,,True,fanduel,2026-06-12T16:39:50.962782
Devin Vassell,,,6cc5c3b9cfcb1d94bed9f3ca972b3114,2026-06-14,00:40,rebounds,9.5,1300.0,,True,fanduel,2026-06-12T16:39:50.962783
Julian Champagnie,,,6cc5c3b9cfcb1d94bed9f3ca972b3114,2026-06-14,00:40,rebounds,9.5,1500.0,,True,fanduel,2026-06-12T16:39:50.962785
Devin Vassell,,,6cc5c3b9cfcb1d94bed9f3ca972b3114,2026-06-14,00:40,rebounds,2.5,-1200.0,,True,fanduel,2026-06-12T16:39:50.962787
Devin Vassell,,,6cc5c3b9cfcb1d94bed9f3ca972b3114,2026-06-14,00:40,rebounds,4.5,-152.0,114.0,True,fanduel,2026-06-12T16:39:50.962788
Devin Vassell,,,6cc5c3b9cfcb1d94bed9f3ca972b3114,2026-06-14,00:40,rebounds,6.5,250.0,-360.0,True,fanduel,2026-06-12T16:39:50.962790
OG Anunoby,,,6cc5c3b9cfcb1d94bed9f3ca972b3114,2026-06-14,00:40,rebounds,4.5,-210.0,154.0,True,fanduel,2026-06-12T16:39:50.962792
OG Anunoby,,,6cc5c3b9cfcb1d94bed9f3ca972b3114,2026-06-14,00:40,rebounds,6.5,200.0,-280.0,True,fanduel,2026-06-12T16:39:50.962793
OG Anunoby,,,6cc5c3b9cfcb1d94bed9f3ca972b3114,2026-06-14,00:40,rebounds,8.5,,-1450.0,True,fanduel,2026-06-12T16:39:50.962795
Karl-Anthony Towns,,,6cc5c3b9cfcb1d94bed9f3ca972b3114,2026-06-14,00:40,threes,1.5,140.0,-188.0,False,fanduel,2026-06-12T16:39:50.962812
Stephon Castle,,,6cc5c3b9cfcb1d94bed9f3ca972b3114,2026-06-14,00:40,threes,1.5,138.0,-186.0,False,fanduel,2026-06-12T16:39:50.962813
Victor Wembanyama,,,6cc5c3b9cfcb1d94bed9f3ca972b3114,2026-06-14,00:40,threes,1.5,-200.0,148.0,False,fanduel,2026-06-12T16:39:50.962815
Dylan Harper,,,6cc5c3b9cfcb1d94bed9f3ca972b3114,2026-06-14,00:40,threes,1.5,108.0,-144.0,False,fanduel,2026-06-12T16:39:50.962817
OG Anunoby,,,6cc5c3b9cfcb1d94bed9f3ca972b3114,2026-06-14,00:40,threes,2.5,100.0,-132.0,False,fanduel,2026-06-12T16:39:50.962818
De'Aaron Fox,,,6cc5c3b9cfcb1d94bed9f3ca972b3114,2026-06-14,00:40,threes,1.5,136.0,-182.0,False,fanduel,2026-06-12T16:39:50.962820
Landry Shamet,,,6cc5c3b9cfcb1d94bed9f3ca972b3114,2026-06-14,00:40,threes,1.5,-125.0,-104.0,False,fanduel,2026-06-12T16:39:50.962822
Jalen Brunson,,,6cc5c3b9cfcb1d94bed9f3ca972b3114,2026-06-14,00:40,threes,2.5,118.0,-158.0,False,fanduel,2026-06-12T16:39:50.962823
Mikal Bridges,,,6cc5c3b9cfcb1d94bed9f3ca972b3114,2026-06-14,00:40,threes,1.5,118.0,-158.0,False,fanduel,2026-06-12T16:39:50.962825
Josh Hart,,,6cc5c3b9cfcb1d94bed9f3ca972b3114,2026-06-14,00:40,threes,1.5,128.0,-172.0,False,fanduel,2026-06-12T16:39:50.962826
OG Anunoby,,,6cc5c3b9cfcb1d94bed9f3ca972b3114,2026-06-14,00:40,threes,3.5,240.0,-350.0,True,fanduel,2026-06-12T16:39:50.962882
Jalen Brunson,,,6cc5c3b9cfcb1d94bed9f3ca972b3114,2026-06-14,00:40,threes,3.5,280.0,-420.0,True,fanduel,2026-06-12T16:39:50.962884
Devin Vassell,,,6cc5c3b9cfcb1d94bed9f3ca972b3114,2026-06-14,00:40,threes,3.5,280.0,-420.0,True,fanduel,2026-06-12T16:39:50.962886
Julian Champagnie,,,6cc5c3b9cfcb1d94bed9f3ca972b3114,2026-06-14,00:40,threes,3.5,330.0,,True,fanduel,2026-06-12T16:39:50.962887
Victor Wembanyama,,,6cc5c3b9cfcb1d94bed9f3ca972b3114,2026-06-14,00:40,threes,3.5,400.0,-670.0,True,fanduel,2026-06-12T16:39:50.962889
Landry Shamet,,,6cc5c3b9cfcb1d94bed9f3ca972b3114,2026-06-14,00:40,threes,3.5,600.0,-1200.0,True,fanduel,2026-06-12T16:39:50.962891
Dylan Harper,,,6cc5c3b9cfcb1d94bed9f3ca972b3114,2026-06-14,00:40,threes,3.5,900.0,,True,fanduel,2026-06-12T16:39:50.962893
Mikal Bridges,,,6cc5c3b9cfcb1d94bed9f3ca972b3114,2026-06-14,00:40,threes,3.5,1060.0,,True,fanduel,2026-06-12T16:39:50.962894
Josh Hart,,,6cc5c3b9cfcb1d94bed9f3ca972b3114,2026-06-14,00:40,threes,3.5,1100.0,,True,fanduel,2026-06-12T16:39:50.962896
De'Aaron Fox,,,6cc5c3b9cfcb1d94bed9f3ca972b3114,2026-06-14,00:40,threes,3.5,1100.0,,True,fanduel,2026-06-12T16:39:50.962898
Karl-Anthony Towns,,,6cc5c3b9cfcb1d94bed9f3ca972b3114,2026-06-14,00:40,threes,3.5,1200.0,,True,fanduel,2026-06-12T16:39:50.962899
Stephon Castle,,,6cc5c3b9cfcb1d94bed9f3ca972b3114,2026-06-14,00:40,threes,3.5,1300.0,,True,fanduel,2026-06-12T16:39:50.962903
OG Anunoby,,,6cc5c3b9cfcb1d94bed9f3ca972b3114,2026-06-14,00:40,threes,5.5,1200.0,,True,fanduel,2026-06-12T16:39:50.962905
Jalen Brunson,,,6cc5c3b9cfcb1d94bed9f3ca972b3114,2026-06-14,00:40,threes,5.5,1400.0,,True,fanduel,2026-06-12T16:39:50.962907
Devin Vassell,,,6cc5c3b9cfcb1d94bed9f3ca972b3114,2026-06-14,00:40,threes,5.5,1400.0,,True,fanduel,2026-06-12T16:39:50.962908
Victor Wembanyama,,,6cc5c3b9cfcb1d94bed9f3ca972b3114,2026-06-14,00:40,threes,5.5,1800.0,,True,fanduel,2026-06-12T16:39:50.962910
Julian Champagnie,,,6cc5c3b9cfcb1d94bed9f3ca972b3114,2026-06-14,00:40,threes,5.5,1500.0,,True,fanduel,2026-06-12T16:39:50.962912
Mikal Bridges,,,6cc5c3b9cfcb1d94bed9f3ca972b3114,2026-06-14,00:40,threes,0.5,-430.0,290.0,True,fanduel,2026-06-12T16:39:50.962914
Mikal Bridges,,,6cc5c3b9cfcb1d94bed9f3ca972b3114,2026-06-14,00:40,threes,1.5,122.0,-158.0,True,fanduel,2026-06-12T16:39:50.962915
Mikal Bridges,,,6cc5c3b9cfcb1d94bed9f3ca972b3114,2026-06-14,00:40,threes,2.5,370.0,-600.0,True,fanduel,2026-06-12T16:39:50.962917
Josh Hart,,,6cc5c3b9cfcb1d94bed9f3ca972b3114,2026-06-14,00:40,threes,0.5,-390.0,270.0,True,fanduel,2026-06-12T16:39:50.962919
Josh Hart,,,6cc5c3b9cfcb1d94bed9f3ca972b3114,2026-06-14,00:40,threes,1.5,130.0,-172.0,True,fanduel,2026-06-12T16:39:50.962920
Josh Hart,,,6cc5c3b9cfcb1d94bed9f3ca972b3114,2026-06-14,00:40,threes,2.5,420.0,-670.0,True,fanduel,2026-06-12T16:39:50.962924
OG Anunoby,,,6cc5c3b9cfcb1d94bed9f3ca972b3114,2026-06-14,00:40,threes,1.5,-320.0,225.0,True,fanduel,2026-06-12T16:39:50.962926
Jalen Brunson,,,6cc5c3b9cfcb1d94bed9f3ca972b3114,2026-06-14,00:40,threes,1.5,-270.0,194.0,True,fanduel,2026-06-12T16:39:50.962928
Devin Vassell,,,6cc5c3b9cfcb1d94bed9f3ca972b3114,2026-06-14,00:40,threes,1.5,-275.0,198.0,True,fanduel,2026-06-12T16:39:50.962929
Julian Champagnie,,,6cc5c3b9cfcb1d94bed9f3ca972b3114,2026-06-14,00:40,threes,1.5,-235.0,,True,fanduel,2026-06-12T16:39:50.962931
Victor Wembanyama,,,6cc5c3b9cfcb1d94bed9f3ca972b3114,2026-06-14,00:40,threes,1.5,-200.0,148.0,True,fanduel,2026-06-12T16:39:50.962933
Landry Shamet,,,6cc5c3b9cfcb1d94bed9f3ca972b3114,2026-06-14,00:40,threes,1.5,-125.0,-104.0,True,fanduel,2026-06-12T16:39:50.962934
Dylan Harper,,,6cc5c3b9cfcb1d94bed9f3ca972b3114,2026-06-14,00:40,threes,1.5,108.0,-144.0,True,fanduel,2026-06-12T16:39:50.962936
De'Aaron Fox,,,6cc5c3b9cfcb1d94bed9f3ca972b3114,2026-06-14,00:40,threes,1.5,138.0,,True,fanduel,2026-06-12T16:39:50.962938
Karl-Anthony Towns,,,6cc5c3b9cfcb1d94bed9f3ca972b3114,2026-06-14,00:40,threes,1.5,140.0,-188.0,True,fanduel,2026-06-12T16:39:50.962939
Stephon Castle,,,6cc5c3b9cfcb1d94bed9f3ca972b3114,2026-06-14,00:40,threes,1.5,140.0,,True,fanduel,2026-06-12T16:39:50.962941
Jose Alvarado,,,6cc5c3b9cfcb1d94bed9f3ca972b3114,2026-06-14,00:40,threes,1.5,360.0,,True,fanduel,2026-06-12T16:39:50.962943
OG Anunoby,,,6cc5c3b9cfcb1d94bed9f3ca972b3114,2026-06-14,00:40,threes,2.5,100.0,-132.0,True,fanduel,2026-06-12T16:39:50.962945
Devin Vassell,,,6cc5c3b9cfcb1d94bed9f3ca972b3114,2026-06-14,00:40,threes,2.5,116.0,-154.0,True,fanduel,2026-06-12T16:39:50.962946
Jalen Brunson,,,6cc5c3b9cfcb1d94bed9f3ca972b3114,2026-06-14,00:40,threes,2.5,118.0,-158.0,True,fanduel,2026-06-12T16:39:50.962948
Julian Champagnie,,,6cc5c3b9cfcb1d94bed9f3ca972b3114,2026-06-14,00:40,threes,2.5,132.0,,True,fanduel,2026-06-12T16:39:50.962950
Victor Wembanyama,,,6cc5c3b9cfcb1d94bed9f3ca972b3114,2026-06-14,00:40,threes,2.5,158.0,-215.0,True,fanduel,2026-06-12T16:39:50.962951
Landry Shamet,,,6cc5c3b9cfcb1d94bed9f3ca972b3114,2026-06-14,00:40,threes,2.5,235.0,-340.0,True,fanduel,2026-06-12T16:39:50.962953
Dylan Harper,,,6cc5c3b9cfcb1d94bed9f3ca972b3114,2026-06-14,00:40,threes,2.5,320.0,-500.0,True,fanduel,2026-06-12T16:39:50.962955
De'Aaron Fox,,,6cc5c3b9cfcb1d94bed9f3ca972b3114,2026-06-14,00:40,threes,2.5,430.0,,True,fanduel,2026-06-12T16:39:50.962956
Stephon Castle,,,6cc5c3b9cfcb1d94bed9f3ca972b3114,2026-06-14,00:40,threes,2.5,440.0,,True,fanduel,2026-06-12T16:39:50.962958
Karl-Anthony Towns,,,6cc5c3b9cfcb1d94bed9f3ca972b3114,2026-06-14,00:40,threes,2.5,410.0,-700.0,True,fanduel,2026-06-12T16:39:50.962962
Jose Alvarado,,,6cc5c3b9cfcb1d94bed9f3ca972b3114,2026-06-14,00:40,threes,2.5,1200.0,,True,fanduel,2026-06-12T16:39:50.962964
OG Anunoby,,,6cc5c3b9cfcb1d94bed9f3ca972b3114,2026-06-14,00:40,threes,0.5,-2500.0,,True,fanduel,2026-06-12T16:39:50.962965
Jalen Brunson,,,6cc5c3b9cfcb1d94bed9f3ca972b3114,2026-06-14,00:40,threes,0.5,-1800.0,,True,fanduel,2026-06-12T16:39:50.962967
Devin Vassell,,,6cc5c3b9cfcb1d94bed9f3ca972b3114,2026-06-14,00:40,threes,0.5,-1800.0,,True,fanduel,2026-06-12T16:39:50.962969
Julian Champagnie,,,6cc5c3b9cfcb1d94bed9f3ca972b3114,2026-06-14,00:40,threes,0.5,-1450.0,,True,fanduel,2026-06-12T16:39:50.962970
Victor Wembanyama,,,6cc5c3b9cfcb1d94bed9f3ca972b3114,2026-06-14,00:40,threes,0.5,-1400.0,,True,fanduel,2026-06-12T16:39:50.962972
Landry Shamet,,,6cc5c3b9cfcb1d94bed9f3ca972b3114,2026-06-14,00:40,threes,0.5,-600.0,370.0,True,fanduel,2026-06-12T16:39:50.962974
Dylan Harper,,,6cc5c3b9cfcb1d94bed9f3ca972b3114,2026-06-14,00:40,threes,0.5,-450.0,300.0,True,fanduel,2026-06-12T16:39:50.962978
De'Aaron Fox,,,6cc5c3b9cfcb1d94bed9f3ca972b3114,2026-06-14,00:40,threes,0.5,-360.0,,True,fanduel,2026-06-12T16:39:50.962979
Karl-Anthony Towns,,,6cc5c3b9cfcb1d94bed9f3ca972b3114,2026-06-14,00:40,threes,0.5,-360.0,250.0,True,fanduel,2026-06-12T16:39:50.962981
Stephon Castle,,,6cc5c3b9cfcb1d94bed9f3ca972b3114,2026-06-14,00:40,threes,0.5,-350.0,,True,fanduel,2026-06-12T16:39:50.962983
Jose Alvarado,,,6cc5c3b9cfcb1d94bed9f3ca972b3114,2026-06-14,00:40,threes,0.5,-130.0,,True,fanduel,2026-06-12T16:39:50.962984
OG Anunoby,,,6cc5c3b9cfcb1d94bed9f3ca972b3114,2026-06-14,00:40,threes,4.5,650.0,-1200.0,True,fanduel,2026-06-12T16:39:50.962986
Jalen Brunson,,,6cc5c3b9cfcb1d94bed9f3ca972b3114,2026-06-14,00:40,threes,4.5,700.0,,True,fanduel,2026-06-12T16:39:50.962988
Julian Champagnie,,,6cc5c3b9cfcb1d94bed9f3ca972b3114,2026-06-14,00:40,threes,4.5,750.0,,True,fanduel,2026-06-12T16:39:50.962989
Devin Vassell,,,6cc5c3b9cfcb1d94bed9f3ca972b3114,2026-06-14,00:40,threes,4.5,750.0,-1450.0,True,fanduel,2026-06-12T16:39:50.962991
Victor Wembanyama,,,6cc5c3b9cfcb1d94bed9f3ca972b3114,2026-06-14,00:40,threes,4.5,1000.0,,True,fanduel,2026-06-12T16:39:50.962993
Landry Shamet,,,6cc5c3b9cfcb1d94bed9f3ca972b3114,2026-06-14,00:40,threes,4.5,1500.0,,True,fanduel,2026-06-12T16:39:50.962994
Dylan Harper,,,6cc5c3b9cfcb1d94bed9f3ca972b3114,2026-06-14,00:40,threes,4.5,2500.0,,True,fanduel,2026-06-12T16:39:50.962996
OG Anunoby,,,6cc5c3b9cfcb1d94bed9f3ca972b3114,2026-06-14,00:40,threes,6.5,3000.0,,True,fanduel,2026-06-12T16:39:50.962997
Jalen Brunson,,,6cc5c3b9cfcb1d94bed9f3ca972b3114,2026-06-14,00:40,threes,6.5,3500.0,,True,fanduel,2026-06-12T16:39:50.962999
Julian Champagnie,,,6cc5c3b9cfcb1d94bed9f3ca972b3114,2026-06-14,00:40,threes,6.5,3500.0,,True,fanduel,2026-06-12T16:39:50.963001
Devin Vassell,,,6cc5c3b9cfcb1d94bed9f3ca972b3114,2026-06-14,00:40,threes,6.5,3500.0,,True,fanduel,2026-06-12T16:39:50.963002
Stephon Castle,,,6cc5c3b9cfcb1d94bed9f3ca972b3114,2026-06-14,00:40,assists,6.5,-113.0,-117.0,False,draftkings,2026-06-12T16:39:50.963023
De'Aaron Fox,,,6cc5c3b9cfcb1d94bed9f3ca972b3114,2026-06-14,00:40,assists,6.5,101.0,-133.0,False,draftkings,2026-06-12T16:39:50.963036
Jalen Brunson,,,6cc5c3b9cfcb1d94bed9f3ca972b3114,2026-06-14,00:40,assists,5.5,-140.0,106.0,False,draftkings,2026-06-12T16:39:50.963038
Josh Hart,,,6cc5c3b9cfcb1d94bed9f3ca972b3114,2026-06-14,00:40,assists,4.5,-130.0,-101.0,False,draftkings,2026-06-12T16:39:50.963040
Karl-Anthony Towns,,,6cc5c3b9cfcb1d94bed9f3ca972b3114,2026-06-14,00:40,assists,3.5,-126.0,-104.0,False,draftkings,2026-06-12T16:39:50.963041
Victor Wembanyama,,,6cc5c3b9cfcb1d94bed9f3ca972b3114,2026-06-14,00:40,assists,3.5,114.0,-150.0,False,draftkings,2026-06-12T16:39:50.963043
Dylan Harper,,,6cc5c3b9cfcb1d94bed9f3ca972b3114,2026-06-14,00:40,assists,3.5,121.0,-159.0,False,draftkings,2026-06-12T16:39:50.963045
Mikal Bridges,,,6cc5c3b9cfcb1d94bed9f3ca972b3114,2026-06-14,00:40,assists,2.5,-128.0,-103.0,False,draftkings,2026-06-12T16:39:50.963049
Devin Vassell,,,6cc5c3b9cfcb1d94bed9f3ca972b3114,2026-06-14,00:40,assists,2.5,103.0,-136.0,False,draftkings,2026-06-12T16:39:50.963053
Jose Alvarado,,,6cc5c3b9cfcb1d94bed9f3ca972b3114,2026-06-14,00:40,assists,1.5,-125.0,-105.0,False,draftkings,2026-06-12T16:39:50.963054
OG Anunoby,,,6cc5c3b9cfcb1d94bed9f3ca972b3114,2026-06-14,00:40,assists,1.5,-106.0,-124.0,False,draftkings,2026-06-12T16:39:50.963056
Julian Champagnie,,,6cc5c3b9cfcb1d94bed9f3ca972b3114,2026-06-14,00:40,assists,1.5,166.0,-222.0,False,draftkings,2026-06-12T16:39:50.963058
Landry Shamet,,,6cc5c3b9cfcb1d94bed9f3ca972b3114,2026-06-14,00:40,assists,1.5,168.0,-224.0,False,draftkings,2026-06-12T16:39:50.963059
Keldon Johnson,,,6cc5c3b9cfcb1d94bed9f3ca972b3114,2026-06-14,00:40,assists,0.5,-147.0,111.0,False,draftkings,2026-06-12T16:39:50.963061
Miles McBride,,,6cc5c3b9cfcb1d94bed9f3ca972b3114,2026-06-14,00:40,assists,0.5,-106.0,-124.0,False,draftkings,2026-06-12T16:39:50.963063
Mitchell Robinson,,,6cc5c3b9cfcb1d94bed9f3ca972b3114,2026-06-14,00:40,assists,0.5,183.0,-246.0,False,draftkings,2026-06-12T16:39:50.963064
Stephon Castle,,,6cc5c3b9cfcb1d94bed9f3ca972b3114,2026-06-14,00:40,assists,3.5,-1240.0,,True,draftkings,2026-06-12T16:39:50.963110
Stephon Castle,,,6cc5c3b9cfcb1d94bed9f3ca972b3114,2026-06-14,00:40,assists,4.5,-466.0,,True,draftkings,2026-06-12T16:39:50.963112
Stephon Castle,,,6cc5c3b9cfcb1d94bed9f3ca972b3114,2026-06-14,00:40,assists,5.5,-218.0,,True,draftkings,2026-06-12T16:39:50.963114
Stephon Castle,,,6cc5c3b9cfcb1d94bed9f3ca972b3114,2026-06-14,00:40,assists,6.5,-114.0,,True,draftkings,2026-06-12T16:39:50.963115
Stephon Castle,,,6cc5c3b9cfcb1d94bed9f3ca972b3114,2026-06-14,00:40,assists,7.5,166.0,,True,draftkings,2026-06-12T16:39:50.963117
Stephon Castle,,,6cc5c3b9cfcb1d94bed9f3ca972b3114,2026-06-14,00:40,assists,8.5,293.0,,True,draftkings,2026-06-12T16:39:50.963119
Stephon Castle,,,6cc5c3b9cfcb1d94bed9f3ca972b3114,2026-06-14,00:40,assists,9.5,523.0,,True,draftkings,2026-06-12T16:39:50.963121
Stephon Castle,,,6cc5c3b9cfcb1d94bed9f3ca972b3114,2026-06-14,00:40,assists,10.5,920.0,,True,draftkings,2026-06-12T16:39:50.963122
Stephon Castle,,,6cc5c3b9cfcb1d94bed9f3ca972b3114,2026-06-14,00:40,assists,11.5,1520.0,,True,draftkings,2026-06-12T16:39:50.963124
Stephon Castle,,,6cc5c3b9cfcb1d94bed9f3ca972b3114,2026-06-14,00:40,assists,12.5,2300.0,,True,draftkings,2026-06-12T16:39:50.963128
De'Aaron Fox,,,6cc5c3b9cfcb1d94bed9f3ca972b3114,2026-06-14,00:40,assists,3.5,-1020.0,,True,draftkings,2026-06-12T16:39:50.963130
De'Aaron Fox,,,6cc5c3b9cfcb1d94bed9f3ca972b3114,2026-06-14,00:40,assists,4.5,-402.0,,True,draftkings,2026-06-12T16:39:50.963131
De'Aaron Fox,,,6cc5c3b9cfcb1d94bed9f3ca972b3114,2026-06-14,00:40,assists,5.5,-194.0,,True,draftkings,2026-06-12T16:39:50.963133
De'Aaron Fox,,,6cc5c3b9cfcb1d94bed9f3ca972b3114,2026-06-14,00:40,assists,6.5,101.0,,True,draftkings,2026-06-12T16:39:50.963135
De'Aaron Fox,,,6cc5c3b9cfcb1d94bed9f3ca972b3114,2026-06-14,00:40,assists,7.5,185.0,,True,draftkings,2026-06-12T16:39:50.963136
De'Aaron Fox,,,6cc5c3b9cfcb1d94bed9f3ca972b3114,2026-06-14,00:40,assists,8.5,328.0,,True,draftkings,2026-06-12T16:39:50.963138
De'Aaron Fox,,,6cc5c3b9cfcb1d94bed9f3ca972b3114,2026-06-14,00:40,assists,9.5,575.0,,True,draftkings,2026-06-12T16:39:50.963140
De'Aaron Fox,,,6cc5c3b9cfcb1d94bed9f3ca972b3114,2026-06-14,00:40,assists,10.5,980.0,,True,draftkings,2026-06-12T16:39:50.963141
De'Aaron Fox,,,6cc5c3b9cfcb1d94bed9f3ca972b3114,2026-06-14,00:40,assists,11.5,1620.0,,True,draftkings,2026-06-12T16:39:50.963145
De'Aaron Fox,,,6cc5c3b9cfcb1d94bed9f3ca972b3114,2026-06-14,00:40,assists,12.5,2500.0,,True,draftkings,2026-06-12T16:39:50.963147
Jalen Brunson,,,6cc5c3b9cfcb1d94bed9f3ca972b3114,2026-06-14,00:40,assists,2.5,-2000.0,,True,draftkings,2026-06-12T16:39:50.963148
Jalen Brunson,,,6cc5c3b9cfcb1d94bed9f3ca972b3114,2026-06-14,00:40,assists,3.5,-640.0,,True,draftkings,2026-06-12T16:39:50.963150
Jalen Brunson,,,6cc5c3b9cfcb1d94bed9f3ca972b3114,2026-06-14,00:40,assists,4.5,-277.0,,True,draftkings,2026-06-12T16:39:50.963152
Jalen Brunson,,,6cc5c3b9cfcb1d94bed9f3ca972b3114,2026-06-14,00:40,assists,5.5,-140.0,,True,draftkings,2026-06-12T16:39:50.963154
Jalen Brunson,,,6cc5c3b9cfcb1d94bed9f3ca972b3114,2026-06-14,00:40,assists,6.5,132.0,,True,draftkings,2026-06-12T16:39:50.963155
Jalen Brunson,,,6cc5c3b9cfcb1d94bed9f3ca972b3114,2026-06-14,00:40,assists,7.5,240.0,,True,draftkings,2026-06-12T16:39:50.963157
Jalen Brunson,,,6cc5c3b9cfcb1d94bed9f3ca972b3114,2026-06-14,00:40,assists,8.5,428.0,,True,draftkings,2026-06-12T16:39:50.963159
Jalen Brunson,,,6cc5c3b9cfcb1d94bed9f3ca972b3114,2026-06-14,00:40,assists,9.5,760.0,,True,draftkings,2026-06-12T16:39:50.963160
Jalen Brunson,,,6cc5c3b9cfcb1d94bed9f3ca972b3114,2026-06-14,00:40,assists,10.5,1280.0,,True,draftkings,2026-06-12T16:39:50.963162
Jalen Brunson,,,6cc5c3b9cfcb1d94bed9f3ca972b3114,2026-06-14,00:40,assists,11.5,2000.0,,True,draftkings,2026-06-12T16:39:50.963164
Jalen Brunson,,,6cc5c3b9cfcb1d94bed9f3ca972b3114,2026-06-14,00:40,assists,12.5,2800.0,,True,draftkings,2026-06-12T16:39:50.963165
Josh Hart,,,6cc5c3b9cfcb1d94bed9f3ca972b3114,2026-06-14,00:40,assists,2.5,-820.0,,True,draftkings,2026-06-12T16:39:50.963167
Josh Hart,,,6cc5c3b9cfcb1d94bed9f3ca972b3114,2026-06-14,00:40,assists,3.5,-294.0,,True,draftkings,2026-06-12T16:39:50.963169
Josh Hart,,,6cc5c3b9cfcb1d94bed9f3ca972b3114,2026-06-14,00:40,assists,4.5,-132.0,,True,draftkings,2026-06-12T16:39:50.963170
Josh Hart,,,6cc5c3b9cfcb1d94bed9f3ca972b3114,2026-06-14,00:40,assists,5.5,154.0,,True,draftkings,2026-06-12T16:39:50.963172
Josh Hart,,,6cc5c3b9cfcb1d94bed9f3ca972b3114,2026-06-14,00:40,assists,6.5,295.0,,True,draftkings,2026-06-12T16:39:50.963174
Josh Hart,,,6cc5c3b9cfcb1d94bed9f3ca972b3114,2026-06-14,00:40,assists,7.5,562.0,,True,draftkings,2026-06-12T16:39:50.963175
Josh Hart,,,6cc5c3b9cfcb1d94bed9f3ca972b3114,2026-06-14,00:40,assists,8.5,1020.0,,True,draftkings,2026-06-12T16:39:50.963177
Josh Hart,,,6cc5c3b9cfcb1d94bed9f3ca972b3114,2026-06-14,00:40,assists,9.5,1860.0,,True,draftkings,2026-06-12T16:39:50.963179
Josh Hart,,,6cc5c3b9cfcb1d94bed9f3ca972b3114,2026-06-14,00:40,assists,10.5,2800.0,,True,draftkings,2026-06-12T16:39:50.963180
Karl-Anthony Towns,,,6cc5c3b9cfcb1d94bed9f3ca972b3114,2026-06-14,00:40,assists,2.5,-317.0,,True,draftkings,2026-06-12T16:39:50.963182
Karl-Anthony Towns,,,6cc5c3b9cfcb1d94bed9f3ca972b3114,2026-06-14,00:40,assists,3.5,-128.0,,True,draftkings,2026-06-12T16:39:50.963188
Karl-Anthony Towns,,,6cc5c3b9cfcb1d94bed9f3ca972b3114,2026-06-14,00:40,assists,4.5,174.0,,True,draftkings,2026-06-12T16:39:50.963190
Karl-Anthony Towns,,,6cc5c3b9cfcb1d94bed9f3ca972b3114,2026-06-14,00:40,assists,5.5,366.0,,True,draftkings,2026-06-12T16:39:50.963191
Karl-Anthony Towns,,,6cc5c3b9cfcb1d94bed9f3ca972b3114,2026-06-14,00:40,assists,6.5,730.0,,True,draftkings,2026-06-12T16:39:50.963193
Karl-Anthony Towns,,,6cc5c3b9cfcb1d94bed9f3ca972b3114,2026-06-14,00:40,assists,7.5,1400.0,,True,draftkings,2026-06-12T16:39:50.963195
Karl-Anthony Towns,,,6cc5c3b9cfcb1d94bed9f3ca972b3114,2026-06-14,00:40,assists,8.5,2400.0,,True,draftkings,2026-06-12T16:39:50.963196
Victor Wembanyama,,,6cc5c3b9cfcb1d94bed9f3ca972b3114,2026-06-14,00:40,assists,2.5,-224.0,,True,draftkings,2026-06-12T16:39:50.963198
Victor Wembanyama,,,6cc5c3b9cfcb1d94bed9f3ca972b3114,2026-06-14,00:40,assists,3.5,112.0,,True,draftkings,2026-06-12T16:39:50.963200
Victor Wembanyama,,,6cc5c3b9cfcb1d94bed9f3ca972b3114,2026-06-14,00:40,assists,4.5,250.0,,True,draftkings,2026-06-12T16:39:50.963201
Victor Wembanyama,,,6cc5c3b9cfcb1d94bed9f3ca972b3114,2026-06-14,00:40,assists,5.5,537.0,,True,draftkings,2026-06-12T16:39:50.963203
Victor Wembanyama,,,6cc5c3b9cfcb1d94bed9f3ca972b3114,2026-06-14,00:40,assists,6.5,1080.0,,True,draftkings,2026-06-12T16:39:50.963205
Victor Wembanyama,,,6cc5c3b9cfcb1d94bed9f3ca972b3114,2026-06-14,00:40,assists,7.5,2000.0,,True,draftkings,2026-06-12T16:39:50.963206
Dylan Harper,,,6cc5c3b9cfcb1d94bed9f3ca972b3114,2026-06-14,00:40,assists,2.5,-208.0,,True,draftkings,2026-06-12T16:39:50.963208
Dylan Harper,,,6cc5c3b9cfcb1d94bed9f3ca972b3114,2026-06-14,00:40,assists,3.5,121.0,,True,draftkings,2026-06-12T16:39:50.963210
Dylan Harper,,,6cc5c3b9cfcb1d94bed9f3ca972b3114,2026-06-14,00:40,assists,4.5,270.0,,True,draftkings,2026-06-12T16:39:50.963211
Dylan Harper,,,6cc5c3b9cfcb1d94bed9f3ca972b3114,2026-06-14,00:40,assists,5.5,578.0,,True,draftkings,2026-06-12T16:39:50.963213
Dylan Harper,,,6cc5c3b9cfcb1d94bed9f3ca972b3114,2026-06-14,00:40,assists,6.5,1160.0,,True,draftkings,2026-06-12T16:39:50.963215
Dylan Harper,,,6cc5c3b9cfcb1d94bed9f3ca972b3114,2026-06-14,00:40,assists,7.5,2100.0,,True,draftkings,2026-06-12T16:39:50.963216
Mikal Bridges,,,6cc5c3b9cfcb1d94bed9f3ca972b3114,2026-06-14,00:40,assists,2.5,-128.0,,True,draftkings,2026-06-12T16:39:50.963218
Mikal Bridges,,,6cc5c3b9cfcb1d94bed9f3ca972b3114,2026-06-14,00:40,assists,3.5,194.0,,True,draftkings,2026-06-12T16:39:50.963220
Mikal Bridges,,,6cc5c3b9cfcb1d94bed9f3ca972b3114,2026-06-14,00:40,assists,4.5,442.0,,True,draftkings,2026-06-12T16:39:50.963221
Mikal Bridges,,,6cc5c3b9cfcb1d94bed9f3ca972b3114,2026-06-14,00:40,assists,5.5,950.0,,True,draftkings,2026-06-12T16:39:50.963223
Mikal Bridges,,,6cc5c3b9cfcb1d94bed9f3ca972b3114,2026-06-14,00:40,assists,6.5,1860.0,,True,draftkings,2026-06-12T16:39:50.963225
Devin Vassell,,,6cc5c3b9cfcb1d94bed9f3ca972b3114,2026-06-14,00:40,assists,2.5,106.0,,True,draftkings,2026-06-12T16:39:50.963226
Devin Vassell,,,6cc5c3b9cfcb1d94bed9f3ca972b3114,2026-06-14,00:40,assists,3.5,270.0,,True,draftkings,2026-06-12T16:39:50.963228
Devin Vassell,,,6cc5c3b9cfcb1d94bed9f3ca972b3114,2026-06-14,00:40,assists,4.5,650.0,,True,draftkings,2026-06-12T16:39:50.963230
Devin Vassell,,,6cc5c3b9cfcb1d94bed9f3ca972b3114,2026-06-14,00:40,assists,5.5,1400.0,,True,draftkings,2026-06-12T16:39:50.963231
Devin Vassell,,,6cc5c3b9cfcb1d94bed9f3ca972b3114,2026-06-14,00:40,assists,6.5,2500.0,,True,draftkings,2026-06-12T16:39:50.963233
Jose Alvarado,,,6cc5c3b9cfcb1d94bed9f3ca972b3114,2026-06-14,00:40,assists,1.5,-125.0,,True,draftkings,2026-06-12T16:39:50.963235
Jose Alvarado,,,6cc5c3b9cfcb1d94bed9f3ca972b3114,2026-06-14,00:40,assists,2.5,225.0,,True,draftkings,2026-06-12T16:39:50.963236
Jose Alvarado,,,6cc5c3b9cfcb1d94bed9f3ca972b3114,2026-06-14,00:40,assists,3.5,538.0,,True,draftkings,2026-06-12T16:39:50.963238
Jose Alvarado,,,6cc5c3b9cfcb1d94bed9f3ca972b3114,2026-06-14,00:40,assists,4.5,1160.0,,True,draftkings,2026-06-12T16:39:50.963240
Jose Alvarado,,,6cc5c3b9cfcb1d94bed9f3ca972b3114,2026-06-14,00:40,assists,5.5,2100.0,,True,draftkings,2026-06-12T16:39:50.963244
OG Anunoby,,,6cc5c3b9cfcb1d94bed9f3ca972b3114,2026-06-14,00:40,assists,1.5,-106.0,,True,draftkings,2026-06-12T16:39:50.963245
OG Anunoby,,,6cc5c3b9cfcb1d94bed9f3ca972b3114,2026-06-14,00:40,assists,2.5,290.0,,True,draftkings,2026-06-12T16:39:50.963247
OG Anunoby,,,6cc5c3b9cfcb1d94bed9f3ca972b3114,2026-06-14,00:40,assists,3.5,780.0,,True,draftkings,2026-06-12T16:39:50.963249
OG Anunoby,,,6cc5c3b9cfcb1d94bed9f3ca972b3114,2026-06-14,00:40,assists,4.5,1780.0,,True,draftkings,2026-06-12T16:39:50.963250
Landry Shamet,,,6cc5c3b9cfcb1d94bed9f3ca972b3114,2026-06-14,00:40,assists,1.5,169.0,,True,draftkings,2026-06-12T16:39:50.963252
Landry Shamet,,,6cc5c3b9cfcb1d94bed9f3ca972b3114,2026-06-14,00:40,assists,2.5,547.0,,True,draftkings,2026-06-12T16:39:50.963253
Landry Shamet,,,6cc5c3b9cfcb1d94bed9f3ca972b3114,2026-06-14,00:40,assists,3.5,1460.0,,True,draftkings,2026-06-12T16:39:50.963255
Julian Champagnie,,,6cc5c3b9cfcb1d94bed9f3ca972b3114,2026-06-14,00:40,assists,1.5,165.0,,True,draftkings,2026-06-12T16:39:50.963259
Julian Champagnie,,,6cc5c3b9cfcb1d94bed9f3ca972b3114,2026-06-14,00:40,assists,2.5,542.0,,True,draftkings,2026-06-12T16:39:50.963260
Julian Champagnie,,,6cc5c3b9cfcb1d94bed9f3ca972b3114,2026-06-14,00:40,assists,3.5,1520.0,,True,draftkings,2026-06-12T16:39:50.963262
Miles McBride,,,6cc5c3b9cfcb1d94bed9f3ca972b3114,2026-06-14,00:40,assists,0.5,-106.0,,True,draftkings,2026-06-12T16:39:50.963264
Miles McBride,,,6cc5c3b9cfcb1d94bed9f3ca972b3114,2026-06-14,00:40,assists,2.5,1040.0,,True,draftkings,2026-06-12T16:39:50.963265
Miles McBride,,,6cc5c3b9cfcb1d94bed9f3ca972b3114,2026-06-14,00:40,assists,3.5,2300.0,,True,draftkings,2026-06-12T16:39:50.963267
Keldon Johnson,,,6cc5c3b9cfcb1d94bed9f3ca972b3114,2026-06-14,00:40,assists,0.5,-147.0,,True,draftkings,2026-06-12T16:39:50.963269
Keldon Johnson,,,6cc5c3b9cfcb1d94bed9f3ca972b3114,2026-06-14,00:40,assists,2.5,1080.0,,True,draftkings,2026-06-12T16:39:50.963270
Keldon Johnson,,,6cc5c3b9cfcb1d94bed9f3ca972b3114,2026-06-14,00:40,assists,3.5,2600.0,,True,draftkings,2026-06-12T16:39:50.963272
Luke Kornet,,,6cc5c3b9cfcb1d94bed9f3ca972b3114,2026-06-14,00:40,assists,0.5,108.0,,True,draftkings,2026-06-12T16:39:50.963274
Luke Kornet,,,6cc5c3b9cfcb1d94bed9f3ca972b3114,2026-06-14,00:40,assists,2.5,1560.0,,True,draftkings,2026-06-12T16:39:50.963330
Mitchell Robinson,,,6cc5c3b9cfcb1d94bed9f3ca972b3114,2026-06-14,00:40,assists,0.5,184.0,,True,draftkings,2026-06-12T16:39:50.963334
Mitchell Robinson,,,6cc5c3b9cfcb1d94bed9f3ca972b3114,2026-06-14,00:40,assists,2.5,2700.0,,True,draftkings,2026-06-12T16:39:50.963336
Jalen Brunson,,,6cc5c3b9cfcb1d94bed9f3ca972b3114,2026-06-14,00:40,points,27.5,-119.0,-107.0,False,draftkings,2026-06-12T16:39:50.963357
Victor Wembanyama,,,6cc5c3b9cfcb1d94bed9f3ca972b3114,2026-06-14,00:40,points,27.5,-117.0,-109.0,False,draftkings,2026-06-12T16:39:50.963359
OG Anunoby,,,6cc5c3b9cfcb1d94bed9f3ca972b3114,2026-06-14,00:40,points,17.5,-125.0,-102.0,False,draftkings,2026-06-12T16:39:50.963360
Karl-Anthony Towns,,,6cc5c3b9cfcb1d94bed9f3ca972b3114,2026-06-14,00:40,points,16.5,-107.0,-120.0,False,draftkings,2026-06-12T16:39:50.963362
Stephon Castle,,,6cc5c3b9cfcb1d94bed9f3ca972b3114,2026-06-14,00:40,points,16.5,-103.0,-123.0,False,draftkings,2026-06-12T16:39:50.963364
Dylan Harper,,,6cc5c3b9cfcb1d94bed9f3ca972b3114,2026-06-14,00:40,points,15.5,100.0,-127.0,False,draftkings,2026-06-12T16:39:50.963366
De'Aaron Fox,,,6cc5c3b9cfcb1d94bed9f3ca972b3114,2026-06-14,00:40,points,15.5,101.0,-128.0,False,draftkings,2026-06-12T16:39:50.963367
Devin Vassell,,,6cc5c3b9cfcb1d94bed9f3ca972b3114,2026-06-14,00:40,points,13.5,-106.0,-120.0,False,draftkings,2026-06-12T16:39:50.963369
Mikal Bridges,,,6cc5c3b9cfcb1d94bed9f3ca972b3114,2026-06-14,00:40,points,10.5,-122.0,-104.0,False,draftkings,2026-06-12T16:39:50.963371
Josh Hart,,,6cc5c3b9cfcb1d94bed9f3ca972b3114,2026-06-14,00:40,points,9.5,-108.0,-118.0,False,draftkings,2026-06-12T16:39:50.963372
Julian Champagnie,,,6cc5c3b9cfcb1d94bed9f3ca972b3114,2026-06-14,00:40,points,9.5,103.0,-131.0,False,draftkings,2026-06-12T16:39:50.963374
Landry Shamet,,,6cc5c3b9cfcb1d94bed9f3ca972b3114,2026-06-14,00:40,points,6.5,-126.0,-101.0,False,draftkings,2026-06-12T16:39:50.963376
Keldon Johnson,,,6cc5c3b9cfcb1d94bed9f3ca972b3114,2026-06-14,00:40,points,6.5,-120.0,-106.0,False,draftkings,2026-06-12T16:39:50.963377
Jose Alvarado,,,6cc5c3b9cfcb1d94bed9f3ca972b3114,2026-06-14,00:40,points,4.5,-102.0,-125.0,False,draftkings,2026-06-12T16:39:50.963379
Mitchell Robinson,,,6cc5c3b9cfcb1d94bed9f3ca972b3114,2026-06-14,00:40,points,3.5,-107.0,-119.0,False,draftkings,2026-06-12T16:39:50.963381
Miles McBride,,,6cc5c3b9cfcb1d94bed9f3ca972b3114,2026-06-14,00:40,points,2.5,-131.0,103.0,False,draftkings,2026-06-12T16:39:50.963382
Jalen Brunson,,,6cc5c3b9cfcb1d94bed9f3ca972b3114,2026-06-14,00:40,points,17.5,-1300.0,,True,draftkings,2026-06-12T16:39:50.963450
Jalen Brunson,,,6cc5c3b9cfcb1d94bed9f3ca972b3114,2026-06-14,00:40,points,19.5,-700.0,,True,draftkings,2026-06-12T16:39:50.963452
Jalen Brunson,,,6cc5c3b9cfcb1d94bed9f3ca972b3114,2026-06-14,00:40,points,24.5,-218.0,,True,draftkings,2026-06-12T16:39:50.963453
Jalen Brunson,,,6cc5c3b9cfcb1d94bed9f3ca972b3114,2026-06-14,00:40,points,27.5,-120.0,,True,draftkings,2026-06-12T16:39:50.963455
Jalen Brunson,,,6cc5c3b9cfcb1d94bed9f3ca972b3114,2026-06-14,00:40,points,29.5,120.0,,True,draftkings,2026-06-12T16:39:50.963456
Jalen Brunson,,,6cc5c3b9cfcb1d94bed9f3ca972b3114,2026-06-14,00:40,points,34.5,297.0,,True,draftkings,2026-06-12T16:39:50.963458
Jalen Brunson,,,6cc5c3b9cfcb1d94bed9f3ca972b3114,2026-06-14,00:40,points,39.5,720.0,,True,draftkings,2026-06-12T16:39:50.963460
Jalen Brunson,,,6cc5c3b9cfcb1d94bed9f3ca972b3114,2026-06-14,00:40,points,44.5,1720.0,,True,draftkings,2026-06-12T16:39:50.963461
Victor Wembanyama,,,6cc5c3b9cfcb1d94bed9f3ca972b3114,2026-06-14,00:40,points,17.5,-1320.0,,True,draftkings,2026-06-12T16:39:50.963463
Victor Wembanyama,,,6cc5c3b9cfcb1d94bed9f3ca972b3114,2026-06-14,00:40,points,19.5,-740.0,,True,draftkings,2026-06-12T16:39:50.963465
Victor Wembanyama,,,6cc5c3b9cfcb1d94bed9f3ca972b3114,2026-06-14,00:40,points,24.5,-223.0,,True,draftkings,2026-06-12T16:39:50.963466
Victor Wembanyama,,,6cc5c3b9cfcb1d94bed9f3ca972b3114,2026-06-14,00:40,points,27.5,-119.0,,True,draftkings,2026-06-12T16:39:50.963468
Victor Wembanyama,,,6cc5c3b9cfcb1d94bed9f3ca972b3114,2026-06-14,00:40,points,29.5,124.0,,True,draftkings,2026-06-12T16:39:50.963470
Victor Wembanyama,,,6cc5c3b9cfcb1d94bed9f3ca972b3114,2026-06-14,00:40,points,34.5,345.0,,True,draftkings,2026-06-12T16:39:50.963471
Victor Wembanyama,,,6cc5c3b9cfcb1d94bed9f3ca972b3114,2026-06-14,00:40,points,39.5,940.0,,True,draftkings,2026-06-12T16:39:50.963473
Victor Wembanyama,,,6cc5c3b9cfcb1d94bed9f3ca972b3114,2026-06-14,00:40,points,44.5,2300.0,,True,draftkings,2026-06-12T16:39:50.963475
OG Anunoby,,,6cc5c3b9cfcb1d94bed9f3ca972b3114,2026-06-14,00:40,points,7.5,-3400.0,,True,draftkings,2026-06-12T16:39:50.963477
OG Anunoby,,,6cc5c3b9cfcb1d94bed9f3ca972b3114,2026-06-14,00:40,points,9.5,-1220.0,,True,draftkings,2026-06-12T16:39:50.963478
OG Anunoby,,,6cc5c3b9cfcb1d94bed9f3ca972b3114,2026-06-14,00:40,points,11.5,-620.0,,True,draftkings,2026-06-12T16:39:50.963480
OG Anunoby,,,6cc5c3b9cfcb1d94bed9f3ca972b3114,2026-06-14,00:40,points,14.5,-258.0,,True,draftkings,2026-06-12T16:39:50.963482
OG Anunoby,,,6cc5c3b9cfcb1d94bed9f3ca972b3114,2026-06-14,00:40,points,17.5,-125.0,,True,draftkings,2026-06-12T16:39:50.963483
OG Anunoby,,,6cc5c3b9cfcb1d94bed9f3ca972b3114,2026-06-14,00:40,points,19.5,124.0,,True,draftkings,2026-06-12T16:39:50.963485
OG Anunoby,,,6cc5c3b9cfcb1d94bed9f3ca972b3114,2026-06-14,00:40,points,24.5,351.0,,True,draftkings,2026-06-12T16:39:50.963489
OG Anunoby,,,6cc5c3b9cfcb1d94bed9f3ca972b3114,2026-06-14,00:40,points,29.5,970.0,,True,draftkings,2026-06-12T16:39:50.963491
OG Anunoby,,,6cc5c3b9cfcb1d94bed9f3ca972b3114,2026-06-14,00:40,points,34.5,2300.0,,True,draftkings,2026-06-12T16:39:50.963492
Karl-Anthony Towns,,,6cc5c3b9cfcb1d94bed9f3ca972b3114,2026-06-14,00:40,points,7.5,-3100.0,,True,draftkings,2026-06-12T16:39:50.963494
Karl-Anthony Towns,,,6cc5c3b9cfcb1d94bed9f3ca972b3114,2026-06-14,00:40,points,9.5,-980.0,,True,draftkings,2026-06-12T16:39:50.963496
Karl-Anthony Towns,,,6cc5c3b9cfcb1d94bed9f3ca972b3114,2026-06-14,00:40,points,11.5,-447.0,,True,draftkings,2026-06-12T16:39:50.963497
Karl-Anthony Towns,,,6cc5c3b9cfcb1d94bed9f3ca972b3114,2026-06-14,00:40,points,14.5,-180.0,,True,draftkings,2026-06-12T16:39:50.963499
Karl-Anthony Towns,,,6cc5c3b9cfcb1d94bed9f3ca972b3114,2026-06-14,00:40,points,16.5,-104.0,,True,draftkings,2026-06-12T16:39:50.963501
Karl-Anthony Towns,,,6cc5c3b9cfcb1d94bed9f3ca972b3114,2026-06-14,00:40,points,17.5,124.0,,True,draftkings,2026-06-12T16:39:50.963502
Karl-Anthony Towns,,,6cc5c3b9cfcb1d94bed9f3ca972b3114,2026-06-14,00:40,points,19.5,205.0,,True,draftkings,2026-06-12T16:39:50.963504
Karl-Anthony Towns,,,6cc5c3b9cfcb1d94bed9f3ca972b3114,2026-06-14,00:40,points,24.5,680.0,,True,draftkings,2026-06-12T16:39:50.963506
Karl-Anthony Towns,,,6cc5c3b9cfcb1d94bed9f3ca972b3114,2026-06-14,00:40,points,29.5,1960.0,,True,draftkings,2026-06-12T16:39:50.963509
Stephon Castle,,,6cc5c3b9cfcb1d94bed9f3ca972b3114,2026-06-14,00:40,points,7.5,-2700.0,,True,draftkings,2026-06-12T16:39:50.963511
Stephon Castle,,,6cc5c3b9cfcb1d94bed9f3ca972b3114,2026-06-14,00:40,points,9.5,-960.0,,True,draftkings,2026-06-12T16:39:50.963513
Stephon Castle,,,6cc5c3b9cfcb1d94bed9f3ca972b3114,2026-06-14,00:40,points,11.5,-446.0,,True,draftkings,2026-06-12T16:39:50.963514
Stephon Castle,,,6cc5c3b9cfcb1d94bed9f3ca972b3114,2026-06-14,00:40,points,14.5,-176.0,,True,draftkings,2026-06-12T16:39:50.963516
Stephon Castle,,,6cc5c3b9cfcb1d94bed9f3ca972b3114,2026-06-14,00:40,points,16.5,-104.0,,True,draftkings,2026-06-12T16:39:50.963518
Stephon Castle,,,6cc5c3b9cfcb1d94bed9f3ca972b3114,2026-06-14,00:40,points,17.5,124.0,,True,draftkings,2026-06-12T16:39:50.963519
Stephon Castle,,,6cc5c3b9cfcb1d94bed9f3ca972b3114,2026-06-14,00:40,points,19.5,202.0,,True,draftkings,2026-06-12T16:39:50.963521
Stephon Castle,,,6cc5c3b9cfcb1d94bed9f3ca972b3114,2026-06-14,00:40,points,24.5,680.0,,True,draftkings,2026-06-12T16:39:50.963523
Stephon Castle,,,6cc5c3b9cfcb1d94bed9f3ca972b3114,2026-06-14,00:40,points,29.5,1980.0,,True,draftkings,2026-06-12T16:39:50.963524
Dylan Harper,,,6cc5c3b9cfcb1d94bed9f3ca972b3114,2026-06-14,00:40,points,7.5,-1380.0,,True,draftkings,2026-06-12T16:39:50.963526
Dylan Harper,,,6cc5c3b9cfcb1d94bed9f3ca972b3114,2026-06-14,00:40,points,9.5,-591.0,,True,draftkings,2026-06-12T16:39:50.963527
Dylan Harper,,,6cc5c3b9cfcb1d94bed9f3ca972b3114,2026-06-14,00:40,points,11.5,-306.0,,True,draftkings,2026-06-12T16:39:50.963529
Dylan Harper,,,6cc5c3b9cfcb1d94bed9f3ca972b3114,2026-06-14,00:40,points,14.5,-131.0,,True,draftkings,2026-06-12T16:39:50.963531
Dylan Harper,,,6cc5c3b9cfcb1d94bed9f3ca972b3114,2026-06-14,00:40,points,15.5,100.0,,True,draftkings,2026-06-12T16:39:50.963532
Dylan Harper,,,6cc5c3b9cfcb1d94bed9f3ca972b3114,2026-06-14,00:40,points,17.5,164.0,,True,draftkings,2026-06-12T16:39:50.963534
Dylan Harper,,,6cc5c3b9cfcb1d94bed9f3ca972b3114,2026-06-14,00:40,points,19.5,265.0,,True,draftkings,2026-06-12T16:39:50.963536
Dylan Harper,,,6cc5c3b9cfcb1d94bed9f3ca972b3114,2026-06-14,00:40,points,24.5,810.0,,True,draftkings,2026-06-12T16:39:50.963537
Dylan Harper,,,6cc5c3b9cfcb1d94bed9f3ca972b3114,2026-06-14,00:40,points,29.5,2200.0,,True,draftkings,2026-06-12T16:39:50.963539
De'Aaron Fox,,,6cc5c3b9cfcb1d94bed9f3ca972b3114,2026-06-14,00:40,points,7.5,-1520.0,,True,draftkings,2026-06-12T16:39:50.963541
De'Aaron Fox,,,6cc5c3b9cfcb1d94bed9f3ca972b3114,2026-06-14,00:40,points,9.5,-598.0,,True,draftkings,2026-06-12T16:39:50.963542
De'Aaron Fox,,,6cc5c3b9cfcb1d94bed9f3ca972b3114,2026-06-14,00:40,points,11.5,-301.0,,True,draftkings,2026-06-12T16:39:50.963546
De'Aaron Fox,,,6cc5c3b9cfcb1d94bed9f3ca972b3114,2026-06-14,00:40,points,14.5,-130.0,,True,draftkings,2026-06-12T16:39:50.963548
De'Aaron Fox,,,6cc5c3b9cfcb1d94bed9f3ca972b3114,2026-06-14,00:40,points,15.5,101.0,,True,draftkings,2026-06-12T16:39:50.963550
De'Aaron Fox,,,6cc5c3b9cfcb1d94bed9f3ca972b3114,2026-06-14,00:40,points,17.5,169.0,,True,draftkings,2026-06-12T16:39:50.963551
De'Aaron Fox,,,6cc5c3b9cfcb1d94bed9f3ca972b3114,2026-06-14,00:40,points,19.5,278.0,,True,draftkings,2026-06-12T16:39:50.963553
De'Aaron Fox,,,6cc5c3b9cfcb1d94bed9f3ca972b3114,2026-06-14,00:40,points,24.5,930.0,,True,draftkings,2026-06-12T16:39:50.963554
De'Aaron Fox,,,6cc5c3b9cfcb1d94bed9f3ca972b3114,2026-06-14,00:40,points,29.5,2500.0,,True,draftkings,2026-06-12T16:39:50.963556
Devin Vassell,,,6cc5c3b9cfcb1d94bed9f3ca972b3114,2026-06-14,00:40,points,5.5,-2100.0,,True,draftkings,2026-06-12T16:39:50.963558
Devin Vassell,,,6cc5c3b9cfcb1d94bed9f3ca972b3114,2026-06-14,00:40,points,7.5,-750.0,,True,draftkings,2026-06-12T16:39:50.963560
Devin Vassell,,,6cc5c3b9cfcb1d94bed9f3ca972b3114,2026-06-14,00:40,points,9.5,-345.0,,True,draftkings,2026-06-12T16:39:50.963563
Devin Vassell,,,6cc5c3b9cfcb1d94bed9f3ca972b3114,2026-06-14,00:40,points,11.5,-187.0,,True,draftkings,2026-06-12T16:39:50.963565
Devin Vassell,,,6cc5c3b9cfcb1d94bed9f3ca972b3114,2026-06-14,00:40,points,13.5,-108.0,,True,draftkings,2026-06-12T16:39:50.963567
Devin Vassell,,,6cc5c3b9cfcb1d94bed9f3ca972b3114,2026-06-14,00:40,points,14.5,118.0,,True,draftkings,2026-06-12T16:39:50.963569
Devin Vassell,,,6cc5c3b9cfcb1d94bed9f3ca972b3114,2026-06-14,00:40,points,17.5,254.0,,True,draftkings,2026-06-12T16:39:50.963570
Devin Vassell,,,6cc5c3b9cfcb1d94bed9f3ca972b3114,2026-06-14,00:40,points,19.5,416.0,,True,draftkings,2026-06-12T16:39:50.963572
Devin Vassell,,,6cc5c3b9cfcb1d94bed9f3ca972b3114,2026-06-14,00:40,points,24.5,1340.0,,True,draftkings,2026-06-12T16:39:50.963574
Mikal Bridges,,,6cc5c3b9cfcb1d94bed9f3ca972b3114,2026-06-14,00:40,points,5.5,-820.0,,True,draftkings,2026-06-12T16:39:50.963575
Mikal Bridges,,,6cc5c3b9cfcb1d94bed9f3ca972b3114,2026-06-14,00:40,points,7.5,-338.0,,True,draftkings,2026-06-12T16:39:50.963577
Mikal Bridges,,,6cc5c3b9cfcb1d94bed9f3ca972b3114,2026-06-14,00:40,points,9.5,-168.0,,True,draftkings,2026-06-12T16:39:50.963579
Mikal Bridges,,,6cc5c3b9cfcb1d94bed9f3ca972b3114,2026-06-14,00:40,points,10.5,-123.0,,True,draftkings,2026-06-12T16:39:50.963581
Mikal Bridges,,,6cc5c3b9cfcb1d94bed9f3ca972b3114,2026-06-14,00:40,points,11.5,111.0,,True,draftkings,2026-06-12T16:39:50.963582
Mikal Bridges,,,6cc5c3b9cfcb1d94bed9f3ca972b3114,2026-06-14,00:40,points,14.5,252.0,,True,draftkings,2026-06-12T16:39:50.963584
Mikal Bridges,,,6cc5c3b9cfcb1d94bed9f3ca972b3114,2026-06-14,00:40,points,17.5,559.0,,True,draftkings,2026-06-12T16:39:50.963586
Mikal Bridges,,,6cc5c3b9cfcb1d94bed9f3ca972b3114,2026-06-14,00:40,points,19.5,950.0,,True,draftkings,2026-06-12T16:39:50.963587
Mikal Bridges,,,6cc5c3b9cfcb1d94bed9f3ca972b3114,2026-06-14,00:40,points,24.5,2600.0,,True,draftkings,2026-06-12T16:39:50.963589
Julian Champagnie,,,6cc5c3b9cfcb1d94bed9f3ca972b3114,2026-06-14,00:40,points,5.5,-413.0,,True,draftkings,2026-06-12T16:39:50.963591
Julian Champagnie,,,6cc5c3b9cfcb1d94bed9f3ca972b3114,2026-06-14,00:40,points,7.5,-202.0,,True,draftkings,2026-06-12T16:39:50.963592
Julian Champagnie,,,6cc5c3b9cfcb1d94bed9f3ca972b3114,2026-06-14,00:40,points,9.5,101.0,,True,draftkings,2026-06-12T16:39:50.963594
Julian Champagnie,,,6cc5c3b9cfcb1d94bed9f3ca972b3114,2026-06-14,00:40,points,11.5,173.0,,True,draftkings,2026-06-12T16:39:50.963595
Julian Champagnie,,,6cc5c3b9cfcb1d94bed9f3ca972b3114,2026-06-14,00:40,points,14.5,388.0,,True,draftkings,2026-06-12T16:39:50.963597
Julian Champagnie,,,6cc5c3b9cfcb1d94bed9f3ca972b3114,2026-06-14,00:40,points,17.5,850.0,,True,draftkings,2026-06-12T16:39:50.963599
Julian Champagnie,,,6cc5c3b9cfcb1d94bed9f3ca972b3114,2026-06-14,00:40,points,19.5,1400.0,,True,draftkings,2026-06-12T16:39:50.963603
Josh Hart,,,6cc5c3b9cfcb1d94bed9f3ca972b3114,2026-06-14,00:40,points,5.5,-461.0,,True,draftkings,2026-06-12T16:39:50.963606
Josh Hart,,,6cc5c3b9cfcb1d94bed9f3ca972b3114,2026-06-14,00:40,points,7.5,-209.0,,True,draftkings,2026-06-12T16:39:50.963608
Josh Hart,,,6cc5c3b9cfcb1d94bed9f3ca972b3114,2026-06-14,00:40,points,9.5,-107.0,,True,draftkings,2026-06-12T16:39:50.963610
Josh Hart,,,6cc5c3b9cfcb1d94bed9f3ca972b3114,2026-06-14,00:40,points,11.5,173.0,,True,draftkings,2026-06-12T16:39:50.963612
Josh Hart,,,6cc5c3b9cfcb1d94bed9f3ca972b3114,2026-06-14,00:40,points,14.5,406.0,,True,draftkings,2026-06-12T16:39:50.963613
Josh Hart,,,6cc5c3b9cfcb1d94bed9f3ca972b3114,2026-06-14,00:40,points,17.5,900.0,,True,draftkings,2026-06-12T16:39:50.963615
Josh Hart,,,6cc5c3b9cfcb1d94bed9f3ca972b3114,2026-06-14,00:40,points,19.5,1500.0,,True,draftkings,2026-06-12T16:39:50.963617
Landry Shamet,,,6cc5c3b9cfcb1d94bed9f3ca972b3114,2026-06-14,00:40,points,5.5,-196.0,,True,draftkings,2026-06-12T16:39:50.963618
Landry Shamet,,,6cc5c3b9cfcb1d94bed9f3ca972b3114,2026-06-14,00:40,points,6.5,-126.0,,True,draftkings,2026-06-12T16:39:50.963620
Landry Shamet,,,6cc5c3b9cfcb1d94bed9f3ca972b3114,2026-06-14,00:40,points,7.5,-101.0,,True,draftkings,2026-06-12T16:39:50.963622
Landry Shamet,,,6cc5c3b9cfcb1d94bed9f3ca972b3114,2026-06-14,00:40,points,9.5,194.0,,True,draftkings,2026-06-12T16:39:50.963623
Landry Shamet,,,6cc5c3b9cfcb1d94bed9f3ca972b3114,2026-06-14,00:40,points,11.5,346.0,,True,draftkings,2026-06-12T16:39:50.963625
Landry Shamet,,,6cc5c3b9cfcb1d94bed9f3ca972b3114,2026-06-14,00:40,points,14.5,770.0,,True,draftkings,2026-06-12T16:39:50.963627
Landry Shamet,,,6cc5c3b9cfcb1d94bed9f3ca972b3114,2026-06-14,00:40,points,17.5,1600.0,,True,draftkings,2026-06-12T16:39:50.963628
Landry Shamet,,,6cc5c3b9cfcb1d94bed9f3ca972b3114,2026-06-14,00:40,points,19.5,2300.0,,True,draftkings,2026-06-12T16:39:50.963630
Keldon Johnson,,,6cc5c3b9cfcb1d94bed9f3ca972b3114,2026-06-14,00:40,points,5.5,-180.0,,True,draftkings,2026-06-12T16:39:50.963632
Keldon Johnson,,,6cc5c3b9cfcb1d94bed9f3ca972b3114,2026-06-14,00:40,points,6.5,-121.0,,True,draftkings,2026-06-12T16:39:50.963633
Keldon Johnson,,,6cc5c3b9cfcb1d94bed9f3ca972b3114,2026-06-14,00:40,points,7.5,118.0,,True,draftkings,2026-06-12T16:39:50.963635
Keldon Johnson,,,6cc5c3b9cfcb1d94bed9f3ca972b3114,2026-06-14,00:40,points,9.5,225.0,,True,draftkings,2026-06-12T16:39:50.963636
Keldon Johnson,,,6cc5c3b9cfcb1d94bed9f3ca972b3114,2026-06-14,00:40,points,11.5,409.0,,True,draftkings,2026-06-12T16:39:50.963638
Keldon Johnson,,,6cc5c3b9cfcb1d94bed9f3ca972b3114,2026-06-14,00:40,points,14.5,930.0,,True,draftkings,2026-06-12T16:39:50.963640
Keldon Johnson,,,6cc5c3b9cfcb1d94bed9f3ca972b3114,2026-06-14,00:40,points,17.5,1920.0,,True,draftkings,2026-06-12T16:39:50.963641
Keldon Johnson,,,6cc5c3b9cfcb1d94bed9f3ca972b3114,2026-06-14,00:40,points,19.5,2800.0,,True,draftkings,2026-06-12T16:39:50.963643
Jose Alvarado,,,6cc5c3b9cfcb1d94bed9f3ca972b3114,2026-06-14,00:40,points,4.5,100.0,,True,draftkings,2026-06-12T16:39:50.963645
Jose Alvarado,,,6cc5c3b9cfcb1d94bed9f3ca972b3114,2026-06-14,00:40,points,5.5,160.0,,True,draftkings,2026-06-12T16:39:50.963646
Jose Alvarado,,,6cc5c3b9cfcb1d94bed9f3ca972b3114,2026-06-14,00:40,points,7.5,310.0,,True,draftkings,2026-06-12T16:39:50.963648
Jose Alvarado,,,6cc5c3b9cfcb1d94bed9f3ca972b3114,2026-06-14,00:40,points,9.5,620.0,,True,draftkings,2026-06-12T16:39:50.963650
Jose Alvarado,,,6cc5c3b9cfcb1d94bed9f3ca972b3114,2026-06-14,00:40,points,11.5,1140.0,,True,draftkings,2026-06-12T16:39:50.963651
Jose Alvarado,,,6cc5c3b9cfcb1d94bed9f3ca972b3114,2026-06-14,00:40,points,14.5,2400.0,,True,draftkings,2026-06-12T16:39:50.963653
Miles McBride,,,6cc5c3b9cfcb1d94bed9f3ca972b3114,2026-06-14,00:40,points,2.5,-130.0,,True,draftkings,2026-06-12T16:39:50.963654
Miles McBride,,,6cc5c3b9cfcb1d94bed9f3ca972b3114,2026-06-14,00:40,points,5.5,282.0,,True,draftkings,2026-06-12T16:39:50.963656
Miles McBride,,,6cc5c3b9cfcb1d94bed9f3ca972b3114,2026-06-14,00:40,points,7.5,566.0,,True,draftkings,2026-06-12T16:39:50.963660
Miles McBride,,,6cc5c3b9cfcb1d94bed9f3ca972b3114,2026-06-14,00:40,points,9.5,1120.0,,True,draftkings,2026-06-12T16:39:50.963662
Miles McBride,,,6cc5c3b9cfcb1d94bed9f3ca972b3114,2026-06-14,00:40,points,11.5,1740.0,,True,draftkings,2026-06-12T16:39:50.963663
Miles McBride,,,6cc5c3b9cfcb1d94bed9f3ca972b3114,2026-06-14,00:40,points,14.5,2900.0,,True,draftkings,2026-06-12T16:39:50.963665
Mitchell Robinson,,,6cc5c3b9cfcb1d94bed9f3ca972b3114,2026-06-14,00:40,points,3.5,-106.0,,True,draftkings,2026-06-12T16:39:50.963667
Mitchell Robinson,,,6cc5c3b9cfcb1d94bed9f3ca972b3114,2026-06-14,00:40,points,5.5,224.0,,True,draftkings,2026-06-12T16:39:50.963669
Mitchell Robinson,,,6cc5c3b9cfcb1d94bed9f3ca972b3114,2026-06-14,00:40,points,7.5,467.0,,True,draftkings,2026-06-12T16:39:50.963670
Mitchell Robinson,,,6cc5c3b9cfcb1d94bed9f3ca972b3114,2026-06-14,00:40,points,9.5,870.0,,True,draftkings,2026-06-12T16:39:50.963672
Mitchell Robinson,,,6cc5c3b9cfcb1d94bed9f3ca972b3114,2026-06-14,00:40,points,11.5,1580.0,,True,draftkings,2026-06-12T16:39:50.963674
Luke Kornet,,,6cc5c3b9cfcb1d94bed9f3ca972b3114,2026-06-14,00:40,points,1.5,-180.0,,True,draftkings,2026-06-12T16:39:50.963675
Luke Kornet,,,6cc5c3b9cfcb1d94bed9f3ca972b3114,2026-06-14,00:40,points,5.5,620.0,,True,draftkings,2026-06-12T16:39:50.963683
Luke Kornet,,,6cc5c3b9cfcb1d94bed9f3ca972b3114,2026-06-14,00:40,points,7.5,1540.0,,True,draftkings,2026-06-12T16:39:50.963684
Luke Kornet,,,6cc5c3b9cfcb1d94bed9f3ca972b3114,2026-06-14,00:40,points,9.5,3000.0,,True,draftkings,2026-06-12T16:39:50.963686
Victor Wembanyama,,,6cc5c3b9cfcb1d94bed9f3ca972b3114,2026-06-14,00:40,rebounds,11.5,-115.0,-114.0,False,draftkings,2026-06-12T16:39:50.963707
Karl-Anthony Towns,,,6cc5c3b9cfcb1d94bed9f3ca972b3114,2026-06-14,00:40,rebounds,11.5,-103.0,-127.0,False,draftkings,2026-06-12T16:39:50.963709
Josh Hart,,,6cc5c3b9cfcb1d94bed9f3ca972b3114,2026-06-14,00:40,rebounds,8.5,-108.0,-122.0,False,draftkings,2026-06-12T16:39:50.963711
Dylan Harper,,,6cc5c3b9cfcb1d94bed9f3ca972b3114,2026-06-14,00:40,rebounds,5.5,-141.0,107.0,False,draftkings,2026-06-12T16:39:50.963713
OG Anunoby,,,6cc5c3b9cfcb1d94bed9f3ca972b3114,2026-06-14,00:40,rebounds,5.5,101.0,-134.0,False,draftkings,2026-06-12T16:39:50.963714
Devin Vassell,,,6cc5c3b9cfcb1d94bed9f3ca972b3114,2026-06-14,00:40,rebounds,4.5,-141.0,107.0,False,draftkings,2026-06-12T16:39:50.963718
Stephon Castle,,,6cc5c3b9cfcb1d94bed9f3ca972b3114,2026-06-14,00:40,rebounds,4.5,-141.0,107.0,False,draftkings,2026-06-12T16:39:50.963720
Julian Champagnie,,,6cc5c3b9cfcb1d94bed9f3ca972b3114,2026-06-14,00:40,rebounds,4.5,-128.0,-103.0,False,draftkings,2026-06-12T16:39:50.963721
Mitchell Robinson,,,6cc5c3b9cfcb1d94bed9f3ca972b3114,2026-06-14,00:40,rebounds,4.5,-122.0,-108.0,False,draftkings,2026-06-12T16:39:50.963723
Mikal Bridges,,,6cc5c3b9cfcb1d94bed9f3ca972b3114,2026-06-14,00:40,rebounds,3.5,117.0,-154.0,False,draftkings,2026-06-12T16:39:50.963725
De'Aaron Fox,,,6cc5c3b9cfcb1d94bed9f3ca972b3114,2026-06-14,00:40,rebounds,3.5,119.0,-157.0,False,draftkings,2026-06-12T16:39:50.963726
Jalen Brunson,,,6cc5c3b9cfcb1d94bed9f3ca972b3114,2026-06-14,00:40,rebounds,3.5,121.0,-160.0,False,draftkings,2026-06-12T16:39:50.963728
Keldon Johnson,,,6cc5c3b9cfcb1d94bed9f3ca972b3114,2026-06-14,00:40,rebounds,2.5,-160.0,121.0,False,draftkings,2026-06-12T16:39:50.963730
Jose Alvarado,,,6cc5c3b9cfcb1d94bed9f3ca972b3114,2026-06-14,00:40,rebounds,1.5,-118.0,-112.0,False,draftkings,2026-06-12T16:39:50.963731
Landry Shamet,,,6cc5c3b9cfcb1d94bed9f3ca972b3114,2026-06-14,00:40,rebounds,1.5,130.0,-172.0,False,draftkings,2026-06-12T16:39:50.963733
Miles McBride,,,6cc5c3b9cfcb1d94bed9f3ca972b3114,2026-06-14,00:40,rebounds,0.5,-114.0,-115.0,False,draftkings,2026-06-12T16:39:50.963735
Victor Wembanyama,,,6cc5c3b9cfcb1d94bed9f3ca972b3114,2026-06-14,00:40,rebounds,6.5,-1900.0,,True,draftkings,2026-06-12T16:39:50.963801
Victor Wembanyama,,,6cc5c3b9cfcb1d94bed9f3ca972b3114,2026-06-14,00:40,rebounds,7.5,-900.0,,True,draftkings,2026-06-12T16:39:50.963803
Victor Wembanyama,,,6cc5c3b9cfcb1d94bed9f3ca972b3114,2026-06-14,00:40,rebounds,8.5,-480.0,,True,draftkings,2026-06-12T16:39:50.963805
Victor Wembanyama,,,6cc5c3b9cfcb1d94bed9f3ca972b3114,2026-06-14,00:40,rebounds,9.5,-283.0,,True,draftkings,2026-06-12T16:39:50.963806
Victor Wembanyama,,,6cc5c3b9cfcb1d94bed9f3ca972b3114,2026-06-14,00:40,rebounds,10.5,-179.0,,True,draftkings,2026-06-12T16:39:50.963808
Victor Wembanyama,,,6cc5c3b9cfcb1d94bed9f3ca972b3114,2026-06-14,00:40,rebounds,11.5,-114.0,,True,draftkings,2026-06-12T16:39:50.963810
Victor Wembanyama,,,6cc5c3b9cfcb1d94bed9f3ca972b3114,2026-06-14,00:40,rebounds,12.5,134.0,,True,draftkings,2026-06-12T16:39:50.963811
Victor Wembanyama,,,6cc5c3b9cfcb1d94bed9f3ca972b3114,2026-06-14,00:40,rebounds,13.5,205.0,,True,draftkings,2026-06-12T16:39:50.963813
Victor Wembanyama,,,6cc5c3b9cfcb1d94bed9f3ca972b3114,2026-06-14,00:40,rebounds,14.5,309.0,,True,draftkings,2026-06-12T16:39:50.963815
Victor Wembanyama,,,6cc5c3b9cfcb1d94bed9f3ca972b3114,2026-06-14,00:40,rebounds,15.5,464.0,,True,draftkings,2026-06-12T16:39:50.963817
Victor Wembanyama,,,6cc5c3b9cfcb1d94bed9f3ca972b3114,2026-06-14,00:40,rebounds,16.5,700.0,,True,draftkings,2026-06-12T16:39:50.963819
Victor Wembanyama,,,6cc5c3b9cfcb1d94bed9f3ca972b3114,2026-06-14,00:40,rebounds,17.5,1060.0,,True,draftkings,2026-06-12T16:39:50.963820
Victor Wembanyama,,,6cc5c3b9cfcb1d94bed9f3ca972b3114,2026-06-14,00:40,rebounds,18.5,1560.0,,True,draftkings,2026-06-12T16:39:50.963822
Victor Wembanyama,,,6cc5c3b9cfcb1d94bed9f3ca972b3114,2026-06-14,00:40,rebounds,19.5,2100.0,,True,draftkings,2026-06-12T16:39:50.963824
Karl-Anthony Towns,,,6cc5c3b9cfcb1d94bed9f3ca972b3114,2026-06-14,00:40,rebounds,6.5,-1580.0,,True,draftkings,2026-06-12T16:39:50.963826
Karl-Anthony Towns,,,6cc5c3b9cfcb1d94bed9f3ca972b3114,2026-06-14,00:40,rebounds,7.5,-750.0,,True,draftkings,2026-06-12T16:39:50.963827
Karl-Anthony Towns,,,6cc5c3b9cfcb1d94bed9f3ca972b3114,2026-06-14,00:40,rebounds,8.5,-422.0,,True,draftkings,2026-06-12T16:39:50.963829
Karl-Anthony Towns,,,6cc5c3b9cfcb1d94bed9f3ca972b3114,2026-06-14,00:40,rebounds,9.5,-255.0,,True,draftkings,2026-06-12T16:39:50.963831
Karl-Anthony Towns,,,6cc5c3b9cfcb1d94bed9f3ca972b3114,2026-06-14,00:40,rebounds,10.5,-159.0,,True,draftkings,2026-06-12T16:39:50.963832
Karl-Anthony Towns,,,6cc5c3b9cfcb1d94bed9f3ca972b3114,2026-06-14,00:40,rebounds,11.5,-103.0,,True,draftkings,2026-06-12T16:39:50.963834
Karl-Anthony Towns,,,6cc5c3b9cfcb1d94bed9f3ca972b3114,2026-06-14,00:40,rebounds,12.5,146.0,,True,draftkings,2026-06-12T16:39:50.963836
Karl-Anthony Towns,,,6cc5c3b9cfcb1d94bed9f3ca972b3114,2026-06-14,00:40,rebounds,13.5,220.0,,True,draftkings,2026-06-12T16:39:50.963837
Karl-Anthony Towns,,,6cc5c3b9cfcb1d94bed9f3ca972b3114,2026-06-14,00:40,rebounds,14.5,338.0,,True,draftkings,2026-06-12T16:39:50.963839
Karl-Anthony Towns,,,6cc5c3b9cfcb1d94bed9f3ca972b3114,2026-06-14,00:40,rebounds,15.5,505.0,,True,draftkings,2026-06-12T16:39:50.963843
Karl-Anthony Towns,,,6cc5c3b9cfcb1d94bed9f3ca972b3114,2026-06-14,00:40,rebounds,16.5,750.0,,True,draftkings,2026-06-12T16:39:50.963845
Karl-Anthony Towns,,,6cc5c3b9cfcb1d94bed9f3ca972b3114,2026-06-14,00:40,rebounds,17.5,1100.0,,True,draftkings,2026-06-12T16:39:50.963846
Karl-Anthony Towns,,,6cc5c3b9cfcb1d94bed9f3ca972b3114,2026-06-14,00:40,rebounds,18.5,1580.0,,True,draftkings,2026-06-12T16:39:50.963848
Karl-Anthony Towns,,,6cc5c3b9cfcb1d94bed9f3ca972b3114,2026-06-14,00:40,rebounds,19.5,2200.0,,True,draftkings,2026-06-12T16:39:50.963850
Josh Hart,,,6cc5c3b9cfcb1d94bed9f3ca972b3114,2026-06-14,00:40,rebounds,4.5,-1540.0,,True,draftkings,2026-06-12T16:39:50.963851
Josh Hart,,,6cc5c3b9cfcb1d94bed9f3ca972b3114,2026-06-14,00:40,rebounds,5.5,-650.0,,True,draftkings,2026-06-12T16:39:50.963853
Josh Hart,,,6cc5c3b9cfcb1d94bed9f3ca972b3114,2026-06-14,00:40,rebounds,6.5,-324.0,,True,draftkings,2026-06-12T16:39:50.963855
Josh Hart,,,6cc5c3b9cfcb1d94bed9f3ca972b3114,2026-06-14,00:40,rebounds,7.5,-185.0,,True,draftkings,2026-06-12T16:39:50.963856
Josh Hart,,,6cc5c3b9cfcb1d94bed9f3ca972b3114,2026-06-14,00:40,rebounds,8.5,-108.0,,True,draftkings,2026-06-12T16:39:50.963860
Josh Hart,,,6cc5c3b9cfcb1d94bed9f3ca972b3114,2026-06-14,00:40,rebounds,9.5,155.0,,True,draftkings,2026-06-12T16:39:50.963862
Josh Hart,,,6cc5c3b9cfcb1d94bed9f3ca972b3114,2026-06-14,00:40,rebounds,10.5,251.0,,True,draftkings,2026-06-12T16:39:50.963863
Josh Hart,,,6cc5c3b9cfcb1d94bed9f3ca972b3114,2026-06-14,00:40,rebounds,11.5,412.0,,True,draftkings,2026-06-12T16:39:50.963865
Josh Hart,,,6cc5c3b9cfcb1d94bed9f3ca972b3114,2026-06-14,00:40,rebounds,12.5,660.0,,True,draftkings,2026-06-12T16:39:50.963867
Josh Hart,,,6cc5c3b9cfcb1d94bed9f3ca972b3114,2026-06-14,00:40,rebounds,13.5,1060.0,,True,draftkings,2026-06-12T16:39:50.963868
Josh Hart,,,6cc5c3b9cfcb1d94bed9f3ca972b3114,2026-06-14,00:40,rebounds,14.5,1600.0,,True,draftkings,2026-06-12T16:39:50.963870
Josh Hart,,,6cc5c3b9cfcb1d94bed9f3ca972b3114,2026-06-14,00:40,rebounds,15.5,2200.0,,True,draftkings,2026-06-12T16:39:50.963872
Mitchell Robinson,,,6cc5c3b9cfcb1d94bed9f3ca972b3114,2026-06-14,00:40,rebounds,2.5,-443.0,,True,draftkings,2026-06-12T16:39:50.963875
Mitchell Robinson,,,6cc5c3b9cfcb1d94bed9f3ca972b3114,2026-06-14,00:40,rebounds,3.5,-219.0,,True,draftkings,2026-06-12T16:39:50.963877
Mitchell Robinson,,,6cc5c3b9cfcb1d94bed9f3ca972b3114,2026-06-14,00:40,rebounds,4.5,-122.0,,True,draftkings,2026-06-12T16:39:50.963879
Mitchell Robinson,,,6cc5c3b9cfcb1d94bed9f3ca972b3114,2026-06-14,00:40,rebounds,5.5,138.0,,True,draftkings,2026-06-12T16:39:50.963880
Mitchell Robinson,,,6cc5c3b9cfcb1d94bed9f3ca972b3114,2026-06-14,00:40,rebounds,6.5,221.0,,True,draftkings,2026-06-12T16:39:50.963882
Mitchell Robinson,,,6cc5c3b9cfcb1d94bed9f3ca972b3114,2026-06-14,00:40,rebounds,7.5,339.0,,True,draftkings,2026-06-12T16:39:50.963884
Mitchell Robinson,,,6cc5c3b9cfcb1d94bed9f3ca972b3114,2026-06-14,00:40,rebounds,8.5,519.0,,True,draftkings,2026-06-12T16:39:50.963885
Mitchell Robinson,,,6cc5c3b9cfcb1d94bed9f3ca972b3114,2026-06-14,00:40,rebounds,9.5,780.0,,True,draftkings,2026-06-12T16:39:50.963887
Mitchell Robinson,,,6cc5c3b9cfcb1d94bed9f3ca972b3114,2026-06-14,00:40,rebounds,10.5,1140.0,,True,draftkings,2026-06-12T16:39:50.963889
Mitchell Robinson,,,6cc5c3b9cfcb1d94bed9f3ca972b3114,2026-06-14,00:40,rebounds,11.5,1600.0,,True,draftkings,2026-06-12T16:39:50.963890
Mitchell Robinson,,,6cc5c3b9cfcb1d94bed9f3ca972b3114,2026-06-14,00:40,rebounds,12.5,2100.0,,True,draftkings,2026-06-12T16:39:50.963892
Mitchell Robinson,,,6cc5c3b9cfcb1d94bed9f3ca972b3114,2026-06-14,00:40,rebounds,13.5,2700.0,,True,draftkings,2026-06-12T16:39:50.963893
Dylan Harper,,,6cc5c3b9cfcb1d94bed9f3ca972b3114,2026-06-14,00:40,rebounds,2.5,-2200.0,,True,draftkings,2026-06-12T16:39:50.963895
Dylan Harper,,,6cc5c3b9cfcb1d94bed9f3ca972b3114,2026-06-14,00:40,rebounds,3.5,-650.0,,True,draftkings,2026-06-12T16:39:50.963897
Dylan Harper,,,6cc5c3b9cfcb1d94bed9f3ca972b3114,2026-06-14,00:40,rebounds,4.5,-283.0,,True,draftkings,2026-06-12T16:39:50.963898
Dylan Harper,,,6cc5c3b9cfcb1d94bed9f3ca972b3114,2026-06-14,00:40,rebounds,5.5,-141.0,,True,draftkings,2026-06-12T16:39:50.963903
Dylan Harper,,,6cc5c3b9cfcb1d94bed9f3ca972b3114,2026-06-14,00:40,rebounds,6.5,132.0,,True,draftkings,2026-06-12T16:39:50.963905
Dylan Harper,,,6cc5c3b9cfcb1d94bed9f3ca972b3114,2026-06-14,00:40,rebounds,7.5,233.0,,True,draftkings,2026-06-12T16:39:50.963906
Dylan Harper,,,6cc5c3b9cfcb1d94bed9f3ca972b3114,2026-06-14,00:40,rebounds,8.5,401.0,,True,draftkings,2026-06-12T16:39:50.963908
Dylan Harper,,,6cc5c3b9cfcb1d94bed9f3ca972b3114,2026-06-14,00:40,rebounds,9.5,700.0,,True,draftkings,2026-06-12T16:39:50.963910
Dylan Harper,,,6cc5c3b9cfcb1d94bed9f3ca972b3114,2026-06-14,00:40,rebounds,10.5,1200.0,,True,draftkings,2026-06-12T16:39:50.963911
Dylan Harper,,,6cc5c3b9cfcb1d94bed9f3ca972b3114,2026-06-14,00:40,rebounds,11.5,1900.0,,True,draftkings,2026-06-12T16:39:50.963913
Dylan Harper,,,6cc5c3b9cfcb1d94bed9f3ca972b3114,2026-06-14,00:40,rebounds,12.5,2800.0,,True,draftkings,2026-06-12T16:39:50.963915
OG Anunoby,,,6cc5c3b9cfcb1d94bed9f3ca972b3114,2026-06-14,00:40,rebounds,2.5,-1100.0,,True,draftkings,2026-06-12T16:39:50.963916
OG Anunoby,,,6cc5c3b9cfcb1d94bed9f3ca972b3114,2026-06-14,00:40,rebounds,3.5,-410.0,,True,draftkings,2026-06-12T16:39:50.963918
OG Anunoby,,,6cc5c3b9cfcb1d94bed9f3ca972b3114,2026-06-14,00:40,rebounds,4.5,-191.0,,True,draftkings,2026-06-12T16:39:50.963920
OG Anunoby,,,6cc5c3b9cfcb1d94bed9f3ca972b3114,2026-06-14,00:40,rebounds,5.5,102.0,,True,draftkings,2026-06-12T16:39:50.963921
OG Anunoby,,,6cc5c3b9cfcb1d94bed9f3ca972b3114,2026-06-14,00:40,rebounds,6.5,187.0,,True,draftkings,2026-06-12T16:39:50.963923
OG Anunoby,,,6cc5c3b9cfcb1d94bed9f3ca972b3114,2026-06-14,00:40,rebounds,7.5,328.0,,True,draftkings,2026-06-12T16:39:50.963925
OG Anunoby,,,6cc5c3b9cfcb1d94bed9f3ca972b3114,2026-06-14,00:40,rebounds,8.5,576.0,,True,draftkings,2026-06-12T16:39:50.963926
OG Anunoby,,,6cc5c3b9cfcb1d94bed9f3ca972b3114,2026-06-14,00:40,rebounds,9.5,980.0,,True,draftkings,2026-06-12T16:39:50.963928
OG Anunoby,,,6cc5c3b9cfcb1d94bed9f3ca972b3114,2026-06-14,00:40,rebounds,10.5,1600.0,,True,draftkings,2026-06-12T16:39:50.963930
OG Anunoby,,,6cc5c3b9cfcb1d94bed9f3ca972b3114,2026-06-14,00:40,rebounds,11.5,2400.0,,True,draftkings,2026-06-12T16:39:50.963931
Julian Champagnie,,,6cc5c3b9cfcb1d94bed9f3ca972b3114,2026-06-14,00:40,rebounds,2.5,-730.0,,True,draftkings,2026-06-12T16:39:50.963933
Julian Champagnie,,,6cc5c3b9cfcb1d94bed9f3ca972b3114,2026-06-14,00:40,rebounds,3.5,-272.0,,True,draftkings,2026-06-12T16:39:50.963935
Julian Champagnie,,,6cc5c3b9cfcb1d94bed9f3ca972b3114,2026-06-14,00:40,rebounds,4.5,-124.0,,True,draftkings,2026-06-12T16:39:50.963936
Julian Champagnie,,,6cc5c3b9cfcb1d94bed9f3ca972b3114,2026-06-14,00:40,rebounds,5.5,157.0,,True,draftkings,2026-06-12T16:39:50.963938
Julian Champagnie,,,6cc5c3b9cfcb1d94bed9f3ca972b3114,2026-06-14,00:40,rebounds,6.5,301.0,,True,draftkings,2026-06-12T16:39:50.963940
Julian Champagnie,,,6cc5c3b9cfcb1d94bed9f3ca972b3114,2026-06-14,00:40,rebounds,7.5,555.0,,True,draftkings,2026-06-12T16:39:50.963941
Julian Champagnie,,,6cc5c3b9cfcb1d94bed9f3ca972b3114,2026-06-14,00:40,rebounds,8.5,1000.0,,True,draftkings,2026-06-12T16:39:50.963943
Julian Champagnie,,,6cc5c3b9cfcb1d94bed9f3ca972b3114,2026-06-14,00:40,rebounds,9.5,1660.0,,True,draftkings,2026-06-12T16:39:50.963945
Julian Champagnie,,,6cc5c3b9cfcb1d94bed9f3ca972b3114,2026-06-14,00:40,rebounds,10.5,2500.0,,True,draftkings,2026-06-12T16:39:50.963946
Devin Vassell,,,6cc5c3b9cfcb1d94bed9f3ca972b3114,2026-06-14,00:40,rebounds,2.5,-880.0,,True,draftkings,2026-06-12T16:39:50.963948
Devin Vassell,,,6cc5c3b9cfcb1d94bed9f3ca972b3114,2026-06-14,00:40,rebounds,3.5,-313.0,,True,draftkings,2026-06-12T16:39:50.963950
Devin Vassell,,,6cc5c3b9cfcb1d94bed9f3ca972b3114,2026-06-14,00:40,rebounds,4.5,-142.0,,True,draftkings,2026-06-12T16:39:50.963951
Devin Vassell,,,6cc5c3b9cfcb1d94bed9f3ca972b3114,2026-06-14,00:40,rebounds,5.5,142.0,,True,draftkings,2026-06-12T16:39:50.963953
Devin Vassell,,,6cc5c3b9cfcb1d94bed9f3ca972b3114,2026-06-14,00:40,rebounds,6.5,274.0,,True,draftkings,2026-06-12T16:39:50.963957
Devin Vassell,,,6cc5c3b9cfcb1d94bed9f3ca972b3114,2026-06-14,00:40,rebounds,7.5,515.0,,True,draftkings,2026-06-12T16:39:50.963959
Devin Vassell,,,6cc5c3b9cfcb1d94bed9f3ca972b3114,2026-06-14,00:40,rebounds,8.5,960.0,,True,draftkings,2026-06-12T16:39:50.963961
Devin Vassell,,,6cc5c3b9cfcb1d94bed9f3ca972b3114,2026-06-14,00:40,rebounds,9.5,1640.0,,True,draftkings,2026-06-12T16:39:50.963962
Devin Vassell,,,6cc5c3b9cfcb1d94bed9f3ca972b3114,2026-06-14,00:40,rebounds,10.5,2600.0,,True,draftkings,2026-06-12T16:39:50.963964
Stephon Castle,,,6cc5c3b9cfcb1d94bed9f3ca972b3114,2026-06-14,00:40,rebounds,2.5,-870.0,,True,draftkings,2026-06-12T16:39:50.963968
Stephon Castle,,,6cc5c3b9cfcb1d94bed9f3ca972b3114,2026-06-14,00:40,rebounds,3.5,-317.0,,True,draftkings,2026-06-12T16:39:50.963970
Stephon Castle,,,6cc5c3b9cfcb1d94bed9f3ca972b3114,2026-06-14,00:40,rebounds,4.5,-142.0,,True,draftkings,2026-06-12T16:39:50.963971
Stephon Castle,,,6cc5c3b9cfcb1d94bed9f3ca972b3114,2026-06-14,00:40,rebounds,5.5,143.0,,True,draftkings,2026-06-12T16:39:50.963973
Stephon Castle,,,6cc5c3b9cfcb1d94bed9f3ca972b3114,2026-06-14,00:40,rebounds,6.5,276.0,,True,draftkings,2026-06-12T16:39:50.963974
Stephon Castle,,,6cc5c3b9cfcb1d94bed9f3ca972b3114,2026-06-14,00:40,rebounds,7.5,519.0,,True,draftkings,2026-06-12T16:39:50.963978
Stephon Castle,,,6cc5c3b9cfcb1d94bed9f3ca972b3114,2026-06-14,00:40,rebounds,8.5,950.0,,True,draftkings,2026-06-12T16:39:50.963980
Stephon Castle,,,6cc5c3b9cfcb1d94bed9f3ca972b3114,2026-06-14,00:40,rebounds,9.5,1660.0,,True,draftkings,2026-06-12T16:39:50.963981
Stephon Castle,,,6cc5c3b9cfcb1d94bed9f3ca972b3114,2026-06-14,00:40,rebounds,10.5,2600.0,,True,draftkings,2026-06-12T16:39:50.963983
De'Aaron Fox,,,6cc5c3b9cfcb1d94bed9f3ca972b3114,2026-06-14,00:40,rebounds,2.5,-203.0,,True,draftkings,2026-06-12T16:39:50.963985
De'Aaron Fox,,,6cc5c3b9cfcb1d94bed9f3ca972b3114,2026-06-14,00:40,rebounds,3.5,120.0,,True,draftkings,2026-06-12T16:39:50.963986
De'Aaron Fox,,,6cc5c3b9cfcb1d94bed9f3ca972b3114,2026-06-14,00:40,rebounds,4.5,266.0,,True,draftkings,2026-06-12T16:39:50.963988
De'Aaron Fox,,,6cc5c3b9cfcb1d94bed9f3ca972b3114,2026-06-14,00:40,rebounds,5.5,550.0,,True,draftkings,2026-06-12T16:39:50.963990
De'Aaron Fox,,,6cc5c3b9cfcb1d94bed9f3ca972b3114,2026-06-14,00:40,rebounds,6.5,1100.0,,True,draftkings,2026-06-12T16:39:50.963992
De'Aaron Fox,,,6cc5c3b9cfcb1d94bed9f3ca972b3114,2026-06-14,00:40,rebounds,7.5,2000.0,,True,draftkings,2026-06-12T16:39:50.963993
Jalen Brunson,,,6cc5c3b9cfcb1d94bed9f3ca972b3114,2026-06-14,00:40,rebounds,2.5,-190.0,,True,draftkings,2026-06-12T16:39:50.963995
Jalen Brunson,,,6cc5c3b9cfcb1d94bed9f3ca972b3114,2026-06-14,00:40,rebounds,3.5,124.0,,True,draftkings,2026-06-12T16:39:50.963997
Jalen Brunson,,,6cc5c3b9cfcb1d94bed9f3ca972b3114,2026-06-14,00:40,rebounds,4.5,269.0,,True,draftkings,2026-06-12T16:39:50.963999
Jalen Brunson,,,6cc5c3b9cfcb1d94bed9f3ca972b3114,2026-06-14,00:40,rebounds,5.5,577.0,,True,draftkings,2026-06-12T16:39:50.964000
Jalen Brunson,,,6cc5c3b9cfcb1d94bed9f3ca972b3114,2026-06-14,00:40,rebounds,6.5,1120.0,,True,draftkings,2026-06-12T16:39:50.964002
Jalen Brunson,,,6cc5c3b9cfcb1d94bed9f3ca972b3114,2026-06-14,00:40,rebounds,7.5,2000.0,,True,draftkings,2026-06-12T16:39:50.964004
Keldon Johnson,,,6cc5c3b9cfcb1d94bed9f3ca972b3114,2026-06-14,00:40,rebounds,2.5,-158.0,,True,draftkings,2026-06-12T16:39:50.964005
Keldon Johnson,,,6cc5c3b9cfcb1d94bed9f3ca972b3114,2026-06-14,00:40,rebounds,3.5,144.0,,True,draftkings,2026-06-12T16:39:50.964007
Keldon Johnson,,,6cc5c3b9cfcb1d94bed9f3ca972b3114,2026-06-14,00:40,rebounds,4.5,308.0,,True,draftkings,2026-06-12T16:39:50.964009
Keldon Johnson,,,6cc5c3b9cfcb1d94bed9f3ca972b3114,2026-06-14,00:40,rebounds,5.5,600.0,,True,draftkings,2026-06-12T16:39:50.964011
Keldon Johnson,,,6cc5c3b9cfcb1d94bed9f3ca972b3114,2026-06-14,00:40,rebounds,6.5,1160.0,,True,draftkings,2026-06-12T16:39:50.964012
Keldon Johnson,,,6cc5c3b9cfcb1d94bed9f3ca972b3114,2026-06-14,00:40,rebounds,7.5,2000.0,,True,draftkings,2026-06-12T16:39:50.964014
Mikal Bridges,,,6cc5c3b9cfcb1d94bed9f3ca972b3114,2026-06-14,00:40,rebounds,2.5,-208.0,,True,draftkings,2026-06-12T16:39:50.964018
Mikal Bridges,,,6cc5c3b9cfcb1d94bed9f3ca972b3114,2026-06-14,00:40,rebounds,3.5,117.0,,True,draftkings,2026-06-12T16:39:50.964019
Mikal Bridges,,,6cc5c3b9cfcb1d94bed9f3ca972b3114,2026-06-14,00:40,rebounds,4.5,256.0,,True,draftkings,2026-06-12T16:39:50.964021
Mikal Bridges,,,6cc5c3b9cfcb1d94bed9f3ca972b3114,2026-06-14,00:40,rebounds,5.5,550.0,,True,draftkings,2026-06-12T16:39:50.964023
Mikal Bridges,,,6cc5c3b9cfcb1d94bed9f3ca972b3114,2026-06-14,00:40,rebounds,6.5,1120.0,,True,draftkings,2026-06-12T16:39:50.964035
Mikal Bridges,,,6cc5c3b9cfcb1d94bed9f3ca972b3114,2026-06-14,00:40,rebounds,7.5,2000.0,,True,draftkings,2026-06-12T16:39:50.964037
Luke Kornet,,,6cc5c3b9cfcb1d94bed9f3ca972b3114,2026-06-14,00:40,rebounds,2.5,108.0,,True,draftkings,2026-06-12T16:39:50.964038
Luke Kornet,,,6cc5c3b9cfcb1d94bed9f3ca972b3114,2026-06-14,00:40,rebounds,3.5,225.0,,True,draftkings,2026-06-12T16:39:50.964040
Luke Kornet,,,6cc5c3b9cfcb1d94bed9f3ca972b3114,2026-06-14,00:40,rebounds,4.5,439.0,,True,draftkings,2026-06-12T16:39:50.964041
Luke Kornet,,,6cc5c3b9cfcb1d94bed9f3ca972b3114,2026-06-14,00:40,rebounds,5.5,810.0,,True,draftkings,2026-06-12T16:39:50.964043
Luke Kornet,,,6cc5c3b9cfcb1d94bed9f3ca972b3114,2026-06-14,00:40,rebounds,6.5,1380.0,,True,draftkings,2026-06-12T16:39:50.964045
Luke Kornet,,,6cc5c3b9cfcb1d94bed9f3ca972b3114,2026-06-14,00:40,rebounds,7.5,2200.0,,True,draftkings,2026-06-12T16:39:50.964046
Jose Alvarado,,,6cc5c3b9cfcb1d94bed9f3ca972b3114,2026-06-14,00:40,rebounds,1.5,-118.0,,True,draftkings,2026-06-12T16:39:50.964048
Jose Alvarado,,,6cc5c3b9cfcb1d94bed9f3ca972b3114,2026-06-14,00:40,rebounds,2.5,235.0,,True,draftkings,2026-06-12T16:39:50.964050
Jose Alvarado,,,6cc5c3b9cfcb1d94bed9f3ca972b3114,2026-06-14,00:40,rebounds,3.5,565.0,,True,draftkings,2026-06-12T16:39:50.964051
Jose Alvarado,,,6cc5c3b9cfcb1d94bed9f3ca972b3114,2026-06-14,00:40,rebounds,4.5,1240.0,,True,draftkings,2026-06-12T16:39:50.964053
Jose Alvarado,,,6cc5c3b9cfcb1d94bed9f3ca972b3114,2026-06-14,00:40,rebounds,5.5,2300.0,,True,draftkings,2026-06-12T16:39:50.964055
Landry Shamet,,,6cc5c3b9cfcb1d94bed9f3ca972b3114,2026-06-14,00:40,rebounds,1.5,130.0,,True,draftkings,2026-06-12T16:39:50.964056
Landry Shamet,,,6cc5c3b9cfcb1d94bed9f3ca972b3114,2026-06-14,00:40,rebounds,2.5,401.0,,True,draftkings,2026-06-12T16:39:50.964058
Landry Shamet,,,6cc5c3b9cfcb1d94bed9f3ca972b3114,2026-06-14,00:40,rebounds,3.5,1060.0,,True,draftkings,2026-06-12T16:39:50.964060
Landry Shamet,,,6cc5c3b9cfcb1d94bed9f3ca972b3114,2026-06-14,00:40,rebounds,4.5,2300.0,,True,draftkings,2026-06-12T16:39:50.964062
Miles McBride,,,6cc5c3b9cfcb1d94bed9f3ca972b3114,2026-06-14,00:40,rebounds,0.5,-118.0,,True,draftkings,2026-06-12T16:39:50.964063
Miles McBride,,,6cc5c3b9cfcb1d94bed9f3ca972b3114,2026-06-14,00:40,rebounds,2.5,900.0,,True,draftkings,2026-06-12T16:39:50.964065
Miles McBride,,,6cc5c3b9cfcb1d94bed9f3ca972b3114,2026-06-14,00:40,rebounds,3.5,2000.0,,True,draftkings,2026-06-12T16:39:50.964067
OG Anunoby,,,6cc5c3b9cfcb1d94bed9f3ca972b3114,2026-06-14,00:40,threes,2.5,-112.0,-118.0,False,draftkings,2026-06-12T16:39:50.964089
Devin Vassell,,,6cc5c3b9cfcb1d94bed9f3ca972b3114,2026-06-14,00:40,threes,2.5,111.0,-146.0,False,draftkings,2026-06-12T16:39:50.964093
Jalen Brunson,,,6cc5c3b9cfcb1d94bed9f3ca972b3114,2026-06-14,00:40,threes,2.5,121.0,-159.0,False,draftkings,2026-06-12T16:39:50.964095
Julian Champagnie,,,6cc5c3b9cfcb1d94bed9f3ca972b3114,2026-06-14,00:40,threes,2.5,125.0,-165.0,False,draftkings,2026-06-12T16:39:50.964097
Victor Wembanyama,,,6cc5c3b9cfcb1d94bed9f3ca972b3114,2026-06-14,00:40,threes,1.5,-194.0,146.0,False,draftkings,2026-06-12T16:39:50.964099
Landry Shamet,,,6cc5c3b9cfcb1d94bed9f3ca972b3114,2026-06-14,00:40,threes,1.5,-114.0,-115.0,False,draftkings,2026-06-12T16:39:50.964100
Dylan Harper,,,6cc5c3b9cfcb1d94bed9f3ca972b3114,2026-06-14,00:40,threes,1.5,127.0,-168.0,False,draftkings,2026-06-12T16:39:50.964102
De'Aaron Fox,,,6cc5c3b9cfcb1d94bed9f3ca972b3114,2026-06-14,00:40,threes,1.5,128.0,-170.0,False,draftkings,2026-06-12T16:39:50.964104
Josh Hart,,,6cc5c3b9cfcb1d94bed9f3ca972b3114,2026-06-14,00:40,threes,1.5,130.0,-172.0,False,draftkings,2026-06-12T16:39:50.964105
Karl-Anthony Towns,,,6cc5c3b9cfcb1d94bed9f3ca972b3114,2026-06-14,00:40,threes,1.5,130.0,-171.0,False,draftkings,2026-06-12T16:39:50.964107
Mikal Bridges,,,6cc5c3b9cfcb1d94bed9f3ca972b3114,2026-06-14,00:40,threes,1.5,134.0,-177.0,False,draftkings,2026-06-12T16:39:50.964109
Stephon Castle,,,6cc5c3b9cfcb1d94bed9f3ca972b3114,2026-06-14,00:40,threes,1.5,140.0,-185.0,False,draftkings,2026-06-12T16:39:50.964110
Jose Alvarado,,,6cc5c3b9cfcb1d94bed9f3ca972b3114,2026-06-14,00:40,threes,0.5,-138.0,105.0,False,draftkings,2026-06-12T16:39:50.964112
Keldon Johnson,,,6cc5c3b9cfcb1d94bed9f3ca972b3114,2026-06-14,00:40,threes,0.5,-121.0,-108.0,False,draftkings,2026-06-12T16:39:50.964114
Miles McBride,,,6cc5c3b9cfcb1d94bed9f3ca972b3114,2026-06-14,00:40,threes,0.5,-104.0,-127.0,False,draftkings,2026-06-12T16:39:50.964115
OG Anunoby,,,6cc5c3b9cfcb1d94bed9f3ca972b3114,2026-06-14,00:40,threes,0.5,-1880.0,,True,draftkings,2026-06-12T16:39:50.964155
OG Anunoby,,,6cc5c3b9cfcb1d94bed9f3ca972b3114,2026-06-14,00:40,threes,1.5,-322.0,,True,draftkings,2026-06-12T16:39:50.964157
OG Anunoby,,,6cc5c3b9cfcb1d94bed9f3ca972b3114,2026-06-14,00:40,threes,2.5,-110.0,,True,draftkings,2026-06-12T16:39:50.964159
OG Anunoby,,,6cc5c3b9cfcb1d94bed9f3ca972b3114,2026-06-14,00:40,threes,3.5,225.0,,True,draftkings,2026-06-12T16:39:50.964160
OG Anunoby,,,6cc5c3b9cfcb1d94bed9f3ca972b3114,2026-06-14,00:40,threes,4.5,517.0,,True,draftkings,2026-06-12T16:39:50.964162
OG Anunoby,,,6cc5c3b9cfcb1d94bed9f3ca972b3114,2026-06-14,00:40,threes,5.5,1080.0,,True,draftkings,2026-06-12T16:39:50.964164
OG Anunoby,,,6cc5c3b9cfcb1d94bed9f3ca972b3114,2026-06-14,00:40,threes,6.5,2100.0,,True,draftkings,2026-06-12T16:39:50.964166
Jalen Brunson,,,6cc5c3b9cfcb1d94bed9f3ca972b3114,2026-06-14,00:40,threes,0.5,-1300.0,,True,draftkings,2026-06-12T16:39:50.964167
Jalen Brunson,,,6cc5c3b9cfcb1d94bed9f3ca972b3114,2026-06-14,00:40,threes,1.5,-246.0,,True,draftkings,2026-06-12T16:39:50.964169
Jalen Brunson,,,6cc5c3b9cfcb1d94bed9f3ca972b3114,2026-06-14,00:40,threes,2.5,121.0,,True,draftkings,2026-06-12T16:39:50.964171
Jalen Brunson,,,6cc5c3b9cfcb1d94bed9f3ca972b3114,2026-06-14,00:40,threes,3.5,292.0,,True,draftkings,2026-06-12T16:39:50.964172
Jalen Brunson,,,6cc5c3b9cfcb1d94bed9f3ca972b3114,2026-06-14,00:40,threes,4.5,670.0,,True,draftkings,2026-06-12T16:39:50.964174
Jalen Brunson,,,6cc5c3b9cfcb1d94bed9f3ca972b3114,2026-06-14,00:40,threes,5.5,1500.0,,True,draftkings,2026-06-12T16:39:50.964176
Jalen Brunson,,,6cc5c3b9cfcb1d94bed9f3ca972b3114,2026-06-14,00:40,threes,6.5,2700.0,,True,draftkings,2026-06-12T16:39:50.964177
Devin Vassell,,,6cc5c3b9cfcb1d94bed9f3ca972b3114,2026-06-14,00:40,threes,0.5,-1520.0,,True,draftkings,2026-06-12T16:39:50.964179
Devin Vassell,,,6cc5c3b9cfcb1d94bed9f3ca972b3114,2026-06-14,00:40,threes,1.5,-260.0,,True,draftkings,2026-06-12T16:39:50.964181
Devin Vassell,,,6cc5c3b9cfcb1d94bed9f3ca972b3114,2026-06-14,00:40,threes,2.5,112.0,,True,draftkings,2026-06-12T16:39:50.964182
Devin Vassell,,,6cc5c3b9cfcb1d94bed9f3ca972b3114,2026-06-14,00:40,threes,3.5,283.0,,True,draftkings,2026-06-12T16:39:50.964184
Devin Vassell,,,6cc5c3b9cfcb1d94bed9f3ca972b3114,2026-06-14,00:40,threes,4.5,680.0,,True,draftkings,2026-06-12T16:39:50.964186
Devin Vassell,,,6cc5c3b9cfcb1d94bed9f3ca972b3114,2026-06-14,00:40,threes,5.5,1480.0,,True,draftkings,2026-06-12T16:39:50.964187
Devin Vassell,,,6cc5c3b9cfcb1d94bed9f3ca972b3114,2026-06-14,00:40,threes,6.5,2800.0,,True,draftkings,2026-06-12T16:39:50.964189
Julian Champagnie,,,6cc5c3b9cfcb1d94bed9f3ca972b3114,2026-06-14,00:40,threes,0.5,-1140.0,,True,draftkings,2026-06-12T16:39:50.964191
Julian Champagnie,,,6cc5c3b9cfcb1d94bed9f3ca972b3114,2026-06-14,00:40,threes,1.5,-234.0,,True,draftkings,2026-06-12T16:39:50.964192
Julian Champagnie,,,6cc5c3b9cfcb1d94bed9f3ca972b3114,2026-06-14,00:40,threes,2.5,126.0,,True,draftkings,2026-06-12T16:39:50.964194
Julian Champagnie,,,6cc5c3b9cfcb1d94bed9f3ca972b3114,2026-06-14,00:40,threes,3.5,316.0,,True,draftkings,2026-06-12T16:39:50.964196
Julian Champagnie,,,6cc5c3b9cfcb1d94bed9f3ca972b3114,2026-06-14,00:40,threes,4.5,750.0,,True,draftkings,2026-06-12T16:39:50.964197
Julian Champagnie,,,6cc5c3b9cfcb1d94bed9f3ca972b3114,2026-06-14,00:40,threes,5.5,1640.0,,True,draftkings,2026-06-12T16:39:50.964199
Julian Champagnie,,,6cc5c3b9cfcb1d94bed9f3ca972b3114,2026-06-14,00:40,threes,6.5,2900.0,,True,draftkings,2026-06-12T16:39:50.964201
Victor Wembanyama,,,6cc5c3b9cfcb1d94bed9f3ca972b3114,2026-06-14,00:40,threes,0.5,-950.0,,True,draftkings,2026-06-12T16:39:50.964202
Victor Wembanyama,,,6cc5c3b9cfcb1d94bed9f3ca972b3114,2026-06-14,00:40,threes,1.5,-198.0,,True,draftkings,2026-06-12T16:39:50.964204
Victor Wembanyama,,,6cc5c3b9cfcb1d94bed9f3ca972b3114,2026-06-14,00:40,threes,2.5,147.0,,True,draftkings,2026-06-12T16:39:50.964206
Victor Wembanyama,,,6cc5c3b9cfcb1d94bed9f3ca972b3114,2026-06-14,00:40,threes,3.5,381.0,,True,draftkings,2026-06-12T16:39:50.964207
Victor Wembanyama,,,6cc5c3b9cfcb1d94bed9f3ca972b3114,2026-06-14,00:40,threes,4.5,900.0,,True,draftkings,2026-06-12T16:39:50.964209
Victor Wembanyama,,,6cc5c3b9cfcb1d94bed9f3ca972b3114,2026-06-14,00:40,threes,5.5,1940.0,,True,draftkings,2026-06-12T16:39:50.964210
Landry Shamet,,,6cc5c3b9cfcb1d94bed9f3ca972b3114,2026-06-14,00:40,threes,0.5,-516.0,,True,draftkings,2026-06-12T16:39:50.964212
Landry Shamet,,,6cc5c3b9cfcb1d94bed9f3ca972b3114,2026-06-14,00:40,threes,1.5,-113.0,,True,draftkings,2026-06-12T16:39:50.964214
Landry Shamet,,,6cc5c3b9cfcb1d94bed9f3ca972b3114,2026-06-14,00:40,threes,2.5,257.0,,True,draftkings,2026-06-12T16:39:50.964218
Landry Shamet,,,6cc5c3b9cfcb1d94bed9f3ca972b3114,2026-06-14,00:40,threes,3.5,660.0,,True,draftkings,2026-06-12T16:39:50.964220
Landry Shamet,,,6cc5c3b9cfcb1d94bed9f3ca972b3114,2026-06-14,00:40,threes,4.5,1560.0,,True,draftkings,2026-06-12T16:39:50.964221
Landry Shamet,,,6cc5c3b9cfcb1d94bed9f3ca972b3114,2026-06-14,00:40,threes,5.5,2900.0,,True,draftkings,2026-06-12T16:39:50.964223
Josh Hart,,,6cc5c3b9cfcb1d94bed9f3ca972b3114,2026-06-14,00:40,threes,0.5,-357.0,,True,draftkings,2026-06-12T16:39:50.964225
Josh Hart,,,6cc5c3b9cfcb1d94bed9f3ca972b3114,2026-06-14,00:40,threes,1.5,128.0,,True,draftkings,2026-06-12T16:39:50.964226
Josh Hart,,,6cc5c3b9cfcb1d94bed9f3ca972b3114,2026-06-14,00:40,threes,2.5,402.0,,True,draftkings,2026-06-12T16:39:50.964228
Josh Hart,,,6cc5c3b9cfcb1d94bed9f3ca972b3114,2026-06-14,00:40,threes,3.5,1100.0,,True,draftkings,2026-06-12T16:39:50.964230
Josh Hart,,,6cc5c3b9cfcb1d94bed9f3ca972b3114,2026-06-14,00:40,threes,4.5,2400.0,,True,draftkings,2026-06-12T16:39:50.964231
Karl-Anthony Towns,,,6cc5c3b9cfcb1d94bed9f3ca972b3114,2026-06-14,00:40,threes,0.5,-347.0,,True,draftkings,2026-06-12T16:39:50.964233
Karl-Anthony Towns,,,6cc5c3b9cfcb1d94bed9f3ca972b3114,2026-06-14,00:40,threes,1.5,130.0,,True,draftkings,2026-06-12T16:39:50.964235
Karl-Anthony Towns,,,6cc5c3b9cfcb1d94bed9f3ca972b3114,2026-06-14,00:40,threes,2.5,409.0,,True,draftkings,2026-06-12T16:39:50.964236
Karl-Anthony Towns,,,6cc5c3b9cfcb1d94bed9f3ca972b3114,2026-06-14,00:40,threes,3.5,1100.0,,True,draftkings,2026-06-12T16:39:50.964238
Karl-Anthony Towns,,,6cc5c3b9cfcb1d94bed9f3ca972b3114,2026-06-14,00:40,threes,4.5,2400.0,,True,draftkings,2026-06-12T16:39:50.964240
De'Aaron Fox,,,6cc5c3b9cfcb1d94bed9f3ca972b3114,2026-06-14,00:40,threes,0.5,-349.0,,True,draftkings,2026-06-12T16:39:50.964241
De'Aaron Fox,,,6cc5c3b9cfcb1d94bed9f3ca972b3114,2026-06-14,00:40,threes,1.5,132.0,,True,draftkings,2026-06-12T16:39:50.964243
De'Aaron Fox,,,6cc5c3b9cfcb1d94bed9f3ca972b3114,2026-06-14,00:40,threes,2.5,410.0,,True,draftkings,2026-06-12T16:39:50.964245
De'Aaron Fox,,,6cc5c3b9cfcb1d94bed9f3ca972b3114,2026-06-14,00:40,threes,3.5,1160.0,,True,draftkings,2026-06-12T16:39:50.964249
De'Aaron Fox,,,6cc5c3b9cfcb1d94bed9f3ca972b3114,2026-06-14,00:40,threes,4.5,2500.0,,True,draftkings,2026-06-12T16:39:50.964251
Dylan Harper,,,6cc5c3b9cfcb1d94bed9f3ca972b3114,2026-06-14,00:40,threes,0.5,-352.0,,True,draftkings,2026-06-12T16:39:50.964252
Dylan Harper,,,6cc5c3b9cfcb1d94bed9f3ca972b3114,2026-06-14,00:40,threes,1.5,129.0,,True,draftkings,2026-06-12T16:39:50.964254
Dylan Harper,,,6cc5c3b9cfcb1d94bed9f3ca972b3114,2026-06-14,00:40,threes,2.5,396.0,,True,draftkings,2026-06-12T16:39:50.964255
Dylan Harper,,,6cc5c3b9cfcb1d94bed9f3ca972b3114,2026-06-14,00:40,threes,3.5,1120.0,,True,draftkings,2026-06-12T16:39:50.964257
Dylan Harper,,,6cc5c3b9cfcb1d94bed9f3ca972b3114,2026-06-14,00:40,threes,4.5,2500.0,,True,draftkings,2026-06-12T16:39:50.964259
Mikal Bridges,,,6cc5c3b9cfcb1d94bed9f3ca972b3114,2026-06-14,00:40,threes,0.5,-338.0,,True,draftkings,2026-06-12T16:39:50.964260
Mikal Bridges,,,6cc5c3b9cfcb1d94bed9f3ca972b3114,2026-06-14,00:40,threes,1.5,134.0,,True,draftkings,2026-06-12T16:39:50.964262
Mikal Bridges,,,6cc5c3b9cfcb1d94bed9f3ca972b3114,2026-06-14,00:40,threes,2.5,426.0,,True,draftkings,2026-06-12T16:39:50.964264
Mikal Bridges,,,6cc5c3b9cfcb1d94bed9f3ca972b3114,2026-06-14,00:40,threes,3.5,1200.0,,True,draftkings,2026-06-12T16:39:50.964268
Mikal Bridges,,,6cc5c3b9cfcb1d94bed9f3ca972b3114,2026-06-14,00:40,threes,4.5,2600.0,,True,draftkings,2026-06-12T16:39:50.964270
Stephon Castle,,,6cc5c3b9cfcb1d94bed9f3ca972b3114,2026-06-14,00:40,threes,0.5,-328.0,,True,draftkings,2026-06-12T16:39:50.964271
Stephon Castle,,,6cc5c3b9cfcb1d94bed9f3ca972b3114,2026-06-14,00:40,threes,1.5,139.0,,True,draftkings,2026-06-12T16:39:50.964273
Stephon Castle,,,6cc5c3b9cfcb1d94bed9f3ca972b3114,2026-06-14,00:40,threes,2.5,453.0,,True,draftkings,2026-06-12T16:39:50.964275
Stephon Castle,,,6cc5c3b9cfcb1d94bed9f3ca972b3114,2026-06-14,00:40,threes,3.5,1300.0,,True,draftkings,2026-06-12T16:39:50.964276
Stephon Castle,,,6cc5c3b9cfcb1d94bed9f3ca972b3114,2026-06-14,00:40,threes,4.5,2700.0,,True,draftkings,2026-06-12T16:39:50.964278
Jose Alvarado,,,6cc5c3b9cfcb1d94bed9f3ca972b3114,2026-06-14,00:40,threes,0.5,-138.0,,True,draftkings,2026-06-12T16:39:50.964280
Jose Alvarado,,,6cc5c3b9cfcb1d94bed9f3ca972b3114,2026-06-14,00:40,threes,1.5,313.0,,True,draftkings,2026-06-12T16:39:50.964281
Jose Alvarado,,,6cc5c3b9cfcb1d94bed9f3ca972b3114,2026-06-14,00:40,threes,2.5,980.0,,True,draftkings,2026-06-12T16:39:50.964283
Jose Alvarado,,,6cc5c3b9cfcb1d94bed9f3ca972b3114,2026-06-14,00:40,threes,3.5,2400.0,,True,draftkings,2026-06-12T16:39:50.964285
Miles McBride,,,6cc5c3b9cfcb1d94bed9f3ca972b3114,2026-06-14,00:40,threes,0.5,-104.0,,True,draftkings,2026-06-12T16:39:50.964286
Miles McBride,,,6cc5c3b9cfcb1d94bed9f3ca972b3114,2026-06-14,00:40,threes,1.5,385.0,,True,draftkings,2026-06-12T16:39:50.964288
Miles McBride,,,6cc5c3b9cfcb1d94bed9f3ca972b3114,2026-06-14,00:40,threes,2.5,1040.0,,True,draftkings,2026-06-12T16:39:50.964290
Miles McBride,,,6cc5c3b9cfcb1d94bed9f3ca972b3114,2026-06-14,00:40,threes,3.5,2400.0,,True,draftkings,2026-06-12T16:39:50.964291
Keldon Johnson,,,6cc5c3b9cfcb1d94bed9f3ca972b3114,2026-06-14,00:40,threes,0.5,-123.0,,True,draftkings,2026-06-12T16:39:50.964293
Keldon Johnson,,,6cc5c3b9cfcb1d94bed9f3ca972b3114,2026-06-14,00:40,threes,1.5,367.0,,True,draftkings,2026-06-12T16:39:50.964295
Keldon Johnson,,,6cc5c3b9cfcb1d94bed9f3ca972b3114,2026-06-14,00:40,threes,2.5,1280.0,,True,draftkings,2026-06-12T16:39:50.964296
Keldon Johnson,,,6cc5c3b9cfcb1d94bed9f3ca972b3114,2026-06-14,00:40,threes,3.5,2800.0,,True,draftkings,2026-06-12T16:39:50.964298
De'Aaron Fox,,,6cc5c3b9cfcb1d94bed9f3ca972b3114,2026-06-14,00:40,assists,6.5,110.0,-150.0,False,betmgm,2026-06-12T16:39:50.964316
Devin Vassell,,,6cc5c3b9cfcb1d94bed9f3ca972b3114,2026-06-14,00:40,assists,2.5,100.0,-135.0,False,betmgm,2026-06-12T16:39:50.964318
Julian Champagnie,,,6cc5c3b9cfcb1d94bed9f3ca972b3114,2026-06-14,00:40,assists,1.5,145.0,-200.0,False,betmgm,2026-06-12T16:39:50.964320
Stephon Castle,,,6cc5c3b9cfcb1d94bed9f3ca972b3114,2026-06-14,00:40,assists,6.5,-105.0,-125.0,False,betmgm,2026-06-12T16:39:50.964321
Dylan Harper,,,6cc5c3b9cfcb1d94bed9f3ca972b3114,2026-06-14,00:40,assists,3.5,110.0,-145.0,False,betmgm,2026-06-12T16:39:50.964323
Jalen Brunson,,,6cc5c3b9cfcb1d94bed9f3ca972b3114,2026-06-14,00:40,assists,6.5,120.0,-160.0,False,betmgm,2026-06-12T16:39:50.964329
Landry Shamet,,,6cc5c3b9cfcb1d94bed9f3ca972b3114,2026-06-14,00:40,assists,1.5,165.0,-225.0,False,betmgm,2026-06-12T16:39:50.964331
Josh Hart,,,6cc5c3b9cfcb1d94bed9f3ca972b3114,2026-06-14,00:40,assists,4.5,-130.0,-105.0,False,betmgm,2026-06-12T16:39:50.964332
OG Anunoby,,,6cc5c3b9cfcb1d94bed9f3ca972b3114,2026-06-14,00:40,assists,1.5,-130.0,-105.0,False,betmgm,2026-06-12T16:39:50.964334
Karl-Anthony Towns,,,6cc5c3b9cfcb1d94bed9f3ca972b3114,2026-06-14,00:40,assists,3.5,-115.0,-115.0,False,betmgm,2026-06-12T16:39:50.964336
Mikal Bridges,,,6cc5c3b9cfcb1d94bed9f3ca972b3114,2026-06-14,00:40,assists,2.5,-155.0,115.0,False,betmgm,2026-06-12T16:39:50.964337
Victor Wembanyama,,,6cc5c3b9cfcb1d94bed9f3ca972b3114,2026-06-14,00:40,assists,3.5,110.0,-150.0,False,betmgm,2026-06-12T16:39:50.964339
Jose Alvarado,,,6cc5c3b9cfcb1d94bed9f3ca972b3114,2026-06-14,00:40,assists,1.5,-155.0,115.0,False,betmgm,2026-06-12T16:39:50.964341
Stephon Castle,,,6cc5c3b9cfcb1d94bed9f3ca972b3114,2026-06-14,00:40,assists,6.5,-105.0,,True,betmgm,2026-06-12T16:39:50.964355
Devin Vassell,,,6cc5c3b9cfcb1d94bed9f3ca972b3114,2026-06-14,00:40,assists,4.5,550.0,,True,betmgm,2026-06-12T16:39:50.964357
Victor Wembanyama,,,6cc5c3b9cfcb1d94bed9f3ca972b3114,2026-06-14,00:40,assists,2.5,-220.0,,True,betmgm,2026-06-12T16:39:50.964359
Jalen Brunson,,,6cc5c3b9cfcb1d94bed9f3ca972b3114,2026-06-14,00:40,assists,4.5,-350.0,,True,betmgm,2026-06-12T16:39:50.964361
Mikal Bridges,,,6cc5c3b9cfcb1d94bed9f3ca972b3114,2026-06-14,00:40,assists,4.5,340.0,,True,betmgm,2026-06-12T16:39:50.964362
De'Aaron Fox,,,6cc5c3b9cfcb1d94bed9f3ca972b3114,2026-06-14,00:40,assists,6.5,110.0,,True,betmgm,2026-06-12T16:39:50.964364
Karl-Anthony Towns,,,6cc5c3b9cfcb1d94bed9f3ca972b3114,2026-06-14,00:40,assists,4.5,185.0,,True,betmgm,2026-06-12T16:39:50.964366
Josh Hart,,,6cc5c3b9cfcb1d94bed9f3ca972b3114,2026-06-14,00:40,assists,2.5,-750.0,,True,betmgm,2026-06-12T16:39:50.964368
Devin Vassell,,,6cc5c3b9cfcb1d94bed9f3ca972b3114,2026-06-14,00:40,assists,2.5,100.0,,True,betmgm,2026-06-12T16:39:50.964369
Josh Hart,,,6cc5c3b9cfcb1d94bed9f3ca972b3114,2026-06-14,00:40,assists,6.5,300.0,,True,betmgm,2026-06-12T16:39:50.964371
Mikal Bridges,,,6cc5c3b9cfcb1d94bed9f3ca972b3114,2026-06-14,00:40,assists,2.5,-155.0,,True,betmgm,2026-06-12T16:39:50.964373
Jalen Brunson,,,6cc5c3b9cfcb1d94bed9f3ca972b3114,2026-06-14,00:40,assists,9.5,600.0,,True,betmgm,2026-06-12T16:39:50.964375
Dylan Harper,,,6cc5c3b9cfcb1d94bed9f3ca972b3114,2026-06-14,00:40,assists,4.5,210.0,,True,betmgm,2026-06-12T16:39:50.964377
Stephon Castle,,,6cc5c3b9cfcb1d94bed9f3ca972b3114,2026-06-14,00:40,assists,9.5,500.0,,True,betmgm,2026-06-12T16:39:50.964378
De'Aaron Fox,,,6cc5c3b9cfcb1d94bed9f3ca972b3114,2026-06-14,00:40,assists,4.5,-350.0,,True,betmgm,2026-06-12T16:39:50.964380
Dylan Harper,,,6cc5c3b9cfcb1d94bed9f3ca972b3114,2026-06-14,00:40,assists,2.5,-250.0,,True,betmgm,2026-06-12T16:39:50.964381
Karl-Anthony Towns,,,6cc5c3b9cfcb1d94bed9f3ca972b3114,2026-06-14,00:40,assists,2.5,-275.0,,True,betmgm,2026-06-12T16:39:50.964383
Victor Wembanyama,,,6cc5c3b9cfcb1d94bed9f3ca972b3114,2026-06-14,00:40,assists,4.5,240.0,,True,betmgm,2026-06-12T16:39:50.964385
De'Aaron Fox,,,6cc5c3b9cfcb1d94bed9f3ca972b3114,2026-06-14,00:40,assists,9.5,625.0,,True,betmgm,2026-06-12T16:39:50.964386
Stephon Castle,,,6cc5c3b9cfcb1d94bed9f3ca972b3114,2026-06-14,00:40,assists,4.5,-450.0,,True,betmgm,2026-06-12T16:39:50.964388
Karl-Anthony Towns,,,6cc5c3b9cfcb1d94bed9f3ca972b3114,2026-06-14,00:40,assists,6.5,750.0,,True,betmgm,2026-06-12T16:39:50.964390
Jalen Brunson,,,6cc5c3b9cfcb1d94bed9f3ca972b3114,2026-06-14,00:40,assists,6.5,110.0,,True,betmgm,2026-06-12T16:39:50.964391
Dylan Harper,,,6cc5c3b9cfcb1d94bed9f3ca972b3114,2026-06-14,00:40,assists,6.5,825.0,,True,betmgm,2026-06-12T16:39:50.964393
Josh Hart,,,6cc5c3b9cfcb1d94bed9f3ca972b3114,2026-06-14,00:40,assists,4.5,-130.0,,True,betmgm,2026-06-12T16:39:50.964397
Jose Alvarado,,,6cc5c3b9cfcb1d94bed9f3ca972b3114,2026-06-14,00:40,assists,4.5,825.0,,True,betmgm,2026-06-12T16:39:50.964399
Devin Vassell,,,6cc5c3b9cfcb1d94bed9f3ca972b3114,2026-06-14,00:40,points,12.5,-125.0,-105.0,False,betmgm,2026-06-12T16:39:50.964416
Stephon Castle,,,6cc5c3b9cfcb1d94bed9f3ca972b3114,2026-06-14,00:40,points,16.5,-105.0,-125.0,False,betmgm,2026-06-12T16:39:50.964417
De'Aaron Fox,,,6cc5c3b9cfcb1d94bed9f3ca972b3114,2026-06-14,00:40,points,15.5,-110.0,-120.0,False,betmgm,2026-06-12T16:39:50.964419
Julian Champagnie,,,6cc5c3b9cfcb1d94bed9f3ca972b3114,2026-06-14,00:40,points,9.5,-115.0,-115.0,False,betmgm,2026-06-12T16:39:50.964421
Victor Wembanyama,,,6cc5c3b9cfcb1d94bed9f3ca972b3114,2026-06-14,00:40,points,27.5,-115.0,-115.0,False,betmgm,2026-06-12T16:39:50.964422
Landry Shamet,,,6cc5c3b9cfcb1d94bed9f3ca972b3114,2026-06-14,00:40,points,6.5,-120.0,-110.0,False,betmgm,2026-06-12T16:39:50.964424
Josh Hart,,,6cc5c3b9cfcb1d94bed9f3ca972b3114,2026-06-14,00:40,points,9.5,-105.0,-125.0,False,betmgm,2026-06-12T16:39:50.964426
Mikal Bridges,,,6cc5c3b9cfcb1d94bed9f3ca972b3114,2026-06-14,00:40,points,11.5,100.0,-135.0,False,betmgm,2026-06-12T16:39:50.964427
OG Anunoby,,,6cc5c3b9cfcb1d94bed9f3ca972b3114,2026-06-14,00:40,points,17.5,-120.0,-110.0,False,betmgm,2026-06-12T16:39:50.964429
Keldon Johnson,,,6cc5c3b9cfcb1d94bed9f3ca972b3114,2026-06-14,00:40,points,6.5,-118.0,-111.0,False,betmgm,2026-06-12T16:39:50.964433
Karl-Anthony Towns,,,6cc5c3b9cfcb1d94bed9f3ca972b3114,2026-06-14,00:40,points,16.5,-111.0,-118.0,False,betmgm,2026-06-12T16:39:50.964435
Dylan Harper,,,6cc5c3b9cfcb1d94bed9f3ca972b3114,2026-06-14,00:40,points,14.5,-130.0,-105.0,False,betmgm,2026-06-12T16:39:50.964436
Jalen Brunson,,,6cc5c3b9cfcb1d94bed9f3ca972b3114,2026-06-14,00:40,points,28.5,-105.0,-125.0,False,betmgm,2026-06-12T16:39:50.964438
Mitchell Robinson,,,6cc5c3b9cfcb1d94bed9f3ca972b3114,2026-06-14,00:40,points,3.5,-118.0,-111.0,False,betmgm,2026-06-12T16:39:50.964440
Jose Alvarado,,,6cc5c3b9cfcb1d94bed9f3ca972b3114,2026-06-14,00:40,points,3.5,-125.0,-105.0,False,betmgm,2026-06-12T16:39:50.964441
Stephon Castle,,,6cc5c3b9cfcb1d94bed9f3ca972b3114,2026-06-14,00:40,points,9.5,-900.0,,True,betmgm,2026-06-12T16:39:50.964464
Stephon Castle,,,6cc5c3b9cfcb1d94bed9f3ca972b3114,2026-06-14,00:40,points,19.5,200.0,,True,betmgm,2026-06-12T16:39:50.964466
Stephon Castle,,,6cc5c3b9cfcb1d94bed9f3ca972b3114,2026-06-14,00:40,points,24.5,600.0,,True,betmgm,2026-06-12T16:39:50.964468
Devin Vassell,,,6cc5c3b9cfcb1d94bed9f3ca972b3114,2026-06-14,00:40,points,14.5,140.0,,True,betmgm,2026-06-12T16:39:50.964472
Jalen Brunson,,,6cc5c3b9cfcb1d94bed9f3ca972b3114,2026-06-14,00:40,points,34.5,300.0,,True,betmgm,2026-06-12T16:39:50.964474
Victor Wembanyama,,,6cc5c3b9cfcb1d94bed9f3ca972b3114,2026-06-14,00:40,points,29.5,130.0,,True,betmgm,2026-06-12T16:39:50.964475
Karl-Anthony Towns,,,6cc5c3b9cfcb1d94bed9f3ca972b3114,2026-06-14,00:40,points,9.5,-1100.0,,True,betmgm,2026-06-12T16:39:50.964477
Keldon Johnson,,,6cc5c3b9cfcb1d94bed9f3ca972b3114,2026-06-14,00:40,points,14.5,775.0,,True,betmgm,2026-06-12T16:39:50.964479
Dylan Harper,,,6cc5c3b9cfcb1d94bed9f3ca972b3114,2026-06-14,00:40,points,9.5,-625.0,,True,betmgm,2026-06-12T16:39:50.964480
Mikal Bridges,,,6cc5c3b9cfcb1d94bed9f3ca972b3114,2026-06-14,00:40,points,14.5,230.0,,True,betmgm,2026-06-12T16:39:50.964482
Josh Hart,,,6cc5c3b9cfcb1d94bed9f3ca972b3114,2026-06-14,00:40,points,14.5,380.0,,True,betmgm,2026-06-12T16:39:50.964484
Jalen Brunson,,,6cc5c3b9cfcb1d94bed9f3ca972b3114,2026-06-14,00:40,points,19.5,-900.0,,True,betmgm,2026-06-12T16:39:50.964485
Josh Hart,,,6cc5c3b9cfcb1d94bed9f3ca972b3114,2026-06-14,00:40,points,9.5,-111.0,,True,betmgm,2026-06-12T16:39:50.964487
Julian Champagnie,,,6cc5c3b9cfcb1d94bed9f3ca972b3114,2026-06-14,00:40,points,14.5,340.0,,True,betmgm,2026-06-12T16:39:50.964489
De'Aaron Fox,,,6cc5c3b9cfcb1d94bed9f3ca972b3114,2026-06-14,00:40,points,24.5,700.0,,True,betmgm,2026-06-12T16:39:50.964490
OG Anunoby,,,6cc5c3b9cfcb1d94bed9f3ca972b3114,2026-06-14,00:40,points,24.5,360.0,,True,betmgm,2026-06-12T16:39:50.964494
Karl-Anthony Towns,,,6cc5c3b9cfcb1d94bed9f3ca972b3114,2026-06-14,00:40,points,19.5,165.0,,True,betmgm,2026-06-12T16:39:50.964496
Karl-Anthony Towns,,,6cc5c3b9cfcb1d94bed9f3ca972b3114,2026-06-14,00:40,points,24.5,500.0,,True,betmgm,2026-06-12T16:39:50.964498
Victor Wembanyama,,,6cc5c3b9cfcb1d94bed9f3ca972b3114,2026-06-14,00:40,points,39.5,825.0,,True,betmgm,2026-06-12T16:39:50.964499
Landry Shamet,,,6cc5c3b9cfcb1d94bed9f3ca972b3114,2026-06-14,00:40,points,9.5,210.0,,True,betmgm,2026-06-12T16:39:50.964501
Keldon Johnson,,,6cc5c3b9cfcb1d94bed9f3ca972b3114,2026-06-14,00:40,points,9.5,200.0,,True,betmgm,2026-06-12T16:39:50.964503
Karl-Anthony Towns,,,6cc5c3b9cfcb1d94bed9f3ca972b3114,2026-06-14,00:40,points,14.5,-210.0,,True,betmgm,2026-06-12T16:39:50.964504
OG Anunoby,,,6cc5c3b9cfcb1d94bed9f3ca972b3114,2026-06-14,00:40,points,14.5,-275.0,,True,betmgm,2026-06-12T16:39:50.964506
Victor Wembanyama,,,6cc5c3b9cfcb1d94bed9f3ca972b3114,2026-06-14,00:40,points,19.5,-750.0,,True,betmgm,2026-06-12T16:39:50.964508
De'Aaron Fox,,,6cc5c3b9cfcb1d94bed9f3ca972b3114,2026-06-14,00:40,points,9.5,-750.0,,True,betmgm,2026-06-12T16:39:50.964509
Jalen Brunson,,,6cc5c3b9cfcb1d94bed9f3ca972b3114,2026-06-14,00:40,points,24.5,-250.0,,True,betmgm,2026-06-12T16:39:50.964511
Landry Shamet,,,6cc5c3b9cfcb1d94bed9f3ca972b3114,2026-06-14,00:40,points,14.5,850.0,,True,betmgm,2026-06-12T16:39:50.964513
Jalen Brunson,,,6cc5c3b9cfcb1d94bed9f3ca972b3114,2026-06-14,00:40,points,39.5,700.0,,True,betmgm,2026-06-12T16:39:50.964514
Dylan Harper,,,6cc5c3b9cfcb1d94bed9f3ca972b3114,2026-06-14,00:40,points,14.5,-130.0,,True,betmgm,2026-06-12T16:39:50.964516
De'Aaron Fox,,,6cc5c3b9cfcb1d94bed9f3ca972b3114,2026-06-14,00:40,points,14.5,-155.0,,True,betmgm,2026-06-12T16:39:50.964517
Devin Vassell,,,6cc5c3b9cfcb1d94bed9f3ca972b3114,2026-06-14,00:40,points,9.5,-275.0,,True,betmgm,2026-06-12T16:39:50.964519
Stephon Castle,,,6cc5c3b9cfcb1d94bed9f3ca972b3114,2026-06-14,00:40,points,14.5,-185.0,,True,betmgm,2026-06-12T16:39:50.964521
OG Anunoby,,,6cc5c3b9cfcb1d94bed9f3ca972b3114,2026-06-14,00:40,points,19.5,125.0,,True,betmgm,2026-06-12T16:39:50.964522
Julian Champagnie,,,6cc5c3b9cfcb1d94bed9f3ca972b3114,2026-06-14,00:40,points,9.5,-115.0,,True,betmgm,2026-06-12T16:39:50.964524
Mikal Bridges,,,6cc5c3b9cfcb1d94bed9f3ca972b3114,2026-06-14,00:40,points,19.5,800.0,,True,betmgm,2026-06-12T16:39:50.964526
Jalen Brunson,,,6cc5c3b9cfcb1d94bed9f3ca972b3114,2026-06-14,00:40,points,29.5,115.0,,True,betmgm,2026-06-12T16:39:50.964527
Devin Vassell,,,6cc5c3b9cfcb1d94bed9f3ca972b3114,2026-06-14,00:40,points,19.5,475.0,,True,betmgm,2026-06-12T16:39:50.964529
Dylan Harper,,,6cc5c3b9cfcb1d94bed9f3ca972b3114,2026-06-14,00:40,points,19.5,270.0,,True,betmgm,2026-06-12T16:39:50.964531
Victor Wembanyama,,,6cc5c3b9cfcb1d94bed9f3ca972b3114,2026-06-14,00:40,points,24.5,-220.0,,True,betmgm,2026-06-12T16:39:50.964532
Victor Wembanyama,,,6cc5c3b9cfcb1d94bed9f3ca972b3114,2026-06-14,00:40,points,34.5,333.0,,True,betmgm,2026-06-12T16:39:50.964534
De'Aaron Fox,,,6cc5c3b9cfcb1d94bed9f3ca972b3114,2026-06-14,00:40,points,19.5,230.0,,True,betmgm,2026-06-12T16:39:50.964536
Mikal Bridges,,,6cc5c3b9cfcb1d94bed9f3ca972b3114,2026-06-14,00:40,points,9.5,-190.0,,True,betmgm,2026-06-12T16:39:50.964537
OG Anunoby,,,6cc5c3b9cfcb1d94bed9f3ca972b3114,2026-06-14,00:40,points,9.5,-1400.0,,True,betmgm,2026-06-12T16:39:50.964539
Jose Alvarado,,,6cc5c3b9cfcb1d94bed9f3ca972b3114,2026-06-14,00:40,points,9.5,675.0,,True,betmgm,2026-06-12T16:39:50.964541
Victor Wembanyama,,,6cc5c3b9cfcb1d94bed9f3ca972b3114,2026-06-14,00:40,rebounds,11.5,100.0,-135.0,False,betmgm,2026-06-12T16:39:50.964558
Devin Vassell,,,6cc5c3b9cfcb1d94bed9f3ca972b3114,2026-06-14,00:40,rebounds,4.5,-125.0,-105.0,False,betmgm,2026-06-12T16:39:50.964560
Stephon Castle,,,6cc5c3b9cfcb1d94bed9f3ca972b3114,2026-06-14,00:40,rebounds,4.5,-150.0,110.0,False,betmgm,2026-06-12T16:39:50.964561
De'Aaron Fox,,,6cc5c3b9cfcb1d94bed9f3ca972b3114,2026-06-14,00:40,rebounds,3.5,105.0,-140.0,False,betmgm,2026-06-12T16:39:50.964566
Dylan Harper,,,6cc5c3b9cfcb1d94bed9f3ca972b3114,2026-06-14,00:40,rebounds,5.5,-135.0,100.0,False,betmgm,2026-06-12T16:39:50.964567
Julian Champagnie,,,6cc5c3b9cfcb1d94bed9f3ca972b3114,2026-06-14,00:40,rebounds,4.5,-135.0,100.0,False,betmgm,2026-06-12T16:39:50.964569
Landry Shamet,,,6cc5c3b9cfcb1d94bed9f3ca972b3114,2026-06-14,00:40,rebounds,1.5,115.0,-155.0,False,betmgm,2026-06-12T16:39:50.964571
Keldon Johnson,,,6cc5c3b9cfcb1d94bed9f3ca972b3114,2026-06-14,00:40,rebounds,2.5,-160.0,120.0,False,betmgm,2026-06-12T16:39:50.964572
Jalen Brunson,,,6cc5c3b9cfcb1d94bed9f3ca972b3114,2026-06-14,00:40,rebounds,3.5,125.0,-165.0,False,betmgm,2026-06-12T16:39:50.964574
Mikal Bridges,,,6cc5c3b9cfcb1d94bed9f3ca972b3114,2026-06-14,00:40,rebounds,3.5,105.0,-140.0,False,betmgm,2026-06-12T16:39:50.964576
OG Anunoby,,,6cc5c3b9cfcb1d94bed9f3ca972b3114,2026-06-14,00:40,rebounds,5.5,100.0,-135.0,False,betmgm,2026-06-12T16:39:50.964577
Karl-Anthony Towns,,,6cc5c3b9cfcb1d94bed9f3ca972b3114,2026-06-14,00:40,rebounds,11.5,100.0,-135.0,False,betmgm,2026-06-12T16:39:50.964582
Josh Hart,,,6cc5c3b9cfcb1d94bed9f3ca972b3114,2026-06-14,00:40,rebounds,8.5,-105.0,-125.0,False,betmgm,2026-06-12T16:39:50.964583
Jose Alvarado,,,6cc5c3b9cfcb1d94bed9f3ca972b3114,2026-06-14,00:40,rebounds,1.5,-120.0,-110.0,False,betmgm,2026-06-12T16:39:50.964587
Mitchell Robinson,,,6cc5c3b9cfcb1d94bed9f3ca972b3114,2026-06-14,00:40,rebounds,4.5,-135.0,100.0,False,betmgm,2026-06-12T16:39:50.964589
Stephon Castle,,,6cc5c3b9cfcb1d94bed9f3ca972b3114,2026-06-14,00:40,rebounds,4.5,-150.0,,True,betmgm,2026-06-12T16:39:50.964613
Devin Vassell,,,6cc5c3b9cfcb1d94bed9f3ca972b3114,2026-06-14,00:40,rebounds,2.5,-700.0,,True,betmgm,2026-06-12T16:39:50.964615
Devin Vassell,,,6cc5c3b9cfcb1d94bed9f3ca972b3114,2026-06-14,00:40,rebounds,6.5,300.0,,True,betmgm,2026-06-12T16:39:50.964616
Mikal Bridges,,,6cc5c3b9cfcb1d94bed9f3ca972b3114,2026-06-14,00:40,rebounds,4.5,210.0,,True,betmgm,2026-06-12T16:39:50.964618
Dylan Harper,,,6cc5c3b9cfcb1d94bed9f3ca972b3114,2026-06-14,00:40,rebounds,6.5,135.0,,True,betmgm,2026-06-12T16:39:50.964620
Victor Wembanyama,,,6cc5c3b9cfcb1d94bed9f3ca972b3114,2026-06-14,00:40,rebounds,9.5,-275.0,,True,betmgm,2026-06-12T16:39:50.964621
Keldon Johnson,,,6cc5c3b9cfcb1d94bed9f3ca972b3114,2026-06-14,00:40,rebounds,2.5,-165.0,,True,betmgm,2026-06-12T16:39:50.964623
Josh Hart,,,6cc5c3b9cfcb1d94bed9f3ca972b3114,2026-06-14,00:40,rebounds,6.5,-325.0,,True,betmgm,2026-06-12T16:39:50.964625
OG Anunoby,,,6cc5c3b9cfcb1d94bed9f3ca972b3114,2026-06-14,00:40,rebounds,2.5,-1200.0,,True,betmgm,2026-06-12T16:39:50.964626
Dylan Harper,,,6cc5c3b9cfcb1d94bed9f3ca972b3114,2026-06-14,00:40,rebounds,9.5,700.0,,True,betmgm,2026-06-12T16:39:50.964628
Landry Shamet,,,6cc5c3b9cfcb1d94bed9f3ca972b3114,2026-06-14,00:40,rebounds,2.5,300.0,,True,betmgm,2026-06-12T16:39:50.964630
Victor Wembanyama,,,6cc5c3b9cfcb1d94bed9f3ca972b3114,2026-06-14,00:40,rebounds,14.5,360.0,,True,betmgm,2026-06-12T16:39:50.964631
Karl-Anthony Towns,,,6cc5c3b9cfcb1d94bed9f3ca972b3114,2026-06-14,00:40,rebounds,14.5,325.0,,True,betmgm,2026-06-12T16:39:50.964633
Victor Wembanyama,,,6cc5c3b9cfcb1d94bed9f3ca972b3114,2026-06-14,00:40,rebounds,16.5,800.0,,True,betmgm,2026-06-12T16:39:50.964635
Mikal Bridges,,,6cc5c3b9cfcb1d94bed9f3ca972b3114,2026-06-14,00:40,rebounds,6.5,825.0,,True,betmgm,2026-06-12T16:39:50.964636
Stephon Castle,,,6cc5c3b9cfcb1d94bed9f3ca972b3114,2026-06-14,00:40,rebounds,6.5,250.0,,True,betmgm,2026-06-12T16:39:50.964638
Josh Hart,,,6cc5c3b9cfcb1d94bed9f3ca972b3114,2026-06-14,00:40,rebounds,12.5,600.0,,True,betmgm,2026-06-12T16:39:50.964640
Stephon Castle,,,6cc5c3b9cfcb1d94bed9f3ca972b3114,2026-06-14,00:40,rebounds,2.5,-800.0,,True,betmgm,2026-06-12T16:39:50.964641
Josh Hart,,,6cc5c3b9cfcb1d94bed9f3ca972b3114,2026-06-14,00:40,rebounds,4.5,-1600.0,,True,betmgm,2026-06-12T16:39:50.964643
Karl-Anthony Towns,,,6cc5c3b9cfcb1d94bed9f3ca972b3114,2026-06-14,00:40,rebounds,9.5,-275.0,,True,betmgm,2026-06-12T16:39:50.964645
Keldon Johnson,,,6cc5c3b9cfcb1d94bed9f3ca972b3114,2026-06-14,00:40,rebounds,4.5,280.0,,True,betmgm,2026-06-12T16:39:50.964649
Dylan Harper,,,6cc5c3b9cfcb1d94bed9f3ca972b3114,2026-06-14,00:40,rebounds,4.5,-275.0,,True,betmgm,2026-06-12T16:39:50.964650
De'Aaron Fox,,,6cc5c3b9cfcb1d94bed9f3ca972b3114,2026-06-14,00:40,rebounds,4.5,220.0,,True,betmgm,2026-06-12T16:39:50.964652
Devin Vassell,,,6cc5c3b9cfcb1d94bed9f3ca972b3114,2026-06-14,00:40,rebounds,4.5,-125.0,,True,betmgm,2026-06-12T16:39:50.964654
OG Anunoby,,,6cc5c3b9cfcb1d94bed9f3ca972b3114,2026-06-14,00:40,rebounds,6.5,180.0,,True,betmgm,2026-06-12T16:39:50.964655
De'Aaron Fox,,,6cc5c3b9cfcb1d94bed9f3ca972b3114,2026-06-14,00:40,rebounds,6.5,825.0,,True,betmgm,2026-06-12T16:39:50.964657
De'Aaron Fox,,,6cc5c3b9cfcb1d94bed9f3ca972b3114,2026-06-14,00:40,rebounds,2.5,-235.0,,True,betmgm,2026-06-12T16:39:50.964659
Karl-Anthony Towns,,,6cc5c3b9cfcb1d94bed9f3ca972b3114,2026-06-14,00:40,rebounds,16.5,700.0,,True,betmgm,2026-06-12T16:39:50.964660
Mikal Bridges,,,6cc5c3b9cfcb1d94bed9f3ca972b3114,2026-06-14,00:40,rebounds,2.5,-235.0,,True,betmgm,2026-06-12T16:39:50.964662
Karl-Anthony Towns,,,6cc5c3b9cfcb1d94bed9f3ca972b3114,2026-06-14,00:40,rebounds,12.5,140.0,,True,betmgm,2026-06-12T16:39:50.964664
Jalen Brunson,,,6cc5c3b9cfcb1d94bed9f3ca972b3114,2026-06-14,00:40,rebounds,4.5,270.0,,True,betmgm,2026-06-12T16:39:50.964665
OG Anunoby,,,6cc5c3b9cfcb1d94bed9f3ca972b3114,2026-06-14,00:40,rebounds,4.5,-200.0,,True,betmgm,2026-06-12T16:39:50.964667
Julian Champagnie,,,6cc5c3b9cfcb1d94bed9f3ca972b3114,2026-06-14,00:40,rebounds,6.5,280.0,,True,betmgm,2026-06-12T16:39:50.964669
Victor Wembanyama,,,6cc5c3b9cfcb1d94bed9f3ca972b3114,2026-06-14,00:40,rebounds,12.5,155.0,,True,betmgm,2026-06-12T16:39:50.964670
Josh Hart,,,6cc5c3b9cfcb1d94bed9f3ca972b3114,2026-06-14,00:40,rebounds,9.5,155.0,,True,betmgm,2026-06-12T16:39:50.964672
Dylan Harper,,,6cc5c3b9cfcb1d94bed9f3ca972b3114,2026-06-14,00:40,rebounds,2.5,-2000.0,,True,betmgm,2026-06-12T16:39:50.964674
Julian Champagnie,,,6cc5c3b9cfcb1d94bed9f3ca972b3114,2026-06-14,00:40,rebounds,4.5,-135.0,,True,betmgm,2026-06-12T16:39:50.964675
Jalen Brunson,,,6cc5c3b9cfcb1d94bed9f3ca972b3114,2026-06-14,00:40,rebounds,2.5,-200.0,,True,betmgm,2026-06-12T16:39:50.964677
Victor Wembanyama,,,6cc5c3b9cfcb1d94bed9f3ca972b3114,2026-06-14,00:40,rebounds,6.5,-2000.0,,True,betmgm,2026-06-12T16:39:50.964679
Julian Champagnie,,,6cc5c3b9cfcb1d94bed9f3ca972b3114,2026-06-14,00:40,rebounds,2.5,-750.0,,True,betmgm,2026-06-12T16:39:50.964680
Karl-Anthony Towns,,,6cc5c3b9cfcb1d94bed9f3ca972b3114,2026-06-14,00:40,rebounds,6.5,-2000.0,,True,betmgm,2026-06-12T16:39:50.964682
Mitchell Robinson,,,6cc5c3b9cfcb1d94bed9f3ca972b3114,2026-06-14,00:40,rebounds,4.5,-150.0,,True,betmgm,2026-06-12T16:39:50.964684
Jose Alvarado,,,6cc5c3b9cfcb1d94bed9f3ca972b3114,2026-06-14,00:40,rebounds,2.5,230.0,,True,betmgm,2026-06-12T16:39:50.964685
Mitchell Robinson,,,6cc5c3b9cfcb1d94bed9f3ca972b3114,2026-06-14,00:40,rebounds,6.5,210.0,,True,betmgm,2026-06-12T16:39:50.964687
Mitchell Robinson,,,6cc5c3b9cfcb1d94bed9f3ca972b3114,2026-06-14,00:40,rebounds,9.5,850.0,,True,betmgm,2026-06-12T16:39:50.964689
Mitchell Robinson,,,6cc5c3b9cfcb1d94bed9f3ca972b3114,2026-06-14,00:40,rebounds,2.5,-700.0,,True,betmgm,2026-06-12T16:39:50.964690
Devin Vassell,,,6cc5c3b9cfcb1d94bed9f3ca972b3114,2026-06-14,00:40,threes,2.5,105.0,-140.0,False,betmgm,2026-06-12T16:39:50.964708
Dylan Harper,,,6cc5c3b9cfcb1d94bed9f3ca972b3114,2026-06-14,00:40,threes,1.5,130.0,-175.0,False,betmgm,2026-06-12T16:39:50.964710
Stephon Castle,,,6cc5c3b9cfcb1d94bed9f3ca972b3114,2026-06-14,00:40,threes,1.5,135.0,-185.0,False,betmgm,2026-06-12T16:39:50.964712
Julian Champagnie,,,6cc5c3b9cfcb1d94bed9f3ca972b3114,2026-06-14,00:40,threes,2.5,120.0,-160.0,False,betmgm,2026-06-12T16:39:50.964713
De'Aaron Fox,,,6cc5c3b9cfcb1d94bed9f3ca972b3114,2026-06-14,00:40,threes,1.5,115.0,-155.0,False,betmgm,2026-06-12T16:39:50.964715
Mikal Bridges,,,6cc5c3b9cfcb1d94bed9f3ca972b3114,2026-06-14,00:40,threes,1.5,145.0,-200.0,False,betmgm,2026-06-12T16:39:50.964719
Landry Shamet,,,6cc5c3b9cfcb1d94bed9f3ca972b3114,2026-06-14,00:40,threes,1.5,-110.0,-120.0,False,betmgm,2026-06-12T16:39:50.964721
OG Anunoby,,,6cc5c3b9cfcb1d94bed9f3ca972b3114,2026-06-14,00:40,threes,2.5,100.0,-135.0,False,betmgm,2026-06-12T16:39:50.964722
Karl-Anthony Towns,,,6cc5c3b9cfcb1d94bed9f3ca972b3114,2026-06-14,00:40,threes,1.5,140.0,-190.0,False,betmgm,2026-06-12T16:39:50.964724
Josh Hart,,,6cc5c3b9cfcb1d94bed9f3ca972b3114,2026-06-14,00:40,threes,1.5,115.0,-155.0,False,betmgm,2026-06-12T16:39:50.964726
Jalen Brunson,,,6cc5c3b9cfcb1d94bed9f3ca972b3114,2026-06-14,00:40,threes,2.5,105.0,-145.0,False,betmgm,2026-06-12T16:39:50.964727
Victor Wembanyama,,,6cc5c3b9cfcb1d94bed9f3ca972b3114,2026-06-14,00:40,threes,1.5,-200.0,145.0,False,betmgm,2026-06-12T16:39:50.964729
Jose Alvarado,,,6cc5c3b9cfcb1d94bed9f3ca972b3114,2026-06-14,00:40,threes,0.5,-140.0,105.0,False,betmgm,2026-06-12T16:39:50.964731
Stephon Castle,,,6cc5c3b9cfcb1d94bed9f3ca972b3114,2026-06-14,00:40,threes,0.5,-325.0,,True,betmgm,2026-06-12T16:39:50.964755
Stephon Castle,,,6cc5c3b9cfcb1d94bed9f3ca972b3114,2026-06-14,00:40,threes,1.5,135.0,,True,betmgm,2026-06-12T16:39:50.964757
Victor Wembanyama,,,6cc5c3b9cfcb1d94bed9f3ca972b3114,2026-06-14,00:40,threes,1.5,-200.0,,True,betmgm,2026-06-12T16:39:50.964758
Devin Vassell,,,6cc5c3b9cfcb1d94bed9f3ca972b3114,2026-06-14,00:40,threes,0.5,-1600.0,,True,betmgm,2026-06-12T16:39:50.964762
De'Aaron Fox,,,6cc5c3b9cfcb1d94bed9f3ca972b3114,2026-06-14,00:40,threes,3.5,850.0,,True,betmgm,2026-06-12T16:39:50.964764
Victor Wembanyama,,,6cc5c3b9cfcb1d94bed9f3ca972b3114,2026-06-14,00:40,threes,3.5,375.0,,True,betmgm,2026-06-12T16:39:50.964766
Devin Vassell,,,6cc5c3b9cfcb1d94bed9f3ca972b3114,2026-06-14,00:40,threes,2.5,105.0,,True,betmgm,2026-06-12T16:39:50.964767
Karl-Anthony Towns,,,6cc5c3b9cfcb1d94bed9f3ca972b3114,2026-06-14,00:40,threes,1.5,140.0,,True,betmgm,2026-06-12T16:39:50.964769
Dylan Harper,,,6cc5c3b9cfcb1d94bed9f3ca972b3114,2026-06-14,00:40,threes,1.5,130.0,,True,betmgm,2026-06-12T16:39:50.964771
Devin Vassell,,,6cc5c3b9cfcb1d94bed9f3ca972b3114,2026-06-14,00:40,threes,3.5,250.0,,True,betmgm,2026-06-12T16:39:50.964772
Dylan Harper,,,6cc5c3b9cfcb1d94bed9f3ca972b3114,2026-06-14,00:40,threes,0.5,-350.0,,True,betmgm,2026-06-12T16:39:50.964774
Julian Champagnie,,,6cc5c3b9cfcb1d94bed9f3ca972b3114,2026-06-14,00:40,threes,2.5,120.0,,True,betmgm,2026-06-12T16:39:50.964776
Julian Champagnie,,,6cc5c3b9cfcb1d94bed9f3ca972b3114,2026-06-14,00:40,threes,0.5,-1200.0,,True,betmgm,2026-06-12T16:39:50.964777
Devin Vassell,,,6cc5c3b9cfcb1d94bed9f3ca972b3114,2026-06-14,00:40,threes,4.5,575.0,,True,betmgm,2026-06-12T16:39:50.964779
Landry Shamet,,,6cc5c3b9cfcb1d94bed9f3ca972b3114,2026-06-14,00:40,threes,2.5,275.0,,True,betmgm,2026-06-12T16:39:50.964781
Jalen Brunson,,,6cc5c3b9cfcb1d94bed9f3ca972b3114,2026-06-14,00:40,threes,3.5,260.0,,True,betmgm,2026-06-12T16:39:50.964782
Jalen Brunson,,,6cc5c3b9cfcb1d94bed9f3ca972b3114,2026-06-14,00:40,threes,0.5,-1400.0,,True,betmgm,2026-06-12T16:39:50.964784
Landry Shamet,,,6cc5c3b9cfcb1d94bed9f3ca972b3114,2026-06-14,00:40,threes,1.5,-110.0,,True,betmgm,2026-06-12T16:39:50.964786
OG Anunoby,,,6cc5c3b9cfcb1d94bed9f3ca972b3114,2026-06-14,00:40,threes,4.5,525.0,,True,betmgm,2026-06-12T16:39:50.964788
Stephon Castle,,,6cc5c3b9cfcb1d94bed9f3ca972b3114,2026-06-14,00:40,threes,2.5,400.0,,True,betmgm,2026-06-12T16:39:50.964789
Josh Hart,,,6cc5c3b9cfcb1d94bed9f3ca972b3114,2026-06-14,00:40,threes,1.5,115.0,,True,betmgm,2026-06-12T16:39:50.964791
Victor Wembanyama,,,6cc5c3b9cfcb1d94bed9f3ca972b3114,2026-06-14,00:40,threes,2.5,150.0,,True,betmgm,2026-06-12T16:39:50.964793
OG Anunoby,,,6cc5c3b9cfcb1d94bed9f3ca972b3114,2026-06-14,00:40,threes,0.5,-1600.0,,True,betmgm,2026-06-12T16:39:50.964794
Josh Hart,,,6cc5c3b9cfcb1d94bed9f3ca972b3114,2026-06-14,00:40,threes,2.5,340.0,,True,betmgm,2026-06-12T16:39:50.964796
Karl-Anthony Towns,,,6cc5c3b9cfcb1d94bed9f3ca972b3114,2026-06-14,00:40,threes,2.5,425.0,,True,betmgm,2026-06-12T16:39:50.964800
Devin Vassell,,,6cc5c3b9cfcb1d94bed9f3ca972b3114,2026-06-14,00:40,threes,1.5,-295.0,,True,betmgm,2026-06-12T16:39:50.964802
Julian Champagnie,,,6cc5c3b9cfcb1d94bed9f3ca972b3114,2026-06-14,00:40,threes,3.5,300.0,,True,betmgm,2026-06-12T16:39:50.964803
Victor Wembanyama,,,6cc5c3b9cfcb1d94bed9f3ca972b3114,2026-06-14,00:40,threes,0.5,-1000.0,,True,betmgm,2026-06-12T16:39:50.964805
Dylan Harper,,,6cc5c3b9cfcb1d94bed9f3ca972b3114,2026-06-14,00:40,threes,2.5,390.0,,True,betmgm,2026-06-12T16:39:50.964807
Josh Hart,,,6cc5c3b9cfcb1d94bed9f3ca972b3114,2026-06-14,00:40,threes,0.5,-375.0,,True,betmgm,2026-06-12T16:39:50.964808
Landry Shamet,,,6cc5c3b9cfcb1d94bed9f3ca972b3114,2026-06-14,00:40,threes,3.5,675.0,,True,betmgm,2026-06-12T16:39:50.964810
OG Anunoby,,,6cc5c3b9cfcb1d94bed9f3ca972b3114,2026-06-14,00:40,threes,2.5,-105.0,,True,betmgm,2026-06-12T16:39:50.964812
Julian Champagnie,,,6cc5c3b9cfcb1d94bed9f3ca972b3114,2026-06-14,00:40,threes,4.5,700.0,,True,betmgm,2026-06-12T16:39:50.964813
De'Aaron Fox,,,6cc5c3b9cfcb1d94bed9f3ca972b3114,2026-06-14,00:40,threes,2.5,340.0,,True,betmgm,2026-06-12T16:39:50.964815
Jalen Brunson,,,6cc5c3b9cfcb1d94bed9f3ca972b3114,2026-06-14,00:40,threes,2.5,105.0,,True,betmgm,2026-06-12T16:39:50.964816
Jalen Brunson,,,6cc5c3b9cfcb1d94bed9f3ca972b3114,2026-06-14,00:40,threes,4.5,575.0,,True,betmgm,2026-06-12T16:39:50.964818
OG Anunoby,,,6cc5c3b9cfcb1d94bed9f3ca972b3114,2026-06-14,00:40,threes,3.5,230.0,,True,betmgm,2026-06-12T16:39:50.964820
Mikal Bridges,,,6cc5c3b9cfcb1d94bed9f3ca972b3114,2026-06-14,00:40,threes,1.5,130.0,,True,betmgm,2026-06-12T16:39:50.964821
De'Aaron Fox,,,6cc5c3b9cfcb1d94bed9f3ca972b3114,2026-06-14,00:40,threes,1.5,110.0,,True,betmgm,2026-06-12T16:39:50.964825
Jalen Brunson,,,6cc5c3b9cfcb1d94bed9f3ca972b3114,2026-06-14,00:40,threes,1.5,-275.0,,True,betmgm,2026-06-12T16:39:50.964827
Mikal Bridges,,,6cc5c3b9cfcb1d94bed9f3ca972b3114,2026-06-14,00:40,threes,0.5,-325.0,,True,betmgm,2026-06-12T16:39:50.964828
De'Aaron Fox,,,6cc5c3b9cfcb1d94bed9f3ca972b3114,2026-06-14,00:40,threes,0.5,-400.0,,True,betmgm,2026-06-12T16:39:50.964830
OG Anunoby,,,6cc5c3b9cfcb1d94bed9f3ca972b3114,2026-06-14,00:40,threes,1.5,-295.0,,True,betmgm,2026-06-12T16:39:50.964832
Julian Champagnie,,,6cc5c3b9cfcb1d94bed9f3ca972b3114,2026-06-14,00:40,threes,1.5,-235.0,,True,betmgm,2026-06-12T16:39:50.964834
Mikal Bridges,,,6cc5c3b9cfcb1d94bed9f3ca972b3114,2026-06-14,00:40,threes,2.5,390.0,,True,betmgm,2026-06-12T16:39:50.964835
Karl-Anthony Towns,,,6cc5c3b9cfcb1d94bed9f3ca972b3114,2026-06-14,00:40,threes,0.5,-300.0,,True,betmgm,2026-06-12T16:39:50.964837
Landry Shamet,,,6cc5c3b9cfcb1d94bed9f3ca972b3114,2026-06-14,00:40,threes,0.5,-500.0,,True,betmgm,2026-06-12T16:39:50.964839
Jose Alvarado,,,6cc5c3b9cfcb1d94bed9f3ca972b3114,2026-06-14,00:40,threes,0.5,-145.0,,True,betmgm,2026-06-12T16:39:50.964840
Jose Alvarado,,,6cc5c3b9cfcb1d94bed9f3ca972b3114,2026-06-14,00:40,threes,1.5,310.0,,True,betmgm,2026-06-12T16:39:50.964842
