player_name,team,opponent,game_id,game_date,game_time,prop_type,line,over_odds,under_odds,is_alt_line,sportsbook,scraped_at
Cade Cunningham,,,88e10294c54deffd6e9e6efcba249d2c,2026-05-01,23:10,assists,9.5,101.0,-132.0,False,draftkings,2026-05-01T14:24:38.622162
Paolo Banchero,,,88e10294c54deffd6e9e6efcba249d2c,2026-05-01,23:10,assists,5.5,112.0,-147.0,False,draftkings,2026-05-01T14:24:38.622182
Jalen Suggs,,,88e10294c54deffd6e9e6efcba249d2c,2026-05-01,23:10,assists,4.5,-115.0,-114.0,False,draftkings,2026-05-01T14:24:38.622185
Ausar Thompson,,,88e10294c54deffd6e9e6efcba249d2c,2026-05-01,23:10,assists,2.5,-166.0,126.0,False,draftkings,2026-05-01T14:24:38.622187
Anthony Black,,,88e10294c54deffd6e9e6efcba249d2c,2026-05-01,23:10,assists,2.5,-161.0,122.0,False,draftkings,2026-05-01T14:24:38.622189
Desmond Bane,,,88e10294c54deffd6e9e6efcba249d2c,2026-05-01,23:10,assists,2.5,-144.0,110.0,False,draftkings,2026-05-01T14:24:38.622192
Wendell Carter Jr,,,88e10294c54deffd6e9e6efcba249d2c,2026-05-01,23:10,assists,1.5,-195.0,147.0,False,draftkings,2026-05-01T14:24:38.622193
Tobias Harris,,,88e10294c54deffd6e9e6efcba249d2c,2026-05-01,23:10,assists,1.5,-190.0,143.0,False,draftkings,2026-05-01T14:24:38.622195
Duncan Robinson,,,88e10294c54deffd6e9e6efcba249d2c,2026-05-01,23:10,assists,1.5,-160.0,121.0,False,draftkings,2026-05-01T14:24:38.622198
Jalen Duren,,,88e10294c54deffd6e9e6efcba249d2c,2026-05-01,23:10,assists,1.5,-153.0,116.0,False,draftkings,2026-05-01T14:24:38.622200
Cade Cunningham,,,88e10294c54deffd6e9e6efcba249d2c,2026-05-01,23:10,assists,4.5,-3000.0,,True,draftkings,2026-05-01T14:24:38.622249
Cade Cunningham,,,88e10294c54deffd6e9e6efcba249d2c,2026-05-01,23:10,assists,5.5,-1120.0,,True,draftkings,2026-05-01T14:24:38.622252
Cade Cunningham,,,88e10294c54deffd6e9e6efcba249d2c,2026-05-01,23:10,assists,6.5,-527.0,,True,draftkings,2026-05-01T14:24:38.622254
Cade Cunningham,,,88e10294c54deffd6e9e6efcba249d2c,2026-05-01,23:10,assists,7.5,-282.0,,True,draftkings,2026-05-01T14:24:38.622256
Cade Cunningham,,,88e10294c54deffd6e9e6efcba249d2c,2026-05-01,23:10,assists,8.5,-163.0,,True,draftkings,2026-05-01T14:24:38.622257
Cade Cunningham,,,88e10294c54deffd6e9e6efcba249d2c,2026-05-01,23:10,assists,9.5,101.0,,True,draftkings,2026-05-01T14:24:38.622259
Cade Cunningham,,,88e10294c54deffd6e9e6efcba249d2c,2026-05-01,23:10,assists,10.5,164.0,,True,draftkings,2026-05-01T14:24:38.622261
Cade Cunningham,,,88e10294c54deffd6e9e6efcba249d2c,2026-05-01,23:10,assists,11.5,266.0,,True,draftkings,2026-05-01T14:24:38.622263
Cade Cunningham,,,88e10294c54deffd6e9e6efcba249d2c,2026-05-01,23:10,assists,12.5,436.0,,True,draftkings,2026-05-01T14:24:38.622265
Cade Cunningham,,,88e10294c54deffd6e9e6efcba249d2c,2026-05-01,23:10,assists,13.5,690.0,,True,draftkings,2026-05-01T14:24:38.622266
Cade Cunningham,,,88e10294c54deffd6e9e6efcba249d2c,2026-05-01,23:10,assists,14.5,1100.0,,True,draftkings,2026-05-01T14:24:38.622268
Cade Cunningham,,,88e10294c54deffd6e9e6efcba249d2c,2026-05-01,23:10,assists,15.5,1740.0,,True,draftkings,2026-05-01T14:24:38.622270
Cade Cunningham,,,88e10294c54deffd6e9e6efcba249d2c,2026-05-01,23:10,assists,16.5,2400.0,,True,draftkings,2026-05-01T14:24:38.622271
Paolo Banchero,,,88e10294c54deffd6e9e6efcba249d2c,2026-05-01,23:10,assists,2.5,-1040.0,,True,draftkings,2026-05-01T14:24:38.622273
Paolo Banchero,,,88e10294c54deffd6e9e6efcba249d2c,2026-05-01,23:10,assists,3.5,-376.0,,True,draftkings,2026-05-01T14:24:38.622277
Paolo Banchero,,,88e10294c54deffd6e9e6efcba249d2c,2026-05-01,23:10,assists,4.5,-177.0,,True,draftkings,2026-05-01T14:24:38.622278
Paolo Banchero,,,88e10294c54deffd6e9e6efcba249d2c,2026-05-01,23:10,assists,5.5,110.0,,True,draftkings,2026-05-01T14:24:38.622280
Paolo Banchero,,,88e10294c54deffd6e9e6efcba249d2c,2026-05-01,23:10,assists,6.5,205.0,,True,draftkings,2026-05-01T14:24:38.622282
Paolo Banchero,,,88e10294c54deffd6e9e6efcba249d2c,2026-05-01,23:10,assists,7.5,375.0,,True,draftkings,2026-05-01T14:24:38.622284
Paolo Banchero,,,88e10294c54deffd6e9e6efcba249d2c,2026-05-01,23:10,assists,8.5,660.0,,True,draftkings,2026-05-01T14:24:38.622285
Paolo Banchero,,,88e10294c54deffd6e9e6efcba249d2c,2026-05-01,23:10,assists,9.5,1160.0,,True,draftkings,2026-05-01T14:24:38.622287
Paolo Banchero,,,88e10294c54deffd6e9e6efcba249d2c,2026-05-01,23:10,assists,10.5,2000.0,,True,draftkings,2026-05-01T14:24:38.622289
Paolo Banchero,,,88e10294c54deffd6e9e6efcba249d2c,2026-05-01,23:10,assists,11.5,2900.0,,True,draftkings,2026-05-01T14:24:38.622290
Jalen Suggs,,,88e10294c54deffd6e9e6efcba249d2c,2026-05-01,23:10,assists,2.5,-630.0,,True,draftkings,2026-05-01T14:24:38.622294
Jalen Suggs,,,88e10294c54deffd6e9e6efcba249d2c,2026-05-01,23:10,assists,3.5,-241.0,,True,draftkings,2026-05-01T14:24:38.622296
Jalen Suggs,,,88e10294c54deffd6e9e6efcba249d2c,2026-05-01,23:10,assists,4.5,-112.0,,True,draftkings,2026-05-01T14:24:38.622298
Jalen Suggs,,,88e10294c54deffd6e9e6efcba249d2c,2026-05-01,23:10,assists,5.5,174.0,,True,draftkings,2026-05-01T14:24:38.622299
Jalen Suggs,,,88e10294c54deffd6e9e6efcba249d2c,2026-05-01,23:10,assists,6.5,329.0,,True,draftkings,2026-05-01T14:24:38.622301
Jalen Suggs,,,88e10294c54deffd6e9e6efcba249d2c,2026-05-01,23:10,assists,7.5,620.0,,True,draftkings,2026-05-01T14:24:38.622303
Jalen Suggs,,,88e10294c54deffd6e9e6efcba249d2c,2026-05-01,23:10,assists,8.5,1100.0,,True,draftkings,2026-05-01T14:24:38.622304
Jalen Suggs,,,88e10294c54deffd6e9e6efcba249d2c,2026-05-01,23:10,assists,9.5,1880.0,,True,draftkings,2026-05-01T14:24:38.622306
Jalen Suggs,,,88e10294c54deffd6e9e6efcba249d2c,2026-05-01,23:10,assists,10.5,2800.0,,True,draftkings,2026-05-01T14:24:38.622310
Ausar Thompson,,,88e10294c54deffd6e9e6efcba249d2c,2026-05-01,23:10,assists,2.5,-171.0,,True,draftkings,2026-05-01T14:24:38.622312
Ausar Thompson,,,88e10294c54deffd6e9e6efcba249d2c,2026-05-01,23:10,assists,3.5,144.0,,True,draftkings,2026-05-01T14:24:38.622314
Ausar Thompson,,,88e10294c54deffd6e9e6efcba249d2c,2026-05-01,23:10,assists,4.5,319.0,,True,draftkings,2026-05-01T14:24:38.622315
Ausar Thompson,,,88e10294c54deffd6e9e6efcba249d2c,2026-05-01,23:10,assists,5.5,670.0,,True,draftkings,2026-05-01T14:24:38.622317
Ausar Thompson,,,88e10294c54deffd6e9e6efcba249d2c,2026-05-01,23:10,assists,6.5,1360.0,,True,draftkings,2026-05-01T14:24:38.622319
Ausar Thompson,,,88e10294c54deffd6e9e6efcba249d2c,2026-05-01,23:10,assists,7.5,2400.0,,True,draftkings,2026-05-01T14:24:38.622320
Anthony Black,,,88e10294c54deffd6e9e6efcba249d2c,2026-05-01,23:10,assists,2.5,-162.0,,True,draftkings,2026-05-01T14:24:38.622322
Anthony Black,,,88e10294c54deffd6e9e6efcba249d2c,2026-05-01,23:10,assists,3.5,152.0,,True,draftkings,2026-05-01T14:24:38.622324
Anthony Black,,,88e10294c54deffd6e9e6efcba249d2c,2026-05-01,23:10,assists,4.5,340.0,,True,draftkings,2026-05-01T14:24:38.622325
Anthony Black,,,88e10294c54deffd6e9e6efcba249d2c,2026-05-01,23:10,assists,5.5,730.0,,True,draftkings,2026-05-01T14:24:38.622327
Anthony Black,,,88e10294c54deffd6e9e6efcba249d2c,2026-05-01,23:10,assists,6.5,1460.0,,True,draftkings,2026-05-01T14:24:38.622329
Anthony Black,,,88e10294c54deffd6e9e6efcba249d2c,2026-05-01,23:10,assists,7.5,2500.0,,True,draftkings,2026-05-01T14:24:38.622331
Desmond Bane,,,88e10294c54deffd6e9e6efcba249d2c,2026-05-01,23:10,assists,2.5,-148.0,,True,draftkings,2026-05-01T14:24:38.622332
Desmond Bane,,,88e10294c54deffd6e9e6efcba249d2c,2026-05-01,23:10,assists,3.5,164.0,,True,draftkings,2026-05-01T14:24:38.622334
Desmond Bane,,,88e10294c54deffd6e9e6efcba249d2c,2026-05-01,23:10,assists,4.5,367.0,,True,draftkings,2026-05-01T14:24:38.622336
Desmond Bane,,,88e10294c54deffd6e9e6efcba249d2c,2026-05-01,23:10,assists,5.5,790.0,,True,draftkings,2026-05-01T14:24:38.622337
Desmond Bane,,,88e10294c54deffd6e9e6efcba249d2c,2026-05-01,23:10,assists,6.5,1600.0,,True,draftkings,2026-05-01T14:24:38.622339
Desmond Bane,,,88e10294c54deffd6e9e6efcba249d2c,2026-05-01,23:10,assists,7.5,2600.0,,True,draftkings,2026-05-01T14:24:38.622341
Wendell Carter Jr,,,88e10294c54deffd6e9e6efcba249d2c,2026-05-01,23:10,assists,1.5,-194.0,,True,draftkings,2026-05-01T14:24:38.622342
Wendell Carter Jr,,,88e10294c54deffd6e9e6efcba249d2c,2026-05-01,23:10,assists,2.5,155.0,,True,draftkings,2026-05-01T14:24:38.622344
Wendell Carter Jr,,,88e10294c54deffd6e9e6efcba249d2c,2026-05-01,23:10,assists,3.5,395.0,,True,draftkings,2026-05-01T14:24:38.622346
Wendell Carter Jr,,,88e10294c54deffd6e9e6efcba249d2c,2026-05-01,23:10,assists,4.5,950.0,,True,draftkings,2026-05-01T14:24:38.622347
Wendell Carter Jr,,,88e10294c54deffd6e9e6efcba249d2c,2026-05-01,23:10,assists,5.5,1960.0,,True,draftkings,2026-05-01T14:24:38.622349
Tobias Harris,,,88e10294c54deffd6e9e6efcba249d2c,2026-05-01,23:10,assists,1.5,-188.0,,True,draftkings,2026-05-01T14:24:38.622353
Tobias Harris,,,88e10294c54deffd6e9e6efcba249d2c,2026-05-01,23:10,assists,2.5,158.0,,True,draftkings,2026-05-01T14:24:38.622355
Tobias Harris,,,88e10294c54deffd6e9e6efcba249d2c,2026-05-01,23:10,assists,3.5,415.0,,True,draftkings,2026-05-01T14:24:38.622356
Tobias Harris,,,88e10294c54deffd6e9e6efcba249d2c,2026-05-01,23:10,assists,4.5,1020.0,,True,draftkings,2026-05-01T14:24:38.622358
Tobias Harris,,,88e10294c54deffd6e9e6efcba249d2c,2026-05-01,23:10,assists,5.5,2100.0,,True,draftkings,2026-05-01T14:24:38.622360
Duncan Robinson,,,88e10294c54deffd6e9e6efcba249d2c,2026-05-01,23:10,assists,1.5,-162.0,,True,draftkings,2026-05-01T14:24:38.622361
Duncan Robinson,,,88e10294c54deffd6e9e6efcba249d2c,2026-05-01,23:10,assists,2.5,184.0,,True,draftkings,2026-05-01T14:24:38.622363
Duncan Robinson,,,88e10294c54deffd6e9e6efcba249d2c,2026-05-01,23:10,assists,3.5,482.0,,True,draftkings,2026-05-01T14:24:38.622365
Duncan Robinson,,,88e10294c54deffd6e9e6efcba249d2c,2026-05-01,23:10,assists,4.5,1160.0,,True,draftkings,2026-05-01T14:24:38.622366
Duncan Robinson,,,88e10294c54deffd6e9e6efcba249d2c,2026-05-01,23:10,assists,5.5,2300.0,,True,draftkings,2026-05-01T14:24:38.622368
Jalen Duren,,,88e10294c54deffd6e9e6efcba249d2c,2026-05-01,23:10,assists,1.5,-157.0,,True,draftkings,2026-05-01T14:24:38.622370
Jalen Duren,,,88e10294c54deffd6e9e6efcba249d2c,2026-05-01,23:10,assists,2.5,192.0,,True,draftkings,2026-05-01T14:24:38.622371
Jalen Duren,,,88e10294c54deffd6e9e6efcba249d2c,2026-05-01,23:10,assists,3.5,499.0,,True,draftkings,2026-05-01T14:24:38.622373
Jalen Duren,,,88e10294c54deffd6e9e6efcba249d2c,2026-05-01,23:10,assists,4.5,1180.0,,True,draftkings,2026-05-01T14:24:38.622375
Jalen Duren,,,88e10294c54deffd6e9e6efcba249d2c,2026-05-01,23:10,assists,5.5,2300.0,,True,draftkings,2026-05-01T14:24:38.622377
Cade Cunningham,,,88e10294c54deffd6e9e6efcba249d2c,2026-05-01,23:10,points,29.5,-116.0,-110.0,False,draftkings,2026-05-01T14:24:38.622396
Paolo Banchero,,,88e10294c54deffd6e9e6efcba249d2c,2026-05-01,23:10,points,23.5,-107.0,-119.0,False,draftkings,2026-05-01T14:24:38.622397
Desmond Bane,,,88e10294c54deffd6e9e6efcba249d2c,2026-05-01,23:10,points,19.5,-104.0,-123.0,False,draftkings,2026-05-01T14:24:38.622399
Tobias Harris,,,88e10294c54deffd6e9e6efcba249d2c,2026-05-01,23:10,points,17.5,-126.0,-102.0,False,draftkings,2026-05-01T14:24:38.622401
Jalen Suggs,,,88e10294c54deffd6e9e6efcba249d2c,2026-05-01,23:10,points,14.5,-104.0,-123.0,False,draftkings,2026-05-01T14:24:38.622403
Jalen Duren,,,88e10294c54deffd6e9e6efcba249d2c,2026-05-01,23:10,points,13.5,-105.0,-122.0,False,draftkings,2026-05-01T14:24:38.622404
Anthony Black,,,88e10294c54deffd6e9e6efcba249d2c,2026-05-01,23:10,points,13.5,-103.0,-124.0,False,draftkings,2026-05-01T14:24:38.622406
Wendell Carter Jr,,,88e10294c54deffd6e9e6efcba249d2c,2026-05-01,23:10,points,11.5,-101.0,-126.0,False,draftkings,2026-05-01T14:24:38.622408
Duncan Robinson,,,88e10294c54deffd6e9e6efcba249d2c,2026-05-01,23:10,points,9.5,-124.0,-103.0,False,draftkings,2026-05-01T14:24:38.622412
Ausar Thompson,,,88e10294c54deffd6e9e6efcba249d2c,2026-05-01,23:10,points,8.5,-119.0,-108.0,False,draftkings,2026-05-01T14:24:38.622413
Jamal Cain,,,88e10294c54deffd6e9e6efcba249d2c,2026-05-01,23:10,points,7.5,-133.0,105.0,False,draftkings,2026-05-01T14:24:38.622415
Isaiah Stewart II,,,88e10294c54deffd6e9e6efcba249d2c,2026-05-01,23:10,points,5.5,-130.0,102.0,False,draftkings,2026-05-01T14:24:38.622417
Caris LeVert,,,88e10294c54deffd6e9e6efcba249d2c,2026-05-01,23:10,points,5.5,-125.0,-102.0,False,draftkings,2026-05-01T14:24:38.622421
Tristan da Silva,,,88e10294c54deffd6e9e6efcba249d2c,2026-05-01,23:10,points,5.5,-101.0,-126.0,False,draftkings,2026-05-01T14:24:38.622423
Cade Cunningham,,,88e10294c54deffd6e9e6efcba249d2c,2026-05-01,23:10,points,17.5,-1700.0,,True,draftkings,2026-05-01T14:24:38.622503
Cade Cunningham,,,88e10294c54deffd6e9e6efcba249d2c,2026-05-01,23:10,points,19.5,-940.0,,True,draftkings,2026-05-01T14:24:38.622505
Cade Cunningham,,,88e10294c54deffd6e9e6efcba249d2c,2026-05-01,23:10,points,24.5,-300.0,,True,draftkings,2026-05-01T14:24:38.622507
Cade Cunningham,,,88e10294c54deffd6e9e6efcba249d2c,2026-05-01,23:10,points,29.5,-116.0,,True,draftkings,2026-05-01T14:24:38.622509
Cade Cunningham,,,88e10294c54deffd6e9e6efcba249d2c,2026-05-01,23:10,points,34.5,203.0,,True,draftkings,2026-05-01T14:24:38.622510
Cade Cunningham,,,88e10294c54deffd6e9e6efcba249d2c,2026-05-01,23:10,points,39.5,486.0,,True,draftkings,2026-05-01T14:24:38.622512
Cade Cunningham,,,88e10294c54deffd6e9e6efcba249d2c,2026-05-01,23:10,points,44.5,1120.0,,True,draftkings,2026-05-01T14:24:38.622514
Cade Cunningham,,,88e10294c54deffd6e9e6efcba249d2c,2026-05-01,23:10,points,49.5,2200.0,,True,draftkings,2026-05-01T14:24:38.622516
Paolo Banchero,,,88e10294c54deffd6e9e6efcba249d2c,2026-05-01,23:10,points,11.5,-3200.0,,True,draftkings,2026-05-01T14:24:38.622517
Paolo Banchero,,,88e10294c54deffd6e9e6efcba249d2c,2026-05-01,23:10,points,14.5,-910.0,,True,draftkings,2026-05-01T14:24:38.622519
Paolo Banchero,,,88e10294c54deffd6e9e6efcba249d2c,2026-05-01,23:10,points,17.5,-393.0,,True,draftkings,2026-05-01T14:24:38.622521
Paolo Banchero,,,88e10294c54deffd6e9e6efcba249d2c,2026-05-01,23:10,points,19.5,-249.0,,True,draftkings,2026-05-01T14:24:38.622522
Paolo Banchero,,,88e10294c54deffd6e9e6efcba249d2c,2026-05-01,23:10,points,23.5,-107.0,,True,draftkings,2026-05-01T14:24:38.622524
Paolo Banchero,,,88e10294c54deffd6e9e6efcba249d2c,2026-05-01,23:10,points,24.5,114.0,,True,draftkings,2026-05-01T14:24:38.622526
Paolo Banchero,,,88e10294c54deffd6e9e6efcba249d2c,2026-05-01,23:10,points,29.5,301.0,,True,draftkings,2026-05-01T14:24:38.622527
Paolo Banchero,,,88e10294c54deffd6e9e6efcba249d2c,2026-05-01,23:10,points,34.5,780.0,,True,draftkings,2026-05-01T14:24:38.622529
Paolo Banchero,,,88e10294c54deffd6e9e6efcba249d2c,2026-05-01,23:10,points,39.5,1960.0,,True,draftkings,2026-05-01T14:24:38.622531
Desmond Bane,,,88e10294c54deffd6e9e6efcba249d2c,2026-05-01,23:10,points,9.5,-1740.0,,True,draftkings,2026-05-01T14:24:38.622533
Desmond Bane,,,88e10294c54deffd6e9e6efcba249d2c,2026-05-01,23:10,points,11.5,-810.0,,True,draftkings,2026-05-01T14:24:38.622534
Desmond Bane,,,88e10294c54deffd6e9e6efcba249d2c,2026-05-01,23:10,points,14.5,-335.0,,True,draftkings,2026-05-01T14:24:38.622536
Desmond Bane,,,88e10294c54deffd6e9e6efcba249d2c,2026-05-01,23:10,points,17.5,-161.0,,True,draftkings,2026-05-01T14:24:38.622538
Desmond Bane,,,88e10294c54deffd6e9e6efcba249d2c,2026-05-01,23:10,points,19.5,-104.0,,True,draftkings,2026-05-01T14:24:38.622539
Desmond Bane,,,88e10294c54deffd6e9e6efcba249d2c,2026-05-01,23:10,points,24.5,274.0,,True,draftkings,2026-05-01T14:24:38.622541
Desmond Bane,,,88e10294c54deffd6e9e6efcba249d2c,2026-05-01,23:10,points,29.5,730.0,,True,draftkings,2026-05-01T14:24:38.622542
Desmond Bane,,,88e10294c54deffd6e9e6efcba249d2c,2026-05-01,23:10,points,34.5,1840.0,,True,draftkings,2026-05-01T14:24:38.622544
Tobias Harris,,,88e10294c54deffd6e9e6efcba249d2c,2026-05-01,23:10,points,9.5,-1580.0,,True,draftkings,2026-05-01T14:24:38.622546
Tobias Harris,,,88e10294c54deffd6e9e6efcba249d2c,2026-05-01,23:10,points,11.5,-690.0,,True,draftkings,2026-05-01T14:24:38.622548
Tobias Harris,,,88e10294c54deffd6e9e6efcba249d2c,2026-05-01,23:10,points,14.5,-269.0,,True,draftkings,2026-05-01T14:24:38.622552
Tobias Harris,,,88e10294c54deffd6e9e6efcba249d2c,2026-05-01,23:10,points,17.5,-124.0,,True,draftkings,2026-05-01T14:24:38.622554
Tobias Harris,,,88e10294c54deffd6e9e6efcba249d2c,2026-05-01,23:10,points,19.5,131.0,,True,draftkings,2026-05-01T14:24:38.622555
Tobias Harris,,,88e10294c54deffd6e9e6efcba249d2c,2026-05-01,23:10,points,24.5,403.0,,True,draftkings,2026-05-01T14:24:38.622557
Tobias Harris,,,88e10294c54deffd6e9e6efcba249d2c,2026-05-01,23:10,points,29.5,1160.0,,True,draftkings,2026-05-01T14:24:38.622559
Tobias Harris,,,88e10294c54deffd6e9e6efcba249d2c,2026-05-01,23:10,points,34.5,2700.0,,True,draftkings,2026-05-01T14:24:38.622560
Jalen Suggs,,,88e10294c54deffd6e9e6efcba249d2c,2026-05-01,23:10,points,5.5,-2200.0,,True,draftkings,2026-05-01T14:24:38.622562
Jalen Suggs,,,88e10294c54deffd6e9e6efcba249d2c,2026-05-01,23:10,points,7.5,-870.0,,True,draftkings,2026-05-01T14:24:38.622564
Jalen Suggs,,,88e10294c54deffd6e9e6efcba249d2c,2026-05-01,23:10,points,9.5,-413.0,,True,draftkings,2026-05-01T14:24:38.622565
Jalen Suggs,,,88e10294c54deffd6e9e6efcba249d2c,2026-05-01,23:10,points,11.5,-226.0,,True,draftkings,2026-05-01T14:24:38.622567
Jalen Suggs,,,88e10294c54deffd6e9e6efcba249d2c,2026-05-01,23:10,points,14.5,-104.0,,True,draftkings,2026-05-01T14:24:38.622569
Jalen Suggs,,,88e10294c54deffd6e9e6efcba249d2c,2026-05-01,23:10,points,17.5,195.0,,True,draftkings,2026-05-01T14:24:38.622570
Jalen Suggs,,,88e10294c54deffd6e9e6efcba249d2c,2026-05-01,23:10,points,19.5,310.0,,True,draftkings,2026-05-01T14:24:38.622572
Jalen Suggs,,,88e10294c54deffd6e9e6efcba249d2c,2026-05-01,23:10,points,24.5,920.0,,True,draftkings,2026-05-01T14:24:38.622574
Jalen Suggs,,,88e10294c54deffd6e9e6efcba249d2c,2026-05-01,23:10,points,29.5,2300.0,,True,draftkings,2026-05-01T14:24:38.622575
Anthony Black,,,88e10294c54deffd6e9e6efcba249d2c,2026-05-01,23:10,points,5.5,-2100.0,,True,draftkings,2026-05-01T14:24:38.622577
Anthony Black,,,88e10294c54deffd6e9e6efcba249d2c,2026-05-01,23:10,points,7.5,-720.0,,True,draftkings,2026-05-01T14:24:38.622581
Anthony Black,,,88e10294c54deffd6e9e6efcba249d2c,2026-05-01,23:10,points,9.5,-334.0,,True,draftkings,2026-05-01T14:24:38.622583
Anthony Black,,,88e10294c54deffd6e9e6efcba249d2c,2026-05-01,23:10,points,11.5,-177.0,,True,draftkings,2026-05-01T14:24:38.622585
Anthony Black,,,88e10294c54deffd6e9e6efcba249d2c,2026-05-01,23:10,points,13.5,-103.0,,True,draftkings,2026-05-01T14:24:38.622586
Anthony Black,,,88e10294c54deffd6e9e6efcba249d2c,2026-05-01,23:10,points,14.5,127.0,,True,draftkings,2026-05-01T14:24:38.622588
Anthony Black,,,88e10294c54deffd6e9e6efcba249d2c,2026-05-01,23:10,points,17.5,275.0,,True,draftkings,2026-05-01T14:24:38.622589
Anthony Black,,,88e10294c54deffd6e9e6efcba249d2c,2026-05-01,23:10,points,19.5,445.0,,True,draftkings,2026-05-01T14:24:38.622591
Anthony Black,,,88e10294c54deffd6e9e6efcba249d2c,2026-05-01,23:10,points,24.5,1380.0,,True,draftkings,2026-05-01T14:24:38.622595
Jalen Duren,,,88e10294c54deffd6e9e6efcba249d2c,2026-05-01,23:10,points,5.5,-3000.0,,True,draftkings,2026-05-01T14:24:38.622597
Jalen Duren,,,88e10294c54deffd6e9e6efcba249d2c,2026-05-01,23:10,points,7.5,-850.0,,True,draftkings,2026-05-01T14:24:38.622599
Jalen Duren,,,88e10294c54deffd6e9e6efcba249d2c,2026-05-01,23:10,points,9.5,-370.0,,True,draftkings,2026-05-01T14:24:38.622600
Jalen Duren,,,88e10294c54deffd6e9e6efcba249d2c,2026-05-01,23:10,points,11.5,-191.0,,True,draftkings,2026-05-01T14:24:38.622602
Jalen Duren,,,88e10294c54deffd6e9e6efcba249d2c,2026-05-01,23:10,points,13.5,-105.0,,True,draftkings,2026-05-01T14:24:38.622604
Jalen Duren,,,88e10294c54deffd6e9e6efcba249d2c,2026-05-01,23:10,points,14.5,125.0,,True,draftkings,2026-05-01T14:24:38.622606
Jalen Duren,,,88e10294c54deffd6e9e6efcba249d2c,2026-05-01,23:10,points,17.5,272.0,,True,draftkings,2026-05-01T14:24:38.622607
Jalen Duren,,,88e10294c54deffd6e9e6efcba249d2c,2026-05-01,23:10,points,19.5,456.0,,True,draftkings,2026-05-01T14:24:38.622609
Jalen Duren,,,88e10294c54deffd6e9e6efcba249d2c,2026-05-01,23:10,points,24.5,1420.0,,True,draftkings,2026-05-01T14:24:38.622613
Duncan Robinson,,,88e10294c54deffd6e9e6efcba249d2c,2026-05-01,23:10,points,5.5,-502.0,,True,draftkings,2026-05-01T14:24:38.622615
Duncan Robinson,,,88e10294c54deffd6e9e6efcba249d2c,2026-05-01,23:10,points,7.5,-240.0,,True,draftkings,2026-05-01T14:24:38.622616
Duncan Robinson,,,88e10294c54deffd6e9e6efcba249d2c,2026-05-01,23:10,points,9.5,-120.0,,True,draftkings,2026-05-01T14:24:38.622618
Duncan Robinson,,,88e10294c54deffd6e9e6efcba249d2c,2026-05-01,23:10,points,11.5,145.0,,True,draftkings,2026-05-01T14:24:38.622619
Duncan Robinson,,,88e10294c54deffd6e9e6efcba249d2c,2026-05-01,23:10,points,14.5,315.0,,True,draftkings,2026-05-01T14:24:38.622621
Duncan Robinson,,,88e10294c54deffd6e9e6efcba249d2c,2026-05-01,23:10,points,17.5,670.0,,True,draftkings,2026-05-01T14:24:38.622623
Duncan Robinson,,,88e10294c54deffd6e9e6efcba249d2c,2026-05-01,23:10,points,19.5,1020.0,,True,draftkings,2026-05-01T14:24:38.622624
Duncan Robinson,,,88e10294c54deffd6e9e6efcba249d2c,2026-05-01,23:10,points,24.5,2600.0,,True,draftkings,2026-05-01T14:24:38.622626
Wendell Carter Jr,,,88e10294c54deffd6e9e6efcba249d2c,2026-05-01,23:10,points,5.5,-1020.0,,True,draftkings,2026-05-01T14:24:38.622628
Wendell Carter Jr,,,88e10294c54deffd6e9e6efcba249d2c,2026-05-01,23:10,points,7.5,-389.0,,True,draftkings,2026-05-01T14:24:38.622629
Wendell Carter Jr,,,88e10294c54deffd6e9e6efcba249d2c,2026-05-01,23:10,points,9.5,-187.0,,True,draftkings,2026-05-01T14:24:38.622631
Wendell Carter Jr,,,88e10294c54deffd6e9e6efcba249d2c,2026-05-01,23:10,points,11.5,-101.0,,True,draftkings,2026-05-01T14:24:38.622633
Wendell Carter Jr,,,88e10294c54deffd6e9e6efcba249d2c,2026-05-01,23:10,points,14.5,234.0,,True,draftkings,2026-05-01T14:24:38.622634
Wendell Carter Jr,,,88e10294c54deffd6e9e6efcba249d2c,2026-05-01,23:10,points,17.5,535.0,,True,draftkings,2026-05-01T14:24:38.622636
Wendell Carter Jr,,,88e10294c54deffd6e9e6efcba249d2c,2026-05-01,23:10,points,19.5,910.0,,True,draftkings,2026-05-01T14:24:38.622638
Wendell Carter Jr,,,88e10294c54deffd6e9e6efcba249d2c,2026-05-01,23:10,points,24.5,2600.0,,True,draftkings,2026-05-01T14:24:38.622640
Ausar Thompson,,,88e10294c54deffd6e9e6efcba249d2c,2026-05-01,23:10,points,5.5,-459.0,,True,draftkings,2026-05-01T14:24:38.622641
Ausar Thompson,,,88e10294c54deffd6e9e6efcba249d2c,2026-05-01,23:10,points,7.5,-189.0,,True,draftkings,2026-05-01T14:24:38.622643
Ausar Thompson,,,88e10294c54deffd6e9e6efcba249d2c,2026-05-01,23:10,points,8.5,-119.0,,True,draftkings,2026-05-01T14:24:38.622645
Ausar Thompson,,,88e10294c54deffd6e9e6efcba249d2c,2026-05-01,23:10,points,9.5,111.0,,True,draftkings,2026-05-01T14:24:38.622647
Ausar Thompson,,,88e10294c54deffd6e9e6efcba249d2c,2026-05-01,23:10,points,11.5,218.0,,True,draftkings,2026-05-01T14:24:38.622648
Ausar Thompson,,,88e10294c54deffd6e9e6efcba249d2c,2026-05-01,23:10,points,14.5,556.0,,True,draftkings,2026-05-01T14:24:38.622650
Ausar Thompson,,,88e10294c54deffd6e9e6efcba249d2c,2026-05-01,23:10,points,17.5,1320.0,,True,draftkings,2026-05-01T14:24:38.622652
Ausar Thompson,,,88e10294c54deffd6e9e6efcba249d2c,2026-05-01,23:10,points,19.5,2200.0,,True,draftkings,2026-05-01T14:24:38.622653
Jamal Cain,,,88e10294c54deffd6e9e6efcba249d2c,2026-05-01,23:10,points,5.5,-300.0,,True,draftkings,2026-05-01T14:24:38.622655
Jamal Cain,,,88e10294c54deffd6e9e6efcba249d2c,2026-05-01,23:10,points,7.5,-134.0,,True,draftkings,2026-05-01T14:24:38.622657
Jamal Cain,,,88e10294c54deffd6e9e6efcba249d2c,2026-05-01,23:10,points,9.5,147.0,,True,draftkings,2026-05-01T14:24:38.622658
Jamal Cain,,,88e10294c54deffd6e9e6efcba249d2c,2026-05-01,23:10,points,11.5,279.0,,True,draftkings,2026-05-01T14:24:38.622660
Jamal Cain,,,88e10294c54deffd6e9e6efcba249d2c,2026-05-01,23:10,points,14.5,690.0,,True,draftkings,2026-05-01T14:24:38.622662
Jamal Cain,,,88e10294c54deffd6e9e6efcba249d2c,2026-05-01,23:10,points,17.5,1540.0,,True,draftkings,2026-05-01T14:24:38.622663
Jamal Cain,,,88e10294c54deffd6e9e6efcba249d2c,2026-05-01,23:10,points,19.5,2400.0,,True,draftkings,2026-05-01T14:24:38.622665
Caris LeVert,,,88e10294c54deffd6e9e6efcba249d2c,2026-05-01,23:10,points,5.5,-124.0,,True,draftkings,2026-05-01T14:24:38.622669
Caris LeVert,,,88e10294c54deffd6e9e6efcba249d2c,2026-05-01,23:10,points,7.5,164.0,,True,draftkings,2026-05-01T14:24:38.622671
Caris LeVert,,,88e10294c54deffd6e9e6efcba249d2c,2026-05-01,23:10,points,9.5,315.0,,True,draftkings,2026-05-01T14:24:38.622673
Caris LeVert,,,88e10294c54deffd6e9e6efcba249d2c,2026-05-01,23:10,points,11.5,579.0,,True,draftkings,2026-05-01T14:24:38.622674
Caris LeVert,,,88e10294c54deffd6e9e6efcba249d2c,2026-05-01,23:10,points,14.5,1260.0,,True,draftkings,2026-05-01T14:24:38.622676
Caris LeVert,,,88e10294c54deffd6e9e6efcba249d2c,2026-05-01,23:10,points,17.5,2400.0,,True,draftkings,2026-05-01T14:24:38.622678
Isaiah Stewart II,,,88e10294c54deffd6e9e6efcba249d2c,2026-05-01,23:10,points,5.5,-131.0,,True,draftkings,2026-05-01T14:24:38.622679
Isaiah Stewart II,,,88e10294c54deffd6e9e6efcba249d2c,2026-05-01,23:10,points,7.5,160.0,,True,draftkings,2026-05-01T14:24:38.622681
Isaiah Stewart II,,,88e10294c54deffd6e9e6efcba249d2c,2026-05-01,23:10,points,9.5,318.0,,True,draftkings,2026-05-01T14:24:38.622682
Isaiah Stewart II,,,88e10294c54deffd6e9e6efcba249d2c,2026-05-01,23:10,points,11.5,610.0,,True,draftkings,2026-05-01T14:24:38.622686
Isaiah Stewart II,,,88e10294c54deffd6e9e6efcba249d2c,2026-05-01,23:10,points,14.5,1460.0,,True,draftkings,2026-05-01T14:24:38.622688
Isaiah Stewart II,,,88e10294c54deffd6e9e6efcba249d2c,2026-05-01,23:10,points,17.5,2800.0,,True,draftkings,2026-05-01T14:24:38.622690
Tristan da Silva,,,88e10294c54deffd6e9e6efcba249d2c,2026-05-01,23:10,points,5.5,101.0,,True,draftkings,2026-05-01T14:24:38.622691
Tristan da Silva,,,88e10294c54deffd6e9e6efcba249d2c,2026-05-01,23:10,points,7.5,203.0,,True,draftkings,2026-05-01T14:24:38.622693
Tristan da Silva,,,88e10294c54deffd6e9e6efcba249d2c,2026-05-01,23:10,points,9.5,403.0,,True,draftkings,2026-05-01T14:24:38.622695
Tristan da Silva,,,88e10294c54deffd6e9e6efcba249d2c,2026-05-01,23:10,points,11.5,750.0,,True,draftkings,2026-05-01T14:24:38.622697
Tristan da Silva,,,88e10294c54deffd6e9e6efcba249d2c,2026-05-01,23:10,points,14.5,1740.0,,True,draftkings,2026-05-01T14:24:38.622700
Tristan da Silva,,,88e10294c54deffd6e9e6efcba249d2c,2026-05-01,23:10,points,17.5,2900.0,,True,draftkings,2026-05-01T14:24:38.622702
Jalen Duren,,,88e10294c54deffd6e9e6efcba249d2c,2026-05-01,23:10,rebounds,9.5,-110.0,-120.0,False,draftkings,2026-05-01T14:24:38.622721
Paolo Banchero,,,88e10294c54deffd6e9e6efcba249d2c,2026-05-01,23:10,rebounds,8.5,101.0,-133.0,False,draftkings,2026-05-01T14:24:38.622723
Wendell Carter Jr,,,88e10294c54deffd6e9e6efcba249d2c,2026-05-01,23:10,rebounds,7.5,-145.0,110.0,False,draftkings,2026-05-01T14:24:38.622725
Ausar Thompson,,,88e10294c54deffd6e9e6efcba249d2c,2026-05-01,23:10,rebounds,6.5,-143.0,109.0,False,draftkings,2026-05-01T14:24:38.622727
Tobias Harris,,,88e10294c54deffd6e9e6efcba249d2c,2026-05-01,23:10,rebounds,6.5,-115.0,-114.0,False,draftkings,2026-05-01T14:24:38.622729
Cade Cunningham,,,88e10294c54deffd6e9e6efcba249d2c,2026-05-01,23:10,rebounds,5.5,-140.0,106.0,False,draftkings,2026-05-01T14:24:38.622730
Desmond Bane,,,88e10294c54deffd6e9e6efcba249d2c,2026-05-01,23:10,rebounds,4.5,101.0,-133.0,False,draftkings,2026-05-01T14:24:38.622732
Isaiah Stewart II,,,88e10294c54deffd6e9e6efcba249d2c,2026-05-01,23:10,rebounds,3.5,-152.0,115.0,False,draftkings,2026-05-01T14:24:38.622733
Jalen Suggs,,,88e10294c54deffd6e9e6efcba249d2c,2026-05-01,23:10,rebounds,3.5,-151.0,114.0,False,draftkings,2026-05-01T14:24:38.622735
Jamal Cain,,,88e10294c54deffd6e9e6efcba249d2c,2026-05-01,23:10,rebounds,3.5,-149.0,113.0,False,draftkings,2026-05-01T14:24:38.622737
Anthony Black,,,88e10294c54deffd6e9e6efcba249d2c,2026-05-01,23:10,rebounds,3.5,-103.0,-127.0,False,draftkings,2026-05-01T14:24:38.622738
Duncan Robinson,,,88e10294c54deffd6e9e6efcba249d2c,2026-05-01,23:10,rebounds,2.5,-101.0,-131.0,False,draftkings,2026-05-01T14:24:38.622740
Jalen Duren,,,88e10294c54deffd6e9e6efcba249d2c,2026-05-01,23:10,rebounds,4.5,-2900.0,,True,draftkings,2026-05-01T14:24:38.622799
Jalen Duren,,,88e10294c54deffd6e9e6efcba249d2c,2026-05-01,23:10,rebounds,5.5,-1080.0,,True,draftkings,2026-05-01T14:24:38.622801
Jalen Duren,,,88e10294c54deffd6e9e6efcba249d2c,2026-05-01,23:10,rebounds,6.5,-523.0,,True,draftkings,2026-05-01T14:24:38.622802
Jalen Duren,,,88e10294c54deffd6e9e6efcba249d2c,2026-05-01,23:10,rebounds,7.5,-291.0,,True,draftkings,2026-05-01T14:24:38.622804
Jalen Duren,,,88e10294c54deffd6e9e6efcba249d2c,2026-05-01,23:10,rebounds,8.5,-174.0,,True,draftkings,2026-05-01T14:24:38.622806
Jalen Duren,,,88e10294c54deffd6e9e6efcba249d2c,2026-05-01,23:10,rebounds,9.5,-110.0,,True,draftkings,2026-05-01T14:24:38.622808
Jalen Duren,,,88e10294c54deffd6e9e6efcba249d2c,2026-05-01,23:10,rebounds,10.5,140.0,,True,draftkings,2026-05-01T14:24:38.622809
Jalen Duren,,,88e10294c54deffd6e9e6efcba249d2c,2026-05-01,23:10,rebounds,11.5,215.0,,True,draftkings,2026-05-01T14:24:38.622811
Jalen Duren,,,88e10294c54deffd6e9e6efcba249d2c,2026-05-01,23:10,rebounds,12.5,321.0,,True,draftkings,2026-05-01T14:24:38.622813
Jalen Duren,,,88e10294c54deffd6e9e6efcba249d2c,2026-05-01,23:10,rebounds,13.5,476.0,,True,draftkings,2026-05-01T14:24:38.622814
Jalen Duren,,,88e10294c54deffd6e9e6efcba249d2c,2026-05-01,23:10,rebounds,14.5,700.0,,True,draftkings,2026-05-01T14:24:38.622816
Jalen Duren,,,88e10294c54deffd6e9e6efcba249d2c,2026-05-01,23:10,rebounds,15.5,1020.0,,True,draftkings,2026-05-01T14:24:38.622818
Jalen Duren,,,88e10294c54deffd6e9e6efcba249d2c,2026-05-01,23:10,rebounds,16.5,1440.0,,True,draftkings,2026-05-01T14:24:38.622819
Jalen Duren,,,88e10294c54deffd6e9e6efcba249d2c,2026-05-01,23:10,rebounds,17.5,1960.0,,True,draftkings,2026-05-01T14:24:38.622821
Jalen Duren,,,88e10294c54deffd6e9e6efcba249d2c,2026-05-01,23:10,rebounds,18.5,2600.0,,True,draftkings,2026-05-01T14:24:38.622822
Paolo Banchero,,,88e10294c54deffd6e9e6efcba249d2c,2026-05-01,23:10,rebounds,4.5,-1240.0,,True,draftkings,2026-05-01T14:24:38.622824
Paolo Banchero,,,88e10294c54deffd6e9e6efcba249d2c,2026-05-01,23:10,rebounds,5.5,-567.0,,True,draftkings,2026-05-01T14:24:38.622826
Paolo Banchero,,,88e10294c54deffd6e9e6efcba249d2c,2026-05-01,23:10,rebounds,6.5,-289.0,,True,draftkings,2026-05-01T14:24:38.622828
Paolo Banchero,,,88e10294c54deffd6e9e6efcba249d2c,2026-05-01,23:10,rebounds,7.5,-167.0,,True,draftkings,2026-05-01T14:24:38.622829
Paolo Banchero,,,88e10294c54deffd6e9e6efcba249d2c,2026-05-01,23:10,rebounds,8.5,101.0,,True,draftkings,2026-05-01T14:24:38.622831
Paolo Banchero,,,88e10294c54deffd6e9e6efcba249d2c,2026-05-01,23:10,rebounds,9.5,166.0,,True,draftkings,2026-05-01T14:24:38.622833
Paolo Banchero,,,88e10294c54deffd6e9e6efcba249d2c,2026-05-01,23:10,rebounds,10.5,266.0,,True,draftkings,2026-05-01T14:24:38.622834
Paolo Banchero,,,88e10294c54deffd6e9e6efcba249d2c,2026-05-01,23:10,rebounds,11.5,421.0,,True,draftkings,2026-05-01T14:24:38.622838
Paolo Banchero,,,88e10294c54deffd6e9e6efcba249d2c,2026-05-01,23:10,rebounds,12.5,660.0,,True,draftkings,2026-05-01T14:24:38.622840
Paolo Banchero,,,88e10294c54deffd6e9e6efcba249d2c,2026-05-01,23:10,rebounds,13.5,1020.0,,True,draftkings,2026-05-01T14:24:38.622842
Paolo Banchero,,,88e10294c54deffd6e9e6efcba249d2c,2026-05-01,23:10,rebounds,14.5,1520.0,,True,draftkings,2026-05-01T14:24:38.622843
Paolo Banchero,,,88e10294c54deffd6e9e6efcba249d2c,2026-05-01,23:10,rebounds,15.5,2200.0,,True,draftkings,2026-05-01T14:24:38.622845
Paolo Banchero,,,88e10294c54deffd6e9e6efcba249d2c,2026-05-01,23:10,rebounds,16.5,2900.0,,True,draftkings,2026-05-01T14:24:38.622847
Wendell Carter Jr,,,88e10294c54deffd6e9e6efcba249d2c,2026-05-01,23:10,rebounds,3.5,-3800.0,,True,draftkings,2026-05-01T14:24:38.622851
Wendell Carter Jr,,,88e10294c54deffd6e9e6efcba249d2c,2026-05-01,23:10,rebounds,4.5,-1080.0,,True,draftkings,2026-05-01T14:24:38.622852
Wendell Carter Jr,,,88e10294c54deffd6e9e6efcba249d2c,2026-05-01,23:10,rebounds,5.5,-466.0,,True,draftkings,2026-05-01T14:24:38.622856
Wendell Carter Jr,,,88e10294c54deffd6e9e6efcba249d2c,2026-05-01,23:10,rebounds,6.5,-250.0,,True,draftkings,2026-05-01T14:24:38.622858
Wendell Carter Jr,,,88e10294c54deffd6e9e6efcba249d2c,2026-05-01,23:10,rebounds,7.5,-143.0,,True,draftkings,2026-05-01T14:24:38.622860
Wendell Carter Jr,,,88e10294c54deffd6e9e6efcba249d2c,2026-05-01,23:10,rebounds,8.5,117.0,,True,draftkings,2026-05-01T14:24:38.622861
Wendell Carter Jr,,,88e10294c54deffd6e9e6efcba249d2c,2026-05-01,23:10,rebounds,9.5,190.0,,True,draftkings,2026-05-01T14:24:38.622863
Wendell Carter Jr,,,88e10294c54deffd6e9e6efcba249d2c,2026-05-01,23:10,rebounds,10.5,309.0,,True,draftkings,2026-05-01T14:24:38.622865
Wendell Carter Jr,,,88e10294c54deffd6e9e6efcba249d2c,2026-05-01,23:10,rebounds,11.5,483.0,,True,draftkings,2026-05-01T14:24:38.622866
Wendell Carter Jr,,,88e10294c54deffd6e9e6efcba249d2c,2026-05-01,23:10,rebounds,12.5,760.0,,True,draftkings,2026-05-01T14:24:38.622868
Wendell Carter Jr,,,88e10294c54deffd6e9e6efcba249d2c,2026-05-01,23:10,rebounds,13.5,1160.0,,True,draftkings,2026-05-01T14:24:38.622870
Wendell Carter Jr,,,88e10294c54deffd6e9e6efcba249d2c,2026-05-01,23:10,rebounds,14.5,1780.0,,True,draftkings,2026-05-01T14:24:38.622871
Wendell Carter Jr,,,88e10294c54deffd6e9e6efcba249d2c,2026-05-01,23:10,rebounds,15.5,2500.0,,True,draftkings,2026-05-01T14:24:38.622873
Ausar Thompson,,,88e10294c54deffd6e9e6efcba249d2c,2026-05-01,23:10,rebounds,3.5,-1360.0,,True,draftkings,2026-05-01T14:24:38.622875
Ausar Thompson,,,88e10294c54deffd6e9e6efcba249d2c,2026-05-01,23:10,rebounds,4.5,-549.0,,True,draftkings,2026-05-01T14:24:38.622876
Ausar Thompson,,,88e10294c54deffd6e9e6efcba249d2c,2026-05-01,23:10,rebounds,5.5,-268.0,,True,draftkings,2026-05-01T14:24:38.622878
Ausar Thompson,,,88e10294c54deffd6e9e6efcba249d2c,2026-05-01,23:10,rebounds,6.5,-144.0,,True,draftkings,2026-05-01T14:24:38.622880
Ausar Thompson,,,88e10294c54deffd6e9e6efcba249d2c,2026-05-01,23:10,rebounds,7.5,120.0,,True,draftkings,2026-05-01T14:24:38.622881
Ausar Thompson,,,88e10294c54deffd6e9e6efcba249d2c,2026-05-01,23:10,rebounds,8.5,197.0,,True,draftkings,2026-05-01T14:24:38.622883
Ausar Thompson,,,88e10294c54deffd6e9e6efcba249d2c,2026-05-01,23:10,rebounds,9.5,324.0,,True,draftkings,2026-05-01T14:24:38.622885
Ausar Thompson,,,88e10294c54deffd6e9e6efcba249d2c,2026-05-01,23:10,rebounds,10.5,526.0,,True,draftkings,2026-05-01T14:24:38.622886
Ausar Thompson,,,88e10294c54deffd6e9e6efcba249d2c,2026-05-01,23:10,rebounds,11.5,830.0,,True,draftkings,2026-05-01T14:24:38.622888
Ausar Thompson,,,88e10294c54deffd6e9e6efcba249d2c,2026-05-01,23:10,rebounds,12.5,1300.0,,True,draftkings,2026-05-01T14:24:38.622889
Ausar Thompson,,,88e10294c54deffd6e9e6efcba249d2c,2026-05-01,23:10,rebounds,13.5,1960.0,,True,draftkings,2026-05-01T14:24:38.622891
Ausar Thompson,,,88e10294c54deffd6e9e6efcba249d2c,2026-05-01,23:10,rebounds,14.5,2700.0,,True,draftkings,2026-05-01T14:24:38.622893
Tobias Harris,,,88e10294c54deffd6e9e6efcba249d2c,2026-05-01,23:10,rebounds,3.5,-1040.0,,True,draftkings,2026-05-01T14:24:38.622895
Tobias Harris,,,88e10294c54deffd6e9e6efcba249d2c,2026-05-01,23:10,rebounds,4.5,-424.0,,True,draftkings,2026-05-01T14:24:38.622899
Tobias Harris,,,88e10294c54deffd6e9e6efcba249d2c,2026-05-01,23:10,rebounds,5.5,-206.0,,True,draftkings,2026-05-01T14:24:38.622901
Tobias Harris,,,88e10294c54deffd6e9e6efcba249d2c,2026-05-01,23:10,rebounds,6.5,-115.0,,True,draftkings,2026-05-01T14:24:38.622902
Tobias Harris,,,88e10294c54deffd6e9e6efcba249d2c,2026-05-01,23:10,rebounds,7.5,152.0,,True,draftkings,2026-05-01T14:24:38.622904
Tobias Harris,,,88e10294c54deffd6e9e6efcba249d2c,2026-05-01,23:10,rebounds,8.5,264.0,,True,draftkings,2026-05-01T14:24:38.622905
Tobias Harris,,,88e10294c54deffd6e9e6efcba249d2c,2026-05-01,23:10,rebounds,9.5,437.0,,True,draftkings,2026-05-01T14:24:38.622907
Tobias Harris,,,88e10294c54deffd6e9e6efcba249d2c,2026-05-01,23:10,rebounds,10.5,710.0,,True,draftkings,2026-05-01T14:24:38.622909
Tobias Harris,,,88e10294c54deffd6e9e6efcba249d2c,2026-05-01,23:10,rebounds,11.5,1160.0,,True,draftkings,2026-05-01T14:24:38.622910
Tobias Harris,,,88e10294c54deffd6e9e6efcba249d2c,2026-05-01,23:10,rebounds,12.5,1800.0,,True,draftkings,2026-05-01T14:24:38.622912
Tobias Harris,,,88e10294c54deffd6e9e6efcba249d2c,2026-05-01,23:10,rebounds,13.5,2600.0,,True,draftkings,2026-05-01T14:24:38.622914
Cade Cunningham,,,88e10294c54deffd6e9e6efcba249d2c,2026-05-01,23:10,rebounds,2.5,-1660.0,,True,draftkings,2026-05-01T14:24:38.622916
Cade Cunningham,,,88e10294c54deffd6e9e6efcba249d2c,2026-05-01,23:10,rebounds,3.5,-561.0,,True,draftkings,2026-05-01T14:24:38.622917
Cade Cunningham,,,88e10294c54deffd6e9e6efcba249d2c,2026-05-01,23:10,rebounds,4.5,-266.0,,True,draftkings,2026-05-01T14:24:38.622919
Cade Cunningham,,,88e10294c54deffd6e9e6efcba249d2c,2026-05-01,23:10,rebounds,5.5,-140.0,,True,draftkings,2026-05-01T14:24:38.622920
Cade Cunningham,,,88e10294c54deffd6e9e6efcba249d2c,2026-05-01,23:10,rebounds,6.5,124.0,,True,draftkings,2026-05-01T14:24:38.622922
Cade Cunningham,,,88e10294c54deffd6e9e6efcba249d2c,2026-05-01,23:10,rebounds,7.5,207.0,,True,draftkings,2026-05-01T14:24:38.622924
Cade Cunningham,,,88e10294c54deffd6e9e6efcba249d2c,2026-05-01,23:10,rebounds,8.5,341.0,,True,draftkings,2026-05-01T14:24:38.622925
Cade Cunningham,,,88e10294c54deffd6e9e6efcba249d2c,2026-05-01,23:10,rebounds,9.5,556.0,,True,draftkings,2026-05-01T14:24:38.622927
Cade Cunningham,,,88e10294c54deffd6e9e6efcba249d2c,2026-05-01,23:10,rebounds,10.5,900.0,,True,draftkings,2026-05-01T14:24:38.622929
Cade Cunningham,,,88e10294c54deffd6e9e6efcba249d2c,2026-05-01,23:10,rebounds,11.5,1380.0,,True,draftkings,2026-05-01T14:24:38.622930
Cade Cunningham,,,88e10294c54deffd6e9e6efcba249d2c,2026-05-01,23:10,rebounds,12.5,2000.0,,True,draftkings,2026-05-01T14:24:38.622932
Cade Cunningham,,,88e10294c54deffd6e9e6efcba249d2c,2026-05-01,23:10,rebounds,13.5,2700.0,,True,draftkings,2026-05-01T14:24:38.622934
Desmond Bane,,,88e10294c54deffd6e9e6efcba249d2c,2026-05-01,23:10,rebounds,2.5,-534.0,,True,draftkings,2026-05-01T14:24:38.622935
Desmond Bane,,,88e10294c54deffd6e9e6efcba249d2c,2026-05-01,23:10,rebounds,3.5,-217.0,,True,draftkings,2026-05-01T14:24:38.622937
Desmond Bane,,,88e10294c54deffd6e9e6efcba249d2c,2026-05-01,23:10,rebounds,4.5,101.0,,True,draftkings,2026-05-01T14:24:38.622938
Desmond Bane,,,88e10294c54deffd6e9e6efcba249d2c,2026-05-01,23:10,rebounds,5.5,203.0,,True,draftkings,2026-05-01T14:24:38.622940
Desmond Bane,,,88e10294c54deffd6e9e6efcba249d2c,2026-05-01,23:10,rebounds,6.5,388.0,,True,draftkings,2026-05-01T14:24:38.622942
Desmond Bane,,,88e10294c54deffd6e9e6efcba249d2c,2026-05-01,23:10,rebounds,7.5,730.0,,True,draftkings,2026-05-01T14:24:38.622946
Desmond Bane,,,88e10294c54deffd6e9e6efcba249d2c,2026-05-01,23:10,rebounds,8.5,1320.0,,True,draftkings,2026-05-01T14:24:38.622948
Desmond Bane,,,88e10294c54deffd6e9e6efcba249d2c,2026-05-01,23:10,rebounds,9.5,2100.0,,True,draftkings,2026-05-01T14:24:38.622949
Isaiah Stewart II,,,88e10294c54deffd6e9e6efcba249d2c,2026-05-01,23:10,rebounds,2.5,-349.0,,True,draftkings,2026-05-01T14:24:38.622951
Isaiah Stewart II,,,88e10294c54deffd6e9e6efcba249d2c,2026-05-01,23:10,rebounds,3.5,-153.0,,True,draftkings,2026-05-01T14:24:38.622953
Isaiah Stewart II,,,88e10294c54deffd6e9e6efcba249d2c,2026-05-01,23:10,rebounds,4.5,133.0,,True,draftkings,2026-05-01T14:24:38.622957
Isaiah Stewart II,,,88e10294c54deffd6e9e6efcba249d2c,2026-05-01,23:10,rebounds,5.5,252.0,,True,draftkings,2026-05-01T14:24:38.622958
Isaiah Stewart II,,,88e10294c54deffd6e9e6efcba249d2c,2026-05-01,23:10,rebounds,6.5,465.0,,True,draftkings,2026-05-01T14:24:38.622960
Isaiah Stewart II,,,88e10294c54deffd6e9e6efcba249d2c,2026-05-01,23:10,rebounds,7.5,810.0,,True,draftkings,2026-05-01T14:24:38.622962
Isaiah Stewart II,,,88e10294c54deffd6e9e6efcba249d2c,2026-05-01,23:10,rebounds,8.5,1380.0,,True,draftkings,2026-05-01T14:24:38.622963
Isaiah Stewart II,,,88e10294c54deffd6e9e6efcba249d2c,2026-05-01,23:10,rebounds,9.5,2200.0,,True,draftkings,2026-05-01T14:24:38.622965
Jamal Cain,,,88e10294c54deffd6e9e6efcba249d2c,2026-05-01,23:10,rebounds,2.5,-384.0,,True,draftkings,2026-05-01T14:24:38.622969
Jamal Cain,,,88e10294c54deffd6e9e6efcba249d2c,2026-05-01,23:10,rebounds,3.5,-152.0,,True,draftkings,2026-05-01T14:24:38.622971
Jamal Cain,,,88e10294c54deffd6e9e6efcba249d2c,2026-05-01,23:10,rebounds,4.5,142.0,,True,draftkings,2026-05-01T14:24:38.622973
Jamal Cain,,,88e10294c54deffd6e9e6efcba249d2c,2026-05-01,23:10,rebounds,5.5,290.0,,True,draftkings,2026-05-01T14:24:38.622974
Jamal Cain,,,88e10294c54deffd6e9e6efcba249d2c,2026-05-01,23:10,rebounds,6.5,569.0,,True,draftkings,2026-05-01T14:24:38.622976
Jamal Cain,,,88e10294c54deffd6e9e6efcba249d2c,2026-05-01,23:10,rebounds,7.5,1080.0,,True,draftkings,2026-05-01T14:24:38.622978
Jamal Cain,,,88e10294c54deffd6e9e6efcba249d2c,2026-05-01,23:10,rebounds,8.5,1880.0,,True,draftkings,2026-05-01T14:24:38.622979
Jamal Cain,,,88e10294c54deffd6e9e6efcba249d2c,2026-05-01,23:10,rebounds,9.5,2800.0,,True,draftkings,2026-05-01T14:24:38.622981
Jalen Suggs,,,88e10294c54deffd6e9e6efcba249d2c,2026-05-01,23:10,rebounds,2.5,-379.0,,True,draftkings,2026-05-01T14:24:38.622983
Jalen Suggs,,,88e10294c54deffd6e9e6efcba249d2c,2026-05-01,23:10,rebounds,3.5,-152.0,,True,draftkings,2026-05-01T14:24:38.622984
Jalen Suggs,,,88e10294c54deffd6e9e6efcba249d2c,2026-05-01,23:10,rebounds,4.5,140.0,,True,draftkings,2026-05-01T14:24:38.622986
Jalen Suggs,,,88e10294c54deffd6e9e6efcba249d2c,2026-05-01,23:10,rebounds,5.5,283.0,,True,draftkings,2026-05-01T14:24:38.622988
Jalen Suggs,,,88e10294c54deffd6e9e6efcba249d2c,2026-05-01,23:10,rebounds,6.5,554.0,,True,draftkings,2026-05-01T14:24:38.622989
Jalen Suggs,,,88e10294c54deffd6e9e6efcba249d2c,2026-05-01,23:10,rebounds,7.5,1060.0,,True,draftkings,2026-05-01T14:24:38.622991
Jalen Suggs,,,88e10294c54deffd6e9e6efcba249d2c,2026-05-01,23:10,rebounds,8.5,1840.0,,True,draftkings,2026-05-01T14:24:38.622993
Jalen Suggs,,,88e10294c54deffd6e9e6efcba249d2c,2026-05-01,23:10,rebounds,9.5,2900.0,,True,draftkings,2026-05-01T14:24:38.622994
Anthony Black,,,88e10294c54deffd6e9e6efcba249d2c,2026-05-01,23:10,rebounds,2.5,-251.0,,True,draftkings,2026-05-01T14:24:38.622996
Anthony Black,,,88e10294c54deffd6e9e6efcba249d2c,2026-05-01,23:10,rebounds,3.5,-105.0,,True,draftkings,2026-05-01T14:24:38.622998
Anthony Black,,,88e10294c54deffd6e9e6efcba249d2c,2026-05-01,23:10,rebounds,4.5,206.0,,True,draftkings,2026-05-01T14:24:38.622999
Anthony Black,,,88e10294c54deffd6e9e6efcba249d2c,2026-05-01,23:10,rebounds,5.5,434.0,,True,draftkings,2026-05-01T14:24:38.623001
Anthony Black,,,88e10294c54deffd6e9e6efcba249d2c,2026-05-01,23:10,rebounds,6.5,840.0,,True,draftkings,2026-05-01T14:24:38.623003
Anthony Black,,,88e10294c54deffd6e9e6efcba249d2c,2026-05-01,23:10,rebounds,7.5,1600.0,,True,draftkings,2026-05-01T14:24:38.623004
Anthony Black,,,88e10294c54deffd6e9e6efcba249d2c,2026-05-01,23:10,rebounds,8.5,2600.0,,True,draftkings,2026-05-01T14:24:38.623006
Duncan Robinson,,,88e10294c54deffd6e9e6efcba249d2c,2026-05-01,23:10,rebounds,2.5,-101.0,,True,draftkings,2026-05-01T14:24:38.623008
Duncan Robinson,,,88e10294c54deffd6e9e6efcba249d2c,2026-05-01,23:10,rebounds,3.5,249.0,,True,draftkings,2026-05-01T14:24:38.623010
Duncan Robinson,,,88e10294c54deffd6e9e6efcba249d2c,2026-05-01,23:10,rebounds,4.5,580.0,,True,draftkings,2026-05-01T14:24:38.623011
Duncan Robinson,,,88e10294c54deffd6e9e6efcba249d2c,2026-05-01,23:10,rebounds,5.5,1180.0,,True,draftkings,2026-05-01T14:24:38.623015
Duncan Robinson,,,88e10294c54deffd6e9e6efcba249d2c,2026-05-01,23:10,rebounds,6.5,2300.0,,True,draftkings,2026-05-01T14:24:38.623017
Cade Cunningham,,,88e10294c54deffd6e9e6efcba249d2c,2026-05-01,23:10,threes,2.5,111.0,-147.0,False,draftkings,2026-05-01T14:24:38.623032
Desmond Bane,,,88e10294c54deffd6e9e6efcba249d2c,2026-05-01,23:10,threes,2.5,112.0,-148.0,False,draftkings,2026-05-01T14:24:38.623034
Duncan Robinson,,,88e10294c54deffd6e9e6efcba249d2c,2026-05-01,23:10,threes,2.5,113.0,-149.0,False,draftkings,2026-05-01T14:24:38.623036
Jalen Suggs,,,88e10294c54deffd6e9e6efcba249d2c,2026-05-01,23:10,threes,2.5,126.0,-166.0,False,draftkings,2026-05-01T14:24:38.623038
Paolo Banchero,,,88e10294c54deffd6e9e6efcba249d2c,2026-05-01,23:10,threes,1.5,113.0,-149.0,False,draftkings,2026-05-01T14:24:38.623039
Tobias Harris,,,88e10294c54deffd6e9e6efcba249d2c,2026-05-01,23:10,threes,1.5,132.0,-175.0,False,draftkings,2026-05-01T14:24:38.623041
Anthony Black,,,88e10294c54deffd6e9e6efcba249d2c,2026-05-01,23:10,threes,1.5,140.0,-186.0,False,draftkings,2026-05-01T14:24:38.623043
Wendell Carter Jr,,,88e10294c54deffd6e9e6efcba249d2c,2026-05-01,23:10,threes,0.5,-139.0,106.0,False,draftkings,2026-05-01T14:24:38.623045
Cade Cunningham,,,88e10294c54deffd6e9e6efcba249d2c,2026-05-01,23:10,threes,0.5,-1320.0,,True,draftkings,2026-05-01T14:24:38.623068
Cade Cunningham,,,88e10294c54deffd6e9e6efcba249d2c,2026-05-01,23:10,threes,1.5,-253.0,,True,draftkings,2026-05-01T14:24:38.623070
Cade Cunningham,,,88e10294c54deffd6e9e6efcba249d2c,2026-05-01,23:10,threes,2.5,112.0,,True,draftkings,2026-05-01T14:24:38.623072
Cade Cunningham,,,88e10294c54deffd6e9e6efcba249d2c,2026-05-01,23:10,threes,3.5,266.0,,True,draftkings,2026-05-01T14:24:38.623074
Cade Cunningham,,,88e10294c54deffd6e9e6efcba249d2c,2026-05-01,23:10,threes,4.5,600.0,,True,draftkings,2026-05-01T14:24:38.623075
Cade Cunningham,,,88e10294c54deffd6e9e6efcba249d2c,2026-05-01,23:10,threes,5.5,1260.0,,True,draftkings,2026-05-01T14:24:38.623083
Cade Cunningham,,,88e10294c54deffd6e9e6efcba249d2c,2026-05-01,23:10,threes,6.5,2300.0,,True,draftkings,2026-05-01T14:24:38.623085
Desmond Bane,,,88e10294c54deffd6e9e6efcba249d2c,2026-05-01,23:10,threes,0.5,-1340.0,,True,draftkings,2026-05-01T14:24:38.623087
Desmond Bane,,,88e10294c54deffd6e9e6efcba249d2c,2026-05-01,23:10,threes,1.5,-255.0,,True,draftkings,2026-05-01T14:24:38.623089
Desmond Bane,,,88e10294c54deffd6e9e6efcba249d2c,2026-05-01,23:10,threes,2.5,112.0,,True,draftkings,2026-05-01T14:24:38.623090
Desmond Bane,,,88e10294c54deffd6e9e6efcba249d2c,2026-05-01,23:10,threes,3.5,280.0,,True,draftkings,2026-05-01T14:24:38.623092
Desmond Bane,,,88e10294c54deffd6e9e6efcba249d2c,2026-05-01,23:10,threes,4.5,640.0,,True,draftkings,2026-05-01T14:24:38.623094
Desmond Bane,,,88e10294c54deffd6e9e6efcba249d2c,2026-05-01,23:10,threes,5.5,1360.0,,True,draftkings,2026-05-01T14:24:38.623095
Desmond Bane,,,88e10294c54deffd6e9e6efcba249d2c,2026-05-01,23:10,threes,6.5,2500.0,,True,draftkings,2026-05-01T14:24:38.623097
Duncan Robinson,,,88e10294c54deffd6e9e6efcba249d2c,2026-05-01,23:10,threes,0.5,-1320.0,,True,draftkings,2026-05-01T14:24:38.623099
Duncan Robinson,,,88e10294c54deffd6e9e6efcba249d2c,2026-05-01,23:10,threes,1.5,-251.0,,True,draftkings,2026-05-01T14:24:38.623100
Duncan Robinson,,,88e10294c54deffd6e9e6efcba249d2c,2026-05-01,23:10,threes,2.5,116.0,,True,draftkings,2026-05-01T14:24:38.623102
Duncan Robinson,,,88e10294c54deffd6e9e6efcba249d2c,2026-05-01,23:10,threes,3.5,289.0,,True,draftkings,2026-05-01T14:24:38.623104
Duncan Robinson,,,88e10294c54deffd6e9e6efcba249d2c,2026-05-01,23:10,threes,4.5,650.0,,True,draftkings,2026-05-01T14:24:38.623106
Duncan Robinson,,,88e10294c54deffd6e9e6efcba249d2c,2026-05-01,23:10,threes,5.5,1360.0,,True,draftkings,2026-05-01T14:24:38.623107
Duncan Robinson,,,88e10294c54deffd6e9e6efcba249d2c,2026-05-01,23:10,threes,6.5,2500.0,,True,draftkings,2026-05-01T14:24:38.623109
Jalen Suggs,,,88e10294c54deffd6e9e6efcba249d2c,2026-05-01,23:10,threes,0.5,-1100.0,,True,draftkings,2026-05-01T14:24:38.623111
Jalen Suggs,,,88e10294c54deffd6e9e6efcba249d2c,2026-05-01,23:10,threes,1.5,-226.0,,True,draftkings,2026-05-01T14:24:38.623126
Jalen Suggs,,,88e10294c54deffd6e9e6efcba249d2c,2026-05-01,23:10,threes,2.5,126.0,,True,draftkings,2026-05-01T14:24:38.623128
Jalen Suggs,,,88e10294c54deffd6e9e6efcba249d2c,2026-05-01,23:10,threes,3.5,308.0,,True,draftkings,2026-05-01T14:24:38.623130
Jalen Suggs,,,88e10294c54deffd6e9e6efcba249d2c,2026-05-01,23:10,threes,4.5,700.0,,True,draftkings,2026-05-01T14:24:38.623131
Jalen Suggs,,,88e10294c54deffd6e9e6efcba249d2c,2026-05-01,23:10,threes,5.5,1520.0,,True,draftkings,2026-05-01T14:24:38.623133
Jalen Suggs,,,88e10294c54deffd6e9e6efcba249d2c,2026-05-01,23:10,threes,6.5,2800.0,,True,draftkings,2026-05-01T14:24:38.623135
Paolo Banchero,,,88e10294c54deffd6e9e6efcba249d2c,2026-05-01,23:10,threes,0.5,-392.0,,True,draftkings,2026-05-01T14:24:38.623136
Paolo Banchero,,,88e10294c54deffd6e9e6efcba249d2c,2026-05-01,23:10,threes,1.5,115.0,,True,draftkings,2026-05-01T14:24:38.623138
Paolo Banchero,,,88e10294c54deffd6e9e6efcba249d2c,2026-05-01,23:10,threes,2.5,360.0,,True,draftkings,2026-05-01T14:24:38.623140
Paolo Banchero,,,88e10294c54deffd6e9e6efcba249d2c,2026-05-01,23:10,threes,3.5,970.0,,True,draftkings,2026-05-01T14:24:38.623141
Paolo Banchero,,,88e10294c54deffd6e9e6efcba249d2c,2026-05-01,23:10,threes,4.5,2200.0,,True,draftkings,2026-05-01T14:24:38.623143
Anthony Black,,,88e10294c54deffd6e9e6efcba249d2c,2026-05-01,23:10,threes,0.5,-322.0,,True,draftkings,2026-05-01T14:24:38.623145
Anthony Black,,,88e10294c54deffd6e9e6efcba249d2c,2026-05-01,23:10,threes,1.5,141.0,,True,draftkings,2026-05-01T14:24:38.623147
Anthony Black,,,88e10294c54deffd6e9e6efcba249d2c,2026-05-01,23:10,threes,2.5,431.0,,True,draftkings,2026-05-01T14:24:38.623148
Anthony Black,,,88e10294c54deffd6e9e6efcba249d2c,2026-05-01,23:10,threes,3.5,1180.0,,True,draftkings,2026-05-01T14:24:38.623150
Anthony Black,,,88e10294c54deffd6e9e6efcba249d2c,2026-05-01,23:10,threes,4.5,2600.0,,True,draftkings,2026-05-01T14:24:38.623152
Tobias Harris,,,88e10294c54deffd6e9e6efcba249d2c,2026-05-01,23:10,threes,0.5,-336.0,,True,draftkings,2026-05-01T14:24:38.623153
Tobias Harris,,,88e10294c54deffd6e9e6efcba249d2c,2026-05-01,23:10,threes,1.5,133.0,,True,draftkings,2026-05-01T14:24:38.623155
Tobias Harris,,,88e10294c54deffd6e9e6efcba249d2c,2026-05-01,23:10,threes,2.5,426.0,,True,draftkings,2026-05-01T14:24:38.623157
Tobias Harris,,,88e10294c54deffd6e9e6efcba249d2c,2026-05-01,23:10,threes,3.5,1180.0,,True,draftkings,2026-05-01T14:24:38.623158
Tobias Harris,,,88e10294c54deffd6e9e6efcba249d2c,2026-05-01,23:10,threes,4.5,2600.0,,True,draftkings,2026-05-01T14:24:38.623160
Wendell Carter Jr,,,88e10294c54deffd6e9e6efcba249d2c,2026-05-01,23:10,threes,0.5,-140.0,,True,draftkings,2026-05-01T14:24:38.623162
Wendell Carter Jr,,,88e10294c54deffd6e9e6efcba249d2c,2026-05-01,23:10,threes,1.5,354.0,,True,draftkings,2026-05-01T14:24:38.623163
Wendell Carter Jr,,,88e10294c54deffd6e9e6efcba249d2c,2026-05-01,23:10,threes,2.5,1240.0,,True,draftkings,2026-05-01T14:24:38.623165
Scottie Barnes,,,d1938a9c13602a661e894f996f2680e8,2026-05-01,23:40,assists,8.5,108.0,-142.0,False,draftkings,2026-05-01T14:24:38.713960
James Harden,,,d1938a9c13602a661e894f996f2680e8,2026-05-01,23:40,assists,6.5,-137.0,104.0,False,draftkings,2026-05-01T14:24:38.713973
Jamal Shead,,,d1938a9c13602a661e894f996f2680e8,2026-05-01,23:40,assists,5.5,115.0,-151.0,False,draftkings,2026-05-01T14:24:38.713976
Donovan Mitchell,,,d1938a9c13602a661e894f996f2680e8,2026-05-01,23:40,assists,4.5,-109.0,-121.0,False,draftkings,2026-05-01T14:24:38.713978
R.J. Barrett,,,d1938a9c13602a661e894f996f2680e8,2026-05-01,23:40,assists,3.5,-136.0,104.0,False,draftkings,2026-05-01T14:24:38.713980
Evan Mobley,,,d1938a9c13602a661e894f996f2680e8,2026-05-01,23:40,assists,2.5,-163.0,123.0,False,draftkings,2026-05-01T14:24:38.713982
Brandon Ingram,,,d1938a9c13602a661e894f996f2680e8,2026-05-01,23:40,assists,2.5,-136.0,103.0,False,draftkings,2026-05-01T14:24:38.713983
Max Strus,,,d1938a9c13602a661e894f996f2680e8,2026-05-01,23:40,assists,2.5,146.0,-195.0,False,draftkings,2026-05-01T14:24:38.713985
Jakob Poeltl,,,d1938a9c13602a661e894f996f2680e8,2026-05-01,23:40,assists,1.5,120.0,-158.0,False,draftkings,2026-05-01T14:24:38.713987
Scottie Barnes,,,d1938a9c13602a661e894f996f2680e8,2026-05-01,23:40,assists,3.5,-4100.0,,True,draftkings,2026-05-01T14:24:38.714044
Scottie Barnes,,,d1938a9c13602a661e894f996f2680e8,2026-05-01,23:40,assists,4.5,-1160.0,,True,draftkings,2026-05-01T14:24:38.714046
Scottie Barnes,,,d1938a9c13602a661e894f996f2680e8,2026-05-01,23:40,assists,5.5,-521.0,,True,draftkings,2026-05-01T14:24:38.714048
Scottie Barnes,,,d1938a9c13602a661e894f996f2680e8,2026-05-01,23:40,assists,6.5,-270.0,,True,draftkings,2026-05-01T14:24:38.714050
Scottie Barnes,,,d1938a9c13602a661e894f996f2680e8,2026-05-01,23:40,assists,7.5,-153.0,,True,draftkings,2026-05-01T14:24:38.714052
Scottie Barnes,,,d1938a9c13602a661e894f996f2680e8,2026-05-01,23:40,assists,8.5,111.0,,True,draftkings,2026-05-01T14:24:38.714053
Scottie Barnes,,,d1938a9c13602a661e894f996f2680e8,2026-05-01,23:40,assists,9.5,182.0,,True,draftkings,2026-05-01T14:24:38.714055
Scottie Barnes,,,d1938a9c13602a661e894f996f2680e8,2026-05-01,23:40,assists,10.5,291.0,,True,draftkings,2026-05-01T14:24:38.714057
Scottie Barnes,,,d1938a9c13602a661e894f996f2680e8,2026-05-01,23:40,assists,11.5,482.0,,True,draftkings,2026-05-01T14:24:38.714059
Scottie Barnes,,,d1938a9c13602a661e894f996f2680e8,2026-05-01,23:40,assists,12.5,790.0,,True,draftkings,2026-05-01T14:24:38.714060
Scottie Barnes,,,d1938a9c13602a661e894f996f2680e8,2026-05-01,23:40,assists,13.5,1240.0,,True,draftkings,2026-05-01T14:24:38.714064
Scottie Barnes,,,d1938a9c13602a661e894f996f2680e8,2026-05-01,23:40,assists,14.5,1940.0,,True,draftkings,2026-05-01T14:24:38.714066
Scottie Barnes,,,d1938a9c13602a661e894f996f2680e8,2026-05-01,23:40,assists,15.5,2700.0,,True,draftkings,2026-05-01T14:24:38.714068
James Harden,,,d1938a9c13602a661e894f996f2680e8,2026-05-01,23:40,assists,3.5,-1460.0,,True,draftkings,2026-05-01T14:24:38.714069
James Harden,,,d1938a9c13602a661e894f996f2680e8,2026-05-01,23:40,assists,4.5,-550.0,,True,draftkings,2026-05-01T14:24:38.714071
James Harden,,,d1938a9c13602a661e894f996f2680e8,2026-05-01,23:40,assists,5.5,-260.0,,True,draftkings,2026-05-01T14:24:38.714073
James Harden,,,d1938a9c13602a661e894f996f2680e8,2026-05-01,23:40,assists,6.5,-136.0,,True,draftkings,2026-05-01T14:24:38.714074
James Harden,,,d1938a9c13602a661e894f996f2680e8,2026-05-01,23:40,assists,7.5,133.0,,True,draftkings,2026-05-01T14:24:38.714076
James Harden,,,d1938a9c13602a661e894f996f2680e8,2026-05-01,23:40,assists,8.5,240.0,,True,draftkings,2026-05-01T14:24:38.714078
James Harden,,,d1938a9c13602a661e894f996f2680e8,2026-05-01,23:40,assists,9.5,415.0,,True,draftkings,2026-05-01T14:24:38.714079
James Harden,,,d1938a9c13602a661e894f996f2680e8,2026-05-01,23:40,assists,10.5,720.0,,True,draftkings,2026-05-01T14:24:38.714081
James Harden,,,d1938a9c13602a661e894f996f2680e8,2026-05-01,23:40,assists,11.5,1220.0,,True,draftkings,2026-05-01T14:24:38.714083
James Harden,,,d1938a9c13602a661e894f996f2680e8,2026-05-01,23:40,assists,12.5,1900.0,,True,draftkings,2026-05-01T14:24:38.714084
James Harden,,,d1938a9c13602a661e894f996f2680e8,2026-05-01,23:40,assists,13.5,2700.0,,True,draftkings,2026-05-01T14:24:38.714086
Jamal Shead,,,d1938a9c13602a661e894f996f2680e8,2026-05-01,23:40,assists,2.5,-970.0,,True,draftkings,2026-05-01T14:24:38.714090
Jamal Shead,,,d1938a9c13602a661e894f996f2680e8,2026-05-01,23:40,assists,3.5,-353.0,,True,draftkings,2026-05-01T14:24:38.714092
Jamal Shead,,,d1938a9c13602a661e894f996f2680e8,2026-05-01,23:40,assists,4.5,-165.0,,True,draftkings,2026-05-01T14:24:38.714093
Jamal Shead,,,d1938a9c13602a661e894f996f2680e8,2026-05-01,23:40,assists,5.5,115.0,,True,draftkings,2026-05-01T14:24:38.714095
Jamal Shead,,,d1938a9c13602a661e894f996f2680e8,2026-05-01,23:40,assists,6.5,207.0,,True,draftkings,2026-05-01T14:24:38.714096
Jamal Shead,,,d1938a9c13602a661e894f996f2680e8,2026-05-01,23:40,assists,7.5,361.0,,True,draftkings,2026-05-01T14:24:38.714098
Jamal Shead,,,d1938a9c13602a661e894f996f2680e8,2026-05-01,23:40,assists,8.5,610.0,,True,draftkings,2026-05-01T14:24:38.714100
Jamal Shead,,,d1938a9c13602a661e894f996f2680e8,2026-05-01,23:40,assists,9.5,1020.0,,True,draftkings,2026-05-01T14:24:38.714101
Jamal Shead,,,d1938a9c13602a661e894f996f2680e8,2026-05-01,23:40,assists,10.5,1700.0,,True,draftkings,2026-05-01T14:24:38.714103
Jamal Shead,,,d1938a9c13602a661e894f996f2680e8,2026-05-01,23:40,assists,11.5,2500.0,,True,draftkings,2026-05-01T14:24:38.714105
Donovan Mitchell,,,d1938a9c13602a661e894f996f2680e8,2026-05-01,23:40,assists,2.5,-610.0,,True,draftkings,2026-05-01T14:24:38.714107
Donovan Mitchell,,,d1938a9c13602a661e894f996f2680e8,2026-05-01,23:40,assists,3.5,-234.0,,True,draftkings,2026-05-01T14:24:38.714108
Donovan Mitchell,,,d1938a9c13602a661e894f996f2680e8,2026-05-01,23:40,assists,4.5,-107.0,,True,draftkings,2026-05-01T14:24:38.714110
Donovan Mitchell,,,d1938a9c13602a661e894f996f2680e8,2026-05-01,23:40,assists,5.5,186.0,,True,draftkings,2026-05-01T14:24:38.714124
Donovan Mitchell,,,d1938a9c13602a661e894f996f2680e8,2026-05-01,23:40,assists,6.5,358.0,,True,draftkings,2026-05-01T14:24:38.714126
Donovan Mitchell,,,d1938a9c13602a661e894f996f2680e8,2026-05-01,23:40,assists,7.5,680.0,,True,draftkings,2026-05-01T14:24:38.714130
Donovan Mitchell,,,d1938a9c13602a661e894f996f2680e8,2026-05-01,23:40,assists,8.5,1260.0,,True,draftkings,2026-05-01T14:24:38.714132
Donovan Mitchell,,,d1938a9c13602a661e894f996f2680e8,2026-05-01,23:40,assists,9.5,2200.0,,True,draftkings,2026-05-01T14:24:38.714133
R.J. Barrett,,,d1938a9c13602a661e894f996f2680e8,2026-05-01,23:40,assists,2.5,-349.0,,True,draftkings,2026-05-01T14:24:38.714135
R.J. Barrett,,,d1938a9c13602a661e894f996f2680e8,2026-05-01,23:40,assists,3.5,-141.0,,True,draftkings,2026-05-01T14:24:38.714137
R.J. Barrett,,,d1938a9c13602a661e894f996f2680e8,2026-05-01,23:40,assists,4.5,150.0,,True,draftkings,2026-05-01T14:24:38.714139
R.J. Barrett,,,d1938a9c13602a661e894f996f2680e8,2026-05-01,23:40,assists,5.5,311.0,,True,draftkings,2026-05-01T14:24:38.714140
R.J. Barrett,,,d1938a9c13602a661e894f996f2680e8,2026-05-01,23:40,assists,6.5,610.0,,True,draftkings,2026-05-01T14:24:38.714142
R.J. Barrett,,,d1938a9c13602a661e894f996f2680e8,2026-05-01,23:40,assists,7.5,1200.0,,True,draftkings,2026-05-01T14:24:38.714144
R.J. Barrett,,,d1938a9c13602a661e894f996f2680e8,2026-05-01,23:40,assists,8.5,2100.0,,True,draftkings,2026-05-01T14:24:38.714146
Evan Mobley,,,d1938a9c13602a661e894f996f2680e8,2026-05-01,23:40,assists,2.5,-168.0,,True,draftkings,2026-05-01T14:24:38.714147
Evan Mobley,,,d1938a9c13602a661e894f996f2680e8,2026-05-01,23:40,assists,3.5,149.0,,True,draftkings,2026-05-01T14:24:38.714149
Evan Mobley,,,d1938a9c13602a661e894f996f2680e8,2026-05-01,23:40,assists,4.5,341.0,,True,draftkings,2026-05-01T14:24:38.714151
Evan Mobley,,,d1938a9c13602a661e894f996f2680e8,2026-05-01,23:40,assists,5.5,740.0,,True,draftkings,2026-05-01T14:24:38.714153
Evan Mobley,,,d1938a9c13602a661e894f996f2680e8,2026-05-01,23:40,assists,6.5,1540.0,,True,draftkings,2026-05-01T14:24:38.714154
Evan Mobley,,,d1938a9c13602a661e894f996f2680e8,2026-05-01,23:40,assists,7.5,2600.0,,True,draftkings,2026-05-01T14:24:38.714156
Brandon Ingram,,,d1938a9c13602a661e894f996f2680e8,2026-05-01,23:40,assists,2.5,-136.0,,True,draftkings,2026-05-01T14:24:38.714158
Brandon Ingram,,,d1938a9c13602a661e894f996f2680e8,2026-05-01,23:40,assists,3.5,184.0,,True,draftkings,2026-05-01T14:24:38.714162
Brandon Ingram,,,d1938a9c13602a661e894f996f2680e8,2026-05-01,23:40,assists,4.5,422.0,,True,draftkings,2026-05-01T14:24:38.714164
Brandon Ingram,,,d1938a9c13602a661e894f996f2680e8,2026-05-01,23:40,assists,5.5,920.0,,True,draftkings,2026-05-01T14:24:38.714165
Brandon Ingram,,,d1938a9c13602a661e894f996f2680e8,2026-05-01,23:40,assists,6.5,1860.0,,True,draftkings,2026-05-01T14:24:38.714167
Dennis Schroder,,,d1938a9c13602a661e894f996f2680e8,2026-05-01,23:40,assists,2.5,133.0,,True,draftkings,2026-05-01T14:24:38.714169
Dennis Schroder,,,d1938a9c13602a661e894f996f2680e8,2026-05-01,23:40,assists,3.5,332.0,,True,draftkings,2026-05-01T14:24:38.714173
Dennis Schroder,,,d1938a9c13602a661e894f996f2680e8,2026-05-01,23:40,assists,4.5,750.0,,True,draftkings,2026-05-01T14:24:38.714174
Dennis Schroder,,,d1938a9c13602a661e894f996f2680e8,2026-05-01,23:40,assists,5.5,1600.0,,True,draftkings,2026-05-01T14:24:38.714176
Dennis Schroder,,,d1938a9c13602a661e894f996f2680e8,2026-05-01,23:40,assists,6.5,2800.0,,True,draftkings,2026-05-01T14:24:38.714178
Collin Murray-Boyles,,,d1938a9c13602a661e894f996f2680e8,2026-05-01,23:40,assists,1.5,-194.0,,True,draftkings,2026-05-01T14:24:38.714180
Collin Murray-Boyles,,,d1938a9c13602a661e894f996f2680e8,2026-05-01,23:40,assists,2.5,150.0,,True,draftkings,2026-05-01T14:24:38.714181
Collin Murray-Boyles,,,d1938a9c13602a661e894f996f2680e8,2026-05-01,23:40,assists,3.5,386.0,,True,draftkings,2026-05-01T14:24:38.714183
Collin Murray-Boyles,,,d1938a9c13602a661e894f996f2680e8,2026-05-01,23:40,assists,4.5,890.0,,True,draftkings,2026-05-01T14:24:38.714185
Collin Murray-Boyles,,,d1938a9c13602a661e894f996f2680e8,2026-05-01,23:40,assists,5.5,1800.0,,True,draftkings,2026-05-01T14:24:38.714187
Collin Murray-Boyles,,,d1938a9c13602a661e894f996f2680e8,2026-05-01,23:40,assists,6.5,2900.0,,True,draftkings,2026-05-01T14:24:38.714188
Max Strus,,,d1938a9c13602a661e894f996f2680e8,2026-05-01,23:40,assists,2.5,145.0,,True,draftkings,2026-05-01T14:24:38.714190
Max Strus,,,d1938a9c13602a661e894f996f2680e8,2026-05-01,23:40,assists,3.5,374.0,,True,draftkings,2026-05-01T14:24:38.714192
Max Strus,,,d1938a9c13602a661e894f996f2680e8,2026-05-01,23:40,assists,4.5,900.0,,True,draftkings,2026-05-01T14:24:38.714193
Max Strus,,,d1938a9c13602a661e894f996f2680e8,2026-05-01,23:40,assists,5.5,1920.0,,True,draftkings,2026-05-01T14:24:38.714195
Ja'Kobe Walter,,,d1938a9c13602a661e894f996f2680e8,2026-05-01,23:40,assists,1.5,-123.0,,True,draftkings,2026-05-01T14:24:38.714197
Ja'Kobe Walter,,,d1938a9c13602a661e894f996f2680e8,2026-05-01,23:40,assists,2.5,246.0,,True,draftkings,2026-05-01T14:24:38.714198
Ja'Kobe Walter,,,d1938a9c13602a661e894f996f2680e8,2026-05-01,23:40,assists,3.5,650.0,,True,draftkings,2026-05-01T14:24:38.714200
Ja'Kobe Walter,,,d1938a9c13602a661e894f996f2680e8,2026-05-01,23:40,assists,4.5,1520.0,,True,draftkings,2026-05-01T14:24:38.714202
Ja'Kobe Walter,,,d1938a9c13602a661e894f996f2680e8,2026-05-01,23:40,assists,5.5,2800.0,,True,draftkings,2026-05-01T14:24:38.714204
Sam Merrill,,,d1938a9c13602a661e894f996f2680e8,2026-05-01,23:40,assists,1.5,116.0,,True,draftkings,2026-05-01T14:24:38.714205
Sam Merrill,,,d1938a9c13602a661e894f996f2680e8,2026-05-01,23:40,assists,2.5,353.0,,True,draftkings,2026-05-01T14:24:38.714207
Sam Merrill,,,d1938a9c13602a661e894f996f2680e8,2026-05-01,23:40,assists,3.5,950.0,,True,draftkings,2026-05-01T14:24:38.714209
Sam Merrill,,,d1938a9c13602a661e894f996f2680e8,2026-05-01,23:40,assists,4.5,2100.0,,True,draftkings,2026-05-01T14:24:38.714210
Jakob Poeltl,,,d1938a9c13602a661e894f996f2680e8,2026-05-01,23:40,assists,1.5,118.0,,True,draftkings,2026-05-01T14:24:38.714212
Jakob Poeltl,,,d1938a9c13602a661e894f996f2680e8,2026-05-01,23:40,assists,2.5,373.0,,True,draftkings,2026-05-01T14:24:38.714214
Jakob Poeltl,,,d1938a9c13602a661e894f996f2680e8,2026-05-01,23:40,assists,3.5,1040.0,,True,draftkings,2026-05-01T14:24:38.714216
Jakob Poeltl,,,d1938a9c13602a661e894f996f2680e8,2026-05-01,23:40,assists,4.5,2400.0,,True,draftkings,2026-05-01T14:24:38.714217
Jarrett Allen,,,d1938a9c13602a661e894f996f2680e8,2026-05-01,23:40,assists,0.5,-217.0,,True,draftkings,2026-05-01T14:24:38.714221
Jarrett Allen,,,d1938a9c13602a661e894f996f2680e8,2026-05-01,23:40,assists,2.5,730.0,,True,draftkings,2026-05-01T14:24:38.714223
Jarrett Allen,,,d1938a9c13602a661e894f996f2680e8,2026-05-01,23:40,assists,3.5,2000.0,,True,draftkings,2026-05-01T14:24:38.714225
Donovan Mitchell,,,d1938a9c13602a661e894f996f2680e8,2026-05-01,23:40,points,27.5,-104.0,-122.0,False,draftkings,2026-05-01T14:24:38.714247
R.J. Barrett,,,d1938a9c13602a661e894f996f2680e8,2026-05-01,23:40,points,22.5,-112.0,-114.0,False,draftkings,2026-05-01T14:24:38.714249
Scottie Barnes,,,d1938a9c13602a661e894f996f2680e8,2026-05-01,23:40,points,20.5,-120.0,-106.0,False,draftkings,2026-05-01T14:24:38.714250
James Harden,,,d1938a9c13602a661e894f996f2680e8,2026-05-01,23:40,points,20.5,-118.0,-108.0,False,draftkings,2026-05-01T14:24:38.714252
Brandon Ingram,,,d1938a9c13602a661e894f996f2680e8,2026-05-01,23:40,points,18.5,-101.0,-126.0,False,draftkings,2026-05-01T14:24:38.714254
Evan Mobley,,,d1938a9c13602a661e894f996f2680e8,2026-05-01,23:40,points,15.5,-123.0,-104.0,False,draftkings,2026-05-01T14:24:38.714256
Collin Murray-Boyles,,,d1938a9c13602a661e894f996f2680e8,2026-05-01,23:40,points,11.5,-125.0,-102.0,False,draftkings,2026-05-01T14:24:38.714257
Jarrett Allen,,,d1938a9c13602a661e894f996f2680e8,2026-05-01,23:40,points,10.5,-112.0,-114.0,False,draftkings,2026-05-01T14:24:38.714259
Ja'Kobe Walter,,,d1938a9c13602a661e894f996f2680e8,2026-05-01,23:40,points,9.5,-115.0,-111.0,False,draftkings,2026-05-01T14:24:38.714261
Max Strus,,,d1938a9c13602a661e894f996f2680e8,2026-05-01,23:40,points,8.5,-133.0,104.0,False,draftkings,2026-05-01T14:24:38.714262
Jamal Shead,,,d1938a9c13602a661e894f996f2680e8,2026-05-01,23:40,points,7.5,-125.0,-102.0,False,draftkings,2026-05-01T14:24:38.714264
Jakob Poeltl,,,d1938a9c13602a661e894f996f2680e8,2026-05-01,23:40,points,7.5,-112.0,-113.0,False,draftkings,2026-05-01T14:24:38.714266
Dennis Schroder,,,d1938a9c13602a661e894f996f2680e8,2026-05-01,23:40,points,6.5,-112.0,-113.0,False,draftkings,2026-05-01T14:24:38.714268
Sam Merrill,,,d1938a9c13602a661e894f996f2680e8,2026-05-01,23:40,points,6.5,-108.0,-118.0,False,draftkings,2026-05-01T14:24:38.714269
Sandro Mamukelashvili,,,d1938a9c13602a661e894f996f2680e8,2026-05-01,23:40,points,4.5,-133.0,104.0,False,draftkings,2026-05-01T14:24:38.714271
Dean Wade,,,d1938a9c13602a661e894f996f2680e8,2026-05-01,23:40,points,4.5,-105.0,-121.0,False,draftkings,2026-05-01T14:24:38.714273
Donovan Mitchell,,,d1938a9c13602a661e894f996f2680e8,2026-05-01,23:40,points,14.5,-2700.0,,True,draftkings,2026-05-01T14:24:38.714339
Donovan Mitchell,,,d1938a9c13602a661e894f996f2680e8,2026-05-01,23:40,points,17.5,-970.0,,True,draftkings,2026-05-01T14:24:38.714341
Donovan Mitchell,,,d1938a9c13602a661e894f996f2680e8,2026-05-01,23:40,points,19.5,-568.0,,True,draftkings,2026-05-01T14:24:38.714342
Donovan Mitchell,,,d1938a9c13602a661e894f996f2680e8,2026-05-01,23:40,points,24.5,-182.0,,True,draftkings,2026-05-01T14:24:38.714344
Donovan Mitchell,,,d1938a9c13602a661e894f996f2680e8,2026-05-01,23:40,points,27.5,-104.0,,True,draftkings,2026-05-01T14:24:38.714346
Donovan Mitchell,,,d1938a9c13602a661e894f996f2680e8,2026-05-01,23:40,points,29.5,138.0,,True,draftkings,2026-05-01T14:24:38.714349
Donovan Mitchell,,,d1938a9c13602a661e894f996f2680e8,2026-05-01,23:40,points,34.5,334.0,,True,draftkings,2026-05-01T14:24:38.714353
Donovan Mitchell,,,d1938a9c13602a661e894f996f2680e8,2026-05-01,23:40,points,39.5,820.0,,True,draftkings,2026-05-01T14:24:38.714355
Donovan Mitchell,,,d1938a9c13602a661e894f996f2680e8,2026-05-01,23:40,points,44.5,1820.0,,True,draftkings,2026-05-01T14:24:38.714357
R.J. Barrett,,,d1938a9c13602a661e894f996f2680e8,2026-05-01,23:40,points,11.5,-1860.0,,True,draftkings,2026-05-01T14:24:38.714358
R.J. Barrett,,,d1938a9c13602a661e894f996f2680e8,2026-05-01,23:40,points,14.5,-700.0,,True,draftkings,2026-05-01T14:24:38.714360
R.J. Barrett,,,d1938a9c13602a661e894f996f2680e8,2026-05-01,23:40,points,17.5,-320.0,,True,draftkings,2026-05-01T14:24:38.714362
R.J. Barrett,,,d1938a9c13602a661e894f996f2680e8,2026-05-01,23:40,points,19.5,-205.0,,True,draftkings,2026-05-01T14:24:38.714364
R.J. Barrett,,,d1938a9c13602a661e894f996f2680e8,2026-05-01,23:40,points,22.5,-112.0,,True,draftkings,2026-05-01T14:24:38.714365
R.J. Barrett,,,d1938a9c13602a661e894f996f2680e8,2026-05-01,23:40,points,24.5,131.0,,True,draftkings,2026-05-01T14:24:38.714367
R.J. Barrett,,,d1938a9c13602a661e894f996f2680e8,2026-05-01,23:40,points,29.5,330.0,,True,draftkings,2026-05-01T14:24:38.714369
R.J. Barrett,,,d1938a9c13602a661e894f996f2680e8,2026-05-01,23:40,points,34.5,850.0,,True,draftkings,2026-05-01T14:24:38.714371
R.J. Barrett,,,d1938a9c13602a661e894f996f2680e8,2026-05-01,23:40,points,39.5,1920.0,,True,draftkings,2026-05-01T14:24:38.714372
Scottie Barnes,,,d1938a9c13602a661e894f996f2680e8,2026-05-01,23:40,points,9.5,-3100.0,,True,draftkings,2026-05-01T14:24:38.714374
Scottie Barnes,,,d1938a9c13602a661e894f996f2680e8,2026-05-01,23:40,points,11.5,-1240.0,,True,draftkings,2026-05-01T14:24:38.714376
Scottie Barnes,,,d1938a9c13602a661e894f996f2680e8,2026-05-01,23:40,points,14.5,-480.0,,True,draftkings,2026-05-01T14:24:38.714377
Scottie Barnes,,,d1938a9c13602a661e894f996f2680e8,2026-05-01,23:40,points,17.5,-229.0,,True,draftkings,2026-05-01T14:24:38.714381
Scottie Barnes,,,d1938a9c13602a661e894f996f2680e8,2026-05-01,23:40,points,19.5,-149.0,,True,draftkings,2026-05-01T14:24:38.714383
Scottie Barnes,,,d1938a9c13602a661e894f996f2680e8,2026-05-01,23:40,points,20.5,-121.0,,True,draftkings,2026-05-01T14:24:38.714385
Scottie Barnes,,,d1938a9c13602a661e894f996f2680e8,2026-05-01,23:40,points,24.5,185.0,,True,draftkings,2026-05-01T14:24:38.714386
Scottie Barnes,,,d1938a9c13602a661e894f996f2680e8,2026-05-01,23:40,points,29.5,489.0,,True,draftkings,2026-05-01T14:24:38.714388
Scottie Barnes,,,d1938a9c13602a661e894f996f2680e8,2026-05-01,23:40,points,34.5,1240.0,,True,draftkings,2026-05-01T14:24:38.714390
Scottie Barnes,,,d1938a9c13602a661e894f996f2680e8,2026-05-01,23:40,points,39.5,2500.0,,True,draftkings,2026-05-01T14:24:38.714391
James Harden,,,d1938a9c13602a661e894f996f2680e8,2026-05-01,23:40,points,9.5,-3600.0,,True,draftkings,2026-05-01T14:24:38.714393
James Harden,,,d1938a9c13602a661e894f996f2680e8,2026-05-01,23:40,points,11.5,-1320.0,,True,draftkings,2026-05-01T14:24:38.714395
James Harden,,,d1938a9c13602a661e894f996f2680e8,2026-05-01,23:40,points,14.5,-498.0,,True,draftkings,2026-05-01T14:24:38.714397
James Harden,,,d1938a9c13602a661e894f996f2680e8,2026-05-01,23:40,points,17.5,-227.0,,True,draftkings,2026-05-01T14:24:38.714398
James Harden,,,d1938a9c13602a661e894f996f2680e8,2026-05-01,23:40,points,19.5,-147.0,,True,draftkings,2026-05-01T14:24:38.714400
James Harden,,,d1938a9c13602a661e894f996f2680e8,2026-05-01,23:40,points,20.5,-119.0,,True,draftkings,2026-05-01T14:24:38.714402
James Harden,,,d1938a9c13602a661e894f996f2680e8,2026-05-01,23:40,points,24.5,189.0,,True,draftkings,2026-05-01T14:24:38.714403
James Harden,,,d1938a9c13602a661e894f996f2680e8,2026-05-01,23:40,points,29.5,507.0,,True,draftkings,2026-05-01T14:24:38.714405
James Harden,,,d1938a9c13602a661e894f996f2680e8,2026-05-01,23:40,points,34.5,1260.0,,True,draftkings,2026-05-01T14:24:38.714407
James Harden,,,d1938a9c13602a661e894f996f2680e8,2026-05-01,23:40,points,39.5,2600.0,,True,draftkings,2026-05-01T14:24:38.714408
Brandon Ingram,,,d1938a9c13602a661e894f996f2680e8,2026-05-01,23:40,points,9.5,-1580.0,,True,draftkings,2026-05-01T14:24:38.714412
Brandon Ingram,,,d1938a9c13602a661e894f996f2680e8,2026-05-01,23:40,points,11.5,-680.0,,True,draftkings,2026-05-01T14:24:38.714414
Brandon Ingram,,,d1938a9c13602a661e894f996f2680e8,2026-05-01,23:40,points,14.5,-267.0,,True,draftkings,2026-05-01T14:24:38.714416
Brandon Ingram,,,d1938a9c13602a661e894f996f2680e8,2026-05-01,23:40,points,17.5,-127.0,,True,draftkings,2026-05-01T14:24:38.714417
Brandon Ingram,,,d1938a9c13602a661e894f996f2680e8,2026-05-01,23:40,points,18.5,-101.0,,True,draftkings,2026-05-01T14:24:38.714419
Brandon Ingram,,,d1938a9c13602a661e894f996f2680e8,2026-05-01,23:40,points,19.5,127.0,,True,draftkings,2026-05-01T14:24:38.714421
Brandon Ingram,,,d1938a9c13602a661e894f996f2680e8,2026-05-01,23:40,points,24.5,384.0,,True,draftkings,2026-05-01T14:24:38.714422
Brandon Ingram,,,d1938a9c13602a661e894f996f2680e8,2026-05-01,23:40,points,29.5,1140.0,,True,draftkings,2026-05-01T14:24:38.714424
Brandon Ingram,,,d1938a9c13602a661e894f996f2680e8,2026-05-01,23:40,points,34.5,2600.0,,True,draftkings,2026-05-01T14:24:38.714426
Evan Mobley,,,d1938a9c13602a661e894f996f2680e8,2026-05-01,23:40,points,7.5,-2300.0,,True,draftkings,2026-05-01T14:24:38.714427
Evan Mobley,,,d1938a9c13602a661e894f996f2680e8,2026-05-01,23:40,points,9.5,-810.0,,True,draftkings,2026-05-01T14:24:38.714429
Evan Mobley,,,d1938a9c13602a661e894f996f2680e8,2026-05-01,23:40,points,11.5,-385.0,,True,draftkings,2026-05-01T14:24:38.714431
Evan Mobley,,,d1938a9c13602a661e894f996f2680e8,2026-05-01,23:40,points,14.5,-160.0,,True,draftkings,2026-05-01T14:24:38.714432
Evan Mobley,,,d1938a9c13602a661e894f996f2680e8,2026-05-01,23:40,points,15.5,-125.0,,True,draftkings,2026-05-01T14:24:38.714434
Evan Mobley,,,d1938a9c13602a661e894f996f2680e8,2026-05-01,23:40,points,17.5,133.0,,True,draftkings,2026-05-01T14:24:38.714436
Evan Mobley,,,d1938a9c13602a661e894f996f2680e8,2026-05-01,23:40,points,19.5,214.0,,True,draftkings,2026-05-01T14:24:38.714438
Evan Mobley,,,d1938a9c13602a661e894f996f2680e8,2026-05-01,23:40,points,24.5,690.0,,True,draftkings,2026-05-01T14:24:38.714439
Evan Mobley,,,d1938a9c13602a661e894f996f2680e8,2026-05-01,23:40,points,29.5,2000.0,,True,draftkings,2026-05-01T14:24:38.714441
Collin Murray-Boyles,,,d1938a9c13602a661e894f996f2680e8,2026-05-01,23:40,points,5.5,-1320.0,,True,draftkings,2026-05-01T14:24:38.714442
Collin Murray-Boyles,,,d1938a9c13602a661e894f996f2680e8,2026-05-01,23:40,points,7.5,-480.0,,True,draftkings,2026-05-01T14:24:38.714447
Collin Murray-Boyles,,,d1938a9c13602a661e894f996f2680e8,2026-05-01,23:40,points,9.5,-229.0,,True,draftkings,2026-05-01T14:24:38.714449
Collin Murray-Boyles,,,d1938a9c13602a661e894f996f2680e8,2026-05-01,23:40,points,11.5,-122.0,,True,draftkings,2026-05-01T14:24:38.714451
Collin Murray-Boyles,,,d1938a9c13602a661e894f996f2680e8,2026-05-01,23:40,points,14.5,184.0,,True,draftkings,2026-05-01T14:24:38.714452
Collin Murray-Boyles,,,d1938a9c13602a661e894f996f2680e8,2026-05-01,23:40,points,17.5,388.0,,True,draftkings,2026-05-01T14:24:38.714454
Collin Murray-Boyles,,,d1938a9c13602a661e894f996f2680e8,2026-05-01,23:40,points,19.5,630.0,,True,draftkings,2026-05-01T14:24:38.714456
Collin Murray-Boyles,,,d1938a9c13602a661e894f996f2680e8,2026-05-01,23:40,points,24.5,1960.0,,True,draftkings,2026-05-01T14:24:38.714457
Ja'Kobe Walter,,,d1938a9c13602a661e894f996f2680e8,2026-05-01,23:40,points,5.5,-457.0,,True,draftkings,2026-05-01T14:24:38.714459
Ja'Kobe Walter,,,d1938a9c13602a661e894f996f2680e8,2026-05-01,23:40,points,7.5,-223.0,,True,draftkings,2026-05-01T14:24:38.714461
Ja'Kobe Walter,,,d1938a9c13602a661e894f996f2680e8,2026-05-01,23:40,points,9.5,-117.0,,True,draftkings,2026-05-01T14:24:38.714462
Ja'Kobe Walter,,,d1938a9c13602a661e894f996f2680e8,2026-05-01,23:40,points,11.5,148.0,,True,draftkings,2026-05-01T14:24:38.714464
Ja'Kobe Walter,,,d1938a9c13602a661e894f996f2680e8,2026-05-01,23:40,points,14.5,315.0,,True,draftkings,2026-05-01T14:24:38.714466
Ja'Kobe Walter,,,d1938a9c13602a661e894f996f2680e8,2026-05-01,23:40,points,17.5,660.0,,True,draftkings,2026-05-01T14:24:38.714467
Ja'Kobe Walter,,,d1938a9c13602a661e894f996f2680e8,2026-05-01,23:40,points,19.5,1020.0,,True,draftkings,2026-05-01T14:24:38.714471
Ja'Kobe Walter,,,d1938a9c13602a661e894f996f2680e8,2026-05-01,23:40,points,24.5,2500.0,,True,draftkings,2026-05-01T14:24:38.714473
Jarrett Allen,,,d1938a9c13602a661e894f996f2680e8,2026-05-01,23:40,points,5.5,-970.0,,True,draftkings,2026-05-01T14:24:38.714475
Jarrett Allen,,,d1938a9c13602a661e894f996f2680e8,2026-05-01,23:40,points,7.5,-352.0,,True,draftkings,2026-05-01T14:24:38.714476
Jarrett Allen,,,d1938a9c13602a661e894f996f2680e8,2026-05-01,23:40,points,9.5,-163.0,,True,draftkings,2026-05-01T14:24:38.714478
Jarrett Allen,,,d1938a9c13602a661e894f996f2680e8,2026-05-01,23:40,points,10.5,-110.0,,True,draftkings,2026-05-01T14:24:38.714480
Jarrett Allen,,,d1938a9c13602a661e894f996f2680e8,2026-05-01,23:40,points,11.5,120.0,,True,draftkings,2026-05-01T14:24:38.714481
Jarrett Allen,,,d1938a9c13602a661e894f996f2680e8,2026-05-01,23:40,points,14.5,315.0,,True,draftkings,2026-05-01T14:24:38.714483
Jarrett Allen,,,d1938a9c13602a661e894f996f2680e8,2026-05-01,23:40,points,17.5,730.0,,True,draftkings,2026-05-01T14:24:38.714485
Jarrett Allen,,,d1938a9c13602a661e894f996f2680e8,2026-05-01,23:40,points,19.5,1260.0,,True,draftkings,2026-05-01T14:24:38.714487
Max Strus,,,d1938a9c13602a661e894f996f2680e8,2026-05-01,23:40,points,5.5,-395.0,,True,draftkings,2026-05-01T14:24:38.714488
Max Strus,,,d1938a9c13602a661e894f996f2680e8,2026-05-01,23:40,points,7.5,-195.0,,True,draftkings,2026-05-01T14:24:38.714490
Max Strus,,,d1938a9c13602a661e894f996f2680e8,2026-05-01,23:40,points,8.5,-133.0,,True,draftkings,2026-05-01T14:24:38.714492
Max Strus,,,d1938a9c13602a661e894f996f2680e8,2026-05-01,23:40,points,9.5,107.0,,True,draftkings,2026-05-01T14:24:38.714493
Max Strus,,,d1938a9c13602a661e894f996f2680e8,2026-05-01,23:40,points,11.5,177.0,,True,draftkings,2026-05-01T14:24:38.714495
Max Strus,,,d1938a9c13602a661e894f996f2680e8,2026-05-01,23:40,points,14.5,398.0,,True,draftkings,2026-05-01T14:24:38.714499
Max Strus,,,d1938a9c13602a661e894f996f2680e8,2026-05-01,23:40,points,17.5,850.0,,True,draftkings,2026-05-01T14:24:38.714500
Max Strus,,,d1938a9c13602a661e894f996f2680e8,2026-05-01,23:40,points,19.5,1340.0,,True,draftkings,2026-05-01T14:24:38.714502
Jamal Shead,,,d1938a9c13602a661e894f996f2680e8,2026-05-01,23:40,points,5.5,-257.0,,True,draftkings,2026-05-01T14:24:38.714504
Jamal Shead,,,d1938a9c13602a661e894f996f2680e8,2026-05-01,23:40,points,7.5,-124.0,,True,draftkings,2026-05-01T14:24:38.714506
Jamal Shead,,,d1938a9c13602a661e894f996f2680e8,2026-05-01,23:40,points,9.5,154.0,,True,draftkings,2026-05-01T14:24:38.714507
Jamal Shead,,,d1938a9c13602a661e894f996f2680e8,2026-05-01,23:40,points,11.5,279.0,,True,draftkings,2026-05-01T14:24:38.714509
Jamal Shead,,,d1938a9c13602a661e894f996f2680e8,2026-05-01,23:40,points,14.5,640.0,,True,draftkings,2026-05-01T14:24:38.714511
Jamal Shead,,,d1938a9c13602a661e894f996f2680e8,2026-05-01,23:40,points,17.5,1380.0,,True,draftkings,2026-05-01T14:24:38.714512
Jamal Shead,,,d1938a9c13602a661e894f996f2680e8,2026-05-01,23:40,points,19.5,2100.0,,True,draftkings,2026-05-01T14:24:38.714514
Sam Merrill,,,d1938a9c13602a661e894f996f2680e8,2026-05-01,23:40,points,5.5,-178.0,,True,draftkings,2026-05-01T14:24:38.714516
Sam Merrill,,,d1938a9c13602a661e894f996f2680e8,2026-05-01,23:40,points,6.5,-107.0,,True,draftkings,2026-05-01T14:24:38.714517
Sam Merrill,,,d1938a9c13602a661e894f996f2680e8,2026-05-01,23:40,points,7.5,114.0,,True,draftkings,2026-05-01T14:24:38.714519
Sam Merrill,,,d1938a9c13602a661e894f996f2680e8,2026-05-01,23:40,points,9.5,233.0,,True,draftkings,2026-05-01T14:24:38.714521
Sam Merrill,,,d1938a9c13602a661e894f996f2680e8,2026-05-01,23:40,points,11.5,398.0,,True,draftkings,2026-05-01T14:24:38.714522
Sam Merrill,,,d1938a9c13602a661e894f996f2680e8,2026-05-01,23:40,points,14.5,920.0,,True,draftkings,2026-05-01T14:24:38.714524
Sam Merrill,,,d1938a9c13602a661e894f996f2680e8,2026-05-01,23:40,points,17.5,1800.0,,True,draftkings,2026-05-01T14:24:38.714526
Sam Merrill,,,d1938a9c13602a661e894f996f2680e8,2026-05-01,23:40,points,19.5,2500.0,,True,draftkings,2026-05-01T14:24:38.714529
Jakob Poeltl,,,d1938a9c13602a661e894f996f2680e8,2026-05-01,23:40,points,5.5,-252.0,,True,draftkings,2026-05-01T14:24:38.714531
Jakob Poeltl,,,d1938a9c13602a661e894f996f2680e8,2026-05-01,23:40,points,7.5,-113.0,,True,draftkings,2026-05-01T14:24:38.714533
Jakob Poeltl,,,d1938a9c13602a661e894f996f2680e8,2026-05-01,23:40,points,9.5,184.0,,True,draftkings,2026-05-01T14:24:38.714535
Jakob Poeltl,,,d1938a9c13602a661e894f996f2680e8,2026-05-01,23:40,points,11.5,360.0,,True,draftkings,2026-05-01T14:24:38.714536
Jakob Poeltl,,,d1938a9c13602a661e894f996f2680e8,2026-05-01,23:40,points,14.5,1020.0,,True,draftkings,2026-05-01T14:24:38.714543
Jakob Poeltl,,,d1938a9c13602a661e894f996f2680e8,2026-05-01,23:40,points,17.5,2000.0,,True,draftkings,2026-05-01T14:24:38.714545
Dennis Schroder,,,d1938a9c13602a661e894f996f2680e8,2026-05-01,23:40,points,5.5,-162.0,,True,draftkings,2026-05-01T14:24:38.714547
Dennis Schroder,,,d1938a9c13602a661e894f996f2680e8,2026-05-01,23:40,points,6.5,-112.0,,True,draftkings,2026-05-01T14:24:38.714549
Dennis Schroder,,,d1938a9c13602a661e894f996f2680e8,2026-05-01,23:40,points,7.5,127.0,,True,draftkings,2026-05-01T14:24:38.714550
Dennis Schroder,,,d1938a9c13602a661e894f996f2680e8,2026-05-01,23:40,points,9.5,245.0,,True,draftkings,2026-05-01T14:24:38.714552
Dennis Schroder,,,d1938a9c13602a661e894f996f2680e8,2026-05-01,23:40,points,11.5,460.0,,True,draftkings,2026-05-01T14:24:38.714554
Dennis Schroder,,,d1938a9c13602a661e894f996f2680e8,2026-05-01,23:40,points,14.5,1140.0,,True,draftkings,2026-05-01T14:24:38.714555
Dennis Schroder,,,d1938a9c13602a661e894f996f2680e8,2026-05-01,23:40,points,17.5,2300.0,,True,draftkings,2026-05-01T14:24:38.714557
Sandro Mamukelashvili,,,d1938a9c13602a661e894f996f2680e8,2026-05-01,23:40,points,4.5,-135.0,,True,draftkings,2026-05-01T14:24:38.714559
Sandro Mamukelashvili,,,d1938a9c13602a661e894f996f2680e8,2026-05-01,23:40,points,5.5,112.0,,True,draftkings,2026-05-01T14:24:38.714561
Sandro Mamukelashvili,,,d1938a9c13602a661e894f996f2680e8,2026-05-01,23:40,points,7.5,214.0,,True,draftkings,2026-05-01T14:24:38.714562
Sandro Mamukelashvili,,,d1938a9c13602a661e894f996f2680e8,2026-05-01,23:40,points,9.5,423.0,,True,draftkings,2026-05-01T14:24:38.714564
Sandro Mamukelashvili,,,d1938a9c13602a661e894f996f2680e8,2026-05-01,23:40,points,11.5,720.0,,True,draftkings,2026-05-01T14:24:38.714566
Sandro Mamukelashvili,,,d1938a9c13602a661e894f996f2680e8,2026-05-01,23:40,points,14.5,1560.0,,True,draftkings,2026-05-01T14:24:38.714567
Sandro Mamukelashvili,,,d1938a9c13602a661e894f996f2680e8,2026-05-01,23:40,points,17.5,2700.0,,True,draftkings,2026-05-01T14:24:38.714569
Dean Wade,,,d1938a9c13602a661e894f996f2680e8,2026-05-01,23:40,points,4.5,-105.0,,True,draftkings,2026-05-01T14:24:38.714571
Dean Wade,,,d1938a9c13602a661e894f996f2680e8,2026-05-01,23:40,points,5.5,143.0,,True,draftkings,2026-05-01T14:24:38.714572
Dean Wade,,,d1938a9c13602a661e894f996f2680e8,2026-05-01,23:40,points,7.5,297.0,,True,draftkings,2026-05-01T14:24:38.714574
Dean Wade,,,d1938a9c13602a661e894f996f2680e8,2026-05-01,23:40,points,9.5,670.0,,True,draftkings,2026-05-01T14:24:38.714576
Dean Wade,,,d1938a9c13602a661e894f996f2680e8,2026-05-01,23:40,points,11.5,1140.0,,True,draftkings,2026-05-01T14:24:38.714577
Dean Wade,,,d1938a9c13602a661e894f996f2680e8,2026-05-01,23:40,points,14.5,2500.0,,True,draftkings,2026-05-01T14:24:38.714579
Evan Mobley,,,d1938a9c13602a661e894f996f2680e8,2026-05-01,23:40,rebounds,8.5,-129.0,-102.0,False,draftkings,2026-05-01T14:24:38.714600
Jarrett Allen,,,d1938a9c13602a661e894f996f2680e8,2026-05-01,23:40,rebounds,7.5,-133.0,101.0,False,draftkings,2026-05-01T14:24:38.714602
Scottie Barnes,,,d1938a9c13602a661e894f996f2680e8,2026-05-01,23:40,rebounds,7.5,-109.0,-120.0,False,draftkings,2026-05-01T14:24:38.714604
Collin Murray-Boyles,,,d1938a9c13602a661e894f996f2680e8,2026-05-01,23:40,rebounds,6.5,-109.0,-121.0,False,draftkings,2026-05-01T14:24:38.714605
R.J. Barrett,,,d1938a9c13602a661e894f996f2680e8,2026-05-01,23:40,rebounds,5.5,-142.0,108.0,False,draftkings,2026-05-01T14:24:38.714607
Jakob Poeltl,,,d1938a9c13602a661e894f996f2680e8,2026-05-01,23:40,rebounds,5.5,-101.0,-131.0,False,draftkings,2026-05-01T14:24:38.714609
James Harden,,,d1938a9c13602a661e894f996f2680e8,2026-05-01,23:40,rebounds,4.5,-118.0,-111.0,False,draftkings,2026-05-01T14:24:38.714610
Brandon Ingram,,,d1938a9c13602a661e894f996f2680e8,2026-05-01,23:40,rebounds,4.5,-103.0,-128.0,False,draftkings,2026-05-01T14:24:38.714612
Donovan Mitchell,,,d1938a9c13602a661e894f996f2680e8,2026-05-01,23:40,rebounds,4.5,113.0,-149.0,False,draftkings,2026-05-01T14:24:38.714614
Max Strus,,,d1938a9c13602a661e894f996f2680e8,2026-05-01,23:40,rebounds,3.5,-157.0,119.0,False,draftkings,2026-05-01T14:24:38.714615
Dean Wade,,,d1938a9c13602a661e894f996f2680e8,2026-05-01,23:40,rebounds,3.5,-109.0,-120.0,False,draftkings,2026-05-01T14:24:38.714617
Ja'Kobe Walter,,,d1938a9c13602a661e894f996f2680e8,2026-05-01,23:40,rebounds,3.5,116.0,-152.0,False,draftkings,2026-05-01T14:24:38.714619
Sam Merrill,,,d1938a9c13602a661e894f996f2680e8,2026-05-01,23:40,rebounds,1.5,-177.0,134.0,False,draftkings,2026-05-01T14:24:38.714620
Jamal Shead,,,d1938a9c13602a661e894f996f2680e8,2026-05-01,23:40,rebounds,1.5,-136.0,104.0,False,draftkings,2026-05-01T14:24:38.714622
Evan Mobley,,,d1938a9c13602a661e894f996f2680e8,2026-05-01,23:40,rebounds,4.5,-1600.0,,True,draftkings,2026-05-01T14:24:38.714685
Evan Mobley,,,d1938a9c13602a661e894f996f2680e8,2026-05-01,23:40,rebounds,5.5,-690.0,,True,draftkings,2026-05-01T14:24:38.714687
Evan Mobley,,,d1938a9c13602a661e894f996f2680e8,2026-05-01,23:40,rebounds,6.5,-366.0,,True,draftkings,2026-05-01T14:24:38.714691
Evan Mobley,,,d1938a9c13602a661e894f996f2680e8,2026-05-01,23:40,rebounds,7.5,-212.0,,True,draftkings,2026-05-01T14:24:38.714693
Evan Mobley,,,d1938a9c13602a661e894f996f2680e8,2026-05-01,23:40,rebounds,8.5,-130.0,,True,draftkings,2026-05-01T14:24:38.714694
Evan Mobley,,,d1938a9c13602a661e894f996f2680e8,2026-05-01,23:40,rebounds,9.5,121.0,,True,draftkings,2026-05-01T14:24:38.714696
Evan Mobley,,,d1938a9c13602a661e894f996f2680e8,2026-05-01,23:40,rebounds,10.5,185.0,,True,draftkings,2026-05-01T14:24:38.714698
Evan Mobley,,,d1938a9c13602a661e894f996f2680e8,2026-05-01,23:40,rebounds,11.5,285.0,,True,draftkings,2026-05-01T14:24:38.714699
Evan Mobley,,,d1938a9c13602a661e894f996f2680e8,2026-05-01,23:40,rebounds,12.5,425.0,,True,draftkings,2026-05-01T14:24:38.714701
Evan Mobley,,,d1938a9c13602a661e894f996f2680e8,2026-05-01,23:40,rebounds,13.5,630.0,,True,draftkings,2026-05-01T14:24:38.714703
Evan Mobley,,,d1938a9c13602a661e894f996f2680e8,2026-05-01,23:40,rebounds,14.5,940.0,,True,draftkings,2026-05-01T14:24:38.714705
Evan Mobley,,,d1938a9c13602a661e894f996f2680e8,2026-05-01,23:40,rebounds,15.5,1360.0,,True,draftkings,2026-05-01T14:24:38.714706
Evan Mobley,,,d1938a9c13602a661e894f996f2680e8,2026-05-01,23:40,rebounds,16.5,1880.0,,True,draftkings,2026-05-01T14:24:38.714708
Evan Mobley,,,d1938a9c13602a661e894f996f2680e8,2026-05-01,23:40,rebounds,17.5,2500.0,,True,draftkings,2026-05-01T14:24:38.714709
Jarrett Allen,,,d1938a9c13602a661e894f996f2680e8,2026-05-01,23:40,rebounds,3.5,-3800.0,,True,draftkings,2026-05-01T14:24:38.714711
Jarrett Allen,,,d1938a9c13602a661e894f996f2680e8,2026-05-01,23:40,rebounds,4.5,-1120.0,,True,draftkings,2026-05-01T14:24:38.714715
Jarrett Allen,,,d1938a9c13602a661e894f996f2680e8,2026-05-01,23:40,rebounds,5.5,-484.0,,True,draftkings,2026-05-01T14:24:38.714717
Jarrett Allen,,,d1938a9c13602a661e894f996f2680e8,2026-05-01,23:40,rebounds,6.5,-248.0,,True,draftkings,2026-05-01T14:24:38.714718
Jarrett Allen,,,d1938a9c13602a661e894f996f2680e8,2026-05-01,23:40,rebounds,7.5,-137.0,,True,draftkings,2026-05-01T14:24:38.714722
Jarrett Allen,,,d1938a9c13602a661e894f996f2680e8,2026-05-01,23:40,rebounds,8.5,124.0,,True,draftkings,2026-05-01T14:24:38.714724
Jarrett Allen,,,d1938a9c13602a661e894f996f2680e8,2026-05-01,23:40,rebounds,9.5,206.0,,True,draftkings,2026-05-01T14:24:38.714726
Jarrett Allen,,,d1938a9c13602a661e894f996f2680e8,2026-05-01,23:40,rebounds,10.5,341.0,,True,draftkings,2026-05-01T14:24:38.714727
Jarrett Allen,,,d1938a9c13602a661e894f996f2680e8,2026-05-01,23:40,rebounds,11.5,557.0,,True,draftkings,2026-05-01T14:24:38.714729
Jarrett Allen,,,d1938a9c13602a661e894f996f2680e8,2026-05-01,23:40,rebounds,12.5,900.0,,True,draftkings,2026-05-01T14:24:38.714731
Jarrett Allen,,,d1938a9c13602a661e894f996f2680e8,2026-05-01,23:40,rebounds,13.5,1440.0,,True,draftkings,2026-05-01T14:24:38.714732
Jarrett Allen,,,d1938a9c13602a661e894f996f2680e8,2026-05-01,23:40,rebounds,14.5,2100.0,,True,draftkings,2026-05-01T14:24:38.714734
Jarrett Allen,,,d1938a9c13602a661e894f996f2680e8,2026-05-01,23:40,rebounds,15.5,2900.0,,True,draftkings,2026-05-01T14:24:38.714735
Scottie Barnes,,,d1938a9c13602a661e894f996f2680e8,2026-05-01,23:40,rebounds,3.5,-1880.0,,True,draftkings,2026-05-01T14:24:38.714737
Scottie Barnes,,,d1938a9c13602a661e894f996f2680e8,2026-05-01,23:40,rebounds,4.5,-710.0,,True,draftkings,2026-05-01T14:24:38.714739
Scottie Barnes,,,d1938a9c13602a661e894f996f2680e8,2026-05-01,23:40,rebounds,5.5,-350.0,,True,draftkings,2026-05-01T14:24:38.714740
Scottie Barnes,,,d1938a9c13602a661e894f996f2680e8,2026-05-01,23:40,rebounds,6.5,-190.0,,True,draftkings,2026-05-01T14:24:38.714742
Scottie Barnes,,,d1938a9c13602a661e894f996f2680e8,2026-05-01,23:40,rebounds,7.5,-110.0,,True,draftkings,2026-05-01T14:24:38.714744
Scottie Barnes,,,d1938a9c13602a661e894f996f2680e8,2026-05-01,23:40,rebounds,8.5,153.0,,True,draftkings,2026-05-01T14:24:38.714745
Scottie Barnes,,,d1938a9c13602a661e894f996f2680e8,2026-05-01,23:40,rebounds,9.5,251.0,,True,draftkings,2026-05-01T14:24:38.714747
Scottie Barnes,,,d1938a9c13602a661e894f996f2680e8,2026-05-01,23:40,rebounds,10.5,399.0,,True,draftkings,2026-05-01T14:24:38.714749
Scottie Barnes,,,d1938a9c13602a661e894f996f2680e8,2026-05-01,23:40,rebounds,11.5,630.0,,True,draftkings,2026-05-01T14:24:38.714750
Scottie Barnes,,,d1938a9c13602a661e894f996f2680e8,2026-05-01,23:40,rebounds,12.5,1000.0,,True,draftkings,2026-05-01T14:24:38.714752
Scottie Barnes,,,d1938a9c13602a661e894f996f2680e8,2026-05-01,23:40,rebounds,13.5,1540.0,,True,draftkings,2026-05-01T14:24:38.714754
Scottie Barnes,,,d1938a9c13602a661e894f996f2680e8,2026-05-01,23:40,rebounds,14.5,2200.0,,True,draftkings,2026-05-01T14:24:38.714755
Collin Murray-Boyles,,,d1938a9c13602a661e894f996f2680e8,2026-05-01,23:40,rebounds,2.5,-3200.0,,True,draftkings,2026-05-01T14:24:38.714757
Collin Murray-Boyles,,,d1938a9c13602a661e894f996f2680e8,2026-05-01,23:40,rebounds,3.5,-910.0,,True,draftkings,2026-05-01T14:24:38.714758
Collin Murray-Boyles,,,d1938a9c13602a661e894f996f2680e8,2026-05-01,23:40,rebounds,4.5,-393.0,,True,draftkings,2026-05-01T14:24:38.714760
Collin Murray-Boyles,,,d1938a9c13602a661e894f996f2680e8,2026-05-01,23:40,rebounds,5.5,-196.0,,True,draftkings,2026-05-01T14:24:38.714762
Collin Murray-Boyles,,,d1938a9c13602a661e894f996f2680e8,2026-05-01,23:40,rebounds,6.5,-110.0,,True,draftkings,2026-05-01T14:24:38.714763
Collin Murray-Boyles,,,d1938a9c13602a661e894f996f2680e8,2026-05-01,23:40,rebounds,7.5,159.0,,True,draftkings,2026-05-01T14:24:38.714765
Collin Murray-Boyles,,,d1938a9c13602a661e894f996f2680e8,2026-05-01,23:40,rebounds,8.5,262.0,,True,draftkings,2026-05-01T14:24:38.714767
Collin Murray-Boyles,,,d1938a9c13602a661e894f996f2680e8,2026-05-01,23:40,rebounds,9.5,426.0,,True,draftkings,2026-05-01T14:24:38.714769
Collin Murray-Boyles,,,d1938a9c13602a661e894f996f2680e8,2026-05-01,23:40,rebounds,10.5,670.0,,True,draftkings,2026-05-01T14:24:38.714770
Collin Murray-Boyles,,,d1938a9c13602a661e894f996f2680e8,2026-05-01,23:40,rebounds,11.5,1060.0,,True,draftkings,2026-05-01T14:24:38.714772
Collin Murray-Boyles,,,d1938a9c13602a661e894f996f2680e8,2026-05-01,23:40,rebounds,12.5,1620.0,,True,draftkings,2026-05-01T14:24:38.714774
Collin Murray-Boyles,,,d1938a9c13602a661e894f996f2680e8,2026-05-01,23:40,rebounds,13.5,2300.0,,True,draftkings,2026-05-01T14:24:38.714778
R.J. Barrett,,,d1938a9c13602a661e894f996f2680e8,2026-05-01,23:40,rebounds,2.5,-2000.0,,True,draftkings,2026-05-01T14:24:38.714780
R.J. Barrett,,,d1938a9c13602a661e894f996f2680e8,2026-05-01,23:40,rebounds,3.5,-630.0,,True,draftkings,2026-05-01T14:24:38.714781
R.J. Barrett,,,d1938a9c13602a661e894f996f2680e8,2026-05-01,23:40,rebounds,4.5,-285.0,,True,draftkings,2026-05-01T14:24:38.714783
R.J. Barrett,,,d1938a9c13602a661e894f996f2680e8,2026-05-01,23:40,rebounds,5.5,-146.0,,True,draftkings,2026-05-01T14:24:38.714785
R.J. Barrett,,,d1938a9c13602a661e894f996f2680e8,2026-05-01,23:40,rebounds,6.5,126.0,,True,draftkings,2026-05-01T14:24:38.714786
R.J. Barrett,,,d1938a9c13602a661e894f996f2680e8,2026-05-01,23:40,rebounds,7.5,223.0,,True,draftkings,2026-05-01T14:24:38.714788
R.J. Barrett,,,d1938a9c13602a661e894f996f2680e8,2026-05-01,23:40,rebounds,8.5,394.0,,True,draftkings,2026-05-01T14:24:38.714790
R.J. Barrett,,,d1938a9c13602a661e894f996f2680e8,2026-05-01,23:40,rebounds,9.5,670.0,,True,draftkings,2026-05-01T14:24:38.714791
R.J. Barrett,,,d1938a9c13602a661e894f996f2680e8,2026-05-01,23:40,rebounds,10.5,1140.0,,True,draftkings,2026-05-01T14:24:38.714793
R.J. Barrett,,,d1938a9c13602a661e894f996f2680e8,2026-05-01,23:40,rebounds,11.5,1800.0,,True,draftkings,2026-05-01T14:24:38.714795
R.J. Barrett,,,d1938a9c13602a661e894f996f2680e8,2026-05-01,23:40,rebounds,12.5,2600.0,,True,draftkings,2026-05-01T14:24:38.714797
Jakob Poeltl,,,d1938a9c13602a661e894f996f2680e8,2026-05-01,23:40,rebounds,2.5,-1160.0,,True,draftkings,2026-05-01T14:24:38.714798
Jakob Poeltl,,,d1938a9c13602a661e894f996f2680e8,2026-05-01,23:40,rebounds,3.5,-413.0,,True,draftkings,2026-05-01T14:24:38.714800
Jakob Poeltl,,,d1938a9c13602a661e894f996f2680e8,2026-05-01,23:40,rebounds,4.5,-197.0,,True,draftkings,2026-05-01T14:24:38.714801
Jakob Poeltl,,,d1938a9c13602a661e894f996f2680e8,2026-05-01,23:40,rebounds,5.5,-101.0,,True,draftkings,2026-05-01T14:24:38.714803
Jakob Poeltl,,,d1938a9c13602a661e894f996f2680e8,2026-05-01,23:40,rebounds,6.5,182.0,,True,draftkings,2026-05-01T14:24:38.714809
Jakob Poeltl,,,d1938a9c13602a661e894f996f2680e8,2026-05-01,23:40,rebounds,7.5,329.0,,True,draftkings,2026-05-01T14:24:38.714811
Jakob Poeltl,,,d1938a9c13602a661e894f996f2680e8,2026-05-01,23:40,rebounds,8.5,579.0,,True,draftkings,2026-05-01T14:24:38.714812
Jakob Poeltl,,,d1938a9c13602a661e894f996f2680e8,2026-05-01,23:40,rebounds,9.5,980.0,,True,draftkings,2026-05-01T14:24:38.714814
Jakob Poeltl,,,d1938a9c13602a661e894f996f2680e8,2026-05-01,23:40,rebounds,10.5,1560.0,,True,draftkings,2026-05-01T14:24:38.714816
Jakob Poeltl,,,d1938a9c13602a661e894f996f2680e8,2026-05-01,23:40,rebounds,11.5,2300.0,,True,draftkings,2026-05-01T14:24:38.714817
James Harden,,,d1938a9c13602a661e894f996f2680e8,2026-05-01,23:40,rebounds,2.5,-670.0,,True,draftkings,2026-05-01T14:24:38.714819
James Harden,,,d1938a9c13602a661e894f996f2680e8,2026-05-01,23:40,rebounds,3.5,-254.0,,True,draftkings,2026-05-01T14:24:38.714821
James Harden,,,d1938a9c13602a661e894f996f2680e8,2026-05-01,23:40,rebounds,4.5,-118.0,,True,draftkings,2026-05-01T14:24:38.714822
James Harden,,,d1938a9c13602a661e894f996f2680e8,2026-05-01,23:40,rebounds,5.5,164.0,,True,draftkings,2026-05-01T14:24:38.714824
James Harden,,,d1938a9c13602a661e894f996f2680e8,2026-05-01,23:40,rebounds,6.5,308.0,,True,draftkings,2026-05-01T14:24:38.714826
James Harden,,,d1938a9c13602a661e894f996f2680e8,2026-05-01,23:40,rebounds,7.5,573.0,,True,draftkings,2026-05-01T14:24:38.714827
James Harden,,,d1938a9c13602a661e894f996f2680e8,2026-05-01,23:40,rebounds,8.5,1020.0,,True,draftkings,2026-05-01T14:24:38.714829
James Harden,,,d1938a9c13602a661e894f996f2680e8,2026-05-01,23:40,rebounds,9.5,1720.0,,True,draftkings,2026-05-01T14:24:38.714831
James Harden,,,d1938a9c13602a661e894f996f2680e8,2026-05-01,23:40,rebounds,10.5,2700.0,,True,draftkings,2026-05-01T14:24:38.714832
Brandon Ingram,,,d1938a9c13602a661e894f996f2680e8,2026-05-01,23:40,rebounds,2.5,-555.0,,True,draftkings,2026-05-01T14:24:38.714834
Brandon Ingram,,,d1938a9c13602a661e894f996f2680e8,2026-05-01,23:40,rebounds,3.5,-221.0,,True,draftkings,2026-05-01T14:24:38.714838
Brandon Ingram,,,d1938a9c13602a661e894f996f2680e8,2026-05-01,23:40,rebounds,4.5,-102.0,,True,draftkings,2026-05-01T14:24:38.714840
Brandon Ingram,,,d1938a9c13602a661e894f996f2680e8,2026-05-01,23:40,rebounds,5.5,200.0,,True,draftkings,2026-05-01T14:24:38.714842
Brandon Ingram,,,d1938a9c13602a661e894f996f2680e8,2026-05-01,23:40,rebounds,6.5,393.0,,True,draftkings,2026-05-01T14:24:38.714843
Brandon Ingram,,,d1938a9c13602a661e894f996f2680e8,2026-05-01,23:40,rebounds,7.5,720.0,,True,draftkings,2026-05-01T14:24:38.714845
Brandon Ingram,,,d1938a9c13602a661e894f996f2680e8,2026-05-01,23:40,rebounds,8.5,1320.0,,True,draftkings,2026-05-01T14:24:38.714847
Brandon Ingram,,,d1938a9c13602a661e894f996f2680e8,2026-05-01,23:40,rebounds,9.5,2100.0,,True,draftkings,2026-05-01T14:24:38.714848
Donovan Mitchell,,,d1938a9c13602a661e894f996f2680e8,2026-05-01,23:40,rebounds,2.5,-469.0,,True,draftkings,2026-05-01T14:24:38.714850
Donovan Mitchell,,,d1938a9c13602a661e894f996f2680e8,2026-05-01,23:40,rebounds,3.5,-185.0,,True,draftkings,2026-05-01T14:24:38.714852
Donovan Mitchell,,,d1938a9c13602a661e894f996f2680e8,2026-05-01,23:40,rebounds,4.5,116.0,,True,draftkings,2026-05-01T14:24:38.714853
Donovan Mitchell,,,d1938a9c13602a661e894f996f2680e8,2026-05-01,23:40,rebounds,5.5,230.0,,True,draftkings,2026-05-01T14:24:38.714855
Donovan Mitchell,,,d1938a9c13602a661e894f996f2680e8,2026-05-01,23:40,rebounds,6.5,443.0,,True,draftkings,2026-05-01T14:24:38.714857
Donovan Mitchell,,,d1938a9c13602a661e894f996f2680e8,2026-05-01,23:40,rebounds,7.5,830.0,,True,draftkings,2026-05-01T14:24:38.714858
Donovan Mitchell,,,d1938a9c13602a661e894f996f2680e8,2026-05-01,23:40,rebounds,8.5,1460.0,,True,draftkings,2026-05-01T14:24:38.714860
Donovan Mitchell,,,d1938a9c13602a661e894f996f2680e8,2026-05-01,23:40,rebounds,9.5,2500.0,,True,draftkings,2026-05-01T14:24:38.714862
Max Strus,,,d1938a9c13602a661e894f996f2680e8,2026-05-01,23:40,rebounds,2.5,-402.0,,True,draftkings,2026-05-01T14:24:38.714863
Max Strus,,,d1938a9c13602a661e894f996f2680e8,2026-05-01,23:40,rebounds,3.5,-158.0,,True,draftkings,2026-05-01T14:24:38.714865
Max Strus,,,d1938a9c13602a661e894f996f2680e8,2026-05-01,23:40,rebounds,4.5,135.0,,True,draftkings,2026-05-01T14:24:38.714867
Max Strus,,,d1938a9c13602a661e894f996f2680e8,2026-05-01,23:40,rebounds,5.5,279.0,,True,draftkings,2026-05-01T14:24:38.714868
Max Strus,,,d1938a9c13602a661e894f996f2680e8,2026-05-01,23:40,rebounds,6.5,530.0,,True,draftkings,2026-05-01T14:24:38.714870
Max Strus,,,d1938a9c13602a661e894f996f2680e8,2026-05-01,23:40,rebounds,7.5,980.0,,True,draftkings,2026-05-01T14:24:38.714872
Max Strus,,,d1938a9c13602a661e894f996f2680e8,2026-05-01,23:40,rebounds,8.5,1780.0,,True,draftkings,2026-05-01T14:24:38.714873
Max Strus,,,d1938a9c13602a661e894f996f2680e8,2026-05-01,23:40,rebounds,9.5,2800.0,,True,draftkings,2026-05-01T14:24:38.714875
Dean Wade,,,d1938a9c13602a661e894f996f2680e8,2026-05-01,23:40,rebounds,2.5,-256.0,,True,draftkings,2026-05-01T14:24:38.714877
Dean Wade,,,d1938a9c13602a661e894f996f2680e8,2026-05-01,23:40,rebounds,3.5,-110.0,,True,draftkings,2026-05-01T14:24:38.714879
Dean Wade,,,d1938a9c13602a661e894f996f2680e8,2026-05-01,23:40,rebounds,4.5,189.0,,True,draftkings,2026-05-01T14:24:38.714880
Dean Wade,,,d1938a9c13602a661e894f996f2680e8,2026-05-01,23:40,rebounds,5.5,374.0,,True,draftkings,2026-05-01T14:24:38.714882
Dean Wade,,,d1938a9c13602a661e894f996f2680e8,2026-05-01,23:40,rebounds,6.5,700.0,,True,draftkings,2026-05-01T14:24:38.714883
Dean Wade,,,d1938a9c13602a661e894f996f2680e8,2026-05-01,23:40,rebounds,7.5,1260.0,,True,draftkings,2026-05-01T14:24:38.714885
Dean Wade,,,d1938a9c13602a661e894f996f2680e8,2026-05-01,23:40,rebounds,8.5,2100.0,,True,draftkings,2026-05-01T14:24:38.714887
Ja'Kobe Walter,,,d1938a9c13602a661e894f996f2680e8,2026-05-01,23:40,rebounds,2.5,-197.0,,True,draftkings,2026-05-01T14:24:38.714888
Ja'Kobe Walter,,,d1938a9c13602a661e894f996f2680e8,2026-05-01,23:40,rebounds,3.5,117.0,,True,draftkings,2026-05-01T14:24:38.714892
Ja'Kobe Walter,,,d1938a9c13602a661e894f996f2680e8,2026-05-01,23:40,rebounds,4.5,249.0,,True,draftkings,2026-05-01T14:24:38.714894
Ja'Kobe Walter,,,d1938a9c13602a661e894f996f2680e8,2026-05-01,23:40,rebounds,5.5,494.0,,True,draftkings,2026-05-01T14:24:38.714896
Ja'Kobe Walter,,,d1938a9c13602a661e894f996f2680e8,2026-05-01,23:40,rebounds,6.5,960.0,,True,draftkings,2026-05-01T14:24:38.714897
Ja'Kobe Walter,,,d1938a9c13602a661e894f996f2680e8,2026-05-01,23:40,rebounds,7.5,1700.0,,True,draftkings,2026-05-01T14:24:38.714899
Ja'Kobe Walter,,,d1938a9c13602a661e894f996f2680e8,2026-05-01,23:40,rebounds,8.5,2700.0,,True,draftkings,2026-05-01T14:24:38.714903
Sam Merrill,,,d1938a9c13602a661e894f996f2680e8,2026-05-01,23:40,rebounds,1.5,-184.0,,True,draftkings,2026-05-01T14:24:38.714905
Sam Merrill,,,d1938a9c13602a661e894f996f2680e8,2026-05-01,23:40,rebounds,2.5,160.0,,True,draftkings,2026-05-01T14:24:38.714906
Sam Merrill,,,d1938a9c13602a661e894f996f2680e8,2026-05-01,23:40,rebounds,3.5,396.0,,True,draftkings,2026-05-01T14:24:38.714908
Sam Merrill,,,d1938a9c13602a661e894f996f2680e8,2026-05-01,23:40,rebounds,4.5,900.0,,True,draftkings,2026-05-01T14:24:38.714910
Sam Merrill,,,d1938a9c13602a661e894f996f2680e8,2026-05-01,23:40,rebounds,5.5,1820.0,,True,draftkings,2026-05-01T14:24:38.714911
Jamal Shead,,,d1938a9c13602a661e894f996f2680e8,2026-05-01,23:40,rebounds,1.5,-135.0,,True,draftkings,2026-05-01T14:24:38.714913
Jamal Shead,,,d1938a9c13602a661e894f996f2680e8,2026-05-01,23:40,rebounds,2.5,217.0,,True,draftkings,2026-05-01T14:24:38.714915
Jamal Shead,,,d1938a9c13602a661e894f996f2680e8,2026-05-01,23:40,rebounds,3.5,555.0,,True,draftkings,2026-05-01T14:24:38.714916
Jamal Shead,,,d1938a9c13602a661e894f996f2680e8,2026-05-01,23:40,rebounds,4.5,1260.0,,True,draftkings,2026-05-01T14:24:38.714918
Jamal Shead,,,d1938a9c13602a661e894f996f2680e8,2026-05-01,23:40,rebounds,5.5,2500.0,,True,draftkings,2026-05-01T14:24:38.714920
Dennis Schroder,,,d1938a9c13602a661e894f996f2680e8,2026-05-01,23:40,rebounds,1.5,105.0,,True,draftkings,2026-05-01T14:24:38.714924
Dennis Schroder,,,d1938a9c13602a661e894f996f2680e8,2026-05-01,23:40,rebounds,2.5,320.0,,True,draftkings,2026-05-01T14:24:38.714925
Dennis Schroder,,,d1938a9c13602a661e894f996f2680e8,2026-05-01,23:40,rebounds,3.5,850.0,,True,draftkings,2026-05-01T14:24:38.714927
Dennis Schroder,,,d1938a9c13602a661e894f996f2680e8,2026-05-01,23:40,rebounds,4.5,1960.0,,True,draftkings,2026-05-01T14:24:38.714929
James Harden,,,d1938a9c13602a661e894f996f2680e8,2026-05-01,23:40,threes,2.5,-145.0,110.0,False,draftkings,2026-05-01T14:24:38.714947
Donovan Mitchell,,,d1938a9c13602a661e894f996f2680e8,2026-05-01,23:40,threes,2.5,-143.0,109.0,False,draftkings,2026-05-01T14:24:38.714949
Max Strus,,,d1938a9c13602a661e894f996f2680e8,2026-05-01,23:40,threes,2.5,115.0,-152.0,False,draftkings,2026-05-01T14:24:38.714950
Ja'Kobe Walter,,,d1938a9c13602a661e894f996f2680e8,2026-05-01,23:40,threes,1.5,-182.0,137.0,False,draftkings,2026-05-01T14:24:38.714952
R.J. Barrett,,,d1938a9c13602a661e894f996f2680e8,2026-05-01,23:40,threes,1.5,-167.0,126.0,False,draftkings,2026-05-01T14:24:38.714954
Sam Merrill,,,d1938a9c13602a661e894f996f2680e8,2026-05-01,23:40,threes,1.5,-117.0,-113.0,False,draftkings,2026-05-01T14:24:38.714955
Brandon Ingram,,,d1938a9c13602a661e894f996f2680e8,2026-05-01,23:40,threes,1.5,142.0,-189.0,False,draftkings,2026-05-01T14:24:38.714957
Jamal Shead,,,d1938a9c13602a661e894f996f2680e8,2026-05-01,23:40,threes,1.5,177.0,-237.0,False,draftkings,2026-05-01T14:24:38.714959
Dean Wade,,,d1938a9c13602a661e894f996f2680e8,2026-05-01,23:40,threes,0.5,-222.0,166.0,False,draftkings,2026-05-01T14:24:38.714960
Scottie Barnes,,,d1938a9c13602a661e894f996f2680e8,2026-05-01,23:40,threes,0.5,-217.0,162.0,False,draftkings,2026-05-01T14:24:38.714962
Sandro Mamukelashvili,,,d1938a9c13602a661e894f996f2680e8,2026-05-01,23:40,threes,0.5,-203.0,153.0,False,draftkings,2026-05-01T14:24:38.714964
Evan Mobley,,,d1938a9c13602a661e894f996f2680e8,2026-05-01,23:40,threes,0.5,-159.0,121.0,False,draftkings,2026-05-01T14:24:38.714966
James Harden,,,d1938a9c13602a661e894f996f2680e8,2026-05-01,23:40,threes,0.5,-2700.0,,True,draftkings,2026-05-01T14:24:38.715001
James Harden,,,d1938a9c13602a661e894f996f2680e8,2026-05-01,23:40,threes,1.5,-422.0,,True,draftkings,2026-05-01T14:24:38.715003
James Harden,,,d1938a9c13602a661e894f996f2680e8,2026-05-01,23:40,threes,2.5,-143.0,,True,draftkings,2026-05-01T14:24:38.715005
James Harden,,,d1938a9c13602a661e894f996f2680e8,2026-05-01,23:40,threes,3.5,173.0,,True,draftkings,2026-05-01T14:24:38.715006
James Harden,,,d1938a9c13602a661e894f996f2680e8,2026-05-01,23:40,threes,4.5,372.0,,True,draftkings,2026-05-01T14:24:38.715008
James Harden,,,d1938a9c13602a661e894f996f2680e8,2026-05-01,23:40,threes,5.5,820.0,,True,draftkings,2026-05-01T14:24:38.715010
James Harden,,,d1938a9c13602a661e894f996f2680e8,2026-05-01,23:40,threes,6.5,1580.0,,True,draftkings,2026-05-01T14:24:38.715011
James Harden,,,d1938a9c13602a661e894f996f2680e8,2026-05-01,23:40,threes,7.5,2600.0,,True,draftkings,2026-05-01T14:24:38.715013
Donovan Mitchell,,,d1938a9c13602a661e894f996f2680e8,2026-05-01,23:40,threes,0.5,-2900.0,,True,draftkings,2026-05-01T14:24:38.715015
Donovan Mitchell,,,d1938a9c13602a661e894f996f2680e8,2026-05-01,23:40,threes,1.5,-439.0,,True,draftkings,2026-05-01T14:24:38.715016
Donovan Mitchell,,,d1938a9c13602a661e894f996f2680e8,2026-05-01,23:40,threes,2.5,-147.0,,True,draftkings,2026-05-01T14:24:38.715018
Donovan Mitchell,,,d1938a9c13602a661e894f996f2680e8,2026-05-01,23:40,threes,3.5,164.0,,True,draftkings,2026-05-01T14:24:38.715020
Donovan Mitchell,,,d1938a9c13602a661e894f996f2680e8,2026-05-01,23:40,threes,4.5,365.0,,True,draftkings,2026-05-01T14:24:38.715021
Donovan Mitchell,,,d1938a9c13602a661e894f996f2680e8,2026-05-01,23:40,threes,5.5,790.0,,True,draftkings,2026-05-01T14:24:38.715023
Donovan Mitchell,,,d1938a9c13602a661e894f996f2680e8,2026-05-01,23:40,threes,6.5,1500.0,,True,draftkings,2026-05-01T14:24:38.715025
Donovan Mitchell,,,d1938a9c13602a661e894f996f2680e8,2026-05-01,23:40,threes,7.5,2700.0,,True,draftkings,2026-05-01T14:24:38.715027
Max Strus,,,d1938a9c13602a661e894f996f2680e8,2026-05-01,23:40,threes,0.5,-1380.0,,True,draftkings,2026-05-01T14:24:38.715028
Max Strus,,,d1938a9c13602a661e894f996f2680e8,2026-05-01,23:40,threes,1.5,-256.0,,True,draftkings,2026-05-01T14:24:38.715030
Max Strus,,,d1938a9c13602a661e894f996f2680e8,2026-05-01,23:40,threes,2.5,112.0,,True,draftkings,2026-05-01T14:24:38.715032
Max Strus,,,d1938a9c13602a661e894f996f2680e8,2026-05-01,23:40,threes,3.5,284.0,,True,draftkings,2026-05-01T14:24:38.715033
Max Strus,,,d1938a9c13602a661e894f996f2680e8,2026-05-01,23:40,threes,4.5,670.0,,True,draftkings,2026-05-01T14:24:38.715035
Max Strus,,,d1938a9c13602a661e894f996f2680e8,2026-05-01,23:40,threes,5.5,1400.0,,True,draftkings,2026-05-01T14:24:38.715037
Max Strus,,,d1938a9c13602a661e894f996f2680e8,2026-05-01,23:40,threes,6.5,2500.0,,True,draftkings,2026-05-01T14:24:38.715038
Ja'Kobe Walter,,,d1938a9c13602a661e894f996f2680e8,2026-05-01,23:40,threes,0.5,-870.0,,True,draftkings,2026-05-01T14:24:38.715042
Ja'Kobe Walter,,,d1938a9c13602a661e894f996f2680e8,2026-05-01,23:40,threes,1.5,-186.0,,True,draftkings,2026-05-01T14:24:38.715044
Ja'Kobe Walter,,,d1938a9c13602a661e894f996f2680e8,2026-05-01,23:40,threes,2.5,155.0,,True,draftkings,2026-05-01T14:24:38.715046
Ja'Kobe Walter,,,d1938a9c13602a661e894f996f2680e8,2026-05-01,23:40,threes,3.5,385.0,,True,draftkings,2026-05-01T14:24:38.715048
Ja'Kobe Walter,,,d1938a9c13602a661e894f996f2680e8,2026-05-01,23:40,threes,4.5,860.0,,True,draftkings,2026-05-01T14:24:38.715049
Ja'Kobe Walter,,,d1938a9c13602a661e894f996f2680e8,2026-05-01,23:40,threes,5.5,1780.0,,True,draftkings,2026-05-01T14:24:38.715051
Ja'Kobe Walter,,,d1938a9c13602a661e894f996f2680e8,2026-05-01,23:40,threes,6.5,2900.0,,True,draftkings,2026-05-01T14:24:38.715053
R.J. Barrett,,,d1938a9c13602a661e894f996f2680e8,2026-05-01,23:40,threes,0.5,-750.0,,True,draftkings,2026-05-01T14:24:38.715054
R.J. Barrett,,,d1938a9c13602a661e894f996f2680e8,2026-05-01,23:40,threes,1.5,-168.0,,True,draftkings,2026-05-01T14:24:38.715056
R.J. Barrett,,,d1938a9c13602a661e894f996f2680e8,2026-05-01,23:40,threes,2.5,172.0,,True,draftkings,2026-05-01T14:24:38.715058
R.J. Barrett,,,d1938a9c13602a661e894f996f2680e8,2026-05-01,23:40,threes,3.5,431.0,,True,draftkings,2026-05-01T14:24:38.715059
R.J. Barrett,,,d1938a9c13602a661e894f996f2680e8,2026-05-01,23:40,threes,4.5,1020.0,,True,draftkings,2026-05-01T14:24:38.715061
R.J. Barrett,,,d1938a9c13602a661e894f996f2680e8,2026-05-01,23:40,threes,5.5,2100.0,,True,draftkings,2026-05-01T14:24:38.715063
Sam Merrill,,,d1938a9c13602a661e894f996f2680e8,2026-05-01,23:40,threes,0.5,-539.0,,True,draftkings,2026-05-01T14:24:38.715064
Sam Merrill,,,d1938a9c13602a661e894f996f2680e8,2026-05-01,23:40,threes,1.5,-120.0,,True,draftkings,2026-05-01T14:24:38.715066
Sam Merrill,,,d1938a9c13602a661e894f996f2680e8,2026-05-01,23:40,threes,2.5,248.0,,True,draftkings,2026-05-01T14:24:38.715068
Sam Merrill,,,d1938a9c13602a661e894f996f2680e8,2026-05-01,23:40,threes,3.5,630.0,,True,draftkings,2026-05-01T14:24:38.715070
Sam Merrill,,,d1938a9c13602a661e894f996f2680e8,2026-05-01,23:40,threes,4.5,1420.0,,True,draftkings,2026-05-01T14:24:38.715071
Sam Merrill,,,d1938a9c13602a661e894f996f2680e8,2026-05-01,23:40,threes,5.5,2500.0,,True,draftkings,2026-05-01T14:24:38.715073
Brandon Ingram,,,d1938a9c13602a661e894f996f2680e8,2026-05-01,23:40,threes,0.5,-316.0,,True,draftkings,2026-05-01T14:24:38.715075
Brandon Ingram,,,d1938a9c13602a661e894f996f2680e8,2026-05-01,23:40,threes,1.5,142.0,,True,draftkings,2026-05-01T14:24:38.715076
Brandon Ingram,,,d1938a9c13602a661e894f996f2680e8,2026-05-01,23:40,threes,2.5,459.0,,True,draftkings,2026-05-01T14:24:38.715078
Brandon Ingram,,,d1938a9c13602a661e894f996f2680e8,2026-05-01,23:40,threes,3.5,1240.0,,True,draftkings,2026-05-01T14:24:38.715080
Brandon Ingram,,,d1938a9c13602a661e894f996f2680e8,2026-05-01,23:40,threes,4.5,2600.0,,True,draftkings,2026-05-01T14:24:38.715081
Jaylon Tyson,,,d1938a9c13602a661e894f996f2680e8,2026-05-01,23:40,threes,0.5,-260.0,,True,draftkings,2026-05-01T14:24:38.715083
Jaylon Tyson,,,d1938a9c13602a661e894f996f2680e8,2026-05-01,23:40,threes,1.5,162.0,,True,draftkings,2026-05-01T14:24:38.715085
Jaylon Tyson,,,d1938a9c13602a661e894f996f2680e8,2026-05-01,23:40,threes,2.5,497.0,,True,draftkings,2026-05-01T14:24:38.715086
Jaylon Tyson,,,d1938a9c13602a661e894f996f2680e8,2026-05-01,23:40,threes,3.5,1280.0,,True,draftkings,2026-05-01T14:24:38.715088
Jaylon Tyson,,,d1938a9c13602a661e894f996f2680e8,2026-05-01,23:40,threes,4.5,2600.0,,True,draftkings,2026-05-01T14:24:38.715161
Sandro Mamukelashvili,,,d1938a9c13602a661e894f996f2680e8,2026-05-01,23:40,threes,0.5,-212.0,,True,draftkings,2026-05-01T14:24:38.715164
Sandro Mamukelashvili,,,d1938a9c13602a661e894f996f2680e8,2026-05-01,23:40,threes,1.5,191.0,,True,draftkings,2026-05-01T14:24:38.715169
Sandro Mamukelashvili,,,d1938a9c13602a661e894f996f2680e8,2026-05-01,23:40,threes,2.5,575.0,,True,draftkings,2026-05-01T14:24:38.715170
Sandro Mamukelashvili,,,d1938a9c13602a661e894f996f2680e8,2026-05-01,23:40,threes,3.5,1460.0,,True,draftkings,2026-05-01T14:24:38.715172
Sandro Mamukelashvili,,,d1938a9c13602a661e894f996f2680e8,2026-05-01,23:40,threes,4.5,2800.0,,True,draftkings,2026-05-01T14:24:38.715174
Jamal Shead,,,d1938a9c13602a661e894f996f2680e8,2026-05-01,23:40,threes,0.5,-248.0,,True,draftkings,2026-05-01T14:24:38.715176
Jamal Shead,,,d1938a9c13602a661e894f996f2680e8,2026-05-01,23:40,threes,1.5,178.0,,True,draftkings,2026-05-01T14:24:38.715177
Jamal Shead,,,d1938a9c13602a661e894f996f2680e8,2026-05-01,23:40,threes,2.5,562.0,,True,draftkings,2026-05-01T14:24:38.715179
Jamal Shead,,,d1938a9c13602a661e894f996f2680e8,2026-05-01,23:40,threes,3.5,1480.0,,True,draftkings,2026-05-01T14:24:38.715181
Jamal Shead,,,d1938a9c13602a661e894f996f2680e8,2026-05-01,23:40,threes,4.5,2900.0,,True,draftkings,2026-05-01T14:24:38.715182
Dean Wade,,,d1938a9c13602a661e894f996f2680e8,2026-05-01,23:40,threes,0.5,-225.0,,True,draftkings,2026-05-01T14:24:38.715184
Dean Wade,,,d1938a9c13602a661e894f996f2680e8,2026-05-01,23:40,threes,1.5,188.0,,True,draftkings,2026-05-01T14:24:38.715186
Dean Wade,,,d1938a9c13602a661e894f996f2680e8,2026-05-01,23:40,threes,2.5,610.0,,True,draftkings,2026-05-01T14:24:38.715187
Dean Wade,,,d1938a9c13602a661e894f996f2680e8,2026-05-01,23:40,threes,3.5,1660.0,,True,draftkings,2026-05-01T14:24:38.715189
Scottie Barnes,,,d1938a9c13602a661e894f996f2680e8,2026-05-01,23:40,threes,0.5,-222.0,,True,draftkings,2026-05-01T14:24:38.715191
Scottie Barnes,,,d1938a9c13602a661e894f996f2680e8,2026-05-01,23:40,threes,1.5,199.0,,True,draftkings,2026-05-01T14:24:38.715192
Scottie Barnes,,,d1938a9c13602a661e894f996f2680e8,2026-05-01,23:40,threes,2.5,640.0,,True,draftkings,2026-05-01T14:24:38.715194
Scottie Barnes,,,d1938a9c13602a661e894f996f2680e8,2026-05-01,23:40,threes,3.5,1780.0,,True,draftkings,2026-05-01T14:24:38.715196
Evan Mobley,,,d1938a9c13602a661e894f996f2680e8,2026-05-01,23:40,threes,0.5,-160.0,,True,draftkings,2026-05-01T14:24:38.715198
Evan Mobley,,,d1938a9c13602a661e894f996f2680e8,2026-05-01,23:40,threes,1.5,296.0,,True,draftkings,2026-05-01T14:24:38.715199
Evan Mobley,,,d1938a9c13602a661e894f996f2680e8,2026-05-01,23:40,threes,2.5,1000.0,,True,draftkings,2026-05-01T14:24:38.715201
Evan Mobley,,,d1938a9c13602a661e894f996f2680e8,2026-05-01,23:40,threes,3.5,2400.0,,True,draftkings,2026-05-01T14:24:38.715203
Dennis Schroder,,,d1938a9c13602a661e894f996f2680e8,2026-05-01,23:40,threes,0.5,-162.0,,True,draftkings,2026-05-01T14:24:38.715207
Dennis Schroder,,,d1938a9c13602a661e894f996f2680e8,2026-05-01,23:40,threes,1.5,278.0,,True,draftkings,2026-05-01T14:24:38.715209
Dennis Schroder,,,d1938a9c13602a661e894f996f2680e8,2026-05-01,23:40,threes,2.5,990.0,,True,draftkings,2026-05-01T14:24:38.715210
Dennis Schroder,,,d1938a9c13602a661e894f996f2680e8,2026-05-01,23:40,threes,3.5,2500.0,,True,draftkings,2026-05-01T14:24:38.715212
LeBron James,,,c361a0b8c035a055bd9497b52674e3fb,2026-05-02,01:40,assists,7.5,-142.0,108.0,False,draftkings,2026-05-01T14:24:38.807589
Alperen Sengun,,,c361a0b8c035a055bd9497b52674e3fb,2026-05-02,01:40,assists,5.5,-147.0,112.0,False,draftkings,2026-05-01T14:24:38.807603
Austin Reaves,,,c361a0b8c035a055bd9497b52674e3fb,2026-05-02,01:40,assists,5.5,-121.0,-109.0,False,draftkings,2026-05-01T14:24:38.807606
Amen Thompson,,,c361a0b8c035a055bd9497b52674e3fb,2026-05-02,01:40,assists,5.5,-116.0,-113.0,False,draftkings,2026-05-01T14:24:38.807608
Reed Sheppard,,,c361a0b8c035a055bd9497b52674e3fb,2026-05-02,01:40,assists,4.5,-104.0,-126.0,False,draftkings,2026-05-01T14:24:38.807609
Marcus Smart,,,c361a0b8c035a055bd9497b52674e3fb,2026-05-02,01:40,assists,2.5,-164.0,124.0,False,draftkings,2026-05-01T14:24:38.807611
Luke Kennard,,,c361a0b8c035a055bd9497b52674e3fb,2026-05-02,01:40,assists,2.5,141.0,-187.0,False,draftkings,2026-05-01T14:24:38.807613
Tari Eason,,,c361a0b8c035a055bd9497b52674e3fb,2026-05-02,01:40,assists,1.5,-130.0,-101.0,False,draftkings,2026-05-01T14:24:38.807614
Jabari Smith Jr,,,c361a0b8c035a055bd9497b52674e3fb,2026-05-02,01:40,assists,1.5,-119.0,-111.0,False,draftkings,2026-05-01T14:24:38.807616
LeBron James,,,c361a0b8c035a055bd9497b52674e3fb,2026-05-02,01:40,assists,3.5,-3100.0,,True,draftkings,2026-05-01T14:24:38.807662
LeBron James,,,c361a0b8c035a055bd9497b52674e3fb,2026-05-02,01:40,assists,4.5,-1020.0,,True,draftkings,2026-05-01T14:24:38.807664
LeBron James,,,c361a0b8c035a055bd9497b52674e3fb,2026-05-02,01:40,assists,5.5,-485.0,,True,draftkings,2026-05-01T14:24:38.807666
LeBron James,,,c361a0b8c035a055bd9497b52674e3fb,2026-05-02,01:40,assists,6.5,-257.0,,True,draftkings,2026-05-01T14:24:38.807668
LeBron James,,,c361a0b8c035a055bd9497b52674e3fb,2026-05-02,01:40,assists,7.5,-146.0,,True,draftkings,2026-05-01T14:24:38.807670
LeBron James,,,c361a0b8c035a055bd9497b52674e3fb,2026-05-02,01:40,assists,8.5,114.0,,True,draftkings,2026-05-01T14:24:38.807671
LeBron James,,,c361a0b8c035a055bd9497b52674e3fb,2026-05-02,01:40,assists,9.5,188.0,,True,draftkings,2026-05-01T14:24:38.807673
LeBron James,,,c361a0b8c035a055bd9497b52674e3fb,2026-05-02,01:40,assists,10.5,307.0,,True,draftkings,2026-05-01T14:24:38.807675
LeBron James,,,c361a0b8c035a055bd9497b52674e3fb,2026-05-02,01:40,assists,11.5,493.0,,True,draftkings,2026-05-01T14:24:38.807677
LeBron James,,,c361a0b8c035a055bd9497b52674e3fb,2026-05-02,01:40,assists,12.5,800.0,,True,draftkings,2026-05-01T14:24:38.807678
LeBron James,,,c361a0b8c035a055bd9497b52674e3fb,2026-05-02,01:40,assists,13.5,1260.0,,True,draftkings,2026-05-01T14:24:38.807680
LeBron James,,,c361a0b8c035a055bd9497b52674e3fb,2026-05-02,01:40,assists,14.5,1860.0,,True,draftkings,2026-05-01T14:24:38.807682
LeBron James,,,c361a0b8c035a055bd9497b52674e3fb,2026-05-02,01:40,assists,15.5,2600.0,,True,draftkings,2026-05-01T14:24:38.807684
Alperen Sengun,,,c361a0b8c035a055bd9497b52674e3fb,2026-05-02,01:40,assists,2.5,-1980.0,,True,draftkings,2026-05-01T14:24:38.807685
Alperen Sengun,,,c361a0b8c035a055bd9497b52674e3fb,2026-05-02,01:40,assists,3.5,-640.0,,True,draftkings,2026-05-01T14:24:38.807687
Alperen Sengun,,,c361a0b8c035a055bd9497b52674e3fb,2026-05-02,01:40,assists,4.5,-288.0,,True,draftkings,2026-05-01T14:24:38.807689
Alperen Sengun,,,c361a0b8c035a055bd9497b52674e3fb,2026-05-02,01:40,assists,5.5,-149.0,,True,draftkings,2026-05-01T14:24:38.807691
Alperen Sengun,,,c361a0b8c035a055bd9497b52674e3fb,2026-05-02,01:40,assists,6.5,123.0,,True,draftkings,2026-05-01T14:24:38.807692
Alperen Sengun,,,c361a0b8c035a055bd9497b52674e3fb,2026-05-02,01:40,assists,7.5,218.0,,True,draftkings,2026-05-01T14:24:38.807694
Alperen Sengun,,,c361a0b8c035a055bd9497b52674e3fb,2026-05-02,01:40,assists,8.5,381.0,,True,draftkings,2026-05-01T14:24:38.807698
Alperen Sengun,,,c361a0b8c035a055bd9497b52674e3fb,2026-05-02,01:40,assists,9.5,640.0,,True,draftkings,2026-05-01T14:24:38.807700
Alperen Sengun,,,c361a0b8c035a055bd9497b52674e3fb,2026-05-02,01:40,assists,10.5,1060.0,,True,draftkings,2026-05-01T14:24:38.807702
Alperen Sengun,,,c361a0b8c035a055bd9497b52674e3fb,2026-05-02,01:40,assists,11.5,1700.0,,True,draftkings,2026-05-01T14:24:38.807703
Alperen Sengun,,,c361a0b8c035a055bd9497b52674e3fb,2026-05-02,01:40,assists,12.5,2500.0,,True,draftkings,2026-05-01T14:24:38.807705
Austin Reaves,,,c361a0b8c035a055bd9497b52674e3fb,2026-05-02,01:40,assists,2.5,-1340.0,,True,draftkings,2026-05-01T14:24:38.807707
Austin Reaves,,,c361a0b8c035a055bd9497b52674e3fb,2026-05-02,01:40,assists,3.5,-494.0,,True,draftkings,2026-05-01T14:24:38.807711
Austin Reaves,,,c361a0b8c035a055bd9497b52674e3fb,2026-05-02,01:40,assists,4.5,-229.0,,True,draftkings,2026-05-01T14:24:38.807712
Austin Reaves,,,c361a0b8c035a055bd9497b52674e3fb,2026-05-02,01:40,assists,5.5,-121.0,,True,draftkings,2026-05-01T14:24:38.807714
Austin Reaves,,,c361a0b8c035a055bd9497b52674e3fb,2026-05-02,01:40,assists,6.5,150.0,,True,draftkings,2026-05-01T14:24:38.807716
Austin Reaves,,,c361a0b8c035a055bd9497b52674e3fb,2026-05-02,01:40,assists,7.5,256.0,,True,draftkings,2026-05-01T14:24:38.807717
Austin Reaves,,,c361a0b8c035a055bd9497b52674e3fb,2026-05-02,01:40,assists,8.5,438.0,,True,draftkings,2026-05-01T14:24:38.807719
Austin Reaves,,,c361a0b8c035a055bd9497b52674e3fb,2026-05-02,01:40,assists,9.5,740.0,,True,draftkings,2026-05-01T14:24:38.807721
Austin Reaves,,,c361a0b8c035a055bd9497b52674e3fb,2026-05-02,01:40,assists,10.5,1200.0,,True,draftkings,2026-05-01T14:24:38.807723
Austin Reaves,,,c361a0b8c035a055bd9497b52674e3fb,2026-05-02,01:40,assists,11.5,1880.0,,True,draftkings,2026-05-01T14:24:38.807724
Austin Reaves,,,c361a0b8c035a055bd9497b52674e3fb,2026-05-02,01:40,assists,12.5,2700.0,,True,draftkings,2026-05-01T14:24:38.807726
Amen Thompson,,,c361a0b8c035a055bd9497b52674e3fb,2026-05-02,01:40,assists,2.5,-1360.0,,True,draftkings,2026-05-01T14:24:38.807728
Amen Thompson,,,c361a0b8c035a055bd9497b52674e3fb,2026-05-02,01:40,assists,3.5,-485.0,,True,draftkings,2026-05-01T14:24:38.807729
Amen Thompson,,,c361a0b8c035a055bd9497b52674e3fb,2026-05-02,01:40,assists,4.5,-220.0,,True,draftkings,2026-05-01T14:24:38.807731
Amen Thompson,,,c361a0b8c035a055bd9497b52674e3fb,2026-05-02,01:40,assists,5.5,-113.0,,True,draftkings,2026-05-01T14:24:38.807733
Amen Thompson,,,c361a0b8c035a055bd9497b52674e3fb,2026-05-02,01:40,assists,6.5,162.0,,True,draftkings,2026-05-01T14:24:38.807735
Amen Thompson,,,c361a0b8c035a055bd9497b52674e3fb,2026-05-02,01:40,assists,7.5,287.0,,True,draftkings,2026-05-01T14:24:38.807736
Amen Thompson,,,c361a0b8c035a055bd9497b52674e3fb,2026-05-02,01:40,assists,8.5,518.0,,True,draftkings,2026-05-01T14:24:38.807738
Amen Thompson,,,c361a0b8c035a055bd9497b52674e3fb,2026-05-02,01:40,assists,9.5,890.0,,True,draftkings,2026-05-01T14:24:38.807740
Amen Thompson,,,c361a0b8c035a055bd9497b52674e3fb,2026-05-02,01:40,assists,10.5,1480.0,,True,draftkings,2026-05-01T14:24:38.807741
Amen Thompson,,,c361a0b8c035a055bd9497b52674e3fb,2026-05-02,01:40,assists,11.5,2300.0,,True,draftkings,2026-05-01T14:24:38.807743
Reed Sheppard,,,c361a0b8c035a055bd9497b52674e3fb,2026-05-02,01:40,assists,2.5,-579.0,,True,draftkings,2026-05-01T14:24:38.807745
Reed Sheppard,,,c361a0b8c035a055bd9497b52674e3fb,2026-05-02,01:40,assists,3.5,-227.0,,True,draftkings,2026-05-01T14:24:38.807747
Reed Sheppard,,,c361a0b8c035a055bd9497b52674e3fb,2026-05-02,01:40,assists,4.5,-107.0,,True,draftkings,2026-05-01T14:24:38.807748
Reed Sheppard,,,c361a0b8c035a055bd9497b52674e3fb,2026-05-02,01:40,assists,5.5,187.0,,True,draftkings,2026-05-01T14:24:38.807750
Reed Sheppard,,,c361a0b8c035a055bd9497b52674e3fb,2026-05-02,01:40,assists,6.5,345.0,,True,draftkings,2026-05-01T14:24:38.807752
Reed Sheppard,,,c361a0b8c035a055bd9497b52674e3fb,2026-05-02,01:40,assists,7.5,640.0,,True,draftkings,2026-05-01T14:24:38.807753
Reed Sheppard,,,c361a0b8c035a055bd9497b52674e3fb,2026-05-02,01:40,assists,8.5,1120.0,,True,draftkings,2026-05-01T14:24:38.807758
Reed Sheppard,,,c361a0b8c035a055bd9497b52674e3fb,2026-05-02,01:40,assists,9.5,1900.0,,True,draftkings,2026-05-01T14:24:38.807760
Reed Sheppard,,,c361a0b8c035a055bd9497b52674e3fb,2026-05-02,01:40,assists,10.5,2900.0,,True,draftkings,2026-05-01T14:24:38.807761
Marcus Smart,,,c361a0b8c035a055bd9497b52674e3fb,2026-05-02,01:40,assists,2.5,-170.0,,True,draftkings,2026-05-01T14:24:38.807763
Marcus Smart,,,c361a0b8c035a055bd9497b52674e3fb,2026-05-02,01:40,assists,3.5,141.0,,True,draftkings,2026-05-01T14:24:38.807765
Marcus Smart,,,c361a0b8c035a055bd9497b52674e3fb,2026-05-02,01:40,assists,4.5,306.0,,True,draftkings,2026-05-01T14:24:38.807767
Marcus Smart,,,c361a0b8c035a055bd9497b52674e3fb,2026-05-02,01:40,assists,5.5,640.0,,True,draftkings,2026-05-01T14:24:38.807769
Marcus Smart,,,c361a0b8c035a055bd9497b52674e3fb,2026-05-02,01:40,assists,6.5,1300.0,,True,draftkings,2026-05-01T14:24:38.807770
Marcus Smart,,,c361a0b8c035a055bd9497b52674e3fb,2026-05-02,01:40,assists,7.5,2200.0,,True,draftkings,2026-05-01T14:24:38.807772
Luke Kennard,,,c361a0b8c035a055bd9497b52674e3fb,2026-05-02,01:40,assists,2.5,139.0,,True,draftkings,2026-05-01T14:24:38.807774
Luke Kennard,,,c361a0b8c035a055bd9497b52674e3fb,2026-05-02,01:40,assists,3.5,353.0,,True,draftkings,2026-05-01T14:24:38.807776
Luke Kennard,,,c361a0b8c035a055bd9497b52674e3fb,2026-05-02,01:40,assists,4.5,820.0,,True,draftkings,2026-05-01T14:24:38.807778
Luke Kennard,,,c361a0b8c035a055bd9497b52674e3fb,2026-05-02,01:40,assists,5.5,1700.0,,True,draftkings,2026-05-01T14:24:38.807779
Luke Kennard,,,c361a0b8c035a055bd9497b52674e3fb,2026-05-02,01:40,assists,6.5,2900.0,,True,draftkings,2026-05-01T14:24:38.807781
Tari Eason,,,c361a0b8c035a055bd9497b52674e3fb,2026-05-02,01:40,assists,1.5,-130.0,,True,draftkings,2026-05-01T14:24:38.807783
Tari Eason,,,c361a0b8c035a055bd9497b52674e3fb,2026-05-02,01:40,assists,2.5,234.0,,True,draftkings,2026-05-01T14:24:38.807785
Tari Eason,,,c361a0b8c035a055bd9497b52674e3fb,2026-05-02,01:40,assists,3.5,620.0,,True,draftkings,2026-05-01T14:24:38.807787
Tari Eason,,,c361a0b8c035a055bd9497b52674e3fb,2026-05-02,01:40,assists,4.5,1460.0,,True,draftkings,2026-05-01T14:24:38.807789
Tari Eason,,,c361a0b8c035a055bd9497b52674e3fb,2026-05-02,01:40,assists,5.5,2800.0,,True,draftkings,2026-05-01T14:24:38.807790
Jabari Smith Jr,,,c361a0b8c035a055bd9497b52674e3fb,2026-05-02,01:40,assists,1.5,-122.0,,True,draftkings,2026-05-01T14:24:38.807792
Jabari Smith Jr,,,c361a0b8c035a055bd9497b52674e3fb,2026-05-02,01:40,assists,2.5,251.0,,True,draftkings,2026-05-01T14:24:38.807794
Jabari Smith Jr,,,c361a0b8c035a055bd9497b52674e3fb,2026-05-02,01:40,assists,3.5,680.0,,True,draftkings,2026-05-01T14:24:38.807796
Jabari Smith Jr,,,c361a0b8c035a055bd9497b52674e3fb,2026-05-02,01:40,assists,4.5,1580.0,,True,draftkings,2026-05-01T14:24:38.807797
Austin Reaves,,,c361a0b8c035a055bd9497b52674e3fb,2026-05-02,01:40,points,23.5,-108.0,-118.0,False,draftkings,2026-05-01T14:24:38.807816
LeBron James,,,c361a0b8c035a055bd9497b52674e3fb,2026-05-02,01:40,points,22.5,-105.0,-121.0,False,draftkings,2026-05-01T14:24:38.807818
Alperen Sengun,,,c361a0b8c035a055bd9497b52674e3fb,2026-05-02,01:40,points,20.5,-109.0,-117.0,False,draftkings,2026-05-01T14:24:38.807820
Amen Thompson,,,c361a0b8c035a055bd9497b52674e3fb,2026-05-02,01:40,points,19.5,-102.0,-125.0,False,draftkings,2026-05-01T14:24:38.807822
Jabari Smith Jr,,,c361a0b8c035a055bd9497b52674e3fb,2026-05-02,01:40,points,18.5,-104.0,-123.0,False,draftkings,2026-05-01T14:24:38.807823
Reed Sheppard,,,c361a0b8c035a055bd9497b52674e3fb,2026-05-02,01:40,points,15.5,-114.0,-112.0,False,draftkings,2026-05-01T14:24:38.807825
Tari Eason,,,c361a0b8c035a055bd9497b52674e3fb,2026-05-02,01:40,points,13.5,-103.0,-123.0,False,draftkings,2026-05-01T14:24:38.807827
Deandre Ayton,,,c361a0b8c035a055bd9497b52674e3fb,2026-05-02,01:40,points,11.5,-127.0,-101.0,False,draftkings,2026-05-01T14:24:38.807828
Rui Hachimura,,,c361a0b8c035a055bd9497b52674e3fb,2026-05-02,01:40,points,11.5,-120.0,-106.0,False,draftkings,2026-05-01T14:24:38.807832
Marcus Smart,,,c361a0b8c035a055bd9497b52674e3fb,2026-05-02,01:40,points,10.5,-120.0,-106.0,False,draftkings,2026-05-01T14:24:38.807834
Luke Kennard,,,c361a0b8c035a055bd9497b52674e3fb,2026-05-02,01:40,points,8.5,-111.0,-114.0,False,draftkings,2026-05-01T14:24:38.807836
Jaxson Hayes,,,c361a0b8c035a055bd9497b52674e3fb,2026-05-02,01:40,points,4.5,-122.0,-104.0,False,draftkings,2026-05-01T14:24:38.807837
Aaron Holiday,,,c361a0b8c035a055bd9497b52674e3fb,2026-05-02,01:40,points,4.5,101.0,-129.0,False,draftkings,2026-05-01T14:24:38.807839
Josh Okogie,,,c361a0b8c035a055bd9497b52674e3fb,2026-05-02,01:40,points,4.5,103.0,-132.0,False,draftkings,2026-05-01T14:24:38.807843
Dorian Finney-Smith,,,c361a0b8c035a055bd9497b52674e3fb,2026-05-02,01:40,points,2.5,-114.0,-112.0,False,draftkings,2026-05-01T14:24:38.807847
Austin Reaves,,,c361a0b8c035a055bd9497b52674e3fb,2026-05-02,01:40,points,11.5,-3200.0,,True,draftkings,2026-05-01T14:24:38.807912
Austin Reaves,,,c361a0b8c035a055bd9497b52674e3fb,2026-05-02,01:40,points,14.5,-930.0,,True,draftkings,2026-05-01T14:24:38.807914
Austin Reaves,,,c361a0b8c035a055bd9497b52674e3fb,2026-05-02,01:40,points,17.5,-398.0,,True,draftkings,2026-05-01T14:24:38.807916
Austin Reaves,,,c361a0b8c035a055bd9497b52674e3fb,2026-05-02,01:40,points,19.5,-251.0,,True,draftkings,2026-05-01T14:24:38.807917
Austin Reaves,,,c361a0b8c035a055bd9497b52674e3fb,2026-05-02,01:40,points,23.5,-108.0,,True,draftkings,2026-05-01T14:24:38.807919
Austin Reaves,,,c361a0b8c035a055bd9497b52674e3fb,2026-05-02,01:40,points,24.5,112.0,,True,draftkings,2026-05-01T14:24:38.807921
Austin Reaves,,,c361a0b8c035a055bd9497b52674e3fb,2026-05-02,01:40,points,29.5,284.0,,True,draftkings,2026-05-01T14:24:38.807922
Austin Reaves,,,c361a0b8c035a055bd9497b52674e3fb,2026-05-02,01:40,points,34.5,680.0,,True,draftkings,2026-05-01T14:24:38.807924
Austin Reaves,,,c361a0b8c035a055bd9497b52674e3fb,2026-05-02,01:40,points,39.5,1620.0,,True,draftkings,2026-05-01T14:24:38.807926
LeBron James,,,c361a0b8c035a055bd9497b52674e3fb,2026-05-02,01:40,points,11.5,-2100.0,,True,draftkings,2026-05-01T14:24:38.807927
LeBron James,,,c361a0b8c035a055bd9497b52674e3fb,2026-05-02,01:40,points,14.5,-710.0,,True,draftkings,2026-05-01T14:24:38.807931
LeBron James,,,c361a0b8c035a055bd9497b52674e3fb,2026-05-02,01:40,points,17.5,-324.0,,True,draftkings,2026-05-01T14:24:38.807933
LeBron James,,,c361a0b8c035a055bd9497b52674e3fb,2026-05-02,01:40,points,19.5,-199.0,,True,draftkings,2026-05-01T14:24:38.807935
LeBron James,,,c361a0b8c035a055bd9497b52674e3fb,2026-05-02,01:40,points,22.5,-105.0,,True,draftkings,2026-05-01T14:24:38.807937
LeBron James,,,c361a0b8c035a055bd9497b52674e3fb,2026-05-02,01:40,points,24.5,142.0,,True,draftkings,2026-05-01T14:24:38.807938
LeBron James,,,c361a0b8c035a055bd9497b52674e3fb,2026-05-02,01:40,points,29.5,375.0,,True,draftkings,2026-05-01T14:24:38.807940
LeBron James,,,c361a0b8c035a055bd9497b52674e3fb,2026-05-02,01:40,points,34.5,970.0,,True,draftkings,2026-05-01T14:24:38.807948
LeBron James,,,c361a0b8c035a055bd9497b52674e3fb,2026-05-02,01:40,points,39.5,2200.0,,True,draftkings,2026-05-01T14:24:38.807950
Alperen Sengun,,,c361a0b8c035a055bd9497b52674e3fb,2026-05-02,01:40,points,9.5,-3800.0,,True,draftkings,2026-05-01T14:24:38.807951
Alperen Sengun,,,c361a0b8c035a055bd9497b52674e3fb,2026-05-02,01:40,points,11.5,-1320.0,,True,draftkings,2026-05-01T14:24:38.807953
Alperen Sengun,,,c361a0b8c035a055bd9497b52674e3fb,2026-05-02,01:40,points,14.5,-474.0,,True,draftkings,2026-05-01T14:24:38.807955
Alperen Sengun,,,c361a0b8c035a055bd9497b52674e3fb,2026-05-02,01:40,points,17.5,-214.0,,True,draftkings,2026-05-01T14:24:38.807956
Alperen Sengun,,,c361a0b8c035a055bd9497b52674e3fb,2026-05-02,01:40,points,19.5,-134.0,,True,draftkings,2026-05-01T14:24:38.807958
Alperen Sengun,,,c361a0b8c035a055bd9497b52674e3fb,2026-05-02,01:40,points,20.5,-108.0,,True,draftkings,2026-05-01T14:24:38.807960
Alperen Sengun,,,c361a0b8c035a055bd9497b52674e3fb,2026-05-02,01:40,points,24.5,226.0,,True,draftkings,2026-05-01T14:24:38.807961
Alperen Sengun,,,c361a0b8c035a055bd9497b52674e3fb,2026-05-02,01:40,points,29.5,620.0,,True,draftkings,2026-05-01T14:24:38.807963
Alperen Sengun,,,c361a0b8c035a055bd9497b52674e3fb,2026-05-02,01:40,points,34.5,1700.0,,True,draftkings,2026-05-01T14:24:38.807965
Amen Thompson,,,c361a0b8c035a055bd9497b52674e3fb,2026-05-02,01:40,points,9.5,-2500.0,,True,draftkings,2026-05-01T14:24:38.807966
Amen Thompson,,,c361a0b8c035a055bd9497b52674e3fb,2026-05-02,01:40,points,11.5,-1000.0,,True,draftkings,2026-05-01T14:24:38.807968
Amen Thompson,,,c361a0b8c035a055bd9497b52674e3fb,2026-05-02,01:40,points,14.5,-368.0,,True,draftkings,2026-05-01T14:24:38.807970
Amen Thompson,,,c361a0b8c035a055bd9497b52674e3fb,2026-05-02,01:40,points,17.5,-162.0,,True,draftkings,2026-05-01T14:24:38.807972
Amen Thompson,,,c361a0b8c035a055bd9497b52674e3fb,2026-05-02,01:40,points,19.5,-102.0,,True,draftkings,2026-05-01T14:24:38.807973
Amen Thompson,,,c361a0b8c035a055bd9497b52674e3fb,2026-05-02,01:40,points,24.5,308.0,,True,draftkings,2026-05-01T14:24:38.807975
Amen Thompson,,,c361a0b8c035a055bd9497b52674e3fb,2026-05-02,01:40,points,29.5,890.0,,True,draftkings,2026-05-01T14:24:38.807977
Amen Thompson,,,c361a0b8c035a055bd9497b52674e3fb,2026-05-02,01:40,points,34.5,2300.0,,True,draftkings,2026-05-01T14:24:38.807978
Jabari Smith Jr,,,c361a0b8c035a055bd9497b52674e3fb,2026-05-02,01:40,points,9.5,-1400.0,,True,draftkings,2026-05-01T14:24:38.807980
Jabari Smith Jr,,,c361a0b8c035a055bd9497b52674e3fb,2026-05-02,01:40,points,11.5,-660.0,,True,draftkings,2026-05-01T14:24:38.807982
Jabari Smith Jr,,,c361a0b8c035a055bd9497b52674e3fb,2026-05-02,01:40,points,14.5,-271.0,,True,draftkings,2026-05-01T14:24:38.807983
Jabari Smith Jr,,,c361a0b8c035a055bd9497b52674e3fb,2026-05-02,01:40,points,17.5,-129.0,,True,draftkings,2026-05-01T14:24:38.807985
Jabari Smith Jr,,,c361a0b8c035a055bd9497b52674e3fb,2026-05-02,01:40,points,18.5,-104.0,,True,draftkings,2026-05-01T14:24:38.807987
Jabari Smith Jr,,,c361a0b8c035a055bd9497b52674e3fb,2026-05-02,01:40,points,19.5,120.0,,True,draftkings,2026-05-01T14:24:38.807988
Jabari Smith Jr,,,c361a0b8c035a055bd9497b52674e3fb,2026-05-02,01:40,points,24.5,348.0,,True,draftkings,2026-05-01T14:24:38.807990
Jabari Smith Jr,,,c361a0b8c035a055bd9497b52674e3fb,2026-05-02,01:40,points,29.5,990.0,,True,draftkings,2026-05-01T14:24:38.807994
Jabari Smith Jr,,,c361a0b8c035a055bd9497b52674e3fb,2026-05-02,01:40,points,34.5,2300.0,,True,draftkings,2026-05-01T14:24:38.807996
Reed Sheppard,,,c361a0b8c035a055bd9497b52674e3fb,2026-05-02,01:40,points,5.5,-3400.0,,True,draftkings,2026-05-01T14:24:38.807998
Reed Sheppard,,,c361a0b8c035a055bd9497b52674e3fb,2026-05-02,01:40,points,7.5,-1200.0,,True,draftkings,2026-05-01T14:24:38.807999
Reed Sheppard,,,c361a0b8c035a055bd9497b52674e3fb,2026-05-02,01:40,points,9.5,-543.0,,True,draftkings,2026-05-01T14:24:38.808001
Reed Sheppard,,,c361a0b8c035a055bd9497b52674e3fb,2026-05-02,01:40,points,11.5,-294.0,,True,draftkings,2026-05-01T14:24:38.808002
Reed Sheppard,,,c361a0b8c035a055bd9497b52674e3fb,2026-05-02,01:40,points,14.5,-139.0,,True,draftkings,2026-05-01T14:24:38.808004
Reed Sheppard,,,c361a0b8c035a055bd9497b52674e3fb,2026-05-02,01:40,points,15.5,-111.0,,True,draftkings,2026-05-01T14:24:38.808006
Reed Sheppard,,,c361a0b8c035a055bd9497b52674e3fb,2026-05-02,01:40,points,17.5,139.0,,True,draftkings,2026-05-01T14:24:38.808010
Reed Sheppard,,,c361a0b8c035a055bd9497b52674e3fb,2026-05-02,01:40,points,19.5,208.0,,True,draftkings,2026-05-01T14:24:38.808012
Reed Sheppard,,,c361a0b8c035a055bd9497b52674e3fb,2026-05-02,01:40,points,24.5,542.0,,True,draftkings,2026-05-01T14:24:38.808014
Reed Sheppard,,,c361a0b8c035a055bd9497b52674e3fb,2026-05-02,01:40,points,29.5,1300.0,,True,draftkings,2026-05-01T14:24:38.808015
Reed Sheppard,,,c361a0b8c035a055bd9497b52674e3fb,2026-05-02,01:40,points,34.5,2700.0,,True,draftkings,2026-05-01T14:24:38.808017
Tari Eason,,,c361a0b8c035a055bd9497b52674e3fb,2026-05-02,01:40,points,5.5,-1780.0,,True,draftkings,2026-05-01T14:24:38.808019
Tari Eason,,,c361a0b8c035a055bd9497b52674e3fb,2026-05-02,01:40,points,7.5,-670.0,,True,draftkings,2026-05-01T14:24:38.808021
Tari Eason,,,c361a0b8c035a055bd9497b52674e3fb,2026-05-02,01:40,points,9.5,-325.0,,True,draftkings,2026-05-01T14:24:38.808022
Tari Eason,,,c361a0b8c035a055bd9497b52674e3fb,2026-05-02,01:40,points,11.5,-177.0,,True,draftkings,2026-05-01T14:24:38.808024
Tari Eason,,,c361a0b8c035a055bd9497b52674e3fb,2026-05-02,01:40,points,13.5,-103.0,,True,draftkings,2026-05-01T14:24:38.808026
Tari Eason,,,c361a0b8c035a055bd9497b52674e3fb,2026-05-02,01:40,points,14.5,127.0,,True,draftkings,2026-05-01T14:24:38.808027
Tari Eason,,,c361a0b8c035a055bd9497b52674e3fb,2026-05-02,01:40,points,17.5,268.0,,True,draftkings,2026-05-01T14:24:38.808029
Tari Eason,,,c361a0b8c035a055bd9497b52674e3fb,2026-05-02,01:40,points,19.5,428.0,,True,draftkings,2026-05-01T14:24:38.808031
Tari Eason,,,c361a0b8c035a055bd9497b52674e3fb,2026-05-02,01:40,points,24.5,1280.0,,True,draftkings,2026-05-01T14:24:38.808032
Tari Eason,,,c361a0b8c035a055bd9497b52674e3fb,2026-05-02,01:40,points,29.5,2900.0,,True,draftkings,2026-05-01T14:24:38.808034
Rui Hachimura,,,c361a0b8c035a055bd9497b52674e3fb,2026-05-02,01:40,points,5.5,-1140.0,,True,draftkings,2026-05-01T14:24:38.808036
Rui Hachimura,,,c361a0b8c035a055bd9497b52674e3fb,2026-05-02,01:40,points,7.5,-467.0,,True,draftkings,2026-05-01T14:24:38.808037
Rui Hachimura,,,c361a0b8c035a055bd9497b52674e3fb,2026-05-02,01:40,points,9.5,-231.0,,True,draftkings,2026-05-01T14:24:38.808039
Rui Hachimura,,,c361a0b8c035a055bd9497b52674e3fb,2026-05-02,01:40,points,11.5,-124.0,,True,draftkings,2026-05-01T14:24:38.808041
Rui Hachimura,,,c361a0b8c035a055bd9497b52674e3fb,2026-05-02,01:40,points,14.5,182.0,,True,draftkings,2026-05-01T14:24:38.808043
Rui Hachimura,,,c361a0b8c035a055bd9497b52674e3fb,2026-05-02,01:40,points,17.5,387.0,,True,draftkings,2026-05-01T14:24:38.808044
Rui Hachimura,,,c361a0b8c035a055bd9497b52674e3fb,2026-05-02,01:40,points,19.5,640.0,,True,draftkings,2026-05-01T14:24:38.808046
Rui Hachimura,,,c361a0b8c035a055bd9497b52674e3fb,2026-05-02,01:40,points,24.5,1980.0,,True,draftkings,2026-05-01T14:24:38.808048
Marcus Smart,,,c361a0b8c035a055bd9497b52674e3fb,2026-05-02,01:40,points,5.5,-680.0,,True,draftkings,2026-05-01T14:24:38.808052
Marcus Smart,,,c361a0b8c035a055bd9497b52674e3fb,2026-05-02,01:40,points,7.5,-314.0,,True,draftkings,2026-05-01T14:24:38.808054
Marcus Smart,,,c361a0b8c035a055bd9497b52674e3fb,2026-05-02,01:40,points,9.5,-162.0,,True,draftkings,2026-05-01T14:24:38.808056
Marcus Smart,,,c361a0b8c035a055bd9497b52674e3fb,2026-05-02,01:40,points,10.5,-120.0,,True,draftkings,2026-05-01T14:24:38.808057
Marcus Smart,,,c361a0b8c035a055bd9497b52674e3fb,2026-05-02,01:40,points,11.5,110.0,,True,draftkings,2026-05-01T14:24:38.808059
Marcus Smart,,,c361a0b8c035a055bd9497b52674e3fb,2026-05-02,01:40,points,14.5,249.0,,True,draftkings,2026-05-01T14:24:38.808060
Marcus Smart,,,c361a0b8c035a055bd9497b52674e3fb,2026-05-02,01:40,points,17.5,518.0,,True,draftkings,2026-05-01T14:24:38.808062
Marcus Smart,,,c361a0b8c035a055bd9497b52674e3fb,2026-05-02,01:40,points,19.5,840.0,,True,draftkings,2026-05-01T14:24:38.808066
Marcus Smart,,,c361a0b8c035a055bd9497b52674e3fb,2026-05-02,01:40,points,24.5,2400.0,,True,draftkings,2026-05-01T14:24:38.808068
Deandre Ayton,,,c361a0b8c035a055bd9497b52674e3fb,2026-05-02,01:40,points,5.5,-1760.0,,True,draftkings,2026-05-01T14:24:38.808069
Deandre Ayton,,,c361a0b8c035a055bd9497b52674e3fb,2026-05-02,01:40,points,7.5,-562.0,,True,draftkings,2026-05-01T14:24:38.808071
Deandre Ayton,,,c361a0b8c035a055bd9497b52674e3fb,2026-05-02,01:40,points,9.5,-251.0,,True,draftkings,2026-05-01T14:24:38.808073
Deandre Ayton,,,c361a0b8c035a055bd9497b52674e3fb,2026-05-02,01:40,points,11.5,-127.0,,True,draftkings,2026-05-01T14:24:38.808074
Deandre Ayton,,,c361a0b8c035a055bd9497b52674e3fb,2026-05-02,01:40,points,14.5,221.0,,True,draftkings,2026-05-01T14:24:38.808076
Deandre Ayton,,,c361a0b8c035a055bd9497b52674e3fb,2026-05-02,01:40,points,17.5,501.0,,True,draftkings,2026-05-01T14:24:38.808078
Deandre Ayton,,,c361a0b8c035a055bd9497b52674e3fb,2026-05-02,01:40,points,19.5,890.0,,True,draftkings,2026-05-01T14:24:38.808079
Deandre Ayton,,,c361a0b8c035a055bd9497b52674e3fb,2026-05-02,01:40,points,24.5,2800.0,,True,draftkings,2026-05-01T14:24:38.808081
Luke Kennard,,,c361a0b8c035a055bd9497b52674e3fb,2026-05-02,01:40,points,5.5,-325.0,,True,draftkings,2026-05-01T14:24:38.808083
Luke Kennard,,,c361a0b8c035a055bd9497b52674e3fb,2026-05-02,01:40,points,7.5,-152.0,,True,draftkings,2026-05-01T14:24:38.808084
Luke Kennard,,,c361a0b8c035a055bd9497b52674e3fb,2026-05-02,01:40,points,8.5,-108.0,,True,draftkings,2026-05-01T14:24:38.808086
Luke Kennard,,,c361a0b8c035a055bd9497b52674e3fb,2026-05-02,01:40,points,9.5,126.0,,True,draftkings,2026-05-01T14:24:38.808088
Luke Kennard,,,c361a0b8c035a055bd9497b52674e3fb,2026-05-02,01:40,points,11.5,235.0,,True,draftkings,2026-05-01T14:24:38.808089
Luke Kennard,,,c361a0b8c035a055bd9497b52674e3fb,2026-05-02,01:40,points,14.5,580.0,,True,draftkings,2026-05-01T14:24:38.808091
Luke Kennard,,,c361a0b8c035a055bd9497b52674e3fb,2026-05-02,01:40,points,17.5,1280.0,,True,draftkings,2026-05-01T14:24:38.808093
Luke Kennard,,,c361a0b8c035a055bd9497b52674e3fb,2026-05-02,01:40,points,19.5,1980.0,,True,draftkings,2026-05-01T14:24:38.808094
Aaron Holiday,,,c361a0b8c035a055bd9497b52674e3fb,2026-05-02,01:40,points,4.5,101.0,,True,draftkings,2026-05-01T14:24:38.808096
Aaron Holiday,,,c361a0b8c035a055bd9497b52674e3fb,2026-05-02,01:40,points,5.5,154.0,,True,draftkings,2026-05-01T14:24:38.808098
Aaron Holiday,,,c361a0b8c035a055bd9497b52674e3fb,2026-05-02,01:40,points,7.5,308.0,,True,draftkings,2026-05-01T14:24:38.808102
Aaron Holiday,,,c361a0b8c035a055bd9497b52674e3fb,2026-05-02,01:40,points,9.5,610.0,,True,draftkings,2026-05-01T14:24:38.808103
Aaron Holiday,,,c361a0b8c035a055bd9497b52674e3fb,2026-05-02,01:40,points,11.5,1100.0,,True,draftkings,2026-05-01T14:24:38.808105
Aaron Holiday,,,c361a0b8c035a055bd9497b52674e3fb,2026-05-02,01:40,points,14.5,2400.0,,True,draftkings,2026-05-01T14:24:38.808107
Jaxson Hayes,,,c361a0b8c035a055bd9497b52674e3fb,2026-05-02,01:40,points,4.5,-126.0,,True,draftkings,2026-05-01T14:24:38.808109
Jaxson Hayes,,,c361a0b8c035a055bd9497b52674e3fb,2026-05-02,01:40,points,5.5,-101.0,,True,draftkings,2026-05-01T14:24:38.808125
Jaxson Hayes,,,c361a0b8c035a055bd9497b52674e3fb,2026-05-02,01:40,points,7.5,230.0,,True,draftkings,2026-05-01T14:24:38.808127
Jaxson Hayes,,,c361a0b8c035a055bd9497b52674e3fb,2026-05-02,01:40,points,9.5,491.0,,True,draftkings,2026-05-01T14:24:38.808129
Jaxson Hayes,,,c361a0b8c035a055bd9497b52674e3fb,2026-05-02,01:40,points,11.5,1000.0,,True,draftkings,2026-05-01T14:24:38.808130
Jaxson Hayes,,,c361a0b8c035a055bd9497b52674e3fb,2026-05-02,01:40,points,14.5,2600.0,,True,draftkings,2026-05-01T14:24:38.808132
Josh Okogie,,,c361a0b8c035a055bd9497b52674e3fb,2026-05-02,01:40,points,4.5,103.0,,True,draftkings,2026-05-01T14:24:38.808134
Josh Okogie,,,c361a0b8c035a055bd9497b52674e3fb,2026-05-02,01:40,points,5.5,167.0,,True,draftkings,2026-05-01T14:24:38.808136
Josh Okogie,,,c361a0b8c035a055bd9497b52674e3fb,2026-05-02,01:40,points,7.5,340.0,,True,draftkings,2026-05-01T14:24:38.808142
Josh Okogie,,,c361a0b8c035a055bd9497b52674e3fb,2026-05-02,01:40,points,9.5,700.0,,True,draftkings,2026-05-01T14:24:38.808146
Josh Okogie,,,c361a0b8c035a055bd9497b52674e3fb,2026-05-02,01:40,points,11.5,1320.0,,True,draftkings,2026-05-01T14:24:38.808148
Josh Okogie,,,c361a0b8c035a055bd9497b52674e3fb,2026-05-02,01:40,points,14.5,2700.0,,True,draftkings,2026-05-01T14:24:38.808152
Dorian Finney-Smith,,,c361a0b8c035a055bd9497b52674e3fb,2026-05-02,01:40,points,2.5,-115.0,,True,draftkings,2026-05-01T14:24:38.808155
Dorian Finney-Smith,,,c361a0b8c035a055bd9497b52674e3fb,2026-05-02,01:40,points,5.5,376.0,,True,draftkings,2026-05-01T14:24:38.808158
Dorian Finney-Smith,,,c361a0b8c035a055bd9497b52674e3fb,2026-05-02,01:40,points,7.5,810.0,,True,draftkings,2026-05-01T14:24:38.808161
Dorian Finney-Smith,,,c361a0b8c035a055bd9497b52674e3fb,2026-05-02,01:40,points,9.5,1740.0,,True,draftkings,2026-05-01T14:24:38.808164
Dorian Finney-Smith,,,c361a0b8c035a055bd9497b52674e3fb,2026-05-02,01:40,points,11.5,2800.0,,True,draftkings,2026-05-01T14:24:38.808167
Alperen Sengun,,,c361a0b8c035a055bd9497b52674e3fb,2026-05-02,01:40,rebounds,9.5,-121.0,-109.0,False,draftkings,2026-05-01T14:24:38.808191
Deandre Ayton,,,c361a0b8c035a055bd9497b52674e3fb,2026-05-02,01:40,rebounds,8.5,-126.0,-104.0,False,draftkings,2026-05-01T14:24:38.808193
Amen Thompson,,,c361a0b8c035a055bd9497b52674e3fb,2026-05-02,01:40,rebounds,7.5,-118.0,-112.0,False,draftkings,2026-05-01T14:24:38.808195
Jabari Smith Jr,,,c361a0b8c035a055bd9497b52674e3fb,2026-05-02,01:40,rebounds,7.5,-101.0,-130.0,False,draftkings,2026-05-01T14:24:38.808197
Tari Eason,,,c361a0b8c035a055bd9497b52674e3fb,2026-05-02,01:40,rebounds,6.5,-144.0,109.0,False,draftkings,2026-05-01T14:24:38.808198
LeBron James,,,c361a0b8c035a055bd9497b52674e3fb,2026-05-02,01:40,rebounds,6.5,-141.0,107.0,False,draftkings,2026-05-01T14:24:38.808200
Austin Reaves,,,c361a0b8c035a055bd9497b52674e3fb,2026-05-02,01:40,rebounds,3.5,-135.0,102.0,False,draftkings,2026-05-01T14:24:38.808202
Rui Hachimura,,,c361a0b8c035a055bd9497b52674e3fb,2026-05-02,01:40,rebounds,3.5,-130.0,-101.0,False,draftkings,2026-05-01T14:24:38.808203
Jaxson Hayes,,,c361a0b8c035a055bd9497b52674e3fb,2026-05-02,01:40,rebounds,3.5,120.0,-158.0,False,draftkings,2026-05-01T14:24:38.808205
Luke Kennard,,,c361a0b8c035a055bd9497b52674e3fb,2026-05-02,01:40,rebounds,2.5,-152.0,115.0,False,draftkings,2026-05-01T14:24:38.808207
Marcus Smart,,,c361a0b8c035a055bd9497b52674e3fb,2026-05-02,01:40,rebounds,2.5,-130.0,-101.0,False,draftkings,2026-05-01T14:24:38.808209
Reed Sheppard,,,c361a0b8c035a055bd9497b52674e3fb,2026-05-02,01:40,rebounds,2.5,104.0,-137.0,False,draftkings,2026-05-01T14:24:38.808210
Josh Okogie,,,c361a0b8c035a055bd9497b52674e3fb,2026-05-02,01:40,rebounds,2.5,107.0,-141.0,False,draftkings,2026-05-01T14:24:38.808212
Dorian Finney-Smith,,,c361a0b8c035a055bd9497b52674e3fb,2026-05-02,01:40,rebounds,2.5,137.0,-182.0,False,draftkings,2026-05-01T14:24:38.808214
Alperen Sengun,,,c361a0b8c035a055bd9497b52674e3fb,2026-05-02,01:40,rebounds,4.5,-4100.0,,True,draftkings,2026-05-01T14:24:38.808281
Alperen Sengun,,,c361a0b8c035a055bd9497b52674e3fb,2026-05-02,01:40,rebounds,5.5,-1320.0,,True,draftkings,2026-05-01T14:24:38.808284
Alperen Sengun,,,c361a0b8c035a055bd9497b52674e3fb,2026-05-02,01:40,rebounds,6.5,-630.0,,True,draftkings,2026-05-01T14:24:38.808286
Alperen Sengun,,,c361a0b8c035a055bd9497b52674e3fb,2026-05-02,01:40,rebounds,7.5,-344.0,,True,draftkings,2026-05-01T14:24:38.808290
Alperen Sengun,,,c361a0b8c035a055bd9497b52674e3fb,2026-05-02,01:40,rebounds,8.5,-201.0,,True,draftkings,2026-05-01T14:24:38.808291
Alperen Sengun,,,c361a0b8c035a055bd9497b52674e3fb,2026-05-02,01:40,rebounds,9.5,-121.0,,True,draftkings,2026-05-01T14:24:38.808293
Alperen Sengun,,,c361a0b8c035a055bd9497b52674e3fb,2026-05-02,01:40,rebounds,10.5,132.0,,True,draftkings,2026-05-01T14:24:38.808295
Alperen Sengun,,,c361a0b8c035a055bd9497b52674e3fb,2026-05-02,01:40,rebounds,11.5,202.0,,True,draftkings,2026-05-01T14:24:38.808296
Alperen Sengun,,,c361a0b8c035a055bd9497b52674e3fb,2026-05-02,01:40,rebounds,12.5,310.0,,True,draftkings,2026-05-01T14:24:38.808298
Alperen Sengun,,,c361a0b8c035a055bd9497b52674e3fb,2026-05-02,01:40,rebounds,13.5,468.0,,True,draftkings,2026-05-01T14:24:38.808300
Alperen Sengun,,,c361a0b8c035a055bd9497b52674e3fb,2026-05-02,01:40,rebounds,14.5,710.0,,True,draftkings,2026-05-01T14:24:38.808301
Alperen Sengun,,,c361a0b8c035a055bd9497b52674e3fb,2026-05-02,01:40,rebounds,15.5,1060.0,,True,draftkings,2026-05-01T14:24:38.808303
Alperen Sengun,,,c361a0b8c035a055bd9497b52674e3fb,2026-05-02,01:40,rebounds,16.5,1560.0,,True,draftkings,2026-05-01T14:24:38.808305
Alperen Sengun,,,c361a0b8c035a055bd9497b52674e3fb,2026-05-02,01:40,rebounds,17.5,2100.0,,True,draftkings,2026-05-01T14:24:38.808307
Alperen Sengun,,,c361a0b8c035a055bd9497b52674e3fb,2026-05-02,01:40,rebounds,18.5,2800.0,,True,draftkings,2026-05-01T14:24:38.808308
Deandre Ayton,,,c361a0b8c035a055bd9497b52674e3fb,2026-05-02,01:40,rebounds,4.5,-2200.0,,True,draftkings,2026-05-01T14:24:38.808310
Deandre Ayton,,,c361a0b8c035a055bd9497b52674e3fb,2026-05-02,01:40,rebounds,5.5,-830.0,,True,draftkings,2026-05-01T14:24:38.808314
Deandre Ayton,,,c361a0b8c035a055bd9497b52674e3fb,2026-05-02,01:40,rebounds,6.5,-394.0,,True,draftkings,2026-05-01T14:24:38.808316
Deandre Ayton,,,c361a0b8c035a055bd9497b52674e3fb,2026-05-02,01:40,rebounds,7.5,-214.0,,True,draftkings,2026-05-01T14:24:38.808318
Deandre Ayton,,,c361a0b8c035a055bd9497b52674e3fb,2026-05-02,01:40,rebounds,8.5,-123.0,,True,draftkings,2026-05-01T14:24:38.808319
Deandre Ayton,,,c361a0b8c035a055bd9497b52674e3fb,2026-05-02,01:40,rebounds,9.5,135.0,,True,draftkings,2026-05-01T14:24:38.808321
Deandre Ayton,,,c361a0b8c035a055bd9497b52674e3fb,2026-05-02,01:40,rebounds,10.5,220.0,,True,draftkings,2026-05-01T14:24:38.808323
Deandre Ayton,,,c361a0b8c035a055bd9497b52674e3fb,2026-05-02,01:40,rebounds,11.5,358.0,,True,draftkings,2026-05-01T14:24:38.808324
Deandre Ayton,,,c361a0b8c035a055bd9497b52674e3fb,2026-05-02,01:40,rebounds,12.5,563.0,,True,draftkings,2026-05-01T14:24:38.808326
Deandre Ayton,,,c361a0b8c035a055bd9497b52674e3fb,2026-05-02,01:40,rebounds,13.5,890.0,,True,draftkings,2026-05-01T14:24:38.808328
Deandre Ayton,,,c361a0b8c035a055bd9497b52674e3fb,2026-05-02,01:40,rebounds,14.5,1400.0,,True,draftkings,2026-05-01T14:24:38.808330
Deandre Ayton,,,c361a0b8c035a055bd9497b52674e3fb,2026-05-02,01:40,rebounds,15.5,2100.0,,True,draftkings,2026-05-01T14:24:38.808331
Deandre Ayton,,,c361a0b8c035a055bd9497b52674e3fb,2026-05-02,01:40,rebounds,16.5,2800.0,,True,draftkings,2026-05-01T14:24:38.808333
Amen Thompson,,,c361a0b8c035a055bd9497b52674e3fb,2026-05-02,01:40,rebounds,3.5,-2100.0,,True,draftkings,2026-05-01T14:24:38.808337
Amen Thompson,,,c361a0b8c035a055bd9497b52674e3fb,2026-05-02,01:40,rebounds,4.5,-770.0,,True,draftkings,2026-05-01T14:24:38.808339
Amen Thompson,,,c361a0b8c035a055bd9497b52674e3fb,2026-05-02,01:40,rebounds,5.5,-372.0,,True,draftkings,2026-05-01T14:24:38.808340
Amen Thompson,,,c361a0b8c035a055bd9497b52674e3fb,2026-05-02,01:40,rebounds,6.5,-202.0,,True,draftkings,2026-05-01T14:24:38.808342
Amen Thompson,,,c361a0b8c035a055bd9497b52674e3fb,2026-05-02,01:40,rebounds,7.5,-118.0,,True,draftkings,2026-05-01T14:24:38.808344
Amen Thompson,,,c361a0b8c035a055bd9497b52674e3fb,2026-05-02,01:40,rebounds,8.5,143.0,,True,draftkings,2026-05-01T14:24:38.808346
Amen Thompson,,,c361a0b8c035a055bd9497b52674e3fb,2026-05-02,01:40,rebounds,9.5,235.0,,True,draftkings,2026-05-01T14:24:38.808347
Amen Thompson,,,c361a0b8c035a055bd9497b52674e3fb,2026-05-02,01:40,rebounds,10.5,382.0,,True,draftkings,2026-05-01T14:24:38.808349
Amen Thompson,,,c361a0b8c035a055bd9497b52674e3fb,2026-05-02,01:40,rebounds,11.5,600.0,,True,draftkings,2026-05-01T14:24:38.808351
Amen Thompson,,,c361a0b8c035a055bd9497b52674e3fb,2026-05-02,01:40,rebounds,12.5,960.0,,True,draftkings,2026-05-01T14:24:38.808352
Amen Thompson,,,c361a0b8c035a055bd9497b52674e3fb,2026-05-02,01:40,rebounds,13.5,1500.0,,True,draftkings,2026-05-01T14:24:38.808354
Amen Thompson,,,c361a0b8c035a055bd9497b52674e3fb,2026-05-02,01:40,rebounds,14.5,2100.0,,True,draftkings,2026-05-01T14:24:38.808356
Amen Thompson,,,c361a0b8c035a055bd9497b52674e3fb,2026-05-02,01:40,rebounds,15.5,2900.0,,True,draftkings,2026-05-01T14:24:38.808357
Jabari Smith Jr,,,c361a0b8c035a055bd9497b52674e3fb,2026-05-02,01:40,rebounds,3.5,-1860.0,,True,draftkings,2026-05-01T14:24:38.808359
Jabari Smith Jr,,,c361a0b8c035a055bd9497b52674e3fb,2026-05-02,01:40,rebounds,4.5,-680.0,,True,draftkings,2026-05-01T14:24:38.808360
Jabari Smith Jr,,,c361a0b8c035a055bd9497b52674e3fb,2026-05-02,01:40,rebounds,5.5,-329.0,,True,draftkings,2026-05-01T14:24:38.808362
Jabari Smith Jr,,,c361a0b8c035a055bd9497b52674e3fb,2026-05-02,01:40,rebounds,6.5,-176.0,,True,draftkings,2026-05-01T14:24:38.808364
Jabari Smith Jr,,,c361a0b8c035a055bd9497b52674e3fb,2026-05-02,01:40,rebounds,7.5,-101.0,,True,draftkings,2026-05-01T14:24:38.808366
Jabari Smith Jr,,,c361a0b8c035a055bd9497b52674e3fb,2026-05-02,01:40,rebounds,8.5,166.0,,True,draftkings,2026-05-01T14:24:38.808367
Jabari Smith Jr,,,c361a0b8c035a055bd9497b52674e3fb,2026-05-02,01:40,rebounds,9.5,276.0,,True,draftkings,2026-05-01T14:24:38.808369
Jabari Smith Jr,,,c361a0b8c035a055bd9497b52674e3fb,2026-05-02,01:40,rebounds,10.5,450.0,,True,draftkings,2026-05-01T14:24:38.808371
Jabari Smith Jr,,,c361a0b8c035a055bd9497b52674e3fb,2026-05-02,01:40,rebounds,11.5,740.0,,True,draftkings,2026-05-01T14:24:38.808372
Jabari Smith Jr,,,c361a0b8c035a055bd9497b52674e3fb,2026-05-02,01:40,rebounds,12.5,1160.0,,True,draftkings,2026-05-01T14:24:38.808374
Jabari Smith Jr,,,c361a0b8c035a055bd9497b52674e3fb,2026-05-02,01:40,rebounds,13.5,1760.0,,True,draftkings,2026-05-01T14:24:38.808376
Jabari Smith Jr,,,c361a0b8c035a055bd9497b52674e3fb,2026-05-02,01:40,rebounds,14.5,2600.0,,True,draftkings,2026-05-01T14:24:38.808377
LeBron James,,,c361a0b8c035a055bd9497b52674e3fb,2026-05-02,01:40,rebounds,3.5,-1180.0,,True,draftkings,2026-05-01T14:24:38.808379
LeBron James,,,c361a0b8c035a055bd9497b52674e3fb,2026-05-02,01:40,rebounds,4.5,-493.0,,True,draftkings,2026-05-01T14:24:38.808381
LeBron James,,,c361a0b8c035a055bd9497b52674e3fb,2026-05-02,01:40,rebounds,5.5,-251.0,,True,draftkings,2026-05-01T14:24:38.808382
LeBron James,,,c361a0b8c035a055bd9497b52674e3fb,2026-05-02,01:40,rebounds,6.5,-141.0,,True,draftkings,2026-05-01T14:24:38.808384
LeBron James,,,c361a0b8c035a055bd9497b52674e3fb,2026-05-02,01:40,rebounds,7.5,120.0,,True,draftkings,2026-05-01T14:24:38.808386
LeBron James,,,c361a0b8c035a055bd9497b52674e3fb,2026-05-02,01:40,rebounds,8.5,197.0,,True,draftkings,2026-05-01T14:24:38.808388
LeBron James,,,c361a0b8c035a055bd9497b52674e3fb,2026-05-02,01:40,rebounds,9.5,319.0,,True,draftkings,2026-05-01T14:24:38.808392
LeBron James,,,c361a0b8c035a055bd9497b52674e3fb,2026-05-02,01:40,rebounds,10.5,515.0,,True,draftkings,2026-05-01T14:24:38.808393
LeBron James,,,c361a0b8c035a055bd9497b52674e3fb,2026-05-02,01:40,rebounds,11.5,820.0,,True,draftkings,2026-05-01T14:24:38.808395
LeBron James,,,c361a0b8c035a055bd9497b52674e3fb,2026-05-02,01:40,rebounds,12.5,1320.0,,True,draftkings,2026-05-01T14:24:38.808397
LeBron James,,,c361a0b8c035a055bd9497b52674e3fb,2026-05-02,01:40,rebounds,13.5,1960.0,,True,draftkings,2026-05-01T14:24:38.808398
LeBron James,,,c361a0b8c035a055bd9497b52674e3fb,2026-05-02,01:40,rebounds,14.5,2700.0,,True,draftkings,2026-05-01T14:24:38.808400
Tari Eason,,,c361a0b8c035a055bd9497b52674e3fb,2026-05-02,01:40,rebounds,3.5,-1340.0,,True,draftkings,2026-05-01T14:24:38.808402
Tari Eason,,,c361a0b8c035a055bd9497b52674e3fb,2026-05-02,01:40,rebounds,4.5,-520.0,,True,draftkings,2026-05-01T14:24:38.808405
Tari Eason,,,c361a0b8c035a055bd9497b52674e3fb,2026-05-02,01:40,rebounds,5.5,-261.0,,True,draftkings,2026-05-01T14:24:38.808409
Tari Eason,,,c361a0b8c035a055bd9497b52674e3fb,2026-05-02,01:40,rebounds,6.5,-147.0,,True,draftkings,2026-05-01T14:24:38.808411
Tari Eason,,,c361a0b8c035a055bd9497b52674e3fb,2026-05-02,01:40,rebounds,7.5,118.0,,True,draftkings,2026-05-01T14:24:38.808412
Tari Eason,,,c361a0b8c035a055bd9497b52674e3fb,2026-05-02,01:40,rebounds,8.5,198.0,,True,draftkings,2026-05-01T14:24:38.808414
Tari Eason,,,c361a0b8c035a055bd9497b52674e3fb,2026-05-02,01:40,rebounds,9.5,324.0,,True,draftkings,2026-05-01T14:24:38.808416
Tari Eason,,,c361a0b8c035a055bd9497b52674e3fb,2026-05-02,01:40,rebounds,10.5,536.0,,True,draftkings,2026-05-01T14:24:38.808417
Tari Eason,,,c361a0b8c035a055bd9497b52674e3fb,2026-05-02,01:40,rebounds,11.5,860.0,,True,draftkings,2026-05-01T14:24:38.808419
Tari Eason,,,c361a0b8c035a055bd9497b52674e3fb,2026-05-02,01:40,rebounds,12.5,1340.0,,True,draftkings,2026-05-01T14:24:38.808421
Tari Eason,,,c361a0b8c035a055bd9497b52674e3fb,2026-05-02,01:40,rebounds,13.5,2100.0,,True,draftkings,2026-05-01T14:24:38.808423
Tari Eason,,,c361a0b8c035a055bd9497b52674e3fb,2026-05-02,01:40,rebounds,14.5,2700.0,,True,draftkings,2026-05-01T14:24:38.808424
Rui Hachimura,,,c361a0b8c035a055bd9497b52674e3fb,2026-05-02,01:40,rebounds,2.5,-280.0,,True,draftkings,2026-05-01T14:24:38.808426
Rui Hachimura,,,c361a0b8c035a055bd9497b52674e3fb,2026-05-02,01:40,rebounds,3.5,-128.0,,True,draftkings,2026-05-01T14:24:38.808428
Rui Hachimura,,,c361a0b8c035a055bd9497b52674e3fb,2026-05-02,01:40,rebounds,4.5,155.0,,True,draftkings,2026-05-01T14:24:38.808429
Rui Hachimura,,,c361a0b8c035a055bd9497b52674e3fb,2026-05-02,01:40,rebounds,5.5,281.0,,True,draftkings,2026-05-01T14:24:38.808431
Rui Hachimura,,,c361a0b8c035a055bd9497b52674e3fb,2026-05-02,01:40,rebounds,6.5,501.0,,True,draftkings,2026-05-01T14:24:38.808433
Rui Hachimura,,,c361a0b8c035a055bd9497b52674e3fb,2026-05-02,01:40,rebounds,7.5,850.0,,True,draftkings,2026-05-01T14:24:38.808435
Rui Hachimura,,,c361a0b8c035a055bd9497b52674e3fb,2026-05-02,01:40,rebounds,8.5,1420.0,,True,draftkings,2026-05-01T14:24:38.808436
Rui Hachimura,,,c361a0b8c035a055bd9497b52674e3fb,2026-05-02,01:40,rebounds,9.5,2200.0,,True,draftkings,2026-05-01T14:24:38.808438
Austin Reaves,,,c361a0b8c035a055bd9497b52674e3fb,2026-05-02,01:40,rebounds,2.5,-309.0,,True,draftkings,2026-05-01T14:24:38.808440
Austin Reaves,,,c361a0b8c035a055bd9497b52674e3fb,2026-05-02,01:40,rebounds,3.5,-135.0,,True,draftkings,2026-05-01T14:24:38.808441
Austin Reaves,,,c361a0b8c035a055bd9497b52674e3fb,2026-05-02,01:40,rebounds,4.5,147.0,,True,draftkings,2026-05-01T14:24:38.808443
Austin Reaves,,,c361a0b8c035a055bd9497b52674e3fb,2026-05-02,01:40,rebounds,5.5,283.0,,True,draftkings,2026-05-01T14:24:38.808445
Austin Reaves,,,c361a0b8c035a055bd9497b52674e3fb,2026-05-02,01:40,rebounds,6.5,520.0,,True,draftkings,2026-05-01T14:24:38.808446
Austin Reaves,,,c361a0b8c035a055bd9497b52674e3fb,2026-05-02,01:40,rebounds,7.5,940.0,,True,draftkings,2026-05-01T14:24:38.808448
Austin Reaves,,,c361a0b8c035a055bd9497b52674e3fb,2026-05-02,01:40,rebounds,8.5,1560.0,,True,draftkings,2026-05-01T14:24:38.808452
Austin Reaves,,,c361a0b8c035a055bd9497b52674e3fb,2026-05-02,01:40,rebounds,9.5,2500.0,,True,draftkings,2026-05-01T14:24:38.808454
Jaxson Hayes,,,c361a0b8c035a055bd9497b52674e3fb,2026-05-02,01:40,rebounds,2.5,-190.0,,True,draftkings,2026-05-01T14:24:38.808455
Jaxson Hayes,,,c361a0b8c035a055bd9497b52674e3fb,2026-05-02,01:40,rebounds,3.5,123.0,,True,draftkings,2026-05-01T14:24:38.808457
Jaxson Hayes,,,c361a0b8c035a055bd9497b52674e3fb,2026-05-02,01:40,rebounds,4.5,258.0,,True,draftkings,2026-05-01T14:24:38.808459
Jaxson Hayes,,,c361a0b8c035a055bd9497b52674e3fb,2026-05-02,01:40,rebounds,5.5,510.0,,True,draftkings,2026-05-01T14:24:38.808460
Jaxson Hayes,,,c361a0b8c035a055bd9497b52674e3fb,2026-05-02,01:40,rebounds,6.5,990.0,,True,draftkings,2026-05-01T14:24:38.808462
Jaxson Hayes,,,c361a0b8c035a055bd9497b52674e3fb,2026-05-02,01:40,rebounds,7.5,1740.0,,True,draftkings,2026-05-01T14:24:38.808464
Jaxson Hayes,,,c361a0b8c035a055bd9497b52674e3fb,2026-05-02,01:40,rebounds,8.5,2700.0,,True,draftkings,2026-05-01T14:24:38.808466
Luke Kennard,,,c361a0b8c035a055bd9497b52674e3fb,2026-05-02,01:40,rebounds,2.5,-151.0,,True,draftkings,2026-05-01T14:24:38.808467
Luke Kennard,,,c361a0b8c035a055bd9497b52674e3fb,2026-05-02,01:40,rebounds,3.5,164.0,,True,draftkings,2026-05-01T14:24:38.808469
Luke Kennard,,,c361a0b8c035a055bd9497b52674e3fb,2026-05-02,01:40,rebounds,4.5,372.0,,True,draftkings,2026-05-01T14:24:38.808471
Luke Kennard,,,c361a0b8c035a055bd9497b52674e3fb,2026-05-02,01:40,rebounds,5.5,760.0,,True,draftkings,2026-05-01T14:24:38.808472
Luke Kennard,,,c361a0b8c035a055bd9497b52674e3fb,2026-05-02,01:40,rebounds,6.5,1520.0,,True,draftkings,2026-05-01T14:24:38.808474
Luke Kennard,,,c361a0b8c035a055bd9497b52674e3fb,2026-05-02,01:40,rebounds,7.5,2500.0,,True,draftkings,2026-05-01T14:24:38.808476
Marcus Smart,,,c361a0b8c035a055bd9497b52674e3fb,2026-05-02,01:40,rebounds,2.5,-131.0,,True,draftkings,2026-05-01T14:24:38.808478
Marcus Smart,,,c361a0b8c035a055bd9497b52674e3fb,2026-05-02,01:40,rebounds,3.5,182.0,,True,draftkings,2026-05-01T14:24:38.808479
Marcus Smart,,,c361a0b8c035a055bd9497b52674e3fb,2026-05-02,01:40,rebounds,4.5,397.0,,True,draftkings,2026-05-01T14:24:38.808481
Marcus Smart,,,c361a0b8c035a055bd9497b52674e3fb,2026-05-02,01:40,rebounds,5.5,830.0,,True,draftkings,2026-05-01T14:24:38.808482
Marcus Smart,,,c361a0b8c035a055bd9497b52674e3fb,2026-05-02,01:40,rebounds,6.5,1600.0,,True,draftkings,2026-05-01T14:24:38.808484
Marcus Smart,,,c361a0b8c035a055bd9497b52674e3fb,2026-05-02,01:40,rebounds,7.5,2700.0,,True,draftkings,2026-05-01T14:24:38.808486
Josh Okogie,,,c361a0b8c035a055bd9497b52674e3fb,2026-05-02,01:40,rebounds,2.5,105.0,,True,draftkings,2026-05-01T14:24:38.808487
Josh Okogie,,,c361a0b8c035a055bd9497b52674e3fb,2026-05-02,01:40,rebounds,3.5,250.0,,True,draftkings,2026-05-01T14:24:38.808489
Josh Okogie,,,c361a0b8c035a055bd9497b52674e3fb,2026-05-02,01:40,rebounds,4.5,558.0,,True,draftkings,2026-05-01T14:24:38.808491
Josh Okogie,,,c361a0b8c035a055bd9497b52674e3fb,2026-05-02,01:40,rebounds,5.5,1140.0,,True,draftkings,2026-05-01T14:24:38.808492
Josh Okogie,,,c361a0b8c035a055bd9497b52674e3fb,2026-05-02,01:40,rebounds,6.5,2000.0,,True,draftkings,2026-05-01T14:24:38.808494
Dorian Finney-Smith,,,c361a0b8c035a055bd9497b52674e3fb,2026-05-02,01:40,rebounds,2.5,138.0,,True,draftkings,2026-05-01T14:24:38.808496
Dorian Finney-Smith,,,c361a0b8c035a055bd9497b52674e3fb,2026-05-02,01:40,rebounds,3.5,310.0,,True,draftkings,2026-05-01T14:24:38.808497
Dorian Finney-Smith,,,c361a0b8c035a055bd9497b52674e3fb,2026-05-02,01:40,rebounds,4.5,660.0,,True,draftkings,2026-05-01T14:24:38.808502
Dorian Finney-Smith,,,c361a0b8c035a055bd9497b52674e3fb,2026-05-02,01:40,rebounds,5.5,1300.0,,True,draftkings,2026-05-01T14:24:38.808504
Dorian Finney-Smith,,,c361a0b8c035a055bd9497b52674e3fb,2026-05-02,01:40,rebounds,6.5,2100.0,,True,draftkings,2026-05-01T14:24:38.808505
Reed Sheppard,,,c361a0b8c035a055bd9497b52674e3fb,2026-05-02,01:40,rebounds,2.5,104.0,,True,draftkings,2026-05-01T14:24:38.808507
Reed Sheppard,,,c361a0b8c035a055bd9497b52674e3fb,2026-05-02,01:40,rebounds,3.5,257.0,,True,draftkings,2026-05-01T14:24:38.808511
Reed Sheppard,,,c361a0b8c035a055bd9497b52674e3fb,2026-05-02,01:40,rebounds,4.5,582.0,,True,draftkings,2026-05-01T14:24:38.808513
Reed Sheppard,,,c361a0b8c035a055bd9497b52674e3fb,2026-05-02,01:40,rebounds,5.5,1260.0,,True,draftkings,2026-05-01T14:24:38.808514
Reed Sheppard,,,c361a0b8c035a055bd9497b52674e3fb,2026-05-02,01:40,rebounds,6.5,2200.0,,True,draftkings,2026-05-01T14:24:38.808516
Reed Sheppard,,,c361a0b8c035a055bd9497b52674e3fb,2026-05-02,01:40,threes,3.5,127.0,-167.0,False,draftkings,2026-05-01T14:24:38.808533
Jabari Smith Jr,,,c361a0b8c035a055bd9497b52674e3fb,2026-05-02,01:40,threes,2.5,-125.0,-105.0,False,draftkings,2026-05-01T14:24:38.808534
Austin Reaves,,,c361a0b8c035a055bd9497b52674e3fb,2026-05-02,01:40,threes,1.5,-175.0,132.0,False,draftkings,2026-05-01T14:24:38.808536
Marcus Smart,,,c361a0b8c035a055bd9497b52674e3fb,2026-05-02,01:40,threes,1.5,-144.0,110.0,False,draftkings,2026-05-01T14:24:38.808538
Rui Hachimura,,,c361a0b8c035a055bd9497b52674e3fb,2026-05-02,01:40,threes,1.5,-123.0,-107.0,False,draftkings,2026-05-01T14:24:38.808540
Tari Eason,,,c361a0b8c035a055bd9497b52674e3fb,2026-05-02,01:40,threes,1.5,-115.0,-115.0,False,draftkings,2026-05-01T14:24:38.808541
LeBron James,,,c361a0b8c035a055bd9497b52674e3fb,2026-05-02,01:40,threes,1.5,104.0,-137.0,False,draftkings,2026-05-01T14:24:38.808543
Luke Kennard,,,c361a0b8c035a055bd9497b52674e3fb,2026-05-02,01:40,threes,1.5,156.0,-208.0,False,draftkings,2026-05-01T14:24:38.808545
Reed Sheppard,,,c361a0b8c035a055bd9497b52674e3fb,2026-05-02,01:40,threes,0.5,-3900.0,,True,draftkings,2026-05-01T14:24:38.808568
Reed Sheppard,,,c361a0b8c035a055bd9497b52674e3fb,2026-05-02,01:40,threes,1.5,-527.0,,True,draftkings,2026-05-01T14:24:38.808570
Reed Sheppard,,,c361a0b8c035a055bd9497b52674e3fb,2026-05-02,01:40,threes,2.5,-184.0,,True,draftkings,2026-05-01T14:24:38.808572
Reed Sheppard,,,c361a0b8c035a055bd9497b52674e3fb,2026-05-02,01:40,threes,3.5,127.0,,True,draftkings,2026-05-01T14:24:38.808574
Reed Sheppard,,,c361a0b8c035a055bd9497b52674e3fb,2026-05-02,01:40,threes,4.5,264.0,,True,draftkings,2026-05-01T14:24:38.808575
Reed Sheppard,,,c361a0b8c035a055bd9497b52674e3fb,2026-05-02,01:40,threes,5.5,519.0,,True,draftkings,2026-05-01T14:24:38.808577
Reed Sheppard,,,c361a0b8c035a055bd9497b52674e3fb,2026-05-02,01:40,threes,6.5,970.0,,True,draftkings,2026-05-01T14:24:38.808579
Reed Sheppard,,,c361a0b8c035a055bd9497b52674e3fb,2026-05-02,01:40,threes,7.5,1720.0,,True,draftkings,2026-05-01T14:24:38.808580
Reed Sheppard,,,c361a0b8c035a055bd9497b52674e3fb,2026-05-02,01:40,threes,8.5,2700.0,,True,draftkings,2026-05-01T14:24:38.808582
Jabari Smith Jr,,,c361a0b8c035a055bd9497b52674e3fb,2026-05-02,01:40,threes,0.5,-2200.0,,True,draftkings,2026-05-01T14:24:38.808584
Jabari Smith Jr,,,c361a0b8c035a055bd9497b52674e3fb,2026-05-02,01:40,threes,1.5,-363.0,,True,draftkings,2026-05-01T14:24:38.808586
Jabari Smith Jr,,,c361a0b8c035a055bd9497b52674e3fb,2026-05-02,01:40,threes,2.5,-123.0,,True,draftkings,2026-05-01T14:24:38.808587
Jabari Smith Jr,,,c361a0b8c035a055bd9497b52674e3fb,2026-05-02,01:40,threes,3.5,202.0,,True,draftkings,2026-05-01T14:24:38.808589
Jabari Smith Jr,,,c361a0b8c035a055bd9497b52674e3fb,2026-05-02,01:40,threes,4.5,448.0,,True,draftkings,2026-05-01T14:24:38.808591
Jabari Smith Jr,,,c361a0b8c035a055bd9497b52674e3fb,2026-05-02,01:40,threes,5.5,950.0,,True,draftkings,2026-05-01T14:24:38.808592
Jabari Smith Jr,,,c361a0b8c035a055bd9497b52674e3fb,2026-05-02,01:40,threes,6.5,1820.0,,True,draftkings,2026-05-01T14:24:38.808594
Austin Reaves,,,c361a0b8c035a055bd9497b52674e3fb,2026-05-02,01:40,threes,0.5,-820.0,,True,draftkings,2026-05-01T14:24:38.808596
Austin Reaves,,,c361a0b8c035a055bd9497b52674e3fb,2026-05-02,01:40,threes,1.5,-171.0,,True,draftkings,2026-05-01T14:24:38.808597
Austin Reaves,,,c361a0b8c035a055bd9497b52674e3fb,2026-05-02,01:40,threes,2.5,165.0,,True,draftkings,2026-05-01T14:24:38.808599
Austin Reaves,,,c361a0b8c035a055bd9497b52674e3fb,2026-05-02,01:40,threes,3.5,407.0,,True,draftkings,2026-05-01T14:24:38.808601
Austin Reaves,,,c361a0b8c035a055bd9497b52674e3fb,2026-05-02,01:40,threes,4.5,940.0,,True,draftkings,2026-05-01T14:24:38.808603
Austin Reaves,,,c361a0b8c035a055bd9497b52674e3fb,2026-05-02,01:40,threes,5.5,1940.0,,True,draftkings,2026-05-01T14:24:38.808604
Marcus Smart,,,c361a0b8c035a055bd9497b52674e3fb,2026-05-02,01:40,threes,0.5,-670.0,,True,draftkings,2026-05-01T14:24:38.808606
Marcus Smart,,,c361a0b8c035a055bd9497b52674e3fb,2026-05-02,01:40,threes,1.5,-145.0,,True,draftkings,2026-05-01T14:24:38.808608
Marcus Smart,,,c361a0b8c035a055bd9497b52674e3fb,2026-05-02,01:40,threes,2.5,201.0,,True,draftkings,2026-05-01T14:24:38.808610
Marcus Smart,,,c361a0b8c035a055bd9497b52674e3fb,2026-05-02,01:40,threes,3.5,525.0,,True,draftkings,2026-05-01T14:24:38.808611
Marcus Smart,,,c361a0b8c035a055bd9497b52674e3fb,2026-05-02,01:40,threes,4.5,1220.0,,True,draftkings,2026-05-01T14:24:38.808613
Marcus Smart,,,c361a0b8c035a055bd9497b52674e3fb,2026-05-02,01:40,threes,5.5,2300.0,,True,draftkings,2026-05-01T14:24:38.808615
Rui Hachimura,,,c361a0b8c035a055bd9497b52674e3fb,2026-05-02,01:40,threes,0.5,-562.0,,True,draftkings,2026-05-01T14:24:38.808616
Rui Hachimura,,,c361a0b8c035a055bd9497b52674e3fb,2026-05-02,01:40,threes,1.5,-123.0,,True,draftkings,2026-05-01T14:24:38.808618
Rui Hachimura,,,c361a0b8c035a055bd9497b52674e3fb,2026-05-02,01:40,threes,2.5,247.0,,True,draftkings,2026-05-01T14:24:38.808620
Rui Hachimura,,,c361a0b8c035a055bd9497b52674e3fb,2026-05-02,01:40,threes,3.5,660.0,,True,draftkings,2026-05-01T14:24:38.808621
Rui Hachimura,,,c361a0b8c035a055bd9497b52674e3fb,2026-05-02,01:40,threes,4.5,1560.0,,True,draftkings,2026-05-01T14:24:38.808623
Rui Hachimura,,,c361a0b8c035a055bd9497b52674e3fb,2026-05-02,01:40,threes,5.5,2900.0,,True,draftkings,2026-05-01T14:24:38.808625
Tari Eason,,,c361a0b8c035a055bd9497b52674e3fb,2026-05-02,01:40,threes,0.5,-522.0,,True,draftkings,2026-05-01T14:24:38.808630
Tari Eason,,,c361a0b8c035a055bd9497b52674e3fb,2026-05-02,01:40,threes,1.5,-115.0,,True,draftkings,2026-05-01T14:24:38.808632
Tari Eason,,,c361a0b8c035a055bd9497b52674e3fb,2026-05-02,01:40,threes,2.5,260.0,,True,draftkings,2026-05-01T14:24:38.808633
Tari Eason,,,c361a0b8c035a055bd9497b52674e3fb,2026-05-02,01:40,threes,3.5,700.0,,True,draftkings,2026-05-01T14:24:38.808635
Tari Eason,,,c361a0b8c035a055bd9497b52674e3fb,2026-05-02,01:40,threes,4.5,1620.0,,True,draftkings,2026-05-01T14:24:38.808637
LeBron James,,,c361a0b8c035a055bd9497b52674e3fb,2026-05-02,01:40,threes,0.5,-414.0,,True,draftkings,2026-05-01T14:24:38.808638
LeBron James,,,c361a0b8c035a055bd9497b52674e3fb,2026-05-02,01:40,threes,1.5,104.0,,True,draftkings,2026-05-01T14:24:38.808640
LeBron James,,,c361a0b8c035a055bd9497b52674e3fb,2026-05-02,01:40,threes,2.5,312.0,,True,draftkings,2026-05-01T14:24:38.808642
LeBron James,,,c361a0b8c035a055bd9497b52674e3fb,2026-05-02,01:40,threes,3.5,800.0,,True,draftkings,2026-05-01T14:24:38.808646
LeBron James,,,c361a0b8c035a055bd9497b52674e3fb,2026-05-02,01:40,threes,4.5,1800.0,,True,draftkings,2026-05-01T14:24:38.808647
Luke Kennard,,,c361a0b8c035a055bd9497b52674e3fb,2026-05-02,01:40,threes,0.5,-283.0,,True,draftkings,2026-05-01T14:24:38.808649
Luke Kennard,,,c361a0b8c035a055bd9497b52674e3fb,2026-05-02,01:40,threes,1.5,157.0,,True,draftkings,2026-05-01T14:24:38.808651
Luke Kennard,,,c361a0b8c035a055bd9497b52674e3fb,2026-05-02,01:40,threes,2.5,501.0,,True,draftkings,2026-05-01T14:24:38.808652
Luke Kennard,,,c361a0b8c035a055bd9497b52674e3fb,2026-05-02,01:40,threes,3.5,1340.0,,True,draftkings,2026-05-01T14:24:38.808654
Jayson Tatum,,,a37e80a2e3cf3aaa3ae84a9124987058,2026-05-02,23:40,assists,6.5,-111.0,-118.0,False,draftkings,2026-05-01T14:24:38.880354
Tyrese Maxey,,,a37e80a2e3cf3aaa3ae84a9124987058,2026-05-02,23:40,assists,6.5,113.0,-149.0,False,draftkings,2026-05-01T14:24:38.880368
Joel Embiid,,,a37e80a2e3cf3aaa3ae84a9124987058,2026-05-02,23:40,assists,4.5,-124.0,-106.0,False,draftkings,2026-05-01T14:24:38.880370
Jaylen Brown,,,a37e80a2e3cf3aaa3ae84a9124987058,2026-05-02,23:40,assists,4.5,114.0,-150.0,False,draftkings,2026-05-01T14:24:38.880372
Payton Pritchard,,,a37e80a2e3cf3aaa3ae84a9124987058,2026-05-02,23:40,assists,3.5,-159.0,121.0,False,draftkings,2026-05-01T14:24:38.880374
Derrick White,,,a37e80a2e3cf3aaa3ae84a9124987058,2026-05-02,23:40,assists,3.5,-128.0,-103.0,False,draftkings,2026-05-01T14:24:38.880376
Paul George,,,a37e80a2e3cf3aaa3ae84a9124987058,2026-05-02,23:40,assists,3.5,115.0,-151.0,False,draftkings,2026-05-01T14:24:38.880378
VJ Edgecombe,,,a37e80a2e3cf3aaa3ae84a9124987058,2026-05-02,23:40,assists,3.5,122.0,-161.0,False,draftkings,2026-05-01T14:24:38.880379
Nikola Vucevic,,,a37e80a2e3cf3aaa3ae84a9124987058,2026-05-02,23:40,assists,1.5,106.0,-140.0,False,draftkings,2026-05-01T14:24:38.880381
Kelly Oubre Jr,,,a37e80a2e3cf3aaa3ae84a9124987058,2026-05-02,23:40,assists,1.5,178.0,-239.0,False,draftkings,2026-05-01T14:24:38.880383
Sam Hauser,,,a37e80a2e3cf3aaa3ae84a9124987058,2026-05-02,23:40,assists,0.5,-208.0,156.0,False,draftkings,2026-05-01T14:24:38.880385
Neemias Queta,,,a37e80a2e3cf3aaa3ae84a9124987058,2026-05-02,23:40,assists,0.5,-171.0,129.0,False,draftkings,2026-05-01T14:24:38.880386
Jayson Tatum,,,a37e80a2e3cf3aaa3ae84a9124987058,2026-05-02,23:40,assists,3.5,-1140.0,,True,draftkings,2026-05-01T14:24:38.880435
Jayson Tatum,,,a37e80a2e3cf3aaa3ae84a9124987058,2026-05-02,23:40,assists,4.5,-444.0,,True,draftkings,2026-05-01T14:24:38.880437
Jayson Tatum,,,a37e80a2e3cf3aaa3ae84a9124987058,2026-05-02,23:40,assists,5.5,-211.0,,True,draftkings,2026-05-01T14:24:38.880439
Jayson Tatum,,,a37e80a2e3cf3aaa3ae84a9124987058,2026-05-02,23:40,assists,6.5,-113.0,,True,draftkings,2026-05-01T14:24:38.880441
Jayson Tatum,,,a37e80a2e3cf3aaa3ae84a9124987058,2026-05-02,23:40,assists,7.5,164.0,,True,draftkings,2026-05-01T14:24:38.880442
Jayson Tatum,,,a37e80a2e3cf3aaa3ae84a9124987058,2026-05-02,23:40,assists,8.5,291.0,,True,draftkings,2026-05-01T14:24:38.880444
Jayson Tatum,,,a37e80a2e3cf3aaa3ae84a9124987058,2026-05-02,23:40,assists,9.5,507.0,,True,draftkings,2026-05-01T14:24:38.880446
Jayson Tatum,,,a37e80a2e3cf3aaa3ae84a9124987058,2026-05-02,23:40,assists,10.5,910.0,,True,draftkings,2026-05-01T14:24:38.880448
Jayson Tatum,,,a37e80a2e3cf3aaa3ae84a9124987058,2026-05-02,23:40,assists,11.5,1480.0,,True,draftkings,2026-05-01T14:24:38.880450
Jayson Tatum,,,a37e80a2e3cf3aaa3ae84a9124987058,2026-05-02,23:40,assists,12.5,2200.0,,True,draftkings,2026-05-01T14:24:38.880452
Tyrese Maxey,,,a37e80a2e3cf3aaa3ae84a9124987058,2026-05-02,23:40,assists,2.5,-2500.0,,True,draftkings,2026-05-01T14:24:38.880453
Tyrese Maxey,,,a37e80a2e3cf3aaa3ae84a9124987058,2026-05-02,23:40,assists,3.5,-750.0,,True,draftkings,2026-05-01T14:24:38.880455
Tyrese Maxey,,,a37e80a2e3cf3aaa3ae84a9124987058,2026-05-02,23:40,assists,4.5,-321.0,,True,draftkings,2026-05-01T14:24:38.880457
Tyrese Maxey,,,a37e80a2e3cf3aaa3ae84a9124987058,2026-05-02,23:40,assists,5.5,-163.0,,True,draftkings,2026-05-01T14:24:38.880459
Tyrese Maxey,,,a37e80a2e3cf3aaa3ae84a9124987058,2026-05-02,23:40,assists,6.5,112.0,,True,draftkings,2026-05-01T14:24:38.880460
Tyrese Maxey,,,a37e80a2e3cf3aaa3ae84a9124987058,2026-05-02,23:40,assists,7.5,197.0,,True,draftkings,2026-05-01T14:24:38.880462
Tyrese Maxey,,,a37e80a2e3cf3aaa3ae84a9124987058,2026-05-02,23:40,assists,8.5,345.0,,True,draftkings,2026-05-01T14:24:38.880464
Tyrese Maxey,,,a37e80a2e3cf3aaa3ae84a9124987058,2026-05-02,23:40,assists,9.5,595.0,,True,draftkings,2026-05-01T14:24:38.880465
Tyrese Maxey,,,a37e80a2e3cf3aaa3ae84a9124987058,2026-05-02,23:40,assists,10.5,1020.0,,True,draftkings,2026-05-01T14:24:38.880467
Tyrese Maxey,,,a37e80a2e3cf3aaa3ae84a9124987058,2026-05-02,23:40,assists,11.5,1640.0,,True,draftkings,2026-05-01T14:24:38.880469
Tyrese Maxey,,,a37e80a2e3cf3aaa3ae84a9124987058,2026-05-02,23:40,assists,12.5,2500.0,,True,draftkings,2026-05-01T14:24:38.880470
Joel Embiid,,,a37e80a2e3cf3aaa3ae84a9124987058,2026-05-02,23:40,assists,2.5,-680.0,,True,draftkings,2026-05-01T14:24:38.880472
Joel Embiid,,,a37e80a2e3cf3aaa3ae84a9124987058,2026-05-02,23:40,assists,3.5,-265.0,,True,draftkings,2026-05-01T14:24:38.880474
Joel Embiid,,,a37e80a2e3cf3aaa3ae84a9124987058,2026-05-02,23:40,assists,4.5,-125.0,,True,draftkings,2026-05-01T14:24:38.880476
Joel Embiid,,,a37e80a2e3cf3aaa3ae84a9124987058,2026-05-02,23:40,assists,5.5,159.0,,True,draftkings,2026-05-01T14:24:38.880477
Joel Embiid,,,a37e80a2e3cf3aaa3ae84a9124987058,2026-05-02,23:40,assists,6.5,305.0,,True,draftkings,2026-05-01T14:24:38.880479
Joel Embiid,,,a37e80a2e3cf3aaa3ae84a9124987058,2026-05-02,23:40,assists,7.5,575.0,,True,draftkings,2026-05-01T14:24:38.880481
Joel Embiid,,,a37e80a2e3cf3aaa3ae84a9124987058,2026-05-02,23:40,assists,8.5,1040.0,,True,draftkings,2026-05-01T14:24:38.880482
Joel Embiid,,,a37e80a2e3cf3aaa3ae84a9124987058,2026-05-02,23:40,assists,9.5,1820.0,,True,draftkings,2026-05-01T14:24:38.880484
Joel Embiid,,,a37e80a2e3cf3aaa3ae84a9124987058,2026-05-02,23:40,assists,10.5,2900.0,,True,draftkings,2026-05-01T14:24:38.880486
Jaylen Brown,,,a37e80a2e3cf3aaa3ae84a9124987058,2026-05-02,23:40,assists,2.5,-503.0,,True,draftkings,2026-05-01T14:24:38.880488
Jaylen Brown,,,a37e80a2e3cf3aaa3ae84a9124987058,2026-05-02,23:40,assists,3.5,-196.0,,True,draftkings,2026-05-01T14:24:38.880492
Jaylen Brown,,,a37e80a2e3cf3aaa3ae84a9124987058,2026-05-02,23:40,assists,4.5,114.0,,True,draftkings,2026-05-01T14:24:38.880494
Jaylen Brown,,,a37e80a2e3cf3aaa3ae84a9124987058,2026-05-02,23:40,assists,5.5,232.0,,True,draftkings,2026-05-01T14:24:38.880496
Jaylen Brown,,,a37e80a2e3cf3aaa3ae84a9124987058,2026-05-02,23:40,assists,6.5,462.0,,True,draftkings,2026-05-01T14:24:38.880497
Jaylen Brown,,,a37e80a2e3cf3aaa3ae84a9124987058,2026-05-02,23:40,assists,7.5,910.0,,True,draftkings,2026-05-01T14:24:38.880499
Jaylen Brown,,,a37e80a2e3cf3aaa3ae84a9124987058,2026-05-02,23:40,assists,8.5,1680.0,,True,draftkings,2026-05-01T14:24:38.880501
Jaylen Brown,,,a37e80a2e3cf3aaa3ae84a9124987058,2026-05-02,23:40,assists,9.5,2600.0,,True,draftkings,2026-05-01T14:24:38.880502
Payton Pritchard,,,a37e80a2e3cf3aaa3ae84a9124987058,2026-05-02,23:40,assists,2.5,-416.0,,True,draftkings,2026-05-01T14:24:38.880504
Payton Pritchard,,,a37e80a2e3cf3aaa3ae84a9124987058,2026-05-02,23:40,assists,3.5,-165.0,,True,draftkings,2026-05-01T14:24:38.880508
Payton Pritchard,,,a37e80a2e3cf3aaa3ae84a9124987058,2026-05-02,23:40,assists,4.5,134.0,,True,draftkings,2026-05-01T14:24:38.880510
Payton Pritchard,,,a37e80a2e3cf3aaa3ae84a9124987058,2026-05-02,23:40,assists,5.5,267.0,,True,draftkings,2026-05-01T14:24:38.880513
Payton Pritchard,,,a37e80a2e3cf3aaa3ae84a9124987058,2026-05-02,23:40,assists,6.5,544.0,,True,draftkings,2026-05-01T14:24:38.880515
Payton Pritchard,,,a37e80a2e3cf3aaa3ae84a9124987058,2026-05-02,23:40,assists,7.5,1040.0,,True,draftkings,2026-05-01T14:24:38.880517
Payton Pritchard,,,a37e80a2e3cf3aaa3ae84a9124987058,2026-05-02,23:40,assists,8.5,1880.0,,True,draftkings,2026-05-01T14:24:38.880519
Payton Pritchard,,,a37e80a2e3cf3aaa3ae84a9124987058,2026-05-02,23:40,assists,9.5,2800.0,,True,draftkings,2026-05-01T14:24:38.880520
Derrick White,,,a37e80a2e3cf3aaa3ae84a9124987058,2026-05-02,23:40,assists,2.5,-313.0,,True,draftkings,2026-05-01T14:24:38.880522
Derrick White,,,a37e80a2e3cf3aaa3ae84a9124987058,2026-05-02,23:40,assists,3.5,-125.0,,True,draftkings,2026-05-01T14:24:38.880524
Derrick White,,,a37e80a2e3cf3aaa3ae84a9124987058,2026-05-02,23:40,assists,4.5,181.0,,True,draftkings,2026-05-01T14:24:38.880525
Derrick White,,,a37e80a2e3cf3aaa3ae84a9124987058,2026-05-02,23:40,assists,5.5,373.0,,True,draftkings,2026-05-01T14:24:38.880527
Derrick White,,,a37e80a2e3cf3aaa3ae84a9124987058,2026-05-02,23:40,assists,6.5,750.0,,True,draftkings,2026-05-01T14:24:38.880529
Derrick White,,,a37e80a2e3cf3aaa3ae84a9124987058,2026-05-02,23:40,assists,7.5,1440.0,,True,draftkings,2026-05-01T14:24:38.880530
Derrick White,,,a37e80a2e3cf3aaa3ae84a9124987058,2026-05-02,23:40,assists,8.5,2500.0,,True,draftkings,2026-05-01T14:24:38.880532
Paul George,,,a37e80a2e3cf3aaa3ae84a9124987058,2026-05-02,23:40,assists,2.5,-209.0,,True,draftkings,2026-05-01T14:24:38.880534
Paul George,,,a37e80a2e3cf3aaa3ae84a9124987058,2026-05-02,23:40,assists,3.5,116.0,,True,draftkings,2026-05-01T14:24:38.880536
Paul George,,,a37e80a2e3cf3aaa3ae84a9124987058,2026-05-02,23:40,assists,4.5,253.0,,True,draftkings,2026-05-01T14:24:38.880537
Paul George,,,a37e80a2e3cf3aaa3ae84a9124987058,2026-05-02,23:40,assists,5.5,529.0,,True,draftkings,2026-05-01T14:24:38.880539
Paul George,,,a37e80a2e3cf3aaa3ae84a9124987058,2026-05-02,23:40,assists,6.5,1040.0,,True,draftkings,2026-05-01T14:24:38.880541
Paul George,,,a37e80a2e3cf3aaa3ae84a9124987058,2026-05-02,23:40,assists,7.5,1900.0,,True,draftkings,2026-05-01T14:24:38.880542
Paul George,,,a37e80a2e3cf3aaa3ae84a9124987058,2026-05-02,23:40,assists,8.5,2900.0,,True,draftkings,2026-05-01T14:24:38.880544
VJ Edgecombe,,,a37e80a2e3cf3aaa3ae84a9124987058,2026-05-02,23:40,assists,2.5,-200.0,,True,draftkings,2026-05-01T14:24:38.880545
VJ Edgecombe,,,a37e80a2e3cf3aaa3ae84a9124987058,2026-05-02,23:40,assists,3.5,123.0,,True,draftkings,2026-05-01T14:24:38.880547
VJ Edgecombe,,,a37e80a2e3cf3aaa3ae84a9124987058,2026-05-02,23:40,assists,4.5,267.0,,True,draftkings,2026-05-01T14:24:38.880549
VJ Edgecombe,,,a37e80a2e3cf3aaa3ae84a9124987058,2026-05-02,23:40,assists,5.5,569.0,,True,draftkings,2026-05-01T14:24:38.880551
VJ Edgecombe,,,a37e80a2e3cf3aaa3ae84a9124987058,2026-05-02,23:40,assists,6.5,1140.0,,True,draftkings,2026-05-01T14:24:38.880553
VJ Edgecombe,,,a37e80a2e3cf3aaa3ae84a9124987058,2026-05-02,23:40,assists,7.5,2000.0,,True,draftkings,2026-05-01T14:24:38.880555
Nikola Vucevic,,,a37e80a2e3cf3aaa3ae84a9124987058,2026-05-02,23:40,assists,1.5,107.0,,True,draftkings,2026-05-01T14:24:38.880556
Nikola Vucevic,,,a37e80a2e3cf3aaa3ae84a9124987058,2026-05-02,23:40,assists,2.5,335.0,,True,draftkings,2026-05-01T14:24:38.880558
Nikola Vucevic,,,a37e80a2e3cf3aaa3ae84a9124987058,2026-05-02,23:40,assists,3.5,900.0,,True,draftkings,2026-05-01T14:24:38.880560
Nikola Vucevic,,,a37e80a2e3cf3aaa3ae84a9124987058,2026-05-02,23:40,assists,4.5,2000.0,,True,draftkings,2026-05-01T14:24:38.880561
Kelly Oubre Jr,,,a37e80a2e3cf3aaa3ae84a9124987058,2026-05-02,23:40,assists,1.5,179.0,,True,draftkings,2026-05-01T14:24:38.880563
Kelly Oubre Jr,,,a37e80a2e3cf3aaa3ae84a9124987058,2026-05-02,23:40,assists,2.5,600.0,,True,draftkings,2026-05-01T14:24:38.880565
Kelly Oubre Jr,,,a37e80a2e3cf3aaa3ae84a9124987058,2026-05-02,23:40,assists,3.5,1680.0,,True,draftkings,2026-05-01T14:24:38.880567
Sam Hauser,,,a37e80a2e3cf3aaa3ae84a9124987058,2026-05-02,23:40,assists,0.5,-212.0,,True,draftkings,2026-05-01T14:24:38.880569
Sam Hauser,,,a37e80a2e3cf3aaa3ae84a9124987058,2026-05-02,23:40,assists,2.5,760.0,,True,draftkings,2026-05-01T14:24:38.880570
Sam Hauser,,,a37e80a2e3cf3aaa3ae84a9124987058,2026-05-02,23:40,assists,3.5,2000.0,,True,draftkings,2026-05-01T14:24:38.880572
Neemias Queta,,,a37e80a2e3cf3aaa3ae84a9124987058,2026-05-02,23:40,assists,0.5,-172.0,,True,draftkings,2026-05-01T14:24:38.880574
Neemias Queta,,,a37e80a2e3cf3aaa3ae84a9124987058,2026-05-02,23:40,assists,2.5,940.0,,True,draftkings,2026-05-01T14:24:38.880576
Neemias Queta,,,a37e80a2e3cf3aaa3ae84a9124987058,2026-05-02,23:40,assists,3.5,2500.0,,True,draftkings,2026-05-01T14:24:38.880577
Joel Embiid,,,a37e80a2e3cf3aaa3ae84a9124987058,2026-05-02,23:40,points,25.5,-121.0,-105.0,False,draftkings,2026-05-01T14:24:38.880597
Jaylen Brown,,,a37e80a2e3cf3aaa3ae84a9124987058,2026-05-02,23:40,points,24.5,-124.0,-102.0,False,draftkings,2026-05-01T14:24:38.880599
Jayson Tatum,,,a37e80a2e3cf3aaa3ae84a9124987058,2026-05-02,23:40,points,24.5,-106.0,-120.0,False,draftkings,2026-05-01T14:24:38.880601
Tyrese Maxey,,,a37e80a2e3cf3aaa3ae84a9124987058,2026-05-02,23:40,points,24.5,-103.0,-124.0,False,draftkings,2026-05-01T14:24:38.880603
Paul George,,,a37e80a2e3cf3aaa3ae84a9124987058,2026-05-02,23:40,points,15.5,-118.0,-108.0,False,draftkings,2026-05-01T14:24:38.880604
Payton Pritchard,,,a37e80a2e3cf3aaa3ae84a9124987058,2026-05-02,23:40,points,12.5,-116.0,-110.0,False,draftkings,2026-05-01T14:24:38.880606
VJ Edgecombe,,,a37e80a2e3cf3aaa3ae84a9124987058,2026-05-02,23:40,points,11.5,-111.0,-115.0,False,draftkings,2026-05-01T14:24:38.880608
Derrick White,,,a37e80a2e3cf3aaa3ae84a9124987058,2026-05-02,23:40,points,11.5,-109.0,-117.0,False,draftkings,2026-05-01T14:24:38.880610
Kelly Oubre Jr,,,a37e80a2e3cf3aaa3ae84a9124987058,2026-05-02,23:40,points,8.5,-128.0,100.0,False,draftkings,2026-05-01T14:24:38.880612
Neemias Queta,,,a37e80a2e3cf3aaa3ae84a9124987058,2026-05-02,23:40,points,7.5,-112.0,-114.0,False,draftkings,2026-05-01T14:24:38.880613
Nikola Vucevic,,,a37e80a2e3cf3aaa3ae84a9124987058,2026-05-02,23:40,points,7.5,-101.0,-126.0,False,draftkings,2026-05-01T14:24:38.880615
Quentin Grimes,,,a37e80a2e3cf3aaa3ae84a9124987058,2026-05-02,23:40,points,6.5,-121.0,-105.0,False,draftkings,2026-05-01T14:24:38.880617
Sam Hauser,,,a37e80a2e3cf3aaa3ae84a9124987058,2026-05-02,23:40,points,6.5,-102.0,-125.0,False,draftkings,2026-05-01T14:24:38.880618
Joel Embiid,,,a37e80a2e3cf3aaa3ae84a9124987058,2026-05-02,23:40,points,14.5,-1640.0,,True,draftkings,2026-05-01T14:24:38.880673
Joel Embiid,,,a37e80a2e3cf3aaa3ae84a9124987058,2026-05-02,23:40,points,17.5,-680.0,,True,draftkings,2026-05-01T14:24:38.880675
Joel Embiid,,,a37e80a2e3cf3aaa3ae84a9124987058,2026-05-02,23:40,points,19.5,-413.0,,True,draftkings,2026-05-01T14:24:38.880677
Joel Embiid,,,a37e80a2e3cf3aaa3ae84a9124987058,2026-05-02,23:40,points,24.5,-147.0,,True,draftkings,2026-05-01T14:24:38.880678
Joel Embiid,,,a37e80a2e3cf3aaa3ae84a9124987058,2026-05-02,23:40,points,25.5,-121.0,,True,draftkings,2026-05-01T14:24:38.880680
Joel Embiid,,,a37e80a2e3cf3aaa3ae84a9124987058,2026-05-02,23:40,points,29.5,168.0,,True,draftkings,2026-05-01T14:24:38.880682
Joel Embiid,,,a37e80a2e3cf3aaa3ae84a9124987058,2026-05-02,23:40,points,34.5,404.0,,True,draftkings,2026-05-01T14:24:38.880684
Joel Embiid,,,a37e80a2e3cf3aaa3ae84a9124987058,2026-05-02,23:40,points,39.5,970.0,,True,draftkings,2026-05-01T14:24:38.880686
Joel Embiid,,,a37e80a2e3cf3aaa3ae84a9124987058,2026-05-02,23:40,points,44.5,2200.0,,True,draftkings,2026-05-01T14:24:38.880688
Tyrese Maxey,,,a37e80a2e3cf3aaa3ae84a9124987058,2026-05-02,23:40,points,11.5,-2900.0,,True,draftkings,2026-05-01T14:24:38.880690
Tyrese Maxey,,,a37e80a2e3cf3aaa3ae84a9124987058,2026-05-02,23:40,points,14.5,-930.0,,True,draftkings,2026-05-01T14:24:38.880691
Tyrese Maxey,,,a37e80a2e3cf3aaa3ae84a9124987058,2026-05-02,23:40,points,17.5,-422.0,,True,draftkings,2026-05-01T14:24:38.880693
Tyrese Maxey,,,a37e80a2e3cf3aaa3ae84a9124987058,2026-05-02,23:40,points,19.5,-270.0,,True,draftkings,2026-05-01T14:24:38.880695
Tyrese Maxey,,,a37e80a2e3cf3aaa3ae84a9124987058,2026-05-02,23:40,points,24.5,-103.0,,True,draftkings,2026-05-01T14:24:38.880696
Tyrese Maxey,,,a37e80a2e3cf3aaa3ae84a9124987058,2026-05-02,23:40,points,29.5,237.0,,True,draftkings,2026-05-01T14:24:38.880698
Tyrese Maxey,,,a37e80a2e3cf3aaa3ae84a9124987058,2026-05-02,23:40,points,34.5,567.0,,True,draftkings,2026-05-01T14:24:38.880700
Tyrese Maxey,,,a37e80a2e3cf3aaa3ae84a9124987058,2026-05-02,23:40,points,39.5,1300.0,,True,draftkings,2026-05-01T14:24:38.880701
Tyrese Maxey,,,a37e80a2e3cf3aaa3ae84a9124987058,2026-05-02,23:40,points,44.5,2600.0,,True,draftkings,2026-05-01T14:24:38.880703
Jayson Tatum,,,a37e80a2e3cf3aaa3ae84a9124987058,2026-05-02,23:40,points,14.5,-1200.0,,True,draftkings,2026-05-01T14:24:38.880705
Jayson Tatum,,,a37e80a2e3cf3aaa3ae84a9124987058,2026-05-02,23:40,points,17.5,-493.0,,True,draftkings,2026-05-01T14:24:38.880706
Jayson Tatum,,,a37e80a2e3cf3aaa3ae84a9124987058,2026-05-02,23:40,points,19.5,-301.0,,True,draftkings,2026-05-01T14:24:38.880708
Jayson Tatum,,,a37e80a2e3cf3aaa3ae84a9124987058,2026-05-02,23:40,points,24.5,-106.0,,True,draftkings,2026-05-01T14:24:38.880709
Jayson Tatum,,,a37e80a2e3cf3aaa3ae84a9124987058,2026-05-02,23:40,points,29.5,240.0,,True,draftkings,2026-05-01T14:24:38.880711
Jayson Tatum,,,a37e80a2e3cf3aaa3ae84a9124987058,2026-05-02,23:40,points,34.5,596.0,,True,draftkings,2026-05-01T14:24:38.880713
Jayson Tatum,,,a37e80a2e3cf3aaa3ae84a9124987058,2026-05-02,23:40,points,39.5,1420.0,,True,draftkings,2026-05-01T14:24:38.880714
Jayson Tatum,,,a37e80a2e3cf3aaa3ae84a9124987058,2026-05-02,23:40,points,44.5,2800.0,,True,draftkings,2026-05-01T14:24:38.880716
Jaylen Brown,,,a37e80a2e3cf3aaa3ae84a9124987058,2026-05-02,23:40,points,14.5,-1940.0,,True,draftkings,2026-05-01T14:24:38.880718
Jaylen Brown,,,a37e80a2e3cf3aaa3ae84a9124987058,2026-05-02,23:40,points,17.5,-680.0,,True,draftkings,2026-05-01T14:24:38.880720
Jaylen Brown,,,a37e80a2e3cf3aaa3ae84a9124987058,2026-05-02,23:40,points,19.5,-390.0,,True,draftkings,2026-05-01T14:24:38.880721
Jaylen Brown,,,a37e80a2e3cf3aaa3ae84a9124987058,2026-05-02,23:40,points,24.5,-125.0,,True,draftkings,2026-05-01T14:24:38.880723
Jaylen Brown,,,a37e80a2e3cf3aaa3ae84a9124987058,2026-05-02,23:40,points,29.5,219.0,,True,draftkings,2026-05-01T14:24:38.880725
Jaylen Brown,,,a37e80a2e3cf3aaa3ae84a9124987058,2026-05-02,23:40,points,34.5,598.0,,True,draftkings,2026-05-01T14:24:38.880726
Jaylen Brown,,,a37e80a2e3cf3aaa3ae84a9124987058,2026-05-02,23:40,points,39.5,1500.0,,True,draftkings,2026-05-01T14:24:38.880728
Paul George,,,a37e80a2e3cf3aaa3ae84a9124987058,2026-05-02,23:40,points,7.5,-1340.0,,True,draftkings,2026-05-01T14:24:38.880730
Paul George,,,a37e80a2e3cf3aaa3ae84a9124987058,2026-05-02,23:40,points,9.5,-620.0,,True,draftkings,2026-05-01T14:24:38.880732
Paul George,,,a37e80a2e3cf3aaa3ae84a9124987058,2026-05-02,23:40,points,11.5,-327.0,,True,draftkings,2026-05-01T14:24:38.880733
Paul George,,,a37e80a2e3cf3aaa3ae84a9124987058,2026-05-02,23:40,points,14.5,-153.0,,True,draftkings,2026-05-01T14:24:38.880735
Paul George,,,a37e80a2e3cf3aaa3ae84a9124987058,2026-05-02,23:40,points,15.5,-121.0,,True,draftkings,2026-05-01T14:24:38.880737
Paul George,,,a37e80a2e3cf3aaa3ae84a9124987058,2026-05-02,23:40,points,17.5,129.0,,True,draftkings,2026-05-01T14:24:38.880738
Paul George,,,a37e80a2e3cf3aaa3ae84a9124987058,2026-05-02,23:40,points,19.5,199.0,,True,draftkings,2026-05-01T14:24:38.880740
Paul George,,,a37e80a2e3cf3aaa3ae84a9124987058,2026-05-02,23:40,points,24.5,559.0,,True,draftkings,2026-05-01T14:24:38.880742
Paul George,,,a37e80a2e3cf3aaa3ae84a9124987058,2026-05-02,23:40,points,29.5,1440.0,,True,draftkings,2026-05-01T14:24:38.880743
Paul George,,,a37e80a2e3cf3aaa3ae84a9124987058,2026-05-02,23:40,points,34.5,3000.0,,True,draftkings,2026-05-01T14:24:38.880745
Payton Pritchard,,,a37e80a2e3cf3aaa3ae84a9124987058,2026-05-02,23:40,points,5.5,-1420.0,,True,draftkings,2026-05-01T14:24:38.880747
Payton Pritchard,,,a37e80a2e3cf3aaa3ae84a9124987058,2026-05-02,23:40,points,7.5,-563.0,,True,draftkings,2026-05-01T14:24:38.880749
Payton Pritchard,,,a37e80a2e3cf3aaa3ae84a9124987058,2026-05-02,23:40,points,9.5,-277.0,,True,draftkings,2026-05-01T14:24:38.880750
Payton Pritchard,,,a37e80a2e3cf3aaa3ae84a9124987058,2026-05-02,23:40,points,11.5,-152.0,,True,draftkings,2026-05-01T14:24:38.880752
Payton Pritchard,,,a37e80a2e3cf3aaa3ae84a9124987058,2026-05-02,23:40,points,12.5,-116.0,,True,draftkings,2026-05-01T14:24:38.880754
Payton Pritchard,,,a37e80a2e3cf3aaa3ae84a9124987058,2026-05-02,23:40,points,14.5,142.0,,True,draftkings,2026-05-01T14:24:38.880755
Payton Pritchard,,,a37e80a2e3cf3aaa3ae84a9124987058,2026-05-02,23:40,points,17.5,297.0,,True,draftkings,2026-05-01T14:24:38.880757
Payton Pritchard,,,a37e80a2e3cf3aaa3ae84a9124987058,2026-05-02,23:40,points,19.5,477.0,,True,draftkings,2026-05-01T14:24:38.880759
Payton Pritchard,,,a37e80a2e3cf3aaa3ae84a9124987058,2026-05-02,23:40,points,24.5,1440.0,,True,draftkings,2026-05-01T14:24:38.880760
Payton Pritchard,,,a37e80a2e3cf3aaa3ae84a9124987058,2026-05-02,23:40,points,29.5,3000.0,,True,draftkings,2026-05-01T14:24:38.880762
VJ Edgecombe,,,a37e80a2e3cf3aaa3ae84a9124987058,2026-05-02,23:40,points,5.5,-860.0,,True,draftkings,2026-05-01T14:24:38.880764
VJ Edgecombe,,,a37e80a2e3cf3aaa3ae84a9124987058,2026-05-02,23:40,points,7.5,-384.0,,True,draftkings,2026-05-01T14:24:38.880765
VJ Edgecombe,,,a37e80a2e3cf3aaa3ae84a9124987058,2026-05-02,23:40,points,9.5,-196.0,,True,draftkings,2026-05-01T14:24:38.880767
VJ Edgecombe,,,a37e80a2e3cf3aaa3ae84a9124987058,2026-05-02,23:40,points,11.5,-111.0,,True,draftkings,2026-05-01T14:24:38.880769
VJ Edgecombe,,,a37e80a2e3cf3aaa3ae84a9124987058,2026-05-02,23:40,points,14.5,198.0,,True,draftkings,2026-05-01T14:24:38.880770
VJ Edgecombe,,,a37e80a2e3cf3aaa3ae84a9124987058,2026-05-02,23:40,points,17.5,410.0,,True,draftkings,2026-05-01T14:24:38.880772
VJ Edgecombe,,,a37e80a2e3cf3aaa3ae84a9124987058,2026-05-02,23:40,points,19.5,650.0,,True,draftkings,2026-05-01T14:24:38.880774
VJ Edgecombe,,,a37e80a2e3cf3aaa3ae84a9124987058,2026-05-02,23:40,points,24.5,1920.0,,True,draftkings,2026-05-01T14:24:38.880775
Derrick White,,,a37e80a2e3cf3aaa3ae84a9124987058,2026-05-02,23:40,points,5.5,-920.0,,True,draftkings,2026-05-01T14:24:38.880777
Derrick White,,,a37e80a2e3cf3aaa3ae84a9124987058,2026-05-02,23:40,points,7.5,-399.0,,True,draftkings,2026-05-01T14:24:38.880779
Derrick White,,,a37e80a2e3cf3aaa3ae84a9124987058,2026-05-02,23:40,points,9.5,-199.0,,True,draftkings,2026-05-01T14:24:38.880780
Derrick White,,,a37e80a2e3cf3aaa3ae84a9124987058,2026-05-02,23:40,points,11.5,-109.0,,True,draftkings,2026-05-01T14:24:38.880782
Derrick White,,,a37e80a2e3cf3aaa3ae84a9124987058,2026-05-02,23:40,points,14.5,204.0,,True,draftkings,2026-05-01T14:24:38.880784
Derrick White,,,a37e80a2e3cf3aaa3ae84a9124987058,2026-05-02,23:40,points,17.5,437.0,,True,draftkings,2026-05-01T14:24:38.880785
Derrick White,,,a37e80a2e3cf3aaa3ae84a9124987058,2026-05-02,23:40,points,19.5,710.0,,True,draftkings,2026-05-01T14:24:38.880787
Derrick White,,,a37e80a2e3cf3aaa3ae84a9124987058,2026-05-02,23:40,points,24.5,2200.0,,True,draftkings,2026-05-01T14:24:38.880789
Kelly Oubre Jr,,,a37e80a2e3cf3aaa3ae84a9124987058,2026-05-02,23:40,points,5.5,-390.0,,True,draftkings,2026-05-01T14:24:38.880790
Kelly Oubre Jr,,,a37e80a2e3cf3aaa3ae84a9124987058,2026-05-02,23:40,points,7.5,-180.0,,True,draftkings,2026-05-01T14:24:38.880792
Kelly Oubre Jr,,,a37e80a2e3cf3aaa3ae84a9124987058,2026-05-02,23:40,points,8.5,-129.0,,True,draftkings,2026-05-01T14:24:38.880796
Kelly Oubre Jr,,,a37e80a2e3cf3aaa3ae84a9124987058,2026-05-02,23:40,points,9.5,106.0,,True,draftkings,2026-05-01T14:24:38.880798
Kelly Oubre Jr,,,a37e80a2e3cf3aaa3ae84a9124987058,2026-05-02,23:40,points,11.5,195.0,,True,draftkings,2026-05-01T14:24:38.880800
Kelly Oubre Jr,,,a37e80a2e3cf3aaa3ae84a9124987058,2026-05-02,23:40,points,14.5,460.0,,True,draftkings,2026-05-01T14:24:38.880802
Kelly Oubre Jr,,,a37e80a2e3cf3aaa3ae84a9124987058,2026-05-02,23:40,points,17.5,990.0,,True,draftkings,2026-05-01T14:24:38.880803
Kelly Oubre Jr,,,a37e80a2e3cf3aaa3ae84a9124987058,2026-05-02,23:40,points,19.5,1580.0,,True,draftkings,2026-05-01T14:24:38.880805
Quentin Grimes,,,a37e80a2e3cf3aaa3ae84a9124987058,2026-05-02,23:40,points,5.5,-170.0,,True,draftkings,2026-05-01T14:24:38.880807
Quentin Grimes,,,a37e80a2e3cf3aaa3ae84a9124987058,2026-05-02,23:40,points,6.5,-119.0,,True,draftkings,2026-05-01T14:24:38.880808
Quentin Grimes,,,a37e80a2e3cf3aaa3ae84a9124987058,2026-05-02,23:40,points,7.5,116.0,,True,draftkings,2026-05-01T14:24:38.880810
Quentin Grimes,,,a37e80a2e3cf3aaa3ae84a9124987058,2026-05-02,23:40,points,9.5,217.0,,True,draftkings,2026-05-01T14:24:38.880812
Quentin Grimes,,,a37e80a2e3cf3aaa3ae84a9124987058,2026-05-02,23:40,points,11.5,390.0,,True,draftkings,2026-05-01T14:24:38.880813
Quentin Grimes,,,a37e80a2e3cf3aaa3ae84a9124987058,2026-05-02,23:40,points,14.5,880.0,,True,draftkings,2026-05-01T14:24:38.880815
Quentin Grimes,,,a37e80a2e3cf3aaa3ae84a9124987058,2026-05-02,23:40,points,17.5,1760.0,,True,draftkings,2026-05-01T14:24:38.880817
Quentin Grimes,,,a37e80a2e3cf3aaa3ae84a9124987058,2026-05-02,23:40,points,19.5,2500.0,,True,draftkings,2026-05-01T14:24:38.880818
Sam Hauser,,,a37e80a2e3cf3aaa3ae84a9124987058,2026-05-02,23:40,points,5.5,-216.0,,True,draftkings,2026-05-01T14:24:38.880820
Sam Hauser,,,a37e80a2e3cf3aaa3ae84a9124987058,2026-05-02,23:40,points,6.5,-102.0,,True,draftkings,2026-05-01T14:24:38.880822
Sam Hauser,,,a37e80a2e3cf3aaa3ae84a9124987058,2026-05-02,23:40,points,7.5,103.0,,True,draftkings,2026-05-01T14:24:38.880823
Sam Hauser,,,a37e80a2e3cf3aaa3ae84a9124987058,2026-05-02,23:40,points,9.5,240.0,,True,draftkings,2026-05-01T14:24:38.880825
Sam Hauser,,,a37e80a2e3cf3aaa3ae84a9124987058,2026-05-02,23:40,points,11.5,336.0,,True,draftkings,2026-05-01T14:24:38.880827
Sam Hauser,,,a37e80a2e3cf3aaa3ae84a9124987058,2026-05-02,23:40,points,14.5,800.0,,True,draftkings,2026-05-01T14:24:38.880828
Sam Hauser,,,a37e80a2e3cf3aaa3ae84a9124987058,2026-05-02,23:40,points,17.5,1700.0,,True,draftkings,2026-05-01T14:24:38.880830
Sam Hauser,,,a37e80a2e3cf3aaa3ae84a9124987058,2026-05-02,23:40,points,19.5,2500.0,,True,draftkings,2026-05-01T14:24:38.880832
Nikola Vucevic,,,a37e80a2e3cf3aaa3ae84a9124987058,2026-05-02,23:40,points,5.5,-212.0,,True,draftkings,2026-05-01T14:24:38.880833
Nikola Vucevic,,,a37e80a2e3cf3aaa3ae84a9124987058,2026-05-02,23:40,points,7.5,-101.0,,True,draftkings,2026-05-01T14:24:38.880835
Nikola Vucevic,,,a37e80a2e3cf3aaa3ae84a9124987058,2026-05-02,23:40,points,9.5,189.0,,True,draftkings,2026-05-01T14:24:38.880837
Nikola Vucevic,,,a37e80a2e3cf3aaa3ae84a9124987058,2026-05-02,23:40,points,11.5,348.0,,True,draftkings,2026-05-01T14:24:38.880838
Nikola Vucevic,,,a37e80a2e3cf3aaa3ae84a9124987058,2026-05-02,23:40,points,14.5,810.0,,True,draftkings,2026-05-01T14:24:38.880840
Nikola Vucevic,,,a37e80a2e3cf3aaa3ae84a9124987058,2026-05-02,23:40,points,17.5,1780.0,,True,draftkings,2026-05-01T14:24:38.880842
Nikola Vucevic,,,a37e80a2e3cf3aaa3ae84a9124987058,2026-05-02,23:40,points,19.5,2600.0,,True,draftkings,2026-05-01T14:24:38.880844
Neemias Queta,,,a37e80a2e3cf3aaa3ae84a9124987058,2026-05-02,23:40,points,5.5,-279.0,,True,draftkings,2026-05-01T14:24:38.880845
Neemias Queta,,,a37e80a2e3cf3aaa3ae84a9124987058,2026-05-02,23:40,points,7.5,-112.0,,True,draftkings,2026-05-01T14:24:38.880847
Neemias Queta,,,a37e80a2e3cf3aaa3ae84a9124987058,2026-05-02,23:40,points,9.5,196.0,,True,draftkings,2026-05-01T14:24:38.880851
Neemias Queta,,,a37e80a2e3cf3aaa3ae84a9124987058,2026-05-02,23:40,points,11.5,407.0,,True,draftkings,2026-05-01T14:24:38.880853
Neemias Queta,,,a37e80a2e3cf3aaa3ae84a9124987058,2026-05-02,23:40,points,14.5,1080.0,,True,draftkings,2026-05-01T14:24:38.880854
Neemias Queta,,,a37e80a2e3cf3aaa3ae84a9124987058,2026-05-02,23:40,points,17.5,2500.0,,True,draftkings,2026-05-01T14:24:38.880856
Jayson Tatum,,,a37e80a2e3cf3aaa3ae84a9124987058,2026-05-02,23:40,rebounds,10.5,-125.0,-105.0,False,draftkings,2026-05-01T14:24:38.880875
Joel Embiid,,,a37e80a2e3cf3aaa3ae84a9124987058,2026-05-02,23:40,rebounds,8.5,-112.0,-117.0,False,draftkings,2026-05-01T14:24:38.880877
Neemias Queta,,,a37e80a2e3cf3aaa3ae84a9124987058,2026-05-02,23:40,rebounds,7.5,-105.0,-126.0,False,draftkings,2026-05-01T14:24:38.880878
Jaylen Brown,,,a37e80a2e3cf3aaa3ae84a9124987058,2026-05-02,23:40,rebounds,5.5,-155.0,117.0,False,draftkings,2026-05-01T14:24:38.880880
VJ Edgecombe,,,a37e80a2e3cf3aaa3ae84a9124987058,2026-05-02,23:40,rebounds,5.5,-116.0,-113.0,False,draftkings,2026-05-01T14:24:38.880882
Paul George,,,a37e80a2e3cf3aaa3ae84a9124987058,2026-05-02,23:40,rebounds,5.5,104.0,-137.0,False,draftkings,2026-05-01T14:24:38.880884
Kelly Oubre Jr,,,a37e80a2e3cf3aaa3ae84a9124987058,2026-05-02,23:40,rebounds,5.5,121.0,-159.0,False,draftkings,2026-05-01T14:24:38.880885
Nikola Vucevic,,,a37e80a2e3cf3aaa3ae84a9124987058,2026-05-02,23:40,rebounds,4.5,-126.0,-104.0,False,draftkings,2026-05-01T14:24:38.880887
Tyrese Maxey,,,a37e80a2e3cf3aaa3ae84a9124987058,2026-05-02,23:40,rebounds,3.5,-124.0,-106.0,False,draftkings,2026-05-01T14:24:38.880889
Derrick White,,,a37e80a2e3cf3aaa3ae84a9124987058,2026-05-02,23:40,rebounds,3.5,-115.0,-114.0,False,draftkings,2026-05-01T14:24:38.880890
Sam Hauser,,,a37e80a2e3cf3aaa3ae84a9124987058,2026-05-02,23:40,rebounds,3.5,119.0,-157.0,False,draftkings,2026-05-01T14:24:38.880892
Payton Pritchard,,,a37e80a2e3cf3aaa3ae84a9124987058,2026-05-02,23:40,rebounds,3.5,122.0,-162.0,False,draftkings,2026-05-01T14:24:38.880894
Jayson Tatum,,,a37e80a2e3cf3aaa3ae84a9124987058,2026-05-02,23:40,rebounds,5.5,-3200.0,,True,draftkings,2026-05-01T14:24:38.880949
Jayson Tatum,,,a37e80a2e3cf3aaa3ae84a9124987058,2026-05-02,23:40,rebounds,6.5,-1180.0,,True,draftkings,2026-05-01T14:24:38.880951
Jayson Tatum,,,a37e80a2e3cf3aaa3ae84a9124987058,2026-05-02,23:40,rebounds,7.5,-596.0,,True,draftkings,2026-05-01T14:24:38.880952
Jayson Tatum,,,a37e80a2e3cf3aaa3ae84a9124987058,2026-05-02,23:40,rebounds,8.5,-334.0,,True,draftkings,2026-05-01T14:24:38.880954
Jayson Tatum,,,a37e80a2e3cf3aaa3ae84a9124987058,2026-05-02,23:40,rebounds,9.5,-201.0,,True,draftkings,2026-05-01T14:24:38.880956
Jayson Tatum,,,a37e80a2e3cf3aaa3ae84a9124987058,2026-05-02,23:40,rebounds,10.5,-125.0,,True,draftkings,2026-05-01T14:24:38.880960
Jayson Tatum,,,a37e80a2e3cf3aaa3ae84a9124987058,2026-05-02,23:40,rebounds,11.5,122.0,,True,draftkings,2026-05-01T14:24:38.880962
Jayson Tatum,,,a37e80a2e3cf3aaa3ae84a9124987058,2026-05-02,23:40,rebounds,12.5,187.0,,True,draftkings,2026-05-01T14:24:38.880963
Jayson Tatum,,,a37e80a2e3cf3aaa3ae84a9124987058,2026-05-02,23:40,rebounds,13.5,287.0,,True,draftkings,2026-05-01T14:24:38.880965
Jayson Tatum,,,a37e80a2e3cf3aaa3ae84a9124987058,2026-05-02,23:40,rebounds,14.5,437.0,,True,draftkings,2026-05-01T14:24:38.880967
Jayson Tatum,,,a37e80a2e3cf3aaa3ae84a9124987058,2026-05-02,23:40,rebounds,15.5,660.0,,True,draftkings,2026-05-01T14:24:38.880968
Jayson Tatum,,,a37e80a2e3cf3aaa3ae84a9124987058,2026-05-02,23:40,rebounds,16.5,1020.0,,True,draftkings,2026-05-01T14:24:38.880970
Jayson Tatum,,,a37e80a2e3cf3aaa3ae84a9124987058,2026-05-02,23:40,rebounds,17.5,1480.0,,True,draftkings,2026-05-01T14:24:38.880972
Jayson Tatum,,,a37e80a2e3cf3aaa3ae84a9124987058,2026-05-02,23:40,rebounds,18.5,2000.0,,True,draftkings,2026-05-01T14:24:38.880974
Jayson Tatum,,,a37e80a2e3cf3aaa3ae84a9124987058,2026-05-02,23:40,rebounds,19.5,2700.0,,True,draftkings,2026-05-01T14:24:38.880975
Joel Embiid,,,a37e80a2e3cf3aaa3ae84a9124987058,2026-05-02,23:40,rebounds,4.5,-1580.0,,True,draftkings,2026-05-01T14:24:38.880977
Joel Embiid,,,a37e80a2e3cf3aaa3ae84a9124987058,2026-05-02,23:40,rebounds,5.5,-670.0,,True,draftkings,2026-05-01T14:24:38.880979
Joel Embiid,,,a37e80a2e3cf3aaa3ae84a9124987058,2026-05-02,23:40,rebounds,6.5,-336.0,,True,draftkings,2026-05-01T14:24:38.880981
Joel Embiid,,,a37e80a2e3cf3aaa3ae84a9124987058,2026-05-02,23:40,rebounds,7.5,-186.0,,True,draftkings,2026-05-01T14:24:38.880982
Joel Embiid,,,a37e80a2e3cf3aaa3ae84a9124987058,2026-05-02,23:40,rebounds,8.5,-112.0,,True,draftkings,2026-05-01T14:24:38.880984
Joel Embiid,,,a37e80a2e3cf3aaa3ae84a9124987058,2026-05-02,23:40,rebounds,9.5,147.0,,True,draftkings,2026-05-01T14:24:38.880986
Joel Embiid,,,a37e80a2e3cf3aaa3ae84a9124987058,2026-05-02,23:40,rebounds,10.5,238.0,,True,draftkings,2026-05-01T14:24:38.880987
Joel Embiid,,,a37e80a2e3cf3aaa3ae84a9124987058,2026-05-02,23:40,rebounds,11.5,386.0,,True,draftkings,2026-05-01T14:24:38.880989
Joel Embiid,,,a37e80a2e3cf3aaa3ae84a9124987058,2026-05-02,23:40,rebounds,12.5,610.0,,True,draftkings,2026-05-01T14:24:38.880990
Joel Embiid,,,a37e80a2e3cf3aaa3ae84a9124987058,2026-05-02,23:40,rebounds,13.5,940.0,,True,draftkings,2026-05-01T14:24:38.880992
Joel Embiid,,,a37e80a2e3cf3aaa3ae84a9124987058,2026-05-02,23:40,rebounds,14.5,1480.0,,True,draftkings,2026-05-01T14:24:38.880994
Joel Embiid,,,a37e80a2e3cf3aaa3ae84a9124987058,2026-05-02,23:40,rebounds,15.5,2100.0,,True,draftkings,2026-05-01T14:24:38.880995
Joel Embiid,,,a37e80a2e3cf3aaa3ae84a9124987058,2026-05-02,23:40,rebounds,16.5,2900.0,,True,draftkings,2026-05-01T14:24:38.880997
Neemias Queta,,,a37e80a2e3cf3aaa3ae84a9124987058,2026-05-02,23:40,rebounds,3.5,-1600.0,,True,draftkings,2026-05-01T14:24:38.880999
Neemias Queta,,,a37e80a2e3cf3aaa3ae84a9124987058,2026-05-02,23:40,rebounds,4.5,-650.0,,True,draftkings,2026-05-01T14:24:38.881000
Neemias Queta,,,a37e80a2e3cf3aaa3ae84a9124987058,2026-05-02,23:40,rebounds,5.5,-325.0,,True,draftkings,2026-05-01T14:24:38.881002
Neemias Queta,,,a37e80a2e3cf3aaa3ae84a9124987058,2026-05-02,23:40,rebounds,6.5,-179.0,,True,draftkings,2026-05-01T14:24:38.881004
Neemias Queta,,,a37e80a2e3cf3aaa3ae84a9124987058,2026-05-02,23:40,rebounds,7.5,-105.0,,True,draftkings,2026-05-01T14:24:38.881005
Neemias Queta,,,a37e80a2e3cf3aaa3ae84a9124987058,2026-05-02,23:40,rebounds,8.5,160.0,,True,draftkings,2026-05-01T14:24:38.881007
Neemias Queta,,,a37e80a2e3cf3aaa3ae84a9124987058,2026-05-02,23:40,rebounds,9.5,258.0,,True,draftkings,2026-05-01T14:24:38.881009
Neemias Queta,,,a37e80a2e3cf3aaa3ae84a9124987058,2026-05-02,23:40,rebounds,10.5,412.0,,True,draftkings,2026-05-01T14:24:38.881010
Neemias Queta,,,a37e80a2e3cf3aaa3ae84a9124987058,2026-05-02,23:40,rebounds,11.5,650.0,,True,draftkings,2026-05-01T14:24:38.881012
Neemias Queta,,,a37e80a2e3cf3aaa3ae84a9124987058,2026-05-02,23:40,rebounds,12.5,1040.0,,True,draftkings,2026-05-01T14:24:38.881016
Neemias Queta,,,a37e80a2e3cf3aaa3ae84a9124987058,2026-05-02,23:40,rebounds,13.5,1560.0,,True,draftkings,2026-05-01T14:24:38.881018
Neemias Queta,,,a37e80a2e3cf3aaa3ae84a9124987058,2026-05-02,23:40,rebounds,14.5,2200.0,,True,draftkings,2026-05-01T14:24:38.881019
Neemias Queta,,,a37e80a2e3cf3aaa3ae84a9124987058,2026-05-02,23:40,rebounds,15.5,2900.0,,True,draftkings,2026-05-01T14:24:38.881021
Jaylen Brown,,,a37e80a2e3cf3aaa3ae84a9124987058,2026-05-02,23:40,rebounds,2.5,-2500.0,,True,draftkings,2026-05-01T14:24:38.881023
Jaylen Brown,,,a37e80a2e3cf3aaa3ae84a9124987058,2026-05-02,23:40,rebounds,3.5,-720.0,,True,draftkings,2026-05-01T14:24:38.881024
Jaylen Brown,,,a37e80a2e3cf3aaa3ae84a9124987058,2026-05-02,23:40,rebounds,4.5,-315.0,,True,draftkings,2026-05-01T14:24:38.881026
Jaylen Brown,,,a37e80a2e3cf3aaa3ae84a9124987058,2026-05-02,23:40,rebounds,5.5,-158.0,,True,draftkings,2026-05-01T14:24:38.881028
Jaylen Brown,,,a37e80a2e3cf3aaa3ae84a9124987058,2026-05-02,23:40,rebounds,6.5,117.0,,True,draftkings,2026-05-01T14:24:38.881030
Jaylen Brown,,,a37e80a2e3cf3aaa3ae84a9124987058,2026-05-02,23:40,rebounds,7.5,208.0,,True,draftkings,2026-05-01T14:24:38.881031
Jaylen Brown,,,a37e80a2e3cf3aaa3ae84a9124987058,2026-05-02,23:40,rebounds,8.5,372.0,,True,draftkings,2026-05-01T14:24:38.881033
Jaylen Brown,,,a37e80a2e3cf3aaa3ae84a9124987058,2026-05-02,23:40,rebounds,9.5,640.0,,True,draftkings,2026-05-01T14:24:38.881035
Jaylen Brown,,,a37e80a2e3cf3aaa3ae84a9124987058,2026-05-02,23:40,rebounds,10.5,1040.0,,True,draftkings,2026-05-01T14:24:38.881036
Jaylen Brown,,,a37e80a2e3cf3aaa3ae84a9124987058,2026-05-02,23:40,rebounds,11.5,1660.0,,True,draftkings,2026-05-01T14:24:38.881038
Jaylen Brown,,,a37e80a2e3cf3aaa3ae84a9124987058,2026-05-02,23:40,rebounds,12.5,2500.0,,True,draftkings,2026-05-01T14:24:38.881040
VJ Edgecombe,,,a37e80a2e3cf3aaa3ae84a9124987058,2026-05-02,23:40,rebounds,2.5,-1360.0,,True,draftkings,2026-05-01T14:24:38.881041
VJ Edgecombe,,,a37e80a2e3cf3aaa3ae84a9124987058,2026-05-02,23:40,rebounds,3.5,-486.0,,True,draftkings,2026-05-01T14:24:38.881043
VJ Edgecombe,,,a37e80a2e3cf3aaa3ae84a9124987058,2026-05-02,23:40,rebounds,4.5,-224.0,,True,draftkings,2026-05-01T14:24:38.881045
VJ Edgecombe,,,a37e80a2e3cf3aaa3ae84a9124987058,2026-05-02,23:40,rebounds,5.5,-116.0,,True,draftkings,2026-05-01T14:24:38.881046
VJ Edgecombe,,,a37e80a2e3cf3aaa3ae84a9124987058,2026-05-02,23:40,rebounds,6.5,156.0,,True,draftkings,2026-05-01T14:24:38.881048
VJ Edgecombe,,,a37e80a2e3cf3aaa3ae84a9124987058,2026-05-02,23:40,rebounds,7.5,276.0,,True,draftkings,2026-05-01T14:24:38.881050
VJ Edgecombe,,,a37e80a2e3cf3aaa3ae84a9124987058,2026-05-02,23:40,rebounds,8.5,480.0,,True,draftkings,2026-05-01T14:24:38.881051
VJ Edgecombe,,,a37e80a2e3cf3aaa3ae84a9124987058,2026-05-02,23:40,rebounds,9.5,800.0,,True,draftkings,2026-05-01T14:24:38.881053
VJ Edgecombe,,,a37e80a2e3cf3aaa3ae84a9124987058,2026-05-02,23:40,rebounds,10.5,1320.0,,True,draftkings,2026-05-01T14:24:38.881054
VJ Edgecombe,,,a37e80a2e3cf3aaa3ae84a9124987058,2026-05-02,23:40,rebounds,11.5,2000.0,,True,draftkings,2026-05-01T14:24:38.881056
VJ Edgecombe,,,a37e80a2e3cf3aaa3ae84a9124987058,2026-05-02,23:40,rebounds,12.5,2900.0,,True,draftkings,2026-05-01T14:24:38.881058
Paul George,,,a37e80a2e3cf3aaa3ae84a9124987058,2026-05-02,23:40,rebounds,2.5,-1180.0,,True,draftkings,2026-05-01T14:24:38.881059
Paul George,,,a37e80a2e3cf3aaa3ae84a9124987058,2026-05-02,23:40,rebounds,3.5,-416.0,,True,draftkings,2026-05-01T14:24:38.881061
Paul George,,,a37e80a2e3cf3aaa3ae84a9124987058,2026-05-02,23:40,rebounds,4.5,-191.0,,True,draftkings,2026-05-01T14:24:38.881063
Paul George,,,a37e80a2e3cf3aaa3ae84a9124987058,2026-05-02,23:40,rebounds,5.5,104.0,,True,draftkings,2026-05-01T14:24:38.881065
Paul George,,,a37e80a2e3cf3aaa3ae84a9124987058,2026-05-02,23:40,rebounds,6.5,194.0,,True,draftkings,2026-05-01T14:24:38.881066
Paul George,,,a37e80a2e3cf3aaa3ae84a9124987058,2026-05-02,23:40,rebounds,7.5,357.0,,True,draftkings,2026-05-01T14:24:38.881068
Paul George,,,a37e80a2e3cf3aaa3ae84a9124987058,2026-05-02,23:40,rebounds,8.5,630.0,,True,draftkings,2026-05-01T14:24:38.881072
Paul George,,,a37e80a2e3cf3aaa3ae84a9124987058,2026-05-02,23:40,rebounds,9.5,1080.0,,True,draftkings,2026-05-01T14:24:38.881074
Paul George,,,a37e80a2e3cf3aaa3ae84a9124987058,2026-05-02,23:40,rebounds,10.5,1780.0,,True,draftkings,2026-05-01T14:24:38.881075
Paul George,,,a37e80a2e3cf3aaa3ae84a9124987058,2026-05-02,23:40,rebounds,11.5,2600.0,,True,draftkings,2026-05-01T14:24:38.881077
Kelly Oubre Jr,,,a37e80a2e3cf3aaa3ae84a9124987058,2026-05-02,23:40,rebounds,2.5,-1020.0,,True,draftkings,2026-05-01T14:24:38.881079
Kelly Oubre Jr,,,a37e80a2e3cf3aaa3ae84a9124987058,2026-05-02,23:40,rebounds,3.5,-361.0,,True,draftkings,2026-05-01T14:24:38.881080
Kelly Oubre Jr,,,a37e80a2e3cf3aaa3ae84a9124987058,2026-05-02,23:40,rebounds,4.5,-162.0,,True,draftkings,2026-05-01T14:24:38.881082
Kelly Oubre Jr,,,a37e80a2e3cf3aaa3ae84a9124987058,2026-05-02,23:40,rebounds,5.5,120.0,,True,draftkings,2026-05-01T14:24:38.881084
Kelly Oubre Jr,,,a37e80a2e3cf3aaa3ae84a9124987058,2026-05-02,23:40,rebounds,6.5,224.0,,True,draftkings,2026-05-01T14:24:38.881086
Kelly Oubre Jr,,,a37e80a2e3cf3aaa3ae84a9124987058,2026-05-02,23:40,rebounds,7.5,403.0,,True,draftkings,2026-05-01T14:24:38.881087
Kelly Oubre Jr,,,a37e80a2e3cf3aaa3ae84a9124987058,2026-05-02,23:40,rebounds,8.5,720.0,,True,draftkings,2026-05-01T14:24:38.881089
Kelly Oubre Jr,,,a37e80a2e3cf3aaa3ae84a9124987058,2026-05-02,23:40,rebounds,9.5,1240.0,,True,draftkings,2026-05-01T14:24:38.881091
Kelly Oubre Jr,,,a37e80a2e3cf3aaa3ae84a9124987058,2026-05-02,23:40,rebounds,10.5,1960.0,,True,draftkings,2026-05-01T14:24:38.881093
Nikola Vucevic,,,a37e80a2e3cf3aaa3ae84a9124987058,2026-05-02,23:40,rebounds,2.5,-710.0,,True,draftkings,2026-05-01T14:24:38.881094
Nikola Vucevic,,,a37e80a2e3cf3aaa3ae84a9124987058,2026-05-02,23:40,rebounds,3.5,-269.0,,True,draftkings,2026-05-01T14:24:38.881096
Nikola Vucevic,,,a37e80a2e3cf3aaa3ae84a9124987058,2026-05-02,23:40,rebounds,4.5,-126.0,,True,draftkings,2026-05-01T14:24:38.881098
Nikola Vucevic,,,a37e80a2e3cf3aaa3ae84a9124987058,2026-05-02,23:40,rebounds,5.5,151.0,,True,draftkings,2026-05-01T14:24:38.881102
Nikola Vucevic,,,a37e80a2e3cf3aaa3ae84a9124987058,2026-05-02,23:40,rebounds,6.5,280.0,,True,draftkings,2026-05-01T14:24:38.881104
Nikola Vucevic,,,a37e80a2e3cf3aaa3ae84a9124987058,2026-05-02,23:40,rebounds,7.5,511.0,,True,draftkings,2026-05-01T14:24:38.881105
Nikola Vucevic,,,a37e80a2e3cf3aaa3ae84a9124987058,2026-05-02,23:40,rebounds,8.5,930.0,,True,draftkings,2026-05-01T14:24:38.881107
Nikola Vucevic,,,a37e80a2e3cf3aaa3ae84a9124987058,2026-05-02,23:40,rebounds,9.5,1560.0,,True,draftkings,2026-05-01T14:24:38.881109
Nikola Vucevic,,,a37e80a2e3cf3aaa3ae84a9124987058,2026-05-02,23:40,rebounds,10.5,2500.0,,True,draftkings,2026-05-01T14:24:38.881110
Tyrese Maxey,,,a37e80a2e3cf3aaa3ae84a9124987058,2026-05-02,23:40,rebounds,2.5,-314.0,,True,draftkings,2026-05-01T14:24:38.881124
Tyrese Maxey,,,a37e80a2e3cf3aaa3ae84a9124987058,2026-05-02,23:40,rebounds,3.5,-127.0,,True,draftkings,2026-05-01T14:24:38.881126
Tyrese Maxey,,,a37e80a2e3cf3aaa3ae84a9124987058,2026-05-02,23:40,rebounds,4.5,165.0,,True,draftkings,2026-05-01T14:24:38.881127
Tyrese Maxey,,,a37e80a2e3cf3aaa3ae84a9124987058,2026-05-02,23:40,rebounds,5.5,338.0,,True,draftkings,2026-05-01T14:24:38.881129
Tyrese Maxey,,,a37e80a2e3cf3aaa3ae84a9124987058,2026-05-02,23:40,rebounds,6.5,660.0,,True,draftkings,2026-05-01T14:24:38.881131
Tyrese Maxey,,,a37e80a2e3cf3aaa3ae84a9124987058,2026-05-02,23:40,rebounds,7.5,1220.0,,True,draftkings,2026-05-01T14:24:38.881132
Tyrese Maxey,,,a37e80a2e3cf3aaa3ae84a9124987058,2026-05-02,23:40,rebounds,8.5,2100.0,,True,draftkings,2026-05-01T14:24:38.881134
Derrick White,,,a37e80a2e3cf3aaa3ae84a9124987058,2026-05-02,23:40,rebounds,2.5,-274.0,,True,draftkings,2026-05-01T14:24:38.881136
Derrick White,,,a37e80a2e3cf3aaa3ae84a9124987058,2026-05-02,23:40,rebounds,3.5,-113.0,,True,draftkings,2026-05-01T14:24:38.881137
Derrick White,,,a37e80a2e3cf3aaa3ae84a9124987058,2026-05-02,23:40,rebounds,4.5,193.0,,True,draftkings,2026-05-01T14:24:38.881141
Derrick White,,,a37e80a2e3cf3aaa3ae84a9124987058,2026-05-02,23:40,rebounds,5.5,401.0,,True,draftkings,2026-05-01T14:24:38.881143
Derrick White,,,a37e80a2e3cf3aaa3ae84a9124987058,2026-05-02,23:40,rebounds,6.5,790.0,,True,draftkings,2026-05-01T14:24:38.881145
Derrick White,,,a37e80a2e3cf3aaa3ae84a9124987058,2026-05-02,23:40,rebounds,7.5,1480.0,,True,draftkings,2026-05-01T14:24:38.881146
Derrick White,,,a37e80a2e3cf3aaa3ae84a9124987058,2026-05-02,23:40,rebounds,8.5,2500.0,,True,draftkings,2026-05-01T14:24:38.881148
Sam Hauser,,,a37e80a2e3cf3aaa3ae84a9124987058,2026-05-02,23:40,rebounds,2.5,-203.0,,True,draftkings,2026-05-01T14:24:38.881150
Sam Hauser,,,a37e80a2e3cf3aaa3ae84a9124987058,2026-05-02,23:40,rebounds,3.5,119.0,,True,draftkings,2026-05-01T14:24:38.881151
Sam Hauser,,,a37e80a2e3cf3aaa3ae84a9124987058,2026-05-02,23:40,rebounds,4.5,263.0,,True,draftkings,2026-05-01T14:24:38.881153
Sam Hauser,,,a37e80a2e3cf3aaa3ae84a9124987058,2026-05-02,23:40,rebounds,5.5,546.0,,True,draftkings,2026-05-01T14:24:38.881155
Sam Hauser,,,a37e80a2e3cf3aaa3ae84a9124987058,2026-05-02,23:40,rebounds,6.5,1120.0,,True,draftkings,2026-05-01T14:24:38.881156
Sam Hauser,,,a37e80a2e3cf3aaa3ae84a9124987058,2026-05-02,23:40,rebounds,7.5,2000.0,,True,draftkings,2026-05-01T14:24:38.881158
Payton Pritchard,,,a37e80a2e3cf3aaa3ae84a9124987058,2026-05-02,23:40,rebounds,2.5,-197.0,,True,draftkings,2026-05-01T14:24:38.881160
Payton Pritchard,,,a37e80a2e3cf3aaa3ae84a9124987058,2026-05-02,23:40,rebounds,3.5,124.0,,True,draftkings,2026-05-01T14:24:38.881162
Payton Pritchard,,,a37e80a2e3cf3aaa3ae84a9124987058,2026-05-02,23:40,rebounds,4.5,279.0,,True,draftkings,2026-05-01T14:24:38.881163
Payton Pritchard,,,a37e80a2e3cf3aaa3ae84a9124987058,2026-05-02,23:40,rebounds,5.5,600.0,,True,draftkings,2026-05-01T14:24:38.881165
Payton Pritchard,,,a37e80a2e3cf3aaa3ae84a9124987058,2026-05-02,23:40,rebounds,6.5,1220.0,,True,draftkings,2026-05-01T14:24:38.881167
Payton Pritchard,,,a37e80a2e3cf3aaa3ae84a9124987058,2026-05-02,23:40,rebounds,7.5,2200.0,,True,draftkings,2026-05-01T14:24:38.881168
Tyrese Maxey,,,a37e80a2e3cf3aaa3ae84a9124987058,2026-05-02,23:40,threes,2.5,-164.0,124.0,False,draftkings,2026-05-01T14:24:38.881187
Jayson Tatum,,,a37e80a2e3cf3aaa3ae84a9124987058,2026-05-02,23:40,threes,2.5,-151.0,115.0,False,draftkings,2026-05-01T14:24:38.881189
Paul George,,,a37e80a2e3cf3aaa3ae84a9124987058,2026-05-02,23:40,threes,2.5,108.0,-142.0,False,draftkings,2026-05-01T14:24:38.881190
Payton Pritchard,,,a37e80a2e3cf3aaa3ae84a9124987058,2026-05-02,23:40,threes,2.5,143.0,-189.0,False,draftkings,2026-05-01T14:24:38.881192
Sam Hauser,,,a37e80a2e3cf3aaa3ae84a9124987058,2026-05-02,23:40,threes,2.5,144.0,-191.0,False,draftkings,2026-05-01T14:24:38.881194
Derrick White,,,a37e80a2e3cf3aaa3ae84a9124987058,2026-05-02,23:40,threes,1.5,-195.0,147.0,False,draftkings,2026-05-01T14:24:38.881196
Jaylen Brown,,,a37e80a2e3cf3aaa3ae84a9124987058,2026-05-02,23:40,threes,1.5,-158.0,120.0,False,draftkings,2026-05-01T14:24:38.881197
VJ Edgecombe,,,a37e80a2e3cf3aaa3ae84a9124987058,2026-05-02,23:40,threes,1.5,-148.0,112.0,False,draftkings,2026-05-01T14:24:38.881199
Joel Embiid,,,a37e80a2e3cf3aaa3ae84a9124987058,2026-05-02,23:40,threes,1.5,-111.0,-119.0,False,draftkings,2026-05-01T14:24:38.881201
Kelly Oubre Jr,,,a37e80a2e3cf3aaa3ae84a9124987058,2026-05-02,23:40,threes,1.5,144.0,-192.0,False,draftkings,2026-05-01T14:24:38.881202
Nikola Vucevic,,,a37e80a2e3cf3aaa3ae84a9124987058,2026-05-02,23:40,threes,0.5,-159.0,120.0,False,draftkings,2026-05-01T14:24:38.881204
Tyrese Maxey,,,a37e80a2e3cf3aaa3ae84a9124987058,2026-05-02,23:40,threes,0.5,-3000.0,,True,draftkings,2026-05-01T14:24:38.881236
Tyrese Maxey,,,a37e80a2e3cf3aaa3ae84a9124987058,2026-05-02,23:40,threes,1.5,-471.0,,True,draftkings,2026-05-01T14:24:38.881238
Tyrese Maxey,,,a37e80a2e3cf3aaa3ae84a9124987058,2026-05-02,23:40,threes,2.5,-163.0,,True,draftkings,2026-05-01T14:24:38.881240
Tyrese Maxey,,,a37e80a2e3cf3aaa3ae84a9124987058,2026-05-02,23:40,threes,3.5,143.0,,True,draftkings,2026-05-01T14:24:38.881242
Tyrese Maxey,,,a37e80a2e3cf3aaa3ae84a9124987058,2026-05-02,23:40,threes,4.5,308.0,,True,draftkings,2026-05-01T14:24:38.881244
Tyrese Maxey,,,a37e80a2e3cf3aaa3ae84a9124987058,2026-05-02,23:40,threes,5.5,620.0,,True,draftkings,2026-05-01T14:24:38.881245
Tyrese Maxey,,,a37e80a2e3cf3aaa3ae84a9124987058,2026-05-02,23:40,threes,6.5,1220.0,,True,draftkings,2026-05-01T14:24:38.881247
Tyrese Maxey,,,a37e80a2e3cf3aaa3ae84a9124987058,2026-05-02,23:40,threes,7.5,2100.0,,True,draftkings,2026-05-01T14:24:38.881251
Jayson Tatum,,,a37e80a2e3cf3aaa3ae84a9124987058,2026-05-02,23:40,threes,0.5,-3400.0,,True,draftkings,2026-05-01T14:24:38.881253
Jayson Tatum,,,a37e80a2e3cf3aaa3ae84a9124987058,2026-05-02,23:40,threes,1.5,-464.0,,True,draftkings,2026-05-01T14:24:38.881254
Jayson Tatum,,,a37e80a2e3cf3aaa3ae84a9124987058,2026-05-02,23:40,threes,2.5,-154.0,,True,draftkings,2026-05-01T14:24:38.881256
Jayson Tatum,,,a37e80a2e3cf3aaa3ae84a9124987058,2026-05-02,23:40,threes,3.5,158.0,,True,draftkings,2026-05-01T14:24:38.881258
Jayson Tatum,,,a37e80a2e3cf3aaa3ae84a9124987058,2026-05-02,23:40,threes,4.5,350.0,,True,draftkings,2026-05-01T14:24:38.881260
Jayson Tatum,,,a37e80a2e3cf3aaa3ae84a9124987058,2026-05-02,23:40,threes,5.5,730.0,,True,draftkings,2026-05-01T14:24:38.881261
Jayson Tatum,,,a37e80a2e3cf3aaa3ae84a9124987058,2026-05-02,23:40,threes,6.5,1460.0,,True,draftkings,2026-05-01T14:24:38.881263
Jayson Tatum,,,a37e80a2e3cf3aaa3ae84a9124987058,2026-05-02,23:40,threes,7.5,2500.0,,True,draftkings,2026-05-01T14:24:38.881265
Paul George,,,a37e80a2e3cf3aaa3ae84a9124987058,2026-05-02,23:40,threes,0.5,-1460.0,,True,draftkings,2026-05-01T14:24:38.881266
Paul George,,,a37e80a2e3cf3aaa3ae84a9124987058,2026-05-02,23:40,threes,1.5,-265.0,,True,draftkings,2026-05-01T14:24:38.881268
Paul George,,,a37e80a2e3cf3aaa3ae84a9124987058,2026-05-02,23:40,threes,2.5,107.0,,True,draftkings,2026-05-01T14:24:38.881270
Paul George,,,a37e80a2e3cf3aaa3ae84a9124987058,2026-05-02,23:40,threes,3.5,262.0,,True,draftkings,2026-05-01T14:24:38.881271
Paul George,,,a37e80a2e3cf3aaa3ae84a9124987058,2026-05-02,23:40,threes,4.5,581.0,,True,draftkings,2026-05-01T14:24:38.881273
Paul George,,,a37e80a2e3cf3aaa3ae84a9124987058,2026-05-02,23:40,threes,5.5,1200.0,,True,draftkings,2026-05-01T14:24:38.881275
Paul George,,,a37e80a2e3cf3aaa3ae84a9124987058,2026-05-02,23:40,threes,6.5,2200.0,,True,draftkings,2026-05-01T14:24:38.881276
Payton Pritchard,,,a37e80a2e3cf3aaa3ae84a9124987058,2026-05-02,23:40,threes,0.5,-990.0,,True,draftkings,2026-05-01T14:24:38.881278
Payton Pritchard,,,a37e80a2e3cf3aaa3ae84a9124987058,2026-05-02,23:40,threes,1.5,-200.0,,True,draftkings,2026-05-01T14:24:38.881280
Payton Pritchard,,,a37e80a2e3cf3aaa3ae84a9124987058,2026-05-02,23:40,threes,2.5,145.0,,True,draftkings,2026-05-01T14:24:38.881281
Payton Pritchard,,,a37e80a2e3cf3aaa3ae84a9124987058,2026-05-02,23:40,threes,3.5,368.0,,True,draftkings,2026-05-01T14:24:38.881283
Payton Pritchard,,,a37e80a2e3cf3aaa3ae84a9124987058,2026-05-02,23:40,threes,4.5,830.0,,True,draftkings,2026-05-01T14:24:38.881285
Payton Pritchard,,,a37e80a2e3cf3aaa3ae84a9124987058,2026-05-02,23:40,threes,5.5,1700.0,,True,draftkings,2026-05-01T14:24:38.881286
Payton Pritchard,,,a37e80a2e3cf3aaa3ae84a9124987058,2026-05-02,23:40,threes,6.5,2800.0,,True,draftkings,2026-05-01T14:24:38.881288
Sam Hauser,,,a37e80a2e3cf3aaa3ae84a9124987058,2026-05-02,23:40,threes,0.5,-980.0,,True,draftkings,2026-05-01T14:24:38.881290
Sam Hauser,,,a37e80a2e3cf3aaa3ae84a9124987058,2026-05-02,23:40,threes,1.5,-202.0,,True,draftkings,2026-05-01T14:24:38.881291
Sam Hauser,,,a37e80a2e3cf3aaa3ae84a9124987058,2026-05-02,23:40,threes,2.5,148.0,,True,draftkings,2026-05-01T14:24:38.881293
Sam Hauser,,,a37e80a2e3cf3aaa3ae84a9124987058,2026-05-02,23:40,threes,3.5,375.0,,True,draftkings,2026-05-01T14:24:38.881295
Sam Hauser,,,a37e80a2e3cf3aaa3ae84a9124987058,2026-05-02,23:40,threes,4.5,880.0,,True,draftkings,2026-05-01T14:24:38.881296
Sam Hauser,,,a37e80a2e3cf3aaa3ae84a9124987058,2026-05-02,23:40,threes,5.5,1860.0,,True,draftkings,2026-05-01T14:24:38.881298
Derrick White,,,a37e80a2e3cf3aaa3ae84a9124987058,2026-05-02,23:40,threes,0.5,-1000.0,,True,draftkings,2026-05-01T14:24:38.881300
Derrick White,,,a37e80a2e3cf3aaa3ae84a9124987058,2026-05-02,23:40,threes,1.5,-197.0,,True,draftkings,2026-05-01T14:24:38.881301
Derrick White,,,a37e80a2e3cf3aaa3ae84a9124987058,2026-05-02,23:40,threes,2.5,148.0,,True,draftkings,2026-05-01T14:24:38.881303
Derrick White,,,a37e80a2e3cf3aaa3ae84a9124987058,2026-05-02,23:40,threes,3.5,376.0,,True,draftkings,2026-05-01T14:24:38.881305
Derrick White,,,a37e80a2e3cf3aaa3ae84a9124987058,2026-05-02,23:40,threes,4.5,920.0,,True,draftkings,2026-05-01T14:24:38.881306
Derrick White,,,a37e80a2e3cf3aaa3ae84a9124987058,2026-05-02,23:40,threes,5.5,1880.0,,True,draftkings,2026-05-01T14:24:38.881311
Jaylen Brown,,,a37e80a2e3cf3aaa3ae84a9124987058,2026-05-02,23:40,threes,0.5,-780.0,,True,draftkings,2026-05-01T14:24:38.881313
Jaylen Brown,,,a37e80a2e3cf3aaa3ae84a9124987058,2026-05-02,23:40,threes,1.5,-163.0,,True,draftkings,2026-05-01T14:24:38.881314
Jaylen Brown,,,a37e80a2e3cf3aaa3ae84a9124987058,2026-05-02,23:40,threes,2.5,184.0,,True,draftkings,2026-05-01T14:24:38.881316
Jaylen Brown,,,a37e80a2e3cf3aaa3ae84a9124987058,2026-05-02,23:40,threes,3.5,481.0,,True,draftkings,2026-05-01T14:24:38.881318
Jaylen Brown,,,a37e80a2e3cf3aaa3ae84a9124987058,2026-05-02,23:40,threes,4.5,1140.0,,True,draftkings,2026-05-01T14:24:38.881319
Jaylen Brown,,,a37e80a2e3cf3aaa3ae84a9124987058,2026-05-02,23:40,threes,5.5,2300.0,,True,draftkings,2026-05-01T14:24:38.881321
VJ Edgecombe,,,a37e80a2e3cf3aaa3ae84a9124987058,2026-05-02,23:40,threes,0.5,-720.0,,True,draftkings,2026-05-01T14:24:38.881323
VJ Edgecombe,,,a37e80a2e3cf3aaa3ae84a9124987058,2026-05-02,23:40,threes,1.5,-153.0,,True,draftkings,2026-05-01T14:24:38.881378
VJ Edgecombe,,,a37e80a2e3cf3aaa3ae84a9124987058,2026-05-02,23:40,threes,2.5,190.0,,True,draftkings,2026-05-01T14:24:38.881380
VJ Edgecombe,,,a37e80a2e3cf3aaa3ae84a9124987058,2026-05-02,23:40,threes,3.5,492.0,,True,draftkings,2026-05-01T14:24:38.881382
VJ Edgecombe,,,a37e80a2e3cf3aaa3ae84a9124987058,2026-05-02,23:40,threes,4.5,1160.0,,True,draftkings,2026-05-01T14:24:38.881384
VJ Edgecombe,,,a37e80a2e3cf3aaa3ae84a9124987058,2026-05-02,23:40,threes,5.5,2300.0,,True,draftkings,2026-05-01T14:24:38.881385
Joel Embiid,,,a37e80a2e3cf3aaa3ae84a9124987058,2026-05-02,23:40,threes,0.5,-516.0,,True,draftkings,2026-05-01T14:24:38.881387
Joel Embiid,,,a37e80a2e3cf3aaa3ae84a9124987058,2026-05-02,23:40,threes,1.5,-113.0,,True,draftkings,2026-05-01T14:24:38.881389
Joel Embiid,,,a37e80a2e3cf3aaa3ae84a9124987058,2026-05-02,23:40,threes,2.5,266.0,,True,draftkings,2026-05-01T14:24:38.881391
Joel Embiid,,,a37e80a2e3cf3aaa3ae84a9124987058,2026-05-02,23:40,threes,3.5,720.0,,True,draftkings,2026-05-01T14:24:38.881392
Joel Embiid,,,a37e80a2e3cf3aaa3ae84a9124987058,2026-05-02,23:40,threes,4.5,1680.0,,True,draftkings,2026-05-01T14:24:38.881396
Kelly Oubre Jr,,,a37e80a2e3cf3aaa3ae84a9124987058,2026-05-02,23:40,threes,0.5,-310.0,,True,draftkings,2026-05-01T14:24:38.881398
Kelly Oubre Jr,,,a37e80a2e3cf3aaa3ae84a9124987058,2026-05-02,23:40,threes,1.5,145.0,,True,draftkings,2026-05-01T14:24:38.881400
Kelly Oubre Jr,,,a37e80a2e3cf3aaa3ae84a9124987058,2026-05-02,23:40,threes,2.5,449.0,,True,draftkings,2026-05-01T14:24:38.881401
Kelly Oubre Jr,,,a37e80a2e3cf3aaa3ae84a9124987058,2026-05-02,23:40,threes,3.5,1240.0,,True,draftkings,2026-05-01T14:24:38.881403
Kelly Oubre Jr,,,a37e80a2e3cf3aaa3ae84a9124987058,2026-05-02,23:40,threes,4.5,2600.0,,True,draftkings,2026-05-01T14:24:38.881405
Nikola Vucevic,,,a37e80a2e3cf3aaa3ae84a9124987058,2026-05-02,23:40,threes,0.5,-156.0,,True,draftkings,2026-05-01T14:24:38.881407
Nikola Vucevic,,,a37e80a2e3cf3aaa3ae84a9124987058,2026-05-02,23:40,threes,1.5,294.0,,True,draftkings,2026-05-01T14:24:38.881408
Nikola Vucevic,,,a37e80a2e3cf3aaa3ae84a9124987058,2026-05-02,23:40,threes,2.5,1000.0,,True,draftkings,2026-05-01T14:24:38.881410
Nikola Vucevic,,,a37e80a2e3cf3aaa3ae84a9124987058,2026-05-02,23:40,threes,3.5,2400.0,,True,draftkings,2026-05-01T14:24:38.881412
Neemias Queta,,,a37e80a2e3cf3aaa3ae84a9124987058,2026-05-02,23:40,threes,0.5,2400.0,,True,draftkings,2026-05-01T14:24:38.881413
Stephon Castle,,,219920e3a715ceb3dc69f3638f7571d5,2026-05-05,01:30,assists,7.5,-108.0,-121.0,False,draftkings,2026-05-01T14:24:38.960524
De'Aaron Fox,,,219920e3a715ceb3dc69f3638f7571d5,2026-05-05,01:30,assists,6.5,117.0,-154.0,False,draftkings,2026-05-01T14:24:38.960538
Julius Randle,,,219920e3a715ceb3dc69f3638f7571d5,2026-05-05,01:30,assists,4.5,-104.0,-126.0,False,draftkings,2026-05-01T14:24:38.960541
Mike Conley,,,219920e3a715ceb3dc69f3638f7571d5,2026-05-05,01:30,assists,4.5,111.0,-147.0,False,draftkings,2026-05-01T14:24:38.960543
Ayo Dosunmu,,,219920e3a715ceb3dc69f3638f7571d5,2026-05-05,01:30,assists,4.5,122.0,-161.0,False,draftkings,2026-05-01T14:24:38.960544
Victor Wembanyama,,,219920e3a715ceb3dc69f3638f7571d5,2026-05-05,01:30,assists,3.5,122.0,-161.0,False,draftkings,2026-05-01T14:24:38.960546
Jaden McDaniels,,,219920e3a715ceb3dc69f3638f7571d5,2026-05-05,01:30,assists,2.5,-132.0,100.0,False,draftkings,2026-05-01T14:24:38.960548
Dylan Harper,,,219920e3a715ceb3dc69f3638f7571d5,2026-05-05,01:30,assists,2.5,-131.0,-101.0,False,draftkings,2026-05-01T14:24:38.960550
Devin Vassell,,,219920e3a715ceb3dc69f3638f7571d5,2026-05-05,01:30,assists,2.5,115.0,-152.0,False,draftkings,2026-05-01T14:24:38.960551
Rudy Gobert,,,219920e3a715ceb3dc69f3638f7571d5,2026-05-05,01:30,assists,1.5,-111.0,-119.0,False,draftkings,2026-05-01T14:24:38.960553
Julian Champagnie,,,219920e3a715ceb3dc69f3638f7571d5,2026-05-05,01:30,assists,1.5,154.0,-205.0,False,draftkings,2026-05-01T14:24:38.960555
Stephon Castle,,,219920e3a715ceb3dc69f3638f7571d5,2026-05-05,01:30,assists,3.5,-2800.0,,True,draftkings,2026-05-01T14:24:38.960608
Stephon Castle,,,219920e3a715ceb3dc69f3638f7571d5,2026-05-05,01:30,assists,4.5,-880.0,,True,draftkings,2026-05-01T14:24:38.960610
Stephon Castle,,,219920e3a715ceb3dc69f3638f7571d5,2026-05-05,01:30,assists,5.5,-384.0,,True,draftkings,2026-05-01T14:24:38.960612
Stephon Castle,,,219920e3a715ceb3dc69f3638f7571d5,2026-05-05,01:30,assists,6.5,-194.0,,True,draftkings,2026-05-01T14:24:38.960614
Stephon Castle,,,219920e3a715ceb3dc69f3638f7571d5,2026-05-05,01:30,assists,7.5,-106.0,,True,draftkings,2026-05-01T14:24:38.960616
Stephon Castle,,,219920e3a715ceb3dc69f3638f7571d5,2026-05-05,01:30,assists,8.5,166.0,,True,draftkings,2026-05-01T14:24:38.960617
Stephon Castle,,,219920e3a715ceb3dc69f3638f7571d5,2026-05-05,01:30,assists,9.5,289.0,,True,draftkings,2026-05-01T14:24:38.960619
Stephon Castle,,,219920e3a715ceb3dc69f3638f7571d5,2026-05-05,01:30,assists,10.5,508.0,,True,draftkings,2026-05-01T14:24:38.960621
Stephon Castle,,,219920e3a715ceb3dc69f3638f7571d5,2026-05-05,01:30,assists,11.5,860.0,,True,draftkings,2026-05-01T14:24:38.960625
Stephon Castle,,,219920e3a715ceb3dc69f3638f7571d5,2026-05-05,01:30,assists,12.5,1440.0,,True,draftkings,2026-05-01T14:24:38.960627
Stephon Castle,,,219920e3a715ceb3dc69f3638f7571d5,2026-05-05,01:30,assists,13.5,2200.0,,True,draftkings,2026-05-01T14:24:38.960629
De'Aaron Fox,,,219920e3a715ceb3dc69f3638f7571d5,2026-05-05,01:30,assists,2.5,-3200.0,,True,draftkings,2026-05-01T14:24:38.960631
De'Aaron Fox,,,219920e3a715ceb3dc69f3638f7571d5,2026-05-05,01:30,assists,3.5,-800.0,,True,draftkings,2026-05-01T14:24:38.960632
De'Aaron Fox,,,219920e3a715ceb3dc69f3638f7571d5,2026-05-05,01:30,assists,4.5,-328.0,,True,draftkings,2026-05-01T14:24:38.960634
De'Aaron Fox,,,219920e3a715ceb3dc69f3638f7571d5,2026-05-05,01:30,assists,5.5,-160.0,,True,draftkings,2026-05-01T14:24:38.960636
De'Aaron Fox,,,219920e3a715ceb3dc69f3638f7571d5,2026-05-05,01:30,assists,6.5,119.0,,True,draftkings,2026-05-01T14:24:38.960637
De'Aaron Fox,,,219920e3a715ceb3dc69f3638f7571d5,2026-05-05,01:30,assists,7.5,217.0,,True,draftkings,2026-05-01T14:24:38.960639
De'Aaron Fox,,,219920e3a715ceb3dc69f3638f7571d5,2026-05-05,01:30,assists,8.5,393.0,,True,draftkings,2026-05-01T14:24:38.960641
De'Aaron Fox,,,219920e3a715ceb3dc69f3638f7571d5,2026-05-05,01:30,assists,9.5,700.0,,True,draftkings,2026-05-01T14:24:38.960642
De'Aaron Fox,,,219920e3a715ceb3dc69f3638f7571d5,2026-05-05,01:30,assists,10.5,1220.0,,True,draftkings,2026-05-01T14:24:38.960644
De'Aaron Fox,,,219920e3a715ceb3dc69f3638f7571d5,2026-05-05,01:30,assists,11.5,1960.0,,True,draftkings,2026-05-01T14:24:38.960646
De'Aaron Fox,,,219920e3a715ceb3dc69f3638f7571d5,2026-05-05,01:30,assists,12.5,2900.0,,True,draftkings,2026-05-01T14:24:38.960648
Julius Randle,,,219920e3a715ceb3dc69f3638f7571d5,2026-05-05,01:30,assists,2.5,-518.0,,True,draftkings,2026-05-01T14:24:38.960650
Julius Randle,,,219920e3a715ceb3dc69f3638f7571d5,2026-05-05,01:30,assists,3.5,-214.0,,True,draftkings,2026-05-01T14:24:38.960651
Julius Randle,,,219920e3a715ceb3dc69f3638f7571d5,2026-05-05,01:30,assists,4.5,-102.0,,True,draftkings,2026-05-01T14:24:38.960653
Julius Randle,,,219920e3a715ceb3dc69f3638f7571d5,2026-05-05,01:30,assists,5.5,193.0,,True,draftkings,2026-05-01T14:24:38.960654
Julius Randle,,,219920e3a715ceb3dc69f3638f7571d5,2026-05-05,01:30,assists,6.5,361.0,,True,draftkings,2026-05-01T14:24:38.960656
Julius Randle,,,219920e3a715ceb3dc69f3638f7571d5,2026-05-05,01:30,assists,7.5,640.0,,True,draftkings,2026-05-01T14:24:38.960658
Julius Randle,,,219920e3a715ceb3dc69f3638f7571d5,2026-05-05,01:30,assists,8.5,1140.0,,True,draftkings,2026-05-01T14:24:38.960659
Julius Randle,,,219920e3a715ceb3dc69f3638f7571d5,2026-05-05,01:30,assists,9.5,1900.0,,True,draftkings,2026-05-01T14:24:38.960661
Julius Randle,,,219920e3a715ceb3dc69f3638f7571d5,2026-05-05,01:30,assists,10.5,2700.0,,True,draftkings,2026-05-01T14:24:38.960663
Ayo Dosunmu,,,219920e3a715ceb3dc69f3638f7571d5,2026-05-05,01:30,assists,2.5,-422.0,,True,draftkings,2026-05-01T14:24:38.960668
Ayo Dosunmu,,,219920e3a715ceb3dc69f3638f7571d5,2026-05-05,01:30,assists,3.5,-172.0,,True,draftkings,2026-05-01T14:24:38.960670
Ayo Dosunmu,,,219920e3a715ceb3dc69f3638f7571d5,2026-05-05,01:30,assists,4.5,121.0,,True,draftkings,2026-05-01T14:24:38.960671
Ayo Dosunmu,,,219920e3a715ceb3dc69f3638f7571d5,2026-05-05,01:30,assists,5.5,241.0,,True,draftkings,2026-05-01T14:24:38.960673
Ayo Dosunmu,,,219920e3a715ceb3dc69f3638f7571d5,2026-05-05,01:30,assists,6.5,454.0,,True,draftkings,2026-05-01T14:24:38.960675
Ayo Dosunmu,,,219920e3a715ceb3dc69f3638f7571d5,2026-05-05,01:30,assists,7.5,880.0,,True,draftkings,2026-05-01T14:24:38.960676
Ayo Dosunmu,,,219920e3a715ceb3dc69f3638f7571d5,2026-05-05,01:30,assists,8.5,1540.0,,True,draftkings,2026-05-01T14:24:38.960678
Ayo Dosunmu,,,219920e3a715ceb3dc69f3638f7571d5,2026-05-05,01:30,assists,9.5,2400.0,,True,draftkings,2026-05-01T14:24:38.960680
Mike Conley,,,219920e3a715ceb3dc69f3638f7571d5,2026-05-05,01:30,assists,2.5,-460.0,,True,draftkings,2026-05-01T14:24:38.960684
Mike Conley,,,219920e3a715ceb3dc69f3638f7571d5,2026-05-05,01:30,assists,3.5,-187.0,,True,draftkings,2026-05-01T14:24:38.960686
Mike Conley,,,219920e3a715ceb3dc69f3638f7571d5,2026-05-05,01:30,assists,4.5,112.0,,True,draftkings,2026-05-01T14:24:38.960687
Mike Conley,,,219920e3a715ceb3dc69f3638f7571d5,2026-05-05,01:30,assists,5.5,224.0,,True,draftkings,2026-05-01T14:24:38.960689
Mike Conley,,,219920e3a715ceb3dc69f3638f7571d5,2026-05-05,01:30,assists,6.5,437.0,,True,draftkings,2026-05-01T14:24:38.960693
Mike Conley,,,219920e3a715ceb3dc69f3638f7571d5,2026-05-05,01:30,assists,7.5,820.0,,True,draftkings,2026-05-01T14:24:38.960695
Mike Conley,,,219920e3a715ceb3dc69f3638f7571d5,2026-05-05,01:30,assists,8.5,1480.0,,True,draftkings,2026-05-01T14:24:38.960696
Mike Conley,,,219920e3a715ceb3dc69f3638f7571d5,2026-05-05,01:30,assists,9.5,2400.0,,True,draftkings,2026-05-01T14:24:38.960698
Victor Wembanyama,,,219920e3a715ceb3dc69f3638f7571d5,2026-05-05,01:30,assists,2.5,-210.0,,True,draftkings,2026-05-01T14:24:38.960700
Victor Wembanyama,,,219920e3a715ceb3dc69f3638f7571d5,2026-05-05,01:30,assists,3.5,119.0,,True,draftkings,2026-05-01T14:24:38.960701
Victor Wembanyama,,,219920e3a715ceb3dc69f3638f7571d5,2026-05-05,01:30,assists,4.5,263.0,,True,draftkings,2026-05-01T14:24:38.960703
Victor Wembanyama,,,219920e3a715ceb3dc69f3638f7571d5,2026-05-05,01:30,assists,5.5,565.0,,True,draftkings,2026-05-01T14:24:38.960705
Victor Wembanyama,,,219920e3a715ceb3dc69f3638f7571d5,2026-05-05,01:30,assists,6.5,1180.0,,True,draftkings,2026-05-01T14:24:38.960706
Victor Wembanyama,,,219920e3a715ceb3dc69f3638f7571d5,2026-05-05,01:30,assists,7.5,2200.0,,True,draftkings,2026-05-01T14:24:38.960708
Dylan Harper,,,219920e3a715ceb3dc69f3638f7571d5,2026-05-05,01:30,assists,2.5,-133.0,,True,draftkings,2026-05-01T14:24:38.960710
Dylan Harper,,,219920e3a715ceb3dc69f3638f7571d5,2026-05-05,01:30,assists,3.5,178.0,,True,draftkings,2026-05-01T14:24:38.960712
Dylan Harper,,,219920e3a715ceb3dc69f3638f7571d5,2026-05-05,01:30,assists,4.5,400.0,,True,draftkings,2026-05-01T14:24:38.960714
Dylan Harper,,,219920e3a715ceb3dc69f3638f7571d5,2026-05-05,01:30,assists,5.5,870.0,,True,draftkings,2026-05-01T14:24:38.960715
Dylan Harper,,,219920e3a715ceb3dc69f3638f7571d5,2026-05-05,01:30,assists,6.5,1620.0,,True,draftkings,2026-05-01T14:24:38.960717
Dylan Harper,,,219920e3a715ceb3dc69f3638f7571d5,2026-05-05,01:30,assists,7.5,2600.0,,True,draftkings,2026-05-01T14:24:38.960719
Jaden McDaniels,,,219920e3a715ceb3dc69f3638f7571d5,2026-05-05,01:30,assists,2.5,-132.0,,True,draftkings,2026-05-01T14:24:38.960720
Jaden McDaniels,,,219920e3a715ceb3dc69f3638f7571d5,2026-05-05,01:30,assists,3.5,183.0,,True,draftkings,2026-05-01T14:24:38.960722
Jaden McDaniels,,,219920e3a715ceb3dc69f3638f7571d5,2026-05-05,01:30,assists,4.5,404.0,,True,draftkings,2026-05-01T14:24:38.960724
Jaden McDaniels,,,219920e3a715ceb3dc69f3638f7571d5,2026-05-05,01:30,assists,5.5,830.0,,True,draftkings,2026-05-01T14:24:38.960725
Jaden McDaniels,,,219920e3a715ceb3dc69f3638f7571d5,2026-05-05,01:30,assists,6.5,1620.0,,True,draftkings,2026-05-01T14:24:38.960727
Jaden McDaniels,,,219920e3a715ceb3dc69f3638f7571d5,2026-05-05,01:30,assists,7.5,2700.0,,True,draftkings,2026-05-01T14:24:38.960729
Devin Vassell,,,219920e3a715ceb3dc69f3638f7571d5,2026-05-05,01:30,assists,2.5,117.0,,True,draftkings,2026-05-01T14:24:38.960730
Devin Vassell,,,219920e3a715ceb3dc69f3638f7571d5,2026-05-05,01:30,assists,3.5,294.0,,True,draftkings,2026-05-01T14:24:38.960732
Devin Vassell,,,219920e3a715ceb3dc69f3638f7571d5,2026-05-05,01:30,assists,4.5,680.0,,True,draftkings,2026-05-01T14:24:38.960734
Devin Vassell,,,219920e3a715ceb3dc69f3638f7571d5,2026-05-05,01:30,assists,5.5,1520.0,,True,draftkings,2026-05-01T14:24:38.960736
Devin Vassell,,,219920e3a715ceb3dc69f3638f7571d5,2026-05-05,01:30,assists,6.5,2700.0,,True,draftkings,2026-05-01T14:24:38.960738
Naz Reid,,,219920e3a715ceb3dc69f3638f7571d5,2026-05-05,01:30,assists,1.5,-113.0,,True,draftkings,2026-05-01T14:24:38.960739
Naz Reid,,,219920e3a715ceb3dc69f3638f7571d5,2026-05-05,01:30,assists,2.5,258.0,,True,draftkings,2026-05-01T14:24:38.960743
Naz Reid,,,219920e3a715ceb3dc69f3638f7571d5,2026-05-05,01:30,assists,3.5,670.0,,True,draftkings,2026-05-01T14:24:38.960745
Naz Reid,,,219920e3a715ceb3dc69f3638f7571d5,2026-05-05,01:30,assists,4.5,1540.0,,True,draftkings,2026-05-01T14:24:38.960747
Naz Reid,,,219920e3a715ceb3dc69f3638f7571d5,2026-05-05,01:30,assists,5.5,2800.0,,True,draftkings,2026-05-01T14:24:38.960748
Rudy Gobert,,,219920e3a715ceb3dc69f3638f7571d5,2026-05-05,01:30,assists,1.5,-109.0,,True,draftkings,2026-05-01T14:24:38.960750
Rudy Gobert,,,219920e3a715ceb3dc69f3638f7571d5,2026-05-05,01:30,assists,2.5,275.0,,True,draftkings,2026-05-01T14:24:38.960752
Rudy Gobert,,,219920e3a715ceb3dc69f3638f7571d5,2026-05-05,01:30,assists,3.5,740.0,,True,draftkings,2026-05-01T14:24:38.960753
Rudy Gobert,,,219920e3a715ceb3dc69f3638f7571d5,2026-05-05,01:30,assists,4.5,1700.0,,True,draftkings,2026-05-01T14:24:38.960755
Julian Champagnie,,,219920e3a715ceb3dc69f3638f7571d5,2026-05-05,01:30,assists,1.5,156.0,,True,draftkings,2026-05-01T14:24:38.960757
Julian Champagnie,,,219920e3a715ceb3dc69f3638f7571d5,2026-05-05,01:30,assists,2.5,499.0,,True,draftkings,2026-05-01T14:24:38.960758
Julian Champagnie,,,219920e3a715ceb3dc69f3638f7571d5,2026-05-05,01:30,assists,3.5,1340.0,,True,draftkings,2026-05-01T14:24:38.960760
Julian Champagnie,,,219920e3a715ceb3dc69f3638f7571d5,2026-05-05,01:30,assists,4.5,2800.0,,True,draftkings,2026-05-01T14:24:38.960764
Victor Wembanyama,,,219920e3a715ceb3dc69f3638f7571d5,2026-05-05,01:30,points,27.5,-108.0,-118.0,False,draftkings,2026-05-01T14:24:38.960782
Julius Randle,,,219920e3a715ceb3dc69f3638f7571d5,2026-05-05,01:30,points,21.5,-113.0,-113.0,False,draftkings,2026-05-01T14:24:38.960784
Stephon Castle,,,219920e3a715ceb3dc69f3638f7571d5,2026-05-05,01:30,points,17.5,-116.0,-110.0,False,draftkings,2026-05-01T14:24:38.960786
Jaden McDaniels,,,219920e3a715ceb3dc69f3638f7571d5,2026-05-05,01:30,points,17.5,-114.0,-112.0,False,draftkings,2026-05-01T14:24:38.960788
De'Aaron Fox,,,219920e3a715ceb3dc69f3638f7571d5,2026-05-05,01:30,points,17.5,-113.0,-113.0,False,draftkings,2026-05-01T14:24:38.960789
Ayo Dosunmu,,,219920e3a715ceb3dc69f3638f7571d5,2026-05-05,01:30,points,17.5,-109.0,-117.0,False,draftkings,2026-05-01T14:24:38.960791
Devin Vassell,,,219920e3a715ceb3dc69f3638f7571d5,2026-05-05,01:30,points,12.5,-107.0,-120.0,False,draftkings,2026-05-01T14:24:38.960793
Naz Reid,,,219920e3a715ceb3dc69f3638f7571d5,2026-05-05,01:30,points,11.5,-121.0,-105.0,False,draftkings,2026-05-01T14:24:38.960795
Dylan Harper,,,219920e3a715ceb3dc69f3638f7571d5,2026-05-05,01:30,points,10.5,103.0,-131.0,False,draftkings,2026-05-01T14:24:38.960796
Rudy Gobert,,,219920e3a715ceb3dc69f3638f7571d5,2026-05-05,01:30,points,8.5,-127.0,100.0,False,draftkings,2026-05-01T14:24:38.960798
Keldon Johnson,,,219920e3a715ceb3dc69f3638f7571d5,2026-05-05,01:30,points,8.5,-116.0,-110.0,False,draftkings,2026-05-01T14:24:38.960800
Julian Champagnie,,,219920e3a715ceb3dc69f3638f7571d5,2026-05-05,01:30,points,8.5,-110.0,-116.0,False,draftkings,2026-05-01T14:24:38.960801
Mike Conley,,,219920e3a715ceb3dc69f3638f7571d5,2026-05-05,01:30,points,5.5,-109.0,-117.0,False,draftkings,2026-05-01T14:24:38.960803
Victor Wembanyama,,,219920e3a715ceb3dc69f3638f7571d5,2026-05-05,01:30,points,17.5,-1220.0,,True,draftkings,2026-05-01T14:24:38.960861
Victor Wembanyama,,,219920e3a715ceb3dc69f3638f7571d5,2026-05-05,01:30,points,19.5,-690.0,,True,draftkings,2026-05-01T14:24:38.960863
Victor Wembanyama,,,219920e3a715ceb3dc69f3638f7571d5,2026-05-05,01:30,points,24.5,-207.0,,True,draftkings,2026-05-01T14:24:38.960865
Victor Wembanyama,,,219920e3a715ceb3dc69f3638f7571d5,2026-05-05,01:30,points,27.5,-109.0,,True,draftkings,2026-05-01T14:24:38.960867
Victor Wembanyama,,,219920e3a715ceb3dc69f3638f7571d5,2026-05-05,01:30,points,29.5,136.0,,True,draftkings,2026-05-01T14:24:38.960869
Victor Wembanyama,,,219920e3a715ceb3dc69f3638f7571d5,2026-05-05,01:30,points,34.5,347.0,,True,draftkings,2026-05-01T14:24:38.960870
Victor Wembanyama,,,219920e3a715ceb3dc69f3638f7571d5,2026-05-05,01:30,points,39.5,870.0,,True,draftkings,2026-05-01T14:24:38.960872
Victor Wembanyama,,,219920e3a715ceb3dc69f3638f7571d5,2026-05-05,01:30,points,44.5,2100.0,,True,draftkings,2026-05-01T14:24:38.960874
Julius Randle,,,219920e3a715ceb3dc69f3638f7571d5,2026-05-05,01:30,points,11.5,-1500.0,,True,draftkings,2026-05-01T14:24:38.960875
Julius Randle,,,219920e3a715ceb3dc69f3638f7571d5,2026-05-05,01:30,points,14.5,-555.0,,True,draftkings,2026-05-01T14:24:38.960877
Julius Randle,,,219920e3a715ceb3dc69f3638f7571d5,2026-05-05,01:30,points,17.5,-261.0,,True,draftkings,2026-05-01T14:24:38.960879
Julius Randle,,,219920e3a715ceb3dc69f3638f7571d5,2026-05-05,01:30,points,19.5,-168.0,,True,draftkings,2026-05-01T14:24:38.960881
Julius Randle,,,219920e3a715ceb3dc69f3638f7571d5,2026-05-05,01:30,points,21.5,-112.0,,True,draftkings,2026-05-01T14:24:38.960882
Julius Randle,,,219920e3a715ceb3dc69f3638f7571d5,2026-05-05,01:30,points,24.5,158.0,,True,draftkings,2026-05-01T14:24:38.960884
Julius Randle,,,219920e3a715ceb3dc69f3638f7571d5,2026-05-05,01:30,points,29.5,408.0,,True,draftkings,2026-05-01T14:24:38.960888
Julius Randle,,,219920e3a715ceb3dc69f3638f7571d5,2026-05-05,01:30,points,34.5,1000.0,,True,draftkings,2026-05-01T14:24:38.960890
Julius Randle,,,219920e3a715ceb3dc69f3638f7571d5,2026-05-05,01:30,points,39.5,2200.0,,True,draftkings,2026-05-01T14:24:38.960892
Ayo Dosunmu,,,219920e3a715ceb3dc69f3638f7571d5,2026-05-05,01:30,points,7.5,-2700.0,,True,draftkings,2026-05-01T14:24:38.960893
Ayo Dosunmu,,,219920e3a715ceb3dc69f3638f7571d5,2026-05-05,01:30,points,9.5,-1040.0,,True,draftkings,2026-05-01T14:24:38.960895
Ayo Dosunmu,,,219920e3a715ceb3dc69f3638f7571d5,2026-05-05,01:30,points,11.5,-518.0,,True,draftkings,2026-05-01T14:24:38.960897
Ayo Dosunmu,,,219920e3a715ceb3dc69f3638f7571d5,2026-05-05,01:30,points,14.5,-223.0,,True,draftkings,2026-05-01T14:24:38.960898
Ayo Dosunmu,,,219920e3a715ceb3dc69f3638f7571d5,2026-05-05,01:30,points,17.5,-111.0,,True,draftkings,2026-05-01T14:24:38.960900
Ayo Dosunmu,,,219920e3a715ceb3dc69f3638f7571d5,2026-05-05,01:30,points,19.5,140.0,,True,draftkings,2026-05-01T14:24:38.960902
Ayo Dosunmu,,,219920e3a715ceb3dc69f3638f7571d5,2026-05-05,01:30,points,24.5,374.0,,True,draftkings,2026-05-01T14:24:38.960904
Ayo Dosunmu,,,219920e3a715ceb3dc69f3638f7571d5,2026-05-05,01:30,points,29.5,940.0,,True,draftkings,2026-05-01T14:24:38.960905
Ayo Dosunmu,,,219920e3a715ceb3dc69f3638f7571d5,2026-05-05,01:30,points,34.5,2200.0,,True,draftkings,2026-05-01T14:24:38.960907
Jaden McDaniels,,,219920e3a715ceb3dc69f3638f7571d5,2026-05-05,01:30,points,7.5,-3000.0,,True,draftkings,2026-05-01T14:24:38.960909
Jaden McDaniels,,,219920e3a715ceb3dc69f3638f7571d5,2026-05-05,01:30,points,9.5,-1060.0,,True,draftkings,2026-05-01T14:24:38.960910
Jaden McDaniels,,,219920e3a715ceb3dc69f3638f7571d5,2026-05-05,01:30,points,11.5,-527.0,,True,draftkings,2026-05-01T14:24:38.960912
Jaden McDaniels,,,219920e3a715ceb3dc69f3638f7571d5,2026-05-05,01:30,points,14.5,-228.0,,True,draftkings,2026-05-01T14:24:38.960914
Jaden McDaniels,,,219920e3a715ceb3dc69f3638f7571d5,2026-05-05,01:30,points,17.5,-113.0,,True,draftkings,2026-05-01T14:24:38.960915
Jaden McDaniels,,,219920e3a715ceb3dc69f3638f7571d5,2026-05-05,01:30,points,19.5,137.0,,True,draftkings,2026-05-01T14:24:38.960917
Jaden McDaniels,,,219920e3a715ceb3dc69f3638f7571d5,2026-05-05,01:30,points,24.5,390.0,,True,draftkings,2026-05-01T14:24:38.960919
Jaden McDaniels,,,219920e3a715ceb3dc69f3638f7571d5,2026-05-05,01:30,points,29.5,980.0,,True,draftkings,2026-05-01T14:24:38.960920
Jaden McDaniels,,,219920e3a715ceb3dc69f3638f7571d5,2026-05-05,01:30,points,34.5,2300.0,,True,draftkings,2026-05-01T14:24:38.960922
De'Aaron Fox,,,219920e3a715ceb3dc69f3638f7571d5,2026-05-05,01:30,points,7.5,-3500.0,,True,draftkings,2026-05-01T14:24:38.960924
De'Aaron Fox,,,219920e3a715ceb3dc69f3638f7571d5,2026-05-05,01:30,points,9.5,-1220.0,,True,draftkings,2026-05-01T14:24:38.960925
De'Aaron Fox,,,219920e3a715ceb3dc69f3638f7571d5,2026-05-05,01:30,points,11.5,-575.0,,True,draftkings,2026-05-01T14:24:38.960927
De'Aaron Fox,,,219920e3a715ceb3dc69f3638f7571d5,2026-05-05,01:30,points,14.5,-235.0,,True,draftkings,2026-05-01T14:24:38.960931
De'Aaron Fox,,,219920e3a715ceb3dc69f3638f7571d5,2026-05-05,01:30,points,17.5,-113.0,,True,draftkings,2026-05-01T14:24:38.960933
De'Aaron Fox,,,219920e3a715ceb3dc69f3638f7571d5,2026-05-05,01:30,points,19.5,142.0,,True,draftkings,2026-05-01T14:24:38.960935
De'Aaron Fox,,,219920e3a715ceb3dc69f3638f7571d5,2026-05-05,01:30,points,24.5,435.0,,True,draftkings,2026-05-01T14:24:38.960936
De'Aaron Fox,,,219920e3a715ceb3dc69f3638f7571d5,2026-05-05,01:30,points,29.5,1220.0,,True,draftkings,2026-05-01T14:24:38.960939
De'Aaron Fox,,,219920e3a715ceb3dc69f3638f7571d5,2026-05-05,01:30,points,34.5,2800.0,,True,draftkings,2026-05-01T14:24:38.960940
Stephon Castle,,,219920e3a715ceb3dc69f3638f7571d5,2026-05-05,01:30,points,9.5,-1400.0,,True,draftkings,2026-05-01T14:24:38.960942
Stephon Castle,,,219920e3a715ceb3dc69f3638f7571d5,2026-05-05,01:30,points,11.5,-630.0,,True,draftkings,2026-05-01T14:24:38.960946
Stephon Castle,,,219920e3a715ceb3dc69f3638f7571d5,2026-05-05,01:30,points,14.5,-250.0,,True,draftkings,2026-05-01T14:24:38.960948
Stephon Castle,,,219920e3a715ceb3dc69f3638f7571d5,2026-05-05,01:30,points,17.5,-116.0,,True,draftkings,2026-05-01T14:24:38.960950
Stephon Castle,,,219920e3a715ceb3dc69f3638f7571d5,2026-05-05,01:30,points,19.5,140.0,,True,draftkings,2026-05-01T14:24:38.960951
Stephon Castle,,,219920e3a715ceb3dc69f3638f7571d5,2026-05-05,01:30,points,24.5,442.0,,True,draftkings,2026-05-01T14:24:38.960953
Stephon Castle,,,219920e3a715ceb3dc69f3638f7571d5,2026-05-05,01:30,points,29.5,1260.0,,True,draftkings,2026-05-01T14:24:38.960957
Stephon Castle,,,219920e3a715ceb3dc69f3638f7571d5,2026-05-05,01:30,points,34.5,2800.0,,True,draftkings,2026-05-01T14:24:38.960959
Naz Reid,,,219920e3a715ceb3dc69f3638f7571d5,2026-05-05,01:30,points,5.5,-960.0,,True,draftkings,2026-05-01T14:24:38.960960
Naz Reid,,,219920e3a715ceb3dc69f3638f7571d5,2026-05-05,01:30,points,7.5,-409.0,,True,draftkings,2026-05-01T14:24:38.960962
Naz Reid,,,219920e3a715ceb3dc69f3638f7571d5,2026-05-05,01:30,points,9.5,-214.0,,True,draftkings,2026-05-01T14:24:38.960964
Naz Reid,,,219920e3a715ceb3dc69f3638f7571d5,2026-05-05,01:30,points,11.5,-122.0,,True,draftkings,2026-05-01T14:24:38.960966
Naz Reid,,,219920e3a715ceb3dc69f3638f7571d5,2026-05-05,01:30,points,14.5,176.0,,True,draftkings,2026-05-01T14:24:38.960967
Naz Reid,,,219920e3a715ceb3dc69f3638f7571d5,2026-05-05,01:30,points,17.5,366.0,,True,draftkings,2026-05-01T14:24:38.960969
Naz Reid,,,219920e3a715ceb3dc69f3638f7571d5,2026-05-05,01:30,points,19.5,589.0,,True,draftkings,2026-05-01T14:24:38.960970
Naz Reid,,,219920e3a715ceb3dc69f3638f7571d5,2026-05-05,01:30,points,24.5,1580.0,,True,draftkings,2026-05-01T14:24:38.960972
Devin Vassell,,,219920e3a715ceb3dc69f3638f7571d5,2026-05-05,01:30,points,5.5,-1300.0,,True,draftkings,2026-05-01T14:24:38.960974
Devin Vassell,,,219920e3a715ceb3dc69f3638f7571d5,2026-05-05,01:30,points,7.5,-534.0,,True,draftkings,2026-05-01T14:24:38.960976
Devin Vassell,,,219920e3a715ceb3dc69f3638f7571d5,2026-05-05,01:30,points,9.5,-262.0,,True,draftkings,2026-05-01T14:24:38.960977
Devin Vassell,,,219920e3a715ceb3dc69f3638f7571d5,2026-05-05,01:30,points,11.5,-143.0,,True,draftkings,2026-05-01T14:24:38.960979
Devin Vassell,,,219920e3a715ceb3dc69f3638f7571d5,2026-05-05,01:30,points,12.5,-107.0,,True,draftkings,2026-05-01T14:24:38.960981
Devin Vassell,,,219920e3a715ceb3dc69f3638f7571d5,2026-05-05,01:30,points,14.5,160.0,,True,draftkings,2026-05-01T14:24:38.960982
Devin Vassell,,,219920e3a715ceb3dc69f3638f7571d5,2026-05-05,01:30,points,17.5,336.0,,True,draftkings,2026-05-01T14:24:38.960984
Devin Vassell,,,219920e3a715ceb3dc69f3638f7571d5,2026-05-05,01:30,points,19.5,556.0,,True,draftkings,2026-05-01T14:24:38.960986
Devin Vassell,,,219920e3a715ceb3dc69f3638f7571d5,2026-05-05,01:30,points,24.5,1760.0,,True,draftkings,2026-05-01T14:24:38.960988
Dylan Harper,,,219920e3a715ceb3dc69f3638f7571d5,2026-05-05,01:30,points,5.5,-568.0,,True,draftkings,2026-05-01T14:24:38.960989
Dylan Harper,,,219920e3a715ceb3dc69f3638f7571d5,2026-05-05,01:30,points,7.5,-249.0,,True,draftkings,2026-05-01T14:24:38.960991
Dylan Harper,,,219920e3a715ceb3dc69f3638f7571d5,2026-05-05,01:30,points,9.5,-132.0,,True,draftkings,2026-05-01T14:24:38.960993
Dylan Harper,,,219920e3a715ceb3dc69f3638f7571d5,2026-05-05,01:30,points,10.5,103.0,,True,draftkings,2026-05-01T14:24:38.960994
Dylan Harper,,,219920e3a715ceb3dc69f3638f7571d5,2026-05-05,01:30,points,11.5,138.0,,True,draftkings,2026-05-01T14:24:38.960996
Dylan Harper,,,219920e3a715ceb3dc69f3638f7571d5,2026-05-05,01:30,points,14.5,310.0,,True,draftkings,2026-05-01T14:24:38.960998
Dylan Harper,,,219920e3a715ceb3dc69f3638f7571d5,2026-05-05,01:30,points,17.5,680.0,,True,draftkings,2026-05-01T14:24:38.960999
Dylan Harper,,,219920e3a715ceb3dc69f3638f7571d5,2026-05-05,01:30,points,19.5,1080.0,,True,draftkings,2026-05-01T14:24:38.961001
Dylan Harper,,,219920e3a715ceb3dc69f3638f7571d5,2026-05-05,01:30,points,24.5,2900.0,,True,draftkings,2026-05-01T14:24:38.961005
Keldon Johnson,,,219920e3a715ceb3dc69f3638f7571d5,2026-05-05,01:30,points,5.5,-331.0,,True,draftkings,2026-05-01T14:24:38.961007
Keldon Johnson,,,219920e3a715ceb3dc69f3638f7571d5,2026-05-05,01:30,points,7.5,-160.0,,True,draftkings,2026-05-01T14:24:38.961009
Keldon Johnson,,,219920e3a715ceb3dc69f3638f7571d5,2026-05-05,01:30,points,8.5,-116.0,,True,draftkings,2026-05-01T14:24:38.961010
Keldon Johnson,,,219920e3a715ceb3dc69f3638f7571d5,2026-05-05,01:30,points,9.5,118.0,,True,draftkings,2026-05-01T14:24:38.961012
Keldon Johnson,,,219920e3a715ceb3dc69f3638f7571d5,2026-05-05,01:30,points,11.5,208.0,,True,draftkings,2026-05-01T14:24:38.961014
Keldon Johnson,,,219920e3a715ceb3dc69f3638f7571d5,2026-05-05,01:30,points,14.5,472.0,,True,draftkings,2026-05-01T14:24:38.961015
Keldon Johnson,,,219920e3a715ceb3dc69f3638f7571d5,2026-05-05,01:30,points,17.5,1020.0,,True,draftkings,2026-05-01T14:24:38.961017
Keldon Johnson,,,219920e3a715ceb3dc69f3638f7571d5,2026-05-05,01:30,points,19.5,1640.0,,True,draftkings,2026-05-01T14:24:38.961019
Julian Champagnie,,,219920e3a715ceb3dc69f3638f7571d5,2026-05-05,01:30,points,5.5,-324.0,,True,draftkings,2026-05-01T14:24:38.961020
Julian Champagnie,,,219920e3a715ceb3dc69f3638f7571d5,2026-05-05,01:30,points,7.5,-157.0,,True,draftkings,2026-05-01T14:24:38.961022
Julian Champagnie,,,219920e3a715ceb3dc69f3638f7571d5,2026-05-05,01:30,points,8.5,-110.0,,True,draftkings,2026-05-01T14:24:38.961026
Julian Champagnie,,,219920e3a715ceb3dc69f3638f7571d5,2026-05-05,01:30,points,9.5,127.0,,True,draftkings,2026-05-01T14:24:38.961028
Julian Champagnie,,,219920e3a715ceb3dc69f3638f7571d5,2026-05-05,01:30,points,11.5,217.0,,True,draftkings,2026-05-01T14:24:38.961029
Julian Champagnie,,,219920e3a715ceb3dc69f3638f7571d5,2026-05-05,01:30,points,14.5,496.0,,True,draftkings,2026-05-01T14:24:38.961031
Julian Champagnie,,,219920e3a715ceb3dc69f3638f7571d5,2026-05-05,01:30,points,17.5,1080.0,,True,draftkings,2026-05-01T14:24:38.961033
Julian Champagnie,,,219920e3a715ceb3dc69f3638f7571d5,2026-05-05,01:30,points,19.5,1660.0,,True,draftkings,2026-05-01T14:24:38.961035
Rudy Gobert,,,219920e3a715ceb3dc69f3638f7571d5,2026-05-05,01:30,points,5.5,-475.0,,True,draftkings,2026-05-01T14:24:38.961037
Rudy Gobert,,,219920e3a715ceb3dc69f3638f7571d5,2026-05-05,01:30,points,7.5,-204.0,,True,draftkings,2026-05-01T14:24:38.961038
Rudy Gobert,,,219920e3a715ceb3dc69f3638f7571d5,2026-05-05,01:30,points,8.5,-125.0,,True,draftkings,2026-05-01T14:24:38.961040
Rudy Gobert,,,219920e3a715ceb3dc69f3638f7571d5,2026-05-05,01:30,points,9.5,102.0,,True,draftkings,2026-05-01T14:24:38.961042
Rudy Gobert,,,219920e3a715ceb3dc69f3638f7571d5,2026-05-05,01:30,points,11.5,197.0,,True,draftkings,2026-05-01T14:24:38.961043
Rudy Gobert,,,219920e3a715ceb3dc69f3638f7571d5,2026-05-05,01:30,points,14.5,524.0,,True,draftkings,2026-05-01T14:24:38.961045
Rudy Gobert,,,219920e3a715ceb3dc69f3638f7571d5,2026-05-05,01:30,points,17.5,1160.0,,True,draftkings,2026-05-01T14:24:38.961047
Rudy Gobert,,,219920e3a715ceb3dc69f3638f7571d5,2026-05-05,01:30,points,19.5,1900.0,,True,draftkings,2026-05-01T14:24:38.961049
Mike Conley,,,219920e3a715ceb3dc69f3638f7571d5,2026-05-05,01:30,points,5.5,-110.0,,True,draftkings,2026-05-01T14:24:38.961050
Mike Conley,,,219920e3a715ceb3dc69f3638f7571d5,2026-05-05,01:30,points,7.5,185.0,,True,draftkings,2026-05-01T14:24:38.961052
Mike Conley,,,219920e3a715ceb3dc69f3638f7571d5,2026-05-05,01:30,points,9.5,378.0,,True,draftkings,2026-05-01T14:24:38.961054
Mike Conley,,,219920e3a715ceb3dc69f3638f7571d5,2026-05-05,01:30,points,11.5,690.0,,True,draftkings,2026-05-01T14:24:38.961055
Mike Conley,,,219920e3a715ceb3dc69f3638f7571d5,2026-05-05,01:30,points,14.5,1640.0,,True,draftkings,2026-05-01T14:24:38.961057
Mike Conley,,,219920e3a715ceb3dc69f3638f7571d5,2026-05-05,01:30,points,17.5,3000.0,,True,draftkings,2026-05-01T14:24:38.961059
Victor Wembanyama,,,219920e3a715ceb3dc69f3638f7571d5,2026-05-05,01:30,rebounds,11.5,-115.0,-114.0,False,draftkings,2026-05-01T14:24:38.961078
Rudy Gobert,,,219920e3a715ceb3dc69f3638f7571d5,2026-05-05,01:30,rebounds,11.5,-114.0,-115.0,False,draftkings,2026-05-01T14:24:38.961080
Julius Randle,,,219920e3a715ceb3dc69f3638f7571d5,2026-05-05,01:30,rebounds,6.5,-139.0,105.0,False,draftkings,2026-05-01T14:24:38.961082
Naz Reid,,,219920e3a715ceb3dc69f3638f7571d5,2026-05-05,01:30,rebounds,5.5,-133.0,101.0,False,draftkings,2026-05-01T14:24:38.961083
Stephon Castle,,,219920e3a715ceb3dc69f3638f7571d5,2026-05-05,01:30,rebounds,5.5,-133.0,101.0,False,draftkings,2026-05-01T14:24:38.961085
Jaden McDaniels,,,219920e3a715ceb3dc69f3638f7571d5,2026-05-05,01:30,rebounds,4.5,-131.0,100.0,False,draftkings,2026-05-01T14:24:38.961087
Julian Champagnie,,,219920e3a715ceb3dc69f3638f7571d5,2026-05-05,01:30,rebounds,4.5,-124.0,-106.0,False,draftkings,2026-05-01T14:24:38.961088
Devin Vassell,,,219920e3a715ceb3dc69f3638f7571d5,2026-05-05,01:30,rebounds,4.5,108.0,-142.0,False,draftkings,2026-05-01T14:24:38.961090
De'Aaron Fox,,,219920e3a715ceb3dc69f3638f7571d5,2026-05-05,01:30,rebounds,4.5,118.0,-156.0,False,draftkings,2026-05-01T14:24:38.961092
Ayo Dosunmu,,,219920e3a715ceb3dc69f3638f7571d5,2026-05-05,01:30,rebounds,4.5,120.0,-159.0,False,draftkings,2026-05-01T14:24:38.961093
Keldon Johnson,,,219920e3a715ceb3dc69f3638f7571d5,2026-05-05,01:30,rebounds,3.5,-102.0,-130.0,False,draftkings,2026-05-01T14:24:38.961095
Dylan Harper,,,219920e3a715ceb3dc69f3638f7571d5,2026-05-05,01:30,rebounds,2.5,-137.0,104.0,False,draftkings,2026-05-01T14:24:38.961097
Mike Conley,,,219920e3a715ceb3dc69f3638f7571d5,2026-05-05,01:30,rebounds,2.5,-119.0,-110.0,False,draftkings,2026-05-01T14:24:38.961098
Rudy Gobert,,,219920e3a715ceb3dc69f3638f7571d5,2026-05-05,01:30,rebounds,6.5,-1760.0,,True,draftkings,2026-05-01T14:24:38.961173
Rudy Gobert,,,219920e3a715ceb3dc69f3638f7571d5,2026-05-05,01:30,rebounds,7.5,-840.0,,True,draftkings,2026-05-01T14:24:38.961175
Rudy Gobert,,,219920e3a715ceb3dc69f3638f7571d5,2026-05-05,01:30,rebounds,8.5,-469.0,,True,draftkings,2026-05-01T14:24:38.961177
Rudy Gobert,,,219920e3a715ceb3dc69f3638f7571d5,2026-05-05,01:30,rebounds,9.5,-282.0,,True,draftkings,2026-05-01T14:24:38.961178
Rudy Gobert,,,219920e3a715ceb3dc69f3638f7571d5,2026-05-05,01:30,rebounds,10.5,-179.0,,True,draftkings,2026-05-01T14:24:38.961180
Rudy Gobert,,,219920e3a715ceb3dc69f3638f7571d5,2026-05-05,01:30,rebounds,11.5,-117.0,,True,draftkings,2026-05-01T14:24:38.961182
Rudy Gobert,,,219920e3a715ceb3dc69f3638f7571d5,2026-05-05,01:30,rebounds,12.5,130.0,,True,draftkings,2026-05-01T14:24:38.961184
Rudy Gobert,,,219920e3a715ceb3dc69f3638f7571d5,2026-05-05,01:30,rebounds,13.5,189.0,,True,draftkings,2026-05-01T14:24:38.961191
Rudy Gobert,,,219920e3a715ceb3dc69f3638f7571d5,2026-05-05,01:30,rebounds,14.5,282.0,,True,draftkings,2026-05-01T14:24:38.961193
Rudy Gobert,,,219920e3a715ceb3dc69f3638f7571d5,2026-05-05,01:30,rebounds,15.5,426.0,,True,draftkings,2026-05-01T14:24:38.961195
Rudy Gobert,,,219920e3a715ceb3dc69f3638f7571d5,2026-05-05,01:30,rebounds,16.5,620.0,,True,draftkings,2026-05-01T14:24:38.961197
Rudy Gobert,,,219920e3a715ceb3dc69f3638f7571d5,2026-05-05,01:30,rebounds,17.5,900.0,,True,draftkings,2026-05-01T14:24:38.961198
Rudy Gobert,,,219920e3a715ceb3dc69f3638f7571d5,2026-05-05,01:30,rebounds,18.5,1300.0,,True,draftkings,2026-05-01T14:24:38.961200
Rudy Gobert,,,219920e3a715ceb3dc69f3638f7571d5,2026-05-05,01:30,rebounds,19.5,1820.0,,True,draftkings,2026-05-01T14:24:38.961202
Victor Wembanyama,,,219920e3a715ceb3dc69f3638f7571d5,2026-05-05,01:30,rebounds,6.5,-2300.0,,True,draftkings,2026-05-01T14:24:38.961204
Victor Wembanyama,,,219920e3a715ceb3dc69f3638f7571d5,2026-05-05,01:30,rebounds,7.5,-950.0,,True,draftkings,2026-05-01T14:24:38.961205
Victor Wembanyama,,,219920e3a715ceb3dc69f3638f7571d5,2026-05-05,01:30,rebounds,8.5,-510.0,,True,draftkings,2026-05-01T14:24:38.961207
Victor Wembanyama,,,219920e3a715ceb3dc69f3638f7571d5,2026-05-05,01:30,rebounds,9.5,-294.0,,True,draftkings,2026-05-01T14:24:38.961209
Victor Wembanyama,,,219920e3a715ceb3dc69f3638f7571d5,2026-05-05,01:30,rebounds,10.5,-181.0,,True,draftkings,2026-05-01T14:24:38.961213
Victor Wembanyama,,,219920e3a715ceb3dc69f3638f7571d5,2026-05-05,01:30,rebounds,11.5,-115.0,,True,draftkings,2026-05-01T14:24:38.961214
Victor Wembanyama,,,219920e3a715ceb3dc69f3638f7571d5,2026-05-05,01:30,rebounds,12.5,136.0,,True,draftkings,2026-05-01T14:24:38.961216
Victor Wembanyama,,,219920e3a715ceb3dc69f3638f7571d5,2026-05-05,01:30,rebounds,13.5,206.0,,True,draftkings,2026-05-01T14:24:38.961218
Victor Wembanyama,,,219920e3a715ceb3dc69f3638f7571d5,2026-05-05,01:30,rebounds,14.5,311.0,,True,draftkings,2026-05-01T14:24:38.961219
Victor Wembanyama,,,219920e3a715ceb3dc69f3638f7571d5,2026-05-05,01:30,rebounds,15.5,474.0,,True,draftkings,2026-05-01T14:24:38.961221
Victor Wembanyama,,,219920e3a715ceb3dc69f3638f7571d5,2026-05-05,01:30,rebounds,16.5,730.0,,True,draftkings,2026-05-01T14:24:38.961223
Victor Wembanyama,,,219920e3a715ceb3dc69f3638f7571d5,2026-05-05,01:30,rebounds,17.5,1060.0,,True,draftkings,2026-05-01T14:24:38.961224
Victor Wembanyama,,,219920e3a715ceb3dc69f3638f7571d5,2026-05-05,01:30,rebounds,18.5,1520.0,,True,draftkings,2026-05-01T14:24:38.961226
Victor Wembanyama,,,219920e3a715ceb3dc69f3638f7571d5,2026-05-05,01:30,rebounds,19.5,2100.0,,True,draftkings,2026-05-01T14:24:38.961228
Julius Randle,,,219920e3a715ceb3dc69f3638f7571d5,2026-05-05,01:30,rebounds,3.5,-1220.0,,True,draftkings,2026-05-01T14:24:38.961229
Julius Randle,,,219920e3a715ceb3dc69f3638f7571d5,2026-05-05,01:30,rebounds,4.5,-510.0,,True,draftkings,2026-05-01T14:24:38.961231
Julius Randle,,,219920e3a715ceb3dc69f3638f7571d5,2026-05-05,01:30,rebounds,5.5,-251.0,,True,draftkings,2026-05-01T14:24:38.961233
Julius Randle,,,219920e3a715ceb3dc69f3638f7571d5,2026-05-05,01:30,rebounds,6.5,-138.0,,True,draftkings,2026-05-01T14:24:38.961234
Julius Randle,,,219920e3a715ceb3dc69f3638f7571d5,2026-05-05,01:30,rebounds,7.5,123.0,,True,draftkings,2026-05-01T14:24:38.961236
Julius Randle,,,219920e3a715ceb3dc69f3638f7571d5,2026-05-05,01:30,rebounds,8.5,207.0,,True,draftkings,2026-05-01T14:24:38.961238
Julius Randle,,,219920e3a715ceb3dc69f3638f7571d5,2026-05-05,01:30,rebounds,9.5,344.0,,True,draftkings,2026-05-01T14:24:38.961240
Julius Randle,,,219920e3a715ceb3dc69f3638f7571d5,2026-05-05,01:30,rebounds,10.5,558.0,,True,draftkings,2026-05-01T14:24:38.961241
Julius Randle,,,219920e3a715ceb3dc69f3638f7571d5,2026-05-05,01:30,rebounds,11.5,900.0,,True,draftkings,2026-05-01T14:24:38.961243
Julius Randle,,,219920e3a715ceb3dc69f3638f7571d5,2026-05-05,01:30,rebounds,12.5,1400.0,,True,draftkings,2026-05-01T14:24:38.961245
Julius Randle,,,219920e3a715ceb3dc69f3638f7571d5,2026-05-05,01:30,rebounds,13.5,2000.0,,True,draftkings,2026-05-01T14:24:38.961249
Julius Randle,,,219920e3a715ceb3dc69f3638f7571d5,2026-05-05,01:30,rebounds,14.5,2800.0,,True,draftkings,2026-05-01T14:24:38.961250
Naz Reid,,,219920e3a715ceb3dc69f3638f7571d5,2026-05-05,01:30,rebounds,2.5,-1780.0,,True,draftkings,2026-05-01T14:24:38.961252
Naz Reid,,,219920e3a715ceb3dc69f3638f7571d5,2026-05-05,01:30,rebounds,3.5,-566.0,,True,draftkings,2026-05-01T14:24:38.961254
Naz Reid,,,219920e3a715ceb3dc69f3638f7571d5,2026-05-05,01:30,rebounds,4.5,-256.0,,True,draftkings,2026-05-01T14:24:38.961256
Naz Reid,,,219920e3a715ceb3dc69f3638f7571d5,2026-05-05,01:30,rebounds,5.5,-133.0,,True,draftkings,2026-05-01T14:24:38.961260
Naz Reid,,,219920e3a715ceb3dc69f3638f7571d5,2026-05-05,01:30,rebounds,6.5,136.0,,True,draftkings,2026-05-01T14:24:38.961261
Naz Reid,,,219920e3a715ceb3dc69f3638f7571d5,2026-05-05,01:30,rebounds,7.5,230.0,,True,draftkings,2026-05-01T14:24:38.961263
Naz Reid,,,219920e3a715ceb3dc69f3638f7571d5,2026-05-05,01:30,rebounds,8.5,390.0,,True,draftkings,2026-05-01T14:24:38.961265
Naz Reid,,,219920e3a715ceb3dc69f3638f7571d5,2026-05-05,01:30,rebounds,9.5,640.0,,True,draftkings,2026-05-01T14:24:38.961266
Naz Reid,,,219920e3a715ceb3dc69f3638f7571d5,2026-05-05,01:30,rebounds,10.5,1040.0,,True,draftkings,2026-05-01T14:24:38.961268
Naz Reid,,,219920e3a715ceb3dc69f3638f7571d5,2026-05-05,01:30,rebounds,11.5,1580.0,,True,draftkings,2026-05-01T14:24:38.961270
Naz Reid,,,219920e3a715ceb3dc69f3638f7571d5,2026-05-05,01:30,rebounds,12.5,2300.0,,True,draftkings,2026-05-01T14:24:38.961271
Stephon Castle,,,219920e3a715ceb3dc69f3638f7571d5,2026-05-05,01:30,rebounds,2.5,-1960.0,,True,draftkings,2026-05-01T14:24:38.961273
Stephon Castle,,,219920e3a715ceb3dc69f3638f7571d5,2026-05-05,01:30,rebounds,3.5,-599.0,,True,draftkings,2026-05-01T14:24:38.961275
Stephon Castle,,,219920e3a715ceb3dc69f3638f7571d5,2026-05-05,01:30,rebounds,4.5,-265.0,,True,draftkings,2026-05-01T14:24:38.961276
Stephon Castle,,,219920e3a715ceb3dc69f3638f7571d5,2026-05-05,01:30,rebounds,5.5,-133.0,,True,draftkings,2026-05-01T14:24:38.961278
Stephon Castle,,,219920e3a715ceb3dc69f3638f7571d5,2026-05-05,01:30,rebounds,6.5,140.0,,True,draftkings,2026-05-01T14:24:38.961280
Stephon Castle,,,219920e3a715ceb3dc69f3638f7571d5,2026-05-05,01:30,rebounds,7.5,249.0,,True,draftkings,2026-05-01T14:24:38.961282
Stephon Castle,,,219920e3a715ceb3dc69f3638f7571d5,2026-05-05,01:30,rebounds,8.5,452.0,,True,draftkings,2026-05-01T14:24:38.961283
Stephon Castle,,,219920e3a715ceb3dc69f3638f7571d5,2026-05-05,01:30,rebounds,9.5,770.0,,True,draftkings,2026-05-01T14:24:38.961285
Stephon Castle,,,219920e3a715ceb3dc69f3638f7571d5,2026-05-05,01:30,rebounds,10.5,1320.0,,True,draftkings,2026-05-01T14:24:38.961287
Stephon Castle,,,219920e3a715ceb3dc69f3638f7571d5,2026-05-05,01:30,rebounds,11.5,2100.0,,True,draftkings,2026-05-01T14:24:38.961289
Jaden McDaniels,,,219920e3a715ceb3dc69f3638f7571d5,2026-05-05,01:30,rebounds,2.5,-720.0,,True,draftkings,2026-05-01T14:24:38.961290
Jaden McDaniels,,,219920e3a715ceb3dc69f3638f7571d5,2026-05-05,01:30,rebounds,3.5,-277.0,,True,draftkings,2026-05-01T14:24:38.961292
Jaden McDaniels,,,219920e3a715ceb3dc69f3638f7571d5,2026-05-05,01:30,rebounds,4.5,-131.0,,True,draftkings,2026-05-01T14:24:38.961294
Jaden McDaniels,,,219920e3a715ceb3dc69f3638f7571d5,2026-05-05,01:30,rebounds,5.5,146.0,,True,draftkings,2026-05-01T14:24:38.961295
Jaden McDaniels,,,219920e3a715ceb3dc69f3638f7571d5,2026-05-05,01:30,rebounds,6.5,263.0,,True,draftkings,2026-05-01T14:24:38.961297
Jaden McDaniels,,,219920e3a715ceb3dc69f3638f7571d5,2026-05-05,01:30,rebounds,7.5,481.0,,True,draftkings,2026-05-01T14:24:38.961299
Jaden McDaniels,,,219920e3a715ceb3dc69f3638f7571d5,2026-05-05,01:30,rebounds,8.5,850.0,,True,draftkings,2026-05-01T14:24:38.961301
Jaden McDaniels,,,219920e3a715ceb3dc69f3638f7571d5,2026-05-05,01:30,rebounds,9.5,1500.0,,True,draftkings,2026-05-01T14:24:38.961302
Jaden McDaniels,,,219920e3a715ceb3dc69f3638f7571d5,2026-05-05,01:30,rebounds,10.5,2400.0,,True,draftkings,2026-05-01T14:24:38.961306
Julian Champagnie,,,219920e3a715ceb3dc69f3638f7571d5,2026-05-05,01:30,rebounds,2.5,-710.0,,True,draftkings,2026-05-01T14:24:38.961310
Julian Champagnie,,,219920e3a715ceb3dc69f3638f7571d5,2026-05-05,01:30,rebounds,3.5,-269.0,,True,draftkings,2026-05-01T14:24:38.961312
Julian Champagnie,,,219920e3a715ceb3dc69f3638f7571d5,2026-05-05,01:30,rebounds,4.5,-127.0,,True,draftkings,2026-05-01T14:24:38.961313
Julian Champagnie,,,219920e3a715ceb3dc69f3638f7571d5,2026-05-05,01:30,rebounds,5.5,160.0,,True,draftkings,2026-05-01T14:24:38.961315
Julian Champagnie,,,219920e3a715ceb3dc69f3638f7571d5,2026-05-05,01:30,rebounds,6.5,306.0,,True,draftkings,2026-05-01T14:24:38.961317
Julian Champagnie,,,219920e3a715ceb3dc69f3638f7571d5,2026-05-05,01:30,rebounds,7.5,565.0,,True,draftkings,2026-05-01T14:24:38.961319
Julian Champagnie,,,219920e3a715ceb3dc69f3638f7571d5,2026-05-05,01:30,rebounds,8.5,1040.0,,True,draftkings,2026-05-01T14:24:38.961320
Julian Champagnie,,,219920e3a715ceb3dc69f3638f7571d5,2026-05-05,01:30,rebounds,9.5,1740.0,,True,draftkings,2026-05-01T14:24:38.961322
Julian Champagnie,,,219920e3a715ceb3dc69f3638f7571d5,2026-05-05,01:30,rebounds,10.5,2600.0,,True,draftkings,2026-05-01T14:24:38.961323
Ayo Dosunmu,,,219920e3a715ceb3dc69f3638f7571d5,2026-05-05,01:30,rebounds,2.5,-430.0,,True,draftkings,2026-05-01T14:24:38.961325
Ayo Dosunmu,,,219920e3a715ceb3dc69f3638f7571d5,2026-05-05,01:30,rebounds,3.5,-173.0,,True,draftkings,2026-05-01T14:24:38.961327
Ayo Dosunmu,,,219920e3a715ceb3dc69f3638f7571d5,2026-05-05,01:30,rebounds,4.5,121.0,,True,draftkings,2026-05-01T14:24:38.961329
Ayo Dosunmu,,,219920e3a715ceb3dc69f3638f7571d5,2026-05-05,01:30,rebounds,5.5,241.0,,True,draftkings,2026-05-01T14:24:38.961330
Ayo Dosunmu,,,219920e3a715ceb3dc69f3638f7571d5,2026-05-05,01:30,rebounds,6.5,460.0,,True,draftkings,2026-05-01T14:24:38.961332
Ayo Dosunmu,,,219920e3a715ceb3dc69f3638f7571d5,2026-05-05,01:30,rebounds,7.5,860.0,,True,draftkings,2026-05-01T14:24:38.961334
Ayo Dosunmu,,,219920e3a715ceb3dc69f3638f7571d5,2026-05-05,01:30,rebounds,8.5,1520.0,,True,draftkings,2026-05-01T14:24:38.961335
Ayo Dosunmu,,,219920e3a715ceb3dc69f3638f7571d5,2026-05-05,01:30,rebounds,9.5,2400.0,,True,draftkings,2026-05-01T14:24:38.961337
Devin Vassell,,,219920e3a715ceb3dc69f3638f7571d5,2026-05-05,01:30,rebounds,2.5,-540.0,,True,draftkings,2026-05-01T14:24:38.961339
Devin Vassell,,,219920e3a715ceb3dc69f3638f7571d5,2026-05-05,01:30,rebounds,3.5,-204.0,,True,draftkings,2026-05-01T14:24:38.961341
Devin Vassell,,,219920e3a715ceb3dc69f3638f7571d5,2026-05-05,01:30,rebounds,4.5,108.0,,True,draftkings,2026-05-01T14:24:38.961342
Devin Vassell,,,219920e3a715ceb3dc69f3638f7571d5,2026-05-05,01:30,rebounds,5.5,219.0,,True,draftkings,2026-05-01T14:24:38.961344
Devin Vassell,,,219920e3a715ceb3dc69f3638f7571d5,2026-05-05,01:30,rebounds,6.5,444.0,,True,draftkings,2026-05-01T14:24:38.961346
Devin Vassell,,,219920e3a715ceb3dc69f3638f7571d5,2026-05-05,01:30,rebounds,7.5,820.0,,True,draftkings,2026-05-01T14:24:38.961348
Devin Vassell,,,219920e3a715ceb3dc69f3638f7571d5,2026-05-05,01:30,rebounds,8.5,1500.0,,True,draftkings,2026-05-01T14:24:38.961349
Devin Vassell,,,219920e3a715ceb3dc69f3638f7571d5,2026-05-05,01:30,rebounds,9.5,2400.0,,True,draftkings,2026-05-01T14:24:38.961351
De'Aaron Fox,,,219920e3a715ceb3dc69f3638f7571d5,2026-05-05,01:30,rebounds,2.5,-451.0,,True,draftkings,2026-05-01T14:24:38.961353
De'Aaron Fox,,,219920e3a715ceb3dc69f3638f7571d5,2026-05-05,01:30,rebounds,3.5,-183.0,,True,draftkings,2026-05-01T14:24:38.961354
De'Aaron Fox,,,219920e3a715ceb3dc69f3638f7571d5,2026-05-05,01:30,rebounds,4.5,118.0,,True,draftkings,2026-05-01T14:24:38.961356
De'Aaron Fox,,,219920e3a715ceb3dc69f3638f7571d5,2026-05-05,01:30,rebounds,5.5,235.0,,True,draftkings,2026-05-01T14:24:38.961358
De'Aaron Fox,,,219920e3a715ceb3dc69f3638f7571d5,2026-05-05,01:30,rebounds,6.5,458.0,,True,draftkings,2026-05-01T14:24:38.961359
De'Aaron Fox,,,219920e3a715ceb3dc69f3638f7571d5,2026-05-05,01:30,rebounds,7.5,900.0,,True,draftkings,2026-05-01T14:24:38.961361
De'Aaron Fox,,,219920e3a715ceb3dc69f3638f7571d5,2026-05-05,01:30,rebounds,8.5,1600.0,,True,draftkings,2026-05-01T14:24:38.961363
De'Aaron Fox,,,219920e3a715ceb3dc69f3638f7571d5,2026-05-05,01:30,rebounds,9.5,2500.0,,True,draftkings,2026-05-01T14:24:38.961367
Keldon Johnson,,,219920e3a715ceb3dc69f3638f7571d5,2026-05-05,01:30,rebounds,2.5,-239.0,,True,draftkings,2026-05-01T14:24:38.961368
Keldon Johnson,,,219920e3a715ceb3dc69f3638f7571d5,2026-05-05,01:30,rebounds,3.5,-102.0,,True,draftkings,2026-05-01T14:24:38.961370
Keldon Johnson,,,219920e3a715ceb3dc69f3638f7571d5,2026-05-05,01:30,rebounds,4.5,205.0,,True,draftkings,2026-05-01T14:24:38.961372
Keldon Johnson,,,219920e3a715ceb3dc69f3638f7571d5,2026-05-05,01:30,rebounds,5.5,393.0,,True,draftkings,2026-05-01T14:24:38.961374
Keldon Johnson,,,219920e3a715ceb3dc69f3638f7571d5,2026-05-05,01:30,rebounds,6.5,760.0,,True,draftkings,2026-05-01T14:24:38.961378
Keldon Johnson,,,219920e3a715ceb3dc69f3638f7571d5,2026-05-05,01:30,rebounds,7.5,1340.0,,True,draftkings,2026-05-01T14:24:38.961380
Keldon Johnson,,,219920e3a715ceb3dc69f3638f7571d5,2026-05-05,01:30,rebounds,8.5,2200.0,,True,draftkings,2026-05-01T14:24:38.961381
Dylan Harper,,,219920e3a715ceb3dc69f3638f7571d5,2026-05-05,01:30,rebounds,2.5,-135.0,,True,draftkings,2026-05-01T14:24:38.961383
Dylan Harper,,,219920e3a715ceb3dc69f3638f7571d5,2026-05-05,01:30,rebounds,3.5,176.0,,True,draftkings,2026-05-01T14:24:38.961385
Dylan Harper,,,219920e3a715ceb3dc69f3638f7571d5,2026-05-05,01:30,rebounds,4.5,390.0,,True,draftkings,2026-05-01T14:24:38.961386
Dylan Harper,,,219920e3a715ceb3dc69f3638f7571d5,2026-05-05,01:30,rebounds,5.5,790.0,,True,draftkings,2026-05-01T14:24:38.961388
Dylan Harper,,,219920e3a715ceb3dc69f3638f7571d5,2026-05-05,01:30,rebounds,6.5,1520.0,,True,draftkings,2026-05-01T14:24:38.961390
Dylan Harper,,,219920e3a715ceb3dc69f3638f7571d5,2026-05-05,01:30,rebounds,7.5,2500.0,,True,draftkings,2026-05-01T14:24:38.961391
Mike Conley,,,219920e3a715ceb3dc69f3638f7571d5,2026-05-05,01:30,rebounds,2.5,-122.0,,True,draftkings,2026-05-01T14:24:38.961393
Mike Conley,,,219920e3a715ceb3dc69f3638f7571d5,2026-05-05,01:30,rebounds,3.5,197.0,,True,draftkings,2026-05-01T14:24:38.961395
Mike Conley,,,219920e3a715ceb3dc69f3638f7571d5,2026-05-05,01:30,rebounds,4.5,451.0,,True,draftkings,2026-05-01T14:24:38.961396
Mike Conley,,,219920e3a715ceb3dc69f3638f7571d5,2026-05-05,01:30,rebounds,5.5,980.0,,True,draftkings,2026-05-01T14:24:38.961398
Mike Conley,,,219920e3a715ceb3dc69f3638f7571d5,2026-05-05,01:30,rebounds,6.5,1840.0,,True,draftkings,2026-05-01T14:24:38.961400
Victor Wembanyama,,,219920e3a715ceb3dc69f3638f7571d5,2026-05-05,01:30,threes,2.5,118.0,-155.0,False,draftkings,2026-05-01T14:24:38.961421
Devin Vassell,,,219920e3a715ceb3dc69f3638f7571d5,2026-05-05,01:30,threes,2.5,146.0,-194.0,False,draftkings,2026-05-01T14:24:38.961423
Julian Champagnie,,,219920e3a715ceb3dc69f3638f7571d5,2026-05-05,01:30,threes,1.5,-186.0,140.0,False,draftkings,2026-05-01T14:24:38.961424
Ayo Dosunmu,,,219920e3a715ceb3dc69f3638f7571d5,2026-05-05,01:30,threes,1.5,-162.0,123.0,False,draftkings,2026-05-01T14:24:38.961426
De'Aaron Fox,,,219920e3a715ceb3dc69f3638f7571d5,2026-05-05,01:30,threes,1.5,-126.0,-104.0,False,draftkings,2026-05-01T14:24:38.961428
Naz Reid,,,219920e3a715ceb3dc69f3638f7571d5,2026-05-05,01:30,threes,1.5,-114.0,-116.0,False,draftkings,2026-05-01T14:24:38.961430
Jaden McDaniels,,,219920e3a715ceb3dc69f3638f7571d5,2026-05-05,01:30,threes,1.5,113.0,-148.0,False,draftkings,2026-05-01T14:24:38.961432
Julius Randle,,,219920e3a715ceb3dc69f3638f7571d5,2026-05-05,01:30,threes,1.5,138.0,-183.0,False,draftkings,2026-05-01T14:24:38.961433
Mike Conley,,,219920e3a715ceb3dc69f3638f7571d5,2026-05-05,01:30,threes,1.5,145.0,-192.0,False,draftkings,2026-05-01T14:24:38.961435
Stephon Castle,,,219920e3a715ceb3dc69f3638f7571d5,2026-05-05,01:30,threes,1.5,158.0,-211.0,False,draftkings,2026-05-01T14:24:38.961437
Keldon Johnson,,,219920e3a715ceb3dc69f3638f7571d5,2026-05-05,01:30,threes,0.5,-168.0,127.0,False,draftkings,2026-05-01T14:24:38.961438
Victor Wembanyama,,,219920e3a715ceb3dc69f3638f7571d5,2026-05-05,01:30,threes,0.5,-1000.0,,True,draftkings,2026-05-01T14:24:38.961469
Victor Wembanyama,,,219920e3a715ceb3dc69f3638f7571d5,2026-05-05,01:30,threes,1.5,-234.0,,True,draftkings,2026-05-01T14:24:38.961471
Victor Wembanyama,,,219920e3a715ceb3dc69f3638f7571d5,2026-05-05,01:30,threes,2.5,117.0,,True,draftkings,2026-05-01T14:24:38.961472
Victor Wembanyama,,,219920e3a715ceb3dc69f3638f7571d5,2026-05-05,01:30,threes,3.5,273.0,,True,draftkings,2026-05-01T14:24:38.961474
Victor Wembanyama,,,219920e3a715ceb3dc69f3638f7571d5,2026-05-05,01:30,threes,4.5,610.0,,True,draftkings,2026-05-01T14:24:38.961476
Victor Wembanyama,,,219920e3a715ceb3dc69f3638f7571d5,2026-05-05,01:30,threes,5.5,1240.0,,True,draftkings,2026-05-01T14:24:38.961477
Victor Wembanyama,,,219920e3a715ceb3dc69f3638f7571d5,2026-05-05,01:30,threes,6.5,2200.0,,True,draftkings,2026-05-01T14:24:38.961479
Devin Vassell,,,219920e3a715ceb3dc69f3638f7571d5,2026-05-05,01:30,threes,0.5,-1060.0,,True,draftkings,2026-05-01T14:24:38.961481
Devin Vassell,,,219920e3a715ceb3dc69f3638f7571d5,2026-05-05,01:30,threes,1.5,-205.0,,True,draftkings,2026-05-01T14:24:38.961483
Devin Vassell,,,219920e3a715ceb3dc69f3638f7571d5,2026-05-05,01:30,threes,2.5,146.0,,True,draftkings,2026-05-01T14:24:38.961484
Devin Vassell,,,219920e3a715ceb3dc69f3638f7571d5,2026-05-05,01:30,threes,3.5,369.0,,True,draftkings,2026-05-01T14:24:38.961486
Devin Vassell,,,219920e3a715ceb3dc69f3638f7571d5,2026-05-05,01:30,threes,4.5,870.0,,True,draftkings,2026-05-01T14:24:38.961488
Devin Vassell,,,219920e3a715ceb3dc69f3638f7571d5,2026-05-05,01:30,threes,5.5,1920.0,,True,draftkings,2026-05-01T14:24:38.961489
Julian Champagnie,,,219920e3a715ceb3dc69f3638f7571d5,2026-05-05,01:30,threes,0.5,-900.0,,True,draftkings,2026-05-01T14:24:38.961491
Julian Champagnie,,,219920e3a715ceb3dc69f3638f7571d5,2026-05-05,01:30,threes,1.5,-186.0,,True,draftkings,2026-05-01T14:24:38.961493
Julian Champagnie,,,219920e3a715ceb3dc69f3638f7571d5,2026-05-05,01:30,threes,2.5,157.0,,True,draftkings,2026-05-01T14:24:38.961494
Julian Champagnie,,,219920e3a715ceb3dc69f3638f7571d5,2026-05-05,01:30,threes,3.5,399.0,,True,draftkings,2026-05-01T14:24:38.961496
Julian Champagnie,,,219920e3a715ceb3dc69f3638f7571d5,2026-05-05,01:30,threes,4.5,940.0,,True,draftkings,2026-05-01T14:24:38.961498
Julian Champagnie,,,219920e3a715ceb3dc69f3638f7571d5,2026-05-05,01:30,threes,5.5,1940.0,,True,draftkings,2026-05-01T14:24:38.961499
Ayo Dosunmu,,,219920e3a715ceb3dc69f3638f7571d5,2026-05-05,01:30,threes,0.5,-770.0,,True,draftkings,2026-05-01T14:24:38.961501
Ayo Dosunmu,,,219920e3a715ceb3dc69f3638f7571d5,2026-05-05,01:30,threes,1.5,-163.0,,True,draftkings,2026-05-01T14:24:38.961503
Ayo Dosunmu,,,219920e3a715ceb3dc69f3638f7571d5,2026-05-05,01:30,threes,2.5,176.0,,True,draftkings,2026-05-01T14:24:38.961504
Ayo Dosunmu,,,219920e3a715ceb3dc69f3638f7571d5,2026-05-05,01:30,threes,3.5,440.0,,True,draftkings,2026-05-01T14:24:38.961506
Ayo Dosunmu,,,219920e3a715ceb3dc69f3638f7571d5,2026-05-05,01:30,threes,4.5,990.0,,True,draftkings,2026-05-01T14:24:38.961508
Ayo Dosunmu,,,219920e3a715ceb3dc69f3638f7571d5,2026-05-05,01:30,threes,5.5,2000.0,,True,draftkings,2026-05-01T14:24:38.961509
De'Aaron Fox,,,219920e3a715ceb3dc69f3638f7571d5,2026-05-05,01:30,threes,0.5,-565.0,,True,draftkings,2026-05-01T14:24:38.961511
De'Aaron Fox,,,219920e3a715ceb3dc69f3638f7571d5,2026-05-05,01:30,threes,1.5,-125.0,,True,draftkings,2026-05-01T14:24:38.961513
De'Aaron Fox,,,219920e3a715ceb3dc69f3638f7571d5,2026-05-05,01:30,threes,2.5,240.0,,True,draftkings,2026-05-01T14:24:38.961518
De'Aaron Fox,,,219920e3a715ceb3dc69f3638f7571d5,2026-05-05,01:30,threes,3.5,640.0,,True,draftkings,2026-05-01T14:24:38.961520
De'Aaron Fox,,,219920e3a715ceb3dc69f3638f7571d5,2026-05-05,01:30,threes,4.5,1520.0,,True,draftkings,2026-05-01T14:24:38.961522
De'Aaron Fox,,,219920e3a715ceb3dc69f3638f7571d5,2026-05-05,01:30,threes,5.5,2800.0,,True,draftkings,2026-05-01T14:24:38.961524
Naz Reid,,,219920e3a715ceb3dc69f3638f7571d5,2026-05-05,01:30,threes,0.5,-485.0,,True,draftkings,2026-05-01T14:24:38.961525
Naz Reid,,,219920e3a715ceb3dc69f3638f7571d5,2026-05-05,01:30,threes,1.5,-112.0,,True,draftkings,2026-05-01T14:24:38.961527
Naz Reid,,,219920e3a715ceb3dc69f3638f7571d5,2026-05-05,01:30,threes,2.5,264.0,,True,draftkings,2026-05-01T14:24:38.961529
Naz Reid,,,219920e3a715ceb3dc69f3638f7571d5,2026-05-05,01:30,threes,3.5,700.0,,True,draftkings,2026-05-01T14:24:38.961530
Naz Reid,,,219920e3a715ceb3dc69f3638f7571d5,2026-05-05,01:30,threes,4.5,1520.0,,True,draftkings,2026-05-01T14:24:38.961532
Naz Reid,,,219920e3a715ceb3dc69f3638f7571d5,2026-05-05,01:30,threes,5.5,2800.0,,True,draftkings,2026-05-01T14:24:38.961534
Jaden McDaniels,,,219920e3a715ceb3dc69f3638f7571d5,2026-05-05,01:30,threes,0.5,-396.0,,True,draftkings,2026-05-01T14:24:38.961536
Jaden McDaniels,,,219920e3a715ceb3dc69f3638f7571d5,2026-05-05,01:30,threes,1.5,112.0,,True,draftkings,2026-05-01T14:24:38.961537
Jaden McDaniels,,,219920e3a715ceb3dc69f3638f7571d5,2026-05-05,01:30,threes,2.5,338.0,,True,draftkings,2026-05-01T14:24:38.961541
Jaden McDaniels,,,219920e3a715ceb3dc69f3638f7571d5,2026-05-05,01:30,threes,3.5,870.0,,True,draftkings,2026-05-01T14:24:38.961543
Jaden McDaniels,,,219920e3a715ceb3dc69f3638f7571d5,2026-05-05,01:30,threes,4.5,1960.0,,True,draftkings,2026-05-01T14:24:38.961545
Julius Randle,,,219920e3a715ceb3dc69f3638f7571d5,2026-05-05,01:30,threes,0.5,-309.0,,True,draftkings,2026-05-01T14:24:38.961547
Julius Randle,,,219920e3a715ceb3dc69f3638f7571d5,2026-05-05,01:30,threes,1.5,142.0,,True,draftkings,2026-05-01T14:24:38.961551
Julius Randle,,,219920e3a715ceb3dc69f3638f7571d5,2026-05-05,01:30,threes,2.5,437.0,,True,draftkings,2026-05-01T14:24:38.961552
Julius Randle,,,219920e3a715ceb3dc69f3638f7571d5,2026-05-05,01:30,threes,3.5,1140.0,,True,draftkings,2026-05-01T14:24:38.961554
Julius Randle,,,219920e3a715ceb3dc69f3638f7571d5,2026-05-05,01:30,threes,4.5,2400.0,,True,draftkings,2026-05-01T14:24:38.961556
Mike Conley,,,219920e3a715ceb3dc69f3638f7571d5,2026-05-05,01:30,threes,0.5,-305.0,,True,draftkings,2026-05-01T14:24:38.961558
Mike Conley,,,219920e3a715ceb3dc69f3638f7571d5,2026-05-05,01:30,threes,1.5,145.0,,True,draftkings,2026-05-01T14:24:38.961559
Mike Conley,,,219920e3a715ceb3dc69f3638f7571d5,2026-05-05,01:30,threes,2.5,459.0,,True,draftkings,2026-05-01T14:24:38.961561
Mike Conley,,,219920e3a715ceb3dc69f3638f7571d5,2026-05-05,01:30,threes,3.5,1240.0,,True,draftkings,2026-05-01T14:24:38.961563
Mike Conley,,,219920e3a715ceb3dc69f3638f7571d5,2026-05-05,01:30,threes,4.5,2600.0,,True,draftkings,2026-05-01T14:24:38.961564
Stephon Castle,,,219920e3a715ceb3dc69f3638f7571d5,2026-05-05,01:30,threes,0.5,-285.0,,True,draftkings,2026-05-01T14:24:38.961566
Stephon Castle,,,219920e3a715ceb3dc69f3638f7571d5,2026-05-05,01:30,threes,1.5,159.0,,True,draftkings,2026-05-01T14:24:38.961568
Stephon Castle,,,219920e3a715ceb3dc69f3638f7571d5,2026-05-05,01:30,threes,2.5,515.0,,True,draftkings,2026-05-01T14:24:38.961569
Stephon Castle,,,219920e3a715ceb3dc69f3638f7571d5,2026-05-05,01:30,threes,3.5,1460.0,,True,draftkings,2026-05-01T14:24:38.961621
Keldon Johnson,,,219920e3a715ceb3dc69f3638f7571d5,2026-05-05,01:30,threes,0.5,-170.0,,True,draftkings,2026-05-01T14:24:38.961624
Keldon Johnson,,,219920e3a715ceb3dc69f3638f7571d5,2026-05-05,01:30,threes,1.5,259.0,,True,draftkings,2026-05-01T14:24:38.961626
Keldon Johnson,,,219920e3a715ceb3dc69f3638f7571d5,2026-05-05,01:30,threes,2.5,830.0,,True,draftkings,2026-05-01T14:24:38.961627
Keldon Johnson,,,219920e3a715ceb3dc69f3638f7571d5,2026-05-05,01:30,threes,3.5,1980.0,,True,draftkings,2026-05-01T14:24:38.961629
Tobias Harris,,,88e10294c54deffd6e9e6efcba249d2c,2026-05-01,23:10,assists,1.5,-188.0,140.0,False,fanduel,2026-05-01T14:24:38.623180
Paolo Banchero,,,88e10294c54deffd6e9e6efcba249d2c,2026-05-01,23:10,assists,5.5,110.0,-146.0,False,fanduel,2026-05-01T14:24:38.623181
Anthony Black,,,88e10294c54deffd6e9e6efcba249d2c,2026-05-01,23:10,assists,2.5,-154.0,116.0,False,fanduel,2026-05-01T14:24:38.623183
Jalen Duren,,,88e10294c54deffd6e9e6efcba249d2c,2026-05-01,23:10,assists,1.5,-178.0,132.0,False,fanduel,2026-05-01T14:24:38.623185
Cade Cunningham,,,88e10294c54deffd6e9e6efcba249d2c,2026-05-01,23:10,assists,9.5,-102.0,-130.0,False,fanduel,2026-05-01T14:24:38.623186
Ausar Thompson,,,88e10294c54deffd6e9e6efcba249d2c,2026-05-01,23:10,assists,3.5,134.0,-180.0,False,fanduel,2026-05-01T14:24:38.623188
Duncan Robinson,,,88e10294c54deffd6e9e6efcba249d2c,2026-05-01,23:10,assists,1.5,-174.0,130.0,False,fanduel,2026-05-01T14:24:38.623190
Jalen Suggs,,,88e10294c54deffd6e9e6efcba249d2c,2026-05-01,23:10,assists,4.5,-110.0,-120.0,False,fanduel,2026-05-01T14:24:38.623191
Desmond Bane,,,88e10294c54deffd6e9e6efcba249d2c,2026-05-01,23:10,assists,2.5,-148.0,112.0,False,fanduel,2026-05-01T14:24:38.623193
Wendell Carter Jr,,,88e10294c54deffd6e9e6efcba249d2c,2026-05-01,23:10,assists,1.5,-200.0,148.0,False,fanduel,2026-05-01T14:24:38.623197
Desmond Bane,,,88e10294c54deffd6e9e6efcba249d2c,2026-05-01,23:10,assists,1.5,-460.0,310.0,True,fanduel,2026-05-01T14:24:38.623237
Desmond Bane,,,88e10294c54deffd6e9e6efcba249d2c,2026-05-01,23:10,assists,2.5,-148.0,112.0,True,fanduel,2026-05-01T14:24:38.623239
Desmond Bane,,,88e10294c54deffd6e9e6efcba249d2c,2026-05-01,23:10,assists,3.5,180.0,-245.0,True,fanduel,2026-05-01T14:24:38.623241
Desmond Bane,,,88e10294c54deffd6e9e6efcba249d2c,2026-05-01,23:10,assists,4.5,400.0,-670.0,True,fanduel,2026-05-01T14:24:38.623243
Paolo Banchero,,,88e10294c54deffd6e9e6efcba249d2c,2026-05-01,23:10,assists,3.5,-480.0,320.0,True,fanduel,2026-05-01T14:24:38.623244
Paolo Banchero,,,88e10294c54deffd6e9e6efcba249d2c,2026-05-01,23:10,assists,4.5,-205.0,152.0,True,fanduel,2026-05-01T14:24:38.623248
Paolo Banchero,,,88e10294c54deffd6e9e6efcba249d2c,2026-05-01,23:10,assists,5.5,112.0,-146.0,True,fanduel,2026-05-01T14:24:38.623250
Paolo Banchero,,,88e10294c54deffd6e9e6efcba249d2c,2026-05-01,23:10,assists,6.5,210.0,-300.0,True,fanduel,2026-05-01T14:24:38.623252
Paolo Banchero,,,88e10294c54deffd6e9e6efcba249d2c,2026-05-01,23:10,assists,7.5,420.0,-670.0,True,fanduel,2026-05-01T14:24:38.623253
Cade Cunningham,,,88e10294c54deffd6e9e6efcba249d2c,2026-05-01,23:10,assists,9.5,-102.0,-130.0,True,fanduel,2026-05-01T14:24:38.623255
Paolo Banchero,,,88e10294c54deffd6e9e6efcba249d2c,2026-05-01,23:10,assists,9.5,1060.0,,True,fanduel,2026-05-01T14:24:38.623257
Jalen Suggs,,,88e10294c54deffd6e9e6efcba249d2c,2026-05-01,23:10,assists,9.5,1700.0,,True,fanduel,2026-05-01T14:24:38.623261
Cade Cunningham,,,88e10294c54deffd6e9e6efcba249d2c,2026-05-01,23:10,assists,5.5,-1450.0,,True,fanduel,2026-05-01T14:24:38.623262
Jalen Suggs,,,88e10294c54deffd6e9e6efcba249d2c,2026-05-01,23:10,assists,5.5,188.0,-260.0,True,fanduel,2026-05-01T14:24:38.623264
Ausar Thompson,,,88e10294c54deffd6e9e6efcba249d2c,2026-05-01,23:10,assists,5.5,600.0,-1200.0,True,fanduel,2026-05-01T14:24:38.623266
Anthony Black,,,88e10294c54deffd6e9e6efcba249d2c,2026-05-01,23:10,assists,5.5,830.0,,True,fanduel,2026-05-01T14:24:38.623267
Desmond Bane,,,88e10294c54deffd6e9e6efcba249d2c,2026-05-01,23:10,assists,5.5,1000.0,,True,fanduel,2026-05-01T14:24:38.623269
Cade Cunningham,,,88e10294c54deffd6e9e6efcba249d2c,2026-05-01,23:10,assists,6.5,-580.0,360.0,True,fanduel,2026-05-01T14:24:38.623271
Cade Cunningham,,,88e10294c54deffd6e9e6efcba249d2c,2026-05-01,23:10,assists,7.5,-290.0,205.0,True,fanduel,2026-05-01T14:24:38.623272
Cade Cunningham,,,88e10294c54deffd6e9e6efcba249d2c,2026-05-01,23:10,assists,8.5,-158.0,118.0,True,fanduel,2026-05-01T14:24:38.623274
Cade Cunningham,,,88e10294c54deffd6e9e6efcba249d2c,2026-05-01,23:10,assists,10.5,174.0,-240.0,True,fanduel,2026-05-01T14:24:38.623276
Cade Cunningham,,,88e10294c54deffd6e9e6efcba249d2c,2026-05-01,23:10,assists,11.5,300.0,-440.0,True,fanduel,2026-05-01T14:24:38.623277
Cade Cunningham,,,88e10294c54deffd6e9e6efcba249d2c,2026-05-01,23:10,assists,12.5,490.0,-900.0,True,fanduel,2026-05-01T14:24:38.623279
Jalen Suggs,,,88e10294c54deffd6e9e6efcba249d2c,2026-05-01,23:10,assists,1.5,-4000.0,,True,fanduel,2026-05-01T14:24:38.623281
Ausar Thompson,,,88e10294c54deffd6e9e6efcba249d2c,2026-05-01,23:10,assists,1.5,-650.0,390.0,True,fanduel,2026-05-01T14:24:38.623282
Anthony Black,,,88e10294c54deffd6e9e6efcba249d2c,2026-05-01,23:10,assists,1.5,-460.0,,True,fanduel,2026-05-01T14:24:38.623284
Wendell Carter Jr,,,88e10294c54deffd6e9e6efcba249d2c,2026-05-01,23:10,assists,1.5,-194.0,,True,fanduel,2026-05-01T14:24:38.623286
Tobias Harris,,,88e10294c54deffd6e9e6efcba249d2c,2026-05-01,23:10,assists,1.5,-184.0,,True,fanduel,2026-05-01T14:24:38.623288
Jalen Duren,,,88e10294c54deffd6e9e6efcba249d2c,2026-05-01,23:10,assists,1.5,-172.0,,True,fanduel,2026-05-01T14:24:38.623289
Duncan Robinson,,,88e10294c54deffd6e9e6efcba249d2c,2026-05-01,23:10,assists,1.5,-170.0,,True,fanduel,2026-05-01T14:24:38.623291
Jalen Suggs,,,88e10294c54deffd6e9e6efcba249d2c,2026-05-01,23:10,assists,7.5,750.0,,True,fanduel,2026-05-01T14:24:38.623293
Ausar Thompson,,,88e10294c54deffd6e9e6efcba249d2c,2026-05-01,23:10,assists,7.5,2000.0,,True,fanduel,2026-05-01T14:24:38.623294
Jalen Suggs,,,88e10294c54deffd6e9e6efcba249d2c,2026-05-01,23:10,assists,2.5,-670.0,400.0,True,fanduel,2026-05-01T14:24:38.623296
Jalen Suggs,,,88e10294c54deffd6e9e6efcba249d2c,2026-05-01,23:10,assists,3.5,-240.0,178.0,True,fanduel,2026-05-01T14:24:38.623298
Jalen Suggs,,,88e10294c54deffd6e9e6efcba249d2c,2026-05-01,23:10,assists,4.5,-110.0,-120.0,True,fanduel,2026-05-01T14:24:38.623299
Jalen Suggs,,,88e10294c54deffd6e9e6efcba249d2c,2026-05-01,23:10,assists,6.5,370.0,-600.0,True,fanduel,2026-05-01T14:24:38.623301
Cade Cunningham,,,88e10294c54deffd6e9e6efcba249d2c,2026-05-01,23:10,assists,13.5,830.0,,True,fanduel,2026-05-01T14:24:38.623303
Ausar Thompson,,,88e10294c54deffd6e9e6efcba249d2c,2026-05-01,23:10,assists,2.5,-194.0,144.0,True,fanduel,2026-05-01T14:24:38.623307
Ausar Thompson,,,88e10294c54deffd6e9e6efcba249d2c,2026-05-01,23:10,assists,3.5,136.0,-180.0,True,fanduel,2026-05-01T14:24:38.623308
Ausar Thompson,,,88e10294c54deffd6e9e6efcba249d2c,2026-05-01,23:10,assists,4.5,290.0,-440.0,True,fanduel,2026-05-01T14:24:38.623310
Anthony Black,,,88e10294c54deffd6e9e6efcba249d2c,2026-05-01,23:10,assists,3.5,168.0,,True,fanduel,2026-05-01T14:24:38.623312
Wendell Carter Jr,,,88e10294c54deffd6e9e6efcba249d2c,2026-05-01,23:10,assists,3.5,430.0,,True,fanduel,2026-05-01T14:24:38.623313
Jalen Duren,,,88e10294c54deffd6e9e6efcba249d2c,2026-05-01,23:10,assists,3.5,470.0,,True,fanduel,2026-05-01T14:24:38.623315
Tobias Harris,,,88e10294c54deffd6e9e6efcba249d2c,2026-05-01,23:10,assists,3.5,470.0,,True,fanduel,2026-05-01T14:24:38.623317
Duncan Robinson,,,88e10294c54deffd6e9e6efcba249d2c,2026-05-01,23:10,assists,3.5,470.0,,True,fanduel,2026-05-01T14:24:38.623318
Isaiah Stewart II,,,88e10294c54deffd6e9e6efcba249d2c,2026-05-01,23:10,points,5.5,-118.0,-112.0,False,fanduel,2026-05-01T14:24:38.623335
Tristan da Silva,,,88e10294c54deffd6e9e6efcba249d2c,2026-05-01,23:10,points,5.5,-106.0,-125.0,False,fanduel,2026-05-01T14:24:38.623337
Jamal Cain,,,88e10294c54deffd6e9e6efcba249d2c,2026-05-01,23:10,points,7.5,-132.0,100.0,False,fanduel,2026-05-01T14:24:38.623339
Tobias Harris,,,88e10294c54deffd6e9e6efcba249d2c,2026-05-01,23:10,points,17.5,-122.0,-108.0,False,fanduel,2026-05-01T14:24:38.623340
Paolo Banchero,,,88e10294c54deffd6e9e6efcba249d2c,2026-05-01,23:10,points,23.5,-112.0,-118.0,False,fanduel,2026-05-01T14:24:38.623342
Duncan Robinson,,,88e10294c54deffd6e9e6efcba249d2c,2026-05-01,23:10,points,9.5,-125.0,-106.0,False,fanduel,2026-05-01T14:24:38.623346
Jalen Duren,,,88e10294c54deffd6e9e6efcba249d2c,2026-05-01,23:10,points,13.5,-112.0,-118.0,False,fanduel,2026-05-01T14:24:38.623348
Anthony Black,,,88e10294c54deffd6e9e6efcba249d2c,2026-05-01,23:10,points,13.5,100.0,-132.0,False,fanduel,2026-05-01T14:24:38.623349
Caris LeVert,,,88e10294c54deffd6e9e6efcba249d2c,2026-05-01,23:10,points,5.5,-114.0,-114.0,False,fanduel,2026-05-01T14:24:38.623351
Jalen Suggs,,,88e10294c54deffd6e9e6efcba249d2c,2026-05-01,23:10,points,13.5,-136.0,102.0,False,fanduel,2026-05-01T14:24:38.623353
Ausar Thompson,,,88e10294c54deffd6e9e6efcba249d2c,2026-05-01,23:10,points,8.5,-136.0,102.0,False,fanduel,2026-05-01T14:24:38.623354
Cade Cunningham,,,88e10294c54deffd6e9e6efcba249d2c,2026-05-01,23:10,points,29.5,-114.0,-114.0,False,fanduel,2026-05-01T14:24:38.623356
Desmond Bane,,,88e10294c54deffd6e9e6efcba249d2c,2026-05-01,23:10,points,19.5,-110.0,-120.0,False,fanduel,2026-05-01T14:24:38.623358
Wendell Carter Jr,,,88e10294c54deffd6e9e6efcba249d2c,2026-05-01,23:10,points,11.5,-104.0,-128.0,False,fanduel,2026-05-01T14:24:38.623360
Isaiah Stewart II,,,88e10294c54deffd6e9e6efcba249d2c,2026-05-01,23:10,points,2.5,-470.0,310.0,True,fanduel,2026-05-01T14:24:38.623533
Isaiah Stewart II,,,88e10294c54deffd6e9e6efcba249d2c,2026-05-01,23:10,points,3.5,-320.0,225.0,True,fanduel,2026-05-01T14:24:38.623535
Isaiah Stewart II,,,88e10294c54deffd6e9e6efcba249d2c,2026-05-01,23:10,points,4.5,-186.0,138.0,True,fanduel,2026-05-01T14:24:38.623537
Isaiah Stewart II,,,88e10294c54deffd6e9e6efcba249d2c,2026-05-01,23:10,points,5.5,-118.0,-112.0,True,fanduel,2026-05-01T14:24:38.623539
Isaiah Stewart II,,,88e10294c54deffd6e9e6efcba249d2c,2026-05-01,23:10,points,6.5,124.0,-166.0,True,fanduel,2026-05-01T14:24:38.623540
Isaiah Stewart II,,,88e10294c54deffd6e9e6efcba249d2c,2026-05-01,23:10,points,7.5,178.0,-245.0,True,fanduel,2026-05-01T14:24:38.623542
Isaiah Stewart II,,,88e10294c54deffd6e9e6efcba249d2c,2026-05-01,23:10,points,8.5,250.0,-360.0,True,fanduel,2026-05-01T14:24:38.623544
Jamal Cain,,,88e10294c54deffd6e9e6efcba249d2c,2026-05-01,23:10,points,3.5,-1000.0,,True,fanduel,2026-05-01T14:24:38.623545
Jamal Cain,,,88e10294c54deffd6e9e6efcba249d2c,2026-05-01,23:10,points,4.5,-470.0,310.0,True,fanduel,2026-05-01T14:24:38.623547
Jamal Cain,,,88e10294c54deffd6e9e6efcba249d2c,2026-05-01,23:10,points,5.5,-310.0,220.0,True,fanduel,2026-05-01T14:24:38.623549
Jamal Cain,,,88e10294c54deffd6e9e6efcba249d2c,2026-05-01,23:10,points,6.5,-198.0,146.0,True,fanduel,2026-05-01T14:24:38.623550
Jamal Cain,,,88e10294c54deffd6e9e6efcba249d2c,2026-05-01,23:10,points,7.5,-132.0,100.0,True,fanduel,2026-05-01T14:24:38.623552
Jamal Cain,,,88e10294c54deffd6e9e6efcba249d2c,2026-05-01,23:10,points,8.5,108.0,-144.0,True,fanduel,2026-05-01T14:24:38.623554
Jamal Cain,,,88e10294c54deffd6e9e6efcba249d2c,2026-05-01,23:10,points,9.5,158.0,-210.0,True,fanduel,2026-05-01T14:24:38.623555
Jamal Cain,,,88e10294c54deffd6e9e6efcba249d2c,2026-05-01,23:10,points,10.5,220.0,-310.0,True,fanduel,2026-05-01T14:24:38.623557
Tristan da Silva,,,88e10294c54deffd6e9e6efcba249d2c,2026-05-01,23:10,points,1.5,-1100.0,,True,fanduel,2026-05-01T14:24:38.623561
Tristan da Silva,,,88e10294c54deffd6e9e6efcba249d2c,2026-05-01,23:10,points,2.5,-380.0,260.0,True,fanduel,2026-05-01T14:24:38.623563
Tristan da Silva,,,88e10294c54deffd6e9e6efcba249d2c,2026-05-01,23:10,points,3.5,-250.0,182.0,True,fanduel,2026-05-01T14:24:38.623564
Tristan da Silva,,,88e10294c54deffd6e9e6efcba249d2c,2026-05-01,23:10,points,4.5,-158.0,118.0,True,fanduel,2026-05-01T14:24:38.623566
Tristan da Silva,,,88e10294c54deffd6e9e6efcba249d2c,2026-05-01,23:10,points,5.5,-106.0,-125.0,True,fanduel,2026-05-01T14:24:38.623568
Tristan da Silva,,,88e10294c54deffd6e9e6efcba249d2c,2026-05-01,23:10,points,6.5,134.0,-180.0,True,fanduel,2026-05-01T14:24:38.623569
Tristan da Silva,,,88e10294c54deffd6e9e6efcba249d2c,2026-05-01,23:10,points,7.5,188.0,-260.0,True,fanduel,2026-05-01T14:24:38.623573
Tristan da Silva,,,88e10294c54deffd6e9e6efcba249d2c,2026-05-01,23:10,points,8.5,250.0,-360.0,True,fanduel,2026-05-01T14:24:38.623574
Paolo Banchero,,,88e10294c54deffd6e9e6efcba249d2c,2026-05-01,23:10,points,15.5,-1100.0,,True,fanduel,2026-05-01T14:24:38.623576
Paolo Banchero,,,88e10294c54deffd6e9e6efcba249d2c,2026-05-01,23:10,points,16.5,-700.0,410.0,True,fanduel,2026-05-01T14:24:38.623578
Paolo Banchero,,,88e10294c54deffd6e9e6efcba249d2c,2026-05-01,23:10,points,17.5,-500.0,320.0,True,fanduel,2026-05-01T14:24:38.623579
Paolo Banchero,,,88e10294c54deffd6e9e6efcba249d2c,2026-05-01,23:10,points,18.5,-400.0,270.0,True,fanduel,2026-05-01T14:24:38.623581
Paolo Banchero,,,88e10294c54deffd6e9e6efcba249d2c,2026-05-01,23:10,points,19.5,-295.0,220.0,True,fanduel,2026-05-01T14:24:38.623583
Paolo Banchero,,,88e10294c54deffd6e9e6efcba249d2c,2026-05-01,23:10,points,20.5,-240.0,174.0,True,fanduel,2026-05-01T14:24:38.623584
Paolo Banchero,,,88e10294c54deffd6e9e6efcba249d2c,2026-05-01,23:10,points,21.5,-186.0,138.0,True,fanduel,2026-05-01T14:24:38.623586
Paolo Banchero,,,88e10294c54deffd6e9e6efcba249d2c,2026-05-01,23:10,points,22.5,-144.0,108.0,True,fanduel,2026-05-01T14:24:38.623588
Paolo Banchero,,,88e10294c54deffd6e9e6efcba249d2c,2026-05-01,23:10,points,23.5,-112.0,-118.0,True,fanduel,2026-05-01T14:24:38.623589
Paolo Banchero,,,88e10294c54deffd6e9e6efcba249d2c,2026-05-01,23:10,points,24.5,116.0,-154.0,True,fanduel,2026-05-01T14:24:38.623591
Paolo Banchero,,,88e10294c54deffd6e9e6efcba249d2c,2026-05-01,23:10,points,25.5,142.0,-192.0,True,fanduel,2026-05-01T14:24:38.623593
Paolo Banchero,,,88e10294c54deffd6e9e6efcba249d2c,2026-05-01,23:10,points,26.5,174.0,-240.0,True,fanduel,2026-05-01T14:24:38.623594
Paolo Banchero,,,88e10294c54deffd6e9e6efcba249d2c,2026-05-01,23:10,points,27.5,210.0,-300.0,True,fanduel,2026-05-01T14:24:38.623596
Paolo Banchero,,,88e10294c54deffd6e9e6efcba249d2c,2026-05-01,23:10,points,28.5,265.0,-390.0,True,fanduel,2026-05-01T14:24:38.623598
Paolo Banchero,,,88e10294c54deffd6e9e6efcba249d2c,2026-05-01,23:10,points,29.5,330.0,-490.0,True,fanduel,2026-05-01T14:24:38.623599
Paolo Banchero,,,88e10294c54deffd6e9e6efcba249d2c,2026-05-01,23:10,points,30.5,390.0,-650.0,True,fanduel,2026-05-01T14:24:38.623601
Paolo Banchero,,,88e10294c54deffd6e9e6efcba249d2c,2026-05-01,23:10,points,31.5,490.0,-900.0,True,fanduel,2026-05-01T14:24:38.623603
Paolo Banchero,,,88e10294c54deffd6e9e6efcba249d2c,2026-05-01,23:10,points,32.5,,-1200.0,True,fanduel,2026-05-01T14:24:38.623604
Ausar Thompson,,,88e10294c54deffd6e9e6efcba249d2c,2026-05-01,23:10,points,4.5,-800.0,450.0,True,fanduel,2026-05-01T14:24:38.623606
Ausar Thompson,,,88e10294c54deffd6e9e6efcba249d2c,2026-05-01,23:10,points,5.5,-470.0,310.0,True,fanduel,2026-05-01T14:24:38.623610
Ausar Thompson,,,88e10294c54deffd6e9e6efcba249d2c,2026-05-01,23:10,points,6.5,-300.0,210.0,True,fanduel,2026-05-01T14:24:38.623612
Ausar Thompson,,,88e10294c54deffd6e9e6efcba249d2c,2026-05-01,23:10,points,7.5,-200.0,148.0,True,fanduel,2026-05-01T14:24:38.623613
Ausar Thompson,,,88e10294c54deffd6e9e6efcba249d2c,2026-05-01,23:10,points,8.5,-136.0,102.0,True,fanduel,2026-05-01T14:24:38.623615
Ausar Thompson,,,88e10294c54deffd6e9e6efcba249d2c,2026-05-01,23:10,points,9.5,110.0,-144.0,True,fanduel,2026-05-01T14:24:38.623617
Ausar Thompson,,,88e10294c54deffd6e9e6efcba249d2c,2026-05-01,23:10,points,10.5,152.0,-205.0,True,fanduel,2026-05-01T14:24:38.623619
Ausar Thompson,,,88e10294c54deffd6e9e6efcba249d2c,2026-05-01,23:10,points,11.5,205.0,-290.0,True,fanduel,2026-05-01T14:24:38.623620
Ausar Thompson,,,88e10294c54deffd6e9e6efcba249d2c,2026-05-01,23:10,points,12.5,280.0,-420.0,True,fanduel,2026-05-01T14:24:38.623622
Duncan Robinson,,,88e10294c54deffd6e9e6efcba249d2c,2026-05-01,23:10,points,4.5,-1000.0,,True,fanduel,2026-05-01T14:24:38.623624
Duncan Robinson,,,88e10294c54deffd6e9e6efcba249d2c,2026-05-01,23:10,points,5.5,-550.0,350.0,True,fanduel,2026-05-01T14:24:38.623625
Duncan Robinson,,,88e10294c54deffd6e9e6efcba249d2c,2026-05-01,23:10,points,6.5,-340.0,235.0,True,fanduel,2026-05-01T14:24:38.623627
Duncan Robinson,,,88e10294c54deffd6e9e6efcba249d2c,2026-05-01,23:10,points,7.5,-270.0,194.0,True,fanduel,2026-05-01T14:24:38.623631
Duncan Robinson,,,88e10294c54deffd6e9e6efcba249d2c,2026-05-01,23:10,points,8.5,-178.0,132.0,True,fanduel,2026-05-01T14:24:38.623633
Duncan Robinson,,,88e10294c54deffd6e9e6efcba249d2c,2026-05-01,23:10,points,9.5,-122.0,-106.0,True,fanduel,2026-05-01T14:24:38.623634
Duncan Robinson,,,88e10294c54deffd6e9e6efcba249d2c,2026-05-01,23:10,points,10.5,104.0,-138.0,True,fanduel,2026-05-01T14:24:38.623636
Duncan Robinson,,,88e10294c54deffd6e9e6efcba249d2c,2026-05-01,23:10,points,11.5,148.0,-200.0,True,fanduel,2026-05-01T14:24:38.623638
Duncan Robinson,,,88e10294c54deffd6e9e6efcba249d2c,2026-05-01,23:10,points,12.5,194.0,-270.0,True,fanduel,2026-05-01T14:24:38.623639
Duncan Robinson,,,88e10294c54deffd6e9e6efcba249d2c,2026-05-01,23:10,points,13.5,250.0,-360.0,True,fanduel,2026-05-01T14:24:38.623641
Jalen Duren,,,88e10294c54deffd6e9e6efcba249d2c,2026-05-01,23:10,points,7.5,-1000.0,,True,fanduel,2026-05-01T14:24:38.623643
Jalen Duren,,,88e10294c54deffd6e9e6efcba249d2c,2026-05-01,23:10,points,8.5,-600.0,370.0,True,fanduel,2026-05-01T14:24:38.623644
Jalen Duren,,,88e10294c54deffd6e9e6efcba249d2c,2026-05-01,23:10,points,9.5,-400.0,270.0,True,fanduel,2026-05-01T14:24:38.623646
Jalen Duren,,,88e10294c54deffd6e9e6efcba249d2c,2026-05-01,23:10,points,10.5,-290.0,205.0,True,fanduel,2026-05-01T14:24:38.623648
Jalen Duren,,,88e10294c54deffd6e9e6efcba249d2c,2026-05-01,23:10,points,11.5,-210.0,154.0,True,fanduel,2026-05-01T14:24:38.623650
Jalen Duren,,,88e10294c54deffd6e9e6efcba249d2c,2026-05-01,23:10,points,12.5,-158.0,118.0,True,fanduel,2026-05-01T14:24:38.623651
Jalen Duren,,,88e10294c54deffd6e9e6efcba249d2c,2026-05-01,23:10,points,13.5,-112.0,-118.0,True,fanduel,2026-05-01T14:24:38.623653
Jalen Duren,,,88e10294c54deffd6e9e6efcba249d2c,2026-05-01,23:10,points,14.5,120.0,-158.0,True,fanduel,2026-05-01T14:24:38.623655
Jalen Duren,,,88e10294c54deffd6e9e6efcba249d2c,2026-05-01,23:10,points,15.5,154.0,-210.0,True,fanduel,2026-05-01T14:24:38.623656
Jalen Duren,,,88e10294c54deffd6e9e6efcba249d2c,2026-05-01,23:10,points,16.5,198.0,-275.0,True,fanduel,2026-05-01T14:24:38.623658
Jalen Duren,,,88e10294c54deffd6e9e6efcba249d2c,2026-05-01,23:10,points,17.5,250.0,-360.0,True,fanduel,2026-05-01T14:24:38.623659
Jalen Duren,,,88e10294c54deffd6e9e6efcba249d2c,2026-05-01,23:10,points,18.5,320.0,-500.0,True,fanduel,2026-05-01T14:24:38.623661
Cade Cunningham,,,88e10294c54deffd6e9e6efcba249d2c,2026-05-01,23:10,points,20.5,-1200.0,,True,fanduel,2026-05-01T14:24:38.623663
Cade Cunningham,,,88e10294c54deffd6e9e6efcba249d2c,2026-05-01,23:10,points,21.5,-800.0,450.0,True,fanduel,2026-05-01T14:24:38.623665
Cade Cunningham,,,88e10294c54deffd6e9e6efcba249d2c,2026-05-01,23:10,points,22.5,-600.0,370.0,True,fanduel,2026-05-01T14:24:38.623666
Cade Cunningham,,,88e10294c54deffd6e9e6efcba249d2c,2026-05-01,23:10,points,23.5,-450.0,300.0,True,fanduel,2026-05-01T14:24:38.623668
Cade Cunningham,,,88e10294c54deffd6e9e6efcba249d2c,2026-05-01,23:10,points,24.5,-350.0,240.0,True,fanduel,2026-05-01T14:24:38.623670
Cade Cunningham,,,88e10294c54deffd6e9e6efcba249d2c,2026-05-01,23:10,points,25.5,-275.0,198.0,True,fanduel,2026-05-01T14:24:38.623671
Cade Cunningham,,,88e10294c54deffd6e9e6efcba249d2c,2026-05-01,23:10,points,26.5,-230.0,168.0,True,fanduel,2026-05-01T14:24:38.623673
Cade Cunningham,,,88e10294c54deffd6e9e6efcba249d2c,2026-05-01,23:10,points,27.5,-180.0,134.0,True,fanduel,2026-05-01T14:24:38.623677
Cade Cunningham,,,88e10294c54deffd6e9e6efcba249d2c,2026-05-01,23:10,points,28.5,-144.0,108.0,True,fanduel,2026-05-01T14:24:38.623679
Cade Cunningham,,,88e10294c54deffd6e9e6efcba249d2c,2026-05-01,23:10,points,29.5,-113.0,-114.0,True,fanduel,2026-05-01T14:24:38.623680
Cade Cunningham,,,88e10294c54deffd6e9e6efcba249d2c,2026-05-01,23:10,points,30.5,110.0,-146.0,True,fanduel,2026-05-01T14:24:38.623682
Cade Cunningham,,,88e10294c54deffd6e9e6efcba249d2c,2026-05-01,23:10,points,31.5,134.0,-180.0,True,fanduel,2026-05-01T14:24:38.623684
Cade Cunningham,,,88e10294c54deffd6e9e6efcba249d2c,2026-05-01,23:10,points,32.5,168.0,-230.0,True,fanduel,2026-05-01T14:24:38.623688
Cade Cunningham,,,88e10294c54deffd6e9e6efcba249d2c,2026-05-01,23:10,points,33.5,198.0,-275.0,True,fanduel,2026-05-01T14:24:38.623690
Cade Cunningham,,,88e10294c54deffd6e9e6efcba249d2c,2026-05-01,23:10,points,34.5,250.0,-340.0,True,fanduel,2026-05-01T14:24:38.623691
Cade Cunningham,,,88e10294c54deffd6e9e6efcba249d2c,2026-05-01,23:10,points,35.5,290.0,-440.0,True,fanduel,2026-05-01T14:24:38.623693
Cade Cunningham,,,88e10294c54deffd6e9e6efcba249d2c,2026-05-01,23:10,points,36.5,350.0,-550.0,True,fanduel,2026-05-01T14:24:38.623695
Cade Cunningham,,,88e10294c54deffd6e9e6efcba249d2c,2026-05-01,23:10,points,37.5,410.0,-700.0,True,fanduel,2026-05-01T14:24:38.623696
Cade Cunningham,,,88e10294c54deffd6e9e6efcba249d2c,2026-05-01,23:10,points,38.5,,-1000.0,True,fanduel,2026-05-01T14:24:38.623698
Cade Cunningham,,,88e10294c54deffd6e9e6efcba249d2c,2026-05-01,23:10,points,39.5,630.0,-1400.0,True,fanduel,2026-05-01T14:24:38.623700
Desmond Bane,,,88e10294c54deffd6e9e6efcba249d2c,2026-05-01,23:10,points,12.5,-800.0,450.0,True,fanduel,2026-05-01T14:24:38.623702
Desmond Bane,,,88e10294c54deffd6e9e6efcba249d2c,2026-05-01,23:10,points,13.5,-580.0,360.0,True,fanduel,2026-05-01T14:24:38.623757
Desmond Bane,,,88e10294c54deffd6e9e6efcba249d2c,2026-05-01,23:10,points,14.5,-400.0,280.0,True,fanduel,2026-05-01T14:24:38.623762
Desmond Bane,,,88e10294c54deffd6e9e6efcba249d2c,2026-05-01,23:10,points,15.5,-310.0,220.0,True,fanduel,2026-05-01T14:24:38.623764
Desmond Bane,,,88e10294c54deffd6e9e6efcba249d2c,2026-05-01,23:10,points,16.5,-235.0,172.0,True,fanduel,2026-05-01T14:24:38.623766
Desmond Bane,,,88e10294c54deffd6e9e6efcba249d2c,2026-05-01,23:10,points,17.5,-180.0,134.0,True,fanduel,2026-05-01T14:24:38.623767
Desmond Bane,,,88e10294c54deffd6e9e6efcba249d2c,2026-05-01,23:10,points,18.5,-140.0,106.0,True,fanduel,2026-05-01T14:24:38.623769
Desmond Bane,,,88e10294c54deffd6e9e6efcba249d2c,2026-05-01,23:10,points,19.5,-108.0,-120.0,True,fanduel,2026-05-01T14:24:38.623771
Desmond Bane,,,88e10294c54deffd6e9e6efcba249d2c,2026-05-01,23:10,points,20.5,116.0,-154.0,True,fanduel,2026-05-01T14:24:38.623772
Desmond Bane,,,88e10294c54deffd6e9e6efcba249d2c,2026-05-01,23:10,points,21.5,148.0,-200.0,True,fanduel,2026-05-01T14:24:38.623774
Desmond Bane,,,88e10294c54deffd6e9e6efcba249d2c,2026-05-01,23:10,points,22.5,182.0,-250.0,True,fanduel,2026-05-01T14:24:38.623776
Desmond Bane,,,88e10294c54deffd6e9e6efcba249d2c,2026-05-01,23:10,points,23.5,225.0,-320.0,True,fanduel,2026-05-01T14:24:38.623777
Desmond Bane,,,88e10294c54deffd6e9e6efcba249d2c,2026-05-01,23:10,points,24.5,290.0,-420.0,True,fanduel,2026-05-01T14:24:38.623779
Desmond Bane,,,88e10294c54deffd6e9e6efcba249d2c,2026-05-01,23:10,points,25.5,360.0,-580.0,True,fanduel,2026-05-01T14:24:38.623781
Desmond Bane,,,88e10294c54deffd6e9e6efcba249d2c,2026-05-01,23:10,points,26.5,430.0,-750.0,True,fanduel,2026-05-01T14:24:38.623782
Desmond Bane,,,88e10294c54deffd6e9e6efcba249d2c,2026-05-01,23:10,points,27.5,,-1000.0,True,fanduel,2026-05-01T14:24:38.623784
Jalen Suggs,,,88e10294c54deffd6e9e6efcba249d2c,2026-05-01,23:10,points,7.5,-1100.0,,True,fanduel,2026-05-01T14:24:38.623786
Jalen Suggs,,,88e10294c54deffd6e9e6efcba249d2c,2026-05-01,23:10,points,8.5,-670.0,400.0,True,fanduel,2026-05-01T14:24:38.623788
Jalen Suggs,,,88e10294c54deffd6e9e6efcba249d2c,2026-05-01,23:10,points,9.5,-440.0,310.0,True,fanduel,2026-05-01T14:24:38.623789
Jalen Suggs,,,88e10294c54deffd6e9e6efcba249d2c,2026-05-01,23:10,points,10.5,-320.0,225.0,True,fanduel,2026-05-01T14:24:38.623791
Jalen Suggs,,,88e10294c54deffd6e9e6efcba249d2c,2026-05-01,23:10,points,11.5,-240.0,174.0,True,fanduel,2026-05-01T14:24:38.623793
Jalen Suggs,,,88e10294c54deffd6e9e6efcba249d2c,2026-05-01,23:10,points,12.5,-180.0,134.0,True,fanduel,2026-05-01T14:24:38.623794
Jalen Suggs,,,88e10294c54deffd6e9e6efcba249d2c,2026-05-01,23:10,points,13.5,-136.0,102.0,True,fanduel,2026-05-01T14:24:38.623796
Jalen Suggs,,,88e10294c54deffd6e9e6efcba249d2c,2026-05-01,23:10,points,14.5,-102.0,-130.0,True,fanduel,2026-05-01T14:24:38.623798
Jalen Suggs,,,88e10294c54deffd6e9e6efcba249d2c,2026-05-01,23:10,points,15.5,124.0,-166.0,True,fanduel,2026-05-01T14:24:38.623802
Jalen Suggs,,,88e10294c54deffd6e9e6efcba249d2c,2026-05-01,23:10,points,16.5,162.0,-220.0,True,fanduel,2026-05-01T14:24:38.623803
Jalen Suggs,,,88e10294c54deffd6e9e6efcba249d2c,2026-05-01,23:10,points,17.5,198.0,-275.0,True,fanduel,2026-05-01T14:24:38.623805
Jalen Suggs,,,88e10294c54deffd6e9e6efcba249d2c,2026-05-01,23:10,points,18.5,240.0,-350.0,True,fanduel,2026-05-01T14:24:38.623807
Paolo Banchero,,,88e10294c54deffd6e9e6efcba249d2c,2026-05-01,23:10,points,34.5,900.0,,True,fanduel,2026-05-01T14:24:38.623808
Desmond Bane,,,88e10294c54deffd6e9e6efcba249d2c,2026-05-01,23:10,points,34.5,1700.0,,True,fanduel,2026-05-01T14:24:38.623810
Tobias Harris,,,88e10294c54deffd6e9e6efcba249d2c,2026-05-01,23:10,points,34.5,3500.0,,True,fanduel,2026-05-01T14:24:38.623811
Desmond Bane,,,88e10294c54deffd6e9e6efcba249d2c,2026-05-01,23:10,points,29.5,870.0,,True,fanduel,2026-05-01T14:24:38.623813
Tobias Harris,,,88e10294c54deffd6e9e6efcba249d2c,2026-05-01,23:10,points,29.5,1200.0,,True,fanduel,2026-05-01T14:24:38.623815
Anthony Black,,,88e10294c54deffd6e9e6efcba249d2c,2026-05-01,23:10,points,7.5,-700.0,410.0,True,fanduel,2026-05-01T14:24:38.623816
Anthony Black,,,88e10294c54deffd6e9e6efcba249d2c,2026-05-01,23:10,points,8.5,-490.0,320.0,True,fanduel,2026-05-01T14:24:38.623818
Anthony Black,,,88e10294c54deffd6e9e6efcba249d2c,2026-05-01,23:10,points,9.5,-340.0,235.0,True,fanduel,2026-05-01T14:24:38.623820
Anthony Black,,,88e10294c54deffd6e9e6efcba249d2c,2026-05-01,23:10,points,10.5,-250.0,182.0,True,fanduel,2026-05-01T14:24:38.623821
Anthony Black,,,88e10294c54deffd6e9e6efcba249d2c,2026-05-01,23:10,points,11.5,-188.0,140.0,True,fanduel,2026-05-01T14:24:38.623823
Anthony Black,,,88e10294c54deffd6e9e6efcba249d2c,2026-05-01,23:10,points,12.5,-136.0,102.0,True,fanduel,2026-05-01T14:24:38.623825
Anthony Black,,,88e10294c54deffd6e9e6efcba249d2c,2026-05-01,23:10,points,13.5,100.0,-132.0,True,fanduel,2026-05-01T14:24:38.623826
Anthony Black,,,88e10294c54deffd6e9e6efcba249d2c,2026-05-01,23:10,points,14.5,132.0,-174.0,True,fanduel,2026-05-01T14:24:38.623828
Anthony Black,,,88e10294c54deffd6e9e6efcba249d2c,2026-05-01,23:10,points,15.5,168.0,-230.0,True,fanduel,2026-05-01T14:24:38.623830
Anthony Black,,,88e10294c54deffd6e9e6efcba249d2c,2026-05-01,23:10,points,16.5,220.0,-310.0,True,fanduel,2026-05-01T14:24:38.623831
Anthony Black,,,88e10294c54deffd6e9e6efcba249d2c,2026-05-01,23:10,points,17.5,270.0,-400.0,True,fanduel,2026-05-01T14:24:38.623833
Anthony Black,,,88e10294c54deffd6e9e6efcba249d2c,2026-05-01,23:10,points,18.5,350.0,-550.0,True,fanduel,2026-05-01T14:24:38.623835
Cade Cunningham,,,88e10294c54deffd6e9e6efcba249d2c,2026-05-01,23:10,points,19.5,-1600.0,,True,fanduel,2026-05-01T14:24:38.623837
Tobias Harris,,,88e10294c54deffd6e9e6efcba249d2c,2026-05-01,23:10,points,19.5,138.0,-186.0,True,fanduel,2026-05-01T14:24:38.623839
Jalen Suggs,,,88e10294c54deffd6e9e6efcba249d2c,2026-05-01,23:10,points,19.5,320.0,,True,fanduel,2026-05-01T14:24:38.623840
Jalen Duren,,,88e10294c54deffd6e9e6efcba249d2c,2026-05-01,23:10,points,19.5,420.0,,True,fanduel,2026-05-01T14:24:38.623842
Anthony Black,,,88e10294c54deffd6e9e6efcba249d2c,2026-05-01,23:10,points,19.5,450.0,,True,fanduel,2026-05-01T14:24:38.623844
Wendell Carter Jr,,,88e10294c54deffd6e9e6efcba249d2c,2026-05-01,23:10,points,19.5,870.0,,True,fanduel,2026-05-01T14:24:38.623845
Duncan Robinson,,,88e10294c54deffd6e9e6efcba249d2c,2026-05-01,23:10,points,19.5,1100.0,,True,fanduel,2026-05-01T14:24:38.623849
Ausar Thompson,,,88e10294c54deffd6e9e6efcba249d2c,2026-05-01,23:10,points,19.5,1700.0,,True,fanduel,2026-05-01T14:24:38.623853
Tobias Harris,,,88e10294c54deffd6e9e6efcba249d2c,2026-05-01,23:10,points,10.5,-1400.0,,True,fanduel,2026-05-01T14:24:38.623855
Tobias Harris,,,88e10294c54deffd6e9e6efcba249d2c,2026-05-01,23:10,points,11.5,-800.0,450.0,True,fanduel,2026-05-01T14:24:38.623856
Tobias Harris,,,88e10294c54deffd6e9e6efcba249d2c,2026-05-01,23:10,points,12.5,-550.0,350.0,True,fanduel,2026-05-01T14:24:38.623858
Tobias Harris,,,88e10294c54deffd6e9e6efcba249d2c,2026-05-01,23:10,points,13.5,-390.0,265.0,True,fanduel,2026-05-01T14:24:38.623862
Tobias Harris,,,88e10294c54deffd6e9e6efcba249d2c,2026-05-01,23:10,points,14.5,-280.0,200.0,True,fanduel,2026-05-01T14:24:38.623864
Tobias Harris,,,88e10294c54deffd6e9e6efcba249d2c,2026-05-01,23:10,points,15.5,-210.0,154.0,True,fanduel,2026-05-01T14:24:38.623865
Tobias Harris,,,88e10294c54deffd6e9e6efcba249d2c,2026-05-01,23:10,points,16.5,-158.0,118.0,True,fanduel,2026-05-01T14:24:38.623867
Tobias Harris,,,88e10294c54deffd6e9e6efcba249d2c,2026-05-01,23:10,points,17.5,-122.0,-108.0,True,fanduel,2026-05-01T14:24:38.623869
Tobias Harris,,,88e10294c54deffd6e9e6efcba249d2c,2026-05-01,23:10,points,18.5,106.0,-140.0,True,fanduel,2026-05-01T14:24:38.623870
Tobias Harris,,,88e10294c54deffd6e9e6efcba249d2c,2026-05-01,23:10,points,20.5,174.0,-240.0,True,fanduel,2026-05-01T14:24:38.623872
Tobias Harris,,,88e10294c54deffd6e9e6efcba249d2c,2026-05-01,23:10,points,21.5,220.0,-310.0,True,fanduel,2026-05-01T14:24:38.623874
Tobias Harris,,,88e10294c54deffd6e9e6efcba249d2c,2026-05-01,23:10,points,22.5,270.0,-400.0,True,fanduel,2026-05-01T14:24:38.623875
Tobias Harris,,,88e10294c54deffd6e9e6efcba249d2c,2026-05-01,23:10,points,23.5,350.0,-550.0,True,fanduel,2026-05-01T14:24:38.623877
Tobias Harris,,,88e10294c54deffd6e9e6efcba249d2c,2026-05-01,23:10,points,24.5,440.0,-700.0,True,fanduel,2026-05-01T14:24:38.623879
Cade Cunningham,,,88e10294c54deffd6e9e6efcba249d2c,2026-05-01,23:10,points,49.5,3500.0,,True,fanduel,2026-05-01T14:24:38.623880
Desmond Bane,,,88e10294c54deffd6e9e6efcba249d2c,2026-05-01,23:10,points,9.5,-4000.0,,True,fanduel,2026-05-01T14:24:38.623882
Tobias Harris,,,88e10294c54deffd6e9e6efcba249d2c,2026-05-01,23:10,points,9.5,-2200.0,,True,fanduel,2026-05-01T14:24:38.623884
Wendell Carter Jr,,,88e10294c54deffd6e9e6efcba249d2c,2026-05-01,23:10,points,9.5,-205.0,152.0,True,fanduel,2026-05-01T14:24:38.623885
Caris LeVert,,,88e10294c54deffd6e9e6efcba249d2c,2026-05-01,23:10,points,9.5,340.0,,True,fanduel,2026-05-01T14:24:38.623887
Isaiah Stewart II,,,88e10294c54deffd6e9e6efcba249d2c,2026-05-01,23:10,points,9.5,350.0,,True,fanduel,2026-05-01T14:24:38.623889
Tristan da Silva,,,88e10294c54deffd6e9e6efcba249d2c,2026-05-01,23:10,points,9.5,350.0,,True,fanduel,2026-05-01T14:24:38.623890
Paolo Banchero,,,88e10294c54deffd6e9e6efcba249d2c,2026-05-01,23:10,points,39.5,2000.0,,True,fanduel,2026-05-01T14:24:38.623892
Cade Cunningham,,,88e10294c54deffd6e9e6efcba249d2c,2026-05-01,23:10,points,44.5,1400.0,,True,fanduel,2026-05-01T14:24:38.623894
Caris LeVert,,,88e10294c54deffd6e9e6efcba249d2c,2026-05-01,23:10,points,1.5,-1400.0,,True,fanduel,2026-05-01T14:24:38.623895
Caris LeVert,,,88e10294c54deffd6e9e6efcba249d2c,2026-05-01,23:10,points,2.5,-420.0,280.0,True,fanduel,2026-05-01T14:24:38.623897
Caris LeVert,,,88e10294c54deffd6e9e6efcba249d2c,2026-05-01,23:10,points,3.5,-270.0,194.0,True,fanduel,2026-05-01T14:24:38.623899
Caris LeVert,,,88e10294c54deffd6e9e6efcba249d2c,2026-05-01,23:10,points,4.5,-178.0,132.0,True,fanduel,2026-05-01T14:24:38.623900
Caris LeVert,,,88e10294c54deffd6e9e6efcba249d2c,2026-05-01,23:10,points,5.5,-114.0,-114.0,True,fanduel,2026-05-01T14:24:38.623902
Caris LeVert,,,88e10294c54deffd6e9e6efcba249d2c,2026-05-01,23:10,points,6.5,128.0,-172.0,True,fanduel,2026-05-01T14:24:38.623904
Caris LeVert,,,88e10294c54deffd6e9e6efcba249d2c,2026-05-01,23:10,points,7.5,178.0,-245.0,True,fanduel,2026-05-01T14:24:38.623906
Caris LeVert,,,88e10294c54deffd6e9e6efcba249d2c,2026-05-01,23:10,points,8.5,240.0,-350.0,True,fanduel,2026-05-01T14:24:38.623907
Wendell Carter Jr,,,88e10294c54deffd6e9e6efcba249d2c,2026-05-01,23:10,points,6.5,-670.0,400.0,True,fanduel,2026-05-01T14:24:38.623909
Wendell Carter Jr,,,88e10294c54deffd6e9e6efcba249d2c,2026-05-01,23:10,points,7.5,-440.0,290.0,True,fanduel,2026-05-01T14:24:38.623911
Wendell Carter Jr,,,88e10294c54deffd6e9e6efcba249d2c,2026-05-01,23:10,points,8.5,-300.0,210.0,True,fanduel,2026-05-01T14:24:38.623912
Wendell Carter Jr,,,88e10294c54deffd6e9e6efcba249d2c,2026-05-01,23:10,points,10.5,-144.0,108.0,True,fanduel,2026-05-01T14:24:38.623914
Wendell Carter Jr,,,88e10294c54deffd6e9e6efcba249d2c,2026-05-01,23:10,points,11.5,-104.0,-128.0,True,fanduel,2026-05-01T14:24:38.623918
Wendell Carter Jr,,,88e10294c54deffd6e9e6efcba249d2c,2026-05-01,23:10,points,12.5,130.0,-174.0,True,fanduel,2026-05-01T14:24:38.623920
Wendell Carter Jr,,,88e10294c54deffd6e9e6efcba249d2c,2026-05-01,23:10,points,13.5,174.0,-240.0,True,fanduel,2026-05-01T14:24:38.623922
Wendell Carter Jr,,,88e10294c54deffd6e9e6efcba249d2c,2026-05-01,23:10,points,14.5,235.0,-320.0,True,fanduel,2026-05-01T14:24:38.623923
Wendell Carter Jr,,,88e10294c54deffd6e9e6efcba249d2c,2026-05-01,23:10,points,15.5,290.0,-440.0,True,fanduel,2026-05-01T14:24:38.623925
Jalen Suggs,,,88e10294c54deffd6e9e6efcba249d2c,2026-05-01,23:10,points,24.5,1000.0,,True,fanduel,2026-05-01T14:24:38.623927
Jalen Duren,,,88e10294c54deffd6e9e6efcba249d2c,2026-05-01,23:10,points,24.5,1200.0,,True,fanduel,2026-05-01T14:24:38.623928
Anthony Black,,,88e10294c54deffd6e9e6efcba249d2c,2026-05-01,23:10,points,24.5,1300.0,,True,fanduel,2026-05-01T14:24:38.623930
Wendell Carter Jr,,,88e10294c54deffd6e9e6efcba249d2c,2026-05-01,23:10,points,24.5,2500.0,,True,fanduel,2026-05-01T14:24:38.623932
Paolo Banchero,,,88e10294c54deffd6e9e6efcba249d2c,2026-05-01,23:10,points,14.5,-1450.0,,True,fanduel,2026-05-01T14:24:38.623933
Duncan Robinson,,,88e10294c54deffd6e9e6efcba249d2c,2026-05-01,23:10,points,14.5,340.0,,True,fanduel,2026-05-01T14:24:38.623935
Ausar Thompson,,,88e10294c54deffd6e9e6efcba249d2c,2026-05-01,23:10,points,14.5,500.0,,True,fanduel,2026-05-01T14:24:38.623937
Jamal Cain,,,88e10294c54deffd6e9e6efcba249d2c,2026-05-01,23:10,points,14.5,700.0,,True,fanduel,2026-05-01T14:24:38.623938
Tristan da Silva,,,88e10294c54deffd6e9e6efcba249d2c,2026-05-01,23:10,points,14.5,1200.0,,True,fanduel,2026-05-01T14:24:38.623940
Caris LeVert,,,88e10294c54deffd6e9e6efcba249d2c,2026-05-01,23:10,points,14.5,1300.0,,True,fanduel,2026-05-01T14:24:38.623942
Isaiah Stewart II,,,88e10294c54deffd6e9e6efcba249d2c,2026-05-01,23:10,points,14.5,1500.0,,True,fanduel,2026-05-01T14:24:38.623946
Jamal Cain,,,88e10294c54deffd6e9e6efcba249d2c,2026-05-01,23:10,rebounds,4.5,134.0,-180.0,False,fanduel,2026-05-01T14:24:38.623968
Isaiah Stewart II,,,88e10294c54deffd6e9e6efcba249d2c,2026-05-01,23:10,rebounds,3.5,-136.0,102.0,False,fanduel,2026-05-01T14:24:38.623970
Tobias Harris,,,88e10294c54deffd6e9e6efcba249d2c,2026-05-01,23:10,rebounds,6.5,106.0,-140.0,False,fanduel,2026-05-01T14:24:38.623972
Paolo Banchero,,,88e10294c54deffd6e9e6efcba249d2c,2026-05-01,23:10,rebounds,8.5,110.0,-146.0,False,fanduel,2026-05-01T14:24:38.623974
Duncan Robinson,,,88e10294c54deffd6e9e6efcba249d2c,2026-05-01,23:10,rebounds,2.5,116.0,-154.0,False,fanduel,2026-05-01T14:24:38.623975
Jalen Duren,,,88e10294c54deffd6e9e6efcba249d2c,2026-05-01,23:10,rebounds,9.5,116.0,-154.0,False,fanduel,2026-05-01T14:24:38.623977
Anthony Black,,,88e10294c54deffd6e9e6efcba249d2c,2026-05-01,23:10,rebounds,3.5,100.0,-132.0,False,fanduel,2026-05-01T14:24:38.623979
Cade Cunningham,,,88e10294c54deffd6e9e6efcba249d2c,2026-05-01,23:10,rebounds,5.5,-154.0,116.0,False,fanduel,2026-05-01T14:24:38.623980
Ausar Thompson,,,88e10294c54deffd6e9e6efcba249d2c,2026-05-01,23:10,rebounds,6.5,-154.0,116.0,False,fanduel,2026-05-01T14:24:38.623982
Desmond Bane,,,88e10294c54deffd6e9e6efcba249d2c,2026-05-01,23:10,rebounds,4.5,106.0,-140.0,False,fanduel,2026-05-01T14:24:38.623984
Jalen Suggs,,,88e10294c54deffd6e9e6efcba249d2c,2026-05-01,23:10,rebounds,4.5,134.0,-180.0,False,fanduel,2026-05-01T14:24:38.623985
Wendell Carter Jr,,,88e10294c54deffd6e9e6efcba249d2c,2026-05-01,23:10,rebounds,8.5,118.0,-158.0,False,fanduel,2026-05-01T14:24:38.623987
Jalen Duren,,,88e10294c54deffd6e9e6efcba249d2c,2026-05-01,23:10,rebounds,7.5,-210.0,154.0,True,fanduel,2026-05-01T14:24:38.624067
Paolo Banchero,,,88e10294c54deffd6e9e6efcba249d2c,2026-05-01,23:10,rebounds,7.5,-158.0,118.0,True,fanduel,2026-05-01T14:24:38.624069
Wendell Carter Jr,,,88e10294c54deffd6e9e6efcba249d2c,2026-05-01,23:10,rebounds,7.5,-148.0,112.0,True,fanduel,2026-05-01T14:24:38.624071
Ausar Thompson,,,88e10294c54deffd6e9e6efcba249d2c,2026-05-01,23:10,rebounds,7.5,116.0,-154.0,True,fanduel,2026-05-01T14:24:38.624072
Tobias Harris,,,88e10294c54deffd6e9e6efcba249d2c,2026-05-01,23:10,rebounds,7.5,194.0,-270.0,True,fanduel,2026-05-01T14:24:38.624074
Cade Cunningham,,,88e10294c54deffd6e9e6efcba249d2c,2026-05-01,23:10,rebounds,7.5,230.0,-330.0,True,fanduel,2026-05-01T14:24:38.624076
Desmond Bane,,,88e10294c54deffd6e9e6efcba249d2c,2026-05-01,23:10,rebounds,7.5,870.0,,True,fanduel,2026-05-01T14:24:38.624078
Isaiah Stewart II,,,88e10294c54deffd6e9e6efcba249d2c,2026-05-01,23:10,rebounds,7.5,870.0,,True,fanduel,2026-05-01T14:24:38.624080
Jalen Suggs,,,88e10294c54deffd6e9e6efcba249d2c,2026-05-01,23:10,rebounds,7.5,900.0,,True,fanduel,2026-05-01T14:24:38.624082
Jamal Cain,,,88e10294c54deffd6e9e6efcba249d2c,2026-05-01,23:10,rebounds,7.5,900.0,,True,fanduel,2026-05-01T14:24:38.624083
Anthony Black,,,88e10294c54deffd6e9e6efcba249d2c,2026-05-01,23:10,rebounds,7.5,1500.0,,True,fanduel,2026-05-01T14:24:38.624085
Jalen Duren,,,88e10294c54deffd6e9e6efcba249d2c,2026-05-01,23:10,rebounds,9.5,116.0,-154.0,True,fanduel,2026-05-01T14:24:38.624087
Paolo Banchero,,,88e10294c54deffd6e9e6efcba249d2c,2026-05-01,23:10,rebounds,9.5,158.0,-215.0,True,fanduel,2026-05-01T14:24:38.624088
Wendell Carter Jr,,,88e10294c54deffd6e9e6efcba249d2c,2026-05-01,23:10,rebounds,9.5,168.0,-230.0,True,fanduel,2026-05-01T14:24:38.624090
Ausar Thompson,,,88e10294c54deffd6e9e6efcba249d2c,2026-05-01,23:10,rebounds,9.5,270.0,-400.0,True,fanduel,2026-05-01T14:24:38.624092
Tobias Harris,,,88e10294c54deffd6e9e6efcba249d2c,2026-05-01,23:10,rebounds,9.5,490.0,-900.0,True,fanduel,2026-05-01T14:24:38.624093
Cade Cunningham,,,88e10294c54deffd6e9e6efcba249d2c,2026-05-01,23:10,rebounds,9.5,540.0,-1000.0,True,fanduel,2026-05-01T14:24:38.624095
Jamal Cain,,,88e10294c54deffd6e9e6efcba249d2c,2026-05-01,23:10,rebounds,9.5,2000.0,,True,fanduel,2026-05-01T14:24:38.624097
Isaiah Stewart II,,,88e10294c54deffd6e9e6efcba249d2c,2026-05-01,23:10,rebounds,9.5,2000.0,,True,fanduel,2026-05-01T14:24:38.624098
Jamal Cain,,,88e10294c54deffd6e9e6efcba249d2c,2026-05-01,23:10,rebounds,1.5,-1450.0,,True,fanduel,2026-05-01T14:24:38.624100
Jamal Cain,,,88e10294c54deffd6e9e6efcba249d2c,2026-05-01,23:10,rebounds,2.5,-400.0,270.0,True,fanduel,2026-05-01T14:24:38.624102
Jamal Cain,,,88e10294c54deffd6e9e6efcba249d2c,2026-05-01,23:10,rebounds,3.5,-162.0,124.0,True,fanduel,2026-05-01T14:24:38.624103
Jamal Cain,,,88e10294c54deffd6e9e6efcba249d2c,2026-05-01,23:10,rebounds,4.5,134.0,-180.0,True,fanduel,2026-05-01T14:24:38.624105
Jamal Cain,,,88e10294c54deffd6e9e6efcba249d2c,2026-05-01,23:10,rebounds,5.5,260.0,-360.0,True,fanduel,2026-05-01T14:24:38.624107
Jamal Cain,,,88e10294c54deffd6e9e6efcba249d2c,2026-05-01,23:10,rebounds,6.5,470.0,-850.0,True,fanduel,2026-05-01T14:24:38.624108
Isaiah Stewart II,,,88e10294c54deffd6e9e6efcba249d2c,2026-05-01,23:10,rebounds,1.5,-1000.0,,True,fanduel,2026-05-01T14:24:38.624110
Isaiah Stewart II,,,88e10294c54deffd6e9e6efcba249d2c,2026-05-01,23:10,rebounds,2.5,-310.0,220.0,True,fanduel,2026-05-01T14:24:38.624123
Isaiah Stewart II,,,88e10294c54deffd6e9e6efcba249d2c,2026-05-01,23:10,rebounds,3.5,-132.0,102.0,True,fanduel,2026-05-01T14:24:38.624124
Isaiah Stewart II,,,88e10294c54deffd6e9e6efcba249d2c,2026-05-01,23:10,rebounds,4.5,152.0,-205.0,True,fanduel,2026-05-01T14:24:38.624126
Isaiah Stewart II,,,88e10294c54deffd6e9e6efcba249d2c,2026-05-01,23:10,rebounds,5.5,285.0,-400.0,True,fanduel,2026-05-01T14:24:38.624128
Isaiah Stewart II,,,88e10294c54deffd6e9e6efcba249d2c,2026-05-01,23:10,rebounds,6.5,490.0,-900.0,True,fanduel,2026-05-01T14:24:38.624129
Jalen Suggs,,,88e10294c54deffd6e9e6efcba249d2c,2026-05-01,23:10,rebounds,2.5,-450.0,300.0,True,fanduel,2026-05-01T14:24:38.624131
Jalen Suggs,,,88e10294c54deffd6e9e6efcba249d2c,2026-05-01,23:10,rebounds,3.5,-166.0,128.0,True,fanduel,2026-05-01T14:24:38.624133
Jalen Suggs,,,88e10294c54deffd6e9e6efcba249d2c,2026-05-01,23:10,rebounds,4.5,134.0,-180.0,True,fanduel,2026-05-01T14:24:38.624135
Jalen Suggs,,,88e10294c54deffd6e9e6efcba249d2c,2026-05-01,23:10,rebounds,5.5,280.0,-400.0,True,fanduel,2026-05-01T14:24:38.624136
Jalen Suggs,,,88e10294c54deffd6e9e6efcba249d2c,2026-05-01,23:10,rebounds,6.5,,-1000.0,True,fanduel,2026-05-01T14:24:38.624138
Paolo Banchero,,,88e10294c54deffd6e9e6efcba249d2c,2026-05-01,23:10,rebounds,5.5,-620.0,390.0,True,fanduel,2026-05-01T14:24:38.624140
Paolo Banchero,,,88e10294c54deffd6e9e6efcba249d2c,2026-05-01,23:10,rebounds,6.5,-300.0,210.0,True,fanduel,2026-05-01T14:24:38.624141
Paolo Banchero,,,88e10294c54deffd6e9e6efcba249d2c,2026-05-01,23:10,rebounds,8.5,110.0,-146.0,True,fanduel,2026-05-01T14:24:38.624146
Paolo Banchero,,,88e10294c54deffd6e9e6efcba249d2c,2026-05-01,23:10,rebounds,10.5,270.0,-400.0,True,fanduel,2026-05-01T14:24:38.624147
Paolo Banchero,,,88e10294c54deffd6e9e6efcba249d2c,2026-05-01,23:10,rebounds,11.5,460.0,-750.0,True,fanduel,2026-05-01T14:24:38.624149
Ausar Thompson,,,88e10294c54deffd6e9e6efcba249d2c,2026-05-01,23:10,rebounds,4.5,-580.0,360.0,True,fanduel,2026-05-01T14:24:38.624151
Ausar Thompson,,,88e10294c54deffd6e9e6efcba249d2c,2026-05-01,23:10,rebounds,5.5,-265.0,198.0,True,fanduel,2026-05-01T14:24:38.624152
Ausar Thompson,,,88e10294c54deffd6e9e6efcba249d2c,2026-05-01,23:10,rebounds,6.5,-154.0,116.0,True,fanduel,2026-05-01T14:24:38.624154
Ausar Thompson,,,88e10294c54deffd6e9e6efcba249d2c,2026-05-01,23:10,rebounds,8.5,194.0,-270.0,True,fanduel,2026-05-01T14:24:38.624156
Anthony Black,,,88e10294c54deffd6e9e6efcba249d2c,2026-05-01,23:10,rebounds,1.5,-800.0,450.0,True,fanduel,2026-05-01T14:24:38.624158
Anthony Black,,,88e10294c54deffd6e9e6efcba249d2c,2026-05-01,23:10,rebounds,2.5,-250.0,182.0,True,fanduel,2026-05-01T14:24:38.624159
Anthony Black,,,88e10294c54deffd6e9e6efcba249d2c,2026-05-01,23:10,rebounds,3.5,102.0,-132.0,True,fanduel,2026-05-01T14:24:38.624161
Anthony Black,,,88e10294c54deffd6e9e6efcba249d2c,2026-05-01,23:10,rebounds,4.5,220.0,-310.0,True,fanduel,2026-05-01T14:24:38.624163
Anthony Black,,,88e10294c54deffd6e9e6efcba249d2c,2026-05-01,23:10,rebounds,5.5,440.0,-700.0,True,fanduel,2026-05-01T14:24:38.624164
Jalen Duren,,,88e10294c54deffd6e9e6efcba249d2c,2026-05-01,23:10,rebounds,15.5,1500.0,,True,fanduel,2026-05-01T14:24:38.624166
Paolo Banchero,,,88e10294c54deffd6e9e6efcba249d2c,2026-05-01,23:10,rebounds,15.5,3000.0,,True,fanduel,2026-05-01T14:24:38.624168
Ausar Thompson,,,88e10294c54deffd6e9e6efcba249d2c,2026-05-01,23:10,rebounds,15.5,3500.0,,True,fanduel,2026-05-01T14:24:38.624170
Wendell Carter Jr,,,88e10294c54deffd6e9e6efcba249d2c,2026-05-01,23:10,rebounds,15.5,3500.0,,True,fanduel,2026-05-01T14:24:38.624171
Jalen Duren,,,88e10294c54deffd6e9e6efcba249d2c,2026-05-01,23:10,rebounds,13.5,800.0,,True,fanduel,2026-05-01T14:24:38.624173
Wendell Carter Jr,,,88e10294c54deffd6e9e6efcba249d2c,2026-05-01,23:10,rebounds,13.5,1100.0,,True,fanduel,2026-05-01T14:24:38.624175
Paolo Banchero,,,88e10294c54deffd6e9e6efcba249d2c,2026-05-01,23:10,rebounds,13.5,1200.0,,True,fanduel,2026-05-01T14:24:38.624176
Ausar Thompson,,,88e10294c54deffd6e9e6efcba249d2c,2026-05-01,23:10,rebounds,13.5,1500.0,,True,fanduel,2026-05-01T14:24:38.624178
Jalen Duren,,,88e10294c54deffd6e9e6efcba249d2c,2026-05-01,23:10,rebounds,5.5,-750.0,430.0,True,fanduel,2026-05-01T14:24:38.624180
Jalen Duren,,,88e10294c54deffd6e9e6efcba249d2c,2026-05-01,23:10,rebounds,6.5,-360.0,260.0,True,fanduel,2026-05-01T14:24:38.624181
Jalen Duren,,,88e10294c54deffd6e9e6efcba249d2c,2026-05-01,23:10,rebounds,8.5,-122.0,-108.0,True,fanduel,2026-05-01T14:24:38.624183
Jalen Duren,,,88e10294c54deffd6e9e6efcba249d2c,2026-05-01,23:10,rebounds,10.5,194.0,-270.0,True,fanduel,2026-05-01T14:24:38.624185
Jalen Duren,,,88e10294c54deffd6e9e6efcba249d2c,2026-05-01,23:10,rebounds,11.5,310.0,-450.0,True,fanduel,2026-05-01T14:24:38.624187
Jalen Duren,,,88e10294c54deffd6e9e6efcba249d2c,2026-05-01,23:10,rebounds,12.5,490.0,-900.0,True,fanduel,2026-05-01T14:24:38.624188
Desmond Bane,,,88e10294c54deffd6e9e6efcba249d2c,2026-05-01,23:10,rebounds,2.5,-580.0,360.0,True,fanduel,2026-05-01T14:24:38.624190
Desmond Bane,,,88e10294c54deffd6e9e6efcba249d2c,2026-05-01,23:10,rebounds,3.5,-205.0,154.0,True,fanduel,2026-05-01T14:24:38.624192
Desmond Bane,,,88e10294c54deffd6e9e6efcba249d2c,2026-05-01,23:10,rebounds,4.5,106.0,-140.0,True,fanduel,2026-05-01T14:24:38.624193
Desmond Bane,,,88e10294c54deffd6e9e6efcba249d2c,2026-05-01,23:10,rebounds,5.5,235.0,-320.0,True,fanduel,2026-05-01T14:24:38.624195
Desmond Bane,,,88e10294c54deffd6e9e6efcba249d2c,2026-05-01,23:10,rebounds,6.5,430.0,-750.0,True,fanduel,2026-05-01T14:24:38.624197
Wendell Carter Jr,,,88e10294c54deffd6e9e6efcba249d2c,2026-05-01,23:10,rebounds,4.5,-1450.0,,True,fanduel,2026-05-01T14:24:38.624198
Wendell Carter Jr,,,88e10294c54deffd6e9e6efcba249d2c,2026-05-01,23:10,rebounds,5.5,-530.0,360.0,True,fanduel,2026-05-01T14:24:38.624200
Wendell Carter Jr,,,88e10294c54deffd6e9e6efcba249d2c,2026-05-01,23:10,rebounds,6.5,-270.0,194.0,True,fanduel,2026-05-01T14:24:38.624202
Wendell Carter Jr,,,88e10294c54deffd6e9e6efcba249d2c,2026-05-01,23:10,rebounds,8.5,118.0,-158.0,True,fanduel,2026-05-01T14:24:38.624203
Wendell Carter Jr,,,88e10294c54deffd6e9e6efcba249d2c,2026-05-01,23:10,rebounds,10.5,270.0,-400.0,True,fanduel,2026-05-01T14:24:38.624205
Wendell Carter Jr,,,88e10294c54deffd6e9e6efcba249d2c,2026-05-01,23:10,rebounds,11.5,460.0,-750.0,True,fanduel,2026-05-01T14:24:38.624207
Tobias Harris,,,88e10294c54deffd6e9e6efcba249d2c,2026-05-01,23:10,rebounds,3.5,-1000.0,,True,fanduel,2026-05-01T14:24:38.624208
Tobias Harris,,,88e10294c54deffd6e9e6efcba249d2c,2026-05-01,23:10,rebounds,4.5,-380.0,260.0,True,fanduel,2026-05-01T14:24:38.624210
Tobias Harris,,,88e10294c54deffd6e9e6efcba249d2c,2026-05-01,23:10,rebounds,5.5,-180.0,138.0,True,fanduel,2026-05-01T14:24:38.624212
Tobias Harris,,,88e10294c54deffd6e9e6efcba249d2c,2026-05-01,23:10,rebounds,6.5,106.0,-140.0,True,fanduel,2026-05-01T14:24:38.624213
Tobias Harris,,,88e10294c54deffd6e9e6efcba249d2c,2026-05-01,23:10,rebounds,8.5,320.0,-500.0,True,fanduel,2026-05-01T14:24:38.624215
Ausar Thompson,,,88e10294c54deffd6e9e6efcba249d2c,2026-05-01,23:10,rebounds,3.5,-1600.0,,True,fanduel,2026-05-01T14:24:38.624217
Cade Cunningham,,,88e10294c54deffd6e9e6efcba249d2c,2026-05-01,23:10,rebounds,3.5,-850.0,470.0,True,fanduel,2026-05-01T14:24:38.624218
Duncan Robinson,,,88e10294c54deffd6e9e6efcba249d2c,2026-05-01,23:10,rebounds,3.5,300.0,,True,fanduel,2026-05-01T14:24:38.624220
Cade Cunningham,,,88e10294c54deffd6e9e6efcba249d2c,2026-05-01,23:10,rebounds,4.5,-320.0,225.0,True,fanduel,2026-05-01T14:24:38.624222
Cade Cunningham,,,88e10294c54deffd6e9e6efcba249d2c,2026-05-01,23:10,rebounds,5.5,-150.0,116.0,True,fanduel,2026-05-01T14:24:38.624223
Cade Cunningham,,,88e10294c54deffd6e9e6efcba249d2c,2026-05-01,23:10,rebounds,6.5,130.0,-174.0,True,fanduel,2026-05-01T14:24:38.624225
Cade Cunningham,,,88e10294c54deffd6e9e6efcba249d2c,2026-05-01,23:10,rebounds,8.5,370.0,-600.0,True,fanduel,2026-05-01T14:24:38.624227
Ausar Thompson,,,88e10294c54deffd6e9e6efcba249d2c,2026-05-01,23:10,rebounds,11.5,680.0,,True,fanduel,2026-05-01T14:24:38.624228
Tobias Harris,,,88e10294c54deffd6e9e6efcba249d2c,2026-05-01,23:10,rebounds,11.5,1400.0,,True,fanduel,2026-05-01T14:24:38.624230
Cade Cunningham,,,88e10294c54deffd6e9e6efcba249d2c,2026-05-01,23:10,rebounds,11.5,1500.0,,True,fanduel,2026-05-01T14:24:38.624232
Tobias Harris,,,88e10294c54deffd6e9e6efcba249d2c,2026-05-01,23:10,threes,1.5,148.0,-200.0,False,fanduel,2026-05-01T14:24:38.624248
Paolo Banchero,,,88e10294c54deffd6e9e6efcba249d2c,2026-05-01,23:10,threes,1.5,116.0,-154.0,False,fanduel,2026-05-01T14:24:38.624250
Anthony Black,,,88e10294c54deffd6e9e6efcba249d2c,2026-05-01,23:10,threes,1.5,148.0,-200.0,False,fanduel,2026-05-01T14:24:38.624251
Duncan Robinson,,,88e10294c54deffd6e9e6efcba249d2c,2026-05-01,23:10,threes,2.5,128.0,-172.0,False,fanduel,2026-05-01T14:24:38.624253
Desmond Bane,,,88e10294c54deffd6e9e6efcba249d2c,2026-05-01,23:10,threes,2.5,116.0,-154.0,False,fanduel,2026-05-01T14:24:38.624255
Jalen Suggs,,,88e10294c54deffd6e9e6efcba249d2c,2026-05-01,23:10,threes,2.5,118.0,-158.0,False,fanduel,2026-05-01T14:24:38.624257
Cade Cunningham,,,88e10294c54deffd6e9e6efcba249d2c,2026-05-01,23:10,threes,2.5,118.0,-158.0,False,fanduel,2026-05-01T14:24:38.624258
Cade Cunningham,,,88e10294c54deffd6e9e6efcba249d2c,2026-05-01,23:10,threes,0.5,-1800.0,,True,fanduel,2026-05-01T14:24:38.624296
Jalen Suggs,,,88e10294c54deffd6e9e6efcba249d2c,2026-05-01,23:10,threes,0.5,-1800.0,,True,fanduel,2026-05-01T14:24:38.624298
Desmond Bane,,,88e10294c54deffd6e9e6efcba249d2c,2026-05-01,23:10,threes,0.5,-1800.0,,True,fanduel,2026-05-01T14:24:38.624300
Duncan Robinson,,,88e10294c54deffd6e9e6efcba249d2c,2026-05-01,23:10,threes,0.5,-1450.0,,True,fanduel,2026-05-01T14:24:38.624301
Paolo Banchero,,,88e10294c54deffd6e9e6efcba249d2c,2026-05-01,23:10,threes,0.5,-440.0,290.0,True,fanduel,2026-05-01T14:24:38.624303
Anthony Black,,,88e10294c54deffd6e9e6efcba249d2c,2026-05-01,23:10,threes,0.5,-340.0,235.0,True,fanduel,2026-05-01T14:24:38.624305
Tobias Harris,,,88e10294c54deffd6e9e6efcba249d2c,2026-05-01,23:10,threes,0.5,-330.0,230.0,True,fanduel,2026-05-01T14:24:38.624306
Cade Cunningham,,,88e10294c54deffd6e9e6efcba249d2c,2026-05-01,23:10,threes,1.5,-260.0,188.0,True,fanduel,2026-05-01T14:24:38.624308
Cade Cunningham,,,88e10294c54deffd6e9e6efcba249d2c,2026-05-01,23:10,threes,2.5,122.0,-158.0,True,fanduel,2026-05-01T14:24:38.624310
Cade Cunningham,,,88e10294c54deffd6e9e6efcba249d2c,2026-05-01,23:10,threes,3.5,320.0,-470.0,True,fanduel,2026-05-01T14:24:38.624312
Desmond Bane,,,88e10294c54deffd6e9e6efcba249d2c,2026-05-01,23:10,threes,1.5,-265.0,198.0,True,fanduel,2026-05-01T14:24:38.624313
Desmond Bane,,,88e10294c54deffd6e9e6efcba249d2c,2026-05-01,23:10,threes,2.5,116.0,-154.0,True,fanduel,2026-05-01T14:24:38.624315
Desmond Bane,,,88e10294c54deffd6e9e6efcba249d2c,2026-05-01,23:10,threes,3.5,290.0,-420.0,True,fanduel,2026-05-01T14:24:38.624317
Desmond Bane,,,88e10294c54deffd6e9e6efcba249d2c,2026-05-01,23:10,threes,4.5,750.0,-1450.0,True,fanduel,2026-05-01T14:24:38.624318
Paolo Banchero,,,88e10294c54deffd6e9e6efcba249d2c,2026-05-01,23:10,threes,1.5,118.0,-154.0,True,fanduel,2026-05-01T14:24:38.624320
Paolo Banchero,,,88e10294c54deffd6e9e6efcba249d2c,2026-05-01,23:10,threes,2.5,360.0,-580.0,True,fanduel,2026-05-01T14:24:38.624322
Desmond Bane,,,88e10294c54deffd6e9e6efcba249d2c,2026-05-01,23:10,threes,6.5,3000.0,,True,fanduel,2026-05-01T14:24:38.624323
Anthony Black,,,88e10294c54deffd6e9e6efcba249d2c,2026-05-01,23:10,threes,1.5,148.0,-200.0,True,fanduel,2026-05-01T14:24:38.624325
Anthony Black,,,88e10294c54deffd6e9e6efcba249d2c,2026-05-01,23:10,threes,2.5,450.0,-750.0,True,fanduel,2026-05-01T14:24:38.624329
Cade Cunningham,,,88e10294c54deffd6e9e6efcba249d2c,2026-05-01,23:10,threes,4.5,700.0,,True,fanduel,2026-05-01T14:24:38.624331
Jalen Suggs,,,88e10294c54deffd6e9e6efcba249d2c,2026-05-01,23:10,threes,4.5,700.0,,True,fanduel,2026-05-01T14:24:38.624332
Duncan Robinson,,,88e10294c54deffd6e9e6efcba249d2c,2026-05-01,23:10,threes,4.5,750.0,,True,fanduel,2026-05-01T14:24:38.624334
Jalen Suggs,,,88e10294c54deffd6e9e6efcba249d2c,2026-05-01,23:10,threes,1.5,-270.0,194.0,True,fanduel,2026-05-01T14:24:38.624338
Duncan Robinson,,,88e10294c54deffd6e9e6efcba249d2c,2026-05-01,23:10,threes,1.5,-250.0,182.0,True,fanduel,2026-05-01T14:24:38.624340
Tobias Harris,,,88e10294c54deffd6e9e6efcba249d2c,2026-05-01,23:10,threes,1.5,148.0,-200.0,True,fanduel,2026-05-01T14:24:38.624341
Tobias Harris,,,88e10294c54deffd6e9e6efcba249d2c,2026-05-01,23:10,threes,2.5,500.0,-900.0,True,fanduel,2026-05-01T14:24:38.624343
Jalen Suggs,,,88e10294c54deffd6e9e6efcba249d2c,2026-05-01,23:10,threes,2.5,118.0,-158.0,True,fanduel,2026-05-01T14:24:38.624345
Duncan Robinson,,,88e10294c54deffd6e9e6efcba249d2c,2026-05-01,23:10,threes,2.5,128.0,-172.0,True,fanduel,2026-05-01T14:24:38.624346
Jalen Suggs,,,88e10294c54deffd6e9e6efcba249d2c,2026-05-01,23:10,threes,3.5,300.0,-450.0,True,fanduel,2026-05-01T14:24:38.624348
Duncan Robinson,,,88e10294c54deffd6e9e6efcba249d2c,2026-05-01,23:10,threes,3.5,320.0,-500.0,True,fanduel,2026-05-01T14:24:38.624350
Paolo Banchero,,,88e10294c54deffd6e9e6efcba249d2c,2026-05-01,23:10,threes,3.5,1000.0,,True,fanduel,2026-05-01T14:24:38.624351
Anthony Black,,,88e10294c54deffd6e9e6efcba249d2c,2026-05-01,23:10,threes,3.5,1100.0,,True,fanduel,2026-05-01T14:24:38.624353
Tobias Harris,,,88e10294c54deffd6e9e6efcba249d2c,2026-05-01,23:10,threes,3.5,1400.0,,True,fanduel,2026-05-01T14:24:38.624355
Cade Cunningham,,,88e10294c54deffd6e9e6efcba249d2c,2026-05-01,23:10,threes,5.5,1500.0,,True,fanduel,2026-05-01T14:24:38.624356
Duncan Robinson,,,88e10294c54deffd6e9e6efcba249d2c,2026-05-01,23:10,threes,5.5,1500.0,,True,fanduel,2026-05-01T14:24:38.624358
Desmond Bane,,,88e10294c54deffd6e9e6efcba249d2c,2026-05-01,23:10,threes,5.5,1400.0,,True,fanduel,2026-05-01T14:24:38.624360
Jalen Suggs,,,88e10294c54deffd6e9e6efcba249d2c,2026-05-01,23:10,threes,5.5,1500.0,,True,fanduel,2026-05-01T14:24:38.624362
James Harden,,,d1938a9c13602a661e894f996f2680e8,2026-05-01,23:40,assists,6.5,-152.0,114.0,False,fanduel,2026-05-01T14:24:38.715623
Jamal Shead,,,d1938a9c13602a661e894f996f2680e8,2026-05-01,23:40,assists,5.5,114.0,-152.0,False,fanduel,2026-05-01T14:24:38.715625
Brandon Ingram,,,d1938a9c13602a661e894f996f2680e8,2026-05-01,23:40,assists,2.5,-140.0,106.0,False,fanduel,2026-05-01T14:24:38.715627
Evan Mobley,,,d1938a9c13602a661e894f996f2680e8,2026-05-01,23:40,assists,2.5,-182.0,134.0,False,fanduel,2026-05-01T14:24:38.715629
Jakob Poeltl,,,d1938a9c13602a661e894f996f2680e8,2026-05-01,23:40,assists,1.5,134.0,-180.0,False,fanduel,2026-05-01T14:24:38.715631
Donovan Mitchell,,,d1938a9c13602a661e894f996f2680e8,2026-05-01,23:40,assists,4.5,-114.0,-114.0,False,fanduel,2026-05-01T14:24:38.715632
Ja'Kobe Walter,,,d1938a9c13602a661e894f996f2680e8,2026-05-01,23:40,assists,1.5,-146.0,110.0,False,fanduel,2026-05-01T14:24:38.715634
R.J. Barrett,,,d1938a9c13602a661e894f996f2680e8,2026-05-01,23:40,assists,3.5,-162.0,122.0,False,fanduel,2026-05-01T14:24:38.715641
Scottie Barnes,,,d1938a9c13602a661e894f996f2680e8,2026-05-01,23:40,assists,7.5,-154.0,116.0,False,fanduel,2026-05-01T14:24:38.715643
Collin Murray-Boyles,,,d1938a9c13602a661e894f996f2680e8,2026-05-01,23:40,assists,1.5,-188.0,140.0,False,fanduel,2026-05-01T14:24:38.715645
Scottie Barnes,,,d1938a9c13602a661e894f996f2680e8,2026-05-01,23:40,assists,5.5,-530.0,360.0,True,fanduel,2026-05-01T14:24:38.715690
Scottie Barnes,,,d1938a9c13602a661e894f996f2680e8,2026-05-01,23:40,assists,6.5,-280.0,200.0,True,fanduel,2026-05-01T14:24:38.715692
Scottie Barnes,,,d1938a9c13602a661e894f996f2680e8,2026-05-01,23:40,assists,7.5,-148.0,116.0,True,fanduel,2026-05-01T14:24:38.715694
Scottie Barnes,,,d1938a9c13602a661e894f996f2680e8,2026-05-01,23:40,assists,8.5,120.0,-160.0,True,fanduel,2026-05-01T14:24:38.715696
Scottie Barnes,,,d1938a9c13602a661e894f996f2680e8,2026-05-01,23:40,assists,9.5,180.0,-245.0,True,fanduel,2026-05-01T14:24:38.715697
Scottie Barnes,,,d1938a9c13602a661e894f996f2680e8,2026-05-01,23:40,assists,10.5,300.0,-450.0,True,fanduel,2026-05-01T14:24:38.715699
R.J. Barrett,,,d1938a9c13602a661e894f996f2680e8,2026-05-01,23:40,assists,2.5,-440.0,290.0,True,fanduel,2026-05-01T14:24:38.715701
R.J. Barrett,,,d1938a9c13602a661e894f996f2680e8,2026-05-01,23:40,assists,3.5,-160.0,122.0,True,fanduel,2026-05-01T14:24:38.715702
R.J. Barrett,,,d1938a9c13602a661e894f996f2680e8,2026-05-01,23:40,assists,4.5,140.0,-188.0,True,fanduel,2026-05-01T14:24:38.715704
R.J. Barrett,,,d1938a9c13602a661e894f996f2680e8,2026-05-01,23:40,assists,5.5,290.0,-420.0,True,fanduel,2026-05-01T14:24:38.715706
R.J. Barrett,,,d1938a9c13602a661e894f996f2680e8,2026-05-01,23:40,assists,6.5,,-1200.0,True,fanduel,2026-05-01T14:24:38.715707
Scottie Barnes,,,d1938a9c13602a661e894f996f2680e8,2026-05-01,23:40,assists,13.5,1400.0,,True,fanduel,2026-05-01T14:24:38.715709
James Harden,,,d1938a9c13602a661e894f996f2680e8,2026-05-01,23:40,assists,13.5,2500.0,,True,fanduel,2026-05-01T14:24:38.715711
Donovan Mitchell,,,d1938a9c13602a661e894f996f2680e8,2026-05-01,23:40,assists,1.5,-4500.0,,True,fanduel,2026-05-01T14:24:38.715712
R.J. Barrett,,,d1938a9c13602a661e894f996f2680e8,2026-05-01,23:40,assists,1.5,-2000.0,,True,fanduel,2026-05-01T14:24:38.715714
Evan Mobley,,,d1938a9c13602a661e894f996f2680e8,2026-05-01,23:40,assists,1.5,-600.0,390.0,True,fanduel,2026-05-01T14:24:38.715716
Brandon Ingram,,,d1938a9c13602a661e894f996f2680e8,2026-05-01,23:40,assists,1.5,-440.0,,True,fanduel,2026-05-01T14:24:38.715718
Collin Murray-Boyles,,,d1938a9c13602a661e894f996f2680e8,2026-05-01,23:40,assists,1.5,-184.0,,True,fanduel,2026-05-01T14:24:38.715720
Dennis Schroder,,,d1938a9c13602a661e894f996f2680e8,2026-05-01,23:40,assists,1.5,-172.0,,True,fanduel,2026-05-01T14:24:38.715722
Max Strus,,,d1938a9c13602a661e894f996f2680e8,2026-05-01,23:40,assists,1.5,-162.0,,True,fanduel,2026-05-01T14:24:38.715724
Ja'Kobe Walter,,,d1938a9c13602a661e894f996f2680e8,2026-05-01,23:40,assists,1.5,-142.0,,True,fanduel,2026-05-01T14:24:38.715726
Jaylon Tyson,,,d1938a9c13602a661e894f996f2680e8,2026-05-01,23:40,assists,1.5,102.0,,True,fanduel,2026-05-01T14:24:38.715727
Jakob Poeltl,,,d1938a9c13602a661e894f996f2680e8,2026-05-01,23:40,assists,1.5,134.0,,True,fanduel,2026-05-01T14:24:38.715729
Sam Merrill,,,d1938a9c13602a661e894f996f2680e8,2026-05-01,23:40,assists,1.5,140.0,,True,fanduel,2026-05-01T14:24:38.715731
Dean Wade,,,d1938a9c13602a661e894f996f2680e8,2026-05-01,23:40,assists,1.5,200.0,,True,fanduel,2026-05-01T14:24:38.715732
Jarrett Allen,,,d1938a9c13602a661e894f996f2680e8,2026-05-01,23:40,assists,1.5,200.0,,True,fanduel,2026-05-01T14:24:38.715734
James Harden,,,d1938a9c13602a661e894f996f2680e8,2026-05-01,23:40,assists,5.5,-300.0,210.0,True,fanduel,2026-05-01T14:24:38.715736
Jamal Shead,,,d1938a9c13602a661e894f996f2680e8,2026-05-01,23:40,assists,5.5,116.0,,True,fanduel,2026-05-01T14:24:38.715738
Donovan Mitchell,,,d1938a9c13602a661e894f996f2680e8,2026-05-01,23:40,assists,5.5,188.0,-260.0,True,fanduel,2026-05-01T14:24:38.715742
Evan Mobley,,,d1938a9c13602a661e894f996f2680e8,2026-05-01,23:40,assists,5.5,750.0,,True,fanduel,2026-05-01T14:24:38.715744
Brandon Ingram,,,d1938a9c13602a661e894f996f2680e8,2026-05-01,23:40,assists,5.5,900.0,,True,fanduel,2026-05-01T14:24:38.715745
Dennis Schroder,,,d1938a9c13602a661e894f996f2680e8,2026-05-01,23:40,assists,5.5,1500.0,,True,fanduel,2026-05-01T14:24:38.715749
Scottie Barnes,,,d1938a9c13602a661e894f996f2680e8,2026-05-01,23:40,assists,11.5,520.0,,True,fanduel,2026-05-01T14:24:38.715751
James Harden,,,d1938a9c13602a661e894f996f2680e8,2026-05-01,23:40,assists,11.5,1000.0,,True,fanduel,2026-05-01T14:24:38.715752
Jamal Shead,,,d1938a9c13602a661e894f996f2680e8,2026-05-01,23:40,assists,11.5,2000.0,,True,fanduel,2026-05-01T14:24:38.715754
James Harden,,,d1938a9c13602a661e894f996f2680e8,2026-05-01,23:40,assists,3.5,-2200.0,,True,fanduel,2026-05-01T14:24:38.715756
Jamal Shead,,,d1938a9c13602a661e894f996f2680e8,2026-05-01,23:40,assists,3.5,-360.0,,True,fanduel,2026-05-01T14:24:38.715758
Donovan Mitchell,,,d1938a9c13602a661e894f996f2680e8,2026-05-01,23:40,assists,3.5,-280.0,200.0,True,fanduel,2026-05-01T14:24:38.715759
Evan Mobley,,,d1938a9c13602a661e894f996f2680e8,2026-05-01,23:40,assists,3.5,142.0,-192.0,True,fanduel,2026-05-01T14:24:38.715761
Brandon Ingram,,,d1938a9c13602a661e894f996f2680e8,2026-05-01,23:40,assists,3.5,190.0,,True,fanduel,2026-05-01T14:24:38.715763
Dennis Schroder,,,d1938a9c13602a661e894f996f2680e8,2026-05-01,23:40,assists,3.5,400.0,,True,fanduel,2026-05-01T14:24:38.715764
Collin Murray-Boyles,,,d1938a9c13602a661e894f996f2680e8,2026-05-01,23:40,assists,3.5,430.0,,True,fanduel,2026-05-01T14:24:38.715766
Max Strus,,,d1938a9c13602a661e894f996f2680e8,2026-05-01,23:40,assists,3.5,500.0,,True,fanduel,2026-05-01T14:24:38.715768
Ja'Kobe Walter,,,d1938a9c13602a661e894f996f2680e8,2026-05-01,23:40,assists,3.5,560.0,,True,fanduel,2026-05-01T14:24:38.715769
Jaylon Tyson,,,d1938a9c13602a661e894f996f2680e8,2026-05-01,23:40,assists,3.5,800.0,,True,fanduel,2026-05-01T14:24:38.715771
Jakob Poeltl,,,d1938a9c13602a661e894f996f2680e8,2026-05-01,23:40,assists,3.5,1060.0,,True,fanduel,2026-05-01T14:24:38.715775
James Harden,,,d1938a9c13602a661e894f996f2680e8,2026-05-01,23:40,assists,4.5,-700.0,410.0,True,fanduel,2026-05-01T14:24:38.715777
James Harden,,,d1938a9c13602a661e894f996f2680e8,2026-05-01,23:40,assists,6.5,-152.0,114.0,True,fanduel,2026-05-01T14:24:38.715778
James Harden,,,d1938a9c13602a661e894f996f2680e8,2026-05-01,23:40,assists,7.5,126.0,-166.0,True,fanduel,2026-05-01T14:24:38.715780
James Harden,,,d1938a9c13602a661e894f996f2680e8,2026-05-01,23:40,assists,8.5,220.0,-310.0,True,fanduel,2026-05-01T14:24:38.715782
James Harden,,,d1938a9c13602a661e894f996f2680e8,2026-05-01,23:40,assists,9.5,330.0,-490.0,True,fanduel,2026-05-01T14:24:38.715784
Donovan Mitchell,,,d1938a9c13602a661e894f996f2680e8,2026-05-01,23:40,assists,2.5,-900.0,490.0,True,fanduel,2026-05-01T14:24:38.715785
Donovan Mitchell,,,d1938a9c13602a661e894f996f2680e8,2026-05-01,23:40,assists,4.5,-114.0,-114.0,True,fanduel,2026-05-01T14:24:38.715787
Donovan Mitchell,,,d1938a9c13602a661e894f996f2680e8,2026-05-01,23:40,assists,6.5,360.0,-580.0,True,fanduel,2026-05-01T14:24:38.715789
Jamal Shead,,,d1938a9c13602a661e894f996f2680e8,2026-05-01,23:40,assists,9.5,900.0,,True,fanduel,2026-05-01T14:24:38.715790
Donovan Mitchell,,,d1938a9c13602a661e894f996f2680e8,2026-05-01,23:40,assists,9.5,1700.0,,True,fanduel,2026-05-01T14:24:38.715792
Jamal Shead,,,d1938a9c13602a661e894f996f2680e8,2026-05-01,23:40,assists,7.5,360.0,,True,fanduel,2026-05-01T14:24:38.715797
Donovan Mitchell,,,d1938a9c13602a661e894f996f2680e8,2026-05-01,23:40,assists,7.5,750.0,,True,fanduel,2026-05-01T14:24:38.715798
R.J. Barrett,,,d1938a9c13602a661e894f996f2680e8,2026-05-01,23:40,assists,7.5,1100.0,,True,fanduel,2026-05-01T14:24:38.715800
Evan Mobley,,,d1938a9c13602a661e894f996f2680e8,2026-05-01,23:40,assists,2.5,-182.0,134.0,True,fanduel,2026-05-01T14:24:38.715802
Evan Mobley,,,d1938a9c13602a661e894f996f2680e8,2026-05-01,23:40,assists,4.5,320.0,-490.0,True,fanduel,2026-05-01T14:24:38.715805
Dean Wade,,,d1938a9c13602a661e894f996f2680e8,2026-05-01,23:40,points,3.5,-120.0,-110.0,False,fanduel,2026-05-01T14:24:38.715825
Jarrett Allen,,,d1938a9c13602a661e894f996f2680e8,2026-05-01,23:40,points,10.5,100.0,-132.0,False,fanduel,2026-05-01T14:24:38.715826
Jamal Shead,,,d1938a9c13602a661e894f996f2680e8,2026-05-01,23:40,points,7.5,-130.0,-102.0,False,fanduel,2026-05-01T14:24:38.715828
James Harden,,,d1938a9c13602a661e894f996f2680e8,2026-05-01,23:40,points,21.5,104.0,-138.0,False,fanduel,2026-05-01T14:24:38.715830
Max Strus,,,d1938a9c13602a661e894f996f2680e8,2026-05-01,23:40,points,9.5,104.0,-138.0,False,fanduel,2026-05-01T14:24:38.715832
Evan Mobley,,,d1938a9c13602a661e894f996f2680e8,2026-05-01,23:40,points,16.5,104.0,-138.0,False,fanduel,2026-05-01T14:24:38.715833
Jaylon Tyson,,,d1938a9c13602a661e894f996f2680e8,2026-05-01,23:40,points,5.5,-122.0,-108.0,False,fanduel,2026-05-01T14:24:38.715835
Donovan Mitchell,,,d1938a9c13602a661e894f996f2680e8,2026-05-01,23:40,points,26.5,-118.0,-112.0,False,fanduel,2026-05-01T14:24:38.715837
Jakob Poeltl,,,d1938a9c13602a661e894f996f2680e8,2026-05-01,23:40,points,7.5,-102.0,-130.0,False,fanduel,2026-05-01T14:24:38.715838
Scottie Barnes,,,d1938a9c13602a661e894f996f2680e8,2026-05-01,23:40,points,20.5,-122.0,-108.0,False,fanduel,2026-05-01T14:24:38.715840
Brandon Ingram,,,d1938a9c13602a661e894f996f2680e8,2026-05-01,23:40,points,17.5,-128.0,-104.0,False,fanduel,2026-05-01T14:24:38.715842
R.J. Barrett,,,d1938a9c13602a661e894f996f2680e8,2026-05-01,23:40,points,22.5,-102.0,-130.0,False,fanduel,2026-05-01T14:24:38.715843
Collin Murray-Boyles,,,d1938a9c13602a661e894f996f2680e8,2026-05-01,23:40,points,11.5,-112.0,-118.0,False,fanduel,2026-05-01T14:24:38.715845
Ja'Kobe Walter,,,d1938a9c13602a661e894f996f2680e8,2026-05-01,23:40,points,9.5,-106.0,-125.0,False,fanduel,2026-05-01T14:24:38.715847
Dennis Schroder,,,d1938a9c13602a661e894f996f2680e8,2026-05-01,23:40,points,6.5,100.0,-132.0,False,fanduel,2026-05-01T14:24:38.715848
Sam Merrill,,,d1938a9c13602a661e894f996f2680e8,2026-05-01,23:40,points,6.5,100.0,-132.0,False,fanduel,2026-05-01T14:24:38.715850
Sandro Mamukelashvili,,,d1938a9c13602a661e894f996f2680e8,2026-05-01,23:40,points,4.5,-132.0,100.0,False,fanduel,2026-05-01T14:24:38.715852
Donovan Mitchell,,,d1938a9c13602a661e894f996f2680e8,2026-05-01,23:40,points,18.5,-750.0,450.0,True,fanduel,2026-05-01T14:24:38.716025
Donovan Mitchell,,,d1938a9c13602a661e894f996f2680e8,2026-05-01,23:40,points,19.5,-560.0,370.0,True,fanduel,2026-05-01T14:24:38.716027
Donovan Mitchell,,,d1938a9c13602a661e894f996f2680e8,2026-05-01,23:40,points,20.5,-440.0,290.0,True,fanduel,2026-05-01T14:24:38.716029
Donovan Mitchell,,,d1938a9c13602a661e894f996f2680e8,2026-05-01,23:40,points,21.5,-340.0,235.0,True,fanduel,2026-05-01T14:24:38.716030
Donovan Mitchell,,,d1938a9c13602a661e894f996f2680e8,2026-05-01,23:40,points,22.5,-275.0,198.0,True,fanduel,2026-05-01T14:24:38.716034
Donovan Mitchell,,,d1938a9c13602a661e894f996f2680e8,2026-05-01,23:40,points,23.5,-225.0,164.0,True,fanduel,2026-05-01T14:24:38.716036
Donovan Mitchell,,,d1938a9c13602a661e894f996f2680e8,2026-05-01,23:40,points,24.5,-172.0,132.0,True,fanduel,2026-05-01T14:24:38.716038
Donovan Mitchell,,,d1938a9c13602a661e894f996f2680e8,2026-05-01,23:40,points,25.5,-144.0,108.0,True,fanduel,2026-05-01T14:24:38.716039
Donovan Mitchell,,,d1938a9c13602a661e894f996f2680e8,2026-05-01,23:40,points,26.5,-118.0,-112.0,True,fanduel,2026-05-01T14:24:38.716041
Donovan Mitchell,,,d1938a9c13602a661e894f996f2680e8,2026-05-01,23:40,points,27.5,104.0,-138.0,True,fanduel,2026-05-01T14:24:38.716043
Donovan Mitchell,,,d1938a9c13602a661e894f996f2680e8,2026-05-01,23:40,points,28.5,130.0,-174.0,True,fanduel,2026-05-01T14:24:38.716045
Donovan Mitchell,,,d1938a9c13602a661e894f996f2680e8,2026-05-01,23:40,points,29.5,158.0,-215.0,True,fanduel,2026-05-01T14:24:38.716046
Donovan Mitchell,,,d1938a9c13602a661e894f996f2680e8,2026-05-01,23:40,points,30.5,188.0,-260.0,True,fanduel,2026-05-01T14:24:38.716048
Donovan Mitchell,,,d1938a9c13602a661e894f996f2680e8,2026-05-01,23:40,points,31.5,225.0,-320.0,True,fanduel,2026-05-01T14:24:38.716050
Donovan Mitchell,,,d1938a9c13602a661e894f996f2680e8,2026-05-01,23:40,points,32.5,270.0,-400.0,True,fanduel,2026-05-01T14:24:38.716051
Donovan Mitchell,,,d1938a9c13602a661e894f996f2680e8,2026-05-01,23:40,points,33.5,320.0,-490.0,True,fanduel,2026-05-01T14:24:38.716053
Donovan Mitchell,,,d1938a9c13602a661e894f996f2680e8,2026-05-01,23:40,points,34.5,400.0,-650.0,True,fanduel,2026-05-01T14:24:38.716055
Donovan Mitchell,,,d1938a9c13602a661e894f996f2680e8,2026-05-01,23:40,points,35.5,470.0,-850.0,True,fanduel,2026-05-01T14:24:38.716056
Donovan Mitchell,,,d1938a9c13602a661e894f996f2680e8,2026-05-01,23:40,points,36.5,,-1100.0,True,fanduel,2026-05-01T14:24:38.716058
Donovan Mitchell,,,d1938a9c13602a661e894f996f2680e8,2026-05-01,23:40,points,37.5,,-1450.0,True,fanduel,2026-05-01T14:24:38.716060
Jamal Shead,,,d1938a9c13602a661e894f996f2680e8,2026-05-01,23:40,points,3.5,-650.0,390.0,True,fanduel,2026-05-01T14:24:38.716061
Jamal Shead,,,d1938a9c13602a661e894f996f2680e8,2026-05-01,23:40,points,4.5,-420.0,280.0,True,fanduel,2026-05-01T14:24:38.716063
Jamal Shead,,,d1938a9c13602a661e894f996f2680e8,2026-05-01,23:40,points,5.5,-260.0,188.0,True,fanduel,2026-05-01T14:24:38.716065
Jamal Shead,,,d1938a9c13602a661e894f996f2680e8,2026-05-01,23:40,points,6.5,-182.0,134.0,True,fanduel,2026-05-01T14:24:38.716066
Jamal Shead,,,d1938a9c13602a661e894f996f2680e8,2026-05-01,23:40,points,7.5,-130.0,-102.0,True,fanduel,2026-05-01T14:24:38.716068
Jamal Shead,,,d1938a9c13602a661e894f996f2680e8,2026-05-01,23:40,points,8.5,108.0,-144.0,True,fanduel,2026-05-01T14:24:38.716072
Jamal Shead,,,d1938a9c13602a661e894f996f2680e8,2026-05-01,23:40,points,9.5,148.0,-200.0,True,fanduel,2026-05-01T14:24:38.716074
Jamal Shead,,,d1938a9c13602a661e894f996f2680e8,2026-05-01,23:40,points,10.5,194.0,-270.0,True,fanduel,2026-05-01T14:24:38.716076
R.J. Barrett,,,d1938a9c13602a661e894f996f2680e8,2026-05-01,23:40,points,9.5,-7000.0,,True,fanduel,2026-05-01T14:24:38.716077
Scottie Barnes,,,d1938a9c13602a661e894f996f2680e8,2026-05-01,23:40,points,9.5,-6000.0,,True,fanduel,2026-05-01T14:24:38.716079
James Harden,,,d1938a9c13602a661e894f996f2680e8,2026-05-01,23:40,points,9.5,-4500.0,,True,fanduel,2026-05-01T14:24:38.716081
Brandon Ingram,,,d1938a9c13602a661e894f996f2680e8,2026-05-01,23:40,points,9.5,-2000.0,,True,fanduel,2026-05-01T14:24:38.716082
Evan Mobley,,,d1938a9c13602a661e894f996f2680e8,2026-05-01,23:40,points,9.5,-1000.0,,True,fanduel,2026-05-01T14:24:38.716084
Collin Murray-Boyles,,,d1938a9c13602a661e894f996f2680e8,2026-05-01,23:40,points,9.5,-215.0,158.0,True,fanduel,2026-05-01T14:24:38.716086
Jarrett Allen,,,d1938a9c13602a661e894f996f2680e8,2026-05-01,23:40,points,9.5,-144.0,108.0,True,fanduel,2026-05-01T14:24:38.716088
Ja'Kobe Walter,,,d1938a9c13602a661e894f996f2680e8,2026-05-01,23:40,points,9.5,-106.0,-125.0,True,fanduel,2026-05-01T14:24:38.716089
Max Strus,,,d1938a9c13602a661e894f996f2680e8,2026-05-01,23:40,points,9.5,104.0,-138.0,True,fanduel,2026-05-01T14:24:38.716091
Jakob Poeltl,,,d1938a9c13602a661e894f996f2680e8,2026-05-01,23:40,points,9.5,200.0,,True,fanduel,2026-05-01T14:24:38.716093
Sam Merrill,,,d1938a9c13602a661e894f996f2680e8,2026-05-01,23:40,points,9.5,230.0,-330.0,True,fanduel,2026-05-01T14:24:38.716095
Dennis Schroder,,,d1938a9c13602a661e894f996f2680e8,2026-05-01,23:40,points,9.5,240.0,,True,fanduel,2026-05-01T14:24:38.716096
Jaylon Tyson,,,d1938a9c13602a661e894f996f2680e8,2026-05-01,23:40,points,9.5,280.0,,True,fanduel,2026-05-01T14:24:38.716098
Sandro Mamukelashvili,,,d1938a9c13602a661e894f996f2680e8,2026-05-01,23:40,points,9.5,430.0,,True,fanduel,2026-05-01T14:24:38.716102
Dean Wade,,,d1938a9c13602a661e894f996f2680e8,2026-05-01,23:40,points,9.5,630.0,,True,fanduel,2026-05-01T14:24:38.716104
Donovan Mitchell,,,d1938a9c13602a661e894f996f2680e8,2026-05-01,23:40,points,14.5,-4000.0,,True,fanduel,2026-05-01T14:24:38.716105
R.J. Barrett,,,d1938a9c13602a661e894f996f2680e8,2026-05-01,23:40,points,14.5,-900.0,490.0,True,fanduel,2026-05-01T14:24:38.716107
Scottie Barnes,,,d1938a9c13602a661e894f996f2680e8,2026-05-01,23:40,points,14.5,-650.0,390.0,True,fanduel,2026-05-01T14:24:38.716109
James Harden,,,d1938a9c13602a661e894f996f2680e8,2026-05-01,23:40,points,14.5,-580.0,360.0,True,fanduel,2026-05-01T14:24:38.716110
Brandon Ingram,,,d1938a9c13602a661e894f996f2680e8,2026-05-01,23:40,points,14.5,-280.0,,True,fanduel,2026-05-01T14:24:38.716129
Evan Mobley,,,d1938a9c13602a661e894f996f2680e8,2026-05-01,23:40,points,14.5,-166.0,126.0,True,fanduel,2026-05-01T14:24:38.716132
Collin Murray-Boyles,,,d1938a9c13602a661e894f996f2680e8,2026-05-01,23:40,points,14.5,200.0,-280.0,True,fanduel,2026-05-01T14:24:38.716136
Jarrett Allen,,,d1938a9c13602a661e894f996f2680e8,2026-05-01,23:40,points,14.5,310.0,-470.0,True,fanduel,2026-05-01T14:24:38.716138
Ja'Kobe Walter,,,d1938a9c13602a661e894f996f2680e8,2026-05-01,23:40,points,14.5,330.0,,True,fanduel,2026-05-01T14:24:38.716140
Max Strus,,,d1938a9c13602a661e894f996f2680e8,2026-05-01,23:40,points,14.5,420.0,,True,fanduel,2026-05-01T14:24:38.716142
Jamal Shead,,,d1938a9c13602a661e894f996f2680e8,2026-05-01,23:40,points,14.5,520.0,,True,fanduel,2026-05-01T14:24:38.716144
Sam Merrill,,,d1938a9c13602a661e894f996f2680e8,2026-05-01,23:40,points,14.5,800.0,,True,fanduel,2026-05-01T14:24:38.716145
Dennis Schroder,,,d1938a9c13602a661e894f996f2680e8,2026-05-01,23:40,points,14.5,800.0,,True,fanduel,2026-05-01T14:24:38.716147
Jakob Poeltl,,,d1938a9c13602a661e894f996f2680e8,2026-05-01,23:40,points,14.5,870.0,,True,fanduel,2026-05-01T14:24:38.716151
Jaylon Tyson,,,d1938a9c13602a661e894f996f2680e8,2026-05-01,23:40,points,14.5,870.0,,True,fanduel,2026-05-01T14:24:38.716155
Sandro Mamukelashvili,,,d1938a9c13602a661e894f996f2680e8,2026-05-01,23:40,points,14.5,1400.0,,True,fanduel,2026-05-01T14:24:38.716157
Donovan Mitchell,,,d1938a9c13602a661e894f996f2680e8,2026-05-01,23:40,points,44.5,2000.0,,True,fanduel,2026-05-01T14:24:38.716159
Max Strus,,,d1938a9c13602a661e894f996f2680e8,2026-05-01,23:40,points,4.5,-750.0,430.0,True,fanduel,2026-05-01T14:24:38.716160
Max Strus,,,d1938a9c13602a661e894f996f2680e8,2026-05-01,23:40,points,5.5,-440.0,290.0,True,fanduel,2026-05-01T14:24:38.716162
Max Strus,,,d1938a9c13602a661e894f996f2680e8,2026-05-01,23:40,points,6.5,-260.0,188.0,True,fanduel,2026-05-01T14:24:38.716164
Max Strus,,,d1938a9c13602a661e894f996f2680e8,2026-05-01,23:40,points,7.5,-210.0,154.0,True,fanduel,2026-05-01T14:24:38.716165
Max Strus,,,d1938a9c13602a661e894f996f2680e8,2026-05-01,23:40,points,8.5,-138.0,104.0,True,fanduel,2026-05-01T14:24:38.716167
Max Strus,,,d1938a9c13602a661e894f996f2680e8,2026-05-01,23:40,points,10.5,132.0,-178.0,True,fanduel,2026-05-01T14:24:38.716169
Max Strus,,,d1938a9c13602a661e894f996f2680e8,2026-05-01,23:40,points,11.5,182.0,-250.0,True,fanduel,2026-05-01T14:24:38.716170
Max Strus,,,d1938a9c13602a661e894f996f2680e8,2026-05-01,23:40,points,12.5,235.0,-340.0,True,fanduel,2026-05-01T14:24:38.716172
Max Strus,,,d1938a9c13602a661e894f996f2680e8,2026-05-01,23:40,points,13.5,300.0,-450.0,True,fanduel,2026-05-01T14:24:38.716174
R.J. Barrett,,,d1938a9c13602a661e894f996f2680e8,2026-05-01,23:40,points,24.5,152.0,-205.0,True,fanduel,2026-05-01T14:24:38.716175
Scottie Barnes,,,d1938a9c13602a661e894f996f2680e8,2026-05-01,23:40,points,24.5,198.0,-275.0,True,fanduel,2026-05-01T14:24:38.716177
James Harden,,,d1938a9c13602a661e894f996f2680e8,2026-05-01,23:40,points,24.5,194.0,-270.0,True,fanduel,2026-05-01T14:24:38.716179
Brandon Ingram,,,d1938a9c13602a661e894f996f2680e8,2026-05-01,23:40,points,24.5,420.0,,True,fanduel,2026-05-01T14:24:38.716180
Evan Mobley,,,d1938a9c13602a661e894f996f2680e8,2026-05-01,23:40,points,24.5,680.0,,True,fanduel,2026-05-01T14:24:38.716182
Collin Murray-Boyles,,,d1938a9c13602a661e894f996f2680e8,2026-05-01,23:40,points,24.5,1800.0,,True,fanduel,2026-05-01T14:24:38.716184
Ja'Kobe Walter,,,d1938a9c13602a661e894f996f2680e8,2026-05-01,23:40,points,24.5,2500.0,,True,fanduel,2026-05-01T14:24:38.716186
Sam Merrill,,,d1938a9c13602a661e894f996f2680e8,2026-05-01,23:40,points,2.5,-750.0,430.0,True,fanduel,2026-05-01T14:24:38.716187
Sam Merrill,,,d1938a9c13602a661e894f996f2680e8,2026-05-01,23:40,points,3.5,-300.0,210.0,True,fanduel,2026-05-01T14:24:38.716189
Sam Merrill,,,d1938a9c13602a661e894f996f2680e8,2026-05-01,23:40,points,4.5,-250.0,182.0,True,fanduel,2026-05-01T14:24:38.716191
Sam Merrill,,,d1938a9c13602a661e894f996f2680e8,2026-05-01,23:40,points,5.5,-172.0,128.0,True,fanduel,2026-05-01T14:24:38.716192
Sam Merrill,,,d1938a9c13602a661e894f996f2680e8,2026-05-01,23:40,points,6.5,100.0,-132.0,True,fanduel,2026-05-01T14:24:38.716194
Sam Merrill,,,d1938a9c13602a661e894f996f2680e8,2026-05-01,23:40,points,7.5,118.0,-158.0,True,fanduel,2026-05-01T14:24:38.716196
Sam Merrill,,,d1938a9c13602a661e894f996f2680e8,2026-05-01,23:40,points,8.5,168.0,-230.0,True,fanduel,2026-05-01T14:24:38.716198
Donovan Mitchell,,,d1938a9c13602a661e894f996f2680e8,2026-05-01,23:40,points,39.5,1000.0,,True,fanduel,2026-05-01T14:24:38.716199
R.J. Barrett,,,d1938a9c13602a661e894f996f2680e8,2026-05-01,23:40,points,39.5,2500.0,,True,fanduel,2026-05-01T14:24:38.716201
James Harden,,,d1938a9c13602a661e894f996f2680e8,2026-05-01,23:40,points,39.5,3500.0,,True,fanduel,2026-05-01T14:24:38.716203
Scottie Barnes,,,d1938a9c13602a661e894f996f2680e8,2026-05-01,23:40,points,39.5,4000.0,,True,fanduel,2026-05-01T14:24:38.716205
R.J. Barrett,,,d1938a9c13602a661e894f996f2680e8,2026-05-01,23:40,points,34.5,1060.0,,True,fanduel,2026-05-01T14:24:38.716206
James Harden,,,d1938a9c13602a661e894f996f2680e8,2026-05-01,23:40,points,34.5,1300.0,,True,fanduel,2026-05-01T14:24:38.716210
Scottie Barnes,,,d1938a9c13602a661e894f996f2680e8,2026-05-01,23:40,points,34.5,1500.0,,True,fanduel,2026-05-01T14:24:38.716212
Brandon Ingram,,,d1938a9c13602a661e894f996f2680e8,2026-05-01,23:40,points,34.5,4000.0,,True,fanduel,2026-05-01T14:24:38.716214
R.J. Barrett,,,d1938a9c13602a661e894f996f2680e8,2026-05-01,23:40,points,19.5,-215.0,158.0,True,fanduel,2026-05-01T14:24:38.716215
Scottie Barnes,,,d1938a9c13602a661e894f996f2680e8,2026-05-01,23:40,points,19.5,-160.0,120.0,True,fanduel,2026-05-01T14:24:38.716217
James Harden,,,d1938a9c13602a661e894f996f2680e8,2026-05-01,23:40,points,19.5,-158.0,118.0,True,fanduel,2026-05-01T14:24:38.716219
Brandon Ingram,,,d1938a9c13602a661e894f996f2680e8,2026-05-01,23:40,points,19.5,132.0,,True,fanduel,2026-05-01T14:24:38.716220
Evan Mobley,,,d1938a9c13602a661e894f996f2680e8,2026-05-01,23:40,points,19.5,220.0,-310.0,True,fanduel,2026-05-01T14:24:38.716222
Collin Murray-Boyles,,,d1938a9c13602a661e894f996f2680e8,2026-05-01,23:40,points,19.5,700.0,,True,fanduel,2026-05-01T14:24:38.716224
Ja'Kobe Walter,,,d1938a9c13602a661e894f996f2680e8,2026-05-01,23:40,points,19.5,900.0,,True,fanduel,2026-05-01T14:24:38.716225
Jarrett Allen,,,d1938a9c13602a661e894f996f2680e8,2026-05-01,23:40,points,19.5,1100.0,,True,fanduel,2026-05-01T14:24:38.716227
Max Strus,,,d1938a9c13602a661e894f996f2680e8,2026-05-01,23:40,points,19.5,1300.0,,True,fanduel,2026-05-01T14:24:38.716229
Jamal Shead,,,d1938a9c13602a661e894f996f2680e8,2026-05-01,23:40,points,19.5,1500.0,,True,fanduel,2026-05-01T14:24:38.716231
Sam Merrill,,,d1938a9c13602a661e894f996f2680e8,2026-05-01,23:40,points,19.5,1800.0,,True,fanduel,2026-05-01T14:24:38.716232
Dennis Schroder,,,d1938a9c13602a661e894f996f2680e8,2026-05-01,23:40,points,19.5,1800.0,,True,fanduel,2026-05-01T14:24:38.716234
Jaylon Tyson,,,d1938a9c13602a661e894f996f2680e8,2026-05-01,23:40,points,19.5,2000.0,,True,fanduel,2026-05-01T14:24:38.716236
R.J. Barrett,,,d1938a9c13602a661e894f996f2680e8,2026-05-01,23:40,points,29.5,400.0,-670.0,True,fanduel,2026-05-01T14:24:38.716240
James Harden,,,d1938a9c13602a661e894f996f2680e8,2026-05-01,23:40,points,29.5,540.0,-1000.0,True,fanduel,2026-05-01T14:24:38.716241
Scottie Barnes,,,d1938a9c13602a661e894f996f2680e8,2026-05-01,23:40,points,29.5,600.0,-1200.0,True,fanduel,2026-05-01T14:24:38.716245
Brandon Ingram,,,d1938a9c13602a661e894f996f2680e8,2026-05-01,23:40,points,29.5,1200.0,,True,fanduel,2026-05-01T14:24:38.716247
Evan Mobley,,,d1938a9c13602a661e894f996f2680e8,2026-05-01,23:40,points,29.5,1700.0,,True,fanduel,2026-05-01T14:24:38.716248
Collin Murray-Boyles,,,d1938a9c13602a661e894f996f2680e8,2026-05-01,23:40,points,6.5,-650.0,390.0,True,fanduel,2026-05-01T14:24:38.716250
Collin Murray-Boyles,,,d1938a9c13602a661e894f996f2680e8,2026-05-01,23:40,points,7.5,-440.0,290.0,True,fanduel,2026-05-01T14:24:38.716252
Collin Murray-Boyles,,,d1938a9c13602a661e894f996f2680e8,2026-05-01,23:40,points,8.5,-300.0,210.0,True,fanduel,2026-05-01T14:24:38.716254
Collin Murray-Boyles,,,d1938a9c13602a661e894f996f2680e8,2026-05-01,23:40,points,10.5,-158.0,118.0,True,fanduel,2026-05-01T14:24:38.716255
Collin Murray-Boyles,,,d1938a9c13602a661e894f996f2680e8,2026-05-01,23:40,points,11.5,-112.0,-118.0,True,fanduel,2026-05-01T14:24:38.716257
Collin Murray-Boyles,,,d1938a9c13602a661e894f996f2680e8,2026-05-01,23:40,points,12.5,118.0,-158.0,True,fanduel,2026-05-01T14:24:38.716259
Collin Murray-Boyles,,,d1938a9c13602a661e894f996f2680e8,2026-05-01,23:40,points,13.5,158.0,-215.0,True,fanduel,2026-05-01T14:24:38.716260
Collin Murray-Boyles,,,d1938a9c13602a661e894f996f2680e8,2026-05-01,23:40,points,15.5,260.0,-380.0,True,fanduel,2026-05-01T14:24:38.716262
Jarrett Allen,,,d1938a9c13602a661e894f996f2680e8,2026-05-01,23:40,points,5.5,-750.0,430.0,True,fanduel,2026-05-01T14:24:38.716264
Jarrett Allen,,,d1938a9c13602a661e894f996f2680e8,2026-05-01,23:40,points,6.5,-470.0,310.0,True,fanduel,2026-05-01T14:24:38.716266
Jarrett Allen,,,d1938a9c13602a661e894f996f2680e8,2026-05-01,23:40,points,7.5,-310.0,220.0,True,fanduel,2026-05-01T14:24:38.716267
Jarrett Allen,,,d1938a9c13602a661e894f996f2680e8,2026-05-01,23:40,points,8.5,-205.0,152.0,True,fanduel,2026-05-01T14:24:38.716271
Jarrett Allen,,,d1938a9c13602a661e894f996f2680e8,2026-05-01,23:40,points,10.5,100.0,-132.0,True,fanduel,2026-05-01T14:24:38.716273
Jarrett Allen,,,d1938a9c13602a661e894f996f2680e8,2026-05-01,23:40,points,11.5,134.0,-180.0,True,fanduel,2026-05-01T14:24:38.716275
Jarrett Allen,,,d1938a9c13602a661e894f996f2680e8,2026-05-01,23:40,points,12.5,182.0,-250.0,True,fanduel,2026-05-01T14:24:38.716276
Jarrett Allen,,,d1938a9c13602a661e894f996f2680e8,2026-05-01,23:40,points,13.5,235.0,-340.0,True,fanduel,2026-05-01T14:24:38.716278
Scottie Barnes,,,d1938a9c13602a661e894f996f2680e8,2026-05-01,23:40,points,12.5,-1400.0,,True,fanduel,2026-05-01T14:24:38.716280
Scottie Barnes,,,d1938a9c13602a661e894f996f2680e8,2026-05-01,23:40,points,13.5,-900.0,490.0,True,fanduel,2026-05-01T14:24:38.716282
Scottie Barnes,,,d1938a9c13602a661e894f996f2680e8,2026-05-01,23:40,points,15.5,-470.0,310.0,True,fanduel,2026-05-01T14:24:38.716284
Scottie Barnes,,,d1938a9c13602a661e894f996f2680e8,2026-05-01,23:40,points,16.5,-340.0,235.0,True,fanduel,2026-05-01T14:24:38.716286
Scottie Barnes,,,d1938a9c13602a661e894f996f2680e8,2026-05-01,23:40,points,17.5,-270.0,194.0,True,fanduel,2026-05-01T14:24:38.716288
Scottie Barnes,,,d1938a9c13602a661e894f996f2680e8,2026-05-01,23:40,points,18.5,-210.0,154.0,True,fanduel,2026-05-01T14:24:38.716290
Scottie Barnes,,,d1938a9c13602a661e894f996f2680e8,2026-05-01,23:40,points,20.5,-122.0,-108.0,True,fanduel,2026-05-01T14:24:38.716291
Scottie Barnes,,,d1938a9c13602a661e894f996f2680e8,2026-05-01,23:40,points,21.5,104.0,-138.0,True,fanduel,2026-05-01T14:24:38.716293
Scottie Barnes,,,d1938a9c13602a661e894f996f2680e8,2026-05-01,23:40,points,22.5,130.0,-174.0,True,fanduel,2026-05-01T14:24:38.716295
Scottie Barnes,,,d1938a9c13602a661e894f996f2680e8,2026-05-01,23:40,points,23.5,162.0,-220.0,True,fanduel,2026-05-01T14:24:38.716297
Scottie Barnes,,,d1938a9c13602a661e894f996f2680e8,2026-05-01,23:40,points,25.5,240.0,-350.0,True,fanduel,2026-05-01T14:24:38.716299
Scottie Barnes,,,d1938a9c13602a661e894f996f2680e8,2026-05-01,23:40,points,26.5,300.0,-450.0,True,fanduel,2026-05-01T14:24:38.716300
Scottie Barnes,,,d1938a9c13602a661e894f996f2680e8,2026-05-01,23:40,points,27.5,370.0,-600.0,True,fanduel,2026-05-01T14:24:38.716302
Scottie Barnes,,,d1938a9c13602a661e894f996f2680e8,2026-05-01,23:40,points,28.5,470.0,-800.0,True,fanduel,2026-05-01T14:24:38.716304
Ja'Kobe Walter,,,d1938a9c13602a661e894f996f2680e8,2026-05-01,23:40,points,4.5,-700.0,410.0,True,fanduel,2026-05-01T14:24:38.716305
Ja'Kobe Walter,,,d1938a9c13602a661e894f996f2680e8,2026-05-01,23:40,points,5.5,-420.0,280.0,True,fanduel,2026-05-01T14:24:38.716307
Ja'Kobe Walter,,,d1938a9c13602a661e894f996f2680e8,2026-05-01,23:40,points,6.5,-275.0,198.0,True,fanduel,2026-05-01T14:24:38.716309
Ja'Kobe Walter,,,d1938a9c13602a661e894f996f2680e8,2026-05-01,23:40,points,7.5,-210.0,154.0,True,fanduel,2026-05-01T14:24:38.716310
Ja'Kobe Walter,,,d1938a9c13602a661e894f996f2680e8,2026-05-01,23:40,points,8.5,-148.0,112.0,True,fanduel,2026-05-01T14:24:38.716312
Ja'Kobe Walter,,,d1938a9c13602a661e894f996f2680e8,2026-05-01,23:40,points,10.5,118.0,-158.0,True,fanduel,2026-05-01T14:24:38.716314
Ja'Kobe Walter,,,d1938a9c13602a661e894f996f2680e8,2026-05-01,23:40,points,11.5,158.0,-215.0,True,fanduel,2026-05-01T14:24:38.716316
Ja'Kobe Walter,,,d1938a9c13602a661e894f996f2680e8,2026-05-01,23:40,points,12.5,200.0,-280.0,True,fanduel,2026-05-01T14:24:38.716317
Ja'Kobe Walter,,,d1938a9c13602a661e894f996f2680e8,2026-05-01,23:40,points,13.5,250.0,-360.0,True,fanduel,2026-05-01T14:24:38.716319
Evan Mobley,,,d1938a9c13602a661e894f996f2680e8,2026-05-01,23:40,points,10.5,-600.0,370.0,True,fanduel,2026-05-01T14:24:38.716321
Evan Mobley,,,d1938a9c13602a661e894f996f2680e8,2026-05-01,23:40,points,11.5,-440.0,290.0,True,fanduel,2026-05-01T14:24:38.716322
Evan Mobley,,,d1938a9c13602a661e894f996f2680e8,2026-05-01,23:40,points,12.5,-310.0,220.0,True,fanduel,2026-05-01T14:24:38.716324
Evan Mobley,,,d1938a9c13602a661e894f996f2680e8,2026-05-01,23:40,points,13.5,-230.0,168.0,True,fanduel,2026-05-01T14:24:38.716326
Evan Mobley,,,d1938a9c13602a661e894f996f2680e8,2026-05-01,23:40,points,15.5,-130.0,-102.0,True,fanduel,2026-05-01T14:24:38.716330
Evan Mobley,,,d1938a9c13602a661e894f996f2680e8,2026-05-01,23:40,points,16.5,104.0,-138.0,True,fanduel,2026-05-01T14:24:38.716332
Evan Mobley,,,d1938a9c13602a661e894f996f2680e8,2026-05-01,23:40,points,17.5,134.0,-180.0,True,fanduel,2026-05-01T14:24:38.716333
Evan Mobley,,,d1938a9c13602a661e894f996f2680e8,2026-05-01,23:40,points,18.5,174.0,-240.0,True,fanduel,2026-05-01T14:24:38.716335
Evan Mobley,,,d1938a9c13602a661e894f996f2680e8,2026-05-01,23:40,points,20.5,270.0,-400.0,True,fanduel,2026-05-01T14:24:38.716337
Evan Mobley,,,d1938a9c13602a661e894f996f2680e8,2026-05-01,23:40,points,21.5,320.0,-500.0,True,fanduel,2026-05-01T14:24:38.716340
Evan Mobley,,,d1938a9c13602a661e894f996f2680e8,2026-05-01,23:40,points,22.5,410.0,-700.0,True,fanduel,2026-05-01T14:24:38.716342
Evan Mobley,,,d1938a9c13602a661e894f996f2680e8,2026-05-01,23:40,points,23.5,,-1000.0,True,fanduel,2026-05-01T14:24:38.716344
James Harden,,,d1938a9c13602a661e894f996f2680e8,2026-05-01,23:40,points,12.5,-1200.0,,True,fanduel,2026-05-01T14:24:38.716345
James Harden,,,d1938a9c13602a661e894f996f2680e8,2026-05-01,23:40,points,13.5,-750.0,430.0,True,fanduel,2026-05-01T14:24:38.716347
James Harden,,,d1938a9c13602a661e894f996f2680e8,2026-05-01,23:40,points,15.5,-420.0,280.0,True,fanduel,2026-05-01T14:24:38.716349
James Harden,,,d1938a9c13602a661e894f996f2680e8,2026-05-01,23:40,points,16.5,-320.0,225.0,True,fanduel,2026-05-01T14:24:38.716350
James Harden,,,d1938a9c13602a661e894f996f2680e8,2026-05-01,23:40,points,17.5,-250.0,182.0,True,fanduel,2026-05-01T14:24:38.716352
James Harden,,,d1938a9c13602a661e894f996f2680e8,2026-05-01,23:40,points,18.5,-205.0,152.0,True,fanduel,2026-05-01T14:24:38.716354
James Harden,,,d1938a9c13602a661e894f996f2680e8,2026-05-01,23:40,points,20.5,-122.0,-108.0,True,fanduel,2026-05-01T14:24:38.716355
James Harden,,,d1938a9c13602a661e894f996f2680e8,2026-05-01,23:40,points,21.5,104.0,-138.0,True,fanduel,2026-05-01T14:24:38.716357
James Harden,,,d1938a9c13602a661e894f996f2680e8,2026-05-01,23:40,points,22.5,130.0,-174.0,True,fanduel,2026-05-01T14:24:38.716361
James Harden,,,d1938a9c13602a661e894f996f2680e8,2026-05-01,23:40,points,23.5,162.0,-220.0,True,fanduel,2026-05-01T14:24:38.716363
James Harden,,,d1938a9c13602a661e894f996f2680e8,2026-05-01,23:40,points,25.5,235.0,-340.0,True,fanduel,2026-05-01T14:24:38.716364
James Harden,,,d1938a9c13602a661e894f996f2680e8,2026-05-01,23:40,points,26.5,290.0,-440.0,True,fanduel,2026-05-01T14:24:38.716366
James Harden,,,d1938a9c13602a661e894f996f2680e8,2026-05-01,23:40,points,27.5,360.0,-580.0,True,fanduel,2026-05-01T14:24:38.716368
James Harden,,,d1938a9c13602a661e894f996f2680e8,2026-05-01,23:40,points,28.5,410.0,-750.0,True,fanduel,2026-05-01T14:24:38.716370
R.J. Barrett,,,d1938a9c13602a661e894f996f2680e8,2026-05-01,23:40,points,13.5,-1400.0,,True,fanduel,2026-05-01T14:24:38.716371
R.J. Barrett,,,d1938a9c13602a661e894f996f2680e8,2026-05-01,23:40,points,15.5,-600.0,370.0,True,fanduel,2026-05-01T14:24:38.716373
R.J. Barrett,,,d1938a9c13602a661e894f996f2680e8,2026-05-01,23:40,points,16.5,-470.0,300.0,True,fanduel,2026-05-01T14:24:38.716375
R.J. Barrett,,,d1938a9c13602a661e894f996f2680e8,2026-05-01,23:40,points,17.5,-350.0,235.0,True,fanduel,2026-05-01T14:24:38.716377
R.J. Barrett,,,d1938a9c13602a661e894f996f2680e8,2026-05-01,23:40,points,18.5,-270.0,194.0,True,fanduel,2026-05-01T14:24:38.716378
R.J. Barrett,,,d1938a9c13602a661e894f996f2680e8,2026-05-01,23:40,points,20.5,-166.0,124.0,True,fanduel,2026-05-01T14:24:38.716380
R.J. Barrett,,,d1938a9c13602a661e894f996f2680e8,2026-05-01,23:40,points,21.5,-132.0,100.0,True,fanduel,2026-05-01T14:24:38.716382
R.J. Barrett,,,d1938a9c13602a661e894f996f2680e8,2026-05-01,23:40,points,22.5,-102.0,-130.0,True,fanduel,2026-05-01T14:24:38.716383
R.J. Barrett,,,d1938a9c13602a661e894f996f2680e8,2026-05-01,23:40,points,23.5,120.0,-160.0,True,fanduel,2026-05-01T14:24:38.716385
R.J. Barrett,,,d1938a9c13602a661e894f996f2680e8,2026-05-01,23:40,points,25.5,182.0,-250.0,True,fanduel,2026-05-01T14:24:38.716387
R.J. Barrett,,,d1938a9c13602a661e894f996f2680e8,2026-05-01,23:40,points,26.5,225.0,-320.0,True,fanduel,2026-05-01T14:24:38.716391
R.J. Barrett,,,d1938a9c13602a661e894f996f2680e8,2026-05-01,23:40,points,27.5,280.0,-420.0,True,fanduel,2026-05-01T14:24:38.716392
R.J. Barrett,,,d1938a9c13602a661e894f996f2680e8,2026-05-01,23:40,points,28.5,320.0,-500.0,True,fanduel,2026-05-01T14:24:38.716394
R.J. Barrett,,,d1938a9c13602a661e894f996f2680e8,2026-05-01,23:40,points,30.5,490.0,-900.0,True,fanduel,2026-05-01T14:24:38.716396
Sandro Mamukelashvili,,,d1938a9c13602a661e894f996f2680e8,2026-05-01,23:40,points,0.5,-700.0,410.0,True,fanduel,2026-05-01T14:24:38.716397
Sandro Mamukelashvili,,,d1938a9c13602a661e894f996f2680e8,2026-05-01,23:40,points,1.5,-670.0,400.0,True,fanduel,2026-05-01T14:24:38.716399
Sandro Mamukelashvili,,,d1938a9c13602a661e894f996f2680e8,2026-05-01,23:40,points,2.5,-340.0,235.0,True,fanduel,2026-05-01T14:24:38.716401
Sandro Mamukelashvili,,,d1938a9c13602a661e894f996f2680e8,2026-05-01,23:40,points,3.5,-166.0,124.0,True,fanduel,2026-05-01T14:24:38.716403
Sandro Mamukelashvili,,,d1938a9c13602a661e894f996f2680e8,2026-05-01,23:40,points,4.5,-132.0,100.0,True,fanduel,2026-05-01T14:24:38.716404
Sandro Mamukelashvili,,,d1938a9c13602a661e894f996f2680e8,2026-05-01,23:40,points,5.5,118.0,-158.0,True,fanduel,2026-05-01T14:24:38.716406
Sandro Mamukelashvili,,,d1938a9c13602a661e894f996f2680e8,2026-05-01,23:40,points,6.5,178.0,-245.0,True,fanduel,2026-05-01T14:24:38.716408
Sandro Mamukelashvili,,,d1938a9c13602a661e894f996f2680e8,2026-05-01,23:40,points,7.5,220.0,-310.0,True,fanduel,2026-05-01T14:24:38.716409
Jaylon Tyson,,,d1938a9c13602a661e894f996f2680e8,2026-05-01,23:40,rebounds,2.5,102.0,-136.0,False,fanduel,2026-05-01T14:24:38.716433
Jarrett Allen,,,d1938a9c13602a661e894f996f2680e8,2026-05-01,23:40,rebounds,7.5,-114.0,-114.0,False,fanduel,2026-05-01T14:24:38.716435
James Harden,,,d1938a9c13602a661e894f996f2680e8,2026-05-01,23:40,rebounds,4.5,-120.0,-110.0,False,fanduel,2026-05-01T14:24:38.716437
Dean Wade,,,d1938a9c13602a661e894f996f2680e8,2026-05-01,23:40,rebounds,3.5,-120.0,-110.0,False,fanduel,2026-05-01T14:24:38.716439
Max Strus,,,d1938a9c13602a661e894f996f2680e8,2026-05-01,23:40,rebounds,3.5,-162.0,122.0,False,fanduel,2026-05-01T14:24:38.716440
Evan Mobley,,,d1938a9c13602a661e894f996f2680e8,2026-05-01,23:40,rebounds,9.5,116.0,-154.0,False,fanduel,2026-05-01T14:24:38.716442
Jakob Poeltl,,,d1938a9c13602a661e894f996f2680e8,2026-05-01,23:40,rebounds,5.5,110.0,-146.0,False,fanduel,2026-05-01T14:24:38.716444
Donovan Mitchell,,,d1938a9c13602a661e894f996f2680e8,2026-05-01,23:40,rebounds,4.5,114.0,-152.0,False,fanduel,2026-05-01T14:24:38.716446
Scottie Barnes,,,d1938a9c13602a661e894f996f2680e8,2026-05-01,23:40,rebounds,7.5,-104.0,-128.0,False,fanduel,2026-05-01T14:24:38.716447
Brandon Ingram,,,d1938a9c13602a661e894f996f2680e8,2026-05-01,23:40,rebounds,4.5,102.0,-136.0,False,fanduel,2026-05-01T14:24:38.716449
R.J. Barrett,,,d1938a9c13602a661e894f996f2680e8,2026-05-01,23:40,rebounds,5.5,-148.0,112.0,False,fanduel,2026-05-01T14:24:38.716451
Ja'Kobe Walter,,,d1938a9c13602a661e894f996f2680e8,2026-05-01,23:40,rebounds,3.5,122.0,-162.0,False,fanduel,2026-05-01T14:24:38.716452
Sandro Mamukelashvili,,,d1938a9c13602a661e894f996f2680e8,2026-05-01,23:40,rebounds,3.5,-125.0,-106.0,False,fanduel,2026-05-01T14:24:38.716457
Sam Merrill,,,d1938a9c13602a661e894f996f2680e8,2026-05-01,23:40,rebounds,1.5,-158.0,116.0,False,fanduel,2026-05-01T14:24:38.716458
Donovan Mitchell,,,d1938a9c13602a661e894f996f2680e8,2026-05-01,23:40,rebounds,2.5,-580.0,360.0,True,fanduel,2026-05-01T14:24:38.716541
Donovan Mitchell,,,d1938a9c13602a661e894f996f2680e8,2026-05-01,23:40,rebounds,3.5,-205.0,154.0,True,fanduel,2026-05-01T14:24:38.716543
Donovan Mitchell,,,d1938a9c13602a661e894f996f2680e8,2026-05-01,23:40,rebounds,4.5,114.0,-152.0,True,fanduel,2026-05-01T14:24:38.716545
Donovan Mitchell,,,d1938a9c13602a661e894f996f2680e8,2026-05-01,23:40,rebounds,5.5,240.0,-320.0,True,fanduel,2026-05-01T14:24:38.716546
Donovan Mitchell,,,d1938a9c13602a661e894f996f2680e8,2026-05-01,23:40,rebounds,6.5,430.0,-750.0,True,fanduel,2026-05-01T14:24:38.716548
Scottie Barnes,,,d1938a9c13602a661e894f996f2680e8,2026-05-01,23:40,rebounds,4.5,-900.0,490.0,True,fanduel,2026-05-01T14:24:38.716550
Scottie Barnes,,,d1938a9c13602a661e894f996f2680e8,2026-05-01,23:40,rebounds,5.5,-370.0,265.0,True,fanduel,2026-05-01T14:24:38.716551
Scottie Barnes,,,d1938a9c13602a661e894f996f2680e8,2026-05-01,23:40,rebounds,6.5,-198.0,146.0,True,fanduel,2026-05-01T14:24:38.716553
Scottie Barnes,,,d1938a9c13602a661e894f996f2680e8,2026-05-01,23:40,rebounds,7.5,-102.0,-128.0,True,fanduel,2026-05-01T14:24:38.716555
Scottie Barnes,,,d1938a9c13602a661e894f996f2680e8,2026-05-01,23:40,rebounds,8.5,162.0,-220.0,True,fanduel,2026-05-01T14:24:38.716556
Scottie Barnes,,,d1938a9c13602a661e894f996f2680e8,2026-05-01,23:40,rebounds,9.5,220.0,-310.0,True,fanduel,2026-05-01T14:24:38.716558
Scottie Barnes,,,d1938a9c13602a661e894f996f2680e8,2026-05-01,23:40,rebounds,10.5,390.0,-650.0,True,fanduel,2026-05-01T14:24:38.716560
Jarrett Allen,,,d1938a9c13602a661e894f996f2680e8,2026-05-01,23:40,rebounds,4.5,-850.0,470.0,True,fanduel,2026-05-01T14:24:38.716561
Jarrett Allen,,,d1938a9c13602a661e894f996f2680e8,2026-05-01,23:40,rebounds,5.5,-370.0,260.0,True,fanduel,2026-05-01T14:24:38.716563
Jarrett Allen,,,d1938a9c13602a661e894f996f2680e8,2026-05-01,23:40,rebounds,6.5,-205.0,152.0,True,fanduel,2026-05-01T14:24:38.716565
Jarrett Allen,,,d1938a9c13602a661e894f996f2680e8,2026-05-01,23:40,rebounds,7.5,-113.0,-114.0,True,fanduel,2026-05-01T14:24:38.716566
Jarrett Allen,,,d1938a9c13602a661e894f996f2680e8,2026-05-01,23:40,rebounds,8.5,148.0,-200.0,True,fanduel,2026-05-01T14:24:38.716568
Jarrett Allen,,,d1938a9c13602a661e894f996f2680e8,2026-05-01,23:40,rebounds,9.5,215.0,-280.0,True,fanduel,2026-05-01T14:24:38.716570
Jarrett Allen,,,d1938a9c13602a661e894f996f2680e8,2026-05-01,23:40,rebounds,10.5,320.0,-500.0,True,fanduel,2026-05-01T14:24:38.716571
R.J. Barrett,,,d1938a9c13602a661e894f996f2680e8,2026-05-01,23:40,rebounds,3.5,-770.0,450.0,True,fanduel,2026-05-01T14:24:38.716573
R.J. Barrett,,,d1938a9c13602a661e894f996f2680e8,2026-05-01,23:40,rebounds,4.5,-310.0,220.0,True,fanduel,2026-05-01T14:24:38.716575
R.J. Barrett,,,d1938a9c13602a661e894f996f2680e8,2026-05-01,23:40,rebounds,5.5,-146.0,112.0,True,fanduel,2026-05-01T14:24:38.716576
R.J. Barrett,,,d1938a9c13602a661e894f996f2680e8,2026-05-01,23:40,rebounds,6.5,136.0,-182.0,True,fanduel,2026-05-01T14:24:38.716578
R.J. Barrett,,,d1938a9c13602a661e894f996f2680e8,2026-05-01,23:40,rebounds,7.5,250.0,-340.0,True,fanduel,2026-05-01T14:24:38.716580
R.J. Barrett,,,d1938a9c13602a661e894f996f2680e8,2026-05-01,23:40,rebounds,8.5,410.0,-700.0,True,fanduel,2026-05-01T14:24:38.716582
Ja'Kobe Walter,,,d1938a9c13602a661e894f996f2680e8,2026-05-01,23:40,rebounds,1.5,-700.0,410.0,True,fanduel,2026-05-01T14:24:38.716583
Ja'Kobe Walter,,,d1938a9c13602a661e894f996f2680e8,2026-05-01,23:40,rebounds,2.5,-220.0,162.0,True,fanduel,2026-05-01T14:24:38.716585
Ja'Kobe Walter,,,d1938a9c13602a661e894f996f2680e8,2026-05-01,23:40,rebounds,3.5,124.0,-162.0,True,fanduel,2026-05-01T14:24:38.716586
Ja'Kobe Walter,,,d1938a9c13602a661e894f996f2680e8,2026-05-01,23:40,rebounds,4.5,265.0,-390.0,True,fanduel,2026-05-01T14:24:38.716588
Ja'Kobe Walter,,,d1938a9c13602a661e894f996f2680e8,2026-05-01,23:40,rebounds,5.5,560.0,-1100.0,True,fanduel,2026-05-01T14:24:38.716590
Evan Mobley,,,d1938a9c13602a661e894f996f2680e8,2026-05-01,23:40,rebounds,5.5,-750.0,430.0,True,fanduel,2026-05-01T14:24:38.716591
Collin Murray-Boyles,,,d1938a9c13602a661e894f996f2680e8,2026-05-01,23:40,rebounds,5.5,-180.0,,True,fanduel,2026-05-01T14:24:38.716593
Jakob Poeltl,,,d1938a9c13602a661e894f996f2680e8,2026-05-01,23:40,rebounds,5.5,110.0,-146.0,True,fanduel,2026-05-01T14:24:38.716595
James Harden,,,d1938a9c13602a661e894f996f2680e8,2026-05-01,23:40,rebounds,5.5,178.0,-245.0,True,fanduel,2026-05-01T14:24:38.716597
Brandon Ingram,,,d1938a9c13602a661e894f996f2680e8,2026-05-01,23:40,rebounds,5.5,215.0,,True,fanduel,2026-05-01T14:24:38.716599
Sandro Mamukelashvili,,,d1938a9c13602a661e894f996f2680e8,2026-05-01,23:40,rebounds,5.5,240.0,-350.0,True,fanduel,2026-05-01T14:24:38.716601
Max Strus,,,d1938a9c13602a661e894f996f2680e8,2026-05-01,23:40,rebounds,5.5,270.0,-400.0,True,fanduel,2026-05-01T14:24:38.716602
Dean Wade,,,d1938a9c13602a661e894f996f2680e8,2026-05-01,23:40,rebounds,5.5,330.0,,True,fanduel,2026-05-01T14:24:38.716605
Jaylon Tyson,,,d1938a9c13602a661e894f996f2680e8,2026-05-01,23:40,rebounds,5.5,800.0,,True,fanduel,2026-05-01T14:24:38.716606
Scottie Barnes,,,d1938a9c13602a661e894f996f2680e8,2026-05-01,23:40,rebounds,3.5,-3500.0,,True,fanduel,2026-05-01T14:24:38.716608
Jarrett Allen,,,d1938a9c13602a661e894f996f2680e8,2026-05-01,23:40,rebounds,3.5,-3000.0,,True,fanduel,2026-05-01T14:24:38.716610
Collin Murray-Boyles,,,d1938a9c13602a661e894f996f2680e8,2026-05-01,23:40,rebounds,3.5,-770.0,,True,fanduel,2026-05-01T14:24:38.716611
Jakob Poeltl,,,d1938a9c13602a661e894f996f2680e8,2026-05-01,23:40,rebounds,3.5,-350.0,240.0,True,fanduel,2026-05-01T14:24:38.716613
James Harden,,,d1938a9c13602a661e894f996f2680e8,2026-05-01,23:40,rebounds,3.5,-260.0,188.0,True,fanduel,2026-05-01T14:24:38.716615
Brandon Ingram,,,d1938a9c13602a661e894f996f2680e8,2026-05-01,23:40,rebounds,3.5,-215.0,,True,fanduel,2026-05-01T14:24:38.716616
Max Strus,,,d1938a9c13602a661e894f996f2680e8,2026-05-01,23:40,rebounds,3.5,-162.0,122.0,True,fanduel,2026-05-01T14:24:38.716618
Sandro Mamukelashvili,,,d1938a9c13602a661e894f996f2680e8,2026-05-01,23:40,rebounds,3.5,-125.0,-106.0,True,fanduel,2026-05-01T14:24:38.716620
Dean Wade,,,d1938a9c13602a661e894f996f2680e8,2026-05-01,23:40,rebounds,3.5,-118.0,,True,fanduel,2026-05-01T14:24:38.716621
Jaylon Tyson,,,d1938a9c13602a661e894f996f2680e8,2026-05-01,23:40,rebounds,3.5,220.0,,True,fanduel,2026-05-01T14:24:38.716623
Jamal Shead,,,d1938a9c13602a661e894f996f2680e8,2026-05-01,23:40,rebounds,3.5,400.0,,True,fanduel,2026-05-01T14:24:38.716625
Sam Merrill,,,d1938a9c13602a661e894f996f2680e8,2026-05-01,23:40,rebounds,3.5,460.0,,True,fanduel,2026-05-01T14:24:38.716629
Dennis Schroder,,,d1938a9c13602a661e894f996f2680e8,2026-05-01,23:40,rebounds,3.5,500.0,,True,fanduel,2026-05-01T14:24:38.716631
Evan Mobley,,,d1938a9c13602a661e894f996f2680e8,2026-05-01,23:40,rebounds,13.5,680.0,-1450.0,True,fanduel,2026-05-01T14:24:38.716633
Jarrett Allen,,,d1938a9c13602a661e894f996f2680e8,2026-05-01,23:40,rebounds,13.5,1200.0,,True,fanduel,2026-05-01T14:24:38.716634
Scottie Barnes,,,d1938a9c13602a661e894f996f2680e8,2026-05-01,23:40,rebounds,13.5,1700.0,,True,fanduel,2026-05-01T14:24:38.716636
Collin Murray-Boyles,,,d1938a9c13602a661e894f996f2680e8,2026-05-01,23:40,rebounds,13.5,2500.0,,True,fanduel,2026-05-01T14:24:38.716638
Evan Mobley,,,d1938a9c13602a661e894f996f2680e8,2026-05-01,23:40,rebounds,9.5,116.0,-154.0,True,fanduel,2026-05-01T14:24:38.716639
Collin Murray-Boyles,,,d1938a9c13602a661e894f996f2680e8,2026-05-01,23:40,rebounds,9.5,440.0,,True,fanduel,2026-05-01T14:24:38.716641
R.J. Barrett,,,d1938a9c13602a661e894f996f2680e8,2026-05-01,23:40,rebounds,9.5,680.0,,True,fanduel,2026-05-01T14:24:38.716643
Jakob Poeltl,,,d1938a9c13602a661e894f996f2680e8,2026-05-01,23:40,rebounds,9.5,800.0,,True,fanduel,2026-05-01T14:24:38.716644
Sandro Mamukelashvili,,,d1938a9c13602a661e894f996f2680e8,2026-05-01,23:40,rebounds,9.5,1300.0,,True,fanduel,2026-05-01T14:24:38.716646
James Harden,,,d1938a9c13602a661e894f996f2680e8,2026-05-01,23:40,rebounds,9.5,1400.0,,True,fanduel,2026-05-01T14:24:38.716648
Brandon Ingram,,,d1938a9c13602a661e894f996f2680e8,2026-05-01,23:40,rebounds,9.5,1800.0,,True,fanduel,2026-05-01T14:24:38.716649
Evan Mobley,,,d1938a9c13602a661e894f996f2680e8,2026-05-01,23:40,rebounds,7.5,-210.0,154.0,True,fanduel,2026-05-01T14:24:38.716651
Collin Murray-Boyles,,,d1938a9c13602a661e894f996f2680e8,2026-05-01,23:40,rebounds,7.5,182.0,,True,fanduel,2026-05-01T14:24:38.716653
Jakob Poeltl,,,d1938a9c13602a661e894f996f2680e8,2026-05-01,23:40,rebounds,7.5,320.0,-500.0,True,fanduel,2026-05-01T14:24:38.716654
James Harden,,,d1938a9c13602a661e894f996f2680e8,2026-05-01,23:40,rebounds,7.5,630.0,-1400.0,True,fanduel,2026-05-01T14:24:38.716656
Sandro Mamukelashvili,,,d1938a9c13602a661e894f996f2680e8,2026-05-01,23:40,rebounds,7.5,680.0,,True,fanduel,2026-05-01T14:24:38.716658
Brandon Ingram,,,d1938a9c13602a661e894f996f2680e8,2026-05-01,23:40,rebounds,7.5,830.0,,True,fanduel,2026-05-01T14:24:38.716659
Donovan Mitchell,,,d1938a9c13602a661e894f996f2680e8,2026-05-01,23:40,rebounds,7.5,900.0,,True,fanduel,2026-05-01T14:24:38.716661
Max Strus,,,d1938a9c13602a661e894f996f2680e8,2026-05-01,23:40,rebounds,7.5,1000.0,,True,fanduel,2026-05-01T14:24:38.716663
Dean Wade,,,d1938a9c13602a661e894f996f2680e8,2026-05-01,23:40,rebounds,7.5,1060.0,,True,fanduel,2026-05-01T14:24:38.716664
Max Strus,,,d1938a9c13602a661e894f996f2680e8,2026-05-01,23:40,rebounds,2.5,-400.0,270.0,True,fanduel,2026-05-01T14:24:38.716666
Max Strus,,,d1938a9c13602a661e894f996f2680e8,2026-05-01,23:40,rebounds,4.5,140.0,-188.0,True,fanduel,2026-05-01T14:24:38.716668
Max Strus,,,d1938a9c13602a661e894f996f2680e8,2026-05-01,23:40,rebounds,6.5,,-1000.0,True,fanduel,2026-05-01T14:24:38.716669
Evan Mobley,,,d1938a9c13602a661e894f996f2680e8,2026-05-01,23:40,rebounds,11.5,280.0,-420.0,True,fanduel,2026-05-01T14:24:38.716671
Jarrett Allen,,,d1938a9c13602a661e894f996f2680e8,2026-05-01,23:40,rebounds,11.5,520.0,,True,fanduel,2026-05-01T14:24:38.716673
Scottie Barnes,,,d1938a9c13602a661e894f996f2680e8,2026-05-01,23:40,rebounds,11.5,680.0,,True,fanduel,2026-05-01T14:24:38.716674
Collin Murray-Boyles,,,d1938a9c13602a661e894f996f2680e8,2026-05-01,23:40,rebounds,11.5,1060.0,,True,fanduel,2026-05-01T14:24:38.716676
R.J. Barrett,,,d1938a9c13602a661e894f996f2680e8,2026-05-01,23:40,rebounds,11.5,1700.0,,True,fanduel,2026-05-01T14:24:38.716678
Jakob Poeltl,,,d1938a9c13602a661e894f996f2680e8,2026-05-01,23:40,rebounds,11.5,1700.0,,True,fanduel,2026-05-01T14:24:38.716679
Sandro Mamukelashvili,,,d1938a9c13602a661e894f996f2680e8,2026-05-01,23:40,rebounds,11.5,2500.0,,True,fanduel,2026-05-01T14:24:38.716681
Evan Mobley,,,d1938a9c13602a661e894f996f2680e8,2026-05-01,23:40,rebounds,15.5,1400.0,,True,fanduel,2026-05-01T14:24:38.716683
Jarrett Allen,,,d1938a9c13602a661e894f996f2680e8,2026-05-01,23:40,rebounds,15.5,3000.0,,True,fanduel,2026-05-01T14:24:38.716685
James Harden,,,d1938a9c13602a661e894f996f2680e8,2026-05-01,23:40,rebounds,2.5,-750.0,410.0,True,fanduel,2026-05-01T14:24:38.716686
James Harden,,,d1938a9c13602a661e894f996f2680e8,2026-05-01,23:40,rebounds,4.5,-120.0,-110.0,True,fanduel,2026-05-01T14:24:38.716688
James Harden,,,d1938a9c13602a661e894f996f2680e8,2026-05-01,23:40,rebounds,6.5,320.0,-490.0,True,fanduel,2026-05-01T14:24:38.716690
Evan Mobley,,,d1938a9c13602a661e894f996f2680e8,2026-05-01,23:40,rebounds,6.5,-390.0,265.0,True,fanduel,2026-05-01T14:24:38.716691
Evan Mobley,,,d1938a9c13602a661e894f996f2680e8,2026-05-01,23:40,rebounds,8.5,-122.0,-106.0,True,fanduel,2026-05-01T14:24:38.716693
Evan Mobley,,,d1938a9c13602a661e894f996f2680e8,2026-05-01,23:40,rebounds,10.5,188.0,-260.0,True,fanduel,2026-05-01T14:24:38.716695
Evan Mobley,,,d1938a9c13602a661e894f996f2680e8,2026-05-01,23:40,rebounds,12.5,430.0,-750.0,True,fanduel,2026-05-01T14:24:38.716696
Jakob Poeltl,,,d1938a9c13602a661e894f996f2680e8,2026-05-01,23:40,rebounds,2.5,-1000.0,,True,fanduel,2026-05-01T14:24:38.716698
Jakob Poeltl,,,d1938a9c13602a661e894f996f2680e8,2026-05-01,23:40,rebounds,4.5,-174.0,130.0,True,fanduel,2026-05-01T14:24:38.716700
Jakob Poeltl,,,d1938a9c13602a661e894f996f2680e8,2026-05-01,23:40,rebounds,6.5,194.0,-270.0,True,fanduel,2026-05-01T14:24:38.716701
Jakob Poeltl,,,d1938a9c13602a661e894f996f2680e8,2026-05-01,23:40,rebounds,8.5,,-1100.0,True,fanduel,2026-05-01T14:24:38.716703
Sandro Mamukelashvili,,,d1938a9c13602a661e894f996f2680e8,2026-05-01,23:40,rebounds,1.5,-700.0,410.0,True,fanduel,2026-05-01T14:24:38.716705
Sandro Mamukelashvili,,,d1938a9c13602a661e894f996f2680e8,2026-05-01,23:40,rebounds,2.5,-270.0,194.0,True,fanduel,2026-05-01T14:24:38.716706
Sandro Mamukelashvili,,,d1938a9c13602a661e894f996f2680e8,2026-05-01,23:40,rebounds,4.5,148.0,-200.0,True,fanduel,2026-05-01T14:24:38.716708
Sandro Mamukelashvili,,,d1938a9c13602a661e894f996f2680e8,2026-05-01,23:40,rebounds,6.5,400.0,-670.0,True,fanduel,2026-05-01T14:24:38.716710
James Harden,,,d1938a9c13602a661e894f996f2680e8,2026-05-01,23:40,threes,2.5,-136.0,102.0,False,fanduel,2026-05-01T14:24:38.716725
Dean Wade,,,d1938a9c13602a661e894f996f2680e8,2026-05-01,23:40,threes,0.5,-240.0,174.0,False,fanduel,2026-05-01T14:24:38.716729
Max Strus,,,d1938a9c13602a661e894f996f2680e8,2026-05-01,23:40,threes,2.5,126.0,-168.0,False,fanduel,2026-05-01T14:24:38.716730
Evan Mobley,,,d1938a9c13602a661e894f996f2680e8,2026-05-01,23:40,threes,0.5,-158.0,118.0,False,fanduel,2026-05-01T14:24:38.716732
Donovan Mitchell,,,d1938a9c13602a661e894f996f2680e8,2026-05-01,23:40,threes,2.5,-136.0,102.0,False,fanduel,2026-05-01T14:24:38.716734
R.J. Barrett,,,d1938a9c13602a661e894f996f2680e8,2026-05-01,23:40,threes,1.5,-174.0,130.0,False,fanduel,2026-05-01T14:24:38.716735
Brandon Ingram,,,d1938a9c13602a661e894f996f2680e8,2026-05-01,23:40,threes,1.5,152.0,-205.0,False,fanduel,2026-05-01T14:24:38.716737
Scottie Barnes,,,d1938a9c13602a661e894f996f2680e8,2026-05-01,23:40,threes,1.5,194.0,-270.0,False,fanduel,2026-05-01T14:24:38.716739
Ja'Kobe Walter,,,d1938a9c13602a661e894f996f2680e8,2026-05-01,23:40,threes,2.5,158.0,-215.0,False,fanduel,2026-05-01T14:24:38.716740
Sam Merrill,,,d1938a9c13602a661e894f996f2680e8,2026-05-01,23:40,threes,1.5,-118.0,-112.0,False,fanduel,2026-05-01T14:24:38.716742
R.J. Barrett,,,d1938a9c13602a661e894f996f2680e8,2026-05-01,23:40,threes,0.5,-900.0,,True,fanduel,2026-05-01T14:24:38.716795
R.J. Barrett,,,d1938a9c13602a661e894f996f2680e8,2026-05-01,23:40,threes,1.5,-170.0,130.0,True,fanduel,2026-05-01T14:24:38.716797
R.J. Barrett,,,d1938a9c13602a661e894f996f2680e8,2026-05-01,23:40,threes,2.5,186.0,-250.0,True,fanduel,2026-05-01T14:24:38.716798
R.J. Barrett,,,d1938a9c13602a661e894f996f2680e8,2026-05-01,23:40,threes,3.5,460.0,-750.0,True,fanduel,2026-05-01T14:24:38.716800
Ja'Kobe Walter,,,d1938a9c13602a661e894f996f2680e8,2026-05-01,23:40,threes,0.5,-800.0,470.0,True,fanduel,2026-05-01T14:24:38.716802
Ja'Kobe Walter,,,d1938a9c13602a661e894f996f2680e8,2026-05-01,23:40,threes,1.5,-174.0,134.0,True,fanduel,2026-05-01T14:24:38.716804
Ja'Kobe Walter,,,d1938a9c13602a661e894f996f2680e8,2026-05-01,23:40,threes,2.5,162.0,-215.0,True,fanduel,2026-05-01T14:24:38.716805
Ja'Kobe Walter,,,d1938a9c13602a661e894f996f2680e8,2026-05-01,23:40,threes,3.5,370.0,-600.0,True,fanduel,2026-05-01T14:24:38.716807
Donovan Mitchell,,,d1938a9c13602a661e894f996f2680e8,2026-05-01,23:40,threes,0.5,-3500.0,,True,fanduel,2026-05-01T14:24:38.716809
James Harden,,,d1938a9c13602a661e894f996f2680e8,2026-05-01,23:40,threes,0.5,-4000.0,,True,fanduel,2026-05-01T14:24:38.716810
Max Strus,,,d1938a9c13602a661e894f996f2680e8,2026-05-01,23:40,threes,0.5,-1600.0,,True,fanduel,2026-05-01T14:24:38.716812
Sam Merrill,,,d1938a9c13602a661e894f996f2680e8,2026-05-01,23:40,threes,0.5,-500.0,320.0,True,fanduel,2026-05-01T14:24:38.716814
Brandon Ingram,,,d1938a9c13602a661e894f996f2680e8,2026-05-01,23:40,threes,0.5,-310.0,,True,fanduel,2026-05-01T14:24:38.716818
Scottie Barnes,,,d1938a9c13602a661e894f996f2680e8,2026-05-01,23:40,threes,0.5,-250.0,182.0,True,fanduel,2026-05-01T14:24:38.716820
Jamal Shead,,,d1938a9c13602a661e894f996f2680e8,2026-05-01,23:40,threes,0.5,-245.0,,True,fanduel,2026-05-01T14:24:38.716821
Dean Wade,,,d1938a9c13602a661e894f996f2680e8,2026-05-01,23:40,threes,0.5,-230.0,,True,fanduel,2026-05-01T14:24:38.716823
Jaylon Tyson,,,d1938a9c13602a661e894f996f2680e8,2026-05-01,23:40,threes,0.5,-220.0,,True,fanduel,2026-05-01T14:24:38.716825
Sandro Mamukelashvili,,,d1938a9c13602a661e894f996f2680e8,2026-05-01,23:40,threes,0.5,-215.0,,True,fanduel,2026-05-01T14:24:38.716826
Dennis Schroder,,,d1938a9c13602a661e894f996f2680e8,2026-05-01,23:40,threes,0.5,-178.0,,True,fanduel,2026-05-01T14:24:38.716828
Evan Mobley,,,d1938a9c13602a661e894f996f2680e8,2026-05-01,23:40,threes,0.5,-156.0,,True,fanduel,2026-05-01T14:24:38.716830
Donovan Mitchell,,,d1938a9c13602a661e894f996f2680e8,2026-05-01,23:40,threes,5.5,900.0,,True,fanduel,2026-05-01T14:24:38.716831
James Harden,,,d1938a9c13602a661e894f996f2680e8,2026-05-01,23:40,threes,5.5,900.0,,True,fanduel,2026-05-01T14:24:38.716833
Max Strus,,,d1938a9c13602a661e894f996f2680e8,2026-05-01,23:40,threes,5.5,1500.0,,True,fanduel,2026-05-01T14:24:38.716835
Sam Merrill,,,d1938a9c13602a661e894f996f2680e8,2026-05-01,23:40,threes,5.5,2000.0,,True,fanduel,2026-05-01T14:24:38.716836
R.J. Barrett,,,d1938a9c13602a661e894f996f2680e8,2026-05-01,23:40,threes,5.5,2000.0,,True,fanduel,2026-05-01T14:24:38.716838
Ja'Kobe Walter,,,d1938a9c13602a661e894f996f2680e8,2026-05-01,23:40,threes,5.5,1700.0,,True,fanduel,2026-05-01T14:24:38.716840
Donovan Mitchell,,,d1938a9c13602a661e894f996f2680e8,2026-05-01,23:40,threes,4.5,410.0,-700.0,True,fanduel,2026-05-01T14:24:38.716842
James Harden,,,d1938a9c13602a661e894f996f2680e8,2026-05-01,23:40,threes,4.5,410.0,-700.0,True,fanduel,2026-05-01T14:24:38.716843
Max Strus,,,d1938a9c13602a661e894f996f2680e8,2026-05-01,23:40,threes,4.5,700.0,,True,fanduel,2026-05-01T14:24:38.716845
Ja'Kobe Walter,,,d1938a9c13602a661e894f996f2680e8,2026-05-01,23:40,threes,4.5,800.0,,True,fanduel,2026-05-01T14:24:38.716849
R.J. Barrett,,,d1938a9c13602a661e894f996f2680e8,2026-05-01,23:40,threes,4.5,1100.0,,True,fanduel,2026-05-01T14:24:38.716851
Sam Merrill,,,d1938a9c13602a661e894f996f2680e8,2026-05-01,23:40,threes,4.5,1300.0,,True,fanduel,2026-05-01T14:24:38.716852
Max Strus,,,d1938a9c13602a661e894f996f2680e8,2026-05-01,23:40,threes,1.5,-250.0,188.0,True,fanduel,2026-05-01T14:24:38.716854
Max Strus,,,d1938a9c13602a661e894f996f2680e8,2026-05-01,23:40,threes,2.5,128.0,-168.0,True,fanduel,2026-05-01T14:24:38.716856
Max Strus,,,d1938a9c13602a661e894f996f2680e8,2026-05-01,23:40,threes,3.5,320.0,-470.0,True,fanduel,2026-05-01T14:24:38.716858
James Harden,,,d1938a9c13602a661e894f996f2680e8,2026-05-01,23:40,threes,1.5,-430.0,290.0,True,fanduel,2026-05-01T14:24:38.716859
James Harden,,,d1938a9c13602a661e894f996f2680e8,2026-05-01,23:40,threes,2.5,-132.0,102.0,True,fanduel,2026-05-01T14:24:38.716861
James Harden,,,d1938a9c13602a661e894f996f2680e8,2026-05-01,23:40,threes,3.5,196.0,-260.0,True,fanduel,2026-05-01T14:24:38.716863
Donovan Mitchell,,,d1938a9c13602a661e894f996f2680e8,2026-05-01,23:40,threes,2.5,-136.0,102.0,True,fanduel,2026-05-01T14:24:38.716864
Sam Merrill,,,d1938a9c13602a661e894f996f2680e8,2026-05-01,23:40,threes,2.5,240.0,-350.0,True,fanduel,2026-05-01T14:24:38.716866
Jaylon Tyson,,,d1938a9c13602a661e894f996f2680e8,2026-05-01,23:40,threes,2.5,500.0,,True,fanduel,2026-05-01T14:24:38.716868
Brandon Ingram,,,d1938a9c13602a661e894f996f2680e8,2026-05-01,23:40,threes,2.5,520.0,,True,fanduel,2026-05-01T14:24:38.716869
Jamal Shead,,,d1938a9c13602a661e894f996f2680e8,2026-05-01,23:40,threes,2.5,520.0,,True,fanduel,2026-05-01T14:24:38.716873
Dean Wade,,,d1938a9c13602a661e894f996f2680e8,2026-05-01,23:40,threes,2.5,560.0,,True,fanduel,2026-05-01T14:24:38.716875
Sandro Mamukelashvili,,,d1938a9c13602a661e894f996f2680e8,2026-05-01,23:40,threes,2.5,560.0,,True,fanduel,2026-05-01T14:24:38.716879
Scottie Barnes,,,d1938a9c13602a661e894f996f2680e8,2026-05-01,23:40,threes,2.5,630.0,-1400.0,True,fanduel,2026-05-01T14:24:38.716880
Dennis Schroder,,,d1938a9c13602a661e894f996f2680e8,2026-05-01,23:40,threes,2.5,680.0,,True,fanduel,2026-05-01T14:24:38.716882
Evan Mobley,,,d1938a9c13602a661e894f996f2680e8,2026-05-01,23:40,threes,2.5,1100.0,,True,fanduel,2026-05-01T14:24:38.716884
Donovan Mitchell,,,d1938a9c13602a661e894f996f2680e8,2026-05-01,23:40,threes,6.5,1700.0,,True,fanduel,2026-05-01T14:24:38.716885
James Harden,,,d1938a9c13602a661e894f996f2680e8,2026-05-01,23:40,threes,6.5,1700.0,,True,fanduel,2026-05-01T14:24:38.716887
Max Strus,,,d1938a9c13602a661e894f996f2680e8,2026-05-01,23:40,threes,6.5,3500.0,,True,fanduel,2026-05-01T14:24:38.716889
Ja'Kobe Walter,,,d1938a9c13602a661e894f996f2680e8,2026-05-01,23:40,threes,6.5,3500.0,,True,fanduel,2026-05-01T14:24:38.716890
Donovan Mitchell,,,d1938a9c13602a661e894f996f2680e8,2026-05-01,23:40,threes,3.5,178.0,-245.0,True,fanduel,2026-05-01T14:24:38.716892
Sam Merrill,,,d1938a9c13602a661e894f996f2680e8,2026-05-01,23:40,threes,3.5,600.0,-1200.0,True,fanduel,2026-05-01T14:24:38.716894
Jaylon Tyson,,,d1938a9c13602a661e894f996f2680e8,2026-05-01,23:40,threes,3.5,1060.0,,True,fanduel,2026-05-01T14:24:38.716896
Jamal Shead,,,d1938a9c13602a661e894f996f2680e8,2026-05-01,23:40,threes,3.5,1300.0,,True,fanduel,2026-05-01T14:24:38.716897
Sandro Mamukelashvili,,,d1938a9c13602a661e894f996f2680e8,2026-05-01,23:40,threes,3.5,1300.0,,True,fanduel,2026-05-01T14:24:38.716899
Dean Wade,,,d1938a9c13602a661e894f996f2680e8,2026-05-01,23:40,threes,3.5,1400.0,,True,fanduel,2026-05-01T14:24:38.716901
Brandon Ingram,,,d1938a9c13602a661e894f996f2680e8,2026-05-01,23:40,threes,3.5,1400.0,,True,fanduel,2026-05-01T14:24:38.716902
Dennis Schroder,,,d1938a9c13602a661e894f996f2680e8,2026-05-01,23:40,threes,3.5,1500.0,,True,fanduel,2026-05-01T14:24:38.716904
Scottie Barnes,,,d1938a9c13602a661e894f996f2680e8,2026-05-01,23:40,threes,3.5,1700.0,,True,fanduel,2026-05-01T14:24:38.716906
Donovan Mitchell,,,d1938a9c13602a661e894f996f2680e8,2026-05-01,23:40,threes,1.5,-440.0,290.0,True,fanduel,2026-05-01T14:24:38.716908
Sam Merrill,,,d1938a9c13602a661e894f996f2680e8,2026-05-01,23:40,threes,1.5,-118.0,-112.0,True,fanduel,2026-05-01T14:24:38.716909
Brandon Ingram,,,d1938a9c13602a661e894f996f2680e8,2026-05-01,23:40,threes,1.5,152.0,,True,fanduel,2026-05-01T14:24:38.716911
Jamal Shead,,,d1938a9c13602a661e894f996f2680e8,2026-05-01,23:40,threes,1.5,180.0,,True,fanduel,2026-05-01T14:24:38.716913
Jaylon Tyson,,,d1938a9c13602a661e894f996f2680e8,2026-05-01,23:40,threes,1.5,180.0,,True,fanduel,2026-05-01T14:24:38.716914
Scottie Barnes,,,d1938a9c13602a661e894f996f2680e8,2026-05-01,23:40,threes,1.5,194.0,-270.0,True,fanduel,2026-05-01T14:24:38.716916
Dean Wade,,,d1938a9c13602a661e894f996f2680e8,2026-05-01,23:40,threes,1.5,200.0,,True,fanduel,2026-05-01T14:24:38.716918
Sandro Mamukelashvili,,,d1938a9c13602a661e894f996f2680e8,2026-05-01,23:40,threes,1.5,210.0,,True,fanduel,2026-05-01T14:24:38.716920
Dennis Schroder,,,d1938a9c13602a661e894f996f2680e8,2026-05-01,23:40,threes,1.5,250.0,,True,fanduel,2026-05-01T14:24:38.716921
Evan Mobley,,,d1938a9c13602a661e894f996f2680e8,2026-05-01,23:40,threes,1.5,330.0,,True,fanduel,2026-05-01T14:24:38.716923
Donovan Mitchell,,,d1938a9c13602a661e894f996f2680e8,2026-05-01,23:40,threes,7.5,4000.0,,True,fanduel,2026-05-01T14:24:38.716925
James Harden,,,d1938a9c13602a661e894f996f2680e8,2026-05-01,23:40,threes,7.5,3500.0,,True,fanduel,2026-05-01T14:24:38.716926
Marcus Smart,,,c361a0b8c035a055bd9497b52674e3fb,2026-05-02,01:40,assists,2.5,-174.0,130.0,False,fanduel,2026-05-01T14:24:38.808666
Luke Kennard,,,c361a0b8c035a055bd9497b52674e3fb,2026-05-02,01:40,assists,2.5,124.0,-166.0,False,fanduel,2026-05-01T14:24:38.808667
Amen Thompson,,,c361a0b8c035a055bd9497b52674e3fb,2026-05-02,01:40,assists,5.5,-130.0,-102.0,False,fanduel,2026-05-01T14:24:38.808669
Jabari Smith Jr,,,c361a0b8c035a055bd9497b52674e3fb,2026-05-02,01:40,assists,1.5,-130.0,-102.0,False,fanduel,2026-05-01T14:24:38.808671
Alperen Sengun,,,c361a0b8c035a055bd9497b52674e3fb,2026-05-02,01:40,assists,5.5,-148.0,112.0,False,fanduel,2026-05-01T14:24:38.808672
LeBron James,,,c361a0b8c035a055bd9497b52674e3fb,2026-05-02,01:40,assists,7.5,-138.0,104.0,False,fanduel,2026-05-01T14:24:38.808674
Reed Sheppard,,,c361a0b8c035a055bd9497b52674e3fb,2026-05-02,01:40,assists,4.5,100.0,-132.0,False,fanduel,2026-05-01T14:24:38.808676
Austin Reaves,,,c361a0b8c035a055bd9497b52674e3fb,2026-05-02,01:40,assists,5.5,-138.0,104.0,False,fanduel,2026-05-01T14:24:38.808677
Austin Reaves,,,c361a0b8c035a055bd9497b52674e3fb,2026-05-02,01:40,assists,3.5,-670.0,410.0,True,fanduel,2026-05-01T14:24:38.808723
Austin Reaves,,,c361a0b8c035a055bd9497b52674e3fb,2026-05-02,01:40,assists,4.5,-300.0,210.0,True,fanduel,2026-05-01T14:24:38.808725
Austin Reaves,,,c361a0b8c035a055bd9497b52674e3fb,2026-05-02,01:40,assists,5.5,-136.0,104.0,True,fanduel,2026-05-01T14:24:38.808727
Austin Reaves,,,c361a0b8c035a055bd9497b52674e3fb,2026-05-02,01:40,assists,6.5,142.0,-192.0,True,fanduel,2026-05-01T14:24:38.808728
Austin Reaves,,,c361a0b8c035a055bd9497b52674e3fb,2026-05-02,01:40,assists,7.5,280.0,-400.0,True,fanduel,2026-05-01T14:24:38.808730
Austin Reaves,,,c361a0b8c035a055bd9497b52674e3fb,2026-05-02,01:40,assists,8.5,450.0,-800.0,True,fanduel,2026-05-01T14:24:38.808732
Reed Sheppard,,,c361a0b8c035a055bd9497b52674e3fb,2026-05-02,01:40,assists,2.5,-670.0,400.0,True,fanduel,2026-05-01T14:24:38.808733
Reed Sheppard,,,c361a0b8c035a055bd9497b52674e3fb,2026-05-02,01:40,assists,3.5,-240.0,178.0,True,fanduel,2026-05-01T14:24:38.808735
Reed Sheppard,,,c361a0b8c035a055bd9497b52674e3fb,2026-05-02,01:40,assists,4.5,100.0,-132.0,True,fanduel,2026-05-01T14:24:38.808737
Reed Sheppard,,,c361a0b8c035a055bd9497b52674e3fb,2026-05-02,01:40,assists,5.5,210.0,-280.0,True,fanduel,2026-05-01T14:24:38.808738
Reed Sheppard,,,c361a0b8c035a055bd9497b52674e3fb,2026-05-02,01:40,assists,6.5,400.0,-670.0,True,fanduel,2026-05-01T14:24:38.808740
LeBron James,,,c361a0b8c035a055bd9497b52674e3fb,2026-05-02,01:40,assists,9.5,194.0,-270.0,True,fanduel,2026-05-01T14:24:38.808744
Austin Reaves,,,c361a0b8c035a055bd9497b52674e3fb,2026-05-02,01:40,assists,9.5,700.0,,True,fanduel,2026-05-01T14:24:38.808746
Alperen Sengun,,,c361a0b8c035a055bd9497b52674e3fb,2026-05-02,01:40,assists,9.5,750.0,,True,fanduel,2026-05-01T14:24:38.808748
Amen Thompson,,,c361a0b8c035a055bd9497b52674e3fb,2026-05-02,01:40,assists,9.5,830.0,,True,fanduel,2026-05-01T14:24:38.808749
Reed Sheppard,,,c361a0b8c035a055bd9497b52674e3fb,2026-05-02,01:40,assists,9.5,2000.0,,True,fanduel,2026-05-01T14:24:38.808751
LeBron James,,,c361a0b8c035a055bd9497b52674e3fb,2026-05-02,01:40,assists,4.5,-1450.0,,True,fanduel,2026-05-01T14:24:38.808752
LeBron James,,,c361a0b8c035a055bd9497b52674e3fb,2026-05-02,01:40,assists,5.5,-520.0,350.0,True,fanduel,2026-05-01T14:24:38.808754
LeBron James,,,c361a0b8c035a055bd9497b52674e3fb,2026-05-02,01:40,assists,6.5,-260.0,188.0,True,fanduel,2026-05-01T14:24:38.808756
LeBron James,,,c361a0b8c035a055bd9497b52674e3fb,2026-05-02,01:40,assists,7.5,-136.0,104.0,True,fanduel,2026-05-01T14:24:38.808760
LeBron James,,,c361a0b8c035a055bd9497b52674e3fb,2026-05-02,01:40,assists,8.5,132.0,-178.0,True,fanduel,2026-05-01T14:24:38.808761
LeBron James,,,c361a0b8c035a055bd9497b52674e3fb,2026-05-02,01:40,assists,10.5,320.0,-490.0,True,fanduel,2026-05-01T14:24:38.808763
Reed Sheppard,,,c361a0b8c035a055bd9497b52674e3fb,2026-05-02,01:40,assists,1.5,-3500.0,,True,fanduel,2026-05-01T14:24:38.808765
Marcus Smart,,,c361a0b8c035a055bd9497b52674e3fb,2026-05-02,01:40,assists,1.5,-580.0,360.0,True,fanduel,2026-05-01T14:24:38.808766
Luke Kennard,,,c361a0b8c035a055bd9497b52674e3fb,2026-05-02,01:40,assists,1.5,-250.0,,True,fanduel,2026-05-01T14:24:38.808768
Jabari Smith Jr,,,c361a0b8c035a055bd9497b52674e3fb,2026-05-02,01:40,assists,1.5,-128.0,,True,fanduel,2026-05-01T14:24:38.808770
Alperen Sengun,,,c361a0b8c035a055bd9497b52674e3fb,2026-05-02,01:40,assists,3.5,-800.0,450.0,True,fanduel,2026-05-01T14:24:38.808771
Amen Thompson,,,c361a0b8c035a055bd9497b52674e3fb,2026-05-02,01:40,assists,3.5,-700.0,410.0,True,fanduel,2026-05-01T14:24:38.808773
Marcus Smart,,,c361a0b8c035a055bd9497b52674e3fb,2026-05-02,01:40,assists,3.5,154.0,-210.0,True,fanduel,2026-05-01T14:24:38.808775
Luke Kennard,,,c361a0b8c035a055bd9497b52674e3fb,2026-05-02,01:40,assists,3.5,320.0,,True,fanduel,2026-05-01T14:24:38.808779
Jabari Smith Jr,,,c361a0b8c035a055bd9497b52674e3fb,2026-05-02,01:40,assists,3.5,700.0,,True,fanduel,2026-05-01T14:24:38.808780
Alperen Sengun,,,c361a0b8c035a055bd9497b52674e3fb,2026-05-02,01:40,assists,7.5,250.0,-360.0,True,fanduel,2026-05-01T14:24:38.808782
Amen Thompson,,,c361a0b8c035a055bd9497b52674e3fb,2026-05-02,01:40,assists,7.5,300.0,-450.0,True,fanduel,2026-05-01T14:24:38.808784
Reed Sheppard,,,c361a0b8c035a055bd9497b52674e3fb,2026-05-02,01:40,assists,7.5,800.0,,True,fanduel,2026-05-01T14:24:38.808786
Alperen Sengun,,,c361a0b8c035a055bd9497b52674e3fb,2026-05-02,01:40,assists,4.5,-310.0,220.0,True,fanduel,2026-05-01T14:24:38.808788
Alperen Sengun,,,c361a0b8c035a055bd9497b52674e3fb,2026-05-02,01:40,assists,5.5,-146.0,112.0,True,fanduel,2026-05-01T14:24:38.808789
Alperen Sengun,,,c361a0b8c035a055bd9497b52674e3fb,2026-05-02,01:40,assists,6.5,134.0,-180.0,True,fanduel,2026-05-01T14:24:38.808791
Alperen Sengun,,,c361a0b8c035a055bd9497b52674e3fb,2026-05-02,01:40,assists,8.5,430.0,-750.0,True,fanduel,2026-05-01T14:24:38.808793
Marcus Smart,,,c361a0b8c035a055bd9497b52674e3fb,2026-05-02,01:40,assists,2.5,-174.0,130.0,True,fanduel,2026-05-01T14:24:38.808794
Marcus Smart,,,c361a0b8c035a055bd9497b52674e3fb,2026-05-02,01:40,assists,4.5,350.0,-550.0,True,fanduel,2026-05-01T14:24:38.808796
LeBron James,,,c361a0b8c035a055bd9497b52674e3fb,2026-05-02,01:40,assists,13.5,1400.0,,True,fanduel,2026-05-01T14:24:38.808798
LeBron James,,,c361a0b8c035a055bd9497b52674e3fb,2026-05-02,01:40,assists,11.5,540.0,,True,fanduel,2026-05-01T14:24:38.808799
Austin Reaves,,,c361a0b8c035a055bd9497b52674e3fb,2026-05-02,01:40,assists,11.5,1700.0,,True,fanduel,2026-05-01T14:24:38.808803
Alperen Sengun,,,c361a0b8c035a055bd9497b52674e3fb,2026-05-02,01:40,assists,11.5,2000.0,,True,fanduel,2026-05-01T14:24:38.808805
Amen Thompson,,,c361a0b8c035a055bd9497b52674e3fb,2026-05-02,01:40,assists,11.5,2500.0,,True,fanduel,2026-05-01T14:24:38.808807
Amen Thompson,,,c361a0b8c035a055bd9497b52674e3fb,2026-05-02,01:40,assists,5.5,-130.0,-102.0,True,fanduel,2026-05-01T14:24:38.808808
Marcus Smart,,,c361a0b8c035a055bd9497b52674e3fb,2026-05-02,01:40,assists,5.5,750.0,,True,fanduel,2026-05-01T14:24:38.808810
Luke Kennard,,,c361a0b8c035a055bd9497b52674e3fb,2026-05-02,01:40,assists,5.5,1500.0,,True,fanduel,2026-05-01T14:24:38.808812
Amen Thompson,,,c361a0b8c035a055bd9497b52674e3fb,2026-05-02,01:40,assists,4.5,-270.0,194.0,True,fanduel,2026-05-01T14:24:38.808813
Amen Thompson,,,c361a0b8c035a055bd9497b52674e3fb,2026-05-02,01:40,assists,6.5,168.0,-230.0,True,fanduel,2026-05-01T14:24:38.808815
Amen Thompson,,,c361a0b8c035a055bd9497b52674e3fb,2026-05-02,01:40,assists,8.5,,-1000.0,True,fanduel,2026-05-01T14:24:38.808819
Marcus Smart,,,c361a0b8c035a055bd9497b52674e3fb,2026-05-02,01:40,points,11.5,-102.0,-130.0,False,fanduel,2026-05-01T14:24:38.808837
Rui Hachimura,,,c361a0b8c035a055bd9497b52674e3fb,2026-05-02,01:40,points,12.5,104.0,-138.0,False,fanduel,2026-05-01T14:24:38.808839
Dorian Finney-Smith,,,c361a0b8c035a055bd9497b52674e3fb,2026-05-02,01:40,points,2.5,-112.0,-118.0,False,fanduel,2026-05-01T14:24:38.808841
Aaron Holiday,,,c361a0b8c035a055bd9497b52674e3fb,2026-05-02,01:40,points,4.5,102.0,-136.0,False,fanduel,2026-05-01T14:24:38.808842
Amen Thompson,,,c361a0b8c035a055bd9497b52674e3fb,2026-05-02,01:40,points,18.5,-112.0,-118.0,False,fanduel,2026-05-01T14:24:38.808844
Luke Kennard,,,c361a0b8c035a055bd9497b52674e3fb,2026-05-02,01:40,points,8.5,104.0,-138.0,False,fanduel,2026-05-01T14:24:38.808846
Jabari Smith Jr,,,c361a0b8c035a055bd9497b52674e3fb,2026-05-02,01:40,points,17.5,-114.0,-114.0,False,fanduel,2026-05-01T14:24:38.808848
Tari Eason,,,c361a0b8c035a055bd9497b52674e3fb,2026-05-02,01:40,points,13.5,-112.0,-118.0,False,fanduel,2026-05-01T14:24:38.808849
Jaxson Hayes,,,c361a0b8c035a055bd9497b52674e3fb,2026-05-02,01:40,points,5.5,104.0,-138.0,False,fanduel,2026-05-01T14:24:38.808851
Alperen Sengun,,,c361a0b8c035a055bd9497b52674e3fb,2026-05-02,01:40,points,20.5,-118.0,-112.0,False,fanduel,2026-05-01T14:24:38.808853
Reed Sheppard,,,c361a0b8c035a055bd9497b52674e3fb,2026-05-02,01:40,points,15.5,-128.0,-104.0,False,fanduel,2026-05-01T14:24:38.808854
Josh Okogie,,,c361a0b8c035a055bd9497b52674e3fb,2026-05-02,01:40,points,4.5,104.0,-138.0,False,fanduel,2026-05-01T14:24:38.808856
Deandre Ayton,,,c361a0b8c035a055bd9497b52674e3fb,2026-05-02,01:40,points,11.5,-130.0,-102.0,False,fanduel,2026-05-01T14:24:38.808858
LeBron James,,,c361a0b8c035a055bd9497b52674e3fb,2026-05-02,01:40,points,22.5,-106.0,-125.0,False,fanduel,2026-05-01T14:24:38.808859
Austin Reaves,,,c361a0b8c035a055bd9497b52674e3fb,2026-05-02,01:40,points,23.5,-106.0,-125.0,False,fanduel,2026-05-01T14:24:38.808861
Deandre Ayton,,,c361a0b8c035a055bd9497b52674e3fb,2026-05-02,01:40,points,6.5,-850.0,470.0,True,fanduel,2026-05-01T14:24:38.809020
Deandre Ayton,,,c361a0b8c035a055bd9497b52674e3fb,2026-05-02,01:40,points,7.5,-500.0,320.0,True,fanduel,2026-05-01T14:24:38.809022
Deandre Ayton,,,c361a0b8c035a055bd9497b52674e3fb,2026-05-02,01:40,points,8.5,-350.0,240.0,True,fanduel,2026-05-01T14:24:38.809024
Deandre Ayton,,,c361a0b8c035a055bd9497b52674e3fb,2026-05-02,01:40,points,9.5,-245.0,182.0,True,fanduel,2026-05-01T14:24:38.809028
Deandre Ayton,,,c361a0b8c035a055bd9497b52674e3fb,2026-05-02,01:40,points,10.5,-178.0,132.0,True,fanduel,2026-05-01T14:24:38.809029
Deandre Ayton,,,c361a0b8c035a055bd9497b52674e3fb,2026-05-02,01:40,points,11.5,-130.0,-102.0,True,fanduel,2026-05-01T14:24:38.809031
Deandre Ayton,,,c361a0b8c035a055bd9497b52674e3fb,2026-05-02,01:40,points,12.5,106.0,-140.0,True,fanduel,2026-05-01T14:24:38.809033
Deandre Ayton,,,c361a0b8c035a055bd9497b52674e3fb,2026-05-02,01:40,points,13.5,140.0,-188.0,True,fanduel,2026-05-01T14:24:38.809034
Deandre Ayton,,,c361a0b8c035a055bd9497b52674e3fb,2026-05-02,01:40,points,14.5,190.0,-250.0,True,fanduel,2026-05-01T14:24:38.809036
Deandre Ayton,,,c361a0b8c035a055bd9497b52674e3fb,2026-05-02,01:40,points,15.5,230.0,-330.0,True,fanduel,2026-05-01T14:24:38.809038
Amen Thompson,,,c361a0b8c035a055bd9497b52674e3fb,2026-05-02,01:40,points,11.5,-1100.0,,True,fanduel,2026-05-01T14:24:38.809039
Amen Thompson,,,c361a0b8c035a055bd9497b52674e3fb,2026-05-02,01:40,points,12.5,-700.0,410.0,True,fanduel,2026-05-01T14:24:38.809043
Amen Thompson,,,c361a0b8c035a055bd9497b52674e3fb,2026-05-02,01:40,points,13.5,-490.0,320.0,True,fanduel,2026-05-01T14:24:38.809045
Amen Thompson,,,c361a0b8c035a055bd9497b52674e3fb,2026-05-02,01:40,points,14.5,-350.0,240.0,True,fanduel,2026-05-01T14:24:38.809047
Amen Thompson,,,c361a0b8c035a055bd9497b52674e3fb,2026-05-02,01:40,points,15.5,-260.0,188.0,True,fanduel,2026-05-01T14:24:38.809050
Amen Thompson,,,c361a0b8c035a055bd9497b52674e3fb,2026-05-02,01:40,points,16.5,-192.0,142.0,True,fanduel,2026-05-01T14:24:38.809052
Amen Thompson,,,c361a0b8c035a055bd9497b52674e3fb,2026-05-02,01:40,points,17.5,-146.0,110.0,True,fanduel,2026-05-01T14:24:38.809054
Amen Thompson,,,c361a0b8c035a055bd9497b52674e3fb,2026-05-02,01:40,points,18.5,-112.0,-118.0,True,fanduel,2026-05-01T14:24:38.809055
Amen Thompson,,,c361a0b8c035a055bd9497b52674e3fb,2026-05-02,01:40,points,19.5,118.0,-154.0,True,fanduel,2026-05-01T14:24:38.809745
Amen Thompson,,,c361a0b8c035a055bd9497b52674e3fb,2026-05-02,01:40,points,20.5,152.0,-205.0,True,fanduel,2026-05-01T14:24:38.809750
Amen Thompson,,,c361a0b8c035a055bd9497b52674e3fb,2026-05-02,01:40,points,21.5,194.0,-270.0,True,fanduel,2026-05-01T14:24:38.809752
Amen Thompson,,,c361a0b8c035a055bd9497b52674e3fb,2026-05-02,01:40,points,22.5,235.0,-340.0,True,fanduel,2026-05-01T14:24:38.809754
Amen Thompson,,,c361a0b8c035a055bd9497b52674e3fb,2026-05-02,01:40,points,23.5,290.0,-440.0,True,fanduel,2026-05-01T14:24:38.809755
Amen Thompson,,,c361a0b8c035a055bd9497b52674e3fb,2026-05-02,01:40,points,24.5,390.0,-600.0,True,fanduel,2026-05-01T14:24:38.809757
Amen Thompson,,,c361a0b8c035a055bd9497b52674e3fb,2026-05-02,01:40,points,25.5,450.0,-800.0,True,fanduel,2026-05-01T14:24:38.809759
Amen Thompson,,,c361a0b8c035a055bd9497b52674e3fb,2026-05-02,01:40,points,26.5,,-1200.0,True,fanduel,2026-05-01T14:24:38.809760
Alperen Sengun,,,c361a0b8c035a055bd9497b52674e3fb,2026-05-02,01:40,points,12.5,-1400.0,,True,fanduel,2026-05-01T14:24:38.809762
Alperen Sengun,,,c361a0b8c035a055bd9497b52674e3fb,2026-05-02,01:40,points,13.5,-850.0,470.0,True,fanduel,2026-05-01T14:24:38.809764
Alperen Sengun,,,c361a0b8c035a055bd9497b52674e3fb,2026-05-02,01:40,points,14.5,-560.0,370.0,True,fanduel,2026-05-01T14:24:38.809766
Alperen Sengun,,,c361a0b8c035a055bd9497b52674e3fb,2026-05-02,01:40,points,15.5,-420.0,280.0,True,fanduel,2026-05-01T14:24:38.809767
Alperen Sengun,,,c361a0b8c035a055bd9497b52674e3fb,2026-05-02,01:40,points,16.5,-320.0,225.0,True,fanduel,2026-05-01T14:24:38.809769
Alperen Sengun,,,c361a0b8c035a055bd9497b52674e3fb,2026-05-02,01:40,points,17.5,-245.0,178.0,True,fanduel,2026-05-01T14:24:38.809771
Alperen Sengun,,,c361a0b8c035a055bd9497b52674e3fb,2026-05-02,01:40,points,18.5,-198.0,146.0,True,fanduel,2026-05-01T14:24:38.809773
Alperen Sengun,,,c361a0b8c035a055bd9497b52674e3fb,2026-05-02,01:40,points,19.5,-150.0,116.0,True,fanduel,2026-05-01T14:24:38.809774
Alperen Sengun,,,c361a0b8c035a055bd9497b52674e3fb,2026-05-02,01:40,points,20.5,-118.0,-112.0,True,fanduel,2026-05-01T14:24:38.809776
Alperen Sengun,,,c361a0b8c035a055bd9497b52674e3fb,2026-05-02,01:40,points,21.5,106.0,-140.0,True,fanduel,2026-05-01T14:24:38.809782
Alperen Sengun,,,c361a0b8c035a055bd9497b52674e3fb,2026-05-02,01:40,points,22.5,136.0,-182.0,True,fanduel,2026-05-01T14:24:38.809783
Alperen Sengun,,,c361a0b8c035a055bd9497b52674e3fb,2026-05-02,01:40,points,23.5,168.0,-230.0,True,fanduel,2026-05-01T14:24:38.809785
Alperen Sengun,,,c361a0b8c035a055bd9497b52674e3fb,2026-05-02,01:40,points,24.5,215.0,-290.0,True,fanduel,2026-05-01T14:24:38.809787
Alperen Sengun,,,c361a0b8c035a055bd9497b52674e3fb,2026-05-02,01:40,points,25.5,260.0,-380.0,True,fanduel,2026-05-01T14:24:38.809788
Alperen Sengun,,,c361a0b8c035a055bd9497b52674e3fb,2026-05-02,01:40,points,26.5,310.0,-470.0,True,fanduel,2026-05-01T14:24:38.809790
Alperen Sengun,,,c361a0b8c035a055bd9497b52674e3fb,2026-05-02,01:40,points,27.5,390.0,-650.0,True,fanduel,2026-05-01T14:24:38.809792
Alperen Sengun,,,c361a0b8c035a055bd9497b52674e3fb,2026-05-02,01:40,points,28.5,470.0,-850.0,True,fanduel,2026-05-01T14:24:38.809793
Alperen Sengun,,,c361a0b8c035a055bd9497b52674e3fb,2026-05-02,01:40,points,29.5,600.0,-1200.0,True,fanduel,2026-05-01T14:24:38.809795
LeBron James,,,c361a0b8c035a055bd9497b52674e3fb,2026-05-02,01:40,points,14.5,-900.0,490.0,True,fanduel,2026-05-01T14:24:38.809797
LeBron James,,,c361a0b8c035a055bd9497b52674e3fb,2026-05-02,01:40,points,15.5,-650.0,390.0,True,fanduel,2026-05-01T14:24:38.809798
LeBron James,,,c361a0b8c035a055bd9497b52674e3fb,2026-05-02,01:40,points,16.5,-470.0,310.0,True,fanduel,2026-05-01T14:24:38.809800
LeBron James,,,c361a0b8c035a055bd9497b52674e3fb,2026-05-02,01:40,points,17.5,-360.0,250.0,True,fanduel,2026-05-01T14:24:38.809802
LeBron James,,,c361a0b8c035a055bd9497b52674e3fb,2026-05-02,01:40,points,18.5,-275.0,198.0,True,fanduel,2026-05-01T14:24:38.809803
LeBron James,,,c361a0b8c035a055bd9497b52674e3fb,2026-05-02,01:40,points,19.5,-215.0,164.0,True,fanduel,2026-05-01T14:24:38.809805
LeBron James,,,c361a0b8c035a055bd9497b52674e3fb,2026-05-02,01:40,points,20.5,-174.0,130.0,True,fanduel,2026-05-01T14:24:38.809807
LeBron James,,,c361a0b8c035a055bd9497b52674e3fb,2026-05-02,01:40,points,21.5,-136.0,102.0,True,fanduel,2026-05-01T14:24:38.809809
LeBron James,,,c361a0b8c035a055bd9497b52674e3fb,2026-05-02,01:40,points,22.5,-106.0,-125.0,True,fanduel,2026-05-01T14:24:38.809810
LeBron James,,,c361a0b8c035a055bd9497b52674e3fb,2026-05-02,01:40,points,23.5,118.0,-158.0,True,fanduel,2026-05-01T14:24:38.809812
LeBron James,,,c361a0b8c035a055bd9497b52674e3fb,2026-05-02,01:40,points,24.5,148.0,-200.0,True,fanduel,2026-05-01T14:24:38.809813
LeBron James,,,c361a0b8c035a055bd9497b52674e3fb,2026-05-02,01:40,points,25.5,182.0,-250.0,True,fanduel,2026-05-01T14:24:38.809815
LeBron James,,,c361a0b8c035a055bd9497b52674e3fb,2026-05-02,01:40,points,26.5,220.0,-310.0,True,fanduel,2026-05-01T14:24:38.809817
LeBron James,,,c361a0b8c035a055bd9497b52674e3fb,2026-05-02,01:40,points,27.5,270.0,-400.0,True,fanduel,2026-05-01T14:24:38.809819
LeBron James,,,c361a0b8c035a055bd9497b52674e3fb,2026-05-02,01:40,points,28.5,320.0,-500.0,True,fanduel,2026-05-01T14:24:38.809820
LeBron James,,,c361a0b8c035a055bd9497b52674e3fb,2026-05-02,01:40,points,29.5,420.0,-670.0,True,fanduel,2026-05-01T14:24:38.809822
LeBron James,,,c361a0b8c035a055bd9497b52674e3fb,2026-05-02,01:40,points,30.5,490.0,-900.0,True,fanduel,2026-05-01T14:24:38.809824
LeBron James,,,c361a0b8c035a055bd9497b52674e3fb,2026-05-02,01:40,points,31.5,,-1400.0,True,fanduel,2026-05-01T14:24:38.809825
Tari Eason,,,c361a0b8c035a055bd9497b52674e3fb,2026-05-02,01:40,points,7.5,-1000.0,,True,fanduel,2026-05-01T14:24:38.809827
Tari Eason,,,c361a0b8c035a055bd9497b52674e3fb,2026-05-02,01:40,points,8.5,-600.0,370.0,True,fanduel,2026-05-01T14:24:38.809829
Tari Eason,,,c361a0b8c035a055bd9497b52674e3fb,2026-05-02,01:40,points,9.5,-390.0,270.0,True,fanduel,2026-05-01T14:24:38.809830
Tari Eason,,,c361a0b8c035a055bd9497b52674e3fb,2026-05-02,01:40,points,10.5,-275.0,198.0,True,fanduel,2026-05-01T14:24:38.809832
Tari Eason,,,c361a0b8c035a055bd9497b52674e3fb,2026-05-02,01:40,points,11.5,-210.0,154.0,True,fanduel,2026-05-01T14:24:38.809840
Tari Eason,,,c361a0b8c035a055bd9497b52674e3fb,2026-05-02,01:40,points,12.5,-154.0,116.0,True,fanduel,2026-05-01T14:24:38.809844
Tari Eason,,,c361a0b8c035a055bd9497b52674e3fb,2026-05-02,01:40,points,13.5,-112.0,-118.0,True,fanduel,2026-05-01T14:24:38.809846
Tari Eason,,,c361a0b8c035a055bd9497b52674e3fb,2026-05-02,01:40,points,14.5,122.0,-158.0,True,fanduel,2026-05-01T14:24:38.809848
Tari Eason,,,c361a0b8c035a055bd9497b52674e3fb,2026-05-02,01:40,points,15.5,154.0,-210.0,True,fanduel,2026-05-01T14:24:38.809849
Tari Eason,,,c361a0b8c035a055bd9497b52674e3fb,2026-05-02,01:40,points,16.5,198.0,-275.0,True,fanduel,2026-05-01T14:24:38.809851
Tari Eason,,,c361a0b8c035a055bd9497b52674e3fb,2026-05-02,01:40,points,17.5,260.0,-380.0,True,fanduel,2026-05-01T14:24:38.809853
Tari Eason,,,c361a0b8c035a055bd9497b52674e3fb,2026-05-02,01:40,points,18.5,320.0,-490.0,True,fanduel,2026-05-01T14:24:38.809854
Austin Reaves,,,c361a0b8c035a055bd9497b52674e3fb,2026-05-02,01:40,points,34.5,830.0,,True,fanduel,2026-05-01T14:24:38.809856
LeBron James,,,c361a0b8c035a055bd9497b52674e3fb,2026-05-02,01:40,points,34.5,1100.0,,True,fanduel,2026-05-01T14:24:38.809860
Alperen Sengun,,,c361a0b8c035a055bd9497b52674e3fb,2026-05-02,01:40,points,34.5,1400.0,,True,fanduel,2026-05-01T14:24:38.809862
Amen Thompson,,,c361a0b8c035a055bd9497b52674e3fb,2026-05-02,01:40,points,34.5,4000.0,,True,fanduel,2026-05-01T14:24:38.809863
Jabari Smith Jr,,,c361a0b8c035a055bd9497b52674e3fb,2026-05-02,01:40,points,34.5,4000.0,,True,fanduel,2026-05-01T14:24:38.809865
Marcus Smart,,,c361a0b8c035a055bd9497b52674e3fb,2026-05-02,01:40,points,6.5,-650.0,390.0,True,fanduel,2026-05-01T14:24:38.809867
Marcus Smart,,,c361a0b8c035a055bd9497b52674e3fb,2026-05-02,01:40,points,7.5,-420.0,280.0,True,fanduel,2026-05-01T14:24:38.809868
Marcus Smart,,,c361a0b8c035a055bd9497b52674e3fb,2026-05-02,01:40,points,8.5,-280.0,200.0,True,fanduel,2026-05-01T14:24:38.809870
Marcus Smart,,,c361a0b8c035a055bd9497b52674e3fb,2026-05-02,01:40,points,9.5,-192.0,148.0,True,fanduel,2026-05-01T14:24:38.809872
Marcus Smart,,,c361a0b8c035a055bd9497b52674e3fb,2026-05-02,01:40,points,10.5,-140.0,106.0,True,fanduel,2026-05-01T14:24:38.809873
Marcus Smart,,,c361a0b8c035a055bd9497b52674e3fb,2026-05-02,01:40,points,11.5,-102.0,-130.0,True,fanduel,2026-05-01T14:24:38.809875
Marcus Smart,,,c361a0b8c035a055bd9497b52674e3fb,2026-05-02,01:40,points,12.5,130.0,-174.0,True,fanduel,2026-05-01T14:24:38.809877
Marcus Smart,,,c361a0b8c035a055bd9497b52674e3fb,2026-05-02,01:40,points,13.5,174.0,-235.0,True,fanduel,2026-05-01T14:24:38.809878
Marcus Smart,,,c361a0b8c035a055bd9497b52674e3fb,2026-05-02,01:40,points,14.5,230.0,-310.0,True,fanduel,2026-05-01T14:24:38.809880
Marcus Smart,,,c361a0b8c035a055bd9497b52674e3fb,2026-05-02,01:40,points,15.5,280.0,-420.0,True,fanduel,2026-05-01T14:24:38.809882
Jaxson Hayes,,,c361a0b8c035a055bd9497b52674e3fb,2026-05-02,01:40,points,1.5,-1100.0,,True,fanduel,2026-05-01T14:24:38.809883
Jaxson Hayes,,,c361a0b8c035a055bd9497b52674e3fb,2026-05-02,01:40,points,2.5,-330.0,230.0,True,fanduel,2026-05-01T14:24:38.809885
Jaxson Hayes,,,c361a0b8c035a055bd9497b52674e3fb,2026-05-02,01:40,points,3.5,-235.0,172.0,True,fanduel,2026-05-01T14:24:38.809887
Jaxson Hayes,,,c361a0b8c035a055bd9497b52674e3fb,2026-05-02,01:40,points,4.5,-138.0,104.0,True,fanduel,2026-05-01T14:24:38.809888
Jaxson Hayes,,,c361a0b8c035a055bd9497b52674e3fb,2026-05-02,01:40,points,5.5,104.0,-138.0,True,fanduel,2026-05-01T14:24:38.809890
Jaxson Hayes,,,c361a0b8c035a055bd9497b52674e3fb,2026-05-02,01:40,points,6.5,154.0,-210.0,True,fanduel,2026-05-01T14:24:38.809892
Jaxson Hayes,,,c361a0b8c035a055bd9497b52674e3fb,2026-05-02,01:40,points,7.5,220.0,-310.0,True,fanduel,2026-05-01T14:24:38.809893
Jaxson Hayes,,,c361a0b8c035a055bd9497b52674e3fb,2026-05-02,01:40,points,8.5,290.0,-440.0,True,fanduel,2026-05-01T14:24:38.809895
Austin Reaves,,,c361a0b8c035a055bd9497b52674e3fb,2026-05-02,01:40,points,39.5,1700.0,,True,fanduel,2026-05-01T14:24:38.809897
LeBron James,,,c361a0b8c035a055bd9497b52674e3fb,2026-05-02,01:40,points,39.5,3000.0,,True,fanduel,2026-05-01T14:24:38.809898
Alperen Sengun,,,c361a0b8c035a055bd9497b52674e3fb,2026-05-02,01:40,points,39.5,4000.0,,True,fanduel,2026-05-01T14:24:38.809903
Austin Reaves,,,c361a0b8c035a055bd9497b52674e3fb,2026-05-02,01:40,points,29.5,300.0,-450.0,True,fanduel,2026-05-01T14:24:38.809904
Amen Thompson,,,c361a0b8c035a055bd9497b52674e3fb,2026-05-02,01:40,points,29.5,1100.0,,True,fanduel,2026-05-01T14:24:38.809906
Jabari Smith Jr,,,c361a0b8c035a055bd9497b52674e3fb,2026-05-02,01:40,points,29.5,1200.0,,True,fanduel,2026-05-01T14:24:38.809908
Reed Sheppard,,,c361a0b8c035a055bd9497b52674e3fb,2026-05-02,01:40,points,29.5,1500.0,,True,fanduel,2026-05-01T14:24:38.809910
Alperen Sengun,,,c361a0b8c035a055bd9497b52674e3fb,2026-05-02,01:40,points,9.5,-5000.0,,True,fanduel,2026-05-01T14:24:38.809912
Amen Thompson,,,c361a0b8c035a055bd9497b52674e3fb,2026-05-02,01:40,points,9.5,-3500.0,,True,fanduel,2026-05-01T14:24:38.809913
Jabari Smith Jr,,,c361a0b8c035a055bd9497b52674e3fb,2026-05-02,01:40,points,9.5,-1800.0,,True,fanduel,2026-05-01T14:24:38.809915
Reed Sheppard,,,c361a0b8c035a055bd9497b52674e3fb,2026-05-02,01:40,points,9.5,-800.0,450.0,True,fanduel,2026-05-01T14:24:38.809917
Rui Hachimura,,,c361a0b8c035a055bd9497b52674e3fb,2026-05-02,01:40,points,9.5,-250.0,182.0,True,fanduel,2026-05-01T14:24:38.809919
Luke Kennard,,,c361a0b8c035a055bd9497b52674e3fb,2026-05-02,01:40,points,9.5,142.0,,True,fanduel,2026-05-01T14:24:38.809920
Jaxson Hayes,,,c361a0b8c035a055bd9497b52674e3fb,2026-05-02,01:40,points,9.5,400.0,,True,fanduel,2026-05-01T14:24:38.809922
Josh Okogie,,,c361a0b8c035a055bd9497b52674e3fb,2026-05-02,01:40,points,9.5,560.0,,True,fanduel,2026-05-01T14:24:38.809924
Aaron Holiday,,,c361a0b8c035a055bd9497b52674e3fb,2026-05-02,01:40,points,9.5,560.0,,True,fanduel,2026-05-01T14:24:38.809925
Reed Sheppard,,,c361a0b8c035a055bd9497b52674e3fb,2026-05-02,01:40,points,10.5,-550.0,350.0,True,fanduel,2026-05-01T14:24:38.809927
Reed Sheppard,,,c361a0b8c035a055bd9497b52674e3fb,2026-05-02,01:40,points,11.5,-380.0,260.0,True,fanduel,2026-05-01T14:24:38.809929
Reed Sheppard,,,c361a0b8c035a055bd9497b52674e3fb,2026-05-02,01:40,points,12.5,-280.0,200.0,True,fanduel,2026-05-01T14:24:38.809930
Reed Sheppard,,,c361a0b8c035a055bd9497b52674e3fb,2026-05-02,01:40,points,13.5,-220.0,158.0,True,fanduel,2026-05-01T14:24:38.809934
Reed Sheppard,,,c361a0b8c035a055bd9497b52674e3fb,2026-05-02,01:40,points,14.5,-160.0,122.0,True,fanduel,2026-05-01T14:24:38.809936
Reed Sheppard,,,c361a0b8c035a055bd9497b52674e3fb,2026-05-02,01:40,points,15.5,-128.0,-104.0,True,fanduel,2026-05-01T14:24:38.809938
Reed Sheppard,,,c361a0b8c035a055bd9497b52674e3fb,2026-05-02,01:40,points,16.5,104.0,-138.0,True,fanduel,2026-05-01T14:24:38.809940
Reed Sheppard,,,c361a0b8c035a055bd9497b52674e3fb,2026-05-02,01:40,points,17.5,136.0,-182.0,True,fanduel,2026-05-01T14:24:38.809941
Reed Sheppard,,,c361a0b8c035a055bd9497b52674e3fb,2026-05-02,01:40,points,18.5,172.0,-235.0,True,fanduel,2026-05-01T14:24:38.809943
Reed Sheppard,,,c361a0b8c035a055bd9497b52674e3fb,2026-05-02,01:40,points,19.5,215.0,-290.0,True,fanduel,2026-05-01T14:24:38.809945
Reed Sheppard,,,c361a0b8c035a055bd9497b52674e3fb,2026-05-02,01:40,points,20.5,260.0,-360.0,True,fanduel,2026-05-01T14:24:38.809946
Reed Sheppard,,,c361a0b8c035a055bd9497b52674e3fb,2026-05-02,01:40,points,21.5,320.0,-490.0,True,fanduel,2026-05-01T14:24:38.809948
Jabari Smith Jr,,,c361a0b8c035a055bd9497b52674e3fb,2026-05-02,01:40,points,10.5,-1100.0,,True,fanduel,2026-05-01T14:24:38.809950
Jabari Smith Jr,,,c361a0b8c035a055bd9497b52674e3fb,2026-05-02,01:40,points,11.5,-700.0,410.0,True,fanduel,2026-05-01T14:24:38.809952
Jabari Smith Jr,,,c361a0b8c035a055bd9497b52674e3fb,2026-05-02,01:40,points,12.5,-470.0,310.0,True,fanduel,2026-05-01T14:24:38.809953
Jabari Smith Jr,,,c361a0b8c035a055bd9497b52674e3fb,2026-05-02,01:40,points,13.5,-340.0,235.0,True,fanduel,2026-05-01T14:24:38.809955
Jabari Smith Jr,,,c361a0b8c035a055bd9497b52674e3fb,2026-05-02,01:40,points,14.5,-260.0,188.0,True,fanduel,2026-05-01T14:24:38.809957
Jabari Smith Jr,,,c361a0b8c035a055bd9497b52674e3fb,2026-05-02,01:40,points,15.5,-198.0,146.0,True,fanduel,2026-05-01T14:24:38.809961
Jabari Smith Jr,,,c361a0b8c035a055bd9497b52674e3fb,2026-05-02,01:40,points,16.5,-152.0,114.0,True,fanduel,2026-05-01T14:24:38.809962
Jabari Smith Jr,,,c361a0b8c035a055bd9497b52674e3fb,2026-05-02,01:40,points,17.5,-114.0,-114.0,True,fanduel,2026-05-01T14:24:38.809964
Jabari Smith Jr,,,c361a0b8c035a055bd9497b52674e3fb,2026-05-02,01:40,points,18.5,114.0,-152.0,True,fanduel,2026-05-01T14:24:38.809966
Jabari Smith Jr,,,c361a0b8c035a055bd9497b52674e3fb,2026-05-02,01:40,points,19.5,144.0,-194.0,True,fanduel,2026-05-01T14:24:38.809967
Jabari Smith Jr,,,c361a0b8c035a055bd9497b52674e3fb,2026-05-02,01:40,points,20.5,178.0,-245.0,True,fanduel,2026-05-01T14:24:38.809969
Jabari Smith Jr,,,c361a0b8c035a055bd9497b52674e3fb,2026-05-02,01:40,points,21.5,225.0,-320.0,True,fanduel,2026-05-01T14:24:38.809971
Jabari Smith Jr,,,c361a0b8c035a055bd9497b52674e3fb,2026-05-02,01:40,points,22.5,270.0,-400.0,True,fanduel,2026-05-01T14:24:38.809972
Jabari Smith Jr,,,c361a0b8c035a055bd9497b52674e3fb,2026-05-02,01:40,points,23.5,350.0,-550.0,True,fanduel,2026-05-01T14:24:38.809974
Jabari Smith Jr,,,c361a0b8c035a055bd9497b52674e3fb,2026-05-02,01:40,points,24.5,440.0,-700.0,True,fanduel,2026-05-01T14:24:38.809978
Austin Reaves,,,c361a0b8c035a055bd9497b52674e3fb,2026-05-02,01:40,points,14.5,-1100.0,,True,fanduel,2026-05-01T14:24:38.809980
Rui Hachimura,,,c361a0b8c035a055bd9497b52674e3fb,2026-05-02,01:40,points,14.5,182.0,-250.0,True,fanduel,2026-05-01T14:24:38.809981
Luke Kennard,,,c361a0b8c035a055bd9497b52674e3fb,2026-05-02,01:40,points,14.5,600.0,,True,fanduel,2026-05-01T14:24:38.809983
Jaxson Hayes,,,c361a0b8c035a055bd9497b52674e3fb,2026-05-02,01:40,points,14.5,1400.0,,True,fanduel,2026-05-01T14:24:38.809985
Austin Reaves,,,c361a0b8c035a055bd9497b52674e3fb,2026-05-02,01:40,points,24.5,116.0,-154.0,True,fanduel,2026-05-01T14:24:38.809986
Reed Sheppard,,,c361a0b8c035a055bd9497b52674e3fb,2026-05-02,01:40,points,24.5,630.0,,True,fanduel,2026-05-01T14:24:38.809988
Tari Eason,,,c361a0b8c035a055bd9497b52674e3fb,2026-05-02,01:40,points,24.5,1300.0,,True,fanduel,2026-05-01T14:24:38.809990
Deandre Ayton,,,c361a0b8c035a055bd9497b52674e3fb,2026-05-02,01:40,points,24.5,1700.0,,True,fanduel,2026-05-01T14:24:38.809991
Rui Hachimura,,,c361a0b8c035a055bd9497b52674e3fb,2026-05-02,01:40,points,24.5,1800.0,,True,fanduel,2026-05-01T14:24:38.809993
Marcus Smart,,,c361a0b8c035a055bd9497b52674e3fb,2026-05-02,01:40,points,24.5,2200.0,,True,fanduel,2026-05-01T14:24:38.809995
Rui Hachimura,,,c361a0b8c035a055bd9497b52674e3fb,2026-05-02,01:40,points,6.5,-900.0,490.0,True,fanduel,2026-05-01T14:24:38.809996
Rui Hachimura,,,c361a0b8c035a055bd9497b52674e3fb,2026-05-02,01:40,points,7.5,-550.0,350.0,True,fanduel,2026-05-01T14:24:38.809998
Rui Hachimura,,,c361a0b8c035a055bd9497b52674e3fb,2026-05-02,01:40,points,8.5,-350.0,240.0,True,fanduel,2026-05-01T14:24:38.810000
Rui Hachimura,,,c361a0b8c035a055bd9497b52674e3fb,2026-05-02,01:40,points,10.5,-182.0,136.0,True,fanduel,2026-05-01T14:24:38.810002
Rui Hachimura,,,c361a0b8c035a055bd9497b52674e3fb,2026-05-02,01:40,points,11.5,-132.0,100.0,True,fanduel,2026-05-01T14:24:38.810003
Rui Hachimura,,,c361a0b8c035a055bd9497b52674e3fb,2026-05-02,01:40,points,12.5,104.0,-138.0,True,fanduel,2026-05-01T14:24:38.810005
Rui Hachimura,,,c361a0b8c035a055bd9497b52674e3fb,2026-05-02,01:40,points,13.5,140.0,-188.0,True,fanduel,2026-05-01T14:24:38.810007
Rui Hachimura,,,c361a0b8c035a055bd9497b52674e3fb,2026-05-02,01:40,points,15.5,230.0,-330.0,True,fanduel,2026-05-01T14:24:38.810008
Austin Reaves,,,c361a0b8c035a055bd9497b52674e3fb,2026-05-02,01:40,points,19.5,-260.0,188.0,True,fanduel,2026-05-01T14:24:38.810010
Tari Eason,,,c361a0b8c035a055bd9497b52674e3fb,2026-05-02,01:40,points,19.5,440.0,,True,fanduel,2026-05-01T14:24:38.810012
Rui Hachimura,,,c361a0b8c035a055bd9497b52674e3fb,2026-05-02,01:40,points,19.5,630.0,,True,fanduel,2026-05-01T14:24:38.810013
Deandre Ayton,,,c361a0b8c035a055bd9497b52674e3fb,2026-05-02,01:40,points,19.5,680.0,,True,fanduel,2026-05-01T14:24:38.810015
Marcus Smart,,,c361a0b8c035a055bd9497b52674e3fb,2026-05-02,01:40,points,19.5,800.0,,True,fanduel,2026-05-01T14:24:38.810019
Luke Kennard,,,c361a0b8c035a055bd9497b52674e3fb,2026-05-02,01:40,points,19.5,1700.0,,True,fanduel,2026-05-01T14:24:38.810021
Austin Reaves,,,c361a0b8c035a055bd9497b52674e3fb,2026-05-02,01:40,points,15.5,-800.0,470.0,True,fanduel,2026-05-01T14:24:38.810022
Austin Reaves,,,c361a0b8c035a055bd9497b52674e3fb,2026-05-02,01:40,points,16.5,-580.0,360.0,True,fanduel,2026-05-01T14:24:38.810024
Austin Reaves,,,c361a0b8c035a055bd9497b52674e3fb,2026-05-02,01:40,points,17.5,-440.0,290.0,True,fanduel,2026-05-01T14:24:38.810026
Austin Reaves,,,c361a0b8c035a055bd9497b52674e3fb,2026-05-02,01:40,points,18.5,-330.0,230.0,True,fanduel,2026-05-01T14:24:38.810030
Austin Reaves,,,c361a0b8c035a055bd9497b52674e3fb,2026-05-02,01:40,points,20.5,-210.0,154.0,True,fanduel,2026-05-01T14:24:38.810032
Austin Reaves,,,c361a0b8c035a055bd9497b52674e3fb,2026-05-02,01:40,points,21.5,-166.0,124.0,True,fanduel,2026-05-01T14:24:38.810033
Austin Reaves,,,c361a0b8c035a055bd9497b52674e3fb,2026-05-02,01:40,points,22.5,-132.0,100.0,True,fanduel,2026-05-01T14:24:38.810035
Austin Reaves,,,c361a0b8c035a055bd9497b52674e3fb,2026-05-02,01:40,points,23.5,-106.0,-125.0,True,fanduel,2026-05-01T14:24:38.810037
Austin Reaves,,,c361a0b8c035a055bd9497b52674e3fb,2026-05-02,01:40,points,25.5,142.0,-192.0,True,fanduel,2026-05-01T14:24:38.810038
Austin Reaves,,,c361a0b8c035a055bd9497b52674e3fb,2026-05-02,01:40,points,26.5,174.0,-240.0,True,fanduel,2026-05-01T14:24:38.810040
Austin Reaves,,,c361a0b8c035a055bd9497b52674e3fb,2026-05-02,01:40,points,27.5,205.0,-290.0,True,fanduel,2026-05-01T14:24:38.810042
Austin Reaves,,,c361a0b8c035a055bd9497b52674e3fb,2026-05-02,01:40,points,28.5,250.0,-360.0,True,fanduel,2026-05-01T14:24:38.810043
Austin Reaves,,,c361a0b8c035a055bd9497b52674e3fb,2026-05-02,01:40,points,30.5,360.0,-580.0,True,fanduel,2026-05-01T14:24:38.810045
Austin Reaves,,,c361a0b8c035a055bd9497b52674e3fb,2026-05-02,01:40,points,31.5,430.0,-750.0,True,fanduel,2026-05-01T14:24:38.810047
Austin Reaves,,,c361a0b8c035a055bd9497b52674e3fb,2026-05-02,01:40,points,32.5,,-1100.0,True,fanduel,2026-05-01T14:24:38.810048
Austin Reaves,,,c361a0b8c035a055bd9497b52674e3fb,2026-05-02,01:40,points,33.5,,-1450.0,True,fanduel,2026-05-01T14:24:38.810050
Rui Hachimura,,,c361a0b8c035a055bd9497b52674e3fb,2026-05-02,01:40,rebounds,3.5,-120.0,-110.0,False,fanduel,2026-05-01T14:24:38.810074
Marcus Smart,,,c361a0b8c035a055bd9497b52674e3fb,2026-05-02,01:40,rebounds,2.5,-114.0,-114.0,False,fanduel,2026-05-01T14:24:38.810076
Jabari Smith Jr,,,c361a0b8c035a055bd9497b52674e3fb,2026-05-02,01:40,rebounds,7.5,114.0,-152.0,False,fanduel,2026-05-01T14:24:38.810078
Amen Thompson,,,c361a0b8c035a055bd9497b52674e3fb,2026-05-02,01:40,rebounds,7.5,102.0,-136.0,False,fanduel,2026-05-01T14:24:38.810080
Luke Kennard,,,c361a0b8c035a055bd9497b52674e3fb,2026-05-02,01:40,rebounds,2.5,-148.0,114.0,False,fanduel,2026-05-01T14:24:38.810082
Tari Eason,,,c361a0b8c035a055bd9497b52674e3fb,2026-05-02,01:40,rebounds,6.5,-152.0,114.0,False,fanduel,2026-05-01T14:24:38.810083
Alperen Sengun,,,c361a0b8c035a055bd9497b52674e3fb,2026-05-02,01:40,rebounds,9.5,-114.0,-114.0,False,fanduel,2026-05-01T14:24:38.810085
Reed Sheppard,,,c361a0b8c035a055bd9497b52674e3fb,2026-05-02,01:40,rebounds,2.5,102.0,-136.0,False,fanduel,2026-05-01T14:24:38.810087
Josh Okogie,,,c361a0b8c035a055bd9497b52674e3fb,2026-05-02,01:40,rebounds,2.5,108.0,-144.0,False,fanduel,2026-05-01T14:24:38.810088
LeBron James,,,c361a0b8c035a055bd9497b52674e3fb,2026-05-02,01:40,rebounds,6.5,-138.0,104.0,False,fanduel,2026-05-01T14:24:38.810090
Deandre Ayton,,,c361a0b8c035a055bd9497b52674e3fb,2026-05-02,01:40,rebounds,8.5,-118.0,-112.0,False,fanduel,2026-05-01T14:24:38.810092
Austin Reaves,,,c361a0b8c035a055bd9497b52674e3fb,2026-05-02,01:40,rebounds,3.5,-158.0,118.0,False,fanduel,2026-05-01T14:24:38.810094
Marcus Smart,,,c361a0b8c035a055bd9497b52674e3fb,2026-05-02,01:40,rebounds,1.5,-360.0,250.0,True,fanduel,2026-05-01T14:24:38.810179
Marcus Smart,,,c361a0b8c035a055bd9497b52674e3fb,2026-05-02,01:40,rebounds,2.5,-114.0,-114.0,True,fanduel,2026-05-01T14:24:38.810181
Marcus Smart,,,c361a0b8c035a055bd9497b52674e3fb,2026-05-02,01:40,rebounds,3.5,230.0,-320.0,True,fanduel,2026-05-01T14:24:38.810183
Marcus Smart,,,c361a0b8c035a055bd9497b52674e3fb,2026-05-02,01:40,rebounds,4.5,,-1000.0,True,fanduel,2026-05-01T14:24:38.810185
Amen Thompson,,,c361a0b8c035a055bd9497b52674e3fb,2026-05-02,01:40,rebounds,4.5,-1000.0,,True,fanduel,2026-05-01T14:24:38.810187
Amen Thompson,,,c361a0b8c035a055bd9497b52674e3fb,2026-05-02,01:40,rebounds,5.5,-370.0,265.0,True,fanduel,2026-05-01T14:24:38.810188
Amen Thompson,,,c361a0b8c035a055bd9497b52674e3fb,2026-05-02,01:40,rebounds,6.5,-192.0,142.0,True,fanduel,2026-05-01T14:24:38.810190
Amen Thompson,,,c361a0b8c035a055bd9497b52674e3fb,2026-05-02,01:40,rebounds,7.5,104.0,-136.0,True,fanduel,2026-05-01T14:24:38.810192
Amen Thompson,,,c361a0b8c035a055bd9497b52674e3fb,2026-05-02,01:40,rebounds,8.5,178.0,-245.0,True,fanduel,2026-05-01T14:24:38.810193
Amen Thompson,,,c361a0b8c035a055bd9497b52674e3fb,2026-05-02,01:40,rebounds,9.5,260.0,-380.0,True,fanduel,2026-05-01T14:24:38.810195
Amen Thompson,,,c361a0b8c035a055bd9497b52674e3fb,2026-05-02,01:40,rebounds,10.5,430.0,-750.0,True,fanduel,2026-05-01T14:24:38.810197
Jabari Smith Jr,,,c361a0b8c035a055bd9497b52674e3fb,2026-05-02,01:40,rebounds,4.5,-750.0,430.0,True,fanduel,2026-05-01T14:24:38.810198
Jabari Smith Jr,,,c361a0b8c035a055bd9497b52674e3fb,2026-05-02,01:40,rebounds,5.5,-330.0,235.0,True,fanduel,2026-05-01T14:24:38.810200
Jabari Smith Jr,,,c361a0b8c035a055bd9497b52674e3fb,2026-05-02,01:40,rebounds,6.5,-168.0,126.0,True,fanduel,2026-05-01T14:24:38.810202
Jabari Smith Jr,,,c361a0b8c035a055bd9497b52674e3fb,2026-05-02,01:40,rebounds,7.5,114.0,-152.0,True,fanduel,2026-05-01T14:24:38.810203
Jabari Smith Jr,,,c361a0b8c035a055bd9497b52674e3fb,2026-05-02,01:40,rebounds,8.5,198.0,-275.0,True,fanduel,2026-05-01T14:24:38.810205
Jabari Smith Jr,,,c361a0b8c035a055bd9497b52674e3fb,2026-05-02,01:40,rebounds,9.5,300.0,-440.0,True,fanduel,2026-05-01T14:24:38.810207
LeBron James,,,c361a0b8c035a055bd9497b52674e3fb,2026-05-02,01:40,rebounds,4.5,-580.0,360.0,True,fanduel,2026-05-01T14:24:38.810209
LeBron James,,,c361a0b8c035a055bd9497b52674e3fb,2026-05-02,01:40,rebounds,5.5,-265.0,194.0,True,fanduel,2026-05-01T14:24:38.810210
LeBron James,,,c361a0b8c035a055bd9497b52674e3fb,2026-05-02,01:40,rebounds,6.5,-138.0,104.0,True,fanduel,2026-05-01T14:24:38.810212
LeBron James,,,c361a0b8c035a055bd9497b52674e3fb,2026-05-02,01:40,rebounds,7.5,138.0,-186.0,True,fanduel,2026-05-01T14:24:38.810214
LeBron James,,,c361a0b8c035a055bd9497b52674e3fb,2026-05-02,01:40,rebounds,8.5,220.0,-310.0,True,fanduel,2026-05-01T14:24:38.810215
LeBron James,,,c361a0b8c035a055bd9497b52674e3fb,2026-05-02,01:40,rebounds,9.5,310.0,-450.0,True,fanduel,2026-05-01T14:24:38.810217
Alperen Sengun,,,c361a0b8c035a055bd9497b52674e3fb,2026-05-02,01:40,rebounds,9.5,-114.0,-114.0,True,fanduel,2026-05-01T14:24:38.810219
Deandre Ayton,,,c361a0b8c035a055bd9497b52674e3fb,2026-05-02,01:40,rebounds,9.5,118.0,-158.0,True,fanduel,2026-05-01T14:24:38.810220
Tari Eason,,,c361a0b8c035a055bd9497b52674e3fb,2026-05-02,01:40,rebounds,9.5,310.0,-470.0,True,fanduel,2026-05-01T14:24:38.810222
Alperen Sengun,,,c361a0b8c035a055bd9497b52674e3fb,2026-05-02,01:40,rebounds,5.5,-1400.0,,True,fanduel,2026-05-01T14:24:38.810226
Alperen Sengun,,,c361a0b8c035a055bd9497b52674e3fb,2026-05-02,01:40,rebounds,6.5,-580.0,360.0,True,fanduel,2026-05-01T14:24:38.810228
Alperen Sengun,,,c361a0b8c035a055bd9497b52674e3fb,2026-05-02,01:40,rebounds,7.5,-290.0,205.0,True,fanduel,2026-05-01T14:24:38.810229
Alperen Sengun,,,c361a0b8c035a055bd9497b52674e3fb,2026-05-02,01:40,rebounds,8.5,-166.0,124.0,True,fanduel,2026-05-01T14:24:38.810231
Alperen Sengun,,,c361a0b8c035a055bd9497b52674e3fb,2026-05-02,01:40,rebounds,10.5,148.0,-200.0,True,fanduel,2026-05-01T14:24:38.810233
Alperen Sengun,,,c361a0b8c035a055bd9497b52674e3fb,2026-05-02,01:40,rebounds,11.5,250.0,-350.0,True,fanduel,2026-05-01T14:24:38.810235
Alperen Sengun,,,c361a0b8c035a055bd9497b52674e3fb,2026-05-02,01:40,rebounds,12.5,390.0,-650.0,True,fanduel,2026-05-01T14:24:38.810236
Alperen Sengun,,,c361a0b8c035a055bd9497b52674e3fb,2026-05-02,01:40,rebounds,13.5,630.0,-1400.0,True,fanduel,2026-05-01T14:24:38.810238
Deandre Ayton,,,c361a0b8c035a055bd9497b52674e3fb,2026-05-02,01:40,rebounds,5.5,-750.0,430.0,True,fanduel,2026-05-01T14:24:38.810240
Deandre Ayton,,,c361a0b8c035a055bd9497b52674e3fb,2026-05-02,01:40,rebounds,6.5,-360.0,255.0,True,fanduel,2026-05-01T14:24:38.810241
Deandre Ayton,,,c361a0b8c035a055bd9497b52674e3fb,2026-05-02,01:40,rebounds,7.5,-196.0,152.0,True,fanduel,2026-05-01T14:24:38.810243
Deandre Ayton,,,c361a0b8c035a055bd9497b52674e3fb,2026-05-02,01:40,rebounds,8.5,-118.0,-112.0,True,fanduel,2026-05-01T14:24:38.810245
Deandre Ayton,,,c361a0b8c035a055bd9497b52674e3fb,2026-05-02,01:40,rebounds,10.5,194.0,-270.0,True,fanduel,2026-05-01T14:24:38.810246
Deandre Ayton,,,c361a0b8c035a055bd9497b52674e3fb,2026-05-02,01:40,rebounds,11.5,300.0,-440.0,True,fanduel,2026-05-01T14:24:38.810248
Deandre Ayton,,,c361a0b8c035a055bd9497b52674e3fb,2026-05-02,01:40,rebounds,12.5,450.0,-800.0,True,fanduel,2026-05-01T14:24:38.810250
Tari Eason,,,c361a0b8c035a055bd9497b52674e3fb,2026-05-02,01:40,rebounds,4.5,-650.0,390.0,True,fanduel,2026-05-01T14:24:38.810251
Tari Eason,,,c361a0b8c035a055bd9497b52674e3fb,2026-05-02,01:40,rebounds,5.5,-295.0,210.0,True,fanduel,2026-05-01T14:24:38.810253
Tari Eason,,,c361a0b8c035a055bd9497b52674e3fb,2026-05-02,01:40,rebounds,6.5,-152.0,114.0,True,fanduel,2026-05-01T14:24:38.810255
Tari Eason,,,c361a0b8c035a055bd9497b52674e3fb,2026-05-02,01:40,rebounds,7.5,128.0,-166.0,True,fanduel,2026-05-01T14:24:38.810256
Tari Eason,,,c361a0b8c035a055bd9497b52674e3fb,2026-05-02,01:40,rebounds,8.5,220.0,-310.0,True,fanduel,2026-05-01T14:24:38.810258
Amen Thompson,,,c361a0b8c035a055bd9497b52674e3fb,2026-05-02,01:40,rebounds,3.5,-4000.0,,True,fanduel,2026-05-01T14:24:38.810260
Jabari Smith Jr,,,c361a0b8c035a055bd9497b52674e3fb,2026-05-02,01:40,rebounds,3.5,-2500.0,,True,fanduel,2026-05-01T14:24:38.810261
LeBron James,,,c361a0b8c035a055bd9497b52674e3fb,2026-05-02,01:40,rebounds,3.5,-1800.0,,True,fanduel,2026-05-01T14:24:38.810263
Tari Eason,,,c361a0b8c035a055bd9497b52674e3fb,2026-05-02,01:40,rebounds,3.5,-2000.0,,True,fanduel,2026-05-01T14:24:38.810265
Austin Reaves,,,c361a0b8c035a055bd9497b52674e3fb,2026-05-02,01:40,rebounds,3.5,-158.0,118.0,True,fanduel,2026-05-01T14:24:38.810266
Rui Hachimura,,,c361a0b8c035a055bd9497b52674e3fb,2026-05-02,01:40,rebounds,3.5,-120.0,-110.0,True,fanduel,2026-05-01T14:24:38.810268
Jaxson Hayes,,,c361a0b8c035a055bd9497b52674e3fb,2026-05-02,01:40,rebounds,3.5,122.0,,True,fanduel,2026-05-01T14:24:38.810270
Luke Kennard,,,c361a0b8c035a055bd9497b52674e3fb,2026-05-02,01:40,rebounds,3.5,176.0,,True,fanduel,2026-05-01T14:24:38.810272
Josh Okogie,,,c361a0b8c035a055bd9497b52674e3fb,2026-05-02,01:40,rebounds,3.5,240.0,,True,fanduel,2026-05-01T14:24:38.810273
Reed Sheppard,,,c361a0b8c035a055bd9497b52674e3fb,2026-05-02,01:40,rebounds,3.5,270.0,-400.0,True,fanduel,2026-05-01T14:24:38.810275
Dorian Finney-Smith,,,c361a0b8c035a055bd9497b52674e3fb,2026-05-02,01:40,rebounds,3.5,350.0,,True,fanduel,2026-05-01T14:24:38.810277
Deandre Ayton,,,c361a0b8c035a055bd9497b52674e3fb,2026-05-02,01:40,rebounds,13.5,750.0,,True,fanduel,2026-05-01T14:24:38.810278
Amen Thompson,,,c361a0b8c035a055bd9497b52674e3fb,2026-05-02,01:40,rebounds,13.5,1700.0,,True,fanduel,2026-05-01T14:24:38.810280
Jabari Smith Jr,,,c361a0b8c035a055bd9497b52674e3fb,2026-05-02,01:40,rebounds,13.5,1800.0,,True,fanduel,2026-05-01T14:24:38.810282
Tari Eason,,,c361a0b8c035a055bd9497b52674e3fb,2026-05-02,01:40,rebounds,13.5,1800.0,,True,fanduel,2026-05-01T14:24:38.810283
LeBron James,,,c361a0b8c035a055bd9497b52674e3fb,2026-05-02,01:40,rebounds,13.5,3000.0,,True,fanduel,2026-05-01T14:24:38.810285
Rui Hachimura,,,c361a0b8c035a055bd9497b52674e3fb,2026-05-02,01:40,rebounds,1.5,-1100.0,,True,fanduel,2026-05-01T14:24:38.810287
Rui Hachimura,,,c361a0b8c035a055bd9497b52674e3fb,2026-05-02,01:40,rebounds,2.5,-300.0,210.0,True,fanduel,2026-05-01T14:24:38.810288
Rui Hachimura,,,c361a0b8c035a055bd9497b52674e3fb,2026-05-02,01:40,rebounds,4.5,182.0,-250.0,True,fanduel,2026-05-01T14:24:38.810290
Rui Hachimura,,,c361a0b8c035a055bd9497b52674e3fb,2026-05-02,01:40,rebounds,5.5,360.0,-580.0,True,fanduel,2026-05-01T14:24:38.810292
Austin Reaves,,,c361a0b8c035a055bd9497b52674e3fb,2026-05-02,01:40,rebounds,5.5,280.0,-420.0,True,fanduel,2026-05-01T14:24:38.810293
Jaxson Hayes,,,c361a0b8c035a055bd9497b52674e3fb,2026-05-02,01:40,rebounds,5.5,450.0,,True,fanduel,2026-05-01T14:24:38.810295
Luke Kennard,,,c361a0b8c035a055bd9497b52674e3fb,2026-05-02,01:40,rebounds,5.5,830.0,,True,fanduel,2026-05-01T14:24:38.810297
Josh Okogie,,,c361a0b8c035a055bd9497b52674e3fb,2026-05-02,01:40,rebounds,5.5,900.0,,True,fanduel,2026-05-01T14:24:38.810299
Austin Reaves,,,c361a0b8c035a055bd9497b52674e3fb,2026-05-02,01:40,rebounds,7.5,1060.0,,True,fanduel,2026-05-01T14:24:38.810300
Rui Hachimura,,,c361a0b8c035a055bd9497b52674e3fb,2026-05-02,01:40,rebounds,7.5,1200.0,,True,fanduel,2026-05-01T14:24:38.810302
Jaxson Hayes,,,c361a0b8c035a055bd9497b52674e3fb,2026-05-02,01:40,rebounds,7.5,1300.0,,True,fanduel,2026-05-01T14:24:38.810304
Reed Sheppard,,,c361a0b8c035a055bd9497b52674e3fb,2026-05-02,01:40,rebounds,1.5,-320.0,225.0,True,fanduel,2026-05-01T14:24:38.810305
Reed Sheppard,,,c361a0b8c035a055bd9497b52674e3fb,2026-05-02,01:40,rebounds,2.5,102.0,-136.0,True,fanduel,2026-05-01T14:24:38.810307
Reed Sheppard,,,c361a0b8c035a055bd9497b52674e3fb,2026-05-02,01:40,rebounds,4.5,,-1400.0,True,fanduel,2026-05-01T14:24:38.810309
Amen Thompson,,,c361a0b8c035a055bd9497b52674e3fb,2026-05-02,01:40,rebounds,11.5,800.0,,True,fanduel,2026-05-01T14:24:38.810311
Jabari Smith Jr,,,c361a0b8c035a055bd9497b52674e3fb,2026-05-02,01:40,rebounds,11.5,870.0,,True,fanduel,2026-05-01T14:24:38.810312
Tari Eason,,,c361a0b8c035a055bd9497b52674e3fb,2026-05-02,01:40,rebounds,11.5,870.0,,True,fanduel,2026-05-01T14:24:38.810316
LeBron James,,,c361a0b8c035a055bd9497b52674e3fb,2026-05-02,01:40,rebounds,11.5,900.0,,True,fanduel,2026-05-01T14:24:38.810318
Alperen Sengun,,,c361a0b8c035a055bd9497b52674e3fb,2026-05-02,01:40,rebounds,15.5,1400.0,,True,fanduel,2026-05-01T14:24:38.810320
Deandre Ayton,,,c361a0b8c035a055bd9497b52674e3fb,2026-05-02,01:40,rebounds,15.5,1500.0,,True,fanduel,2026-05-01T14:24:38.810322
Austin Reaves,,,c361a0b8c035a055bd9497b52674e3fb,2026-05-02,01:40,rebounds,2.5,-420.0,280.0,True,fanduel,2026-05-01T14:24:38.810324
Austin Reaves,,,c361a0b8c035a055bd9497b52674e3fb,2026-05-02,01:40,rebounds,4.5,146.0,-200.0,True,fanduel,2026-05-01T14:24:38.810326
Austin Reaves,,,c361a0b8c035a055bd9497b52674e3fb,2026-05-02,01:40,rebounds,6.5,,-1100.0,True,fanduel,2026-05-01T14:24:38.810327
Austin Reaves,,,c361a0b8c035a055bd9497b52674e3fb,2026-05-02,01:40,threes,1.5,-174.0,130.0,False,fanduel,2026-05-01T14:24:38.810340
Marcus Smart,,,c361a0b8c035a055bd9497b52674e3fb,2026-05-02,01:40,threes,1.5,-154.0,116.0,False,fanduel,2026-05-01T14:24:38.810342
Rui Hachimura,,,c361a0b8c035a055bd9497b52674e3fb,2026-05-02,01:40,threes,1.5,-122.0,-108.0,False,fanduel,2026-05-01T14:24:38.810344
Jabari Smith Jr,,,c361a0b8c035a055bd9497b52674e3fb,2026-05-02,01:40,threes,2.5,-114.0,-114.0,False,fanduel,2026-05-01T14:24:38.810346
Luke Kennard,,,c361a0b8c035a055bd9497b52674e3fb,2026-05-02,01:40,threes,1.5,162.0,-225.0,False,fanduel,2026-05-01T14:24:38.810347
Tari Eason,,,c361a0b8c035a055bd9497b52674e3fb,2026-05-02,01:40,threes,1.5,-114.0,-114.0,False,fanduel,2026-05-01T14:24:38.810349
LeBron James,,,c361a0b8c035a055bd9497b52674e3fb,2026-05-02,01:40,threes,1.5,118.0,-158.0,False,fanduel,2026-05-01T14:24:38.810351
Reed Sheppard,,,c361a0b8c035a055bd9497b52674e3fb,2026-05-02,01:40,threes,3.5,128.0,-172.0,False,fanduel,2026-05-01T14:24:38.810352
Reed Sheppard,,,c361a0b8c035a055bd9497b52674e3fb,2026-05-02,01:40,threes,1.5,-670.0,410.0,True,fanduel,2026-05-01T14:24:38.810395
Reed Sheppard,,,c361a0b8c035a055bd9497b52674e3fb,2026-05-02,01:40,threes,2.5,-196.0,152.0,True,fanduel,2026-05-01T14:24:38.810397
Reed Sheppard,,,c361a0b8c035a055bd9497b52674e3fb,2026-05-02,01:40,threes,3.5,130.0,-172.0,True,fanduel,2026-05-01T14:24:38.810398
Reed Sheppard,,,c361a0b8c035a055bd9497b52674e3fb,2026-05-02,01:40,threes,4.5,290.0,-420.0,True,fanduel,2026-05-01T14:24:38.810400
Reed Sheppard,,,c361a0b8c035a055bd9497b52674e3fb,2026-05-02,01:40,threes,5.5,600.0,-1200.0,True,fanduel,2026-05-01T14:24:38.810402
Jabari Smith Jr,,,c361a0b8c035a055bd9497b52674e3fb,2026-05-02,01:40,threes,1.5,-370.0,265.0,True,fanduel,2026-05-01T14:24:38.810404
Jabari Smith Jr,,,c361a0b8c035a055bd9497b52674e3fb,2026-05-02,01:40,threes,2.5,-113.0,-114.0,True,fanduel,2026-05-01T14:24:38.810405
Jabari Smith Jr,,,c361a0b8c035a055bd9497b52674e3fb,2026-05-02,01:40,threes,3.5,230.0,-310.0,True,fanduel,2026-05-01T14:24:38.810407
Jabari Smith Jr,,,c361a0b8c035a055bd9497b52674e3fb,2026-05-02,01:40,threes,4.5,500.0,-900.0,True,fanduel,2026-05-01T14:24:38.810409
Austin Reaves,,,c361a0b8c035a055bd9497b52674e3fb,2026-05-02,01:40,threes,0.5,-1000.0,,True,fanduel,2026-05-01T14:24:38.810413
Austin Reaves,,,c361a0b8c035a055bd9497b52674e3fb,2026-05-02,01:40,threes,1.5,-170.0,130.0,True,fanduel,2026-05-01T14:24:38.810415
Austin Reaves,,,c361a0b8c035a055bd9497b52674e3fb,2026-05-02,01:40,threes,2.5,180.0,-245.0,True,fanduel,2026-05-01T14:24:38.810416
Austin Reaves,,,c361a0b8c035a055bd9497b52674e3fb,2026-05-02,01:40,threes,3.5,450.0,-750.0,True,fanduel,2026-05-01T14:24:38.810418
LeBron James,,,c361a0b8c035a055bd9497b52674e3fb,2026-05-02,01:40,threes,0.5,-430.0,290.0,True,fanduel,2026-05-01T14:24:38.810420
LeBron James,,,c361a0b8c035a055bd9497b52674e3fb,2026-05-02,01:40,threes,1.5,120.0,-158.0,True,fanduel,2026-05-01T14:24:38.810422
LeBron James,,,c361a0b8c035a055bd9497b52674e3fb,2026-05-02,01:40,threes,2.5,390.0,-600.0,True,fanduel,2026-05-01T14:24:38.810423
Jabari Smith Jr,,,c361a0b8c035a055bd9497b52674e3fb,2026-05-02,01:40,threes,0.5,-3000.0,,True,fanduel,2026-05-01T14:24:38.810425
Marcus Smart,,,c361a0b8c035a055bd9497b52674e3fb,2026-05-02,01:40,threes,0.5,-800.0,450.0,True,fanduel,2026-05-01T14:24:38.810426
Rui Hachimura,,,c361a0b8c035a055bd9497b52674e3fb,2026-05-02,01:40,threes,0.5,-650.0,390.0,True,fanduel,2026-05-01T14:24:38.810430
Tari Eason,,,c361a0b8c035a055bd9497b52674e3fb,2026-05-02,01:40,threes,0.5,-580.0,360.0,True,fanduel,2026-05-01T14:24:38.810432
Luke Kennard,,,c361a0b8c035a055bd9497b52674e3fb,2026-05-02,01:40,threes,0.5,-280.0,,True,fanduel,2026-05-01T14:24:38.810434
Marcus Smart,,,c361a0b8c035a055bd9497b52674e3fb,2026-05-02,01:40,threes,1.5,-154.0,116.0,True,fanduel,2026-05-01T14:24:38.810435
Rui Hachimura,,,c361a0b8c035a055bd9497b52674e3fb,2026-05-02,01:40,threes,1.5,-122.0,-108.0,True,fanduel,2026-05-01T14:24:38.810437
Tari Eason,,,c361a0b8c035a055bd9497b52674e3fb,2026-05-02,01:40,threes,1.5,-114.0,-114.0,True,fanduel,2026-05-01T14:24:38.810439
Luke Kennard,,,c361a0b8c035a055bd9497b52674e3fb,2026-05-02,01:40,threes,1.5,164.0,,True,fanduel,2026-05-01T14:24:38.810440
Austin Reaves,,,c361a0b8c035a055bd9497b52674e3fb,2026-05-02,01:40,threes,5.5,2000.0,,True,fanduel,2026-05-01T14:24:38.810442
Marcus Smart,,,c361a0b8c035a055bd9497b52674e3fb,2026-05-02,01:40,threes,5.5,3000.0,,True,fanduel,2026-05-01T14:24:38.810444
Jabari Smith Jr,,,c361a0b8c035a055bd9497b52674e3fb,2026-05-02,01:40,threes,5.5,1060.0,,True,fanduel,2026-05-01T14:24:38.810445
Tari Eason,,,c361a0b8c035a055bd9497b52674e3fb,2026-05-02,01:40,threes,2.5,285.0,-420.0,True,fanduel,2026-05-01T14:24:38.810447
Marcus Smart,,,c361a0b8c035a055bd9497b52674e3fb,2026-05-02,01:40,threes,2.5,215.0,-290.0,True,fanduel,2026-05-01T14:24:38.810448
Marcus Smart,,,c361a0b8c035a055bd9497b52674e3fb,2026-05-02,01:40,threes,3.5,540.0,-1000.0,True,fanduel,2026-05-01T14:24:38.810450
Jabari Smith Jr,,,c361a0b8c035a055bd9497b52674e3fb,2026-05-02,01:40,threes,6.5,2000.0,,True,fanduel,2026-05-01T14:24:38.810452
Reed Sheppard,,,c361a0b8c035a055bd9497b52674e3fb,2026-05-02,01:40,threes,6.5,1300.0,,True,fanduel,2026-05-01T14:24:38.810454
Rui Hachimura,,,c361a0b8c035a055bd9497b52674e3fb,2026-05-02,01:40,threes,3.5,750.0,,True,fanduel,2026-05-01T14:24:38.810455
Tari Eason,,,c361a0b8c035a055bd9497b52674e3fb,2026-05-02,01:40,threes,3.5,800.0,,True,fanduel,2026-05-01T14:24:38.810457
LeBron James,,,c361a0b8c035a055bd9497b52674e3fb,2026-05-02,01:40,threes,3.5,1060.0,,True,fanduel,2026-05-01T14:24:38.810461
Luke Kennard,,,c361a0b8c035a055bd9497b52674e3fb,2026-05-02,01:40,threes,3.5,1300.0,,True,fanduel,2026-05-01T14:24:38.810463
Rui Hachimura,,,c361a0b8c035a055bd9497b52674e3fb,2026-05-02,01:40,threes,2.5,280.0,-400.0,True,fanduel,2026-05-01T14:24:38.810465
Reed Sheppard,,,c361a0b8c035a055bd9497b52674e3fb,2026-05-02,01:40,threes,7.5,2500.0,,True,fanduel,2026-05-01T14:24:38.810466
Austin Reaves,,,c361a0b8c035a055bd9497b52674e3fb,2026-05-02,01:40,threes,4.5,1100.0,,True,fanduel,2026-05-01T14:24:38.810468
Marcus Smart,,,c361a0b8c035a055bd9497b52674e3fb,2026-05-02,01:40,threes,4.5,1300.0,,True,fanduel,2026-05-01T14:24:38.810470
Rui Hachimura,,,c361a0b8c035a055bd9497b52674e3fb,2026-05-02,01:40,threes,4.5,2000.0,,True,fanduel,2026-05-01T14:24:38.810474
Tari Eason,,,c361a0b8c035a055bd9497b52674e3fb,2026-05-02,01:40,threes,4.5,2000.0,,True,fanduel,2026-05-01T14:24:38.810476
Luke Kennard,,,c361a0b8c035a055bd9497b52674e3fb,2026-05-02,01:40,threes,2.5,500.0,,True,fanduel,2026-05-01T14:24:38.810477
Jayson Tatum,,,a37e80a2e3cf3aaa3ae84a9124987058,2026-05-02,23:40,assists,6.5,106.0,-140.0,False,fanduel,2026-05-01T14:24:38.881427
Tyrese Maxey,,,a37e80a2e3cf3aaa3ae84a9124987058,2026-05-02,23:40,assists,6.5,100.0,-132.0,False,fanduel,2026-05-01T14:24:38.881429
Derrick White,,,a37e80a2e3cf3aaa3ae84a9124987058,2026-05-02,23:40,assists,3.5,-128.0,-104.0,False,fanduel,2026-05-01T14:24:38.881430
Paul George,,,a37e80a2e3cf3aaa3ae84a9124987058,2026-05-02,23:40,assists,3.5,116.0,-154.0,False,fanduel,2026-05-01T14:24:38.881432
Joel Embiid,,,a37e80a2e3cf3aaa3ae84a9124987058,2026-05-02,23:40,assists,4.5,-130.0,-102.0,False,fanduel,2026-05-01T14:24:38.881436
Payton Pritchard,,,a37e80a2e3cf3aaa3ae84a9124987058,2026-05-02,23:40,assists,3.5,-158.0,118.0,False,fanduel,2026-05-01T14:24:38.881438
VJ Edgecombe,,,a37e80a2e3cf3aaa3ae84a9124987058,2026-05-02,23:40,assists,3.5,142.0,-192.0,False,fanduel,2026-05-01T14:24:38.881439
Jaylen Brown,,,a37e80a2e3cf3aaa3ae84a9124987058,2026-05-02,23:40,assists,4.5,134.0,-180.0,False,fanduel,2026-05-01T14:24:38.881441
Tyrese Maxey,,,a37e80a2e3cf3aaa3ae84a9124987058,2026-05-02,23:40,assists,5.5,-200.0,,True,fanduel,2026-05-01T14:24:38.881460
Jayson Tatum,,,a37e80a2e3cf3aaa3ae84a9124987058,2026-05-02,23:40,assists,5.5,-186.0,,True,fanduel,2026-05-01T14:24:38.881462
Joel Embiid,,,a37e80a2e3cf3aaa3ae84a9124987058,2026-05-02,23:40,assists,5.5,164.0,,True,fanduel,2026-05-01T14:24:38.881463
Jaylen Brown,,,a37e80a2e3cf3aaa3ae84a9124987058,2026-05-02,23:40,assists,5.5,285.0,,True,fanduel,2026-05-01T14:24:38.881465
Payton Pritchard,,,a37e80a2e3cf3aaa3ae84a9124987058,2026-05-02,23:40,assists,5.5,300.0,,True,fanduel,2026-05-01T14:24:38.881467
Derrick White,,,a37e80a2e3cf3aaa3ae84a9124987058,2026-05-02,23:40,assists,5.5,390.0,,True,fanduel,2026-05-01T14:24:38.881469
Paul George,,,a37e80a2e3cf3aaa3ae84a9124987058,2026-05-02,23:40,assists,5.5,600.0,,True,fanduel,2026-05-01T14:24:38.881471
VJ Edgecombe,,,a37e80a2e3cf3aaa3ae84a9124987058,2026-05-02,23:40,assists,5.5,750.0,,True,fanduel,2026-05-01T14:24:38.881472
Jayson Tatum,,,a37e80a2e3cf3aaa3ae84a9124987058,2026-05-02,23:40,assists,11.5,1500.0,,True,fanduel,2026-05-01T14:24:38.881474
Tyrese Maxey,,,a37e80a2e3cf3aaa3ae84a9124987058,2026-05-02,23:40,assists,11.5,1500.0,,True,fanduel,2026-05-01T14:24:38.881476
Jayson Tatum,,,a37e80a2e3cf3aaa3ae84a9124987058,2026-05-02,23:40,assists,3.5,-1400.0,,True,fanduel,2026-05-01T14:24:38.881478
Tyrese Maxey,,,a37e80a2e3cf3aaa3ae84a9124987058,2026-05-02,23:40,assists,3.5,-1200.0,,True,fanduel,2026-05-01T14:24:38.881479
Joel Embiid,,,a37e80a2e3cf3aaa3ae84a9124987058,2026-05-02,23:40,assists,3.5,-310.0,,True,fanduel,2026-05-01T14:24:38.881481
Jaylen Brown,,,a37e80a2e3cf3aaa3ae84a9124987058,2026-05-02,23:40,assists,3.5,-180.0,,True,fanduel,2026-05-01T14:24:38.881483
Payton Pritchard,,,a37e80a2e3cf3aaa3ae84a9124987058,2026-05-02,23:40,assists,3.5,-156.0,,True,fanduel,2026-05-01T14:24:38.881485
Derrick White,,,a37e80a2e3cf3aaa3ae84a9124987058,2026-05-02,23:40,assists,3.5,-122.0,,True,fanduel,2026-05-01T14:24:38.881486
Paul George,,,a37e80a2e3cf3aaa3ae84a9124987058,2026-05-02,23:40,assists,3.5,118.0,,True,fanduel,2026-05-01T14:24:38.881488
VJ Edgecombe,,,a37e80a2e3cf3aaa3ae84a9124987058,2026-05-02,23:40,assists,3.5,142.0,,True,fanduel,2026-05-01T14:24:38.881489
Tyrese Maxey,,,a37e80a2e3cf3aaa3ae84a9124987058,2026-05-02,23:40,assists,9.5,520.0,,True,fanduel,2026-05-01T14:24:38.881491
Jayson Tatum,,,a37e80a2e3cf3aaa3ae84a9124987058,2026-05-02,23:40,assists,9.5,540.0,,True,fanduel,2026-05-01T14:24:38.881493
Joel Embiid,,,a37e80a2e3cf3aaa3ae84a9124987058,2026-05-02,23:40,assists,9.5,1500.0,,True,fanduel,2026-05-01T14:24:38.881495
Jaylen Brown,,,a37e80a2e3cf3aaa3ae84a9124987058,2026-05-02,23:40,assists,1.5,-2500.0,,True,fanduel,2026-05-01T14:24:38.881496
Payton Pritchard,,,a37e80a2e3cf3aaa3ae84a9124987058,2026-05-02,23:40,assists,1.5,-1600.0,,True,fanduel,2026-05-01T14:24:38.881498
Derrick White,,,a37e80a2e3cf3aaa3ae84a9124987058,2026-05-02,23:40,assists,1.5,-1200.0,,True,fanduel,2026-05-01T14:24:38.881500
Paul George,,,a37e80a2e3cf3aaa3ae84a9124987058,2026-05-02,23:40,assists,1.5,-770.0,,True,fanduel,2026-05-01T14:24:38.881501
VJ Edgecombe,,,a37e80a2e3cf3aaa3ae84a9124987058,2026-05-02,23:40,assists,1.5,-620.0,,True,fanduel,2026-05-01T14:24:38.881503
Tyrese Maxey,,,a37e80a2e3cf3aaa3ae84a9124987058,2026-05-02,23:40,assists,7.5,196.0,,True,fanduel,2026-05-01T14:24:38.881505
Jayson Tatum,,,a37e80a2e3cf3aaa3ae84a9124987058,2026-05-02,23:40,assists,7.5,200.0,,True,fanduel,2026-05-01T14:24:38.881506
Joel Embiid,,,a37e80a2e3cf3aaa3ae84a9124987058,2026-05-02,23:40,assists,7.5,600.0,,True,fanduel,2026-05-01T14:24:38.881511
Jaylen Brown,,,a37e80a2e3cf3aaa3ae84a9124987058,2026-05-02,23:40,assists,7.5,1060.0,,True,fanduel,2026-05-01T14:24:38.881512
Payton Pritchard,,,a37e80a2e3cf3aaa3ae84a9124987058,2026-05-02,23:40,assists,7.5,1060.0,,True,fanduel,2026-05-01T14:24:38.881514
Derrick White,,,a37e80a2e3cf3aaa3ae84a9124987058,2026-05-02,23:40,assists,7.5,1400.0,,True,fanduel,2026-05-01T14:24:38.881516
Paul George,,,a37e80a2e3cf3aaa3ae84a9124987058,2026-05-02,23:40,assists,7.5,2000.0,,True,fanduel,2026-05-01T14:24:38.881520
Tyrese Maxey,,,a37e80a2e3cf3aaa3ae84a9124987058,2026-05-02,23:40,points,23.5,-120.0,-110.0,False,fanduel,2026-05-01T14:24:38.881536
Derrick White,,,a37e80a2e3cf3aaa3ae84a9124987058,2026-05-02,23:40,points,10.5,-132.0,100.0,False,fanduel,2026-05-01T14:24:38.881538
Paul George,,,a37e80a2e3cf3aaa3ae84a9124987058,2026-05-02,23:40,points,15.5,-114.0,-114.0,False,fanduel,2026-05-01T14:24:38.881540
Joel Embiid,,,a37e80a2e3cf3aaa3ae84a9124987058,2026-05-02,23:40,points,26.5,-122.0,-108.0,False,fanduel,2026-05-01T14:24:38.881541
Payton Pritchard,,,a37e80a2e3cf3aaa3ae84a9124987058,2026-05-02,23:40,points,12.5,-120.0,-110.0,False,fanduel,2026-05-01T14:24:38.881543
Kelly Oubre Jr,,,a37e80a2e3cf3aaa3ae84a9124987058,2026-05-02,23:40,points,8.5,-130.0,-102.0,False,fanduel,2026-05-01T14:24:38.881545
Jaylen Brown,,,a37e80a2e3cf3aaa3ae84a9124987058,2026-05-02,23:40,points,24.5,-136.0,102.0,False,fanduel,2026-05-01T14:24:38.881546
Sam Hauser,,,a37e80a2e3cf3aaa3ae84a9124987058,2026-05-02,23:40,points,5.5,-136.0,102.0,False,fanduel,2026-05-01T14:24:38.881548
VJ Edgecombe,,,a37e80a2e3cf3aaa3ae84a9124987058,2026-05-02,23:40,points,10.5,-132.0,100.0,False,fanduel,2026-05-01T14:24:38.881550
Quentin Grimes,,,a37e80a2e3cf3aaa3ae84a9124987058,2026-05-02,23:40,points,6.5,-125.0,-106.0,False,fanduel,2026-05-01T14:24:38.881551
Neemias Queta,,,a37e80a2e3cf3aaa3ae84a9124987058,2026-05-02,23:40,points,7.5,-102.0,-130.0,False,fanduel,2026-05-01T14:24:38.881553
Jayson Tatum,,,a37e80a2e3cf3aaa3ae84a9124987058,2026-05-02,23:40,points,24.5,-108.0,-122.0,False,fanduel,2026-05-01T14:24:38.881555
Nikola Vucevic,,,a37e80a2e3cf3aaa3ae84a9124987058,2026-05-02,23:40,points,6.5,-128.0,-104.0,False,fanduel,2026-05-01T14:24:38.881556
Baylor Scheierman,,,a37e80a2e3cf3aaa3ae84a9124987058,2026-05-02,23:40,points,2.5,-132.0,100.0,False,fanduel,2026-05-01T14:24:38.881558
Joel Embiid,,,a37e80a2e3cf3aaa3ae84a9124987058,2026-05-02,23:40,points,39.5,900.0,,True,fanduel,2026-05-01T14:24:38.881583
Tyrese Maxey,,,a37e80a2e3cf3aaa3ae84a9124987058,2026-05-02,23:40,points,39.5,1700.0,,True,fanduel,2026-05-01T14:24:38.881585
Jaylen Brown,,,a37e80a2e3cf3aaa3ae84a9124987058,2026-05-02,23:40,points,39.5,1700.0,,True,fanduel,2026-05-01T14:24:38.881587
Jayson Tatum,,,a37e80a2e3cf3aaa3ae84a9124987058,2026-05-02,23:40,points,39.5,1700.0,,True,fanduel,2026-05-01T14:24:38.881588
Joel Embiid,,,a37e80a2e3cf3aaa3ae84a9124987058,2026-05-02,23:40,points,44.5,1800.0,,True,fanduel,2026-05-01T14:24:38.881590
Joel Embiid,,,a37e80a2e3cf3aaa3ae84a9124987058,2026-05-02,23:40,points,24.5,-184.0,,True,fanduel,2026-05-01T14:24:38.881592
Jaylen Brown,,,a37e80a2e3cf3aaa3ae84a9124987058,2026-05-02,23:40,points,24.5,-132.0,,True,fanduel,2026-05-01T14:24:38.881594
Jayson Tatum,,,a37e80a2e3cf3aaa3ae84a9124987058,2026-05-02,23:40,points,24.5,-106.0,,True,fanduel,2026-05-01T14:24:38.881595
Tyrese Maxey,,,a37e80a2e3cf3aaa3ae84a9124987058,2026-05-02,23:40,points,24.5,104.0,,True,fanduel,2026-05-01T14:24:38.881597
Paul George,,,a37e80a2e3cf3aaa3ae84a9124987058,2026-05-02,23:40,points,24.5,680.0,,True,fanduel,2026-05-01T14:24:38.881599
Payton Pritchard,,,a37e80a2e3cf3aaa3ae84a9124987058,2026-05-02,23:40,points,24.5,1300.0,,True,fanduel,2026-05-01T14:24:38.881600
VJ Edgecombe,,,a37e80a2e3cf3aaa3ae84a9124987058,2026-05-02,23:40,points,24.5,2500.0,,True,fanduel,2026-05-01T14:24:38.881602
Paul George,,,a37e80a2e3cf3aaa3ae84a9124987058,2026-05-02,23:40,points,9.5,-800.0,,True,fanduel,2026-05-01T14:24:38.881606
Payton Pritchard,,,a37e80a2e3cf3aaa3ae84a9124987058,2026-05-02,23:40,points,9.5,-295.0,,True,fanduel,2026-05-01T14:24:38.881608
Derrick White,,,a37e80a2e3cf3aaa3ae84a9124987058,2026-05-02,23:40,points,9.5,-180.0,,True,fanduel,2026-05-01T14:24:38.881609
VJ Edgecombe,,,a37e80a2e3cf3aaa3ae84a9124987058,2026-05-02,23:40,points,9.5,-178.0,,True,fanduel,2026-05-01T14:24:38.881611
Kelly Oubre Jr,,,a37e80a2e3cf3aaa3ae84a9124987058,2026-05-02,23:40,points,9.5,114.0,,True,fanduel,2026-05-01T14:24:38.881613
Neemias Queta,,,a37e80a2e3cf3aaa3ae84a9124987058,2026-05-02,23:40,points,9.5,200.0,,True,fanduel,2026-05-01T14:24:38.881615
Quentin Grimes,,,a37e80a2e3cf3aaa3ae84a9124987058,2026-05-02,23:40,points,9.5,220.0,,True,fanduel,2026-05-01T14:24:38.881616
Nikola Vucevic,,,a37e80a2e3cf3aaa3ae84a9124987058,2026-05-02,23:40,points,9.5,220.0,,True,fanduel,2026-05-01T14:24:38.881618
Sam Hauser,,,a37e80a2e3cf3aaa3ae84a9124987058,2026-05-02,23:40,points,9.5,330.0,,True,fanduel,2026-05-01T14:24:38.881620
Joel Embiid,,,a37e80a2e3cf3aaa3ae84a9124987058,2026-05-02,23:40,points,14.5,-4000.0,,True,fanduel,2026-05-01T14:24:38.881621
Jaylen Brown,,,a37e80a2e3cf3aaa3ae84a9124987058,2026-05-02,23:40,points,14.5,-4500.0,,True,fanduel,2026-05-01T14:24:38.881623
Jayson Tatum,,,a37e80a2e3cf3aaa3ae84a9124987058,2026-05-02,23:40,points,14.5,-3000.0,,True,fanduel,2026-05-01T14:24:38.881625
Tyrese Maxey,,,a37e80a2e3cf3aaa3ae84a9124987058,2026-05-02,23:40,points,14.5,-1450.0,,True,fanduel,2026-05-01T14:24:38.881626
Paul George,,,a37e80a2e3cf3aaa3ae84a9124987058,2026-05-02,23:40,points,14.5,-150.0,,True,fanduel,2026-05-01T14:24:38.881628
Payton Pritchard,,,a37e80a2e3cf3aaa3ae84a9124987058,2026-05-02,23:40,points,14.5,138.0,,True,fanduel,2026-05-01T14:24:38.881630
VJ Edgecombe,,,a37e80a2e3cf3aaa3ae84a9124987058,2026-05-02,23:40,points,14.5,240.0,,True,fanduel,2026-05-01T14:24:38.881631
Derrick White,,,a37e80a2e3cf3aaa3ae84a9124987058,2026-05-02,23:40,points,14.5,265.0,,True,fanduel,2026-05-01T14:24:38.881633
Kelly Oubre Jr,,,a37e80a2e3cf3aaa3ae84a9124987058,2026-05-02,23:40,points,14.5,520.0,,True,fanduel,2026-05-01T14:24:38.881635
Quentin Grimes,,,a37e80a2e3cf3aaa3ae84a9124987058,2026-05-02,23:40,points,14.5,830.0,,True,fanduel,2026-05-01T14:24:38.881636
Neemias Queta,,,a37e80a2e3cf3aaa3ae84a9124987058,2026-05-02,23:40,points,14.5,870.0,,True,fanduel,2026-05-01T14:24:38.881638
Nikola Vucevic,,,a37e80a2e3cf3aaa3ae84a9124987058,2026-05-02,23:40,points,14.5,870.0,,True,fanduel,2026-05-01T14:24:38.881640
Sam Hauser,,,a37e80a2e3cf3aaa3ae84a9124987058,2026-05-02,23:40,points,14.5,1400.0,,True,fanduel,2026-05-01T14:24:38.881641
Joel Embiid,,,a37e80a2e3cf3aaa3ae84a9124987058,2026-05-02,23:40,points,19.5,-590.0,,True,fanduel,2026-05-01T14:24:38.881643
Jaylen Brown,,,a37e80a2e3cf3aaa3ae84a9124987058,2026-05-02,23:40,points,19.5,-520.0,,True,fanduel,2026-05-01T14:24:38.881645
Jayson Tatum,,,a37e80a2e3cf3aaa3ae84a9124987058,2026-05-02,23:40,points,19.5,-400.0,,True,fanduel,2026-05-01T14:24:38.881646
Tyrese Maxey,,,a37e80a2e3cf3aaa3ae84a9124987058,2026-05-02,23:40,points,19.5,-310.0,,True,fanduel,2026-05-01T14:24:38.881650
Paul George,,,a37e80a2e3cf3aaa3ae84a9124987058,2026-05-02,23:40,points,19.5,235.0,,True,fanduel,2026-05-01T14:24:38.881652
Payton Pritchard,,,a37e80a2e3cf3aaa3ae84a9124987058,2026-05-02,23:40,points,19.5,450.0,,True,fanduel,2026-05-01T14:24:38.881654
VJ Edgecombe,,,a37e80a2e3cf3aaa3ae84a9124987058,2026-05-02,23:40,points,19.5,870.0,,True,fanduel,2026-05-01T14:24:38.881656
Derrick White,,,a37e80a2e3cf3aaa3ae84a9124987058,2026-05-02,23:40,points,19.5,1000.0,,True,fanduel,2026-05-01T14:24:38.881657
Kelly Oubre Jr,,,a37e80a2e3cf3aaa3ae84a9124987058,2026-05-02,23:40,points,19.5,1700.0,,True,fanduel,2026-05-01T14:24:38.881659
Joel Embiid,,,a37e80a2e3cf3aaa3ae84a9124987058,2026-05-02,23:40,points,29.5,152.0,,True,fanduel,2026-05-01T14:24:38.881661
Jaylen Brown,,,a37e80a2e3cf3aaa3ae84a9124987058,2026-05-02,23:40,points,29.5,240.0,,True,fanduel,2026-05-01T14:24:38.881665
Jayson Tatum,,,a37e80a2e3cf3aaa3ae84a9124987058,2026-05-02,23:40,points,29.5,280.0,,True,fanduel,2026-05-01T14:24:38.881667
Tyrese Maxey,,,a37e80a2e3cf3aaa3ae84a9124987058,2026-05-02,23:40,points,29.5,300.0,,True,fanduel,2026-05-01T14:24:38.881668
Paul George,,,a37e80a2e3cf3aaa3ae84a9124987058,2026-05-02,23:40,points,29.5,1700.0,,True,fanduel,2026-05-01T14:24:38.881670
Joel Embiid,,,a37e80a2e3cf3aaa3ae84a9124987058,2026-05-02,23:40,points,34.5,370.0,,True,fanduel,2026-05-01T14:24:38.881672
Jaylen Brown,,,a37e80a2e3cf3aaa3ae84a9124987058,2026-05-02,23:40,points,34.5,750.0,,True,fanduel,2026-05-01T14:24:38.881674
Jayson Tatum,,,a37e80a2e3cf3aaa3ae84a9124987058,2026-05-02,23:40,points,34.5,800.0,,True,fanduel,2026-05-01T14:24:38.881676
Tyrese Maxey,,,a37e80a2e3cf3aaa3ae84a9124987058,2026-05-02,23:40,points,34.5,800.0,,True,fanduel,2026-05-01T14:24:38.881678
Tyrese Maxey,,,a37e80a2e3cf3aaa3ae84a9124987058,2026-05-02,23:40,rebounds,3.5,-158.0,118.0,False,fanduel,2026-05-01T14:24:38.881693
Kelly Oubre Jr,,,a37e80a2e3cf3aaa3ae84a9124987058,2026-05-02,23:40,rebounds,4.5,-158.0,118.0,False,fanduel,2026-05-01T14:24:38.881695
Derrick White,,,a37e80a2e3cf3aaa3ae84a9124987058,2026-05-02,23:40,rebounds,3.5,-104.0,-128.0,False,fanduel,2026-05-01T14:24:38.881696
Jayson Tatum,,,a37e80a2e3cf3aaa3ae84a9124987058,2026-05-02,23:40,rebounds,10.5,-118.0,-112.0,False,fanduel,2026-05-01T14:24:38.881698
Neemias Queta,,,a37e80a2e3cf3aaa3ae84a9124987058,2026-05-02,23:40,rebounds,7.5,102.0,-136.0,False,fanduel,2026-05-01T14:24:38.881700
Paul George,,,a37e80a2e3cf3aaa3ae84a9124987058,2026-05-02,23:40,rebounds,5.5,118.0,-158.0,False,fanduel,2026-05-01T14:24:38.881702
Payton Pritchard,,,a37e80a2e3cf3aaa3ae84a9124987058,2026-05-02,23:40,rebounds,2.5,-172.0,128.0,False,fanduel,2026-05-01T14:24:38.881703
Sam Hauser,,,a37e80a2e3cf3aaa3ae84a9124987058,2026-05-02,23:40,rebounds,3.5,142.0,-192.0,False,fanduel,2026-05-01T14:24:38.881705
Jaylen Brown,,,a37e80a2e3cf3aaa3ae84a9124987058,2026-05-02,23:40,rebounds,5.5,-154.0,116.0,False,fanduel,2026-05-01T14:24:38.881707
Nikola Vucevic,,,a37e80a2e3cf3aaa3ae84a9124987058,2026-05-02,23:40,rebounds,4.5,-114.0,-114.0,False,fanduel,2026-05-01T14:24:38.881709
VJ Edgecombe,,,a37e80a2e3cf3aaa3ae84a9124987058,2026-05-02,23:40,rebounds,5.5,-114.0,-114.0,False,fanduel,2026-05-01T14:24:38.881710
Joel Embiid,,,a37e80a2e3cf3aaa3ae84a9124987058,2026-05-02,23:40,rebounds,8.5,112.0,-148.0,False,fanduel,2026-05-01T14:24:38.881712
Jayson Tatum,,,a37e80a2e3cf3aaa3ae84a9124987058,2026-05-02,23:40,rebounds,15.5,1000.0,,True,fanduel,2026-05-01T14:24:38.881739
Joel Embiid,,,a37e80a2e3cf3aaa3ae84a9124987058,2026-05-02,23:40,rebounds,15.5,2500.0,,True,fanduel,2026-05-01T14:24:38.881741
Neemias Queta,,,a37e80a2e3cf3aaa3ae84a9124987058,2026-05-02,23:40,rebounds,15.5,3500.0,,True,fanduel,2026-05-01T14:24:38.881742
Jayson Tatum,,,a37e80a2e3cf3aaa3ae84a9124987058,2026-05-02,23:40,rebounds,5.5,-4000.0,,True,fanduel,2026-05-01T14:24:38.881744
Joel Embiid,,,a37e80a2e3cf3aaa3ae84a9124987058,2026-05-02,23:40,rebounds,5.5,-620.0,,True,fanduel,2026-05-01T14:24:38.881746
Neemias Queta,,,a37e80a2e3cf3aaa3ae84a9124987058,2026-05-02,23:40,rebounds,5.5,-320.0,,True,fanduel,2026-05-01T14:24:38.881748
Jaylen Brown,,,a37e80a2e3cf3aaa3ae84a9124987058,2026-05-02,23:40,rebounds,5.5,-150.0,,True,fanduel,2026-05-01T14:24:38.881749
VJ Edgecombe,,,a37e80a2e3cf3aaa3ae84a9124987058,2026-05-02,23:40,rebounds,5.5,-113.0,,True,fanduel,2026-05-01T14:24:38.881751
Paul George,,,a37e80a2e3cf3aaa3ae84a9124987058,2026-05-02,23:40,rebounds,5.5,122.0,,True,fanduel,2026-05-01T14:24:38.881752
Kelly Oubre Jr,,,a37e80a2e3cf3aaa3ae84a9124987058,2026-05-02,23:40,rebounds,5.5,132.0,,True,fanduel,2026-05-01T14:24:38.881754
Nikola Vucevic,,,a37e80a2e3cf3aaa3ae84a9124987058,2026-05-02,23:40,rebounds,5.5,164.0,,True,fanduel,2026-05-01T14:24:38.881756
Tyrese Maxey,,,a37e80a2e3cf3aaa3ae84a9124987058,2026-05-02,23:40,rebounds,5.5,320.0,,True,fanduel,2026-05-01T14:24:38.881757
Derrick White,,,a37e80a2e3cf3aaa3ae84a9124987058,2026-05-02,23:40,rebounds,5.5,470.0,,True,fanduel,2026-05-01T14:24:38.881765
Sam Hauser,,,a37e80a2e3cf3aaa3ae84a9124987058,2026-05-02,23:40,rebounds,5.5,630.0,,True,fanduel,2026-05-01T14:24:38.881767
Payton Pritchard,,,a37e80a2e3cf3aaa3ae84a9124987058,2026-05-02,23:40,rebounds,5.5,700.0,,True,fanduel,2026-05-01T14:24:38.881769
Jayson Tatum,,,a37e80a2e3cf3aaa3ae84a9124987058,2026-05-02,23:40,rebounds,13.5,390.0,,True,fanduel,2026-05-01T14:24:38.881770
Joel Embiid,,,a37e80a2e3cf3aaa3ae84a9124987058,2026-05-02,23:40,rebounds,13.5,1060.0,,True,fanduel,2026-05-01T14:24:38.881772
Neemias Queta,,,a37e80a2e3cf3aaa3ae84a9124987058,2026-05-02,23:40,rebounds,13.5,1400.0,,True,fanduel,2026-05-01T14:24:38.881774
Jayson Tatum,,,a37e80a2e3cf3aaa3ae84a9124987058,2026-05-02,23:40,rebounds,7.5,-520.0,,True,fanduel,2026-05-01T14:24:38.881775
Joel Embiid,,,a37e80a2e3cf3aaa3ae84a9124987058,2026-05-02,23:40,rebounds,7.5,-158.0,,True,fanduel,2026-05-01T14:24:38.881777
Neemias Queta,,,a37e80a2e3cf3aaa3ae84a9124987058,2026-05-02,23:40,rebounds,7.5,104.0,,True,fanduel,2026-05-01T14:24:38.881779
Jaylen Brown,,,a37e80a2e3cf3aaa3ae84a9124987058,2026-05-02,23:40,rebounds,7.5,240.0,,True,fanduel,2026-05-01T14:24:38.881780
VJ Edgecombe,,,a37e80a2e3cf3aaa3ae84a9124987058,2026-05-02,23:40,rebounds,7.5,320.0,,True,fanduel,2026-05-01T14:24:38.881782
Kelly Oubre Jr,,,a37e80a2e3cf3aaa3ae84a9124987058,2026-05-02,23:40,rebounds,7.5,450.0,,True,fanduel,2026-05-01T14:24:38.881786
Paul George,,,a37e80a2e3cf3aaa3ae84a9124987058,2026-05-02,23:40,rebounds,7.5,450.0,,True,fanduel,2026-05-01T14:24:38.881788
Nikola Vucevic,,,a37e80a2e3cf3aaa3ae84a9124987058,2026-05-02,23:40,rebounds,7.5,450.0,,True,fanduel,2026-05-01T14:24:38.881789
Tyrese Maxey,,,a37e80a2e3cf3aaa3ae84a9124987058,2026-05-02,23:40,rebounds,7.5,1200.0,,True,fanduel,2026-05-01T14:24:38.881791
Jayson Tatum,,,a37e80a2e3cf3aaa3ae84a9124987058,2026-05-02,23:40,rebounds,11.5,146.0,,True,fanduel,2026-05-01T14:24:38.881793
Joel Embiid,,,a37e80a2e3cf3aaa3ae84a9124987058,2026-05-02,23:40,rebounds,11.5,440.0,,True,fanduel,2026-05-01T14:24:38.881795
Neemias Queta,,,a37e80a2e3cf3aaa3ae84a9124987058,2026-05-02,23:40,rebounds,11.5,600.0,,True,fanduel,2026-05-01T14:24:38.881797
Jaylen Brown,,,a37e80a2e3cf3aaa3ae84a9124987058,2026-05-02,23:40,rebounds,11.5,1700.0,,True,fanduel,2026-05-01T14:24:38.881798
Nikola Vucevic,,,a37e80a2e3cf3aaa3ae84a9124987058,2026-05-02,23:40,rebounds,11.5,2000.0,,True,fanduel,2026-05-01T14:24:38.881800
VJ Edgecombe,,,a37e80a2e3cf3aaa3ae84a9124987058,2026-05-02,23:40,rebounds,11.5,2500.0,,True,fanduel,2026-05-01T14:24:38.881802
Jayson Tatum,,,a37e80a2e3cf3aaa3ae84a9124987058,2026-05-02,23:40,rebounds,9.5,-205.0,,True,fanduel,2026-05-01T14:24:38.881803
Joel Embiid,,,a37e80a2e3cf3aaa3ae84a9124987058,2026-05-02,23:40,rebounds,9.5,162.0,,True,fanduel,2026-05-01T14:24:38.881807
Neemias Queta,,,a37e80a2e3cf3aaa3ae84a9124987058,2026-05-02,23:40,rebounds,9.5,240.0,,True,fanduel,2026-05-01T14:24:38.881809
Jaylen Brown,,,a37e80a2e3cf3aaa3ae84a9124987058,2026-05-02,23:40,rebounds,9.5,630.0,,True,fanduel,2026-05-01T14:24:38.881811
VJ Edgecombe,,,a37e80a2e3cf3aaa3ae84a9124987058,2026-05-02,23:40,rebounds,9.5,900.0,,True,fanduel,2026-05-01T14:24:38.881812
Nikola Vucevic,,,a37e80a2e3cf3aaa3ae84a9124987058,2026-05-02,23:40,rebounds,9.5,1000.0,,True,fanduel,2026-05-01T14:24:38.881814
Kelly Oubre Jr,,,a37e80a2e3cf3aaa3ae84a9124987058,2026-05-02,23:40,rebounds,9.5,1200.0,,True,fanduel,2026-05-01T14:24:38.881816
Paul George,,,a37e80a2e3cf3aaa3ae84a9124987058,2026-05-02,23:40,rebounds,9.5,1200.0,,True,fanduel,2026-05-01T14:24:38.881817
Neemias Queta,,,a37e80a2e3cf3aaa3ae84a9124987058,2026-05-02,23:40,rebounds,3.5,-1800.0,,True,fanduel,2026-05-01T14:24:38.881819
Jaylen Brown,,,a37e80a2e3cf3aaa3ae84a9124987058,2026-05-02,23:40,rebounds,3.5,-770.0,,True,fanduel,2026-05-01T14:24:38.881821
VJ Edgecombe,,,a37e80a2e3cf3aaa3ae84a9124987058,2026-05-02,23:40,rebounds,3.5,-530.0,,True,fanduel,2026-05-01T14:24:38.881822
Paul George,,,a37e80a2e3cf3aaa3ae84a9124987058,2026-05-02,23:40,rebounds,3.5,-400.0,,True,fanduel,2026-05-01T14:24:38.881826
Kelly Oubre Jr,,,a37e80a2e3cf3aaa3ae84a9124987058,2026-05-02,23:40,rebounds,3.5,-350.0,,True,fanduel,2026-05-01T14:24:38.881828
Nikola Vucevic,,,a37e80a2e3cf3aaa3ae84a9124987058,2026-05-02,23:40,rebounds,3.5,-220.0,,True,fanduel,2026-05-01T14:24:38.881829
Tyrese Maxey,,,a37e80a2e3cf3aaa3ae84a9124987058,2026-05-02,23:40,rebounds,3.5,-154.0,,True,fanduel,2026-05-01T14:24:38.881831
Derrick White,,,a37e80a2e3cf3aaa3ae84a9124987058,2026-05-02,23:40,rebounds,3.5,-102.0,,True,fanduel,2026-05-01T14:24:38.881833
Sam Hauser,,,a37e80a2e3cf3aaa3ae84a9124987058,2026-05-02,23:40,rebounds,3.5,144.0,,True,fanduel,2026-05-01T14:24:38.881834
Payton Pritchard,,,a37e80a2e3cf3aaa3ae84a9124987058,2026-05-02,23:40,rebounds,3.5,150.0,,True,fanduel,2026-05-01T14:24:38.881836
Baylor Scheierman,,,a37e80a2e3cf3aaa3ae84a9124987058,2026-05-02,23:40,rebounds,3.5,300.0,,True,fanduel,2026-05-01T14:24:38.881838
Kelly Oubre Jr,,,a37e80a2e3cf3aaa3ae84a9124987058,2026-05-02,23:40,threes,1.5,162.0,-220.0,False,fanduel,2026-05-01T14:24:38.881850
Tyrese Maxey,,,a37e80a2e3cf3aaa3ae84a9124987058,2026-05-02,23:40,threes,2.5,-148.0,112.0,False,fanduel,2026-05-01T14:24:38.881852
Derrick White,,,a37e80a2e3cf3aaa3ae84a9124987058,2026-05-02,23:40,threes,1.5,-192.0,142.0,False,fanduel,2026-05-01T14:24:38.881854
Paul George,,,a37e80a2e3cf3aaa3ae84a9124987058,2026-05-02,23:40,threes,2.5,102.0,-136.0,False,fanduel,2026-05-01T14:24:38.881856
Joel Embiid,,,a37e80a2e3cf3aaa3ae84a9124987058,2026-05-02,23:40,threes,1.5,100.0,-132.0,False,fanduel,2026-05-01T14:24:38.881858
Jayson Tatum,,,a37e80a2e3cf3aaa3ae84a9124987058,2026-05-02,23:40,threes,2.5,-152.0,114.0,False,fanduel,2026-05-01T14:24:38.881859
Payton Pritchard,,,a37e80a2e3cf3aaa3ae84a9124987058,2026-05-02,23:40,threes,1.5,-200.0,148.0,False,fanduel,2026-05-01T14:24:38.881861
Jaylen Brown,,,a37e80a2e3cf3aaa3ae84a9124987058,2026-05-02,23:40,threes,1.5,-158.0,118.0,False,fanduel,2026-05-01T14:24:38.881863
VJ Edgecombe,,,a37e80a2e3cf3aaa3ae84a9124987058,2026-05-02,23:40,threes,1.5,-138.0,104.0,False,fanduel,2026-05-01T14:24:38.881864
Tyrese Maxey,,,a37e80a2e3cf3aaa3ae84a9124987058,2026-05-02,23:40,threes,7.5,3500.0,,True,fanduel,2026-05-01T14:24:38.881891
Jayson Tatum,,,a37e80a2e3cf3aaa3ae84a9124987058,2026-05-02,23:40,threes,7.5,4000.0,,True,fanduel,2026-05-01T14:24:38.881893
Tyrese Maxey,,,a37e80a2e3cf3aaa3ae84a9124987058,2026-05-02,23:40,threes,5.5,900.0,,True,fanduel,2026-05-01T14:24:38.881895
Paul George,,,a37e80a2e3cf3aaa3ae84a9124987058,2026-05-02,23:40,threes,5.5,1200.0,,True,fanduel,2026-05-01T14:24:38.881897
Jayson Tatum,,,a37e80a2e3cf3aaa3ae84a9124987058,2026-05-02,23:40,threes,5.5,870.0,,True,fanduel,2026-05-01T14:24:38.881898
Jaylen Brown,,,a37e80a2e3cf3aaa3ae84a9124987058,2026-05-02,23:40,threes,5.5,3000.0,,True,fanduel,2026-05-01T14:24:38.881900
Derrick White,,,a37e80a2e3cf3aaa3ae84a9124987058,2026-05-02,23:40,threes,5.5,2500.0,,True,fanduel,2026-05-01T14:24:38.881902
Payton Pritchard,,,a37e80a2e3cf3aaa3ae84a9124987058,2026-05-02,23:40,threes,5.5,1700.0,,True,fanduel,2026-05-01T14:24:38.881903
Jayson Tatum,,,a37e80a2e3cf3aaa3ae84a9124987058,2026-05-02,23:40,threes,0.5,-4500.0,,True,fanduel,2026-05-01T14:24:38.881905
Tyrese Maxey,,,a37e80a2e3cf3aaa3ae84a9124987058,2026-05-02,23:40,threes,0.5,-4500.0,,True,fanduel,2026-05-01T14:24:38.881907
Paul George,,,a37e80a2e3cf3aaa3ae84a9124987058,2026-05-02,23:40,threes,0.5,-2000.0,,True,fanduel,2026-05-01T14:24:38.881908
Derrick White,,,a37e80a2e3cf3aaa3ae84a9124987058,2026-05-02,23:40,threes,0.5,-1000.0,,True,fanduel,2026-05-01T14:24:38.881910
Payton Pritchard,,,a37e80a2e3cf3aaa3ae84a9124987058,2026-05-02,23:40,threes,0.5,-1000.0,,True,fanduel,2026-05-01T14:24:38.881912
Jaylen Brown,,,a37e80a2e3cf3aaa3ae84a9124987058,2026-05-02,23:40,threes,0.5,-850.0,,True,fanduel,2026-05-01T14:24:38.881916
VJ Edgecombe,,,a37e80a2e3cf3aaa3ae84a9124987058,2026-05-02,23:40,threes,0.5,-670.0,,True,fanduel,2026-05-01T14:24:38.881920
Joel Embiid,,,a37e80a2e3cf3aaa3ae84a9124987058,2026-05-02,23:40,threes,0.5,-480.0,,True,fanduel,2026-05-01T14:24:38.881922
Kelly Oubre Jr,,,a37e80a2e3cf3aaa3ae84a9124987058,2026-05-02,23:40,threes,0.5,-295.0,,True,fanduel,2026-05-01T14:24:38.881923
Tyrese Maxey,,,a37e80a2e3cf3aaa3ae84a9124987058,2026-05-02,23:40,threes,6.5,1700.0,,True,fanduel,2026-05-01T14:24:38.881925
Paul George,,,a37e80a2e3cf3aaa3ae84a9124987058,2026-05-02,23:40,threes,6.5,2500.0,,True,fanduel,2026-05-01T14:24:38.881927
Jayson Tatum,,,a37e80a2e3cf3aaa3ae84a9124987058,2026-05-02,23:40,threes,6.5,1500.0,,True,fanduel,2026-05-01T14:24:38.881928
Jayson Tatum,,,a37e80a2e3cf3aaa3ae84a9124987058,2026-05-02,23:40,threes,4.5,420.0,,True,fanduel,2026-05-01T14:24:38.881930
Tyrese Maxey,,,a37e80a2e3cf3aaa3ae84a9124987058,2026-05-02,23:40,threes,4.5,420.0,,True,fanduel,2026-05-01T14:24:38.881932
Paul George,,,a37e80a2e3cf3aaa3ae84a9124987058,2026-05-02,23:40,threes,4.5,650.0,,True,fanduel,2026-05-01T14:24:38.881933
Payton Pritchard,,,a37e80a2e3cf3aaa3ae84a9124987058,2026-05-02,23:40,threes,4.5,950.0,,True,fanduel,2026-05-01T14:24:38.881935
Derrick White,,,a37e80a2e3cf3aaa3ae84a9124987058,2026-05-02,23:40,threes,4.5,1100.0,,True,fanduel,2026-05-01T14:24:38.881937
Jaylen Brown,,,a37e80a2e3cf3aaa3ae84a9124987058,2026-05-02,23:40,threes,4.5,1600.0,,True,fanduel,2026-05-01T14:24:38.881938
VJ Edgecombe,,,a37e80a2e3cf3aaa3ae84a9124987058,2026-05-02,23:40,threes,4.5,1700.0,,True,fanduel,2026-05-01T14:24:38.881940
Joel Embiid,,,a37e80a2e3cf3aaa3ae84a9124987058,2026-05-02,23:40,threes,4.5,2500.0,,True,fanduel,2026-05-01T14:24:38.881942
Jayson Tatum,,,a37e80a2e3cf3aaa3ae84a9124987058,2026-05-02,23:40,threes,2.5,-146.0,,True,fanduel,2026-05-01T14:24:38.881943
Tyrese Maxey,,,a37e80a2e3cf3aaa3ae84a9124987058,2026-05-02,23:40,threes,2.5,-146.0,,True,fanduel,2026-05-01T14:24:38.881945
Paul George,,,a37e80a2e3cf3aaa3ae84a9124987058,2026-05-02,23:40,threes,2.5,104.0,,True,fanduel,2026-05-01T14:24:38.881947
Payton Pritchard,,,a37e80a2e3cf3aaa3ae84a9124987058,2026-05-02,23:40,threes,2.5,164.0,,True,fanduel,2026-05-01T14:24:38.881948
Derrick White,,,a37e80a2e3cf3aaa3ae84a9124987058,2026-05-02,23:40,threes,2.5,176.0,,True,fanduel,2026-05-01T14:24:38.881950
Jaylen Brown,,,a37e80a2e3cf3aaa3ae84a9124987058,2026-05-02,23:40,threes,2.5,220.0,,True,fanduel,2026-05-01T14:24:38.881952
VJ Edgecombe,,,a37e80a2e3cf3aaa3ae84a9124987058,2026-05-02,23:40,threes,2.5,235.0,,True,fanduel,2026-05-01T14:24:38.881953
Joel Embiid,,,a37e80a2e3cf3aaa3ae84a9124987058,2026-05-02,23:40,threes,2.5,330.0,,True,fanduel,2026-05-01T14:24:38.881955
Kelly Oubre Jr,,,a37e80a2e3cf3aaa3ae84a9124987058,2026-05-02,23:40,threes,2.5,560.0,,True,fanduel,2026-05-01T14:24:38.881957
Jayson Tatum,,,a37e80a2e3cf3aaa3ae84a9124987058,2026-05-02,23:40,threes,3.5,176.0,,True,fanduel,2026-05-01T14:24:38.881961
Tyrese Maxey,,,a37e80a2e3cf3aaa3ae84a9124987058,2026-05-02,23:40,threes,3.5,176.0,,True,fanduel,2026-05-01T14:24:38.881963
Paul George,,,a37e80a2e3cf3aaa3ae84a9124987058,2026-05-02,23:40,threes,3.5,260.0,,True,fanduel,2026-05-01T14:24:38.881964
Payton Pritchard,,,a37e80a2e3cf3aaa3ae84a9124987058,2026-05-02,23:40,threes,3.5,420.0,,True,fanduel,2026-05-01T14:24:38.881966
Derrick White,,,a37e80a2e3cf3aaa3ae84a9124987058,2026-05-02,23:40,threes,3.5,460.0,,True,fanduel,2026-05-01T14:24:38.881968
Jaylen Brown,,,a37e80a2e3cf3aaa3ae84a9124987058,2026-05-02,23:40,threes,3.5,600.0,,True,fanduel,2026-05-01T14:24:38.881969
VJ Edgecombe,,,a37e80a2e3cf3aaa3ae84a9124987058,2026-05-02,23:40,threes,3.5,630.0,,True,fanduel,2026-05-01T14:24:38.881971
Joel Embiid,,,a37e80a2e3cf3aaa3ae84a9124987058,2026-05-02,23:40,threes,3.5,900.0,,True,fanduel,2026-05-01T14:24:38.881973
Kelly Oubre Jr,,,a37e80a2e3cf3aaa3ae84a9124987058,2026-05-02,23:40,threes,3.5,1400.0,,True,fanduel,2026-05-01T14:24:38.881974
Jayson Tatum,,,a37e80a2e3cf3aaa3ae84a9124987058,2026-05-02,23:40,threes,1.5,-500.0,,True,fanduel,2026-05-01T14:24:38.881978
Tyrese Maxey,,,a37e80a2e3cf3aaa3ae84a9124987058,2026-05-02,23:40,threes,1.5,-460.0,,True,fanduel,2026-05-01T14:24:38.881980
Paul George,,,a37e80a2e3cf3aaa3ae84a9124987058,2026-05-02,23:40,threes,1.5,-310.0,,True,fanduel,2026-05-01T14:24:38.881982
Payton Pritchard,,,a37e80a2e3cf3aaa3ae84a9124987058,2026-05-02,23:40,threes,1.5,-194.0,,True,fanduel,2026-05-01T14:24:38.881983
Derrick White,,,a37e80a2e3cf3aaa3ae84a9124987058,2026-05-02,23:40,threes,1.5,-186.0,,True,fanduel,2026-05-01T14:24:38.881985
Jaylen Brown,,,a37e80a2e3cf3aaa3ae84a9124987058,2026-05-02,23:40,threes,1.5,-154.0,,True,fanduel,2026-05-01T14:24:38.881987
VJ Edgecombe,,,a37e80a2e3cf3aaa3ae84a9124987058,2026-05-02,23:40,threes,1.5,-136.0,,True,fanduel,2026-05-01T14:24:38.881988
Joel Embiid,,,a37e80a2e3cf3aaa3ae84a9124987058,2026-05-02,23:40,threes,1.5,102.0,,True,fanduel,2026-05-01T14:24:38.881990
Kelly Oubre Jr,,,a37e80a2e3cf3aaa3ae84a9124987058,2026-05-02,23:40,threes,1.5,164.0,,True,fanduel,2026-05-01T14:24:38.881992
Julius Randle,,,219920e3a715ceb3dc69f3638f7571d5,2026-05-05,01:30,assists,4.5,-114.0,-114.0,False,fanduel,2026-05-01T14:24:38.961644
Victor Wembanyama,,,219920e3a715ceb3dc69f3638f7571d5,2026-05-05,01:30,assists,3.5,140.0,-192.0,False,fanduel,2026-05-01T14:24:38.961646
Stephon Castle,,,219920e3a715ceb3dc69f3638f7571d5,2026-05-05,01:30,assists,7.5,110.0,-146.0,False,fanduel,2026-05-01T14:24:38.961647
Dylan Harper,,,219920e3a715ceb3dc69f3638f7571d5,2026-05-05,01:30,assists,2.5,-122.0,-110.0,False,fanduel,2026-05-01T14:24:38.961649
Mike Conley,,,219920e3a715ceb3dc69f3638f7571d5,2026-05-05,01:30,assists,3.5,-136.0,102.0,False,fanduel,2026-05-01T14:24:38.961651
Ayo Dosunmu,,,219920e3a715ceb3dc69f3638f7571d5,2026-05-05,01:30,assists,4.5,116.0,-154.0,False,fanduel,2026-05-01T14:24:38.961653
Jaden McDaniels,,,219920e3a715ceb3dc69f3638f7571d5,2026-05-05,01:30,assists,2.5,-130.0,-102.0,False,fanduel,2026-05-01T14:24:38.961654
Devin Vassell,,,219920e3a715ceb3dc69f3638f7571d5,2026-05-05,01:30,assists,2.5,102.0,-136.0,False,fanduel,2026-05-01T14:24:38.961656
De'Aaron Fox,,,219920e3a715ceb3dc69f3638f7571d5,2026-05-05,01:30,assists,5.5,-148.0,112.0,False,fanduel,2026-05-01T14:24:38.961658
Stephon Castle,,,219920e3a715ceb3dc69f3638f7571d5,2026-05-05,01:30,assists,7.5,112.0,,True,fanduel,2026-05-01T14:24:38.961680
De'Aaron Fox,,,219920e3a715ceb3dc69f3638f7571d5,2026-05-05,01:30,assists,7.5,280.0,,True,fanduel,2026-05-01T14:24:38.961682
Julius Randle,,,219920e3a715ceb3dc69f3638f7571d5,2026-05-05,01:30,assists,7.5,630.0,,True,fanduel,2026-05-01T14:24:38.961683
Ayo Dosunmu,,,219920e3a715ceb3dc69f3638f7571d5,2026-05-05,01:30,assists,7.5,900.0,,True,fanduel,2026-05-01T14:24:38.961685
Mike Conley,,,219920e3a715ceb3dc69f3638f7571d5,2026-05-05,01:30,assists,7.5,1060.0,,True,fanduel,2026-05-01T14:24:38.961687
Dylan Harper,,,219920e3a715ceb3dc69f3638f7571d5,2026-05-05,01:30,assists,7.5,2000.0,,True,fanduel,2026-05-01T14:24:38.961691
Stephon Castle,,,219920e3a715ceb3dc69f3638f7571d5,2026-05-05,01:30,assists,9.5,290.0,,True,fanduel,2026-05-01T14:24:38.961693
De'Aaron Fox,,,219920e3a715ceb3dc69f3638f7571d5,2026-05-05,01:30,assists,9.5,750.0,,True,fanduel,2026-05-01T14:24:38.961694
Julius Randle,,,219920e3a715ceb3dc69f3638f7571d5,2026-05-05,01:30,assists,9.5,1500.0,,True,fanduel,2026-05-01T14:24:38.961696
Ayo Dosunmu,,,219920e3a715ceb3dc69f3638f7571d5,2026-05-05,01:30,assists,9.5,2500.0,,True,fanduel,2026-05-01T14:24:38.961698
Stephon Castle,,,219920e3a715ceb3dc69f3638f7571d5,2026-05-05,01:30,assists,11.5,870.0,,True,fanduel,2026-05-01T14:24:38.961699
De'Aaron Fox,,,219920e3a715ceb3dc69f3638f7571d5,2026-05-05,01:30,assists,11.5,1800.0,,True,fanduel,2026-05-01T14:24:38.961703
Stephon Castle,,,219920e3a715ceb3dc69f3638f7571d5,2026-05-05,01:30,assists,13.5,2200.0,,True,fanduel,2026-05-01T14:24:38.961705
Stephon Castle,,,219920e3a715ceb3dc69f3638f7571d5,2026-05-05,01:30,assists,5.5,-340.0,,True,fanduel,2026-05-01T14:24:38.961707
De'Aaron Fox,,,219920e3a715ceb3dc69f3638f7571d5,2026-05-05,01:30,assists,5.5,-146.0,,True,fanduel,2026-05-01T14:24:38.961708
Julius Randle,,,219920e3a715ceb3dc69f3638f7571d5,2026-05-05,01:30,assists,5.5,182.0,,True,fanduel,2026-05-01T14:24:38.961710
Ayo Dosunmu,,,219920e3a715ceb3dc69f3638f7571d5,2026-05-05,01:30,assists,5.5,250.0,,True,fanduel,2026-05-01T14:24:38.961712
Mike Conley,,,219920e3a715ceb3dc69f3638f7571d5,2026-05-05,01:30,assists,5.5,300.0,,True,fanduel,2026-05-01T14:24:38.961714
Victor Wembanyama,,,219920e3a715ceb3dc69f3638f7571d5,2026-05-05,01:30,assists,5.5,680.0,,True,fanduel,2026-05-01T14:24:38.961715
Dylan Harper,,,219920e3a715ceb3dc69f3638f7571d5,2026-05-05,01:30,assists,5.5,800.0,,True,fanduel,2026-05-01T14:24:38.961717
Jaden McDaniels,,,219920e3a715ceb3dc69f3638f7571d5,2026-05-05,01:30,assists,5.5,1000.0,,True,fanduel,2026-05-01T14:24:38.961719
Devin Vassell,,,219920e3a715ceb3dc69f3638f7571d5,2026-05-05,01:30,assists,5.5,1400.0,,True,fanduel,2026-05-01T14:24:38.961722
Julius Randle,,,219920e3a715ceb3dc69f3638f7571d5,2026-05-05,01:30,assists,1.5,-4000.0,,True,fanduel,2026-05-01T14:24:38.961724
Ayo Dosunmu,,,219920e3a715ceb3dc69f3638f7571d5,2026-05-05,01:30,assists,1.5,-2500.0,,True,fanduel,2026-05-01T14:24:38.961726
Mike Conley,,,219920e3a715ceb3dc69f3638f7571d5,2026-05-05,01:30,assists,1.5,-1200.0,,True,fanduel,2026-05-01T14:24:38.961727
Victor Wembanyama,,,219920e3a715ceb3dc69f3638f7571d5,2026-05-05,01:30,assists,1.5,-620.0,,True,fanduel,2026-05-01T14:24:38.961729
Jaden McDaniels,,,219920e3a715ceb3dc69f3638f7571d5,2026-05-05,01:30,assists,1.5,-400.0,,True,fanduel,2026-05-01T14:24:38.961731
Dylan Harper,,,219920e3a715ceb3dc69f3638f7571d5,2026-05-05,01:30,assists,1.5,-340.0,,True,fanduel,2026-05-01T14:24:38.961732
Devin Vassell,,,219920e3a715ceb3dc69f3638f7571d5,2026-05-05,01:30,assists,1.5,-310.0,,True,fanduel,2026-05-01T14:24:38.961734
Rudy Gobert,,,219920e3a715ceb3dc69f3638f7571d5,2026-05-05,01:30,assists,1.5,-192.0,,True,fanduel,2026-05-01T14:24:38.961736
Naz Reid,,,219920e3a715ceb3dc69f3638f7571d5,2026-05-05,01:30,assists,1.5,110.0,,True,fanduel,2026-05-01T14:24:38.961738
Stephon Castle,,,219920e3a715ceb3dc69f3638f7571d5,2026-05-05,01:30,assists,3.5,-3000.0,,True,fanduel,2026-05-01T14:24:38.961739
De'Aaron Fox,,,219920e3a715ceb3dc69f3638f7571d5,2026-05-05,01:30,assists,3.5,-850.0,,True,fanduel,2026-05-01T14:24:38.961741
Julius Randle,,,219920e3a715ceb3dc69f3638f7571d5,2026-05-05,01:30,assists,3.5,-265.0,,True,fanduel,2026-05-01T14:24:38.961743
Ayo Dosunmu,,,219920e3a715ceb3dc69f3638f7571d5,2026-05-05,01:30,assists,3.5,-194.0,,True,fanduel,2026-05-01T14:24:38.961744
Mike Conley,,,219920e3a715ceb3dc69f3638f7571d5,2026-05-05,01:30,assists,3.5,-132.0,,True,fanduel,2026-05-01T14:24:38.961746
Victor Wembanyama,,,219920e3a715ceb3dc69f3638f7571d5,2026-05-05,01:30,assists,3.5,142.0,,True,fanduel,2026-05-01T14:24:38.961748
Dylan Harper,,,219920e3a715ceb3dc69f3638f7571d5,2026-05-05,01:30,assists,3.5,200.0,,True,fanduel,2026-05-01T14:24:38.961751
Jaden McDaniels,,,219920e3a715ceb3dc69f3638f7571d5,2026-05-05,01:30,assists,3.5,215.0,,True,fanduel,2026-05-01T14:24:38.961753
Devin Vassell,,,219920e3a715ceb3dc69f3638f7571d5,2026-05-05,01:30,assists,3.5,265.0,,True,fanduel,2026-05-01T14:24:38.961755
Rudy Gobert,,,219920e3a715ceb3dc69f3638f7571d5,2026-05-05,01:30,assists,3.5,420.0,,True,fanduel,2026-05-01T14:24:38.961756
Naz Reid,,,219920e3a715ceb3dc69f3638f7571d5,2026-05-05,01:30,assists,3.5,830.0,,True,fanduel,2026-05-01T14:24:38.961758
Julius Randle,,,219920e3a715ceb3dc69f3638f7571d5,2026-05-05,01:30,points,21.5,-102.0,-130.0,False,fanduel,2026-05-01T14:24:38.961775
Julian Champagnie,,,219920e3a715ceb3dc69f3638f7571d5,2026-05-05,01:30,points,8.5,-102.0,-130.0,False,fanduel,2026-05-01T14:24:38.961777
Mike Conley,,,219920e3a715ceb3dc69f3638f7571d5,2026-05-05,01:30,points,5.5,-118.0,-112.0,False,fanduel,2026-05-01T14:24:38.961778
Ayo Dosunmu,,,219920e3a715ceb3dc69f3638f7571d5,2026-05-05,01:30,points,17.5,-106.0,-125.0,False,fanduel,2026-05-01T14:24:38.961780
Stephon Castle,,,219920e3a715ceb3dc69f3638f7571d5,2026-05-05,01:30,points,17.5,-114.0,-114.0,False,fanduel,2026-05-01T14:24:38.961782
Dylan Harper,,,219920e3a715ceb3dc69f3638f7571d5,2026-05-05,01:30,points,9.5,-106.0,-125.0,False,fanduel,2026-05-01T14:24:38.961783
Jaden McDaniels,,,219920e3a715ceb3dc69f3638f7571d5,2026-05-05,01:30,points,16.5,-118.0,-110.0,False,fanduel,2026-05-01T14:24:38.961785
Victor Wembanyama,,,219920e3a715ceb3dc69f3638f7571d5,2026-05-05,01:30,points,27.5,-108.0,-122.0,False,fanduel,2026-05-01T14:24:38.961787
Naz Reid,,,219920e3a715ceb3dc69f3638f7571d5,2026-05-05,01:30,points,12.5,-106.0,-125.0,False,fanduel,2026-05-01T14:24:38.961788
Rudy Gobert,,,219920e3a715ceb3dc69f3638f7571d5,2026-05-05,01:30,points,8.5,-125.0,-106.0,False,fanduel,2026-05-01T14:24:38.961790
Devin Vassell,,,219920e3a715ceb3dc69f3638f7571d5,2026-05-05,01:30,points,12.5,-132.0,100.0,False,fanduel,2026-05-01T14:24:38.961792
De'Aaron Fox,,,219920e3a715ceb3dc69f3638f7571d5,2026-05-05,01:30,points,17.5,-118.0,-112.0,False,fanduel,2026-05-01T14:24:38.961794
Keldon Johnson,,,219920e3a715ceb3dc69f3638f7571d5,2026-05-05,01:30,points,8.5,100.0,-132.0,False,fanduel,2026-05-01T14:24:38.961795
Victor Wembanyama,,,219920e3a715ceb3dc69f3638f7571d5,2026-05-05,01:30,points,44.5,1700.0,,True,fanduel,2026-05-01T14:24:38.961828
Victor Wembanyama,,,219920e3a715ceb3dc69f3638f7571d5,2026-05-05,01:30,points,24.5,-205.0,,True,fanduel,2026-05-01T14:24:38.961830
Julius Randle,,,219920e3a715ceb3dc69f3638f7571d5,2026-05-05,01:30,points,24.5,196.0,,True,fanduel,2026-05-01T14:24:38.961831
De'Aaron Fox,,,219920e3a715ceb3dc69f3638f7571d5,2026-05-05,01:30,points,24.5,460.0,,True,fanduel,2026-05-01T14:24:38.961833
Stephon Castle,,,219920e3a715ceb3dc69f3638f7571d5,2026-05-05,01:30,points,24.5,470.0,,True,fanduel,2026-05-01T14:24:38.961835
Ayo Dosunmu,,,219920e3a715ceb3dc69f3638f7571d5,2026-05-05,01:30,points,24.5,470.0,,True,fanduel,2026-05-01T14:24:38.961837
Jaden McDaniels,,,219920e3a715ceb3dc69f3638f7571d5,2026-05-05,01:30,points,24.5,560.0,,True,fanduel,2026-05-01T14:24:38.961838
Devin Vassell,,,219920e3a715ceb3dc69f3638f7571d5,2026-05-05,01:30,points,24.5,1500.0,,True,fanduel,2026-05-01T14:24:38.961840
Naz Reid,,,219920e3a715ceb3dc69f3638f7571d5,2026-05-05,01:30,points,24.5,1500.0,,True,fanduel,2026-05-01T14:24:38.961842
Victor Wembanyama,,,219920e3a715ceb3dc69f3638f7571d5,2026-05-05,01:30,points,39.5,900.0,,True,fanduel,2026-05-01T14:24:38.961843
Julius Randle,,,219920e3a715ceb3dc69f3638f7571d5,2026-05-05,01:30,points,39.5,3500.0,,True,fanduel,2026-05-01T14:24:38.961845
Julius Randle,,,219920e3a715ceb3dc69f3638f7571d5,2026-05-05,01:30,points,9.5,-7000.0,,True,fanduel,2026-05-01T14:24:38.961847
Stephon Castle,,,219920e3a715ceb3dc69f3638f7571d5,2026-05-05,01:30,points,9.5,-1800.0,,True,fanduel,2026-05-01T14:24:38.961848
De'Aaron Fox,,,219920e3a715ceb3dc69f3638f7571d5,2026-05-05,01:30,points,9.5,-2000.0,,True,fanduel,2026-05-01T14:24:38.961850
Ayo Dosunmu,,,219920e3a715ceb3dc69f3638f7571d5,2026-05-05,01:30,points,9.5,-1600.0,,True,fanduel,2026-05-01T14:24:38.961855
Jaden McDaniels,,,219920e3a715ceb3dc69f3638f7571d5,2026-05-05,01:30,points,9.5,-1100.0,,True,fanduel,2026-05-01T14:24:38.961857
Devin Vassell,,,219920e3a715ceb3dc69f3638f7571d5,2026-05-05,01:30,points,9.5,-340.0,,True,fanduel,2026-05-01T14:24:38.961858
Naz Reid,,,219920e3a715ceb3dc69f3638f7571d5,2026-05-05,01:30,points,9.5,-265.0,,True,fanduel,2026-05-01T14:24:38.961862
Dylan Harper,,,219920e3a715ceb3dc69f3638f7571d5,2026-05-05,01:30,points,9.5,-104.0,,True,fanduel,2026-05-01T14:24:38.961864
Rudy Gobert,,,219920e3a715ceb3dc69f3638f7571d5,2026-05-05,01:30,points,9.5,118.0,,True,fanduel,2026-05-01T14:24:38.961868
Julian Champagnie,,,219920e3a715ceb3dc69f3638f7571d5,2026-05-05,01:30,points,9.5,134.0,,True,fanduel,2026-05-01T14:24:38.961870
Keldon Johnson,,,219920e3a715ceb3dc69f3638f7571d5,2026-05-05,01:30,points,9.5,138.0,,True,fanduel,2026-05-01T14:24:38.961871
Mike Conley,,,219920e3a715ceb3dc69f3638f7571d5,2026-05-05,01:30,points,9.5,360.0,,True,fanduel,2026-05-01T14:24:38.961873
Victor Wembanyama,,,219920e3a715ceb3dc69f3638f7571d5,2026-05-05,01:30,points,34.5,350.0,,True,fanduel,2026-05-01T14:24:38.961875
Julius Randle,,,219920e3a715ceb3dc69f3638f7571d5,2026-05-05,01:30,points,34.5,1300.0,,True,fanduel,2026-05-01T14:24:38.961876
Ayo Dosunmu,,,219920e3a715ceb3dc69f3638f7571d5,2026-05-05,01:30,points,34.5,3500.0,,True,fanduel,2026-05-01T14:24:38.961878
Jaden McDaniels,,,219920e3a715ceb3dc69f3638f7571d5,2026-05-05,01:30,points,34.5,4000.0,,True,fanduel,2026-05-01T14:24:38.961880
De'Aaron Fox,,,219920e3a715ceb3dc69f3638f7571d5,2026-05-05,01:30,points,34.5,4000.0,,True,fanduel,2026-05-01T14:24:38.961881
Victor Wembanyama,,,219920e3a715ceb3dc69f3638f7571d5,2026-05-05,01:30,points,29.5,142.0,,True,fanduel,2026-05-01T14:24:38.961883
Julius Randle,,,219920e3a715ceb3dc69f3638f7571d5,2026-05-05,01:30,points,29.5,520.0,,True,fanduel,2026-05-01T14:24:38.961885
Ayo Dosunmu,,,219920e3a715ceb3dc69f3638f7571d5,2026-05-05,01:30,points,29.5,1200.0,,True,fanduel,2026-05-01T14:24:38.961887
De'Aaron Fox,,,219920e3a715ceb3dc69f3638f7571d5,2026-05-05,01:30,points,29.5,1300.0,,True,fanduel,2026-05-01T14:24:38.961888
Stephon Castle,,,219920e3a715ceb3dc69f3638f7571d5,2026-05-05,01:30,points,29.5,1400.0,,True,fanduel,2026-05-01T14:24:38.961890
Jaden McDaniels,,,219920e3a715ceb3dc69f3638f7571d5,2026-05-05,01:30,points,29.5,1400.0,,True,fanduel,2026-05-01T14:24:38.961892
Victor Wembanyama,,,219920e3a715ceb3dc69f3638f7571d5,2026-05-05,01:30,points,14.5,-5000.0,,True,fanduel,2026-05-01T14:24:38.961893
Julius Randle,,,219920e3a715ceb3dc69f3638f7571d5,2026-05-05,01:30,points,14.5,-650.0,,True,fanduel,2026-05-01T14:24:38.961895
De'Aaron Fox,,,219920e3a715ceb3dc69f3638f7571d5,2026-05-05,01:30,points,14.5,-265.0,,True,fanduel,2026-05-01T14:24:38.961896
Stephon Castle,,,219920e3a715ceb3dc69f3638f7571d5,2026-05-05,01:30,points,14.5,-260.0,,True,fanduel,2026-05-01T14:24:38.961899
Ayo Dosunmu,,,219920e3a715ceb3dc69f3638f7571d5,2026-05-05,01:30,points,14.5,-235.0,,True,fanduel,2026-05-01T14:24:38.961900
Jaden McDaniels,,,219920e3a715ceb3dc69f3638f7571d5,2026-05-05,01:30,points,14.5,-200.0,,True,fanduel,2026-05-01T14:24:38.961902
Devin Vassell,,,219920e3a715ceb3dc69f3638f7571d5,2026-05-05,01:30,points,14.5,142.0,,True,fanduel,2026-05-01T14:24:38.961904
Naz Reid,,,219920e3a715ceb3dc69f3638f7571d5,2026-05-05,01:30,points,14.5,164.0,,True,fanduel,2026-05-01T14:24:38.961905
Dylan Harper,,,219920e3a715ceb3dc69f3638f7571d5,2026-05-05,01:30,points,14.5,390.0,,True,fanduel,2026-05-01T14:24:38.961907
Keldon Johnson,,,219920e3a715ceb3dc69f3638f7571d5,2026-05-05,01:30,points,14.5,500.0,,True,fanduel,2026-05-01T14:24:38.961909
Rudy Gobert,,,219920e3a715ceb3dc69f3638f7571d5,2026-05-05,01:30,points,14.5,520.0,,True,fanduel,2026-05-01T14:24:38.961911
Julian Champagnie,,,219920e3a715ceb3dc69f3638f7571d5,2026-05-05,01:30,points,14.5,560.0,,True,fanduel,2026-05-01T14:24:38.961912
Mike Conley,,,219920e3a715ceb3dc69f3638f7571d5,2026-05-05,01:30,points,14.5,1500.0,,True,fanduel,2026-05-01T14:24:38.961917
Victor Wembanyama,,,219920e3a715ceb3dc69f3638f7571d5,2026-05-05,01:30,points,19.5,-720.0,,True,fanduel,2026-05-01T14:24:38.961918
Julius Randle,,,219920e3a715ceb3dc69f3638f7571d5,2026-05-05,01:30,points,19.5,-164.0,,True,fanduel,2026-05-01T14:24:38.961920
De'Aaron Fox,,,219920e3a715ceb3dc69f3638f7571d5,2026-05-05,01:30,points,19.5,144.0,,True,fanduel,2026-05-01T14:24:38.961922
Stephon Castle,,,219920e3a715ceb3dc69f3638f7571d5,2026-05-05,01:30,points,19.5,150.0,,True,fanduel,2026-05-01T14:24:38.961923
Ayo Dosunmu,,,219920e3a715ceb3dc69f3638f7571d5,2026-05-05,01:30,points,19.5,162.0,,True,fanduel,2026-05-01T14:24:38.961925
Jaden McDaniels,,,219920e3a715ceb3dc69f3638f7571d5,2026-05-05,01:30,points,19.5,186.0,,True,fanduel,2026-05-01T14:24:38.961927
Devin Vassell,,,219920e3a715ceb3dc69f3638f7571d5,2026-05-05,01:30,points,19.5,500.0,,True,fanduel,2026-05-01T14:24:38.961929
Naz Reid,,,219920e3a715ceb3dc69f3638f7571d5,2026-05-05,01:30,points,19.5,560.0,,True,fanduel,2026-05-01T14:24:38.961930
Dylan Harper,,,219920e3a715ceb3dc69f3638f7571d5,2026-05-05,01:30,points,19.5,1100.0,,True,fanduel,2026-05-01T14:24:38.961932
Keldon Johnson,,,219920e3a715ceb3dc69f3638f7571d5,2026-05-05,01:30,points,19.5,1500.0,,True,fanduel,2026-05-01T14:24:38.961934
Rudy Gobert,,,219920e3a715ceb3dc69f3638f7571d5,2026-05-05,01:30,points,19.5,1700.0,,True,fanduel,2026-05-01T14:24:38.961936
Julian Champagnie,,,219920e3a715ceb3dc69f3638f7571d5,2026-05-05,01:30,points,19.5,1800.0,,True,fanduel,2026-05-01T14:24:38.961937
Victor Wembanyama,,,219920e3a715ceb3dc69f3638f7571d5,2026-05-05,01:30,points,49.5,4000.0,,True,fanduel,2026-05-01T14:24:38.961939
Julius Randle,,,219920e3a715ceb3dc69f3638f7571d5,2026-05-05,01:30,rebounds,6.5,-154.0,116.0,False,fanduel,2026-05-01T14:24:38.961954
Julian Champagnie,,,219920e3a715ceb3dc69f3638f7571d5,2026-05-05,01:30,rebounds,4.5,-158.0,118.0,False,fanduel,2026-05-01T14:24:38.961956
Stephon Castle,,,219920e3a715ceb3dc69f3638f7571d5,2026-05-05,01:30,rebounds,5.5,-130.0,-102.0,False,fanduel,2026-05-01T14:24:38.961957
Ayo Dosunmu,,,219920e3a715ceb3dc69f3638f7571d5,2026-05-05,01:30,rebounds,3.5,-162.0,122.0,False,fanduel,2026-05-01T14:24:38.961959
Devin Vassell,,,219920e3a715ceb3dc69f3638f7571d5,2026-05-05,01:30,rebounds,3.5,-172.0,128.0,False,fanduel,2026-05-01T14:24:38.961961
Rudy Gobert,,,219920e3a715ceb3dc69f3638f7571d5,2026-05-05,01:30,rebounds,10.5,-146.0,110.0,False,fanduel,2026-05-01T14:24:38.961963
Jaden McDaniels,,,219920e3a715ceb3dc69f3638f7571d5,2026-05-05,01:30,rebounds,4.5,-114.0,-114.0,False,fanduel,2026-05-01T14:24:38.961964
Naz Reid,,,219920e3a715ceb3dc69f3638f7571d5,2026-05-05,01:30,rebounds,5.5,-132.0,100.0,False,fanduel,2026-05-01T14:24:38.961966
Victor Wembanyama,,,219920e3a715ceb3dc69f3638f7571d5,2026-05-05,01:30,rebounds,11.5,-138.0,104.0,False,fanduel,2026-05-01T14:24:38.961968
De'Aaron Fox,,,219920e3a715ceb3dc69f3638f7571d5,2026-05-05,01:30,rebounds,3.5,-152.0,114.0,False,fanduel,2026-05-01T14:24:38.961972
Keldon Johnson,,,219920e3a715ceb3dc69f3638f7571d5,2026-05-05,01:30,rebounds,3.5,-110.0,-120.0,False,fanduel,2026-05-01T14:24:38.961974
Victor Wembanyama,,,219920e3a715ceb3dc69f3638f7571d5,2026-05-05,01:30,rebounds,7.5,-1100.0,,True,fanduel,2026-05-01T14:24:38.962001
Rudy Gobert,,,219920e3a715ceb3dc69f3638f7571d5,2026-05-05,01:30,rebounds,7.5,-620.0,,True,fanduel,2026-05-01T14:24:38.962003
Julius Randle,,,219920e3a715ceb3dc69f3638f7571d5,2026-05-05,01:30,rebounds,7.5,124.0,,True,fanduel,2026-05-01T14:24:38.962005
Naz Reid,,,219920e3a715ceb3dc69f3638f7571d5,2026-05-05,01:30,rebounds,7.5,240.0,,True,fanduel,2026-05-01T14:24:38.962007
Stephon Castle,,,219920e3a715ceb3dc69f3638f7571d5,2026-05-05,01:30,rebounds,7.5,285.0,,True,fanduel,2026-05-01T14:24:38.962008
Julian Champagnie,,,219920e3a715ceb3dc69f3638f7571d5,2026-05-05,01:30,rebounds,7.5,430.0,,True,fanduel,2026-05-01T14:24:38.962010
Jaden McDaniels,,,219920e3a715ceb3dc69f3638f7571d5,2026-05-05,01:30,rebounds,7.5,630.0,,True,fanduel,2026-05-01T14:24:38.962014
Devin Vassell,,,219920e3a715ceb3dc69f3638f7571d5,2026-05-05,01:30,rebounds,7.5,1060.0,,True,fanduel,2026-05-01T14:24:38.962016
Ayo Dosunmu,,,219920e3a715ceb3dc69f3638f7571d5,2026-05-05,01:30,rebounds,7.5,1100.0,,True,fanduel,2026-05-01T14:24:38.962017
Keldon Johnson,,,219920e3a715ceb3dc69f3638f7571d5,2026-05-05,01:30,rebounds,7.5,1100.0,,True,fanduel,2026-05-01T14:24:38.962019
De'Aaron Fox,,,219920e3a715ceb3dc69f3638f7571d5,2026-05-05,01:30,rebounds,7.5,1200.0,,True,fanduel,2026-05-01T14:24:38.962021
Rudy Gobert,,,219920e3a715ceb3dc69f3638f7571d5,2026-05-05,01:30,rebounds,5.5,-4000.0,,True,fanduel,2026-05-01T14:24:38.962022
Julius Randle,,,219920e3a715ceb3dc69f3638f7571d5,2026-05-05,01:30,rebounds,5.5,-290.0,,True,fanduel,2026-05-01T14:24:38.962026
Naz Reid,,,219920e3a715ceb3dc69f3638f7571d5,2026-05-05,01:30,rebounds,5.5,-130.0,,True,fanduel,2026-05-01T14:24:38.962028
Stephon Castle,,,219920e3a715ceb3dc69f3638f7571d5,2026-05-05,01:30,rebounds,5.5,-125.0,,True,fanduel,2026-05-01T14:24:38.962030
Julian Champagnie,,,219920e3a715ceb3dc69f3638f7571d5,2026-05-05,01:30,rebounds,5.5,132.0,,True,fanduel,2026-05-01T14:24:38.962031
Jaden McDaniels,,,219920e3a715ceb3dc69f3638f7571d5,2026-05-05,01:30,rebounds,5.5,180.0,,True,fanduel,2026-05-01T14:24:38.962033
Devin Vassell,,,219920e3a715ceb3dc69f3638f7571d5,2026-05-05,01:30,rebounds,5.5,285.0,,True,fanduel,2026-05-01T14:24:38.962035
Ayo Dosunmu,,,219920e3a715ceb3dc69f3638f7571d5,2026-05-05,01:30,rebounds,5.5,300.0,,True,fanduel,2026-05-01T14:24:38.962037
De'Aaron Fox,,,219920e3a715ceb3dc69f3638f7571d5,2026-05-05,01:30,rebounds,5.5,330.0,,True,fanduel,2026-05-01T14:24:38.962038
Keldon Johnson,,,219920e3a715ceb3dc69f3638f7571d5,2026-05-05,01:30,rebounds,5.5,360.0,,True,fanduel,2026-05-01T14:24:38.962040
Dylan Harper,,,219920e3a715ceb3dc69f3638f7571d5,2026-05-05,01:30,rebounds,5.5,800.0,,True,fanduel,2026-05-01T14:24:38.962042
Victor Wembanyama,,,219920e3a715ceb3dc69f3638f7571d5,2026-05-05,01:30,rebounds,13.5,186.0,,True,fanduel,2026-05-01T14:24:38.962043
Rudy Gobert,,,219920e3a715ceb3dc69f3638f7571d5,2026-05-05,01:30,rebounds,13.5,260.0,,True,fanduel,2026-05-01T14:24:38.962045
Julius Randle,,,219920e3a715ceb3dc69f3638f7571d5,2026-05-05,01:30,rebounds,13.5,2000.0,,True,fanduel,2026-05-01T14:24:38.962047
Victor Wembanyama,,,219920e3a715ceb3dc69f3638f7571d5,2026-05-05,01:30,rebounds,11.5,-136.0,,True,fanduel,2026-05-01T14:24:38.962048
Rudy Gobert,,,219920e3a715ceb3dc69f3638f7571d5,2026-05-05,01:30,rebounds,11.5,112.0,,True,fanduel,2026-05-01T14:24:38.962050
Julius Randle,,,219920e3a715ceb3dc69f3638f7571d5,2026-05-05,01:30,rebounds,11.5,900.0,,True,fanduel,2026-05-01T14:24:38.962052
Naz Reid,,,219920e3a715ceb3dc69f3638f7571d5,2026-05-05,01:30,rebounds,11.5,1500.0,,True,fanduel,2026-05-01T14:24:38.962054
Stephon Castle,,,219920e3a715ceb3dc69f3638f7571d5,2026-05-05,01:30,rebounds,11.5,1700.0,,True,fanduel,2026-05-01T14:24:38.962055
Julius Randle,,,219920e3a715ceb3dc69f3638f7571d5,2026-05-05,01:30,rebounds,3.5,-2000.0,,True,fanduel,2026-05-01T14:24:38.962057
Stephon Castle,,,219920e3a715ceb3dc69f3638f7571d5,2026-05-05,01:30,rebounds,3.5,-650.0,,True,fanduel,2026-05-01T14:24:38.962059
Naz Reid,,,219920e3a715ceb3dc69f3638f7571d5,2026-05-05,01:30,rebounds,3.5,-530.0,,True,fanduel,2026-05-01T14:24:38.962060
Julian Champagnie,,,219920e3a715ceb3dc69f3638f7571d5,2026-05-05,01:30,rebounds,3.5,-340.0,,True,fanduel,2026-05-01T14:24:38.962062
Jaden McDaniels,,,219920e3a715ceb3dc69f3638f7571d5,2026-05-05,01:30,rebounds,3.5,-260.0,,True,fanduel,2026-05-01T14:24:38.962064
Devin Vassell,,,219920e3a715ceb3dc69f3638f7571d5,2026-05-05,01:30,rebounds,3.5,-166.0,,True,fanduel,2026-05-01T14:24:38.962065
Ayo Dosunmu,,,219920e3a715ceb3dc69f3638f7571d5,2026-05-05,01:30,rebounds,3.5,-160.0,,True,fanduel,2026-05-01T14:24:38.962067
De'Aaron Fox,,,219920e3a715ceb3dc69f3638f7571d5,2026-05-05,01:30,rebounds,3.5,-146.0,,True,fanduel,2026-05-01T14:24:38.962069
Keldon Johnson,,,219920e3a715ceb3dc69f3638f7571d5,2026-05-05,01:30,rebounds,3.5,-108.0,,True,fanduel,2026-05-01T14:24:38.962073
Dylan Harper,,,219920e3a715ceb3dc69f3638f7571d5,2026-05-05,01:30,rebounds,3.5,180.0,,True,fanduel,2026-05-01T14:24:38.962075
Mike Conley,,,219920e3a715ceb3dc69f3638f7571d5,2026-05-05,01:30,rebounds,3.5,520.0,,True,fanduel,2026-05-01T14:24:38.962076
Victor Wembanyama,,,219920e3a715ceb3dc69f3638f7571d5,2026-05-05,01:30,rebounds,15.5,420.0,,True,fanduel,2026-05-01T14:24:38.962078
Rudy Gobert,,,219920e3a715ceb3dc69f3638f7571d5,2026-05-05,01:30,rebounds,15.5,600.0,,True,fanduel,2026-05-01T14:24:38.962080
Victor Wembanyama,,,219920e3a715ceb3dc69f3638f7571d5,2026-05-05,01:30,rebounds,9.5,-390.0,,True,fanduel,2026-05-01T14:24:38.962081
Rudy Gobert,,,219920e3a715ceb3dc69f3638f7571d5,2026-05-05,01:30,rebounds,9.5,-245.0,,True,fanduel,2026-05-01T14:24:38.962083
Julius Randle,,,219920e3a715ceb3dc69f3638f7571d5,2026-05-05,01:30,rebounds,9.5,310.0,,True,fanduel,2026-05-01T14:24:38.962085
Naz Reid,,,219920e3a715ceb3dc69f3638f7571d5,2026-05-05,01:30,rebounds,9.5,560.0,,True,fanduel,2026-05-01T14:24:38.962086
Stephon Castle,,,219920e3a715ceb3dc69f3638f7571d5,2026-05-05,01:30,rebounds,9.5,680.0,,True,fanduel,2026-05-01T14:24:38.962088
Julian Champagnie,,,219920e3a715ceb3dc69f3638f7571d5,2026-05-05,01:30,rebounds,9.5,1100.0,,True,fanduel,2026-05-01T14:24:38.962092
Jaden McDaniels,,,219920e3a715ceb3dc69f3638f7571d5,2026-05-05,01:30,rebounds,9.5,1500.0,,True,fanduel,2026-05-01T14:24:38.962094
Julius Randle,,,219920e3a715ceb3dc69f3638f7571d5,2026-05-05,01:30,threes,1.5,138.0,-186.0,False,fanduel,2026-05-01T14:24:38.962107
Mike Conley,,,219920e3a715ceb3dc69f3638f7571d5,2026-05-05,01:30,threes,1.5,138.0,-186.0,False,fanduel,2026-05-01T14:24:38.962109
Victor Wembanyama,,,219920e3a715ceb3dc69f3638f7571d5,2026-05-05,01:30,threes,2.5,-102.0,-130.0,False,fanduel,2026-05-01T14:24:38.962110
Stephon Castle,,,219920e3a715ceb3dc69f3638f7571d5,2026-05-05,01:30,threes,1.5,126.0,-168.0,False,fanduel,2026-05-01T14:24:38.962123
Ayo Dosunmu,,,219920e3a715ceb3dc69f3638f7571d5,2026-05-05,01:30,threes,1.5,-138.0,104.0,False,fanduel,2026-05-01T14:24:38.962125
Jaden McDaniels,,,219920e3a715ceb3dc69f3638f7571d5,2026-05-05,01:30,threes,1.5,108.0,-144.0,False,fanduel,2026-05-01T14:24:38.962127
Naz Reid,,,219920e3a715ceb3dc69f3638f7571d5,2026-05-05,01:30,threes,1.5,-114.0,-114.0,False,fanduel,2026-05-01T14:24:38.962128
De'Aaron Fox,,,219920e3a715ceb3dc69f3638f7571d5,2026-05-05,01:30,threes,1.5,-122.0,-108.0,False,fanduel,2026-05-01T14:24:38.962130
Devin Vassell,,,219920e3a715ceb3dc69f3638f7571d5,2026-05-05,01:30,threes,1.5,-200.0,148.0,False,fanduel,2026-05-01T14:24:38.962132
Victor Wembanyama,,,219920e3a715ceb3dc69f3638f7571d5,2026-05-05,01:30,threes,6.5,2500.0,,True,fanduel,2026-05-01T14:24:38.962155
Victor Wembanyama,,,219920e3a715ceb3dc69f3638f7571d5,2026-05-05,01:30,threes,4.5,600.0,,True,fanduel,2026-05-01T14:24:38.962157
Devin Vassell,,,219920e3a715ceb3dc69f3638f7571d5,2026-05-05,01:30,threes,4.5,1000.0,,True,fanduel,2026-05-01T14:24:38.962159
Ayo Dosunmu,,,219920e3a715ceb3dc69f3638f7571d5,2026-05-05,01:30,threes,4.5,1500.0,,True,fanduel,2026-05-01T14:24:38.962161
Naz Reid,,,219920e3a715ceb3dc69f3638f7571d5,2026-05-05,01:30,threes,4.5,2000.0,,True,fanduel,2026-05-01T14:24:38.962162
De'Aaron Fox,,,219920e3a715ceb3dc69f3638f7571d5,2026-05-05,01:30,threes,4.5,2200.0,,True,fanduel,2026-05-01T14:24:38.962164
Victor Wembanyama,,,219920e3a715ceb3dc69f3638f7571d5,2026-05-05,01:30,threes,5.5,1200.0,,True,fanduel,2026-05-01T14:24:38.962166
Devin Vassell,,,219920e3a715ceb3dc69f3638f7571d5,2026-05-05,01:30,threes,5.5,2000.0,,True,fanduel,2026-05-01T14:24:38.962167
Victor Wembanyama,,,219920e3a715ceb3dc69f3638f7571d5,2026-05-05,01:30,threes,3.5,255.0,,True,fanduel,2026-05-01T14:24:38.962169
Devin Vassell,,,219920e3a715ceb3dc69f3638f7571d5,2026-05-05,01:30,threes,3.5,440.0,,True,fanduel,2026-05-01T14:24:38.962171
Ayo Dosunmu,,,219920e3a715ceb3dc69f3638f7571d5,2026-05-05,01:30,threes,3.5,600.0,,True,fanduel,2026-05-01T14:24:38.962173
Naz Reid,,,219920e3a715ceb3dc69f3638f7571d5,2026-05-05,01:30,threes,3.5,750.0,,True,fanduel,2026-05-01T14:24:38.962177
De'Aaron Fox,,,219920e3a715ceb3dc69f3638f7571d5,2026-05-05,01:30,threes,3.5,800.0,,True,fanduel,2026-05-01T14:24:38.962178
Jaden McDaniels,,,219920e3a715ceb3dc69f3638f7571d5,2026-05-05,01:30,threes,3.5,1000.0,,True,fanduel,2026-05-01T14:24:38.962180
Mike Conley,,,219920e3a715ceb3dc69f3638f7571d5,2026-05-05,01:30,threes,3.5,1100.0,,True,fanduel,2026-05-01T14:24:38.962182
Julius Randle,,,219920e3a715ceb3dc69f3638f7571d5,2026-05-05,01:30,threes,3.5,1200.0,,True,fanduel,2026-05-01T14:24:38.962183
Stephon Castle,,,219920e3a715ceb3dc69f3638f7571d5,2026-05-05,01:30,threes,3.5,1200.0,,True,fanduel,2026-05-01T14:24:38.962185
Victor Wembanyama,,,219920e3a715ceb3dc69f3638f7571d5,2026-05-05,01:30,threes,0.5,-2200.0,,True,fanduel,2026-05-01T14:24:38.962189
Devin Vassell,,,219920e3a715ceb3dc69f3638f7571d5,2026-05-05,01:30,threes,0.5,-1100.0,,True,fanduel,2026-05-01T14:24:38.962191
Ayo Dosunmu,,,219920e3a715ceb3dc69f3638f7571d5,2026-05-05,01:30,threes,0.5,-670.0,,True,fanduel,2026-05-01T14:24:38.962192
De'Aaron Fox,,,219920e3a715ceb3dc69f3638f7571d5,2026-05-05,01:30,threes,0.5,-620.0,,True,fanduel,2026-05-01T14:24:38.962194
Naz Reid,,,219920e3a715ceb3dc69f3638f7571d5,2026-05-05,01:30,threes,0.5,-530.0,,True,fanduel,2026-05-01T14:24:38.962196
Jaden McDaniels,,,219920e3a715ceb3dc69f3638f7571d5,2026-05-05,01:30,threes,0.5,-440.0,,True,fanduel,2026-05-01T14:24:38.962197
Stephon Castle,,,219920e3a715ceb3dc69f3638f7571d5,2026-05-05,01:30,threes,0.5,-390.0,,True,fanduel,2026-05-01T14:24:38.962199
Julius Randle,,,219920e3a715ceb3dc69f3638f7571d5,2026-05-05,01:30,threes,0.5,-350.0,,True,fanduel,2026-05-01T14:24:38.962201
Mike Conley,,,219920e3a715ceb3dc69f3638f7571d5,2026-05-05,01:30,threes,0.5,-330.0,,True,fanduel,2026-05-01T14:24:38.962202
Keldon Johnson,,,219920e3a715ceb3dc69f3638f7571d5,2026-05-05,01:30,threes,0.5,-170.0,,True,fanduel,2026-05-01T14:24:38.962204
Victor Wembanyama,,,219920e3a715ceb3dc69f3638f7571d5,2026-05-05,01:30,threes,1.5,-330.0,,True,fanduel,2026-05-01T14:24:38.962206
Devin Vassell,,,219920e3a715ceb3dc69f3638f7571d5,2026-05-05,01:30,threes,1.5,-194.0,,True,fanduel,2026-05-01T14:24:38.962207
Ayo Dosunmu,,,219920e3a715ceb3dc69f3638f7571d5,2026-05-05,01:30,threes,1.5,-136.0,,True,fanduel,2026-05-01T14:24:38.962209
De'Aaron Fox,,,219920e3a715ceb3dc69f3638f7571d5,2026-05-05,01:30,threes,1.5,-120.0,,True,fanduel,2026-05-01T14:24:38.962211
Naz Reid,,,219920e3a715ceb3dc69f3638f7571d5,2026-05-05,01:30,threes,1.5,-113.0,,True,fanduel,2026-05-01T14:24:38.962212
Jaden McDaniels,,,219920e3a715ceb3dc69f3638f7571d5,2026-05-05,01:30,threes,1.5,110.0,,True,fanduel,2026-05-01T14:24:38.962214
Stephon Castle,,,219920e3a715ceb3dc69f3638f7571d5,2026-05-05,01:30,threes,1.5,128.0,,True,fanduel,2026-05-01T14:24:38.962216
Julius Randle,,,219920e3a715ceb3dc69f3638f7571d5,2026-05-05,01:30,threes,1.5,140.0,,True,fanduel,2026-05-01T14:24:38.962217
Mike Conley,,,219920e3a715ceb3dc69f3638f7571d5,2026-05-05,01:30,threes,1.5,140.0,,True,fanduel,2026-05-01T14:24:38.962219
Keldon Johnson,,,219920e3a715ceb3dc69f3638f7571d5,2026-05-05,01:30,threes,1.5,290.0,,True,fanduel,2026-05-01T14:24:38.962221
Victor Wembanyama,,,219920e3a715ceb3dc69f3638f7571d5,2026-05-05,01:30,threes,2.5,-102.0,,True,fanduel,2026-05-01T14:24:38.962222
Devin Vassell,,,219920e3a715ceb3dc69f3638f7571d5,2026-05-05,01:30,threes,2.5,162.0,,True,fanduel,2026-05-01T14:24:38.962224
Ayo Dosunmu,,,219920e3a715ceb3dc69f3638f7571d5,2026-05-05,01:30,threes,2.5,235.0,,True,fanduel,2026-05-01T14:24:38.962226
De'Aaron Fox,,,219920e3a715ceb3dc69f3638f7571d5,2026-05-05,01:30,threes,2.5,280.0,,True,fanduel,2026-05-01T14:24:38.962230
Naz Reid,,,219920e3a715ceb3dc69f3638f7571d5,2026-05-05,01:30,threes,2.5,285.0,,True,fanduel,2026-05-01T14:24:38.962232
Jaden McDaniels,,,219920e3a715ceb3dc69f3638f7571d5,2026-05-05,01:30,threes,2.5,350.0,,True,fanduel,2026-05-01T14:24:38.962234
Stephon Castle,,,219920e3a715ceb3dc69f3638f7571d5,2026-05-05,01:30,threes,2.5,420.0,,True,fanduel,2026-05-01T14:24:38.962238
Mike Conley,,,219920e3a715ceb3dc69f3638f7571d5,2026-05-05,01:30,threes,2.5,440.0,,True,fanduel,2026-05-01T14:24:38.962239
Julius Randle,,,219920e3a715ceb3dc69f3638f7571d5,2026-05-05,01:30,threes,2.5,450.0,,True,fanduel,2026-05-01T14:24:38.962241
Keldon Johnson,,,219920e3a715ceb3dc69f3638f7571d5,2026-05-05,01:30,threes,2.5,1000.0,,True,fanduel,2026-05-01T14:24:38.962243
Jalen Suggs,,,88e10294c54deffd6e9e6efcba249d2c,2026-05-01,23:10,assists,4.5,-125.0,-105.0,False,betmgm,2026-05-01T14:24:38.624375
Desmond Bane,,,88e10294c54deffd6e9e6efcba249d2c,2026-05-01,23:10,assists,2.5,-155.0,115.0,False,betmgm,2026-05-01T14:24:38.624377
Paolo Banchero,,,88e10294c54deffd6e9e6efcba249d2c,2026-05-01,23:10,assists,5.5,100.0,-135.0,False,betmgm,2026-05-01T14:24:38.624379
Anthony Black,,,88e10294c54deffd6e9e6efcba249d2c,2026-05-01,23:10,assists,2.5,-165.0,125.0,False,betmgm,2026-05-01T14:24:38.624380
Duncan Robinson,,,88e10294c54deffd6e9e6efcba249d2c,2026-05-01,23:10,assists,1.5,-155.0,115.0,False,betmgm,2026-05-01T14:24:38.624382
Tobias Harris,,,88e10294c54deffd6e9e6efcba249d2c,2026-05-01,23:10,assists,1.5,-165.0,125.0,False,betmgm,2026-05-01T14:24:38.624384
Cade Cunningham,,,88e10294c54deffd6e9e6efcba249d2c,2026-05-01,23:10,assists,9.5,100.0,-135.0,False,betmgm,2026-05-01T14:24:38.624388
Ausar Thompson,,,88e10294c54deffd6e9e6efcba249d2c,2026-05-01,23:10,assists,3.5,130.0,-175.0,False,betmgm,2026-05-01T14:24:38.624390
Wendell Carter Jr,,,88e10294c54deffd6e9e6efcba249d2c,2026-05-01,23:10,assists,1.5,-200.0,145.0,False,betmgm,2026-05-01T14:24:38.624391
Jalen Duren,,,88e10294c54deffd6e9e6efcba249d2c,2026-05-01,23:10,assists,1.5,-140.0,105.0,False,betmgm,2026-05-01T14:24:38.624393
Wendell Carter Jr,,,88e10294c54deffd6e9e6efcba249d2c,2026-05-01,23:10,assists,4.5,825.0,,True,betmgm,2026-05-01T14:24:38.624403
Jalen Suggs,,,88e10294c54deffd6e9e6efcba249d2c,2026-05-01,23:10,assists,2.5,-750.0,,True,betmgm,2026-05-01T14:24:38.624405
Cade Cunningham,,,88e10294c54deffd6e9e6efcba249d2c,2026-05-01,23:10,assists,6.5,-600.0,,True,betmgm,2026-05-01T14:24:38.624407
Cade Cunningham,,,88e10294c54deffd6e9e6efcba249d2c,2026-05-01,23:10,assists,9.5,100.0,,True,betmgm,2026-05-01T14:24:38.624408
Paolo Banchero,,,88e10294c54deffd6e9e6efcba249d2c,2026-05-01,23:10,assists,4.5,-200.0,,True,betmgm,2026-05-01T14:24:38.624410
Desmond Bane,,,88e10294c54deffd6e9e6efcba249d2c,2026-05-01,23:10,assists,2.5,-155.0,,True,betmgm,2026-05-01T14:24:38.624412
Ausar Thompson,,,88e10294c54deffd6e9e6efcba249d2c,2026-05-01,23:10,assists,2.5,-210.0,,True,betmgm,2026-05-01T14:24:38.624413
Paolo Banchero,,,88e10294c54deffd6e9e6efcba249d2c,2026-05-01,23:10,assists,6.5,195.0,,True,betmgm,2026-05-01T14:24:38.624421
Cade Cunningham,,,88e10294c54deffd6e9e6efcba249d2c,2026-05-01,23:10,assists,12.5,425.0,,True,betmgm,2026-05-01T14:24:38.624422
Jalen Suggs,,,88e10294c54deffd6e9e6efcba249d2c,2026-05-01,23:10,assists,4.5,-125.0,,True,betmgm,2026-05-01T14:24:38.624424
Jalen Suggs,,,88e10294c54deffd6e9e6efcba249d2c,2026-05-01,23:10,assists,6.5,300.0,,True,betmgm,2026-05-01T14:24:38.624426
Desmond Bane,,,88e10294c54deffd6e9e6efcba249d2c,2026-05-01,23:10,assists,4.5,340.0,,True,betmgm,2026-05-01T14:24:38.624427
Anthony Black,,,88e10294c54deffd6e9e6efcba249d2c,2026-05-01,23:10,assists,2.5,-175.0,,True,betmgm,2026-05-01T14:24:38.624429
Ausar Thompson,,,88e10294c54deffd6e9e6efcba249d2c,2026-05-01,23:10,assists,4.5,260.0,,True,betmgm,2026-05-01T14:24:38.624431
Paolo Banchero,,,88e10294c54deffd6e9e6efcba249d2c,2026-05-01,23:10,assists,2.5,-1200.0,,True,betmgm,2026-05-01T14:24:38.624432
Anthony Black,,,88e10294c54deffd6e9e6efcba249d2c,2026-05-01,23:10,assists,4.5,320.0,,True,betmgm,2026-05-01T14:24:38.624434
Jalen Suggs,,,88e10294c54deffd6e9e6efcba249d2c,2026-05-01,23:10,points,13.5,-115.0,-115.0,False,betmgm,2026-05-01T14:24:38.624447
Paolo Banchero,,,88e10294c54deffd6e9e6efcba249d2c,2026-05-01,23:10,points,23.5,-110.0,-120.0,False,betmgm,2026-05-01T14:24:38.624449
Desmond Bane,,,88e10294c54deffd6e9e6efcba249d2c,2026-05-01,23:10,points,19.5,-120.0,-110.0,False,betmgm,2026-05-01T14:24:38.624450
Wendell Carter Jr,,,88e10294c54deffd6e9e6efcba249d2c,2026-05-01,23:10,points,10.5,-130.0,-105.0,False,betmgm,2026-05-01T14:24:38.624452
Anthony Black,,,88e10294c54deffd6e9e6efcba249d2c,2026-05-01,23:10,points,13.5,-105.0,-125.0,False,betmgm,2026-05-01T14:24:38.624453
Ausar Thompson,,,88e10294c54deffd6e9e6efcba249d2c,2026-05-01,23:10,points,8.5,-115.0,-115.0,False,betmgm,2026-05-01T14:24:38.624455
Jalen Duren,,,88e10294c54deffd6e9e6efcba249d2c,2026-05-01,23:10,points,13.5,-120.0,-110.0,False,betmgm,2026-05-01T14:24:38.624457
Duncan Robinson,,,88e10294c54deffd6e9e6efcba249d2c,2026-05-01,23:10,points,10.5,-115.0,-115.0,False,betmgm,2026-05-01T14:24:38.624459
Cade Cunningham,,,88e10294c54deffd6e9e6efcba249d2c,2026-05-01,23:10,points,29.5,-105.0,-125.0,False,betmgm,2026-05-01T14:24:38.624460
Tobias Harris,,,88e10294c54deffd6e9e6efcba249d2c,2026-05-01,23:10,points,17.5,-120.0,-110.0,False,betmgm,2026-05-01T14:24:38.624462
Isaiah Stewart II,,,88e10294c54deffd6e9e6efcba249d2c,2026-05-01,23:10,points,6.5,105.0,-140.0,False,betmgm,2026-05-01T14:24:38.624464
Jalen Suggs,,,88e10294c54deffd6e9e6efcba249d2c,2026-05-01,23:10,points,9.5,-375.0,,True,betmgm,2026-05-01T14:24:38.624482
Jalen Suggs,,,88e10294c54deffd6e9e6efcba249d2c,2026-05-01,23:10,points,19.5,360.0,,True,betmgm,2026-05-01T14:24:38.624484
Wendell Carter Jr,,,88e10294c54deffd6e9e6efcba249d2c,2026-05-01,23:10,points,9.5,-185.0,,True,betmgm,2026-05-01T14:24:38.624486
Wendell Carter Jr,,,88e10294c54deffd6e9e6efcba249d2c,2026-05-01,23:10,points,19.5,850.0,,True,betmgm,2026-05-01T14:24:38.624488
Wendell Carter Jr,,,88e10294c54deffd6e9e6efcba249d2c,2026-05-01,23:10,points,14.5,240.0,,True,betmgm,2026-05-01T14:24:38.624489
Anthony Black,,,88e10294c54deffd6e9e6efcba249d2c,2026-05-01,23:10,points,14.5,125.0,,True,betmgm,2026-05-01T14:24:38.624491
Tobias Harris,,,88e10294c54deffd6e9e6efcba249d2c,2026-05-01,23:10,points,9.5,-1600.0,,True,betmgm,2026-05-01T14:24:38.624493
Tobias Harris,,,88e10294c54deffd6e9e6efcba249d2c,2026-05-01,23:10,points,19.5,130.0,,True,betmgm,2026-05-01T14:24:38.624497
Tobias Harris,,,88e10294c54deffd6e9e6efcba249d2c,2026-05-01,23:10,points,14.5,-275.0,,True,betmgm,2026-05-01T14:24:38.624499
Paolo Banchero,,,88e10294c54deffd6e9e6efcba249d2c,2026-05-01,23:10,points,14.5,-1200.0,,True,betmgm,2026-05-01T14:24:38.624500
Cade Cunningham,,,88e10294c54deffd6e9e6efcba249d2c,2026-05-01,23:10,points,24.5,-300.0,,True,betmgm,2026-05-01T14:24:38.624502
Paolo Banchero,,,88e10294c54deffd6e9e6efcba249d2c,2026-05-01,23:10,points,19.5,-295.0,,True,betmgm,2026-05-01T14:24:38.624504
Tobias Harris,,,88e10294c54deffd6e9e6efcba249d2c,2026-05-01,23:10,points,24.5,400.0,,True,betmgm,2026-05-01T14:24:38.624507
Jalen Suggs,,,88e10294c54deffd6e9e6efcba249d2c,2026-05-01,23:10,points,14.5,110.0,,True,betmgm,2026-05-01T14:24:38.624509
Duncan Robinson,,,88e10294c54deffd6e9e6efcba249d2c,2026-05-01,23:10,points,19.5,825.0,,True,betmgm,2026-05-01T14:24:38.624511
Cade Cunningham,,,88e10294c54deffd6e9e6efcba249d2c,2026-05-01,23:10,points,39.5,600.0,,True,betmgm,2026-05-01T14:24:38.624512
Ausar Thompson,,,88e10294c54deffd6e9e6efcba249d2c,2026-05-01,23:10,points,9.5,115.0,,True,betmgm,2026-05-01T14:24:38.624514
Desmond Bane,,,88e10294c54deffd6e9e6efcba249d2c,2026-05-01,23:10,points,19.5,-120.0,,True,betmgm,2026-05-01T14:24:38.624516
Ausar Thompson,,,88e10294c54deffd6e9e6efcba249d2c,2026-05-01,23:10,points,14.5,600.0,,True,betmgm,2026-05-01T14:24:38.624518
Jalen Duren,,,88e10294c54deffd6e9e6efcba249d2c,2026-05-01,23:10,points,9.5,-500.0,,True,betmgm,2026-05-01T14:24:38.624519
Cade Cunningham,,,88e10294c54deffd6e9e6efcba249d2c,2026-05-01,23:10,points,34.5,240.0,,True,betmgm,2026-05-01T14:24:38.624523
Desmond Bane,,,88e10294c54deffd6e9e6efcba249d2c,2026-05-01,23:10,points,29.5,650.0,,True,betmgm,2026-05-01T14:24:38.624525
Anthony Black,,,88e10294c54deffd6e9e6efcba249d2c,2026-05-01,23:10,points,19.5,425.0,,True,betmgm,2026-05-01T14:24:38.624527
Paolo Banchero,,,88e10294c54deffd6e9e6efcba249d2c,2026-05-01,23:10,points,29.5,310.0,,True,betmgm,2026-05-01T14:24:38.624528
Cade Cunningham,,,88e10294c54deffd6e9e6efcba249d2c,2026-05-01,23:10,points,29.5,-110.0,,True,betmgm,2026-05-01T14:24:38.624530
Duncan Robinson,,,88e10294c54deffd6e9e6efcba249d2c,2026-05-01,23:10,points,9.5,-150.0,,True,betmgm,2026-05-01T14:24:38.624532
Desmond Bane,,,88e10294c54deffd6e9e6efcba249d2c,2026-05-01,23:10,points,24.5,240.0,,True,betmgm,2026-05-01T14:24:38.624533
Paolo Banchero,,,88e10294c54deffd6e9e6efcba249d2c,2026-05-01,23:10,points,24.5,110.0,,True,betmgm,2026-05-01T14:24:38.624535
Jalen Duren,,,88e10294c54deffd6e9e6efcba249d2c,2026-05-01,23:10,points,14.5,110.0,,True,betmgm,2026-05-01T14:24:38.624537
Anthony Black,,,88e10294c54deffd6e9e6efcba249d2c,2026-05-01,23:10,points,9.5,-350.0,,True,betmgm,2026-05-01T14:24:38.624539
Duncan Robinson,,,88e10294c54deffd6e9e6efcba249d2c,2026-05-01,23:10,points,14.5,260.0,,True,betmgm,2026-05-01T14:24:38.624540
Cade Cunningham,,,88e10294c54deffd6e9e6efcba249d2c,2026-05-01,23:10,points,19.5,-1100.0,,True,betmgm,2026-05-01T14:24:38.624542
Paolo Banchero,,,88e10294c54deffd6e9e6efcba249d2c,2026-05-01,23:10,points,34.5,825.0,,True,betmgm,2026-05-01T14:24:38.624544
Jalen Duren,,,88e10294c54deffd6e9e6efcba249d2c,2026-05-01,23:10,points,19.5,400.0,,True,betmgm,2026-05-01T14:24:38.624545
Desmond Bane,,,88e10294c54deffd6e9e6efcba249d2c,2026-05-01,23:10,points,14.5,-450.0,,True,betmgm,2026-05-01T14:24:38.624547
Isaiah Stewart II,,,88e10294c54deffd6e9e6efcba249d2c,2026-05-01,23:10,points,9.5,300.0,,True,betmgm,2026-05-01T14:24:38.624549
Anthony Black,,,88e10294c54deffd6e9e6efcba249d2c,2026-05-01,23:10,rebounds,3.5,-110.0,-120.0,False,betmgm,2026-05-01T14:24:38.624562
Wendell Carter Jr,,,88e10294c54deffd6e9e6efcba249d2c,2026-05-01,23:10,rebounds,7.5,-140.0,105.0,False,betmgm,2026-05-01T14:24:38.624564
Jalen Suggs,,,88e10294c54deffd6e9e6efcba249d2c,2026-05-01,23:10,rebounds,3.5,-150.0,110.0,False,betmgm,2026-05-01T14:24:38.624566
Paolo Banchero,,,88e10294c54deffd6e9e6efcba249d2c,2026-05-01,23:10,rebounds,8.5,110.0,-150.0,False,betmgm,2026-05-01T14:24:38.624567
Desmond Bane,,,88e10294c54deffd6e9e6efcba249d2c,2026-05-01,23:10,rebounds,4.5,120.0,-160.0,False,betmgm,2026-05-01T14:24:38.624569
Tobias Harris,,,88e10294c54deffd6e9e6efcba249d2c,2026-05-01,23:10,rebounds,6.5,105.0,-145.0,False,betmgm,2026-05-01T14:24:38.624571
Duncan Robinson,,,88e10294c54deffd6e9e6efcba249d2c,2026-05-01,23:10,rebounds,2.5,125.0,-165.0,False,betmgm,2026-05-01T14:24:38.624572
Cade Cunningham,,,88e10294c54deffd6e9e6efcba249d2c,2026-05-01,23:10,rebounds,6.5,115.0,-155.0,False,betmgm,2026-05-01T14:24:38.624574
Ausar Thompson,,,88e10294c54deffd6e9e6efcba249d2c,2026-05-01,23:10,rebounds,7.5,-105.0,-125.0,False,betmgm,2026-05-01T14:24:38.624578
Jalen Duren,,,88e10294c54deffd6e9e6efcba249d2c,2026-05-01,23:10,rebounds,9.5,105.0,-140.0,False,betmgm,2026-05-01T14:24:38.624580
Isaiah Stewart II,,,88e10294c54deffd6e9e6efcba249d2c,2026-05-01,23:10,rebounds,3.5,-135.0,100.0,False,betmgm,2026-05-01T14:24:38.624582
Wendell Carter Jr,,,88e10294c54deffd6e9e6efcba249d2c,2026-05-01,23:10,rebounds,4.5,-1100.0,,True,betmgm,2026-05-01T14:24:38.624599
Wendell Carter Jr,,,88e10294c54deffd6e9e6efcba249d2c,2026-05-01,23:10,rebounds,12.5,775.0,,True,betmgm,2026-05-01T14:24:38.624601
Wendell Carter Jr,,,88e10294c54deffd6e9e6efcba249d2c,2026-05-01,23:10,rebounds,6.5,-250.0,,True,betmgm,2026-05-01T14:24:38.624603
Jalen Suggs,,,88e10294c54deffd6e9e6efcba249d2c,2026-05-01,23:10,rebounds,2.5,-350.0,,True,betmgm,2026-05-01T14:24:38.624604
Jalen Suggs,,,88e10294c54deffd6e9e6efcba249d2c,2026-05-01,23:10,rebounds,6.5,550.0,,True,betmgm,2026-05-01T14:24:38.624606
Paolo Banchero,,,88e10294c54deffd6e9e6efcba249d2c,2026-05-01,23:10,rebounds,4.5,-1400.0,,True,betmgm,2026-05-01T14:24:38.624608
Wendell Carter Jr,,,88e10294c54deffd6e9e6efcba249d2c,2026-05-01,23:10,rebounds,9.5,200.0,,True,betmgm,2026-05-01T14:24:38.624609
Jalen Duren,,,88e10294c54deffd6e9e6efcba249d2c,2026-05-01,23:10,rebounds,6.5,-500.0,,True,betmgm,2026-05-01T14:24:38.624611
Jalen Suggs,,,88e10294c54deffd6e9e6efcba249d2c,2026-05-01,23:10,rebounds,4.5,140.0,,True,betmgm,2026-05-01T14:24:38.624613
Tobias Harris,,,88e10294c54deffd6e9e6efcba249d2c,2026-05-01,23:10,rebounds,4.5,-350.0,,True,betmgm,2026-05-01T14:24:38.624614
Anthony Black,,,88e10294c54deffd6e9e6efcba249d2c,2026-05-01,23:10,rebounds,6.5,775.0,,True,betmgm,2026-05-01T14:24:38.624616
Jalen Duren,,,88e10294c54deffd6e9e6efcba249d2c,2026-05-01,23:10,rebounds,12.5,400.0,,True,betmgm,2026-05-01T14:24:38.624618
Anthony Black,,,88e10294c54deffd6e9e6efcba249d2c,2026-05-01,23:10,rebounds,2.5,-275.0,,True,betmgm,2026-05-01T14:24:38.624619
Anthony Black,,,88e10294c54deffd6e9e6efcba249d2c,2026-05-01,23:10,rebounds,4.5,200.0,,True,betmgm,2026-05-01T14:24:38.624621
Desmond Bane,,,88e10294c54deffd6e9e6efcba249d2c,2026-05-01,23:10,rebounds,4.5,120.0,,True,betmgm,2026-05-01T14:24:38.624623
Cade Cunningham,,,88e10294c54deffd6e9e6efcba249d2c,2026-05-01,23:10,rebounds,9.5,600.0,,True,betmgm,2026-05-01T14:24:38.624625
Cade Cunningham,,,88e10294c54deffd6e9e6efcba249d2c,2026-05-01,23:10,rebounds,4.5,-325.0,,True,betmgm,2026-05-01T14:24:38.624626
Duncan Robinson,,,88e10294c54deffd6e9e6efcba249d2c,2026-05-01,23:10,rebounds,4.5,675.0,,True,betmgm,2026-05-01T14:24:38.624628
Duncan Robinson,,,88e10294c54deffd6e9e6efcba249d2c,2026-05-01,23:10,rebounds,2.5,120.0,,True,betmgm,2026-05-01T14:24:38.624630
Ausar Thompson,,,88e10294c54deffd6e9e6efcba249d2c,2026-05-01,23:10,rebounds,9.5,275.0,,True,betmgm,2026-05-01T14:24:38.624631
Paolo Banchero,,,88e10294c54deffd6e9e6efcba249d2c,2026-05-01,23:10,rebounds,9.5,180.0,,True,betmgm,2026-05-01T14:24:38.624633
Paolo Banchero,,,88e10294c54deffd6e9e6efcba249d2c,2026-05-01,23:10,rebounds,6.5,-275.0,,True,betmgm,2026-05-01T14:24:38.624635
Cade Cunningham,,,88e10294c54deffd6e9e6efcba249d2c,2026-05-01,23:10,rebounds,6.5,115.0,,True,betmgm,2026-05-01T14:24:38.624636
Tobias Harris,,,88e10294c54deffd6e9e6efcba249d2c,2026-05-01,23:10,rebounds,9.5,550.0,,True,betmgm,2026-05-01T14:24:38.624638
Ausar Thompson,,,88e10294c54deffd6e9e6efcba249d2c,2026-05-01,23:10,rebounds,4.5,-750.0,,True,betmgm,2026-05-01T14:24:38.624644
Tobias Harris,,,88e10294c54deffd6e9e6efcba249d2c,2026-05-01,23:10,rebounds,6.5,105.0,,True,betmgm,2026-05-01T14:24:38.624646
Desmond Bane,,,88e10294c54deffd6e9e6efcba249d2c,2026-05-01,23:10,rebounds,2.5,-450.0,,True,betmgm,2026-05-01T14:24:38.624648
Paolo Banchero,,,88e10294c54deffd6e9e6efcba249d2c,2026-05-01,23:10,rebounds,12.5,750.0,,True,betmgm,2026-05-01T14:24:38.624649
Ausar Thompson,,,88e10294c54deffd6e9e6efcba249d2c,2026-05-01,23:10,rebounds,6.5,-185.0,,True,betmgm,2026-05-01T14:24:38.624653
Desmond Bane,,,88e10294c54deffd6e9e6efcba249d2c,2026-05-01,23:10,rebounds,6.5,450.0,,True,betmgm,2026-05-01T14:24:38.624655
Jalen Duren,,,88e10294c54deffd6e9e6efcba249d2c,2026-05-01,23:10,rebounds,9.5,105.0,,True,betmgm,2026-05-01T14:24:38.624657
Isaiah Stewart II,,,88e10294c54deffd6e9e6efcba249d2c,2026-05-01,23:10,rebounds,4.5,155.0,,True,betmgm,2026-05-01T14:24:38.624658
Isaiah Stewart II,,,88e10294c54deffd6e9e6efcba249d2c,2026-05-01,23:10,rebounds,2.5,-325.0,,True,betmgm,2026-05-01T14:24:38.624660
Isaiah Stewart II,,,88e10294c54deffd6e9e6efcba249d2c,2026-05-01,23:10,rebounds,6.5,550.0,,True,betmgm,2026-05-01T14:24:38.624662
Desmond Bane,,,88e10294c54deffd6e9e6efcba249d2c,2026-05-01,23:10,threes,2.5,105.0,-140.0,False,betmgm,2026-05-01T14:24:38.624672
Jalen Suggs,,,88e10294c54deffd6e9e6efcba249d2c,2026-05-01,23:10,threes,2.5,115.0,-155.0,False,betmgm,2026-05-01T14:24:38.624673
Cade Cunningham,,,88e10294c54deffd6e9e6efcba249d2c,2026-05-01,23:10,threes,2.5,-105.0,-130.0,False,betmgm,2026-05-01T14:24:38.624675
Duncan Robinson,,,88e10294c54deffd6e9e6efcba249d2c,2026-05-01,23:10,threes,2.5,105.0,-140.0,False,betmgm,2026-05-01T14:24:38.624677
Tobias Harris,,,88e10294c54deffd6e9e6efcba249d2c,2026-05-01,23:10,threes,1.5,130.0,-175.0,False,betmgm,2026-05-01T14:24:38.624678
Paolo Banchero,,,88e10294c54deffd6e9e6efcba249d2c,2026-05-01,23:10,threes,1.5,110.0,-150.0,False,betmgm,2026-05-01T14:24:38.624680
Anthony Black,,,88e10294c54deffd6e9e6efcba249d2c,2026-05-01,23:10,threes,1.5,125.0,-165.0,False,betmgm,2026-05-01T14:24:38.624682
Cade Cunningham,,,88e10294c54deffd6e9e6efcba249d2c,2026-05-01,23:10,threes,3.5,230.0,,True,betmgm,2026-05-01T14:24:38.624698
Cade Cunningham,,,88e10294c54deffd6e9e6efcba249d2c,2026-05-01,23:10,threes,2.5,-105.0,,True,betmgm,2026-05-01T14:24:38.624700
Jalen Suggs,,,88e10294c54deffd6e9e6efcba249d2c,2026-05-01,23:10,threes,0.5,-1400.0,,True,betmgm,2026-05-01T14:24:38.624702
Duncan Robinson,,,88e10294c54deffd6e9e6efcba249d2c,2026-05-01,23:10,threes,1.5,-300.0,,True,betmgm,2026-05-01T14:24:38.624703
Duncan Robinson,,,88e10294c54deffd6e9e6efcba249d2c,2026-05-01,23:10,threes,2.5,-105.0,,True,betmgm,2026-05-01T14:24:38.624705
Tobias Harris,,,88e10294c54deffd6e9e6efcba249d2c,2026-05-01,23:10,threes,1.5,115.0,,True,betmgm,2026-05-01T14:24:38.624707
Duncan Robinson,,,88e10294c54deffd6e9e6efcba249d2c,2026-05-01,23:10,threes,4.5,525.0,,True,betmgm,2026-05-01T14:24:38.624708
Desmond Bane,,,88e10294c54deffd6e9e6efcba249d2c,2026-05-01,23:10,threes,4.5,600.0,,True,betmgm,2026-05-01T14:24:38.624710
Duncan Robinson,,,88e10294c54deffd6e9e6efcba249d2c,2026-05-01,23:10,threes,0.5,-1600.0,,True,betmgm,2026-05-01T14:24:38.624712
Cade Cunningham,,,88e10294c54deffd6e9e6efcba249d2c,2026-05-01,23:10,threes,4.5,525.0,,True,betmgm,2026-05-01T14:24:38.624714
Tobias Harris,,,88e10294c54deffd6e9e6efcba249d2c,2026-05-01,23:10,threes,0.5,-375.0,,True,betmgm,2026-05-01T14:24:38.624715
Jalen Suggs,,,88e10294c54deffd6e9e6efcba249d2c,2026-05-01,23:10,threes,4.5,625.0,,True,betmgm,2026-05-01T14:24:38.624717
Tobias Harris,,,88e10294c54deffd6e9e6efcba249d2c,2026-05-01,23:10,threes,2.5,340.0,,True,betmgm,2026-05-01T14:24:38.624719
Desmond Bane,,,88e10294c54deffd6e9e6efcba249d2c,2026-05-01,23:10,threes,1.5,-275.0,,True,betmgm,2026-05-01T14:24:38.624720
Jalen Suggs,,,88e10294c54deffd6e9e6efcba249d2c,2026-05-01,23:10,threes,2.5,115.0,,True,betmgm,2026-05-01T14:24:38.624722
Desmond Bane,,,88e10294c54deffd6e9e6efcba249d2c,2026-05-01,23:10,threes,2.5,105.0,,True,betmgm,2026-05-01T14:24:38.624724
Duncan Robinson,,,88e10294c54deffd6e9e6efcba249d2c,2026-05-01,23:10,threes,3.5,230.0,,True,betmgm,2026-05-01T14:24:38.624725
Cade Cunningham,,,88e10294c54deffd6e9e6efcba249d2c,2026-05-01,23:10,threes,0.5,-1600.0,,True,betmgm,2026-05-01T14:24:38.624727
Cade Cunningham,,,88e10294c54deffd6e9e6efcba249d2c,2026-05-01,23:10,threes,1.5,-300.0,,True,betmgm,2026-05-01T14:24:38.624729
Desmond Bane,,,88e10294c54deffd6e9e6efcba249d2c,2026-05-01,23:10,threes,0.5,-1400.0,,True,betmgm,2026-05-01T14:24:38.624733
Jalen Suggs,,,88e10294c54deffd6e9e6efcba249d2c,2026-05-01,23:10,threes,1.5,-250.0,,True,betmgm,2026-05-01T14:24:38.624735
Desmond Bane,,,88e10294c54deffd6e9e6efcba249d2c,2026-05-01,23:10,threes,3.5,260.0,,True,betmgm,2026-05-01T14:24:38.624736
Jalen Suggs,,,88e10294c54deffd6e9e6efcba249d2c,2026-05-01,23:10,threes,3.5,280.0,,True,betmgm,2026-05-01T14:24:38.624738
Paolo Banchero,,,88e10294c54deffd6e9e6efcba249d2c,2026-05-01,23:10,threes,1.5,110.0,,True,betmgm,2026-05-01T14:24:38.624740
Paolo Banchero,,,88e10294c54deffd6e9e6efcba249d2c,2026-05-01,23:10,threes,2.5,333.0,,True,betmgm,2026-05-01T14:24:38.624741
Paolo Banchero,,,88e10294c54deffd6e9e6efcba249d2c,2026-05-01,23:10,threes,0.5,-400.0,,True,betmgm,2026-05-01T14:24:38.624743
Paolo Banchero,,,88e10294c54deffd6e9e6efcba249d2c,2026-05-01,23:10,threes,3.5,850.0,,True,betmgm,2026-05-01T14:24:38.624745
Anthony Black,,,88e10294c54deffd6e9e6efcba249d2c,2026-05-01,23:10,threes,1.5,120.0,,True,betmgm,2026-05-01T14:24:38.624746
Anthony Black,,,88e10294c54deffd6e9e6efcba249d2c,2026-05-01,23:10,threes,0.5,-350.0,,True,betmgm,2026-05-01T14:24:38.624748
Anthony Black,,,88e10294c54deffd6e9e6efcba249d2c,2026-05-01,23:10,threes,2.5,375.0,,True,betmgm,2026-05-01T14:24:38.624750
Jakob Poeltl,,,d1938a9c13602a661e894f996f2680e8,2026-05-01,23:40,assists,1.5,115.0,-155.0,False,betmgm,2026-05-01T14:24:38.715227
James Harden,,,d1938a9c13602a661e894f996f2680e8,2026-05-01,23:40,assists,6.5,-125.0,-105.0,False,betmgm,2026-05-01T14:24:38.715229
Scottie Barnes,,,d1938a9c13602a661e894f996f2680e8,2026-05-01,23:40,assists,7.5,-150.0,110.0,False,betmgm,2026-05-01T14:24:38.715231
R.J. Barrett,,,d1938a9c13602a661e894f996f2680e8,2026-05-01,23:40,assists,3.5,-155.0,115.0,False,betmgm,2026-05-01T14:24:38.715232
Donovan Mitchell,,,d1938a9c13602a661e894f996f2680e8,2026-05-01,23:40,assists,4.5,100.0,-135.0,False,betmgm,2026-05-01T14:24:38.715234
Max Strus,,,d1938a9c13602a661e894f996f2680e8,2026-05-01,23:40,assists,2.5,145.0,-200.0,False,betmgm,2026-05-01T14:24:38.715236
Evan Mobley,,,d1938a9c13602a661e894f996f2680e8,2026-05-01,23:40,assists,2.5,-150.0,115.0,False,betmgm,2026-05-01T14:24:38.715237
Brandon Ingram,,,d1938a9c13602a661e894f996f2680e8,2026-05-01,23:40,assists,2.5,-155.0,115.0,False,betmgm,2026-05-01T14:24:38.715241
Collin Murray-Boyles,,,d1938a9c13602a661e894f996f2680e8,2026-05-01,23:40,assists,2.5,130.0,-175.0,False,betmgm,2026-05-01T14:24:38.715243
R.J. Barrett,,,d1938a9c13602a661e894f996f2680e8,2026-05-01,23:40,assists,6.5,550.0,,True,betmgm,2026-05-01T14:24:38.715255
R.J. Barrett,,,d1938a9c13602a661e894f996f2680e8,2026-05-01,23:40,assists,4.5,140.0,,True,betmgm,2026-05-01T14:24:38.715257
R.J. Barrett,,,d1938a9c13602a661e894f996f2680e8,2026-05-01,23:40,assists,2.5,-375.0,,True,betmgm,2026-05-01T14:24:38.715259
James Harden,,,d1938a9c13602a661e894f996f2680e8,2026-05-01,23:40,assists,6.5,-125.0,,True,betmgm,2026-05-01T14:24:38.715260
Donovan Mitchell,,,d1938a9c13602a661e894f996f2680e8,2026-05-01,23:40,assists,4.5,-105.0,,True,betmgm,2026-05-01T14:24:38.715262
Evan Mobley,,,d1938a9c13602a661e894f996f2680e8,2026-05-01,23:40,assists,4.5,360.0,,True,betmgm,2026-05-01T14:24:38.715264
James Harden,,,d1938a9c13602a661e894f996f2680e8,2026-05-01,23:40,assists,4.5,-550.0,,True,betmgm,2026-05-01T14:24:38.715265
James Harden,,,d1938a9c13602a661e894f996f2680e8,2026-05-01,23:40,assists,9.5,425.0,,True,betmgm,2026-05-01T14:24:38.715267
Donovan Mitchell,,,d1938a9c13602a661e894f996f2680e8,2026-05-01,23:40,assists,6.5,375.0,,True,betmgm,2026-05-01T14:24:38.715269
Scottie Barnes,,,d1938a9c13602a661e894f996f2680e8,2026-05-01,23:40,assists,12.5,825.0,,True,betmgm,2026-05-01T14:24:38.715270
Evan Mobley,,,d1938a9c13602a661e894f996f2680e8,2026-05-01,23:40,assists,2.5,-150.0,,True,betmgm,2026-05-01T14:24:38.715272
Scottie Barnes,,,d1938a9c13602a661e894f996f2680e8,2026-05-01,23:40,assists,9.5,195.0,,True,betmgm,2026-05-01T14:24:38.715274
Donovan Mitchell,,,d1938a9c13602a661e894f996f2680e8,2026-05-01,23:40,assists,2.5,-600.0,,True,betmgm,2026-05-01T14:24:38.715276
Scottie Barnes,,,d1938a9c13602a661e894f996f2680e8,2026-05-01,23:40,assists,6.5,-275.0,,True,betmgm,2026-05-01T14:24:38.715277
Scottie Barnes,,,d1938a9c13602a661e894f996f2680e8,2026-05-01,23:40,assists,4.5,-1200.0,,True,betmgm,2026-05-01T14:24:38.715282
Max Strus,,,d1938a9c13602a661e894f996f2680e8,2026-05-01,23:40,assists,4.5,825.0,,True,betmgm,2026-05-01T14:24:38.715283
Collin Murray-Boyles,,,d1938a9c13602a661e894f996f2680e8,2026-05-01,23:40,assists,4.5,650.0,,True,betmgm,2026-05-01T14:24:38.715285
Brandon Ingram,,,d1938a9c13602a661e894f996f2680e8,2026-05-01,23:40,assists,4.5,340.0,,True,betmgm,2026-05-01T14:24:38.715286
Brandon Ingram,,,d1938a9c13602a661e894f996f2680e8,2026-05-01,23:40,assists,2.5,-160.0,,True,betmgm,2026-05-01T14:24:38.715288
Jakob Poeltl,,,d1938a9c13602a661e894f996f2680e8,2026-05-01,23:40,points,7.5,-120.0,-110.0,False,betmgm,2026-05-01T14:24:38.715301
Evan Mobley,,,d1938a9c13602a661e894f996f2680e8,2026-05-01,23:40,points,16.5,105.0,-140.0,False,betmgm,2026-05-01T14:24:38.715302
Max Strus,,,d1938a9c13602a661e894f996f2680e8,2026-05-01,23:40,points,9.5,100.0,-135.0,False,betmgm,2026-05-01T14:24:38.715304
James Harden,,,d1938a9c13602a661e894f996f2680e8,2026-05-01,23:40,points,21.5,-105.0,-125.0,False,betmgm,2026-05-01T14:24:38.715306
Ja'Kobe Walter,,,d1938a9c13602a661e894f996f2680e8,2026-05-01,23:40,points,9.5,-120.0,-110.0,False,betmgm,2026-05-01T14:24:38.715308
Jarrett Allen,,,d1938a9c13602a661e894f996f2680e8,2026-05-01,23:40,points,10.5,-120.0,-110.0,False,betmgm,2026-05-01T14:24:38.715309
R.J. Barrett,,,d1938a9c13602a661e894f996f2680e8,2026-05-01,23:40,points,22.5,-120.0,-110.0,False,betmgm,2026-05-01T14:24:38.715311
Scottie Barnes,,,d1938a9c13602a661e894f996f2680e8,2026-05-01,23:40,points,21.5,-115.0,-115.0,False,betmgm,2026-05-01T14:24:38.715313
Brandon Ingram,,,d1938a9c13602a661e894f996f2680e8,2026-05-01,23:40,points,18.5,-105.0,-125.0,False,betmgm,2026-05-01T14:24:38.715314
Donovan Mitchell,,,d1938a9c13602a661e894f996f2680e8,2026-05-01,23:40,points,27.5,-105.0,-125.0,False,betmgm,2026-05-01T14:24:38.715316
Collin Murray-Boyles,,,d1938a9c13602a661e894f996f2680e8,2026-05-01,23:40,points,11.5,-105.0,-125.0,False,betmgm,2026-05-01T14:24:38.715318
R.J. Barrett,,,d1938a9c13602a661e894f996f2680e8,2026-05-01,23:40,points,24.5,125.0,,True,betmgm,2026-05-01T14:24:38.715339
R.J. Barrett,,,d1938a9c13602a661e894f996f2680e8,2026-05-01,23:40,points,29.5,340.0,,True,betmgm,2026-05-01T14:24:38.715341
R.J. Barrett,,,d1938a9c13602a661e894f996f2680e8,2026-05-01,23:40,points,19.5,-235.0,,True,betmgm,2026-05-01T14:24:38.715342
R.J. Barrett,,,d1938a9c13602a661e894f996f2680e8,2026-05-01,23:40,points,14.5,-1000.0,,True,betmgm,2026-05-01T14:24:38.715344
James Harden,,,d1938a9c13602a661e894f996f2680e8,2026-05-01,23:40,points,14.5,-625.0,,True,betmgm,2026-05-01T14:24:38.715346
Jarrett Allen,,,d1938a9c13602a661e894f996f2680e8,2026-05-01,23:40,points,9.5,-175.0,,True,betmgm,2026-05-01T14:24:38.715347
Jakob Poeltl,,,d1938a9c13602a661e894f996f2680e8,2026-05-01,23:40,points,9.5,175.0,,True,betmgm,2026-05-01T14:24:38.715349
James Harden,,,d1938a9c13602a661e894f996f2680e8,2026-05-01,23:40,points,24.5,180.0,,True,betmgm,2026-05-01T14:24:38.715351
Evan Mobley,,,d1938a9c13602a661e894f996f2680e8,2026-05-01,23:40,points,9.5,-1000.0,,True,betmgm,2026-05-01T14:24:38.715355
Scottie Barnes,,,d1938a9c13602a661e894f996f2680e8,2026-05-01,23:40,points,14.5,-700.0,,True,betmgm,2026-05-01T14:24:38.715357
Evan Mobley,,,d1938a9c13602a661e894f996f2680e8,2026-05-01,23:40,points,24.5,650.0,,True,betmgm,2026-05-01T14:24:38.715358
Scottie Barnes,,,d1938a9c13602a661e894f996f2680e8,2026-05-01,23:40,points,29.5,450.0,,True,betmgm,2026-05-01T14:24:38.715361
Max Strus,,,d1938a9c13602a661e894f996f2680e8,2026-05-01,23:40,points,9.5,-105.0,,True,betmgm,2026-05-01T14:24:38.715362
Evan Mobley,,,d1938a9c13602a661e894f996f2680e8,2026-05-01,23:40,points,14.5,-185.0,,True,betmgm,2026-05-01T14:24:38.715364
James Harden,,,d1938a9c13602a661e894f996f2680e8,2026-05-01,23:40,points,19.5,-160.0,,True,betmgm,2026-05-01T14:24:38.715366
Scottie Barnes,,,d1938a9c13602a661e894f996f2680e8,2026-05-01,23:40,points,24.5,165.0,,True,betmgm,2026-05-01T14:24:38.715368
Donovan Mitchell,,,d1938a9c13602a661e894f996f2680e8,2026-05-01,23:40,points,29.5,140.0,,True,betmgm,2026-05-01T14:24:38.715369
Donovan Mitchell,,,d1938a9c13602a661e894f996f2680e8,2026-05-01,23:40,points,24.5,-200.0,,True,betmgm,2026-05-01T14:24:38.715371
James Harden,,,d1938a9c13602a661e894f996f2680e8,2026-05-01,23:40,points,29.5,475.0,,True,betmgm,2026-05-01T14:24:38.715373
Donovan Mitchell,,,d1938a9c13602a661e894f996f2680e8,2026-05-01,23:40,points,19.5,-650.0,,True,betmgm,2026-05-01T14:24:38.715374
Ja'Kobe Walter,,,d1938a9c13602a661e894f996f2680e8,2026-05-01,23:40,points,14.5,310.0,,True,betmgm,2026-05-01T14:24:38.715376
Max Strus,,,d1938a9c13602a661e894f996f2680e8,2026-05-01,23:40,points,14.5,375.0,,True,betmgm,2026-05-01T14:24:38.715378
Scottie Barnes,,,d1938a9c13602a661e894f996f2680e8,2026-05-01,23:40,points,19.5,-185.0,,True,betmgm,2026-05-01T14:24:38.715379
Evan Mobley,,,d1938a9c13602a661e894f996f2680e8,2026-05-01,23:40,points,19.5,200.0,,True,betmgm,2026-05-01T14:24:38.715381
Donovan Mitchell,,,d1938a9c13602a661e894f996f2680e8,2026-05-01,23:40,points,34.5,360.0,,True,betmgm,2026-05-01T14:24:38.715383
Jarrett Allen,,,d1938a9c13602a661e894f996f2680e8,2026-05-01,23:40,points,14.5,300.0,,True,betmgm,2026-05-01T14:24:38.715385
Ja'Kobe Walter,,,d1938a9c13602a661e894f996f2680e8,2026-05-01,23:40,points,9.5,-125.0,,True,betmgm,2026-05-01T14:24:38.715386
Donovan Mitchell,,,d1938a9c13602a661e894f996f2680e8,2026-05-01,23:40,points,39.5,825.0,,True,betmgm,2026-05-01T14:24:38.715388
R.J. Barrett,,,d1938a9c13602a661e894f996f2680e8,2026-05-01,23:40,points,34.5,850.0,,True,betmgm,2026-05-01T14:24:38.715390
Brandon Ingram,,,d1938a9c13602a661e894f996f2680e8,2026-05-01,23:40,points,14.5,-300.0,,True,betmgm,2026-05-01T14:24:38.715391
Brandon Ingram,,,d1938a9c13602a661e894f996f2680e8,2026-05-01,23:40,points,19.5,120.0,,True,betmgm,2026-05-01T14:24:38.715393
Brandon Ingram,,,d1938a9c13602a661e894f996f2680e8,2026-05-01,23:40,points,24.5,375.0,,True,betmgm,2026-05-01T14:24:38.715397
Brandon Ingram,,,d1938a9c13602a661e894f996f2680e8,2026-05-01,23:40,points,9.5,-2000.0,,True,betmgm,2026-05-01T14:24:38.715399
Collin Murray-Boyles,,,d1938a9c13602a661e894f996f2680e8,2026-05-01,23:40,points,14.5,230.0,,True,betmgm,2026-05-01T14:24:38.715400
Collin Murray-Boyles,,,d1938a9c13602a661e894f996f2680e8,2026-05-01,23:40,points,9.5,-210.0,,True,betmgm,2026-05-01T14:24:38.715402
Collin Murray-Boyles,,,d1938a9c13602a661e894f996f2680e8,2026-05-01,23:40,points,19.5,825.0,,True,betmgm,2026-05-01T14:24:38.715404
Ja'Kobe Walter,,,d1938a9c13602a661e894f996f2680e8,2026-05-01,23:40,rebounds,3.5,105.0,-140.0,False,betmgm,2026-05-01T14:24:38.715418
Scottie Barnes,,,d1938a9c13602a661e894f996f2680e8,2026-05-01,23:40,rebounds,7.5,-105.0,-125.0,False,betmgm,2026-05-01T14:24:38.715419
James Harden,,,d1938a9c13602a661e894f996f2680e8,2026-05-01,23:40,rebounds,4.5,-125.0,-105.0,False,betmgm,2026-05-01T14:24:38.715421
Donovan Mitchell,,,d1938a9c13602a661e894f996f2680e8,2026-05-01,23:40,rebounds,4.5,-110.0,-120.0,False,betmgm,2026-05-01T14:24:38.715423
Jakob Poeltl,,,d1938a9c13602a661e894f996f2680e8,2026-05-01,23:40,rebounds,5.5,-105.0,-125.0,False,betmgm,2026-05-01T14:24:38.715425
Max Strus,,,d1938a9c13602a661e894f996f2680e8,2026-05-01,23:40,rebounds,3.5,-165.0,125.0,False,betmgm,2026-05-01T14:24:38.715426
Evan Mobley,,,d1938a9c13602a661e894f996f2680e8,2026-05-01,23:40,rebounds,8.5,-135.0,100.0,False,betmgm,2026-05-01T14:24:38.715428
R.J. Barrett,,,d1938a9c13602a661e894f996f2680e8,2026-05-01,23:40,rebounds,5.5,-140.0,105.0,False,betmgm,2026-05-01T14:24:38.715430
Jarrett Allen,,,d1938a9c13602a661e894f996f2680e8,2026-05-01,23:40,rebounds,7.5,-130.0,-105.0,False,betmgm,2026-05-01T14:24:38.715431
Brandon Ingram,,,d1938a9c13602a661e894f996f2680e8,2026-05-01,23:40,rebounds,4.5,-120.0,-110.0,False,betmgm,2026-05-01T14:24:38.715433
Collin Murray-Boyles,,,d1938a9c13602a661e894f996f2680e8,2026-05-01,23:40,rebounds,6.5,-115.0,-115.0,False,betmgm,2026-05-01T14:24:38.715435
Ja'Kobe Walter,,,d1938a9c13602a661e894f996f2680e8,2026-05-01,23:40,rebounds,4.5,220.0,,True,betmgm,2026-05-01T14:24:38.715455
Ja'Kobe Walter,,,d1938a9c13602a661e894f996f2680e8,2026-05-01,23:40,rebounds,6.5,825.0,,True,betmgm,2026-05-01T14:24:38.715457
R.J. Barrett,,,d1938a9c13602a661e894f996f2680e8,2026-05-01,23:40,rebounds,6.5,130.0,,True,betmgm,2026-05-01T14:24:38.715459
R.J. Barrett,,,d1938a9c13602a661e894f996f2680e8,2026-05-01,23:40,rebounds,2.5,-2000.0,,True,betmgm,2026-05-01T14:24:38.715460
R.J. Barrett,,,d1938a9c13602a661e894f996f2680e8,2026-05-01,23:40,rebounds,9.5,700.0,,True,betmgm,2026-05-01T14:24:38.715462
R.J. Barrett,,,d1938a9c13602a661e894f996f2680e8,2026-05-01,23:40,rebounds,4.5,-275.0,,True,betmgm,2026-05-01T14:24:38.715464
Max Strus,,,d1938a9c13602a661e894f996f2680e8,2026-05-01,23:40,rebounds,4.5,130.0,,True,betmgm,2026-05-01T14:24:38.715465
Evan Mobley,,,d1938a9c13602a661e894f996f2680e8,2026-05-01,23:40,rebounds,12.5,475.0,,True,betmgm,2026-05-01T14:24:38.715467
Ja'Kobe Walter,,,d1938a9c13602a661e894f996f2680e8,2026-05-01,23:40,rebounds,2.5,-225.0,,True,betmgm,2026-05-01T14:24:38.715469
Scottie Barnes,,,d1938a9c13602a661e894f996f2680e8,2026-05-01,23:40,rebounds,4.5,-750.0,,True,betmgm,2026-05-01T14:24:38.715470
Jakob Poeltl,,,d1938a9c13602a661e894f996f2680e8,2026-05-01,23:40,rebounds,9.5,825.0,,True,betmgm,2026-05-01T14:24:38.715472
James Harden,,,d1938a9c13602a661e894f996f2680e8,2026-05-01,23:40,rebounds,2.5,-700.0,,True,betmgm,2026-05-01T14:24:38.715474
Donovan Mitchell,,,d1938a9c13602a661e894f996f2680e8,2026-05-01,23:40,rebounds,6.5,340.0,,True,betmgm,2026-05-01T14:24:38.715475
Evan Mobley,,,d1938a9c13602a661e894f996f2680e8,2026-05-01,23:40,rebounds,6.5,-450.0,,True,betmgm,2026-05-01T14:24:38.715479
Scottie Barnes,,,d1938a9c13602a661e894f996f2680e8,2026-05-01,23:40,rebounds,6.5,-190.0,,True,betmgm,2026-05-01T14:24:38.715481
Jakob Poeltl,,,d1938a9c13602a661e894f996f2680e8,2026-05-01,23:40,rebounds,2.5,-1200.0,,True,betmgm,2026-05-01T14:24:38.715483
Jarrett Allen,,,d1938a9c13602a661e894f996f2680e8,2026-05-01,23:40,rebounds,4.5,-1100.0,,True,betmgm,2026-05-01T14:24:38.715487
Max Strus,,,d1938a9c13602a661e894f996f2680e8,2026-05-01,23:40,rebounds,2.5,-400.0,,True,betmgm,2026-05-01T14:24:38.715489
Donovan Mitchell,,,d1938a9c13602a661e894f996f2680e8,2026-05-01,23:40,rebounds,4.5,-110.0,,True,betmgm,2026-05-01T14:24:38.715490
Jakob Poeltl,,,d1938a9c13602a661e894f996f2680e8,2026-05-01,23:40,rebounds,6.5,170.0,,True,betmgm,2026-05-01T14:24:38.715492
James Harden,,,d1938a9c13602a661e894f996f2680e8,2026-05-01,23:40,rebounds,6.5,300.0,,True,betmgm,2026-05-01T14:24:38.715494
Evan Mobley,,,d1938a9c13602a661e894f996f2680e8,2026-05-01,23:40,rebounds,9.5,120.0,,True,betmgm,2026-05-01T14:24:38.715495
Max Strus,,,d1938a9c13602a661e894f996f2680e8,2026-05-01,23:40,rebounds,6.5,475.0,,True,betmgm,2026-05-01T14:24:38.715497
Donovan Mitchell,,,d1938a9c13602a661e894f996f2680e8,2026-05-01,23:40,rebounds,2.5,-625.0,,True,betmgm,2026-05-01T14:24:38.715499
Jakob Poeltl,,,d1938a9c13602a661e894f996f2680e8,2026-05-01,23:40,rebounds,4.5,-210.0,,True,betmgm,2026-05-01T14:24:38.715500
James Harden,,,d1938a9c13602a661e894f996f2680e8,2026-05-01,23:40,rebounds,4.5,-125.0,,True,betmgm,2026-05-01T14:24:38.715502
Scottie Barnes,,,d1938a9c13602a661e894f996f2680e8,2026-05-01,23:40,rebounds,9.5,270.0,,True,betmgm,2026-05-01T14:24:38.715504
Jarrett Allen,,,d1938a9c13602a661e894f996f2680e8,2026-05-01,23:40,rebounds,9.5,220.0,,True,betmgm,2026-05-01T14:24:38.715505
Jarrett Allen,,,d1938a9c13602a661e894f996f2680e8,2026-05-01,23:40,rebounds,6.5,-235.0,,True,betmgm,2026-05-01T14:24:38.715507
Brandon Ingram,,,d1938a9c13602a661e894f996f2680e8,2026-05-01,23:40,rebounds,4.5,-120.0,,True,betmgm,2026-05-01T14:24:38.715509
Brandon Ingram,,,d1938a9c13602a661e894f996f2680e8,2026-05-01,23:40,rebounds,6.5,300.0,,True,betmgm,2026-05-01T14:24:38.715510
Brandon Ingram,,,d1938a9c13602a661e894f996f2680e8,2026-05-01,23:40,rebounds,2.5,-700.0,,True,betmgm,2026-05-01T14:24:38.715512
Collin Murray-Boyles,,,d1938a9c13602a661e894f996f2680e8,2026-05-01,23:40,rebounds,9.5,425.0,,True,betmgm,2026-05-01T14:24:38.715514
Collin Murray-Boyles,,,d1938a9c13602a661e894f996f2680e8,2026-05-01,23:40,rebounds,6.5,-115.0,,True,betmgm,2026-05-01T14:24:38.715515
Collin Murray-Boyles,,,d1938a9c13602a661e894f996f2680e8,2026-05-01,23:40,rebounds,4.5,-450.0,,True,betmgm,2026-05-01T14:24:38.715517
R.J. Barrett,,,d1938a9c13602a661e894f996f2680e8,2026-05-01,23:40,threes,1.5,-175.0,130.0,False,betmgm,2026-05-01T14:24:38.715528
Donovan Mitchell,,,d1938a9c13602a661e894f996f2680e8,2026-05-01,23:40,threes,2.5,-155.0,115.0,False,betmgm,2026-05-01T14:24:38.715530
Max Strus,,,d1938a9c13602a661e894f996f2680e8,2026-05-01,23:40,threes,2.5,125.0,-165.0,False,betmgm,2026-05-01T14:24:38.715532
James Harden,,,d1938a9c13602a661e894f996f2680e8,2026-05-01,23:40,threes,2.5,-135.0,100.0,False,betmgm,2026-05-01T14:24:38.715533
Evan Mobley,,,d1938a9c13602a661e894f996f2680e8,2026-05-01,23:40,threes,0.5,-135.0,100.0,False,betmgm,2026-05-01T14:24:38.715535
Scottie Barnes,,,d1938a9c13602a661e894f996f2680e8,2026-05-01,23:40,threes,1.5,165.0,-220.0,False,betmgm,2026-05-01T14:24:38.715537
Ja'Kobe Walter,,,d1938a9c13602a661e894f996f2680e8,2026-05-01,23:40,threes,2.5,140.0,-190.0,False,betmgm,2026-05-01T14:24:38.715538
Brandon Ingram,,,d1938a9c13602a661e894f996f2680e8,2026-05-01,23:40,threes,1.5,160.0,-220.0,False,betmgm,2026-05-01T14:24:38.715540
R.J. Barrett,,,d1938a9c13602a661e894f996f2680e8,2026-05-01,23:40,threes,0.5,-800.0,,True,betmgm,2026-05-01T14:24:38.715556
R.J. Barrett,,,d1938a9c13602a661e894f996f2680e8,2026-05-01,23:40,threes,1.5,-175.0,,True,betmgm,2026-05-01T14:24:38.715557
Ja'Kobe Walter,,,d1938a9c13602a661e894f996f2680e8,2026-05-01,23:40,threes,2.5,140.0,,True,betmgm,2026-05-01T14:24:38.715559
R.J. Barrett,,,d1938a9c13602a661e894f996f2680e8,2026-05-01,23:40,threes,2.5,165.0,,True,betmgm,2026-05-01T14:24:38.715561
R.J. Barrett,,,d1938a9c13602a661e894f996f2680e8,2026-05-01,23:40,threes,3.5,400.0,,True,betmgm,2026-05-01T14:24:38.715562
Ja'Kobe Walter,,,d1938a9c13602a661e894f996f2680e8,2026-05-01,23:40,threes,0.5,-1000.0,,True,betmgm,2026-05-01T14:24:38.715566
James Harden,,,d1938a9c13602a661e894f996f2680e8,2026-05-01,23:40,threes,2.5,-135.0,,True,betmgm,2026-05-01T14:24:38.715568
Donovan Mitchell,,,d1938a9c13602a661e894f996f2680e8,2026-05-01,23:40,threes,4.5,350.0,,True,betmgm,2026-05-01T14:24:38.715570
Max Strus,,,d1938a9c13602a661e894f996f2680e8,2026-05-01,23:40,threes,4.5,700.0,,True,betmgm,2026-05-01T14:24:38.715571
Scottie Barnes,,,d1938a9c13602a661e894f996f2680e8,2026-05-01,23:40,threes,2.5,500.0,,True,betmgm,2026-05-01T14:24:38.715573
Scottie Barnes,,,d1938a9c13602a661e894f996f2680e8,2026-05-01,23:40,threes,1.5,165.0,,True,betmgm,2026-05-01T14:24:38.715575
James Harden,,,d1938a9c13602a661e894f996f2680e8,2026-05-01,23:40,threes,4.5,400.0,,True,betmgm,2026-05-01T14:24:38.715576
Donovan Mitchell,,,d1938a9c13602a661e894f996f2680e8,2026-05-01,23:40,threes,3.5,155.0,,True,betmgm,2026-05-01T14:24:38.715578
Scottie Barnes,,,d1938a9c13602a661e894f996f2680e8,2026-05-01,23:40,threes,0.5,-275.0,,True,betmgm,2026-05-01T14:24:38.715580
James Harden,,,d1938a9c13602a661e894f996f2680e8,2026-05-01,23:40,threes,1.5,-400.0,,True,betmgm,2026-05-01T14:24:38.715582
Max Strus,,,d1938a9c13602a661e894f996f2680e8,2026-05-01,23:40,threes,2.5,125.0,,True,betmgm,2026-05-01T14:24:38.715583
Donovan Mitchell,,,d1938a9c13602a661e894f996f2680e8,2026-05-01,23:40,threes,2.5,-155.0,,True,betmgm,2026-05-01T14:24:38.715585
Ja'Kobe Walter,,,d1938a9c13602a661e894f996f2680e8,2026-05-01,23:40,threes,3.5,340.0,,True,betmgm,2026-05-01T14:24:38.715586
Donovan Mitchell,,,d1938a9c13602a661e894f996f2680e8,2026-05-01,23:40,threes,1.5,-450.0,,True,betmgm,2026-05-01T14:24:38.715588
James Harden,,,d1938a9c13602a661e894f996f2680e8,2026-05-01,23:40,threes,3.5,185.0,,True,betmgm,2026-05-01T14:24:38.715590
Max Strus,,,d1938a9c13602a661e894f996f2680e8,2026-05-01,23:40,threes,0.5,-1200.0,,True,betmgm,2026-05-01T14:24:38.715594
Ja'Kobe Walter,,,d1938a9c13602a661e894f996f2680e8,2026-05-01,23:40,threes,1.5,-210.0,,True,betmgm,2026-05-01T14:24:38.715596
Max Strus,,,d1938a9c13602a661e894f996f2680e8,2026-05-01,23:40,threes,1.5,-235.0,,True,betmgm,2026-05-01T14:24:38.715599
Evan Mobley,,,d1938a9c13602a661e894f996f2680e8,2026-05-01,23:40,threes,1.5,340.0,,True,betmgm,2026-05-01T14:24:38.715601
Evan Mobley,,,d1938a9c13602a661e894f996f2680e8,2026-05-01,23:40,threes,0.5,-140.0,,True,betmgm,2026-05-01T14:24:38.715603
Max Strus,,,d1938a9c13602a661e894f996f2680e8,2026-05-01,23:40,threes,3.5,300.0,,True,betmgm,2026-05-01T14:24:38.715604
Ja'Kobe Walter,,,d1938a9c13602a661e894f996f2680e8,2026-05-01,23:40,threes,4.5,750.0,,True,betmgm,2026-05-01T14:24:38.715606
Brandon Ingram,,,d1938a9c13602a661e894f996f2680e8,2026-05-01,23:40,threes,1.5,155.0,,True,betmgm,2026-05-01T14:24:38.715608
Brandon Ingram,,,d1938a9c13602a661e894f996f2680e8,2026-05-01,23:40,threes,0.5,-275.0,,True,betmgm,2026-05-01T14:24:38.715609
Brandon Ingram,,,d1938a9c13602a661e894f996f2680e8,2026-05-01,23:40,threes,2.5,475.0,,True,betmgm,2026-05-01T14:24:38.715611
Reed Sheppard,,,c361a0b8c035a055bd9497b52674e3fb,2026-05-02,01:40,assists,4.5,-105.0,-125.0,False,betmgm,2026-05-01T14:24:38.810490
Amen Thompson,,,c361a0b8c035a055bd9497b52674e3fb,2026-05-02,01:40,assists,5.5,-120.0,-110.0,False,betmgm,2026-05-01T14:24:38.810492
LeBron James,,,c361a0b8c035a055bd9497b52674e3fb,2026-05-02,01:40,assists,7.5,-135.0,100.0,False,betmgm,2026-05-01T14:24:38.810493
Tari Eason,,,c361a0b8c035a055bd9497b52674e3fb,2026-05-02,01:40,assists,1.5,-130.0,-105.0,False,betmgm,2026-05-01T14:24:38.810495
Austin Reaves,,,c361a0b8c035a055bd9497b52674e3fb,2026-05-02,01:40,assists,5.5,-135.0,100.0,False,betmgm,2026-05-01T14:24:38.810497
Jabari Smith Jr,,,c361a0b8c035a055bd9497b52674e3fb,2026-05-02,01:40,assists,1.5,-130.0,-105.0,False,betmgm,2026-05-01T14:24:38.810499
Marcus Smart,,,c361a0b8c035a055bd9497b52674e3fb,2026-05-02,01:40,assists,2.5,-160.0,120.0,False,betmgm,2026-05-01T14:24:38.810500
Alperen Sengun,,,c361a0b8c035a055bd9497b52674e3fb,2026-05-02,01:40,assists,6.5,115.0,-155.0,False,betmgm,2026-05-01T14:24:38.810502
Luke Kennard,,,c361a0b8c035a055bd9497b52674e3fb,2026-05-02,01:40,assists,2.5,125.0,-165.0,False,betmgm,2026-05-01T14:24:38.810504
Alperen Sengun,,,c361a0b8c035a055bd9497b52674e3fb,2026-05-02,01:40,assists,6.5,115.0,,True,betmgm,2026-05-01T14:24:38.810515
Alperen Sengun,,,c361a0b8c035a055bd9497b52674e3fb,2026-05-02,01:40,assists,4.5,-325.0,,True,betmgm,2026-05-01T14:24:38.810517
Amen Thompson,,,c361a0b8c035a055bd9497b52674e3fb,2026-05-02,01:40,assists,6.5,155.0,,True,betmgm,2026-05-01T14:24:38.810519
Amen Thompson,,,c361a0b8c035a055bd9497b52674e3fb,2026-05-02,01:40,assists,2.5,-2000.0,,True,betmgm,2026-05-01T14:24:38.810520
Austin Reaves,,,c361a0b8c035a055bd9497b52674e3fb,2026-05-02,01:40,assists,4.5,-275.0,,True,betmgm,2026-05-01T14:24:38.810522
LeBron James,,,c361a0b8c035a055bd9497b52674e3fb,2026-05-02,01:40,assists,9.5,230.0,,True,betmgm,2026-05-01T14:24:38.810524
Amen Thompson,,,c361a0b8c035a055bd9497b52674e3fb,2026-05-02,01:40,assists,4.5,-250.0,,True,betmgm,2026-05-01T14:24:38.810526
Reed Sheppard,,,c361a0b8c035a055bd9497b52674e3fb,2026-05-02,01:40,assists,6.5,360.0,,True,betmgm,2026-05-01T14:24:38.810527
Austin Reaves,,,c361a0b8c035a055bd9497b52674e3fb,2026-05-02,01:40,assists,9.5,750.0,,True,betmgm,2026-05-01T14:24:38.810529
Amen Thompson,,,c361a0b8c035a055bd9497b52674e3fb,2026-05-02,01:40,assists,9.5,850.0,,True,betmgm,2026-05-01T14:24:38.810531
Alperen Sengun,,,c361a0b8c035a055bd9497b52674e3fb,2026-05-02,01:40,assists,9.5,625.0,,True,betmgm,2026-05-01T14:24:38.810532
Reed Sheppard,,,c361a0b8c035a055bd9497b52674e3fb,2026-05-02,01:40,assists,2.5,-625.0,,True,betmgm,2026-05-01T14:24:38.810534
LeBron James,,,c361a0b8c035a055bd9497b52674e3fb,2026-05-02,01:40,assists,4.5,-1100.0,,True,betmgm,2026-05-01T14:24:38.810536
Marcus Smart,,,c361a0b8c035a055bd9497b52674e3fb,2026-05-02,01:40,assists,4.5,325.0,,True,betmgm,2026-05-01T14:24:38.810537
Austin Reaves,,,c361a0b8c035a055bd9497b52674e3fb,2026-05-02,01:40,assists,2.5,-2000.0,,True,betmgm,2026-05-01T14:24:38.810539
LeBron James,,,c361a0b8c035a055bd9497b52674e3fb,2026-05-02,01:40,assists,6.5,-250.0,,True,betmgm,2026-05-01T14:24:38.810541
Austin Reaves,,,c361a0b8c035a055bd9497b52674e3fb,2026-05-02,01:40,assists,6.5,140.0,,True,betmgm,2026-05-01T14:24:38.810542
Marcus Smart,,,c361a0b8c035a055bd9497b52674e3fb,2026-05-02,01:40,assists,2.5,-160.0,,True,betmgm,2026-05-01T14:24:38.810544
Reed Sheppard,,,c361a0b8c035a055bd9497b52674e3fb,2026-05-02,01:40,assists,4.5,-110.0,,True,betmgm,2026-05-01T14:24:38.810546
Luke Kennard,,,c361a0b8c035a055bd9497b52674e3fb,2026-05-02,01:40,assists,4.5,625.0,,True,betmgm,2026-05-01T14:24:38.810550
Amen Thompson,,,c361a0b8c035a055bd9497b52674e3fb,2026-05-02,01:40,points,18.5,-140.0,105.0,False,betmgm,2026-05-01T14:24:38.810563
Reed Sheppard,,,c361a0b8c035a055bd9497b52674e3fb,2026-05-02,01:40,points,15.5,-120.0,-110.0,False,betmgm,2026-05-01T14:24:38.810565
Jabari Smith Jr,,,c361a0b8c035a055bd9497b52674e3fb,2026-05-02,01:40,points,17.5,-125.0,-105.0,False,betmgm,2026-05-01T14:24:38.810567
Marcus Smart,,,c361a0b8c035a055bd9497b52674e3fb,2026-05-02,01:40,points,10.5,-135.0,100.0,False,betmgm,2026-05-01T14:24:38.810568
Alperen Sengun,,,c361a0b8c035a055bd9497b52674e3fb,2026-05-02,01:40,points,20.5,-110.0,-120.0,False,betmgm,2026-05-01T14:24:38.810570
LeBron James,,,c361a0b8c035a055bd9497b52674e3fb,2026-05-02,01:40,points,22.5,-115.0,-115.0,False,betmgm,2026-05-01T14:24:38.810572
Deandre Ayton,,,c361a0b8c035a055bd9497b52674e3fb,2026-05-02,01:40,points,11.5,-125.0,-105.0,False,betmgm,2026-05-01T14:24:38.810573
Tari Eason,,,c361a0b8c035a055bd9497b52674e3fb,2026-05-02,01:40,points,12.5,-130.0,-105.0,False,betmgm,2026-05-01T14:24:38.810575
Rui Hachimura,,,c361a0b8c035a055bd9497b52674e3fb,2026-05-02,01:40,points,12.5,-105.0,-130.0,False,betmgm,2026-05-01T14:24:38.810579
Austin Reaves,,,c361a0b8c035a055bd9497b52674e3fb,2026-05-02,01:40,points,23.5,-105.0,-125.0,False,betmgm,2026-05-01T14:24:38.810580
Josh Okogie,,,c361a0b8c035a055bd9497b52674e3fb,2026-05-02,01:40,points,4.5,100.0,-135.0,False,betmgm,2026-05-01T14:24:38.810582
Luke Kennard,,,c361a0b8c035a055bd9497b52674e3fb,2026-05-02,01:40,points,8.5,100.0,-135.0,False,betmgm,2026-05-01T14:24:38.810584
Jabari Smith Jr,,,c361a0b8c035a055bd9497b52674e3fb,2026-05-02,01:40,points,9.5,-1400.0,,True,betmgm,2026-05-01T14:24:38.810604
Alperen Sengun,,,c361a0b8c035a055bd9497b52674e3fb,2026-05-02,01:40,points,29.5,625.0,,True,betmgm,2026-05-01T14:24:38.810608
Alperen Sengun,,,c361a0b8c035a055bd9497b52674e3fb,2026-05-02,01:40,points,14.5,-550.0,,True,betmgm,2026-05-01T14:24:38.810610
Alperen Sengun,,,c361a0b8c035a055bd9497b52674e3fb,2026-05-02,01:40,points,19.5,-145.0,,True,betmgm,2026-05-01T14:24:38.810611
Alperen Sengun,,,c361a0b8c035a055bd9497b52674e3fb,2026-05-02,01:40,points,24.5,220.0,,True,betmgm,2026-05-01T14:24:38.810613
Reed Sheppard,,,c361a0b8c035a055bd9497b52674e3fb,2026-05-02,01:40,points,9.5,-700.0,,True,betmgm,2026-05-01T14:24:38.810615
Jabari Smith Jr,,,c361a0b8c035a055bd9497b52674e3fb,2026-05-02,01:40,points,14.5,-275.0,,True,betmgm,2026-05-01T14:24:38.810616
LeBron James,,,c361a0b8c035a055bd9497b52674e3fb,2026-05-02,01:40,points,14.5,-1000.0,,True,betmgm,2026-05-01T14:24:38.810618
Amen Thompson,,,c361a0b8c035a055bd9497b52674e3fb,2026-05-02,01:40,points,19.5,100.0,,True,betmgm,2026-05-01T14:24:38.810620
Marcus Smart,,,c361a0b8c035a055bd9497b52674e3fb,2026-05-02,01:40,points,19.5,750.0,,True,betmgm,2026-05-01T14:24:38.810621
LeBron James,,,c361a0b8c035a055bd9497b52674e3fb,2026-05-02,01:40,points,19.5,-225.0,,True,betmgm,2026-05-01T14:24:38.810623
Reed Sheppard,,,c361a0b8c035a055bd9497b52674e3fb,2026-05-02,01:40,points,24.5,600.0,,True,betmgm,2026-05-01T14:24:38.810625
Rui Hachimura,,,c361a0b8c035a055bd9497b52674e3fb,2026-05-02,01:40,points,19.5,575.0,,True,betmgm,2026-05-01T14:24:38.810627
Marcus Smart,,,c361a0b8c035a055bd9497b52674e3fb,2026-05-02,01:40,points,14.5,230.0,,True,betmgm,2026-05-01T14:24:38.810628
Austin Reaves,,,c361a0b8c035a055bd9497b52674e3fb,2026-05-02,01:40,points,24.5,115.0,,True,betmgm,2026-05-01T14:24:38.810630
LeBron James,,,c361a0b8c035a055bd9497b52674e3fb,2026-05-02,01:40,points,24.5,135.0,,True,betmgm,2026-05-01T14:24:38.810632
Reed Sheppard,,,c361a0b8c035a055bd9497b52674e3fb,2026-05-02,01:40,points,19.5,200.0,,True,betmgm,2026-05-01T14:24:38.810633
Jabari Smith Jr,,,c361a0b8c035a055bd9497b52674e3fb,2026-05-02,01:40,points,19.5,125.0,,True,betmgm,2026-05-01T14:24:38.810635
Amen Thompson,,,c361a0b8c035a055bd9497b52674e3fb,2026-05-02,01:40,points,14.5,-375.0,,True,betmgm,2026-05-01T14:24:38.810637
Rui Hachimura,,,c361a0b8c035a055bd9497b52674e3fb,2026-05-02,01:40,points,14.5,165.0,,True,betmgm,2026-05-01T14:24:38.810641
Austin Reaves,,,c361a0b8c035a055bd9497b52674e3fb,2026-05-02,01:40,points,19.5,-275.0,,True,betmgm,2026-05-01T14:24:38.810643
Deandre Ayton,,,c361a0b8c035a055bd9497b52674e3fb,2026-05-02,01:40,points,14.5,230.0,,True,betmgm,2026-05-01T14:24:38.810644
Tari Eason,,,c361a0b8c035a055bd9497b52674e3fb,2026-05-02,01:40,points,9.5,-325.0,,True,betmgm,2026-05-01T14:24:38.810646
Austin Reaves,,,c361a0b8c035a055bd9497b52674e3fb,2026-05-02,01:40,points,29.5,310.0,,True,betmgm,2026-05-01T14:24:38.810648
Reed Sheppard,,,c361a0b8c035a055bd9497b52674e3fb,2026-05-02,01:40,points,14.5,-160.0,,True,betmgm,2026-05-01T14:24:38.810649
Tari Eason,,,c361a0b8c035a055bd9497b52674e3fb,2026-05-02,01:40,points,19.5,450.0,,True,betmgm,2026-05-01T14:24:38.810651
Deandre Ayton,,,c361a0b8c035a055bd9497b52674e3fb,2026-05-02,01:40,points,19.5,825.0,,True,betmgm,2026-05-01T14:24:38.810653
Amen Thompson,,,c361a0b8c035a055bd9497b52674e3fb,2026-05-02,01:40,points,24.5,325.0,,True,betmgm,2026-05-01T14:24:38.810654
Austin Reaves,,,c361a0b8c035a055bd9497b52674e3fb,2026-05-02,01:40,points,14.5,-1100.0,,True,betmgm,2026-05-01T14:24:38.810656
Jabari Smith Jr,,,c361a0b8c035a055bd9497b52674e3fb,2026-05-02,01:40,points,24.5,360.0,,True,betmgm,2026-05-01T14:24:38.810658
Tari Eason,,,c361a0b8c035a055bd9497b52674e3fb,2026-05-02,01:40,points,14.5,135.0,,True,betmgm,2026-05-01T14:24:38.810659
Deandre Ayton,,,c361a0b8c035a055bd9497b52674e3fb,2026-05-02,01:40,points,9.5,-275.0,,True,betmgm,2026-05-01T14:24:38.810661
Rui Hachimura,,,c361a0b8c035a055bd9497b52674e3fb,2026-05-02,01:40,points,9.5,-250.0,,True,betmgm,2026-05-01T14:24:38.810663
Marcus Smart,,,c361a0b8c035a055bd9497b52674e3fb,2026-05-02,01:40,points,9.5,-185.0,,True,betmgm,2026-05-01T14:24:38.810664
LeBron James,,,c361a0b8c035a055bd9497b52674e3fb,2026-05-02,01:40,points,29.5,380.0,,True,betmgm,2026-05-01T14:24:38.810666
Austin Reaves,,,c361a0b8c035a055bd9497b52674e3fb,2026-05-02,01:40,points,34.5,800.0,,True,betmgm,2026-05-01T14:24:38.810668
Luke Kennard,,,c361a0b8c035a055bd9497b52674e3fb,2026-05-02,01:40,points,9.5,135.0,,True,betmgm,2026-05-01T14:24:38.810669
Luke Kennard,,,c361a0b8c035a055bd9497b52674e3fb,2026-05-02,01:40,points,14.5,550.0,,True,betmgm,2026-05-01T14:24:38.810671
Josh Okogie,,,c361a0b8c035a055bd9497b52674e3fb,2026-05-02,01:40,points,9.5,650.0,,True,betmgm,2026-05-01T14:24:38.810673
Amen Thompson,,,c361a0b8c035a055bd9497b52674e3fb,2026-05-02,01:40,rebounds,7.5,-105.0,-125.0,False,betmgm,2026-05-01T14:24:38.810688
Reed Sheppard,,,c361a0b8c035a055bd9497b52674e3fb,2026-05-02,01:40,rebounds,2.5,-115.0,-115.0,False,betmgm,2026-05-01T14:24:38.810690
Tari Eason,,,c361a0b8c035a055bd9497b52674e3fb,2026-05-02,01:40,rebounds,7.5,110.0,-150.0,False,betmgm,2026-05-01T14:24:38.810691
Marcus Smart,,,c361a0b8c035a055bd9497b52674e3fb,2026-05-02,01:40,rebounds,2.5,-140.0,105.0,False,betmgm,2026-05-01T14:24:38.810693
Rui Hachimura,,,c361a0b8c035a055bd9497b52674e3fb,2026-05-02,01:40,rebounds,3.5,-140.0,105.0,False,betmgm,2026-05-01T14:24:38.810695
Alperen Sengun,,,c361a0b8c035a055bd9497b52674e3fb,2026-05-02,01:40,rebounds,9.5,-135.0,100.0,False,betmgm,2026-05-01T14:24:38.810697
LeBron James,,,c361a0b8c035a055bd9497b52674e3fb,2026-05-02,01:40,rebounds,7.5,115.0,-155.0,False,betmgm,2026-05-01T14:24:38.810698
Deandre Ayton,,,c361a0b8c035a055bd9497b52674e3fb,2026-05-02,01:40,rebounds,8.5,-130.0,-105.0,False,betmgm,2026-05-01T14:24:38.810700
Austin Reaves,,,c361a0b8c035a055bd9497b52674e3fb,2026-05-02,01:40,rebounds,4.5,110.0,-150.0,False,betmgm,2026-05-01T14:24:38.810702
Jabari Smith Jr,,,c361a0b8c035a055bd9497b52674e3fb,2026-05-02,01:40,rebounds,7.5,105.0,-140.0,False,betmgm,2026-05-01T14:24:38.810703
Luke Kennard,,,c361a0b8c035a055bd9497b52674e3fb,2026-05-02,01:40,rebounds,2.5,-135.0,100.0,False,betmgm,2026-05-01T14:24:38.810705
Josh Okogie,,,c361a0b8c035a055bd9497b52674e3fb,2026-05-02,01:40,rebounds,2.5,-110.0,-120.0,False,betmgm,2026-05-01T14:24:38.810707
Jabari Smith Jr,,,c361a0b8c035a055bd9497b52674e3fb,2026-05-02,01:40,rebounds,6.5,-175.0,,True,betmgm,2026-05-01T14:24:38.810726
Alperen Sengun,,,c361a0b8c035a055bd9497b52674e3fb,2026-05-02,01:40,rebounds,9.5,-135.0,,True,betmgm,2026-05-01T14:24:38.810730
Jabari Smith Jr,,,c361a0b8c035a055bd9497b52674e3fb,2026-05-02,01:40,rebounds,4.5,-700.0,,True,betmgm,2026-05-01T14:24:38.810732
Alperen Sengun,,,c361a0b8c035a055bd9497b52674e3fb,2026-05-02,01:40,rebounds,6.5,-750.0,,True,betmgm,2026-05-01T14:24:38.810733
Jabari Smith Jr,,,c361a0b8c035a055bd9497b52674e3fb,2026-05-02,01:40,rebounds,9.5,300.0,,True,betmgm,2026-05-01T14:24:38.810735
Amen Thompson,,,c361a0b8c035a055bd9497b52674e3fb,2026-05-02,01:40,rebounds,9.5,275.0,,True,betmgm,2026-05-01T14:24:38.810737
Deandre Ayton,,,c361a0b8c035a055bd9497b52674e3fb,2026-05-02,01:40,rebounds,6.5,-450.0,,True,betmgm,2026-05-01T14:24:38.810738
Austin Reaves,,,c361a0b8c035a055bd9497b52674e3fb,2026-05-02,01:40,rebounds,2.5,-500.0,,True,betmgm,2026-05-01T14:24:38.810740
Rui Hachimura,,,c361a0b8c035a055bd9497b52674e3fb,2026-05-02,01:40,rebounds,2.5,-375.0,,True,betmgm,2026-05-01T14:24:38.810742
Austin Reaves,,,c361a0b8c035a055bd9497b52674e3fb,2026-05-02,01:40,rebounds,6.5,425.0,,True,betmgm,2026-05-01T14:24:38.810746
LeBron James,,,c361a0b8c035a055bd9497b52674e3fb,2026-05-02,01:40,rebounds,6.5,-175.0,,True,betmgm,2026-05-01T14:24:38.810748
Reed Sheppard,,,c361a0b8c035a055bd9497b52674e3fb,2026-05-02,01:40,rebounds,2.5,-125.0,,True,betmgm,2026-05-01T14:24:38.810749
Tari Eason,,,c361a0b8c035a055bd9497b52674e3fb,2026-05-02,01:40,rebounds,6.5,-160.0,,True,betmgm,2026-05-01T14:24:38.810752
Alperen Sengun,,,c361a0b8c035a055bd9497b52674e3fb,2026-05-02,01:40,rebounds,12.5,300.0,,True,betmgm,2026-05-01T14:24:38.810754
LeBron James,,,c361a0b8c035a055bd9497b52674e3fb,2026-05-02,01:40,rebounds,4.5,-700.0,,True,betmgm,2026-05-01T14:24:38.810756
Tari Eason,,,c361a0b8c035a055bd9497b52674e3fb,2026-05-02,01:40,rebounds,4.5,-625.0,,True,betmgm,2026-05-01T14:24:38.810758
Deandre Ayton,,,c361a0b8c035a055bd9497b52674e3fb,2026-05-02,01:40,rebounds,12.5,475.0,,True,betmgm,2026-05-01T14:24:38.810759
Austin Reaves,,,c361a0b8c035a055bd9497b52674e3fb,2026-05-02,01:40,rebounds,4.5,110.0,,True,betmgm,2026-05-01T14:24:38.810761
Rui Hachimura,,,c361a0b8c035a055bd9497b52674e3fb,2026-05-02,01:40,rebounds,4.5,145.0,,True,betmgm,2026-05-01T14:24:38.810763
Alperen Sengun,,,c361a0b8c035a055bd9497b52674e3fb,2026-05-02,01:40,rebounds,14.5,700.0,,True,betmgm,2026-05-01T14:24:38.810764
Tari Eason,,,c361a0b8c035a055bd9497b52674e3fb,2026-05-02,01:40,rebounds,9.5,310.0,,True,betmgm,2026-05-01T14:24:38.810766
Reed Sheppard,,,c361a0b8c035a055bd9497b52674e3fb,2026-05-02,01:40,rebounds,4.5,425.0,,True,betmgm,2026-05-01T14:24:38.810768
Deandre Ayton,,,c361a0b8c035a055bd9497b52674e3fb,2026-05-02,01:40,rebounds,9.5,115.0,,True,betmgm,2026-05-01T14:24:38.810769
Marcus Smart,,,c361a0b8c035a055bd9497b52674e3fb,2026-05-02,01:40,rebounds,2.5,-155.0,,True,betmgm,2026-05-01T14:24:38.810771
Amen Thompson,,,c361a0b8c035a055bd9497b52674e3fb,2026-05-02,01:40,rebounds,4.5,-750.0,,True,betmgm,2026-05-01T14:24:38.810773
Amen Thompson,,,c361a0b8c035a055bd9497b52674e3fb,2026-05-02,01:40,rebounds,6.5,-190.0,,True,betmgm,2026-05-01T14:24:38.810774
Rui Hachimura,,,c361a0b8c035a055bd9497b52674e3fb,2026-05-02,01:40,rebounds,6.5,550.0,,True,betmgm,2026-05-01T14:24:38.810776
Marcus Smart,,,c361a0b8c035a055bd9497b52674e3fb,2026-05-02,01:40,rebounds,4.5,340.0,,True,betmgm,2026-05-01T14:24:38.810778
LeBron James,,,c361a0b8c035a055bd9497b52674e3fb,2026-05-02,01:40,rebounds,9.5,300.0,,True,betmgm,2026-05-01T14:24:38.810779
Luke Kennard,,,c361a0b8c035a055bd9497b52674e3fb,2026-05-02,01:40,rebounds,4.5,390.0,,True,betmgm,2026-05-01T14:24:38.810781
Luke Kennard,,,c361a0b8c035a055bd9497b52674e3fb,2026-05-02,01:40,rebounds,2.5,-140.0,,True,betmgm,2026-05-01T14:24:38.810783
Josh Okogie,,,c361a0b8c035a055bd9497b52674e3fb,2026-05-02,01:40,rebounds,2.5,-110.0,,True,betmgm,2026-05-01T14:24:38.810784
Josh Okogie,,,c361a0b8c035a055bd9497b52674e3fb,2026-05-02,01:40,rebounds,4.5,450.0,,True,betmgm,2026-05-01T14:24:38.810788
Reed Sheppard,,,c361a0b8c035a055bd9497b52674e3fb,2026-05-02,01:40,threes,3.5,120.0,-155.0,False,betmgm,2026-05-01T14:24:38.810798
Tari Eason,,,c361a0b8c035a055bd9497b52674e3fb,2026-05-02,01:40,threes,1.5,-125.0,-105.0,False,betmgm,2026-05-01T14:24:38.810800
Rui Hachimura,,,c361a0b8c035a055bd9497b52674e3fb,2026-05-02,01:40,threes,1.5,-125.0,-105.0,False,betmgm,2026-05-01T14:24:38.810802
LeBron James,,,c361a0b8c035a055bd9497b52674e3fb,2026-05-02,01:40,threes,1.5,105.0,-140.0,False,betmgm,2026-05-01T14:24:38.810803
Jabari Smith Jr,,,c361a0b8c035a055bd9497b52674e3fb,2026-05-02,01:40,threes,2.5,-125.0,-105.0,False,betmgm,2026-05-01T14:24:38.810805
Marcus Smart,,,c361a0b8c035a055bd9497b52674e3fb,2026-05-02,01:40,threes,1.5,-155.0,115.0,False,betmgm,2026-05-01T14:24:38.810807
Austin Reaves,,,c361a0b8c035a055bd9497b52674e3fb,2026-05-02,01:40,threes,1.5,-190.0,140.0,False,betmgm,2026-05-01T14:24:38.810809
Jabari Smith Jr,,,c361a0b8c035a055bd9497b52674e3fb,2026-05-02,01:40,threes,3.5,175.0,,True,betmgm,2026-05-01T14:24:38.810824
Jabari Smith Jr,,,c361a0b8c035a055bd9497b52674e3fb,2026-05-02,01:40,threes,4.5,390.0,,True,betmgm,2026-05-01T14:24:38.810825
Tari Eason,,,c361a0b8c035a055bd9497b52674e3fb,2026-05-02,01:40,threes,2.5,230.0,,True,betmgm,2026-05-01T14:24:38.810827
LeBron James,,,c361a0b8c035a055bd9497b52674e3fb,2026-05-02,01:40,threes,1.5,105.0,,True,betmgm,2026-05-01T14:24:38.810829
Jabari Smith Jr,,,c361a0b8c035a055bd9497b52674e3fb,2026-05-02,01:40,threes,2.5,-140.0,,True,betmgm,2026-05-01T14:24:38.810831
Rui Hachimura,,,c361a0b8c035a055bd9497b52674e3fb,2026-05-02,01:40,threes,0.5,-600.0,,True,betmgm,2026-05-01T14:24:38.810832
Austin Reaves,,,c361a0b8c035a055bd9497b52674e3fb,2026-05-02,01:40,threes,1.5,-200.0,,True,betmgm,2026-05-01T14:24:38.810834
Rui Hachimura,,,c361a0b8c035a055bd9497b52674e3fb,2026-05-02,01:40,threes,2.5,230.0,,True,betmgm,2026-05-01T14:24:38.810836
Rui Hachimura,,,c361a0b8c035a055bd9497b52674e3fb,2026-05-02,01:40,threes,1.5,-125.0,,True,betmgm,2026-05-01T14:24:38.810837
Reed Sheppard,,,c361a0b8c035a055bd9497b52674e3fb,2026-05-02,01:40,threes,4.5,230.0,,True,betmgm,2026-05-01T14:24:38.810839
Reed Sheppard,,,c361a0b8c035a055bd9497b52674e3fb,2026-05-02,01:40,threes,3.5,105.0,,True,betmgm,2026-05-01T14:24:38.810841
Marcus Smart,,,c361a0b8c035a055bd9497b52674e3fb,2026-05-02,01:40,threes,3.5,475.0,,True,betmgm,2026-05-01T14:24:38.810842
LeBron James,,,c361a0b8c035a055bd9497b52674e3fb,2026-05-02,01:40,threes,0.5,-450.0,,True,betmgm,2026-05-01T14:24:38.810844
Austin Reaves,,,c361a0b8c035a055bd9497b52674e3fb,2026-05-02,01:40,threes,2.5,150.0,,True,betmgm,2026-05-01T14:24:38.810848
Reed Sheppard,,,c361a0b8c035a055bd9497b52674e3fb,2026-05-02,01:40,threes,2.5,-235.0,,True,betmgm,2026-05-01T14:24:38.810850
Reed Sheppard,,,c361a0b8c035a055bd9497b52674e3fb,2026-05-02,01:40,threes,5.5,475.0,,True,betmgm,2026-05-01T14:24:38.810852
Jabari Smith Jr,,,c361a0b8c035a055bd9497b52674e3fb,2026-05-02,01:40,threes,1.5,-450.0,,True,betmgm,2026-05-01T14:24:38.810854
Marcus Smart,,,c361a0b8c035a055bd9497b52674e3fb,2026-05-02,01:40,threes,0.5,-700.0,,True,betmgm,2026-05-01T14:24:38.810855
Tari Eason,,,c361a0b8c035a055bd9497b52674e3fb,2026-05-02,01:40,threes,1.5,-125.0,,True,betmgm,2026-05-01T14:24:38.810857
Austin Reaves,,,c361a0b8c035a055bd9497b52674e3fb,2026-05-02,01:40,threes,3.5,375.0,,True,betmgm,2026-05-01T14:24:38.810859
Rui Hachimura,,,c361a0b8c035a055bd9497b52674e3fb,2026-05-02,01:40,threes,3.5,600.0,,True,betmgm,2026-05-01T14:24:38.810860
Marcus Smart,,,c361a0b8c035a055bd9497b52674e3fb,2026-05-02,01:40,threes,2.5,195.0,,True,betmgm,2026-05-01T14:24:38.810862
LeBron James,,,c361a0b8c035a055bd9497b52674e3fb,2026-05-02,01:40,threes,2.5,320.0,,True,betmgm,2026-05-01T14:24:38.810864
Austin Reaves,,,c361a0b8c035a055bd9497b52674e3fb,2026-05-02,01:40,threes,0.5,-900.0,,True,betmgm,2026-05-01T14:24:38.810868
LeBron James,,,c361a0b8c035a055bd9497b52674e3fb,2026-05-02,01:40,threes,3.5,825.0,,True,betmgm,2026-05-01T14:24:38.810870
Reed Sheppard,,,c361a0b8c035a055bd9497b52674e3fb,2026-05-02,01:40,threes,1.5,-750.0,,True,betmgm,2026-05-01T14:24:38.810871
Tari Eason,,,c361a0b8c035a055bd9497b52674e3fb,2026-05-02,01:40,threes,0.5,-550.0,,True,betmgm,2026-05-01T14:24:38.810873
Marcus Smart,,,c361a0b8c035a055bd9497b52674e3fb,2026-05-02,01:40,threes,1.5,-155.0,,True,betmgm,2026-05-01T14:24:38.810875
Tari Eason,,,c361a0b8c035a055bd9497b52674e3fb,2026-05-02,01:40,threes,3.5,600.0,,True,betmgm,2026-05-01T14:24:38.810876
Derrick White,,,a37e80a2e3cf3aaa3ae84a9124987058,2026-05-02,23:40,assists,3.5,-111.0,-118.0,False,betmgm,2026-05-01T14:24:38.882004
Jayson Tatum,,,a37e80a2e3cf3aaa3ae84a9124987058,2026-05-02,23:40,assists,6.5,105.0,-140.0,False,betmgm,2026-05-01T14:24:38.882006
Payton Pritchard,,,a37e80a2e3cf3aaa3ae84a9124987058,2026-05-02,23:40,assists,3.5,-175.0,130.0,False,betmgm,2026-05-01T14:24:38.882007
Tyrese Maxey,,,a37e80a2e3cf3aaa3ae84a9124987058,2026-05-02,23:40,assists,6.5,110.0,-150.0,False,betmgm,2026-05-01T14:24:38.882009
Paul George,,,a37e80a2e3cf3aaa3ae84a9124987058,2026-05-02,23:40,assists,3.5,105.0,-145.0,False,betmgm,2026-05-01T14:24:38.882011
VJ Edgecombe,,,a37e80a2e3cf3aaa3ae84a9124987058,2026-05-02,23:40,assists,3.5,120.0,-160.0,False,betmgm,2026-05-01T14:24:38.882012
Joel Embiid,,,a37e80a2e3cf3aaa3ae84a9124987058,2026-05-02,23:40,assists,4.5,-115.0,-115.0,False,betmgm,2026-05-01T14:24:38.882014
Jaylen Brown,,,a37e80a2e3cf3aaa3ae84a9124987058,2026-05-02,23:40,assists,4.5,120.0,-160.0,False,betmgm,2026-05-01T14:24:38.882016
Derrick White,,,a37e80a2e3cf3aaa3ae84a9124987058,2026-05-02,23:40,assists,2.5,-275.0,,True,betmgm,2026-05-01T14:24:38.882028
Derrick White,,,a37e80a2e3cf3aaa3ae84a9124987058,2026-05-02,23:40,assists,4.5,195.0,,True,betmgm,2026-05-01T14:24:38.882032
Jaylen Brown,,,a37e80a2e3cf3aaa3ae84a9124987058,2026-05-02,23:40,assists,4.5,115.0,,True,betmgm,2026-05-01T14:24:38.882034
VJ Edgecombe,,,a37e80a2e3cf3aaa3ae84a9124987058,2026-05-02,23:40,assists,4.5,260.0,,True,betmgm,2026-05-01T14:24:38.882036
Jaylen Brown,,,a37e80a2e3cf3aaa3ae84a9124987058,2026-05-02,23:40,assists,6.5,475.0,,True,betmgm,2026-05-01T14:24:38.882038
Joel Embiid,,,a37e80a2e3cf3aaa3ae84a9124987058,2026-05-02,23:40,assists,4.5,-115.0,,True,betmgm,2026-05-01T14:24:38.882039
Payton Pritchard,,,a37e80a2e3cf3aaa3ae84a9124987058,2026-05-02,23:40,assists,2.5,-350.0,,True,betmgm,2026-05-01T14:24:38.882041
Jayson Tatum,,,a37e80a2e3cf3aaa3ae84a9124987058,2026-05-02,23:40,assists,9.5,600.0,,True,betmgm,2026-05-01T14:24:38.882043
Joel Embiid,,,a37e80a2e3cf3aaa3ae84a9124987058,2026-05-02,23:40,assists,6.5,325.0,,True,betmgm,2026-05-01T14:24:38.882044
Payton Pritchard,,,a37e80a2e3cf3aaa3ae84a9124987058,2026-05-02,23:40,assists,6.5,575.0,,True,betmgm,2026-05-01T14:24:38.882046
Tyrese Maxey,,,a37e80a2e3cf3aaa3ae84a9124987058,2026-05-02,23:40,assists,4.5,-350.0,,True,betmgm,2026-05-01T14:24:38.882048
Paul George,,,a37e80a2e3cf3aaa3ae84a9124987058,2026-05-02,23:40,assists,4.5,230.0,,True,betmgm,2026-05-01T14:24:38.882050
Tyrese Maxey,,,a37e80a2e3cf3aaa3ae84a9124987058,2026-05-02,23:40,assists,9.5,600.0,,True,betmgm,2026-05-01T14:24:38.882052
Joel Embiid,,,a37e80a2e3cf3aaa3ae84a9124987058,2026-05-02,23:40,assists,2.5,-625.0,,True,betmgm,2026-05-01T14:24:38.882053
VJ Edgecombe,,,a37e80a2e3cf3aaa3ae84a9124987058,2026-05-02,23:40,assists,2.5,-210.0,,True,betmgm,2026-05-01T14:24:38.882055
Derrick White,,,a37e80a2e3cf3aaa3ae84a9124987058,2026-05-02,23:40,assists,6.5,775.0,,True,betmgm,2026-05-01T14:24:38.882059
Jayson Tatum,,,a37e80a2e3cf3aaa3ae84a9124987058,2026-05-02,23:40,assists,6.5,105.0,,True,betmgm,2026-05-01T14:24:38.882060
Payton Pritchard,,,a37e80a2e3cf3aaa3ae84a9124987058,2026-05-02,23:40,assists,4.5,155.0,,True,betmgm,2026-05-01T14:24:38.882062
Tyrese Maxey,,,a37e80a2e3cf3aaa3ae84a9124987058,2026-05-02,23:40,assists,6.5,110.0,,True,betmgm,2026-05-01T14:24:38.882064
Jaylen Brown,,,a37e80a2e3cf3aaa3ae84a9124987058,2026-05-02,23:40,assists,2.5,-500.0,,True,betmgm,2026-05-01T14:24:38.882065
Paul George,,,a37e80a2e3cf3aaa3ae84a9124987058,2026-05-02,23:40,assists,2.5,-225.0,,True,betmgm,2026-05-01T14:24:38.882067
Jayson Tatum,,,a37e80a2e3cf3aaa3ae84a9124987058,2026-05-02,23:40,assists,4.5,-375.0,,True,betmgm,2026-05-01T14:24:38.882069
Payton Pritchard,,,a37e80a2e3cf3aaa3ae84a9124987058,2026-05-02,23:40,points,12.5,-115.0,-115.0,False,betmgm,2026-05-01T14:24:38.882082
Derrick White,,,a37e80a2e3cf3aaa3ae84a9124987058,2026-05-02,23:40,points,11.5,-105.0,-125.0,False,betmgm,2026-05-01T14:24:38.882084
Joel Embiid,,,a37e80a2e3cf3aaa3ae84a9124987058,2026-05-02,23:40,points,26.5,-105.0,-125.0,False,betmgm,2026-05-01T14:24:38.882085
VJ Edgecombe,,,a37e80a2e3cf3aaa3ae84a9124987058,2026-05-02,23:40,points,10.5,-135.0,100.0,False,betmgm,2026-05-01T14:24:38.882087
Nikola Vucevic,,,a37e80a2e3cf3aaa3ae84a9124987058,2026-05-02,23:40,points,7.5,105.0,-140.0,False,betmgm,2026-05-01T14:24:38.882089
Tyrese Maxey,,,a37e80a2e3cf3aaa3ae84a9124987058,2026-05-02,23:40,points,23.5,-120.0,-110.0,False,betmgm,2026-05-01T14:24:38.882090
Kelly Oubre Jr,,,a37e80a2e3cf3aaa3ae84a9124987058,2026-05-02,23:40,points,8.5,-135.0,100.0,False,betmgm,2026-05-01T14:24:38.882092
Paul George,,,a37e80a2e3cf3aaa3ae84a9124987058,2026-05-02,23:40,points,15.5,-115.0,-115.0,False,betmgm,2026-05-01T14:24:38.882094
Neemias Queta,,,a37e80a2e3cf3aaa3ae84a9124987058,2026-05-02,23:40,points,7.5,-105.0,-125.0,False,betmgm,2026-05-01T14:24:38.882095
Jaylen Brown,,,a37e80a2e3cf3aaa3ae84a9124987058,2026-05-02,23:40,points,24.5,-125.0,-105.0,False,betmgm,2026-05-01T14:24:38.882097
Jayson Tatum,,,a37e80a2e3cf3aaa3ae84a9124987058,2026-05-02,23:40,points,23.5,-125.0,-105.0,False,betmgm,2026-05-01T14:24:38.882099
Sam Hauser,,,a37e80a2e3cf3aaa3ae84a9124987058,2026-05-02,23:40,points,6.5,100.0,-135.0,False,betmgm,2026-05-01T14:24:38.882100
Derrick White,,,a37e80a2e3cf3aaa3ae84a9124987058,2026-05-02,23:40,points,9.5,-190.0,,True,betmgm,2026-05-01T14:24:38.882131
Derrick White,,,a37e80a2e3cf3aaa3ae84a9124987058,2026-05-02,23:40,points,19.5,750.0,,True,betmgm,2026-05-01T14:24:38.882133
Derrick White,,,a37e80a2e3cf3aaa3ae84a9124987058,2026-05-02,23:40,points,14.5,210.0,,True,betmgm,2026-05-01T14:24:38.882134
Tyrese Maxey,,,a37e80a2e3cf3aaa3ae84a9124987058,2026-05-02,23:40,points,34.5,675.0,,True,betmgm,2026-05-01T14:24:38.882138
Neemias Queta,,,a37e80a2e3cf3aaa3ae84a9124987058,2026-05-02,23:40,points,9.5,200.0,,True,betmgm,2026-05-01T14:24:38.882140
Jayson Tatum,,,a37e80a2e3cf3aaa3ae84a9124987058,2026-05-02,23:40,points,24.5,-105.0,,True,betmgm,2026-05-01T14:24:38.882141
Jaylen Brown,,,a37e80a2e3cf3aaa3ae84a9124987058,2026-05-02,23:40,points,24.5,-125.0,,True,betmgm,2026-05-01T14:24:38.882143
Joel Embiid,,,a37e80a2e3cf3aaa3ae84a9124987058,2026-05-02,23:40,points,19.5,-525.0,,True,betmgm,2026-05-01T14:24:38.882145
Nikola Vucevic,,,a37e80a2e3cf3aaa3ae84a9124987058,2026-05-02,23:40,points,14.5,775.0,,True,betmgm,2026-05-01T14:24:38.882146
Joel Embiid,,,a37e80a2e3cf3aaa3ae84a9124987058,2026-05-02,23:40,points,24.5,-160.0,,True,betmgm,2026-05-01T14:24:38.882148
VJ Edgecombe,,,a37e80a2e3cf3aaa3ae84a9124987058,2026-05-02,23:40,points,9.5,-185.0,,True,betmgm,2026-05-01T14:24:38.882150
Tyrese Maxey,,,a37e80a2e3cf3aaa3ae84a9124987058,2026-05-02,23:40,points,29.5,260.0,,True,betmgm,2026-05-01T14:24:38.882152
Paul George,,,a37e80a2e3cf3aaa3ae84a9124987058,2026-05-02,23:40,points,14.5,-150.0,,True,betmgm,2026-05-01T14:24:38.882153
Paul George,,,a37e80a2e3cf3aaa3ae84a9124987058,2026-05-02,23:40,points,19.5,220.0,,True,betmgm,2026-05-01T14:24:38.882157
Joel Embiid,,,a37e80a2e3cf3aaa3ae84a9124987058,2026-05-02,23:40,points,29.5,170.0,,True,betmgm,2026-05-01T14:24:38.882159
Jaylen Brown,,,a37e80a2e3cf3aaa3ae84a9124987058,2026-05-02,23:40,points,34.5,575.0,,True,betmgm,2026-05-01T14:24:38.882161
Payton Pritchard,,,a37e80a2e3cf3aaa3ae84a9124987058,2026-05-02,23:40,points,14.5,150.0,,True,betmgm,2026-05-01T14:24:38.882162
Jayson Tatum,,,a37e80a2e3cf3aaa3ae84a9124987058,2026-05-02,23:40,points,19.5,-325.0,,True,betmgm,2026-05-01T14:24:38.882164
Tyrese Maxey,,,a37e80a2e3cf3aaa3ae84a9124987058,2026-05-02,23:40,points,14.5,-1200.0,,True,betmgm,2026-05-01T14:24:38.882166
Paul George,,,a37e80a2e3cf3aaa3ae84a9124987058,2026-05-02,23:40,points,9.5,-650.0,,True,betmgm,2026-05-01T14:24:38.882170
Payton Pritchard,,,a37e80a2e3cf3aaa3ae84a9124987058,2026-05-02,23:40,points,9.5,-275.0,,True,betmgm,2026-05-01T14:24:38.882172
Joel Embiid,,,a37e80a2e3cf3aaa3ae84a9124987058,2026-05-02,23:40,points,34.5,425.0,,True,betmgm,2026-05-01T14:24:38.882173
Jayson Tatum,,,a37e80a2e3cf3aaa3ae84a9124987058,2026-05-02,23:40,points,14.5,-1400.0,,True,betmgm,2026-05-01T14:24:38.882175
VJ Edgecombe,,,a37e80a2e3cf3aaa3ae84a9124987058,2026-05-02,23:40,points,14.5,230.0,,True,betmgm,2026-05-01T14:24:38.882177
Tyrese Maxey,,,a37e80a2e3cf3aaa3ae84a9124987058,2026-05-02,23:40,points,24.5,100.0,,True,betmgm,2026-05-01T14:24:38.882178
Tyrese Maxey,,,a37e80a2e3cf3aaa3ae84a9124987058,2026-05-02,23:40,points,19.5,-295.0,,True,betmgm,2026-05-01T14:24:38.882180
Jayson Tatum,,,a37e80a2e3cf3aaa3ae84a9124987058,2026-05-02,23:40,points,29.5,270.0,,True,betmgm,2026-05-01T14:24:38.882181
VJ Edgecombe,,,a37e80a2e3cf3aaa3ae84a9124987058,2026-05-02,23:40,points,19.5,775.0,,True,betmgm,2026-05-01T14:24:38.882183
Jayson Tatum,,,a37e80a2e3cf3aaa3ae84a9124987058,2026-05-02,23:40,points,34.5,700.0,,True,betmgm,2026-05-01T14:24:38.882185
Nikola Vucevic,,,a37e80a2e3cf3aaa3ae84a9124987058,2026-05-02,23:40,points,9.5,195.0,,True,betmgm,2026-05-01T14:24:38.882187
Jaylen Brown,,,a37e80a2e3cf3aaa3ae84a9124987058,2026-05-02,23:40,points,19.5,-450.0,,True,betmgm,2026-05-01T14:24:38.882188
Kelly Oubre Jr,,,a37e80a2e3cf3aaa3ae84a9124987058,2026-05-02,23:40,points,9.5,105.0,,True,betmgm,2026-05-01T14:24:38.882190
Kelly Oubre Jr,,,a37e80a2e3cf3aaa3ae84a9124987058,2026-05-02,23:40,points,14.5,425.0,,True,betmgm,2026-05-01T14:24:38.882192
Payton Pritchard,,,a37e80a2e3cf3aaa3ae84a9124987058,2026-05-02,23:40,points,19.5,475.0,,True,betmgm,2026-05-01T14:24:38.882193
Jaylen Brown,,,a37e80a2e3cf3aaa3ae84a9124987058,2026-05-02,23:40,points,29.5,230.0,,True,betmgm,2026-05-01T14:24:38.882195
Paul George,,,a37e80a2e3cf3aaa3ae84a9124987058,2026-05-02,23:40,points,24.5,625.0,,True,betmgm,2026-05-01T14:24:38.882197
Sam Hauser,,,a37e80a2e3cf3aaa3ae84a9124987058,2026-05-02,23:40,points,14.5,825.0,,True,betmgm,2026-05-01T14:24:38.882198
Sam Hauser,,,a37e80a2e3cf3aaa3ae84a9124987058,2026-05-02,23:40,points,9.5,250.0,,True,betmgm,2026-05-01T14:24:38.882200
Derrick White,,,a37e80a2e3cf3aaa3ae84a9124987058,2026-05-02,23:40,rebounds,3.5,-105.0,-125.0,False,betmgm,2026-05-01T14:24:38.882215
Jaylen Brown,,,a37e80a2e3cf3aaa3ae84a9124987058,2026-05-02,23:40,rebounds,5.5,-145.0,105.0,False,betmgm,2026-05-01T14:24:38.882217
Payton Pritchard,,,a37e80a2e3cf3aaa3ae84a9124987058,2026-05-02,23:40,rebounds,3.5,130.0,-175.0,False,betmgm,2026-05-01T14:24:38.882219
Joel Embiid,,,a37e80a2e3cf3aaa3ae84a9124987058,2026-05-02,23:40,rebounds,8.5,-105.0,-125.0,False,betmgm,2026-05-01T14:24:38.882220
Tyrese Maxey,,,a37e80a2e3cf3aaa3ae84a9124987058,2026-05-02,23:40,rebounds,3.5,-135.0,100.0,False,betmgm,2026-05-01T14:24:38.882222
Paul George,,,a37e80a2e3cf3aaa3ae84a9124987058,2026-05-02,23:40,rebounds,5.5,-105.0,-125.0,False,betmgm,2026-05-01T14:24:38.882224
VJ Edgecombe,,,a37e80a2e3cf3aaa3ae84a9124987058,2026-05-02,23:40,rebounds,5.5,-115.0,-115.0,False,betmgm,2026-05-01T14:24:38.882228
Nikola Vucevic,,,a37e80a2e3cf3aaa3ae84a9124987058,2026-05-02,23:40,rebounds,4.5,-111.0,-120.0,False,betmgm,2026-05-01T14:24:38.882229
Kelly Oubre Jr,,,a37e80a2e3cf3aaa3ae84a9124987058,2026-05-02,23:40,rebounds,5.5,110.0,-150.0,False,betmgm,2026-05-01T14:24:38.882231
Neemias Queta,,,a37e80a2e3cf3aaa3ae84a9124987058,2026-05-02,23:40,rebounds,7.5,110.0,-150.0,False,betmgm,2026-05-01T14:24:38.882233
Jayson Tatum,,,a37e80a2e3cf3aaa3ae84a9124987058,2026-05-02,23:40,rebounds,10.5,-125.0,-105.0,False,betmgm,2026-05-01T14:24:38.882235
Sam Hauser,,,a37e80a2e3cf3aaa3ae84a9124987058,2026-05-02,23:40,rebounds,2.5,-165.0,125.0,False,betmgm,2026-05-01T14:24:38.882236
Derrick White,,,a37e80a2e3cf3aaa3ae84a9124987058,2026-05-02,23:40,rebounds,2.5,-275.0,,True,betmgm,2026-05-01T14:24:38.882255
Derrick White,,,a37e80a2e3cf3aaa3ae84a9124987058,2026-05-02,23:40,rebounds,6.5,750.0,,True,betmgm,2026-05-01T14:24:38.882257
Neemias Queta,,,a37e80a2e3cf3aaa3ae84a9124987058,2026-05-02,23:40,rebounds,4.5,-625.0,,True,betmgm,2026-05-01T14:24:38.882258
Derrick White,,,a37e80a2e3cf3aaa3ae84a9124987058,2026-05-02,23:40,rebounds,4.5,200.0,,True,betmgm,2026-05-01T14:24:38.882260
Joel Embiid,,,a37e80a2e3cf3aaa3ae84a9124987058,2026-05-02,23:40,rebounds,6.5,-325.0,,True,betmgm,2026-05-01T14:24:38.882262
Paul George,,,a37e80a2e3cf3aaa3ae84a9124987058,2026-05-02,23:40,rebounds,2.5,-1400.0,,True,betmgm,2026-05-01T14:24:38.882263
Neemias Queta,,,a37e80a2e3cf3aaa3ae84a9124987058,2026-05-02,23:40,rebounds,6.5,-160.0,,True,betmgm,2026-05-01T14:24:38.882265
Nikola Vucevic,,,a37e80a2e3cf3aaa3ae84a9124987058,2026-05-02,23:40,rebounds,4.5,-111.0,,True,betmgm,2026-05-01T14:24:38.882267
Paul George,,,a37e80a2e3cf3aaa3ae84a9124987058,2026-05-02,23:40,rebounds,6.5,175.0,,True,betmgm,2026-05-01T14:24:38.882268
Jayson Tatum,,,a37e80a2e3cf3aaa3ae84a9124987058,2026-05-02,23:40,rebounds,9.5,-210.0,,True,betmgm,2026-05-01T14:24:38.882270
Payton Pritchard,,,a37e80a2e3cf3aaa3ae84a9124987058,2026-05-02,23:40,rebounds,4.5,280.0,,True,betmgm,2026-05-01T14:24:38.882272
Jaylen Brown,,,a37e80a2e3cf3aaa3ae84a9124987058,2026-05-02,23:40,rebounds,4.5,-295.0,,True,betmgm,2026-05-01T14:24:38.882273
Paul George,,,a37e80a2e3cf3aaa3ae84a9124987058,2026-05-02,23:40,rebounds,4.5,-210.0,,True,betmgm,2026-05-01T14:24:38.882275
Jayson Tatum,,,a37e80a2e3cf3aaa3ae84a9124987058,2026-05-02,23:40,rebounds,12.5,200.0,,True,betmgm,2026-05-01T14:24:38.882277
Tyrese Maxey,,,a37e80a2e3cf3aaa3ae84a9124987058,2026-05-02,23:40,rebounds,2.5,-325.0,,True,betmgm,2026-05-01T14:24:38.882278
VJ Edgecombe,,,a37e80a2e3cf3aaa3ae84a9124987058,2026-05-02,23:40,rebounds,4.5,-225.0,,True,betmgm,2026-05-01T14:24:38.882280
Kelly Oubre Jr,,,a37e80a2e3cf3aaa3ae84a9124987058,2026-05-02,23:40,rebounds,6.5,200.0,,True,betmgm,2026-05-01T14:24:38.882282
Nikola Vucevic,,,a37e80a2e3cf3aaa3ae84a9124987058,2026-05-02,23:40,rebounds,6.5,300.0,,True,betmgm,2026-05-01T14:24:38.882286
Joel Embiid,,,a37e80a2e3cf3aaa3ae84a9124987058,2026-05-02,23:40,rebounds,9.5,155.0,,True,betmgm,2026-05-01T14:24:38.882287
Tyrese Maxey,,,a37e80a2e3cf3aaa3ae84a9124987058,2026-05-02,23:40,rebounds,6.5,600.0,,True,betmgm,2026-05-01T14:24:38.882291
Jaylen Brown,,,a37e80a2e3cf3aaa3ae84a9124987058,2026-05-02,23:40,rebounds,9.5,675.0,,True,betmgm,2026-05-01T14:24:38.882293
Jayson Tatum,,,a37e80a2e3cf3aaa3ae84a9124987058,2026-05-02,23:40,rebounds,6.5,-1400.0,,True,betmgm,2026-05-01T14:24:38.882295
Payton Pritchard,,,a37e80a2e3cf3aaa3ae84a9124987058,2026-05-02,23:40,rebounds,2.5,-190.0,,True,betmgm,2026-05-01T14:24:38.882296
Nikola Vucevic,,,a37e80a2e3cf3aaa3ae84a9124987058,2026-05-02,23:40,rebounds,2.5,-550.0,,True,betmgm,2026-05-01T14:24:38.882298
Kelly Oubre Jr,,,a37e80a2e3cf3aaa3ae84a9124987058,2026-05-02,23:40,rebounds,4.5,-185.0,,True,betmgm,2026-05-01T14:24:38.882300
Jaylen Brown,,,a37e80a2e3cf3aaa3ae84a9124987058,2026-05-02,23:40,rebounds,6.5,130.0,,True,betmgm,2026-05-01T14:24:38.882302
VJ Edgecombe,,,a37e80a2e3cf3aaa3ae84a9124987058,2026-05-02,23:40,rebounds,6.5,160.0,,True,betmgm,2026-05-01T14:24:38.882305
Jayson Tatum,,,a37e80a2e3cf3aaa3ae84a9124987058,2026-05-02,23:40,rebounds,14.5,475.0,,True,betmgm,2026-05-01T14:24:38.882307
Tyrese Maxey,,,a37e80a2e3cf3aaa3ae84a9124987058,2026-05-02,23:40,rebounds,4.5,160.0,,True,betmgm,2026-05-01T14:24:38.882309
VJ Edgecombe,,,a37e80a2e3cf3aaa3ae84a9124987058,2026-05-02,23:40,rebounds,2.5,-1400.0,,True,betmgm,2026-05-01T14:24:38.882310
Joel Embiid,,,a37e80a2e3cf3aaa3ae84a9124987058,2026-05-02,23:40,rebounds,12.5,625.0,,True,betmgm,2026-05-01T14:24:38.882312
Kelly Oubre Jr,,,a37e80a2e3cf3aaa3ae84a9124987058,2026-05-02,23:40,rebounds,2.5,-1100.0,,True,betmgm,2026-05-01T14:24:38.882314
VJ Edgecombe,,,a37e80a2e3cf3aaa3ae84a9124987058,2026-05-02,23:40,rebounds,9.5,825.0,,True,betmgm,2026-05-01T14:24:38.882315
Neemias Queta,,,a37e80a2e3cf3aaa3ae84a9124987058,2026-05-02,23:40,rebounds,9.5,310.0,,True,betmgm,2026-05-01T14:24:38.882317
Joel Embiid,,,a37e80a2e3cf3aaa3ae84a9124987058,2026-05-02,23:40,rebounds,4.5,-1600.0,,True,betmgm,2026-05-01T14:24:38.882319
Sam Hauser,,,a37e80a2e3cf3aaa3ae84a9124987058,2026-05-02,23:40,rebounds,4.5,300.0,,True,betmgm,2026-05-01T14:24:38.882321
Sam Hauser,,,a37e80a2e3cf3aaa3ae84a9124987058,2026-05-02,23:40,rebounds,2.5,-175.0,,True,betmgm,2026-05-01T14:24:38.882322
Derrick White,,,a37e80a2e3cf3aaa3ae84a9124987058,2026-05-02,23:40,threes,1.5,-165.0,125.0,False,betmgm,2026-05-01T14:24:38.882334
Jayson Tatum,,,a37e80a2e3cf3aaa3ae84a9124987058,2026-05-02,23:40,threes,2.5,-150.0,110.0,False,betmgm,2026-05-01T14:24:38.882336
Tyrese Maxey,,,a37e80a2e3cf3aaa3ae84a9124987058,2026-05-02,23:40,threes,2.5,-140.0,105.0,False,betmgm,2026-05-01T14:24:38.882338
Jaylen Brown,,,a37e80a2e3cf3aaa3ae84a9124987058,2026-05-02,23:40,threes,1.5,-140.0,105.0,False,betmgm,2026-05-01T14:24:38.882339
VJ Edgecombe,,,a37e80a2e3cf3aaa3ae84a9124987058,2026-05-02,23:40,threes,1.5,-120.0,-111.0,False,betmgm,2026-05-01T14:24:38.882341
Paul George,,,a37e80a2e3cf3aaa3ae84a9124987058,2026-05-02,23:40,threes,2.5,115.0,-155.0,False,betmgm,2026-05-01T14:24:38.882343
Payton Pritchard,,,a37e80a2e3cf3aaa3ae84a9124987058,2026-05-02,23:40,threes,1.5,-185.0,135.0,False,betmgm,2026-05-01T14:24:38.882344
Joel Embiid,,,a37e80a2e3cf3aaa3ae84a9124987058,2026-05-02,23:40,threes,1.5,105.0,-140.0,False,betmgm,2026-05-01T14:24:38.882346
Sam Hauser,,,a37e80a2e3cf3aaa3ae84a9124987058,2026-05-02,23:40,threes,1.5,-185.0,135.0,False,betmgm,2026-05-01T14:24:38.882348
Derrick White,,,a37e80a2e3cf3aaa3ae84a9124987058,2026-05-02,23:40,threes,2.5,175.0,,True,betmgm,2026-05-01T14:24:38.882366
Derrick White,,,a37e80a2e3cf3aaa3ae84a9124987058,2026-05-02,23:40,threes,0.5,-750.0,,True,betmgm,2026-05-01T14:24:38.882368
Derrick White,,,a37e80a2e3cf3aaa3ae84a9124987058,2026-05-02,23:40,threes,3.5,450.0,,True,betmgm,2026-05-01T14:24:38.882370
Payton Pritchard,,,a37e80a2e3cf3aaa3ae84a9124987058,2026-05-02,23:40,threes,0.5,-900.0,,True,betmgm,2026-05-01T14:24:38.882372
Derrick White,,,a37e80a2e3cf3aaa3ae84a9124987058,2026-05-02,23:40,threes,1.5,-165.0,,True,betmgm,2026-05-01T14:24:38.882373
Paul George,,,a37e80a2e3cf3aaa3ae84a9124987058,2026-05-02,23:40,threes,4.5,625.0,,True,betmgm,2026-05-01T14:24:38.882375
VJ Edgecombe,,,a37e80a2e3cf3aaa3ae84a9124987058,2026-05-02,23:40,threes,3.5,625.0,,True,betmgm,2026-05-01T14:24:38.882377
VJ Edgecombe,,,a37e80a2e3cf3aaa3ae84a9124987058,2026-05-02,23:40,threes,1.5,-120.0,,True,betmgm,2026-05-01T14:24:38.882378
Jayson Tatum,,,a37e80a2e3cf3aaa3ae84a9124987058,2026-05-02,23:40,threes,2.5,-150.0,,True,betmgm,2026-05-01T14:24:38.882380
Payton Pritchard,,,a37e80a2e3cf3aaa3ae84a9124987058,2026-05-02,23:40,threes,1.5,-185.0,,True,betmgm,2026-05-01T14:24:38.882382
VJ Edgecombe,,,a37e80a2e3cf3aaa3ae84a9124987058,2026-05-02,23:40,threes,2.5,250.0,,True,betmgm,2026-05-01T14:24:38.882383
Paul George,,,a37e80a2e3cf3aaa3ae84a9124987058,2026-05-02,23:40,threes,3.5,280.0,,True,betmgm,2026-05-01T14:24:38.882385
Jayson Tatum,,,a37e80a2e3cf3aaa3ae84a9124987058,2026-05-02,23:40,threes,1.5,-450.0,,True,betmgm,2026-05-01T14:24:38.882389
Joel Embiid,,,a37e80a2e3cf3aaa3ae84a9124987058,2026-05-02,23:40,threes,2.5,320.0,,True,betmgm,2026-05-01T14:24:38.882391
Jayson Tatum,,,a37e80a2e3cf3aaa3ae84a9124987058,2026-05-02,23:40,threes,4.5,360.0,,True,betmgm,2026-05-01T14:24:38.882392
Tyrese Maxey,,,a37e80a2e3cf3aaa3ae84a9124987058,2026-05-02,23:40,threes,1.5,-400.0,,True,betmgm,2026-05-01T14:24:38.882394
Jaylen Brown,,,a37e80a2e3cf3aaa3ae84a9124987058,2026-05-02,23:40,threes,2.5,210.0,,True,betmgm,2026-05-01T14:24:38.882396
Jaylen Brown,,,a37e80a2e3cf3aaa3ae84a9124987058,2026-05-02,23:40,threes,3.5,550.0,,True,betmgm,2026-05-01T14:24:38.882397
Jaylen Brown,,,a37e80a2e3cf3aaa3ae84a9124987058,2026-05-02,23:40,threes,1.5,-140.0,,True,betmgm,2026-05-01T14:24:38.882399
Joel Embiid,,,a37e80a2e3cf3aaa3ae84a9124987058,2026-05-02,23:40,threes,3.5,800.0,,True,betmgm,2026-05-01T14:24:38.882401
VJ Edgecombe,,,a37e80a2e3cf3aaa3ae84a9124987058,2026-05-02,23:40,threes,0.5,-525.0,,True,betmgm,2026-05-01T14:24:38.882403
Paul George,,,a37e80a2e3cf3aaa3ae84a9124987058,2026-05-02,23:40,threes,1.5,-250.0,,True,betmgm,2026-05-01T14:24:38.882404
Tyrese Maxey,,,a37e80a2e3cf3aaa3ae84a9124987058,2026-05-02,23:40,threes,2.5,-140.0,,True,betmgm,2026-05-01T14:24:38.882406
Payton Pritchard,,,a37e80a2e3cf3aaa3ae84a9124987058,2026-05-02,23:40,threes,3.5,400.0,,True,betmgm,2026-05-01T14:24:38.882408
Joel Embiid,,,a37e80a2e3cf3aaa3ae84a9124987058,2026-05-02,23:40,threes,1.5,105.0,,True,betmgm,2026-05-01T14:24:38.882412
Tyrese Maxey,,,a37e80a2e3cf3aaa3ae84a9124987058,2026-05-02,23:40,threes,4.5,390.0,,True,betmgm,2026-05-01T14:24:38.882414
Payton Pritchard,,,a37e80a2e3cf3aaa3ae84a9124987058,2026-05-02,23:40,threes,2.5,160.0,,True,betmgm,2026-05-01T14:24:38.882415
Jayson Tatum,,,a37e80a2e3cf3aaa3ae84a9124987058,2026-05-02,23:40,threes,3.5,165.0,,True,betmgm,2026-05-01T14:24:38.882417
Tyrese Maxey,,,a37e80a2e3cf3aaa3ae84a9124987058,2026-05-02,23:40,threes,3.5,175.0,,True,betmgm,2026-05-01T14:24:38.882419
Joel Embiid,,,a37e80a2e3cf3aaa3ae84a9124987058,2026-05-02,23:40,threes,0.5,-450.0,,True,betmgm,2026-05-01T14:24:38.882420
Jaylen Brown,,,a37e80a2e3cf3aaa3ae84a9124987058,2026-05-02,23:40,threes,0.5,-625.0,,True,betmgm,2026-05-01T14:24:38.882422
Paul George,,,a37e80a2e3cf3aaa3ae84a9124987058,2026-05-02,23:40,threes,2.5,115.0,,True,betmgm,2026-05-01T14:24:38.882424
Paul George,,,a37e80a2e3cf3aaa3ae84a9124987058,2026-05-02,23:40,threes,0.5,-1200.0,,True,betmgm,2026-05-01T14:24:38.882426
Sam Hauser,,,a37e80a2e3cf3aaa3ae84a9124987058,2026-05-02,23:40,threes,3.5,400.0,,True,betmgm,2026-05-01T14:24:38.882427
Sam Hauser,,,a37e80a2e3cf3aaa3ae84a9124987058,2026-05-02,23:40,threes,1.5,-185.0,,True,betmgm,2026-05-01T14:24:38.882429
Sam Hauser,,,a37e80a2e3cf3aaa3ae84a9124987058,2026-05-02,23:40,threes,2.5,160.0,,True,betmgm,2026-05-01T14:24:38.882433
Sam Hauser,,,a37e80a2e3cf3aaa3ae84a9124987058,2026-05-02,23:40,threes,0.5,-900.0,,True,betmgm,2026-05-01T14:24:38.882435
De'Aaron Fox,,,219920e3a715ceb3dc69f3638f7571d5,2026-05-05,01:30,assists,6.5,115.0,-155.0,False,betmgm,2026-05-01T14:24:38.962255
Victor Wembanyama,,,219920e3a715ceb3dc69f3638f7571d5,2026-05-05,01:30,assists,3.5,130.0,-175.0,False,betmgm,2026-05-01T14:24:38.962256
Devin Vassell,,,219920e3a715ceb3dc69f3638f7571d5,2026-05-05,01:30,assists,2.5,100.0,-135.0,False,betmgm,2026-05-01T14:24:38.962258
Stephon Castle,,,219920e3a715ceb3dc69f3638f7571d5,2026-05-05,01:30,assists,7.5,-105.0,-125.0,False,betmgm,2026-05-01T14:24:38.962260
Ayo Dosunmu,,,219920e3a715ceb3dc69f3638f7571d5,2026-05-05,01:30,assists,3.5,-160.0,120.0,False,betmgm,2026-05-01T14:24:38.962261
Jaden McDaniels,,,219920e3a715ceb3dc69f3638f7571d5,2026-05-05,01:30,assists,2.5,-120.0,-110.0,False,betmgm,2026-05-01T14:24:38.962263
Mike Conley,,,219920e3a715ceb3dc69f3638f7571d5,2026-05-05,01:30,assists,3.5,-155.0,115.0,False,betmgm,2026-05-01T14:24:38.962265
Julius Randle,,,219920e3a715ceb3dc69f3638f7571d5,2026-05-05,01:30,assists,4.5,-105.0,-125.0,False,betmgm,2026-05-01T14:24:38.962267
Stephon Castle,,,219920e3a715ceb3dc69f3638f7571d5,2026-05-05,01:30,assists,9.5,280.0,,True,betmgm,2026-05-01T14:24:38.962278
Stephon Castle,,,219920e3a715ceb3dc69f3638f7571d5,2026-05-05,01:30,assists,6.5,-200.0,,True,betmgm,2026-05-01T14:24:38.962280
Stephon Castle,,,219920e3a715ceb3dc69f3638f7571d5,2026-05-05,01:30,assists,4.5,-900.0,,True,betmgm,2026-05-01T14:24:38.962282
De'Aaron Fox,,,219920e3a715ceb3dc69f3638f7571d5,2026-05-05,01:30,assists,6.5,110.0,,True,betmgm,2026-05-01T14:24:38.962284
De'Aaron Fox,,,219920e3a715ceb3dc69f3638f7571d5,2026-05-05,01:30,assists,4.5,-350.0,,True,betmgm,2026-05-01T14:24:38.962286
De'Aaron Fox,,,219920e3a715ceb3dc69f3638f7571d5,2026-05-05,01:30,assists,9.5,625.0,,True,betmgm,2026-05-01T14:24:38.962287
Mike Conley,,,219920e3a715ceb3dc69f3638f7571d5,2026-05-05,01:30,assists,2.5,-375.0,,True,betmgm,2026-05-01T14:24:38.962289
Mike Conley,,,219920e3a715ceb3dc69f3638f7571d5,2026-05-05,01:30,assists,4.5,140.0,,True,betmgm,2026-05-01T14:24:38.962291
Ayo Dosunmu,,,219920e3a715ceb3dc69f3638f7571d5,2026-05-05,01:30,assists,2.5,-400.0,,True,betmgm,2026-05-01T14:24:38.962292
Jaden McDaniels,,,219920e3a715ceb3dc69f3638f7571d5,2026-05-05,01:30,assists,2.5,-120.0,,True,betmgm,2026-05-01T14:24:38.962294
Devin Vassell,,,219920e3a715ceb3dc69f3638f7571d5,2026-05-05,01:30,assists,4.5,550.0,,True,betmgm,2026-05-01T14:24:38.962296
Mike Conley,,,219920e3a715ceb3dc69f3638f7571d5,2026-05-05,01:30,assists,6.5,550.0,,True,betmgm,2026-05-01T14:24:38.962297
Victor Wembanyama,,,219920e3a715ceb3dc69f3638f7571d5,2026-05-05,01:30,assists,4.5,290.0,,True,betmgm,2026-05-01T14:24:38.962299
Victor Wembanyama,,,219920e3a715ceb3dc69f3638f7571d5,2026-05-05,01:30,assists,2.5,-190.0,,True,betmgm,2026-05-01T14:24:38.962301
Julius Randle,,,219920e3a715ceb3dc69f3638f7571d5,2026-05-05,01:30,assists,6.5,350.0,,True,betmgm,2026-05-01T14:24:38.962303
Julius Randle,,,219920e3a715ceb3dc69f3638f7571d5,2026-05-05,01:30,assists,4.5,-105.0,,True,betmgm,2026-05-01T14:24:38.962304
Julius Randle,,,219920e3a715ceb3dc69f3638f7571d5,2026-05-05,01:30,assists,2.5,-550.0,,True,betmgm,2026-05-01T14:24:38.962306
Jaden McDaniels,,,219920e3a715ceb3dc69f3638f7571d5,2026-05-05,01:30,assists,4.5,425.0,,True,betmgm,2026-05-01T14:24:38.962308
Ayo Dosunmu,,,219920e3a715ceb3dc69f3638f7571d5,2026-05-05,01:30,assists,6.5,475.0,,True,betmgm,2026-05-01T14:24:38.962309
Ayo Dosunmu,,,219920e3a715ceb3dc69f3638f7571d5,2026-05-05,01:30,assists,4.5,130.0,,True,betmgm,2026-05-01T14:24:38.962313
Devin Vassell,,,219920e3a715ceb3dc69f3638f7571d5,2026-05-05,01:30,assists,2.5,100.0,,True,betmgm,2026-05-01T14:24:38.962315
De'Aaron Fox,,,219920e3a715ceb3dc69f3638f7571d5,2026-05-05,01:30,points,17.5,-120.0,-110.0,False,betmgm,2026-05-01T14:24:38.962327
Devin Vassell,,,219920e3a715ceb3dc69f3638f7571d5,2026-05-05,01:30,points,12.5,-105.0,-125.0,False,betmgm,2026-05-01T14:24:38.962329
Julian Champagnie,,,219920e3a715ceb3dc69f3638f7571d5,2026-05-05,01:30,points,8.5,-115.0,-115.0,False,betmgm,2026-05-01T14:24:38.962331
Mike Conley,,,219920e3a715ceb3dc69f3638f7571d5,2026-05-05,01:30,points,5.5,-125.0,-105.0,False,betmgm,2026-05-01T14:24:38.962333
Stephon Castle,,,219920e3a715ceb3dc69f3638f7571d5,2026-05-05,01:30,points,17.5,-110.0,-120.0,False,betmgm,2026-05-01T14:24:38.962334
Julius Randle,,,219920e3a715ceb3dc69f3638f7571d5,2026-05-05,01:30,points,21.5,-105.0,-125.0,False,betmgm,2026-05-01T14:24:38.962338
Ayo Dosunmu,,,219920e3a715ceb3dc69f3638f7571d5,2026-05-05,01:30,points,16.5,-125.0,-105.0,False,betmgm,2026-05-01T14:24:38.962340
Victor Wembanyama,,,219920e3a715ceb3dc69f3638f7571d5,2026-05-05,01:30,points,27.5,-125.0,-105.0,False,betmgm,2026-05-01T14:24:38.962342
Rudy Gobert,,,219920e3a715ceb3dc69f3638f7571d5,2026-05-05,01:30,points,8.5,-125.0,-105.0,False,betmgm,2026-05-01T14:24:38.962343
Jaden McDaniels,,,219920e3a715ceb3dc69f3638f7571d5,2026-05-05,01:30,points,16.5,-125.0,-105.0,False,betmgm,2026-05-01T14:24:38.962345
De'Aaron Fox,,,219920e3a715ceb3dc69f3638f7571d5,2026-05-05,01:30,points,9.5,-1600.0,,True,betmgm,2026-05-01T14:24:38.962362
De'Aaron Fox,,,219920e3a715ceb3dc69f3638f7571d5,2026-05-05,01:30,points,19.5,135.0,,True,betmgm,2026-05-01T14:24:38.962364
De'Aaron Fox,,,219920e3a715ceb3dc69f3638f7571d5,2026-05-05,01:30,points,14.5,-275.0,,True,betmgm,2026-05-01T14:24:38.962366
De'Aaron Fox,,,219920e3a715ceb3dc69f3638f7571d5,2026-05-05,01:30,points,24.5,400.0,,True,betmgm,2026-05-01T14:24:38.962367
Julian Champagnie,,,219920e3a715ceb3dc69f3638f7571d5,2026-05-05,01:30,points,9.5,120.0,,True,betmgm,2026-05-01T14:24:38.962369
Stephon Castle,,,219920e3a715ceb3dc69f3638f7571d5,2026-05-05,01:30,points,14.5,-250.0,,True,betmgm,2026-05-01T14:24:38.962373
Julian Champagnie,,,219920e3a715ceb3dc69f3638f7571d5,2026-05-05,01:30,points,14.5,475.0,,True,betmgm,2026-05-01T14:24:38.962375
Stephon Castle,,,219920e3a715ceb3dc69f3638f7571d5,2026-05-05,01:30,points,19.5,145.0,,True,betmgm,2026-05-01T14:24:38.962377
Stephon Castle,,,219920e3a715ceb3dc69f3638f7571d5,2026-05-05,01:30,points,24.5,450.0,,True,betmgm,2026-05-01T14:24:38.962378
Devin Vassell,,,219920e3a715ceb3dc69f3638f7571d5,2026-05-05,01:30,points,9.5,-250.0,,True,betmgm,2026-05-01T14:24:38.962380
Jaden McDaniels,,,219920e3a715ceb3dc69f3638f7571d5,2026-05-05,01:30,points,14.5,-210.0,,True,betmgm,2026-05-01T14:24:38.962382
Ayo Dosunmu,,,219920e3a715ceb3dc69f3638f7571d5,2026-05-05,01:30,points,9.5,-1000.0,,True,betmgm,2026-05-01T14:24:38.962383
Devin Vassell,,,219920e3a715ceb3dc69f3638f7571d5,2026-05-05,01:30,points,14.5,165.0,,True,betmgm,2026-05-01T14:24:38.962385
Jaden McDaniels,,,219920e3a715ceb3dc69f3638f7571d5,2026-05-05,01:30,points,9.5,-1100.0,,True,betmgm,2026-05-01T14:24:38.962387
Rudy Gobert,,,219920e3a715ceb3dc69f3638f7571d5,2026-05-05,01:30,points,14.5,525.0,,True,betmgm,2026-05-01T14:24:38.962388
Rudy Gobert,,,219920e3a715ceb3dc69f3638f7571d5,2026-05-05,01:30,points,9.5,105.0,,True,betmgm,2026-05-01T14:24:38.962390
Ayo Dosunmu,,,219920e3a715ceb3dc69f3638f7571d5,2026-05-05,01:30,points,19.5,155.0,,True,betmgm,2026-05-01T14:24:38.962392
Victor Wembanyama,,,219920e3a715ceb3dc69f3638f7571d5,2026-05-05,01:30,points,29.5,115.0,,True,betmgm,2026-05-01T14:24:38.962393
Mike Conley,,,219920e3a715ceb3dc69f3638f7571d5,2026-05-05,01:30,points,9.5,340.0,,True,betmgm,2026-05-01T14:24:38.962395
Julius Randle,,,219920e3a715ceb3dc69f3638f7571d5,2026-05-05,01:30,points,14.5,-625.0,,True,betmgm,2026-05-01T14:24:38.962397
Victor Wembanyama,,,219920e3a715ceb3dc69f3638f7571d5,2026-05-05,01:30,points,19.5,-900.0,,True,betmgm,2026-05-01T14:24:38.962404
Jaden McDaniels,,,219920e3a715ceb3dc69f3638f7571d5,2026-05-05,01:30,points,19.5,160.0,,True,betmgm,2026-05-01T14:24:38.962406
Julius Randle,,,219920e3a715ceb3dc69f3638f7571d5,2026-05-05,01:30,points,19.5,-165.0,,True,betmgm,2026-05-01T14:24:38.962408
Ayo Dosunmu,,,219920e3a715ceb3dc69f3638f7571d5,2026-05-05,01:30,points,14.5,-210.0,,True,betmgm,2026-05-01T14:24:38.962409
Victor Wembanyama,,,219920e3a715ceb3dc69f3638f7571d5,2026-05-05,01:30,points,34.5,310.0,,True,betmgm,2026-05-01T14:24:38.962411
Devin Vassell,,,219920e3a715ceb3dc69f3638f7571d5,2026-05-05,01:30,points,19.5,550.0,,True,betmgm,2026-05-01T14:24:38.962413
Julius Randle,,,219920e3a715ceb3dc69f3638f7571d5,2026-05-05,01:30,points,24.5,175.0,,True,betmgm,2026-05-01T14:24:38.962414
Julius Randle,,,219920e3a715ceb3dc69f3638f7571d5,2026-05-05,01:30,points,29.5,450.0,,True,betmgm,2026-05-01T14:24:38.962416
Victor Wembanyama,,,219920e3a715ceb3dc69f3638f7571d5,2026-05-05,01:30,points,24.5,-235.0,,True,betmgm,2026-05-01T14:24:38.962418
Ayo Dosunmu,,,219920e3a715ceb3dc69f3638f7571d5,2026-05-05,01:30,points,24.5,450.0,,True,betmgm,2026-05-01T14:24:38.962419
Stephon Castle,,,219920e3a715ceb3dc69f3638f7571d5,2026-05-05,01:30,points,9.5,-1400.0,,True,betmgm,2026-05-01T14:24:38.962421
Victor Wembanyama,,,219920e3a715ceb3dc69f3638f7571d5,2026-05-05,01:30,points,39.5,750.0,,True,betmgm,2026-05-01T14:24:38.962423
Jaden McDaniels,,,219920e3a715ceb3dc69f3638f7571d5,2026-05-05,01:30,points,24.5,450.0,,True,betmgm,2026-05-01T14:24:38.962424
De'Aaron Fox,,,219920e3a715ceb3dc69f3638f7571d5,2026-05-05,01:30,rebounds,3.5,-165.0,125.0,False,betmgm,2026-05-01T14:24:38.962435
Victor Wembanyama,,,219920e3a715ceb3dc69f3638f7571d5,2026-05-05,01:30,rebounds,11.5,-135.0,100.0,False,betmgm,2026-05-01T14:24:38.962437
Stephon Castle,,,219920e3a715ceb3dc69f3638f7571d5,2026-05-05,01:30,rebounds,5.5,-125.0,-105.0,False,betmgm,2026-05-01T14:24:38.962439
Devin Vassell,,,219920e3a715ceb3dc69f3638f7571d5,2026-05-05,01:30,rebounds,4.5,120.0,-160.0,False,betmgm,2026-05-01T14:24:38.962441
Julian Champagnie,,,219920e3a715ceb3dc69f3638f7571d5,2026-05-05,01:30,rebounds,4.5,-140.0,105.0,False,betmgm,2026-05-01T14:24:38.962443
Julius Randle,,,219920e3a715ceb3dc69f3638f7571d5,2026-05-05,01:30,rebounds,6.5,-135.0,100.0,False,betmgm,2026-05-01T14:24:38.962444
Ayo Dosunmu,,,219920e3a715ceb3dc69f3638f7571d5,2026-05-05,01:30,rebounds,3.5,-155.0,115.0,False,betmgm,2026-05-01T14:24:38.962446
Jaden McDaniels,,,219920e3a715ceb3dc69f3638f7571d5,2026-05-05,01:30,rebounds,4.5,-110.0,-120.0,False,betmgm,2026-05-01T14:24:38.962448
Rudy Gobert,,,219920e3a715ceb3dc69f3638f7571d5,2026-05-05,01:30,rebounds,11.5,-105.0,-125.0,False,betmgm,2026-05-01T14:24:38.962449
Stephon Castle,,,219920e3a715ceb3dc69f3638f7571d5,2026-05-05,01:30,rebounds,6.5,150.0,,True,betmgm,2026-05-01T14:24:38.962466
De'Aaron Fox,,,219920e3a715ceb3dc69f3638f7571d5,2026-05-05,01:30,rebounds,2.5,-450.0,,True,betmgm,2026-05-01T14:24:38.962468
Stephon Castle,,,219920e3a715ceb3dc69f3638f7571d5,2026-05-05,01:30,rebounds,9.5,750.0,,True,betmgm,2026-05-01T14:24:38.962469
De'Aaron Fox,,,219920e3a715ceb3dc69f3638f7571d5,2026-05-05,01:30,rebounds,6.5,475.0,,True,betmgm,2026-05-01T14:24:38.962471
Julius Randle,,,219920e3a715ceb3dc69f3638f7571d5,2026-05-05,01:30,rebounds,6.5,-140.0,,True,betmgm,2026-05-01T14:24:38.962473
Jaden McDaniels,,,219920e3a715ceb3dc69f3638f7571d5,2026-05-05,01:30,rebounds,6.5,325.0,,True,betmgm,2026-05-01T14:24:38.962475
Ayo Dosunmu,,,219920e3a715ceb3dc69f3638f7571d5,2026-05-05,01:30,rebounds,4.5,135.0,,True,betmgm,2026-05-01T14:24:38.962476
Devin Vassell,,,219920e3a715ceb3dc69f3638f7571d5,2026-05-05,01:30,rebounds,6.5,450.0,,True,betmgm,2026-05-01T14:24:38.962478
Julius Randle,,,219920e3a715ceb3dc69f3638f7571d5,2026-05-05,01:30,rebounds,4.5,-525.0,,True,betmgm,2026-05-01T14:24:38.962480
Ayo Dosunmu,,,219920e3a715ceb3dc69f3638f7571d5,2026-05-05,01:30,rebounds,2.5,-375.0,,True,betmgm,2026-05-01T14:24:38.962481
Julian Champagnie,,,219920e3a715ceb3dc69f3638f7571d5,2026-05-05,01:30,rebounds,4.5,-140.0,,True,betmgm,2026-05-01T14:24:38.962486
Stephon Castle,,,219920e3a715ceb3dc69f3638f7571d5,2026-05-05,01:30,rebounds,2.5,-1600.0,,True,betmgm,2026-05-01T14:24:38.962487
Victor Wembanyama,,,219920e3a715ceb3dc69f3638f7571d5,2026-05-05,01:30,rebounds,12.5,115.0,,True,betmgm,2026-05-01T14:24:38.962489
Devin Vassell,,,219920e3a715ceb3dc69f3638f7571d5,2026-05-05,01:30,rebounds,4.5,115.0,,True,betmgm,2026-05-01T14:24:38.962491
Rudy Gobert,,,219920e3a715ceb3dc69f3638f7571d5,2026-05-05,01:30,rebounds,16.5,625.0,,True,betmgm,2026-05-01T14:24:38.962492
Stephon Castle,,,219920e3a715ceb3dc69f3638f7571d5,2026-05-05,01:30,rebounds,4.5,-250.0,,True,betmgm,2026-05-01T14:24:38.962496
Julian Champagnie,,,219920e3a715ceb3dc69f3638f7571d5,2026-05-05,01:30,rebounds,2.5,-800.0,,True,betmgm,2026-05-01T14:24:38.962500
Julius Randle,,,219920e3a715ceb3dc69f3638f7571d5,2026-05-05,01:30,rebounds,9.5,350.0,,True,betmgm,2026-05-01T14:24:38.962502
Victor Wembanyama,,,219920e3a715ceb3dc69f3638f7571d5,2026-05-05,01:30,rebounds,14.5,275.0,,True,betmgm,2026-05-01T14:24:38.962504
Rudy Gobert,,,219920e3a715ceb3dc69f3638f7571d5,2026-05-05,01:30,rebounds,6.5,-1600.0,,True,betmgm,2026-05-01T14:24:38.962506
Ayo Dosunmu,,,219920e3a715ceb3dc69f3638f7571d5,2026-05-05,01:30,rebounds,6.5,475.0,,True,betmgm,2026-05-01T14:24:38.962507
Victor Wembanyama,,,219920e3a715ceb3dc69f3638f7571d5,2026-05-05,01:30,rebounds,9.5,-375.0,,True,betmgm,2026-05-01T14:24:38.962509
Rudy Gobert,,,219920e3a715ceb3dc69f3638f7571d5,2026-05-05,01:30,rebounds,9.5,-275.0,,True,betmgm,2026-05-01T14:24:38.962511
De'Aaron Fox,,,219920e3a715ceb3dc69f3638f7571d5,2026-05-05,01:30,rebounds,4.5,125.0,,True,betmgm,2026-05-01T14:24:38.962512
Devin Vassell,,,219920e3a715ceb3dc69f3638f7571d5,2026-05-05,01:30,rebounds,2.5,-450.0,,True,betmgm,2026-05-01T14:24:38.962514
Jaden McDaniels,,,219920e3a715ceb3dc69f3638f7571d5,2026-05-05,01:30,rebounds,4.5,-110.0,,True,betmgm,2026-05-01T14:24:38.962516
Julian Champagnie,,,219920e3a715ceb3dc69f3638f7571d5,2026-05-05,01:30,rebounds,6.5,270.0,,True,betmgm,2026-05-01T14:24:38.962518
Jaden McDaniels,,,219920e3a715ceb3dc69f3638f7571d5,2026-05-05,01:30,rebounds,2.5,-600.0,,True,betmgm,2026-05-01T14:24:38.962519
Rudy Gobert,,,219920e3a715ceb3dc69f3638f7571d5,2026-05-05,01:30,rebounds,14.5,300.0,,True,betmgm,2026-05-01T14:24:38.962521
Rudy Gobert,,,219920e3a715ceb3dc69f3638f7571d5,2026-05-05,01:30,rebounds,12.5,140.0,,True,betmgm,2026-05-01T14:24:38.962523
Victor Wembanyama,,,219920e3a715ceb3dc69f3638f7571d5,2026-05-05,01:30,rebounds,16.5,600.0,,True,betmgm,2026-05-01T14:24:38.962524
Victor Wembanyama,,,219920e3a715ceb3dc69f3638f7571d5,2026-05-05,01:30,threes,2.5,130.0,-175.0,False,betmgm,2026-05-01T14:24:38.962536
Devin Vassell,,,219920e3a715ceb3dc69f3638f7571d5,2026-05-05,01:30,threes,2.5,130.0,-175.0,False,betmgm,2026-05-01T14:24:38.962537
De'Aaron Fox,,,219920e3a715ceb3dc69f3638f7571d5,2026-05-05,01:30,threes,1.5,-145.0,105.0,False,betmgm,2026-05-01T14:24:38.962539
Julian Champagnie,,,219920e3a715ceb3dc69f3638f7571d5,2026-05-05,01:30,threes,1.5,-175.0,130.0,False,betmgm,2026-05-01T14:24:38.962541
Stephon Castle,,,219920e3a715ceb3dc69f3638f7571d5,2026-05-05,01:30,threes,1.5,125.0,-165.0,False,betmgm,2026-05-01T14:24:38.962543
Ayo Dosunmu,,,219920e3a715ceb3dc69f3638f7571d5,2026-05-05,01:30,threes,1.5,-175.0,130.0,False,betmgm,2026-05-01T14:24:38.962544
Jaden McDaniels,,,219920e3a715ceb3dc69f3638f7571d5,2026-05-05,01:30,threes,1.5,-105.0,-125.0,False,betmgm,2026-05-01T14:24:38.962546
Julius Randle,,,219920e3a715ceb3dc69f3638f7571d5,2026-05-05,01:30,threes,1.5,110.0,-150.0,False,betmgm,2026-05-01T14:24:38.962548
Mike Conley,,,219920e3a715ceb3dc69f3638f7571d5,2026-05-05,01:30,threes,1.5,110.0,-150.0,False,betmgm,2026-05-01T14:24:38.962549
De'Aaron Fox,,,219920e3a715ceb3dc69f3638f7571d5,2026-05-05,01:30,threes,0.5,-650.0,,True,betmgm,2026-05-01T14:24:38.962567
De'Aaron Fox,,,219920e3a715ceb3dc69f3638f7571d5,2026-05-05,01:30,threes,2.5,210.0,,True,betmgm,2026-05-01T14:24:38.962569
Stephon Castle,,,219920e3a715ceb3dc69f3638f7571d5,2026-05-05,01:30,threes,0.5,-350.0,,True,betmgm,2026-05-01T14:24:38.962573
De'Aaron Fox,,,219920e3a715ceb3dc69f3638f7571d5,2026-05-05,01:30,threes,1.5,-150.0,,True,betmgm,2026-05-01T14:24:38.962575
Devin Vassell,,,219920e3a715ceb3dc69f3638f7571d5,2026-05-05,01:30,threes,3.5,325.0,,True,betmgm,2026-05-01T14:24:38.962577
Julian Champagnie,,,219920e3a715ceb3dc69f3638f7571d5,2026-05-05,01:30,threes,3.5,425.0,,True,betmgm,2026-05-01T14:24:38.962578
Julius Randle,,,219920e3a715ceb3dc69f3638f7571d5,2026-05-05,01:30,threes,3.5,825.0,,True,betmgm,2026-05-01T14:24:38.962580
Jaden McDaniels,,,219920e3a715ceb3dc69f3638f7571d5,2026-05-05,01:30,threes,0.5,-500.0,,True,betmgm,2026-05-01T14:24:38.962582
Mike Conley,,,219920e3a715ceb3dc69f3638f7571d5,2026-05-05,01:30,threes,1.5,110.0,,True,betmgm,2026-05-01T14:24:38.962583
Mike Conley,,,219920e3a715ceb3dc69f3638f7571d5,2026-05-05,01:30,threes,0.5,-400.0,,True,betmgm,2026-05-01T14:24:38.962585
Victor Wembanyama,,,219920e3a715ceb3dc69f3638f7571d5,2026-05-05,01:30,threes,0.5,-1200.0,,True,betmgm,2026-05-01T14:24:38.962587
Victor Wembanyama,,,219920e3a715ceb3dc69f3638f7571d5,2026-05-05,01:30,threes,3.5,320.0,,True,betmgm,2026-05-01T14:24:38.962588
Jaden McDaniels,,,219920e3a715ceb3dc69f3638f7571d5,2026-05-05,01:30,threes,1.5,-110.0,,True,betmgm,2026-05-01T14:24:38.962590
Jaden McDaniels,,,219920e3a715ceb3dc69f3638f7571d5,2026-05-05,01:30,threes,3.5,700.0,,True,betmgm,2026-05-01T14:24:38.962592
Devin Vassell,,,219920e3a715ceb3dc69f3638f7571d5,2026-05-05,01:30,threes,1.5,-235.0,,True,betmgm,2026-05-01T14:24:38.962594
Stephon Castle,,,219920e3a715ceb3dc69f3638f7571d5,2026-05-05,01:30,threes,1.5,125.0,,True,betmgm,2026-05-01T14:24:38.962595
Devin Vassell,,,219920e3a715ceb3dc69f3638f7571d5,2026-05-05,01:30,threes,2.5,130.0,,True,betmgm,2026-05-01T14:24:38.962597
Devin Vassell,,,219920e3a715ceb3dc69f3638f7571d5,2026-05-05,01:30,threes,0.5,-1100.0,,True,betmgm,2026-05-01T14:24:38.962599
Julian Champagnie,,,219920e3a715ceb3dc69f3638f7571d5,2026-05-05,01:30,threes,2.5,170.0,,True,betmgm,2026-05-01T14:24:38.962600
Julius Randle,,,219920e3a715ceb3dc69f3638f7571d5,2026-05-05,01:30,threes,1.5,110.0,,True,betmgm,2026-05-01T14:24:38.962602
Mike Conley,,,219920e3a715ceb3dc69f3638f7571d5,2026-05-05,01:30,threes,3.5,850.0,,True,betmgm,2026-05-01T14:24:38.962604
Julius Randle,,,219920e3a715ceb3dc69f3638f7571d5,2026-05-05,01:30,threes,0.5,-400.0,,True,betmgm,2026-05-01T14:24:38.962605
Ayo Dosunmu,,,219920e3a715ceb3dc69f3638f7571d5,2026-05-05,01:30,threes,0.5,-800.0,,True,betmgm,2026-05-01T14:24:38.962607
Julian Champagnie,,,219920e3a715ceb3dc69f3638f7571d5,2026-05-05,01:30,threes,0.5,-800.0,,True,betmgm,2026-05-01T14:24:38.962609
Jaden McDaniels,,,219920e3a715ceb3dc69f3638f7571d5,2026-05-05,01:30,threes,2.5,275.0,,True,betmgm,2026-05-01T14:24:38.962610
Victor Wembanyama,,,219920e3a715ceb3dc69f3638f7571d5,2026-05-05,01:30,threes,2.5,125.0,,True,betmgm,2026-05-01T14:24:38.962614
Ayo Dosunmu,,,219920e3a715ceb3dc69f3638f7571d5,2026-05-05,01:30,threes,2.5,165.0,,True,betmgm,2026-05-01T14:24:38.962616
Julian Champagnie,,,219920e3a715ceb3dc69f3638f7571d5,2026-05-05,01:30,threes,1.5,-175.0,,True,betmgm,2026-05-01T14:24:38.962618
Ayo Dosunmu,,,219920e3a715ceb3dc69f3638f7571d5,2026-05-05,01:30,threes,1.5,-185.0,,True,betmgm,2026-05-01T14:24:38.962620
Julius Randle,,,219920e3a715ceb3dc69f3638f7571d5,2026-05-05,01:30,threes,2.5,333.0,,True,betmgm,2026-05-01T14:24:38.962621
Ayo Dosunmu,,,219920e3a715ceb3dc69f3638f7571d5,2026-05-05,01:30,threes,3.5,390.0,,True,betmgm,2026-05-01T14:24:38.962623
Victor Wembanyama,,,219920e3a715ceb3dc69f3638f7571d5,2026-05-05,01:30,threes,4.5,750.0,,True,betmgm,2026-05-01T14:24:38.962625
Devin Vassell,,,219920e3a715ceb3dc69f3638f7571d5,2026-05-05,01:30,threes,4.5,750.0,,True,betmgm,2026-05-01T14:24:38.962626
Mike Conley,,,219920e3a715ceb3dc69f3638f7571d5,2026-05-05,01:30,threes,2.5,340.0,,True,betmgm,2026-05-01T14:24:38.962630
Stephon Castle,,,219920e3a715ceb3dc69f3638f7571d5,2026-05-05,01:30,threes,2.5,380.0,,True,betmgm,2026-05-01T14:24:38.962632
De'Aaron Fox,,,219920e3a715ceb3dc69f3638f7571d5,2026-05-05,01:30,threes,3.5,525.0,,True,betmgm,2026-05-01T14:24:38.962633
Victor Wembanyama,,,219920e3a715ceb3dc69f3638f7571d5,2026-05-05,01:30,threes,1.5,-235.0,,True,betmgm,2026-05-01T14:24:38.962635
