player_name,team,opponent,game_id,game_date,game_time,prop_type,line,over_odds,under_odds,is_alt_line,sportsbook,scraped_at
Paul George,,,d146e10295545e18ac8915a1f5860317,2026-05-06,23:10,assists,3.5,104.0,-138.0,False,fanduel,2026-05-06T14:54:06.894650
Karl-Anthony Towns,,,d146e10295545e18ac8915a1f5860317,2026-05-06,23:10,assists,4.5,124.0,-166.0,False,fanduel,2026-05-06T14:54:06.894665
VJ Edgecombe,,,d146e10295545e18ac8915a1f5860317,2026-05-06,23:10,assists,2.5,-182.0,136.0,False,fanduel,2026-05-06T14:54:06.894668
Jalen Brunson,,,d146e10295545e18ac8915a1f5860317,2026-05-06,23:10,assists,6.5,116.0,-154.0,False,fanduel,2026-05-06T14:54:06.894670
Joel Embiid,,,d146e10295545e18ac8915a1f5860317,2026-05-06,23:10,assists,4.5,-125.0,-106.0,False,fanduel,2026-05-06T14:54:06.894672
Josh Hart,,,d146e10295545e18ac8915a1f5860317,2026-05-06,23:10,assists,5.5,118.0,-158.0,False,fanduel,2026-05-06T14:54:06.894675
Mikal Bridges,,,d146e10295545e18ac8915a1f5860317,2026-05-06,23:10,assists,2.5,-114.0,-114.0,False,fanduel,2026-05-06T14:54:06.894676
Tyrese Maxey,,,d146e10295545e18ac8915a1f5860317,2026-05-06,23:10,assists,5.5,-148.0,112.0,False,fanduel,2026-05-06T14:54:06.894678
Jalen Brunson,,,d146e10295545e18ac8915a1f5860317,2026-05-06,23:10,assists,3.5,-1000.0,,True,fanduel,2026-05-06T14:54:06.894754
Jalen Brunson,,,d146e10295545e18ac8915a1f5860317,2026-05-06,23:10,assists,4.5,-390.0,265.0,True,fanduel,2026-05-06T14:54:06.894759
Jalen Brunson,,,d146e10295545e18ac8915a1f5860317,2026-05-06,23:10,assists,5.5,-174.0,134.0,True,fanduel,2026-05-06T14:54:06.894761
Jalen Brunson,,,d146e10295545e18ac8915a1f5860317,2026-05-06,23:10,assists,6.5,116.0,-154.0,True,fanduel,2026-05-06T14:54:06.894762
Jalen Brunson,,,d146e10295545e18ac8915a1f5860317,2026-05-06,23:10,assists,7.5,220.0,-310.0,True,fanduel,2026-05-06T14:54:06.894764
Jalen Brunson,,,d146e10295545e18ac8915a1f5860317,2026-05-06,23:10,assists,8.5,390.0,-650.0,True,fanduel,2026-05-06T14:54:06.894766
Jalen Brunson,,,d146e10295545e18ac8915a1f5860317,2026-05-06,23:10,assists,9.5,600.0,-1200.0,True,fanduel,2026-05-06T14:54:06.894768
Kelly Oubre Jr,,,d146e10295545e18ac8915a1f5860317,2026-05-06,23:10,assists,0.5,-390.0,265.0,True,fanduel,2026-05-06T14:54:06.894769
Kelly Oubre Jr,,,d146e10295545e18ac8915a1f5860317,2026-05-06,23:10,assists,1.5,128.0,-168.0,True,fanduel,2026-05-06T14:54:06.894771
Kelly Oubre Jr,,,d146e10295545e18ac8915a1f5860317,2026-05-06,23:10,assists,2.5,410.0,-700.0,True,fanduel,2026-05-06T14:54:06.894773
Tyrese Maxey,,,d146e10295545e18ac8915a1f5860317,2026-05-06,23:10,assists,3.5,-850.0,470.0,True,fanduel,2026-05-06T14:54:06.894775
Josh Hart,,,d146e10295545e18ac8915a1f5860317,2026-05-06,23:10,assists,3.5,-420.0,280.0,True,fanduel,2026-05-06T14:54:06.894776
Joel Embiid,,,d146e10295545e18ac8915a1f5860317,2026-05-06,23:10,assists,3.5,-275.0,198.0,True,fanduel,2026-05-06T14:54:06.894778
Karl-Anthony Towns,,,d146e10295545e18ac8915a1f5860317,2026-05-06,23:10,assists,3.5,-180.0,,True,fanduel,2026-05-06T14:54:06.894780
Paul George,,,d146e10295545e18ac8915a1f5860317,2026-05-06,23:10,assists,3.5,104.0,-138.0,True,fanduel,2026-05-06T14:54:06.894781
VJ Edgecombe,,,d146e10295545e18ac8915a1f5860317,2026-05-06,23:10,assists,3.5,148.0,-200.0,True,fanduel,2026-05-06T14:54:06.894783
Mikal Bridges,,,d146e10295545e18ac8915a1f5860317,2026-05-06,23:10,assists,3.5,235.0,,True,fanduel,2026-05-06T14:54:06.894785
Quentin Grimes,,,d146e10295545e18ac8915a1f5860317,2026-05-06,23:10,assists,3.5,450.0,-800.0,True,fanduel,2026-05-06T14:54:06.894787
Miles McBride,,,d146e10295545e18ac8915a1f5860317,2026-05-06,23:10,assists,3.5,680.0,,True,fanduel,2026-05-06T14:54:06.894788
OG Anunoby,,,d146e10295545e18ac8915a1f5860317,2026-05-06,23:10,assists,3.5,750.0,,True,fanduel,2026-05-06T14:54:06.894790
Tyrese Maxey,,,d146e10295545e18ac8915a1f5860317,2026-05-06,23:10,assists,7.5,240.0,-350.0,True,fanduel,2026-05-06T14:54:06.894792
Josh Hart,,,d146e10295545e18ac8915a1f5860317,2026-05-06,23:10,assists,7.5,410.0,-700.0,True,fanduel,2026-05-06T14:54:06.894795
Joel Embiid,,,d146e10295545e18ac8915a1f5860317,2026-05-06,23:10,assists,7.5,600.0,-1200.0,True,fanduel,2026-05-06T14:54:06.894797
Karl-Anthony Towns,,,d146e10295545e18ac8915a1f5860317,2026-05-06,23:10,assists,7.5,900.0,,True,fanduel,2026-05-06T14:54:06.894799
Paul George,,,d146e10295545e18ac8915a1f5860317,2026-05-06,23:10,assists,7.5,2000.0,,True,fanduel,2026-05-06T14:54:06.894800
Paul George,,,d146e10295545e18ac8915a1f5860317,2026-05-06,23:10,assists,1.5,-900.0,490.0,True,fanduel,2026-05-06T14:54:06.894802
Paul George,,,d146e10295545e18ac8915a1f5860317,2026-05-06,23:10,assists,2.5,-245.0,178.0,True,fanduel,2026-05-06T14:54:06.894804
Paul George,,,d146e10295545e18ac8915a1f5860317,2026-05-06,23:10,assists,4.5,235.0,-340.0,True,fanduel,2026-05-06T14:54:06.894806
Paul George,,,d146e10295545e18ac8915a1f5860317,2026-05-06,23:10,assists,5.5,540.0,-1000.0,True,fanduel,2026-05-06T14:54:06.894809
Tyrese Maxey,,,d146e10295545e18ac8915a1f5860317,2026-05-06,23:10,assists,5.5,-148.0,112.0,True,fanduel,2026-05-06T14:54:06.894810
Josh Hart,,,d146e10295545e18ac8915a1f5860317,2026-05-06,23:10,assists,5.5,118.0,-158.0,True,fanduel,2026-05-06T14:54:06.894812
Joel Embiid,,,d146e10295545e18ac8915a1f5860317,2026-05-06,23:10,assists,5.5,168.0,-230.0,True,fanduel,2026-05-06T14:54:06.894814
Karl-Anthony Towns,,,d146e10295545e18ac8915a1f5860317,2026-05-06,23:10,assists,5.5,255.0,,True,fanduel,2026-05-06T14:54:06.894815
VJ Edgecombe,,,d146e10295545e18ac8915a1f5860317,2026-05-06,23:10,assists,5.5,750.0,,True,fanduel,2026-05-06T14:54:06.894817
Mikal Bridges,,,d146e10295545e18ac8915a1f5860317,2026-05-06,23:10,assists,5.5,1100.0,,True,fanduel,2026-05-06T14:54:06.894819
Jalen Brunson,,,d146e10295545e18ac8915a1f5860317,2026-05-06,23:10,assists,11.5,1700.0,,True,fanduel,2026-05-06T14:54:06.894820
Tyrese Maxey,,,d146e10295545e18ac8915a1f5860317,2026-05-06,23:10,assists,11.5,1800.0,,True,fanduel,2026-05-06T14:54:06.894822
Josh Hart,,,d146e10295545e18ac8915a1f5860317,2026-05-06,23:10,assists,11.5,3000.0,,True,fanduel,2026-05-06T14:54:06.894824
Joel Embiid,,,d146e10295545e18ac8915a1f5860317,2026-05-06,23:10,assists,2.5,-750.0,430.0,True,fanduel,2026-05-06T14:54:06.894825
Joel Embiid,,,d146e10295545e18ac8915a1f5860317,2026-05-06,23:10,assists,4.5,-125.0,-106.0,True,fanduel,2026-05-06T14:54:06.894827
Joel Embiid,,,d146e10295545e18ac8915a1f5860317,2026-05-06,23:10,assists,6.5,320.0,-490.0,True,fanduel,2026-05-06T14:54:06.894829
VJ Edgecombe,,,d146e10295545e18ac8915a1f5860317,2026-05-06,23:10,assists,1.5,-590.0,370.0,True,fanduel,2026-05-06T14:54:06.894830
VJ Edgecombe,,,d146e10295545e18ac8915a1f5860317,2026-05-06,23:10,assists,2.5,-182.0,136.0,True,fanduel,2026-05-06T14:54:06.894832
VJ Edgecombe,,,d146e10295545e18ac8915a1f5860317,2026-05-06,23:10,assists,4.5,320.0,-490.0,True,fanduel,2026-05-06T14:54:06.894834
Quentin Grimes,,,d146e10295545e18ac8915a1f5860317,2026-05-06,23:10,assists,0.5,-750.0,430.0,True,fanduel,2026-05-06T14:54:06.894835
Quentin Grimes,,,d146e10295545e18ac8915a1f5860317,2026-05-06,23:10,assists,1.5,-162.0,124.0,True,fanduel,2026-05-06T14:54:06.894837
Quentin Grimes,,,d146e10295545e18ac8915a1f5860317,2026-05-06,23:10,assists,2.5,188.0,-260.0,True,fanduel,2026-05-06T14:54:06.894839
Joel Embiid,,,d146e10295545e18ac8915a1f5860317,2026-05-06,23:10,assists,1.5,-4000.0,,True,fanduel,2026-05-06T14:54:06.894840
Karl-Anthony Towns,,,d146e10295545e18ac8915a1f5860317,2026-05-06,23:10,assists,1.5,-2200.0,,True,fanduel,2026-05-06T14:54:06.894842
Mikal Bridges,,,d146e10295545e18ac8915a1f5860317,2026-05-06,23:10,assists,1.5,-350.0,,True,fanduel,2026-05-06T14:54:06.894844
OG Anunoby,,,d146e10295545e18ac8915a1f5860317,2026-05-06,23:10,assists,1.5,-120.0,,True,fanduel,2026-05-06T14:54:06.894845
Miles McBride,,,d146e10295545e18ac8915a1f5860317,2026-05-06,23:10,assists,1.5,-108.0,,True,fanduel,2026-05-06T14:54:06.894847
Tyrese Maxey,,,d146e10295545e18ac8915a1f5860317,2026-05-06,23:10,assists,9.5,700.0,,True,fanduel,2026-05-06T14:54:06.894851
Josh Hart,,,d146e10295545e18ac8915a1f5860317,2026-05-06,23:10,assists,9.5,900.0,,True,fanduel,2026-05-06T14:54:06.894854
Joel Embiid,,,d146e10295545e18ac8915a1f5860317,2026-05-06,23:10,assists,9.5,1400.0,,True,fanduel,2026-05-06T14:54:06.894856
Karl-Anthony Towns,,,d146e10295545e18ac8915a1f5860317,2026-05-06,23:10,assists,9.5,2500.0,,True,fanduel,2026-05-06T14:54:06.894857
Tyrese Maxey,,,d146e10295545e18ac8915a1f5860317,2026-05-06,23:10,assists,4.5,-320.0,225.0,True,fanduel,2026-05-06T14:54:06.894859
Tyrese Maxey,,,d146e10295545e18ac8915a1f5860317,2026-05-06,23:10,assists,6.5,132.0,-178.0,True,fanduel,2026-05-06T14:54:06.894861
Tyrese Maxey,,,d146e10295545e18ac8915a1f5860317,2026-05-06,23:10,assists,8.5,430.0,-750.0,True,fanduel,2026-05-06T14:54:06.894863
Josh Hart,,,d146e10295545e18ac8915a1f5860317,2026-05-06,23:10,assists,2.5,-1400.0,,True,fanduel,2026-05-06T14:54:06.894864
Josh Hart,,,d146e10295545e18ac8915a1f5860317,2026-05-06,23:10,assists,4.5,-182.0,136.0,True,fanduel,2026-05-06T14:54:06.894866
Josh Hart,,,d146e10295545e18ac8915a1f5860317,2026-05-06,23:10,assists,6.5,225.0,-320.0,True,fanduel,2026-05-06T14:54:06.894868
Andre Drummond,,,d146e10295545e18ac8915a1f5860317,2026-05-06,23:10,points,1.5,-128.0,-104.0,False,fanduel,2026-05-06T14:54:06.894887
Jordan Clarkson,,,d146e10295545e18ac8915a1f5860317,2026-05-06,23:10,points,4.5,-136.0,102.0,False,fanduel,2026-05-06T14:54:06.894889
Paul George,,,d146e10295545e18ac8915a1f5860317,2026-05-06,23:10,points,15.5,-114.0,-114.0,False,fanduel,2026-05-06T14:54:06.894891
Karl-Anthony Towns,,,d146e10295545e18ac8915a1f5860317,2026-05-06,23:10,points,18.5,-114.0,-114.0,False,fanduel,2026-05-06T14:54:06.894892
VJ Edgecombe,,,d146e10295545e18ac8915a1f5860317,2026-05-06,23:10,points,12.5,-106.0,-125.0,False,fanduel,2026-05-06T14:54:06.894894
Kelly Oubre Jr,,,d146e10295545e18ac8915a1f5860317,2026-05-06,23:10,points,11.5,102.0,-136.0,False,fanduel,2026-05-06T14:54:06.894895
Quentin Grimes,,,d146e10295545e18ac8915a1f5860317,2026-05-06,23:10,points,5.5,-125.0,-106.0,False,fanduel,2026-05-06T14:54:06.894897
Miles McBride,,,d146e10295545e18ac8915a1f5860317,2026-05-06,23:10,points,7.5,-102.0,-130.0,False,fanduel,2026-05-06T14:54:06.894899
Jalen Brunson,,,d146e10295545e18ac8915a1f5860317,2026-05-06,23:10,points,26.5,-118.0,-112.0,False,fanduel,2026-05-06T14:54:06.894901
Joel Embiid,,,d146e10295545e18ac8915a1f5860317,2026-05-06,23:10,points,26.5,-125.0,-106.0,False,fanduel,2026-05-06T14:54:06.894902
Josh Hart,,,d146e10295545e18ac8915a1f5860317,2026-05-06,23:10,points,11.5,-122.0,-108.0,False,fanduel,2026-05-06T14:54:06.894904
Mikal Bridges,,,d146e10295545e18ac8915a1f5860317,2026-05-06,23:10,points,11.5,-120.0,-110.0,False,fanduel,2026-05-06T14:54:06.894906
OG Anunoby,,,d146e10295545e18ac8915a1f5860317,2026-05-06,23:10,points,17.5,-112.0,-118.0,False,fanduel,2026-05-06T14:54:06.894907
Mitchell Robinson,,,d146e10295545e18ac8915a1f5860317,2026-05-06,23:10,points,4.5,-114.0,-114.0,False,fanduel,2026-05-06T14:54:06.894909
Tyrese Maxey,,,d146e10295545e18ac8915a1f5860317,2026-05-06,23:10,points,24.5,-118.0,-112.0,False,fanduel,2026-05-06T14:54:06.894911
Paul George,,,d146e10295545e18ac8915a1f5860317,2026-05-06,23:10,points,9.5,-700.0,410.0,True,fanduel,2026-05-06T14:54:06.895103
Paul George,,,d146e10295545e18ac8915a1f5860317,2026-05-06,23:10,points,10.5,-500.0,320.0,True,fanduel,2026-05-06T14:54:06.895106
Paul George,,,d146e10295545e18ac8915a1f5860317,2026-05-06,23:10,points,11.5,-380.0,260.0,True,fanduel,2026-05-06T14:54:06.895107
Paul George,,,d146e10295545e18ac8915a1f5860317,2026-05-06,23:10,points,12.5,-270.0,194.0,True,fanduel,2026-05-06T14:54:06.895109
Paul George,,,d146e10295545e18ac8915a1f5860317,2026-05-06,23:10,points,13.5,-205.0,152.0,True,fanduel,2026-05-06T14:54:06.895111
Paul George,,,d146e10295545e18ac8915a1f5860317,2026-05-06,23:10,points,14.5,-146.0,114.0,True,fanduel,2026-05-06T14:54:06.895112
Paul George,,,d146e10295545e18ac8915a1f5860317,2026-05-06,23:10,points,15.5,-114.0,-114.0,True,fanduel,2026-05-06T14:54:06.895114
Paul George,,,d146e10295545e18ac8915a1f5860317,2026-05-06,23:10,points,16.5,114.0,-152.0,True,fanduel,2026-05-06T14:54:06.895116
Paul George,,,d146e10295545e18ac8915a1f5860317,2026-05-06,23:10,points,17.5,146.0,-198.0,True,fanduel,2026-05-06T14:54:06.895118
Paul George,,,d146e10295545e18ac8915a1f5860317,2026-05-06,23:10,points,18.5,182.0,-250.0,True,fanduel,2026-05-06T14:54:06.895119
Paul George,,,d146e10295545e18ac8915a1f5860317,2026-05-06,23:10,points,19.5,240.0,-330.0,True,fanduel,2026-05-06T14:54:06.895121
Paul George,,,d146e10295545e18ac8915a1f5860317,2026-05-06,23:10,points,20.5,290.0,-440.0,True,fanduel,2026-05-06T14:54:06.895123
Paul George,,,d146e10295545e18ac8915a1f5860317,2026-05-06,23:10,points,21.5,370.0,-600.0,True,fanduel,2026-05-06T14:54:06.895124
Jordan Clarkson,,,d146e10295545e18ac8915a1f5860317,2026-05-06,23:10,points,1.5,-700.0,410.0,True,fanduel,2026-05-06T14:54:06.895126
Jordan Clarkson,,,d146e10295545e18ac8915a1f5860317,2026-05-06,23:10,points,2.5,-310.0,220.0,True,fanduel,2026-05-06T14:54:06.895128
Jordan Clarkson,,,d146e10295545e18ac8915a1f5860317,2026-05-06,23:10,points,3.5,-198.0,146.0,True,fanduel,2026-05-06T14:54:06.895129
Jordan Clarkson,,,d146e10295545e18ac8915a1f5860317,2026-05-06,23:10,points,4.5,-136.0,102.0,True,fanduel,2026-05-06T14:54:06.895131
Jordan Clarkson,,,d146e10295545e18ac8915a1f5860317,2026-05-06,23:10,points,5.5,116.0,-154.0,True,fanduel,2026-05-06T14:54:06.895133
Jordan Clarkson,,,d146e10295545e18ac8915a1f5860317,2026-05-06,23:10,points,6.5,158.0,-220.0,True,fanduel,2026-05-06T14:54:06.895134
Jordan Clarkson,,,d146e10295545e18ac8915a1f5860317,2026-05-06,23:10,points,7.5,220.0,-310.0,True,fanduel,2026-05-06T14:54:06.895136
Jordan Clarkson,,,d146e10295545e18ac8915a1f5860317,2026-05-06,23:10,points,8.5,290.0,-440.0,True,fanduel,2026-05-06T14:54:06.895138
Joel Embiid,,,d146e10295545e18ac8915a1f5860317,2026-05-06,23:10,points,44.5,1800.0,,True,fanduel,2026-05-06T14:54:06.895141
Tyrese Maxey,,,d146e10295545e18ac8915a1f5860317,2026-05-06,23:10,points,44.5,4000.0,,True,fanduel,2026-05-06T14:54:06.895143
Jalen Brunson,,,d146e10295545e18ac8915a1f5860317,2026-05-06,23:10,points,44.5,3000.0,,True,fanduel,2026-05-06T14:54:06.895145
Jalen Brunson,,,d146e10295545e18ac8915a1f5860317,2026-05-06,23:10,points,24.5,-192.0,142.0,True,fanduel,2026-05-06T14:54:06.895146
Joel Embiid,,,d146e10295545e18ac8915a1f5860317,2026-05-06,23:10,points,24.5,-192.0,142.0,True,fanduel,2026-05-06T14:54:06.895148
Tyrese Maxey,,,d146e10295545e18ac8915a1f5860317,2026-05-06,23:10,points,24.5,-118.0,-112.0,True,fanduel,2026-05-06T14:54:06.895150
Karl-Anthony Towns,,,d146e10295545e18ac8915a1f5860317,2026-05-06,23:10,points,24.5,350.0,-550.0,True,fanduel,2026-05-06T14:54:06.895153
OG Anunoby,,,d146e10295545e18ac8915a1f5860317,2026-05-06,23:10,points,24.5,450.0,-800.0,True,fanduel,2026-05-06T14:54:06.895155
Paul George,,,d146e10295545e18ac8915a1f5860317,2026-05-06,23:10,points,24.5,750.0,,True,fanduel,2026-05-06T14:54:06.895157
Mikal Bridges,,,d146e10295545e18ac8915a1f5860317,2026-05-06,23:10,points,24.5,1500.0,,True,fanduel,2026-05-06T14:54:06.895158
VJ Edgecombe,,,d146e10295545e18ac8915a1f5860317,2026-05-06,23:10,points,24.5,1500.0,,True,fanduel,2026-05-06T14:54:06.895160
Josh Hart,,,d146e10295545e18ac8915a1f5860317,2026-05-06,23:10,points,24.5,2200.0,,True,fanduel,2026-05-06T14:54:06.895162
Kelly Oubre Jr,,,d146e10295545e18ac8915a1f5860317,2026-05-06,23:10,points,24.5,2500.0,,True,fanduel,2026-05-06T14:54:06.895163
Mitchell Robinson,,,d146e10295545e18ac8915a1f5860317,2026-05-06,23:10,points,0.5,-1200.0,,True,fanduel,2026-05-06T14:54:06.895165
Mitchell Robinson,,,d146e10295545e18ac8915a1f5860317,2026-05-06,23:10,points,1.5,-1000.0,,True,fanduel,2026-05-06T14:54:06.895167
Mitchell Robinson,,,d146e10295545e18ac8915a1f5860317,2026-05-06,23:10,points,2.5,-290.0,205.0,True,fanduel,2026-05-06T14:54:06.895168
Mitchell Robinson,,,d146e10295545e18ac8915a1f5860317,2026-05-06,23:10,points,3.5,-205.0,152.0,True,fanduel,2026-05-06T14:54:06.895170
Mitchell Robinson,,,d146e10295545e18ac8915a1f5860317,2026-05-06,23:10,points,4.5,-114.0,-114.0,True,fanduel,2026-05-06T14:54:06.895172
Mitchell Robinson,,,d146e10295545e18ac8915a1f5860317,2026-05-06,23:10,points,5.5,132.0,-178.0,True,fanduel,2026-05-06T14:54:06.895174
Mitchell Robinson,,,d146e10295545e18ac8915a1f5860317,2026-05-06,23:10,points,6.5,198.0,-275.0,True,fanduel,2026-05-06T14:54:06.895175
Mitchell Robinson,,,d146e10295545e18ac8915a1f5860317,2026-05-06,23:10,points,7.5,280.0,-420.0,True,fanduel,2026-05-06T14:54:06.895177
Mikal Bridges,,,d146e10295545e18ac8915a1f5860317,2026-05-06,23:10,points,5.5,-1200.0,,True,fanduel,2026-05-06T14:54:06.895179
Mikal Bridges,,,d146e10295545e18ac8915a1f5860317,2026-05-06,23:10,points,6.5,-670.0,400.0,True,fanduel,2026-05-06T14:54:06.895182
Mikal Bridges,,,d146e10295545e18ac8915a1f5860317,2026-05-06,23:10,points,7.5,-440.0,290.0,True,fanduel,2026-05-06T14:54:06.895184
Mikal Bridges,,,d146e10295545e18ac8915a1f5860317,2026-05-06,23:10,points,8.5,-310.0,220.0,True,fanduel,2026-05-06T14:54:06.895185
Mikal Bridges,,,d146e10295545e18ac8915a1f5860317,2026-05-06,23:10,points,9.5,-215.0,164.0,True,fanduel,2026-05-06T14:54:06.895187
Mikal Bridges,,,d146e10295545e18ac8915a1f5860317,2026-05-06,23:10,points,10.5,-162.0,122.0,True,fanduel,2026-05-06T14:54:06.895189
Mikal Bridges,,,d146e10295545e18ac8915a1f5860317,2026-05-06,23:10,points,11.5,-120.0,-110.0,True,fanduel,2026-05-06T14:54:06.895190
Mikal Bridges,,,d146e10295545e18ac8915a1f5860317,2026-05-06,23:10,points,12.5,116.0,-154.0,True,fanduel,2026-05-06T14:54:06.895192
Mikal Bridges,,,d146e10295545e18ac8915a1f5860317,2026-05-06,23:10,points,13.5,152.0,-205.0,True,fanduel,2026-05-06T14:54:06.895194
Mikal Bridges,,,d146e10295545e18ac8915a1f5860317,2026-05-06,23:10,points,14.5,196.0,-260.0,True,fanduel,2026-05-06T14:54:06.895195
Joel Embiid,,,d146e10295545e18ac8915a1f5860317,2026-05-06,23:10,points,29.5,148.0,-200.0,True,fanduel,2026-05-06T14:54:06.895199
Jalen Brunson,,,d146e10295545e18ac8915a1f5860317,2026-05-06,23:10,points,29.5,164.0,-225.0,True,fanduel,2026-05-06T14:54:06.895200
Tyrese Maxey,,,d146e10295545e18ac8915a1f5860317,2026-05-06,23:10,points,29.5,225.0,-320.0,True,fanduel,2026-05-06T14:54:06.895202
Karl-Anthony Towns,,,d146e10295545e18ac8915a1f5860317,2026-05-06,23:10,points,29.5,1060.0,,True,fanduel,2026-05-06T14:54:06.895204
OG Anunoby,,,d146e10295545e18ac8915a1f5860317,2026-05-06,23:10,points,29.5,1300.0,,True,fanduel,2026-05-06T14:54:06.895205
Paul George,,,d146e10295545e18ac8915a1f5860317,2026-05-06,23:10,points,29.5,1700.0,,True,fanduel,2026-05-06T14:54:06.895207
Jalen Brunson,,,d146e10295545e18ac8915a1f5860317,2026-05-06,23:10,points,18.5,-1100.0,,True,fanduel,2026-05-06T14:54:06.895209
Jalen Brunson,,,d146e10295545e18ac8915a1f5860317,2026-05-06,23:10,points,19.5,-720.0,430.0,True,fanduel,2026-05-06T14:54:06.895210
Jalen Brunson,,,d146e10295545e18ac8915a1f5860317,2026-05-06,23:10,points,20.5,-550.0,350.0,True,fanduel,2026-05-06T14:54:06.895212
Jalen Brunson,,,d146e10295545e18ac8915a1f5860317,2026-05-06,23:10,points,21.5,-400.0,270.0,True,fanduel,2026-05-06T14:54:06.895214
Jalen Brunson,,,d146e10295545e18ac8915a1f5860317,2026-05-06,23:10,points,22.5,-310.0,220.0,True,fanduel,2026-05-06T14:54:06.895215
Jalen Brunson,,,d146e10295545e18ac8915a1f5860317,2026-05-06,23:10,points,23.5,-240.0,174.0,True,fanduel,2026-05-06T14:54:06.895217
Jalen Brunson,,,d146e10295545e18ac8915a1f5860317,2026-05-06,23:10,points,25.5,-148.0,112.0,True,fanduel,2026-05-06T14:54:06.895219
Jalen Brunson,,,d146e10295545e18ac8915a1f5860317,2026-05-06,23:10,points,26.5,-118.0,-112.0,True,fanduel,2026-05-06T14:54:06.895220
Jalen Brunson,,,d146e10295545e18ac8915a1f5860317,2026-05-06,23:10,points,27.5,104.0,-138.0,True,fanduel,2026-05-06T14:54:06.895222
Jalen Brunson,,,d146e10295545e18ac8915a1f5860317,2026-05-06,23:10,points,28.5,132.0,-178.0,True,fanduel,2026-05-06T14:54:06.895224
Jalen Brunson,,,d146e10295545e18ac8915a1f5860317,2026-05-06,23:10,points,30.5,194.0,-270.0,True,fanduel,2026-05-06T14:54:06.895225
Jalen Brunson,,,d146e10295545e18ac8915a1f5860317,2026-05-06,23:10,points,31.5,235.0,-340.0,True,fanduel,2026-05-06T14:54:06.895227
Jalen Brunson,,,d146e10295545e18ac8915a1f5860317,2026-05-06,23:10,points,32.5,290.0,-440.0,True,fanduel,2026-05-06T14:54:06.895229
Jalen Brunson,,,d146e10295545e18ac8915a1f5860317,2026-05-06,23:10,points,33.5,360.0,-580.0,True,fanduel,2026-05-06T14:54:06.895230
Jalen Brunson,,,d146e10295545e18ac8915a1f5860317,2026-05-06,23:10,points,34.5,440.0,-700.0,True,fanduel,2026-05-06T14:54:06.895232
Jalen Brunson,,,d146e10295545e18ac8915a1f5860317,2026-05-06,23:10,points,35.5,,-1000.0,True,fanduel,2026-05-06T14:54:06.895234
Jalen Brunson,,,d146e10295545e18ac8915a1f5860317,2026-05-06,23:10,points,36.5,,-1400.0,True,fanduel,2026-05-06T14:54:06.895235
Quentin Grimes,,,d146e10295545e18ac8915a1f5860317,2026-05-06,23:10,points,2.5,-550.0,350.0,True,fanduel,2026-05-06T14:54:06.895237
Quentin Grimes,,,d146e10295545e18ac8915a1f5860317,2026-05-06,23:10,points,3.5,-275.0,198.0,True,fanduel,2026-05-06T14:54:06.895239
Quentin Grimes,,,d146e10295545e18ac8915a1f5860317,2026-05-06,23:10,points,4.5,-200.0,148.0,True,fanduel,2026-05-06T14:54:06.895242
Quentin Grimes,,,d146e10295545e18ac8915a1f5860317,2026-05-06,23:10,points,5.5,-125.0,-106.0,True,fanduel,2026-05-06T14:54:06.895244
Quentin Grimes,,,d146e10295545e18ac8915a1f5860317,2026-05-06,23:10,points,6.5,118.0,-158.0,True,fanduel,2026-05-06T14:54:06.895245
Quentin Grimes,,,d146e10295545e18ac8915a1f5860317,2026-05-06,23:10,points,7.5,162.0,-220.0,True,fanduel,2026-05-06T14:54:06.895247
Quentin Grimes,,,d146e10295545e18ac8915a1f5860317,2026-05-06,23:10,points,8.5,225.0,-320.0,True,fanduel,2026-05-06T14:54:06.895248
Quentin Grimes,,,d146e10295545e18ac8915a1f5860317,2026-05-06,23:10,points,9.5,320.0,-470.0,True,fanduel,2026-05-06T14:54:06.895250
Joel Embiid,,,d146e10295545e18ac8915a1f5860317,2026-05-06,23:10,points,17.5,-1200.0,,True,fanduel,2026-05-06T14:54:06.895252
Joel Embiid,,,d146e10295545e18ac8915a1f5860317,2026-05-06,23:10,points,18.5,-800.0,450.0,True,fanduel,2026-05-06T14:54:06.895255
Joel Embiid,,,d146e10295545e18ac8915a1f5860317,2026-05-06,23:10,points,19.5,-620.0,390.0,True,fanduel,2026-05-06T14:54:06.895257
Joel Embiid,,,d146e10295545e18ac8915a1f5860317,2026-05-06,23:10,points,20.5,-470.0,310.0,True,fanduel,2026-05-06T14:54:06.895259
Joel Embiid,,,d146e10295545e18ac8915a1f5860317,2026-05-06,23:10,points,21.5,-360.0,250.0,True,fanduel,2026-05-06T14:54:06.895260
Joel Embiid,,,d146e10295545e18ac8915a1f5860317,2026-05-06,23:10,points,22.5,-300.0,210.0,True,fanduel,2026-05-06T14:54:06.895262
Joel Embiid,,,d146e10295545e18ac8915a1f5860317,2026-05-06,23:10,points,23.5,-240.0,174.0,True,fanduel,2026-05-06T14:54:06.895264
Joel Embiid,,,d146e10295545e18ac8915a1f5860317,2026-05-06,23:10,points,25.5,-154.0,116.0,True,fanduel,2026-05-06T14:54:06.895265
Joel Embiid,,,d146e10295545e18ac8915a1f5860317,2026-05-06,23:10,points,26.5,-125.0,-106.0,True,fanduel,2026-05-06T14:54:06.895267
Joel Embiid,,,d146e10295545e18ac8915a1f5860317,2026-05-06,23:10,points,27.5,100.0,-132.0,True,fanduel,2026-05-06T14:54:06.895269
Joel Embiid,,,d146e10295545e18ac8915a1f5860317,2026-05-06,23:10,points,28.5,122.0,-162.0,True,fanduel,2026-05-06T14:54:06.895270
Joel Embiid,,,d146e10295545e18ac8915a1f5860317,2026-05-06,23:10,points,30.5,178.0,-245.0,True,fanduel,2026-05-06T14:54:06.895272
Joel Embiid,,,d146e10295545e18ac8915a1f5860317,2026-05-06,23:10,points,31.5,210.0,-300.0,True,fanduel,2026-05-06T14:54:06.895274
Joel Embiid,,,d146e10295545e18ac8915a1f5860317,2026-05-06,23:10,points,32.5,260.0,-380.0,True,fanduel,2026-05-06T14:54:06.895275
Joel Embiid,,,d146e10295545e18ac8915a1f5860317,2026-05-06,23:10,points,33.5,310.0,-470.0,True,fanduel,2026-05-06T14:54:06.895277
Joel Embiid,,,d146e10295545e18ac8915a1f5860317,2026-05-06,23:10,points,34.5,390.0,-600.0,True,fanduel,2026-05-06T14:54:06.895279
Joel Embiid,,,d146e10295545e18ac8915a1f5860317,2026-05-06,23:10,points,35.5,430.0,-750.0,True,fanduel,2026-05-06T14:54:06.895280
Joel Embiid,,,d146e10295545e18ac8915a1f5860317,2026-05-06,23:10,points,36.5,,-1000.0,True,fanduel,2026-05-06T14:54:06.895282
Joel Embiid,,,d146e10295545e18ac8915a1f5860317,2026-05-06,23:10,points,37.5,,-1450.0,True,fanduel,2026-05-06T14:54:06.895283
Joel Embiid,,,d146e10295545e18ac8915a1f5860317,2026-05-06,23:10,points,39.5,900.0,,True,fanduel,2026-05-06T14:54:06.895285
Jalen Brunson,,,d146e10295545e18ac8915a1f5860317,2026-05-06,23:10,points,39.5,1100.0,,True,fanduel,2026-05-06T14:54:06.895287
Tyrese Maxey,,,d146e10295545e18ac8915a1f5860317,2026-05-06,23:10,points,39.5,1400.0,,True,fanduel,2026-05-06T14:54:06.895288
Tyrese Maxey,,,d146e10295545e18ac8915a1f5860317,2026-05-06,23:10,points,19.5,-380.0,260.0,True,fanduel,2026-05-06T14:54:06.895290
Karl-Anthony Towns,,,d146e10295545e18ac8915a1f5860317,2026-05-06,23:10,points,19.5,112.0,-148.0,True,fanduel,2026-05-06T14:54:06.895293
OG Anunoby,,,d146e10295545e18ac8915a1f5860317,2026-05-06,23:10,points,19.5,148.0,-200.0,True,fanduel,2026-05-06T14:54:06.895295
VJ Edgecombe,,,d146e10295545e18ac8915a1f5860317,2026-05-06,23:10,points,19.5,560.0,,True,fanduel,2026-05-06T14:54:06.895297
Mikal Bridges,,,d146e10295545e18ac8915a1f5860317,2026-05-06,23:10,points,19.5,600.0,,True,fanduel,2026-05-06T14:54:06.895298
Josh Hart,,,d146e10295545e18ac8915a1f5860317,2026-05-06,23:10,points,19.5,750.0,,True,fanduel,2026-05-06T14:54:06.895300
Kelly Oubre Jr,,,d146e10295545e18ac8915a1f5860317,2026-05-06,23:10,points,19.5,830.0,,True,fanduel,2026-05-06T14:54:06.895301
Miles McBride,,,d146e10295545e18ac8915a1f5860317,2026-05-06,23:10,points,19.5,1500.0,,True,fanduel,2026-05-06T14:54:06.895303
Miles McBride,,,d146e10295545e18ac8915a1f5860317,2026-05-06,23:10,points,3.5,-350.0,240.0,True,fanduel,2026-05-06T14:54:06.895305
Miles McBride,,,d146e10295545e18ac8915a1f5860317,2026-05-06,23:10,points,4.5,-290.0,205.0,True,fanduel,2026-05-06T14:54:06.895306
Miles McBride,,,d146e10295545e18ac8915a1f5860317,2026-05-06,23:10,points,5.5,-200.0,148.0,True,fanduel,2026-05-06T14:54:06.895308
Miles McBride,,,d146e10295545e18ac8915a1f5860317,2026-05-06,23:10,points,6.5,-122.0,-108.0,True,fanduel,2026-05-06T14:54:06.895311
Miles McBride,,,d146e10295545e18ac8915a1f5860317,2026-05-06,23:10,points,7.5,-102.0,-130.0,True,fanduel,2026-05-06T14:54:06.895313
Miles McBride,,,d146e10295545e18ac8915a1f5860317,2026-05-06,23:10,points,8.5,136.0,-186.0,True,fanduel,2026-05-06T14:54:06.895315
Miles McBride,,,d146e10295545e18ac8915a1f5860317,2026-05-06,23:10,points,9.5,200.0,-270.0,True,fanduel,2026-05-06T14:54:06.895316
Miles McBride,,,d146e10295545e18ac8915a1f5860317,2026-05-06,23:10,points,10.5,230.0,-330.0,True,fanduel,2026-05-06T14:54:06.895318
Karl-Anthony Towns,,,d146e10295545e18ac8915a1f5860317,2026-05-06,23:10,points,11.5,-1100.0,,True,fanduel,2026-05-06T14:54:06.895320
Karl-Anthony Towns,,,d146e10295545e18ac8915a1f5860317,2026-05-06,23:10,points,12.5,-670.0,400.0,True,fanduel,2026-05-06T14:54:06.895321
Karl-Anthony Towns,,,d146e10295545e18ac8915a1f5860317,2026-05-06,23:10,points,13.5,-470.0,310.0,True,fanduel,2026-05-06T14:54:06.895323
Karl-Anthony Towns,,,d146e10295545e18ac8915a1f5860317,2026-05-06,23:10,points,14.5,-340.0,235.0,True,fanduel,2026-05-06T14:54:06.895325
Karl-Anthony Towns,,,d146e10295545e18ac8915a1f5860317,2026-05-06,23:10,points,15.5,-260.0,188.0,True,fanduel,2026-05-06T14:54:06.895326
Karl-Anthony Towns,,,d146e10295545e18ac8915a1f5860317,2026-05-06,23:10,points,16.5,-200.0,148.0,True,fanduel,2026-05-06T14:54:06.895328
Karl-Anthony Towns,,,d146e10295545e18ac8915a1f5860317,2026-05-06,23:10,points,17.5,-152.0,114.0,True,fanduel,2026-05-06T14:54:06.895329
Karl-Anthony Towns,,,d146e10295545e18ac8915a1f5860317,2026-05-06,23:10,points,18.5,-114.0,-114.0,True,fanduel,2026-05-06T14:54:06.895333
Karl-Anthony Towns,,,d146e10295545e18ac8915a1f5860317,2026-05-06,23:10,points,20.5,140.0,-192.0,True,fanduel,2026-05-06T14:54:06.895334
Karl-Anthony Towns,,,d146e10295545e18ac8915a1f5860317,2026-05-06,23:10,points,21.5,178.0,-245.0,True,fanduel,2026-05-06T14:54:06.895336
Karl-Anthony Towns,,,d146e10295545e18ac8915a1f5860317,2026-05-06,23:10,points,22.5,225.0,-320.0,True,fanduel,2026-05-06T14:54:06.895338
Karl-Anthony Towns,,,d146e10295545e18ac8915a1f5860317,2026-05-06,23:10,points,23.5,280.0,-420.0,True,fanduel,2026-05-06T14:54:06.895339
Karl-Anthony Towns,,,d146e10295545e18ac8915a1f5860317,2026-05-06,23:10,points,25.5,430.0,-750.0,True,fanduel,2026-05-06T14:54:06.895341
Karl-Anthony Towns,,,d146e10295545e18ac8915a1f5860317,2026-05-06,23:10,points,26.5,,-1100.0,True,fanduel,2026-05-06T14:54:06.895343
Joel Embiid,,,d146e10295545e18ac8915a1f5860317,2026-05-06,23:10,points,49.5,5000.0,,True,fanduel,2026-05-06T14:54:06.895344
Tyrese Maxey,,,d146e10295545e18ac8915a1f5860317,2026-05-06,23:10,points,34.5,600.0,-1200.0,True,fanduel,2026-05-06T14:54:06.895346
Karl-Anthony Towns,,,d146e10295545e18ac8915a1f5860317,2026-05-06,23:10,points,34.5,3000.0,,True,fanduel,2026-05-06T14:54:06.895348
OG Anunoby,,,d146e10295545e18ac8915a1f5860317,2026-05-06,23:10,points,34.5,4000.0,,True,fanduel,2026-05-06T14:54:06.895349
Kelly Oubre Jr,,,d146e10295545e18ac8915a1f5860317,2026-05-06,23:10,points,5.5,-1000.0,,True,fanduel,2026-05-06T14:54:06.895351
Kelly Oubre Jr,,,d146e10295545e18ac8915a1f5860317,2026-05-06,23:10,points,6.5,-580.0,360.0,True,fanduel,2026-05-06T14:54:06.895353
Kelly Oubre Jr,,,d146e10295545e18ac8915a1f5860317,2026-05-06,23:10,points,7.5,-380.0,260.0,True,fanduel,2026-05-06T14:54:06.895354
Kelly Oubre Jr,,,d146e10295545e18ac8915a1f5860317,2026-05-06,23:10,points,8.5,-260.0,188.0,True,fanduel,2026-05-06T14:54:06.895356
Kelly Oubre Jr,,,d146e10295545e18ac8915a1f5860317,2026-05-06,23:10,points,9.5,-184.0,142.0,True,fanduel,2026-05-06T14:54:06.895357
Kelly Oubre Jr,,,d146e10295545e18ac8915a1f5860317,2026-05-06,23:10,points,10.5,-138.0,104.0,True,fanduel,2026-05-06T14:54:06.895359
Kelly Oubre Jr,,,d146e10295545e18ac8915a1f5860317,2026-05-06,23:10,points,11.5,102.0,-136.0,True,fanduel,2026-05-06T14:54:06.895361
Kelly Oubre Jr,,,d146e10295545e18ac8915a1f5860317,2026-05-06,23:10,points,12.5,134.0,-182.0,True,fanduel,2026-05-06T14:54:06.895362
Kelly Oubre Jr,,,d146e10295545e18ac8915a1f5860317,2026-05-06,23:10,points,13.5,178.0,-245.0,True,fanduel,2026-05-06T14:54:06.895364
Kelly Oubre Jr,,,d146e10295545e18ac8915a1f5860317,2026-05-06,23:10,points,14.5,240.0,-320.0,True,fanduel,2026-05-06T14:54:06.895367
Josh Hart,,,d146e10295545e18ac8915a1f5860317,2026-05-06,23:10,points,6.5,-800.0,450.0,True,fanduel,2026-05-06T14:54:06.895369
Josh Hart,,,d146e10295545e18ac8915a1f5860317,2026-05-06,23:10,points,7.5,-470.0,310.0,True,fanduel,2026-05-06T14:54:06.895371
Josh Hart,,,d146e10295545e18ac8915a1f5860317,2026-05-06,23:10,points,8.5,-320.0,225.0,True,fanduel,2026-05-06T14:54:06.895373
Josh Hart,,,d146e10295545e18ac8915a1f5860317,2026-05-06,23:10,points,9.5,-225.0,172.0,True,fanduel,2026-05-06T14:54:06.895374
Josh Hart,,,d146e10295545e18ac8915a1f5860317,2026-05-06,23:10,points,10.5,-166.0,124.0,True,fanduel,2026-05-06T14:54:06.895376
Josh Hart,,,d146e10295545e18ac8915a1f5860317,2026-05-06,23:10,points,11.5,-122.0,-108.0,True,fanduel,2026-05-06T14:54:06.895377
Josh Hart,,,d146e10295545e18ac8915a1f5860317,2026-05-06,23:10,points,12.5,110.0,-146.0,True,fanduel,2026-05-06T14:54:06.895379
Josh Hart,,,d146e10295545e18ac8915a1f5860317,2026-05-06,23:10,points,13.5,152.0,-205.0,True,fanduel,2026-05-06T14:54:06.895381
Josh Hart,,,d146e10295545e18ac8915a1f5860317,2026-05-06,23:10,points,14.5,200.0,-275.0,True,fanduel,2026-05-06T14:54:06.895382
Josh Hart,,,d146e10295545e18ac8915a1f5860317,2026-05-06,23:10,points,15.5,250.0,-360.0,True,fanduel,2026-05-06T14:54:06.895384
Karl-Anthony Towns,,,d146e10295545e18ac8915a1f5860317,2026-05-06,23:10,points,9.5,-3000.0,,True,fanduel,2026-05-06T14:54:06.895386
OG Anunoby,,,d146e10295545e18ac8915a1f5860317,2026-05-06,23:10,points,9.5,-1600.0,,True,fanduel,2026-05-06T14:54:06.895387
VJ Edgecombe,,,d146e10295545e18ac8915a1f5860317,2026-05-06,23:10,points,9.5,-270.0,194.0,True,fanduel,2026-05-06T14:54:06.895389
Jordan Clarkson,,,d146e10295545e18ac8915a1f5860317,2026-05-06,23:10,points,9.5,400.0,,True,fanduel,2026-05-06T14:54:06.895391
Mitchell Robinson,,,d146e10295545e18ac8915a1f5860317,2026-05-06,23:10,points,9.5,560.0,,True,fanduel,2026-05-06T14:54:06.895392
VJ Edgecombe,,,d146e10295545e18ac8915a1f5860317,2026-05-06,23:10,points,6.5,-900.0,490.0,True,fanduel,2026-05-06T14:54:06.895394
VJ Edgecombe,,,d146e10295545e18ac8915a1f5860317,2026-05-06,23:10,points,7.5,-580.0,360.0,True,fanduel,2026-05-06T14:54:06.895396
VJ Edgecombe,,,d146e10295545e18ac8915a1f5860317,2026-05-06,23:10,points,8.5,-380.0,260.0,True,fanduel,2026-05-06T14:54:06.895397
VJ Edgecombe,,,d146e10295545e18ac8915a1f5860317,2026-05-06,23:10,points,10.5,-200.0,146.0,True,fanduel,2026-05-06T14:54:06.895399
VJ Edgecombe,,,d146e10295545e18ac8915a1f5860317,2026-05-06,23:10,points,11.5,-146.0,110.0,True,fanduel,2026-05-06T14:54:06.895400
VJ Edgecombe,,,d146e10295545e18ac8915a1f5860317,2026-05-06,23:10,points,12.5,-106.0,-125.0,True,fanduel,2026-05-06T14:54:06.895402
VJ Edgecombe,,,d146e10295545e18ac8915a1f5860317,2026-05-06,23:10,points,13.5,124.0,-166.0,True,fanduel,2026-05-06T14:54:06.895405
VJ Edgecombe,,,d146e10295545e18ac8915a1f5860317,2026-05-06,23:10,points,14.5,168.0,-230.0,True,fanduel,2026-05-06T14:54:06.895407
VJ Edgecombe,,,d146e10295545e18ac8915a1f5860317,2026-05-06,23:10,points,15.5,210.0,-300.0,True,fanduel,2026-05-06T14:54:06.895409
OG Anunoby,,,d146e10295545e18ac8915a1f5860317,2026-05-06,23:10,points,10.5,-1000.0,,True,fanduel,2026-05-06T14:54:06.895440
OG Anunoby,,,d146e10295545e18ac8915a1f5860317,2026-05-06,23:10,points,11.5,-670.0,400.0,True,fanduel,2026-05-06T14:54:06.895442
OG Anunoby,,,d146e10295545e18ac8915a1f5860317,2026-05-06,23:10,points,12.5,-470.0,310.0,True,fanduel,2026-05-06T14:54:06.895444
OG Anunoby,,,d146e10295545e18ac8915a1f5860317,2026-05-06,23:10,points,13.5,-330.0,230.0,True,fanduel,2026-05-06T14:54:06.895445
OG Anunoby,,,d146e10295545e18ac8915a1f5860317,2026-05-06,23:10,points,14.5,-245.0,182.0,True,fanduel,2026-05-06T14:54:06.895447
OG Anunoby,,,d146e10295545e18ac8915a1f5860317,2026-05-06,23:10,points,15.5,-192.0,142.0,True,fanduel,2026-05-06T14:54:06.895449
OG Anunoby,,,d146e10295545e18ac8915a1f5860317,2026-05-06,23:10,points,16.5,-146.0,110.0,True,fanduel,2026-05-06T14:54:06.895454
OG Anunoby,,,d146e10295545e18ac8915a1f5860317,2026-05-06,23:10,points,17.5,-112.0,-118.0,True,fanduel,2026-05-06T14:54:06.895455
OG Anunoby,,,d146e10295545e18ac8915a1f5860317,2026-05-06,23:10,points,18.5,116.0,-154.0,True,fanduel,2026-05-06T14:54:06.895457
OG Anunoby,,,d146e10295545e18ac8915a1f5860317,2026-05-06,23:10,points,20.5,182.0,-250.0,True,fanduel,2026-05-06T14:54:06.895459
OG Anunoby,,,d146e10295545e18ac8915a1f5860317,2026-05-06,23:10,points,21.5,230.0,-330.0,True,fanduel,2026-05-06T14:54:06.895460
OG Anunoby,,,d146e10295545e18ac8915a1f5860317,2026-05-06,23:10,points,22.5,290.0,-440.0,True,fanduel,2026-05-06T14:54:06.895462
OG Anunoby,,,d146e10295545e18ac8915a1f5860317,2026-05-06,23:10,points,23.5,370.0,-600.0,True,fanduel,2026-05-06T14:54:06.895464
Tyrese Maxey,,,d146e10295545e18ac8915a1f5860317,2026-05-06,23:10,points,15.5,-1400.0,,True,fanduel,2026-05-06T14:54:06.895465
Tyrese Maxey,,,d146e10295545e18ac8915a1f5860317,2026-05-06,23:10,points,16.5,-1000.0,,True,fanduel,2026-05-06T14:54:06.895467
Tyrese Maxey,,,d146e10295545e18ac8915a1f5860317,2026-05-06,23:10,points,17.5,-670.0,400.0,True,fanduel,2026-05-06T14:54:06.895469
Tyrese Maxey,,,d146e10295545e18ac8915a1f5860317,2026-05-06,23:10,points,18.5,-490.0,320.0,True,fanduel,2026-05-06T14:54:06.895470
Tyrese Maxey,,,d146e10295545e18ac8915a1f5860317,2026-05-06,23:10,points,20.5,-300.0,210.0,True,fanduel,2026-05-06T14:54:06.895472
Tyrese Maxey,,,d146e10295545e18ac8915a1f5860317,2026-05-06,23:10,points,21.5,-235.0,172.0,True,fanduel,2026-05-06T14:54:06.895473
Tyrese Maxey,,,d146e10295545e18ac8915a1f5860317,2026-05-06,23:10,points,22.5,-188.0,140.0,True,fanduel,2026-05-06T14:54:06.895475
Tyrese Maxey,,,d146e10295545e18ac8915a1f5860317,2026-05-06,23:10,points,23.5,-152.0,114.0,True,fanduel,2026-05-06T14:54:06.895477
Tyrese Maxey,,,d146e10295545e18ac8915a1f5860317,2026-05-06,23:10,points,25.5,106.0,-140.0,True,fanduel,2026-05-06T14:54:06.895478
Tyrese Maxey,,,d146e10295545e18ac8915a1f5860317,2026-05-06,23:10,points,26.5,132.0,-178.0,True,fanduel,2026-05-06T14:54:06.895480
Tyrese Maxey,,,d146e10295545e18ac8915a1f5860317,2026-05-06,23:10,points,27.5,162.0,-220.0,True,fanduel,2026-05-06T14:54:06.895482
Tyrese Maxey,,,d146e10295545e18ac8915a1f5860317,2026-05-06,23:10,points,28.5,194.0,-270.0,True,fanduel,2026-05-06T14:54:06.895483
Tyrese Maxey,,,d146e10295545e18ac8915a1f5860317,2026-05-06,23:10,points,30.5,270.0,-400.0,True,fanduel,2026-05-06T14:54:06.895485
Tyrese Maxey,,,d146e10295545e18ac8915a1f5860317,2026-05-06,23:10,points,31.5,320.0,-500.0,True,fanduel,2026-05-06T14:54:06.895487
Tyrese Maxey,,,d146e10295545e18ac8915a1f5860317,2026-05-06,23:10,points,32.5,400.0,-670.0,True,fanduel,2026-05-06T14:54:06.895488
Tyrese Maxey,,,d146e10295545e18ac8915a1f5860317,2026-05-06,23:10,points,33.5,490.0,-900.0,True,fanduel,2026-05-06T14:54:06.895490
Jalen Brunson,,,d146e10295545e18ac8915a1f5860317,2026-05-06,23:10,points,14.5,-6000.0,,True,fanduel,2026-05-06T14:54:06.895492
Joel Embiid,,,d146e10295545e18ac8915a1f5860317,2026-05-06,23:10,points,14.5,-4000.0,,True,fanduel,2026-05-06T14:54:06.895493
Tyrese Maxey,,,d146e10295545e18ac8915a1f5860317,2026-05-06,23:10,points,14.5,-2200.0,,True,fanduel,2026-05-06T14:54:06.895495
Miles McBride,,,d146e10295545e18ac8915a1f5860317,2026-05-06,23:10,points,14.5,630.0,,True,fanduel,2026-05-06T14:54:06.895497
Quentin Grimes,,,d146e10295545e18ac8915a1f5860317,2026-05-06,23:10,points,14.5,1200.0,,True,fanduel,2026-05-06T14:54:06.895498
Jordan Clarkson,,,d146e10295545e18ac8915a1f5860317,2026-05-06,23:10,points,14.5,1300.0,,True,fanduel,2026-05-06T14:54:06.895500
Kelly Oubre Jr,,,d146e10295545e18ac8915a1f5860317,2026-05-06,23:10,rebounds,5.5,-106.0,-125.0,False,fanduel,2026-05-06T14:54:06.895522
Paul George,,,d146e10295545e18ac8915a1f5860317,2026-05-06,23:10,rebounds,5.5,110.0,-146.0,False,fanduel,2026-05-06T14:54:06.895524
Karl-Anthony Towns,,,d146e10295545e18ac8915a1f5860317,2026-05-06,23:10,rebounds,10.5,-136.0,102.0,False,fanduel,2026-05-06T14:54:06.895526
Jalen Brunson,,,d146e10295545e18ac8915a1f5860317,2026-05-06,23:10,rebounds,2.5,-140.0,106.0,False,fanduel,2026-05-06T14:54:06.895527
Joel Embiid,,,d146e10295545e18ac8915a1f5860317,2026-05-06,23:10,rebounds,8.5,108.0,-144.0,False,fanduel,2026-05-06T14:54:06.895529
VJ Edgecombe,,,d146e10295545e18ac8915a1f5860317,2026-05-06,23:10,rebounds,4.5,-152.0,114.0,False,fanduel,2026-05-06T14:54:06.895531
Josh Hart,,,d146e10295545e18ac8915a1f5860317,2026-05-06,23:10,rebounds,9.5,-102.0,-130.0,False,fanduel,2026-05-06T14:54:06.895532
Mikal Bridges,,,d146e10295545e18ac8915a1f5860317,2026-05-06,23:10,rebounds,2.5,-120.0,-110.0,False,fanduel,2026-05-06T14:54:06.895534
Mitchell Robinson,,,d146e10295545e18ac8915a1f5860317,2026-05-06,23:10,rebounds,6.5,-140.0,106.0,False,fanduel,2026-05-06T14:54:06.895536
OG Anunoby,,,d146e10295545e18ac8915a1f5860317,2026-05-06,23:10,rebounds,5.5,-114.0,-114.0,False,fanduel,2026-05-06T14:54:06.895537
Tyrese Maxey,,,d146e10295545e18ac8915a1f5860317,2026-05-06,23:10,rebounds,3.5,-162.0,122.0,False,fanduel,2026-05-06T14:54:06.895539
Paul George,,,d146e10295545e18ac8915a1f5860317,2026-05-06,23:10,rebounds,2.5,-1450.0,,True,fanduel,2026-05-06T14:54:06.895649
Paul George,,,d146e10295545e18ac8915a1f5860317,2026-05-06,23:10,rebounds,3.5,-460.0,310.0,True,fanduel,2026-05-06T14:54:06.895652
Paul George,,,d146e10295545e18ac8915a1f5860317,2026-05-06,23:10,rebounds,4.5,-200.0,146.0,True,fanduel,2026-05-06T14:54:06.895653
Paul George,,,d146e10295545e18ac8915a1f5860317,2026-05-06,23:10,rebounds,5.5,112.0,-146.0,True,fanduel,2026-05-06T14:54:06.895655
Paul George,,,d146e10295545e18ac8915a1f5860317,2026-05-06,23:10,rebounds,6.5,205.0,-290.0,True,fanduel,2026-05-06T14:54:06.895657
Paul George,,,d146e10295545e18ac8915a1f5860317,2026-05-06,23:10,rebounds,7.5,400.0,-600.0,True,fanduel,2026-05-06T14:54:06.895659
Paul George,,,d146e10295545e18ac8915a1f5860317,2026-05-06,23:10,rebounds,8.5,,-1450.0,True,fanduel,2026-05-06T14:54:06.895660
Karl-Anthony Towns,,,d146e10295545e18ac8915a1f5860317,2026-05-06,23:10,rebounds,6.5,-1400.0,,True,fanduel,2026-05-06T14:54:06.895662
Karl-Anthony Towns,,,d146e10295545e18ac8915a1f5860317,2026-05-06,23:10,rebounds,7.5,-530.0,360.0,True,fanduel,2026-05-06T14:54:06.895664
Karl-Anthony Towns,,,d146e10295545e18ac8915a1f5860317,2026-05-06,23:10,rebounds,8.5,-320.0,225.0,True,fanduel,2026-05-06T14:54:06.895665
Karl-Anthony Towns,,,d146e10295545e18ac8915a1f5860317,2026-05-06,23:10,rebounds,9.5,-220.0,168.0,True,fanduel,2026-05-06T14:54:06.895667
Karl-Anthony Towns,,,d146e10295545e18ac8915a1f5860317,2026-05-06,23:10,rebounds,10.5,-136.0,102.0,True,fanduel,2026-05-06T14:54:06.895669
Karl-Anthony Towns,,,d146e10295545e18ac8915a1f5860317,2026-05-06,23:10,rebounds,11.5,124.0,-162.0,True,fanduel,2026-05-06T14:54:06.895673
Karl-Anthony Towns,,,d146e10295545e18ac8915a1f5860317,2026-05-06,23:10,rebounds,12.5,194.0,-270.0,True,fanduel,2026-05-06T14:54:06.895675
Karl-Anthony Towns,,,d146e10295545e18ac8915a1f5860317,2026-05-06,23:10,rebounds,13.5,310.0,-450.0,True,fanduel,2026-05-06T14:54:06.895677
Karl-Anthony Towns,,,d146e10295545e18ac8915a1f5860317,2026-05-06,23:10,rebounds,14.5,450.0,-800.0,True,fanduel,2026-05-06T14:54:06.895678
OG Anunoby,,,d146e10295545e18ac8915a1f5860317,2026-05-06,23:10,rebounds,3.5,-530.0,360.0,True,fanduel,2026-05-06T14:54:06.895680
OG Anunoby,,,d146e10295545e18ac8915a1f5860317,2026-05-06,23:10,rebounds,4.5,-240.0,174.0,True,fanduel,2026-05-06T14:54:06.895682
OG Anunoby,,,d146e10295545e18ac8915a1f5860317,2026-05-06,23:10,rebounds,5.5,-113.0,-114.0,True,fanduel,2026-05-06T14:54:06.895683
OG Anunoby,,,d146e10295545e18ac8915a1f5860317,2026-05-06,23:10,rebounds,6.5,174.0,-240.0,True,fanduel,2026-05-06T14:54:06.895685
OG Anunoby,,,d146e10295545e18ac8915a1f5860317,2026-05-06,23:10,rebounds,7.5,320.0,-470.0,True,fanduel,2026-05-06T14:54:06.895687
OG Anunoby,,,d146e10295545e18ac8915a1f5860317,2026-05-06,23:10,rebounds,8.5,,-1200.0,True,fanduel,2026-05-06T14:54:06.895688
Josh Hart,,,d146e10295545e18ac8915a1f5860317,2026-05-06,23:10,rebounds,7.5,-245.0,178.0,True,fanduel,2026-05-06T14:54:06.895690
Joel Embiid,,,d146e10295545e18ac8915a1f5860317,2026-05-06,23:10,rebounds,7.5,-158.0,118.0,True,fanduel,2026-05-06T14:54:06.895692
Mitchell Robinson,,,d146e10295545e18ac8915a1f5860317,2026-05-06,23:10,rebounds,7.5,118.0,-158.0,True,fanduel,2026-05-06T14:54:06.895693
Kelly Oubre Jr,,,d146e10295545e18ac8915a1f5860317,2026-05-06,23:10,rebounds,7.5,320.0,-500.0,True,fanduel,2026-05-06T14:54:06.895695
VJ Edgecombe,,,d146e10295545e18ac8915a1f5860317,2026-05-06,23:10,rebounds,7.5,490.0,-900.0,True,fanduel,2026-05-06T14:54:06.895697
Andre Drummond,,,d146e10295545e18ac8915a1f5860317,2026-05-06,23:10,rebounds,7.5,870.0,,True,fanduel,2026-05-06T14:54:06.895698
Tyrese Maxey,,,d146e10295545e18ac8915a1f5860317,2026-05-06,23:10,rebounds,7.5,1060.0,,True,fanduel,2026-05-06T14:54:06.895700
Quentin Grimes,,,d146e10295545e18ac8915a1f5860317,2026-05-06,23:10,rebounds,1.5,-310.0,220.0,True,fanduel,2026-05-06T14:54:06.895702
Quentin Grimes,,,d146e10295545e18ac8915a1f5860317,2026-05-06,23:10,rebounds,2.5,-102.0,-130.0,True,fanduel,2026-05-06T14:54:06.895703
Quentin Grimes,,,d146e10295545e18ac8915a1f5860317,2026-05-06,23:10,rebounds,3.5,240.0,-330.0,True,fanduel,2026-05-06T14:54:06.895705
Quentin Grimes,,,d146e10295545e18ac8915a1f5860317,2026-05-06,23:10,rebounds,4.5,,-1000.0,True,fanduel,2026-05-06T14:54:06.895707
Mitchell Robinson,,,d146e10295545e18ac8915a1f5860317,2026-05-06,23:10,rebounds,3.5,-900.0,,True,fanduel,2026-05-06T14:54:06.895708
Mitchell Robinson,,,d146e10295545e18ac8915a1f5860317,2026-05-06,23:10,rebounds,4.5,-440.0,290.0,True,fanduel,2026-05-06T14:54:06.895710
Mitchell Robinson,,,d146e10295545e18ac8915a1f5860317,2026-05-06,23:10,rebounds,5.5,-235.0,178.0,True,fanduel,2026-05-06T14:54:06.895711
Mitchell Robinson,,,d146e10295545e18ac8915a1f5860317,2026-05-06,23:10,rebounds,6.5,-140.0,106.0,True,fanduel,2026-05-06T14:54:06.895713
Mitchell Robinson,,,d146e10295545e18ac8915a1f5860317,2026-05-06,23:10,rebounds,8.5,188.0,-260.0,True,fanduel,2026-05-06T14:54:06.895715
Mitchell Robinson,,,d146e10295545e18ac8915a1f5860317,2026-05-06,23:10,rebounds,9.5,260.0,-360.0,True,fanduel,2026-05-06T14:54:06.895716
Mitchell Robinson,,,d146e10295545e18ac8915a1f5860317,2026-05-06,23:10,rebounds,10.5,390.0,-650.0,True,fanduel,2026-05-06T14:54:06.895718
Josh Hart,,,d146e10295545e18ac8915a1f5860317,2026-05-06,23:10,rebounds,9.5,-102.0,-130.0,True,fanduel,2026-05-06T14:54:06.895720
Joel Embiid,,,d146e10295545e18ac8915a1f5860317,2026-05-06,23:10,rebounds,9.5,146.0,-198.0,True,fanduel,2026-05-06T14:54:06.895721
Kelly Oubre Jr,,,d146e10295545e18ac8915a1f5860317,2026-05-06,23:10,rebounds,9.5,870.0,,True,fanduel,2026-05-06T14:54:06.895723
OG Anunoby,,,d146e10295545e18ac8915a1f5860317,2026-05-06,23:10,rebounds,9.5,900.0,,True,fanduel,2026-05-06T14:54:06.895725
Paul George,,,d146e10295545e18ac8915a1f5860317,2026-05-06,23:10,rebounds,9.5,1000.0,,True,fanduel,2026-05-06T14:54:06.895726
VJ Edgecombe,,,d146e10295545e18ac8915a1f5860317,2026-05-06,23:10,rebounds,9.5,1400.0,,True,fanduel,2026-05-06T14:54:06.895728
Andre Drummond,,,d146e10295545e18ac8915a1f5860317,2026-05-06,23:10,rebounds,9.5,1500.0,,True,fanduel,2026-05-06T14:54:06.895730
Joel Embiid,,,d146e10295545e18ac8915a1f5860317,2026-05-06,23:10,rebounds,4.5,-1400.0,,True,fanduel,2026-05-06T14:54:06.895731
Joel Embiid,,,d146e10295545e18ac8915a1f5860317,2026-05-06,23:10,rebounds,5.5,-500.0,320.0,True,fanduel,2026-05-06T14:54:06.895733
Joel Embiid,,,d146e10295545e18ac8915a1f5860317,2026-05-06,23:10,rebounds,6.5,-275.0,198.0,True,fanduel,2026-05-06T14:54:06.895735
Joel Embiid,,,d146e10295545e18ac8915a1f5860317,2026-05-06,23:10,rebounds,8.5,108.0,-144.0,True,fanduel,2026-05-06T14:54:06.895737
Joel Embiid,,,d146e10295545e18ac8915a1f5860317,2026-05-06,23:10,rebounds,10.5,225.0,-320.0,True,fanduel,2026-05-06T14:54:06.895738
Joel Embiid,,,d146e10295545e18ac8915a1f5860317,2026-05-06,23:10,rebounds,11.5,340.0,-500.0,True,fanduel,2026-05-06T14:54:06.895740
Joel Embiid,,,d146e10295545e18ac8915a1f5860317,2026-05-06,23:10,rebounds,12.5,490.0,-900.0,True,fanduel,2026-05-06T14:54:06.895741
Kelly Oubre Jr,,,d146e10295545e18ac8915a1f5860317,2026-05-06,23:10,rebounds,3.5,-500.0,320.0,True,fanduel,2026-05-06T14:54:06.895743
Kelly Oubre Jr,,,d146e10295545e18ac8915a1f5860317,2026-05-06,23:10,rebounds,4.5,-225.0,164.0,True,fanduel,2026-05-06T14:54:06.895745
Kelly Oubre Jr,,,d146e10295545e18ac8915a1f5860317,2026-05-06,23:10,rebounds,5.5,-104.0,-125.0,True,fanduel,2026-05-06T14:54:06.895746
Kelly Oubre Jr,,,d146e10295545e18ac8915a1f5860317,2026-05-06,23:10,rebounds,6.5,182.0,-250.0,True,fanduel,2026-05-06T14:54:06.895748
Kelly Oubre Jr,,,d146e10295545e18ac8915a1f5860317,2026-05-06,23:10,rebounds,8.5,,-1200.0,True,fanduel,2026-05-06T14:54:06.895750
Mikal Bridges,,,d146e10295545e18ac8915a1f5860317,2026-05-06,23:10,rebounds,1.5,-360.0,250.0,True,fanduel,2026-05-06T14:54:06.895751
Mikal Bridges,,,d146e10295545e18ac8915a1f5860317,2026-05-06,23:10,rebounds,2.5,-120.0,-110.0,True,fanduel,2026-05-06T14:54:06.895753
Mikal Bridges,,,d146e10295545e18ac8915a1f5860317,2026-05-06,23:10,rebounds,3.5,215.0,-290.0,True,fanduel,2026-05-06T14:54:06.895755
Mikal Bridges,,,d146e10295545e18ac8915a1f5860317,2026-05-06,23:10,rebounds,4.5,430.0,-750.0,True,fanduel,2026-05-06T14:54:06.895758
Jalen Brunson,,,d146e10295545e18ac8915a1f5860317,2026-05-06,23:10,rebounds,1.5,-440.0,290.0,True,fanduel,2026-05-06T14:54:06.895760
Jalen Brunson,,,d146e10295545e18ac8915a1f5860317,2026-05-06,23:10,rebounds,2.5,-140.0,106.0,True,fanduel,2026-05-06T14:54:06.895761
Jalen Brunson,,,d146e10295545e18ac8915a1f5860317,2026-05-06,23:10,rebounds,3.5,186.0,-250.0,True,fanduel,2026-05-06T14:54:06.895763
Jalen Brunson,,,d146e10295545e18ac8915a1f5860317,2026-05-06,23:10,rebounds,4.5,410.0,-700.0,True,fanduel,2026-05-06T14:54:06.895765
Josh Hart,,,d146e10295545e18ac8915a1f5860317,2026-05-06,23:10,rebounds,5.5,-900.0,490.0,True,fanduel,2026-05-06T14:54:06.895766
Josh Hart,,,d146e10295545e18ac8915a1f5860317,2026-05-06,23:10,rebounds,6.5,-440.0,290.0,True,fanduel,2026-05-06T14:54:06.895768
Josh Hart,,,d146e10295545e18ac8915a1f5860317,2026-05-06,23:10,rebounds,8.5,-140.0,106.0,True,fanduel,2026-05-06T14:54:06.895770
Josh Hart,,,d146e10295545e18ac8915a1f5860317,2026-05-06,23:10,rebounds,10.5,154.0,-210.0,True,fanduel,2026-05-06T14:54:06.895771
Josh Hart,,,d146e10295545e18ac8915a1f5860317,2026-05-06,23:10,rebounds,11.5,250.0,-340.0,True,fanduel,2026-05-06T14:54:06.895773
Josh Hart,,,d146e10295545e18ac8915a1f5860317,2026-05-06,23:10,rebounds,12.5,360.0,-600.0,True,fanduel,2026-05-06T14:54:06.895774
Karl-Anthony Towns,,,d146e10295545e18ac8915a1f5860317,2026-05-06,23:10,rebounds,5.5,-4000.0,,True,fanduel,2026-05-06T14:54:06.895776
VJ Edgecombe,,,d146e10295545e18ac8915a1f5860317,2026-05-06,23:10,rebounds,5.5,140.0,-188.0,True,fanduel,2026-05-06T14:54:06.895778
Tyrese Maxey,,,d146e10295545e18ac8915a1f5860317,2026-05-06,23:10,rebounds,5.5,290.0,-440.0,True,fanduel,2026-05-06T14:54:06.895780
Andre Drummond,,,d146e10295545e18ac8915a1f5860317,2026-05-06,23:10,rebounds,5.5,350.0,,True,fanduel,2026-05-06T14:54:06.895781
Mikal Bridges,,,d146e10295545e18ac8915a1f5860317,2026-05-06,23:10,rebounds,5.5,900.0,,True,fanduel,2026-05-06T14:54:06.895783
Jalen Brunson,,,d146e10295545e18ac8915a1f5860317,2026-05-06,23:10,rebounds,5.5,1000.0,,True,fanduel,2026-05-06T14:54:06.895785
Mitchell Robinson,,,d146e10295545e18ac8915a1f5860317,2026-05-06,23:10,rebounds,11.5,600.0,,True,fanduel,2026-05-06T14:54:06.895786
OG Anunoby,,,d146e10295545e18ac8915a1f5860317,2026-05-06,23:10,rebounds,11.5,2500.0,,True,fanduel,2026-05-06T14:54:06.895788
Kelly Oubre Jr,,,d146e10295545e18ac8915a1f5860317,2026-05-06,23:10,rebounds,11.5,2500.0,,True,fanduel,2026-05-06T14:54:06.895789
VJ Edgecombe,,,d146e10295545e18ac8915a1f5860317,2026-05-06,23:10,rebounds,2.5,-1100.0,,True,fanduel,2026-05-06T14:54:06.895791
VJ Edgecombe,,,d146e10295545e18ac8915a1f5860317,2026-05-06,23:10,rebounds,3.5,-330.0,230.0,True,fanduel,2026-05-06T14:54:06.895793
VJ Edgecombe,,,d146e10295545e18ac8915a1f5860317,2026-05-06,23:10,rebounds,4.5,-152.0,114.0,True,fanduel,2026-05-06T14:54:06.895795
VJ Edgecombe,,,d146e10295545e18ac8915a1f5860317,2026-05-06,23:10,rebounds,6.5,265.0,-390.0,True,fanduel,2026-05-06T14:54:06.895796
Josh Hart,,,d146e10295545e18ac8915a1f5860317,2026-05-06,23:10,rebounds,13.5,560.0,,True,fanduel,2026-05-06T14:54:06.895798
Joel Embiid,,,d146e10295545e18ac8915a1f5860317,2026-05-06,23:10,rebounds,13.5,800.0,,True,fanduel,2026-05-06T14:54:06.895799
Mitchell Robinson,,,d146e10295545e18ac8915a1f5860317,2026-05-06,23:10,rebounds,13.5,1300.0,,True,fanduel,2026-05-06T14:54:06.895801
Tyrese Maxey,,,d146e10295545e18ac8915a1f5860317,2026-05-06,23:10,rebounds,2.5,-420.0,280.0,True,fanduel,2026-05-06T14:54:06.895803
Tyrese Maxey,,,d146e10295545e18ac8915a1f5860317,2026-05-06,23:10,rebounds,3.5,-160.0,122.0,True,fanduel,2026-05-06T14:54:06.895804
Tyrese Maxey,,,d146e10295545e18ac8915a1f5860317,2026-05-06,23:10,rebounds,4.5,144.0,-194.0,True,fanduel,2026-05-06T14:54:06.895806
Tyrese Maxey,,,d146e10295545e18ac8915a1f5860317,2026-05-06,23:10,rebounds,6.5,,-1200.0,True,fanduel,2026-05-06T14:54:06.895808
Karl-Anthony Towns,,,d146e10295545e18ac8915a1f5860317,2026-05-06,23:10,rebounds,15.5,750.0,,True,fanduel,2026-05-06T14:54:06.895809
Josh Hart,,,d146e10295545e18ac8915a1f5860317,2026-05-06,23:10,rebounds,15.5,1100.0,,True,fanduel,2026-05-06T14:54:06.895811
Joel Embiid,,,d146e10295545e18ac8915a1f5860317,2026-05-06,23:10,rebounds,15.5,1400.0,,True,fanduel,2026-05-06T14:54:06.895813
Mitchell Robinson,,,d146e10295545e18ac8915a1f5860317,2026-05-06,23:10,rebounds,15.5,2500.0,,True,fanduel,2026-05-06T14:54:06.895814
Joel Embiid,,,d146e10295545e18ac8915a1f5860317,2026-05-06,23:10,rebounds,3.5,-4000.0,,True,fanduel,2026-05-06T14:54:06.895816
Andre Drummond,,,d146e10295545e18ac8915a1f5860317,2026-05-06,23:10,rebounds,3.5,130.0,,True,fanduel,2026-05-06T14:54:06.895818
Kelly Oubre Jr,,,d146e10295545e18ac8915a1f5860317,2026-05-06,23:10,threes,1.5,126.0,-168.0,False,fanduel,2026-05-06T14:54:06.895834
Paul George,,,d146e10295545e18ac8915a1f5860317,2026-05-06,23:10,threes,2.5,-102.0,-130.0,False,fanduel,2026-05-06T14:54:06.895836
Karl-Anthony Towns,,,d146e10295545e18ac8915a1f5860317,2026-05-06,23:10,threes,1.5,-108.0,-122.0,False,fanduel,2026-05-06T14:54:06.895837
Jalen Brunson,,,d146e10295545e18ac8915a1f5860317,2026-05-06,23:10,threes,2.5,-104.0,-128.0,False,fanduel,2026-05-06T14:54:06.895839
Miles McBride,,,d146e10295545e18ac8915a1f5860317,2026-05-06,23:10,threes,1.5,-128.0,-104.0,False,fanduel,2026-05-06T14:54:06.895841
Joel Embiid,,,d146e10295545e18ac8915a1f5860317,2026-05-06,23:10,threes,1.5,126.0,-168.0,False,fanduel,2026-05-06T14:54:06.895842
VJ Edgecombe,,,d146e10295545e18ac8915a1f5860317,2026-05-06,23:10,threes,1.5,-146.0,110.0,False,fanduel,2026-05-06T14:54:06.895844
OG Anunoby,,,d146e10295545e18ac8915a1f5860317,2026-05-06,23:10,threes,2.5,102.0,-136.0,False,fanduel,2026-05-06T14:54:06.895846
Mikal Bridges,,,d146e10295545e18ac8915a1f5860317,2026-05-06,23:10,threes,1.5,102.0,-136.0,False,fanduel,2026-05-06T14:54:06.895847
Tyrese Maxey,,,d146e10295545e18ac8915a1f5860317,2026-05-06,23:10,threes,2.5,-128.0,-104.0,False,fanduel,2026-05-06T14:54:06.895849
OG Anunoby,,,d146e10295545e18ac8915a1f5860317,2026-05-06,23:10,threes,1.5,-310.0,225.0,True,fanduel,2026-05-06T14:54:06.895907
OG Anunoby,,,d146e10295545e18ac8915a1f5860317,2026-05-06,23:10,threes,2.5,102.0,-136.0,True,fanduel,2026-05-06T14:54:06.895909
OG Anunoby,,,d146e10295545e18ac8915a1f5860317,2026-05-06,23:10,threes,3.5,260.0,-380.0,True,fanduel,2026-05-06T14:54:06.895911
OG Anunoby,,,d146e10295545e18ac8915a1f5860317,2026-05-06,23:10,threes,4.5,650.0,-1200.0,True,fanduel,2026-05-06T14:54:06.895913
Miles McBride,,,d146e10295545e18ac8915a1f5860317,2026-05-06,23:10,threes,0.5,-520.0,350.0,True,fanduel,2026-05-06T14:54:06.895916
Miles McBride,,,d146e10295545e18ac8915a1f5860317,2026-05-06,23:10,threes,1.5,-122.0,-104.0,True,fanduel,2026-05-06T14:54:06.895918
Miles McBride,,,d146e10295545e18ac8915a1f5860317,2026-05-06,23:10,threes,2.5,230.0,-310.0,True,fanduel,2026-05-06T14:54:06.895919
Miles McBride,,,d146e10295545e18ac8915a1f5860317,2026-05-06,23:10,threes,3.5,520.0,-1000.0,True,fanduel,2026-05-06T14:54:06.895921
Tyrese Maxey,,,d146e10295545e18ac8915a1f5860317,2026-05-06,23:10,threes,0.5,-3500.0,,True,fanduel,2026-05-06T14:54:06.895923
Jalen Brunson,,,d146e10295545e18ac8915a1f5860317,2026-05-06,23:10,threes,0.5,-2500.0,,True,fanduel,2026-05-06T14:54:06.895925
OG Anunoby,,,d146e10295545e18ac8915a1f5860317,2026-05-06,23:10,threes,0.5,-2200.0,,True,fanduel,2026-05-06T14:54:06.895926
Paul George,,,d146e10295545e18ac8915a1f5860317,2026-05-06,23:10,threes,0.5,-2200.0,,True,fanduel,2026-05-06T14:54:06.895930
VJ Edgecombe,,,d146e10295545e18ac8915a1f5860317,2026-05-06,23:10,threes,0.5,-700.0,410.0,True,fanduel,2026-05-06T14:54:06.895931
Karl-Anthony Towns,,,d146e10295545e18ac8915a1f5860317,2026-05-06,23:10,threes,0.5,-550.0,350.0,True,fanduel,2026-05-06T14:54:06.895933
Mikal Bridges,,,d146e10295545e18ac8915a1f5860317,2026-05-06,23:10,threes,0.5,-430.0,,True,fanduel,2026-05-06T14:54:06.895935
Kelly Oubre Jr,,,d146e10295545e18ac8915a1f5860317,2026-05-06,23:10,threes,0.5,-400.0,270.0,True,fanduel,2026-05-06T14:54:06.895936
Josh Hart,,,d146e10295545e18ac8915a1f5860317,2026-05-06,23:10,threes,0.5,-400.0,,True,fanduel,2026-05-06T14:54:06.895938
Joel Embiid,,,d146e10295545e18ac8915a1f5860317,2026-05-06,23:10,threes,0.5,-390.0,265.0,True,fanduel,2026-05-06T14:54:06.895940
Quentin Grimes,,,d146e10295545e18ac8915a1f5860317,2026-05-06,23:10,threes,0.5,-225.0,164.0,True,fanduel,2026-05-06T14:54:06.895941
Jordan Clarkson,,,d146e10295545e18ac8915a1f5860317,2026-05-06,23:10,threes,0.5,-118.0,,True,fanduel,2026-05-06T14:54:06.895943
Tyrese Maxey,,,d146e10295545e18ac8915a1f5860317,2026-05-06,23:10,threes,3.5,205.0,-290.0,True,fanduel,2026-05-06T14:54:06.895945
Jalen Brunson,,,d146e10295545e18ac8915a1f5860317,2026-05-06,23:10,threes,3.5,235.0,-340.0,True,fanduel,2026-05-06T14:54:06.895946
Paul George,,,d146e10295545e18ac8915a1f5860317,2026-05-06,23:10,threes,3.5,240.0,-350.0,True,fanduel,2026-05-06T14:54:06.895948
VJ Edgecombe,,,d146e10295545e18ac8915a1f5860317,2026-05-06,23:10,threes,3.5,560.0,-1100.0,True,fanduel,2026-05-06T14:54:06.895950
Karl-Anthony Towns,,,d146e10295545e18ac8915a1f5860317,2026-05-06,23:10,threes,3.5,830.0,,True,fanduel,2026-05-06T14:54:06.895951
Mikal Bridges,,,d146e10295545e18ac8915a1f5860317,2026-05-06,23:10,threes,3.5,830.0,,True,fanduel,2026-05-06T14:54:06.895953
Kelly Oubre Jr,,,d146e10295545e18ac8915a1f5860317,2026-05-06,23:10,threes,3.5,1060.0,,True,fanduel,2026-05-06T14:54:06.895955
Josh Hart,,,d146e10295545e18ac8915a1f5860317,2026-05-06,23:10,threes,3.5,1060.0,,True,fanduel,2026-05-06T14:54:06.895956
Joel Embiid,,,d146e10295545e18ac8915a1f5860317,2026-05-06,23:10,threes,3.5,1100.0,,True,fanduel,2026-05-06T14:54:06.895958
Quentin Grimes,,,d146e10295545e18ac8915a1f5860317,2026-05-06,23:10,threes,3.5,1700.0,,True,fanduel,2026-05-06T14:54:06.895959
VJ Edgecombe,,,d146e10295545e18ac8915a1f5860317,2026-05-06,23:10,threes,1.5,-142.0,110.0,True,fanduel,2026-05-06T14:54:06.895961
VJ Edgecombe,,,d146e10295545e18ac8915a1f5860317,2026-05-06,23:10,threes,2.5,230.0,-310.0,True,fanduel,2026-05-06T14:54:06.895963
Tyrese Maxey,,,d146e10295545e18ac8915a1f5860317,2026-05-06,23:10,threes,1.5,-410.0,280.0,True,fanduel,2026-05-06T14:54:06.895964
Tyrese Maxey,,,d146e10295545e18ac8915a1f5860317,2026-05-06,23:10,threes,2.5,-125.0,-104.0,True,fanduel,2026-05-06T14:54:06.895966
Tyrese Maxey,,,d146e10295545e18ac8915a1f5860317,2026-05-06,23:10,threes,4.5,500.0,-850.0,True,fanduel,2026-05-06T14:54:06.895969
Tyrese Maxey,,,d146e10295545e18ac8915a1f5860317,2026-05-06,23:10,threes,6.5,2000.0,,True,fanduel,2026-05-06T14:54:06.895971
Paul George,,,d146e10295545e18ac8915a1f5860317,2026-05-06,23:10,threes,6.5,2500.0,,True,fanduel,2026-05-06T14:54:06.895973
Jalen Brunson,,,d146e10295545e18ac8915a1f5860317,2026-05-06,23:10,threes,6.5,2500.0,,True,fanduel,2026-05-06T14:54:06.895974
OG Anunoby,,,d146e10295545e18ac8915a1f5860317,2026-05-06,23:10,threes,6.5,3000.0,,True,fanduel,2026-05-06T14:54:06.895976
Karl-Anthony Towns,,,d146e10295545e18ac8915a1f5860317,2026-05-06,23:10,threes,1.5,-106.0,-122.0,True,fanduel,2026-05-06T14:54:06.895978
Karl-Anthony Towns,,,d146e10295545e18ac8915a1f5860317,2026-05-06,23:10,threes,2.5,300.0,-440.0,True,fanduel,2026-05-06T14:54:06.895980
Paul George,,,d146e10295545e18ac8915a1f5860317,2026-05-06,23:10,threes,1.5,-330.0,230.0,True,fanduel,2026-05-06T14:54:06.895981
Paul George,,,d146e10295545e18ac8915a1f5860317,2026-05-06,23:10,threes,2.5,100.0,-130.0,True,fanduel,2026-05-06T14:54:06.895983
Paul George,,,d146e10295545e18ac8915a1f5860317,2026-05-06,23:10,threes,4.5,600.0,-1100.0,True,fanduel,2026-05-06T14:54:06.895986
Jalen Brunson,,,d146e10295545e18ac8915a1f5860317,2026-05-06,23:10,threes,1.5,-330.0,230.0,True,fanduel,2026-05-06T14:54:06.895988
Mikal Bridges,,,d146e10295545e18ac8915a1f5860317,2026-05-06,23:10,threes,1.5,104.0,,True,fanduel,2026-05-06T14:54:06.895990
Josh Hart,,,d146e10295545e18ac8915a1f5860317,2026-05-06,23:10,threes,1.5,118.0,,True,fanduel,2026-05-06T14:54:06.895991
Joel Embiid,,,d146e10295545e18ac8915a1f5860317,2026-05-06,23:10,threes,1.5,126.0,-168.0,True,fanduel,2026-05-06T14:54:06.895993
Kelly Oubre Jr,,,d146e10295545e18ac8915a1f5860317,2026-05-06,23:10,threes,1.5,126.0,-168.0,True,fanduel,2026-05-06T14:54:06.895995
Quentin Grimes,,,d146e10295545e18ac8915a1f5860317,2026-05-06,23:10,threes,1.5,210.0,-300.0,True,fanduel,2026-05-06T14:54:06.895996
Jordan Clarkson,,,d146e10295545e18ac8915a1f5860317,2026-05-06,23:10,threes,1.5,360.0,,True,fanduel,2026-05-06T14:54:06.895998
Jalen Brunson,,,d146e10295545e18ac8915a1f5860317,2026-05-06,23:10,threes,2.5,-102.0,-128.0,True,fanduel,2026-05-06T14:54:06.896000
Jalen Brunson,,,d146e10295545e18ac8915a1f5860317,2026-05-06,23:10,threes,4.5,600.0,-1200.0,True,fanduel,2026-05-06T14:54:06.896001
Miles McBride,,,d146e10295545e18ac8915a1f5860317,2026-05-06,23:10,threes,4.5,1100.0,,True,fanduel,2026-05-06T14:54:06.896003
VJ Edgecombe,,,d146e10295545e18ac8915a1f5860317,2026-05-06,23:10,threes,4.5,1500.0,,True,fanduel,2026-05-06T14:54:06.896005
Mikal Bridges,,,d146e10295545e18ac8915a1f5860317,2026-05-06,23:10,threes,4.5,2000.0,,True,fanduel,2026-05-06T14:54:06.896008
Karl-Anthony Towns,,,d146e10295545e18ac8915a1f5860317,2026-05-06,23:10,threes,4.5,2200.0,,True,fanduel,2026-05-06T14:54:06.896010
Tyrese Maxey,,,d146e10295545e18ac8915a1f5860317,2026-05-06,23:10,threes,5.5,1060.0,,True,fanduel,2026-05-06T14:54:06.896011
Paul George,,,d146e10295545e18ac8915a1f5860317,2026-05-06,23:10,threes,5.5,1200.0,,True,fanduel,2026-05-06T14:54:06.896013
Jalen Brunson,,,d146e10295545e18ac8915a1f5860317,2026-05-06,23:10,threes,5.5,1200.0,,True,fanduel,2026-05-06T14:54:06.896015
OG Anunoby,,,d146e10295545e18ac8915a1f5860317,2026-05-06,23:10,threes,5.5,1300.0,,True,fanduel,2026-05-06T14:54:06.896016
Miles McBride,,,d146e10295545e18ac8915a1f5860317,2026-05-06,23:10,threes,5.5,1700.0,,True,fanduel,2026-05-06T14:54:06.896018
Joel Embiid,,,d146e10295545e18ac8915a1f5860317,2026-05-06,23:10,threes,2.5,420.0,-670.0,True,fanduel,2026-05-06T14:54:06.896020
Kelly Oubre Jr,,,d146e10295545e18ac8915a1f5860317,2026-05-06,23:10,threes,2.5,400.0,-650.0,True,fanduel,2026-05-06T14:54:06.896021
Mikal Bridges,,,d146e10295545e18ac8915a1f5860317,2026-05-06,23:10,threes,2.5,310.0,,True,fanduel,2026-05-06T14:54:06.896023
Josh Hart,,,d146e10295545e18ac8915a1f5860317,2026-05-06,23:10,threes,2.5,360.0,,True,fanduel,2026-05-06T14:54:06.896025
Quentin Grimes,,,d146e10295545e18ac8915a1f5860317,2026-05-06,23:10,threes,2.5,700.0,-1450.0,True,fanduel,2026-05-06T14:54:06.896026
Jordan Clarkson,,,d146e10295545e18ac8915a1f5860317,2026-05-06,23:10,threes,2.5,1100.0,,True,fanduel,2026-05-06T14:54:06.896028
Victor Wembanyama,,,246001ab42d44857430f7fe63f423461,2026-05-07,01:40,assists,3.5,-104.0,-128.0,False,fanduel,2026-05-06T14:54:07.154882
Devin Vassell,,,246001ab42d44857430f7fe63f423461,2026-05-07,01:40,assists,2.5,122.0,-162.0,False,fanduel,2026-05-06T14:54:07.154883
Stephon Castle,,,246001ab42d44857430f7fe63f423461,2026-05-07,01:40,assists,6.5,-136.0,102.0,False,fanduel,2026-05-06T14:54:07.154885
Ayo Dosunmu,,,246001ab42d44857430f7fe63f423461,2026-05-07,01:40,assists,3.5,128.0,-172.0,False,fanduel,2026-05-06T14:54:07.154887
Jaden McDaniels,,,246001ab42d44857430f7fe63f423461,2026-05-07,01:40,assists,2.5,-102.0,-130.0,False,fanduel,2026-05-06T14:54:07.154888
Anthony Edwards,,,246001ab42d44857430f7fe63f423461,2026-05-07,01:40,assists,3.5,140.0,-192.0,False,fanduel,2026-05-06T14:54:07.154892
Dylan Harper,,,246001ab42d44857430f7fe63f423461,2026-05-07,01:40,assists,3.5,116.0,-154.0,False,fanduel,2026-05-06T14:54:07.154893
Julius Randle,,,246001ab42d44857430f7fe63f423461,2026-05-07,01:40,assists,4.5,128.0,-172.0,False,fanduel,2026-05-06T14:54:07.154895
Mike Conley,,,246001ab42d44857430f7fe63f423461,2026-05-07,01:40,assists,3.5,110.0,-146.0,False,fanduel,2026-05-06T14:54:07.154897
De'Aaron Fox,,,246001ab42d44857430f7fe63f423461,2026-05-07,01:40,assists,5.5,-138.0,104.0,False,fanduel,2026-05-06T14:54:07.154898
Stephon Castle,,,246001ab42d44857430f7fe63f423461,2026-05-07,01:40,assists,4.5,-650.0,390.0,True,fanduel,2026-05-06T14:54:07.154941
Stephon Castle,,,246001ab42d44857430f7fe63f423461,2026-05-07,01:40,assists,5.5,-265.0,194.0,True,fanduel,2026-05-06T14:54:07.154943
Stephon Castle,,,246001ab42d44857430f7fe63f423461,2026-05-07,01:40,assists,6.5,-136.0,102.0,True,fanduel,2026-05-06T14:54:07.154945
Stephon Castle,,,246001ab42d44857430f7fe63f423461,2026-05-07,01:40,assists,7.5,144.0,-192.0,True,fanduel,2026-05-06T14:54:07.154946
Stephon Castle,,,246001ab42d44857430f7fe63f423461,2026-05-07,01:40,assists,8.5,240.0,-350.0,True,fanduel,2026-05-06T14:54:07.154948
Stephon Castle,,,246001ab42d44857430f7fe63f423461,2026-05-07,01:40,assists,9.5,370.0,-600.0,True,fanduel,2026-05-06T14:54:07.154950
De'Aaron Fox,,,246001ab42d44857430f7fe63f423461,2026-05-07,01:40,assists,5.5,-138.0,104.0,True,fanduel,2026-05-06T14:54:07.154951
Julius Randle,,,246001ab42d44857430f7fe63f423461,2026-05-07,01:40,assists,5.5,265.0,-390.0,True,fanduel,2026-05-06T14:54:07.154953
Victor Wembanyama,,,246001ab42d44857430f7fe63f423461,2026-05-07,01:40,assists,5.5,480.0,,True,fanduel,2026-05-06T14:54:07.154955
Mike Conley,,,246001ab42d44857430f7fe63f423461,2026-05-07,01:40,assists,5.5,480.0,,True,fanduel,2026-05-06T14:54:07.154956
Dylan Harper,,,246001ab42d44857430f7fe63f423461,2026-05-07,01:40,assists,5.5,520.0,,True,fanduel,2026-05-06T14:54:07.154958
Ayo Dosunmu,,,246001ab42d44857430f7fe63f423461,2026-05-07,01:40,assists,5.5,520.0,,True,fanduel,2026-05-06T14:54:07.154960
Anthony Edwards,,,246001ab42d44857430f7fe63f423461,2026-05-07,01:40,assists,5.5,630.0,-1400.0,True,fanduel,2026-05-06T14:54:07.154961
Jaden McDaniels,,,246001ab42d44857430f7fe63f423461,2026-05-07,01:40,assists,5.5,1200.0,,True,fanduel,2026-05-06T14:54:07.154963
De'Aaron Fox,,,246001ab42d44857430f7fe63f423461,2026-05-07,01:40,assists,3.5,-700.0,410.0,True,fanduel,2026-05-06T14:54:07.154965
De'Aaron Fox,,,246001ab42d44857430f7fe63f423461,2026-05-07,01:40,assists,4.5,-300.0,210.0,True,fanduel,2026-05-06T14:54:07.154966
De'Aaron Fox,,,246001ab42d44857430f7fe63f423461,2026-05-07,01:40,assists,6.5,152.0,-205.0,True,fanduel,2026-05-06T14:54:07.154968
De'Aaron Fox,,,246001ab42d44857430f7fe63f423461,2026-05-07,01:40,assists,7.5,285.0,-420.0,True,fanduel,2026-05-06T14:54:07.154970
De'Aaron Fox,,,246001ab42d44857430f7fe63f423461,2026-05-07,01:40,assists,8.5,,-1000.0,True,fanduel,2026-05-06T14:54:07.154971
Julius Randle,,,246001ab42d44857430f7fe63f423461,2026-05-07,01:40,assists,7.5,1000.0,,True,fanduel,2026-05-06T14:54:07.154973
Victor Wembanyama,,,246001ab42d44857430f7fe63f423461,2026-05-07,01:40,assists,7.5,1500.0,,True,fanduel,2026-05-06T14:54:07.154975
Mike Conley,,,246001ab42d44857430f7fe63f423461,2026-05-07,01:40,assists,7.5,1500.0,,True,fanduel,2026-05-06T14:54:07.154976
Dylan Harper,,,246001ab42d44857430f7fe63f423461,2026-05-07,01:40,assists,7.5,1700.0,,True,fanduel,2026-05-06T14:54:07.155021
Ayo Dosunmu,,,246001ab42d44857430f7fe63f423461,2026-05-07,01:40,assists,7.5,1700.0,,True,fanduel,2026-05-06T14:54:07.155023
Stephon Castle,,,246001ab42d44857430f7fe63f423461,2026-05-07,01:40,assists,11.5,1100.0,,True,fanduel,2026-05-06T14:54:07.155025
De'Aaron Fox,,,246001ab42d44857430f7fe63f423461,2026-05-07,01:40,assists,11.5,2200.0,,True,fanduel,2026-05-06T14:54:07.155027
De'Aaron Fox,,,246001ab42d44857430f7fe63f423461,2026-05-07,01:40,assists,9.5,830.0,,True,fanduel,2026-05-06T14:54:07.155028
Julius Randle,,,246001ab42d44857430f7fe63f423461,2026-05-07,01:40,assists,9.5,2500.0,,True,fanduel,2026-05-06T14:54:07.155032
Stephon Castle,,,246001ab42d44857430f7fe63f423461,2026-05-07,01:40,assists,13.5,3500.0,,True,fanduel,2026-05-06T14:54:07.155034
Julius Randle,,,246001ab42d44857430f7fe63f423461,2026-05-07,01:40,assists,1.5,-2200.0,,True,fanduel,2026-05-06T14:54:07.155036
Victor Wembanyama,,,246001ab42d44857430f7fe63f423461,2026-05-07,01:40,assists,1.5,-1000.0,,True,fanduel,2026-05-06T14:54:07.155038
Dylan Harper,,,246001ab42d44857430f7fe63f423461,2026-05-07,01:40,assists,1.5,-670.0,,True,fanduel,2026-05-06T14:54:07.155039
Mike Conley,,,246001ab42d44857430f7fe63f423461,2026-05-07,01:40,assists,1.5,-650.0,,True,fanduel,2026-05-06T14:54:07.155041
Anthony Edwards,,,246001ab42d44857430f7fe63f423461,2026-05-07,01:40,assists,1.5,-600.0,360.0,True,fanduel,2026-05-06T14:54:07.155042
Ayo Dosunmu,,,246001ab42d44857430f7fe63f423461,2026-05-07,01:40,assists,1.5,-560.0,,True,fanduel,2026-05-06T14:54:07.155044
Jaden McDaniels,,,246001ab42d44857430f7fe63f423461,2026-05-07,01:40,assists,1.5,-330.0,230.0,True,fanduel,2026-05-06T14:54:07.155046
Devin Vassell,,,246001ab42d44857430f7fe63f423461,2026-05-07,01:40,assists,1.5,-265.0,,True,fanduel,2026-05-06T14:54:07.155047
Naz Reid,,,246001ab42d44857430f7fe63f423461,2026-05-07,01:40,assists,1.5,-154.0,,True,fanduel,2026-05-06T14:54:07.155049
Rudy Gobert,,,246001ab42d44857430f7fe63f423461,2026-05-07,01:40,assists,1.5,-136.0,,True,fanduel,2026-05-06T14:54:07.155051
Stephon Castle,,,246001ab42d44857430f7fe63f423461,2026-05-07,01:40,assists,3.5,-2000.0,,True,fanduel,2026-05-06T14:54:07.155052
Julius Randle,,,246001ab42d44857430f7fe63f423461,2026-05-07,01:40,assists,3.5,-180.0,134.0,True,fanduel,2026-05-06T14:54:07.155056
Victor Wembanyama,,,246001ab42d44857430f7fe63f423461,2026-05-07,01:40,assists,3.5,-102.0,,True,fanduel,2026-05-06T14:54:07.155057
Mike Conley,,,246001ab42d44857430f7fe63f423461,2026-05-07,01:40,assists,3.5,112.0,,True,fanduel,2026-05-06T14:54:07.155059
Dylan Harper,,,246001ab42d44857430f7fe63f423461,2026-05-07,01:40,assists,3.5,120.0,,True,fanduel,2026-05-06T14:54:07.155061
Ayo Dosunmu,,,246001ab42d44857430f7fe63f423461,2026-05-07,01:40,assists,3.5,130.0,,True,fanduel,2026-05-06T14:54:07.155062
Anthony Edwards,,,246001ab42d44857430f7fe63f423461,2026-05-07,01:40,assists,3.5,140.0,-192.0,True,fanduel,2026-05-06T14:54:07.155064
Jaden McDaniels,,,246001ab42d44857430f7fe63f423461,2026-05-07,01:40,assists,3.5,240.0,-350.0,True,fanduel,2026-05-06T14:54:07.155066
Devin Vassell,,,246001ab42d44857430f7fe63f423461,2026-05-07,01:40,assists,3.5,320.0,,True,fanduel,2026-05-06T14:54:07.155067
Naz Reid,,,246001ab42d44857430f7fe63f423461,2026-05-07,01:40,assists,3.5,520.0,,True,fanduel,2026-05-06T14:54:07.155069
Rudy Gobert,,,246001ab42d44857430f7fe63f423461,2026-05-07,01:40,assists,3.5,630.0,,True,fanduel,2026-05-06T14:54:07.155071
Anthony Edwards,,,246001ab42d44857430f7fe63f423461,2026-05-07,01:40,assists,2.5,-182.0,136.0,True,fanduel,2026-05-06T14:54:07.155072
Anthony Edwards,,,246001ab42d44857430f7fe63f423461,2026-05-07,01:40,assists,4.5,310.0,-470.0,True,fanduel,2026-05-06T14:54:07.155074
Julius Randle,,,246001ab42d44857430f7fe63f423461,2026-05-07,01:40,assists,2.5,-490.0,320.0,True,fanduel,2026-05-06T14:54:07.155076
Julius Randle,,,246001ab42d44857430f7fe63f423461,2026-05-07,01:40,assists,4.5,128.0,-172.0,True,fanduel,2026-05-06T14:54:07.155077
Julius Randle,,,246001ab42d44857430f7fe63f423461,2026-05-07,01:40,assists,6.5,,-1000.0,True,fanduel,2026-05-06T14:54:07.155079
Jaden McDaniels,,,246001ab42d44857430f7fe63f423461,2026-05-07,01:40,assists,2.5,-102.0,-130.0,True,fanduel,2026-05-06T14:54:07.155081
Jaden McDaniels,,,246001ab42d44857430f7fe63f423461,2026-05-07,01:40,assists,4.5,,-1200.0,True,fanduel,2026-05-06T14:54:07.155082
Rudy Gobert,,,246001ab42d44857430f7fe63f423461,2026-05-07,01:40,points,7.5,-112.0,-118.0,False,fanduel,2026-05-06T14:54:07.155101
Naz Reid,,,246001ab42d44857430f7fe63f423461,2026-05-07,01:40,points,12.5,-118.0,-112.0,False,fanduel,2026-05-06T14:54:07.155104
Luke Kornet,,,246001ab42d44857430f7fe63f423461,2026-05-07,01:40,points,3.5,102.0,-136.0,False,fanduel,2026-05-06T14:54:07.155106
Devin Vassell,,,246001ab42d44857430f7fe63f423461,2026-05-07,01:40,points,12.5,-130.0,-102.0,False,fanduel,2026-05-06T14:54:07.155108
Ayo Dosunmu,,,246001ab42d44857430f7fe63f423461,2026-05-07,01:40,points,11.5,-128.0,-104.0,False,fanduel,2026-05-06T14:54:07.155109
Jaden McDaniels,,,246001ab42d44857430f7fe63f423461,2026-05-07,01:40,points,14.5,-130.0,-102.0,False,fanduel,2026-05-06T14:54:07.155111
Stephon Castle,,,246001ab42d44857430f7fe63f423461,2026-05-07,01:40,points,16.5,-130.0,-102.0,False,fanduel,2026-05-06T14:54:07.155112
Dylan Harper,,,246001ab42d44857430f7fe63f423461,2026-05-07,01:40,points,10.5,-130.0,-102.0,False,fanduel,2026-05-06T14:54:07.155114
Keldon Johnson,,,246001ab42d44857430f7fe63f423461,2026-05-07,01:40,points,9.5,102.0,-136.0,False,fanduel,2026-05-06T14:54:07.155118
Julius Randle,,,246001ab42d44857430f7fe63f423461,2026-05-07,01:40,points,17.5,-130.0,-102.0,False,fanduel,2026-05-06T14:54:07.155119
Julian Champagnie,,,246001ab42d44857430f7fe63f423461,2026-05-07,01:40,points,8.5,-128.0,-104.0,False,fanduel,2026-05-06T14:54:07.155121
Anthony Edwards,,,246001ab42d44857430f7fe63f423461,2026-05-07,01:40,points,20.5,-130.0,-102.0,False,fanduel,2026-05-06T14:54:07.155123
Mike Conley,,,246001ab42d44857430f7fe63f423461,2026-05-07,01:40,points,4.5,-110.0,-120.0,False,fanduel,2026-05-06T14:54:07.155124
De'Aaron Fox,,,246001ab42d44857430f7fe63f423461,2026-05-07,01:40,points,17.5,-106.0,-125.0,False,fanduel,2026-05-06T14:54:07.155126
Victor Wembanyama,,,246001ab42d44857430f7fe63f423461,2026-05-07,01:40,points,26.5,-118.0,-110.0,False,fanduel,2026-05-06T14:54:07.155128
Victor Wembanyama,,,246001ab42d44857430f7fe63f423461,2026-05-07,01:40,points,19.5,-700.0,410.0,True,fanduel,2026-05-06T14:54:07.155282
Anthony Edwards,,,246001ab42d44857430f7fe63f423461,2026-05-07,01:40,points,19.5,-160.0,120.0,True,fanduel,2026-05-06T14:54:07.155284
Julius Randle,,,246001ab42d44857430f7fe63f423461,2026-05-07,01:40,points,19.5,130.0,-174.0,True,fanduel,2026-05-06T14:54:07.155286
De'Aaron Fox,,,246001ab42d44857430f7fe63f423461,2026-05-07,01:40,points,19.5,154.0,-210.0,True,fanduel,2026-05-06T14:54:07.155287
Stephon Castle,,,246001ab42d44857430f7fe63f423461,2026-05-07,01:40,points,19.5,174.0,-240.0,True,fanduel,2026-05-06T14:54:07.155289
Jaden McDaniels,,,246001ab42d44857430f7fe63f423461,2026-05-07,01:40,points,19.5,285.0,,True,fanduel,2026-05-06T14:54:07.155291
Naz Reid,,,246001ab42d44857430f7fe63f423461,2026-05-07,01:40,points,19.5,440.0,,True,fanduel,2026-05-06T14:54:07.155292
Ayo Dosunmu,,,246001ab42d44857430f7fe63f423461,2026-05-07,01:40,points,19.5,440.0,,True,fanduel,2026-05-06T14:54:07.155294
Devin Vassell,,,246001ab42d44857430f7fe63f423461,2026-05-07,01:40,points,19.5,480.0,,True,fanduel,2026-05-06T14:54:07.155296
Dylan Harper,,,246001ab42d44857430f7fe63f423461,2026-05-07,01:40,points,19.5,830.0,,True,fanduel,2026-05-06T14:54:07.155297
Keldon Johnson,,,246001ab42d44857430f7fe63f423461,2026-05-07,01:40,points,19.5,1100.0,,True,fanduel,2026-05-06T14:54:07.155301
Julian Champagnie,,,246001ab42d44857430f7fe63f423461,2026-05-07,01:40,points,19.5,1500.0,,True,fanduel,2026-05-06T14:54:07.155302
Dylan Harper,,,246001ab42d44857430f7fe63f423461,2026-05-07,01:40,points,5.5,-900.0,490.0,True,fanduel,2026-05-06T14:54:07.155304
Dylan Harper,,,246001ab42d44857430f7fe63f423461,2026-05-07,01:40,points,6.5,-500.0,320.0,True,fanduel,2026-05-06T14:54:07.155306
Dylan Harper,,,246001ab42d44857430f7fe63f423461,2026-05-07,01:40,points,7.5,-350.0,240.0,True,fanduel,2026-05-06T14:54:07.155307
Dylan Harper,,,246001ab42d44857430f7fe63f423461,2026-05-07,01:40,points,8.5,-250.0,182.0,True,fanduel,2026-05-06T14:54:07.155309
Dylan Harper,,,246001ab42d44857430f7fe63f423461,2026-05-07,01:40,points,9.5,-172.0,134.0,True,fanduel,2026-05-06T14:54:07.155311
Dylan Harper,,,246001ab42d44857430f7fe63f423461,2026-05-07,01:40,points,10.5,-130.0,-102.0,True,fanduel,2026-05-06T14:54:07.155314
Dylan Harper,,,246001ab42d44857430f7fe63f423461,2026-05-07,01:40,points,11.5,108.0,-144.0,True,fanduel,2026-05-06T14:54:07.155316
Dylan Harper,,,246001ab42d44857430f7fe63f423461,2026-05-07,01:40,points,12.5,146.0,-198.0,True,fanduel,2026-05-06T14:54:07.155319
Dylan Harper,,,246001ab42d44857430f7fe63f423461,2026-05-07,01:40,points,13.5,188.0,-260.0,True,fanduel,2026-05-06T14:54:07.155321
Dylan Harper,,,246001ab42d44857430f7fe63f423461,2026-05-07,01:40,points,14.5,250.0,-350.0,True,fanduel,2026-05-06T14:54:07.155322
Victor Wembanyama,,,246001ab42d44857430f7fe63f423461,2026-05-07,01:40,points,14.5,-5000.0,,True,fanduel,2026-05-06T14:54:07.155324
Anthony Edwards,,,246001ab42d44857430f7fe63f423461,2026-05-07,01:40,points,14.5,-550.0,350.0,True,fanduel,2026-05-06T14:54:07.155326
Julius Randle,,,246001ab42d44857430f7fe63f423461,2026-05-07,01:40,points,14.5,-275.0,198.0,True,fanduel,2026-05-06T14:54:07.155327
De'Aaron Fox,,,246001ab42d44857430f7fe63f423461,2026-05-07,01:40,points,14.5,-245.0,178.0,True,fanduel,2026-05-06T14:54:07.155329
Stephon Castle,,,246001ab42d44857430f7fe63f423461,2026-05-07,01:40,points,14.5,-230.0,168.0,True,fanduel,2026-05-06T14:54:07.155331
Jaden McDaniels,,,246001ab42d44857430f7fe63f423461,2026-05-07,01:40,points,14.5,-125.0,,True,fanduel,2026-05-06T14:54:07.155332
Devin Vassell,,,246001ab42d44857430f7fe63f423461,2026-05-07,01:40,points,14.5,136.0,-182.0,True,fanduel,2026-05-06T14:54:07.155334
Naz Reid,,,246001ab42d44857430f7fe63f423461,2026-05-07,01:40,points,14.5,142.0,-194.0,True,fanduel,2026-05-06T14:54:07.155335
Ayo Dosunmu,,,246001ab42d44857430f7fe63f423461,2026-05-07,01:40,points,14.5,164.0,,True,fanduel,2026-05-06T14:54:07.155337
Keldon Johnson,,,246001ab42d44857430f7fe63f423461,2026-05-07,01:40,points,14.5,390.0,,True,fanduel,2026-05-06T14:54:07.155339
Julian Champagnie,,,246001ab42d44857430f7fe63f423461,2026-05-07,01:40,points,14.5,470.0,,True,fanduel,2026-05-06T14:54:07.155340
Rudy Gobert,,,246001ab42d44857430f7fe63f423461,2026-05-07,01:40,points,14.5,830.0,,True,fanduel,2026-05-06T14:54:07.155342
Victor Wembanyama,,,246001ab42d44857430f7fe63f423461,2026-05-07,01:40,points,17.5,-1450.0,,True,fanduel,2026-05-06T14:54:07.155344
Victor Wembanyama,,,246001ab42d44857430f7fe63f423461,2026-05-07,01:40,points,18.5,-1000.0,,True,fanduel,2026-05-06T14:54:07.155345
Victor Wembanyama,,,246001ab42d44857430f7fe63f423461,2026-05-07,01:40,points,20.5,-500.0,320.0,True,fanduel,2026-05-06T14:54:07.155347
Victor Wembanyama,,,246001ab42d44857430f7fe63f423461,2026-05-07,01:40,points,21.5,-390.0,265.0,True,fanduel,2026-05-06T14:54:07.155349
Victor Wembanyama,,,246001ab42d44857430f7fe63f423461,2026-05-07,01:40,points,22.5,-300.0,210.0,True,fanduel,2026-05-06T14:54:07.155350
Victor Wembanyama,,,246001ab42d44857430f7fe63f423461,2026-05-07,01:40,points,23.5,-235.0,172.0,True,fanduel,2026-05-06T14:54:07.155352
Victor Wembanyama,,,246001ab42d44857430f7fe63f423461,2026-05-07,01:40,points,24.5,-180.0,140.0,True,fanduel,2026-05-06T14:54:07.155354
Victor Wembanyama,,,246001ab42d44857430f7fe63f423461,2026-05-07,01:40,points,25.5,-152.0,114.0,True,fanduel,2026-05-06T14:54:07.155355
Victor Wembanyama,,,246001ab42d44857430f7fe63f423461,2026-05-07,01:40,points,26.5,-118.0,-110.0,True,fanduel,2026-05-06T14:54:07.155359
Victor Wembanyama,,,246001ab42d44857430f7fe63f423461,2026-05-07,01:40,points,27.5,106.0,-140.0,True,fanduel,2026-05-06T14:54:07.155361
Victor Wembanyama,,,246001ab42d44857430f7fe63f423461,2026-05-07,01:40,points,28.5,132.0,-178.0,True,fanduel,2026-05-06T14:54:07.155362
Victor Wembanyama,,,246001ab42d44857430f7fe63f423461,2026-05-07,01:40,points,29.5,162.0,-220.0,True,fanduel,2026-05-06T14:54:07.155364
Victor Wembanyama,,,246001ab42d44857430f7fe63f423461,2026-05-07,01:40,points,30.5,198.0,-275.0,True,fanduel,2026-05-06T14:54:07.155366
Victor Wembanyama,,,246001ab42d44857430f7fe63f423461,2026-05-07,01:40,points,31.5,235.0,-350.0,True,fanduel,2026-05-06T14:54:07.155367
Victor Wembanyama,,,246001ab42d44857430f7fe63f423461,2026-05-07,01:40,points,32.5,290.0,-440.0,True,fanduel,2026-05-06T14:54:07.155369
Victor Wembanyama,,,246001ab42d44857430f7fe63f423461,2026-05-07,01:40,points,33.5,360.0,-580.0,True,fanduel,2026-05-06T14:54:07.155371
Victor Wembanyama,,,246001ab42d44857430f7fe63f423461,2026-05-07,01:40,points,34.5,430.0,-700.0,True,fanduel,2026-05-06T14:54:07.155372
Victor Wembanyama,,,246001ab42d44857430f7fe63f423461,2026-05-07,01:40,points,35.5,,-1000.0,True,fanduel,2026-05-06T14:54:07.155374
Victor Wembanyama,,,246001ab42d44857430f7fe63f423461,2026-05-07,01:40,points,36.5,,-1400.0,True,fanduel,2026-05-06T14:54:07.155376
Julian Champagnie,,,246001ab42d44857430f7fe63f423461,2026-05-07,01:40,points,3.5,-1000.0,,True,fanduel,2026-05-06T14:54:07.155377
Julian Champagnie,,,246001ab42d44857430f7fe63f423461,2026-05-07,01:40,points,4.5,-700.0,410.0,True,fanduel,2026-05-06T14:54:07.155379
Julian Champagnie,,,246001ab42d44857430f7fe63f423461,2026-05-07,01:40,points,5.5,-400.0,270.0,True,fanduel,2026-05-06T14:54:07.155381
Julian Champagnie,,,246001ab42d44857430f7fe63f423461,2026-05-07,01:40,points,6.5,-250.0,182.0,True,fanduel,2026-05-06T14:54:07.155382
Julian Champagnie,,,246001ab42d44857430f7fe63f423461,2026-05-07,01:40,points,7.5,-192.0,142.0,True,fanduel,2026-05-06T14:54:07.155384
Julian Champagnie,,,246001ab42d44857430f7fe63f423461,2026-05-07,01:40,points,8.5,-128.0,-104.0,True,fanduel,2026-05-06T14:54:07.155386
Julian Champagnie,,,246001ab42d44857430f7fe63f423461,2026-05-07,01:40,points,9.5,116.0,-152.0,True,fanduel,2026-05-06T14:54:07.155387
Julian Champagnie,,,246001ab42d44857430f7fe63f423461,2026-05-07,01:40,points,10.5,148.0,-200.0,True,fanduel,2026-05-06T14:54:07.155389
Julian Champagnie,,,246001ab42d44857430f7fe63f423461,2026-05-07,01:40,points,11.5,200.0,-280.0,True,fanduel,2026-05-06T14:54:07.155391
Julian Champagnie,,,246001ab42d44857430f7fe63f423461,2026-05-07,01:40,points,12.5,265.0,-390.0,True,fanduel,2026-05-06T14:54:07.155392
Anthony Edwards,,,246001ab42d44857430f7fe63f423461,2026-05-07,01:40,points,34.5,900.0,,True,fanduel,2026-05-06T14:54:07.155394
Julius Randle,,,246001ab42d44857430f7fe63f423461,2026-05-07,01:40,points,34.5,3000.0,,True,fanduel,2026-05-06T14:54:07.155396
De'Aaron Fox,,,246001ab42d44857430f7fe63f423461,2026-05-07,01:40,points,34.5,4000.0,,True,fanduel,2026-05-06T14:54:07.155397
Anthony Edwards,,,246001ab42d44857430f7fe63f423461,2026-05-07,01:40,points,12.5,-1100.0,,True,fanduel,2026-05-06T14:54:07.155399
Anthony Edwards,,,246001ab42d44857430f7fe63f423461,2026-05-07,01:40,points,13.5,-700.0,410.0,True,fanduel,2026-05-06T14:54:07.155401
Anthony Edwards,,,246001ab42d44857430f7fe63f423461,2026-05-07,01:40,points,15.5,-420.0,280.0,True,fanduel,2026-05-06T14:54:07.155402
Anthony Edwards,,,246001ab42d44857430f7fe63f423461,2026-05-07,01:40,points,16.5,-320.0,225.0,True,fanduel,2026-05-06T14:54:07.155404
Anthony Edwards,,,246001ab42d44857430f7fe63f423461,2026-05-07,01:40,points,17.5,-250.0,182.0,True,fanduel,2026-05-06T14:54:07.155406
Anthony Edwards,,,246001ab42d44857430f7fe63f423461,2026-05-07,01:40,points,18.5,-205.0,152.0,True,fanduel,2026-05-06T14:54:07.155416
Anthony Edwards,,,246001ab42d44857430f7fe63f423461,2026-05-07,01:40,points,20.5,-130.0,-102.0,True,fanduel,2026-05-06T14:54:07.155418
Anthony Edwards,,,246001ab42d44857430f7fe63f423461,2026-05-07,01:40,points,21.5,-102.0,-130.0,True,fanduel,2026-05-06T14:54:07.155420
Anthony Edwards,,,246001ab42d44857430f7fe63f423461,2026-05-07,01:40,points,22.5,118.0,-158.0,True,fanduel,2026-05-06T14:54:07.155423
Anthony Edwards,,,246001ab42d44857430f7fe63f423461,2026-05-07,01:40,points,23.5,142.0,-192.0,True,fanduel,2026-05-06T14:54:07.155425
Anthony Edwards,,,246001ab42d44857430f7fe63f423461,2026-05-07,01:40,points,24.5,172.0,-230.0,True,fanduel,2026-05-06T14:54:07.155427
Anthony Edwards,,,246001ab42d44857430f7fe63f423461,2026-05-07,01:40,points,25.5,200.0,-280.0,True,fanduel,2026-05-06T14:54:07.155428
Anthony Edwards,,,246001ab42d44857430f7fe63f423461,2026-05-07,01:40,points,26.5,235.0,-340.0,True,fanduel,2026-05-06T14:54:07.155430
Anthony Edwards,,,246001ab42d44857430f7fe63f423461,2026-05-07,01:40,points,27.5,280.0,-420.0,True,fanduel,2026-05-06T14:54:07.155432
Anthony Edwards,,,246001ab42d44857430f7fe63f423461,2026-05-07,01:40,points,28.5,320.0,-500.0,True,fanduel,2026-05-06T14:54:07.155433
Anthony Edwards,,,246001ab42d44857430f7fe63f423461,2026-05-07,01:40,points,29.5,400.0,-650.0,True,fanduel,2026-05-06T14:54:07.155437
Keldon Johnson,,,246001ab42d44857430f7fe63f423461,2026-05-07,01:40,points,4.5,-650.0,390.0,True,fanduel,2026-05-06T14:54:07.155438
Keldon Johnson,,,246001ab42d44857430f7fe63f423461,2026-05-07,01:40,points,5.5,-400.0,270.0,True,fanduel,2026-05-06T14:54:07.155440
Keldon Johnson,,,246001ab42d44857430f7fe63f423461,2026-05-07,01:40,points,6.5,-270.0,194.0,True,fanduel,2026-05-06T14:54:07.155442
Keldon Johnson,,,246001ab42d44857430f7fe63f423461,2026-05-07,01:40,points,7.5,-192.0,142.0,True,fanduel,2026-05-06T14:54:07.155443
Keldon Johnson,,,246001ab42d44857430f7fe63f423461,2026-05-07,01:40,points,8.5,-138.0,104.0,True,fanduel,2026-05-06T14:54:07.155445
Keldon Johnson,,,246001ab42d44857430f7fe63f423461,2026-05-07,01:40,points,9.5,104.0,-136.0,True,fanduel,2026-05-06T14:54:07.155447
Keldon Johnson,,,246001ab42d44857430f7fe63f423461,2026-05-07,01:40,points,10.5,136.0,-186.0,True,fanduel,2026-05-06T14:54:07.155448
Keldon Johnson,,,246001ab42d44857430f7fe63f423461,2026-05-07,01:40,points,11.5,182.0,-250.0,True,fanduel,2026-05-06T14:54:07.155450
Keldon Johnson,,,246001ab42d44857430f7fe63f423461,2026-05-07,01:40,points,12.5,230.0,-330.0,True,fanduel,2026-05-06T14:54:07.155452
Keldon Johnson,,,246001ab42d44857430f7fe63f423461,2026-05-07,01:40,points,13.5,290.0,-440.0,True,fanduel,2026-05-06T14:54:07.155453
Rudy Gobert,,,246001ab42d44857430f7fe63f423461,2026-05-07,01:40,points,3.5,-800.0,450.0,True,fanduel,2026-05-06T14:54:07.155455
Rudy Gobert,,,246001ab42d44857430f7fe63f423461,2026-05-07,01:40,points,4.5,-400.0,270.0,True,fanduel,2026-05-06T14:54:07.155457
Rudy Gobert,,,246001ab42d44857430f7fe63f423461,2026-05-07,01:40,points,5.5,-260.0,188.0,True,fanduel,2026-05-06T14:54:07.155458
Rudy Gobert,,,246001ab42d44857430f7fe63f423461,2026-05-07,01:40,points,6.5,-166.0,124.0,True,fanduel,2026-05-06T14:54:07.155460
Rudy Gobert,,,246001ab42d44857430f7fe63f423461,2026-05-07,01:40,points,7.5,-112.0,-118.0,True,fanduel,2026-05-06T14:54:07.155461
Rudy Gobert,,,246001ab42d44857430f7fe63f423461,2026-05-07,01:40,points,8.5,130.0,-174.0,True,fanduel,2026-05-06T14:54:07.155463
Rudy Gobert,,,246001ab42d44857430f7fe63f423461,2026-05-07,01:40,points,9.5,190.0,-250.0,True,fanduel,2026-05-06T14:54:07.155465
Rudy Gobert,,,246001ab42d44857430f7fe63f423461,2026-05-07,01:40,points,10.5,240.0,-360.0,True,fanduel,2026-05-06T14:54:07.155466
Julius Randle,,,246001ab42d44857430f7fe63f423461,2026-05-07,01:40,points,29.5,1100.0,,True,fanduel,2026-05-06T14:54:07.155468
De'Aaron Fox,,,246001ab42d44857430f7fe63f423461,2026-05-07,01:40,points,29.5,1400.0,,True,fanduel,2026-05-06T14:54:07.155470
Stephon Castle,,,246001ab42d44857430f7fe63f423461,2026-05-07,01:40,points,29.5,1500.0,,True,fanduel,2026-05-06T14:54:07.155471
Jaden McDaniels,,,246001ab42d44857430f7fe63f423461,2026-05-07,01:40,points,29.5,2000.0,,True,fanduel,2026-05-06T14:54:07.155473
Ayo Dosunmu,,,246001ab42d44857430f7fe63f423461,2026-05-07,01:40,points,29.5,2500.0,,True,fanduel,2026-05-06T14:54:07.155475
Anthony Edwards,,,246001ab42d44857430f7fe63f423461,2026-05-07,01:40,points,44.5,5000.0,,True,fanduel,2026-05-06T14:54:07.155476
Victor Wembanyama,,,246001ab42d44857430f7fe63f423461,2026-05-07,01:40,points,44.5,3000.0,,True,fanduel,2026-05-06T14:54:07.155480
Anthony Edwards,,,246001ab42d44857430f7fe63f423461,2026-05-07,01:40,points,9.5,-4000.0,,True,fanduel,2026-05-06T14:54:07.155482
Julius Randle,,,246001ab42d44857430f7fe63f423461,2026-05-07,01:40,points,9.5,-2000.0,,True,fanduel,2026-05-06T14:54:07.155483
De'Aaron Fox,,,246001ab42d44857430f7fe63f423461,2026-05-07,01:40,points,9.5,-1600.0,,True,fanduel,2026-05-06T14:54:07.155485
Stephon Castle,,,246001ab42d44857430f7fe63f423461,2026-05-07,01:40,points,9.5,-1450.0,,True,fanduel,2026-05-06T14:54:07.155487
Jaden McDaniels,,,246001ab42d44857430f7fe63f423461,2026-05-07,01:40,points,9.5,-620.0,,True,fanduel,2026-05-06T14:54:07.155488
Devin Vassell,,,246001ab42d44857430f7fe63f423461,2026-05-07,01:40,points,9.5,-330.0,230.0,True,fanduel,2026-05-06T14:54:07.155490
Naz Reid,,,246001ab42d44857430f7fe63f423461,2026-05-07,01:40,points,9.5,-275.0,198.0,True,fanduel,2026-05-06T14:54:07.155492
Ayo Dosunmu,,,246001ab42d44857430f7fe63f423461,2026-05-07,01:40,points,9.5,-215.0,,True,fanduel,2026-05-06T14:54:07.155493
Mike Conley,,,246001ab42d44857430f7fe63f423461,2026-05-07,01:40,points,9.5,600.0,,True,fanduel,2026-05-06T14:54:07.155495
Luke Kornet,,,246001ab42d44857430f7fe63f423461,2026-05-07,01:40,points,9.5,830.0,,True,fanduel,2026-05-06T14:54:07.155497
Victor Wembanyama,,,246001ab42d44857430f7fe63f423461,2026-05-07,01:40,points,39.5,1100.0,,True,fanduel,2026-05-06T14:54:07.155498
Anthony Edwards,,,246001ab42d44857430f7fe63f423461,2026-05-07,01:40,points,39.5,1700.0,,True,fanduel,2026-05-06T14:54:07.155500
Naz Reid,,,246001ab42d44857430f7fe63f423461,2026-05-07,01:40,points,6.5,-900.0,490.0,True,fanduel,2026-05-06T14:54:07.155502
Naz Reid,,,246001ab42d44857430f7fe63f423461,2026-05-07,01:40,points,7.5,-580.0,360.0,True,fanduel,2026-05-06T14:54:07.155503
Naz Reid,,,246001ab42d44857430f7fe63f423461,2026-05-07,01:40,points,8.5,-400.0,270.0,True,fanduel,2026-05-06T14:54:07.155507
Naz Reid,,,246001ab42d44857430f7fe63f423461,2026-05-07,01:40,points,10.5,-210.0,154.0,True,fanduel,2026-05-06T14:54:07.155508
Naz Reid,,,246001ab42d44857430f7fe63f423461,2026-05-07,01:40,points,11.5,-154.0,116.0,True,fanduel,2026-05-06T14:54:07.155510
Naz Reid,,,246001ab42d44857430f7fe63f423461,2026-05-07,01:40,points,12.5,-118.0,-112.0,True,fanduel,2026-05-06T14:54:07.155512
Naz Reid,,,246001ab42d44857430f7fe63f423461,2026-05-07,01:40,points,13.5,112.0,-148.0,True,fanduel,2026-05-06T14:54:07.155513
Naz Reid,,,246001ab42d44857430f7fe63f423461,2026-05-07,01:40,points,15.5,178.0,-245.0,True,fanduel,2026-05-06T14:54:07.155515
Naz Reid,,,246001ab42d44857430f7fe63f423461,2026-05-07,01:40,points,16.5,225.0,-320.0,True,fanduel,2026-05-06T14:54:07.155517
Naz Reid,,,246001ab42d44857430f7fe63f423461,2026-05-07,01:40,points,17.5,280.0,-420.0,True,fanduel,2026-05-06T14:54:07.155518
De'Aaron Fox,,,246001ab42d44857430f7fe63f423461,2026-05-07,01:40,points,10.5,-1000.0,,True,fanduel,2026-05-06T14:54:07.155520
De'Aaron Fox,,,246001ab42d44857430f7fe63f423461,2026-05-07,01:40,points,11.5,-650.0,390.0,True,fanduel,2026-05-06T14:54:07.155522
De'Aaron Fox,,,246001ab42d44857430f7fe63f423461,2026-05-07,01:40,points,12.5,-440.0,290.0,True,fanduel,2026-05-06T14:54:07.155523
De'Aaron Fox,,,246001ab42d44857430f7fe63f423461,2026-05-07,01:40,points,13.5,-320.0,225.0,True,fanduel,2026-05-06T14:54:07.155525
De'Aaron Fox,,,246001ab42d44857430f7fe63f423461,2026-05-07,01:40,points,15.5,-182.0,136.0,True,fanduel,2026-05-06T14:54:07.155527
De'Aaron Fox,,,246001ab42d44857430f7fe63f423461,2026-05-07,01:40,points,16.5,-138.0,104.0,True,fanduel,2026-05-06T14:54:07.155528
De'Aaron Fox,,,246001ab42d44857430f7fe63f423461,2026-05-07,01:40,points,17.5,-106.0,-125.0,True,fanduel,2026-05-06T14:54:07.155530
De'Aaron Fox,,,246001ab42d44857430f7fe63f423461,2026-05-07,01:40,points,18.5,122.0,-162.0,True,fanduel,2026-05-06T14:54:07.155531
De'Aaron Fox,,,246001ab42d44857430f7fe63f423461,2026-05-07,01:40,points,20.5,198.0,-275.0,True,fanduel,2026-05-06T14:54:07.155535
De'Aaron Fox,,,246001ab42d44857430f7fe63f423461,2026-05-07,01:40,points,21.5,250.0,-360.0,True,fanduel,2026-05-06T14:54:07.155536
De'Aaron Fox,,,246001ab42d44857430f7fe63f423461,2026-05-07,01:40,points,22.5,320.0,-490.0,True,fanduel,2026-05-06T14:54:07.155538
De'Aaron Fox,,,246001ab42d44857430f7fe63f423461,2026-05-07,01:40,points,23.5,400.0,-670.0,True,fanduel,2026-05-06T14:54:07.155540
De'Aaron Fox,,,246001ab42d44857430f7fe63f423461,2026-05-07,01:40,points,24.5,520.0,-1000.0,True,fanduel,2026-05-06T14:54:07.155541
Julius Randle,,,246001ab42d44857430f7fe63f423461,2026-05-07,01:40,points,24.5,390.0,-650.0,True,fanduel,2026-05-06T14:54:07.155543
Stephon Castle,,,246001ab42d44857430f7fe63f423461,2026-05-07,01:40,points,24.5,560.0,,True,fanduel,2026-05-06T14:54:07.155545
Jaden McDaniels,,,246001ab42d44857430f7fe63f423461,2026-05-07,01:40,points,24.5,900.0,,True,fanduel,2026-05-06T14:54:07.155546
Ayo Dosunmu,,,246001ab42d44857430f7fe63f423461,2026-05-07,01:40,points,24.5,1060.0,,True,fanduel,2026-05-06T14:54:07.155550
Naz Reid,,,246001ab42d44857430f7fe63f423461,2026-05-07,01:40,points,24.5,1200.0,,True,fanduel,2026-05-06T14:54:07.155564
Devin Vassell,,,246001ab42d44857430f7fe63f423461,2026-05-07,01:40,points,24.5,1500.0,,True,fanduel,2026-05-06T14:54:07.155566
Dylan Harper,,,246001ab42d44857430f7fe63f423461,2026-05-07,01:40,points,24.5,2200.0,,True,fanduel,2026-05-06T14:54:07.155568
Devin Vassell,,,246001ab42d44857430f7fe63f423461,2026-05-07,01:40,points,6.5,-1400.0,,True,fanduel,2026-05-06T14:54:07.155570
Devin Vassell,,,246001ab42d44857430f7fe63f423461,2026-05-07,01:40,points,7.5,-750.0,430.0,True,fanduel,2026-05-06T14:54:07.155571
Devin Vassell,,,246001ab42d44857430f7fe63f423461,2026-05-07,01:40,points,8.5,-470.0,310.0,True,fanduel,2026-05-06T14:54:07.155573
Devin Vassell,,,246001ab42d44857430f7fe63f423461,2026-05-07,01:40,points,10.5,-245.0,178.0,True,fanduel,2026-05-06T14:54:07.155574
Devin Vassell,,,246001ab42d44857430f7fe63f423461,2026-05-07,01:40,points,11.5,-178.0,132.0,True,fanduel,2026-05-06T14:54:07.155576
Devin Vassell,,,246001ab42d44857430f7fe63f423461,2026-05-07,01:40,points,12.5,-130.0,-102.0,True,fanduel,2026-05-06T14:54:07.155578
Devin Vassell,,,246001ab42d44857430f7fe63f423461,2026-05-07,01:40,points,13.5,104.0,-138.0,True,fanduel,2026-05-06T14:54:07.155579
Devin Vassell,,,246001ab42d44857430f7fe63f423461,2026-05-07,01:40,points,15.5,178.0,-245.0,True,fanduel,2026-05-06T14:54:07.155581
Devin Vassell,,,246001ab42d44857430f7fe63f423461,2026-05-07,01:40,points,16.5,225.0,-320.0,True,fanduel,2026-05-06T14:54:07.155583
Devin Vassell,,,246001ab42d44857430f7fe63f423461,2026-05-07,01:40,points,17.5,290.0,-440.0,True,fanduel,2026-05-06T14:54:07.155584
Stephon Castle,,,246001ab42d44857430f7fe63f423461,2026-05-07,01:40,points,10.5,-900.0,490.0,True,fanduel,2026-05-06T14:54:07.155586
Stephon Castle,,,246001ab42d44857430f7fe63f423461,2026-05-07,01:40,points,11.5,-600.0,370.0,True,fanduel,2026-05-06T14:54:07.155588
Stephon Castle,,,246001ab42d44857430f7fe63f423461,2026-05-07,01:40,points,12.5,-420.0,280.0,True,fanduel,2026-05-06T14:54:07.155589
Stephon Castle,,,246001ab42d44857430f7fe63f423461,2026-05-07,01:40,points,13.5,-300.0,210.0,True,fanduel,2026-05-06T14:54:07.155591
Stephon Castle,,,246001ab42d44857430f7fe63f423461,2026-05-07,01:40,points,15.5,-172.0,128.0,True,fanduel,2026-05-06T14:54:07.155593
Stephon Castle,,,246001ab42d44857430f7fe63f423461,2026-05-07,01:40,points,16.5,-130.0,-102.0,True,fanduel,2026-05-06T14:54:07.155594
Stephon Castle,,,246001ab42d44857430f7fe63f423461,2026-05-07,01:40,points,17.5,104.0,-138.0,True,fanduel,2026-05-06T14:54:07.155596
Stephon Castle,,,246001ab42d44857430f7fe63f423461,2026-05-07,01:40,points,18.5,136.0,-182.0,True,fanduel,2026-05-06T14:54:07.155598
Stephon Castle,,,246001ab42d44857430f7fe63f423461,2026-05-07,01:40,points,20.5,220.0,-310.0,True,fanduel,2026-05-06T14:54:07.155599
Stephon Castle,,,246001ab42d44857430f7fe63f423461,2026-05-07,01:40,points,21.5,270.0,-400.0,True,fanduel,2026-05-06T14:54:07.155601
Stephon Castle,,,246001ab42d44857430f7fe63f423461,2026-05-07,01:40,points,22.5,350.0,-550.0,True,fanduel,2026-05-06T14:54:07.155605
Stephon Castle,,,246001ab42d44857430f7fe63f423461,2026-05-07,01:40,points,23.5,430.0,-750.0,True,fanduel,2026-05-06T14:54:07.155606
Julius Randle,,,246001ab42d44857430f7fe63f423461,2026-05-07,01:40,points,10.5,-1200.0,,True,fanduel,2026-05-06T14:54:07.155608
Julius Randle,,,246001ab42d44857430f7fe63f423461,2026-05-07,01:40,points,11.5,-750.0,430.0,True,fanduel,2026-05-06T14:54:07.155611
Julius Randle,,,246001ab42d44857430f7fe63f423461,2026-05-07,01:40,points,12.5,-550.0,350.0,True,fanduel,2026-05-06T14:54:07.155613
Julius Randle,,,246001ab42d44857430f7fe63f423461,2026-05-07,01:40,points,13.5,-380.0,260.0,True,fanduel,2026-05-06T14:54:07.155614
Julius Randle,,,246001ab42d44857430f7fe63f423461,2026-05-07,01:40,points,15.5,-220.0,162.0,True,fanduel,2026-05-06T14:54:07.155616
Julius Randle,,,246001ab42d44857430f7fe63f423461,2026-05-07,01:40,points,16.5,-166.0,124.0,True,fanduel,2026-05-06T14:54:07.155618
Julius Randle,,,246001ab42d44857430f7fe63f423461,2026-05-07,01:40,points,17.5,-130.0,-102.0,True,fanduel,2026-05-06T14:54:07.155619
Julius Randle,,,246001ab42d44857430f7fe63f423461,2026-05-07,01:40,points,18.5,100.0,-132.0,True,fanduel,2026-05-06T14:54:07.155621
Julius Randle,,,246001ab42d44857430f7fe63f423461,2026-05-07,01:40,points,20.5,162.0,-225.0,True,fanduel,2026-05-06T14:54:07.155623
Julius Randle,,,246001ab42d44857430f7fe63f423461,2026-05-07,01:40,points,21.5,200.0,-280.0,True,fanduel,2026-05-06T14:54:07.155624
Julius Randle,,,246001ab42d44857430f7fe63f423461,2026-05-07,01:40,points,22.5,250.0,-360.0,True,fanduel,2026-05-06T14:54:07.155626
Julius Randle,,,246001ab42d44857430f7fe63f423461,2026-05-07,01:40,points,23.5,310.0,-470.0,True,fanduel,2026-05-06T14:54:07.155628
Rudy Gobert,,,246001ab42d44857430f7fe63f423461,2026-05-07,01:40,rebounds,10.5,-136.0,102.0,False,fanduel,2026-05-06T14:54:07.155650
Naz Reid,,,246001ab42d44857430f7fe63f423461,2026-05-07,01:40,rebounds,6.5,104.0,-138.0,False,fanduel,2026-05-06T14:54:07.155652
Luke Kornet,,,246001ab42d44857430f7fe63f423461,2026-05-07,01:40,rebounds,3.5,100.0,-132.0,False,fanduel,2026-05-06T14:54:07.155654
Victor Wembanyama,,,246001ab42d44857430f7fe63f423461,2026-05-07,01:40,rebounds,12.5,100.0,-132.0,False,fanduel,2026-05-06T14:54:07.155656
Devin Vassell,,,246001ab42d44857430f7fe63f423461,2026-05-07,01:40,rebounds,4.5,122.0,-162.0,False,fanduel,2026-05-06T14:54:07.155657
Jaden McDaniels,,,246001ab42d44857430f7fe63f423461,2026-05-07,01:40,rebounds,4.5,-114.0,-114.0,False,fanduel,2026-05-06T14:54:07.155659
Stephon Castle,,,246001ab42d44857430f7fe63f423461,2026-05-07,01:40,rebounds,5.5,-106.0,-125.0,False,fanduel,2026-05-06T14:54:07.155661
Keldon Johnson,,,246001ab42d44857430f7fe63f423461,2026-05-07,01:40,rebounds,3.5,-104.0,-128.0,False,fanduel,2026-05-06T14:54:07.155662
Dylan Harper,,,246001ab42d44857430f7fe63f423461,2026-05-07,01:40,rebounds,3.5,116.0,-154.0,False,fanduel,2026-05-06T14:54:07.155664
Julius Randle,,,246001ab42d44857430f7fe63f423461,2026-05-07,01:40,rebounds,6.5,108.0,-144.0,False,fanduel,2026-05-06T14:54:07.155666
Julian Champagnie,,,246001ab42d44857430f7fe63f423461,2026-05-07,01:40,rebounds,5.5,118.0,-158.0,False,fanduel,2026-05-06T14:54:07.155667
Anthony Edwards,,,246001ab42d44857430f7fe63f423461,2026-05-07,01:40,rebounds,3.5,-162.0,122.0,False,fanduel,2026-05-06T14:54:07.155669
De'Aaron Fox,,,246001ab42d44857430f7fe63f423461,2026-05-07,01:40,rebounds,3.5,-114.0,-114.0,False,fanduel,2026-05-06T14:54:07.155671
Julius Randle,,,246001ab42d44857430f7fe63f423461,2026-05-07,01:40,rebounds,3.5,-1000.0,,True,fanduel,2026-05-06T14:54:07.155755
Naz Reid,,,246001ab42d44857430f7fe63f423461,2026-05-07,01:40,rebounds,3.5,-850.0,470.0,True,fanduel,2026-05-06T14:54:07.155757
Stephon Castle,,,246001ab42d44857430f7fe63f423461,2026-05-07,01:40,rebounds,3.5,-550.0,350.0,True,fanduel,2026-05-06T14:54:07.155759
Julian Champagnie,,,246001ab42d44857430f7fe63f423461,2026-05-07,01:40,rebounds,3.5,-420.0,280.0,True,fanduel,2026-05-06T14:54:07.155760
Jaden McDaniels,,,246001ab42d44857430f7fe63f423461,2026-05-07,01:40,rebounds,3.5,-260.0,188.0,True,fanduel,2026-05-06T14:54:07.155762
Devin Vassell,,,246001ab42d44857430f7fe63f423461,2026-05-07,01:40,rebounds,3.5,-186.0,138.0,True,fanduel,2026-05-06T14:54:07.155764
Anthony Edwards,,,246001ab42d44857430f7fe63f423461,2026-05-07,01:40,rebounds,3.5,-162.0,122.0,True,fanduel,2026-05-06T14:54:07.155765
De'Aaron Fox,,,246001ab42d44857430f7fe63f423461,2026-05-07,01:40,rebounds,3.5,-114.0,-114.0,True,fanduel,2026-05-06T14:54:07.155767
Keldon Johnson,,,246001ab42d44857430f7fe63f423461,2026-05-07,01:40,rebounds,3.5,-104.0,-128.0,True,fanduel,2026-05-06T14:54:07.155769
Luke Kornet,,,246001ab42d44857430f7fe63f423461,2026-05-07,01:40,rebounds,3.5,100.0,-132.0,True,fanduel,2026-05-06T14:54:07.155770
Dylan Harper,,,246001ab42d44857430f7fe63f423461,2026-05-07,01:40,rebounds,3.5,118.0,,True,fanduel,2026-05-06T14:54:07.155772
Ayo Dosunmu,,,246001ab42d44857430f7fe63f423461,2026-05-07,01:40,rebounds,3.5,152.0,,True,fanduel,2026-05-06T14:54:07.155774
Keldon Johnson,,,246001ab42d44857430f7fe63f423461,2026-05-07,01:40,rebounds,1.5,-800.0,450.0,True,fanduel,2026-05-06T14:54:07.155775
Keldon Johnson,,,246001ab42d44857430f7fe63f423461,2026-05-07,01:40,rebounds,2.5,-250.0,182.0,True,fanduel,2026-05-06T14:54:07.155777
Keldon Johnson,,,246001ab42d44857430f7fe63f423461,2026-05-07,01:40,rebounds,4.5,200.0,-280.0,True,fanduel,2026-05-06T14:54:07.155779
Keldon Johnson,,,246001ab42d44857430f7fe63f423461,2026-05-07,01:40,rebounds,5.5,400.0,-650.0,True,fanduel,2026-05-06T14:54:07.155780
Rudy Gobert,,,246001ab42d44857430f7fe63f423461,2026-05-07,01:40,rebounds,6.5,-1400.0,,True,fanduel,2026-05-06T14:54:07.155782
Rudy Gobert,,,246001ab42d44857430f7fe63f423461,2026-05-07,01:40,rebounds,7.5,-530.0,360.0,True,fanduel,2026-05-06T14:54:07.155783
Rudy Gobert,,,246001ab42d44857430f7fe63f423461,2026-05-07,01:40,rebounds,8.5,-320.0,225.0,True,fanduel,2026-05-06T14:54:07.155785
Rudy Gobert,,,246001ab42d44857430f7fe63f423461,2026-05-07,01:40,rebounds,9.5,-220.0,168.0,True,fanduel,2026-05-06T14:54:07.155787
Rudy Gobert,,,246001ab42d44857430f7fe63f423461,2026-05-07,01:40,rebounds,10.5,-136.0,102.0,True,fanduel,2026-05-06T14:54:07.155788
Rudy Gobert,,,246001ab42d44857430f7fe63f423461,2026-05-07,01:40,rebounds,11.5,122.0,-158.0,True,fanduel,2026-05-06T14:54:07.155790
Rudy Gobert,,,246001ab42d44857430f7fe63f423461,2026-05-07,01:40,rebounds,12.5,182.0,-250.0,True,fanduel,2026-05-06T14:54:07.155792
Rudy Gobert,,,246001ab42d44857430f7fe63f423461,2026-05-07,01:40,rebounds,13.5,285.0,-420.0,True,fanduel,2026-05-06T14:54:07.155793
Rudy Gobert,,,246001ab42d44857430f7fe63f423461,2026-05-07,01:40,rebounds,14.5,400.0,-670.0,True,fanduel,2026-05-06T14:54:07.155796
Stephon Castle,,,246001ab42d44857430f7fe63f423461,2026-05-07,01:40,rebounds,4.5,-230.0,168.0,True,fanduel,2026-05-06T14:54:07.155797
Stephon Castle,,,246001ab42d44857430f7fe63f423461,2026-05-07,01:40,rebounds,5.5,-104.0,-125.0,True,fanduel,2026-05-06T14:54:07.155799
Stephon Castle,,,246001ab42d44857430f7fe63f423461,2026-05-07,01:40,rebounds,6.5,182.0,-250.0,True,fanduel,2026-05-06T14:54:07.155803
Stephon Castle,,,246001ab42d44857430f7fe63f423461,2026-05-07,01:40,rebounds,7.5,330.0,-490.0,True,fanduel,2026-05-06T14:54:07.155805
Stephon Castle,,,246001ab42d44857430f7fe63f423461,2026-05-07,01:40,rebounds,8.5,,-1100.0,True,fanduel,2026-05-06T14:54:07.155806
Julius Randle,,,246001ab42d44857430f7fe63f423461,2026-05-07,01:40,rebounds,4.5,-380.0,260.0,True,fanduel,2026-05-06T14:54:07.155808
Julius Randle,,,246001ab42d44857430f7fe63f423461,2026-05-07,01:40,rebounds,5.5,-178.0,136.0,True,fanduel,2026-05-06T14:54:07.155810
Julius Randle,,,246001ab42d44857430f7fe63f423461,2026-05-07,01:40,rebounds,6.5,108.0,-144.0,True,fanduel,2026-05-06T14:54:07.155811
Julius Randle,,,246001ab42d44857430f7fe63f423461,2026-05-07,01:40,rebounds,7.5,200.0,-275.0,True,fanduel,2026-05-06T14:54:07.155813
Julius Randle,,,246001ab42d44857430f7fe63f423461,2026-05-07,01:40,rebounds,8.5,350.0,-550.0,True,fanduel,2026-05-06T14:54:07.155815
Julius Randle,,,246001ab42d44857430f7fe63f423461,2026-05-07,01:40,rebounds,9.5,500.0,-900.0,True,fanduel,2026-05-06T14:54:07.155816
Devin Vassell,,,246001ab42d44857430f7fe63f423461,2026-05-07,01:40,rebounds,2.5,-490.0,320.0,True,fanduel,2026-05-06T14:54:07.155818
Devin Vassell,,,246001ab42d44857430f7fe63f423461,2026-05-07,01:40,rebounds,4.5,122.0,-162.0,True,fanduel,2026-05-06T14:54:07.155819
Devin Vassell,,,246001ab42d44857430f7fe63f423461,2026-05-07,01:40,rebounds,5.5,255.0,-350.0,True,fanduel,2026-05-06T14:54:07.155821
Devin Vassell,,,246001ab42d44857430f7fe63f423461,2026-05-07,01:40,rebounds,6.5,490.0,-900.0,True,fanduel,2026-05-06T14:54:07.155823
Victor Wembanyama,,,246001ab42d44857430f7fe63f423461,2026-05-07,01:40,rebounds,8.5,-850.0,470.0,True,fanduel,2026-05-06T14:54:07.155824
Victor Wembanyama,,,246001ab42d44857430f7fe63f423461,2026-05-07,01:40,rebounds,9.5,-520.0,350.0,True,fanduel,2026-05-06T14:54:07.155826
Victor Wembanyama,,,246001ab42d44857430f7fe63f423461,2026-05-07,01:40,rebounds,10.5,-290.0,205.0,True,fanduel,2026-05-06T14:54:07.155828
Victor Wembanyama,,,246001ab42d44857430f7fe63f423461,2026-05-07,01:40,rebounds,11.5,-166.0,128.0,True,fanduel,2026-05-06T14:54:07.155829
Victor Wembanyama,,,246001ab42d44857430f7fe63f423461,2026-05-07,01:40,rebounds,12.5,100.0,-132.0,True,fanduel,2026-05-06T14:54:07.155831
Victor Wembanyama,,,246001ab42d44857430f7fe63f423461,2026-05-07,01:40,rebounds,13.5,162.0,-215.0,True,fanduel,2026-05-06T14:54:07.155833
Victor Wembanyama,,,246001ab42d44857430f7fe63f423461,2026-05-07,01:40,rebounds,14.5,240.0,-350.0,True,fanduel,2026-05-06T14:54:07.155834
Victor Wembanyama,,,246001ab42d44857430f7fe63f423461,2026-05-07,01:40,rebounds,15.5,390.0,-600.0,True,fanduel,2026-05-06T14:54:07.155836
Jaden McDaniels,,,246001ab42d44857430f7fe63f423461,2026-05-07,01:40,rebounds,2.5,-700.0,410.0,True,fanduel,2026-05-06T14:54:07.155838
Jaden McDaniels,,,246001ab42d44857430f7fe63f423461,2026-05-07,01:40,rebounds,4.5,-114.0,-114.0,True,fanduel,2026-05-06T14:54:07.155839
Jaden McDaniels,,,246001ab42d44857430f7fe63f423461,2026-05-07,01:40,rebounds,5.5,190.0,-250.0,True,fanduel,2026-05-06T14:54:07.155841
Jaden McDaniels,,,246001ab42d44857430f7fe63f423461,2026-05-07,01:40,rebounds,6.5,350.0,-550.0,True,fanduel,2026-05-06T14:54:07.155843
Jaden McDaniels,,,246001ab42d44857430f7fe63f423461,2026-05-07,01:40,rebounds,7.5,630.0,-1400.0,True,fanduel,2026-05-06T14:54:07.155844
Luke Kornet,,,246001ab42d44857430f7fe63f423461,2026-05-07,01:40,rebounds,1.5,-470.0,310.0,True,fanduel,2026-05-06T14:54:07.155846
Luke Kornet,,,246001ab42d44857430f7fe63f423461,2026-05-07,01:40,rebounds,2.5,-200.0,146.0,True,fanduel,2026-05-06T14:54:07.155848
Luke Kornet,,,246001ab42d44857430f7fe63f423461,2026-05-07,01:40,rebounds,4.5,182.0,-250.0,True,fanduel,2026-05-06T14:54:07.155849
Luke Kornet,,,246001ab42d44857430f7fe63f423461,2026-05-07,01:40,rebounds,5.5,300.0,-440.0,True,fanduel,2026-05-06T14:54:07.155851
Luke Kornet,,,246001ab42d44857430f7fe63f423461,2026-05-07,01:40,rebounds,6.5,470.0,-850.0,True,fanduel,2026-05-06T14:54:07.155852
Anthony Edwards,,,246001ab42d44857430f7fe63f423461,2026-05-07,01:40,rebounds,1.5,-1400.0,,True,fanduel,2026-05-06T14:54:07.155854
Anthony Edwards,,,246001ab42d44857430f7fe63f423461,2026-05-07,01:40,rebounds,2.5,-390.0,265.0,True,fanduel,2026-05-06T14:54:07.155856
Anthony Edwards,,,246001ab42d44857430f7fe63f423461,2026-05-07,01:40,rebounds,4.5,130.0,-174.0,True,fanduel,2026-05-06T14:54:07.155857
Anthony Edwards,,,246001ab42d44857430f7fe63f423461,2026-05-07,01:40,rebounds,5.5,240.0,-340.0,True,fanduel,2026-05-06T14:54:07.155859
Anthony Edwards,,,246001ab42d44857430f7fe63f423461,2026-05-07,01:40,rebounds,6.5,400.0,-670.0,True,fanduel,2026-05-06T14:54:07.155861
Victor Wembanyama,,,246001ab42d44857430f7fe63f423461,2026-05-07,01:40,rebounds,7.5,-1800.0,,True,fanduel,2026-05-06T14:54:07.155862
Naz Reid,,,246001ab42d44857430f7fe63f423461,2026-05-07,01:40,rebounds,7.5,182.0,-250.0,True,fanduel,2026-05-06T14:54:07.155864
Julian Champagnie,,,246001ab42d44857430f7fe63f423461,2026-05-07,01:40,rebounds,7.5,400.0,-670.0,True,fanduel,2026-05-06T14:54:07.155866
Anthony Edwards,,,246001ab42d44857430f7fe63f423461,2026-05-07,01:40,rebounds,7.5,700.0,,True,fanduel,2026-05-06T14:54:07.155867
Luke Kornet,,,246001ab42d44857430f7fe63f423461,2026-05-07,01:40,rebounds,7.5,800.0,,True,fanduel,2026-05-06T14:54:07.155869
Devin Vassell,,,246001ab42d44857430f7fe63f423461,2026-05-07,01:40,rebounds,7.5,1000.0,,True,fanduel,2026-05-06T14:54:07.155870
Keldon Johnson,,,246001ab42d44857430f7fe63f423461,2026-05-07,01:40,rebounds,7.5,1400.0,,True,fanduel,2026-05-06T14:54:07.155872
De'Aaron Fox,,,246001ab42d44857430f7fe63f423461,2026-05-07,01:40,rebounds,7.5,1500.0,,True,fanduel,2026-05-06T14:54:07.155874
Ayo Dosunmu,,,246001ab42d44857430f7fe63f423461,2026-05-07,01:40,rebounds,7.5,1500.0,,True,fanduel,2026-05-06T14:54:07.155875
Rudy Gobert,,,246001ab42d44857430f7fe63f423461,2026-05-07,01:40,rebounds,5.5,-3500.0,,True,fanduel,2026-05-06T14:54:07.155877
Naz Reid,,,246001ab42d44857430f7fe63f423461,2026-05-07,01:40,rebounds,5.5,-182.0,136.0,True,fanduel,2026-05-06T14:54:07.155879
Julian Champagnie,,,246001ab42d44857430f7fe63f423461,2026-05-07,01:40,rebounds,5.5,118.0,-158.0,True,fanduel,2026-05-06T14:54:07.155880
De'Aaron Fox,,,246001ab42d44857430f7fe63f423461,2026-05-07,01:40,rebounds,5.5,400.0,-670.0,True,fanduel,2026-05-06T14:54:07.155882
Dylan Harper,,,246001ab42d44857430f7fe63f423461,2026-05-07,01:40,rebounds,5.5,520.0,,True,fanduel,2026-05-06T14:54:07.155884
Ayo Dosunmu,,,246001ab42d44857430f7fe63f423461,2026-05-07,01:40,rebounds,5.5,560.0,,True,fanduel,2026-05-06T14:54:07.155885
Rudy Gobert,,,246001ab42d44857430f7fe63f423461,2026-05-07,01:40,rebounds,15.5,630.0,,True,fanduel,2026-05-06T14:54:07.155887
Julian Champagnie,,,246001ab42d44857430f7fe63f423461,2026-05-07,01:40,rebounds,2.5,-1400.0,,True,fanduel,2026-05-06T14:54:07.155890
Julian Champagnie,,,246001ab42d44857430f7fe63f423461,2026-05-07,01:40,rebounds,4.5,-182.0,136.0,True,fanduel,2026-05-06T14:54:07.155892
Julian Champagnie,,,246001ab42d44857430f7fe63f423461,2026-05-07,01:40,rebounds,6.5,225.0,-320.0,True,fanduel,2026-05-06T14:54:07.155894
Naz Reid,,,246001ab42d44857430f7fe63f423461,2026-05-07,01:40,rebounds,9.5,410.0,-700.0,True,fanduel,2026-05-06T14:54:07.155896
Stephon Castle,,,246001ab42d44857430f7fe63f423461,2026-05-07,01:40,rebounds,9.5,830.0,,True,fanduel,2026-05-06T14:54:07.155897
Julian Champagnie,,,246001ab42d44857430f7fe63f423461,2026-05-07,01:40,rebounds,9.5,1060.0,,True,fanduel,2026-05-06T14:54:07.155899
Anthony Edwards,,,246001ab42d44857430f7fe63f423461,2026-05-07,01:40,rebounds,9.5,1400.0,,True,fanduel,2026-05-06T14:54:07.155901
Luke Kornet,,,246001ab42d44857430f7fe63f423461,2026-05-07,01:40,rebounds,9.5,1400.0,,True,fanduel,2026-05-06T14:54:07.155902
Jaden McDaniels,,,246001ab42d44857430f7fe63f423461,2026-05-07,01:40,rebounds,9.5,1700.0,,True,fanduel,2026-05-06T14:54:07.155904
Naz Reid,,,246001ab42d44857430f7fe63f423461,2026-05-07,01:40,rebounds,11.5,1100.0,,True,fanduel,2026-05-06T14:54:07.155906
Julius Randle,,,246001ab42d44857430f7fe63f423461,2026-05-07,01:40,rebounds,11.5,1300.0,,True,fanduel,2026-05-06T14:54:07.155907
Stephon Castle,,,246001ab42d44857430f7fe63f423461,2026-05-07,01:40,rebounds,11.5,2500.0,,True,fanduel,2026-05-06T14:54:07.155909
Naz Reid,,,246001ab42d44857430f7fe63f423461,2026-05-07,01:40,rebounds,4.5,-360.0,250.0,True,fanduel,2026-05-06T14:54:07.155912
Naz Reid,,,246001ab42d44857430f7fe63f423461,2026-05-07,01:40,rebounds,6.5,104.0,-138.0,True,fanduel,2026-05-06T14:54:07.155914
Naz Reid,,,246001ab42d44857430f7fe63f423461,2026-05-07,01:40,rebounds,8.5,300.0,-450.0,True,fanduel,2026-05-06T14:54:07.155916
De'Aaron Fox,,,246001ab42d44857430f7fe63f423461,2026-05-07,01:40,rebounds,1.5,-1200.0,,True,fanduel,2026-05-06T14:54:07.155917
De'Aaron Fox,,,246001ab42d44857430f7fe63f423461,2026-05-07,01:40,rebounds,2.5,-300.0,210.0,True,fanduel,2026-05-06T14:54:07.155919
De'Aaron Fox,,,246001ab42d44857430f7fe63f423461,2026-05-07,01:40,rebounds,4.5,194.0,-270.0,True,fanduel,2026-05-06T14:54:07.155920
Naz Reid,,,246001ab42d44857430f7fe63f423461,2026-05-07,01:40,threes,1.5,-158.0,118.0,False,fanduel,2026-05-06T14:54:07.155936
Victor Wembanyama,,,246001ab42d44857430f7fe63f423461,2026-05-07,01:40,threes,2.5,106.0,-140.0,False,fanduel,2026-05-06T14:54:07.155937
Devin Vassell,,,246001ab42d44857430f7fe63f423461,2026-05-07,01:40,threes,2.5,154.0,-210.0,False,fanduel,2026-05-06T14:54:07.155939
Jaden McDaniels,,,246001ab42d44857430f7fe63f423461,2026-05-07,01:40,threes,1.5,124.0,-166.0,False,fanduel,2026-05-06T14:54:07.155941
Stephon Castle,,,246001ab42d44857430f7fe63f423461,2026-05-07,01:40,threes,1.5,124.0,-166.0,False,fanduel,2026-05-06T14:54:07.155942
Anthony Edwards,,,246001ab42d44857430f7fe63f423461,2026-05-07,01:40,threes,2.5,108.0,-144.0,False,fanduel,2026-05-06T14:54:07.155944
Julius Randle,,,246001ab42d44857430f7fe63f423461,2026-05-07,01:40,threes,1.5,148.0,-200.0,False,fanduel,2026-05-06T14:54:07.155946
Julian Champagnie,,,246001ab42d44857430f7fe63f423461,2026-05-07,01:40,threes,1.5,-194.0,144.0,False,fanduel,2026-05-06T14:54:07.155947
Mike Conley,,,246001ab42d44857430f7fe63f423461,2026-05-07,01:40,threes,1.5,158.0,-220.0,False,fanduel,2026-05-06T14:54:07.155949
De'Aaron Fox,,,246001ab42d44857430f7fe63f423461,2026-05-07,01:40,threes,1.5,106.0,-140.0,False,fanduel,2026-05-06T14:54:07.155951
Victor Wembanyama,,,246001ab42d44857430f7fe63f423461,2026-05-07,01:40,threes,1.5,-300.0,210.0,True,fanduel,2026-05-06T14:54:07.156003
Anthony Edwards,,,246001ab42d44857430f7fe63f423461,2026-05-07,01:40,threes,1.5,-280.0,200.0,True,fanduel,2026-05-06T14:54:07.156005
Devin Vassell,,,246001ab42d44857430f7fe63f423461,2026-05-07,01:40,threes,1.5,-215.0,158.0,True,fanduel,2026-05-06T14:54:07.156007
Julian Champagnie,,,246001ab42d44857430f7fe63f423461,2026-05-07,01:40,threes,1.5,-194.0,144.0,True,fanduel,2026-05-06T14:54:07.156008
Naz Reid,,,246001ab42d44857430f7fe63f423461,2026-05-07,01:40,threes,1.5,-158.0,118.0,True,fanduel,2026-05-06T14:54:07.156010
De'Aaron Fox,,,246001ab42d44857430f7fe63f423461,2026-05-07,01:40,threes,1.5,106.0,-140.0,True,fanduel,2026-05-06T14:54:07.156012
Ayo Dosunmu,,,246001ab42d44857430f7fe63f423461,2026-05-07,01:40,threes,1.5,108.0,,True,fanduel,2026-05-06T14:54:07.156013
Stephon Castle,,,246001ab42d44857430f7fe63f423461,2026-05-07,01:40,threes,1.5,124.0,-166.0,True,fanduel,2026-05-06T14:54:07.156015
Jaden McDaniels,,,246001ab42d44857430f7fe63f423461,2026-05-07,01:40,threes,1.5,124.0,-166.0,True,fanduel,2026-05-06T14:54:07.156017
Julius Randle,,,246001ab42d44857430f7fe63f423461,2026-05-07,01:40,threes,1.5,148.0,-200.0,True,fanduel,2026-05-06T14:54:07.156020
Mike Conley,,,246001ab42d44857430f7fe63f423461,2026-05-07,01:40,threes,1.5,162.0,,True,fanduel,2026-05-06T14:54:07.156022
Dylan Harper,,,246001ab42d44857430f7fe63f423461,2026-05-07,01:40,threes,1.5,310.0,,True,fanduel,2026-05-06T14:54:07.156024
Anthony Edwards,,,246001ab42d44857430f7fe63f423461,2026-05-07,01:40,threes,5.5,1060.0,,True,fanduel,2026-05-06T14:54:07.156025
Naz Reid,,,246001ab42d44857430f7fe63f423461,2026-05-07,01:40,threes,5.5,2000.0,,True,fanduel,2026-05-06T14:54:07.156027
Victor Wembanyama,,,246001ab42d44857430f7fe63f423461,2026-05-07,01:40,threes,5.5,1400.0,,True,fanduel,2026-05-06T14:54:07.156029
Devin Vassell,,,246001ab42d44857430f7fe63f423461,2026-05-07,01:40,threes,5.5,2000.0,,True,fanduel,2026-05-06T14:54:07.156030
Julian Champagnie,,,246001ab42d44857430f7fe63f423461,2026-05-07,01:40,threes,5.5,2000.0,,True,fanduel,2026-05-06T14:54:07.156032
Julius Randle,,,246001ab42d44857430f7fe63f423461,2026-05-07,01:40,threes,0.5,-330.0,235.0,True,fanduel,2026-05-06T14:54:07.156034
Julius Randle,,,246001ab42d44857430f7fe63f423461,2026-05-07,01:40,threes,2.5,470.0,-800.0,True,fanduel,2026-05-06T14:54:07.156035
Victor Wembanyama,,,246001ab42d44857430f7fe63f423461,2026-05-07,01:40,threes,2.5,106.0,-140.0,True,fanduel,2026-05-06T14:54:07.156037
Anthony Edwards,,,246001ab42d44857430f7fe63f423461,2026-05-07,01:40,threes,2.5,108.0,-144.0,True,fanduel,2026-05-06T14:54:07.156039
Devin Vassell,,,246001ab42d44857430f7fe63f423461,2026-05-07,01:40,threes,2.5,154.0,-210.0,True,fanduel,2026-05-06T14:54:07.156040
Julian Champagnie,,,246001ab42d44857430f7fe63f423461,2026-05-07,01:40,threes,2.5,164.0,-225.0,True,fanduel,2026-05-06T14:54:07.156044
Naz Reid,,,246001ab42d44857430f7fe63f423461,2026-05-07,01:40,threes,2.5,188.0,-260.0,True,fanduel,2026-05-06T14:54:07.156045
Ayo Dosunmu,,,246001ab42d44857430f7fe63f423461,2026-05-07,01:40,threes,2.5,300.0,,True,fanduel,2026-05-06T14:54:07.156047
De'Aaron Fox,,,246001ab42d44857430f7fe63f423461,2026-05-07,01:40,threes,2.5,350.0,-550.0,True,fanduel,2026-05-06T14:54:07.156049
Jaden McDaniels,,,246001ab42d44857430f7fe63f423461,2026-05-07,01:40,threes,2.5,390.0,-650.0,True,fanduel,2026-05-06T14:54:07.156051
Stephon Castle,,,246001ab42d44857430f7fe63f423461,2026-05-07,01:40,threes,2.5,400.0,-670.0,True,fanduel,2026-05-06T14:54:07.156053
Mike Conley,,,246001ab42d44857430f7fe63f423461,2026-05-07,01:40,threes,2.5,470.0,,True,fanduel,2026-05-06T14:54:07.156054
Dylan Harper,,,246001ab42d44857430f7fe63f423461,2026-05-07,01:40,threes,2.5,1060.0,,True,fanduel,2026-05-06T14:54:07.156056
Anthony Edwards,,,246001ab42d44857430f7fe63f423461,2026-05-07,01:40,threes,4.5,550.0,-1100.0,True,fanduel,2026-05-06T14:54:07.156058
Victor Wembanyama,,,246001ab42d44857430f7fe63f423461,2026-05-07,01:40,threes,4.5,700.0,-1450.0,True,fanduel,2026-05-06T14:54:07.156059
Devin Vassell,,,246001ab42d44857430f7fe63f423461,2026-05-07,01:40,threes,4.5,950.0,,True,fanduel,2026-05-06T14:54:07.156061
Julian Champagnie,,,246001ab42d44857430f7fe63f423461,2026-05-07,01:40,threes,4.5,1000.0,,True,fanduel,2026-05-06T14:54:07.156064
Naz Reid,,,246001ab42d44857430f7fe63f423461,2026-05-07,01:40,threes,4.5,1000.0,,True,fanduel,2026-05-06T14:54:07.156066
Ayo Dosunmu,,,246001ab42d44857430f7fe63f423461,2026-05-07,01:40,threes,4.5,1700.0,,True,fanduel,2026-05-06T14:54:07.156068
Victor Wembanyama,,,246001ab42d44857430f7fe63f423461,2026-05-07,01:40,threes,3.5,280.0,-400.0,True,fanduel,2026-05-06T14:54:07.156069
Naz Reid,,,246001ab42d44857430f7fe63f423461,2026-05-07,01:40,threes,0.5,-750.0,430.0,True,fanduel,2026-05-06T14:54:07.156071
Naz Reid,,,246001ab42d44857430f7fe63f423461,2026-05-07,01:40,threes,3.5,460.0,-750.0,True,fanduel,2026-05-06T14:54:07.156073
Anthony Edwards,,,246001ab42d44857430f7fe63f423461,2026-05-07,01:40,threes,0.5,-1450.0,,True,fanduel,2026-05-06T14:54:07.156074
Anthony Edwards,,,246001ab42d44857430f7fe63f423461,2026-05-07,01:40,threes,3.5,255.0,-350.0,True,fanduel,2026-05-06T14:54:07.156076
Devin Vassell,,,246001ab42d44857430f7fe63f423461,2026-05-07,01:40,threes,3.5,400.0,-670.0,True,fanduel,2026-05-06T14:54:07.156078
Julian Champagnie,,,246001ab42d44857430f7fe63f423461,2026-05-07,01:40,threes,3.5,410.0,-700.0,True,fanduel,2026-05-06T14:54:07.156079
Ayo Dosunmu,,,246001ab42d44857430f7fe63f423461,2026-05-07,01:40,threes,3.5,750.0,,True,fanduel,2026-05-06T14:54:07.156081
De'Aaron Fox,,,246001ab42d44857430f7fe63f423461,2026-05-07,01:40,threes,3.5,1000.0,,True,fanduel,2026-05-06T14:54:07.156083
Jaden McDaniels,,,246001ab42d44857430f7fe63f423461,2026-05-07,01:40,threes,3.5,1060.0,,True,fanduel,2026-05-06T14:54:07.156084
Mike Conley,,,246001ab42d44857430f7fe63f423461,2026-05-07,01:40,threes,3.5,1060.0,,True,fanduel,2026-05-06T14:54:07.156086
Stephon Castle,,,246001ab42d44857430f7fe63f423461,2026-05-07,01:40,threes,3.5,1100.0,,True,fanduel,2026-05-06T14:54:07.156088
Julius Randle,,,246001ab42d44857430f7fe63f423461,2026-05-07,01:40,threes,3.5,1200.0,,True,fanduel,2026-05-06T14:54:07.156089
Anthony Edwards,,,246001ab42d44857430f7fe63f423461,2026-05-07,01:40,threes,7.5,3500.0,,True,fanduel,2026-05-06T14:54:07.156091
Anthony Edwards,,,246001ab42d44857430f7fe63f423461,2026-05-07,01:40,threes,6.5,1500.0,,True,fanduel,2026-05-06T14:54:07.156093
Victor Wembanyama,,,246001ab42d44857430f7fe63f423461,2026-05-07,01:40,threes,6.5,3500.0,,True,fanduel,2026-05-06T14:54:07.156095
Devin Vassell,,,246001ab42d44857430f7fe63f423461,2026-05-07,01:40,threes,0.5,-1100.0,,True,fanduel,2026-05-06T14:54:07.156096
Jaden McDaniels,,,246001ab42d44857430f7fe63f423461,2026-05-07,01:40,threes,0.5,-370.0,265.0,True,fanduel,2026-05-06T14:54:07.156098
Julian Champagnie,,,246001ab42d44857430f7fe63f423461,2026-05-07,01:40,threes,0.5,-1000.0,,True,fanduel,2026-05-06T14:54:07.156099
Victor Wembanyama,,,246001ab42d44857430f7fe63f423461,2026-05-07,01:40,threes,0.5,-1800.0,,True,fanduel,2026-05-06T14:54:07.156101
De'Aaron Fox,,,246001ab42d44857430f7fe63f423461,2026-05-07,01:40,threes,0.5,-470.0,310.0,True,fanduel,2026-05-06T14:54:07.156103
Stephon Castle,,,246001ab42d44857430f7fe63f423461,2026-05-07,01:40,threes,0.5,-400.0,270.0,True,fanduel,2026-05-06T14:54:07.156104
Ayo Dosunmu,,,246001ab42d44857430f7fe63f423461,2026-05-07,01:40,threes,0.5,-400.0,,True,fanduel,2026-05-06T14:54:07.156106
Mike Conley,,,246001ab42d44857430f7fe63f423461,2026-05-07,01:40,threes,0.5,-290.0,,True,fanduel,2026-05-06T14:54:07.156108
Dylan Harper,,,246001ab42d44857430f7fe63f423461,2026-05-07,01:40,threes,0.5,-160.0,,True,fanduel,2026-05-06T14:54:07.156109
Cade Cunningham,,,862af0717b53a01b5e93a188a655d663,2026-05-07,23:10,assists,9.5,-146.0,110.0,False,fanduel,2026-05-06T14:54:07.388808
Evan Mobley,,,862af0717b53a01b5e93a188a655d663,2026-05-07,23:10,assists,3.5,122.0,-162.0,False,fanduel,2026-05-06T14:54:07.388819
James Harden,,,862af0717b53a01b5e93a188a655d663,2026-05-07,23:10,assists,6.5,-130.0,-102.0,False,fanduel,2026-05-06T14:54:07.388822
Daniss Jenkins,,,862af0717b53a01b5e93a188a655d663,2026-05-07,23:10,assists,2.5,-174.0,130.0,False,fanduel,2026-05-06T14:54:07.388824
Ausar Thompson,,,862af0717b53a01b5e93a188a655d663,2026-05-07,23:10,assists,3.5,-114.0,-114.0,False,fanduel,2026-05-06T14:54:07.388825
Jalen Duren,,,862af0717b53a01b5e93a188a655d663,2026-05-07,23:10,assists,2.5,130.0,-174.0,False,fanduel,2026-05-06T14:54:07.388827
Donovan Mitchell,,,862af0717b53a01b5e93a188a655d663,2026-05-07,23:10,assists,3.5,-152.0,114.0,False,fanduel,2026-05-06T14:54:07.388829
Cade Cunningham,,,862af0717b53a01b5e93a188a655d663,2026-05-07,23:10,assists,5.5,-2500.0,,True,fanduel,2026-05-06T14:54:07.388850
James Harden,,,862af0717b53a01b5e93a188a655d663,2026-05-07,23:10,assists,5.5,-250.0,,True,fanduel,2026-05-06T14:54:07.388852
Donovan Mitchell,,,862af0717b53a01b5e93a188a655d663,2026-05-07,23:10,assists,5.5,330.0,,True,fanduel,2026-05-06T14:54:07.388854
Ausar Thompson,,,862af0717b53a01b5e93a188a655d663,2026-05-07,23:10,assists,5.5,400.0,,True,fanduel,2026-05-06T14:54:07.388856
Daniss Jenkins,,,862af0717b53a01b5e93a188a655d663,2026-05-07,23:10,assists,5.5,540.0,,True,fanduel,2026-05-06T14:54:07.388858
Evan Mobley,,,862af0717b53a01b5e93a188a655d663,2026-05-07,23:10,assists,5.5,560.0,,True,fanduel,2026-05-06T14:54:07.388859
Jalen Duren,,,862af0717b53a01b5e93a188a655d663,2026-05-07,23:10,assists,5.5,1500.0,,True,fanduel,2026-05-06T14:54:07.388861
Cade Cunningham,,,862af0717b53a01b5e93a188a655d663,2026-05-07,23:10,assists,11.5,210.0,,True,fanduel,2026-05-06T14:54:07.388863
James Harden,,,862af0717b53a01b5e93a188a655d663,2026-05-07,23:10,assists,11.5,1200.0,,True,fanduel,2026-05-06T14:54:07.388864
Cade Cunningham,,,862af0717b53a01b5e93a188a655d663,2026-05-07,23:10,assists,9.5,-142.0,,True,fanduel,2026-05-06T14:54:07.388866
James Harden,,,862af0717b53a01b5e93a188a655d663,2026-05-07,23:10,assists,9.5,400.0,,True,fanduel,2026-05-06T14:54:07.388868
Cade Cunningham,,,862af0717b53a01b5e93a188a655d663,2026-05-07,23:10,assists,13.5,560.0,,True,fanduel,2026-05-06T14:54:07.388870
James Harden,,,862af0717b53a01b5e93a188a655d663,2026-05-07,23:10,assists,13.5,3500.0,,True,fanduel,2026-05-06T14:54:07.388871
Cade Cunningham,,,862af0717b53a01b5e93a188a655d663,2026-05-07,23:10,assists,7.5,-400.0,,True,fanduel,2026-05-06T14:54:07.388876
James Harden,,,862af0717b53a01b5e93a188a655d663,2026-05-07,23:10,assists,7.5,150.0,,True,fanduel,2026-05-06T14:54:07.388878
Donovan Mitchell,,,862af0717b53a01b5e93a188a655d663,2026-05-07,23:10,assists,7.5,1200.0,,True,fanduel,2026-05-06T14:54:07.388879
Ausar Thompson,,,862af0717b53a01b5e93a188a655d663,2026-05-07,23:10,assists,7.5,1500.0,,True,fanduel,2026-05-06T14:54:07.388881
Daniss Jenkins,,,862af0717b53a01b5e93a188a655d663,2026-05-07,23:10,assists,7.5,1500.0,,True,fanduel,2026-05-06T14:54:07.388883
Evan Mobley,,,862af0717b53a01b5e93a188a655d663,2026-05-07,23:10,assists,7.5,1800.0,,True,fanduel,2026-05-06T14:54:07.388884
James Harden,,,862af0717b53a01b5e93a188a655d663,2026-05-07,23:10,assists,3.5,-1600.0,,True,fanduel,2026-05-06T14:54:07.388886
Donovan Mitchell,,,862af0717b53a01b5e93a188a655d663,2026-05-07,23:10,assists,3.5,-146.0,,True,fanduel,2026-05-06T14:54:07.388888
Ausar Thompson,,,862af0717b53a01b5e93a188a655d663,2026-05-07,23:10,assists,3.5,-113.0,,True,fanduel,2026-05-06T14:54:07.388889
Evan Mobley,,,862af0717b53a01b5e93a188a655d663,2026-05-07,23:10,assists,3.5,124.0,,True,fanduel,2026-05-06T14:54:07.388891
Daniss Jenkins,,,862af0717b53a01b5e93a188a655d663,2026-05-07,23:10,assists,3.5,140.0,,True,fanduel,2026-05-06T14:54:07.388893
Jalen Duren,,,862af0717b53a01b5e93a188a655d663,2026-05-07,23:10,assists,3.5,340.0,,True,fanduel,2026-05-06T14:54:07.388895
Duncan Robinson,,,862af0717b53a01b5e93a188a655d663,2026-05-07,23:10,assists,3.5,420.0,,True,fanduel,2026-05-06T14:54:07.388897
Max Strus,,,862af0717b53a01b5e93a188a655d663,2026-05-07,23:10,assists,3.5,470.0,,True,fanduel,2026-05-06T14:54:07.388898
Tobias Harris,,,862af0717b53a01b5e93a188a655d663,2026-05-07,23:10,assists,3.5,500.0,,True,fanduel,2026-05-06T14:54:07.388900
Donovan Mitchell,,,862af0717b53a01b5e93a188a655d663,2026-05-07,23:10,assists,1.5,-1600.0,,True,fanduel,2026-05-06T14:54:07.388902
Ausar Thompson,,,862af0717b53a01b5e93a188a655d663,2026-05-07,23:10,assists,1.5,-1100.0,,True,fanduel,2026-05-06T14:54:07.388903
Evan Mobley,,,862af0717b53a01b5e93a188a655d663,2026-05-07,23:10,assists,1.5,-670.0,,True,fanduel,2026-05-06T14:54:07.388905
Daniss Jenkins,,,862af0717b53a01b5e93a188a655d663,2026-05-07,23:10,assists,1.5,-500.0,,True,fanduel,2026-05-06T14:54:07.388907
Jalen Duren,,,862af0717b53a01b5e93a188a655d663,2026-05-07,23:10,assists,1.5,-245.0,,True,fanduel,2026-05-06T14:54:07.388908
Duncan Robinson,,,862af0717b53a01b5e93a188a655d663,2026-05-07,23:10,assists,1.5,-205.0,,True,fanduel,2026-05-06T14:54:07.388910
Tobias Harris,,,862af0717b53a01b5e93a188a655d663,2026-05-07,23:10,assists,1.5,-172.0,,True,fanduel,2026-05-06T14:54:07.388912
Max Strus,,,862af0717b53a01b5e93a188a655d663,2026-05-07,23:10,assists,1.5,-154.0,,True,fanduel,2026-05-06T14:54:07.388914
Duncan Robinson,,,862af0717b53a01b5e93a188a655d663,2026-05-07,23:10,points,11.5,-104.0,-128.0,False,fanduel,2026-05-06T14:54:07.388929
Tobias Harris,,,862af0717b53a01b5e93a188a655d663,2026-05-07,23:10,points,17.5,-132.0,100.0,False,fanduel,2026-05-06T14:54:07.388931
Ausar Thompson,,,862af0717b53a01b5e93a188a655d663,2026-05-07,23:10,points,9.5,-132.0,100.0,False,fanduel,2026-05-06T14:54:07.388933
Dean Wade,,,862af0717b53a01b5e93a188a655d663,2026-05-07,23:10,points,4.5,-112.0,-118.0,False,fanduel,2026-05-06T14:54:07.388935
Cade Cunningham,,,862af0717b53a01b5e93a188a655d663,2026-05-07,23:10,points,27.5,-112.0,-118.0,False,fanduel,2026-05-06T14:54:07.388936
James Harden,,,862af0717b53a01b5e93a188a655d663,2026-05-07,23:10,points,18.5,-112.0,-118.0,False,fanduel,2026-05-06T14:54:07.388938
Jalen Duren,,,862af0717b53a01b5e93a188a655d663,2026-05-07,23:10,points,14.5,-104.0,-128.0,False,fanduel,2026-05-06T14:54:07.388940
Donovan Mitchell,,,862af0717b53a01b5e93a188a655d663,2026-05-07,23:10,points,24.5,-106.0,-125.0,False,fanduel,2026-05-06T14:54:07.388941
Isaiah Stewart II,,,862af0717b53a01b5e93a188a655d663,2026-05-07,23:10,points,3.5,-132.0,100.0,False,fanduel,2026-05-06T14:54:07.388943
Daniss Jenkins,,,862af0717b53a01b5e93a188a655d663,2026-05-07,23:10,points,7.5,-130.0,-102.0,False,fanduel,2026-05-06T14:54:07.388945
Jarrett Allen,,,862af0717b53a01b5e93a188a655d663,2026-05-07,23:10,points,10.5,-132.0,100.0,False,fanduel,2026-05-06T14:54:07.388947
Max Strus,,,862af0717b53a01b5e93a188a655d663,2026-05-07,23:10,points,9.5,-136.0,102.0,False,fanduel,2026-05-06T14:54:07.388948
Evan Mobley,,,862af0717b53a01b5e93a188a655d663,2026-05-07,23:10,points,15.5,100.0,-132.0,False,fanduel,2026-05-06T14:54:07.388950
James Harden,,,862af0717b53a01b5e93a188a655d663,2026-05-07,23:10,points,9.5,-2500.0,,True,fanduel,2026-05-06T14:54:07.388979
Tobias Harris,,,862af0717b53a01b5e93a188a655d663,2026-05-07,23:10,points,9.5,-2500.0,,True,fanduel,2026-05-06T14:54:07.388981
Evan Mobley,,,862af0717b53a01b5e93a188a655d663,2026-05-07,23:10,points,9.5,-670.0,,True,fanduel,2026-05-06T14:54:07.388983
Jalen Duren,,,862af0717b53a01b5e93a188a655d663,2026-05-07,23:10,points,9.5,-520.0,,True,fanduel,2026-05-06T14:54:07.388984
Duncan Robinson,,,862af0717b53a01b5e93a188a655d663,2026-05-07,23:10,points,9.5,-184.0,,True,fanduel,2026-05-06T14:54:07.388986
Jarrett Allen,,,862af0717b53a01b5e93a188a655d663,2026-05-07,23:10,points,9.5,-180.0,,True,fanduel,2026-05-06T14:54:07.388988
Max Strus,,,862af0717b53a01b5e93a188a655d663,2026-05-07,23:10,points,9.5,-130.0,,True,fanduel,2026-05-06T14:54:07.388989
Ausar Thompson,,,862af0717b53a01b5e93a188a655d663,2026-05-07,23:10,points,9.5,-128.0,,True,fanduel,2026-05-06T14:54:07.388991
Daniss Jenkins,,,862af0717b53a01b5e93a188a655d663,2026-05-07,23:10,points,9.5,146.0,,True,fanduel,2026-05-06T14:54:07.388993
Dean Wade,,,862af0717b53a01b5e93a188a655d663,2026-05-07,23:10,points,9.5,680.0,,True,fanduel,2026-05-06T14:54:07.388995
Isaiah Stewart II,,,862af0717b53a01b5e93a188a655d663,2026-05-07,23:10,points,9.5,680.0,,True,fanduel,2026-05-06T14:54:07.388997
Cade Cunningham,,,862af0717b53a01b5e93a188a655d663,2026-05-07,23:10,points,19.5,-770.0,,True,fanduel,2026-05-06T14:54:07.388998
Donovan Mitchell,,,862af0717b53a01b5e93a188a655d663,2026-05-07,23:10,points,19.5,-330.0,,True,fanduel,2026-05-06T14:54:07.389000
James Harden,,,862af0717b53a01b5e93a188a655d663,2026-05-07,23:10,points,19.5,116.0,,True,fanduel,2026-05-06T14:54:07.389002
Tobias Harris,,,862af0717b53a01b5e93a188a655d663,2026-05-07,23:10,points,19.5,132.0,,True,fanduel,2026-05-06T14:54:07.389003
Evan Mobley,,,862af0717b53a01b5e93a188a655d663,2026-05-07,23:10,points,19.5,280.0,,True,fanduel,2026-05-06T14:54:07.389007
Jalen Duren,,,862af0717b53a01b5e93a188a655d663,2026-05-07,23:10,points,19.5,360.0,,True,fanduel,2026-05-06T14:54:07.389009
Duncan Robinson,,,862af0717b53a01b5e93a188a655d663,2026-05-07,23:10,points,19.5,750.0,,True,fanduel,2026-05-06T14:54:07.389011
Jarrett Allen,,,862af0717b53a01b5e93a188a655d663,2026-05-07,23:10,points,19.5,830.0,,True,fanduel,2026-05-06T14:54:07.389012
Max Strus,,,862af0717b53a01b5e93a188a655d663,2026-05-07,23:10,points,19.5,1000.0,,True,fanduel,2026-05-06T14:54:07.389014
Ausar Thompson,,,862af0717b53a01b5e93a188a655d663,2026-05-07,23:10,points,19.5,1400.0,,True,fanduel,2026-05-06T14:54:07.389016
Daniss Jenkins,,,862af0717b53a01b5e93a188a655d663,2026-05-07,23:10,points,19.5,1500.0,,True,fanduel,2026-05-06T14:54:07.389018
Cade Cunningham,,,862af0717b53a01b5e93a188a655d663,2026-05-07,23:10,points,14.5,-7000.0,,True,fanduel,2026-05-06T14:54:07.389019
Donovan Mitchell,,,862af0717b53a01b5e93a188a655d663,2026-05-07,23:10,points,14.5,-1600.0,,True,fanduel,2026-05-06T14:54:07.389021
James Harden,,,862af0717b53a01b5e93a188a655d663,2026-05-07,23:10,points,14.5,-330.0,,True,fanduel,2026-05-06T14:54:07.389023
Tobias Harris,,,862af0717b53a01b5e93a188a655d663,2026-05-07,23:10,points,14.5,-295.0,,True,fanduel,2026-05-06T14:54:07.389024
Evan Mobley,,,862af0717b53a01b5e93a188a655d663,2026-05-07,23:10,points,14.5,-132.0,,True,fanduel,2026-05-06T14:54:07.389026
Jalen Duren,,,862af0717b53a01b5e93a188a655d663,2026-05-07,23:10,points,14.5,-104.0,,True,fanduel,2026-05-06T14:54:07.389028
Duncan Robinson,,,862af0717b53a01b5e93a188a655d663,2026-05-07,23:10,points,14.5,220.0,,True,fanduel,2026-05-06T14:54:07.389029
Jarrett Allen,,,862af0717b53a01b5e93a188a655d663,2026-05-07,23:10,points,14.5,240.0,,True,fanduel,2026-05-06T14:54:07.389031
Max Strus,,,862af0717b53a01b5e93a188a655d663,2026-05-07,23:10,points,14.5,290.0,,True,fanduel,2026-05-06T14:54:07.389033
Ausar Thompson,,,862af0717b53a01b5e93a188a655d663,2026-05-07,23:10,points,14.5,350.0,,True,fanduel,2026-05-06T14:54:07.389035
Daniss Jenkins,,,862af0717b53a01b5e93a188a655d663,2026-05-07,23:10,points,14.5,540.0,,True,fanduel,2026-05-06T14:54:07.389036
Cade Cunningham,,,862af0717b53a01b5e93a188a655d663,2026-05-07,23:10,points,34.5,370.0,,True,fanduel,2026-05-06T14:54:07.389038
Donovan Mitchell,,,862af0717b53a01b5e93a188a655d663,2026-05-07,23:10,points,34.5,600.0,,True,fanduel,2026-05-06T14:54:07.389040
James Harden,,,862af0717b53a01b5e93a188a655d663,2026-05-07,23:10,points,34.5,2500.0,,True,fanduel,2026-05-06T14:54:07.389041
Tobias Harris,,,862af0717b53a01b5e93a188a655d663,2026-05-07,23:10,points,34.5,3500.0,,True,fanduel,2026-05-06T14:54:07.389043
Donovan Mitchell,,,862af0717b53a01b5e93a188a655d663,2026-05-07,23:10,points,44.5,3500.0,,True,fanduel,2026-05-06T14:54:07.389045
Cade Cunningham,,,862af0717b53a01b5e93a188a655d663,2026-05-07,23:10,points,44.5,2500.0,,True,fanduel,2026-05-06T14:54:07.389047
Cade Cunningham,,,862af0717b53a01b5e93a188a655d663,2026-05-07,23:10,points,39.5,1060.0,,True,fanduel,2026-05-06T14:54:07.389048
Donovan Mitchell,,,862af0717b53a01b5e93a188a655d663,2026-05-07,23:10,points,39.5,1500.0,,True,fanduel,2026-05-06T14:54:07.389050
Cade Cunningham,,,862af0717b53a01b5e93a188a655d663,2026-05-07,23:10,points,29.5,138.0,,True,fanduel,2026-05-06T14:54:07.389052
Donovan Mitchell,,,862af0717b53a01b5e93a188a655d663,2026-05-07,23:10,points,29.5,255.0,,True,fanduel,2026-05-06T14:54:07.389053
James Harden,,,862af0717b53a01b5e93a188a655d663,2026-05-07,23:10,points,29.5,1000.0,,True,fanduel,2026-05-06T14:54:07.389055
Tobias Harris,,,862af0717b53a01b5e93a188a655d663,2026-05-07,23:10,points,29.5,1200.0,,True,fanduel,2026-05-06T14:54:07.389057
Evan Mobley,,,862af0717b53a01b5e93a188a655d663,2026-05-07,23:10,points,29.5,2200.0,,True,fanduel,2026-05-06T14:54:07.389058
Cade Cunningham,,,862af0717b53a01b5e93a188a655d663,2026-05-07,23:10,points,24.5,-215.0,,True,fanduel,2026-05-06T14:54:07.389060
Donovan Mitchell,,,862af0717b53a01b5e93a188a655d663,2026-05-07,23:10,points,24.5,-104.0,,True,fanduel,2026-05-06T14:54:07.389062
James Harden,,,862af0717b53a01b5e93a188a655d663,2026-05-07,23:10,points,24.5,350.0,,True,fanduel,2026-05-06T14:54:07.389063
Tobias Harris,,,862af0717b53a01b5e93a188a655d663,2026-05-07,23:10,points,24.5,430.0,,True,fanduel,2026-05-06T14:54:07.389065
Evan Mobley,,,862af0717b53a01b5e93a188a655d663,2026-05-07,23:10,points,24.5,870.0,,True,fanduel,2026-05-06T14:54:07.389067
Jalen Duren,,,862af0717b53a01b5e93a188a655d663,2026-05-07,23:10,points,24.5,1200.0,,True,fanduel,2026-05-06T14:54:07.389068
Duncan Robinson,,,862af0717b53a01b5e93a188a655d663,2026-05-07,23:10,points,24.5,1800.0,,True,fanduel,2026-05-06T14:54:07.389070
Jarrett Allen,,,862af0717b53a01b5e93a188a655d663,2026-05-07,23:10,points,24.5,2000.0,,True,fanduel,2026-05-06T14:54:07.389072
Evan Mobley,,,862af0717b53a01b5e93a188a655d663,2026-05-07,23:10,rebounds,8.5,-104.0,-128.0,False,fanduel,2026-05-06T14:54:07.389086
Jarrett Allen,,,862af0717b53a01b5e93a188a655d663,2026-05-07,23:10,rebounds,7.5,114.0,-152.0,False,fanduel,2026-05-06T14:54:07.389088
Dean Wade,,,862af0717b53a01b5e93a188a655d663,2026-05-07,23:10,rebounds,3.5,104.0,-138.0,False,fanduel,2026-05-06T14:54:07.389090
Ausar Thompson,,,862af0717b53a01b5e93a188a655d663,2026-05-07,23:10,rebounds,6.5,-154.0,116.0,False,fanduel,2026-05-06T14:54:07.389091
Isaiah Stewart II,,,862af0717b53a01b5e93a188a655d663,2026-05-07,23:10,rebounds,2.5,-136.0,102.0,False,fanduel,2026-05-06T14:54:07.389093
Tobias Harris,,,862af0717b53a01b5e93a188a655d663,2026-05-07,23:10,rebounds,6.5,-102.0,-130.0,False,fanduel,2026-05-06T14:54:07.389095
James Harden,,,862af0717b53a01b5e93a188a655d663,2026-05-07,23:10,rebounds,4.5,-152.0,114.0,False,fanduel,2026-05-06T14:54:07.389096
Cade Cunningham,,,862af0717b53a01b5e93a188a655d663,2026-05-07,23:10,rebounds,5.5,-102.0,-130.0,False,fanduel,2026-05-06T14:54:07.389098
Donovan Mitchell,,,862af0717b53a01b5e93a188a655d663,2026-05-07,23:10,rebounds,3.5,-162.0,122.0,False,fanduel,2026-05-06T14:54:07.389100
Jalen Duren,,,862af0717b53a01b5e93a188a655d663,2026-05-07,23:10,rebounds,11.5,102.0,-136.0,False,fanduel,2026-05-06T14:54:07.389101
Jarrett Allen,,,862af0717b53a01b5e93a188a655d663,2026-05-07,23:10,rebounds,3.5,-1800.0,,True,fanduel,2026-05-06T14:54:07.389129
Ausar Thompson,,,862af0717b53a01b5e93a188a655d663,2026-05-07,23:10,rebounds,3.5,-1800.0,,True,fanduel,2026-05-06T14:54:07.389131
Tobias Harris,,,862af0717b53a01b5e93a188a655d663,2026-05-07,23:10,rebounds,3.5,-1200.0,,True,fanduel,2026-05-06T14:54:07.389133
Cade Cunningham,,,862af0717b53a01b5e93a188a655d663,2026-05-07,23:10,rebounds,3.5,-500.0,,True,fanduel,2026-05-06T14:54:07.389134
James Harden,,,862af0717b53a01b5e93a188a655d663,2026-05-07,23:10,rebounds,3.5,-340.0,,True,fanduel,2026-05-06T14:54:07.389136
Max Strus,,,862af0717b53a01b5e93a188a655d663,2026-05-07,23:10,rebounds,3.5,-166.0,,True,fanduel,2026-05-06T14:54:07.389138
Donovan Mitchell,,,862af0717b53a01b5e93a188a655d663,2026-05-07,23:10,rebounds,3.5,-160.0,,True,fanduel,2026-05-06T14:54:07.389139
Dean Wade,,,862af0717b53a01b5e93a188a655d663,2026-05-07,23:10,rebounds,3.5,106.0,,True,fanduel,2026-05-06T14:54:07.389141
Isaiah Stewart II,,,862af0717b53a01b5e93a188a655d663,2026-05-07,23:10,rebounds,3.5,164.0,,True,fanduel,2026-05-06T14:54:07.389143
Duncan Robinson,,,862af0717b53a01b5e93a188a655d663,2026-05-07,23:10,rebounds,3.5,360.0,,True,fanduel,2026-05-06T14:54:07.389145
Daniss Jenkins,,,862af0717b53a01b5e93a188a655d663,2026-05-07,23:10,rebounds,3.5,420.0,,True,fanduel,2026-05-06T14:54:07.389147
Jalen Duren,,,862af0717b53a01b5e93a188a655d663,2026-05-07,23:10,rebounds,9.5,-280.0,,True,fanduel,2026-05-06T14:54:07.389148
Evan Mobley,,,862af0717b53a01b5e93a188a655d663,2026-05-07,23:10,rebounds,9.5,138.0,,True,fanduel,2026-05-06T14:54:07.389150
Jarrett Allen,,,862af0717b53a01b5e93a188a655d663,2026-05-07,23:10,rebounds,9.5,265.0,,True,fanduel,2026-05-06T14:54:07.389152
Ausar Thompson,,,862af0717b53a01b5e93a188a655d663,2026-05-07,23:10,rebounds,9.5,300.0,,True,fanduel,2026-05-06T14:54:07.389153
Tobias Harris,,,862af0717b53a01b5e93a188a655d663,2026-05-07,23:10,rebounds,9.5,470.0,,True,fanduel,2026-05-06T14:54:07.389155
Cade Cunningham,,,862af0717b53a01b5e93a188a655d663,2026-05-07,23:10,rebounds,9.5,830.0,,True,fanduel,2026-05-06T14:54:07.389157
James Harden,,,862af0717b53a01b5e93a188a655d663,2026-05-07,23:10,rebounds,9.5,1300.0,,True,fanduel,2026-05-06T14:54:07.389158
Max Strus,,,862af0717b53a01b5e93a188a655d663,2026-05-07,23:10,rebounds,9.5,1800.0,,True,fanduel,2026-05-06T14:54:07.389160
Jalen Duren,,,862af0717b53a01b5e93a188a655d663,2026-05-07,23:10,rebounds,7.5,-720.0,,True,fanduel,2026-05-06T14:54:07.389162
Evan Mobley,,,862af0717b53a01b5e93a188a655d663,2026-05-07,23:10,rebounds,7.5,-184.0,,True,fanduel,2026-05-06T14:54:07.389164
Jarrett Allen,,,862af0717b53a01b5e93a188a655d663,2026-05-07,23:10,rebounds,7.5,114.0,,True,fanduel,2026-05-06T14:54:07.389166
Ausar Thompson,,,862af0717b53a01b5e93a188a655d663,2026-05-07,23:10,rebounds,7.5,122.0,,True,fanduel,2026-05-06T14:54:07.389167
Tobias Harris,,,862af0717b53a01b5e93a188a655d663,2026-05-07,23:10,rebounds,7.5,176.0,,True,fanduel,2026-05-06T14:54:07.389169
Cade Cunningham,,,862af0717b53a01b5e93a188a655d663,2026-05-07,23:10,rebounds,7.5,360.0,,True,fanduel,2026-05-06T14:54:07.389171
James Harden,,,862af0717b53a01b5e93a188a655d663,2026-05-07,23:10,rebounds,7.5,500.0,,True,fanduel,2026-05-06T14:54:07.389172
Max Strus,,,862af0717b53a01b5e93a188a655d663,2026-05-07,23:10,rebounds,7.5,870.0,,True,fanduel,2026-05-06T14:54:07.389174
Donovan Mitchell,,,862af0717b53a01b5e93a188a655d663,2026-05-07,23:10,rebounds,7.5,1060.0,,True,fanduel,2026-05-06T14:54:07.389176
Dean Wade,,,862af0717b53a01b5e93a188a655d663,2026-05-07,23:10,rebounds,7.5,1500.0,,True,fanduel,2026-05-06T14:54:07.389178
Isaiah Stewart II,,,862af0717b53a01b5e93a188a655d663,2026-05-07,23:10,rebounds,7.5,1500.0,,True,fanduel,2026-05-06T14:54:07.389180
Jalen Duren,,,862af0717b53a01b5e93a188a655d663,2026-05-07,23:10,rebounds,15.5,600.0,,True,fanduel,2026-05-06T14:54:07.389181
Evan Mobley,,,862af0717b53a01b5e93a188a655d663,2026-05-07,23:10,rebounds,15.5,1800.0,,True,fanduel,2026-05-06T14:54:07.389183
Jarrett Allen,,,862af0717b53a01b5e93a188a655d663,2026-05-07,23:10,rebounds,15.5,3500.0,,True,fanduel,2026-05-06T14:54:07.389185
Jalen Duren,,,862af0717b53a01b5e93a188a655d663,2026-05-07,23:10,rebounds,11.5,102.0,,True,fanduel,2026-05-06T14:54:07.389187
Evan Mobley,,,862af0717b53a01b5e93a188a655d663,2026-05-07,23:10,rebounds,11.5,360.0,,True,fanduel,2026-05-06T14:54:07.389188
Jarrett Allen,,,862af0717b53a01b5e93a188a655d663,2026-05-07,23:10,rebounds,11.5,680.0,,True,fanduel,2026-05-06T14:54:07.389190
Ausar Thompson,,,862af0717b53a01b5e93a188a655d663,2026-05-07,23:10,rebounds,11.5,870.0,,True,fanduel,2026-05-06T14:54:07.389192
Tobias Harris,,,862af0717b53a01b5e93a188a655d663,2026-05-07,23:10,rebounds,11.5,1300.0,,True,fanduel,2026-05-06T14:54:07.389194
Cade Cunningham,,,862af0717b53a01b5e93a188a655d663,2026-05-07,23:10,rebounds,11.5,2500.0,,True,fanduel,2026-05-06T14:54:07.389195
Evan Mobley,,,862af0717b53a01b5e93a188a655d663,2026-05-07,23:10,rebounds,5.5,-650.0,,True,fanduel,2026-05-06T14:54:07.389197
Jarrett Allen,,,862af0717b53a01b5e93a188a655d663,2026-05-07,23:10,rebounds,5.5,-310.0,,True,fanduel,2026-05-06T14:54:07.389199
Ausar Thompson,,,862af0717b53a01b5e93a188a655d663,2026-05-07,23:10,rebounds,5.5,-295.0,,True,fanduel,2026-05-06T14:54:07.389200
Tobias Harris,,,862af0717b53a01b5e93a188a655d663,2026-05-07,23:10,rebounds,5.5,-200.0,,True,fanduel,2026-05-06T14:54:07.389202
Cade Cunningham,,,862af0717b53a01b5e93a188a655d663,2026-05-07,23:10,rebounds,5.5,100.0,,True,fanduel,2026-05-06T14:54:07.389204
James Harden,,,862af0717b53a01b5e93a188a655d663,2026-05-07,23:10,rebounds,5.5,142.0,,True,fanduel,2026-05-06T14:54:07.389206
Max Strus,,,862af0717b53a01b5e93a188a655d663,2026-05-07,23:10,rebounds,5.5,250.0,,True,fanduel,2026-05-06T14:54:07.389207
Donovan Mitchell,,,862af0717b53a01b5e93a188a655d663,2026-05-07,23:10,rebounds,5.5,300.0,,True,fanduel,2026-05-06T14:54:07.389209
Dean Wade,,,862af0717b53a01b5e93a188a655d663,2026-05-07,23:10,rebounds,5.5,470.0,,True,fanduel,2026-05-06T14:54:07.389211
Isaiah Stewart II,,,862af0717b53a01b5e93a188a655d663,2026-05-07,23:10,rebounds,5.5,560.0,,True,fanduel,2026-05-06T14:54:07.389212
Jalen Duren,,,862af0717b53a01b5e93a188a655d663,2026-05-07,23:10,rebounds,13.5,255.0,,True,fanduel,2026-05-06T14:54:07.389214
Evan Mobley,,,862af0717b53a01b5e93a188a655d663,2026-05-07,23:10,rebounds,13.5,900.0,,True,fanduel,2026-05-06T14:54:07.389216
Jarrett Allen,,,862af0717b53a01b5e93a188a655d663,2026-05-07,23:10,rebounds,13.5,1500.0,,True,fanduel,2026-05-06T14:54:07.389218
Ausar Thompson,,,862af0717b53a01b5e93a188a655d663,2026-05-07,23:10,rebounds,13.5,2000.0,,True,fanduel,2026-05-06T14:54:07.389219
Daniss Jenkins,,,862af0717b53a01b5e93a188a655d663,2026-05-07,23:10,threes,1.5,178.0,-245.0,False,fanduel,2026-05-06T14:54:07.389231
Max Strus,,,862af0717b53a01b5e93a188a655d663,2026-05-07,23:10,threes,2.5,130.0,-174.0,False,fanduel,2026-05-06T14:54:07.389233
Cade Cunningham,,,862af0717b53a01b5e93a188a655d663,2026-05-07,23:10,threes,2.5,122.0,-162.0,False,fanduel,2026-05-06T14:54:07.389235
James Harden,,,862af0717b53a01b5e93a188a655d663,2026-05-07,23:10,threes,2.5,108.0,-144.0,False,fanduel,2026-05-06T14:54:07.389237
Donovan Mitchell,,,862af0717b53a01b5e93a188a655d663,2026-05-07,23:10,threes,2.5,-108.0,-122.0,False,fanduel,2026-05-06T14:54:07.389238
Duncan Robinson,,,862af0717b53a01b5e93a188a655d663,2026-05-07,23:10,threes,2.5,-140.0,106.0,False,fanduel,2026-05-06T14:54:07.389240
Evan Mobley,,,862af0717b53a01b5e93a188a655d663,2026-05-07,23:10,threes,0.5,-225.0,164.0,False,fanduel,2026-05-06T14:54:07.389242
Tobias Harris,,,862af0717b53a01b5e93a188a655d663,2026-05-07,23:10,threes,1.5,116.0,-154.0,False,fanduel,2026-05-06T14:54:07.389244
Donovan Mitchell,,,862af0717b53a01b5e93a188a655d663,2026-05-07,23:10,threes,5.5,1200.0,,True,fanduel,2026-05-06T14:54:07.389267
James Harden,,,862af0717b53a01b5e93a188a655d663,2026-05-07,23:10,threes,5.5,1300.0,,True,fanduel,2026-05-06T14:54:07.389269
Max Strus,,,862af0717b53a01b5e93a188a655d663,2026-05-07,23:10,threes,5.5,1500.0,,True,fanduel,2026-05-06T14:54:07.389271
Duncan Robinson,,,862af0717b53a01b5e93a188a655d663,2026-05-07,23:10,threes,5.5,900.0,,True,fanduel,2026-05-06T14:54:07.389273
Cade Cunningham,,,862af0717b53a01b5e93a188a655d663,2026-05-07,23:10,threes,5.5,1500.0,,True,fanduel,2026-05-06T14:54:07.389275
Duncan Robinson,,,862af0717b53a01b5e93a188a655d663,2026-05-07,23:10,threes,2.5,-138.0,,True,fanduel,2026-05-06T14:54:07.389276
Donovan Mitchell,,,862af0717b53a01b5e93a188a655d663,2026-05-07,23:10,threes,2.5,-106.0,,True,fanduel,2026-05-06T14:54:07.389278
James Harden,,,862af0717b53a01b5e93a188a655d663,2026-05-07,23:10,threes,2.5,112.0,,True,fanduel,2026-05-06T14:54:07.389280
Cade Cunningham,,,862af0717b53a01b5e93a188a655d663,2026-05-07,23:10,threes,2.5,124.0,,True,fanduel,2026-05-06T14:54:07.389281
Max Strus,,,862af0717b53a01b5e93a188a655d663,2026-05-07,23:10,threes,2.5,132.0,,True,fanduel,2026-05-06T14:54:07.389283
Tobias Harris,,,862af0717b53a01b5e93a188a655d663,2026-05-07,23:10,threes,2.5,390.0,,True,fanduel,2026-05-06T14:54:07.389285
Daniss Jenkins,,,862af0717b53a01b5e93a188a655d663,2026-05-07,23:10,threes,2.5,520.0,,True,fanduel,2026-05-06T14:54:07.389286
Evan Mobley,,,862af0717b53a01b5e93a188a655d663,2026-05-07,23:10,threes,2.5,800.0,,True,fanduel,2026-05-06T14:54:07.389288
James Harden,,,862af0717b53a01b5e93a188a655d663,2026-05-07,23:10,threes,6.5,3000.0,,True,fanduel,2026-05-06T14:54:07.389290
Donovan Mitchell,,,862af0717b53a01b5e93a188a655d663,2026-05-07,23:10,threes,6.5,2200.0,,True,fanduel,2026-05-06T14:54:07.389292
Max Strus,,,862af0717b53a01b5e93a188a655d663,2026-05-07,23:10,threes,6.5,3500.0,,True,fanduel,2026-05-06T14:54:07.389293
Duncan Robinson,,,862af0717b53a01b5e93a188a655d663,2026-05-07,23:10,threes,6.5,1700.0,,True,fanduel,2026-05-06T14:54:07.389295
Duncan Robinson,,,862af0717b53a01b5e93a188a655d663,2026-05-07,23:10,threes,4.5,450.0,,True,fanduel,2026-05-06T14:54:07.389297
Donovan Mitchell,,,862af0717b53a01b5e93a188a655d663,2026-05-07,23:10,threes,4.5,600.0,,True,fanduel,2026-05-06T14:54:07.389298
James Harden,,,862af0717b53a01b5e93a188a655d663,2026-05-07,23:10,threes,4.5,700.0,,True,fanduel,2026-05-06T14:54:07.389300
Max Strus,,,862af0717b53a01b5e93a188a655d663,2026-05-07,23:10,threes,4.5,700.0,,True,fanduel,2026-05-06T14:54:07.389302
Cade Cunningham,,,862af0717b53a01b5e93a188a655d663,2026-05-07,23:10,threes,4.5,750.0,,True,fanduel,2026-05-06T14:54:07.389304
Duncan Robinson,,,862af0717b53a01b5e93a188a655d663,2026-05-07,23:10,threes,7.5,4000.0,,True,fanduel,2026-05-06T14:54:07.389305
Duncan Robinson,,,862af0717b53a01b5e93a188a655d663,2026-05-07,23:10,threes,3.5,190.0,,True,fanduel,2026-05-06T14:54:07.389307
Donovan Mitchell,,,862af0717b53a01b5e93a188a655d663,2026-05-07,23:10,threes,3.5,240.0,,True,fanduel,2026-05-06T14:54:07.389309
James Harden,,,862af0717b53a01b5e93a188a655d663,2026-05-07,23:10,threes,3.5,285.0,,True,fanduel,2026-05-06T14:54:07.389311
Cade Cunningham,,,862af0717b53a01b5e93a188a655d663,2026-05-07,23:10,threes,3.5,320.0,,True,fanduel,2026-05-06T14:54:07.389313
Max Strus,,,862af0717b53a01b5e93a188a655d663,2026-05-07,23:10,threes,3.5,320.0,,True,fanduel,2026-05-06T14:54:07.389314
Tobias Harris,,,862af0717b53a01b5e93a188a655d663,2026-05-07,23:10,threes,3.5,1060.0,,True,fanduel,2026-05-06T14:54:07.389316
Daniss Jenkins,,,862af0717b53a01b5e93a188a655d663,2026-05-07,23:10,threes,3.5,1200.0,,True,fanduel,2026-05-06T14:54:07.389318
Evan Mobley,,,862af0717b53a01b5e93a188a655d663,2026-05-07,23:10,threes,3.5,1800.0,,True,fanduel,2026-05-06T14:54:07.389319
Duncan Robinson,,,862af0717b53a01b5e93a188a655d663,2026-05-07,23:10,threes,1.5,-440.0,,True,fanduel,2026-05-06T14:54:07.389321
Donovan Mitchell,,,862af0717b53a01b5e93a188a655d663,2026-05-07,23:10,threes,1.5,-330.0,,True,fanduel,2026-05-06T14:54:07.389323
James Harden,,,862af0717b53a01b5e93a188a655d663,2026-05-07,23:10,threes,1.5,-295.0,,True,fanduel,2026-05-06T14:54:07.389324
Cade Cunningham,,,862af0717b53a01b5e93a188a655d663,2026-05-07,23:10,threes,1.5,-265.0,,True,fanduel,2026-05-06T14:54:07.389326
Max Strus,,,862af0717b53a01b5e93a188a655d663,2026-05-07,23:10,threes,1.5,-230.0,,True,fanduel,2026-05-06T14:54:07.389328
Tobias Harris,,,862af0717b53a01b5e93a188a655d663,2026-05-07,23:10,threes,1.5,120.0,,True,fanduel,2026-05-06T14:54:07.389329
Daniss Jenkins,,,862af0717b53a01b5e93a188a655d663,2026-05-07,23:10,threes,1.5,180.0,,True,fanduel,2026-05-06T14:54:07.389331
Evan Mobley,,,862af0717b53a01b5e93a188a655d663,2026-05-07,23:10,threes,1.5,230.0,,True,fanduel,2026-05-06T14:54:07.389333
Duncan Robinson,,,862af0717b53a01b5e93a188a655d663,2026-05-07,23:10,threes,0.5,-3500.0,,True,fanduel,2026-05-06T14:54:07.389334
Donovan Mitchell,,,862af0717b53a01b5e93a188a655d663,2026-05-07,23:10,threes,0.5,-2500.0,,True,fanduel,2026-05-06T14:54:07.389336
James Harden,,,862af0717b53a01b5e93a188a655d663,2026-05-07,23:10,threes,0.5,-2000.0,,True,fanduel,2026-05-06T14:54:07.389338
Cade Cunningham,,,862af0717b53a01b5e93a188a655d663,2026-05-07,23:10,threes,0.5,-1800.0,,True,fanduel,2026-05-06T14:54:07.389339
Max Strus,,,862af0717b53a01b5e93a188a655d663,2026-05-07,23:10,threes,0.5,-1400.0,,True,fanduel,2026-05-06T14:54:07.389341
Tobias Harris,,,862af0717b53a01b5e93a188a655d663,2026-05-07,23:10,threes,0.5,-430.0,,True,fanduel,2026-05-06T14:54:07.389343
Daniss Jenkins,,,862af0717b53a01b5e93a188a655d663,2026-05-07,23:10,threes,0.5,-260.0,,True,fanduel,2026-05-06T14:54:07.389344
Evan Mobley,,,862af0717b53a01b5e93a188a655d663,2026-05-07,23:10,threes,0.5,-215.0,,True,fanduel,2026-05-06T14:54:07.389346
LeBron James,,,a306b74e13d87d2f8d64b1e01c2cf958,2026-05-08,01:40,assists,7.5,-118.0,-112.0,False,fanduel,2026-05-06T14:54:07.489742
Marcus Smart,,,a306b74e13d87d2f8d64b1e01c2cf958,2026-05-08,01:40,assists,3.5,-114.0,-114.0,False,fanduel,2026-05-06T14:54:07.489744
Shai Gilgeous-Alexander,,,a306b74e13d87d2f8d64b1e01c2cf958,2026-05-08,01:40,assists,7.5,110.0,-146.0,False,fanduel,2026-05-06T14:54:07.489745
Chet Holmgren,,,a306b74e13d87d2f8d64b1e01c2cf958,2026-05-08,01:40,assists,1.5,102.0,-136.0,False,fanduel,2026-05-06T14:54:07.489747
Austin Reaves,,,a306b74e13d87d2f8d64b1e01c2cf958,2026-05-08,01:40,assists,5.5,116.0,-152.0,False,fanduel,2026-05-06T14:54:07.489749
Isaiah Hartenstein,,,a306b74e13d87d2f8d64b1e01c2cf958,2026-05-08,01:40,assists,3.5,140.0,-188.0,False,fanduel,2026-05-06T14:54:07.489750
Luke Kennard,,,a306b74e13d87d2f8d64b1e01c2cf958,2026-05-08,01:40,assists,1.5,-178.0,132.0,False,fanduel,2026-05-06T14:54:07.489752
Ajay Mitchell,,,a306b74e13d87d2f8d64b1e01c2cf958,2026-05-08,01:40,assists,3.5,-125.0,-106.0,False,fanduel,2026-05-06T14:54:07.489754
LeBron James,,,a306b74e13d87d2f8d64b1e01c2cf958,2026-05-08,01:40,assists,5.5,-430.0,,True,fanduel,2026-05-06T14:54:07.489770
Shai Gilgeous-Alexander,,,a306b74e13d87d2f8d64b1e01c2cf958,2026-05-08,01:40,assists,5.5,-350.0,,True,fanduel,2026-05-06T14:54:07.489772
Austin Reaves,,,a306b74e13d87d2f8d64b1e01c2cf958,2026-05-08,01:40,assists,5.5,116.0,,True,fanduel,2026-05-06T14:54:07.489774
Ajay Mitchell,,,a306b74e13d87d2f8d64b1e01c2cf958,2026-05-08,01:40,assists,5.5,390.0,,True,fanduel,2026-05-06T14:54:07.489775
Marcus Smart,,,a306b74e13d87d2f8d64b1e01c2cf958,2026-05-08,01:40,assists,5.5,400.0,,True,fanduel,2026-05-06T14:54:07.489777
Isaiah Hartenstein,,,a306b74e13d87d2f8d64b1e01c2cf958,2026-05-08,01:40,assists,5.5,630.0,,True,fanduel,2026-05-06T14:54:07.489779
LeBron James,,,a306b74e13d87d2f8d64b1e01c2cf958,2026-05-08,01:40,assists,9.5,215.0,,True,fanduel,2026-05-06T14:54:07.489780
Shai Gilgeous-Alexander,,,a306b74e13d87d2f8d64b1e01c2cf958,2026-05-08,01:40,assists,9.5,300.0,,True,fanduel,2026-05-06T14:54:07.489782
Austin Reaves,,,a306b74e13d87d2f8d64b1e01c2cf958,2026-05-08,01:40,assists,9.5,1100.0,,True,fanduel,2026-05-06T14:54:07.489784
LeBron James,,,a306b74e13d87d2f8d64b1e01c2cf958,2026-05-08,01:40,assists,11.5,600.0,,True,fanduel,2026-05-06T14:54:07.489787
Shai Gilgeous-Alexander,,,a306b74e13d87d2f8d64b1e01c2cf958,2026-05-08,01:40,assists,11.5,900.0,,True,fanduel,2026-05-06T14:54:07.489789
LeBron James,,,a306b74e13d87d2f8d64b1e01c2cf958,2026-05-08,01:40,assists,13.5,1500.0,,True,fanduel,2026-05-06T14:54:07.489791
Shai Gilgeous-Alexander,,,a306b74e13d87d2f8d64b1e01c2cf958,2026-05-08,01:40,assists,13.5,2200.0,,True,fanduel,2026-05-06T14:54:07.489792
Shai Gilgeous-Alexander,,,a306b74e13d87d2f8d64b1e01c2cf958,2026-05-08,01:40,assists,3.5,-3500.0,,True,fanduel,2026-05-06T14:54:07.489794
LeBron James,,,a306b74e13d87d2f8d64b1e01c2cf958,2026-05-08,01:40,assists,3.5,-3500.0,,True,fanduel,2026-05-06T14:54:07.489796
Austin Reaves,,,a306b74e13d87d2f8d64b1e01c2cf958,2026-05-08,01:40,assists,3.5,-400.0,,True,fanduel,2026-05-06T14:54:07.489797
Ajay Mitchell,,,a306b74e13d87d2f8d64b1e01c2cf958,2026-05-08,01:40,assists,3.5,-122.0,,True,fanduel,2026-05-06T14:54:07.489801
Marcus Smart,,,a306b74e13d87d2f8d64b1e01c2cf958,2026-05-08,01:40,assists,3.5,-113.0,,True,fanduel,2026-05-06T14:54:07.489803
Isaiah Hartenstein,,,a306b74e13d87d2f8d64b1e01c2cf958,2026-05-08,01:40,assists,3.5,142.0,,True,fanduel,2026-05-06T14:54:07.489804
Luke Kennard,,,a306b74e13d87d2f8d64b1e01c2cf958,2026-05-08,01:40,assists,3.5,430.0,,True,fanduel,2026-05-06T14:54:07.489806
Alex Caruso,,,a306b74e13d87d2f8d64b1e01c2cf958,2026-05-08,01:40,assists,3.5,630.0,,True,fanduel,2026-05-06T14:54:07.489808
Chet Holmgren,,,a306b74e13d87d2f8d64b1e01c2cf958,2026-05-08,01:40,assists,3.5,900.0,,True,fanduel,2026-05-06T14:54:07.489809
Ajay Mitchell,,,a306b74e13d87d2f8d64b1e01c2cf958,2026-05-08,01:40,assists,1.5,-1200.0,,True,fanduel,2026-05-06T14:54:07.489811
Marcus Smart,,,a306b74e13d87d2f8d64b1e01c2cf958,2026-05-08,01:40,assists,1.5,-1000.0,,True,fanduel,2026-05-06T14:54:07.489813
Isaiah Hartenstein,,,a306b74e13d87d2f8d64b1e01c2cf958,2026-05-08,01:40,assists,1.5,-560.0,,True,fanduel,2026-05-06T14:54:07.489814
Luke Kennard,,,a306b74e13d87d2f8d64b1e01c2cf958,2026-05-08,01:40,assists,1.5,-172.0,,True,fanduel,2026-05-06T14:54:07.489816
Alex Caruso,,,a306b74e13d87d2f8d64b1e01c2cf958,2026-05-08,01:40,assists,1.5,-120.0,,True,fanduel,2026-05-06T14:54:07.489818
Chet Holmgren,,,a306b74e13d87d2f8d64b1e01c2cf958,2026-05-08,01:40,assists,1.5,102.0,,True,fanduel,2026-05-06T14:54:07.489819
LeBron James,,,a306b74e13d87d2f8d64b1e01c2cf958,2026-05-08,01:40,assists,7.5,-115.0,,True,fanduel,2026-05-06T14:54:07.489821
Shai Gilgeous-Alexander,,,a306b74e13d87d2f8d64b1e01c2cf958,2026-05-08,01:40,assists,7.5,112.0,,True,fanduel,2026-05-06T14:54:07.489822
Austin Reaves,,,a306b74e13d87d2f8d64b1e01c2cf958,2026-05-08,01:40,assists,7.5,430.0,,True,fanduel,2026-05-06T14:54:07.489826
Ajay Mitchell,,,a306b74e13d87d2f8d64b1e01c2cf958,2026-05-08,01:40,assists,7.5,1400.0,,True,fanduel,2026-05-06T14:54:07.489828
Marcus Smart,,,a306b74e13d87d2f8d64b1e01c2cf958,2026-05-08,01:40,assists,7.5,1400.0,,True,fanduel,2026-05-06T14:54:07.489829
Isaiah Joe,,,a306b74e13d87d2f8d64b1e01c2cf958,2026-05-08,01:40,points,6.5,-118.0,-112.0,False,fanduel,2026-05-06T14:54:07.489847
Luguentz Dort,,,a306b74e13d87d2f8d64b1e01c2cf958,2026-05-08,01:40,points,6.5,-125.0,-106.0,False,fanduel,2026-05-06T14:54:07.489849
Deandre Ayton,,,a306b74e13d87d2f8d64b1e01c2cf958,2026-05-08,01:40,points,9.5,-120.0,-110.0,False,fanduel,2026-05-06T14:54:07.489851
Rui Hachimura,,,a306b74e13d87d2f8d64b1e01c2cf958,2026-05-08,01:40,points,12.5,-122.0,-108.0,False,fanduel,2026-05-06T14:54:07.489852
Austin Reaves,,,a306b74e13d87d2f8d64b1e01c2cf958,2026-05-08,01:40,points,18.5,-112.0,-118.0,False,fanduel,2026-05-06T14:54:07.489854
Ajay Mitchell,,,a306b74e13d87d2f8d64b1e01c2cf958,2026-05-08,01:40,points,15.5,-120.0,-110.0,False,fanduel,2026-05-06T14:54:07.489855
Jake LaRavia,,,a306b74e13d87d2f8d64b1e01c2cf958,2026-05-08,01:40,points,3.5,-108.0,-122.0,False,fanduel,2026-05-06T14:54:07.489858
Cason Wallace,,,a306b74e13d87d2f8d64b1e01c2cf958,2026-05-08,01:40,points,6.5,-132.0,100.0,False,fanduel,2026-05-06T14:54:07.489859
Marcus Smart,,,a306b74e13d87d2f8d64b1e01c2cf958,2026-05-08,01:40,points,9.5,-130.0,-102.0,False,fanduel,2026-05-06T14:54:07.489863
Chet Holmgren,,,a306b74e13d87d2f8d64b1e01c2cf958,2026-05-08,01:40,points,16.5,-104.0,-128.0,False,fanduel,2026-05-06T14:54:07.489865
Luke Kennard,,,a306b74e13d87d2f8d64b1e01c2cf958,2026-05-08,01:40,points,7.5,-125.0,-106.0,False,fanduel,2026-05-06T14:54:07.489867
Shai Gilgeous-Alexander,,,a306b74e13d87d2f8d64b1e01c2cf958,2026-05-08,01:40,points,28.5,-125.0,-106.0,False,fanduel,2026-05-06T14:54:07.489868
Isaiah Hartenstein,,,a306b74e13d87d2f8d64b1e01c2cf958,2026-05-08,01:40,points,7.5,-130.0,-102.0,False,fanduel,2026-05-06T14:54:07.489870
Jaylin Williams,,,a306b74e13d87d2f8d64b1e01c2cf958,2026-05-08,01:40,points,3.5,-106.0,-125.0,False,fanduel,2026-05-06T14:54:07.489872
LeBron James,,,a306b74e13d87d2f8d64b1e01c2cf958,2026-05-08,01:40,points,20.5,-128.0,-104.0,False,fanduel,2026-05-06T14:54:07.489873
Jaxson Hayes,,,a306b74e13d87d2f8d64b1e01c2cf958,2026-05-08,01:40,points,4.5,-102.0,-130.0,False,fanduel,2026-05-06T14:54:07.489875
Jared McCain,,,a306b74e13d87d2f8d64b1e01c2cf958,2026-05-08,01:40,points,3.5,104.0,-138.0,False,fanduel,2026-05-06T14:54:07.489877
Alex Caruso,,,a306b74e13d87d2f8d64b1e01c2cf958,2026-05-08,01:40,points,6.5,-106.0,-125.0,False,fanduel,2026-05-06T14:54:07.489878
Shai Gilgeous-Alexander,,,a306b74e13d87d2f8d64b1e01c2cf958,2026-05-08,01:40,points,39.5,900.0,,True,fanduel,2026-05-06T14:54:07.489905
LeBron James,,,a306b74e13d87d2f8d64b1e01c2cf958,2026-05-08,01:40,points,39.5,3500.0,,True,fanduel,2026-05-06T14:54:07.489907
Austin Reaves,,,a306b74e13d87d2f8d64b1e01c2cf958,2026-05-08,01:40,points,39.5,5000.0,,True,fanduel,2026-05-06T14:54:07.489909
LeBron James,,,a306b74e13d87d2f8d64b1e01c2cf958,2026-05-08,01:40,points,9.5,-5000.0,,True,fanduel,2026-05-06T14:54:07.489910
Austin Reaves,,,a306b74e13d87d2f8d64b1e01c2cf958,2026-05-08,01:40,points,9.5,-1800.0,,True,fanduel,2026-05-06T14:54:07.489912
Chet Holmgren,,,a306b74e13d87d2f8d64b1e01c2cf958,2026-05-08,01:40,points,9.5,-1100.0,,True,fanduel,2026-05-06T14:54:07.489914
Ajay Mitchell,,,a306b74e13d87d2f8d64b1e01c2cf958,2026-05-08,01:40,points,9.5,-800.0,,True,fanduel,2026-05-06T14:54:07.489916
Rui Hachimura,,,a306b74e13d87d2f8d64b1e01c2cf958,2026-05-08,01:40,points,9.5,-310.0,,True,fanduel,2026-05-06T14:54:07.489917
Marcus Smart,,,a306b74e13d87d2f8d64b1e01c2cf958,2026-05-08,01:40,points,9.5,-125.0,,True,fanduel,2026-05-06T14:54:07.489919
Deandre Ayton,,,a306b74e13d87d2f8d64b1e01c2cf958,2026-05-08,01:40,points,9.5,-118.0,,True,fanduel,2026-05-06T14:54:07.489921
Isaiah Hartenstein,,,a306b74e13d87d2f8d64b1e01c2cf958,2026-05-08,01:40,points,9.5,158.0,,True,fanduel,2026-05-06T14:54:07.489922
Luke Kennard,,,a306b74e13d87d2f8d64b1e01c2cf958,2026-05-08,01:40,points,9.5,162.0,,True,fanduel,2026-05-06T14:54:07.489924
Isaiah Joe,,,a306b74e13d87d2f8d64b1e01c2cf958,2026-05-08,01:40,points,9.5,196.0,,True,fanduel,2026-05-06T14:54:07.489926
Luguentz Dort,,,a306b74e13d87d2f8d64b1e01c2cf958,2026-05-08,01:40,points,9.5,215.0,,True,fanduel,2026-05-06T14:54:07.489927
Cason Wallace,,,a306b74e13d87d2f8d64b1e01c2cf958,2026-05-08,01:40,points,9.5,210.0,,True,fanduel,2026-05-06T14:54:07.489929
Alex Caruso,,,a306b74e13d87d2f8d64b1e01c2cf958,2026-05-08,01:40,points,9.5,250.0,,True,fanduel,2026-05-06T14:54:07.489936
Jaxson Hayes,,,a306b74e13d87d2f8d64b1e01c2cf958,2026-05-08,01:40,points,9.5,600.0,,True,fanduel,2026-05-06T14:54:07.489937
Jared McCain,,,a306b74e13d87d2f8d64b1e01c2cf958,2026-05-08,01:40,points,9.5,750.0,,True,fanduel,2026-05-06T14:54:07.489939
Jaylin Williams,,,a306b74e13d87d2f8d64b1e01c2cf958,2026-05-08,01:40,points,9.5,800.0,,True,fanduel,2026-05-06T14:54:07.489941
Jake LaRavia,,,a306b74e13d87d2f8d64b1e01c2cf958,2026-05-08,01:40,points,9.5,870.0,,True,fanduel,2026-05-06T14:54:07.489942
Shai Gilgeous-Alexander,,,a306b74e13d87d2f8d64b1e01c2cf958,2026-05-08,01:40,points,44.5,2500.0,,True,fanduel,2026-05-06T14:54:07.489944
Shai Gilgeous-Alexander,,,a306b74e13d87d2f8d64b1e01c2cf958,2026-05-08,01:40,points,24.5,-330.0,,True,fanduel,2026-05-06T14:54:07.489946
LeBron James,,,a306b74e13d87d2f8d64b1e01c2cf958,2026-05-08,01:40,points,24.5,200.0,,True,fanduel,2026-05-06T14:54:07.489949
Austin Reaves,,,a306b74e13d87d2f8d64b1e01c2cf958,2026-05-08,01:40,points,24.5,310.0,,True,fanduel,2026-05-06T14:54:07.489951
Chet Holmgren,,,a306b74e13d87d2f8d64b1e01c2cf958,2026-05-08,01:40,points,24.5,630.0,,True,fanduel,2026-05-06T14:54:07.489952
Ajay Mitchell,,,a306b74e13d87d2f8d64b1e01c2cf958,2026-05-08,01:40,points,24.5,750.0,,True,fanduel,2026-05-06T14:54:07.489954
Rui Hachimura,,,a306b74e13d87d2f8d64b1e01c2cf958,2026-05-08,01:40,points,24.5,1400.0,,True,fanduel,2026-05-06T14:54:07.489956
Shai Gilgeous-Alexander,,,a306b74e13d87d2f8d64b1e01c2cf958,2026-05-08,01:40,points,34.5,320.0,,True,fanduel,2026-05-06T14:54:07.489957
LeBron James,,,a306b74e13d87d2f8d64b1e01c2cf958,2026-05-08,01:40,points,34.5,1400.0,,True,fanduel,2026-05-06T14:54:07.489959
Austin Reaves,,,a306b74e13d87d2f8d64b1e01c2cf958,2026-05-08,01:40,points,34.5,1700.0,,True,fanduel,2026-05-06T14:54:07.489961
Shai Gilgeous-Alexander,,,a306b74e13d87d2f8d64b1e01c2cf958,2026-05-08,01:40,points,29.5,106.0,,True,fanduel,2026-05-06T14:54:07.489962
LeBron James,,,a306b74e13d87d2f8d64b1e01c2cf958,2026-05-08,01:40,points,29.5,520.0,,True,fanduel,2026-05-06T14:54:07.489964
Austin Reaves,,,a306b74e13d87d2f8d64b1e01c2cf958,2026-05-08,01:40,points,29.5,830.0,,True,fanduel,2026-05-06T14:54:07.489965
Chet Holmgren,,,a306b74e13d87d2f8d64b1e01c2cf958,2026-05-08,01:40,points,29.5,1700.0,,True,fanduel,2026-05-06T14:54:07.489967
Ajay Mitchell,,,a306b74e13d87d2f8d64b1e01c2cf958,2026-05-08,01:40,points,29.5,1700.0,,True,fanduel,2026-05-06T14:54:07.489969
Shai Gilgeous-Alexander,,,a306b74e13d87d2f8d64b1e01c2cf958,2026-05-08,01:40,points,19.5,-2000.0,,True,fanduel,2026-05-06T14:54:07.489970
LeBron James,,,a306b74e13d87d2f8d64b1e01c2cf958,2026-05-08,01:40,points,19.5,-158.0,,True,fanduel,2026-05-06T14:54:07.489972
Austin Reaves,,,a306b74e13d87d2f8d64b1e01c2cf958,2026-05-08,01:40,points,19.5,114.0,,True,fanduel,2026-05-06T14:54:07.489974
Chet Holmgren,,,a306b74e13d87d2f8d64b1e01c2cf958,2026-05-08,01:40,points,19.5,215.0,,True,fanduel,2026-05-06T14:54:07.489975
Ajay Mitchell,,,a306b74e13d87d2f8d64b1e01c2cf958,2026-05-08,01:40,points,19.5,230.0,,True,fanduel,2026-05-06T14:54:07.489977
Rui Hachimura,,,a306b74e13d87d2f8d64b1e01c2cf958,2026-05-08,01:40,points,19.5,480.0,,True,fanduel,2026-05-06T14:54:07.489979
Marcus Smart,,,a306b74e13d87d2f8d64b1e01c2cf958,2026-05-08,01:40,points,19.5,1100.0,,True,fanduel,2026-05-06T14:54:07.489980
Deandre Ayton,,,a306b74e13d87d2f8d64b1e01c2cf958,2026-05-08,01:40,points,19.5,1400.0,,True,fanduel,2026-05-06T14:54:07.489982
Isaiah Joe,,,a306b74e13d87d2f8d64b1e01c2cf958,2026-05-08,01:40,points,19.5,1400.0,,True,fanduel,2026-05-06T14:54:07.489985
Luke Kennard,,,a306b74e13d87d2f8d64b1e01c2cf958,2026-05-08,01:40,points,19.5,1800.0,,True,fanduel,2026-05-06T14:54:07.489987
LeBron James,,,a306b74e13d87d2f8d64b1e01c2cf958,2026-05-08,01:40,points,14.5,-590.0,,True,fanduel,2026-05-06T14:54:07.489989
Austin Reaves,,,a306b74e13d87d2f8d64b1e01c2cf958,2026-05-08,01:40,points,14.5,-295.0,,True,fanduel,2026-05-06T14:54:07.489990
Chet Holmgren,,,a306b74e13d87d2f8d64b1e01c2cf958,2026-05-08,01:40,points,14.5,-178.0,,True,fanduel,2026-05-06T14:54:07.489992
Ajay Mitchell,,,a306b74e13d87d2f8d64b1e01c2cf958,2026-05-08,01:40,points,14.5,-156.0,,True,fanduel,2026-05-06T14:54:07.489994
Rui Hachimura,,,a306b74e13d87d2f8d64b1e01c2cf958,2026-05-08,01:40,points,14.5,146.0,,True,fanduel,2026-05-06T14:54:07.489995
Marcus Smart,,,a306b74e13d87d2f8d64b1e01c2cf958,2026-05-08,01:40,points,14.5,340.0,,True,fanduel,2026-05-06T14:54:07.489997
Deandre Ayton,,,a306b74e13d87d2f8d64b1e01c2cf958,2026-05-08,01:40,points,14.5,400.0,,True,fanduel,2026-05-06T14:54:07.489999
Isaiah Joe,,,a306b74e13d87d2f8d64b1e01c2cf958,2026-05-08,01:40,points,14.5,560.0,,True,fanduel,2026-05-06T14:54:07.490000
Luke Kennard,,,a306b74e13d87d2f8d64b1e01c2cf958,2026-05-08,01:40,points,14.5,630.0,,True,fanduel,2026-05-06T14:54:07.490002
Isaiah Hartenstein,,,a306b74e13d87d2f8d64b1e01c2cf958,2026-05-08,01:40,points,14.5,750.0,,True,fanduel,2026-05-06T14:54:07.490006
Cason Wallace,,,a306b74e13d87d2f8d64b1e01c2cf958,2026-05-08,01:40,points,14.5,830.0,,True,fanduel,2026-05-06T14:54:07.490007
Luguentz Dort,,,a306b74e13d87d2f8d64b1e01c2cf958,2026-05-08,01:40,points,14.5,900.0,,True,fanduel,2026-05-06T14:54:07.490009
Alex Caruso,,,a306b74e13d87d2f8d64b1e01c2cf958,2026-05-08,01:40,points,14.5,1000.0,,True,fanduel,2026-05-06T14:54:07.490010
Rui Hachimura,,,a306b74e13d87d2f8d64b1e01c2cf958,2026-05-08,01:40,rebounds,3.5,-114.0,-114.0,False,fanduel,2026-05-06T14:54:07.490025
Marcus Smart,,,a306b74e13d87d2f8d64b1e01c2cf958,2026-05-08,01:40,rebounds,2.5,-182.0,134.0,False,fanduel,2026-05-06T14:54:07.490027
Isaiah Hartenstein,,,a306b74e13d87d2f8d64b1e01c2cf958,2026-05-08,01:40,rebounds,8.5,108.0,-144.0,False,fanduel,2026-05-06T14:54:07.490028
LeBron James,,,a306b74e13d87d2f8d64b1e01c2cf958,2026-05-08,01:40,rebounds,6.5,-112.0,-118.0,False,fanduel,2026-05-06T14:54:07.490030
Jaxson Hayes,,,a306b74e13d87d2f8d64b1e01c2cf958,2026-05-08,01:40,rebounds,3.5,-152.0,114.0,False,fanduel,2026-05-06T14:54:07.490032
Shai Gilgeous-Alexander,,,a306b74e13d87d2f8d64b1e01c2cf958,2026-05-08,01:40,rebounds,4.5,122.0,-162.0,False,fanduel,2026-05-06T14:54:07.490033
Chet Holmgren,,,a306b74e13d87d2f8d64b1e01c2cf958,2026-05-08,01:40,rebounds,8.5,-122.0,-108.0,False,fanduel,2026-05-06T14:54:07.490035
Austin Reaves,,,a306b74e13d87d2f8d64b1e01c2cf958,2026-05-08,01:40,rebounds,4.5,102.0,-136.0,False,fanduel,2026-05-06T14:54:07.490036
Luguentz Dort,,,a306b74e13d87d2f8d64b1e01c2cf958,2026-05-08,01:40,rebounds,2.5,-180.0,134.0,False,fanduel,2026-05-06T14:54:07.490040
Deandre Ayton,,,a306b74e13d87d2f8d64b1e01c2cf958,2026-05-08,01:40,rebounds,8.5,-130.0,-102.0,False,fanduel,2026-05-06T14:54:07.490042
Alex Caruso,,,a306b74e13d87d2f8d64b1e01c2cf958,2026-05-08,01:40,rebounds,2.5,-128.0,-104.0,False,fanduel,2026-05-06T14:54:07.490043
Ajay Mitchell,,,a306b74e13d87d2f8d64b1e01c2cf958,2026-05-08,01:40,rebounds,3.5,-104.0,-128.0,False,fanduel,2026-05-06T14:54:07.490045
Deandre Ayton,,,a306b74e13d87d2f8d64b1e01c2cf958,2026-05-08,01:40,rebounds,7.5,-215.0,,True,fanduel,2026-05-06T14:54:07.490070
Chet Holmgren,,,a306b74e13d87d2f8d64b1e01c2cf958,2026-05-08,01:40,rebounds,7.5,-210.0,,True,fanduel,2026-05-06T14:54:07.490072
Isaiah Hartenstein,,,a306b74e13d87d2f8d64b1e01c2cf958,2026-05-08,01:40,rebounds,7.5,-160.0,,True,fanduel,2026-05-06T14:54:07.490073
LeBron James,,,a306b74e13d87d2f8d64b1e01c2cf958,2026-05-08,01:40,rebounds,7.5,168.0,,True,fanduel,2026-05-06T14:54:07.490075
Austin Reaves,,,a306b74e13d87d2f8d64b1e01c2cf958,2026-05-08,01:40,rebounds,7.5,750.0,,True,fanduel,2026-05-06T14:54:07.490077
Jaxson Hayes,,,a306b74e13d87d2f8d64b1e01c2cf958,2026-05-08,01:40,rebounds,7.5,750.0,,True,fanduel,2026-05-06T14:54:07.490078
Jaylin Williams,,,a306b74e13d87d2f8d64b1e01c2cf958,2026-05-08,01:40,rebounds,7.5,900.0,,True,fanduel,2026-05-06T14:54:07.490081
Shai Gilgeous-Alexander,,,a306b74e13d87d2f8d64b1e01c2cf958,2026-05-08,01:40,rebounds,7.5,1000.0,,True,fanduel,2026-05-06T14:54:07.490082
Rui Hachimura,,,a306b74e13d87d2f8d64b1e01c2cf958,2026-05-08,01:40,rebounds,7.5,1400.0,,True,fanduel,2026-05-06T14:54:07.490084
Deandre Ayton,,,a306b74e13d87d2f8d64b1e01c2cf958,2026-05-08,01:40,rebounds,15.5,1300.0,,True,fanduel,2026-05-06T14:54:07.490086
Chet Holmgren,,,a306b74e13d87d2f8d64b1e01c2cf958,2026-05-08,01:40,rebounds,15.5,1700.0,,True,fanduel,2026-05-06T14:54:07.490087
Isaiah Hartenstein,,,a306b74e13d87d2f8d64b1e01c2cf958,2026-05-08,01:40,rebounds,15.5,1700.0,,True,fanduel,2026-05-06T14:54:07.490089
Deandre Ayton,,,a306b74e13d87d2f8d64b1e01c2cf958,2026-05-08,01:40,rebounds,11.5,265.0,,True,fanduel,2026-05-06T14:54:07.490091
Chet Holmgren,,,a306b74e13d87d2f8d64b1e01c2cf958,2026-05-08,01:40,rebounds,11.5,330.0,,True,fanduel,2026-05-06T14:54:07.490092
Isaiah Hartenstein,,,a306b74e13d87d2f8d64b1e01c2cf958,2026-05-08,01:40,rebounds,11.5,360.0,,True,fanduel,2026-05-06T14:54:07.490094
LeBron James,,,a306b74e13d87d2f8d64b1e01c2cf958,2026-05-08,01:40,rebounds,11.5,1060.0,,True,fanduel,2026-05-06T14:54:07.490097
Deandre Ayton,,,a306b74e13d87d2f8d64b1e01c2cf958,2026-05-08,01:40,rebounds,9.5,108.0,,True,fanduel,2026-05-06T14:54:07.490099
Chet Holmgren,,,a306b74e13d87d2f8d64b1e01c2cf958,2026-05-08,01:40,rebounds,9.5,122.0,,True,fanduel,2026-05-06T14:54:07.490101
Isaiah Hartenstein,,,a306b74e13d87d2f8d64b1e01c2cf958,2026-05-08,01:40,rebounds,9.5,150.0,,True,fanduel,2026-05-06T14:54:07.490102
LeBron James,,,a306b74e13d87d2f8d64b1e01c2cf958,2026-05-08,01:40,rebounds,9.5,390.0,,True,fanduel,2026-05-06T14:54:07.490104
Jaxson Hayes,,,a306b74e13d87d2f8d64b1e01c2cf958,2026-05-08,01:40,rebounds,9.5,1400.0,,True,fanduel,2026-05-06T14:54:07.490106
Austin Reaves,,,a306b74e13d87d2f8d64b1e01c2cf958,2026-05-08,01:40,rebounds,9.5,1700.0,,True,fanduel,2026-05-06T14:54:07.490107
Jaylin Williams,,,a306b74e13d87d2f8d64b1e01c2cf958,2026-05-08,01:40,rebounds,9.5,1700.0,,True,fanduel,2026-05-06T14:54:07.490109
Isaiah Hartenstein,,,a306b74e13d87d2f8d64b1e01c2cf958,2026-05-08,01:40,rebounds,3.5,-4500.0,,True,fanduel,2026-05-06T14:54:07.490111
LeBron James,,,a306b74e13d87d2f8d64b1e01c2cf958,2026-05-08,01:40,rebounds,3.5,-1100.0,,True,fanduel,2026-05-06T14:54:07.490112
Austin Reaves,,,a306b74e13d87d2f8d64b1e01c2cf958,2026-05-08,01:40,rebounds,3.5,-210.0,,True,fanduel,2026-05-06T14:54:07.490114
Shai Gilgeous-Alexander,,,a306b74e13d87d2f8d64b1e01c2cf958,2026-05-08,01:40,rebounds,3.5,-186.0,,True,fanduel,2026-05-06T14:54:07.490116
Jaxson Hayes,,,a306b74e13d87d2f8d64b1e01c2cf958,2026-05-08,01:40,rebounds,3.5,-146.0,,True,fanduel,2026-05-06T14:54:07.490117
Rui Hachimura,,,a306b74e13d87d2f8d64b1e01c2cf958,2026-05-08,01:40,rebounds,3.5,-113.0,,True,fanduel,2026-05-06T14:54:07.490119
Ajay Mitchell,,,a306b74e13d87d2f8d64b1e01c2cf958,2026-05-08,01:40,rebounds,3.5,-102.0,,True,fanduel,2026-05-06T14:54:07.490121
Jaylin Williams,,,a306b74e13d87d2f8d64b1e01c2cf958,2026-05-08,01:40,rebounds,3.5,112.0,,True,fanduel,2026-05-06T14:54:07.490122
Marcus Smart,,,a306b74e13d87d2f8d64b1e01c2cf958,2026-05-08,01:40,rebounds,3.5,144.0,,True,fanduel,2026-05-06T14:54:07.490124
Luguentz Dort,,,a306b74e13d87d2f8d64b1e01c2cf958,2026-05-08,01:40,rebounds,3.5,142.0,,True,fanduel,2026-05-06T14:54:07.490126
Luke Kennard,,,a306b74e13d87d2f8d64b1e01c2cf958,2026-05-08,01:40,rebounds,3.5,162.0,,True,fanduel,2026-05-06T14:54:07.490127
Alex Caruso,,,a306b74e13d87d2f8d64b1e01c2cf958,2026-05-08,01:40,rebounds,3.5,190.0,,True,fanduel,2026-05-06T14:54:07.490129
Chet Holmgren,,,a306b74e13d87d2f8d64b1e01c2cf958,2026-05-08,01:40,rebounds,5.5,-850.0,,True,fanduel,2026-05-06T14:54:07.490131
Deandre Ayton,,,a306b74e13d87d2f8d64b1e01c2cf958,2026-05-08,01:40,rebounds,5.5,-720.0,,True,fanduel,2026-05-06T14:54:07.490132
Isaiah Hartenstein,,,a306b74e13d87d2f8d64b1e01c2cf958,2026-05-08,01:40,rebounds,5.5,-530.0,,True,fanduel,2026-05-06T14:54:07.490136
LeBron James,,,a306b74e13d87d2f8d64b1e01c2cf958,2026-05-08,01:40,rebounds,5.5,-210.0,,True,fanduel,2026-05-06T14:54:07.490138
Austin Reaves,,,a306b74e13d87d2f8d64b1e01c2cf958,2026-05-08,01:40,rebounds,5.5,210.0,,True,fanduel,2026-05-06T14:54:07.490139
Jaxson Hayes,,,a306b74e13d87d2f8d64b1e01c2cf958,2026-05-08,01:40,rebounds,5.5,240.0,,True,fanduel,2026-05-06T14:54:07.490141
Shai Gilgeous-Alexander,,,a306b74e13d87d2f8d64b1e01c2cf958,2026-05-08,01:40,rebounds,5.5,255.0,,True,fanduel,2026-05-06T14:54:07.490143
Jaylin Williams,,,a306b74e13d87d2f8d64b1e01c2cf958,2026-05-08,01:40,rebounds,5.5,350.0,,True,fanduel,2026-05-06T14:54:07.490144
Rui Hachimura,,,a306b74e13d87d2f8d64b1e01c2cf958,2026-05-08,01:40,rebounds,5.5,400.0,,True,fanduel,2026-05-06T14:54:07.490146
Ajay Mitchell,,,a306b74e13d87d2f8d64b1e01c2cf958,2026-05-08,01:40,rebounds,5.5,450.0,,True,fanduel,2026-05-06T14:54:07.490148
Marcus Smart,,,a306b74e13d87d2f8d64b1e01c2cf958,2026-05-08,01:40,rebounds,5.5,680.0,,True,fanduel,2026-05-06T14:54:07.490149
Luguentz Dort,,,a306b74e13d87d2f8d64b1e01c2cf958,2026-05-08,01:40,rebounds,5.5,680.0,,True,fanduel,2026-05-06T14:54:07.490151
Luke Kennard,,,a306b74e13d87d2f8d64b1e01c2cf958,2026-05-08,01:40,rebounds,5.5,750.0,,True,fanduel,2026-05-06T14:54:07.490156
Alex Caruso,,,a306b74e13d87d2f8d64b1e01c2cf958,2026-05-08,01:40,rebounds,5.5,830.0,,True,fanduel,2026-05-06T14:54:07.490158
Deandre Ayton,,,a306b74e13d87d2f8d64b1e01c2cf958,2026-05-08,01:40,rebounds,13.5,630.0,,True,fanduel,2026-05-06T14:54:07.490159
Chet Holmgren,,,a306b74e13d87d2f8d64b1e01c2cf958,2026-05-08,01:40,rebounds,13.5,870.0,,True,fanduel,2026-05-06T14:54:07.490161
Isaiah Hartenstein,,,a306b74e13d87d2f8d64b1e01c2cf958,2026-05-08,01:40,rebounds,13.5,870.0,,True,fanduel,2026-05-06T14:54:07.490163
LeBron James,,,a306b74e13d87d2f8d64b1e01c2cf958,2026-05-08,01:40,rebounds,13.5,3000.0,,True,fanduel,2026-05-06T14:54:07.490164
Cason Wallace,,,a306b74e13d87d2f8d64b1e01c2cf958,2026-05-08,01:40,threes,1.5,148.0,-200.0,False,fanduel,2026-05-06T14:54:07.490177
LeBron James,,,a306b74e13d87d2f8d64b1e01c2cf958,2026-05-08,01:40,threes,1.5,118.0,-158.0,False,fanduel,2026-05-06T14:54:07.490179
Marcus Smart,,,a306b74e13d87d2f8d64b1e01c2cf958,2026-05-08,01:40,threes,1.5,-162.0,122.0,False,fanduel,2026-05-06T14:54:07.490180
Shai Gilgeous-Alexander,,,a306b74e13d87d2f8d64b1e01c2cf958,2026-05-08,01:40,threes,1.5,-108.0,-122.0,False,fanduel,2026-05-06T14:54:07.490182
Chet Holmgren,,,a306b74e13d87d2f8d64b1e01c2cf958,2026-05-08,01:40,threes,1.5,124.0,-166.0,False,fanduel,2026-05-06T14:54:07.490184
Rui Hachimura,,,a306b74e13d87d2f8d64b1e01c2cf958,2026-05-08,01:40,threes,1.5,-174.0,130.0,False,fanduel,2026-05-06T14:54:07.490185
Austin Reaves,,,a306b74e13d87d2f8d64b1e01c2cf958,2026-05-08,01:40,threes,1.5,-160.0,120.0,False,fanduel,2026-05-06T14:54:07.490187
Luguentz Dort,,,a306b74e13d87d2f8d64b1e01c2cf958,2026-05-08,01:40,threes,1.5,-138.0,104.0,False,fanduel,2026-05-06T14:54:07.490189
Alex Caruso,,,a306b74e13d87d2f8d64b1e01c2cf958,2026-05-08,01:40,threes,1.5,154.0,-210.0,False,fanduel,2026-05-06T14:54:07.490190
Ajay Mitchell,,,a306b74e13d87d2f8d64b1e01c2cf958,2026-05-08,01:40,threes,1.5,116.0,-154.0,False,fanduel,2026-05-06T14:54:07.490192
Rui Hachimura,,,a306b74e13d87d2f8d64b1e01c2cf958,2026-05-08,01:40,threes,3.5,470.0,,True,fanduel,2026-05-06T14:54:07.490221
Austin Reaves,,,a306b74e13d87d2f8d64b1e01c2cf958,2026-05-08,01:40,threes,3.5,500.0,,True,fanduel,2026-05-06T14:54:07.490222
Isaiah Joe,,,a306b74e13d87d2f8d64b1e01c2cf958,2026-05-08,01:40,threes,3.5,500.0,,True,fanduel,2026-05-06T14:54:07.490224
Marcus Smart,,,a306b74e13d87d2f8d64b1e01c2cf958,2026-05-08,01:40,threes,3.5,520.0,,True,fanduel,2026-05-06T14:54:07.490226
Luguentz Dort,,,a306b74e13d87d2f8d64b1e01c2cf958,2026-05-08,01:40,threes,3.5,600.0,,True,fanduel,2026-05-06T14:54:07.490227
Shai Gilgeous-Alexander,,,a306b74e13d87d2f8d64b1e01c2cf958,2026-05-08,01:40,threes,3.5,830.0,,True,fanduel,2026-05-06T14:54:07.490229
LeBron James,,,a306b74e13d87d2f8d64b1e01c2cf958,2026-05-08,01:40,threes,3.5,1000.0,,True,fanduel,2026-05-06T14:54:07.490231
Ajay Mitchell,,,a306b74e13d87d2f8d64b1e01c2cf958,2026-05-08,01:40,threes,3.5,1000.0,,True,fanduel,2026-05-06T14:54:07.490232
Chet Holmgren,,,a306b74e13d87d2f8d64b1e01c2cf958,2026-05-08,01:40,threes,3.5,1100.0,,True,fanduel,2026-05-06T14:54:07.490234
Cason Wallace,,,a306b74e13d87d2f8d64b1e01c2cf958,2026-05-08,01:40,threes,3.5,1100.0,,True,fanduel,2026-05-06T14:54:07.490236
Luke Kennard,,,a306b74e13d87d2f8d64b1e01c2cf958,2026-05-08,01:40,threes,3.5,1100.0,,True,fanduel,2026-05-06T14:54:07.490237
Alex Caruso,,,a306b74e13d87d2f8d64b1e01c2cf958,2026-05-08,01:40,threes,3.5,1300.0,,True,fanduel,2026-05-06T14:54:07.490239
Austin Reaves,,,a306b74e13d87d2f8d64b1e01c2cf958,2026-05-08,01:40,threes,0.5,-850.0,,True,fanduel,2026-05-06T14:54:07.490241
Marcus Smart,,,a306b74e13d87d2f8d64b1e01c2cf958,2026-05-08,01:40,threes,0.5,-850.0,,True,fanduel,2026-05-06T14:54:07.490242
Rui Hachimura,,,a306b74e13d87d2f8d64b1e01c2cf958,2026-05-08,01:40,threes,0.5,-850.0,,True,fanduel,2026-05-06T14:54:07.490244
Luguentz Dort,,,a306b74e13d87d2f8d64b1e01c2cf958,2026-05-08,01:40,threes,0.5,-720.0,,True,fanduel,2026-05-06T14:54:07.490246
Shai Gilgeous-Alexander,,,a306b74e13d87d2f8d64b1e01c2cf958,2026-05-08,01:40,threes,0.5,-530.0,,True,fanduel,2026-05-06T14:54:07.490249
Isaiah Joe,,,a306b74e13d87d2f8d64b1e01c2cf958,2026-05-08,01:40,threes,0.5,-500.0,,True,fanduel,2026-05-06T14:54:07.490251
Ajay Mitchell,,,a306b74e13d87d2f8d64b1e01c2cf958,2026-05-08,01:40,threes,0.5,-430.0,,True,fanduel,2026-05-06T14:54:07.490253
LeBron James,,,a306b74e13d87d2f8d64b1e01c2cf958,2026-05-08,01:40,threes,0.5,-400.0,,True,fanduel,2026-05-06T14:54:07.490254
Chet Holmgren,,,a306b74e13d87d2f8d64b1e01c2cf958,2026-05-08,01:40,threes,0.5,-400.0,,True,fanduel,2026-05-06T14:54:07.490256
Luke Kennard,,,a306b74e13d87d2f8d64b1e01c2cf958,2026-05-08,01:40,threes,0.5,-340.0,,True,fanduel,2026-05-06T14:54:07.490258
Alex Caruso,,,a306b74e13d87d2f8d64b1e01c2cf958,2026-05-08,01:40,threes,0.5,-310.0,,True,fanduel,2026-05-06T14:54:07.490259
Cason Wallace,,,a306b74e13d87d2f8d64b1e01c2cf958,2026-05-08,01:40,threes,0.5,-310.0,,True,fanduel,2026-05-06T14:54:07.490261
Rui Hachimura,,,a306b74e13d87d2f8d64b1e01c2cf958,2026-05-08,01:40,threes,1.5,-170.0,,True,fanduel,2026-05-06T14:54:07.490263
Marcus Smart,,,a306b74e13d87d2f8d64b1e01c2cf958,2026-05-08,01:40,threes,1.5,-160.0,,True,fanduel,2026-05-06T14:54:07.490264
Austin Reaves,,,a306b74e13d87d2f8d64b1e01c2cf958,2026-05-08,01:40,threes,1.5,-158.0,,True,fanduel,2026-05-06T14:54:07.490266
Luguentz Dort,,,a306b74e13d87d2f8d64b1e01c2cf958,2026-05-08,01:40,threes,1.5,-136.0,,True,fanduel,2026-05-06T14:54:07.490268
Isaiah Joe,,,a306b74e13d87d2f8d64b1e01c2cf958,2026-05-08,01:40,threes,1.5,-115.0,,True,fanduel,2026-05-06T14:54:07.490269
Shai Gilgeous-Alexander,,,a306b74e13d87d2f8d64b1e01c2cf958,2026-05-08,01:40,threes,1.5,-106.0,,True,fanduel,2026-05-06T14:54:07.490271
Ajay Mitchell,,,a306b74e13d87d2f8d64b1e01c2cf958,2026-05-08,01:40,threes,1.5,118.0,,True,fanduel,2026-05-06T14:54:07.490273
LeBron James,,,a306b74e13d87d2f8d64b1e01c2cf958,2026-05-08,01:40,threes,1.5,122.0,,True,fanduel,2026-05-06T14:54:07.490274
Chet Holmgren,,,a306b74e13d87d2f8d64b1e01c2cf958,2026-05-08,01:40,threes,1.5,128.0,,True,fanduel,2026-05-06T14:54:07.490276
Cason Wallace,,,a306b74e13d87d2f8d64b1e01c2cf958,2026-05-08,01:40,threes,1.5,148.0,,True,fanduel,2026-05-06T14:54:07.490278
Luke Kennard,,,a306b74e13d87d2f8d64b1e01c2cf958,2026-05-08,01:40,threes,1.5,142.0,,True,fanduel,2026-05-06T14:54:07.490279
Alex Caruso,,,a306b74e13d87d2f8d64b1e01c2cf958,2026-05-08,01:40,threes,1.5,158.0,,True,fanduel,2026-05-06T14:54:07.490281
Austin Reaves,,,a306b74e13d87d2f8d64b1e01c2cf958,2026-05-08,01:40,threes,5.5,2500.0,,True,fanduel,2026-05-06T14:54:07.490285
Marcus Smart,,,a306b74e13d87d2f8d64b1e01c2cf958,2026-05-08,01:40,threes,5.5,2200.0,,True,fanduel,2026-05-06T14:54:07.490288
Rui Hachimura,,,a306b74e13d87d2f8d64b1e01c2cf958,2026-05-08,01:40,threes,5.5,2000.0,,True,fanduel,2026-05-06T14:54:07.490290
Isaiah Joe,,,a306b74e13d87d2f8d64b1e01c2cf958,2026-05-08,01:40,threes,5.5,1700.0,,True,fanduel,2026-05-06T14:54:07.490291
Isaiah Joe,,,a306b74e13d87d2f8d64b1e01c2cf958,2026-05-08,01:40,threes,4.5,1000.0,,True,fanduel,2026-05-06T14:54:07.490293
Rui Hachimura,,,a306b74e13d87d2f8d64b1e01c2cf958,2026-05-08,01:40,threes,4.5,1100.0,,True,fanduel,2026-05-06T14:54:07.490295
Austin Reaves,,,a306b74e13d87d2f8d64b1e01c2cf958,2026-05-08,01:40,threes,4.5,1200.0,,True,fanduel,2026-05-06T14:54:07.490296
Marcus Smart,,,a306b74e13d87d2f8d64b1e01c2cf958,2026-05-08,01:40,threes,4.5,1200.0,,True,fanduel,2026-05-06T14:54:07.490298
Luguentz Dort,,,a306b74e13d87d2f8d64b1e01c2cf958,2026-05-08,01:40,threes,4.5,1600.0,,True,fanduel,2026-05-06T14:54:07.490300
Shai Gilgeous-Alexander,,,a306b74e13d87d2f8d64b1e01c2cf958,2026-05-08,01:40,threes,4.5,2200.0,,True,fanduel,2026-05-06T14:54:07.490301
Isaiah Joe,,,a306b74e13d87d2f8d64b1e01c2cf958,2026-05-08,01:40,threes,6.5,3500.0,,True,fanduel,2026-05-06T14:54:07.490303
Rui Hachimura,,,a306b74e13d87d2f8d64b1e01c2cf958,2026-05-08,01:40,threes,2.5,186.0,,True,fanduel,2026-05-06T14:54:07.490305
Austin Reaves,,,a306b74e13d87d2f8d64b1e01c2cf958,2026-05-08,01:40,threes,2.5,200.0,,True,fanduel,2026-05-06T14:54:07.490308
Marcus Smart,,,a306b74e13d87d2f8d64b1e01c2cf958,2026-05-08,01:40,threes,2.5,210.0,,True,fanduel,2026-05-06T14:54:07.490310
Luguentz Dort,,,a306b74e13d87d2f8d64b1e01c2cf958,2026-05-08,01:40,threes,2.5,235.0,,True,fanduel,2026-05-06T14:54:07.490311
Isaiah Joe,,,a306b74e13d87d2f8d64b1e01c2cf958,2026-05-08,01:40,threes,2.5,230.0,,True,fanduel,2026-05-06T14:54:07.490313
Shai Gilgeous-Alexander,,,a306b74e13d87d2f8d64b1e01c2cf958,2026-05-08,01:40,threes,2.5,300.0,,True,fanduel,2026-05-06T14:54:07.490315
LeBron James,,,a306b74e13d87d2f8d64b1e01c2cf958,2026-05-08,01:40,threes,2.5,370.0,,True,fanduel,2026-05-06T14:54:07.490316
Ajay Mitchell,,,a306b74e13d87d2f8d64b1e01c2cf958,2026-05-08,01:40,threes,2.5,390.0,,True,fanduel,2026-05-06T14:54:07.490318
Chet Holmgren,,,a306b74e13d87d2f8d64b1e01c2cf958,2026-05-08,01:40,threes,2.5,420.0,,True,fanduel,2026-05-06T14:54:07.490320
Luke Kennard,,,a306b74e13d87d2f8d64b1e01c2cf958,2026-05-08,01:40,threes,2.5,430.0,,True,fanduel,2026-05-06T14:54:07.490321
Cason Wallace,,,a306b74e13d87d2f8d64b1e01c2cf958,2026-05-08,01:40,threes,2.5,450.0,,True,fanduel,2026-05-06T14:54:07.490323
Alex Caruso,,,a306b74e13d87d2f8d64b1e01c2cf958,2026-05-08,01:40,threes,2.5,470.0,,True,fanduel,2026-05-06T14:54:07.490325
Jalen Brunson,,,d146e10295545e18ac8915a1f5860317,2026-05-06,23:10,assists,6.5,100.0,-132.0,False,draftkings,2026-05-06T14:54:06.896044
Tyrese Maxey,,,d146e10295545e18ac8915a1f5860317,2026-05-06,23:10,assists,5.5,-153.0,116.0,False,draftkings,2026-05-06T14:54:06.896046
Josh Hart,,,d146e10295545e18ac8915a1f5860317,2026-05-06,23:10,assists,5.5,114.0,-151.0,False,draftkings,2026-05-06T14:54:06.896048
Joel Embiid,,,d146e10295545e18ac8915a1f5860317,2026-05-06,23:10,assists,4.5,-123.0,-107.0,False,draftkings,2026-05-06T14:54:06.896049
Karl-Anthony Towns,,,d146e10295545e18ac8915a1f5860317,2026-05-06,23:10,assists,3.5,-158.0,120.0,False,draftkings,2026-05-06T14:54:06.896051
Paul George,,,d146e10295545e18ac8915a1f5860317,2026-05-06,23:10,assists,3.5,100.0,-131.0,False,draftkings,2026-05-06T14:54:06.896053
VJ Edgecombe,,,d146e10295545e18ac8915a1f5860317,2026-05-06,23:10,assists,2.5,-175.0,132.0,False,draftkings,2026-05-06T14:54:06.896054
Mikal Bridges,,,d146e10295545e18ac8915a1f5860317,2026-05-06,23:10,assists,2.5,-128.0,-103.0,False,draftkings,2026-05-06T14:54:06.896058
Quentin Grimes,,,d146e10295545e18ac8915a1f5860317,2026-05-06,23:10,assists,1.5,-162.0,123.0,False,draftkings,2026-05-06T14:54:06.896060
OG Anunoby,,,d146e10295545e18ac8915a1f5860317,2026-05-06,23:10,assists,1.5,-128.0,-103.0,False,draftkings,2026-05-06T14:54:06.896061
Miles McBride,,,d146e10295545e18ac8915a1f5860317,2026-05-06,23:10,assists,1.5,-114.0,-115.0,False,draftkings,2026-05-06T14:54:06.896063
Kelly Oubre Jr,,,d146e10295545e18ac8915a1f5860317,2026-05-06,23:10,assists,1.5,132.0,-174.0,False,draftkings,2026-05-06T14:54:06.896065
Jalen Brunson,,,d146e10295545e18ac8915a1f5860317,2026-05-06,23:10,assists,2.5,-3900.0,,True,draftkings,2026-05-06T14:54:06.896106
Jalen Brunson,,,d146e10295545e18ac8915a1f5860317,2026-05-06,23:10,assists,3.5,-1000.0,,True,draftkings,2026-05-06T14:54:06.896108
Jalen Brunson,,,d146e10295545e18ac8915a1f5860317,2026-05-06,23:10,assists,4.5,-400.0,,True,draftkings,2026-05-06T14:54:06.896110
Jalen Brunson,,,d146e10295545e18ac8915a1f5860317,2026-05-06,23:10,assists,5.5,-192.0,,True,draftkings,2026-05-06T14:54:06.896111
Jalen Brunson,,,d146e10295545e18ac8915a1f5860317,2026-05-06,23:10,assists,6.5,-101.0,,True,draftkings,2026-05-06T14:54:06.896113
Jalen Brunson,,,d146e10295545e18ac8915a1f5860317,2026-05-06,23:10,assists,7.5,176.0,,True,draftkings,2026-05-06T14:54:06.896115
Jalen Brunson,,,d146e10295545e18ac8915a1f5860317,2026-05-06,23:10,assists,8.5,310.0,,True,draftkings,2026-05-06T14:54:06.896116
Jalen Brunson,,,d146e10295545e18ac8915a1f5860317,2026-05-06,23:10,assists,9.5,532.0,,True,draftkings,2026-05-06T14:54:06.896118
Jalen Brunson,,,d146e10295545e18ac8915a1f5860317,2026-05-06,23:10,assists,10.5,880.0,,True,draftkings,2026-05-06T14:54:06.896120
Jalen Brunson,,,d146e10295545e18ac8915a1f5860317,2026-05-06,23:10,assists,11.5,1460.0,,True,draftkings,2026-05-06T14:54:06.896121
Jalen Brunson,,,d146e10295545e18ac8915a1f5860317,2026-05-06,23:10,assists,12.5,2200.0,,True,draftkings,2026-05-06T14:54:06.896123
Tyrese Maxey,,,d146e10295545e18ac8915a1f5860317,2026-05-06,23:10,assists,2.5,-2300.0,,True,draftkings,2026-05-06T14:54:06.896127
Tyrese Maxey,,,d146e10295545e18ac8915a1f5860317,2026-05-06,23:10,assists,3.5,-700.0,,True,draftkings,2026-05-06T14:54:06.896128
Tyrese Maxey,,,d146e10295545e18ac8915a1f5860317,2026-05-06,23:10,assists,4.5,-302.0,,True,draftkings,2026-05-06T14:54:06.896130
Tyrese Maxey,,,d146e10295545e18ac8915a1f5860317,2026-05-06,23:10,assists,5.5,-154.0,,True,draftkings,2026-05-06T14:54:06.896132
Tyrese Maxey,,,d146e10295545e18ac8915a1f5860317,2026-05-06,23:10,assists,6.5,119.0,,True,draftkings,2026-05-06T14:54:06.896133
Tyrese Maxey,,,d146e10295545e18ac8915a1f5860317,2026-05-06,23:10,assists,7.5,212.0,,True,draftkings,2026-05-06T14:54:06.896135
Tyrese Maxey,,,d146e10295545e18ac8915a1f5860317,2026-05-06,23:10,assists,8.5,376.0,,True,draftkings,2026-05-06T14:54:06.896137
Tyrese Maxey,,,d146e10295545e18ac8915a1f5860317,2026-05-06,23:10,assists,9.5,640.0,,True,draftkings,2026-05-06T14:54:06.896138
Tyrese Maxey,,,d146e10295545e18ac8915a1f5860317,2026-05-06,23:10,assists,10.5,1080.0,,True,draftkings,2026-05-06T14:54:06.896142
Tyrese Maxey,,,d146e10295545e18ac8915a1f5860317,2026-05-06,23:10,assists,11.5,1720.0,,True,draftkings,2026-05-06T14:54:06.896143
Tyrese Maxey,,,d146e10295545e18ac8915a1f5860317,2026-05-06,23:10,assists,12.5,2600.0,,True,draftkings,2026-05-06T14:54:06.896145
Josh Hart,,,d146e10295545e18ac8915a1f5860317,2026-05-06,23:10,assists,2.5,-830.0,,True,draftkings,2026-05-06T14:54:06.896147
Josh Hart,,,d146e10295545e18ac8915a1f5860317,2026-05-06,23:10,assists,3.5,-327.0,,True,draftkings,2026-05-06T14:54:06.896148
Josh Hart,,,d146e10295545e18ac8915a1f5860317,2026-05-06,23:10,assists,4.5,-161.0,,True,draftkings,2026-05-06T14:54:06.896150
Josh Hart,,,d146e10295545e18ac8915a1f5860317,2026-05-06,23:10,assists,5.5,112.0,,True,draftkings,2026-05-06T14:54:06.896152
Josh Hart,,,d146e10295545e18ac8915a1f5860317,2026-05-06,23:10,assists,6.5,200.0,,True,draftkings,2026-05-06T14:54:06.896153
Josh Hart,,,d146e10295545e18ac8915a1f5860317,2026-05-06,23:10,assists,7.5,339.0,,True,draftkings,2026-05-06T14:54:06.896157
Josh Hart,,,d146e10295545e18ac8915a1f5860317,2026-05-06,23:10,assists,8.5,566.0,,True,draftkings,2026-05-06T14:54:06.896158
Josh Hart,,,d146e10295545e18ac8915a1f5860317,2026-05-06,23:10,assists,9.5,970.0,,True,draftkings,2026-05-06T14:54:06.896160
Josh Hart,,,d146e10295545e18ac8915a1f5860317,2026-05-06,23:10,assists,10.5,1540.0,,True,draftkings,2026-05-06T14:54:06.896162
Josh Hart,,,d146e10295545e18ac8915a1f5860317,2026-05-06,23:10,assists,11.5,2300.0,,True,draftkings,2026-05-06T14:54:06.896163
Joel Embiid,,,d146e10295545e18ac8915a1f5860317,2026-05-06,23:10,assists,2.5,-680.0,,True,draftkings,2026-05-06T14:54:06.896165
Joel Embiid,,,d146e10295545e18ac8915a1f5860317,2026-05-06,23:10,assists,3.5,-260.0,,True,draftkings,2026-05-06T14:54:06.896167
Joel Embiid,,,d146e10295545e18ac8915a1f5860317,2026-05-06,23:10,assists,4.5,-120.0,,True,draftkings,2026-05-06T14:54:06.896168
Joel Embiid,,,d146e10295545e18ac8915a1f5860317,2026-05-06,23:10,assists,5.5,170.0,,True,draftkings,2026-05-06T14:54:06.896170
Joel Embiid,,,d146e10295545e18ac8915a1f5860317,2026-05-06,23:10,assists,6.5,326.0,,True,draftkings,2026-05-06T14:54:06.896172
Joel Embiid,,,d146e10295545e18ac8915a1f5860317,2026-05-06,23:10,assists,7.5,610.0,,True,draftkings,2026-05-06T14:54:06.896173
Joel Embiid,,,d146e10295545e18ac8915a1f5860317,2026-05-06,23:10,assists,8.5,1100.0,,True,draftkings,2026-05-06T14:54:06.896175
Joel Embiid,,,d146e10295545e18ac8915a1f5860317,2026-05-06,23:10,assists,9.5,1900.0,,True,draftkings,2026-05-06T14:54:06.896177
Joel Embiid,,,d146e10295545e18ac8915a1f5860317,2026-05-06,23:10,assists,10.5,2800.0,,True,draftkings,2026-05-06T14:54:06.896178
Karl-Anthony Towns,,,d146e10295545e18ac8915a1f5860317,2026-05-06,23:10,assists,2.5,-339.0,,True,draftkings,2026-05-06T14:54:06.896180
Karl-Anthony Towns,,,d146e10295545e18ac8915a1f5860317,2026-05-06,23:10,assists,3.5,-155.0,,True,draftkings,2026-05-06T14:54:06.896181
Karl-Anthony Towns,,,d146e10295545e18ac8915a1f5860317,2026-05-06,23:10,assists,4.5,126.0,,True,draftkings,2026-05-06T14:54:06.896183
Karl-Anthony Towns,,,d146e10295545e18ac8915a1f5860317,2026-05-06,23:10,assists,5.5,234.0,,True,draftkings,2026-05-06T14:54:06.896185
Karl-Anthony Towns,,,d146e10295545e18ac8915a1f5860317,2026-05-06,23:10,assists,6.5,419.0,,True,draftkings,2026-05-06T14:54:06.896186
Karl-Anthony Towns,,,d146e10295545e18ac8915a1f5860317,2026-05-06,23:10,assists,7.5,730.0,,True,draftkings,2026-05-06T14:54:06.896188
Karl-Anthony Towns,,,d146e10295545e18ac8915a1f5860317,2026-05-06,23:10,assists,8.5,1240.0,,True,draftkings,2026-05-06T14:54:06.896190
Karl-Anthony Towns,,,d146e10295545e18ac8915a1f5860317,2026-05-06,23:10,assists,9.5,1940.0,,True,draftkings,2026-05-06T14:54:06.896191
Karl-Anthony Towns,,,d146e10295545e18ac8915a1f5860317,2026-05-06,23:10,assists,10.5,2800.0,,True,draftkings,2026-05-06T14:54:06.896193
Paul George,,,d146e10295545e18ac8915a1f5860317,2026-05-06,23:10,assists,2.5,-244.0,,True,draftkings,2026-05-06T14:54:06.896195
Paul George,,,d146e10295545e18ac8915a1f5860317,2026-05-06,23:10,assists,3.5,100.0,,True,draftkings,2026-05-06T14:54:06.896201
Paul George,,,d146e10295545e18ac8915a1f5860317,2026-05-06,23:10,assists,4.5,217.0,,True,draftkings,2026-05-06T14:54:06.896203
Paul George,,,d146e10295545e18ac8915a1f5860317,2026-05-06,23:10,assists,5.5,451.0,,True,draftkings,2026-05-06T14:54:06.896205
Paul George,,,d146e10295545e18ac8915a1f5860317,2026-05-06,23:10,assists,6.5,880.0,,True,draftkings,2026-05-06T14:54:06.896206
Paul George,,,d146e10295545e18ac8915a1f5860317,2026-05-06,23:10,assists,7.5,1640.0,,True,draftkings,2026-05-06T14:54:06.896208
Paul George,,,d146e10295545e18ac8915a1f5860317,2026-05-06,23:10,assists,8.5,2600.0,,True,draftkings,2026-05-06T14:54:06.896210
VJ Edgecombe,,,d146e10295545e18ac8915a1f5860317,2026-05-06,23:10,assists,2.5,-177.0,,True,draftkings,2026-05-06T14:54:06.896211
VJ Edgecombe,,,d146e10295545e18ac8915a1f5860317,2026-05-06,23:10,assists,3.5,136.0,,True,draftkings,2026-05-06T14:54:06.896213
VJ Edgecombe,,,d146e10295545e18ac8915a1f5860317,2026-05-06,23:10,assists,4.5,290.0,,True,draftkings,2026-05-06T14:54:06.896215
VJ Edgecombe,,,d146e10295545e18ac8915a1f5860317,2026-05-06,23:10,assists,5.5,600.0,,True,draftkings,2026-05-06T14:54:06.896216
VJ Edgecombe,,,d146e10295545e18ac8915a1f5860317,2026-05-06,23:10,assists,6.5,1220.0,,True,draftkings,2026-05-06T14:54:06.896218
VJ Edgecombe,,,d146e10295545e18ac8915a1f5860317,2026-05-06,23:10,assists,7.5,2000.0,,True,draftkings,2026-05-06T14:54:06.896219
Mikal Bridges,,,d146e10295545e18ac8915a1f5860317,2026-05-06,23:10,assists,2.5,-127.0,,True,draftkings,2026-05-06T14:54:06.896221
Mikal Bridges,,,d146e10295545e18ac8915a1f5860317,2026-05-06,23:10,assists,3.5,196.0,,True,draftkings,2026-05-06T14:54:06.896223
Mikal Bridges,,,d146e10295545e18ac8915a1f5860317,2026-05-06,23:10,assists,4.5,442.0,,True,draftkings,2026-05-06T14:54:06.896225
Mikal Bridges,,,d146e10295545e18ac8915a1f5860317,2026-05-06,23:10,assists,5.5,970.0,,True,draftkings,2026-05-06T14:54:06.896226
Mikal Bridges,,,d146e10295545e18ac8915a1f5860317,2026-05-06,23:10,assists,6.5,1880.0,,True,draftkings,2026-05-06T14:54:06.896228
Quentin Grimes,,,d146e10295545e18ac8915a1f5860317,2026-05-06,23:10,assists,1.5,-165.0,,True,draftkings,2026-05-06T14:54:06.896230
Quentin Grimes,,,d146e10295545e18ac8915a1f5860317,2026-05-06,23:10,assists,2.5,173.0,,True,draftkings,2026-05-06T14:54:06.896231
Quentin Grimes,,,d146e10295545e18ac8915a1f5860317,2026-05-06,23:10,assists,3.5,422.0,,True,draftkings,2026-05-06T14:54:06.896233
Quentin Grimes,,,d146e10295545e18ac8915a1f5860317,2026-05-06,23:10,assists,4.5,950.0,,True,draftkings,2026-05-06T14:54:06.896235
Quentin Grimes,,,d146e10295545e18ac8915a1f5860317,2026-05-06,23:10,assists,5.5,1900.0,,True,draftkings,2026-05-06T14:54:06.896236
Miles McBride,,,d146e10295545e18ac8915a1f5860317,2026-05-06,23:10,assists,1.5,-115.0,,True,draftkings,2026-05-06T14:54:06.896238
Miles McBride,,,d146e10295545e18ac8915a1f5860317,2026-05-06,23:10,assists,2.5,259.0,,True,draftkings,2026-05-06T14:54:06.896241
Miles McBride,,,d146e10295545e18ac8915a1f5860317,2026-05-06,23:10,assists,3.5,660.0,,True,draftkings,2026-05-06T14:54:06.896243
Miles McBride,,,d146e10295545e18ac8915a1f5860317,2026-05-06,23:10,assists,4.5,1540.0,,True,draftkings,2026-05-06T14:54:06.896245
Miles McBride,,,d146e10295545e18ac8915a1f5860317,2026-05-06,23:10,assists,5.5,2700.0,,True,draftkings,2026-05-06T14:54:06.896248
OG Anunoby,,,d146e10295545e18ac8915a1f5860317,2026-05-06,23:10,assists,1.5,-128.0,,True,draftkings,2026-05-06T14:54:06.896250
OG Anunoby,,,d146e10295545e18ac8915a1f5860317,2026-05-06,23:10,assists,2.5,231.0,,True,draftkings,2026-05-06T14:54:06.896251
OG Anunoby,,,d146e10295545e18ac8915a1f5860317,2026-05-06,23:10,assists,3.5,630.0,,True,draftkings,2026-05-06T14:54:06.896253
OG Anunoby,,,d146e10295545e18ac8915a1f5860317,2026-05-06,23:10,assists,4.5,1560.0,,True,draftkings,2026-05-06T14:54:06.896255
OG Anunoby,,,d146e10295545e18ac8915a1f5860317,2026-05-06,23:10,assists,5.5,2900.0,,True,draftkings,2026-05-06T14:54:06.896256
Kelly Oubre Jr,,,d146e10295545e18ac8915a1f5860317,2026-05-06,23:10,assists,1.5,130.0,,True,draftkings,2026-05-06T14:54:06.896260
Kelly Oubre Jr,,,d146e10295545e18ac8915a1f5860317,2026-05-06,23:10,assists,2.5,416.0,,True,draftkings,2026-05-06T14:54:06.896261
Kelly Oubre Jr,,,d146e10295545e18ac8915a1f5860317,2026-05-06,23:10,assists,3.5,1120.0,,True,draftkings,2026-05-06T14:54:06.896263
Kelly Oubre Jr,,,d146e10295545e18ac8915a1f5860317,2026-05-06,23:10,assists,4.5,2500.0,,True,draftkings,2026-05-06T14:54:06.896265
Jalen Brunson,,,d146e10295545e18ac8915a1f5860317,2026-05-06,23:10,points,26.5,-122.0,-105.0,False,draftkings,2026-05-06T14:54:06.896283
Joel Embiid,,,d146e10295545e18ac8915a1f5860317,2026-05-06,23:10,points,26.5,-122.0,-104.0,False,draftkings,2026-05-06T14:54:06.896285
Tyrese Maxey,,,d146e10295545e18ac8915a1f5860317,2026-05-06,23:10,points,24.5,-118.0,-108.0,False,draftkings,2026-05-06T14:54:06.896286
Karl-Anthony Towns,,,d146e10295545e18ac8915a1f5860317,2026-05-06,23:10,points,18.5,-124.0,-103.0,False,draftkings,2026-05-06T14:54:06.896288
OG Anunoby,,,d146e10295545e18ac8915a1f5860317,2026-05-06,23:10,points,17.5,-113.0,-112.0,False,draftkings,2026-05-06T14:54:06.896290
Paul George,,,d146e10295545e18ac8915a1f5860317,2026-05-06,23:10,points,15.5,-118.0,-108.0,False,draftkings,2026-05-06T14:54:06.896292
VJ Edgecombe,,,d146e10295545e18ac8915a1f5860317,2026-05-06,23:10,points,12.5,-119.0,-107.0,False,draftkings,2026-05-06T14:54:06.896293
Mikal Bridges,,,d146e10295545e18ac8915a1f5860317,2026-05-06,23:10,points,11.5,-120.0,-106.0,False,draftkings,2026-05-06T14:54:06.896295
Josh Hart,,,d146e10295545e18ac8915a1f5860317,2026-05-06,23:10,points,11.5,-114.0,-112.0,False,draftkings,2026-05-06T14:54:06.896297
Kelly Oubre Jr,,,d146e10295545e18ac8915a1f5860317,2026-05-06,23:10,points,11.5,100.0,-128.0,False,draftkings,2026-05-06T14:54:06.896298
Miles McBride,,,d146e10295545e18ac8915a1f5860317,2026-05-06,23:10,points,7.5,-111.0,-115.0,False,draftkings,2026-05-06T14:54:06.896300
Quentin Grimes,,,d146e10295545e18ac8915a1f5860317,2026-05-06,23:10,points,5.5,-129.0,101.0,False,draftkings,2026-05-06T14:54:06.896302
Jordan Clarkson,,,d146e10295545e18ac8915a1f5860317,2026-05-06,23:10,points,5.5,100.0,-127.0,False,draftkings,2026-05-06T14:54:06.896303
Mitchell Robinson,,,d146e10295545e18ac8915a1f5860317,2026-05-06,23:10,points,4.5,-123.0,-103.0,False,draftkings,2026-05-06T14:54:06.896305
Andre Drummond,,,d146e10295545e18ac8915a1f5860317,2026-05-06,23:10,points,1.5,-156.0,122.0,False,draftkings,2026-05-06T14:54:06.896307
Joel Embiid,,,d146e10295545e18ac8915a1f5860317,2026-05-06,23:10,points,14.5,-2600.0,,True,draftkings,2026-05-06T14:54:06.896362
Joel Embiid,,,d146e10295545e18ac8915a1f5860317,2026-05-06,23:10,points,17.5,-900.0,,True,draftkings,2026-05-06T14:54:06.896364
Joel Embiid,,,d146e10295545e18ac8915a1f5860317,2026-05-06,23:10,points,19.5,-524.0,,True,draftkings,2026-05-06T14:54:06.896365
Joel Embiid,,,d146e10295545e18ac8915a1f5860317,2026-05-06,23:10,points,24.5,-180.0,,True,draftkings,2026-05-06T14:54:06.896367
Joel Embiid,,,d146e10295545e18ac8915a1f5860317,2026-05-06,23:10,points,26.5,-120.0,,True,draftkings,2026-05-06T14:54:06.896369
Joel Embiid,,,d146e10295545e18ac8915a1f5860317,2026-05-06,23:10,points,29.5,149.0,,True,draftkings,2026-05-06T14:54:06.896370
Joel Embiid,,,d146e10295545e18ac8915a1f5860317,2026-05-06,23:10,points,34.5,382.0,,True,draftkings,2026-05-06T14:54:06.896372
Joel Embiid,,,d146e10295545e18ac8915a1f5860317,2026-05-06,23:10,points,39.5,950.0,,True,draftkings,2026-05-06T14:54:06.896374
Joel Embiid,,,d146e10295545e18ac8915a1f5860317,2026-05-06,23:10,points,44.5,2100.0,,True,draftkings,2026-05-06T14:54:06.896377
Jalen Brunson,,,d146e10295545e18ac8915a1f5860317,2026-05-06,23:10,points,17.5,-1200.0,,True,draftkings,2026-05-06T14:54:06.896379
Jalen Brunson,,,d146e10295545e18ac8915a1f5860317,2026-05-06,23:10,points,19.5,-640.0,,True,draftkings,2026-05-06T14:54:06.896380
Jalen Brunson,,,d146e10295545e18ac8915a1f5860317,2026-05-06,23:10,points,24.5,-185.0,,True,draftkings,2026-05-06T14:54:06.896382
Jalen Brunson,,,d146e10295545e18ac8915a1f5860317,2026-05-06,23:10,points,26.5,-122.0,,True,draftkings,2026-05-06T14:54:06.896384
Jalen Brunson,,,d146e10295545e18ac8915a1f5860317,2026-05-06,23:10,points,29.5,149.0,,True,draftkings,2026-05-06T14:54:06.896385
Jalen Brunson,,,d146e10295545e18ac8915a1f5860317,2026-05-06,23:10,points,34.5,398.0,,True,draftkings,2026-05-06T14:54:06.896387
Jalen Brunson,,,d146e10295545e18ac8915a1f5860317,2026-05-06,23:10,points,39.5,1020.0,,True,draftkings,2026-05-06T14:54:06.896389
Jalen Brunson,,,d146e10295545e18ac8915a1f5860317,2026-05-06,23:10,points,44.5,2300.0,,True,draftkings,2026-05-06T14:54:06.896392
Tyrese Maxey,,,d146e10295545e18ac8915a1f5860317,2026-05-06,23:10,points,14.5,-1340.0,,True,draftkings,2026-05-06T14:54:06.896394
Tyrese Maxey,,,d146e10295545e18ac8915a1f5860317,2026-05-06,23:10,points,17.5,-553.0,,True,draftkings,2026-05-06T14:54:06.896396
Tyrese Maxey,,,d146e10295545e18ac8915a1f5860317,2026-05-06,23:10,points,19.5,-335.0,,True,draftkings,2026-05-06T14:54:06.896397
Tyrese Maxey,,,d146e10295545e18ac8915a1f5860317,2026-05-06,23:10,points,24.5,-121.0,,True,draftkings,2026-05-06T14:54:06.896399
Tyrese Maxey,,,d146e10295545e18ac8915a1f5860317,2026-05-06,23:10,points,29.5,214.0,,True,draftkings,2026-05-06T14:54:06.896401
Tyrese Maxey,,,d146e10295545e18ac8915a1f5860317,2026-05-06,23:10,points,34.5,540.0,,True,draftkings,2026-05-06T14:54:06.896402
Tyrese Maxey,,,d146e10295545e18ac8915a1f5860317,2026-05-06,23:10,points,39.5,1280.0,,True,draftkings,2026-05-06T14:54:06.896404
Tyrese Maxey,,,d146e10295545e18ac8915a1f5860317,2026-05-06,23:10,points,44.5,2600.0,,True,draftkings,2026-05-06T14:54:06.896406
Karl-Anthony Towns,,,d146e10295545e18ac8915a1f5860317,2026-05-06,23:10,points,9.5,-2900.0,,True,draftkings,2026-05-06T14:54:06.896407
Karl-Anthony Towns,,,d146e10295545e18ac8915a1f5860317,2026-05-06,23:10,points,11.5,-1060.0,,True,draftkings,2026-05-06T14:54:06.896411
Karl-Anthony Towns,,,d146e10295545e18ac8915a1f5860317,2026-05-06,23:10,points,14.5,-370.0,,True,draftkings,2026-05-06T14:54:06.896412
Karl-Anthony Towns,,,d146e10295545e18ac8915a1f5860317,2026-05-06,23:10,points,17.5,-160.0,,True,draftkings,2026-05-06T14:54:06.896414
Karl-Anthony Towns,,,d146e10295545e18ac8915a1f5860317,2026-05-06,23:10,points,18.5,-124.0,,True,draftkings,2026-05-06T14:54:06.896416
Karl-Anthony Towns,,,d146e10295545e18ac8915a1f5860317,2026-05-06,23:10,points,19.5,102.0,,True,draftkings,2026-05-06T14:54:06.896417
Karl-Anthony Towns,,,d146e10295545e18ac8915a1f5860317,2026-05-06,23:10,points,24.5,336.0,,True,draftkings,2026-05-06T14:54:06.896419
Karl-Anthony Towns,,,d146e10295545e18ac8915a1f5860317,2026-05-06,23:10,points,29.5,1020.0,,True,draftkings,2026-05-06T14:54:06.896421
Karl-Anthony Towns,,,d146e10295545e18ac8915a1f5860317,2026-05-06,23:10,points,34.5,2500.0,,True,draftkings,2026-05-06T14:54:06.896422
OG Anunoby,,,d146e10295545e18ac8915a1f5860317,2026-05-06,23:10,points,7.5,-3400.0,,True,draftkings,2026-05-06T14:54:06.896424
OG Anunoby,,,d146e10295545e18ac8915a1f5860317,2026-05-06,23:10,points,9.5,-1200.0,,True,draftkings,2026-05-06T14:54:06.896426
OG Anunoby,,,d146e10295545e18ac8915a1f5860317,2026-05-06,23:10,points,11.5,-581.0,,True,draftkings,2026-05-06T14:54:06.896427
OG Anunoby,,,d146e10295545e18ac8915a1f5860317,2026-05-06,23:10,points,14.5,-235.0,,True,draftkings,2026-05-06T14:54:06.896429
OG Anunoby,,,d146e10295545e18ac8915a1f5860317,2026-05-06,23:10,points,17.5,-113.0,,True,draftkings,2026-05-06T14:54:06.896431
OG Anunoby,,,d146e10295545e18ac8915a1f5860317,2026-05-06,23:10,points,19.5,139.0,,True,draftkings,2026-05-06T14:54:06.896432
OG Anunoby,,,d146e10295545e18ac8915a1f5860317,2026-05-06,23:10,points,24.5,414.0,,True,draftkings,2026-05-06T14:54:06.896434
OG Anunoby,,,d146e10295545e18ac8915a1f5860317,2026-05-06,23:10,points,29.5,1160.0,,True,draftkings,2026-05-06T14:54:06.896436
OG Anunoby,,,d146e10295545e18ac8915a1f5860317,2026-05-06,23:10,points,34.5,2700.0,,True,draftkings,2026-05-06T14:54:06.896437
Paul George,,,d146e10295545e18ac8915a1f5860317,2026-05-06,23:10,points,7.5,-1420.0,,True,draftkings,2026-05-06T14:54:06.896439
Paul George,,,d146e10295545e18ac8915a1f5860317,2026-05-06,23:10,points,9.5,-630.0,,True,draftkings,2026-05-06T14:54:06.896441
Paul George,,,d146e10295545e18ac8915a1f5860317,2026-05-06,23:10,points,11.5,-335.0,,True,draftkings,2026-05-06T14:54:06.896442
Paul George,,,d146e10295545e18ac8915a1f5860317,2026-05-06,23:10,points,14.5,-152.0,,True,draftkings,2026-05-06T14:54:06.896444
Paul George,,,d146e10295545e18ac8915a1f5860317,2026-05-06,23:10,points,15.5,-119.0,,True,draftkings,2026-05-06T14:54:06.896446
Paul George,,,d146e10295545e18ac8915a1f5860317,2026-05-06,23:10,points,17.5,132.0,,True,draftkings,2026-05-06T14:54:06.896449
Paul George,,,d146e10295545e18ac8915a1f5860317,2026-05-06,23:10,points,19.5,204.0,,True,draftkings,2026-05-06T14:54:06.896451
Paul George,,,d146e10295545e18ac8915a1f5860317,2026-05-06,23:10,points,24.5,578.0,,True,draftkings,2026-05-06T14:54:06.896452
Paul George,,,d146e10295545e18ac8915a1f5860317,2026-05-06,23:10,points,29.5,1480.0,,True,draftkings,2026-05-06T14:54:06.896454
VJ Edgecombe,,,d146e10295545e18ac8915a1f5860317,2026-05-06,23:10,points,5.5,-1380.0,,True,draftkings,2026-05-06T14:54:06.896456
VJ Edgecombe,,,d146e10295545e18ac8915a1f5860317,2026-05-06,23:10,points,7.5,-568.0,,True,draftkings,2026-05-06T14:54:06.896457
VJ Edgecombe,,,d146e10295545e18ac8915a1f5860317,2026-05-06,23:10,points,9.5,-282.0,,True,draftkings,2026-05-06T14:54:06.896459
VJ Edgecombe,,,d146e10295545e18ac8915a1f5860317,2026-05-06,23:10,points,11.5,-157.0,,True,draftkings,2026-05-06T14:54:06.896460
VJ Edgecombe,,,d146e10295545e18ac8915a1f5860317,2026-05-06,23:10,points,12.5,-120.0,,True,draftkings,2026-05-06T14:54:06.896462
VJ Edgecombe,,,d146e10295545e18ac8915a1f5860317,2026-05-06,23:10,points,14.5,138.0,,True,draftkings,2026-05-06T14:54:06.896464
VJ Edgecombe,,,d146e10295545e18ac8915a1f5860317,2026-05-06,23:10,points,17.5,281.0,,True,draftkings,2026-05-06T14:54:06.896465
VJ Edgecombe,,,d146e10295545e18ac8915a1f5860317,2026-05-06,23:10,points,19.5,443.0,,True,draftkings,2026-05-06T14:54:06.896467
VJ Edgecombe,,,d146e10295545e18ac8915a1f5860317,2026-05-06,23:10,points,24.5,1280.0,,True,draftkings,2026-05-06T14:54:06.896469
VJ Edgecombe,,,d146e10295545e18ac8915a1f5860317,2026-05-06,23:10,points,29.5,2800.0,,True,draftkings,2026-05-06T14:54:06.896470
Josh Hart,,,d146e10295545e18ac8915a1f5860317,2026-05-06,23:10,points,5.5,-1020.0,,True,draftkings,2026-05-06T14:54:06.896472
Josh Hart,,,d146e10295545e18ac8915a1f5860317,2026-05-06,23:10,points,7.5,-405.0,,True,draftkings,2026-05-06T14:54:06.896474
Josh Hart,,,d146e10295545e18ac8915a1f5860317,2026-05-06,23:10,points,9.5,-207.0,,True,draftkings,2026-05-06T14:54:06.896475
Josh Hart,,,d146e10295545e18ac8915a1f5860317,2026-05-06,23:10,points,11.5,-114.0,,True,draftkings,2026-05-06T14:54:06.896477
Josh Hart,,,d146e10295545e18ac8915a1f5860317,2026-05-06,23:10,points,14.5,196.0,,True,draftkings,2026-05-06T14:54:06.896479
Josh Hart,,,d146e10295545e18ac8915a1f5860317,2026-05-06,23:10,points,17.5,416.0,,True,draftkings,2026-05-06T14:54:06.896480
Josh Hart,,,d146e10295545e18ac8915a1f5860317,2026-05-06,23:10,points,19.5,680.0,,True,draftkings,2026-05-06T14:54:06.896482
Josh Hart,,,d146e10295545e18ac8915a1f5860317,2026-05-06,23:10,points,24.5,2000.0,,True,draftkings,2026-05-06T14:54:06.896483
Mikal Bridges,,,d146e10295545e18ac8915a1f5860317,2026-05-06,23:10,points,5.5,-1160.0,,True,draftkings,2026-05-06T14:54:06.896485
Mikal Bridges,,,d146e10295545e18ac8915a1f5860317,2026-05-06,23:10,points,7.5,-465.0,,True,draftkings,2026-05-06T14:54:06.896487
Mikal Bridges,,,d146e10295545e18ac8915a1f5860317,2026-05-06,23:10,points,9.5,-228.0,,True,draftkings,2026-05-06T14:54:06.896490
Mikal Bridges,,,d146e10295545e18ac8915a1f5860317,2026-05-06,23:10,points,11.5,-122.0,,True,draftkings,2026-05-06T14:54:06.896492
Mikal Bridges,,,d146e10295545e18ac8915a1f5860317,2026-05-06,23:10,points,14.5,191.0,,True,draftkings,2026-05-06T14:54:06.896494
Mikal Bridges,,,d146e10295545e18ac8915a1f5860317,2026-05-06,23:10,points,17.5,419.0,,True,draftkings,2026-05-06T14:54:06.896495
Mikal Bridges,,,d146e10295545e18ac8915a1f5860317,2026-05-06,23:10,points,19.5,690.0,,True,draftkings,2026-05-06T14:54:06.896497
Mikal Bridges,,,d146e10295545e18ac8915a1f5860317,2026-05-06,23:10,points,24.5,2100.0,,True,draftkings,2026-05-06T14:54:06.896500
Kelly Oubre Jr,,,d146e10295545e18ac8915a1f5860317,2026-05-06,23:10,points,5.5,-880.0,,True,draftkings,2026-05-06T14:54:06.896502
Kelly Oubre Jr,,,d146e10295545e18ac8915a1f5860317,2026-05-06,23:10,points,7.5,-356.0,,True,draftkings,2026-05-06T14:54:06.896504
Kelly Oubre Jr,,,d146e10295545e18ac8915a1f5860317,2026-05-06,23:10,points,9.5,-180.0,,True,draftkings,2026-05-06T14:54:06.896507
Kelly Oubre Jr,,,d146e10295545e18ac8915a1f5860317,2026-05-06,23:10,points,11.5,100.0,,True,draftkings,2026-05-06T14:54:06.896509
Kelly Oubre Jr,,,d146e10295545e18ac8915a1f5860317,2026-05-06,23:10,points,14.5,226.0,,True,draftkings,2026-05-06T14:54:06.896511
Kelly Oubre Jr,,,d146e10295545e18ac8915a1f5860317,2026-05-06,23:10,points,17.5,493.0,,True,draftkings,2026-05-06T14:54:06.896512
Kelly Oubre Jr,,,d146e10295545e18ac8915a1f5860317,2026-05-06,23:10,points,19.5,810.0,,True,draftkings,2026-05-06T14:54:06.896514
Kelly Oubre Jr,,,d146e10295545e18ac8915a1f5860317,2026-05-06,23:10,points,24.5,2200.0,,True,draftkings,2026-05-06T14:54:06.896516
Miles McBride,,,d146e10295545e18ac8915a1f5860317,2026-05-06,23:10,points,5.5,-221.0,,True,draftkings,2026-05-06T14:54:06.896517
Miles McBride,,,d146e10295545e18ac8915a1f5860317,2026-05-06,23:10,points,7.5,-113.0,,True,draftkings,2026-05-06T14:54:06.896519
Miles McBride,,,d146e10295545e18ac8915a1f5860317,2026-05-06,23:10,points,9.5,171.0,,True,draftkings,2026-05-06T14:54:06.896521
Miles McBride,,,d146e10295545e18ac8915a1f5860317,2026-05-06,23:10,points,11.5,297.0,,True,draftkings,2026-05-06T14:54:06.896522
Miles McBride,,,d146e10295545e18ac8915a1f5860317,2026-05-06,23:10,points,14.5,650.0,,True,draftkings,2026-05-06T14:54:06.896524
Miles McBride,,,d146e10295545e18ac8915a1f5860317,2026-05-06,23:10,points,17.5,1360.0,,True,draftkings,2026-05-06T14:54:06.896526
Miles McBride,,,d146e10295545e18ac8915a1f5860317,2026-05-06,23:10,points,19.5,2000.0,,True,draftkings,2026-05-06T14:54:06.896527
Quentin Grimes,,,d146e10295545e18ac8915a1f5860317,2026-05-06,23:10,points,5.5,-131.0,,True,draftkings,2026-05-06T14:54:06.896529
Quentin Grimes,,,d146e10295545e18ac8915a1f5860317,2026-05-06,23:10,points,7.5,151.0,,True,draftkings,2026-05-06T14:54:06.896530
Quentin Grimes,,,d146e10295545e18ac8915a1f5860317,2026-05-06,23:10,points,9.5,289.0,,True,draftkings,2026-05-06T14:54:06.896533
Quentin Grimes,,,d146e10295545e18ac8915a1f5860317,2026-05-06,23:10,points,11.5,526.0,,True,draftkings,2026-05-06T14:54:06.896535
Quentin Grimes,,,d146e10295545e18ac8915a1f5860317,2026-05-06,23:10,points,14.5,1220.0,,True,draftkings,2026-05-06T14:54:06.896536
Quentin Grimes,,,d146e10295545e18ac8915a1f5860317,2026-05-06,23:10,points,17.5,2300.0,,True,draftkings,2026-05-06T14:54:06.896538
Jordan Clarkson,,,d146e10295545e18ac8915a1f5860317,2026-05-06,23:10,points,5.5,-101.0,,True,draftkings,2026-05-06T14:54:06.896540
Jordan Clarkson,,,d146e10295545e18ac8915a1f5860317,2026-05-06,23:10,points,7.5,194.0,,True,draftkings,2026-05-06T14:54:06.896541
Jordan Clarkson,,,d146e10295545e18ac8915a1f5860317,2026-05-06,23:10,points,9.5,365.0,,True,draftkings,2026-05-06T14:54:06.896543
Jordan Clarkson,,,d146e10295545e18ac8915a1f5860317,2026-05-06,23:10,points,11.5,670.0,,True,draftkings,2026-05-06T14:54:06.896545
Jordan Clarkson,,,d146e10295545e18ac8915a1f5860317,2026-05-06,23:10,points,14.5,1540.0,,True,draftkings,2026-05-06T14:54:06.896546
Jordan Clarkson,,,d146e10295545e18ac8915a1f5860317,2026-05-06,23:10,points,17.5,2800.0,,True,draftkings,2026-05-06T14:54:06.896548
Mitchell Robinson,,,d146e10295545e18ac8915a1f5860317,2026-05-06,23:10,points,4.5,-124.0,,True,draftkings,2026-05-06T14:54:06.896550
Mitchell Robinson,,,d146e10295545e18ac8915a1f5860317,2026-05-06,23:10,points,5.5,112.0,,True,draftkings,2026-05-06T14:54:06.896551
Mitchell Robinson,,,d146e10295545e18ac8915a1f5860317,2026-05-06,23:10,points,7.5,266.0,,True,draftkings,2026-05-06T14:54:06.896566
Mitchell Robinson,,,d146e10295545e18ac8915a1f5860317,2026-05-06,23:10,points,9.5,582.0,,True,draftkings,2026-05-06T14:54:06.896568
Mitchell Robinson,,,d146e10295545e18ac8915a1f5860317,2026-05-06,23:10,points,11.5,1220.0,,True,draftkings,2026-05-06T14:54:06.896570
Mitchell Robinson,,,d146e10295545e18ac8915a1f5860317,2026-05-06,23:10,points,14.5,2800.0,,True,draftkings,2026-05-06T14:54:06.896571
Andre Drummond,,,d146e10295545e18ac8915a1f5860317,2026-05-06,23:10,points,1.5,-158.0,,True,draftkings,2026-05-06T14:54:06.896573
Andre Drummond,,,d146e10295545e18ac8915a1f5860317,2026-05-06,23:10,points,5.5,650.0,,True,draftkings,2026-05-06T14:54:06.896577
Andre Drummond,,,d146e10295545e18ac8915a1f5860317,2026-05-06,23:10,points,7.5,1480.0,,True,draftkings,2026-05-06T14:54:06.896579
Andre Drummond,,,d146e10295545e18ac8915a1f5860317,2026-05-06,23:10,points,9.5,2800.0,,True,draftkings,2026-05-06T14:54:06.896580
Karl-Anthony Towns,,,d146e10295545e18ac8915a1f5860317,2026-05-06,23:10,rebounds,10.5,-133.0,101.0,False,draftkings,2026-05-06T14:54:06.896601
Josh Hart,,,d146e10295545e18ac8915a1f5860317,2026-05-06,23:10,rebounds,9.5,108.0,-142.0,False,draftkings,2026-05-06T14:54:06.896602
Joel Embiid,,,d146e10295545e18ac8915a1f5860317,2026-05-06,23:10,rebounds,8.5,-103.0,-128.0,False,draftkings,2026-05-06T14:54:06.896604
Mitchell Robinson,,,d146e10295545e18ac8915a1f5860317,2026-05-06,23:10,rebounds,6.5,-147.0,112.0,False,draftkings,2026-05-06T14:54:06.896606
OG Anunoby,,,d146e10295545e18ac8915a1f5860317,2026-05-06,23:10,rebounds,5.5,-117.0,-112.0,False,draftkings,2026-05-06T14:54:06.896608
Kelly Oubre Jr,,,d146e10295545e18ac8915a1f5860317,2026-05-06,23:10,rebounds,5.5,-108.0,-122.0,False,draftkings,2026-05-06T14:54:06.896609
Paul George,,,d146e10295545e18ac8915a1f5860317,2026-05-06,23:10,rebounds,5.5,110.0,-145.0,False,draftkings,2026-05-06T14:54:06.896611
VJ Edgecombe,,,d146e10295545e18ac8915a1f5860317,2026-05-06,23:10,rebounds,4.5,-147.0,112.0,False,draftkings,2026-05-06T14:54:06.896612
Tyrese Maxey,,,d146e10295545e18ac8915a1f5860317,2026-05-06,23:10,rebounds,3.5,-152.0,115.0,False,draftkings,2026-05-06T14:54:06.896614
Andre Drummond,,,d146e10295545e18ac8915a1f5860317,2026-05-06,23:10,rebounds,3.5,110.0,-145.0,False,draftkings,2026-05-06T14:54:06.896616
Jalen Brunson,,,d146e10295545e18ac8915a1f5860317,2026-05-06,23:10,rebounds,2.5,-145.0,110.0,False,draftkings,2026-05-06T14:54:06.896617
Mikal Bridges,,,d146e10295545e18ac8915a1f5860317,2026-05-06,23:10,rebounds,2.5,-140.0,106.0,False,draftkings,2026-05-06T14:54:06.896619
Quentin Grimes,,,d146e10295545e18ac8915a1f5860317,2026-05-06,23:10,rebounds,2.5,100.0,-132.0,False,draftkings,2026-05-06T14:54:06.896621
Miles McBride,,,d146e10295545e18ac8915a1f5860317,2026-05-06,23:10,rebounds,1.5,115.0,-152.0,False,draftkings,2026-05-06T14:54:06.896623
Karl-Anthony Towns,,,d146e10295545e18ac8915a1f5860317,2026-05-06,23:10,rebounds,6.5,-1460.0,,True,draftkings,2026-05-06T14:54:06.896690
Karl-Anthony Towns,,,d146e10295545e18ac8915a1f5860317,2026-05-06,23:10,rebounds,7.5,-680.0,,True,draftkings,2026-05-06T14:54:06.896692
Karl-Anthony Towns,,,d146e10295545e18ac8915a1f5860317,2026-05-06,23:10,rebounds,8.5,-363.0,,True,draftkings,2026-05-06T14:54:06.896693
Karl-Anthony Towns,,,d146e10295545e18ac8915a1f5860317,2026-05-06,23:10,rebounds,9.5,-216.0,,True,draftkings,2026-05-06T14:54:06.896695
Karl-Anthony Towns,,,d146e10295545e18ac8915a1f5860317,2026-05-06,23:10,rebounds,10.5,-133.0,,True,draftkings,2026-05-06T14:54:06.896697
Karl-Anthony Towns,,,d146e10295545e18ac8915a1f5860317,2026-05-06,23:10,rebounds,11.5,117.0,,True,draftkings,2026-05-06T14:54:06.896698
Karl-Anthony Towns,,,d146e10295545e18ac8915a1f5860317,2026-05-06,23:10,rebounds,12.5,181.0,,True,draftkings,2026-05-06T14:54:06.896700
Karl-Anthony Towns,,,d146e10295545e18ac8915a1f5860317,2026-05-06,23:10,rebounds,13.5,276.0,,True,draftkings,2026-05-06T14:54:06.896702
Karl-Anthony Towns,,,d146e10295545e18ac8915a1f5860317,2026-05-06,23:10,rebounds,14.5,411.0,,True,draftkings,2026-05-06T14:54:06.896703
Karl-Anthony Towns,,,d146e10295545e18ac8915a1f5860317,2026-05-06,23:10,rebounds,15.5,610.0,,True,draftkings,2026-05-06T14:54:06.896705
Karl-Anthony Towns,,,d146e10295545e18ac8915a1f5860317,2026-05-06,23:10,rebounds,16.5,930.0,,True,draftkings,2026-05-06T14:54:06.896707
Karl-Anthony Towns,,,d146e10295545e18ac8915a1f5860317,2026-05-06,23:10,rebounds,17.5,1340.0,,True,draftkings,2026-05-06T14:54:06.896708
Karl-Anthony Towns,,,d146e10295545e18ac8915a1f5860317,2026-05-06,23:10,rebounds,18.5,1880.0,,True,draftkings,2026-05-06T14:54:06.896710
Karl-Anthony Towns,,,d146e10295545e18ac8915a1f5860317,2026-05-06,23:10,rebounds,19.5,2500.0,,True,draftkings,2026-05-06T14:54:06.896712
Josh Hart,,,d146e10295545e18ac8915a1f5860317,2026-05-06,23:10,rebounds,4.5,-3000.0,,True,draftkings,2026-05-06T14:54:06.896713
Josh Hart,,,d146e10295545e18ac8915a1f5860317,2026-05-06,23:10,rebounds,5.5,-1040.0,,True,draftkings,2026-05-06T14:54:06.896715
Josh Hart,,,d146e10295545e18ac8915a1f5860317,2026-05-06,23:10,rebounds,6.5,-495.0,,True,draftkings,2026-05-06T14:54:06.896716
Josh Hart,,,d146e10295545e18ac8915a1f5860317,2026-05-06,23:10,rebounds,7.5,-265.0,,True,draftkings,2026-05-06T14:54:06.896718
Josh Hart,,,d146e10295545e18ac8915a1f5860317,2026-05-06,23:10,rebounds,8.5,-155.0,,True,draftkings,2026-05-06T14:54:06.896720
Josh Hart,,,d146e10295545e18ac8915a1f5860317,2026-05-06,23:10,rebounds,9.5,106.0,,True,draftkings,2026-05-06T14:54:06.896721
Josh Hart,,,d146e10295545e18ac8915a1f5860317,2026-05-06,23:10,rebounds,10.5,168.0,,True,draftkings,2026-05-06T14:54:06.896723
Josh Hart,,,d146e10295545e18ac8915a1f5860317,2026-05-06,23:10,rebounds,11.5,262.0,,True,draftkings,2026-05-06T14:54:06.896725
Josh Hart,,,d146e10295545e18ac8915a1f5860317,2026-05-06,23:10,rebounds,12.5,409.0,,True,draftkings,2026-05-06T14:54:06.896726
Josh Hart,,,d146e10295545e18ac8915a1f5860317,2026-05-06,23:10,rebounds,13.5,630.0,,True,draftkings,2026-05-06T14:54:06.896728
Josh Hart,,,d146e10295545e18ac8915a1f5860317,2026-05-06,23:10,rebounds,14.5,970.0,,True,draftkings,2026-05-06T14:54:06.896730
Josh Hart,,,d146e10295545e18ac8915a1f5860317,2026-05-06,23:10,rebounds,15.5,1400.0,,True,draftkings,2026-05-06T14:54:06.896731
Josh Hart,,,d146e10295545e18ac8915a1f5860317,2026-05-06,23:10,rebounds,16.5,1940.0,,True,draftkings,2026-05-06T14:54:06.896733
Josh Hart,,,d146e10295545e18ac8915a1f5860317,2026-05-06,23:10,rebounds,17.5,2600.0,,True,draftkings,2026-05-06T14:54:06.896735
Joel Embiid,,,d146e10295545e18ac8915a1f5860317,2026-05-06,23:10,rebounds,4.5,-1480.0,,True,draftkings,2026-05-06T14:54:06.896736
Joel Embiid,,,d146e10295545e18ac8915a1f5860317,2026-05-06,23:10,rebounds,5.5,-630.0,,True,draftkings,2026-05-06T14:54:06.896740
Joel Embiid,,,d146e10295545e18ac8915a1f5860317,2026-05-06,23:10,rebounds,6.5,-311.0,,True,draftkings,2026-05-06T14:54:06.896741
Joel Embiid,,,d146e10295545e18ac8915a1f5860317,2026-05-06,23:10,rebounds,7.5,-177.0,,True,draftkings,2026-05-06T14:54:06.896743
Joel Embiid,,,d146e10295545e18ac8915a1f5860317,2026-05-06,23:10,rebounds,8.5,-105.0,,True,draftkings,2026-05-06T14:54:06.896745
Joel Embiid,,,d146e10295545e18ac8915a1f5860317,2026-05-06,23:10,rebounds,9.5,158.0,,True,draftkings,2026-05-06T14:54:06.896747
Joel Embiid,,,d146e10295545e18ac8915a1f5860317,2026-05-06,23:10,rebounds,10.5,258.0,,True,draftkings,2026-05-06T14:54:06.896748
Joel Embiid,,,d146e10295545e18ac8915a1f5860317,2026-05-06,23:10,rebounds,11.5,418.0,,True,draftkings,2026-05-06T14:54:06.896750
Joel Embiid,,,d146e10295545e18ac8915a1f5860317,2026-05-06,23:10,rebounds,12.5,660.0,,True,draftkings,2026-05-06T14:54:06.896751
Joel Embiid,,,d146e10295545e18ac8915a1f5860317,2026-05-06,23:10,rebounds,13.5,1020.0,,True,draftkings,2026-05-06T14:54:06.896753
Joel Embiid,,,d146e10295545e18ac8915a1f5860317,2026-05-06,23:10,rebounds,14.5,1560.0,,True,draftkings,2026-05-06T14:54:06.896755
Joel Embiid,,,d146e10295545e18ac8915a1f5860317,2026-05-06,23:10,rebounds,15.5,2300.0,,True,draftkings,2026-05-06T14:54:06.896756
Mitchell Robinson,,,d146e10295545e18ac8915a1f5860317,2026-05-06,23:10,rebounds,3.5,-1220.0,,True,draftkings,2026-05-06T14:54:06.896758
Mitchell Robinson,,,d146e10295545e18ac8915a1f5860317,2026-05-06,23:10,rebounds,4.5,-502.0,,True,draftkings,2026-05-06T14:54:06.896760
Mitchell Robinson,,,d146e10295545e18ac8915a1f5860317,2026-05-06,23:10,rebounds,5.5,-260.0,,True,draftkings,2026-05-06T14:54:06.896761
Mitchell Robinson,,,d146e10295545e18ac8915a1f5860317,2026-05-06,23:10,rebounds,6.5,-148.0,,True,draftkings,2026-05-06T14:54:06.896763
Mitchell Robinson,,,d146e10295545e18ac8915a1f5860317,2026-05-06,23:10,rebounds,7.5,111.0,,True,draftkings,2026-05-06T14:54:06.896765
Mitchell Robinson,,,d146e10295545e18ac8915a1f5860317,2026-05-06,23:10,rebounds,8.5,178.0,,True,draftkings,2026-05-06T14:54:06.896766
Mitchell Robinson,,,d146e10295545e18ac8915a1f5860317,2026-05-06,23:10,rebounds,9.5,280.0,,True,draftkings,2026-05-06T14:54:06.896768
Mitchell Robinson,,,d146e10295545e18ac8915a1f5860317,2026-05-06,23:10,rebounds,10.5,439.0,,True,draftkings,2026-05-06T14:54:06.896770
Mitchell Robinson,,,d146e10295545e18ac8915a1f5860317,2026-05-06,23:10,rebounds,11.5,670.0,,True,draftkings,2026-05-06T14:54:06.896771
Mitchell Robinson,,,d146e10295545e18ac8915a1f5860317,2026-05-06,23:10,rebounds,12.5,1020.0,,True,draftkings,2026-05-06T14:54:06.896773
Mitchell Robinson,,,d146e10295545e18ac8915a1f5860317,2026-05-06,23:10,rebounds,13.5,1520.0,,True,draftkings,2026-05-06T14:54:06.896776
Mitchell Robinson,,,d146e10295545e18ac8915a1f5860317,2026-05-06,23:10,rebounds,14.5,2100.0,,True,draftkings,2026-05-06T14:54:06.896778
Mitchell Robinson,,,d146e10295545e18ac8915a1f5860317,2026-05-06,23:10,rebounds,15.5,2800.0,,True,draftkings,2026-05-06T14:54:06.896780
OG Anunoby,,,d146e10295545e18ac8915a1f5860317,2026-05-06,23:10,rebounds,2.5,-1580.0,,True,draftkings,2026-05-06T14:54:06.896783
OG Anunoby,,,d146e10295545e18ac8915a1f5860317,2026-05-06,23:10,rebounds,3.5,-504.0,,True,draftkings,2026-05-06T14:54:06.896785
OG Anunoby,,,d146e10295545e18ac8915a1f5860317,2026-05-06,23:10,rebounds,4.5,-227.0,,True,draftkings,2026-05-06T14:54:06.896786
OG Anunoby,,,d146e10295545e18ac8915a1f5860317,2026-05-06,23:10,rebounds,5.5,-115.0,,True,draftkings,2026-05-06T14:54:06.896788
OG Anunoby,,,d146e10295545e18ac8915a1f5860317,2026-05-06,23:10,rebounds,6.5,159.0,,True,draftkings,2026-05-06T14:54:06.896790
OG Anunoby,,,d146e10295545e18ac8915a1f5860317,2026-05-06,23:10,rebounds,7.5,287.0,,True,draftkings,2026-05-06T14:54:06.896792
OG Anunoby,,,d146e10295545e18ac8915a1f5860317,2026-05-06,23:10,rebounds,8.5,494.0,,True,draftkings,2026-05-06T14:54:06.896793
OG Anunoby,,,d146e10295545e18ac8915a1f5860317,2026-05-06,23:10,rebounds,9.5,850.0,,True,draftkings,2026-05-06T14:54:06.896795
OG Anunoby,,,d146e10295545e18ac8915a1f5860317,2026-05-06,23:10,rebounds,10.5,1380.0,,True,draftkings,2026-05-06T14:54:06.896798
OG Anunoby,,,d146e10295545e18ac8915a1f5860317,2026-05-06,23:10,rebounds,11.5,2200.0,,True,draftkings,2026-05-06T14:54:06.896800
Kelly Oubre Jr,,,d146e10295545e18ac8915a1f5860317,2026-05-06,23:10,rebounds,2.5,-1380.0,,True,draftkings,2026-05-06T14:54:06.896802
Kelly Oubre Jr,,,d146e10295545e18ac8915a1f5860317,2026-05-06,23:10,rebounds,3.5,-462.0,,True,draftkings,2026-05-06T14:54:06.896803
Kelly Oubre Jr,,,d146e10295545e18ac8915a1f5860317,2026-05-06,23:10,rebounds,4.5,-210.0,,True,draftkings,2026-05-06T14:54:06.896805
Kelly Oubre Jr,,,d146e10295545e18ac8915a1f5860317,2026-05-06,23:10,rebounds,5.5,-105.0,,True,draftkings,2026-05-06T14:54:06.896807
Kelly Oubre Jr,,,d146e10295545e18ac8915a1f5860317,2026-05-06,23:10,rebounds,6.5,176.0,,True,draftkings,2026-05-06T14:54:06.896808
Kelly Oubre Jr,,,d146e10295545e18ac8915a1f5860317,2026-05-06,23:10,rebounds,7.5,310.0,,True,draftkings,2026-05-06T14:54:06.896810
Kelly Oubre Jr,,,d146e10295545e18ac8915a1f5860317,2026-05-06,23:10,rebounds,8.5,550.0,,True,draftkings,2026-05-06T14:54:06.896812
Kelly Oubre Jr,,,d146e10295545e18ac8915a1f5860317,2026-05-06,23:10,rebounds,9.5,940.0,,True,draftkings,2026-05-06T14:54:06.896813
Kelly Oubre Jr,,,d146e10295545e18ac8915a1f5860317,2026-05-06,23:10,rebounds,10.5,1560.0,,True,draftkings,2026-05-06T14:54:06.896815
Kelly Oubre Jr,,,d146e10295545e18ac8915a1f5860317,2026-05-06,23:10,rebounds,11.5,2400.0,,True,draftkings,2026-05-06T14:54:06.896817
Paul George,,,d146e10295545e18ac8915a1f5860317,2026-05-06,23:10,rebounds,2.5,-1140.0,,True,draftkings,2026-05-06T14:54:06.896818
Paul George,,,d146e10295545e18ac8915a1f5860317,2026-05-06,23:10,rebounds,3.5,-396.0,,True,draftkings,2026-05-06T14:54:06.896820
Paul George,,,d146e10295545e18ac8915a1f5860317,2026-05-06,23:10,rebounds,4.5,-179.0,,True,draftkings,2026-05-06T14:54:06.896821
Paul George,,,d146e10295545e18ac8915a1f5860317,2026-05-06,23:10,rebounds,5.5,110.0,,True,draftkings,2026-05-06T14:54:06.896823
Paul George,,,d146e10295545e18ac8915a1f5860317,2026-05-06,23:10,rebounds,6.5,206.0,,True,draftkings,2026-05-06T14:54:06.896825
Paul George,,,d146e10295545e18ac8915a1f5860317,2026-05-06,23:10,rebounds,7.5,376.0,,True,draftkings,2026-05-06T14:54:06.896826
Paul George,,,d146e10295545e18ac8915a1f5860317,2026-05-06,23:10,rebounds,8.5,680.0,,True,draftkings,2026-05-06T14:54:06.896828
Paul George,,,d146e10295545e18ac8915a1f5860317,2026-05-06,23:10,rebounds,9.5,1180.0,,True,draftkings,2026-05-06T14:54:06.896830
Paul George,,,d146e10295545e18ac8915a1f5860317,2026-05-06,23:10,rebounds,10.5,1920.0,,True,draftkings,2026-05-06T14:54:06.896831
Paul George,,,d146e10295545e18ac8915a1f5860317,2026-05-06,23:10,rebounds,11.5,2800.0,,True,draftkings,2026-05-06T14:54:06.896833
VJ Edgecombe,,,d146e10295545e18ac8915a1f5860317,2026-05-06,23:10,rebounds,2.5,-820.0,,True,draftkings,2026-05-06T14:54:06.896835
VJ Edgecombe,,,d146e10295545e18ac8915a1f5860317,2026-05-06,23:10,rebounds,3.5,-313.0,,True,draftkings,2026-05-06T14:54:06.896836
VJ Edgecombe,,,d146e10295545e18ac8915a1f5860317,2026-05-06,23:10,rebounds,4.5,-151.0,,True,draftkings,2026-05-06T14:54:06.896838
VJ Edgecombe,,,d146e10295545e18ac8915a1f5860317,2026-05-06,23:10,rebounds,5.5,128.0,,True,draftkings,2026-05-06T14:54:06.896840
VJ Edgecombe,,,d146e10295545e18ac8915a1f5860317,2026-05-06,23:10,rebounds,6.5,233.0,,True,draftkings,2026-05-06T14:54:06.896841
VJ Edgecombe,,,d146e10295545e18ac8915a1f5860317,2026-05-06,23:10,rebounds,7.5,408.0,,True,draftkings,2026-05-06T14:54:06.896843
VJ Edgecombe,,,d146e10295545e18ac8915a1f5860317,2026-05-06,23:10,rebounds,8.5,720.0,,True,draftkings,2026-05-06T14:54:06.896845
VJ Edgecombe,,,d146e10295545e18ac8915a1f5860317,2026-05-06,23:10,rebounds,9.5,1240.0,,True,draftkings,2026-05-06T14:54:06.896846
VJ Edgecombe,,,d146e10295545e18ac8915a1f5860317,2026-05-06,23:10,rebounds,10.5,1980.0,,True,draftkings,2026-05-06T14:54:06.896848
VJ Edgecombe,,,d146e10295545e18ac8915a1f5860317,2026-05-06,23:10,rebounds,11.5,2800.0,,True,draftkings,2026-05-06T14:54:06.896850
Andre Drummond,,,d146e10295545e18ac8915a1f5860317,2026-05-06,23:10,rebounds,2.5,-174.0,,True,draftkings,2026-05-06T14:54:06.896853
Andre Drummond,,,d146e10295545e18ac8915a1f5860317,2026-05-06,23:10,rebounds,3.5,111.0,,True,draftkings,2026-05-06T14:54:06.896855
Andre Drummond,,,d146e10295545e18ac8915a1f5860317,2026-05-06,23:10,rebounds,4.5,192.0,,True,draftkings,2026-05-06T14:54:06.896856
Andre Drummond,,,d146e10295545e18ac8915a1f5860317,2026-05-06,23:10,rebounds,5.5,326.0,,True,draftkings,2026-05-06T14:54:06.896858
Andre Drummond,,,d146e10295545e18ac8915a1f5860317,2026-05-06,23:10,rebounds,6.5,539.0,,True,draftkings,2026-05-06T14:54:06.896860
Andre Drummond,,,d146e10295545e18ac8915a1f5860317,2026-05-06,23:10,rebounds,7.5,820.0,,True,draftkings,2026-05-06T14:54:06.896861
Andre Drummond,,,d146e10295545e18ac8915a1f5860317,2026-05-06,23:10,rebounds,8.5,1220.0,,True,draftkings,2026-05-06T14:54:06.896863
Andre Drummond,,,d146e10295545e18ac8915a1f5860317,2026-05-06,23:10,rebounds,9.5,1760.0,,True,draftkings,2026-05-06T14:54:06.896865
Andre Drummond,,,d146e10295545e18ac8915a1f5860317,2026-05-06,23:10,rebounds,10.5,2400.0,,True,draftkings,2026-05-06T14:54:06.896868
Tyrese Maxey,,,d146e10295545e18ac8915a1f5860317,2026-05-06,23:10,rebounds,2.5,-332.0,,True,draftkings,2026-05-06T14:54:06.896870
Tyrese Maxey,,,d146e10295545e18ac8915a1f5860317,2026-05-06,23:10,rebounds,3.5,-153.0,,True,draftkings,2026-05-06T14:54:06.896871
Tyrese Maxey,,,d146e10295545e18ac8915a1f5860317,2026-05-06,23:10,rebounds,4.5,126.0,,True,draftkings,2026-05-06T14:54:06.896873
Tyrese Maxey,,,d146e10295545e18ac8915a1f5860317,2026-05-06,23:10,rebounds,5.5,229.0,,True,draftkings,2026-05-06T14:54:06.896875
Tyrese Maxey,,,d146e10295545e18ac8915a1f5860317,2026-05-06,23:10,rebounds,6.5,397.0,,True,draftkings,2026-05-06T14:54:06.896876
Tyrese Maxey,,,d146e10295545e18ac8915a1f5860317,2026-05-06,23:10,rebounds,7.5,690.0,,True,draftkings,2026-05-06T14:54:06.896878
Tyrese Maxey,,,d146e10295545e18ac8915a1f5860317,2026-05-06,23:10,rebounds,8.5,1160.0,,True,draftkings,2026-05-06T14:54:06.896879
Tyrese Maxey,,,d146e10295545e18ac8915a1f5860317,2026-05-06,23:10,rebounds,9.5,1880.0,,True,draftkings,2026-05-06T14:54:06.896881
Tyrese Maxey,,,d146e10295545e18ac8915a1f5860317,2026-05-06,23:10,rebounds,10.5,2700.0,,True,draftkings,2026-05-06T14:54:06.896883
Jalen Brunson,,,d146e10295545e18ac8915a1f5860317,2026-05-06,23:10,rebounds,2.5,-146.0,,True,draftkings,2026-05-06T14:54:06.896884
Jalen Brunson,,,d146e10295545e18ac8915a1f5860317,2026-05-06,23:10,rebounds,3.5,164.0,,True,draftkings,2026-05-06T14:54:06.896886
Jalen Brunson,,,d146e10295545e18ac8915a1f5860317,2026-05-06,23:10,rebounds,4.5,372.0,,True,draftkings,2026-05-06T14:54:06.896888
Jalen Brunson,,,d146e10295545e18ac8915a1f5860317,2026-05-06,23:10,rebounds,5.5,790.0,,True,draftkings,2026-05-06T14:54:06.896889
Jalen Brunson,,,d146e10295545e18ac8915a1f5860317,2026-05-06,23:10,rebounds,6.5,1600.0,,True,draftkings,2026-05-06T14:54:06.896891
Jalen Brunson,,,d146e10295545e18ac8915a1f5860317,2026-05-06,23:10,rebounds,7.5,2700.0,,True,draftkings,2026-05-06T14:54:06.896893
Mikal Bridges,,,d146e10295545e18ac8915a1f5860317,2026-05-06,23:10,rebounds,2.5,-140.0,,True,draftkings,2026-05-06T14:54:06.896896
Mikal Bridges,,,d146e10295545e18ac8915a1f5860317,2026-05-06,23:10,rebounds,3.5,177.0,,True,draftkings,2026-05-06T14:54:06.896898
Mikal Bridges,,,d146e10295545e18ac8915a1f5860317,2026-05-06,23:10,rebounds,4.5,401.0,,True,draftkings,2026-05-06T14:54:06.896899
Mikal Bridges,,,d146e10295545e18ac8915a1f5860317,2026-05-06,23:10,rebounds,5.5,850.0,,True,draftkings,2026-05-06T14:54:06.896901
Mikal Bridges,,,d146e10295545e18ac8915a1f5860317,2026-05-06,23:10,rebounds,6.5,1700.0,,True,draftkings,2026-05-06T14:54:06.896903
Mikal Bridges,,,d146e10295545e18ac8915a1f5860317,2026-05-06,23:10,rebounds,7.5,2900.0,,True,draftkings,2026-05-06T14:54:06.896904
Quentin Grimes,,,d146e10295545e18ac8915a1f5860317,2026-05-06,23:10,rebounds,2.5,100.0,,True,draftkings,2026-05-06T14:54:06.896906
Quentin Grimes,,,d146e10295545e18ac8915a1f5860317,2026-05-06,23:10,rebounds,3.5,232.0,,True,draftkings,2026-05-06T14:54:06.896910
Quentin Grimes,,,d146e10295545e18ac8915a1f5860317,2026-05-06,23:10,rebounds,4.5,499.0,,True,draftkings,2026-05-06T14:54:06.896911
Quentin Grimes,,,d146e10295545e18ac8915a1f5860317,2026-05-06,23:10,rebounds,5.5,1040.0,,True,draftkings,2026-05-06T14:54:06.896913
Quentin Grimes,,,d146e10295545e18ac8915a1f5860317,2026-05-06,23:10,rebounds,6.5,1920.0,,True,draftkings,2026-05-06T14:54:06.896915
Miles McBride,,,d146e10295545e18ac8915a1f5860317,2026-05-06,23:10,rebounds,1.5,114.0,,True,draftkings,2026-05-06T14:54:06.896916
Miles McBride,,,d146e10295545e18ac8915a1f5860317,2026-05-06,23:10,rebounds,2.5,336.0,,True,draftkings,2026-05-06T14:54:06.896918
Miles McBride,,,d146e10295545e18ac8915a1f5860317,2026-05-06,23:10,rebounds,3.5,870.0,,True,draftkings,2026-05-06T14:54:06.896919
Miles McBride,,,d146e10295545e18ac8915a1f5860317,2026-05-06,23:10,rebounds,4.5,1920.0,,True,draftkings,2026-05-06T14:54:06.896921
Tyrese Maxey,,,d146e10295545e18ac8915a1f5860317,2026-05-06,23:10,threes,2.5,-139.0,105.0,False,draftkings,2026-05-06T14:54:06.896940
Jalen Brunson,,,d146e10295545e18ac8915a1f5860317,2026-05-06,23:10,threes,2.5,-116.0,-114.0,False,draftkings,2026-05-06T14:54:06.896942
OG Anunoby,,,d146e10295545e18ac8915a1f5860317,2026-05-06,23:10,threes,2.5,-104.0,-126.0,False,draftkings,2026-05-06T14:54:06.896943
Paul George,,,d146e10295545e18ac8915a1f5860317,2026-05-06,23:10,threes,2.5,105.0,-138.0,False,draftkings,2026-05-06T14:54:06.896945
VJ Edgecombe,,,d146e10295545e18ac8915a1f5860317,2026-05-06,23:10,threes,1.5,-132.0,100.0,False,draftkings,2026-05-06T14:54:06.896947
Miles McBride,,,d146e10295545e18ac8915a1f5860317,2026-05-06,23:10,threes,1.5,-124.0,-106.0,False,draftkings,2026-05-06T14:54:06.896948
Mikal Bridges,,,d146e10295545e18ac8915a1f5860317,2026-05-06,23:10,threes,1.5,-105.0,-125.0,False,draftkings,2026-05-06T14:54:06.896950
Karl-Anthony Towns,,,d146e10295545e18ac8915a1f5860317,2026-05-06,23:10,threes,1.5,-101.0,-130.0,False,draftkings,2026-05-06T14:54:06.896952
Josh Hart,,,d146e10295545e18ac8915a1f5860317,2026-05-06,23:10,threes,1.5,109.0,-144.0,False,draftkings,2026-05-06T14:54:06.896953
Joel Embiid,,,d146e10295545e18ac8915a1f5860317,2026-05-06,23:10,threes,1.5,116.0,-153.0,False,draftkings,2026-05-06T14:54:06.896955
Kelly Oubre Jr,,,d146e10295545e18ac8915a1f5860317,2026-05-06,23:10,threes,1.5,138.0,-183.0,False,draftkings,2026-05-06T14:54:06.896957
Quentin Grimes,,,d146e10295545e18ac8915a1f5860317,2026-05-06,23:10,threes,0.5,-206.0,155.0,False,draftkings,2026-05-06T14:54:06.896958
Jordan Clarkson,,,d146e10295545e18ac8915a1f5860317,2026-05-06,23:10,threes,0.5,104.0,-138.0,False,draftkings,2026-05-06T14:54:06.896960
Tyrese Maxey,,,d146e10295545e18ac8915a1f5860317,2026-05-06,23:10,threes,0.5,-2500.0,,True,draftkings,2026-05-06T14:54:06.896994
Tyrese Maxey,,,d146e10295545e18ac8915a1f5860317,2026-05-06,23:10,threes,1.5,-393.0,,True,draftkings,2026-05-06T14:54:06.896996
Tyrese Maxey,,,d146e10295545e18ac8915a1f5860317,2026-05-06,23:10,threes,2.5,-137.0,,True,draftkings,2026-05-06T14:54:06.896997
Tyrese Maxey,,,d146e10295545e18ac8915a1f5860317,2026-05-06,23:10,threes,3.5,173.0,,True,draftkings,2026-05-06T14:54:06.896999
Tyrese Maxey,,,d146e10295545e18ac8915a1f5860317,2026-05-06,23:10,threes,4.5,375.0,,True,draftkings,2026-05-06T14:54:06.897001
Tyrese Maxey,,,d146e10295545e18ac8915a1f5860317,2026-05-06,23:10,threes,5.5,790.0,,True,draftkings,2026-05-06T14:54:06.897002
Tyrese Maxey,,,d146e10295545e18ac8915a1f5860317,2026-05-06,23:10,threes,6.5,1560.0,,True,draftkings,2026-05-06T14:54:06.897004
Tyrese Maxey,,,d146e10295545e18ac8915a1f5860317,2026-05-06,23:10,threes,7.5,2700.0,,True,draftkings,2026-05-06T14:54:06.897007
Jalen Brunson,,,d146e10295545e18ac8915a1f5860317,2026-05-06,23:10,threes,0.5,-2100.0,,True,draftkings,2026-05-06T14:54:06.897009
Jalen Brunson,,,d146e10295545e18ac8915a1f5860317,2026-05-06,23:10,threes,1.5,-344.0,,True,draftkings,2026-05-06T14:54:06.897011
Jalen Brunson,,,d146e10295545e18ac8915a1f5860317,2026-05-06,23:10,threes,2.5,-117.0,,True,draftkings,2026-05-06T14:54:06.897013
Jalen Brunson,,,d146e10295545e18ac8915a1f5860317,2026-05-06,23:10,threes,3.5,209.0,,True,draftkings,2026-05-06T14:54:06.897014
Jalen Brunson,,,d146e10295545e18ac8915a1f5860317,2026-05-06,23:10,threes,4.5,475.0,,True,draftkings,2026-05-06T14:54:06.897016
Jalen Brunson,,,d146e10295545e18ac8915a1f5860317,2026-05-06,23:10,threes,5.5,1000.0,,True,draftkings,2026-05-06T14:54:06.897018
Jalen Brunson,,,d146e10295545e18ac8915a1f5860317,2026-05-06,23:10,threes,6.5,2000.0,,True,draftkings,2026-05-06T14:54:06.897019
Paul George,,,d146e10295545e18ac8915a1f5860317,2026-05-06,23:10,threes,0.5,-1460.0,,True,draftkings,2026-05-06T14:54:06.897021
Paul George,,,d146e10295545e18ac8915a1f5860317,2026-05-06,23:10,threes,1.5,-270.0,,True,draftkings,2026-05-06T14:54:06.897023
Paul George,,,d146e10295545e18ac8915a1f5860317,2026-05-06,23:10,threes,2.5,106.0,,True,draftkings,2026-05-06T14:54:06.897024
Paul George,,,d146e10295545e18ac8915a1f5860317,2026-05-06,23:10,threes,3.5,253.0,,True,draftkings,2026-05-06T14:54:06.897026
Paul George,,,d146e10295545e18ac8915a1f5860317,2026-05-06,23:10,threes,4.5,566.0,,True,draftkings,2026-05-06T14:54:06.897028
Paul George,,,d146e10295545e18ac8915a1f5860317,2026-05-06,23:10,threes,5.5,1200.0,,True,draftkings,2026-05-06T14:54:06.897029
Paul George,,,d146e10295545e18ac8915a1f5860317,2026-05-06,23:10,threes,6.5,2200.0,,True,draftkings,2026-05-06T14:54:06.897031
OG Anunoby,,,d146e10295545e18ac8915a1f5860317,2026-05-06,23:10,threes,0.5,-1760.0,,True,draftkings,2026-05-06T14:54:06.897033
OG Anunoby,,,d146e10295545e18ac8915a1f5860317,2026-05-06,23:10,threes,1.5,-305.0,,True,draftkings,2026-05-06T14:54:06.897034
OG Anunoby,,,d146e10295545e18ac8915a1f5860317,2026-05-06,23:10,threes,2.5,-104.0,,True,draftkings,2026-05-06T14:54:06.897036
OG Anunoby,,,d146e10295545e18ac8915a1f5860317,2026-05-06,23:10,threes,3.5,238.0,,True,draftkings,2026-05-06T14:54:06.897038
OG Anunoby,,,d146e10295545e18ac8915a1f5860317,2026-05-06,23:10,threes,4.5,561.0,,True,draftkings,2026-05-06T14:54:06.897039
OG Anunoby,,,d146e10295545e18ac8915a1f5860317,2026-05-06,23:10,threes,5.5,1180.0,,True,draftkings,2026-05-06T14:54:06.897041
OG Anunoby,,,d146e10295545e18ac8915a1f5860317,2026-05-06,23:10,threes,6.5,2300.0,,True,draftkings,2026-05-06T14:54:06.897043
VJ Edgecombe,,,d146e10295545e18ac8915a1f5860317,2026-05-06,23:10,threes,0.5,-610.0,,True,draftkings,2026-05-06T14:54:06.897044
VJ Edgecombe,,,d146e10295545e18ac8915a1f5860317,2026-05-06,23:10,threes,1.5,-133.0,,True,draftkings,2026-05-06T14:54:06.897046
VJ Edgecombe,,,d146e10295545e18ac8915a1f5860317,2026-05-06,23:10,threes,2.5,219.0,,True,draftkings,2026-05-06T14:54:06.897048
VJ Edgecombe,,,d146e10295545e18ac8915a1f5860317,2026-05-06,23:10,threes,3.5,560.0,,True,draftkings,2026-05-06T14:54:06.897049
VJ Edgecombe,,,d146e10295545e18ac8915a1f5860317,2026-05-06,23:10,threes,4.5,1320.0,,True,draftkings,2026-05-06T14:54:06.897051
VJ Edgecombe,,,d146e10295545e18ac8915a1f5860317,2026-05-06,23:10,threes,5.5,2500.0,,True,draftkings,2026-05-06T14:54:06.897053
Miles McBride,,,d146e10295545e18ac8915a1f5860317,2026-05-06,23:10,threes,0.5,-555.0,,True,draftkings,2026-05-06T14:54:06.897054
Miles McBride,,,d146e10295545e18ac8915a1f5860317,2026-05-06,23:10,threes,1.5,-125.0,,True,draftkings,2026-05-06T14:54:06.897056
Miles McBride,,,d146e10295545e18ac8915a1f5860317,2026-05-06,23:10,threes,2.5,231.0,,True,draftkings,2026-05-06T14:54:06.897057
Miles McBride,,,d146e10295545e18ac8915a1f5860317,2026-05-06,23:10,threes,3.5,591.0,,True,draftkings,2026-05-06T14:54:06.897059
Miles McBride,,,d146e10295545e18ac8915a1f5860317,2026-05-06,23:10,threes,4.5,1320.0,,True,draftkings,2026-05-06T14:54:06.897061
Miles McBride,,,d146e10295545e18ac8915a1f5860317,2026-05-06,23:10,threes,5.5,2600.0,,True,draftkings,2026-05-06T14:54:06.897063
Mikal Bridges,,,d146e10295545e18ac8915a1f5860317,2026-05-06,23:10,threes,0.5,-488.0,,True,draftkings,2026-05-06T14:54:06.897064
Mikal Bridges,,,d146e10295545e18ac8915a1f5860317,2026-05-06,23:10,threes,1.5,-106.0,,True,draftkings,2026-05-06T14:54:06.897066
Mikal Bridges,,,d146e10295545e18ac8915a1f5860317,2026-05-06,23:10,threes,2.5,297.0,,True,draftkings,2026-05-06T14:54:06.897068
Mikal Bridges,,,d146e10295545e18ac8915a1f5860317,2026-05-06,23:10,threes,3.5,800.0,,True,draftkings,2026-05-06T14:54:06.897069
Mikal Bridges,,,d146e10295545e18ac8915a1f5860317,2026-05-06,23:10,threes,4.5,1860.0,,True,draftkings,2026-05-06T14:54:06.897071
Karl-Anthony Towns,,,d146e10295545e18ac8915a1f5860317,2026-05-06,23:10,threes,0.5,-466.0,,True,draftkings,2026-05-06T14:54:06.897072
Karl-Anthony Towns,,,d146e10295545e18ac8915a1f5860317,2026-05-06,23:10,threes,1.5,101.0,,True,draftkings,2026-05-06T14:54:06.897074
Karl-Anthony Towns,,,d146e10295545e18ac8915a1f5860317,2026-05-06,23:10,threes,2.5,306.0,,True,draftkings,2026-05-06T14:54:06.897076
Karl-Anthony Towns,,,d146e10295545e18ac8915a1f5860317,2026-05-06,23:10,threes,3.5,810.0,,True,draftkings,2026-05-06T14:54:06.897077
Karl-Anthony Towns,,,d146e10295545e18ac8915a1f5860317,2026-05-06,23:10,threes,4.5,1900.0,,True,draftkings,2026-05-06T14:54:06.897079
Josh Hart,,,d146e10295545e18ac8915a1f5860317,2026-05-06,23:10,threes,0.5,-400.0,,True,draftkings,2026-05-06T14:54:06.897081
Josh Hart,,,d146e10295545e18ac8915a1f5860317,2026-05-06,23:10,threes,1.5,110.0,,True,draftkings,2026-05-06T14:54:06.897082
Josh Hart,,,d146e10295545e18ac8915a1f5860317,2026-05-06,23:10,threes,2.5,338.0,,True,draftkings,2026-05-06T14:54:06.897084
Josh Hart,,,d146e10295545e18ac8915a1f5860317,2026-05-06,23:10,threes,3.5,900.0,,True,draftkings,2026-05-06T14:54:06.897086
Josh Hart,,,d146e10295545e18ac8915a1f5860317,2026-05-06,23:10,threes,4.5,2100.0,,True,draftkings,2026-05-06T14:54:06.897087
Joel Embiid,,,d146e10295545e18ac8915a1f5860317,2026-05-06,23:10,threes,0.5,-380.0,,True,draftkings,2026-05-06T14:54:06.897089
Joel Embiid,,,d146e10295545e18ac8915a1f5860317,2026-05-06,23:10,threes,1.5,118.0,,True,draftkings,2026-05-06T14:54:06.897091
Joel Embiid,,,d146e10295545e18ac8915a1f5860317,2026-05-06,23:10,threes,2.5,373.0,,True,draftkings,2026-05-06T14:54:06.897092
Joel Embiid,,,d146e10295545e18ac8915a1f5860317,2026-05-06,23:10,threes,3.5,1000.0,,True,draftkings,2026-05-06T14:54:06.897096
Joel Embiid,,,d146e10295545e18ac8915a1f5860317,2026-05-06,23:10,threes,4.5,2200.0,,True,draftkings,2026-05-06T14:54:06.897097
Kelly Oubre Jr,,,d146e10295545e18ac8915a1f5860317,2026-05-06,23:10,threes,0.5,-314.0,,True,draftkings,2026-05-06T14:54:06.897099
Kelly Oubre Jr,,,d146e10295545e18ac8915a1f5860317,2026-05-06,23:10,threes,1.5,140.0,,True,draftkings,2026-05-06T14:54:06.897101
Kelly Oubre Jr,,,d146e10295545e18ac8915a1f5860317,2026-05-06,23:10,threes,2.5,448.0,,True,draftkings,2026-05-06T14:54:06.897104
Kelly Oubre Jr,,,d146e10295545e18ac8915a1f5860317,2026-05-06,23:10,threes,3.5,1220.0,,True,draftkings,2026-05-06T14:54:06.897106
Kelly Oubre Jr,,,d146e10295545e18ac8915a1f5860317,2026-05-06,23:10,threes,4.5,2600.0,,True,draftkings,2026-05-06T14:54:06.897107
Quentin Grimes,,,d146e10295545e18ac8915a1f5860317,2026-05-06,23:10,threes,0.5,-210.0,,True,draftkings,2026-05-06T14:54:06.897109
Quentin Grimes,,,d146e10295545e18ac8915a1f5860317,2026-05-06,23:10,threes,1.5,208.0,,True,draftkings,2026-05-06T14:54:06.897111
Quentin Grimes,,,d146e10295545e18ac8915a1f5860317,2026-05-06,23:10,threes,2.5,660.0,,True,draftkings,2026-05-06T14:54:06.897112
Quentin Grimes,,,d146e10295545e18ac8915a1f5860317,2026-05-06,23:10,threes,3.5,1800.0,,True,draftkings,2026-05-06T14:54:06.897114
Jordan Clarkson,,,d146e10295545e18ac8915a1f5860317,2026-05-06,23:10,threes,0.5,105.0,,True,draftkings,2026-05-06T14:54:06.897116
Jordan Clarkson,,,d146e10295545e18ac8915a1f5860317,2026-05-06,23:10,threes,1.5,504.0,,True,draftkings,2026-05-06T14:54:06.897117
Jordan Clarkson,,,d146e10295545e18ac8915a1f5860317,2026-05-06,23:10,threes,2.5,1620.0,,True,draftkings,2026-05-06T14:54:06.897119
Stephon Castle,,,246001ab42d44857430f7fe63f423461,2026-05-07,01:40,assists,6.5,-125.0,-105.0,False,draftkings,2026-05-06T14:54:07.153770
De'Aaron Fox,,,246001ab42d44857430f7fe63f423461,2026-05-07,01:40,assists,5.5,-131.0,-101.0,False,draftkings,2026-05-06T14:54:07.153781
Julius Randle,,,246001ab42d44857430f7fe63f423461,2026-05-07,01:40,assists,4.5,121.0,-160.0,False,draftkings,2026-05-06T14:54:07.153784
Victor Wembanyama,,,246001ab42d44857430f7fe63f423461,2026-05-07,01:40,assists,3.5,-106.0,-124.0,False,draftkings,2026-05-06T14:54:07.153786
Mike Conley,,,246001ab42d44857430f7fe63f423461,2026-05-07,01:40,assists,3.5,101.0,-133.0,False,draftkings,2026-05-06T14:54:07.153787
Ayo Dosunmu,,,246001ab42d44857430f7fe63f423461,2026-05-07,01:40,assists,3.5,121.0,-159.0,False,draftkings,2026-05-06T14:54:07.153789
Anthony Edwards,,,246001ab42d44857430f7fe63f423461,2026-05-07,01:40,assists,3.5,128.0,-169.0,False,draftkings,2026-05-06T14:54:07.153791
Dylan Harper,,,246001ab42d44857430f7fe63f423461,2026-05-07,01:40,assists,3.5,132.0,-174.0,False,draftkings,2026-05-06T14:54:07.153792
Jaden McDaniels,,,246001ab42d44857430f7fe63f423461,2026-05-07,01:40,assists,2.5,-101.0,-130.0,False,draftkings,2026-05-06T14:54:07.153794
Devin Vassell,,,246001ab42d44857430f7fe63f423461,2026-05-07,01:40,assists,2.5,122.0,-162.0,False,draftkings,2026-05-06T14:54:07.153796
Rudy Gobert,,,246001ab42d44857430f7fe63f423461,2026-05-07,01:40,assists,1.5,-165.0,125.0,False,draftkings,2026-05-06T14:54:07.153798
Naz Reid,,,246001ab42d44857430f7fe63f423461,2026-05-07,01:40,assists,1.5,-129.0,-102.0,False,draftkings,2026-05-06T14:54:07.153799
Stephon Castle,,,246001ab42d44857430f7fe63f423461,2026-05-07,01:40,assists,3.5,-1200.0,,True,draftkings,2026-05-06T14:54:07.153846
Stephon Castle,,,246001ab42d44857430f7fe63f423461,2026-05-07,01:40,assists,4.5,-479.0,,True,draftkings,2026-05-06T14:54:07.153848
Stephon Castle,,,246001ab42d44857430f7fe63f423461,2026-05-07,01:40,assists,5.5,-231.0,,True,draftkings,2026-05-06T14:54:07.153850
Stephon Castle,,,246001ab42d44857430f7fe63f423461,2026-05-07,01:40,assists,6.5,-123.0,,True,draftkings,2026-05-06T14:54:07.153852
Stephon Castle,,,246001ab42d44857430f7fe63f423461,2026-05-07,01:40,assists,7.5,146.0,,True,draftkings,2026-05-06T14:54:07.153855
Stephon Castle,,,246001ab42d44857430f7fe63f423461,2026-05-07,01:40,assists,8.5,260.0,,True,draftkings,2026-05-06T14:54:07.153857
Stephon Castle,,,246001ab42d44857430f7fe63f423461,2026-05-07,01:40,assists,9.5,457.0,,True,draftkings,2026-05-06T14:54:07.153859
Stephon Castle,,,246001ab42d44857430f7fe63f423461,2026-05-07,01:40,assists,10.5,790.0,,True,draftkings,2026-05-06T14:54:07.153860
Stephon Castle,,,246001ab42d44857430f7fe63f423461,2026-05-07,01:40,assists,11.5,1340.0,,True,draftkings,2026-05-06T14:54:07.153862
Stephon Castle,,,246001ab42d44857430f7fe63f423461,2026-05-07,01:40,assists,12.5,2000.0,,True,draftkings,2026-05-06T14:54:07.153864
De'Aaron Fox,,,246001ab42d44857430f7fe63f423461,2026-05-07,01:40,assists,2.5,-1900.0,,True,draftkings,2026-05-06T14:54:07.153867
De'Aaron Fox,,,246001ab42d44857430f7fe63f423461,2026-05-07,01:40,assists,3.5,-598.0,,True,draftkings,2026-05-06T14:54:07.153869
De'Aaron Fox,,,246001ab42d44857430f7fe63f423461,2026-05-07,01:40,assists,4.5,-259.0,,True,draftkings,2026-05-06T14:54:07.153870
De'Aaron Fox,,,246001ab42d44857430f7fe63f423461,2026-05-07,01:40,assists,5.5,-131.0,,True,draftkings,2026-05-06T14:54:07.153872
De'Aaron Fox,,,246001ab42d44857430f7fe63f423461,2026-05-07,01:40,assists,6.5,143.0,,True,draftkings,2026-05-06T14:54:07.153874
De'Aaron Fox,,,246001ab42d44857430f7fe63f423461,2026-05-07,01:40,assists,7.5,264.0,,True,draftkings,2026-05-06T14:54:07.153875
De'Aaron Fox,,,246001ab42d44857430f7fe63f423461,2026-05-07,01:40,assists,8.5,472.0,,True,draftkings,2026-05-06T14:54:07.153877
De'Aaron Fox,,,246001ab42d44857430f7fe63f423461,2026-05-07,01:40,assists,9.5,830.0,,True,draftkings,2026-05-06T14:54:07.153879
De'Aaron Fox,,,246001ab42d44857430f7fe63f423461,2026-05-07,01:40,assists,10.5,1400.0,,True,draftkings,2026-05-06T14:54:07.153880
De'Aaron Fox,,,246001ab42d44857430f7fe63f423461,2026-05-07,01:40,assists,11.5,2200.0,,True,draftkings,2026-05-06T14:54:07.153882
Victor Wembanyama,,,246001ab42d44857430f7fe63f423461,2026-05-07,01:40,assists,2.5,-221.0,,True,draftkings,2026-05-06T14:54:07.153884
Victor Wembanyama,,,246001ab42d44857430f7fe63f423461,2026-05-07,01:40,assists,3.5,-106.0,,True,draftkings,2026-05-06T14:54:07.153885
Victor Wembanyama,,,246001ab42d44857430f7fe63f423461,2026-05-07,01:40,assists,4.5,176.0,,True,draftkings,2026-05-06T14:54:07.153887
Victor Wembanyama,,,246001ab42d44857430f7fe63f423461,2026-05-07,01:40,assists,5.5,319.0,,True,draftkings,2026-05-06T14:54:07.153889
Victor Wembanyama,,,246001ab42d44857430f7fe63f423461,2026-05-07,01:40,assists,6.5,562.0,,True,draftkings,2026-05-06T14:54:07.153890
Victor Wembanyama,,,246001ab42d44857430f7fe63f423461,2026-05-07,01:40,assists,7.5,950.0,,True,draftkings,2026-05-06T14:54:07.153892
Victor Wembanyama,,,246001ab42d44857430f7fe63f423461,2026-05-07,01:40,assists,8.5,1600.0,,True,draftkings,2026-05-06T14:54:07.153894
Victor Wembanyama,,,246001ab42d44857430f7fe63f423461,2026-05-07,01:40,assists,9.5,2400.0,,True,draftkings,2026-05-06T14:54:07.153895
Julius Randle,,,246001ab42d44857430f7fe63f423461,2026-05-07,01:40,assists,2.5,-418.0,,True,draftkings,2026-05-06T14:54:07.153897
Julius Randle,,,246001ab42d44857430f7fe63f423461,2026-05-07,01:40,assists,3.5,-173.0,,True,draftkings,2026-05-06T14:54:07.153899
Julius Randle,,,246001ab42d44857430f7fe63f423461,2026-05-07,01:40,assists,4.5,121.0,,True,draftkings,2026-05-06T14:54:07.153900
Julius Randle,,,246001ab42d44857430f7fe63f423461,2026-05-07,01:40,assists,5.5,243.0,,True,draftkings,2026-05-06T14:54:07.153902
Julius Randle,,,246001ab42d44857430f7fe63f423461,2026-05-07,01:40,assists,6.5,463.0,,True,draftkings,2026-05-06T14:54:07.153904
Julius Randle,,,246001ab42d44857430f7fe63f423461,2026-05-07,01:40,assists,7.5,860.0,,True,draftkings,2026-05-06T14:54:07.153905
Julius Randle,,,246001ab42d44857430f7fe63f423461,2026-05-07,01:40,assists,8.5,1540.0,,True,draftkings,2026-05-06T14:54:07.153907
Julius Randle,,,246001ab42d44857430f7fe63f423461,2026-05-07,01:40,assists,9.5,2500.0,,True,draftkings,2026-05-06T14:54:07.153909
Mike Conley,,,246001ab42d44857430f7fe63f423461,2026-05-07,01:40,assists,2.5,-231.0,,True,draftkings,2026-05-06T14:54:07.153910
Mike Conley,,,246001ab42d44857430f7fe63f423461,2026-05-07,01:40,assists,3.5,-101.0,,True,draftkings,2026-05-06T14:54:07.153914
Mike Conley,,,246001ab42d44857430f7fe63f423461,2026-05-07,01:40,assists,4.5,202.0,,True,draftkings,2026-05-06T14:54:07.153917
Mike Conley,,,246001ab42d44857430f7fe63f423461,2026-05-07,01:40,assists,5.5,393.0,,True,draftkings,2026-05-06T14:54:07.153919
Mike Conley,,,246001ab42d44857430f7fe63f423461,2026-05-07,01:40,assists,6.5,720.0,,True,draftkings,2026-05-06T14:54:07.153920
Mike Conley,,,246001ab42d44857430f7fe63f423461,2026-05-07,01:40,assists,7.5,1280.0,,True,draftkings,2026-05-06T14:54:07.153922
Mike Conley,,,246001ab42d44857430f7fe63f423461,2026-05-07,01:40,assists,8.5,2100.0,,True,draftkings,2026-05-06T14:54:07.153924
Ayo Dosunmu,,,246001ab42d44857430f7fe63f423461,2026-05-07,01:40,assists,2.5,-198.0,,True,draftkings,2026-05-06T14:54:07.153925
Ayo Dosunmu,,,246001ab42d44857430f7fe63f423461,2026-05-07,01:40,assists,3.5,121.0,,True,draftkings,2026-05-06T14:54:07.153927
Ayo Dosunmu,,,246001ab42d44857430f7fe63f423461,2026-05-07,01:40,assists,4.5,255.0,,True,draftkings,2026-05-06T14:54:07.153929
Ayo Dosunmu,,,246001ab42d44857430f7fe63f423461,2026-05-07,01:40,assists,5.5,512.0,,True,draftkings,2026-05-06T14:54:07.153930
Ayo Dosunmu,,,246001ab42d44857430f7fe63f423461,2026-05-07,01:40,assists,6.5,1000.0,,True,draftkings,2026-05-06T14:54:07.153932
Ayo Dosunmu,,,246001ab42d44857430f7fe63f423461,2026-05-07,01:40,assists,7.5,1900.0,,True,draftkings,2026-05-06T14:54:07.153934
Anthony Edwards,,,246001ab42d44857430f7fe63f423461,2026-05-07,01:40,assists,2.5,-191.0,,True,draftkings,2026-05-06T14:54:07.153935
Anthony Edwards,,,246001ab42d44857430f7fe63f423461,2026-05-07,01:40,assists,3.5,128.0,,True,draftkings,2026-05-06T14:54:07.153937
Anthony Edwards,,,246001ab42d44857430f7fe63f423461,2026-05-07,01:40,assists,4.5,279.0,,True,draftkings,2026-05-06T14:54:07.153938
Anthony Edwards,,,246001ab42d44857430f7fe63f423461,2026-05-07,01:40,assists,5.5,596.0,,True,draftkings,2026-05-06T14:54:07.153940
Anthony Edwards,,,246001ab42d44857430f7fe63f423461,2026-05-07,01:40,assists,6.5,1160.0,,True,draftkings,2026-05-06T14:54:07.153942
Anthony Edwards,,,246001ab42d44857430f7fe63f423461,2026-05-07,01:40,assists,7.5,2000.0,,True,draftkings,2026-05-06T14:54:07.153944
Dylan Harper,,,246001ab42d44857430f7fe63f423461,2026-05-07,01:40,assists,2.5,-181.0,,True,draftkings,2026-05-06T14:54:07.153945
Dylan Harper,,,246001ab42d44857430f7fe63f423461,2026-05-07,01:40,assists,3.5,132.0,,True,draftkings,2026-05-06T14:54:07.153947
Dylan Harper,,,246001ab42d44857430f7fe63f423461,2026-05-07,01:40,assists,4.5,286.0,,True,draftkings,2026-05-06T14:54:07.153948
Dylan Harper,,,246001ab42d44857430f7fe63f423461,2026-05-07,01:40,assists,5.5,586.0,,True,draftkings,2026-05-06T14:54:07.153950
Dylan Harper,,,246001ab42d44857430f7fe63f423461,2026-05-07,01:40,assists,6.5,1160.0,,True,draftkings,2026-05-06T14:54:07.153952
Dylan Harper,,,246001ab42d44857430f7fe63f423461,2026-05-07,01:40,assists,7.5,2000.0,,True,draftkings,2026-05-06T14:54:07.153953
Jaden McDaniels,,,246001ab42d44857430f7fe63f423461,2026-05-07,01:40,assists,2.5,-101.0,,True,draftkings,2026-05-06T14:54:07.153955
Jaden McDaniels,,,246001ab42d44857430f7fe63f423461,2026-05-07,01:40,assists,3.5,241.0,,True,draftkings,2026-05-06T14:54:07.153957
Jaden McDaniels,,,246001ab42d44857430f7fe63f423461,2026-05-07,01:40,assists,4.5,555.0,,True,draftkings,2026-05-06T14:54:07.153958
Jaden McDaniels,,,246001ab42d44857430f7fe63f423461,2026-05-07,01:40,assists,5.5,1160.0,,True,draftkings,2026-05-06T14:54:07.153960
Jaden McDaniels,,,246001ab42d44857430f7fe63f423461,2026-05-07,01:40,assists,6.5,2200.0,,True,draftkings,2026-05-06T14:54:07.153962
Rudy Gobert,,,246001ab42d44857430f7fe63f423461,2026-05-07,01:40,assists,1.5,-166.0,,True,draftkings,2026-05-06T14:54:07.153963
Rudy Gobert,,,246001ab42d44857430f7fe63f423461,2026-05-07,01:40,assists,2.5,164.0,,True,draftkings,2026-05-06T14:54:07.153965
Rudy Gobert,,,246001ab42d44857430f7fe63f423461,2026-05-07,01:40,assists,3.5,379.0,,True,draftkings,2026-05-06T14:54:07.153967
Rudy Gobert,,,246001ab42d44857430f7fe63f423461,2026-05-07,01:40,assists,4.5,820.0,,True,draftkings,2026-05-06T14:54:07.153970
Rudy Gobert,,,246001ab42d44857430f7fe63f423461,2026-05-07,01:40,assists,5.5,1660.0,,True,draftkings,2026-05-06T14:54:07.153972
Rudy Gobert,,,246001ab42d44857430f7fe63f423461,2026-05-07,01:40,assists,6.5,2700.0,,True,draftkings,2026-05-06T14:54:07.153973
Devin Vassell,,,246001ab42d44857430f7fe63f423461,2026-05-07,01:40,assists,2.5,126.0,,True,draftkings,2026-05-06T14:54:07.153975
Devin Vassell,,,246001ab42d44857430f7fe63f423461,2026-05-07,01:40,assists,3.5,319.0,,True,draftkings,2026-05-06T14:54:07.153977
Devin Vassell,,,246001ab42d44857430f7fe63f423461,2026-05-07,01:40,assists,4.5,770.0,,True,draftkings,2026-05-06T14:54:07.153983
Devin Vassell,,,246001ab42d44857430f7fe63f423461,2026-05-07,01:40,assists,5.5,1660.0,,True,draftkings,2026-05-06T14:54:07.153985
Devin Vassell,,,246001ab42d44857430f7fe63f423461,2026-05-07,01:40,assists,6.5,2900.0,,True,draftkings,2026-05-06T14:54:07.153986
Naz Reid,,,246001ab42d44857430f7fe63f423461,2026-05-07,01:40,assists,1.5,-133.0,,True,draftkings,2026-05-06T14:54:07.153988
Naz Reid,,,246001ab42d44857430f7fe63f423461,2026-05-07,01:40,assists,2.5,223.0,,True,draftkings,2026-05-06T14:54:07.153990
Naz Reid,,,246001ab42d44857430f7fe63f423461,2026-05-07,01:40,assists,3.5,583.0,,True,draftkings,2026-05-06T14:54:07.153991
Naz Reid,,,246001ab42d44857430f7fe63f423461,2026-05-07,01:40,assists,4.5,1380.0,,True,draftkings,2026-05-06T14:54:07.153993
Naz Reid,,,246001ab42d44857430f7fe63f423461,2026-05-07,01:40,assists,5.5,2700.0,,True,draftkings,2026-05-06T14:54:07.153995
Victor Wembanyama,,,246001ab42d44857430f7fe63f423461,2026-05-07,01:40,points,26.5,-122.0,-105.0,False,draftkings,2026-05-06T14:54:07.154014
Anthony Edwards,,,246001ab42d44857430f7fe63f423461,2026-05-07,01:40,points,20.5,-123.0,-104.0,False,draftkings,2026-05-06T14:54:07.154016
Julius Randle,,,246001ab42d44857430f7fe63f423461,2026-05-07,01:40,points,17.5,-123.0,-104.0,False,draftkings,2026-05-06T14:54:07.154018
De'Aaron Fox,,,246001ab42d44857430f7fe63f423461,2026-05-07,01:40,points,17.5,-117.0,-109.0,False,draftkings,2026-05-06T14:54:07.154019
Stephon Castle,,,246001ab42d44857430f7fe63f423461,2026-05-07,01:40,points,16.5,-120.0,-106.0,False,draftkings,2026-05-06T14:54:07.154021
Jaden McDaniels,,,246001ab42d44857430f7fe63f423461,2026-05-07,01:40,points,14.5,-118.0,-108.0,False,draftkings,2026-05-06T14:54:07.154023
Devin Vassell,,,246001ab42d44857430f7fe63f423461,2026-05-07,01:40,points,12.5,-116.0,-110.0,False,draftkings,2026-05-06T14:54:07.154024
Naz Reid,,,246001ab42d44857430f7fe63f423461,2026-05-07,01:40,points,12.5,-115.0,-111.0,False,draftkings,2026-05-06T14:54:07.154028
Ayo Dosunmu,,,246001ab42d44857430f7fe63f423461,2026-05-07,01:40,points,12.5,100.0,-127.0,False,draftkings,2026-05-06T14:54:07.154029
Dylan Harper,,,246001ab42d44857430f7fe63f423461,2026-05-07,01:40,points,11.5,100.0,-127.0,False,draftkings,2026-05-06T14:54:07.154031
Keldon Johnson,,,246001ab42d44857430f7fe63f423461,2026-05-07,01:40,points,9.5,-103.0,-124.0,False,draftkings,2026-05-06T14:54:07.154033
Julian Champagnie,,,246001ab42d44857430f7fe63f423461,2026-05-07,01:40,points,8.5,-129.0,101.0,False,draftkings,2026-05-06T14:54:07.154034
Rudy Gobert,,,246001ab42d44857430f7fe63f423461,2026-05-07,01:40,points,7.5,-122.0,-104.0,False,draftkings,2026-05-06T14:54:07.154036
Mike Conley,,,246001ab42d44857430f7fe63f423461,2026-05-07,01:40,points,4.5,-123.0,-103.0,False,draftkings,2026-05-06T14:54:07.154038
Victor Wembanyama,,,246001ab42d44857430f7fe63f423461,2026-05-07,01:40,points,17.5,-1160.0,,True,draftkings,2026-05-06T14:54:07.154096
Victor Wembanyama,,,246001ab42d44857430f7fe63f423461,2026-05-07,01:40,points,19.5,-630.0,,True,draftkings,2026-05-06T14:54:07.154098
Victor Wembanyama,,,246001ab42d44857430f7fe63f423461,2026-05-07,01:40,points,24.5,-183.0,,True,draftkings,2026-05-06T14:54:07.154100
Victor Wembanyama,,,246001ab42d44857430f7fe63f423461,2026-05-07,01:40,points,26.5,-120.0,,True,draftkings,2026-05-06T14:54:07.154103
Victor Wembanyama,,,246001ab42d44857430f7fe63f423461,2026-05-07,01:40,points,29.5,152.0,,True,draftkings,2026-05-06T14:54:07.154105
Victor Wembanyama,,,246001ab42d44857430f7fe63f423461,2026-05-07,01:40,points,34.5,411.0,,True,draftkings,2026-05-06T14:54:07.154107
Victor Wembanyama,,,246001ab42d44857430f7fe63f423461,2026-05-07,01:40,points,39.5,1060.0,,True,draftkings,2026-05-06T14:54:07.154108
Victor Wembanyama,,,246001ab42d44857430f7fe63f423461,2026-05-07,01:40,points,44.5,2400.0,,True,draftkings,2026-05-06T14:54:07.154110
Anthony Edwards,,,246001ab42d44857430f7fe63f423461,2026-05-07,01:40,points,9.5,-3200.0,,True,draftkings,2026-05-06T14:54:07.154114
Anthony Edwards,,,246001ab42d44857430f7fe63f423461,2026-05-07,01:40,points,11.5,-1260.0,,True,draftkings,2026-05-06T14:54:07.154115
Anthony Edwards,,,246001ab42d44857430f7fe63f423461,2026-05-07,01:40,points,14.5,-475.0,,True,draftkings,2026-05-06T14:54:07.154117
Anthony Edwards,,,246001ab42d44857430f7fe63f423461,2026-05-07,01:40,points,17.5,-231.0,,True,draftkings,2026-05-06T14:54:07.154119
Anthony Edwards,,,246001ab42d44857430f7fe63f423461,2026-05-07,01:40,points,19.5,-150.0,,True,draftkings,2026-05-06T14:54:07.154120
Anthony Edwards,,,246001ab42d44857430f7fe63f423461,2026-05-07,01:40,points,20.5,-123.0,,True,draftkings,2026-05-06T14:54:07.154122
Anthony Edwards,,,246001ab42d44857430f7fe63f423461,2026-05-07,01:40,points,24.5,173.0,,True,draftkings,2026-05-06T14:54:07.154123
Anthony Edwards,,,246001ab42d44857430f7fe63f423461,2026-05-07,01:40,points,29.5,415.0,,True,draftkings,2026-05-06T14:54:07.154125
Anthony Edwards,,,246001ab42d44857430f7fe63f423461,2026-05-07,01:40,points,34.5,980.0,,True,draftkings,2026-05-06T14:54:07.154127
Anthony Edwards,,,246001ab42d44857430f7fe63f423461,2026-05-07,01:40,points,39.5,2000.0,,True,draftkings,2026-05-06T14:54:07.154128
Julius Randle,,,246001ab42d44857430f7fe63f423461,2026-05-07,01:40,points,9.5,-1340.0,,True,draftkings,2026-05-06T14:54:07.154130
Julius Randle,,,246001ab42d44857430f7fe63f423461,2026-05-07,01:40,points,11.5,-610.0,,True,draftkings,2026-05-06T14:54:07.154132
Julius Randle,,,246001ab42d44857430f7fe63f423461,2026-05-07,01:40,points,14.5,-253.0,,True,draftkings,2026-05-06T14:54:07.154133
Julius Randle,,,246001ab42d44857430f7fe63f423461,2026-05-07,01:40,points,17.5,-123.0,,True,draftkings,2026-05-06T14:54:07.154135
Julius Randle,,,246001ab42d44857430f7fe63f423461,2026-05-07,01:40,points,19.5,127.0,,True,draftkings,2026-05-06T14:54:07.154137
Julius Randle,,,246001ab42d44857430f7fe63f423461,2026-05-07,01:40,points,24.5,373.0,,True,draftkings,2026-05-06T14:54:07.154138
Julius Randle,,,246001ab42d44857430f7fe63f423461,2026-05-07,01:40,points,29.5,1000.0,,True,draftkings,2026-05-06T14:54:07.154140
Julius Randle,,,246001ab42d44857430f7fe63f423461,2026-05-07,01:40,points,34.5,2300.0,,True,draftkings,2026-05-06T14:54:07.154142
De'Aaron Fox,,,246001ab42d44857430f7fe63f423461,2026-05-07,01:40,points,9.5,-1260.0,,True,draftkings,2026-05-06T14:54:07.154143
De'Aaron Fox,,,246001ab42d44857430f7fe63f423461,2026-05-07,01:40,points,11.5,-597.0,,True,draftkings,2026-05-06T14:54:07.154145
De'Aaron Fox,,,246001ab42d44857430f7fe63f423461,2026-05-07,01:40,points,14.5,-242.0,,True,draftkings,2026-05-06T14:54:07.154147
De'Aaron Fox,,,246001ab42d44857430f7fe63f423461,2026-05-07,01:40,points,17.5,-114.0,,True,draftkings,2026-05-06T14:54:07.154148
De'Aaron Fox,,,246001ab42d44857430f7fe63f423461,2026-05-07,01:40,points,19.5,142.0,,True,draftkings,2026-05-06T14:54:07.154150
De'Aaron Fox,,,246001ab42d44857430f7fe63f423461,2026-05-07,01:40,points,24.5,429.0,,True,draftkings,2026-05-06T14:54:07.154151
De'Aaron Fox,,,246001ab42d44857430f7fe63f423461,2026-05-07,01:40,points,29.5,1200.0,,True,draftkings,2026-05-06T14:54:07.154153
De'Aaron Fox,,,246001ab42d44857430f7fe63f423461,2026-05-07,01:40,points,34.5,2800.0,,True,draftkings,2026-05-06T14:54:07.154155
Stephon Castle,,,246001ab42d44857430f7fe63f423461,2026-05-07,01:40,points,7.5,-3000.0,,True,draftkings,2026-05-06T14:54:07.154156
Stephon Castle,,,246001ab42d44857430f7fe63f423461,2026-05-07,01:40,points,9.5,-1060.0,,True,draftkings,2026-05-06T14:54:07.154160
Stephon Castle,,,246001ab42d44857430f7fe63f423461,2026-05-07,01:40,points,11.5,-503.0,,True,draftkings,2026-05-06T14:54:07.154162
Stephon Castle,,,246001ab42d44857430f7fe63f423461,2026-05-07,01:40,points,14.5,-207.0,,True,draftkings,2026-05-06T14:54:07.154163
Stephon Castle,,,246001ab42d44857430f7fe63f423461,2026-05-07,01:40,points,16.5,-123.0,,True,draftkings,2026-05-06T14:54:07.154165
Stephon Castle,,,246001ab42d44857430f7fe63f423461,2026-05-07,01:40,points,17.5,104.0,,True,draftkings,2026-05-06T14:54:07.154166
Stephon Castle,,,246001ab42d44857430f7fe63f423461,2026-05-07,01:40,points,19.5,169.0,,True,draftkings,2026-05-06T14:54:07.154168
Stephon Castle,,,246001ab42d44857430f7fe63f423461,2026-05-07,01:40,points,24.5,544.0,,True,draftkings,2026-05-06T14:54:07.154170
Stephon Castle,,,246001ab42d44857430f7fe63f423461,2026-05-07,01:40,points,29.5,1560.0,,True,draftkings,2026-05-06T14:54:07.154171
Jaden McDaniels,,,246001ab42d44857430f7fe63f423461,2026-05-07,01:40,points,7.5,-1220.0,,True,draftkings,2026-05-06T14:54:07.154173
Jaden McDaniels,,,246001ab42d44857430f7fe63f423461,2026-05-07,01:40,points,9.5,-523.0,,True,draftkings,2026-05-06T14:54:07.154176
Jaden McDaniels,,,246001ab42d44857430f7fe63f423461,2026-05-07,01:40,points,11.5,-272.0,,True,draftkings,2026-05-06T14:54:07.154178
Jaden McDaniels,,,246001ab42d44857430f7fe63f423461,2026-05-07,01:40,points,14.5,-119.0,,True,draftkings,2026-05-06T14:54:07.154180
Jaden McDaniels,,,246001ab42d44857430f7fe63f423461,2026-05-07,01:40,points,17.5,175.0,,True,draftkings,2026-05-06T14:54:07.154181
Jaden McDaniels,,,246001ab42d44857430f7fe63f423461,2026-05-07,01:40,points,19.5,278.0,,True,draftkings,2026-05-06T14:54:07.154183
Jaden McDaniels,,,246001ab42d44857430f7fe63f423461,2026-05-07,01:40,points,24.5,830.0,,True,draftkings,2026-05-06T14:54:07.154185
Jaden McDaniels,,,246001ab42d44857430f7fe63f423461,2026-05-07,01:40,points,29.5,2100.0,,True,draftkings,2026-05-06T14:54:07.154186
Ayo Dosunmu,,,246001ab42d44857430f7fe63f423461,2026-05-07,01:40,points,5.5,-940.0,,True,draftkings,2026-05-06T14:54:07.154188
Ayo Dosunmu,,,246001ab42d44857430f7fe63f423461,2026-05-07,01:40,points,7.5,-410.0,,True,draftkings,2026-05-06T14:54:07.154190
Ayo Dosunmu,,,246001ab42d44857430f7fe63f423461,2026-05-07,01:40,points,9.5,-218.0,,True,draftkings,2026-05-06T14:54:07.154191
Ayo Dosunmu,,,246001ab42d44857430f7fe63f423461,2026-05-07,01:40,points,11.5,-128.0,,True,draftkings,2026-05-06T14:54:07.154193
Ayo Dosunmu,,,246001ab42d44857430f7fe63f423461,2026-05-07,01:40,points,12.5,100.0,,True,draftkings,2026-05-06T14:54:07.154195
Ayo Dosunmu,,,246001ab42d44857430f7fe63f423461,2026-05-07,01:40,points,14.5,163.0,,True,draftkings,2026-05-06T14:54:07.154196
Ayo Dosunmu,,,246001ab42d44857430f7fe63f423461,2026-05-07,01:40,points,17.5,321.0,,True,draftkings,2026-05-06T14:54:07.154198
Ayo Dosunmu,,,246001ab42d44857430f7fe63f423461,2026-05-07,01:40,points,19.5,493.0,,True,draftkings,2026-05-06T14:54:07.154200
Ayo Dosunmu,,,246001ab42d44857430f7fe63f423461,2026-05-07,01:40,points,24.5,1300.0,,True,draftkings,2026-05-06T14:54:07.154201
Ayo Dosunmu,,,246001ab42d44857430f7fe63f423461,2026-05-07,01:40,points,29.5,2700.0,,True,draftkings,2026-05-06T14:54:07.154203
Naz Reid,,,246001ab42d44857430f7fe63f423461,2026-05-07,01:40,points,5.5,-1360.0,,True,draftkings,2026-05-06T14:54:07.154205
Naz Reid,,,246001ab42d44857430f7fe63f423461,2026-05-07,01:40,points,7.5,-549.0,,True,draftkings,2026-05-06T14:54:07.154206
Naz Reid,,,246001ab42d44857430f7fe63f423461,2026-05-07,01:40,points,9.5,-272.0,,True,draftkings,2026-05-06T14:54:07.154208
Naz Reid,,,246001ab42d44857430f7fe63f423461,2026-05-07,01:40,points,11.5,-151.0,,True,draftkings,2026-05-06T14:54:07.154210
Naz Reid,,,246001ab42d44857430f7fe63f423461,2026-05-07,01:40,points,12.5,-114.0,,True,draftkings,2026-05-06T14:54:07.154211
Naz Reid,,,246001ab42d44857430f7fe63f423461,2026-05-07,01:40,points,14.5,145.0,,True,draftkings,2026-05-06T14:54:07.154213
Naz Reid,,,246001ab42d44857430f7fe63f423461,2026-05-07,01:40,points,17.5,298.0,,True,draftkings,2026-05-06T14:54:07.154216
Naz Reid,,,246001ab42d44857430f7fe63f423461,2026-05-07,01:40,points,19.5,469.0,,True,draftkings,2026-05-06T14:54:07.154218
Naz Reid,,,246001ab42d44857430f7fe63f423461,2026-05-07,01:40,points,24.5,1320.0,,True,draftkings,2026-05-06T14:54:07.154220
Naz Reid,,,246001ab42d44857430f7fe63f423461,2026-05-07,01:40,points,29.5,3000.0,,True,draftkings,2026-05-06T14:54:07.154221
Devin Vassell,,,246001ab42d44857430f7fe63f423461,2026-05-07,01:40,points,5.5,-1520.0,,True,draftkings,2026-05-06T14:54:07.154223
Devin Vassell,,,246001ab42d44857430f7fe63f423461,2026-05-07,01:40,points,7.5,-592.0,,True,draftkings,2026-05-06T14:54:07.154226
Devin Vassell,,,246001ab42d44857430f7fe63f423461,2026-05-07,01:40,points,9.5,-287.0,,True,draftkings,2026-05-06T14:54:07.154228
Devin Vassell,,,246001ab42d44857430f7fe63f423461,2026-05-07,01:40,points,11.5,-154.0,,True,draftkings,2026-05-06T14:54:07.154230
Devin Vassell,,,246001ab42d44857430f7fe63f423461,2026-05-07,01:40,points,12.5,-117.0,,True,draftkings,2026-05-06T14:54:07.154231
Devin Vassell,,,246001ab42d44857430f7fe63f423461,2026-05-07,01:40,points,14.5,147.0,,True,draftkings,2026-05-06T14:54:07.154233
Devin Vassell,,,246001ab42d44857430f7fe63f423461,2026-05-07,01:40,points,17.5,307.0,,True,draftkings,2026-05-06T14:54:07.154234
Devin Vassell,,,246001ab42d44857430f7fe63f423461,2026-05-07,01:40,points,19.5,500.0,,True,draftkings,2026-05-06T14:54:07.154236
Devin Vassell,,,246001ab42d44857430f7fe63f423461,2026-05-07,01:40,points,24.5,1580.0,,True,draftkings,2026-05-06T14:54:07.154238
Dylan Harper,,,246001ab42d44857430f7fe63f423461,2026-05-07,01:40,points,5.5,-970.0,,True,draftkings,2026-05-06T14:54:07.154239
Dylan Harper,,,246001ab42d44857430f7fe63f423461,2026-05-07,01:40,points,7.5,-372.0,,True,draftkings,2026-05-06T14:54:07.154241
Dylan Harper,,,246001ab42d44857430f7fe63f423461,2026-05-07,01:40,points,9.5,-186.0,,True,draftkings,2026-05-06T14:54:07.154243
Dylan Harper,,,246001ab42d44857430f7fe63f423461,2026-05-07,01:40,points,11.5,-102.0,,True,draftkings,2026-05-06T14:54:07.154244
Dylan Harper,,,246001ab42d44857430f7fe63f423461,2026-05-07,01:40,points,14.5,220.0,,True,draftkings,2026-05-06T14:54:07.154246
Dylan Harper,,,246001ab42d44857430f7fe63f423461,2026-05-07,01:40,points,17.5,466.0,,True,draftkings,2026-05-06T14:54:07.154248
Dylan Harper,,,246001ab42d44857430f7fe63f423461,2026-05-07,01:40,points,19.5,760.0,,True,draftkings,2026-05-06T14:54:07.154249
Dylan Harper,,,246001ab42d44857430f7fe63f423461,2026-05-07,01:40,points,24.5,2300.0,,True,draftkings,2026-05-06T14:54:07.154251
Keldon Johnson,,,246001ab42d44857430f7fe63f423461,2026-05-07,01:40,points,5.5,-413.0,,True,draftkings,2026-05-06T14:54:07.154252
Keldon Johnson,,,246001ab42d44857430f7fe63f423461,2026-05-07,01:40,points,7.5,-193.0,,True,draftkings,2026-05-06T14:54:07.154254
Keldon Johnson,,,246001ab42d44857430f7fe63f423461,2026-05-07,01:40,points,9.5,100.0,,True,draftkings,2026-05-06T14:54:07.154256
Keldon Johnson,,,246001ab42d44857430f7fe63f423461,2026-05-07,01:40,points,11.5,178.0,,True,draftkings,2026-05-06T14:54:07.154257
Keldon Johnson,,,246001ab42d44857430f7fe63f423461,2026-05-07,01:40,points,14.5,388.0,,True,draftkings,2026-05-06T14:54:07.154263
Keldon Johnson,,,246001ab42d44857430f7fe63f423461,2026-05-07,01:40,points,17.5,820.0,,True,draftkings,2026-05-06T14:54:07.154265
Keldon Johnson,,,246001ab42d44857430f7fe63f423461,2026-05-07,01:40,points,19.5,1300.0,,True,draftkings,2026-05-06T14:54:07.154267
Julian Champagnie,,,246001ab42d44857430f7fe63f423461,2026-05-07,01:40,points,5.5,-379.0,,True,draftkings,2026-05-06T14:54:07.154269
Julian Champagnie,,,246001ab42d44857430f7fe63f423461,2026-05-07,01:40,points,7.5,-185.0,,True,draftkings,2026-05-06T14:54:07.154272
Julian Champagnie,,,246001ab42d44857430f7fe63f423461,2026-05-07,01:40,points,8.5,-130.0,,True,draftkings,2026-05-06T14:54:07.154274
Julian Champagnie,,,246001ab42d44857430f7fe63f423461,2026-05-07,01:40,points,9.5,104.0,,True,draftkings,2026-05-06T14:54:07.154276
Julian Champagnie,,,246001ab42d44857430f7fe63f423461,2026-05-07,01:40,points,11.5,184.0,,True,draftkings,2026-05-06T14:54:07.154279
Julian Champagnie,,,246001ab42d44857430f7fe63f423461,2026-05-07,01:40,points,14.5,413.0,,True,draftkings,2026-05-06T14:54:07.154281
Julian Champagnie,,,246001ab42d44857430f7fe63f423461,2026-05-07,01:40,points,17.5,880.0,,True,draftkings,2026-05-06T14:54:07.154283
Julian Champagnie,,,246001ab42d44857430f7fe63f423461,2026-05-07,01:40,points,19.5,1420.0,,True,draftkings,2026-05-06T14:54:07.154284
Rudy Gobert,,,246001ab42d44857430f7fe63f423461,2026-05-07,01:40,points,5.5,-292.0,,True,draftkings,2026-05-06T14:54:07.154286
Rudy Gobert,,,246001ab42d44857430f7fe63f423461,2026-05-07,01:40,points,7.5,-121.0,,True,draftkings,2026-05-06T14:54:07.154288
Rudy Gobert,,,246001ab42d44857430f7fe63f423461,2026-05-07,01:40,points,9.5,174.0,,True,draftkings,2026-05-06T14:54:07.154289
Rudy Gobert,,,246001ab42d44857430f7fe63f423461,2026-05-07,01:40,points,11.5,352.0,,True,draftkings,2026-05-06T14:54:07.154291
Rudy Gobert,,,246001ab42d44857430f7fe63f423461,2026-05-07,01:40,points,14.5,1020.0,,True,draftkings,2026-05-06T14:54:07.154292
Rudy Gobert,,,246001ab42d44857430f7fe63f423461,2026-05-07,01:40,points,17.5,2200.0,,True,draftkings,2026-05-06T14:54:07.154294
Mike Conley,,,246001ab42d44857430f7fe63f423461,2026-05-07,01:40,points,4.5,-124.0,,True,draftkings,2026-05-06T14:54:07.154296
Mike Conley,,,246001ab42d44857430f7fe63f423461,2026-05-07,01:40,points,5.5,119.0,,True,draftkings,2026-05-06T14:54:07.154297
Mike Conley,,,246001ab42d44857430f7fe63f423461,2026-05-07,01:40,points,7.5,240.0,,True,draftkings,2026-05-06T14:54:07.154299
Mike Conley,,,246001ab42d44857430f7fe63f423461,2026-05-07,01:40,points,9.5,505.0,,True,draftkings,2026-05-06T14:54:07.154301
Mike Conley,,,246001ab42d44857430f7fe63f423461,2026-05-07,01:40,points,11.5,840.0,,True,draftkings,2026-05-06T14:54:07.154302
Mike Conley,,,246001ab42d44857430f7fe63f423461,2026-05-07,01:40,points,14.5,1840.0,,True,draftkings,2026-05-06T14:54:07.154304
Victor Wembanyama,,,246001ab42d44857430f7fe63f423461,2026-05-07,01:40,rebounds,12.5,-102.0,-129.0,False,draftkings,2026-05-06T14:54:07.154324
Rudy Gobert,,,246001ab42d44857430f7fe63f423461,2026-05-07,01:40,rebounds,10.5,-135.0,102.0,False,draftkings,2026-05-06T14:54:07.154326
Naz Reid,,,246001ab42d44857430f7fe63f423461,2026-05-07,01:40,rebounds,6.5,-101.0,-131.0,False,draftkings,2026-05-06T14:54:07.154328
Julius Randle,,,246001ab42d44857430f7fe63f423461,2026-05-07,01:40,rebounds,6.5,106.0,-140.0,False,draftkings,2026-05-06T14:54:07.154329
Stephon Castle,,,246001ab42d44857430f7fe63f423461,2026-05-07,01:40,rebounds,5.5,-111.0,-118.0,False,draftkings,2026-05-06T14:54:07.154331
Julian Champagnie,,,246001ab42d44857430f7fe63f423461,2026-05-07,01:40,rebounds,5.5,113.0,-148.0,False,draftkings,2026-05-06T14:54:07.154333
Jaden McDaniels,,,246001ab42d44857430f7fe63f423461,2026-05-07,01:40,rebounds,4.5,-131.0,-101.0,False,draftkings,2026-05-06T14:54:07.154334
Devin Vassell,,,246001ab42d44857430f7fe63f423461,2026-05-07,01:40,rebounds,4.5,113.0,-149.0,False,draftkings,2026-05-06T14:54:07.154336
Anthony Edwards,,,246001ab42d44857430f7fe63f423461,2026-05-07,01:40,rebounds,3.5,-158.0,120.0,False,draftkings,2026-05-06T14:54:07.154338
De'Aaron Fox,,,246001ab42d44857430f7fe63f423461,2026-05-07,01:40,rebounds,3.5,-119.0,-111.0,False,draftkings,2026-05-06T14:54:07.154339
Keldon Johnson,,,246001ab42d44857430f7fe63f423461,2026-05-07,01:40,rebounds,3.5,-119.0,-111.0,False,draftkings,2026-05-06T14:54:07.154341
Dylan Harper,,,246001ab42d44857430f7fe63f423461,2026-05-07,01:40,rebounds,3.5,108.0,-142.0,False,draftkings,2026-05-06T14:54:07.154343
Ayo Dosunmu,,,246001ab42d44857430f7fe63f423461,2026-05-07,01:40,rebounds,2.5,-147.0,111.0,False,draftkings,2026-05-06T14:54:07.154344
Victor Wembanyama,,,246001ab42d44857430f7fe63f423461,2026-05-07,01:40,rebounds,7.5,-1800.0,,True,draftkings,2026-05-06T14:54:07.154411
Victor Wembanyama,,,246001ab42d44857430f7fe63f423461,2026-05-07,01:40,rebounds,8.5,-830.0,,True,draftkings,2026-05-06T14:54:07.154413
Victor Wembanyama,,,246001ab42d44857430f7fe63f423461,2026-05-07,01:40,rebounds,9.5,-449.0,,True,draftkings,2026-05-06T14:54:07.154415
Victor Wembanyama,,,246001ab42d44857430f7fe63f423461,2026-05-07,01:40,rebounds,10.5,-262.0,,True,draftkings,2026-05-06T14:54:07.154416
Victor Wembanyama,,,246001ab42d44857430f7fe63f423461,2026-05-07,01:40,rebounds,11.5,-162.0,,True,draftkings,2026-05-06T14:54:07.154418
Victor Wembanyama,,,246001ab42d44857430f7fe63f423461,2026-05-07,01:40,rebounds,12.5,-102.0,,True,draftkings,2026-05-06T14:54:07.154420
Victor Wembanyama,,,246001ab42d44857430f7fe63f423461,2026-05-07,01:40,rebounds,13.5,152.0,,True,draftkings,2026-05-06T14:54:07.154421
Victor Wembanyama,,,246001ab42d44857430f7fe63f423461,2026-05-07,01:40,rebounds,14.5,239.0,,True,draftkings,2026-05-06T14:54:07.154423
Victor Wembanyama,,,246001ab42d44857430f7fe63f423461,2026-05-07,01:40,rebounds,15.5,363.0,,True,draftkings,2026-05-06T14:54:07.154425
Victor Wembanyama,,,246001ab42d44857430f7fe63f423461,2026-05-07,01:40,rebounds,16.5,551.0,,True,draftkings,2026-05-06T14:54:07.154426
Victor Wembanyama,,,246001ab42d44857430f7fe63f423461,2026-05-07,01:40,rebounds,17.5,840.0,,True,draftkings,2026-05-06T14:54:07.154428
Victor Wembanyama,,,246001ab42d44857430f7fe63f423461,2026-05-07,01:40,rebounds,18.5,1260.0,,True,draftkings,2026-05-06T14:54:07.154431
Victor Wembanyama,,,246001ab42d44857430f7fe63f423461,2026-05-07,01:40,rebounds,19.5,1740.0,,True,draftkings,2026-05-06T14:54:07.154433
Rudy Gobert,,,246001ab42d44857430f7fe63f423461,2026-05-07,01:40,rebounds,5.5,-3500.0,,True,draftkings,2026-05-06T14:54:07.154435
Rudy Gobert,,,246001ab42d44857430f7fe63f423461,2026-05-07,01:40,rebounds,6.5,-1300.0,,True,draftkings,2026-05-06T14:54:07.154437
Rudy Gobert,,,246001ab42d44857430f7fe63f423461,2026-05-07,01:40,rebounds,7.5,-640.0,,True,draftkings,2026-05-06T14:54:07.154438
Rudy Gobert,,,246001ab42d44857430f7fe63f423461,2026-05-07,01:40,rebounds,8.5,-348.0,,True,draftkings,2026-05-06T14:54:07.154440
Rudy Gobert,,,246001ab42d44857430f7fe63f423461,2026-05-07,01:40,rebounds,9.5,-210.0,,True,draftkings,2026-05-06T14:54:07.154441
Rudy Gobert,,,246001ab42d44857430f7fe63f423461,2026-05-07,01:40,rebounds,10.5,-133.0,,True,draftkings,2026-05-06T14:54:07.154445
Rudy Gobert,,,246001ab42d44857430f7fe63f423461,2026-05-07,01:40,rebounds,11.5,118.0,,True,draftkings,2026-05-06T14:54:07.154447
Rudy Gobert,,,246001ab42d44857430f7fe63f423461,2026-05-07,01:40,rebounds,12.5,180.0,,True,draftkings,2026-05-06T14:54:07.154448
Rudy Gobert,,,246001ab42d44857430f7fe63f423461,2026-05-07,01:40,rebounds,13.5,274.0,,True,draftkings,2026-05-06T14:54:07.154450
Rudy Gobert,,,246001ab42d44857430f7fe63f423461,2026-05-07,01:40,rebounds,14.5,414.0,,True,draftkings,2026-05-06T14:54:07.154452
Rudy Gobert,,,246001ab42d44857430f7fe63f423461,2026-05-07,01:40,rebounds,15.5,620.0,,True,draftkings,2026-05-06T14:54:07.154453
Rudy Gobert,,,246001ab42d44857430f7fe63f423461,2026-05-07,01:40,rebounds,16.5,890.0,,True,draftkings,2026-05-06T14:54:07.154455
Rudy Gobert,,,246001ab42d44857430f7fe63f423461,2026-05-07,01:40,rebounds,17.5,1300.0,,True,draftkings,2026-05-06T14:54:07.154457
Rudy Gobert,,,246001ab42d44857430f7fe63f423461,2026-05-07,01:40,rebounds,18.5,1880.0,,True,draftkings,2026-05-06T14:54:07.154458
Rudy Gobert,,,246001ab42d44857430f7fe63f423461,2026-05-07,01:40,rebounds,19.5,2500.0,,True,draftkings,2026-05-06T14:54:07.154460
Naz Reid,,,246001ab42d44857430f7fe63f423461,2026-05-07,01:40,rebounds,2.5,-3300.0,,True,draftkings,2026-05-06T14:54:07.154461
Naz Reid,,,246001ab42d44857430f7fe63f423461,2026-05-07,01:40,rebounds,3.5,-870.0,,True,draftkings,2026-05-06T14:54:07.154463
Naz Reid,,,246001ab42d44857430f7fe63f423461,2026-05-07,01:40,rebounds,4.5,-364.0,,True,draftkings,2026-05-06T14:54:07.154465
Naz Reid,,,246001ab42d44857430f7fe63f423461,2026-05-07,01:40,rebounds,5.5,-181.0,,True,draftkings,2026-05-06T14:54:07.154466
Naz Reid,,,246001ab42d44857430f7fe63f423461,2026-05-07,01:40,rebounds,6.5,101.0,,True,draftkings,2026-05-06T14:54:07.154468
Naz Reid,,,246001ab42d44857430f7fe63f423461,2026-05-07,01:40,rebounds,7.5,175.0,,True,draftkings,2026-05-06T14:54:07.154470
Naz Reid,,,246001ab42d44857430f7fe63f423461,2026-05-07,01:40,rebounds,8.5,303.0,,True,draftkings,2026-05-06T14:54:07.154471
Naz Reid,,,246001ab42d44857430f7fe63f423461,2026-05-07,01:40,rebounds,9.5,497.0,,True,draftkings,2026-05-06T14:54:07.154473
Naz Reid,,,246001ab42d44857430f7fe63f423461,2026-05-07,01:40,rebounds,10.5,800.0,,True,draftkings,2026-05-06T14:54:07.154475
Naz Reid,,,246001ab42d44857430f7fe63f423461,2026-05-07,01:40,rebounds,11.5,1260.0,,True,draftkings,2026-05-06T14:54:07.154476
Naz Reid,,,246001ab42d44857430f7fe63f423461,2026-05-07,01:40,rebounds,12.5,1940.0,,True,draftkings,2026-05-06T14:54:07.154478
Naz Reid,,,246001ab42d44857430f7fe63f423461,2026-05-07,01:40,rebounds,13.5,2800.0,,True,draftkings,2026-05-06T14:54:07.154480
Julius Randle,,,246001ab42d44857430f7fe63f423461,2026-05-07,01:40,rebounds,2.5,-2900.0,,True,draftkings,2026-05-06T14:54:07.154481
Julius Randle,,,246001ab42d44857430f7fe63f423461,2026-05-07,01:40,rebounds,3.5,-800.0,,True,draftkings,2026-05-06T14:54:07.154483
Julius Randle,,,246001ab42d44857430f7fe63f423461,2026-05-07,01:40,rebounds,4.5,-338.0,,True,draftkings,2026-05-06T14:54:07.154484
Julius Randle,,,246001ab42d44857430f7fe63f423461,2026-05-07,01:40,rebounds,5.5,-172.0,,True,draftkings,2026-05-06T14:54:07.154488
Julius Randle,,,246001ab42d44857430f7fe63f423461,2026-05-07,01:40,rebounds,6.5,105.0,,True,draftkings,2026-05-06T14:54:07.154490
Julius Randle,,,246001ab42d44857430f7fe63f423461,2026-05-07,01:40,rebounds,7.5,184.0,,True,draftkings,2026-05-06T14:54:07.154491
Julius Randle,,,246001ab42d44857430f7fe63f423461,2026-05-07,01:40,rebounds,8.5,316.0,,True,draftkings,2026-05-06T14:54:07.154493
Julius Randle,,,246001ab42d44857430f7fe63f423461,2026-05-07,01:40,rebounds,9.5,533.0,,True,draftkings,2026-05-06T14:54:07.154495
Julius Randle,,,246001ab42d44857430f7fe63f423461,2026-05-07,01:40,rebounds,10.5,860.0,,True,draftkings,2026-05-06T14:54:07.154496
Julius Randle,,,246001ab42d44857430f7fe63f423461,2026-05-07,01:40,rebounds,11.5,1400.0,,True,draftkings,2026-05-06T14:54:07.154500
Julius Randle,,,246001ab42d44857430f7fe63f423461,2026-05-07,01:40,rebounds,12.5,2100.0,,True,draftkings,2026-05-06T14:54:07.154501
Julius Randle,,,246001ab42d44857430f7fe63f423461,2026-05-07,01:40,rebounds,13.5,2900.0,,True,draftkings,2026-05-06T14:54:07.154503
Stephon Castle,,,246001ab42d44857430f7fe63f423461,2026-05-07,01:40,rebounds,2.5,-1220.0,,True,draftkings,2026-05-06T14:54:07.154505
Stephon Castle,,,246001ab42d44857430f7fe63f423461,2026-05-07,01:40,rebounds,3.5,-449.0,,True,draftkings,2026-05-06T14:54:07.154506
Stephon Castle,,,246001ab42d44857430f7fe63f423461,2026-05-07,01:40,rebounds,4.5,-210.0,,True,draftkings,2026-05-06T14:54:07.154508
Stephon Castle,,,246001ab42d44857430f7fe63f423461,2026-05-07,01:40,rebounds,5.5,-110.0,,True,draftkings,2026-05-06T14:54:07.154510
Stephon Castle,,,246001ab42d44857430f7fe63f423461,2026-05-07,01:40,rebounds,6.5,165.0,,True,draftkings,2026-05-06T14:54:07.154511
Stephon Castle,,,246001ab42d44857430f7fe63f423461,2026-05-07,01:40,rebounds,7.5,288.0,,True,draftkings,2026-05-06T14:54:07.154513
Stephon Castle,,,246001ab42d44857430f7fe63f423461,2026-05-07,01:40,rebounds,8.5,504.0,,True,draftkings,2026-05-06T14:54:07.154515
Stephon Castle,,,246001ab42d44857430f7fe63f423461,2026-05-07,01:40,rebounds,9.5,870.0,,True,draftkings,2026-05-06T14:54:07.154516
Stephon Castle,,,246001ab42d44857430f7fe63f423461,2026-05-07,01:40,rebounds,10.5,1440.0,,True,draftkings,2026-05-06T14:54:07.154518
Stephon Castle,,,246001ab42d44857430f7fe63f423461,2026-05-07,01:40,rebounds,11.5,2200.0,,True,draftkings,2026-05-06T14:54:07.154520
Julian Champagnie,,,246001ab42d44857430f7fe63f423461,2026-05-07,01:40,rebounds,2.5,-1140.0,,True,draftkings,2026-05-06T14:54:07.154521
Julian Champagnie,,,246001ab42d44857430f7fe63f423461,2026-05-07,01:40,rebounds,3.5,-393.0,,True,draftkings,2026-05-06T14:54:07.154523
Julian Champagnie,,,246001ab42d44857430f7fe63f423461,2026-05-07,01:40,rebounds,4.5,-175.0,,True,draftkings,2026-05-06T14:54:07.154525
Julian Champagnie,,,246001ab42d44857430f7fe63f423461,2026-05-07,01:40,rebounds,5.5,113.0,,True,draftkings,2026-05-06T14:54:07.154526
Julian Champagnie,,,246001ab42d44857430f7fe63f423461,2026-05-07,01:40,rebounds,6.5,214.0,,True,draftkings,2026-05-06T14:54:07.154528
Julian Champagnie,,,246001ab42d44857430f7fe63f423461,2026-05-07,01:40,rebounds,7.5,387.0,,True,draftkings,2026-05-06T14:54:07.154529
Julian Champagnie,,,246001ab42d44857430f7fe63f423461,2026-05-07,01:40,rebounds,8.5,700.0,,True,draftkings,2026-05-06T14:54:07.154531
Julian Champagnie,,,246001ab42d44857430f7fe63f423461,2026-05-07,01:40,rebounds,9.5,1260.0,,True,draftkings,2026-05-06T14:54:07.154535
Julian Champagnie,,,246001ab42d44857430f7fe63f423461,2026-05-07,01:40,rebounds,10.5,1960.0,,True,draftkings,2026-05-06T14:54:07.154536
Julian Champagnie,,,246001ab42d44857430f7fe63f423461,2026-05-07,01:40,rebounds,11.5,2900.0,,True,draftkings,2026-05-06T14:54:07.154538
Jaden McDaniels,,,246001ab42d44857430f7fe63f423461,2026-05-07,01:40,rebounds,2.5,-740.0,,True,draftkings,2026-05-06T14:54:07.154540
Jaden McDaniels,,,246001ab42d44857430f7fe63f423461,2026-05-07,01:40,rebounds,3.5,-276.0,,True,draftkings,2026-05-06T14:54:07.154542
Jaden McDaniels,,,246001ab42d44857430f7fe63f423461,2026-05-07,01:40,rebounds,4.5,-129.0,,True,draftkings,2026-05-06T14:54:07.154543
Jaden McDaniels,,,246001ab42d44857430f7fe63f423461,2026-05-07,01:40,rebounds,5.5,153.0,,True,draftkings,2026-05-06T14:54:07.154547
Jaden McDaniels,,,246001ab42d44857430f7fe63f423461,2026-05-07,01:40,rebounds,6.5,293.0,,True,draftkings,2026-05-06T14:54:07.154548
Jaden McDaniels,,,246001ab42d44857430f7fe63f423461,2026-05-07,01:40,rebounds,7.5,548.0,,True,draftkings,2026-05-06T14:54:07.154550
Jaden McDaniels,,,246001ab42d44857430f7fe63f423461,2026-05-07,01:40,rebounds,8.5,970.0,,True,draftkings,2026-05-06T14:54:07.154566
Jaden McDaniels,,,246001ab42d44857430f7fe63f423461,2026-05-07,01:40,rebounds,9.5,1640.0,,True,draftkings,2026-05-06T14:54:07.154568
Jaden McDaniels,,,246001ab42d44857430f7fe63f423461,2026-05-07,01:40,rebounds,10.5,2500.0,,True,draftkings,2026-05-06T14:54:07.154570
Luke Kornet,,,246001ab42d44857430f7fe63f423461,2026-05-07,01:40,rebounds,2.5,-277.0,,True,draftkings,2026-05-06T14:54:07.154571
Luke Kornet,,,246001ab42d44857430f7fe63f423461,2026-05-07,01:40,rebounds,3.5,-123.0,,True,draftkings,2026-05-06T14:54:07.154573
Luke Kornet,,,246001ab42d44857430f7fe63f423461,2026-05-07,01:40,rebounds,4.5,162.0,,True,draftkings,2026-05-06T14:54:07.154575
Luke Kornet,,,246001ab42d44857430f7fe63f423461,2026-05-07,01:40,rebounds,5.5,298.0,,True,draftkings,2026-05-06T14:54:07.154576
Luke Kornet,,,246001ab42d44857430f7fe63f423461,2026-05-07,01:40,rebounds,6.5,548.0,,True,draftkings,2026-05-06T14:54:07.154578
Luke Kornet,,,246001ab42d44857430f7fe63f423461,2026-05-07,01:40,rebounds,7.5,950.0,,True,draftkings,2026-05-06T14:54:07.154580
Luke Kornet,,,246001ab42d44857430f7fe63f423461,2026-05-07,01:40,rebounds,8.5,1600.0,,True,draftkings,2026-05-06T14:54:07.154581
Luke Kornet,,,246001ab42d44857430f7fe63f423461,2026-05-07,01:40,rebounds,9.5,2400.0,,True,draftkings,2026-05-06T14:54:07.154583
Devin Vassell,,,246001ab42d44857430f7fe63f423461,2026-05-07,01:40,rebounds,2.5,-473.0,,True,draftkings,2026-05-06T14:54:07.154585
Devin Vassell,,,246001ab42d44857430f7fe63f423461,2026-05-07,01:40,rebounds,3.5,-184.0,,True,draftkings,2026-05-06T14:54:07.154586
Devin Vassell,,,246001ab42d44857430f7fe63f423461,2026-05-07,01:40,rebounds,4.5,116.0,,True,draftkings,2026-05-06T14:54:07.154588
Devin Vassell,,,246001ab42d44857430f7fe63f423461,2026-05-07,01:40,rebounds,5.5,233.0,,True,draftkings,2026-05-06T14:54:07.154590
Devin Vassell,,,246001ab42d44857430f7fe63f423461,2026-05-07,01:40,rebounds,6.5,460.0,,True,draftkings,2026-05-06T14:54:07.154591
Devin Vassell,,,246001ab42d44857430f7fe63f423461,2026-05-07,01:40,rebounds,7.5,860.0,,True,draftkings,2026-05-06T14:54:07.154593
Devin Vassell,,,246001ab42d44857430f7fe63f423461,2026-05-07,01:40,rebounds,8.5,1600.0,,True,draftkings,2026-05-06T14:54:07.154595
Devin Vassell,,,246001ab42d44857430f7fe63f423461,2026-05-07,01:40,rebounds,9.5,2600.0,,True,draftkings,2026-05-06T14:54:07.154596
Anthony Edwards,,,246001ab42d44857430f7fe63f423461,2026-05-07,01:40,rebounds,2.5,-389.0,,True,draftkings,2026-05-06T14:54:07.154598
Anthony Edwards,,,246001ab42d44857430f7fe63f423461,2026-05-07,01:40,rebounds,3.5,-160.0,,True,draftkings,2026-05-06T14:54:07.154599
Anthony Edwards,,,246001ab42d44857430f7fe63f423461,2026-05-07,01:40,rebounds,4.5,135.0,,True,draftkings,2026-05-06T14:54:07.154601
Anthony Edwards,,,246001ab42d44857430f7fe63f423461,2026-05-07,01:40,rebounds,5.5,270.0,,True,draftkings,2026-05-06T14:54:07.154603
Anthony Edwards,,,246001ab42d44857430f7fe63f423461,2026-05-07,01:40,rebounds,6.5,523.0,,True,draftkings,2026-05-06T14:54:07.154604
Anthony Edwards,,,246001ab42d44857430f7fe63f423461,2026-05-07,01:40,rebounds,7.5,960.0,,True,draftkings,2026-05-06T14:54:07.154606
Anthony Edwards,,,246001ab42d44857430f7fe63f423461,2026-05-07,01:40,rebounds,8.5,1680.0,,True,draftkings,2026-05-06T14:54:07.154608
Anthony Edwards,,,246001ab42d44857430f7fe63f423461,2026-05-07,01:40,rebounds,9.5,2700.0,,True,draftkings,2026-05-06T14:54:07.154609
Keldon Johnson,,,246001ab42d44857430f7fe63f423461,2026-05-07,01:40,rebounds,2.5,-281.0,,True,draftkings,2026-05-06T14:54:07.154611
Keldon Johnson,,,246001ab42d44857430f7fe63f423461,2026-05-07,01:40,rebounds,3.5,-122.0,,True,draftkings,2026-05-06T14:54:07.154615
Keldon Johnson,,,246001ab42d44857430f7fe63f423461,2026-05-07,01:40,rebounds,4.5,167.0,,True,draftkings,2026-05-06T14:54:07.154616
Keldon Johnson,,,246001ab42d44857430f7fe63f423461,2026-05-07,01:40,rebounds,5.5,334.0,,True,draftkings,2026-05-06T14:54:07.154618
Keldon Johnson,,,246001ab42d44857430f7fe63f423461,2026-05-07,01:40,rebounds,6.5,630.0,,True,draftkings,2026-05-06T14:54:07.154620
Keldon Johnson,,,246001ab42d44857430f7fe63f423461,2026-05-07,01:40,rebounds,7.5,1140.0,,True,draftkings,2026-05-06T14:54:07.154621
Keldon Johnson,,,246001ab42d44857430f7fe63f423461,2026-05-07,01:40,rebounds,8.5,1880.0,,True,draftkings,2026-05-06T14:54:07.154623
Keldon Johnson,,,246001ab42d44857430f7fe63f423461,2026-05-07,01:40,rebounds,9.5,2700.0,,True,draftkings,2026-05-06T14:54:07.154626
De'Aaron Fox,,,246001ab42d44857430f7fe63f423461,2026-05-07,01:40,rebounds,2.5,-291.0,,True,draftkings,2026-05-06T14:54:07.154628
De'Aaron Fox,,,246001ab42d44857430f7fe63f423461,2026-05-07,01:40,rebounds,3.5,-119.0,,True,draftkings,2026-05-06T14:54:07.154630
De'Aaron Fox,,,246001ab42d44857430f7fe63f423461,2026-05-07,01:40,rebounds,4.5,180.0,,True,draftkings,2026-05-06T14:54:07.154631
De'Aaron Fox,,,246001ab42d44857430f7fe63f423461,2026-05-07,01:40,rebounds,5.5,368.0,,True,draftkings,2026-05-06T14:54:07.154633
De'Aaron Fox,,,246001ab42d44857430f7fe63f423461,2026-05-07,01:40,rebounds,6.5,740.0,,True,draftkings,2026-05-06T14:54:07.154635
De'Aaron Fox,,,246001ab42d44857430f7fe63f423461,2026-05-07,01:40,rebounds,7.5,1380.0,,True,draftkings,2026-05-06T14:54:07.154637
De'Aaron Fox,,,246001ab42d44857430f7fe63f423461,2026-05-07,01:40,rebounds,8.5,2300.0,,True,draftkings,2026-05-06T14:54:07.154638
Dylan Harper,,,246001ab42d44857430f7fe63f423461,2026-05-07,01:40,rebounds,2.5,-214.0,,True,draftkings,2026-05-06T14:54:07.154641
Dylan Harper,,,246001ab42d44857430f7fe63f423461,2026-05-07,01:40,rebounds,3.5,111.0,,True,draftkings,2026-05-06T14:54:07.154643
Dylan Harper,,,246001ab42d44857430f7fe63f423461,2026-05-07,01:40,rebounds,4.5,236.0,,True,draftkings,2026-05-06T14:54:07.154645
Dylan Harper,,,246001ab42d44857430f7fe63f423461,2026-05-07,01:40,rebounds,5.5,478.0,,True,draftkings,2026-05-06T14:54:07.154646
Dylan Harper,,,246001ab42d44857430f7fe63f423461,2026-05-07,01:40,rebounds,6.5,920.0,,True,draftkings,2026-05-06T14:54:07.154648
Dylan Harper,,,246001ab42d44857430f7fe63f423461,2026-05-07,01:40,rebounds,7.5,1660.0,,True,draftkings,2026-05-06T14:54:07.154650
Dylan Harper,,,246001ab42d44857430f7fe63f423461,2026-05-07,01:40,rebounds,8.5,2700.0,,True,draftkings,2026-05-06T14:54:07.154651
Ayo Dosunmu,,,246001ab42d44857430f7fe63f423461,2026-05-07,01:40,rebounds,2.5,-147.0,,True,draftkings,2026-05-06T14:54:07.154653
Ayo Dosunmu,,,246001ab42d44857430f7fe63f423461,2026-05-07,01:40,rebounds,3.5,160.0,,True,draftkings,2026-05-06T14:54:07.154655
Ayo Dosunmu,,,246001ab42d44857430f7fe63f423461,2026-05-07,01:40,rebounds,4.5,347.0,,True,draftkings,2026-05-06T14:54:07.154656
Ayo Dosunmu,,,246001ab42d44857430f7fe63f423461,2026-05-07,01:40,rebounds,5.5,700.0,,True,draftkings,2026-05-06T14:54:07.154658
Ayo Dosunmu,,,246001ab42d44857430f7fe63f423461,2026-05-07,01:40,rebounds,6.5,1340.0,,True,draftkings,2026-05-06T14:54:07.154660
Ayo Dosunmu,,,246001ab42d44857430f7fe63f423461,2026-05-07,01:40,rebounds,7.5,2300.0,,True,draftkings,2026-05-06T14:54:07.154661
Mike Conley,,,246001ab42d44857430f7fe63f423461,2026-05-07,01:40,rebounds,2.5,129.0,,True,draftkings,2026-05-06T14:54:07.154663
Mike Conley,,,246001ab42d44857430f7fe63f423461,2026-05-07,01:40,rebounds,3.5,311.0,,True,draftkings,2026-05-06T14:54:07.154665
Mike Conley,,,246001ab42d44857430f7fe63f423461,2026-05-07,01:40,rebounds,4.5,680.0,,True,draftkings,2026-05-06T14:54:07.154666
Mike Conley,,,246001ab42d44857430f7fe63f423461,2026-05-07,01:40,rebounds,5.5,1320.0,,True,draftkings,2026-05-06T14:54:07.154668
Mike Conley,,,246001ab42d44857430f7fe63f423461,2026-05-07,01:40,rebounds,6.5,2400.0,,True,draftkings,2026-05-06T14:54:07.154669
Anthony Edwards,,,246001ab42d44857430f7fe63f423461,2026-05-07,01:40,threes,2.5,-108.0,-122.0,False,draftkings,2026-05-06T14:54:07.154692
Victor Wembanyama,,,246001ab42d44857430f7fe63f423461,2026-05-07,01:40,threes,2.5,112.0,-147.0,False,draftkings,2026-05-06T14:54:07.154694
Devin Vassell,,,246001ab42d44857430f7fe63f423461,2026-05-07,01:40,threes,2.5,143.0,-190.0,False,draftkings,2026-05-06T14:54:07.154696
Julian Champagnie,,,246001ab42d44857430f7fe63f423461,2026-05-07,01:40,threes,1.5,-173.0,130.0,False,draftkings,2026-05-06T14:54:07.154697
Naz Reid,,,246001ab42d44857430f7fe63f423461,2026-05-07,01:40,threes,1.5,-155.0,118.0,False,draftkings,2026-05-06T14:54:07.154699
De'Aaron Fox,,,246001ab42d44857430f7fe63f423461,2026-05-07,01:40,threes,1.5,-104.0,-127.0,False,draftkings,2026-05-06T14:54:07.154701
Ayo Dosunmu,,,246001ab42d44857430f7fe63f423461,2026-05-07,01:40,threes,1.5,-102.0,-129.0,False,draftkings,2026-05-06T14:54:07.154702
Stephon Castle,,,246001ab42d44857430f7fe63f423461,2026-05-07,01:40,threes,1.5,115.0,-152.0,False,draftkings,2026-05-06T14:54:07.154704
Jaden McDaniels,,,246001ab42d44857430f7fe63f423461,2026-05-07,01:40,threes,1.5,129.0,-171.0,False,draftkings,2026-05-06T14:54:07.154706
Julius Randle,,,246001ab42d44857430f7fe63f423461,2026-05-07,01:40,threes,1.5,131.0,-174.0,False,draftkings,2026-05-06T14:54:07.154707
Mike Conley,,,246001ab42d44857430f7fe63f423461,2026-05-07,01:40,threes,1.5,152.0,-202.0,False,draftkings,2026-05-06T14:54:07.154709
Keldon Johnson,,,246001ab42d44857430f7fe63f423461,2026-05-07,01:40,threes,0.5,-173.0,131.0,False,draftkings,2026-05-06T14:54:07.154711
Dylan Harper,,,246001ab42d44857430f7fe63f423461,2026-05-07,01:40,threes,0.5,-148.0,112.0,False,draftkings,2026-05-06T14:54:07.154712
Anthony Edwards,,,246001ab42d44857430f7fe63f423461,2026-05-07,01:40,threes,0.5,-1400.0,,True,draftkings,2026-05-06T14:54:07.154745
Anthony Edwards,,,246001ab42d44857430f7fe63f423461,2026-05-07,01:40,threes,1.5,-289.0,,True,draftkings,2026-05-06T14:54:07.154747
Anthony Edwards,,,246001ab42d44857430f7fe63f423461,2026-05-07,01:40,threes,2.5,-108.0,,True,draftkings,2026-05-06T14:54:07.154749
Anthony Edwards,,,246001ab42d44857430f7fe63f423461,2026-05-07,01:40,threes,3.5,207.0,,True,draftkings,2026-05-06T14:54:07.154750
Anthony Edwards,,,246001ab42d44857430f7fe63f423461,2026-05-07,01:40,threes,4.5,446.0,,True,draftkings,2026-05-06T14:54:07.154752
Anthony Edwards,,,246001ab42d44857430f7fe63f423461,2026-05-07,01:40,threes,5.5,910.0,,True,draftkings,2026-05-06T14:54:07.154754
Anthony Edwards,,,246001ab42d44857430f7fe63f423461,2026-05-07,01:40,threes,6.5,1680.0,,True,draftkings,2026-05-06T14:54:07.154755
Anthony Edwards,,,246001ab42d44857430f7fe63f423461,2026-05-07,01:40,threes,7.5,2800.0,,True,draftkings,2026-05-06T14:54:07.154757
Victor Wembanyama,,,246001ab42d44857430f7fe63f423461,2026-05-07,01:40,threes,0.5,-1420.0,,True,draftkings,2026-05-06T14:54:07.154759
Victor Wembanyama,,,246001ab42d44857430f7fe63f423461,2026-05-07,01:40,threes,1.5,-265.0,,True,draftkings,2026-05-06T14:54:07.154760
Victor Wembanyama,,,246001ab42d44857430f7fe63f423461,2026-05-07,01:40,threes,2.5,113.0,,True,draftkings,2026-05-06T14:54:07.154762
Victor Wembanyama,,,246001ab42d44857430f7fe63f423461,2026-05-07,01:40,threes,3.5,292.0,,True,draftkings,2026-05-06T14:54:07.154764
Victor Wembanyama,,,246001ab42d44857430f7fe63f423461,2026-05-07,01:40,threes,4.5,690.0,,True,draftkings,2026-05-06T14:54:07.154765
Victor Wembanyama,,,246001ab42d44857430f7fe63f423461,2026-05-07,01:40,threes,5.5,1480.0,,True,draftkings,2026-05-06T14:54:07.154767
Victor Wembanyama,,,246001ab42d44857430f7fe63f423461,2026-05-07,01:40,threes,6.5,2700.0,,True,draftkings,2026-05-06T14:54:07.154769
Devin Vassell,,,246001ab42d44857430f7fe63f423461,2026-05-07,01:40,threes,0.5,-1080.0,,True,draftkings,2026-05-06T14:54:07.154771
Devin Vassell,,,246001ab42d44857430f7fe63f423461,2026-05-07,01:40,threes,1.5,-207.0,,True,draftkings,2026-05-06T14:54:07.154772
Devin Vassell,,,246001ab42d44857430f7fe63f423461,2026-05-07,01:40,threes,2.5,144.0,,True,draftkings,2026-05-06T14:54:07.154774
Devin Vassell,,,246001ab42d44857430f7fe63f423461,2026-05-07,01:40,threes,3.5,376.0,,True,draftkings,2026-05-06T14:54:07.154776
Devin Vassell,,,246001ab42d44857430f7fe63f423461,2026-05-07,01:40,threes,4.5,920.0,,True,draftkings,2026-05-06T14:54:07.154777
Devin Vassell,,,246001ab42d44857430f7fe63f423461,2026-05-07,01:40,threes,5.5,1940.0,,True,draftkings,2026-05-06T14:54:07.154779
Julian Champagnie,,,246001ab42d44857430f7fe63f423461,2026-05-07,01:40,threes,0.5,-860.0,,True,draftkings,2026-05-06T14:54:07.154783
Julian Champagnie,,,246001ab42d44857430f7fe63f423461,2026-05-07,01:40,threes,1.5,-178.0,,True,draftkings,2026-05-06T14:54:07.154784
Julian Champagnie,,,246001ab42d44857430f7fe63f423461,2026-05-07,01:40,threes,2.5,166.0,,True,draftkings,2026-05-06T14:54:07.154786
Julian Champagnie,,,246001ab42d44857430f7fe63f423461,2026-05-07,01:40,threes,3.5,427.0,,True,draftkings,2026-05-06T14:54:07.154788
Julian Champagnie,,,246001ab42d44857430f7fe63f423461,2026-05-07,01:40,threes,4.5,1000.0,,True,draftkings,2026-05-06T14:54:07.154789
Julian Champagnie,,,246001ab42d44857430f7fe63f423461,2026-05-07,01:40,threes,5.5,2100.0,,True,draftkings,2026-05-06T14:54:07.154791
Naz Reid,,,246001ab42d44857430f7fe63f423461,2026-05-07,01:40,threes,0.5,-730.0,,True,draftkings,2026-05-06T14:54:07.154793
Naz Reid,,,246001ab42d44857430f7fe63f423461,2026-05-07,01:40,threes,1.5,-159.0,,True,draftkings,2026-05-06T14:54:07.154794
Naz Reid,,,246001ab42d44857430f7fe63f423461,2026-05-07,01:40,threes,2.5,185.0,,True,draftkings,2026-05-06T14:54:07.154796
Naz Reid,,,246001ab42d44857430f7fe63f423461,2026-05-07,01:40,threes,3.5,455.0,,True,draftkings,2026-05-06T14:54:07.154798
Naz Reid,,,246001ab42d44857430f7fe63f423461,2026-05-07,01:40,threes,4.5,1080.0,,True,draftkings,2026-05-06T14:54:07.154799
Naz Reid,,,246001ab42d44857430f7fe63f423461,2026-05-07,01:40,threes,5.5,2100.0,,True,draftkings,2026-05-06T14:54:07.154801
Ayo Dosunmu,,,246001ab42d44857430f7fe63f423461,2026-05-07,01:40,threes,0.5,-446.0,,True,draftkings,2026-05-06T14:54:07.154803
Ayo Dosunmu,,,246001ab42d44857430f7fe63f423461,2026-05-07,01:40,threes,1.5,-101.0,,True,draftkings,2026-05-06T14:54:07.154804
Ayo Dosunmu,,,246001ab42d44857430f7fe63f423461,2026-05-07,01:40,threes,2.5,286.0,,True,draftkings,2026-05-06T14:54:07.154806
Ayo Dosunmu,,,246001ab42d44857430f7fe63f423461,2026-05-07,01:40,threes,3.5,690.0,,True,draftkings,2026-05-06T14:54:07.154808
Ayo Dosunmu,,,246001ab42d44857430f7fe63f423461,2026-05-07,01:40,threes,4.5,1560.0,,True,draftkings,2026-05-06T14:54:07.154809
Ayo Dosunmu,,,246001ab42d44857430f7fe63f423461,2026-05-07,01:40,threes,5.5,2800.0,,True,draftkings,2026-05-06T14:54:07.154811
De'Aaron Fox,,,246001ab42d44857430f7fe63f423461,2026-05-07,01:40,threes,0.5,-464.0,,True,draftkings,2026-05-06T14:54:07.154812
De'Aaron Fox,,,246001ab42d44857430f7fe63f423461,2026-05-07,01:40,threes,1.5,-102.0,,True,draftkings,2026-05-06T14:54:07.154814
De'Aaron Fox,,,246001ab42d44857430f7fe63f423461,2026-05-07,01:40,threes,2.5,303.0,,True,draftkings,2026-05-06T14:54:07.154816
De'Aaron Fox,,,246001ab42d44857430f7fe63f423461,2026-05-07,01:40,threes,3.5,820.0,,True,draftkings,2026-05-06T14:54:07.154817
De'Aaron Fox,,,246001ab42d44857430f7fe63f423461,2026-05-07,01:40,threes,4.5,1900.0,,True,draftkings,2026-05-06T14:54:07.154819
Jaden McDaniels,,,246001ab42d44857430f7fe63f423461,2026-05-07,01:40,threes,0.5,-340.0,,True,draftkings,2026-05-06T14:54:07.154821
Jaden McDaniels,,,246001ab42d44857430f7fe63f423461,2026-05-07,01:40,threes,1.5,129.0,,True,draftkings,2026-05-06T14:54:07.154822
Jaden McDaniels,,,246001ab42d44857430f7fe63f423461,2026-05-07,01:40,threes,2.5,398.0,,True,draftkings,2026-05-06T14:54:07.154824
Jaden McDaniels,,,246001ab42d44857430f7fe63f423461,2026-05-07,01:40,threes,3.5,1020.0,,True,draftkings,2026-05-06T14:54:07.154826
Jaden McDaniels,,,246001ab42d44857430f7fe63f423461,2026-05-07,01:40,threes,4.5,2200.0,,True,draftkings,2026-05-06T14:54:07.154827
Julius Randle,,,246001ab42d44857430f7fe63f423461,2026-05-07,01:40,threes,0.5,-332.0,,True,draftkings,2026-05-06T14:54:07.154829
Julius Randle,,,246001ab42d44857430f7fe63f423461,2026-05-07,01:40,threes,1.5,132.0,,True,draftkings,2026-05-06T14:54:07.154831
Julius Randle,,,246001ab42d44857430f7fe63f423461,2026-05-07,01:40,threes,2.5,398.0,,True,draftkings,2026-05-06T14:54:07.154832
Julius Randle,,,246001ab42d44857430f7fe63f423461,2026-05-07,01:40,threes,3.5,1020.0,,True,draftkings,2026-05-06T14:54:07.154834
Julius Randle,,,246001ab42d44857430f7fe63f423461,2026-05-07,01:40,threes,4.5,2200.0,,True,draftkings,2026-05-06T14:54:07.154836
Stephon Castle,,,246001ab42d44857430f7fe63f423461,2026-05-07,01:40,threes,0.5,-394.0,,True,draftkings,2026-05-06T14:54:07.154837
Stephon Castle,,,246001ab42d44857430f7fe63f423461,2026-05-07,01:40,threes,1.5,116.0,,True,draftkings,2026-05-06T14:54:07.154839
Stephon Castle,,,246001ab42d44857430f7fe63f423461,2026-05-07,01:40,threes,2.5,368.0,,True,draftkings,2026-05-06T14:54:07.154841
Stephon Castle,,,246001ab42d44857430f7fe63f423461,2026-05-07,01:40,threes,3.5,1040.0,,True,draftkings,2026-05-06T14:54:07.154842
Stephon Castle,,,246001ab42d44857430f7fe63f423461,2026-05-07,01:40,threes,4.5,2300.0,,True,draftkings,2026-05-06T14:54:07.154844
Mike Conley,,,246001ab42d44857430f7fe63f423461,2026-05-07,01:40,threes,0.5,-274.0,,True,draftkings,2026-05-06T14:54:07.154845
Mike Conley,,,246001ab42d44857430f7fe63f423461,2026-05-07,01:40,threes,1.5,152.0,,True,draftkings,2026-05-06T14:54:07.154847
Mike Conley,,,246001ab42d44857430f7fe63f423461,2026-05-07,01:40,threes,2.5,453.0,,True,draftkings,2026-05-06T14:54:07.154849
Mike Conley,,,246001ab42d44857430f7fe63f423461,2026-05-07,01:40,threes,3.5,1180.0,,True,draftkings,2026-05-06T14:54:07.154850
Mike Conley,,,246001ab42d44857430f7fe63f423461,2026-05-07,01:40,threes,4.5,2400.0,,True,draftkings,2026-05-06T14:54:07.154852
Keldon Johnson,,,246001ab42d44857430f7fe63f423461,2026-05-07,01:40,threes,0.5,-170.0,,True,draftkings,2026-05-06T14:54:07.154854
Keldon Johnson,,,246001ab42d44857430f7fe63f423461,2026-05-07,01:40,threes,1.5,257.0,,True,draftkings,2026-05-06T14:54:07.154855
Keldon Johnson,,,246001ab42d44857430f7fe63f423461,2026-05-07,01:40,threes,2.5,850.0,,True,draftkings,2026-05-06T14:54:07.154857
Keldon Johnson,,,246001ab42d44857430f7fe63f423461,2026-05-07,01:40,threes,3.5,2100.0,,True,draftkings,2026-05-06T14:54:07.154859
Dylan Harper,,,246001ab42d44857430f7fe63f423461,2026-05-07,01:40,threes,0.5,-151.0,,True,draftkings,2026-05-06T14:54:07.154860
Dylan Harper,,,246001ab42d44857430f7fe63f423461,2026-05-07,01:40,threes,1.5,311.0,,True,draftkings,2026-05-06T14:54:07.154862
Dylan Harper,,,246001ab42d44857430f7fe63f423461,2026-05-07,01:40,threes,2.5,1080.0,,True,draftkings,2026-05-06T14:54:07.154864
Dylan Harper,,,246001ab42d44857430f7fe63f423461,2026-05-07,01:40,threes,3.5,2600.0,,True,draftkings,2026-05-06T14:54:07.154867
Cade Cunningham,,,862af0717b53a01b5e93a188a655d663,2026-05-07,23:10,assists,9.5,-143.0,108.0,False,draftkings,2026-05-06T14:54:07.389359
James Harden,,,862af0717b53a01b5e93a188a655d663,2026-05-07,23:10,assists,6.5,-115.0,-114.0,False,draftkings,2026-05-06T14:54:07.389361
Donovan Mitchell,,,862af0717b53a01b5e93a188a655d663,2026-05-07,23:10,assists,3.5,-143.0,109.0,False,draftkings,2026-05-06T14:54:07.389363
Ausar Thompson,,,862af0717b53a01b5e93a188a655d663,2026-05-07,23:10,assists,3.5,-111.0,-118.0,False,draftkings,2026-05-06T14:54:07.389364
Evan Mobley,,,862af0717b53a01b5e93a188a655d663,2026-05-07,23:10,assists,3.5,123.0,-163.0,False,draftkings,2026-05-06T14:54:07.389366
Daniss Jenkins,,,862af0717b53a01b5e93a188a655d663,2026-05-07,23:10,assists,2.5,-172.0,130.0,False,draftkings,2026-05-06T14:54:07.389368
Jalen Duren,,,862af0717b53a01b5e93a188a655d663,2026-05-07,23:10,assists,2.5,131.0,-173.0,False,draftkings,2026-05-06T14:54:07.389370
Tobias Harris,,,862af0717b53a01b5e93a188a655d663,2026-05-07,23:10,assists,1.5,-172.0,130.0,False,draftkings,2026-05-06T14:54:07.389372
Duncan Robinson,,,862af0717b53a01b5e93a188a655d663,2026-05-07,23:10,assists,1.5,-171.0,130.0,False,draftkings,2026-05-06T14:54:07.389373
Jarrett Allen,,,862af0717b53a01b5e93a188a655d663,2026-05-07,23:10,assists,1.5,174.0,-233.0,False,draftkings,2026-05-06T14:54:07.389375
Cade Cunningham,,,862af0717b53a01b5e93a188a655d663,2026-05-07,23:10,assists,5.5,-1820.0,,True,draftkings,2026-05-06T14:54:07.389412
Cade Cunningham,,,862af0717b53a01b5e93a188a655d663,2026-05-07,23:10,assists,6.5,-810.0,,True,draftkings,2026-05-06T14:54:07.389413
Cade Cunningham,,,862af0717b53a01b5e93a188a655d663,2026-05-07,23:10,assists,7.5,-416.0,,True,draftkings,2026-05-06T14:54:07.389415
Cade Cunningham,,,862af0717b53a01b5e93a188a655d663,2026-05-07,23:10,assists,8.5,-238.0,,True,draftkings,2026-05-06T14:54:07.389417
Cade Cunningham,,,862af0717b53a01b5e93a188a655d663,2026-05-07,23:10,assists,9.5,-143.0,,True,draftkings,2026-05-06T14:54:07.389418
Cade Cunningham,,,862af0717b53a01b5e93a188a655d663,2026-05-07,23:10,assists,10.5,112.0,,True,draftkings,2026-05-06T14:54:07.389420
Cade Cunningham,,,862af0717b53a01b5e93a188a655d663,2026-05-07,23:10,assists,11.5,178.0,,True,draftkings,2026-05-06T14:54:07.389422
Cade Cunningham,,,862af0717b53a01b5e93a188a655d663,2026-05-07,23:10,assists,12.5,282.0,,True,draftkings,2026-05-06T14:54:07.389424
Cade Cunningham,,,862af0717b53a01b5e93a188a655d663,2026-05-07,23:10,assists,13.5,438.0,,True,draftkings,2026-05-06T14:54:07.389425
Cade Cunningham,,,862af0717b53a01b5e93a188a655d663,2026-05-07,23:10,assists,14.5,700.0,,True,draftkings,2026-05-06T14:54:07.389427
Cade Cunningham,,,862af0717b53a01b5e93a188a655d663,2026-05-07,23:10,assists,15.5,1080.0,,True,draftkings,2026-05-06T14:54:07.389429
Cade Cunningham,,,862af0717b53a01b5e93a188a655d663,2026-05-07,23:10,assists,16.5,1620.0,,True,draftkings,2026-05-06T14:54:07.389431
Cade Cunningham,,,862af0717b53a01b5e93a188a655d663,2026-05-07,23:10,assists,17.5,2200.0,,True,draftkings,2026-05-06T14:54:07.389432
Cade Cunningham,,,862af0717b53a01b5e93a188a655d663,2026-05-07,23:10,assists,18.5,2900.0,,True,draftkings,2026-05-06T14:54:07.389434
James Harden,,,862af0717b53a01b5e93a188a655d663,2026-05-07,23:10,assists,3.5,-1120.0,,True,draftkings,2026-05-06T14:54:07.389436
James Harden,,,862af0717b53a01b5e93a188a655d663,2026-05-07,23:10,assists,4.5,-454.0,,True,draftkings,2026-05-06T14:54:07.389437
James Harden,,,862af0717b53a01b5e93a188a655d663,2026-05-07,23:10,assists,5.5,-217.0,,True,draftkings,2026-05-06T14:54:07.389439
James Harden,,,862af0717b53a01b5e93a188a655d663,2026-05-07,23:10,assists,6.5,-115.0,,True,draftkings,2026-05-06T14:54:07.389441
James Harden,,,862af0717b53a01b5e93a188a655d663,2026-05-07,23:10,assists,7.5,156.0,,True,draftkings,2026-05-06T14:54:07.389442
James Harden,,,862af0717b53a01b5e93a188a655d663,2026-05-07,23:10,assists,8.5,285.0,,True,draftkings,2026-05-06T14:54:07.389444
James Harden,,,862af0717b53a01b5e93a188a655d663,2026-05-07,23:10,assists,9.5,497.0,,True,draftkings,2026-05-06T14:54:07.389446
James Harden,,,862af0717b53a01b5e93a188a655d663,2026-05-07,23:10,assists,10.5,840.0,,True,draftkings,2026-05-06T14:54:07.389448
James Harden,,,862af0717b53a01b5e93a188a655d663,2026-05-07,23:10,assists,11.5,1400.0,,True,draftkings,2026-05-06T14:54:07.389449
James Harden,,,862af0717b53a01b5e93a188a655d663,2026-05-07,23:10,assists,12.5,2200.0,,True,draftkings,2026-05-06T14:54:07.389451
Donovan Mitchell,,,862af0717b53a01b5e93a188a655d663,2026-05-07,23:10,assists,2.5,-335.0,,True,draftkings,2026-05-06T14:54:07.389453
Donovan Mitchell,,,862af0717b53a01b5e93a188a655d663,2026-05-07,23:10,assists,3.5,-143.0,,True,draftkings,2026-05-06T14:54:07.389454
Donovan Mitchell,,,862af0717b53a01b5e93a188a655d663,2026-05-07,23:10,assists,4.5,144.0,,True,draftkings,2026-05-06T14:54:07.389456
Donovan Mitchell,,,862af0717b53a01b5e93a188a655d663,2026-05-07,23:10,assists,5.5,289.0,,True,draftkings,2026-05-06T14:54:07.389458
Donovan Mitchell,,,862af0717b53a01b5e93a188a655d663,2026-05-07,23:10,assists,6.5,553.0,,True,draftkings,2026-05-06T14:54:07.389459
Donovan Mitchell,,,862af0717b53a01b5e93a188a655d663,2026-05-07,23:10,assists,7.5,1040.0,,True,draftkings,2026-05-06T14:54:07.389461
Donovan Mitchell,,,862af0717b53a01b5e93a188a655d663,2026-05-07,23:10,assists,8.5,1880.0,,True,draftkings,2026-05-06T14:54:07.389463
Donovan Mitchell,,,862af0717b53a01b5e93a188a655d663,2026-05-07,23:10,assists,9.5,2700.0,,True,draftkings,2026-05-06T14:54:07.389464
Ausar Thompson,,,862af0717b53a01b5e93a188a655d663,2026-05-07,23:10,assists,2.5,-261.0,,True,draftkings,2026-05-06T14:54:07.389466
Ausar Thompson,,,862af0717b53a01b5e93a188a655d663,2026-05-07,23:10,assists,3.5,-111.0,,True,draftkings,2026-05-06T14:54:07.389468
Ausar Thompson,,,862af0717b53a01b5e93a188a655d663,2026-05-07,23:10,assists,4.5,186.0,,True,draftkings,2026-05-06T14:54:07.389469
Ausar Thompson,,,862af0717b53a01b5e93a188a655d663,2026-05-07,23:10,assists,5.5,366.0,,True,draftkings,2026-05-06T14:54:07.389471
Ausar Thompson,,,862af0717b53a01b5e93a188a655d663,2026-05-07,23:10,assists,6.5,690.0,,True,draftkings,2026-05-06T14:54:07.389473
Ausar Thompson,,,862af0717b53a01b5e93a188a655d663,2026-05-07,23:10,assists,7.5,1280.0,,True,draftkings,2026-05-06T14:54:07.389474
Ausar Thompson,,,862af0717b53a01b5e93a188a655d663,2026-05-07,23:10,assists,8.5,2100.0,,True,draftkings,2026-05-06T14:54:07.389476
Daniss Jenkins,,,862af0717b53a01b5e93a188a655d663,2026-05-07,23:10,assists,2.5,-174.0,,True,draftkings,2026-05-06T14:54:07.389479
Daniss Jenkins,,,862af0717b53a01b5e93a188a655d663,2026-05-07,23:10,assists,3.5,133.0,,True,draftkings,2026-05-06T14:54:07.389480
Daniss Jenkins,,,862af0717b53a01b5e93a188a655d663,2026-05-07,23:10,assists,4.5,276.0,,True,draftkings,2026-05-06T14:54:07.389482
Daniss Jenkins,,,862af0717b53a01b5e93a188a655d663,2026-05-07,23:10,assists,5.5,540.0,,True,draftkings,2026-05-06T14:54:07.389484
Daniss Jenkins,,,862af0717b53a01b5e93a188a655d663,2026-05-07,23:10,assists,6.5,1040.0,,True,draftkings,2026-05-06T14:54:07.389486
Daniss Jenkins,,,862af0717b53a01b5e93a188a655d663,2026-05-07,23:10,assists,7.5,1820.0,,True,draftkings,2026-05-06T14:54:07.389487
Daniss Jenkins,,,862af0717b53a01b5e93a188a655d663,2026-05-07,23:10,assists,8.5,2700.0,,True,draftkings,2026-05-06T14:54:07.389489
Evan Mobley,,,862af0717b53a01b5e93a188a655d663,2026-05-07,23:10,assists,2.5,-195.0,,True,draftkings,2026-05-06T14:54:07.389491
Evan Mobley,,,862af0717b53a01b5e93a188a655d663,2026-05-07,23:10,assists,3.5,123.0,,True,draftkings,2026-05-06T14:54:07.389492
Evan Mobley,,,862af0717b53a01b5e93a188a655d663,2026-05-07,23:10,assists,4.5,274.0,,True,draftkings,2026-05-06T14:54:07.389494
Evan Mobley,,,862af0717b53a01b5e93a188a655d663,2026-05-07,23:10,assists,5.5,595.0,,True,draftkings,2026-05-06T14:54:07.389496
Evan Mobley,,,862af0717b53a01b5e93a188a655d663,2026-05-07,23:10,assists,6.5,1220.0,,True,draftkings,2026-05-06T14:54:07.389497
Evan Mobley,,,862af0717b53a01b5e93a188a655d663,2026-05-07,23:10,assists,7.5,2200.0,,True,draftkings,2026-05-06T14:54:07.389499
Jalen Duren,,,862af0717b53a01b5e93a188a655d663,2026-05-07,23:10,assists,2.5,129.0,,True,draftkings,2026-05-06T14:54:07.389501
Jalen Duren,,,862af0717b53a01b5e93a188a655d663,2026-05-07,23:10,assists,3.5,331.0,,True,draftkings,2026-05-06T14:54:07.389502
Jalen Duren,,,862af0717b53a01b5e93a188a655d663,2026-05-07,23:10,assists,4.5,780.0,,True,draftkings,2026-05-06T14:54:07.389504
Jalen Duren,,,862af0717b53a01b5e93a188a655d663,2026-05-07,23:10,assists,5.5,1680.0,,True,draftkings,2026-05-06T14:54:07.389506
Duncan Robinson,,,862af0717b53a01b5e93a188a655d663,2026-05-07,23:10,assists,1.5,-173.0,,True,draftkings,2026-05-06T14:54:07.389507
Duncan Robinson,,,862af0717b53a01b5e93a188a655d663,2026-05-07,23:10,assists,2.5,176.0,,True,draftkings,2026-05-06T14:54:07.389509
Duncan Robinson,,,862af0717b53a01b5e93a188a655d663,2026-05-07,23:10,assists,3.5,459.0,,True,draftkings,2026-05-06T14:54:07.389510
Duncan Robinson,,,862af0717b53a01b5e93a188a655d663,2026-05-07,23:10,assists,4.5,1140.0,,True,draftkings,2026-05-06T14:54:07.389512
Duncan Robinson,,,862af0717b53a01b5e93a188a655d663,2026-05-07,23:10,assists,5.5,2300.0,,True,draftkings,2026-05-06T14:54:07.389514
Tobias Harris,,,862af0717b53a01b5e93a188a655d663,2026-05-07,23:10,assists,1.5,-174.0,,True,draftkings,2026-05-06T14:54:07.389515
Tobias Harris,,,862af0717b53a01b5e93a188a655d663,2026-05-07,23:10,assists,2.5,172.0,,True,draftkings,2026-05-06T14:54:07.389517
Tobias Harris,,,862af0717b53a01b5e93a188a655d663,2026-05-07,23:10,assists,3.5,435.0,,True,draftkings,2026-05-06T14:54:07.389519
Tobias Harris,,,862af0717b53a01b5e93a188a655d663,2026-05-07,23:10,assists,4.5,1040.0,,True,draftkings,2026-05-06T14:54:07.389520
Tobias Harris,,,862af0717b53a01b5e93a188a655d663,2026-05-07,23:10,assists,5.5,2300.0,,True,draftkings,2026-05-06T14:54:07.389522
Max Strus,,,862af0717b53a01b5e93a188a655d663,2026-05-07,23:10,assists,1.5,-157.0,,True,draftkings,2026-05-06T14:54:07.389524
Max Strus,,,862af0717b53a01b5e93a188a655d663,2026-05-07,23:10,assists,2.5,195.0,,True,draftkings,2026-05-06T14:54:07.389525
Max Strus,,,862af0717b53a01b5e93a188a655d663,2026-05-07,23:10,assists,3.5,502.0,,True,draftkings,2026-05-06T14:54:07.389527
Max Strus,,,862af0717b53a01b5e93a188a655d663,2026-05-07,23:10,assists,4.5,1220.0,,True,draftkings,2026-05-06T14:54:07.389529
Max Strus,,,862af0717b53a01b5e93a188a655d663,2026-05-07,23:10,assists,5.5,2500.0,,True,draftkings,2026-05-06T14:54:07.389530
Jarrett Allen,,,862af0717b53a01b5e93a188a655d663,2026-05-07,23:10,assists,1.5,171.0,,True,draftkings,2026-05-06T14:54:07.389532
Jarrett Allen,,,862af0717b53a01b5e93a188a655d663,2026-05-07,23:10,assists,2.5,556.0,,True,draftkings,2026-05-06T14:54:07.389534
Jarrett Allen,,,862af0717b53a01b5e93a188a655d663,2026-05-07,23:10,assists,3.5,1560.0,,True,draftkings,2026-05-06T14:54:07.389535
Cade Cunningham,,,862af0717b53a01b5e93a188a655d663,2026-05-07,23:10,points,27.5,-120.0,-106.0,False,draftkings,2026-05-06T14:54:07.389551
Donovan Mitchell,,,862af0717b53a01b5e93a188a655d663,2026-05-07,23:10,points,24.5,-116.0,-110.0,False,draftkings,2026-05-06T14:54:07.389568
James Harden,,,862af0717b53a01b5e93a188a655d663,2026-05-07,23:10,points,18.5,-113.0,-112.0,False,draftkings,2026-05-06T14:54:07.389570
Tobias Harris,,,862af0717b53a01b5e93a188a655d663,2026-05-07,23:10,points,18.5,-105.0,-121.0,False,draftkings,2026-05-06T14:54:07.389572
Evan Mobley,,,862af0717b53a01b5e93a188a655d663,2026-05-07,23:10,points,15.5,-105.0,-122.0,False,draftkings,2026-05-06T14:54:07.389574
Jalen Duren,,,862af0717b53a01b5e93a188a655d663,2026-05-07,23:10,points,14.5,-107.0,-119.0,False,draftkings,2026-05-06T14:54:07.389575
Duncan Robinson,,,862af0717b53a01b5e93a188a655d663,2026-05-07,23:10,points,11.5,-106.0,-120.0,False,draftkings,2026-05-06T14:54:07.389577
Jarrett Allen,,,862af0717b53a01b5e93a188a655d663,2026-05-07,23:10,points,10.5,-124.0,-103.0,False,draftkings,2026-05-06T14:54:07.389579
Ausar Thompson,,,862af0717b53a01b5e93a188a655d663,2026-05-07,23:10,points,10.5,103.0,-132.0,False,draftkings,2026-05-06T14:54:07.389580
Max Strus,,,862af0717b53a01b5e93a188a655d663,2026-05-07,23:10,points,9.5,-124.0,-103.0,False,draftkings,2026-05-06T14:54:07.389582
Daniss Jenkins,,,862af0717b53a01b5e93a188a655d663,2026-05-07,23:10,points,7.5,-129.0,102.0,False,draftkings,2026-05-06T14:54:07.389584
Dean Wade,,,862af0717b53a01b5e93a188a655d663,2026-05-07,23:10,points,4.5,-106.0,-120.0,False,draftkings,2026-05-06T14:54:07.389585
Isaiah Stewart II,,,862af0717b53a01b5e93a188a655d663,2026-05-07,23:10,points,3.5,-141.0,111.0,False,draftkings,2026-05-06T14:54:07.389587
Cade Cunningham,,,862af0717b53a01b5e93a188a655d663,2026-05-07,23:10,points,14.5,-3900.0,,True,draftkings,2026-05-06T14:54:07.389637
Cade Cunningham,,,862af0717b53a01b5e93a188a655d663,2026-05-07,23:10,points,17.5,-1280.0,,True,draftkings,2026-05-06T14:54:07.389639
Cade Cunningham,,,862af0717b53a01b5e93a188a655d663,2026-05-07,23:10,points,19.5,-730.0,,True,draftkings,2026-05-06T14:54:07.389643
Cade Cunningham,,,862af0717b53a01b5e93a188a655d663,2026-05-07,23:10,points,24.5,-221.0,,True,draftkings,2026-05-06T14:54:07.389645
Cade Cunningham,,,862af0717b53a01b5e93a188a655d663,2026-05-07,23:10,points,27.5,-121.0,,True,draftkings,2026-05-06T14:54:07.389647
Cade Cunningham,,,862af0717b53a01b5e93a188a655d663,2026-05-07,23:10,points,29.5,122.0,,True,draftkings,2026-05-06T14:54:07.389649
Cade Cunningham,,,862af0717b53a01b5e93a188a655d663,2026-05-07,23:10,points,34.5,307.0,,True,draftkings,2026-05-06T14:54:07.389650
Cade Cunningham,,,862af0717b53a01b5e93a188a655d663,2026-05-07,23:10,points,39.5,780.0,,True,draftkings,2026-05-06T14:54:07.389652
Cade Cunningham,,,862af0717b53a01b5e93a188a655d663,2026-05-07,23:10,points,44.5,1800.0,,True,draftkings,2026-05-06T14:54:07.389654
Donovan Mitchell,,,862af0717b53a01b5e93a188a655d663,2026-05-07,23:10,points,14.5,-1400.0,,True,draftkings,2026-05-06T14:54:07.389655
Donovan Mitchell,,,862af0717b53a01b5e93a188a655d663,2026-05-07,23:10,points,17.5,-567.0,,True,draftkings,2026-05-06T14:54:07.389657
Donovan Mitchell,,,862af0717b53a01b5e93a188a655d663,2026-05-07,23:10,points,19.5,-343.0,,True,draftkings,2026-05-06T14:54:07.389659
Donovan Mitchell,,,862af0717b53a01b5e93a188a655d663,2026-05-07,23:10,points,24.5,-118.0,,True,draftkings,2026-05-06T14:54:07.389660
Donovan Mitchell,,,862af0717b53a01b5e93a188a655d663,2026-05-07,23:10,points,29.5,225.0,,True,draftkings,2026-05-06T14:54:07.389662
Donovan Mitchell,,,862af0717b53a01b5e93a188a655d663,2026-05-07,23:10,points,34.5,600.0,,True,draftkings,2026-05-06T14:54:07.389664
Donovan Mitchell,,,862af0717b53a01b5e93a188a655d663,2026-05-07,23:10,points,39.5,1440.0,,True,draftkings,2026-05-06T14:54:07.389665
Donovan Mitchell,,,862af0717b53a01b5e93a188a655d663,2026-05-07,23:10,points,44.5,2900.0,,True,draftkings,2026-05-06T14:54:07.389667
James Harden,,,862af0717b53a01b5e93a188a655d663,2026-05-07,23:10,points,9.5,-1480.0,,True,draftkings,2026-05-06T14:54:07.389669
James Harden,,,862af0717b53a01b5e93a188a655d663,2026-05-07,23:10,points,11.5,-680.0,,True,draftkings,2026-05-06T14:54:07.389670
James Harden,,,862af0717b53a01b5e93a188a655d663,2026-05-07,23:10,points,14.5,-290.0,,True,draftkings,2026-05-06T14:54:07.389672
James Harden,,,862af0717b53a01b5e93a188a655d663,2026-05-07,23:10,points,17.5,-140.0,,True,draftkings,2026-05-06T14:54:07.389676
James Harden,,,862af0717b53a01b5e93a188a655d663,2026-05-07,23:10,points,18.5,-113.0,,True,draftkings,2026-05-06T14:54:07.389677
James Harden,,,862af0717b53a01b5e93a188a655d663,2026-05-07,23:10,points,19.5,111.0,,True,draftkings,2026-05-06T14:54:07.389679
James Harden,,,862af0717b53a01b5e93a188a655d663,2026-05-07,23:10,points,24.5,315.0,,True,draftkings,2026-05-06T14:54:07.389681
James Harden,,,862af0717b53a01b5e93a188a655d663,2026-05-07,23:10,points,29.5,840.0,,True,draftkings,2026-05-06T14:54:07.389683
James Harden,,,862af0717b53a01b5e93a188a655d663,2026-05-07,23:10,points,34.5,2000.0,,True,draftkings,2026-05-06T14:54:07.389684
Tobias Harris,,,862af0717b53a01b5e93a188a655d663,2026-05-07,23:10,points,9.5,-1640.0,,True,draftkings,2026-05-06T14:54:07.389686
Tobias Harris,,,862af0717b53a01b5e93a188a655d663,2026-05-07,23:10,points,11.5,-720.0,,True,draftkings,2026-05-06T14:54:07.389687
Tobias Harris,,,862af0717b53a01b5e93a188a655d663,2026-05-07,23:10,points,14.5,-283.0,,True,draftkings,2026-05-06T14:54:07.389690
Tobias Harris,,,862af0717b53a01b5e93a188a655d663,2026-05-07,23:10,points,17.5,-130.0,,True,draftkings,2026-05-06T14:54:07.389691
Tobias Harris,,,862af0717b53a01b5e93a188a655d663,2026-05-07,23:10,points,18.5,-103.0,,True,draftkings,2026-05-06T14:54:07.389693
Tobias Harris,,,862af0717b53a01b5e93a188a655d663,2026-05-07,23:10,points,19.5,123.0,,True,draftkings,2026-05-06T14:54:07.389695
Tobias Harris,,,862af0717b53a01b5e93a188a655d663,2026-05-07,23:10,points,24.5,371.0,,True,draftkings,2026-05-06T14:54:07.389696
Tobias Harris,,,862af0717b53a01b5e93a188a655d663,2026-05-07,23:10,points,29.5,1080.0,,True,draftkings,2026-05-06T14:54:07.389698
Tobias Harris,,,862af0717b53a01b5e93a188a655d663,2026-05-07,23:10,points,34.5,2500.0,,True,draftkings,2026-05-06T14:54:07.389700
Evan Mobley,,,862af0717b53a01b5e93a188a655d663,2026-05-07,23:10,points,7.5,-1780.0,,True,draftkings,2026-05-06T14:54:07.389701
Evan Mobley,,,862af0717b53a01b5e93a188a655d663,2026-05-07,23:10,points,9.5,-680.0,,True,draftkings,2026-05-06T14:54:07.389703
Evan Mobley,,,862af0717b53a01b5e93a188a655d663,2026-05-07,23:10,points,11.5,-327.0,,True,draftkings,2026-05-06T14:54:07.389705
Evan Mobley,,,862af0717b53a01b5e93a188a655d663,2026-05-07,23:10,points,14.5,-136.0,,True,draftkings,2026-05-06T14:54:07.389706
Evan Mobley,,,862af0717b53a01b5e93a188a655d663,2026-05-07,23:10,points,15.5,-105.0,,True,draftkings,2026-05-06T14:54:07.389708
Evan Mobley,,,862af0717b53a01b5e93a188a655d663,2026-05-07,23:10,points,17.5,160.0,,True,draftkings,2026-05-06T14:54:07.389709
Evan Mobley,,,862af0717b53a01b5e93a188a655d663,2026-05-07,23:10,points,19.5,262.0,,True,draftkings,2026-05-06T14:54:07.389711
Evan Mobley,,,862af0717b53a01b5e93a188a655d663,2026-05-07,23:10,points,24.5,820.0,,True,draftkings,2026-05-06T14:54:07.389713
Evan Mobley,,,862af0717b53a01b5e93a188a655d663,2026-05-07,23:10,points,29.5,2300.0,,True,draftkings,2026-05-06T14:54:07.389714
Jalen Duren,,,862af0717b53a01b5e93a188a655d663,2026-05-07,23:10,points,7.5,-1540.0,,True,draftkings,2026-05-06T14:54:07.389716
Jalen Duren,,,862af0717b53a01b5e93a188a655d663,2026-05-07,23:10,points,9.5,-569.0,,True,draftkings,2026-05-06T14:54:07.389718
Jalen Duren,,,862af0717b53a01b5e93a188a655d663,2026-05-07,23:10,points,11.5,-274.0,,True,draftkings,2026-05-06T14:54:07.389719
Jalen Duren,,,862af0717b53a01b5e93a188a655d663,2026-05-07,23:10,points,14.5,-107.0,,True,draftkings,2026-05-06T14:54:07.389721
Jalen Duren,,,862af0717b53a01b5e93a188a655d663,2026-05-07,23:10,points,17.5,208.0,,True,draftkings,2026-05-06T14:54:07.389723
Jalen Duren,,,862af0717b53a01b5e93a188a655d663,2026-05-07,23:10,points,19.5,358.0,,True,draftkings,2026-05-06T14:54:07.389724
Jalen Duren,,,862af0717b53a01b5e93a188a655d663,2026-05-07,23:10,points,24.5,1200.0,,True,draftkings,2026-05-06T14:54:07.389726
Duncan Robinson,,,862af0717b53a01b5e93a188a655d663,2026-05-07,23:10,points,5.5,-790.0,,True,draftkings,2026-05-06T14:54:07.389729
Duncan Robinson,,,862af0717b53a01b5e93a188a655d663,2026-05-07,23:10,points,7.5,-371.0,,True,draftkings,2026-05-06T14:54:07.389733
Duncan Robinson,,,862af0717b53a01b5e93a188a655d663,2026-05-07,23:10,points,9.5,-186.0,,True,draftkings,2026-05-06T14:54:07.389735
Duncan Robinson,,,862af0717b53a01b5e93a188a655d663,2026-05-07,23:10,points,11.5,-106.0,,True,draftkings,2026-05-06T14:54:07.389736
Duncan Robinson,,,862af0717b53a01b5e93a188a655d663,2026-05-07,23:10,points,14.5,206.0,,True,draftkings,2026-05-06T14:54:07.389738
Duncan Robinson,,,862af0717b53a01b5e93a188a655d663,2026-05-07,23:10,points,17.5,422.0,,True,draftkings,2026-05-06T14:54:07.389740
Duncan Robinson,,,862af0717b53a01b5e93a188a655d663,2026-05-07,23:10,points,19.5,660.0,,True,draftkings,2026-05-06T14:54:07.389741
Duncan Robinson,,,862af0717b53a01b5e93a188a655d663,2026-05-07,23:10,points,24.5,1900.0,,True,draftkings,2026-05-06T14:54:07.389743
Max Strus,,,862af0717b53a01b5e93a188a655d663,2026-05-07,23:10,points,5.5,-515.0,,True,draftkings,2026-05-06T14:54:07.389744
Max Strus,,,862af0717b53a01b5e93a188a655d663,2026-05-07,23:10,points,7.5,-245.0,,True,draftkings,2026-05-06T14:54:07.389746
Max Strus,,,862af0717b53a01b5e93a188a655d663,2026-05-07,23:10,points,9.5,-124.0,,True,draftkings,2026-05-06T14:54:07.389748
Max Strus,,,862af0717b53a01b5e93a188a655d663,2026-05-07,23:10,points,11.5,140.0,,True,draftkings,2026-05-06T14:54:07.389749
Max Strus,,,862af0717b53a01b5e93a188a655d663,2026-05-07,23:10,points,14.5,313.0,,True,draftkings,2026-05-06T14:54:07.389751
Max Strus,,,862af0717b53a01b5e93a188a655d663,2026-05-07,23:10,points,17.5,660.0,,True,draftkings,2026-05-06T14:54:07.389753
Max Strus,,,862af0717b53a01b5e93a188a655d663,2026-05-07,23:10,points,19.5,1060.0,,True,draftkings,2026-05-06T14:54:07.389754
Max Strus,,,862af0717b53a01b5e93a188a655d663,2026-05-07,23:10,points,24.5,2700.0,,True,draftkings,2026-05-06T14:54:07.389756
Jarrett Allen,,,862af0717b53a01b5e93a188a655d663,2026-05-07,23:10,points,5.5,-1220.0,,True,draftkings,2026-05-06T14:54:07.389758
Jarrett Allen,,,862af0717b53a01b5e93a188a655d663,2026-05-07,23:10,points,7.5,-412.0,,True,draftkings,2026-05-06T14:54:07.389760
Jarrett Allen,,,862af0717b53a01b5e93a188a655d663,2026-05-07,23:10,points,9.5,-188.0,,True,draftkings,2026-05-06T14:54:07.389761
Jarrett Allen,,,862af0717b53a01b5e93a188a655d663,2026-05-07,23:10,points,10.5,-125.0,,True,draftkings,2026-05-06T14:54:07.389763
Jarrett Allen,,,862af0717b53a01b5e93a188a655d663,2026-05-07,23:10,points,11.5,105.0,,True,draftkings,2026-05-06T14:54:07.389764
Jarrett Allen,,,862af0717b53a01b5e93a188a655d663,2026-05-07,23:10,points,14.5,278.0,,True,draftkings,2026-05-06T14:54:07.389766
Jarrett Allen,,,862af0717b53a01b5e93a188a655d663,2026-05-07,23:10,points,17.5,650.0,,True,draftkings,2026-05-06T14:54:07.389768
Jarrett Allen,,,862af0717b53a01b5e93a188a655d663,2026-05-07,23:10,points,19.5,1140.0,,True,draftkings,2026-05-06T14:54:07.389769
Ausar Thompson,,,862af0717b53a01b5e93a188a655d663,2026-05-07,23:10,points,5.5,-870.0,,True,draftkings,2026-05-06T14:54:07.389771
Ausar Thompson,,,862af0717b53a01b5e93a188a655d663,2026-05-07,23:10,points,7.5,-316.0,,True,draftkings,2026-05-06T14:54:07.389773
Ausar Thompson,,,862af0717b53a01b5e93a188a655d663,2026-05-07,23:10,points,9.5,-148.0,,True,draftkings,2026-05-06T14:54:07.389774
Ausar Thompson,,,862af0717b53a01b5e93a188a655d663,2026-05-07,23:10,points,10.5,103.0,,True,draftkings,2026-05-06T14:54:07.389776
Ausar Thompson,,,862af0717b53a01b5e93a188a655d663,2026-05-07,23:10,points,11.5,133.0,,True,draftkings,2026-05-06T14:54:07.389778
Ausar Thompson,,,862af0717b53a01b5e93a188a655d663,2026-05-07,23:10,points,14.5,349.0,,True,draftkings,2026-05-06T14:54:07.389779
Ausar Thompson,,,862af0717b53a01b5e93a188a655d663,2026-05-07,23:10,points,17.5,830.0,,True,draftkings,2026-05-06T14:54:07.389781
Ausar Thompson,,,862af0717b53a01b5e93a188a655d663,2026-05-07,23:10,points,19.5,1460.0,,True,draftkings,2026-05-06T14:54:07.389783
Daniss Jenkins,,,862af0717b53a01b5e93a188a655d663,2026-05-07,23:10,points,5.5,-261.0,,True,draftkings,2026-05-06T14:54:07.389786
Daniss Jenkins,,,862af0717b53a01b5e93a188a655d663,2026-05-07,23:10,points,7.5,-130.0,,True,draftkings,2026-05-06T14:54:07.389788
Daniss Jenkins,,,862af0717b53a01b5e93a188a655d663,2026-05-07,23:10,points,9.5,144.0,,True,draftkings,2026-05-06T14:54:07.389789
Daniss Jenkins,,,862af0717b53a01b5e93a188a655d663,2026-05-07,23:10,points,11.5,259.0,,True,draftkings,2026-05-06T14:54:07.389791
Daniss Jenkins,,,862af0717b53a01b5e93a188a655d663,2026-05-07,23:10,points,14.5,593.0,,True,draftkings,2026-05-06T14:54:07.389793
Daniss Jenkins,,,862af0717b53a01b5e93a188a655d663,2026-05-07,23:10,points,17.5,1220.0,,True,draftkings,2026-05-06T14:54:07.389794
Daniss Jenkins,,,862af0717b53a01b5e93a188a655d663,2026-05-07,23:10,points,19.5,1860.0,,True,draftkings,2026-05-06T14:54:07.389796
Isaiah Stewart II,,,862af0717b53a01b5e93a188a655d663,2026-05-07,23:10,points,3.5,-141.0,,True,draftkings,2026-05-06T14:54:07.389798
Isaiah Stewart II,,,862af0717b53a01b5e93a188a655d663,2026-05-07,23:10,points,5.5,172.0,,True,draftkings,2026-05-06T14:54:07.389799
Isaiah Stewart II,,,862af0717b53a01b5e93a188a655d663,2026-05-07,23:10,points,7.5,372.0,,True,draftkings,2026-05-06T14:54:07.389801
Isaiah Stewart II,,,862af0717b53a01b5e93a188a655d663,2026-05-07,23:10,points,9.5,730.0,,True,draftkings,2026-05-06T14:54:07.389803
Isaiah Stewart II,,,862af0717b53a01b5e93a188a655d663,2026-05-07,23:10,points,11.5,1400.0,,True,draftkings,2026-05-06T14:54:07.389804
Isaiah Stewart II,,,862af0717b53a01b5e93a188a655d663,2026-05-07,23:10,points,14.5,2700.0,,True,draftkings,2026-05-06T14:54:07.389806
Dean Wade,,,862af0717b53a01b5e93a188a655d663,2026-05-07,23:10,points,4.5,-106.0,,True,draftkings,2026-05-06T14:54:07.389808
Dean Wade,,,862af0717b53a01b5e93a188a655d663,2026-05-07,23:10,points,5.5,153.0,,True,draftkings,2026-05-06T14:54:07.389809
Dean Wade,,,862af0717b53a01b5e93a188a655d663,2026-05-07,23:10,points,7.5,316.0,,True,draftkings,2026-05-06T14:54:07.389811
Dean Wade,,,862af0717b53a01b5e93a188a655d663,2026-05-07,23:10,points,9.5,680.0,,True,draftkings,2026-05-06T14:54:07.389813
Dean Wade,,,862af0717b53a01b5e93a188a655d663,2026-05-07,23:10,points,11.5,1280.0,,True,draftkings,2026-05-06T14:54:07.389815
Dean Wade,,,862af0717b53a01b5e93a188a655d663,2026-05-07,23:10,points,14.5,2800.0,,True,draftkings,2026-05-06T14:54:07.389816
Jalen Duren,,,862af0717b53a01b5e93a188a655d663,2026-05-07,23:10,rebounds,11.5,101.0,-133.0,False,draftkings,2026-05-06T14:54:07.389834
Evan Mobley,,,862af0717b53a01b5e93a188a655d663,2026-05-07,23:10,rebounds,8.5,-116.0,-114.0,False,draftkings,2026-05-06T14:54:07.389838
Jarrett Allen,,,862af0717b53a01b5e93a188a655d663,2026-05-07,23:10,rebounds,7.5,109.0,-143.0,False,draftkings,2026-05-06T14:54:07.389839
Ausar Thompson,,,862af0717b53a01b5e93a188a655d663,2026-05-07,23:10,rebounds,6.5,-145.0,110.0,False,draftkings,2026-05-06T14:54:07.389841
Tobias Harris,,,862af0717b53a01b5e93a188a655d663,2026-05-07,23:10,rebounds,6.5,-103.0,-128.0,False,draftkings,2026-05-06T14:54:07.389843
Cade Cunningham,,,862af0717b53a01b5e93a188a655d663,2026-05-07,23:10,rebounds,5.5,106.0,-140.0,False,draftkings,2026-05-06T14:54:07.389844
James Harden,,,862af0717b53a01b5e93a188a655d663,2026-05-07,23:10,rebounds,4.5,-149.0,113.0,False,draftkings,2026-05-06T14:54:07.389846
Max Strus,,,862af0717b53a01b5e93a188a655d663,2026-05-07,23:10,rebounds,3.5,-159.0,121.0,False,draftkings,2026-05-06T14:54:07.389848
Donovan Mitchell,,,862af0717b53a01b5e93a188a655d663,2026-05-07,23:10,rebounds,3.5,-139.0,106.0,False,draftkings,2026-05-06T14:54:07.389850
Dean Wade,,,862af0717b53a01b5e93a188a655d663,2026-05-07,23:10,rebounds,3.5,103.0,-136.0,False,draftkings,2026-05-06T14:54:07.389851
Isaiah Stewart II,,,862af0717b53a01b5e93a188a655d663,2026-05-07,23:10,rebounds,2.5,-135.0,102.0,False,draftkings,2026-05-06T14:54:07.389853
Duncan Robinson,,,862af0717b53a01b5e93a188a655d663,2026-05-07,23:10,rebounds,2.5,127.0,-167.0,False,draftkings,2026-05-06T14:54:07.389854
Jalen Duren,,,862af0717b53a01b5e93a188a655d663,2026-05-07,23:10,rebounds,6.5,-1620.0,,True,draftkings,2026-05-06T14:54:07.389911
Jalen Duren,,,862af0717b53a01b5e93a188a655d663,2026-05-07,23:10,rebounds,7.5,-760.0,,True,draftkings,2026-05-06T14:54:07.389913
Jalen Duren,,,862af0717b53a01b5e93a188a655d663,2026-05-07,23:10,rebounds,8.5,-409.0,,True,draftkings,2026-05-06T14:54:07.389915
Jalen Duren,,,862af0717b53a01b5e93a188a655d663,2026-05-07,23:10,rebounds,9.5,-244.0,,True,draftkings,2026-05-06T14:54:07.389917
Jalen Duren,,,862af0717b53a01b5e93a188a655d663,2026-05-07,23:10,rebounds,10.5,-154.0,,True,draftkings,2026-05-06T14:54:07.390465
Jalen Duren,,,862af0717b53a01b5e93a188a655d663,2026-05-07,23:10,rebounds,11.5,102.0,,True,draftkings,2026-05-06T14:54:07.390468
Jalen Duren,,,862af0717b53a01b5e93a188a655d663,2026-05-07,23:10,rebounds,12.5,154.0,,True,draftkings,2026-05-06T14:54:07.390470
Jalen Duren,,,862af0717b53a01b5e93a188a655d663,2026-05-07,23:10,rebounds,13.5,232.0,,True,draftkings,2026-05-06T14:54:07.390472
Jalen Duren,,,862af0717b53a01b5e93a188a655d663,2026-05-07,23:10,rebounds,14.5,347.0,,True,draftkings,2026-05-06T14:54:07.390474
Jalen Duren,,,862af0717b53a01b5e93a188a655d663,2026-05-07,23:10,rebounds,15.5,524.0,,True,draftkings,2026-05-06T14:54:07.390475
Jalen Duren,,,862af0717b53a01b5e93a188a655d663,2026-05-07,23:10,rebounds,16.5,780.0,,True,draftkings,2026-05-06T14:54:07.390477
Jalen Duren,,,862af0717b53a01b5e93a188a655d663,2026-05-07,23:10,rebounds,17.5,1120.0,,True,draftkings,2026-05-06T14:54:07.390479
Jalen Duren,,,862af0717b53a01b5e93a188a655d663,2026-05-07,23:10,rebounds,18.5,1580.0,,True,draftkings,2026-05-06T14:54:07.390480
Jalen Duren,,,862af0717b53a01b5e93a188a655d663,2026-05-07,23:10,rebounds,19.5,2100.0,,True,draftkings,2026-05-06T14:54:07.390482
Evan Mobley,,,862af0717b53a01b5e93a188a655d663,2026-05-07,23:10,rebounds,4.5,-1680.0,,True,draftkings,2026-05-06T14:54:07.390488
Evan Mobley,,,862af0717b53a01b5e93a188a655d663,2026-05-07,23:10,rebounds,5.5,-690.0,,True,draftkings,2026-05-06T14:54:07.390489
Evan Mobley,,,862af0717b53a01b5e93a188a655d663,2026-05-07,23:10,rebounds,6.5,-343.0,,True,draftkings,2026-05-06T14:54:07.390491
Evan Mobley,,,862af0717b53a01b5e93a188a655d663,2026-05-07,23:10,rebounds,7.5,-189.0,,True,draftkings,2026-05-06T14:54:07.390493
Evan Mobley,,,862af0717b53a01b5e93a188a655d663,2026-05-07,23:10,rebounds,8.5,-113.0,,True,draftkings,2026-05-06T14:54:07.390495
Evan Mobley,,,862af0717b53a01b5e93a188a655d663,2026-05-07,23:10,rebounds,9.5,145.0,,True,draftkings,2026-05-06T14:54:07.390496
Evan Mobley,,,862af0717b53a01b5e93a188a655d663,2026-05-07,23:10,rebounds,10.5,235.0,,True,draftkings,2026-05-06T14:54:07.390498
Evan Mobley,,,862af0717b53a01b5e93a188a655d663,2026-05-07,23:10,rebounds,11.5,375.0,,True,draftkings,2026-05-06T14:54:07.390500
Evan Mobley,,,862af0717b53a01b5e93a188a655d663,2026-05-07,23:10,rebounds,12.5,584.0,,True,draftkings,2026-05-06T14:54:07.390501
Evan Mobley,,,862af0717b53a01b5e93a188a655d663,2026-05-07,23:10,rebounds,13.5,930.0,,True,draftkings,2026-05-06T14:54:07.390503
Evan Mobley,,,862af0717b53a01b5e93a188a655d663,2026-05-07,23:10,rebounds,14.5,1440.0,,True,draftkings,2026-05-06T14:54:07.390505
Evan Mobley,,,862af0717b53a01b5e93a188a655d663,2026-05-07,23:10,rebounds,15.5,2000.0,,True,draftkings,2026-05-06T14:54:07.390506
Evan Mobley,,,862af0717b53a01b5e93a188a655d663,2026-05-07,23:10,rebounds,16.5,2800.0,,True,draftkings,2026-05-06T14:54:07.390508
Jarrett Allen,,,862af0717b53a01b5e93a188a655d663,2026-05-07,23:10,rebounds,3.5,-2000.0,,True,draftkings,2026-05-06T14:54:07.390510
Jarrett Allen,,,862af0717b53a01b5e93a188a655d663,2026-05-07,23:10,rebounds,4.5,-700.0,,True,draftkings,2026-05-06T14:54:07.390511
Jarrett Allen,,,862af0717b53a01b5e93a188a655d663,2026-05-07,23:10,rebounds,5.5,-319.0,,True,draftkings,2026-05-06T14:54:07.390513
Jarrett Allen,,,862af0717b53a01b5e93a188a655d663,2026-05-07,23:10,rebounds,6.5,-165.0,,True,draftkings,2026-05-06T14:54:07.390515
Jarrett Allen,,,862af0717b53a01b5e93a188a655d663,2026-05-07,23:10,rebounds,7.5,109.0,,True,draftkings,2026-05-06T14:54:07.390516
Jarrett Allen,,,862af0717b53a01b5e93a188a655d663,2026-05-07,23:10,rebounds,8.5,189.0,,True,draftkings,2026-05-06T14:54:07.390518
Jarrett Allen,,,862af0717b53a01b5e93a188a655d663,2026-05-07,23:10,rebounds,9.5,318.0,,True,draftkings,2026-05-06T14:54:07.390520
Jarrett Allen,,,862af0717b53a01b5e93a188a655d663,2026-05-07,23:10,rebounds,10.5,539.0,,True,draftkings,2026-05-06T14:54:07.390521
Jarrett Allen,,,862af0717b53a01b5e93a188a655d663,2026-05-07,23:10,rebounds,11.5,920.0,,True,draftkings,2026-05-06T14:54:07.390523
Jarrett Allen,,,862af0717b53a01b5e93a188a655d663,2026-05-07,23:10,rebounds,12.5,1480.0,,True,draftkings,2026-05-06T14:54:07.390525
Jarrett Allen,,,862af0717b53a01b5e93a188a655d663,2026-05-07,23:10,rebounds,13.5,2100.0,,True,draftkings,2026-05-06T14:54:07.390526
Jarrett Allen,,,862af0717b53a01b5e93a188a655d663,2026-05-07,23:10,rebounds,14.5,2900.0,,True,draftkings,2026-05-06T14:54:07.390528
Ausar Thompson,,,862af0717b53a01b5e93a188a655d663,2026-05-07,23:10,rebounds,3.5,-1480.0,,True,draftkings,2026-05-06T14:54:07.390530
Ausar Thompson,,,862af0717b53a01b5e93a188a655d663,2026-05-07,23:10,rebounds,4.5,-570.0,,True,draftkings,2026-05-06T14:54:07.390533
Ausar Thompson,,,862af0717b53a01b5e93a188a655d663,2026-05-07,23:10,rebounds,5.5,-277.0,,True,draftkings,2026-05-06T14:54:07.390535
Ausar Thompson,,,862af0717b53a01b5e93a188a655d663,2026-05-07,23:10,rebounds,6.5,-147.0,,True,draftkings,2026-05-06T14:54:07.390536
Ausar Thompson,,,862af0717b53a01b5e93a188a655d663,2026-05-07,23:10,rebounds,7.5,119.0,,True,draftkings,2026-05-06T14:54:07.390538
Ausar Thompson,,,862af0717b53a01b5e93a188a655d663,2026-05-07,23:10,rebounds,8.5,205.0,,True,draftkings,2026-05-06T14:54:07.390540
Ausar Thompson,,,862af0717b53a01b5e93a188a655d663,2026-05-07,23:10,rebounds,9.5,341.0,,True,draftkings,2026-05-06T14:54:07.390547
Ausar Thompson,,,862af0717b53a01b5e93a188a655d663,2026-05-07,23:10,rebounds,10.5,569.0,,True,draftkings,2026-05-06T14:54:07.390549
Ausar Thompson,,,862af0717b53a01b5e93a188a655d663,2026-05-07,23:10,rebounds,11.5,950.0,,True,draftkings,2026-05-06T14:54:07.390550
Ausar Thompson,,,862af0717b53a01b5e93a188a655d663,2026-05-07,23:10,rebounds,12.5,1500.0,,True,draftkings,2026-05-06T14:54:07.390565
Ausar Thompson,,,862af0717b53a01b5e93a188a655d663,2026-05-07,23:10,rebounds,13.5,2200.0,,True,draftkings,2026-05-06T14:54:07.390567
Tobias Harris,,,862af0717b53a01b5e93a188a655d663,2026-05-07,23:10,rebounds,2.5,-3900.0,,True,draftkings,2026-05-06T14:54:07.390569
Tobias Harris,,,862af0717b53a01b5e93a188a655d663,2026-05-07,23:10,rebounds,3.5,-930.0,,True,draftkings,2026-05-06T14:54:07.390570
Tobias Harris,,,862af0717b53a01b5e93a188a655d663,2026-05-07,23:10,rebounds,4.5,-389.0,,True,draftkings,2026-05-06T14:54:07.390572
Tobias Harris,,,862af0717b53a01b5e93a188a655d663,2026-05-07,23:10,rebounds,5.5,-195.0,,True,draftkings,2026-05-06T14:54:07.390574
Tobias Harris,,,862af0717b53a01b5e93a188a655d663,2026-05-07,23:10,rebounds,6.5,-103.0,,True,draftkings,2026-05-06T14:54:07.390575
Tobias Harris,,,862af0717b53a01b5e93a188a655d663,2026-05-07,23:10,rebounds,7.5,171.0,,True,draftkings,2026-05-06T14:54:07.390577
Tobias Harris,,,862af0717b53a01b5e93a188a655d663,2026-05-07,23:10,rebounds,8.5,300.0,,True,draftkings,2026-05-06T14:54:07.390579
Tobias Harris,,,862af0717b53a01b5e93a188a655d663,2026-05-07,23:10,rebounds,9.5,514.0,,True,draftkings,2026-05-06T14:54:07.390581
Tobias Harris,,,862af0717b53a01b5e93a188a655d663,2026-05-07,23:10,rebounds,10.5,860.0,,True,draftkings,2026-05-06T14:54:07.390582
Tobias Harris,,,862af0717b53a01b5e93a188a655d663,2026-05-07,23:10,rebounds,11.5,1440.0,,True,draftkings,2026-05-06T14:54:07.390584
Tobias Harris,,,862af0717b53a01b5e93a188a655d663,2026-05-07,23:10,rebounds,12.5,2200.0,,True,draftkings,2026-05-06T14:54:07.390586
Cade Cunningham,,,862af0717b53a01b5e93a188a655d663,2026-05-07,23:10,rebounds,2.5,-820.0,,True,draftkings,2026-05-06T14:54:07.390587
Cade Cunningham,,,862af0717b53a01b5e93a188a655d663,2026-05-07,23:10,rebounds,3.5,-337.0,,True,draftkings,2026-05-06T14:54:07.390589
Cade Cunningham,,,862af0717b53a01b5e93a188a655d663,2026-05-07,23:10,rebounds,4.5,-173.0,,True,draftkings,2026-05-06T14:54:07.390591
Cade Cunningham,,,862af0717b53a01b5e93a188a655d663,2026-05-07,23:10,rebounds,5.5,105.0,,True,draftkings,2026-05-06T14:54:07.390592
Cade Cunningham,,,862af0717b53a01b5e93a188a655d663,2026-05-07,23:10,rebounds,6.5,179.0,,True,draftkings,2026-05-06T14:54:07.390594
Cade Cunningham,,,862af0717b53a01b5e93a188a655d663,2026-05-07,23:10,rebounds,7.5,301.0,,True,draftkings,2026-05-06T14:54:07.390596
Cade Cunningham,,,862af0717b53a01b5e93a188a655d663,2026-05-07,23:10,rebounds,8.5,502.0,,True,draftkings,2026-05-06T14:54:07.390597
Cade Cunningham,,,862af0717b53a01b5e93a188a655d663,2026-05-07,23:10,rebounds,9.5,810.0,,True,draftkings,2026-05-06T14:54:07.390599
Cade Cunningham,,,862af0717b53a01b5e93a188a655d663,2026-05-07,23:10,rebounds,10.5,1320.0,,True,draftkings,2026-05-06T14:54:07.390601
Cade Cunningham,,,862af0717b53a01b5e93a188a655d663,2026-05-07,23:10,rebounds,11.5,1940.0,,True,draftkings,2026-05-06T14:54:07.390602
Cade Cunningham,,,862af0717b53a01b5e93a188a655d663,2026-05-07,23:10,rebounds,12.5,2700.0,,True,draftkings,2026-05-06T14:54:07.390604
James Harden,,,862af0717b53a01b5e93a188a655d663,2026-05-07,23:10,rebounds,2.5,-880.0,,True,draftkings,2026-05-06T14:54:07.390606
James Harden,,,862af0717b53a01b5e93a188a655d663,2026-05-07,23:10,rebounds,3.5,-320.0,,True,draftkings,2026-05-06T14:54:07.390607
James Harden,,,862af0717b53a01b5e93a188a655d663,2026-05-07,23:10,rebounds,4.5,-146.0,,True,draftkings,2026-05-06T14:54:07.390609
James Harden,,,862af0717b53a01b5e93a188a655d663,2026-05-07,23:10,rebounds,5.5,134.0,,True,draftkings,2026-05-06T14:54:07.390611
James Harden,,,862af0717b53a01b5e93a188a655d663,2026-05-07,23:10,rebounds,6.5,251.0,,True,draftkings,2026-05-06T14:54:07.390612
James Harden,,,862af0717b53a01b5e93a188a655d663,2026-05-07,23:10,rebounds,7.5,468.0,,True,draftkings,2026-05-06T14:54:07.390616
James Harden,,,862af0717b53a01b5e93a188a655d663,2026-05-07,23:10,rebounds,8.5,860.0,,True,draftkings,2026-05-06T14:54:07.390618
James Harden,,,862af0717b53a01b5e93a188a655d663,2026-05-07,23:10,rebounds,9.5,1500.0,,True,draftkings,2026-05-06T14:54:07.390620
James Harden,,,862af0717b53a01b5e93a188a655d663,2026-05-07,23:10,rebounds,10.5,2400.0,,True,draftkings,2026-05-06T14:54:07.390621
Donovan Mitchell,,,862af0717b53a01b5e93a188a655d663,2026-05-07,23:10,rebounds,2.5,-326.0,,True,draftkings,2026-05-06T14:54:07.390623
Donovan Mitchell,,,862af0717b53a01b5e93a188a655d663,2026-05-07,23:10,rebounds,3.5,-139.0,,True,draftkings,2026-05-06T14:54:07.390625
Donovan Mitchell,,,862af0717b53a01b5e93a188a655d663,2026-05-07,23:10,rebounds,4.5,149.0,,True,draftkings,2026-05-06T14:54:07.390627
Donovan Mitchell,,,862af0717b53a01b5e93a188a655d663,2026-05-07,23:10,rebounds,5.5,291.0,,True,draftkings,2026-05-06T14:54:07.390628
Donovan Mitchell,,,862af0717b53a01b5e93a188a655d663,2026-05-07,23:10,rebounds,6.5,549.0,,True,draftkings,2026-05-06T14:54:07.390630
Donovan Mitchell,,,862af0717b53a01b5e93a188a655d663,2026-05-07,23:10,rebounds,7.5,990.0,,True,draftkings,2026-05-06T14:54:07.390632
Donovan Mitchell,,,862af0717b53a01b5e93a188a655d663,2026-05-07,23:10,rebounds,8.5,1720.0,,True,draftkings,2026-05-06T14:54:07.390633
Donovan Mitchell,,,862af0717b53a01b5e93a188a655d663,2026-05-07,23:10,rebounds,9.5,2700.0,,True,draftkings,2026-05-06T14:54:07.390635
Max Strus,,,862af0717b53a01b5e93a188a655d663,2026-05-07,23:10,rebounds,2.5,-412.0,,True,draftkings,2026-05-06T14:54:07.390637
Max Strus,,,862af0717b53a01b5e93a188a655d663,2026-05-07,23:10,rebounds,3.5,-161.0,,True,draftkings,2026-05-06T14:54:07.390638
Max Strus,,,862af0717b53a01b5e93a188a655d663,2026-05-07,23:10,rebounds,4.5,137.0,,True,draftkings,2026-05-06T14:54:07.390640
Max Strus,,,862af0717b53a01b5e93a188a655d663,2026-05-07,23:10,rebounds,5.5,281.0,,True,draftkings,2026-05-06T14:54:07.390644
Max Strus,,,862af0717b53a01b5e93a188a655d663,2026-05-07,23:10,rebounds,6.5,560.0,,True,draftkings,2026-05-06T14:54:07.390646
Max Strus,,,862af0717b53a01b5e93a188a655d663,2026-05-07,23:10,rebounds,7.5,1060.0,,True,draftkings,2026-05-06T14:54:07.390647
Max Strus,,,862af0717b53a01b5e93a188a655d663,2026-05-07,23:10,rebounds,8.5,1840.0,,True,draftkings,2026-05-06T14:54:07.390649
Max Strus,,,862af0717b53a01b5e93a188a655d663,2026-05-07,23:10,rebounds,9.5,2800.0,,True,draftkings,2026-05-06T14:54:07.390651
Dean Wade,,,862af0717b53a01b5e93a188a655d663,2026-05-07,23:10,rebounds,2.5,-232.0,,True,draftkings,2026-05-06T14:54:07.390652
Dean Wade,,,862af0717b53a01b5e93a188a655d663,2026-05-07,23:10,rebounds,3.5,103.0,,True,draftkings,2026-05-06T14:54:07.390654
Dean Wade,,,862af0717b53a01b5e93a188a655d663,2026-05-07,23:10,rebounds,4.5,210.0,,True,draftkings,2026-05-06T14:54:07.390656
Dean Wade,,,862af0717b53a01b5e93a188a655d663,2026-05-07,23:10,rebounds,5.5,418.0,,True,draftkings,2026-05-06T14:54:07.390658
Dean Wade,,,862af0717b53a01b5e93a188a655d663,2026-05-07,23:10,rebounds,6.5,800.0,,True,draftkings,2026-05-06T14:54:07.390659
Dean Wade,,,862af0717b53a01b5e93a188a655d663,2026-05-07,23:10,rebounds,7.5,1420.0,,True,draftkings,2026-05-06T14:54:07.390661
Dean Wade,,,862af0717b53a01b5e93a188a655d663,2026-05-07,23:10,rebounds,8.5,2300.0,,True,draftkings,2026-05-06T14:54:07.390663
Isaiah Stewart II,,,862af0717b53a01b5e93a188a655d663,2026-05-07,23:10,rebounds,2.5,-136.0,,True,draftkings,2026-05-06T14:54:07.390665
Isaiah Stewart II,,,862af0717b53a01b5e93a188a655d663,2026-05-07,23:10,rebounds,3.5,156.0,,True,draftkings,2026-05-06T14:54:07.390666
Isaiah Stewart II,,,862af0717b53a01b5e93a188a655d663,2026-05-07,23:10,rebounds,4.5,304.0,,True,draftkings,2026-05-06T14:54:07.390668
Isaiah Stewart II,,,862af0717b53a01b5e93a188a655d663,2026-05-07,23:10,rebounds,5.5,574.0,,True,draftkings,2026-05-06T14:54:07.390670
Isaiah Stewart II,,,862af0717b53a01b5e93a188a655d663,2026-05-07,23:10,rebounds,6.5,1020.0,,True,draftkings,2026-05-06T14:54:07.390671
Isaiah Stewart II,,,862af0717b53a01b5e93a188a655d663,2026-05-07,23:10,rebounds,7.5,1620.0,,True,draftkings,2026-05-06T14:54:07.390675
Isaiah Stewart II,,,862af0717b53a01b5e93a188a655d663,2026-05-07,23:10,rebounds,8.5,2600.0,,True,draftkings,2026-05-06T14:54:07.390677
Daniss Jenkins,,,862af0717b53a01b5e93a188a655d663,2026-05-07,23:10,rebounds,2.5,-102.0,,True,draftkings,2026-05-06T14:54:07.390678
Daniss Jenkins,,,862af0717b53a01b5e93a188a655d663,2026-05-07,23:10,rebounds,3.5,230.0,,True,draftkings,2026-05-06T14:54:07.390680
Daniss Jenkins,,,862af0717b53a01b5e93a188a655d663,2026-05-07,23:10,rebounds,4.5,512.0,,True,draftkings,2026-05-06T14:54:07.390681
Daniss Jenkins,,,862af0717b53a01b5e93a188a655d663,2026-05-07,23:10,rebounds,5.5,1020.0,,True,draftkings,2026-05-06T14:54:07.390683
Daniss Jenkins,,,862af0717b53a01b5e93a188a655d663,2026-05-07,23:10,rebounds,6.5,1960.0,,True,draftkings,2026-05-06T14:54:07.390685
Duncan Robinson,,,862af0717b53a01b5e93a188a655d663,2026-05-07,23:10,rebounds,2.5,125.0,,True,draftkings,2026-05-06T14:54:07.390686
Duncan Robinson,,,862af0717b53a01b5e93a188a655d663,2026-05-07,23:10,rebounds,3.5,315.0,,True,draftkings,2026-05-06T14:54:07.390688
Duncan Robinson,,,862af0717b53a01b5e93a188a655d663,2026-05-07,23:10,rebounds,4.5,750.0,,True,draftkings,2026-05-06T14:54:07.390690
Duncan Robinson,,,862af0717b53a01b5e93a188a655d663,2026-05-07,23:10,rebounds,5.5,1620.0,,True,draftkings,2026-05-06T14:54:07.390691
Duncan Robinson,,,862af0717b53a01b5e93a188a655d663,2026-05-07,23:10,rebounds,6.5,2900.0,,True,draftkings,2026-05-06T14:54:07.390693
Duncan Robinson,,,862af0717b53a01b5e93a188a655d663,2026-05-07,23:10,threes,2.5,-124.0,-106.0,False,draftkings,2026-05-06T14:54:07.390710
Donovan Mitchell,,,862af0717b53a01b5e93a188a655d663,2026-05-07,23:10,threes,2.5,-113.0,-116.0,False,draftkings,2026-05-06T14:54:07.390712
James Harden,,,862af0717b53a01b5e93a188a655d663,2026-05-07,23:10,threes,2.5,-102.0,-129.0,False,draftkings,2026-05-06T14:54:07.390714
Max Strus,,,862af0717b53a01b5e93a188a655d663,2026-05-07,23:10,threes,2.5,127.0,-167.0,False,draftkings,2026-05-06T14:54:07.390715
Cade Cunningham,,,862af0717b53a01b5e93a188a655d663,2026-05-07,23:10,threes,2.5,130.0,-172.0,False,draftkings,2026-05-06T14:54:07.390717
Tobias Harris,,,862af0717b53a01b5e93a188a655d663,2026-05-07,23:10,threes,1.5,123.0,-163.0,False,draftkings,2026-05-06T14:54:07.390719
Daniss Jenkins,,,862af0717b53a01b5e93a188a655d663,2026-05-07,23:10,threes,1.5,175.0,-235.0,False,draftkings,2026-05-06T14:54:07.390720
Evan Mobley,,,862af0717b53a01b5e93a188a655d663,2026-05-07,23:10,threes,0.5,-222.0,166.0,False,draftkings,2026-05-06T14:54:07.390722
Duncan Robinson,,,862af0717b53a01b5e93a188a655d663,2026-05-07,23:10,threes,0.5,-2300.0,,True,draftkings,2026-05-06T14:54:07.390747
Duncan Robinson,,,862af0717b53a01b5e93a188a655d663,2026-05-07,23:10,threes,1.5,-366.0,,True,draftkings,2026-05-06T14:54:07.390749
Duncan Robinson,,,862af0717b53a01b5e93a188a655d663,2026-05-07,23:10,threes,2.5,-124.0,,True,draftkings,2026-05-06T14:54:07.390750
Duncan Robinson,,,862af0717b53a01b5e93a188a655d663,2026-05-07,23:10,threes,3.5,195.0,,True,draftkings,2026-05-06T14:54:07.390752
Duncan Robinson,,,862af0717b53a01b5e93a188a655d663,2026-05-07,23:10,threes,4.5,429.0,,True,draftkings,2026-05-06T14:54:07.390754
Duncan Robinson,,,862af0717b53a01b5e93a188a655d663,2026-05-07,23:10,threes,5.5,910.0,,True,draftkings,2026-05-06T14:54:07.390755
Duncan Robinson,,,862af0717b53a01b5e93a188a655d663,2026-05-07,23:10,threes,6.5,1760.0,,True,draftkings,2026-05-06T14:54:07.390757
Duncan Robinson,,,862af0717b53a01b5e93a188a655d663,2026-05-07,23:10,threes,7.5,2900.0,,True,draftkings,2026-05-06T14:54:07.390759
Donovan Mitchell,,,862af0717b53a01b5e93a188a655d663,2026-05-07,23:10,threes,0.5,-1960.0,,True,draftkings,2026-05-06T14:54:07.390760
Donovan Mitchell,,,862af0717b53a01b5e93a188a655d663,2026-05-07,23:10,threes,1.5,-335.0,,True,draftkings,2026-05-06T14:54:07.390762
Donovan Mitchell,,,862af0717b53a01b5e93a188a655d663,2026-05-07,23:10,threes,2.5,-114.0,,True,draftkings,2026-05-06T14:54:07.390764
Donovan Mitchell,,,862af0717b53a01b5e93a188a655d663,2026-05-07,23:10,threes,3.5,206.0,,True,draftkings,2026-05-06T14:54:07.390765
Donovan Mitchell,,,862af0717b53a01b5e93a188a655d663,2026-05-07,23:10,threes,4.5,454.0,,True,draftkings,2026-05-06T14:54:07.390767
Donovan Mitchell,,,862af0717b53a01b5e93a188a655d663,2026-05-07,23:10,threes,5.5,950.0,,True,draftkings,2026-05-06T14:54:07.390771
Donovan Mitchell,,,862af0717b53a01b5e93a188a655d663,2026-05-07,23:10,threes,6.5,1840.0,,True,draftkings,2026-05-06T14:54:07.390772
James Harden,,,862af0717b53a01b5e93a188a655d663,2026-05-07,23:10,threes,0.5,-1500.0,,True,draftkings,2026-05-06T14:54:07.390774
James Harden,,,862af0717b53a01b5e93a188a655d663,2026-05-07,23:10,threes,1.5,-292.0,,True,draftkings,2026-05-06T14:54:07.390776
James Harden,,,862af0717b53a01b5e93a188a655d663,2026-05-07,23:10,threes,2.5,100.0,,True,draftkings,2026-05-06T14:54:07.390778
James Harden,,,862af0717b53a01b5e93a188a655d663,2026-05-07,23:10,threes,3.5,239.0,,True,draftkings,2026-05-06T14:54:07.390779
James Harden,,,862af0717b53a01b5e93a188a655d663,2026-05-07,23:10,threes,4.5,526.0,,True,draftkings,2026-05-06T14:54:07.390781
James Harden,,,862af0717b53a01b5e93a188a655d663,2026-05-07,23:10,threes,5.5,1080.0,,True,draftkings,2026-05-06T14:54:07.390782
James Harden,,,862af0717b53a01b5e93a188a655d663,2026-05-07,23:10,threes,6.5,2100.0,,True,draftkings,2026-05-06T14:54:07.390784
Cade Cunningham,,,862af0717b53a01b5e93a188a655d663,2026-05-07,23:10,threes,0.5,-980.0,,True,draftkings,2026-05-06T14:54:07.390786
Cade Cunningham,,,862af0717b53a01b5e93a188a655d663,2026-05-07,23:10,threes,1.5,-213.0,,True,draftkings,2026-05-06T14:54:07.390788
Cade Cunningham,,,862af0717b53a01b5e93a188a655d663,2026-05-07,23:10,threes,2.5,128.0,,True,draftkings,2026-05-06T14:54:07.390789
Cade Cunningham,,,862af0717b53a01b5e93a188a655d663,2026-05-07,23:10,threes,3.5,298.0,,True,draftkings,2026-05-06T14:54:07.390791
Cade Cunningham,,,862af0717b53a01b5e93a188a655d663,2026-05-07,23:10,threes,4.5,670.0,,True,draftkings,2026-05-06T14:54:07.390793
Cade Cunningham,,,862af0717b53a01b5e93a188a655d663,2026-05-07,23:10,threes,5.5,1320.0,,True,draftkings,2026-05-06T14:54:07.390794
Cade Cunningham,,,862af0717b53a01b5e93a188a655d663,2026-05-07,23:10,threes,6.5,2300.0,,True,draftkings,2026-05-06T14:54:07.390796
Max Strus,,,862af0717b53a01b5e93a188a655d663,2026-05-07,23:10,threes,0.5,-1240.0,,True,draftkings,2026-05-06T14:54:07.390798
Max Strus,,,862af0717b53a01b5e93a188a655d663,2026-05-07,23:10,threes,1.5,-232.0,,True,draftkings,2026-05-06T14:54:07.390799
Max Strus,,,862af0717b53a01b5e93a188a655d663,2026-05-07,23:10,threes,2.5,127.0,,True,draftkings,2026-05-06T14:54:07.390801
Max Strus,,,862af0717b53a01b5e93a188a655d663,2026-05-07,23:10,threes,3.5,310.0,,True,draftkings,2026-05-06T14:54:07.390803
Max Strus,,,862af0717b53a01b5e93a188a655d663,2026-05-07,23:10,threes,4.5,720.0,,True,draftkings,2026-05-06T14:54:07.390805
Max Strus,,,862af0717b53a01b5e93a188a655d663,2026-05-07,23:10,threes,5.5,1540.0,,True,draftkings,2026-05-06T14:54:07.390806
Max Strus,,,862af0717b53a01b5e93a188a655d663,2026-05-07,23:10,threes,6.5,2700.0,,True,draftkings,2026-05-06T14:54:07.390808
Tobias Harris,,,862af0717b53a01b5e93a188a655d663,2026-05-07,23:10,threes,0.5,-379.0,,True,draftkings,2026-05-06T14:54:07.390810
Tobias Harris,,,862af0717b53a01b5e93a188a655d663,2026-05-07,23:10,threes,1.5,121.0,,True,draftkings,2026-05-06T14:54:07.390811
Tobias Harris,,,862af0717b53a01b5e93a188a655d663,2026-05-07,23:10,threes,2.5,379.0,,True,draftkings,2026-05-06T14:54:07.390813
Tobias Harris,,,862af0717b53a01b5e93a188a655d663,2026-05-07,23:10,threes,3.5,1020.0,,True,draftkings,2026-05-06T14:54:07.390814
Tobias Harris,,,862af0717b53a01b5e93a188a655d663,2026-05-07,23:10,threes,4.5,2300.0,,True,draftkings,2026-05-06T14:54:07.390816
Daniss Jenkins,,,862af0717b53a01b5e93a188a655d663,2026-05-07,23:10,threes,0.5,-245.0,,True,draftkings,2026-05-06T14:54:07.390818
Daniss Jenkins,,,862af0717b53a01b5e93a188a655d663,2026-05-07,23:10,threes,1.5,173.0,,True,draftkings,2026-05-06T14:54:07.390819
Daniss Jenkins,,,862af0717b53a01b5e93a188a655d663,2026-05-07,23:10,threes,2.5,520.0,,True,draftkings,2026-05-06T14:54:07.390821
Daniss Jenkins,,,862af0717b53a01b5e93a188a655d663,2026-05-07,23:10,threes,3.5,1360.0,,True,draftkings,2026-05-06T14:54:07.390823
Daniss Jenkins,,,862af0717b53a01b5e93a188a655d663,2026-05-07,23:10,threes,4.5,2700.0,,True,draftkings,2026-05-06T14:54:07.390824
Evan Mobley,,,862af0717b53a01b5e93a188a655d663,2026-05-07,23:10,threes,0.5,-231.0,,True,draftkings,2026-05-06T14:54:07.390826
Evan Mobley,,,862af0717b53a01b5e93a188a655d663,2026-05-07,23:10,threes,1.5,194.0,,True,draftkings,2026-05-06T14:54:07.390828
Evan Mobley,,,862af0717b53a01b5e93a188a655d663,2026-05-07,23:10,threes,2.5,640.0,,True,draftkings,2026-05-06T14:54:07.390830
Evan Mobley,,,862af0717b53a01b5e93a188a655d663,2026-05-07,23:10,threes,3.5,1720.0,,True,draftkings,2026-05-06T14:54:07.390831
LeBron James,,,a306b74e13d87d2f8d64b1e01c2cf958,2026-05-08,01:40,assists,7.5,-116.0,-113.0,False,draftkings,2026-05-06T14:54:07.488177
Shai Gilgeous-Alexander,,,a306b74e13d87d2f8d64b1e01c2cf958,2026-05-08,01:40,assists,6.5,-151.0,115.0,False,draftkings,2026-05-06T14:54:07.488187
Austin Reaves,,,a306b74e13d87d2f8d64b1e01c2cf958,2026-05-08,01:40,assists,5.5,120.0,-158.0,False,draftkings,2026-05-06T14:54:07.488189
Ajay Mitchell,,,a306b74e13d87d2f8d64b1e01c2cf958,2026-05-08,01:40,assists,3.5,-120.0,-110.0,False,draftkings,2026-05-06T14:54:07.488191
Marcus Smart,,,a306b74e13d87d2f8d64b1e01c2cf958,2026-05-08,01:40,assists,3.5,-120.0,-110.0,False,draftkings,2026-05-06T14:54:07.488193
Isaiah Hartenstein,,,a306b74e13d87d2f8d64b1e01c2cf958,2026-05-08,01:40,assists,2.5,-162.0,122.0,False,draftkings,2026-05-06T14:54:07.488195
Chet Holmgren,,,a306b74e13d87d2f8d64b1e01c2cf958,2026-05-08,01:40,assists,1.5,109.0,-144.0,False,draftkings,2026-05-06T14:54:07.488196
Luguentz Dort,,,a306b74e13d87d2f8d64b1e01c2cf958,2026-05-08,01:40,assists,1.5,164.0,-219.0,False,draftkings,2026-05-06T14:54:07.488198
Rui Hachimura,,,a306b74e13d87d2f8d64b1e01c2cf958,2026-05-08,01:40,assists,0.5,-180.0,136.0,False,draftkings,2026-05-06T14:54:07.488200
Deandre Ayton,,,a306b74e13d87d2f8d64b1e01c2cf958,2026-05-08,01:40,assists,0.5,-134.0,101.0,False,draftkings,2026-05-06T14:54:07.488202
LeBron James,,,a306b74e13d87d2f8d64b1e01c2cf958,2026-05-08,01:40,assists,3.5,-2300.0,,True,draftkings,2026-05-06T14:54:07.488250
LeBron James,,,a306b74e13d87d2f8d64b1e01c2cf958,2026-05-08,01:40,assists,4.5,-820.0,,True,draftkings,2026-05-06T14:54:07.488252
LeBron James,,,a306b74e13d87d2f8d64b1e01c2cf958,2026-05-08,01:40,assists,5.5,-378.0,,True,draftkings,2026-05-06T14:54:07.488254
LeBron James,,,a306b74e13d87d2f8d64b1e01c2cf958,2026-05-08,01:40,assists,6.5,-200.0,,True,draftkings,2026-05-06T14:54:07.488256
LeBron James,,,a306b74e13d87d2f8d64b1e01c2cf958,2026-05-08,01:40,assists,7.5,-114.0,,True,draftkings,2026-05-06T14:54:07.488258
LeBron James,,,a306b74e13d87d2f8d64b1e01c2cf958,2026-05-08,01:40,assists,8.5,148.0,,True,draftkings,2026-05-06T14:54:07.488259
LeBron James,,,a306b74e13d87d2f8d64b1e01c2cf958,2026-05-08,01:40,assists,9.5,245.0,,True,draftkings,2026-05-06T14:54:07.488261
LeBron James,,,a306b74e13d87d2f8d64b1e01c2cf958,2026-05-08,01:40,assists,10.5,395.0,,True,draftkings,2026-05-06T14:54:07.488263
LeBron James,,,a306b74e13d87d2f8d64b1e01c2cf958,2026-05-08,01:40,assists,11.5,640.0,,True,draftkings,2026-05-06T14:54:07.488265
LeBron James,,,a306b74e13d87d2f8d64b1e01c2cf958,2026-05-08,01:40,assists,12.5,1020.0,,True,draftkings,2026-05-06T14:54:07.488266
LeBron James,,,a306b74e13d87d2f8d64b1e01c2cf958,2026-05-08,01:40,assists,13.5,1580.0,,True,draftkings,2026-05-06T14:54:07.488268
LeBron James,,,a306b74e13d87d2f8d64b1e01c2cf958,2026-05-08,01:40,assists,14.5,2200.0,,True,draftkings,2026-05-06T14:54:07.488270
Shai Gilgeous-Alexander,,,a306b74e13d87d2f8d64b1e01c2cf958,2026-05-08,01:40,assists,3.5,-1900.0,,True,draftkings,2026-05-06T14:54:07.488271
Shai Gilgeous-Alexander,,,a306b74e13d87d2f8d64b1e01c2cf958,2026-05-08,01:40,assists,4.5,-650.0,,True,draftkings,2026-05-06T14:54:07.488273
Shai Gilgeous-Alexander,,,a306b74e13d87d2f8d64b1e01c2cf958,2026-05-08,01:40,assists,5.5,-299.0,,True,draftkings,2026-05-06T14:54:07.488275
Shai Gilgeous-Alexander,,,a306b74e13d87d2f8d64b1e01c2cf958,2026-05-08,01:40,assists,6.5,-152.0,,True,draftkings,2026-05-06T14:54:07.488276
Shai Gilgeous-Alexander,,,a306b74e13d87d2f8d64b1e01c2cf958,2026-05-08,01:40,assists,7.5,120.0,,True,draftkings,2026-05-06T14:54:07.488278
Shai Gilgeous-Alexander,,,a306b74e13d87d2f8d64b1e01c2cf958,2026-05-08,01:40,assists,8.5,214.0,,True,draftkings,2026-05-06T14:54:07.488280
Shai Gilgeous-Alexander,,,a306b74e13d87d2f8d64b1e01c2cf958,2026-05-08,01:40,assists,9.5,375.0,,True,draftkings,2026-05-06T14:54:07.488281
Shai Gilgeous-Alexander,,,a306b74e13d87d2f8d64b1e01c2cf958,2026-05-08,01:40,assists,10.5,650.0,,True,draftkings,2026-05-06T14:54:07.488285
Shai Gilgeous-Alexander,,,a306b74e13d87d2f8d64b1e01c2cf958,2026-05-08,01:40,assists,11.5,1140.0,,True,draftkings,2026-05-06T14:54:07.488286
Shai Gilgeous-Alexander,,,a306b74e13d87d2f8d64b1e01c2cf958,2026-05-08,01:40,assists,12.5,1820.0,,True,draftkings,2026-05-06T14:54:07.488288
Shai Gilgeous-Alexander,,,a306b74e13d87d2f8d64b1e01c2cf958,2026-05-08,01:40,assists,13.5,2700.0,,True,draftkings,2026-05-06T14:54:07.488290
Austin Reaves,,,a306b74e13d87d2f8d64b1e01c2cf958,2026-05-08,01:40,assists,2.5,-1040.0,,True,draftkings,2026-05-06T14:54:07.488292
Austin Reaves,,,a306b74e13d87d2f8d64b1e01c2cf958,2026-05-08,01:40,assists,3.5,-361.0,,True,draftkings,2026-05-06T14:54:07.488293
Austin Reaves,,,a306b74e13d87d2f8d64b1e01c2cf958,2026-05-08,01:40,assists,4.5,-165.0,,True,draftkings,2026-05-06T14:54:07.488295
Austin Reaves,,,a306b74e13d87d2f8d64b1e01c2cf958,2026-05-08,01:40,assists,5.5,121.0,,True,draftkings,2026-05-06T14:54:07.488296
Austin Reaves,,,a306b74e13d87d2f8d64b1e01c2cf958,2026-05-08,01:40,assists,6.5,230.0,,True,draftkings,2026-05-06T14:54:07.488298
Austin Reaves,,,a306b74e13d87d2f8d64b1e01c2cf958,2026-05-08,01:40,assists,7.5,423.0,,True,draftkings,2026-05-06T14:54:07.488301
Austin Reaves,,,a306b74e13d87d2f8d64b1e01c2cf958,2026-05-08,01:40,assists,8.5,760.0,,True,draftkings,2026-05-06T14:54:07.488303
Austin Reaves,,,a306b74e13d87d2f8d64b1e01c2cf958,2026-05-08,01:40,assists,9.5,1300.0,,True,draftkings,2026-05-06T14:54:07.488305
Austin Reaves,,,a306b74e13d87d2f8d64b1e01c2cf958,2026-05-08,01:40,assists,10.5,2200.0,,True,draftkings,2026-05-06T14:54:07.488307
Marcus Smart,,,a306b74e13d87d2f8d64b1e01c2cf958,2026-05-08,01:40,assists,2.5,-287.0,,True,draftkings,2026-05-06T14:54:07.488310
Marcus Smart,,,a306b74e13d87d2f8d64b1e01c2cf958,2026-05-08,01:40,assists,3.5,-119.0,,True,draftkings,2026-05-06T14:54:07.488312
Marcus Smart,,,a306b74e13d87d2f8d64b1e01c2cf958,2026-05-08,01:40,assists,4.5,181.0,,True,draftkings,2026-05-06T14:54:07.488313
Marcus Smart,,,a306b74e13d87d2f8d64b1e01c2cf958,2026-05-08,01:40,assists,5.5,372.0,,True,draftkings,2026-05-06T14:54:07.488315
Marcus Smart,,,a306b74e13d87d2f8d64b1e01c2cf958,2026-05-08,01:40,assists,6.5,750.0,,True,draftkings,2026-05-06T14:54:07.488317
Marcus Smart,,,a306b74e13d87d2f8d64b1e01c2cf958,2026-05-08,01:40,assists,7.5,1340.0,,True,draftkings,2026-05-06T14:54:07.488318
Marcus Smart,,,a306b74e13d87d2f8d64b1e01c2cf958,2026-05-08,01:40,assists,8.5,2300.0,,True,draftkings,2026-05-06T14:54:07.488320
Ajay Mitchell,,,a306b74e13d87d2f8d64b1e01c2cf958,2026-05-08,01:40,assists,2.5,-291.0,,True,draftkings,2026-05-06T14:54:07.488322
Ajay Mitchell,,,a306b74e13d87d2f8d64b1e01c2cf958,2026-05-08,01:40,assists,3.5,-120.0,,True,draftkings,2026-05-06T14:54:07.488323
Ajay Mitchell,,,a306b74e13d87d2f8d64b1e01c2cf958,2026-05-08,01:40,assists,4.5,181.0,,True,draftkings,2026-05-06T14:54:07.488325
Ajay Mitchell,,,a306b74e13d87d2f8d64b1e01c2cf958,2026-05-08,01:40,assists,5.5,371.0,,True,draftkings,2026-05-06T14:54:07.488327
Ajay Mitchell,,,a306b74e13d87d2f8d64b1e01c2cf958,2026-05-08,01:40,assists,6.5,740.0,,True,draftkings,2026-05-06T14:54:07.488328
Ajay Mitchell,,,a306b74e13d87d2f8d64b1e01c2cf958,2026-05-08,01:40,assists,7.5,1400.0,,True,draftkings,2026-05-06T14:54:07.488330
Ajay Mitchell,,,a306b74e13d87d2f8d64b1e01c2cf958,2026-05-08,01:40,assists,8.5,2400.0,,True,draftkings,2026-05-06T14:54:07.488332
Isaiah Hartenstein,,,a306b74e13d87d2f8d64b1e01c2cf958,2026-05-08,01:40,assists,2.5,-163.0,,True,draftkings,2026-05-06T14:54:07.488333
Isaiah Hartenstein,,,a306b74e13d87d2f8d64b1e01c2cf958,2026-05-08,01:40,assists,3.5,151.0,,True,draftkings,2026-05-06T14:54:07.488335
Isaiah Hartenstein,,,a306b74e13d87d2f8d64b1e01c2cf958,2026-05-08,01:40,assists,4.5,340.0,,True,draftkings,2026-05-06T14:54:07.488337
Isaiah Hartenstein,,,a306b74e13d87d2f8d64b1e01c2cf958,2026-05-08,01:40,assists,5.5,750.0,,True,draftkings,2026-05-06T14:54:07.488338
Isaiah Hartenstein,,,a306b74e13d87d2f8d64b1e01c2cf958,2026-05-08,01:40,assists,6.5,1480.0,,True,draftkings,2026-05-06T14:54:07.488340
Isaiah Hartenstein,,,a306b74e13d87d2f8d64b1e01c2cf958,2026-05-08,01:40,assists,7.5,2500.0,,True,draftkings,2026-05-06T14:54:07.488342
Cason Wallace,,,a306b74e13d87d2f8d64b1e01c2cf958,2026-05-08,01:40,assists,2.5,121.0,,True,draftkings,2026-05-06T14:54:07.488343
Cason Wallace,,,a306b74e13d87d2f8d64b1e01c2cf958,2026-05-08,01:40,assists,3.5,305.0,,True,draftkings,2026-05-06T14:54:07.488345
Cason Wallace,,,a306b74e13d87d2f8d64b1e01c2cf958,2026-05-08,01:40,assists,4.5,720.0,,True,draftkings,2026-05-06T14:54:07.488347
Cason Wallace,,,a306b74e13d87d2f8d64b1e01c2cf958,2026-05-08,01:40,assists,5.5,1540.0,,True,draftkings,2026-05-06T14:54:07.488348
Cason Wallace,,,a306b74e13d87d2f8d64b1e01c2cf958,2026-05-08,01:40,assists,6.5,2800.0,,True,draftkings,2026-05-06T14:54:07.488350
Luke Kennard,,,a306b74e13d87d2f8d64b1e01c2cf958,2026-05-08,01:40,assists,2.5,142.0,,True,draftkings,2026-05-06T14:54:07.488352
Luke Kennard,,,a306b74e13d87d2f8d64b1e01c2cf958,2026-05-08,01:40,assists,3.5,360.0,,True,draftkings,2026-05-06T14:54:07.488353
Luke Kennard,,,a306b74e13d87d2f8d64b1e01c2cf958,2026-05-08,01:40,assists,4.5,840.0,,True,draftkings,2026-05-06T14:54:07.488355
Luke Kennard,,,a306b74e13d87d2f8d64b1e01c2cf958,2026-05-08,01:40,assists,5.5,1780.0,,True,draftkings,2026-05-06T14:54:07.488357
Alex Caruso,,,a306b74e13d87d2f8d64b1e01c2cf958,2026-05-08,01:40,assists,1.5,-127.0,,True,draftkings,2026-05-06T14:54:07.488358
Alex Caruso,,,a306b74e13d87d2f8d64b1e01c2cf958,2026-05-08,01:40,assists,2.5,238.0,,True,draftkings,2026-05-06T14:54:07.488360
Alex Caruso,,,a306b74e13d87d2f8d64b1e01c2cf958,2026-05-08,01:40,assists,3.5,600.0,,True,draftkings,2026-05-06T14:54:07.488362
Alex Caruso,,,a306b74e13d87d2f8d64b1e01c2cf958,2026-05-08,01:40,assists,4.5,1400.0,,True,draftkings,2026-05-06T14:54:07.488365
Alex Caruso,,,a306b74e13d87d2f8d64b1e01c2cf958,2026-05-08,01:40,assists,5.5,2600.0,,True,draftkings,2026-05-06T14:54:07.488367
Chet Holmgren,,,a306b74e13d87d2f8d64b1e01c2cf958,2026-05-08,01:40,assists,1.5,110.0,,True,draftkings,2026-05-06T14:54:07.488369
Chet Holmgren,,,a306b74e13d87d2f8d64b1e01c2cf958,2026-05-08,01:40,assists,2.5,346.0,,True,draftkings,2026-05-06T14:54:07.488370
Chet Holmgren,,,a306b74e13d87d2f8d64b1e01c2cf958,2026-05-08,01:40,assists,3.5,960.0,,True,draftkings,2026-05-06T14:54:07.488372
Chet Holmgren,,,a306b74e13d87d2f8d64b1e01c2cf958,2026-05-08,01:40,assists,4.5,2100.0,,True,draftkings,2026-05-06T14:54:07.488374
Luguentz Dort,,,a306b74e13d87d2f8d64b1e01c2cf958,2026-05-08,01:40,assists,1.5,165.0,,True,draftkings,2026-05-06T14:54:07.488375
Luguentz Dort,,,a306b74e13d87d2f8d64b1e01c2cf958,2026-05-08,01:40,assists,2.5,542.0,,True,draftkings,2026-05-06T14:54:07.488377
Luguentz Dort,,,a306b74e13d87d2f8d64b1e01c2cf958,2026-05-08,01:40,assists,3.5,1560.0,,True,draftkings,2026-05-06T14:54:07.488379
Rui Hachimura,,,a306b74e13d87d2f8d64b1e01c2cf958,2026-05-08,01:40,assists,0.5,-180.0,,True,draftkings,2026-05-06T14:54:07.488380
Rui Hachimura,,,a306b74e13d87d2f8d64b1e01c2cf958,2026-05-08,01:40,assists,2.5,900.0,,True,draftkings,2026-05-06T14:54:07.488382
Rui Hachimura,,,a306b74e13d87d2f8d64b1e01c2cf958,2026-05-08,01:40,assists,3.5,2300.0,,True,draftkings,2026-05-06T14:54:07.488384
Deandre Ayton,,,a306b74e13d87d2f8d64b1e01c2cf958,2026-05-08,01:40,assists,0.5,-134.0,,True,draftkings,2026-05-06T14:54:07.488385
Deandre Ayton,,,a306b74e13d87d2f8d64b1e01c2cf958,2026-05-08,01:40,assists,2.5,1280.0,,True,draftkings,2026-05-06T14:54:07.488387
Shai Gilgeous-Alexander,,,a306b74e13d87d2f8d64b1e01c2cf958,2026-05-08,01:40,points,29.5,-111.0,-115.0,False,draftkings,2026-05-06T14:54:07.488411
LeBron James,,,a306b74e13d87d2f8d64b1e01c2cf958,2026-05-08,01:40,points,20.5,-119.0,-107.0,False,draftkings,2026-05-06T14:54:07.488413
Austin Reaves,,,a306b74e13d87d2f8d64b1e01c2cf958,2026-05-08,01:40,points,18.5,-112.0,-113.0,False,draftkings,2026-05-06T14:54:07.488415
Chet Holmgren,,,a306b74e13d87d2f8d64b1e01c2cf958,2026-05-08,01:40,points,16.5,-107.0,-119.0,False,draftkings,2026-05-06T14:54:07.488416
Ajay Mitchell,,,a306b74e13d87d2f8d64b1e01c2cf958,2026-05-08,01:40,points,15.5,-109.0,-117.0,False,draftkings,2026-05-06T14:54:07.488420
Rui Hachimura,,,a306b74e13d87d2f8d64b1e01c2cf958,2026-05-08,01:40,points,12.5,-109.0,-117.0,False,draftkings,2026-05-06T14:54:07.488422
Marcus Smart,,,a306b74e13d87d2f8d64b1e01c2cf958,2026-05-08,01:40,points,10.5,-110.0,-116.0,False,draftkings,2026-05-06T14:54:07.488423
Deandre Ayton,,,a306b74e13d87d2f8d64b1e01c2cf958,2026-05-08,01:40,points,9.5,-127.0,100.0,False,draftkings,2026-05-06T14:54:07.488425
Luke Kennard,,,a306b74e13d87d2f8d64b1e01c2cf958,2026-05-08,01:40,points,7.5,-124.0,-103.0,False,draftkings,2026-05-06T14:54:07.488427
Isaiah Hartenstein,,,a306b74e13d87d2f8d64b1e01c2cf958,2026-05-08,01:40,points,7.5,-120.0,-106.0,False,draftkings,2026-05-06T14:54:07.488428
Cason Wallace,,,a306b74e13d87d2f8d64b1e01c2cf958,2026-05-08,01:40,points,6.5,-122.0,-104.0,False,draftkings,2026-05-06T14:54:07.488430
Luguentz Dort,,,a306b74e13d87d2f8d64b1e01c2cf958,2026-05-08,01:40,points,6.5,-122.0,-105.0,False,draftkings,2026-05-06T14:54:07.488432
Alex Caruso,,,a306b74e13d87d2f8d64b1e01c2cf958,2026-05-08,01:40,points,6.5,-116.0,-110.0,False,draftkings,2026-05-06T14:54:07.488433
Isaiah Joe,,,a306b74e13d87d2f8d64b1e01c2cf958,2026-05-08,01:40,points,6.5,-115.0,-111.0,False,draftkings,2026-05-06T14:54:07.488435
Jaxson Hayes,,,a306b74e13d87d2f8d64b1e01c2cf958,2026-05-08,01:40,points,4.5,112.0,-143.0,False,draftkings,2026-05-06T14:54:07.488437
Jaylin Williams,,,a306b74e13d87d2f8d64b1e01c2cf958,2026-05-08,01:40,points,3.5,-113.0,-113.0,False,draftkings,2026-05-06T14:54:07.488438
Jake LaRavia,,,a306b74e13d87d2f8d64b1e01c2cf958,2026-05-08,01:40,points,3.5,-106.0,-120.0,False,draftkings,2026-05-06T14:54:07.488440
Jared McCain,,,a306b74e13d87d2f8d64b1e01c2cf958,2026-05-08,01:40,points,3.5,-101.0,-126.0,False,draftkings,2026-05-06T14:54:07.488442
Shai Gilgeous-Alexander,,,a306b74e13d87d2f8d64b1e01c2cf958,2026-05-08,01:40,points,17.5,-3100.0,,True,draftkings,2026-05-06T14:54:07.488513
Shai Gilgeous-Alexander,,,a306b74e13d87d2f8d64b1e01c2cf958,2026-05-08,01:40,points,19.5,-1440.0,,True,draftkings,2026-05-06T14:54:07.488515
Shai Gilgeous-Alexander,,,a306b74e13d87d2f8d64b1e01c2cf958,2026-05-08,01:40,points,24.5,-340.0,,True,draftkings,2026-05-06T14:54:07.488517
Shai Gilgeous-Alexander,,,a306b74e13d87d2f8d64b1e01c2cf958,2026-05-08,01:40,points,29.5,-111.0,,True,draftkings,2026-05-06T14:54:07.488519
Shai Gilgeous-Alexander,,,a306b74e13d87d2f8d64b1e01c2cf958,2026-05-08,01:40,points,34.5,252.0,,True,draftkings,2026-05-06T14:54:07.488522
Shai Gilgeous-Alexander,,,a306b74e13d87d2f8d64b1e01c2cf958,2026-05-08,01:40,points,39.5,680.0,,True,draftkings,2026-05-06T14:54:07.488524
Shai Gilgeous-Alexander,,,a306b74e13d87d2f8d64b1e01c2cf958,2026-05-08,01:40,points,44.5,1800.0,,True,draftkings,2026-05-06T14:54:07.488526
LeBron James,,,a306b74e13d87d2f8d64b1e01c2cf958,2026-05-08,01:40,points,9.5,-3200.0,,True,draftkings,2026-05-06T14:54:07.488527
LeBron James,,,a306b74e13d87d2f8d64b1e01c2cf958,2026-05-08,01:40,points,11.5,-1260.0,,True,draftkings,2026-05-06T14:54:07.488529
LeBron James,,,a306b74e13d87d2f8d64b1e01c2cf958,2026-05-08,01:40,points,14.5,-477.0,,True,draftkings,2026-05-06T14:54:07.488531
LeBron James,,,a306b74e13d87d2f8d64b1e01c2cf958,2026-05-08,01:40,points,17.5,-229.0,,True,draftkings,2026-05-06T14:54:07.488532
LeBron James,,,a306b74e13d87d2f8d64b1e01c2cf958,2026-05-08,01:40,points,19.5,-148.0,,True,draftkings,2026-05-06T14:54:07.488534
LeBron James,,,a306b74e13d87d2f8d64b1e01c2cf958,2026-05-08,01:40,points,20.5,-120.0,,True,draftkings,2026-05-06T14:54:07.488536
LeBron James,,,a306b74e13d87d2f8d64b1e01c2cf958,2026-05-08,01:40,points,24.5,185.0,,True,draftkings,2026-05-06T14:54:07.488537
LeBron James,,,a306b74e13d87d2f8d64b1e01c2cf958,2026-05-08,01:40,points,29.5,486.0,,True,draftkings,2026-05-06T14:54:07.488539
LeBron James,,,a306b74e13d87d2f8d64b1e01c2cf958,2026-05-08,01:40,points,34.5,1200.0,,True,draftkings,2026-05-06T14:54:07.488541
LeBron James,,,a306b74e13d87d2f8d64b1e01c2cf958,2026-05-08,01:40,points,39.5,2500.0,,True,draftkings,2026-05-06T14:54:07.488542
Austin Reaves,,,a306b74e13d87d2f8d64b1e01c2cf958,2026-05-08,01:40,points,9.5,-1680.0,,True,draftkings,2026-05-06T14:54:07.488544
Austin Reaves,,,a306b74e13d87d2f8d64b1e01c2cf958,2026-05-08,01:40,points,11.5,-740.0,,True,draftkings,2026-05-06T14:54:07.488546
Austin Reaves,,,a306b74e13d87d2f8d64b1e01c2cf958,2026-05-08,01:40,points,14.5,-294.0,,True,draftkings,2026-05-06T14:54:07.488547
Austin Reaves,,,a306b74e13d87d2f8d64b1e01c2cf958,2026-05-08,01:40,points,17.5,-139.0,,True,draftkings,2026-05-06T14:54:07.488549
Austin Reaves,,,a306b74e13d87d2f8d64b1e01c2cf958,2026-05-08,01:40,points,18.5,-110.0,,True,draftkings,2026-05-06T14:54:07.488550
Austin Reaves,,,a306b74e13d87d2f8d64b1e01c2cf958,2026-05-08,01:40,points,19.5,114.0,,True,draftkings,2026-05-06T14:54:07.488552
Austin Reaves,,,a306b74e13d87d2f8d64b1e01c2cf958,2026-05-08,01:40,points,24.5,327.0,,True,draftkings,2026-05-06T14:54:07.488569
Austin Reaves,,,a306b74e13d87d2f8d64b1e01c2cf958,2026-05-08,01:40,points,29.5,920.0,,True,draftkings,2026-05-06T14:54:07.488571
Austin Reaves,,,a306b74e13d87d2f8d64b1e01c2cf958,2026-05-08,01:40,points,34.5,2300.0,,True,draftkings,2026-05-06T14:54:07.488573
Chet Holmgren,,,a306b74e13d87d2f8d64b1e01c2cf958,2026-05-08,01:40,points,7.5,-3000.0,,True,draftkings,2026-05-06T14:54:07.488575
Chet Holmgren,,,a306b74e13d87d2f8d64b1e01c2cf958,2026-05-08,01:40,points,9.5,-1000.0,,True,draftkings,2026-05-06T14:54:07.488577
Chet Holmgren,,,a306b74e13d87d2f8d64b1e01c2cf958,2026-05-08,01:40,points,11.5,-449.0,,True,draftkings,2026-05-06T14:54:07.488578
Chet Holmgren,,,a306b74e13d87d2f8d64b1e01c2cf958,2026-05-08,01:40,points,14.5,-182.0,,True,draftkings,2026-05-06T14:54:07.488580
Chet Holmgren,,,a306b74e13d87d2f8d64b1e01c2cf958,2026-05-08,01:40,points,16.5,-106.0,,True,draftkings,2026-05-06T14:54:07.488582
Chet Holmgren,,,a306b74e13d87d2f8d64b1e01c2cf958,2026-05-08,01:40,points,17.5,122.0,,True,draftkings,2026-05-06T14:54:07.488583
Chet Holmgren,,,a306b74e13d87d2f8d64b1e01c2cf958,2026-05-08,01:40,points,19.5,198.0,,True,draftkings,2026-05-06T14:54:07.488585
Chet Holmgren,,,a306b74e13d87d2f8d64b1e01c2cf958,2026-05-08,01:40,points,24.5,660.0,,True,draftkings,2026-05-06T14:54:07.488589
Chet Holmgren,,,a306b74e13d87d2f8d64b1e01c2cf958,2026-05-08,01:40,points,29.5,1860.0,,True,draftkings,2026-05-06T14:54:07.488591
Ajay Mitchell,,,a306b74e13d87d2f8d64b1e01c2cf958,2026-05-08,01:40,points,7.5,-1540.0,,True,draftkings,2026-05-06T14:54:07.488592
Ajay Mitchell,,,a306b74e13d87d2f8d64b1e01c2cf958,2026-05-08,01:40,points,9.5,-630.0,,True,draftkings,2026-05-06T14:54:07.488596
Ajay Mitchell,,,a306b74e13d87d2f8d64b1e01c2cf958,2026-05-08,01:40,points,11.5,-319.0,,True,draftkings,2026-05-06T14:54:07.488598
Ajay Mitchell,,,a306b74e13d87d2f8d64b1e01c2cf958,2026-05-08,01:40,points,14.5,-139.0,,True,draftkings,2026-05-06T14:54:07.488599
Ajay Mitchell,,,a306b74e13d87d2f8d64b1e01c2cf958,2026-05-08,01:40,points,15.5,-107.0,,True,draftkings,2026-05-06T14:54:07.488601
Ajay Mitchell,,,a306b74e13d87d2f8d64b1e01c2cf958,2026-05-08,01:40,points,17.5,152.0,,True,draftkings,2026-05-06T14:54:07.488603
Ajay Mitchell,,,a306b74e13d87d2f8d64b1e01c2cf958,2026-05-08,01:40,points,19.5,239.0,,True,draftkings,2026-05-06T14:54:07.488604
Ajay Mitchell,,,a306b74e13d87d2f8d64b1e01c2cf958,2026-05-08,01:40,points,24.5,750.0,,True,draftkings,2026-05-06T14:54:07.488606
Ajay Mitchell,,,a306b74e13d87d2f8d64b1e01c2cf958,2026-05-08,01:40,points,29.5,1880.0,,True,draftkings,2026-05-06T14:54:07.488608
Rui Hachimura,,,a306b74e13d87d2f8d64b1e01c2cf958,2026-05-08,01:40,points,5.5,-1260.0,,True,draftkings,2026-05-06T14:54:07.488609
Rui Hachimura,,,a306b74e13d87d2f8d64b1e01c2cf958,2026-05-08,01:40,points,7.5,-522.0,,True,draftkings,2026-05-06T14:54:07.488611
Rui Hachimura,,,a306b74e13d87d2f8d64b1e01c2cf958,2026-05-08,01:40,points,9.5,-256.0,,True,draftkings,2026-05-06T14:54:07.488613
Rui Hachimura,,,a306b74e13d87d2f8d64b1e01c2cf958,2026-05-08,01:40,points,11.5,-140.0,,True,draftkings,2026-05-06T14:54:07.488614
Rui Hachimura,,,a306b74e13d87d2f8d64b1e01c2cf958,2026-05-08,01:40,points,12.5,-106.0,,True,draftkings,2026-05-06T14:54:07.488616
Rui Hachimura,,,a306b74e13d87d2f8d64b1e01c2cf958,2026-05-08,01:40,points,14.5,158.0,,True,draftkings,2026-05-06T14:54:07.488618
Rui Hachimura,,,a306b74e13d87d2f8d64b1e01c2cf958,2026-05-08,01:40,points,17.5,326.0,,True,draftkings,2026-05-06T14:54:07.488619
Rui Hachimura,,,a306b74e13d87d2f8d64b1e01c2cf958,2026-05-08,01:40,points,19.5,531.0,,True,draftkings,2026-05-06T14:54:07.488621
Rui Hachimura,,,a306b74e13d87d2f8d64b1e01c2cf958,2026-05-08,01:40,points,24.5,1640.0,,True,draftkings,2026-05-06T14:54:07.488624
Marcus Smart,,,a306b74e13d87d2f8d64b1e01c2cf958,2026-05-08,01:40,points,5.5,-590.0,,True,draftkings,2026-05-06T14:54:07.488625
Marcus Smart,,,a306b74e13d87d2f8d64b1e01c2cf958,2026-05-08,01:40,points,7.5,-279.0,,True,draftkings,2026-05-06T14:54:07.488627
Marcus Smart,,,a306b74e13d87d2f8d64b1e01c2cf958,2026-05-08,01:40,points,9.5,-144.0,,True,draftkings,2026-05-06T14:54:07.488630
Marcus Smart,,,a306b74e13d87d2f8d64b1e01c2cf958,2026-05-08,01:40,points,10.5,-109.0,,True,draftkings,2026-05-06T14:54:07.488632
Marcus Smart,,,a306b74e13d87d2f8d64b1e01c2cf958,2026-05-08,01:40,points,11.5,122.0,,True,draftkings,2026-05-06T14:54:07.488634
Marcus Smart,,,a306b74e13d87d2f8d64b1e01c2cf958,2026-05-08,01:40,points,14.5,269.0,,True,draftkings,2026-05-06T14:54:07.488636
Marcus Smart,,,a306b74e13d87d2f8d64b1e01c2cf958,2026-05-08,01:40,points,17.5,574.0,,True,draftkings,2026-05-06T14:54:07.488637
Marcus Smart,,,a306b74e13d87d2f8d64b1e01c2cf958,2026-05-08,01:40,points,19.5,910.0,,True,draftkings,2026-05-06T14:54:07.488639
Marcus Smart,,,a306b74e13d87d2f8d64b1e01c2cf958,2026-05-08,01:40,points,24.5,2400.0,,True,draftkings,2026-05-06T14:54:07.488641
Deandre Ayton,,,a306b74e13d87d2f8d64b1e01c2cf958,2026-05-08,01:40,points,5.5,-660.0,,True,draftkings,2026-05-06T14:54:07.488642
Deandre Ayton,,,a306b74e13d87d2f8d64b1e01c2cf958,2026-05-08,01:40,points,7.5,-264.0,,True,draftkings,2026-05-06T14:54:07.488644
Deandre Ayton,,,a306b74e13d87d2f8d64b1e01c2cf958,2026-05-08,01:40,points,9.5,-128.0,,True,draftkings,2026-05-06T14:54:07.488646
Deandre Ayton,,,a306b74e13d87d2f8d64b1e01c2cf958,2026-05-08,01:40,points,11.5,151.0,,True,draftkings,2026-05-06T14:54:07.488647
Deandre Ayton,,,a306b74e13d87d2f8d64b1e01c2cf958,2026-05-08,01:40,points,14.5,402.0,,True,draftkings,2026-05-06T14:54:07.488649
Deandre Ayton,,,a306b74e13d87d2f8d64b1e01c2cf958,2026-05-08,01:40,points,17.5,880.0,,True,draftkings,2026-05-06T14:54:07.488651
Deandre Ayton,,,a306b74e13d87d2f8d64b1e01c2cf958,2026-05-08,01:40,points,19.5,1500.0,,True,draftkings,2026-05-06T14:54:07.488654
Isaiah Joe,,,a306b74e13d87d2f8d64b1e01c2cf958,2026-05-08,01:40,points,5.5,-185.0,,True,draftkings,2026-05-06T14:54:07.488656
Isaiah Joe,,,a306b74e13d87d2f8d64b1e01c2cf958,2026-05-08,01:40,points,6.5,-115.0,,True,draftkings,2026-05-06T14:54:07.488658
Isaiah Joe,,,a306b74e13d87d2f8d64b1e01c2cf958,2026-05-08,01:40,points,7.5,106.0,,True,draftkings,2026-05-06T14:54:07.488660
Isaiah Joe,,,a306b74e13d87d2f8d64b1e01c2cf958,2026-05-08,01:40,points,9.5,205.0,,True,draftkings,2026-05-06T14:54:07.488661
Isaiah Joe,,,a306b74e13d87d2f8d64b1e01c2cf958,2026-05-08,01:40,points,11.5,333.0,,True,draftkings,2026-05-06T14:54:07.488663
Isaiah Joe,,,a306b74e13d87d2f8d64b1e01c2cf958,2026-05-08,01:40,points,14.5,690.0,,True,draftkings,2026-05-06T14:54:07.488665
Isaiah Joe,,,a306b74e13d87d2f8d64b1e01c2cf958,2026-05-08,01:40,points,17.5,1380.0,,True,draftkings,2026-05-06T14:54:07.488666
Isaiah Joe,,,a306b74e13d87d2f8d64b1e01c2cf958,2026-05-08,01:40,points,19.5,2000.0,,True,draftkings,2026-05-06T14:54:07.488668
Luke Kennard,,,a306b74e13d87d2f8d64b1e01c2cf958,2026-05-08,01:40,points,5.5,-260.0,,True,draftkings,2026-05-06T14:54:07.488670
Luke Kennard,,,a306b74e13d87d2f8d64b1e01c2cf958,2026-05-08,01:40,points,7.5,-126.0,,True,draftkings,2026-05-06T14:54:07.488671
Luke Kennard,,,a306b74e13d87d2f8d64b1e01c2cf958,2026-05-08,01:40,points,9.5,158.0,,True,draftkings,2026-05-06T14:54:07.488673
Luke Kennard,,,a306b74e13d87d2f8d64b1e01c2cf958,2026-05-08,01:40,points,11.5,297.0,,True,draftkings,2026-05-06T14:54:07.488675
Luke Kennard,,,a306b74e13d87d2f8d64b1e01c2cf958,2026-05-08,01:40,points,14.5,720.0,,True,draftkings,2026-05-06T14:54:07.488676
Luke Kennard,,,a306b74e13d87d2f8d64b1e01c2cf958,2026-05-08,01:40,points,17.5,1520.0,,True,draftkings,2026-05-06T14:54:07.488678
Luke Kennard,,,a306b74e13d87d2f8d64b1e01c2cf958,2026-05-08,01:40,points,19.5,2300.0,,True,draftkings,2026-05-06T14:54:07.488680
Luguentz Dort,,,a306b74e13d87d2f8d64b1e01c2cf958,2026-05-08,01:40,points,5.5,-208.0,,True,draftkings,2026-05-06T14:54:07.488686
Luguentz Dort,,,a306b74e13d87d2f8d64b1e01c2cf958,2026-05-08,01:40,points,6.5,-119.0,,True,draftkings,2026-05-06T14:54:07.488688
Luguentz Dort,,,a306b74e13d87d2f8d64b1e01c2cf958,2026-05-08,01:40,points,7.5,100.0,,True,draftkings,2026-05-06T14:54:07.488690
Luguentz Dort,,,a306b74e13d87d2f8d64b1e01c2cf958,2026-05-08,01:40,points,9.5,222.0,,True,draftkings,2026-05-06T14:54:07.488691
Luguentz Dort,,,a306b74e13d87d2f8d64b1e01c2cf958,2026-05-08,01:40,points,11.5,371.0,,True,draftkings,2026-05-06T14:54:07.488693
Luguentz Dort,,,a306b74e13d87d2f8d64b1e01c2cf958,2026-05-08,01:40,points,14.5,860.0,,True,draftkings,2026-05-06T14:54:07.488695
Luguentz Dort,,,a306b74e13d87d2f8d64b1e01c2cf958,2026-05-08,01:40,points,17.5,1860.0,,True,draftkings,2026-05-06T14:54:07.488696
Luguentz Dort,,,a306b74e13d87d2f8d64b1e01c2cf958,2026-05-08,01:40,points,19.5,2600.0,,True,draftkings,2026-05-06T14:54:07.488698
Alex Caruso,,,a306b74e13d87d2f8d64b1e01c2cf958,2026-05-08,01:40,points,5.5,-172.0,,True,draftkings,2026-05-06T14:54:07.488700
Alex Caruso,,,a306b74e13d87d2f8d64b1e01c2cf958,2026-05-08,01:40,points,6.5,-117.0,,True,draftkings,2026-05-06T14:54:07.488701
Alex Caruso,,,a306b74e13d87d2f8d64b1e01c2cf958,2026-05-08,01:40,points,7.5,116.0,,True,draftkings,2026-05-06T14:54:07.488703
Alex Caruso,,,a306b74e13d87d2f8d64b1e01c2cf958,2026-05-08,01:40,points,9.5,232.0,,True,draftkings,2026-05-06T14:54:07.488705
Alex Caruso,,,a306b74e13d87d2f8d64b1e01c2cf958,2026-05-08,01:40,points,11.5,419.0,,True,draftkings,2026-05-06T14:54:07.488707
Alex Caruso,,,a306b74e13d87d2f8d64b1e01c2cf958,2026-05-08,01:40,points,14.5,970.0,,True,draftkings,2026-05-06T14:54:07.488708
Alex Caruso,,,a306b74e13d87d2f8d64b1e01c2cf958,2026-05-08,01:40,points,17.5,1940.0,,True,draftkings,2026-05-06T14:54:07.488710
Alex Caruso,,,a306b74e13d87d2f8d64b1e01c2cf958,2026-05-08,01:40,points,19.5,2700.0,,True,draftkings,2026-05-06T14:54:07.488714
Isaiah Hartenstein,,,a306b74e13d87d2f8d64b1e01c2cf958,2026-05-08,01:40,points,5.5,-279.0,,True,draftkings,2026-05-06T14:54:07.488716
Isaiah Hartenstein,,,a306b74e13d87d2f8d64b1e01c2cf958,2026-05-08,01:40,points,7.5,-120.0,,True,draftkings,2026-05-06T14:54:07.488717
Isaiah Hartenstein,,,a306b74e13d87d2f8d64b1e01c2cf958,2026-05-08,01:40,points,9.5,171.0,,True,draftkings,2026-05-06T14:54:07.488719
Isaiah Hartenstein,,,a306b74e13d87d2f8d64b1e01c2cf958,2026-05-08,01:40,points,11.5,322.0,,True,draftkings,2026-05-06T14:54:07.488721
Isaiah Hartenstein,,,a306b74e13d87d2f8d64b1e01c2cf958,2026-05-08,01:40,points,14.5,830.0,,True,draftkings,2026-05-06T14:54:07.488722
Isaiah Hartenstein,,,a306b74e13d87d2f8d64b1e01c2cf958,2026-05-08,01:40,points,17.5,1840.0,,True,draftkings,2026-05-06T14:54:07.488724
Isaiah Hartenstein,,,a306b74e13d87d2f8d64b1e01c2cf958,2026-05-08,01:40,points,19.5,2800.0,,True,draftkings,2026-05-06T14:54:07.488725
Cason Wallace,,,a306b74e13d87d2f8d64b1e01c2cf958,2026-05-08,01:40,points,5.5,-179.0,,True,draftkings,2026-05-06T14:54:07.488727
Cason Wallace,,,a306b74e13d87d2f8d64b1e01c2cf958,2026-05-08,01:40,points,6.5,-121.0,,True,draftkings,2026-05-06T14:54:07.488729
Cason Wallace,,,a306b74e13d87d2f8d64b1e01c2cf958,2026-05-08,01:40,points,7.5,112.0,,True,draftkings,2026-05-06T14:54:07.488730
Cason Wallace,,,a306b74e13d87d2f8d64b1e01c2cf958,2026-05-08,01:40,points,9.5,225.0,,True,draftkings,2026-05-06T14:54:07.488732
Cason Wallace,,,a306b74e13d87d2f8d64b1e01c2cf958,2026-05-08,01:40,points,11.5,425.0,,True,draftkings,2026-05-06T14:54:07.488734
Cason Wallace,,,a306b74e13d87d2f8d64b1e01c2cf958,2026-05-08,01:40,points,14.5,1040.0,,True,draftkings,2026-05-06T14:54:07.488735
Cason Wallace,,,a306b74e13d87d2f8d64b1e01c2cf958,2026-05-08,01:40,points,17.5,2200.0,,True,draftkings,2026-05-06T14:54:07.488737
Jared McCain,,,a306b74e13d87d2f8d64b1e01c2cf958,2026-05-08,01:40,points,3.5,-103.0,,True,draftkings,2026-05-06T14:54:07.488739
Jared McCain,,,a306b74e13d87d2f8d64b1e01c2cf958,2026-05-08,01:40,points,5.5,170.0,,True,draftkings,2026-05-06T14:54:07.488740
Jared McCain,,,a306b74e13d87d2f8d64b1e01c2cf958,2026-05-08,01:40,points,7.5,306.0,,True,draftkings,2026-05-06T14:54:07.488742
Jared McCain,,,a306b74e13d87d2f8d64b1e01c2cf958,2026-05-08,01:40,points,9.5,556.0,,True,draftkings,2026-05-06T14:54:07.488744
Jared McCain,,,a306b74e13d87d2f8d64b1e01c2cf958,2026-05-08,01:40,points,11.5,890.0,,True,draftkings,2026-05-06T14:54:07.488745
Jared McCain,,,a306b74e13d87d2f8d64b1e01c2cf958,2026-05-08,01:40,points,14.5,1780.0,,True,draftkings,2026-05-06T14:54:07.488749
Jared McCain,,,a306b74e13d87d2f8d64b1e01c2cf958,2026-05-08,01:40,points,17.5,2900.0,,True,draftkings,2026-05-06T14:54:07.488750
Jaylin Williams,,,a306b74e13d87d2f8d64b1e01c2cf958,2026-05-08,01:40,points,3.5,-115.0,,True,draftkings,2026-05-06T14:54:07.488752
Jaylin Williams,,,a306b74e13d87d2f8d64b1e01c2cf958,2026-05-08,01:40,points,5.5,143.0,,True,draftkings,2026-05-06T14:54:07.488754
Jaylin Williams,,,a306b74e13d87d2f8d64b1e01c2cf958,2026-05-08,01:40,points,7.5,294.0,,True,draftkings,2026-05-06T14:54:07.488755
Jaylin Williams,,,a306b74e13d87d2f8d64b1e01c2cf958,2026-05-08,01:40,points,9.5,620.0,,True,draftkings,2026-05-06T14:54:07.488757
Jaylin Williams,,,a306b74e13d87d2f8d64b1e01c2cf958,2026-05-08,01:40,points,11.5,1000.0,,True,draftkings,2026-05-06T14:54:07.488759
Jaylin Williams,,,a306b74e13d87d2f8d64b1e01c2cf958,2026-05-08,01:40,points,14.5,2000.0,,True,draftkings,2026-05-06T14:54:07.488760
Jaxson Hayes,,,a306b74e13d87d2f8d64b1e01c2cf958,2026-05-08,01:40,points,4.5,112.0,,True,draftkings,2026-05-06T14:54:07.488762
Jaxson Hayes,,,a306b74e13d87d2f8d64b1e01c2cf958,2026-05-08,01:40,points,5.5,147.0,,True,draftkings,2026-05-06T14:54:07.488764
Jaxson Hayes,,,a306b74e13d87d2f8d64b1e01c2cf958,2026-05-08,01:40,points,7.5,347.0,,True,draftkings,2026-05-06T14:54:07.488765
Jaxson Hayes,,,a306b74e13d87d2f8d64b1e01c2cf958,2026-05-08,01:40,points,9.5,810.0,,True,draftkings,2026-05-06T14:54:07.488767
Jaxson Hayes,,,a306b74e13d87d2f8d64b1e01c2cf958,2026-05-08,01:40,points,11.5,1680.0,,True,draftkings,2026-05-06T14:54:07.488771
Jake LaRavia,,,a306b74e13d87d2f8d64b1e01c2cf958,2026-05-08,01:40,points,3.5,-108.0,,True,draftkings,2026-05-06T14:54:07.488772
Jake LaRavia,,,a306b74e13d87d2f8d64b1e01c2cf958,2026-05-08,01:40,points,5.5,227.0,,True,draftkings,2026-05-06T14:54:07.488774
Jake LaRavia,,,a306b74e13d87d2f8d64b1e01c2cf958,2026-05-08,01:40,points,7.5,493.0,,True,draftkings,2026-05-06T14:54:07.488775
Jake LaRavia,,,a306b74e13d87d2f8d64b1e01c2cf958,2026-05-08,01:40,points,9.5,1020.0,,True,draftkings,2026-05-06T14:54:07.488777
Jake LaRavia,,,a306b74e13d87d2f8d64b1e01c2cf958,2026-05-08,01:40,points,11.5,1900.0,,True,draftkings,2026-05-06T14:54:07.488780
Chet Holmgren,,,a306b74e13d87d2f8d64b1e01c2cf958,2026-05-08,01:40,rebounds,8.5,-133.0,101.0,False,draftkings,2026-05-06T14:54:07.488803
Deandre Ayton,,,a306b74e13d87d2f8d64b1e01c2cf958,2026-05-08,01:40,rebounds,8.5,-123.0,-107.0,False,draftkings,2026-05-06T14:54:07.488805
Isaiah Hartenstein,,,a306b74e13d87d2f8d64b1e01c2cf958,2026-05-08,01:40,rebounds,8.5,103.0,-136.0,False,draftkings,2026-05-06T14:54:07.488807
LeBron James,,,a306b74e13d87d2f8d64b1e01c2cf958,2026-05-08,01:40,rebounds,6.5,-119.0,-110.0,False,draftkings,2026-05-06T14:54:07.488809
Austin Reaves,,,a306b74e13d87d2f8d64b1e01c2cf958,2026-05-08,01:40,rebounds,4.5,-112.0,-117.0,False,draftkings,2026-05-06T14:54:07.488810
Shai Gilgeous-Alexander,,,a306b74e13d87d2f8d64b1e01c2cf958,2026-05-08,01:40,rebounds,4.5,123.0,-163.0,False,draftkings,2026-05-06T14:54:07.488812
Jaxson Hayes,,,a306b74e13d87d2f8d64b1e01c2cf958,2026-05-08,01:40,rebounds,3.5,-159.0,120.0,False,draftkings,2026-05-06T14:54:07.488814
Rui Hachimura,,,a306b74e13d87d2f8d64b1e01c2cf958,2026-05-08,01:40,rebounds,3.5,-142.0,108.0,False,draftkings,2026-05-06T14:54:07.488815
Ajay Mitchell,,,a306b74e13d87d2f8d64b1e01c2cf958,2026-05-08,01:40,rebounds,3.5,-106.0,-125.0,False,draftkings,2026-05-06T14:54:07.488817
Jaylin Williams,,,a306b74e13d87d2f8d64b1e01c2cf958,2026-05-08,01:40,rebounds,3.5,103.0,-136.0,False,draftkings,2026-05-06T14:54:07.488818
Marcus Smart,,,a306b74e13d87d2f8d64b1e01c2cf958,2026-05-08,01:40,rebounds,2.5,-174.0,132.0,False,draftkings,2026-05-06T14:54:07.488820
Luke Kennard,,,a306b74e13d87d2f8d64b1e01c2cf958,2026-05-08,01:40,rebounds,2.5,-167.0,127.0,False,draftkings,2026-05-06T14:54:07.488822
Luguentz Dort,,,a306b74e13d87d2f8d64b1e01c2cf958,2026-05-08,01:40,rebounds,2.5,-151.0,114.0,False,draftkings,2026-05-06T14:54:07.488823
Alex Caruso,,,a306b74e13d87d2f8d64b1e01c2cf958,2026-05-08,01:40,rebounds,2.5,-130.0,-102.0,False,draftkings,2026-05-06T14:54:07.488825
Chet Holmgren,,,a306b74e13d87d2f8d64b1e01c2cf958,2026-05-08,01:40,rebounds,4.5,-2500.0,,True,draftkings,2026-05-06T14:54:07.488887
Chet Holmgren,,,a306b74e13d87d2f8d64b1e01c2cf958,2026-05-08,01:40,rebounds,5.5,-890.0,,True,draftkings,2026-05-06T14:54:07.488889
Chet Holmgren,,,a306b74e13d87d2f8d64b1e01c2cf958,2026-05-08,01:40,rebounds,6.5,-428.0,,True,draftkings,2026-05-06T14:54:07.488891
Chet Holmgren,,,a306b74e13d87d2f8d64b1e01c2cf958,2026-05-08,01:40,rebounds,7.5,-230.0,,True,draftkings,2026-05-06T14:54:07.488892
Chet Holmgren,,,a306b74e13d87d2f8d64b1e01c2cf958,2026-05-08,01:40,rebounds,8.5,-136.0,,True,draftkings,2026-05-06T14:54:07.488894
Chet Holmgren,,,a306b74e13d87d2f8d64b1e01c2cf958,2026-05-08,01:40,rebounds,9.5,123.0,,True,draftkings,2026-05-06T14:54:07.488896
Chet Holmgren,,,a306b74e13d87d2f8d64b1e01c2cf958,2026-05-08,01:40,rebounds,10.5,200.0,,True,draftkings,2026-05-06T14:54:07.488897
Chet Holmgren,,,a306b74e13d87d2f8d64b1e01c2cf958,2026-05-08,01:40,rebounds,11.5,318.0,,True,draftkings,2026-05-06T14:54:07.488899
Chet Holmgren,,,a306b74e13d87d2f8d64b1e01c2cf958,2026-05-08,01:40,rebounds,12.5,509.0,,True,draftkings,2026-05-06T14:54:07.488901
Chet Holmgren,,,a306b74e13d87d2f8d64b1e01c2cf958,2026-05-08,01:40,rebounds,13.5,800.0,,True,draftkings,2026-05-06T14:54:07.488902
Chet Holmgren,,,a306b74e13d87d2f8d64b1e01c2cf958,2026-05-08,01:40,rebounds,14.5,1220.0,,True,draftkings,2026-05-06T14:54:07.488906
Chet Holmgren,,,a306b74e13d87d2f8d64b1e01c2cf958,2026-05-08,01:40,rebounds,15.5,1800.0,,True,draftkings,2026-05-06T14:54:07.488908
Chet Holmgren,,,a306b74e13d87d2f8d64b1e01c2cf958,2026-05-08,01:40,rebounds,16.5,2500.0,,True,draftkings,2026-05-06T14:54:07.488910
Deandre Ayton,,,a306b74e13d87d2f8d64b1e01c2cf958,2026-05-08,01:40,rebounds,4.5,-1980.0,,True,draftkings,2026-05-06T14:54:07.488912
Deandre Ayton,,,a306b74e13d87d2f8d64b1e01c2cf958,2026-05-08,01:40,rebounds,5.5,-770.0,,True,draftkings,2026-05-06T14:54:07.488913
Deandre Ayton,,,a306b74e13d87d2f8d64b1e01c2cf958,2026-05-08,01:40,rebounds,6.5,-381.0,,True,draftkings,2026-05-06T14:54:07.488915
Deandre Ayton,,,a306b74e13d87d2f8d64b1e01c2cf958,2026-05-08,01:40,rebounds,7.5,-211.0,,True,draftkings,2026-05-06T14:54:07.488917
Deandre Ayton,,,a306b74e13d87d2f8d64b1e01c2cf958,2026-05-08,01:40,rebounds,8.5,-123.0,,True,draftkings,2026-05-06T14:54:07.488918
Deandre Ayton,,,a306b74e13d87d2f8d64b1e01c2cf958,2026-05-08,01:40,rebounds,9.5,134.0,,True,draftkings,2026-05-06T14:54:07.488920
Deandre Ayton,,,a306b74e13d87d2f8d64b1e01c2cf958,2026-05-08,01:40,rebounds,10.5,219.0,,True,draftkings,2026-05-06T14:54:07.488922
Deandre Ayton,,,a306b74e13d87d2f8d64b1e01c2cf958,2026-05-08,01:40,rebounds,11.5,347.0,,True,draftkings,2026-05-06T14:54:07.488923
Deandre Ayton,,,a306b74e13d87d2f8d64b1e01c2cf958,2026-05-08,01:40,rebounds,12.5,557.0,,True,draftkings,2026-05-06T14:54:07.488925
Deandre Ayton,,,a306b74e13d87d2f8d64b1e01c2cf958,2026-05-08,01:40,rebounds,13.5,840.0,,True,draftkings,2026-05-06T14:54:07.488927
Deandre Ayton,,,a306b74e13d87d2f8d64b1e01c2cf958,2026-05-08,01:40,rebounds,14.5,1340.0,,True,draftkings,2026-05-06T14:54:07.488928
Deandre Ayton,,,a306b74e13d87d2f8d64b1e01c2cf958,2026-05-08,01:40,rebounds,15.5,1960.0,,True,draftkings,2026-05-06T14:54:07.488930
Deandre Ayton,,,a306b74e13d87d2f8d64b1e01c2cf958,2026-05-08,01:40,rebounds,16.5,2700.0,,True,draftkings,2026-05-06T14:54:07.488932
Isaiah Hartenstein,,,a306b74e13d87d2f8d64b1e01c2cf958,2026-05-08,01:40,rebounds,4.5,-1300.0,,True,draftkings,2026-05-06T14:54:07.488933
Isaiah Hartenstein,,,a306b74e13d87d2f8d64b1e01c2cf958,2026-05-08,01:40,rebounds,5.5,-552.0,,True,draftkings,2026-05-06T14:54:07.488935
Isaiah Hartenstein,,,a306b74e13d87d2f8d64b1e01c2cf958,2026-05-08,01:40,rebounds,6.5,-288.0,,True,draftkings,2026-05-06T14:54:07.488937
Isaiah Hartenstein,,,a306b74e13d87d2f8d64b1e01c2cf958,2026-05-08,01:40,rebounds,7.5,-163.0,,True,draftkings,2026-05-06T14:54:07.488940
Isaiah Hartenstein,,,a306b74e13d87d2f8d64b1e01c2cf958,2026-05-08,01:40,rebounds,8.5,103.0,,True,draftkings,2026-05-06T14:54:07.488942
Isaiah Hartenstein,,,a306b74e13d87d2f8d64b1e01c2cf958,2026-05-08,01:40,rebounds,9.5,174.0,,True,draftkings,2026-05-06T14:54:07.488976
Isaiah Hartenstein,,,a306b74e13d87d2f8d64b1e01c2cf958,2026-05-08,01:40,rebounds,10.5,274.0,,True,draftkings,2026-05-06T14:54:07.488978
Isaiah Hartenstein,,,a306b74e13d87d2f8d64b1e01c2cf958,2026-05-08,01:40,rebounds,11.5,431.0,,True,draftkings,2026-05-06T14:54:07.488979
Isaiah Hartenstein,,,a306b74e13d87d2f8d64b1e01c2cf958,2026-05-08,01:40,rebounds,12.5,670.0,,True,draftkings,2026-05-06T14:54:07.488981
Isaiah Hartenstein,,,a306b74e13d87d2f8d64b1e01c2cf958,2026-05-08,01:40,rebounds,13.5,1040.0,,True,draftkings,2026-05-06T14:54:07.488985
Isaiah Hartenstein,,,a306b74e13d87d2f8d64b1e01c2cf958,2026-05-08,01:40,rebounds,14.5,1560.0,,True,draftkings,2026-05-06T14:54:07.488987
Isaiah Hartenstein,,,a306b74e13d87d2f8d64b1e01c2cf958,2026-05-08,01:40,rebounds,15.5,2200.0,,True,draftkings,2026-05-06T14:54:07.488988
LeBron James,,,a306b74e13d87d2f8d64b1e01c2cf958,2026-05-08,01:40,rebounds,2.5,-3800.0,,True,draftkings,2026-05-06T14:54:07.488990
LeBron James,,,a306b74e13d87d2f8d64b1e01c2cf958,2026-05-08,01:40,rebounds,3.5,-970.0,,True,draftkings,2026-05-06T14:54:07.488992
LeBron James,,,a306b74e13d87d2f8d64b1e01c2cf958,2026-05-08,01:40,rebounds,4.5,-425.0,,True,draftkings,2026-05-06T14:54:07.488993
LeBron James,,,a306b74e13d87d2f8d64b1e01c2cf958,2026-05-08,01:40,rebounds,5.5,-216.0,,True,draftkings,2026-05-06T14:54:07.488995
LeBron James,,,a306b74e13d87d2f8d64b1e01c2cf958,2026-05-08,01:40,rebounds,6.5,-119.0,,True,draftkings,2026-05-06T14:54:07.488998
LeBron James,,,a306b74e13d87d2f8d64b1e01c2cf958,2026-05-08,01:40,rebounds,7.5,143.0,,True,draftkings,2026-05-06T14:54:07.489000
LeBron James,,,a306b74e13d87d2f8d64b1e01c2cf958,2026-05-08,01:40,rebounds,8.5,239.0,,True,draftkings,2026-05-06T14:54:07.489002
LeBron James,,,a306b74e13d87d2f8d64b1e01c2cf958,2026-05-08,01:40,rebounds,9.5,397.0,,True,draftkings,2026-05-06T14:54:07.489003
LeBron James,,,a306b74e13d87d2f8d64b1e01c2cf958,2026-05-08,01:40,rebounds,10.5,650.0,,True,draftkings,2026-05-06T14:54:07.489005
LeBron James,,,a306b74e13d87d2f8d64b1e01c2cf958,2026-05-08,01:40,rebounds,11.5,1020.0,,True,draftkings,2026-05-06T14:54:07.489007
LeBron James,,,a306b74e13d87d2f8d64b1e01c2cf958,2026-05-08,01:40,rebounds,12.5,1540.0,,True,draftkings,2026-05-06T14:54:07.489008
LeBron James,,,a306b74e13d87d2f8d64b1e01c2cf958,2026-05-08,01:40,rebounds,13.5,2200.0,,True,draftkings,2026-05-06T14:54:07.489010
Austin Reaves,,,a306b74e13d87d2f8d64b1e01c2cf958,2026-05-08,01:40,rebounds,2.5,-620.0,,True,draftkings,2026-05-06T14:54:07.489012
Austin Reaves,,,a306b74e13d87d2f8d64b1e01c2cf958,2026-05-08,01:40,rebounds,3.5,-238.0,,True,draftkings,2026-05-06T14:54:07.489013
Austin Reaves,,,a306b74e13d87d2f8d64b1e01c2cf958,2026-05-08,01:40,rebounds,4.5,-111.0,,True,draftkings,2026-05-06T14:54:07.489015
Austin Reaves,,,a306b74e13d87d2f8d64b1e01c2cf958,2026-05-08,01:40,rebounds,5.5,180.0,,True,draftkings,2026-05-06T14:54:07.489017
Austin Reaves,,,a306b74e13d87d2f8d64b1e01c2cf958,2026-05-08,01:40,rebounds,6.5,346.0,,True,draftkings,2026-05-06T14:54:07.489018
Austin Reaves,,,a306b74e13d87d2f8d64b1e01c2cf958,2026-05-08,01:40,rebounds,7.5,630.0,,True,draftkings,2026-05-06T14:54:07.489020
Austin Reaves,,,a306b74e13d87d2f8d64b1e01c2cf958,2026-05-08,01:40,rebounds,8.5,1120.0,,True,draftkings,2026-05-06T14:54:07.489022
Austin Reaves,,,a306b74e13d87d2f8d64b1e01c2cf958,2026-05-08,01:40,rebounds,9.5,1900.0,,True,draftkings,2026-05-06T14:54:07.489023
Austin Reaves,,,a306b74e13d87d2f8d64b1e01c2cf958,2026-05-08,01:40,rebounds,10.5,2800.0,,True,draftkings,2026-05-06T14:54:07.489025
Jaxson Hayes,,,a306b74e13d87d2f8d64b1e01c2cf958,2026-05-08,01:40,rebounds,2.5,-377.0,,True,draftkings,2026-05-06T14:54:07.489027
Jaxson Hayes,,,a306b74e13d87d2f8d64b1e01c2cf958,2026-05-08,01:40,rebounds,3.5,-160.0,,True,draftkings,2026-05-06T14:54:07.489028
Jaxson Hayes,,,a306b74e13d87d2f8d64b1e01c2cf958,2026-05-08,01:40,rebounds,4.5,131.0,,True,draftkings,2026-05-06T14:54:07.489030
Jaxson Hayes,,,a306b74e13d87d2f8d64b1e01c2cf958,2026-05-08,01:40,rebounds,5.5,262.0,,True,draftkings,2026-05-06T14:54:07.489032
Jaxson Hayes,,,a306b74e13d87d2f8d64b1e01c2cf958,2026-05-08,01:40,rebounds,6.5,497.0,,True,draftkings,2026-05-06T14:54:07.489033
Jaxson Hayes,,,a306b74e13d87d2f8d64b1e01c2cf958,2026-05-08,01:40,rebounds,7.5,910.0,,True,draftkings,2026-05-06T14:54:07.489035
Jaxson Hayes,,,a306b74e13d87d2f8d64b1e01c2cf958,2026-05-08,01:40,rebounds,8.5,1620.0,,True,draftkings,2026-05-06T14:54:07.489037
Jaxson Hayes,,,a306b74e13d87d2f8d64b1e01c2cf958,2026-05-08,01:40,rebounds,9.5,2500.0,,True,draftkings,2026-05-06T14:54:07.489038
Jaylin Williams,,,a306b74e13d87d2f8d64b1e01c2cf958,2026-05-08,01:40,rebounds,2.5,-205.0,,True,draftkings,2026-05-06T14:54:07.489040
Jaylin Williams,,,a306b74e13d87d2f8d64b1e01c2cf958,2026-05-08,01:40,rebounds,3.5,106.0,,True,draftkings,2026-05-06T14:54:07.489042
Jaylin Williams,,,a306b74e13d87d2f8d64b1e01c2cf958,2026-05-08,01:40,rebounds,4.5,203.0,,True,draftkings,2026-05-06T14:54:07.489043
Jaylin Williams,,,a306b74e13d87d2f8d64b1e01c2cf958,2026-05-08,01:40,rebounds,5.5,374.0,,True,draftkings,2026-05-06T14:54:07.489045
Jaylin Williams,,,a306b74e13d87d2f8d64b1e01c2cf958,2026-05-08,01:40,rebounds,6.5,660.0,,True,draftkings,2026-05-06T14:54:07.489047
Jaylin Williams,,,a306b74e13d87d2f8d64b1e01c2cf958,2026-05-08,01:40,rebounds,7.5,1140.0,,True,draftkings,2026-05-06T14:54:07.489048
Jaylin Williams,,,a306b74e13d87d2f8d64b1e01c2cf958,2026-05-08,01:40,rebounds,8.5,1800.0,,True,draftkings,2026-05-06T14:54:07.489052
Jaylin Williams,,,a306b74e13d87d2f8d64b1e01c2cf958,2026-05-08,01:40,rebounds,9.5,2600.0,,True,draftkings,2026-05-06T14:54:07.489053
Rui Hachimura,,,a306b74e13d87d2f8d64b1e01c2cf958,2026-05-08,01:40,rebounds,2.5,-352.0,,True,draftkings,2026-05-06T14:54:07.489055
Rui Hachimura,,,a306b74e13d87d2f8d64b1e01c2cf958,2026-05-08,01:40,rebounds,3.5,-145.0,,True,draftkings,2026-05-06T14:54:07.489057
Rui Hachimura,,,a306b74e13d87d2f8d64b1e01c2cf958,2026-05-08,01:40,rebounds,4.5,145.0,,True,draftkings,2026-05-06T14:54:07.489058
Rui Hachimura,,,a306b74e13d87d2f8d64b1e01c2cf958,2026-05-08,01:40,rebounds,5.5,289.0,,True,draftkings,2026-05-06T14:54:07.489060
Rui Hachimura,,,a306b74e13d87d2f8d64b1e01c2cf958,2026-05-08,01:40,rebounds,6.5,557.0,,True,draftkings,2026-05-06T14:54:07.489062
Rui Hachimura,,,a306b74e13d87d2f8d64b1e01c2cf958,2026-05-08,01:40,rebounds,7.5,1040.0,,True,draftkings,2026-05-06T14:54:07.489063
Rui Hachimura,,,a306b74e13d87d2f8d64b1e01c2cf958,2026-05-08,01:40,rebounds,8.5,1820.0,,True,draftkings,2026-05-06T14:54:07.489065
Rui Hachimura,,,a306b74e13d87d2f8d64b1e01c2cf958,2026-05-08,01:40,rebounds,9.5,2700.0,,True,draftkings,2026-05-06T14:54:07.489067
Shai Gilgeous-Alexander,,,a306b74e13d87d2f8d64b1e01c2cf958,2026-05-08,01:40,rebounds,2.5,-430.0,,True,draftkings,2026-05-06T14:54:07.489068
Shai Gilgeous-Alexander,,,a306b74e13d87d2f8d64b1e01c2cf958,2026-05-08,01:40,rebounds,3.5,-172.0,,True,draftkings,2026-05-06T14:54:07.489070
Shai Gilgeous-Alexander,,,a306b74e13d87d2f8d64b1e01c2cf958,2026-05-08,01:40,rebounds,4.5,124.0,,True,draftkings,2026-05-06T14:54:07.489072
Shai Gilgeous-Alexander,,,a306b74e13d87d2f8d64b1e01c2cf958,2026-05-08,01:40,rebounds,5.5,252.0,,True,draftkings,2026-05-06T14:54:07.489075
Shai Gilgeous-Alexander,,,a306b74e13d87d2f8d64b1e01c2cf958,2026-05-08,01:40,rebounds,6.5,496.0,,True,draftkings,2026-05-06T14:54:07.489077
Shai Gilgeous-Alexander,,,a306b74e13d87d2f8d64b1e01c2cf958,2026-05-08,01:40,rebounds,7.5,960.0,,True,draftkings,2026-05-06T14:54:07.489078
Shai Gilgeous-Alexander,,,a306b74e13d87d2f8d64b1e01c2cf958,2026-05-08,01:40,rebounds,8.5,1700.0,,True,draftkings,2026-05-06T14:54:07.489080
Shai Gilgeous-Alexander,,,a306b74e13d87d2f8d64b1e01c2cf958,2026-05-08,01:40,rebounds,9.5,2700.0,,True,draftkings,2026-05-06T14:54:07.489082
Ajay Mitchell,,,a306b74e13d87d2f8d64b1e01c2cf958,2026-05-08,01:40,rebounds,2.5,-257.0,,True,draftkings,2026-05-06T14:54:07.489083
Ajay Mitchell,,,a306b74e13d87d2f8d64b1e01c2cf958,2026-05-08,01:40,rebounds,3.5,-107.0,,True,draftkings,2026-05-06T14:54:07.489085
Ajay Mitchell,,,a306b74e13d87d2f8d64b1e01c2cf958,2026-05-08,01:40,rebounds,4.5,200.0,,True,draftkings,2026-05-06T14:54:07.489088
Ajay Mitchell,,,a306b74e13d87d2f8d64b1e01c2cf958,2026-05-08,01:40,rebounds,5.5,407.0,,True,draftkings,2026-05-06T14:54:07.489090
Ajay Mitchell,,,a306b74e13d87d2f8d64b1e01c2cf958,2026-05-08,01:40,rebounds,6.5,800.0,,True,draftkings,2026-05-06T14:54:07.489092
Ajay Mitchell,,,a306b74e13d87d2f8d64b1e01c2cf958,2026-05-08,01:40,rebounds,7.5,1480.0,,True,draftkings,2026-05-06T14:54:07.489094
Ajay Mitchell,,,a306b74e13d87d2f8d64b1e01c2cf958,2026-05-08,01:40,rebounds,8.5,2500.0,,True,draftkings,2026-05-06T14:54:07.489095
Jake LaRavia,,,a306b74e13d87d2f8d64b1e01c2cf958,2026-05-08,01:40,rebounds,2.5,-140.0,,True,draftkings,2026-05-06T14:54:07.489097
Jake LaRavia,,,a306b74e13d87d2f8d64b1e01c2cf958,2026-05-08,01:40,rebounds,3.5,158.0,,True,draftkings,2026-05-06T14:54:07.489099
Jake LaRavia,,,a306b74e13d87d2f8d64b1e01c2cf958,2026-05-08,01:40,rebounds,4.5,328.0,,True,draftkings,2026-05-06T14:54:07.489100
Jake LaRavia,,,a306b74e13d87d2f8d64b1e01c2cf958,2026-05-08,01:40,rebounds,5.5,660.0,,True,draftkings,2026-05-06T14:54:07.489102
Jake LaRavia,,,a306b74e13d87d2f8d64b1e01c2cf958,2026-05-08,01:40,rebounds,6.5,1240.0,,True,draftkings,2026-05-06T14:54:07.489104
Jake LaRavia,,,a306b74e13d87d2f8d64b1e01c2cf958,2026-05-08,01:40,rebounds,7.5,2000.0,,True,draftkings,2026-05-06T14:54:07.489105
Marcus Smart,,,a306b74e13d87d2f8d64b1e01c2cf958,2026-05-08,01:40,rebounds,2.5,-176.0,,True,draftkings,2026-05-06T14:54:07.489107
Marcus Smart,,,a306b74e13d87d2f8d64b1e01c2cf958,2026-05-08,01:40,rebounds,3.5,135.0,,True,draftkings,2026-05-06T14:54:07.489110
Marcus Smart,,,a306b74e13d87d2f8d64b1e01c2cf958,2026-05-08,01:40,rebounds,4.5,289.0,,True,draftkings,2026-05-06T14:54:07.489112
Marcus Smart,,,a306b74e13d87d2f8d64b1e01c2cf958,2026-05-08,01:40,rebounds,5.5,587.0,,True,draftkings,2026-05-06T14:54:07.489114
Marcus Smart,,,a306b74e13d87d2f8d64b1e01c2cf958,2026-05-08,01:40,rebounds,6.5,1180.0,,True,draftkings,2026-05-06T14:54:07.489115
Marcus Smart,,,a306b74e13d87d2f8d64b1e01c2cf958,2026-05-08,01:40,rebounds,7.5,2100.0,,True,draftkings,2026-05-06T14:54:07.489117
Luke Kennard,,,a306b74e13d87d2f8d64b1e01c2cf958,2026-05-08,01:40,rebounds,2.5,-165.0,,True,draftkings,2026-05-06T14:54:07.489119
Luke Kennard,,,a306b74e13d87d2f8d64b1e01c2cf958,2026-05-08,01:40,rebounds,3.5,145.0,,True,draftkings,2026-05-06T14:54:07.489120
Luke Kennard,,,a306b74e13d87d2f8d64b1e01c2cf958,2026-05-08,01:40,rebounds,4.5,323.0,,True,draftkings,2026-05-06T14:54:07.489122
Luke Kennard,,,a306b74e13d87d2f8d64b1e01c2cf958,2026-05-08,01:40,rebounds,5.5,680.0,,True,draftkings,2026-05-06T14:54:07.489124
Luke Kennard,,,a306b74e13d87d2f8d64b1e01c2cf958,2026-05-08,01:40,rebounds,6.5,1380.0,,True,draftkings,2026-05-06T14:54:07.489125
Luke Kennard,,,a306b74e13d87d2f8d64b1e01c2cf958,2026-05-08,01:40,rebounds,7.5,2400.0,,True,draftkings,2026-05-06T14:54:07.489127
Luguentz Dort,,,a306b74e13d87d2f8d64b1e01c2cf958,2026-05-08,01:40,rebounds,2.5,-152.0,,True,draftkings,2026-05-06T14:54:07.489129
Luguentz Dort,,,a306b74e13d87d2f8d64b1e01c2cf958,2026-05-08,01:40,rebounds,3.5,157.0,,True,draftkings,2026-05-06T14:54:07.489130
Luguentz Dort,,,a306b74e13d87d2f8d64b1e01c2cf958,2026-05-08,01:40,rebounds,4.5,360.0,,True,draftkings,2026-05-06T14:54:07.489132
Luguentz Dort,,,a306b74e13d87d2f8d64b1e01c2cf958,2026-05-08,01:40,rebounds,5.5,740.0,,True,draftkings,2026-05-06T14:54:07.489134
Luguentz Dort,,,a306b74e13d87d2f8d64b1e01c2cf958,2026-05-08,01:40,rebounds,6.5,1500.0,,True,draftkings,2026-05-06T14:54:07.489135
Luguentz Dort,,,a306b74e13d87d2f8d64b1e01c2cf958,2026-05-08,01:40,rebounds,7.5,2500.0,,True,draftkings,2026-05-06T14:54:07.489137
Alex Caruso,,,a306b74e13d87d2f8d64b1e01c2cf958,2026-05-08,01:40,rebounds,2.5,-129.0,,True,draftkings,2026-05-06T14:54:07.489139
Alex Caruso,,,a306b74e13d87d2f8d64b1e01c2cf958,2026-05-08,01:40,rebounds,3.5,185.0,,True,draftkings,2026-05-06T14:54:07.489140
Alex Caruso,,,a306b74e13d87d2f8d64b1e01c2cf958,2026-05-08,01:40,rebounds,4.5,392.0,,True,draftkings,2026-05-06T14:54:07.489142
Alex Caruso,,,a306b74e13d87d2f8d64b1e01c2cf958,2026-05-08,01:40,rebounds,5.5,810.0,,True,draftkings,2026-05-06T14:54:07.489144
Alex Caruso,,,a306b74e13d87d2f8d64b1e01c2cf958,2026-05-08,01:40,rebounds,6.5,1580.0,,True,draftkings,2026-05-06T14:54:07.489145
Alex Caruso,,,a306b74e13d87d2f8d64b1e01c2cf958,2026-05-08,01:40,rebounds,7.5,2600.0,,True,draftkings,2026-05-06T14:54:07.489147
Cason Wallace,,,a306b74e13d87d2f8d64b1e01c2cf958,2026-05-08,01:40,rebounds,2.5,-125.0,,True,draftkings,2026-05-06T14:54:07.489149
Cason Wallace,,,a306b74e13d87d2f8d64b1e01c2cf958,2026-05-08,01:40,rebounds,3.5,196.0,,True,draftkings,2026-05-06T14:54:07.489150
Cason Wallace,,,a306b74e13d87d2f8d64b1e01c2cf958,2026-05-08,01:40,rebounds,4.5,438.0,,True,draftkings,2026-05-06T14:54:07.489152
Cason Wallace,,,a306b74e13d87d2f8d64b1e01c2cf958,2026-05-08,01:40,rebounds,5.5,930.0,,True,draftkings,2026-05-06T14:54:07.489154
Cason Wallace,,,a306b74e13d87d2f8d64b1e01c2cf958,2026-05-08,01:40,rebounds,6.5,1760.0,,True,draftkings,2026-05-06T14:54:07.489155
Cason Wallace,,,a306b74e13d87d2f8d64b1e01c2cf958,2026-05-08,01:40,rebounds,7.5,2900.0,,True,draftkings,2026-05-06T14:54:07.489157
Isaiah Joe,,,a306b74e13d87d2f8d64b1e01c2cf958,2026-05-08,01:40,rebounds,1.5,-136.0,,True,draftkings,2026-05-06T14:54:07.489159
Isaiah Joe,,,a306b74e13d87d2f8d64b1e01c2cf958,2026-05-08,01:40,rebounds,2.5,207.0,,True,draftkings,2026-05-06T14:54:07.489160
Isaiah Joe,,,a306b74e13d87d2f8d64b1e01c2cf958,2026-05-08,01:40,rebounds,3.5,497.0,,True,draftkings,2026-05-06T14:54:07.489162
Isaiah Joe,,,a306b74e13d87d2f8d64b1e01c2cf958,2026-05-08,01:40,rebounds,4.5,1140.0,,True,draftkings,2026-05-06T14:54:07.489167
Isaiah Joe,,,a306b74e13d87d2f8d64b1e01c2cf958,2026-05-08,01:40,rebounds,5.5,2100.0,,True,draftkings,2026-05-06T14:54:07.489169
Rui Hachimura,,,a306b74e13d87d2f8d64b1e01c2cf958,2026-05-08,01:40,threes,1.5,-179.0,135.0,False,draftkings,2026-05-06T14:54:07.489185
Austin Reaves,,,a306b74e13d87d2f8d64b1e01c2cf958,2026-05-08,01:40,threes,1.5,-163.0,123.0,False,draftkings,2026-05-06T14:54:07.489186
Luguentz Dort,,,a306b74e13d87d2f8d64b1e01c2cf958,2026-05-08,01:40,threes,1.5,-157.0,119.0,False,draftkings,2026-05-06T14:54:07.489188
Marcus Smart,,,a306b74e13d87d2f8d64b1e01c2cf958,2026-05-08,01:40,threes,1.5,-152.0,115.0,False,draftkings,2026-05-06T14:54:07.489190
Shai Gilgeous-Alexander,,,a306b74e13d87d2f8d64b1e01c2cf958,2026-05-08,01:40,threes,1.5,-121.0,-109.0,False,draftkings,2026-05-06T14:54:07.489191
Ajay Mitchell,,,a306b74e13d87d2f8d64b1e01c2cf958,2026-05-08,01:40,threes,1.5,104.0,-137.0,False,draftkings,2026-05-06T14:54:07.489193
Chet Holmgren,,,a306b74e13d87d2f8d64b1e01c2cf958,2026-05-08,01:40,threes,1.5,124.0,-164.0,False,draftkings,2026-05-06T14:54:07.489195
LeBron James,,,a306b74e13d87d2f8d64b1e01c2cf958,2026-05-08,01:40,threes,1.5,124.0,-164.0,False,draftkings,2026-05-06T14:54:07.489197
Rui Hachimura,,,a306b74e13d87d2f8d64b1e01c2cf958,2026-05-08,01:40,threes,0.5,-900.0,,True,draftkings,2026-05-06T14:54:07.489231
Rui Hachimura,,,a306b74e13d87d2f8d64b1e01c2cf958,2026-05-08,01:40,threes,1.5,-185.0,,True,draftkings,2026-05-06T14:54:07.489232
Rui Hachimura,,,a306b74e13d87d2f8d64b1e01c2cf958,2026-05-08,01:40,threes,2.5,159.0,,True,draftkings,2026-05-06T14:54:07.489234
Rui Hachimura,,,a306b74e13d87d2f8d64b1e01c2cf958,2026-05-08,01:40,threes,3.5,403.0,,True,draftkings,2026-05-06T14:54:07.489236
Rui Hachimura,,,a306b74e13d87d2f8d64b1e01c2cf958,2026-05-08,01:40,threes,4.5,930.0,,True,draftkings,2026-05-06T14:54:07.489237
Rui Hachimura,,,a306b74e13d87d2f8d64b1e01c2cf958,2026-05-08,01:40,threes,5.5,1980.0,,True,draftkings,2026-05-06T14:54:07.489239
Austin Reaves,,,a306b74e13d87d2f8d64b1e01c2cf958,2026-05-08,01:40,threes,0.5,-770.0,,True,draftkings,2026-05-06T14:54:07.489241
Austin Reaves,,,a306b74e13d87d2f8d64b1e01c2cf958,2026-05-08,01:40,threes,1.5,-164.0,,True,draftkings,2026-05-06T14:54:07.489242
Austin Reaves,,,a306b74e13d87d2f8d64b1e01c2cf958,2026-05-08,01:40,threes,2.5,177.0,,True,draftkings,2026-05-06T14:54:07.489244
Austin Reaves,,,a306b74e13d87d2f8d64b1e01c2cf958,2026-05-08,01:40,threes,3.5,446.0,,True,draftkings,2026-05-06T14:54:07.489246
Austin Reaves,,,a306b74e13d87d2f8d64b1e01c2cf958,2026-05-08,01:40,threes,4.5,1040.0,,True,draftkings,2026-05-06T14:54:07.489247
Austin Reaves,,,a306b74e13d87d2f8d64b1e01c2cf958,2026-05-08,01:40,threes,5.5,2100.0,,True,draftkings,2026-05-06T14:54:07.489249
Isaiah Joe,,,a306b74e13d87d2f8d64b1e01c2cf958,2026-05-08,01:40,threes,0.5,-519.0,,True,draftkings,2026-05-06T14:54:07.489251
Isaiah Joe,,,a306b74e13d87d2f8d64b1e01c2cf958,2026-05-08,01:40,threes,1.5,-126.0,,True,draftkings,2026-05-06T14:54:07.489252
Isaiah Joe,,,a306b74e13d87d2f8d64b1e01c2cf958,2026-05-08,01:40,threes,2.5,212.0,,True,draftkings,2026-05-06T14:54:07.489254
Isaiah Joe,,,a306b74e13d87d2f8d64b1e01c2cf958,2026-05-08,01:40,threes,3.5,510.0,,True,draftkings,2026-05-06T14:54:07.489256
Isaiah Joe,,,a306b74e13d87d2f8d64b1e01c2cf958,2026-05-08,01:40,threes,4.5,1100.0,,True,draftkings,2026-05-06T14:54:07.489257
Isaiah Joe,,,a306b74e13d87d2f8d64b1e01c2cf958,2026-05-08,01:40,threes,5.5,2100.0,,True,draftkings,2026-05-06T14:54:07.489259
Marcus Smart,,,a306b74e13d87d2f8d64b1e01c2cf958,2026-05-08,01:40,threes,0.5,-690.0,,True,draftkings,2026-05-06T14:54:07.489261
Marcus Smart,,,a306b74e13d87d2f8d64b1e01c2cf958,2026-05-08,01:40,threes,1.5,-151.0,,True,draftkings,2026-05-06T14:54:07.489262
Marcus Smart,,,a306b74e13d87d2f8d64b1e01c2cf958,2026-05-08,01:40,threes,2.5,194.0,,True,draftkings,2026-05-06T14:54:07.489264
Marcus Smart,,,a306b74e13d87d2f8d64b1e01c2cf958,2026-05-08,01:40,threes,3.5,503.0,,True,draftkings,2026-05-06T14:54:07.489266
Marcus Smart,,,a306b74e13d87d2f8d64b1e01c2cf958,2026-05-08,01:40,threes,4.5,1200.0,,True,draftkings,2026-05-06T14:54:07.489267
Marcus Smart,,,a306b74e13d87d2f8d64b1e01c2cf958,2026-05-08,01:40,threes,5.5,2400.0,,True,draftkings,2026-05-06T14:54:07.489269
Luguentz Dort,,,a306b74e13d87d2f8d64b1e01c2cf958,2026-05-08,01:40,threes,0.5,-730.0,,True,draftkings,2026-05-06T14:54:07.489271
Luguentz Dort,,,a306b74e13d87d2f8d64b1e01c2cf958,2026-05-08,01:40,threes,1.5,-155.0,,True,draftkings,2026-05-06T14:54:07.489272
Luguentz Dort,,,a306b74e13d87d2f8d64b1e01c2cf958,2026-05-08,01:40,threes,2.5,196.0,,True,draftkings,2026-05-06T14:54:07.489274
Luguentz Dort,,,a306b74e13d87d2f8d64b1e01c2cf958,2026-05-08,01:40,threes,3.5,522.0,,True,draftkings,2026-05-06T14:54:07.489276
Luguentz Dort,,,a306b74e13d87d2f8d64b1e01c2cf958,2026-05-08,01:40,threes,4.5,1220.0,,True,draftkings,2026-05-06T14:54:07.489277
Luguentz Dort,,,a306b74e13d87d2f8d64b1e01c2cf958,2026-05-08,01:40,threes,5.5,2500.0,,True,draftkings,2026-05-06T14:54:07.489279
Shai Gilgeous-Alexander,,,a306b74e13d87d2f8d64b1e01c2cf958,2026-05-08,01:40,threes,0.5,-585.0,,True,draftkings,2026-05-06T14:54:07.489281
Shai Gilgeous-Alexander,,,a306b74e13d87d2f8d64b1e01c2cf958,2026-05-08,01:40,threes,1.5,-124.0,,True,draftkings,2026-05-06T14:54:07.489282
Shai Gilgeous-Alexander,,,a306b74e13d87d2f8d64b1e01c2cf958,2026-05-08,01:40,threes,2.5,244.0,,True,draftkings,2026-05-06T14:54:07.489284
Shai Gilgeous-Alexander,,,a306b74e13d87d2f8d64b1e01c2cf958,2026-05-08,01:40,threes,3.5,670.0,,True,draftkings,2026-05-06T14:54:07.489286
Shai Gilgeous-Alexander,,,a306b74e13d87d2f8d64b1e01c2cf958,2026-05-08,01:40,threes,4.5,1560.0,,True,draftkings,2026-05-06T14:54:07.489287
Shai Gilgeous-Alexander,,,a306b74e13d87d2f8d64b1e01c2cf958,2026-05-08,01:40,threes,5.5,2900.0,,True,draftkings,2026-05-06T14:54:07.489289
LeBron James,,,a306b74e13d87d2f8d64b1e01c2cf958,2026-05-08,01:40,threes,0.5,-333.0,,True,draftkings,2026-05-06T14:54:07.489291
LeBron James,,,a306b74e13d87d2f8d64b1e01c2cf958,2026-05-08,01:40,threes,1.5,126.0,,True,draftkings,2026-05-06T14:54:07.489292
LeBron James,,,a306b74e13d87d2f8d64b1e01c2cf958,2026-05-08,01:40,threes,2.5,381.0,,True,draftkings,2026-05-06T14:54:07.489294
LeBron James,,,a306b74e13d87d2f8d64b1e01c2cf958,2026-05-08,01:40,threes,3.5,970.0,,True,draftkings,2026-05-06T14:54:07.489296
LeBron James,,,a306b74e13d87d2f8d64b1e01c2cf958,2026-05-08,01:40,threes,4.5,2100.0,,True,draftkings,2026-05-06T14:54:07.489297
Ajay Mitchell,,,a306b74e13d87d2f8d64b1e01c2cf958,2026-05-08,01:40,threes,0.5,-446.0,,True,draftkings,2026-05-06T14:54:07.489299
Ajay Mitchell,,,a306b74e13d87d2f8d64b1e01c2cf958,2026-05-08,01:40,threes,1.5,104.0,,True,draftkings,2026-05-06T14:54:07.489303
Ajay Mitchell,,,a306b74e13d87d2f8d64b1e01c2cf958,2026-05-08,01:40,threes,2.5,332.0,,True,draftkings,2026-05-06T14:54:07.489305
Ajay Mitchell,,,a306b74e13d87d2f8d64b1e01c2cf958,2026-05-08,01:40,threes,3.5,950.0,,True,draftkings,2026-05-06T14:54:07.489306
Ajay Mitchell,,,a306b74e13d87d2f8d64b1e01c2cf958,2026-05-08,01:40,threes,4.5,2200.0,,True,draftkings,2026-05-06T14:54:07.489308
Alex Caruso,,,a306b74e13d87d2f8d64b1e01c2cf958,2026-05-08,01:40,threes,0.5,-289.0,,True,draftkings,2026-05-06T14:54:07.489309
Alex Caruso,,,a306b74e13d87d2f8d64b1e01c2cf958,2026-05-08,01:40,threes,1.5,150.0,,True,draftkings,2026-05-06T14:54:07.489311
Alex Caruso,,,a306b74e13d87d2f8d64b1e01c2cf958,2026-05-08,01:40,threes,2.5,467.0,,True,draftkings,2026-05-06T14:54:07.489313
Alex Caruso,,,a306b74e13d87d2f8d64b1e01c2cf958,2026-05-08,01:40,threes,3.5,1240.0,,True,draftkings,2026-05-06T14:54:07.489314
Alex Caruso,,,a306b74e13d87d2f8d64b1e01c2cf958,2026-05-08,01:40,threes,4.5,2400.0,,True,draftkings,2026-05-06T14:54:07.489316
Chet Holmgren,,,a306b74e13d87d2f8d64b1e01c2cf958,2026-05-08,01:40,threes,0.5,-369.0,,True,draftkings,2026-05-06T14:54:07.489318
Chet Holmgren,,,a306b74e13d87d2f8d64b1e01c2cf958,2026-05-08,01:40,threes,1.5,123.0,,True,draftkings,2026-05-06T14:54:07.489319
Chet Holmgren,,,a306b74e13d87d2f8d64b1e01c2cf958,2026-05-08,01:40,threes,2.5,395.0,,True,draftkings,2026-05-06T14:54:07.489321
Chet Holmgren,,,a306b74e13d87d2f8d64b1e01c2cf958,2026-05-08,01:40,threes,3.5,1120.0,,True,draftkings,2026-05-06T14:54:07.489323
Chet Holmgren,,,a306b74e13d87d2f8d64b1e01c2cf958,2026-05-08,01:40,threes,4.5,2400.0,,True,draftkings,2026-05-06T14:54:07.489324
Jaylin Williams,,,a306b74e13d87d2f8d64b1e01c2cf958,2026-05-08,01:40,threes,0.5,-211.0,,True,draftkings,2026-05-06T14:54:07.489326
Jaylin Williams,,,a306b74e13d87d2f8d64b1e01c2cf958,2026-05-08,01:40,threes,1.5,186.0,,True,draftkings,2026-05-06T14:54:07.489328
Jaylin Williams,,,a306b74e13d87d2f8d64b1e01c2cf958,2026-05-08,01:40,threes,2.5,524.0,,True,draftkings,2026-05-06T14:54:07.489329
Jaylin Williams,,,a306b74e13d87d2f8d64b1e01c2cf958,2026-05-08,01:40,threes,3.5,1300.0,,True,draftkings,2026-05-06T14:54:07.489331
Jaylin Williams,,,a306b74e13d87d2f8d64b1e01c2cf958,2026-05-08,01:40,threes,4.5,2500.0,,True,draftkings,2026-05-06T14:54:07.489333
Cason Wallace,,,a306b74e13d87d2f8d64b1e01c2cf958,2026-05-08,01:40,threes,0.5,-303.0,,True,draftkings,2026-05-06T14:54:07.489334
Cason Wallace,,,a306b74e13d87d2f8d64b1e01c2cf958,2026-05-08,01:40,threes,1.5,147.0,,True,draftkings,2026-05-06T14:54:07.489336
Cason Wallace,,,a306b74e13d87d2f8d64b1e01c2cf958,2026-05-08,01:40,threes,2.5,482.0,,True,draftkings,2026-05-06T14:54:07.489338
Cason Wallace,,,a306b74e13d87d2f8d64b1e01c2cf958,2026-05-08,01:40,threes,3.5,1300.0,,True,draftkings,2026-05-06T14:54:07.489339
Cason Wallace,,,a306b74e13d87d2f8d64b1e01c2cf958,2026-05-08,01:40,threes,4.5,2700.0,,True,draftkings,2026-05-06T14:54:07.489341
Luke Kennard,,,a306b74e13d87d2f8d64b1e01c2cf958,2026-05-08,01:40,threes,0.5,-299.0,,True,draftkings,2026-05-06T14:54:07.489343
Luke Kennard,,,a306b74e13d87d2f8d64b1e01c2cf958,2026-05-08,01:40,threes,1.5,146.0,,True,draftkings,2026-05-06T14:54:07.489344
Luke Kennard,,,a306b74e13d87d2f8d64b1e01c2cf958,2026-05-08,01:40,threes,2.5,462.0,,True,draftkings,2026-05-06T14:54:07.489346
Luke Kennard,,,a306b74e13d87d2f8d64b1e01c2cf958,2026-05-08,01:40,threes,3.5,1260.0,,True,draftkings,2026-05-06T14:54:07.489349
Luke Kennard,,,a306b74e13d87d2f8d64b1e01c2cf958,2026-05-08,01:40,threes,4.5,2700.0,,True,draftkings,2026-05-06T14:54:07.489351
Jake LaRavia,,,a306b74e13d87d2f8d64b1e01c2cf958,2026-05-08,01:40,threes,0.5,137.0,,True,draftkings,2026-05-06T14:54:07.489353
Jake LaRavia,,,a306b74e13d87d2f8d64b1e01c2cf958,2026-05-08,01:40,threes,1.5,690.0,,True,draftkings,2026-05-06T14:54:07.489354
Jake LaRavia,,,a306b74e13d87d2f8d64b1e01c2cf958,2026-05-08,01:40,threes,2.5,2200.0,,True,draftkings,2026-05-06T14:54:07.489356
Jalen Brunson,,,d146e10295545e18ac8915a1f5860317,2026-05-06,23:10,assists,6.5,100.0,-135.0,False,betmgm,2026-05-06T14:54:06.897135
VJ Edgecombe,,,d146e10295545e18ac8915a1f5860317,2026-05-06,23:10,assists,3.5,125.0,-165.0,False,betmgm,2026-05-06T14:54:06.897137
Karl-Anthony Towns,,,d146e10295545e18ac8915a1f5860317,2026-05-06,23:10,assists,4.5,130.0,-165.0,False,betmgm,2026-05-06T14:54:06.897139
Joel Embiid,,,d146e10295545e18ac8915a1f5860317,2026-05-06,23:10,assists,4.5,-115.0,-115.0,False,betmgm,2026-05-06T14:54:06.897140
Mikal Bridges,,,d146e10295545e18ac8915a1f5860317,2026-05-06,23:10,assists,2.5,-120.0,-110.0,False,betmgm,2026-05-06T14:54:06.897142
Paul George,,,d146e10295545e18ac8915a1f5860317,2026-05-06,23:10,assists,3.5,-105.0,-125.0,False,betmgm,2026-05-06T14:54:06.897144
Tyrese Maxey,,,d146e10295545e18ac8915a1f5860317,2026-05-06,23:10,assists,6.5,120.0,-160.0,False,betmgm,2026-05-06T14:54:06.897145
OG Anunoby,,,d146e10295545e18ac8915a1f5860317,2026-05-06,23:10,assists,1.5,-155.0,115.0,False,betmgm,2026-05-06T14:54:06.897147
Kelly Oubre Jr,,,d146e10295545e18ac8915a1f5860317,2026-05-06,23:10,assists,1.5,130.0,-175.0,False,betmgm,2026-05-06T14:54:06.897149
Josh Hart,,,d146e10295545e18ac8915a1f5860317,2026-05-06,23:10,assists,5.5,115.0,-155.0,False,betmgm,2026-05-06T14:54:06.897150
Miles McBride,,,d146e10295545e18ac8915a1f5860317,2026-05-06,23:10,assists,1.5,-130.0,-105.0,False,betmgm,2026-05-06T14:54:06.897152
Quentin Grimes,,,d146e10295545e18ac8915a1f5860317,2026-05-06,23:10,assists,1.5,-165.0,125.0,False,betmgm,2026-05-06T14:54:06.897154
Mikal Bridges,,,d146e10295545e18ac8915a1f5860317,2026-05-06,23:10,assists,4.5,450.0,,True,betmgm,2026-05-06T14:54:06.897166
Karl-Anthony Towns,,,d146e10295545e18ac8915a1f5860317,2026-05-06,23:10,assists,4.5,-105.0,,True,betmgm,2026-05-06T14:54:06.897168
Josh Hart,,,d146e10295545e18ac8915a1f5860317,2026-05-06,23:10,assists,4.5,-175.0,,True,betmgm,2026-05-06T14:54:06.897170
Mikal Bridges,,,d146e10295545e18ac8915a1f5860317,2026-05-06,23:10,assists,2.5,-125.0,,True,betmgm,2026-05-06T14:54:06.897174
Jalen Brunson,,,d146e10295545e18ac8915a1f5860317,2026-05-06,23:10,assists,4.5,-450.0,,True,betmgm,2026-05-06T14:54:06.897175
Josh Hart,,,d146e10295545e18ac8915a1f5860317,2026-05-06,23:10,assists,6.5,225.0,,True,betmgm,2026-05-06T14:54:06.897177
VJ Edgecombe,,,d146e10295545e18ac8915a1f5860317,2026-05-06,23:10,assists,2.5,-190.0,,True,betmgm,2026-05-06T14:54:06.897178
Tyrese Maxey,,,d146e10295545e18ac8915a1f5860317,2026-05-06,23:10,assists,4.5,-325.0,,True,betmgm,2026-05-06T14:54:06.897180
Jalen Brunson,,,d146e10295545e18ac8915a1f5860317,2026-05-06,23:10,assists,6.5,100.0,,True,betmgm,2026-05-06T14:54:06.897182
Joel Embiid,,,d146e10295545e18ac8915a1f5860317,2026-05-06,23:10,assists,6.5,325.0,,True,betmgm,2026-05-06T14:54:06.897183
Paul George,,,d146e10295545e18ac8915a1f5860317,2026-05-06,23:10,assists,6.5,775.0,,True,betmgm,2026-05-06T14:54:06.897187
Joel Embiid,,,d146e10295545e18ac8915a1f5860317,2026-05-06,23:10,assists,2.5,-650.0,,True,betmgm,2026-05-06T14:54:06.897189
Karl-Anthony Towns,,,d146e10295545e18ac8915a1f5860317,2026-05-06,23:10,assists,6.5,360.0,,True,betmgm,2026-05-06T14:54:06.897191
Jalen Brunson,,,d146e10295545e18ac8915a1f5860317,2026-05-06,23:10,assists,9.5,550.0,,True,betmgm,2026-05-06T14:54:06.897192
Tyrese Maxey,,,d146e10295545e18ac8915a1f5860317,2026-05-06,23:10,assists,9.5,625.0,,True,betmgm,2026-05-06T14:54:06.897194
Paul George,,,d146e10295545e18ac8915a1f5860317,2026-05-06,23:10,assists,2.5,-250.0,,True,betmgm,2026-05-06T14:54:06.897195
Josh Hart,,,d146e10295545e18ac8915a1f5860317,2026-05-06,23:10,assists,2.5,-1100.0,,True,betmgm,2026-05-06T14:54:06.897197
Tyrese Maxey,,,d146e10295545e18ac8915a1f5860317,2026-05-06,23:10,assists,6.5,115.0,,True,betmgm,2026-05-06T14:54:06.897199
Paul George,,,d146e10295545e18ac8915a1f5860317,2026-05-06,23:10,assists,4.5,200.0,,True,betmgm,2026-05-06T14:54:06.897200
Karl-Anthony Towns,,,d146e10295545e18ac8915a1f5860317,2026-05-06,23:10,assists,2.5,-625.0,,True,betmgm,2026-05-06T14:54:06.897202
VJ Edgecombe,,,d146e10295545e18ac8915a1f5860317,2026-05-06,23:10,assists,4.5,275.0,,True,betmgm,2026-05-06T14:54:06.897204
Joel Embiid,,,d146e10295545e18ac8915a1f5860317,2026-05-06,23:10,assists,4.5,-115.0,,True,betmgm,2026-05-06T14:54:06.897206
Josh Hart,,,d146e10295545e18ac8915a1f5860317,2026-05-06,23:10,points,11.5,-105.0,-125.0,False,betmgm,2026-05-06T14:54:06.897220
Tyrese Maxey,,,d146e10295545e18ac8915a1f5860317,2026-05-06,23:10,points,24.5,-125.0,-105.0,False,betmgm,2026-05-06T14:54:06.897222
VJ Edgecombe,,,d146e10295545e18ac8915a1f5860317,2026-05-06,23:10,points,11.5,-125.0,-105.0,False,betmgm,2026-05-06T14:54:06.897226
Kelly Oubre Jr,,,d146e10295545e18ac8915a1f5860317,2026-05-06,23:10,points,10.5,-125.0,-105.0,False,betmgm,2026-05-06T14:54:06.897227
Paul George,,,d146e10295545e18ac8915a1f5860317,2026-05-06,23:10,points,14.5,-125.0,-105.0,False,betmgm,2026-05-06T14:54:06.897229
Jalen Brunson,,,d146e10295545e18ac8915a1f5860317,2026-05-06,23:10,points,26.5,-125.0,-105.0,False,betmgm,2026-05-06T14:54:06.897231
OG Anunoby,,,d146e10295545e18ac8915a1f5860317,2026-05-06,23:10,points,17.5,-105.0,-125.0,False,betmgm,2026-05-06T14:54:06.897232
Karl-Anthony Towns,,,d146e10295545e18ac8915a1f5860317,2026-05-06,23:10,points,18.5,-130.0,-105.0,False,betmgm,2026-05-06T14:54:06.897234
Mikal Bridges,,,d146e10295545e18ac8915a1f5860317,2026-05-06,23:10,points,11.5,-115.0,-115.0,False,betmgm,2026-05-06T14:54:06.897236
Joel Embiid,,,d146e10295545e18ac8915a1f5860317,2026-05-06,23:10,points,27.5,-111.0,-120.0,False,betmgm,2026-05-06T14:54:06.897237
Mitchell Robinson,,,d146e10295545e18ac8915a1f5860317,2026-05-06,23:10,points,4.5,-120.0,-110.0,False,betmgm,2026-05-06T14:54:06.897239
Miles McBride,,,d146e10295545e18ac8915a1f5860317,2026-05-06,23:10,points,6.5,-130.0,-105.0,False,betmgm,2026-05-06T14:54:06.897241
Jordan Clarkson,,,d146e10295545e18ac8915a1f5860317,2026-05-06,23:10,points,5.5,-111.0,-118.0,False,betmgm,2026-05-06T14:54:06.897242
Quentin Grimes,,,d146e10295545e18ac8915a1f5860317,2026-05-06,23:10,points,6.5,-105.0,-125.0,False,betmgm,2026-05-06T14:54:06.897244
Josh Hart,,,d146e10295545e18ac8915a1f5860317,2026-05-06,23:10,points,19.5,750.0,,True,betmgm,2026-05-06T14:54:06.897266
Karl-Anthony Towns,,,d146e10295545e18ac8915a1f5860317,2026-05-06,23:10,points,14.5,-375.0,,True,betmgm,2026-05-06T14:54:06.897267
Mikal Bridges,,,d146e10295545e18ac8915a1f5860317,2026-05-06,23:10,points,14.5,200.0,,True,betmgm,2026-05-06T14:54:06.897334
Mikal Bridges,,,d146e10295545e18ac8915a1f5860317,2026-05-06,23:10,points,19.5,700.0,,True,betmgm,2026-05-06T14:54:06.897337
Karl-Anthony Towns,,,d146e10295545e18ac8915a1f5860317,2026-05-06,23:10,points,24.5,300.0,,True,betmgm,2026-05-06T14:54:06.897338
Karl-Anthony Towns,,,d146e10295545e18ac8915a1f5860317,2026-05-06,23:10,points,29.5,825.0,,True,betmgm,2026-05-06T14:54:06.897340
Karl-Anthony Towns,,,d146e10295545e18ac8915a1f5860317,2026-05-06,23:10,points,19.5,-105.0,,True,betmgm,2026-05-06T14:54:06.897344
Josh Hart,,,d146e10295545e18ac8915a1f5860317,2026-05-06,23:10,points,9.5,-200.0,,True,betmgm,2026-05-06T14:54:06.897346
Jalen Brunson,,,d146e10295545e18ac8915a1f5860317,2026-05-06,23:10,points,29.5,145.0,,True,betmgm,2026-05-06T14:54:06.897347
Josh Hart,,,d146e10295545e18ac8915a1f5860317,2026-05-06,23:10,points,14.5,210.0,,True,betmgm,2026-05-06T14:54:06.897349
Tyrese Maxey,,,d146e10295545e18ac8915a1f5860317,2026-05-06,23:10,points,24.5,-110.0,,True,betmgm,2026-05-06T14:54:06.897351
VJ Edgecombe,,,d146e10295545e18ac8915a1f5860317,2026-05-06,23:10,points,19.5,600.0,,True,betmgm,2026-05-06T14:54:06.897352
OG Anunoby,,,d146e10295545e18ac8915a1f5860317,2026-05-06,23:10,points,14.5,-225.0,,True,betmgm,2026-05-06T14:54:06.897354
Jalen Brunson,,,d146e10295545e18ac8915a1f5860317,2026-05-06,23:10,points,34.5,380.0,,True,betmgm,2026-05-06T14:54:06.897356
Kelly Oubre Jr,,,d146e10295545e18ac8915a1f5860317,2026-05-06,23:10,points,9.5,-175.0,,True,betmgm,2026-05-06T14:54:06.897357
Paul George,,,d146e10295545e18ac8915a1f5860317,2026-05-06,23:10,points,14.5,-125.0,,True,betmgm,2026-05-06T14:54:06.897359
Joel Embiid,,,d146e10295545e18ac8915a1f5860317,2026-05-06,23:10,points,24.5,-210.0,,True,betmgm,2026-05-06T14:54:06.897361
Tyrese Maxey,,,d146e10295545e18ac8915a1f5860317,2026-05-06,23:10,points,14.5,-1400.0,,True,betmgm,2026-05-06T14:54:06.897362
Paul George,,,d146e10295545e18ac8915a1f5860317,2026-05-06,23:10,points,19.5,250.0,,True,betmgm,2026-05-06T14:54:06.897364
Paul George,,,d146e10295545e18ac8915a1f5860317,2026-05-06,23:10,points,24.5,700.0,,True,betmgm,2026-05-06T14:54:06.897366
Tyrese Maxey,,,d146e10295545e18ac8915a1f5860317,2026-05-06,23:10,points,34.5,600.0,,True,betmgm,2026-05-06T14:54:06.897367
Joel Embiid,,,d146e10295545e18ac8915a1f5860317,2026-05-06,23:10,points,19.5,-700.0,,True,betmgm,2026-05-06T14:54:06.897369
OG Anunoby,,,d146e10295545e18ac8915a1f5860317,2026-05-06,23:10,points,19.5,150.0,,True,betmgm,2026-05-06T14:54:06.897371
Kelly Oubre Jr,,,d146e10295545e18ac8915a1f5860317,2026-05-06,23:10,points,19.5,825.0,,True,betmgm,2026-05-06T14:54:06.897372
OG Anunoby,,,d146e10295545e18ac8915a1f5860317,2026-05-06,23:10,points,9.5,-1200.0,,True,betmgm,2026-05-06T14:54:06.897374
Jalen Brunson,,,d146e10295545e18ac8915a1f5860317,2026-05-06,23:10,points,19.5,-700.0,,True,betmgm,2026-05-06T14:54:06.897376
VJ Edgecombe,,,d146e10295545e18ac8915a1f5860317,2026-05-06,23:10,points,9.5,-235.0,,True,betmgm,2026-05-06T14:54:06.897377
Tyrese Maxey,,,d146e10295545e18ac8915a1f5860317,2026-05-06,23:10,points,19.5,-325.0,,True,betmgm,2026-05-06T14:54:06.897379
Mikal Bridges,,,d146e10295545e18ac8915a1f5860317,2026-05-06,23:10,points,9.5,-210.0,,True,betmgm,2026-05-06T14:54:06.897381
Joel Embiid,,,d146e10295545e18ac8915a1f5860317,2026-05-06,23:10,points,34.5,340.0,,True,betmgm,2026-05-06T14:54:06.897382
Tyrese Maxey,,,d146e10295545e18ac8915a1f5860317,2026-05-06,23:10,points,29.5,240.0,,True,betmgm,2026-05-06T14:54:06.897384
Kelly Oubre Jr,,,d146e10295545e18ac8915a1f5860317,2026-05-06,23:10,points,14.5,240.0,,True,betmgm,2026-05-06T14:54:06.897391
VJ Edgecombe,,,d146e10295545e18ac8915a1f5860317,2026-05-06,23:10,points,14.5,175.0,,True,betmgm,2026-05-06T14:54:06.897392
Jalen Brunson,,,d146e10295545e18ac8915a1f5860317,2026-05-06,23:10,points,24.5,-200.0,,True,betmgm,2026-05-06T14:54:06.897394
Paul George,,,d146e10295545e18ac8915a1f5860317,2026-05-06,23:10,points,9.5,-550.0,,True,betmgm,2026-05-06T14:54:06.897396
Joel Embiid,,,d146e10295545e18ac8915a1f5860317,2026-05-06,23:10,points,29.5,130.0,,True,betmgm,2026-05-06T14:54:06.897397
OG Anunoby,,,d146e10295545e18ac8915a1f5860317,2026-05-06,23:10,points,24.5,450.0,,True,betmgm,2026-05-06T14:54:06.897399
Joel Embiid,,,d146e10295545e18ac8915a1f5860317,2026-05-06,23:10,points,39.5,825.0,,True,betmgm,2026-05-06T14:54:06.897402
Miles McBride,,,d146e10295545e18ac8915a1f5860317,2026-05-06,23:10,points,14.5,700.0,,True,betmgm,2026-05-06T14:54:06.897404
Jordan Clarkson,,,d146e10295545e18ac8915a1f5860317,2026-05-06,23:10,points,9.5,333.0,,True,betmgm,2026-05-06T14:54:06.897408
Miles McBride,,,d146e10295545e18ac8915a1f5860317,2026-05-06,23:10,points,9.5,195.0,,True,betmgm,2026-05-06T14:54:06.897409
Quentin Grimes,,,d146e10295545e18ac8915a1f5860317,2026-05-06,23:10,points,9.5,250.0,,True,betmgm,2026-05-06T14:54:06.897411
Mitchell Robinson,,,d146e10295545e18ac8915a1f5860317,2026-05-06,23:10,points,9.5,525.0,,True,betmgm,2026-05-06T14:54:06.897412
Paul George,,,d146e10295545e18ac8915a1f5860317,2026-05-06,23:10,rebounds,5.5,105.0,-140.0,False,betmgm,2026-05-06T14:54:06.897428
Tyrese Maxey,,,d146e10295545e18ac8915a1f5860317,2026-05-06,23:10,rebounds,3.5,-160.0,120.0,False,betmgm,2026-05-06T14:54:06.897430
Kelly Oubre Jr,,,d146e10295545e18ac8915a1f5860317,2026-05-06,23:10,rebounds,5.5,-105.0,-125.0,False,betmgm,2026-05-06T14:54:06.897431
OG Anunoby,,,d146e10295545e18ac8915a1f5860317,2026-05-06,23:10,rebounds,5.5,-120.0,-110.0,False,betmgm,2026-05-06T14:54:06.897433
Mikal Bridges,,,d146e10295545e18ac8915a1f5860317,2026-05-06,23:10,rebounds,2.5,-150.0,110.0,False,betmgm,2026-05-06T14:54:06.897435
Joel Embiid,,,d146e10295545e18ac8915a1f5860317,2026-05-06,23:10,rebounds,8.5,100.0,-135.0,False,betmgm,2026-05-06T14:54:06.897436
Jalen Brunson,,,d146e10295545e18ac8915a1f5860317,2026-05-06,23:10,rebounds,2.5,-175.0,130.0,False,betmgm,2026-05-06T14:54:06.897438
Josh Hart,,,d146e10295545e18ac8915a1f5860317,2026-05-06,23:10,rebounds,9.5,105.0,-140.0,False,betmgm,2026-05-06T14:54:06.897440
Karl-Anthony Towns,,,d146e10295545e18ac8915a1f5860317,2026-05-06,23:10,rebounds,10.5,-140.0,105.0,False,betmgm,2026-05-06T14:54:06.897441
Miles McBride,,,d146e10295545e18ac8915a1f5860317,2026-05-06,23:10,rebounds,1.5,100.0,-135.0,False,betmgm,2026-05-06T14:54:06.897443
Mitchell Robinson,,,d146e10295545e18ac8915a1f5860317,2026-05-06,23:10,rebounds,7.5,110.0,-150.0,False,betmgm,2026-05-06T14:54:06.897445
Quentin Grimes,,,d146e10295545e18ac8915a1f5860317,2026-05-06,23:10,rebounds,2.5,105.0,-140.0,False,betmgm,2026-05-06T14:54:06.897446
VJ Edgecombe,,,d146e10295545e18ac8915a1f5860317,2026-05-06,23:10,rebounds,4.5,-140.0,105.0,False,betmgm,2026-05-06T14:54:06.897448
Jalen Brunson,,,d146e10295545e18ac8915a1f5860317,2026-05-06,23:10,rebounds,2.5,-175.0,,True,betmgm,2026-05-06T14:54:06.897468
Karl-Anthony Towns,,,d146e10295545e18ac8915a1f5860317,2026-05-06,23:10,rebounds,9.5,-235.0,,True,betmgm,2026-05-06T14:54:06.897470
Mikal Bridges,,,d146e10295545e18ac8915a1f5860317,2026-05-06,23:10,rebounds,2.5,-150.0,,True,betmgm,2026-05-06T14:54:06.897472
Mikal Bridges,,,d146e10295545e18ac8915a1f5860317,2026-05-06,23:10,rebounds,4.5,340.0,,True,betmgm,2026-05-06T14:54:06.897473
Josh Hart,,,d146e10295545e18ac8915a1f5860317,2026-05-06,23:10,rebounds,9.5,-115.0,,True,betmgm,2026-05-06T14:54:06.897475
Karl-Anthony Towns,,,d146e10295545e18ac8915a1f5860317,2026-05-06,23:10,rebounds,6.5,-1600.0,,True,betmgm,2026-05-06T14:54:06.897477
Josh Hart,,,d146e10295545e18ac8915a1f5860317,2026-05-06,23:10,rebounds,12.5,360.0,,True,betmgm,2026-05-06T14:54:06.897478
Kelly Oubre Jr,,,d146e10295545e18ac8915a1f5860317,2026-05-06,23:10,rebounds,6.5,175.0,,True,betmgm,2026-05-06T14:54:06.897480
Karl-Anthony Towns,,,d146e10295545e18ac8915a1f5860317,2026-05-06,23:10,rebounds,12.5,175.0,,True,betmgm,2026-05-06T14:54:06.897482
Karl-Anthony Towns,,,d146e10295545e18ac8915a1f5860317,2026-05-06,23:10,rebounds,14.5,390.0,,True,betmgm,2026-05-06T14:54:06.897483
Kelly Oubre Jr,,,d146e10295545e18ac8915a1f5860317,2026-05-06,23:10,rebounds,2.5,-1400.0,,True,betmgm,2026-05-06T14:54:06.897485
Tyrese Maxey,,,d146e10295545e18ac8915a1f5860317,2026-05-06,23:10,rebounds,2.5,-400.0,,True,betmgm,2026-05-06T14:54:06.897487
Josh Hart,,,d146e10295545e18ac8915a1f5860317,2026-05-06,23:10,rebounds,6.5,-700.0,,True,betmgm,2026-05-06T14:54:06.897488
VJ Edgecombe,,,d146e10295545e18ac8915a1f5860317,2026-05-06,23:10,rebounds,4.5,-140.0,,True,betmgm,2026-05-06T14:54:06.897492
Kelly Oubre Jr,,,d146e10295545e18ac8915a1f5860317,2026-05-06,23:10,rebounds,4.5,-210.0,,True,betmgm,2026-05-06T14:54:06.897494
VJ Edgecombe,,,d146e10295545e18ac8915a1f5860317,2026-05-06,23:10,rebounds,6.5,260.0,,True,betmgm,2026-05-06T14:54:06.897495
OG Anunoby,,,d146e10295545e18ac8915a1f5860317,2026-05-06,23:10,rebounds,6.5,155.0,,True,betmgm,2026-05-06T14:54:06.897497
Paul George,,,d146e10295545e18ac8915a1f5860317,2026-05-06,23:10,rebounds,6.5,200.0,,True,betmgm,2026-05-06T14:54:06.897498
OG Anunoby,,,d146e10295545e18ac8915a1f5860317,2026-05-06,23:10,rebounds,2.5,-1600.0,,True,betmgm,2026-05-06T14:54:06.897500
OG Anunoby,,,d146e10295545e18ac8915a1f5860317,2026-05-06,23:10,rebounds,4.5,-250.0,,True,betmgm,2026-05-06T14:54:06.897502
Paul George,,,d146e10295545e18ac8915a1f5860317,2026-05-06,23:10,rebounds,4.5,-190.0,,True,betmgm,2026-05-06T14:54:06.897503
Joel Embiid,,,d146e10295545e18ac8915a1f5860317,2026-05-06,23:10,rebounds,9.5,165.0,,True,betmgm,2026-05-06T14:54:06.897505
Tyrese Maxey,,,d146e10295545e18ac8915a1f5860317,2026-05-06,23:10,rebounds,4.5,130.0,,True,betmgm,2026-05-06T14:54:06.897507
OG Anunoby,,,d146e10295545e18ac8915a1f5860317,2026-05-06,23:10,rebounds,9.5,825.0,,True,betmgm,2026-05-06T14:54:06.897508
VJ Edgecombe,,,d146e10295545e18ac8915a1f5860317,2026-05-06,23:10,rebounds,2.5,-800.0,,True,betmgm,2026-05-06T14:54:06.897510
Joel Embiid,,,d146e10295545e18ac8915a1f5860317,2026-05-06,23:10,rebounds,4.5,-1400.0,,True,betmgm,2026-05-06T14:54:06.897512
Josh Hart,,,d146e10295545e18ac8915a1f5860317,2026-05-06,23:10,rebounds,14.5,825.0,,True,betmgm,2026-05-06T14:54:06.897513
Jalen Brunson,,,d146e10295545e18ac8915a1f5860317,2026-05-06,23:10,rebounds,4.5,300.0,,True,betmgm,2026-05-06T14:54:06.897515
Joel Embiid,,,d146e10295545e18ac8915a1f5860317,2026-05-06,23:10,rebounds,12.5,675.0,,True,betmgm,2026-05-06T14:54:06.897517
Joel Embiid,,,d146e10295545e18ac8915a1f5860317,2026-05-06,23:10,rebounds,6.5,-300.0,,True,betmgm,2026-05-06T14:54:06.897518
Paul George,,,d146e10295545e18ac8915a1f5860317,2026-05-06,23:10,rebounds,2.5,-1200.0,,True,betmgm,2026-05-06T14:54:06.897520
Tyrese Maxey,,,d146e10295545e18ac8915a1f5860317,2026-05-06,23:10,rebounds,6.5,500.0,,True,betmgm,2026-05-06T14:54:06.897522
Mitchell Robinson,,,d146e10295545e18ac8915a1f5860317,2026-05-06,23:10,rebounds,4.5,-625.0,,True,betmgm,2026-05-06T14:54:06.897523
Mitchell Robinson,,,d146e10295545e18ac8915a1f5860317,2026-05-06,23:10,rebounds,12.5,775.0,,True,betmgm,2026-05-06T14:54:06.897525
Miles McBride,,,d146e10295545e18ac8915a1f5860317,2026-05-06,23:10,rebounds,2.5,275.0,,True,betmgm,2026-05-06T14:54:06.897528
Quentin Grimes,,,d146e10295545e18ac8915a1f5860317,2026-05-06,23:10,rebounds,4.5,550.0,,True,betmgm,2026-05-06T14:54:06.897530
Mitchell Robinson,,,d146e10295545e18ac8915a1f5860317,2026-05-06,23:10,rebounds,6.5,-185.0,,True,betmgm,2026-05-06T14:54:06.897532
Mitchell Robinson,,,d146e10295545e18ac8915a1f5860317,2026-05-06,23:10,rebounds,9.5,230.0,,True,betmgm,2026-05-06T14:54:06.897533
Quentin Grimes,,,d146e10295545e18ac8915a1f5860317,2026-05-06,23:10,rebounds,2.5,105.0,,True,betmgm,2026-05-06T14:54:06.897537
OG Anunoby,,,d146e10295545e18ac8915a1f5860317,2026-05-06,23:10,threes,2.5,100.0,-135.0,False,betmgm,2026-05-06T14:54:06.897551
Joel Embiid,,,d146e10295545e18ac8915a1f5860317,2026-05-06,23:10,threes,1.5,115.0,-155.0,False,betmgm,2026-05-06T14:54:06.897565
Josh Hart,,,d146e10295545e18ac8915a1f5860317,2026-05-06,23:10,threes,1.5,115.0,-155.0,False,betmgm,2026-05-06T14:54:06.897567
Kelly Oubre Jr,,,d146e10295545e18ac8915a1f5860317,2026-05-06,23:10,threes,1.5,125.0,-165.0,False,betmgm,2026-05-06T14:54:06.897569
Mikal Bridges,,,d146e10295545e18ac8915a1f5860317,2026-05-06,23:10,threes,1.5,-105.0,-125.0,False,betmgm,2026-05-06T14:54:06.897570
VJ Edgecombe,,,d146e10295545e18ac8915a1f5860317,2026-05-06,23:10,threes,1.5,-145.0,105.0,False,betmgm,2026-05-06T14:54:06.897572
Jalen Brunson,,,d146e10295545e18ac8915a1f5860317,2026-05-06,23:10,threes,2.5,-105.0,-125.0,False,betmgm,2026-05-06T14:54:06.897576
Karl-Anthony Towns,,,d146e10295545e18ac8915a1f5860317,2026-05-06,23:10,threes,1.5,-105.0,-125.0,False,betmgm,2026-05-06T14:54:06.897577
Tyrese Maxey,,,d146e10295545e18ac8915a1f5860317,2026-05-06,23:10,threes,2.5,-150.0,110.0,False,betmgm,2026-05-06T14:54:06.897579
Paul George,,,d146e10295545e18ac8915a1f5860317,2026-05-06,23:10,threes,2.5,-105.0,-130.0,False,betmgm,2026-05-06T14:54:06.897581
Miles McBride,,,d146e10295545e18ac8915a1f5860317,2026-05-06,23:10,threes,1.5,-115.0,-115.0,False,betmgm,2026-05-06T14:54:06.897582
Quentin Grimes,,,d146e10295545e18ac8915a1f5860317,2026-05-06,23:10,threes,0.5,-225.0,165.0,False,betmgm,2026-05-06T14:54:06.897584
Josh Hart,,,d146e10295545e18ac8915a1f5860317,2026-05-06,23:10,threes,0.5,-375.0,,True,betmgm,2026-05-06T14:54:06.897609
Mikal Bridges,,,d146e10295545e18ac8915a1f5860317,2026-05-06,23:10,threes,0.5,-450.0,,True,betmgm,2026-05-06T14:54:06.897611
Mikal Bridges,,,d146e10295545e18ac8915a1f5860317,2026-05-06,23:10,threes,1.5,-105.0,,True,betmgm,2026-05-06T14:54:06.897613
Mikal Bridges,,,d146e10295545e18ac8915a1f5860317,2026-05-06,23:10,threes,3.5,750.0,,True,betmgm,2026-05-06T14:54:06.897614
Jalen Brunson,,,d146e10295545e18ac8915a1f5860317,2026-05-06,23:10,threes,1.5,-325.0,,True,betmgm,2026-05-06T14:54:06.897616
Mikal Bridges,,,d146e10295545e18ac8915a1f5860317,2026-05-06,23:10,threes,2.5,300.0,,True,betmgm,2026-05-06T14:54:06.897618
Karl-Anthony Towns,,,d146e10295545e18ac8915a1f5860317,2026-05-06,23:10,threes,3.5,700.0,,True,betmgm,2026-05-06T14:54:06.897619
Karl-Anthony Towns,,,d146e10295545e18ac8915a1f5860317,2026-05-06,23:10,threes,1.5,-110.0,,True,betmgm,2026-05-06T14:54:06.897621
Jalen Brunson,,,d146e10295545e18ac8915a1f5860317,2026-05-06,23:10,threes,2.5,-105.0,,True,betmgm,2026-05-06T14:54:06.897623
Joel Embiid,,,d146e10295545e18ac8915a1f5860317,2026-05-06,23:10,threes,2.5,340.0,,True,betmgm,2026-05-06T14:54:06.897624
VJ Edgecombe,,,d146e10295545e18ac8915a1f5860317,2026-05-06,23:10,threes,1.5,-145.0,,True,betmgm,2026-05-06T14:54:06.897626
Josh Hart,,,d146e10295545e18ac8915a1f5860317,2026-05-06,23:10,threes,1.5,115.0,,True,betmgm,2026-05-06T14:54:06.897628
Kelly Oubre Jr,,,d146e10295545e18ac8915a1f5860317,2026-05-06,23:10,threes,1.5,125.0,,True,betmgm,2026-05-06T14:54:06.897629
OG Anunoby,,,d146e10295545e18ac8915a1f5860317,2026-05-06,23:10,threes,3.5,240.0,,True,betmgm,2026-05-06T14:54:06.897631
Karl-Anthony Towns,,,d146e10295545e18ac8915a1f5860317,2026-05-06,23:10,threes,0.5,-500.0,,True,betmgm,2026-05-06T14:54:06.897633
Tyrese Maxey,,,d146e10295545e18ac8915a1f5860317,2026-05-06,23:10,threes,3.5,165.0,,True,betmgm,2026-05-06T14:54:06.897634
Paul George,,,d146e10295545e18ac8915a1f5860317,2026-05-06,23:10,threes,0.5,-1400.0,,True,betmgm,2026-05-06T14:54:06.897636
Jalen Brunson,,,d146e10295545e18ac8915a1f5860317,2026-05-06,23:10,threes,4.5,525.0,,True,betmgm,2026-05-06T14:54:06.897638
Josh Hart,,,d146e10295545e18ac8915a1f5860317,2026-05-06,23:10,threes,2.5,360.0,,True,betmgm,2026-05-06T14:54:06.897639
Paul George,,,d146e10295545e18ac8915a1f5860317,2026-05-06,23:10,threes,4.5,575.0,,True,betmgm,2026-05-06T14:54:06.897641
VJ Edgecombe,,,d146e10295545e18ac8915a1f5860317,2026-05-06,23:10,threes,2.5,200.0,,True,betmgm,2026-05-06T14:54:06.897642
Tyrese Maxey,,,d146e10295545e18ac8915a1f5860317,2026-05-06,23:10,threes,1.5,-450.0,,True,betmgm,2026-05-06T14:54:06.897644
OG Anunoby,,,d146e10295545e18ac8915a1f5860317,2026-05-06,23:10,threes,0.5,-1600.0,,True,betmgm,2026-05-06T14:54:06.897646
Joel Embiid,,,d146e10295545e18ac8915a1f5860317,2026-05-06,23:10,threes,3.5,850.0,,True,betmgm,2026-05-06T14:54:06.897647
VJ Edgecombe,,,d146e10295545e18ac8915a1f5860317,2026-05-06,23:10,threes,3.5,525.0,,True,betmgm,2026-05-06T14:54:06.897649
Kelly Oubre Jr,,,d146e10295545e18ac8915a1f5860317,2026-05-06,23:10,threes,2.5,380.0,,True,betmgm,2026-05-06T14:54:06.897651
Paul George,,,d146e10295545e18ac8915a1f5860317,2026-05-06,23:10,threes,1.5,-275.0,,True,betmgm,2026-05-06T14:54:06.897654
Joel Embiid,,,d146e10295545e18ac8915a1f5860317,2026-05-06,23:10,threes,1.5,115.0,,True,betmgm,2026-05-06T14:54:06.897656
VJ Edgecombe,,,d146e10295545e18ac8915a1f5860317,2026-05-06,23:10,threes,0.5,-650.0,,True,betmgm,2026-05-06T14:54:06.897658
Joel Embiid,,,d146e10295545e18ac8915a1f5860317,2026-05-06,23:10,threes,0.5,-400.0,,True,betmgm,2026-05-06T14:54:06.897659
Jalen Brunson,,,d146e10295545e18ac8915a1f5860317,2026-05-06,23:10,threes,0.5,-1600.0,,True,betmgm,2026-05-06T14:54:06.897661
Karl-Anthony Towns,,,d146e10295545e18ac8915a1f5860317,2026-05-06,23:10,threes,2.5,280.0,,True,betmgm,2026-05-06T14:54:06.897663
OG Anunoby,,,d146e10295545e18ac8915a1f5860317,2026-05-06,23:10,threes,4.5,550.0,,True,betmgm,2026-05-06T14:54:06.897664
Tyrese Maxey,,,d146e10295545e18ac8915a1f5860317,2026-05-06,23:10,threes,2.5,-150.0,,True,betmgm,2026-05-06T14:54:06.897666
OG Anunoby,,,d146e10295545e18ac8915a1f5860317,2026-05-06,23:10,threes,2.5,-105.0,,True,betmgm,2026-05-06T14:54:06.897668
Paul George,,,d146e10295545e18ac8915a1f5860317,2026-05-06,23:10,threes,3.5,260.0,,True,betmgm,2026-05-06T14:54:06.897671
Paul George,,,d146e10295545e18ac8915a1f5860317,2026-05-06,23:10,threes,2.5,105.0,,True,betmgm,2026-05-06T14:54:06.897673
Kelly Oubre Jr,,,d146e10295545e18ac8915a1f5860317,2026-05-06,23:10,threes,0.5,-350.0,,True,betmgm,2026-05-06T14:54:06.897675
Tyrese Maxey,,,d146e10295545e18ac8915a1f5860317,2026-05-06,23:10,threes,4.5,360.0,,True,betmgm,2026-05-06T14:54:06.897676
Jalen Brunson,,,d146e10295545e18ac8915a1f5860317,2026-05-06,23:10,threes,3.5,230.0,,True,betmgm,2026-05-06T14:54:06.897678
OG Anunoby,,,d146e10295545e18ac8915a1f5860317,2026-05-06,23:10,threes,1.5,-300.0,,True,betmgm,2026-05-06T14:54:06.897679
Miles McBride,,,d146e10295545e18ac8915a1f5860317,2026-05-06,23:10,threes,3.5,625.0,,True,betmgm,2026-05-06T14:54:06.897681
Miles McBride,,,d146e10295545e18ac8915a1f5860317,2026-05-06,23:10,threes,2.5,250.0,,True,betmgm,2026-05-06T14:54:06.897683
Miles McBride,,,d146e10295545e18ac8915a1f5860317,2026-05-06,23:10,threes,1.5,-115.0,,True,betmgm,2026-05-06T14:54:06.897684
Quentin Grimes,,,d146e10295545e18ac8915a1f5860317,2026-05-06,23:10,threes,1.5,200.0,,True,betmgm,2026-05-06T14:54:06.897686
Miles McBride,,,d146e10295545e18ac8915a1f5860317,2026-05-06,23:10,threes,0.5,-500.0,,True,betmgm,2026-05-06T14:54:06.897688
Quentin Grimes,,,d146e10295545e18ac8915a1f5860317,2026-05-06,23:10,threes,2.5,625.0,,True,betmgm,2026-05-06T14:54:06.897689
Quentin Grimes,,,d146e10295545e18ac8915a1f5860317,2026-05-06,23:10,threes,0.5,-220.0,,True,betmgm,2026-05-06T14:54:06.897691
De'Aaron Fox,,,246001ab42d44857430f7fe63f423461,2026-05-07,01:40,assists,5.5,-150.0,110.0,False,betmgm,2026-05-06T14:54:07.156122
Victor Wembanyama,,,246001ab42d44857430f7fe63f423461,2026-05-07,01:40,assists,3.5,110.0,-150.0,False,betmgm,2026-05-06T14:54:07.156124
Anthony Edwards,,,246001ab42d44857430f7fe63f423461,2026-05-07,01:40,assists,2.5,-165.0,130.0,False,betmgm,2026-05-06T14:54:07.156125
Jaden McDaniels,,,246001ab42d44857430f7fe63f423461,2026-05-07,01:40,assists,2.5,-105.0,-125.0,False,betmgm,2026-05-06T14:54:07.156129
Julius Randle,,,246001ab42d44857430f7fe63f423461,2026-05-07,01:40,assists,4.5,115.0,-155.0,False,betmgm,2026-05-06T14:54:07.156131
Devin Vassell,,,246001ab42d44857430f7fe63f423461,2026-05-07,01:40,assists,2.5,105.0,-140.0,False,betmgm,2026-05-06T14:54:07.156133
Stephon Castle,,,246001ab42d44857430f7fe63f423461,2026-05-07,01:40,assists,6.5,-125.0,-105.0,False,betmgm,2026-05-06T14:54:07.156134
Dylan Harper,,,246001ab42d44857430f7fe63f423461,2026-05-07,01:40,assists,3.5,138.0,-185.0,False,betmgm,2026-05-06T14:54:07.156136
Mike Conley,,,246001ab42d44857430f7fe63f423461,2026-05-07,01:40,assists,3.5,110.0,-150.0,False,betmgm,2026-05-06T14:54:07.156138
De'Aaron Fox,,,246001ab42d44857430f7fe63f423461,2026-05-07,01:40,assists,6.5,130.0,,True,betmgm,2026-05-06T14:54:07.156150
De'Aaron Fox,,,246001ab42d44857430f7fe63f423461,2026-05-07,01:40,assists,4.5,-295.0,,True,betmgm,2026-05-06T14:54:07.156152
Devin Vassell,,,246001ab42d44857430f7fe63f423461,2026-05-07,01:40,assists,4.5,550.0,,True,betmgm,2026-05-06T14:54:07.156156
Victor Wembanyama,,,246001ab42d44857430f7fe63f423461,2026-05-07,01:40,assists,2.5,-225.0,,True,betmgm,2026-05-06T14:54:07.156159
Julius Randle,,,246001ab42d44857430f7fe63f423461,2026-05-07,01:40,assists,6.5,425.0,,True,betmgm,2026-05-06T14:54:07.156161
Devin Vassell,,,246001ab42d44857430f7fe63f423461,2026-05-07,01:40,assists,2.5,100.0,,True,betmgm,2026-05-06T14:54:07.156162
Anthony Edwards,,,246001ab42d44857430f7fe63f423461,2026-05-07,01:40,assists,2.5,-160.0,,True,betmgm,2026-05-06T14:54:07.156164
Jaden McDaniels,,,246001ab42d44857430f7fe63f423461,2026-05-07,01:40,assists,2.5,-110.0,,True,betmgm,2026-05-06T14:54:07.156166
Stephon Castle,,,246001ab42d44857430f7fe63f423461,2026-05-07,01:40,assists,9.5,450.0,,True,betmgm,2026-05-06T14:54:07.156167
Anthony Edwards,,,246001ab42d44857430f7fe63f423461,2026-05-07,01:40,assists,4.5,340.0,,True,betmgm,2026-05-06T14:54:07.156169
Dylan Harper,,,246001ab42d44857430f7fe63f423461,2026-05-07,01:40,assists,2.5,-220.0,,True,betmgm,2026-05-06T14:54:07.156170
Stephon Castle,,,246001ab42d44857430f7fe63f423461,2026-05-07,01:40,assists,6.5,-125.0,,True,betmgm,2026-05-06T14:54:07.156172
Julius Randle,,,246001ab42d44857430f7fe63f423461,2026-05-07,01:40,assists,2.5,-450.0,,True,betmgm,2026-05-06T14:54:07.156174
Dylan Harper,,,246001ab42d44857430f7fe63f423461,2026-05-07,01:40,assists,4.5,230.0,,True,betmgm,2026-05-06T14:54:07.156175
Mike Conley,,,246001ab42d44857430f7fe63f423461,2026-05-07,01:40,assists,4.5,250.0,,True,betmgm,2026-05-06T14:54:07.156177
De'Aaron Fox,,,246001ab42d44857430f7fe63f423461,2026-05-07,01:40,assists,9.5,750.0,,True,betmgm,2026-05-06T14:54:07.156179
Julius Randle,,,246001ab42d44857430f7fe63f423461,2026-05-07,01:40,assists,4.5,115.0,,True,betmgm,2026-05-06T14:54:07.156180
Mike Conley,,,246001ab42d44857430f7fe63f423461,2026-05-07,01:40,assists,2.5,-220.0,,True,betmgm,2026-05-06T14:54:07.156182
Stephon Castle,,,246001ab42d44857430f7fe63f423461,2026-05-07,01:40,assists,4.5,-525.0,,True,betmgm,2026-05-06T14:54:07.156184
Victor Wembanyama,,,246001ab42d44857430f7fe63f423461,2026-05-07,01:40,assists,4.5,230.0,,True,betmgm,2026-05-06T14:54:07.156185
Jaden McDaniels,,,246001ab42d44857430f7fe63f423461,2026-05-07,01:40,assists,4.5,475.0,,True,betmgm,2026-05-06T14:54:07.156187
Dylan Harper,,,246001ab42d44857430f7fe63f423461,2026-05-07,01:40,assists,6.5,850.0,,True,betmgm,2026-05-06T14:54:07.156189
Julian Champagnie,,,246001ab42d44857430f7fe63f423461,2026-05-07,01:40,points,8.5,-110.0,-120.0,False,betmgm,2026-05-06T14:54:07.156201
Devin Vassell,,,246001ab42d44857430f7fe63f423461,2026-05-07,01:40,points,12.5,-115.0,-115.0,False,betmgm,2026-05-06T14:54:07.156203
Anthony Edwards,,,246001ab42d44857430f7fe63f423461,2026-05-07,01:40,points,20.5,-120.0,-110.0,False,betmgm,2026-05-06T14:54:07.156204
Julius Randle,,,246001ab42d44857430f7fe63f423461,2026-05-07,01:40,points,18.5,-115.0,-115.0,False,betmgm,2026-05-06T14:54:07.156206
Dylan Harper,,,246001ab42d44857430f7fe63f423461,2026-05-07,01:40,points,10.5,-125.0,-105.0,False,betmgm,2026-05-06T14:54:07.156209
Mike Conley,,,246001ab42d44857430f7fe63f423461,2026-05-07,01:40,points,4.5,-135.0,100.0,False,betmgm,2026-05-06T14:54:07.156211
Jaden McDaniels,,,246001ab42d44857430f7fe63f423461,2026-05-07,01:40,points,14.5,-115.0,-115.0,False,betmgm,2026-05-06T14:54:07.156213
Rudy Gobert,,,246001ab42d44857430f7fe63f423461,2026-05-07,01:40,points,7.5,-140.0,105.0,False,betmgm,2026-05-06T14:54:07.156214
De'Aaron Fox,,,246001ab42d44857430f7fe63f423461,2026-05-07,01:40,points,17.5,-105.0,-125.0,False,betmgm,2026-05-06T14:54:07.156216
Victor Wembanyama,,,246001ab42d44857430f7fe63f423461,2026-05-07,01:40,points,26.5,-120.0,-111.0,False,betmgm,2026-05-06T14:54:07.156218
Stephon Castle,,,246001ab42d44857430f7fe63f423461,2026-05-07,01:40,points,17.5,-110.0,-120.0,False,betmgm,2026-05-06T14:54:07.156219
Julian Champagnie,,,246001ab42d44857430f7fe63f423461,2026-05-07,01:40,points,9.5,125.0,,True,betmgm,2026-05-06T14:54:07.156238
Julian Champagnie,,,246001ab42d44857430f7fe63f423461,2026-05-07,01:40,points,14.5,500.0,,True,betmgm,2026-05-06T14:54:07.156240
Stephon Castle,,,246001ab42d44857430f7fe63f423461,2026-05-07,01:40,points,14.5,-235.0,,True,betmgm,2026-05-06T14:54:07.156242
Devin Vassell,,,246001ab42d44857430f7fe63f423461,2026-05-07,01:40,points,19.5,475.0,,True,betmgm,2026-05-06T14:54:07.156243
Mike Conley,,,246001ab42d44857430f7fe63f423461,2026-05-07,01:40,points,9.5,500.0,,True,betmgm,2026-05-06T14:54:07.156245
De'Aaron Fox,,,246001ab42d44857430f7fe63f423461,2026-05-07,01:40,points,19.5,150.0,,True,betmgm,2026-05-06T14:54:07.156246
Anthony Edwards,,,246001ab42d44857430f7fe63f423461,2026-05-07,01:40,points,14.5,-550.0,,True,betmgm,2026-05-06T14:54:07.156248
Jaden McDaniels,,,246001ab42d44857430f7fe63f423461,2026-05-07,01:40,points,24.5,850.0,,True,betmgm,2026-05-06T14:54:07.156250
De'Aaron Fox,,,246001ab42d44857430f7fe63f423461,2026-05-07,01:40,points,24.5,475.0,,True,betmgm,2026-05-06T14:54:07.156251
Julius Randle,,,246001ab42d44857430f7fe63f423461,2026-05-07,01:40,points,9.5,-2000.0,,True,betmgm,2026-05-06T14:54:07.156253
Devin Vassell,,,246001ab42d44857430f7fe63f423461,2026-05-07,01:40,points,9.5,-295.0,,True,betmgm,2026-05-06T14:54:07.156255
Anthony Edwards,,,246001ab42d44857430f7fe63f423461,2026-05-07,01:40,points,29.5,525.0,,True,betmgm,2026-05-06T14:54:07.156256
De'Aaron Fox,,,246001ab42d44857430f7fe63f423461,2026-05-07,01:40,points,9.5,-1400.0,,True,betmgm,2026-05-06T14:54:07.156258
Victor Wembanyama,,,246001ab42d44857430f7fe63f423461,2026-05-07,01:40,points,19.5,-625.0,,True,betmgm,2026-05-06T14:54:07.156260
Stephon Castle,,,246001ab42d44857430f7fe63f423461,2026-05-07,01:40,points,24.5,450.0,,True,betmgm,2026-05-06T14:54:07.156261
Dylan Harper,,,246001ab42d44857430f7fe63f423461,2026-05-07,01:40,points,19.5,825.0,,True,betmgm,2026-05-06T14:54:07.156263
Stephon Castle,,,246001ab42d44857430f7fe63f423461,2026-05-07,01:40,points,19.5,145.0,,True,betmgm,2026-05-06T14:54:07.156265
Jaden McDaniels,,,246001ab42d44857430f7fe63f423461,2026-05-07,01:40,points,19.5,300.0,,True,betmgm,2026-05-06T14:54:07.156266
Victor Wembanyama,,,246001ab42d44857430f7fe63f423461,2026-05-07,01:40,points,29.5,155.0,,True,betmgm,2026-05-06T14:54:07.156268
Anthony Edwards,,,246001ab42d44857430f7fe63f423461,2026-05-07,01:40,points,24.5,195.0,,True,betmgm,2026-05-06T14:54:07.156270
Julius Randle,,,246001ab42d44857430f7fe63f423461,2026-05-07,01:40,points,24.5,325.0,,True,betmgm,2026-05-06T14:54:07.156271
Dylan Harper,,,246001ab42d44857430f7fe63f423461,2026-05-07,01:40,points,14.5,240.0,,True,betmgm,2026-05-06T14:54:07.156275
Rudy Gobert,,,246001ab42d44857430f7fe63f423461,2026-05-07,01:40,points,9.5,150.0,,True,betmgm,2026-05-06T14:54:07.156276
Anthony Edwards,,,246001ab42d44857430f7fe63f423461,2026-05-07,01:40,points,19.5,-155.0,,True,betmgm,2026-05-06T14:54:07.156278
Victor Wembanyama,,,246001ab42d44857430f7fe63f423461,2026-05-07,01:40,points,24.5,-185.0,,True,betmgm,2026-05-06T14:54:07.156280
Julius Randle,,,246001ab42d44857430f7fe63f423461,2026-05-07,01:40,points,19.5,110.0,,True,betmgm,2026-05-06T14:54:07.156283
Julius Randle,,,246001ab42d44857430f7fe63f423461,2026-05-07,01:40,points,29.5,850.0,,True,betmgm,2026-05-06T14:54:07.156285
Jaden McDaniels,,,246001ab42d44857430f7fe63f423461,2026-05-07,01:40,points,14.5,-115.0,,True,betmgm,2026-05-06T14:54:07.156287
Stephon Castle,,,246001ab42d44857430f7fe63f423461,2026-05-07,01:40,points,9.5,-1400.0,,True,betmgm,2026-05-06T14:54:07.156289
Victor Wembanyama,,,246001ab42d44857430f7fe63f423461,2026-05-07,01:40,points,34.5,390.0,,True,betmgm,2026-05-06T14:54:07.156290
Julius Randle,,,246001ab42d44857430f7fe63f423461,2026-05-07,01:40,points,14.5,-300.0,,True,betmgm,2026-05-06T14:54:07.156292
Jaden McDaniels,,,246001ab42d44857430f7fe63f423461,2026-05-07,01:40,points,9.5,-525.0,,True,betmgm,2026-05-06T14:54:07.156294
Devin Vassell,,,246001ab42d44857430f7fe63f423461,2026-05-07,01:40,points,14.5,145.0,,True,betmgm,2026-05-06T14:54:07.156295
De'Aaron Fox,,,246001ab42d44857430f7fe63f423461,2026-05-07,01:40,points,14.5,-235.0,,True,betmgm,2026-05-06T14:54:07.156299
Rudy Gobert,,,246001ab42d44857430f7fe63f423461,2026-05-07,01:40,points,14.5,750.0,,True,betmgm,2026-05-06T14:54:07.156300
Dylan Harper,,,246001ab42d44857430f7fe63f423461,2026-05-07,01:40,points,9.5,-175.0,,True,betmgm,2026-05-06T14:54:07.156302
Victor Wembanyama,,,246001ab42d44857430f7fe63f423461,2026-05-07,01:40,rebounds,12.5,-105.0,-125.0,False,betmgm,2026-05-06T14:54:07.156314
De'Aaron Fox,,,246001ab42d44857430f7fe63f423461,2026-05-07,01:40,rebounds,3.5,-115.0,-115.0,False,betmgm,2026-05-06T14:54:07.156316
Devin Vassell,,,246001ab42d44857430f7fe63f423461,2026-05-07,01:40,rebounds,4.5,110.0,-150.0,False,betmgm,2026-05-06T14:54:07.156318
Anthony Edwards,,,246001ab42d44857430f7fe63f423461,2026-05-07,01:40,rebounds,3.5,-160.0,120.0,False,betmgm,2026-05-06T14:54:07.156319
Julius Randle,,,246001ab42d44857430f7fe63f423461,2026-05-07,01:40,rebounds,6.5,-105.0,-125.0,False,betmgm,2026-05-06T14:54:07.156321
Jaden McDaniels,,,246001ab42d44857430f7fe63f423461,2026-05-07,01:40,rebounds,4.5,-111.0,-118.0,False,betmgm,2026-05-06T14:54:07.156322
Rudy Gobert,,,246001ab42d44857430f7fe63f423461,2026-05-07,01:40,rebounds,10.5,-135.0,100.0,False,betmgm,2026-05-06T14:54:07.156324
Dylan Harper,,,246001ab42d44857430f7fe63f423461,2026-05-07,01:40,rebounds,3.5,100.0,-135.0,False,betmgm,2026-05-06T14:54:07.156326
Stephon Castle,,,246001ab42d44857430f7fe63f423461,2026-05-07,01:40,rebounds,5.5,100.0,-135.0,False,betmgm,2026-05-06T14:54:07.156327
Julian Champagnie,,,246001ab42d44857430f7fe63f423461,2026-05-07,01:40,rebounds,5.5,100.0,-135.0,False,betmgm,2026-05-06T14:54:07.156329
De'Aaron Fox,,,246001ab42d44857430f7fe63f423461,2026-05-07,01:40,rebounds,6.5,700.0,,True,betmgm,2026-05-06T14:54:07.156346
Stephon Castle,,,246001ab42d44857430f7fe63f423461,2026-05-07,01:40,rebounds,2.5,-1200.0,,True,betmgm,2026-05-06T14:54:07.156347
Victor Wembanyama,,,246001ab42d44857430f7fe63f423461,2026-05-07,01:40,rebounds,16.5,475.0,,True,betmgm,2026-05-06T14:54:07.156349
Devin Vassell,,,246001ab42d44857430f7fe63f423461,2026-05-07,01:40,rebounds,6.5,425.0,,True,betmgm,2026-05-06T14:54:07.156351
De'Aaron Fox,,,246001ab42d44857430f7fe63f423461,2026-05-07,01:40,rebounds,4.5,185.0,,True,betmgm,2026-05-06T14:54:07.156352
De'Aaron Fox,,,246001ab42d44857430f7fe63f423461,2026-05-07,01:40,rebounds,2.5,-275.0,,True,betmgm,2026-05-06T14:54:07.156354
Anthony Edwards,,,246001ab42d44857430f7fe63f423461,2026-05-07,01:40,rebounds,2.5,-400.0,,True,betmgm,2026-05-06T14:54:07.156356
Dylan Harper,,,246001ab42d44857430f7fe63f423461,2026-05-07,01:40,rebounds,4.5,200.0,,True,betmgm,2026-05-06T14:54:07.156357
Victor Wembanyama,,,246001ab42d44857430f7fe63f423461,2026-05-07,01:40,rebounds,9.5,-500.0,,True,betmgm,2026-05-06T14:54:07.156359
Julius Randle,,,246001ab42d44857430f7fe63f423461,2026-05-07,01:40,rebounds,4.5,-400.0,,True,betmgm,2026-05-06T14:54:07.156361
Rudy Gobert,,,246001ab42d44857430f7fe63f423461,2026-05-07,01:40,rebounds,14.5,380.0,,True,betmgm,2026-05-06T14:54:07.156362
Julian Champagnie,,,246001ab42d44857430f7fe63f423461,2026-05-07,01:40,rebounds,2.5,-1200.0,,True,betmgm,2026-05-06T14:54:07.156366
Julius Randle,,,246001ab42d44857430f7fe63f423461,2026-05-07,01:40,rebounds,9.5,475.0,,True,betmgm,2026-05-06T14:54:07.156368
Dylan Harper,,,246001ab42d44857430f7fe63f423461,2026-05-07,01:40,rebounds,6.5,750.0,,True,betmgm,2026-05-06T14:54:07.156369
Jaden McDaniels,,,246001ab42d44857430f7fe63f423461,2026-05-07,01:40,rebounds,6.5,325.0,,True,betmgm,2026-05-06T14:54:07.156371
Rudy Gobert,,,246001ab42d44857430f7fe63f423461,2026-05-07,01:40,rebounds,12.5,170.0,,True,betmgm,2026-05-06T14:54:07.156373
Julius Randle,,,246001ab42d44857430f7fe63f423461,2026-05-07,01:40,rebounds,6.5,-105.0,,True,betmgm,2026-05-06T14:54:07.156374
Victor Wembanyama,,,246001ab42d44857430f7fe63f423461,2026-05-07,01:40,rebounds,12.5,-110.0,,True,betmgm,2026-05-06T14:54:07.156376
Rudy Gobert,,,246001ab42d44857430f7fe63f423461,2026-05-07,01:40,rebounds,9.5,-220.0,,True,betmgm,2026-05-06T14:54:07.156378
Anthony Edwards,,,246001ab42d44857430f7fe63f423461,2026-05-07,01:40,rebounds,4.5,130.0,,True,betmgm,2026-05-06T14:54:07.156379
Dylan Harper,,,246001ab42d44857430f7fe63f423461,2026-05-07,01:40,rebounds,2.5,-250.0,,True,betmgm,2026-05-06T14:54:07.156381
Stephon Castle,,,246001ab42d44857430f7fe63f423461,2026-05-07,01:40,rebounds,6.5,190.0,,True,betmgm,2026-05-06T14:54:07.156383
Julian Champagnie,,,246001ab42d44857430f7fe63f423461,2026-05-07,01:40,rebounds,4.5,-200.0,,True,betmgm,2026-05-06T14:54:07.156384
Jaden McDaniels,,,246001ab42d44857430f7fe63f423461,2026-05-07,01:40,rebounds,2.5,-625.0,,True,betmgm,2026-05-06T14:54:07.156386
Julian Champagnie,,,246001ab42d44857430f7fe63f423461,2026-05-07,01:40,rebounds,6.5,185.0,,True,betmgm,2026-05-06T14:54:07.156388
Anthony Edwards,,,246001ab42d44857430f7fe63f423461,2026-05-07,01:40,rebounds,6.5,475.0,,True,betmgm,2026-05-06T14:54:07.156389
Jaden McDaniels,,,246001ab42d44857430f7fe63f423461,2026-05-07,01:40,rebounds,4.5,-115.0,,True,betmgm,2026-05-06T14:54:07.156391
Rudy Gobert,,,246001ab42d44857430f7fe63f423461,2026-05-07,01:40,rebounds,6.5,-1400.0,,True,betmgm,2026-05-06T14:54:07.156397
Devin Vassell,,,246001ab42d44857430f7fe63f423461,2026-05-07,01:40,rebounds,4.5,110.0,,True,betmgm,2026-05-06T14:54:07.156399
Stephon Castle,,,246001ab42d44857430f7fe63f423461,2026-05-07,01:40,rebounds,4.5,-200.0,,True,betmgm,2026-05-06T14:54:07.156401
Devin Vassell,,,246001ab42d44857430f7fe63f423461,2026-05-07,01:40,rebounds,2.5,-500.0,,True,betmgm,2026-05-06T14:54:07.156403
Victor Wembanyama,,,246001ab42d44857430f7fe63f423461,2026-05-07,01:40,rebounds,14.5,210.0,,True,betmgm,2026-05-06T14:54:07.156404
De'Aaron Fox,,,246001ab42d44857430f7fe63f423461,2026-05-07,01:40,threes,1.5,-115.0,-115.0,False,betmgm,2026-05-06T14:54:07.156415
Victor Wembanyama,,,246001ab42d44857430f7fe63f423461,2026-05-07,01:40,threes,2.5,120.0,-160.0,False,betmgm,2026-05-06T14:54:07.156417
Devin Vassell,,,246001ab42d44857430f7fe63f423461,2026-05-07,01:40,threes,2.5,130.0,-175.0,False,betmgm,2026-05-06T14:54:07.156419
Jaden McDaniels,,,246001ab42d44857430f7fe63f423461,2026-05-07,01:40,threes,1.5,140.0,-190.0,False,betmgm,2026-05-06T14:54:07.156420
Stephon Castle,,,246001ab42d44857430f7fe63f423461,2026-05-07,01:40,threes,1.5,125.0,-165.0,False,betmgm,2026-05-06T14:54:07.156422
Anthony Edwards,,,246001ab42d44857430f7fe63f423461,2026-05-07,01:40,threes,2.5,100.0,-135.0,False,betmgm,2026-05-06T14:54:07.156424
Julian Champagnie,,,246001ab42d44857430f7fe63f423461,2026-05-07,01:40,threes,1.5,-160.0,120.0,False,betmgm,2026-05-06T14:54:07.156425
Julius Randle,,,246001ab42d44857430f7fe63f423461,2026-05-07,01:40,threes,1.5,130.0,-175.0,False,betmgm,2026-05-06T14:54:07.156427
Mike Conley,,,246001ab42d44857430f7fe63f423461,2026-05-07,01:40,threes,1.5,140.0,-190.0,False,betmgm,2026-05-06T14:54:07.156429
De'Aaron Fox,,,246001ab42d44857430f7fe63f423461,2026-05-07,01:40,threes,1.5,-115.0,,True,betmgm,2026-05-06T14:54:07.156446
Stephon Castle,,,246001ab42d44857430f7fe63f423461,2026-05-07,01:40,threes,2.5,390.0,,True,betmgm,2026-05-06T14:54:07.156450
Stephon Castle,,,246001ab42d44857430f7fe63f423461,2026-05-07,01:40,threes,1.5,125.0,,True,betmgm,2026-05-06T14:54:07.156452
Julian Champagnie,,,246001ab42d44857430f7fe63f423461,2026-05-07,01:40,threes,0.5,-750.0,,True,betmgm,2026-05-06T14:54:07.156453
Devin Vassell,,,246001ab42d44857430f7fe63f423461,2026-05-07,01:40,threes,2.5,130.0,,True,betmgm,2026-05-06T14:54:07.156455
De'Aaron Fox,,,246001ab42d44857430f7fe63f423461,2026-05-07,01:40,threes,3.5,675.0,,True,betmgm,2026-05-06T14:54:07.156457
De'Aaron Fox,,,246001ab42d44857430f7fe63f423461,2026-05-07,01:40,threes,2.5,260.0,,True,betmgm,2026-05-06T14:54:07.156458
De'Aaron Fox,,,246001ab42d44857430f7fe63f423461,2026-05-07,01:40,threes,0.5,-525.0,,True,betmgm,2026-05-06T14:54:07.156460
Devin Vassell,,,246001ab42d44857430f7fe63f423461,2026-05-07,01:40,threes,1.5,-225.0,,True,betmgm,2026-05-06T14:54:07.156462
Julian Champagnie,,,246001ab42d44857430f7fe63f423461,2026-05-07,01:40,threes,2.5,180.0,,True,betmgm,2026-05-06T14:54:07.156463
Anthony Edwards,,,246001ab42d44857430f7fe63f423461,2026-05-07,01:40,threes,4.5,550.0,,True,betmgm,2026-05-06T14:54:07.156467
Devin Vassell,,,246001ab42d44857430f7fe63f423461,2026-05-07,01:40,threes,4.5,750.0,,True,betmgm,2026-05-06T14:54:07.156468
Jaden McDaniels,,,246001ab42d44857430f7fe63f423461,2026-05-07,01:40,threes,1.5,140.0,,True,betmgm,2026-05-06T14:54:07.156470
Victor Wembanyama,,,246001ab42d44857430f7fe63f423461,2026-05-07,01:40,threes,3.5,300.0,,True,betmgm,2026-05-06T14:54:07.156472
Julian Champagnie,,,246001ab42d44857430f7fe63f423461,2026-05-07,01:40,threes,1.5,-165.0,,True,betmgm,2026-05-06T14:54:07.156473
Victor Wembanyama,,,246001ab42d44857430f7fe63f423461,2026-05-07,01:40,threes,0.5,-1200.0,,True,betmgm,2026-05-06T14:54:07.156475
Anthony Edwards,,,246001ab42d44857430f7fe63f423461,2026-05-07,01:40,threes,1.5,-295.0,,True,betmgm,2026-05-06T14:54:07.156476
Devin Vassell,,,246001ab42d44857430f7fe63f423461,2026-05-07,01:40,threes,0.5,-1100.0,,True,betmgm,2026-05-06T14:54:07.156478
Julius Randle,,,246001ab42d44857430f7fe63f423461,2026-05-07,01:40,threes,0.5,-350.0,,True,betmgm,2026-05-06T14:54:07.156480
Victor Wembanyama,,,246001ab42d44857430f7fe63f423461,2026-05-07,01:40,threes,2.5,120.0,,True,betmgm,2026-05-06T14:54:07.156481
Julius Randle,,,246001ab42d44857430f7fe63f423461,2026-05-07,01:40,threes,1.5,125.0,,True,betmgm,2026-05-06T14:54:07.156483
Jaden McDaniels,,,246001ab42d44857430f7fe63f423461,2026-05-07,01:40,threes,2.5,400.0,,True,betmgm,2026-05-06T14:54:07.156485
Mike Conley,,,246001ab42d44857430f7fe63f423461,2026-05-07,01:40,threes,0.5,-300.0,,True,betmgm,2026-05-06T14:54:07.156486
Anthony Edwards,,,246001ab42d44857430f7fe63f423461,2026-05-07,01:40,threes,2.5,100.0,,True,betmgm,2026-05-06T14:54:07.156488
Devin Vassell,,,246001ab42d44857430f7fe63f423461,2026-05-07,01:40,threes,3.5,325.0,,True,betmgm,2026-05-06T14:54:07.156490
Anthony Edwards,,,246001ab42d44857430f7fe63f423461,2026-05-07,01:40,threes,0.5,-1600.0,,True,betmgm,2026-05-06T14:54:07.156491
Mike Conley,,,246001ab42d44857430f7fe63f423461,2026-05-07,01:40,threes,2.5,425.0,,True,betmgm,2026-05-06T14:54:07.156493
Stephon Castle,,,246001ab42d44857430f7fe63f423461,2026-05-07,01:40,threes,0.5,-350.0,,True,betmgm,2026-05-06T14:54:07.156495
Anthony Edwards,,,246001ab42d44857430f7fe63f423461,2026-05-07,01:40,threes,3.5,250.0,,True,betmgm,2026-05-06T14:54:07.156496
Victor Wembanyama,,,246001ab42d44857430f7fe63f423461,2026-05-07,01:40,threes,4.5,700.0,,True,betmgm,2026-05-06T14:54:07.156498
Julian Champagnie,,,246001ab42d44857430f7fe63f423461,2026-05-07,01:40,threes,3.5,450.0,,True,betmgm,2026-05-06T14:54:07.156500
Victor Wembanyama,,,246001ab42d44857430f7fe63f423461,2026-05-07,01:40,threes,1.5,-250.0,,True,betmgm,2026-05-06T14:54:07.156501
Jaden McDaniels,,,246001ab42d44857430f7fe63f423461,2026-05-07,01:40,threes,0.5,-325.0,,True,betmgm,2026-05-06T14:54:07.156503
Julius Randle,,,246001ab42d44857430f7fe63f423461,2026-05-07,01:40,threes,2.5,380.0,,True,betmgm,2026-05-06T14:54:07.156506
Mike Conley,,,246001ab42d44857430f7fe63f423461,2026-05-07,01:40,threes,1.5,140.0,,True,betmgm,2026-05-06T14:54:07.156508
Tobias Harris,,,862af0717b53a01b5e93a188a655d663,2026-05-07,23:10,assists,1.5,-190.0,140.0,False,betmgm,2026-05-06T14:54:07.390844
Cade Cunningham,,,862af0717b53a01b5e93a188a655d663,2026-05-07,23:10,assists,9.5,-120.0,-110.0,False,betmgm,2026-05-06T14:54:07.390846
Duncan Robinson,,,862af0717b53a01b5e93a188a655d663,2026-05-07,23:10,assists,1.5,-135.0,100.0,False,betmgm,2026-05-06T14:54:07.390847
Ausar Thompson,,,862af0717b53a01b5e93a188a655d663,2026-05-07,23:10,assists,3.5,-110.0,-120.0,False,betmgm,2026-05-06T14:54:07.390851
James Harden,,,862af0717b53a01b5e93a188a655d663,2026-05-07,23:10,assists,6.5,100.0,-135.0,False,betmgm,2026-05-06T14:54:07.390853
Donovan Mitchell,,,862af0717b53a01b5e93a188a655d663,2026-05-07,23:10,assists,3.5,-165.0,125.0,False,betmgm,2026-05-06T14:54:07.390854
Jarrett Allen,,,862af0717b53a01b5e93a188a655d663,2026-05-07,23:10,assists,1.5,160.0,-220.0,False,betmgm,2026-05-06T14:54:07.390856
Jalen Duren,,,862af0717b53a01b5e93a188a655d663,2026-05-07,23:10,assists,1.5,-190.0,140.0,False,betmgm,2026-05-06T14:54:07.390858
Evan Mobley,,,862af0717b53a01b5e93a188a655d663,2026-05-07,23:10,assists,2.5,-165.0,125.0,False,betmgm,2026-05-06T14:54:07.390859
Ausar Thompson,,,862af0717b53a01b5e93a188a655d663,2026-05-07,23:10,assists,6.5,750.0,,True,betmgm,2026-05-06T14:54:07.390870
Cade Cunningham,,,862af0717b53a01b5e93a188a655d663,2026-05-07,23:10,assists,9.5,-125.0,,True,betmgm,2026-05-06T14:54:07.390872
Ausar Thompson,,,862af0717b53a01b5e93a188a655d663,2026-05-07,23:10,assists,2.5,-275.0,,True,betmgm,2026-05-06T14:54:07.390874
Donovan Mitchell,,,862af0717b53a01b5e93a188a655d663,2026-05-07,23:10,assists,2.5,-450.0,,True,betmgm,2026-05-06T14:54:07.390875
Evan Mobley,,,862af0717b53a01b5e93a188a655d663,2026-05-07,23:10,assists,4.5,310.0,,True,betmgm,2026-05-06T14:54:07.390877
Donovan Mitchell,,,862af0717b53a01b5e93a188a655d663,2026-05-07,23:10,assists,4.5,130.0,,True,betmgm,2026-05-06T14:54:07.390881
Cade Cunningham,,,862af0717b53a01b5e93a188a655d663,2026-05-07,23:10,assists,14.5,825.0,,True,betmgm,2026-05-06T14:54:07.390882
Jalen Duren,,,862af0717b53a01b5e93a188a655d663,2026-05-07,23:10,assists,4.5,825.0,,True,betmgm,2026-05-06T14:54:07.390884
Tobias Harris,,,862af0717b53a01b5e93a188a655d663,2026-05-07,23:10,assists,4.5,850.0,,True,betmgm,2026-05-06T14:54:07.390886
James Harden,,,862af0717b53a01b5e93a188a655d663,2026-05-07,23:10,assists,9.5,550.0,,True,betmgm,2026-05-06T14:54:07.390887
James Harden,,,862af0717b53a01b5e93a188a655d663,2026-05-07,23:10,assists,6.5,-105.0,,True,betmgm,2026-05-06T14:54:07.390889
Evan Mobley,,,862af0717b53a01b5e93a188a655d663,2026-05-07,23:10,assists,2.5,-165.0,,True,betmgm,2026-05-06T14:54:07.390890
James Harden,,,862af0717b53a01b5e93a188a655d663,2026-05-07,23:10,assists,4.5,-400.0,,True,betmgm,2026-05-06T14:54:07.390892
Donovan Mitchell,,,862af0717b53a01b5e93a188a655d663,2026-05-07,23:10,assists,6.5,500.0,,True,betmgm,2026-05-06T14:54:07.390894
Ausar Thompson,,,862af0717b53a01b5e93a188a655d663,2026-05-07,23:10,assists,4.5,200.0,,True,betmgm,2026-05-06T14:54:07.390895
Cade Cunningham,,,862af0717b53a01b5e93a188a655d663,2026-05-07,23:10,assists,6.5,-750.0,,True,betmgm,2026-05-06T14:54:07.390897
Cade Cunningham,,,862af0717b53a01b5e93a188a655d663,2026-05-07,23:10,assists,12.5,340.0,,True,betmgm,2026-05-06T14:54:07.390899
Cade Cunningham,,,862af0717b53a01b5e93a188a655d663,2026-05-07,23:10,points,27.5,-120.0,-110.0,False,betmgm,2026-05-06T14:54:07.390910
Duncan Robinson,,,862af0717b53a01b5e93a188a655d663,2026-05-07,23:10,points,11.5,-111.0,-118.0,False,betmgm,2026-05-06T14:54:07.390912
Tobias Harris,,,862af0717b53a01b5e93a188a655d663,2026-05-07,23:10,points,17.5,-115.0,-115.0,False,betmgm,2026-05-06T14:54:07.390914
Ausar Thompson,,,862af0717b53a01b5e93a188a655d663,2026-05-07,23:10,points,9.5,-115.0,-115.0,False,betmgm,2026-05-06T14:54:07.390916
Evan Mobley,,,862af0717b53a01b5e93a188a655d663,2026-05-07,23:10,points,15.5,-130.0,-105.0,False,betmgm,2026-05-06T14:54:07.390917
Donovan Mitchell,,,862af0717b53a01b5e93a188a655d663,2026-05-07,23:10,points,24.5,-125.0,-105.0,False,betmgm,2026-05-06T14:54:07.390919
Jarrett Allen,,,862af0717b53a01b5e93a188a655d663,2026-05-07,23:10,points,11.5,-115.0,-115.0,False,betmgm,2026-05-06T14:54:07.390921
Dean Wade,,,862af0717b53a01b5e93a188a655d663,2026-05-07,23:10,points,4.5,-140.0,105.0,False,betmgm,2026-05-06T14:54:07.390922
James Harden,,,862af0717b53a01b5e93a188a655d663,2026-05-07,23:10,points,19.5,-110.0,-120.0,False,betmgm,2026-05-06T14:54:07.390926
Jalen Duren,,,862af0717b53a01b5e93a188a655d663,2026-05-07,23:10,points,14.5,-130.0,-105.0,False,betmgm,2026-05-06T14:54:07.390927
Duncan Robinson,,,862af0717b53a01b5e93a188a655d663,2026-05-07,23:10,points,19.5,600.0,,True,betmgm,2026-05-06T14:54:07.390944
Duncan Robinson,,,862af0717b53a01b5e93a188a655d663,2026-05-07,23:10,points,14.5,195.0,,True,betmgm,2026-05-06T14:54:07.390946
Duncan Robinson,,,862af0717b53a01b5e93a188a655d663,2026-05-07,23:10,points,9.5,-200.0,,True,betmgm,2026-05-06T14:54:07.390948
Tobias Harris,,,862af0717b53a01b5e93a188a655d663,2026-05-07,23:10,points,24.5,400.0,,True,betmgm,2026-05-06T14:54:07.390950
Cade Cunningham,,,862af0717b53a01b5e93a188a655d663,2026-05-07,23:10,points,34.5,300.0,,True,betmgm,2026-05-06T14:54:07.390951
Cade Cunningham,,,862af0717b53a01b5e93a188a655d663,2026-05-07,23:10,points,24.5,-225.0,,True,betmgm,2026-05-06T14:54:07.390953
Donovan Mitchell,,,862af0717b53a01b5e93a188a655d663,2026-05-07,23:10,points,19.5,-400.0,,True,betmgm,2026-05-06T14:54:07.390955
James Harden,,,862af0717b53a01b5e93a188a655d663,2026-05-07,23:10,points,24.5,260.0,,True,betmgm,2026-05-06T14:54:07.390956
James Harden,,,862af0717b53a01b5e93a188a655d663,2026-05-07,23:10,points,14.5,-375.0,,True,betmgm,2026-05-06T14:54:07.390958
Cade Cunningham,,,862af0717b53a01b5e93a188a655d663,2026-05-07,23:10,points,19.5,-750.0,,True,betmgm,2026-05-06T14:54:07.390960
Evan Mobley,,,862af0717b53a01b5e93a188a655d663,2026-05-07,23:10,points,19.5,210.0,,True,betmgm,2026-05-06T14:54:07.390961
Jalen Duren,,,862af0717b53a01b5e93a188a655d663,2026-05-07,23:10,points,14.5,-135.0,,True,betmgm,2026-05-06T14:54:07.390963
James Harden,,,862af0717b53a01b5e93a188a655d663,2026-05-07,23:10,points,19.5,-110.0,,True,betmgm,2026-05-06T14:54:07.390965
Cade Cunningham,,,862af0717b53a01b5e93a188a655d663,2026-05-07,23:10,points,39.5,750.0,,True,betmgm,2026-05-06T14:54:07.390966
Jalen Duren,,,862af0717b53a01b5e93a188a655d663,2026-05-07,23:10,points,19.5,280.0,,True,betmgm,2026-05-06T14:54:07.390968
Donovan Mitchell,,,862af0717b53a01b5e93a188a655d663,2026-05-07,23:10,points,29.5,210.0,,True,betmgm,2026-05-06T14:54:07.390970
Tobias Harris,,,862af0717b53a01b5e93a188a655d663,2026-05-07,23:10,points,14.5,-250.0,,True,betmgm,2026-05-06T14:54:07.390971
Evan Mobley,,,862af0717b53a01b5e93a188a655d663,2026-05-07,23:10,points,14.5,-175.0,,True,betmgm,2026-05-06T14:54:07.390973
Cade Cunningham,,,862af0717b53a01b5e93a188a655d663,2026-05-07,23:10,points,29.5,120.0,,True,betmgm,2026-05-06T14:54:07.390975
Evan Mobley,,,862af0717b53a01b5e93a188a655d663,2026-05-07,23:10,points,24.5,650.0,,True,betmgm,2026-05-06T14:54:07.390976
Jalen Duren,,,862af0717b53a01b5e93a188a655d663,2026-05-07,23:10,points,9.5,-700.0,,True,betmgm,2026-05-06T14:54:07.390978
Evan Mobley,,,862af0717b53a01b5e93a188a655d663,2026-05-07,23:10,points,9.5,-900.0,,True,betmgm,2026-05-06T14:54:07.390980
Jarrett Allen,,,862af0717b53a01b5e93a188a655d663,2026-05-07,23:10,points,14.5,230.0,,True,betmgm,2026-05-06T14:54:07.390981
Donovan Mitchell,,,862af0717b53a01b5e93a188a655d663,2026-05-07,23:10,points,14.5,-2000.0,,True,betmgm,2026-05-06T14:54:07.390983
Donovan Mitchell,,,862af0717b53a01b5e93a188a655d663,2026-05-07,23:10,points,34.5,525.0,,True,betmgm,2026-05-06T14:54:07.390985
Jarrett Allen,,,862af0717b53a01b5e93a188a655d663,2026-05-07,23:10,points,9.5,-225.0,,True,betmgm,2026-05-06T14:54:07.390986
Tobias Harris,,,862af0717b53a01b5e93a188a655d663,2026-05-07,23:10,points,9.5,-1400.0,,True,betmgm,2026-05-06T14:54:07.390988
Tobias Harris,,,862af0717b53a01b5e93a188a655d663,2026-05-07,23:10,points,19.5,135.0,,True,betmgm,2026-05-06T14:54:07.390990
Ausar Thompson,,,862af0717b53a01b5e93a188a655d663,2026-05-07,23:10,points,14.5,450.0,,True,betmgm,2026-05-06T14:54:07.390991
James Harden,,,862af0717b53a01b5e93a188a655d663,2026-05-07,23:10,points,29.5,700.0,,True,betmgm,2026-05-06T14:54:07.390995
Ausar Thompson,,,862af0717b53a01b5e93a188a655d663,2026-05-07,23:10,points,9.5,-115.0,,True,betmgm,2026-05-06T14:54:07.390998
Donovan Mitchell,,,862af0717b53a01b5e93a188a655d663,2026-05-07,23:10,points,24.5,-125.0,,True,betmgm,2026-05-06T14:54:07.391000
Dean Wade,,,862af0717b53a01b5e93a188a655d663,2026-05-07,23:10,points,9.5,475.0,,True,betmgm,2026-05-06T14:54:07.391002
Duncan Robinson,,,862af0717b53a01b5e93a188a655d663,2026-05-07,23:10,rebounds,2.5,140.0,-190.0,False,betmgm,2026-05-06T14:54:07.391014
Cade Cunningham,,,862af0717b53a01b5e93a188a655d663,2026-05-07,23:10,rebounds,5.5,-105.0,-125.0,False,betmgm,2026-05-06T14:54:07.391015
Tobias Harris,,,862af0717b53a01b5e93a188a655d663,2026-05-07,23:10,rebounds,6.5,-120.0,-111.0,False,betmgm,2026-05-06T14:54:07.391017
Ausar Thompson,,,862af0717b53a01b5e93a188a655d663,2026-05-07,23:10,rebounds,7.5,100.0,-135.0,False,betmgm,2026-05-06T14:54:07.391019
Jalen Duren,,,862af0717b53a01b5e93a188a655d663,2026-05-07,23:10,rebounds,11.5,-105.0,-125.0,False,betmgm,2026-05-06T14:54:07.391020
Dean Wade,,,862af0717b53a01b5e93a188a655d663,2026-05-07,23:10,rebounds,3.5,105.0,-140.0,False,betmgm,2026-05-06T14:54:07.391022
Jarrett Allen,,,862af0717b53a01b5e93a188a655d663,2026-05-07,23:10,rebounds,7.5,100.0,-135.0,False,betmgm,2026-05-06T14:54:07.391024
Donovan Mitchell,,,862af0717b53a01b5e93a188a655d663,2026-05-07,23:10,rebounds,3.5,-160.0,120.0,False,betmgm,2026-05-06T14:54:07.391025
James Harden,,,862af0717b53a01b5e93a188a655d663,2026-05-07,23:10,rebounds,4.5,-125.0,-105.0,False,betmgm,2026-05-06T14:54:07.391027
Evan Mobley,,,862af0717b53a01b5e93a188a655d663,2026-05-07,23:10,rebounds,8.5,100.0,-135.0,False,betmgm,2026-05-06T14:54:07.391029
Duncan Robinson,,,862af0717b53a01b5e93a188a655d663,2026-05-07,23:10,rebounds,4.5,750.0,,True,betmgm,2026-05-06T14:54:07.391045
Duncan Robinson,,,862af0717b53a01b5e93a188a655d663,2026-05-07,23:10,rebounds,2.5,140.0,,True,betmgm,2026-05-06T14:54:07.391047
Donovan Mitchell,,,862af0717b53a01b5e93a188a655d663,2026-05-07,23:10,rebounds,6.5,500.0,,True,betmgm,2026-05-06T14:54:07.391048
Cade Cunningham,,,862af0717b53a01b5e93a188a655d663,2026-05-07,23:10,rebounds,4.5,-220.0,,True,betmgm,2026-05-06T14:54:07.391050
Cade Cunningham,,,862af0717b53a01b5e93a188a655d663,2026-05-07,23:10,rebounds,2.5,-1400.0,,True,betmgm,2026-05-06T14:54:07.391052
Evan Mobley,,,862af0717b53a01b5e93a188a655d663,2026-05-07,23:10,rebounds,6.5,-300.0,,True,betmgm,2026-05-06T14:54:07.391053
James Harden,,,862af0717b53a01b5e93a188a655d663,2026-05-07,23:10,rebounds,4.5,-125.0,,True,betmgm,2026-05-06T14:54:07.391055
Jalen Duren,,,862af0717b53a01b5e93a188a655d663,2026-05-07,23:10,rebounds,14.5,320.0,,True,betmgm,2026-05-06T14:54:07.391057
Cade Cunningham,,,862af0717b53a01b5e93a188a655d663,2026-05-07,23:10,rebounds,6.5,175.0,,True,betmgm,2026-05-06T14:54:07.391058
Jarrett Allen,,,862af0717b53a01b5e93a188a655d663,2026-05-07,23:10,rebounds,4.5,-700.0,,True,betmgm,2026-05-06T14:54:07.391060
Tobias Harris,,,862af0717b53a01b5e93a188a655d663,2026-05-07,23:10,rebounds,4.5,-450.0,,True,betmgm,2026-05-06T14:54:07.391062
James Harden,,,862af0717b53a01b5e93a188a655d663,2026-05-07,23:10,rebounds,2.5,-700.0,,True,betmgm,2026-05-06T14:54:07.391063
Ausar Thompson,,,862af0717b53a01b5e93a188a655d663,2026-05-07,23:10,rebounds,9.5,275.0,,True,betmgm,2026-05-06T14:54:07.391065
Jarrett Allen,,,862af0717b53a01b5e93a188a655d663,2026-05-07,23:10,rebounds,9.5,280.0,,True,betmgm,2026-05-06T14:54:07.391067
Tobias Harris,,,862af0717b53a01b5e93a188a655d663,2026-05-07,23:10,rebounds,9.5,425.0,,True,betmgm,2026-05-06T14:54:07.391068
Dean Wade,,,862af0717b53a01b5e93a188a655d663,2026-05-07,23:10,rebounds,4.5,220.0,,True,betmgm,2026-05-06T14:54:07.391070
Evan Mobley,,,862af0717b53a01b5e93a188a655d663,2026-05-07,23:10,rebounds,9.5,165.0,,True,betmgm,2026-05-06T14:54:07.391072
Dean Wade,,,862af0717b53a01b5e93a188a655d663,2026-05-07,23:10,rebounds,6.5,825.0,,True,betmgm,2026-05-06T14:54:07.391073
Ausar Thompson,,,862af0717b53a01b5e93a188a655d663,2026-05-07,23:10,rebounds,4.5,-700.0,,True,betmgm,2026-05-06T14:54:07.391075
Donovan Mitchell,,,862af0717b53a01b5e93a188a655d663,2026-05-07,23:10,rebounds,4.5,130.0,,True,betmgm,2026-05-06T14:54:07.391079
James Harden,,,862af0717b53a01b5e93a188a655d663,2026-05-07,23:10,rebounds,6.5,300.0,,True,betmgm,2026-05-06T14:54:07.391080
Donovan Mitchell,,,862af0717b53a01b5e93a188a655d663,2026-05-07,23:10,rebounds,2.5,-400.0,,True,betmgm,2026-05-06T14:54:07.391082
Evan Mobley,,,862af0717b53a01b5e93a188a655d663,2026-05-07,23:10,rebounds,12.5,650.0,,True,betmgm,2026-05-06T14:54:07.391084
Dean Wade,,,862af0717b53a01b5e93a188a655d663,2026-05-07,23:10,rebounds,2.5,-225.0,,True,betmgm,2026-05-06T14:54:07.391085
Jalen Duren,,,862af0717b53a01b5e93a188a655d663,2026-05-07,23:10,rebounds,12.5,140.0,,True,betmgm,2026-05-06T14:54:07.391087
Jarrett Allen,,,862af0717b53a01b5e93a188a655d663,2026-05-07,23:10,rebounds,6.5,-185.0,,True,betmgm,2026-05-06T14:54:07.391089
Jalen Duren,,,862af0717b53a01b5e93a188a655d663,2026-05-07,23:10,rebounds,6.5,-2000.0,,True,betmgm,2026-05-06T14:54:07.391090
Ausar Thompson,,,862af0717b53a01b5e93a188a655d663,2026-05-07,23:10,rebounds,6.5,-175.0,,True,betmgm,2026-05-06T14:54:07.391092
Tobias Harris,,,862af0717b53a01b5e93a188a655d663,2026-05-07,23:10,rebounds,6.5,-118.0,,True,betmgm,2026-05-06T14:54:07.391093
Jalen Duren,,,862af0717b53a01b5e93a188a655d663,2026-05-07,23:10,rebounds,9.5,-275.0,,True,betmgm,2026-05-06T14:54:07.391095
Jalen Duren,,,862af0717b53a01b5e93a188a655d663,2026-05-07,23:10,rebounds,16.5,700.0,,True,betmgm,2026-05-06T14:54:07.391097
Evan Mobley,,,862af0717b53a01b5e93a188a655d663,2026-05-07,23:10,rebounds,4.5,-1400.0,,True,betmgm,2026-05-06T14:54:07.391098
Duncan Robinson,,,862af0717b53a01b5e93a188a655d663,2026-05-07,23:10,threes,2.5,-155.0,115.0,False,betmgm,2026-05-06T14:54:07.391107
Cade Cunningham,,,862af0717b53a01b5e93a188a655d663,2026-05-07,23:10,threes,2.5,105.0,-145.0,False,betmgm,2026-05-06T14:54:07.391109
Tobias Harris,,,862af0717b53a01b5e93a188a655d663,2026-05-07,23:10,threes,1.5,100.0,-135.0,False,betmgm,2026-05-06T14:54:07.391111
Donovan Mitchell,,,862af0717b53a01b5e93a188a655d663,2026-05-07,23:10,threes,2.5,-130.0,-105.0,False,betmgm,2026-05-06T14:54:07.391113
James Harden,,,862af0717b53a01b5e93a188a655d663,2026-05-07,23:10,threes,2.5,-105.0,-125.0,False,betmgm,2026-05-06T14:54:07.391114
Evan Mobley,,,862af0717b53a01b5e93a188a655d663,2026-05-07,23:10,threes,0.5,-200.0,150.0,False,betmgm,2026-05-06T14:54:07.391116
Duncan Robinson,,,862af0717b53a01b5e93a188a655d663,2026-05-07,23:10,threes,3.5,155.0,,True,betmgm,2026-05-06T14:54:07.391131
Duncan Robinson,,,862af0717b53a01b5e93a188a655d663,2026-05-07,23:10,threes,4.5,340.0,,True,betmgm,2026-05-06T14:54:07.391133
Cade Cunningham,,,862af0717b53a01b5e93a188a655d663,2026-05-07,23:10,threes,4.5,600.0,,True,betmgm,2026-05-06T14:54:07.391135
Duncan Robinson,,,862af0717b53a01b5e93a188a655d663,2026-05-07,23:10,threes,1.5,-500.0,,True,betmgm,2026-05-06T14:54:07.391137
Duncan Robinson,,,862af0717b53a01b5e93a188a655d663,2026-05-07,23:10,threes,2.5,-155.0,,True,betmgm,2026-05-06T14:54:07.391138
Cade Cunningham,,,862af0717b53a01b5e93a188a655d663,2026-05-07,23:10,threes,1.5,-275.0,,True,betmgm,2026-05-06T14:54:07.391140
Cade Cunningham,,,862af0717b53a01b5e93a188a655d663,2026-05-07,23:10,threes,2.5,105.0,,True,betmgm,2026-05-06T14:54:07.391142
Cade Cunningham,,,862af0717b53a01b5e93a188a655d663,2026-05-07,23:10,threes,3.5,260.0,,True,betmgm,2026-05-06T14:54:07.391143
Donovan Mitchell,,,862af0717b53a01b5e93a188a655d663,2026-05-07,23:10,threes,3.5,185.0,,True,betmgm,2026-05-06T14:54:07.391145
Tobias Harris,,,862af0717b53a01b5e93a188a655d663,2026-05-07,23:10,threes,1.5,-115.0,,True,betmgm,2026-05-06T14:54:07.391147
Evan Mobley,,,862af0717b53a01b5e93a188a655d663,2026-05-07,23:10,threes,1.5,210.0,,True,betmgm,2026-05-06T14:54:07.391148
James Harden,,,862af0717b53a01b5e93a188a655d663,2026-05-07,23:10,threes,3.5,230.0,,True,betmgm,2026-05-06T14:54:07.391150
Evan Mobley,,,862af0717b53a01b5e93a188a655d663,2026-05-07,23:10,threes,0.5,-210.0,,True,betmgm,2026-05-06T14:54:07.391152
Donovan Mitchell,,,862af0717b53a01b5e93a188a655d663,2026-05-07,23:10,threes,1.5,-400.0,,True,betmgm,2026-05-06T14:54:07.391155
James Harden,,,862af0717b53a01b5e93a188a655d663,2026-05-07,23:10,threes,1.5,-325.0,,True,betmgm,2026-05-06T14:54:07.391157
Tobias Harris,,,862af0717b53a01b5e93a188a655d663,2026-05-07,23:10,threes,3.5,675.0,,True,betmgm,2026-05-06T14:54:07.391159
James Harden,,,862af0717b53a01b5e93a188a655d663,2026-05-07,23:10,threes,0.5,-1600.0,,True,betmgm,2026-05-06T14:54:07.391160
Tobias Harris,,,862af0717b53a01b5e93a188a655d663,2026-05-07,23:10,threes,0.5,-525.0,,True,betmgm,2026-05-06T14:54:07.391162
Donovan Mitchell,,,862af0717b53a01b5e93a188a655d663,2026-05-07,23:10,threes,4.5,400.0,,True,betmgm,2026-05-06T14:54:07.391164
James Harden,,,862af0717b53a01b5e93a188a655d663,2026-05-07,23:10,threes,4.5,525.0,,True,betmgm,2026-05-06T14:54:07.391165
Evan Mobley,,,862af0717b53a01b5e93a188a655d663,2026-05-07,23:10,threes,2.5,700.0,,True,betmgm,2026-05-06T14:54:07.391167
James Harden,,,862af0717b53a01b5e93a188a655d663,2026-05-07,23:10,threes,2.5,-105.0,,True,betmgm,2026-05-06T14:54:07.391169
Cade Cunningham,,,862af0717b53a01b5e93a188a655d663,2026-05-07,23:10,threes,0.5,-1400.0,,True,betmgm,2026-05-06T14:54:07.391170
Donovan Mitchell,,,862af0717b53a01b5e93a188a655d663,2026-05-07,23:10,threes,2.5,-135.0,,True,betmgm,2026-05-06T14:54:07.391172
Tobias Harris,,,862af0717b53a01b5e93a188a655d663,2026-05-07,23:10,threes,2.5,260.0,,True,betmgm,2026-05-06T14:54:07.391174
Ajay Mitchell,,,a306b74e13d87d2f8d64b1e01c2cf958,2026-05-08,01:40,assists,3.5,-130.0,-105.0,False,betmgm,2026-05-06T14:54:07.489370
Shai Gilgeous-Alexander,,,a306b74e13d87d2f8d64b1e01c2cf958,2026-05-08,01:40,assists,6.5,-150.0,110.0,False,betmgm,2026-05-06T14:54:07.489372
Isaiah Hartenstein,,,a306b74e13d87d2f8d64b1e01c2cf958,2026-05-08,01:40,assists,2.5,-160.0,120.0,False,betmgm,2026-05-06T14:54:07.489374
Luguentz Dort,,,a306b74e13d87d2f8d64b1e01c2cf958,2026-05-08,01:40,assists,0.5,-225.0,165.0,False,betmgm,2026-05-06T14:54:07.489376
Chet Holmgren,,,a306b74e13d87d2f8d64b1e01c2cf958,2026-05-08,01:40,assists,1.5,-105.0,-125.0,False,betmgm,2026-05-06T14:54:07.489377
Marcus Smart,,,a306b74e13d87d2f8d64b1e01c2cf958,2026-05-08,01:40,assists,3.5,-111.0,-118.0,False,betmgm,2026-05-06T14:54:07.489379
Austin Reaves,,,a306b74e13d87d2f8d64b1e01c2cf958,2026-05-08,01:40,assists,4.5,-160.0,120.0,False,betmgm,2026-05-06T14:54:07.489381
LeBron James,,,a306b74e13d87d2f8d64b1e01c2cf958,2026-05-08,01:40,assists,7.5,-105.0,-125.0,False,betmgm,2026-05-06T14:54:07.489384
Deandre Ayton,,,a306b74e13d87d2f8d64b1e01c2cf958,2026-05-08,01:40,assists,0.5,-160.0,120.0,False,betmgm,2026-05-06T14:54:07.489386
Rui Hachimura,,,a306b74e13d87d2f8d64b1e01c2cf958,2026-05-08,01:40,assists,0.5,-165.0,125.0,False,betmgm,2026-05-06T14:54:07.489388
Shai Gilgeous-Alexander,,,a306b74e13d87d2f8d64b1e01c2cf958,2026-05-08,01:40,assists,6.5,-150.0,,True,betmgm,2026-05-06T14:54:07.489398
Shai Gilgeous-Alexander,,,a306b74e13d87d2f8d64b1e01c2cf958,2026-05-08,01:40,assists,4.5,-650.0,,True,betmgm,2026-05-06T14:54:07.489400
Shai Gilgeous-Alexander,,,a306b74e13d87d2f8d64b1e01c2cf958,2026-05-08,01:40,assists,9.5,390.0,,True,betmgm,2026-05-06T14:54:07.489402
Ajay Mitchell,,,a306b74e13d87d2f8d64b1e01c2cf958,2026-05-08,01:40,assists,2.5,-325.0,,True,betmgm,2026-05-06T14:54:07.489404
Isaiah Hartenstein,,,a306b74e13d87d2f8d64b1e01c2cf958,2026-05-08,01:40,assists,4.5,325.0,,True,betmgm,2026-05-06T14:54:07.489405
Ajay Mitchell,,,a306b74e13d87d2f8d64b1e01c2cf958,2026-05-08,01:40,assists,4.5,165.0,,True,betmgm,2026-05-06T14:54:07.489407
Ajay Mitchell,,,a306b74e13d87d2f8d64b1e01c2cf958,2026-05-08,01:40,assists,6.5,675.0,,True,betmgm,2026-05-06T14:54:07.489409
Isaiah Hartenstein,,,a306b74e13d87d2f8d64b1e01c2cf958,2026-05-08,01:40,assists,2.5,-165.0,,True,betmgm,2026-05-06T14:54:07.489410
Marcus Smart,,,a306b74e13d87d2f8d64b1e01c2cf958,2026-05-08,01:40,assists,6.5,750.0,,True,betmgm,2026-05-06T14:54:07.489414
LeBron James,,,a306b74e13d87d2f8d64b1e01c2cf958,2026-05-08,01:40,assists,4.5,-750.0,,True,betmgm,2026-05-06T14:54:07.489415
Marcus Smart,,,a306b74e13d87d2f8d64b1e01c2cf958,2026-05-08,01:40,assists,4.5,190.0,,True,betmgm,2026-05-06T14:54:07.489417
Marcus Smart,,,a306b74e13d87d2f8d64b1e01c2cf958,2026-05-08,01:40,assists,2.5,-275.0,,True,betmgm,2026-05-06T14:54:07.489419
LeBron James,,,a306b74e13d87d2f8d64b1e01c2cf958,2026-05-08,01:40,assists,6.5,-190.0,,True,betmgm,2026-05-06T14:54:07.489420
LeBron James,,,a306b74e13d87d2f8d64b1e01c2cf958,2026-05-08,01:40,assists,9.5,275.0,,True,betmgm,2026-05-06T14:54:07.489422
Austin Reaves,,,a306b74e13d87d2f8d64b1e01c2cf958,2026-05-08,01:40,assists,4.5,-160.0,,True,betmgm,2026-05-06T14:54:07.489424
Austin Reaves,,,a306b74e13d87d2f8d64b1e01c2cf958,2026-05-08,01:40,assists,6.5,230.0,,True,betmgm,2026-05-06T14:54:07.489425
Austin Reaves,,,a306b74e13d87d2f8d64b1e01c2cf958,2026-05-08,01:40,assists,2.5,-1000.0,,True,betmgm,2026-05-06T14:54:07.489427
Shai Gilgeous-Alexander,,,a306b74e13d87d2f8d64b1e01c2cf958,2026-05-08,01:40,points,28.5,-125.0,-105.0,False,betmgm,2026-05-06T14:54:07.489438
Ajay Mitchell,,,a306b74e13d87d2f8d64b1e01c2cf958,2026-05-08,01:40,points,15.5,-110.0,-120.0,False,betmgm,2026-05-06T14:54:07.489440
Chet Holmgren,,,a306b74e13d87d2f8d64b1e01c2cf958,2026-05-08,01:40,points,15.5,-125.0,-105.0,False,betmgm,2026-05-06T14:54:07.489442
Luguentz Dort,,,a306b74e13d87d2f8d64b1e01c2cf958,2026-05-08,01:40,points,7.5,-115.0,-115.0,False,betmgm,2026-05-06T14:54:07.489443
Austin Reaves,,,a306b74e13d87d2f8d64b1e01c2cf958,2026-05-08,01:40,points,19.5,-105.0,-125.0,False,betmgm,2026-05-06T14:54:07.489445
Rui Hachimura,,,a306b74e13d87d2f8d64b1e01c2cf958,2026-05-08,01:40,points,12.5,-115.0,-115.0,False,betmgm,2026-05-06T14:54:07.489447
LeBron James,,,a306b74e13d87d2f8d64b1e01c2cf958,2026-05-08,01:40,points,20.5,-125.0,-105.0,False,betmgm,2026-05-06T14:54:07.489448
Deandre Ayton,,,a306b74e13d87d2f8d64b1e01c2cf958,2026-05-08,01:40,points,9.5,-150.0,110.0,False,betmgm,2026-05-06T14:54:07.489450
Isaiah Hartenstein,,,a306b74e13d87d2f8d64b1e01c2cf958,2026-05-08,01:40,points,7.5,-150.0,110.0,False,betmgm,2026-05-06T14:54:07.489452
Marcus Smart,,,a306b74e13d87d2f8d64b1e01c2cf958,2026-05-08,01:40,points,10.5,100.0,-135.0,False,betmgm,2026-05-06T14:54:07.489453
Shai Gilgeous-Alexander,,,a306b74e13d87d2f8d64b1e01c2cf958,2026-05-08,01:40,points,39.5,675.0,,True,betmgm,2026-05-06T14:54:07.489470
Shai Gilgeous-Alexander,,,a306b74e13d87d2f8d64b1e01c2cf958,2026-05-08,01:40,points,29.5,-105.0,,True,betmgm,2026-05-06T14:54:07.489473
Shai Gilgeous-Alexander,,,a306b74e13d87d2f8d64b1e01c2cf958,2026-05-08,01:40,points,19.5,-1200.0,,True,betmgm,2026-05-06T14:54:07.489475
Shai Gilgeous-Alexander,,,a306b74e13d87d2f8d64b1e01c2cf958,2026-05-08,01:40,points,24.5,-325.0,,True,betmgm,2026-05-06T14:54:07.489477
Shai Gilgeous-Alexander,,,a306b74e13d87d2f8d64b1e01c2cf958,2026-05-08,01:40,points,34.5,260.0,,True,betmgm,2026-05-06T14:54:07.489478
Luguentz Dort,,,a306b74e13d87d2f8d64b1e01c2cf958,2026-05-08,01:40,points,14.5,700.0,,True,betmgm,2026-05-06T14:54:07.489480
Chet Holmgren,,,a306b74e13d87d2f8d64b1e01c2cf958,2026-05-08,01:40,points,14.5,-165.0,,True,betmgm,2026-05-06T14:54:07.489482
Chet Holmgren,,,a306b74e13d87d2f8d64b1e01c2cf958,2026-05-08,01:40,points,24.5,675.0,,True,betmgm,2026-05-06T14:54:07.489484
Isaiah Hartenstein,,,a306b74e13d87d2f8d64b1e01c2cf958,2026-05-08,01:40,points,14.5,775.0,,True,betmgm,2026-05-06T14:54:07.489485
Ajay Mitchell,,,a306b74e13d87d2f8d64b1e01c2cf958,2026-05-08,01:40,points,9.5,-700.0,,True,betmgm,2026-05-06T14:54:07.489487
Ajay Mitchell,,,a306b74e13d87d2f8d64b1e01c2cf958,2026-05-08,01:40,points,19.5,250.0,,True,betmgm,2026-05-06T14:54:07.489489
Isaiah Hartenstein,,,a306b74e13d87d2f8d64b1e01c2cf958,2026-05-08,01:40,points,9.5,140.0,,True,betmgm,2026-05-06T14:54:07.489490
Chet Holmgren,,,a306b74e13d87d2f8d64b1e01c2cf958,2026-05-08,01:40,points,9.5,-900.0,,True,betmgm,2026-05-06T14:54:07.489492
Ajay Mitchell,,,a306b74e13d87d2f8d64b1e01c2cf958,2026-05-08,01:40,points,24.5,750.0,,True,betmgm,2026-05-06T14:54:07.489494
Luguentz Dort,,,a306b74e13d87d2f8d64b1e01c2cf958,2026-05-08,01:40,points,9.5,180.0,,True,betmgm,2026-05-06T14:54:07.489495
Chet Holmgren,,,a306b74e13d87d2f8d64b1e01c2cf958,2026-05-08,01:40,points,19.5,210.0,,True,betmgm,2026-05-06T14:54:07.489497
Ajay Mitchell,,,a306b74e13d87d2f8d64b1e01c2cf958,2026-05-08,01:40,points,14.5,-150.0,,True,betmgm,2026-05-06T14:54:07.489499
Marcus Smart,,,a306b74e13d87d2f8d64b1e01c2cf958,2026-05-08,01:40,points,14.5,290.0,,True,betmgm,2026-05-06T14:54:07.489500
LeBron James,,,a306b74e13d87d2f8d64b1e01c2cf958,2026-05-08,01:40,points,29.5,500.0,,True,betmgm,2026-05-06T14:54:07.489502
Austin Reaves,,,a306b74e13d87d2f8d64b1e01c2cf958,2026-05-08,01:40,points,24.5,275.0,,True,betmgm,2026-05-06T14:54:07.489504
LeBron James,,,a306b74e13d87d2f8d64b1e01c2cf958,2026-05-08,01:40,points,19.5,-160.0,,True,betmgm,2026-05-06T14:54:07.489505
Deandre Ayton,,,a306b74e13d87d2f8d64b1e01c2cf958,2026-05-08,01:40,points,14.5,400.0,,True,betmgm,2026-05-06T14:54:07.489507
Rui Hachimura,,,a306b74e13d87d2f8d64b1e01c2cf958,2026-05-08,01:40,points,14.5,145.0,,True,betmgm,2026-05-06T14:54:07.489510
LeBron James,,,a306b74e13d87d2f8d64b1e01c2cf958,2026-05-08,01:40,points,24.5,185.0,,True,betmgm,2026-05-06T14:54:07.489512
Austin Reaves,,,a306b74e13d87d2f8d64b1e01c2cf958,2026-05-08,01:40,points,29.5,700.0,,True,betmgm,2026-05-06T14:54:07.489514
Austin Reaves,,,a306b74e13d87d2f8d64b1e01c2cf958,2026-05-08,01:40,points,14.5,-375.0,,True,betmgm,2026-05-06T14:54:07.489515
Deandre Ayton,,,a306b74e13d87d2f8d64b1e01c2cf958,2026-05-08,01:40,points,9.5,-150.0,,True,betmgm,2026-05-06T14:54:07.489517
Rui Hachimura,,,a306b74e13d87d2f8d64b1e01c2cf958,2026-05-08,01:40,points,19.5,475.0,,True,betmgm,2026-05-06T14:54:07.489519
Marcus Smart,,,a306b74e13d87d2f8d64b1e01c2cf958,2026-05-08,01:40,points,9.5,-140.0,,True,betmgm,2026-05-06T14:54:07.489520
Rui Hachimura,,,a306b74e13d87d2f8d64b1e01c2cf958,2026-05-08,01:40,points,9.5,-275.0,,True,betmgm,2026-05-06T14:54:07.489522
Austin Reaves,,,a306b74e13d87d2f8d64b1e01c2cf958,2026-05-08,01:40,points,19.5,-105.0,,True,betmgm,2026-05-06T14:54:07.489524
LeBron James,,,a306b74e13d87d2f8d64b1e01c2cf958,2026-05-08,01:40,points,14.5,-625.0,,True,betmgm,2026-05-06T14:54:07.489525
Ajay Mitchell,,,a306b74e13d87d2f8d64b1e01c2cf958,2026-05-08,01:40,rebounds,3.5,100.0,-135.0,False,betmgm,2026-05-06T14:54:07.489539
Shai Gilgeous-Alexander,,,a306b74e13d87d2f8d64b1e01c2cf958,2026-05-08,01:40,rebounds,3.5,-160.0,120.0,False,betmgm,2026-05-06T14:54:07.489543
Luguentz Dort,,,a306b74e13d87d2f8d64b1e01c2cf958,2026-05-08,01:40,rebounds,2.5,-155.0,115.0,False,betmgm,2026-05-06T14:54:07.489544
Chet Holmgren,,,a306b74e13d87d2f8d64b1e01c2cf958,2026-05-08,01:40,rebounds,8.5,-105.0,-125.0,False,betmgm,2026-05-06T14:54:07.489546
Marcus Smart,,,a306b74e13d87d2f8d64b1e01c2cf958,2026-05-08,01:40,rebounds,3.5,115.0,-155.0,False,betmgm,2026-05-06T14:54:07.489548
Rui Hachimura,,,a306b74e13d87d2f8d64b1e01c2cf958,2026-05-08,01:40,rebounds,3.5,-150.0,110.0,False,betmgm,2026-05-06T14:54:07.489549
Austin Reaves,,,a306b74e13d87d2f8d64b1e01c2cf958,2026-05-08,01:40,rebounds,4.5,105.0,-140.0,False,betmgm,2026-05-06T14:54:07.489551
LeBron James,,,a306b74e13d87d2f8d64b1e01c2cf958,2026-05-08,01:40,rebounds,6.5,-145.0,105.0,False,betmgm,2026-05-06T14:54:07.489566
Deandre Ayton,,,a306b74e13d87d2f8d64b1e01c2cf958,2026-05-08,01:40,rebounds,8.5,-115.0,-115.0,False,betmgm,2026-05-06T14:54:07.489568
Isaiah Hartenstein,,,a306b74e13d87d2f8d64b1e01c2cf958,2026-05-08,01:40,rebounds,8.5,110.0,-150.0,False,betmgm,2026-05-06T14:54:07.489570
Shai Gilgeous-Alexander,,,a306b74e13d87d2f8d64b1e01c2cf958,2026-05-08,01:40,rebounds,2.5,-400.0,,True,betmgm,2026-05-06T14:54:07.489587
Shai Gilgeous-Alexander,,,a306b74e13d87d2f8d64b1e01c2cf958,2026-05-08,01:40,rebounds,4.5,135.0,,True,betmgm,2026-05-06T14:54:07.489589
Shai Gilgeous-Alexander,,,a306b74e13d87d2f8d64b1e01c2cf958,2026-05-08,01:40,rebounds,6.5,525.0,,True,betmgm,2026-05-06T14:54:07.489591
Isaiah Hartenstein,,,a306b74e13d87d2f8d64b1e01c2cf958,2026-05-08,01:40,rebounds,9.5,180.0,,True,betmgm,2026-05-06T14:54:07.489592
Ajay Mitchell,,,a306b74e13d87d2f8d64b1e01c2cf958,2026-05-08,01:40,rebounds,6.5,800.0,,True,betmgm,2026-05-06T14:54:07.489594
Chet Holmgren,,,a306b74e13d87d2f8d64b1e01c2cf958,2026-05-08,01:40,rebounds,4.5,-1600.0,,True,betmgm,2026-05-06T14:54:07.489596
Luguentz Dort,,,a306b74e13d87d2f8d64b1e01c2cf958,2026-05-08,01:40,rebounds,4.5,340.0,,True,betmgm,2026-05-06T14:54:07.489597
Luguentz Dort,,,a306b74e13d87d2f8d64b1e01c2cf958,2026-05-08,01:40,rebounds,2.5,-155.0,,True,betmgm,2026-05-06T14:54:07.489599
Isaiah Hartenstein,,,a306b74e13d87d2f8d64b1e01c2cf958,2026-05-08,01:40,rebounds,4.5,-1200.0,,True,betmgm,2026-05-06T14:54:07.489601
Isaiah Hartenstein,,,a306b74e13d87d2f8d64b1e01c2cf958,2026-05-08,01:40,rebounds,6.5,-275.0,,True,betmgm,2026-05-06T14:54:07.489602
Chet Holmgren,,,a306b74e13d87d2f8d64b1e01c2cf958,2026-05-08,01:40,rebounds,9.5,155.0,,True,betmgm,2026-05-06T14:54:07.489604
Ajay Mitchell,,,a306b74e13d87d2f8d64b1e01c2cf958,2026-05-08,01:40,rebounds,4.5,210.0,,True,betmgm,2026-05-06T14:54:07.489606
Chet Holmgren,,,a306b74e13d87d2f8d64b1e01c2cf958,2026-05-08,01:40,rebounds,12.5,650.0,,True,betmgm,2026-05-06T14:54:07.489607
Ajay Mitchell,,,a306b74e13d87d2f8d64b1e01c2cf958,2026-05-08,01:40,rebounds,2.5,-250.0,,True,betmgm,2026-05-06T14:54:07.489609
Isaiah Hartenstein,,,a306b74e13d87d2f8d64b1e01c2cf958,2026-05-08,01:40,rebounds,12.5,750.0,,True,betmgm,2026-05-06T14:54:07.489611
Chet Holmgren,,,a306b74e13d87d2f8d64b1e01c2cf958,2026-05-08,01:40,rebounds,6.5,-325.0,,True,betmgm,2026-05-06T14:54:07.489612
Marcus Smart,,,a306b74e13d87d2f8d64b1e01c2cf958,2026-05-08,01:40,rebounds,2.5,-210.0,,True,betmgm,2026-05-06T14:54:07.489614
Deandre Ayton,,,a306b74e13d87d2f8d64b1e01c2cf958,2026-05-08,01:40,rebounds,4.5,-2000.0,,True,betmgm,2026-05-06T14:54:07.489616
Marcus Smart,,,a306b74e13d87d2f8d64b1e01c2cf958,2026-05-08,01:40,rebounds,4.5,250.0,,True,betmgm,2026-05-06T14:54:07.489617
Deandre Ayton,,,a306b74e13d87d2f8d64b1e01c2cf958,2026-05-08,01:40,rebounds,6.5,-350.0,,True,betmgm,2026-05-06T14:54:07.489619
LeBron James,,,a306b74e13d87d2f8d64b1e01c2cf958,2026-05-08,01:40,rebounds,6.5,-145.0,,True,betmgm,2026-05-06T14:54:07.489621
Rui Hachimura,,,a306b74e13d87d2f8d64b1e01c2cf958,2026-05-08,01:40,rebounds,4.5,140.0,,True,betmgm,2026-05-06T14:54:07.489622
Austin Reaves,,,a306b74e13d87d2f8d64b1e01c2cf958,2026-05-08,01:40,rebounds,2.5,-500.0,,True,betmgm,2026-05-06T14:54:07.489624
Austin Reaves,,,a306b74e13d87d2f8d64b1e01c2cf958,2026-05-08,01:40,rebounds,4.5,105.0,,True,betmgm,2026-05-06T14:54:07.489628
Rui Hachimura,,,a306b74e13d87d2f8d64b1e01c2cf958,2026-05-08,01:40,rebounds,2.5,-375.0,,True,betmgm,2026-05-06T14:54:07.489629
LeBron James,,,a306b74e13d87d2f8d64b1e01c2cf958,2026-05-08,01:40,rebounds,9.5,340.0,,True,betmgm,2026-05-06T14:54:07.489631
Austin Reaves,,,a306b74e13d87d2f8d64b1e01c2cf958,2026-05-08,01:40,rebounds,6.5,390.0,,True,betmgm,2026-05-06T14:54:07.489633
Deandre Ayton,,,a306b74e13d87d2f8d64b1e01c2cf958,2026-05-08,01:40,rebounds,12.5,550.0,,True,betmgm,2026-05-06T14:54:07.489634
Deandre Ayton,,,a306b74e13d87d2f8d64b1e01c2cf958,2026-05-08,01:40,rebounds,9.5,140.0,,True,betmgm,2026-05-06T14:54:07.489636
Rui Hachimura,,,a306b74e13d87d2f8d64b1e01c2cf958,2026-05-08,01:40,rebounds,6.5,525.0,,True,betmgm,2026-05-06T14:54:07.489638
LeBron James,,,a306b74e13d87d2f8d64b1e01c2cf958,2026-05-08,01:40,rebounds,4.5,-550.0,,True,betmgm,2026-05-06T14:54:07.489639
Ajay Mitchell,,,a306b74e13d87d2f8d64b1e01c2cf958,2026-05-08,01:40,threes,1.5,-105.0,-125.0,False,betmgm,2026-05-06T14:54:07.489650
Shai Gilgeous-Alexander,,,a306b74e13d87d2f8d64b1e01c2cf958,2026-05-08,01:40,threes,1.5,105.0,-140.0,False,betmgm,2026-05-06T14:54:07.489652
Luguentz Dort,,,a306b74e13d87d2f8d64b1e01c2cf958,2026-05-08,01:40,threes,1.5,-150.0,110.0,False,betmgm,2026-05-06T14:54:07.489653
Chet Holmgren,,,a306b74e13d87d2f8d64b1e01c2cf958,2026-05-08,01:40,threes,1.5,115.0,-155.0,False,betmgm,2026-05-06T14:54:07.489655
Marcus Smart,,,a306b74e13d87d2f8d64b1e01c2cf958,2026-05-08,01:40,threes,1.5,-130.0,-105.0,False,betmgm,2026-05-06T14:54:07.489657
Rui Hachimura,,,a306b74e13d87d2f8d64b1e01c2cf958,2026-05-08,01:40,threes,1.5,-150.0,110.0,False,betmgm,2026-05-06T14:54:07.489659
LeBron James,,,a306b74e13d87d2f8d64b1e01c2cf958,2026-05-08,01:40,threes,1.5,140.0,-190.0,False,betmgm,2026-05-06T14:54:07.489660
Austin Reaves,,,a306b74e13d87d2f8d64b1e01c2cf958,2026-05-08,01:40,threes,1.5,-190.0,140.0,False,betmgm,2026-05-06T14:54:07.489662
Shai Gilgeous-Alexander,,,a306b74e13d87d2f8d64b1e01c2cf958,2026-05-08,01:40,threes,1.5,105.0,,True,betmgm,2026-05-06T14:54:07.489677
Ajay Mitchell,,,a306b74e13d87d2f8d64b1e01c2cf958,2026-05-08,01:40,threes,2.5,290.0,,True,betmgm,2026-05-06T14:54:07.489679
Shai Gilgeous-Alexander,,,a306b74e13d87d2f8d64b1e01c2cf958,2026-05-08,01:40,threes,3.5,825.0,,True,betmgm,2026-05-06T14:54:07.489682
Shai Gilgeous-Alexander,,,a306b74e13d87d2f8d64b1e01c2cf958,2026-05-08,01:40,threes,0.5,-450.0,,True,betmgm,2026-05-06T14:54:07.489684
Ajay Mitchell,,,a306b74e13d87d2f8d64b1e01c2cf958,2026-05-08,01:40,threes,1.5,-105.0,,True,betmgm,2026-05-06T14:54:07.489688
Luguentz Dort,,,a306b74e13d87d2f8d64b1e01c2cf958,2026-05-08,01:40,threes,2.5,200.0,,True,betmgm,2026-05-06T14:54:07.489689
Luguentz Dort,,,a306b74e13d87d2f8d64b1e01c2cf958,2026-05-08,01:40,threes,0.5,-700.0,,True,betmgm,2026-05-06T14:54:07.489691
Chet Holmgren,,,a306b74e13d87d2f8d64b1e01c2cf958,2026-05-08,01:40,threes,0.5,-375.0,,True,betmgm,2026-05-06T14:54:07.489693
Chet Holmgren,,,a306b74e13d87d2f8d64b1e01c2cf958,2026-05-08,01:40,threes,2.5,360.0,,True,betmgm,2026-05-06T14:54:07.489695
Luguentz Dort,,,a306b74e13d87d2f8d64b1e01c2cf958,2026-05-08,01:40,threes,3.5,525.0,,True,betmgm,2026-05-06T14:54:07.489696
Chet Holmgren,,,a306b74e13d87d2f8d64b1e01c2cf958,2026-05-08,01:40,threes,1.5,115.0,,True,betmgm,2026-05-06T14:54:07.489698
Ajay Mitchell,,,a306b74e13d87d2f8d64b1e01c2cf958,2026-05-08,01:40,threes,3.5,750.0,,True,betmgm,2026-05-06T14:54:07.489700
Shai Gilgeous-Alexander,,,a306b74e13d87d2f8d64b1e01c2cf958,2026-05-08,01:40,threes,2.5,325.0,,True,betmgm,2026-05-06T14:54:07.489701
Luguentz Dort,,,a306b74e13d87d2f8d64b1e01c2cf958,2026-05-08,01:40,threes,1.5,-150.0,,True,betmgm,2026-05-06T14:54:07.489703
Ajay Mitchell,,,a306b74e13d87d2f8d64b1e01c2cf958,2026-05-08,01:40,threes,0.5,-500.0,,True,betmgm,2026-05-06T14:54:07.489705
LeBron James,,,a306b74e13d87d2f8d64b1e01c2cf958,2026-05-08,01:40,threes,2.5,425.0,,True,betmgm,2026-05-06T14:54:07.489706
Marcus Smart,,,a306b74e13d87d2f8d64b1e01c2cf958,2026-05-08,01:40,threes,3.5,550.0,,True,betmgm,2026-05-06T14:54:07.489710
Marcus Smart,,,a306b74e13d87d2f8d64b1e01c2cf958,2026-05-08,01:40,threes,1.5,-135.0,,True,betmgm,2026-05-06T14:54:07.489712
Marcus Smart,,,a306b74e13d87d2f8d64b1e01c2cf958,2026-05-08,01:40,threes,2.5,230.0,,True,betmgm,2026-05-06T14:54:07.489713
Austin Reaves,,,a306b74e13d87d2f8d64b1e01c2cf958,2026-05-08,01:40,threes,3.5,380.0,,True,betmgm,2026-05-06T14:54:07.489715
Marcus Smart,,,a306b74e13d87d2f8d64b1e01c2cf958,2026-05-08,01:40,threes,0.5,-600.0,,True,betmgm,2026-05-06T14:54:07.489717
LeBron James,,,a306b74e13d87d2f8d64b1e01c2cf958,2026-05-08,01:40,threes,0.5,-300.0,,True,betmgm,2026-05-06T14:54:07.489718
Austin Reaves,,,a306b74e13d87d2f8d64b1e01c2cf958,2026-05-08,01:40,threes,2.5,155.0,,True,betmgm,2026-05-06T14:54:07.489720
Rui Hachimura,,,a306b74e13d87d2f8d64b1e01c2cf958,2026-05-08,01:40,threes,1.5,-150.0,,True,betmgm,2026-05-06T14:54:07.489722
Rui Hachimura,,,a306b74e13d87d2f8d64b1e01c2cf958,2026-05-08,01:40,threes,3.5,500.0,,True,betmgm,2026-05-06T14:54:07.489723
LeBron James,,,a306b74e13d87d2f8d64b1e01c2cf958,2026-05-08,01:40,threes,1.5,140.0,,True,betmgm,2026-05-06T14:54:07.489725
Austin Reaves,,,a306b74e13d87d2f8d64b1e01c2cf958,2026-05-08,01:40,threes,0.5,-900.0,,True,betmgm,2026-05-06T14:54:07.489727
Rui Hachimura,,,a306b74e13d87d2f8d64b1e01c2cf958,2026-05-08,01:40,threes,2.5,200.0,,True,betmgm,2026-05-06T14:54:07.489728
Austin Reaves,,,a306b74e13d87d2f8d64b1e01c2cf958,2026-05-08,01:40,threes,1.5,-190.0,,True,betmgm,2026-05-06T14:54:07.489730
Rui Hachimura,,,a306b74e13d87d2f8d64b1e01c2cf958,2026-05-08,01:40,threes,0.5,-650.0,,True,betmgm,2026-05-06T14:54:07.489731
