player_name,team,opponent,game_id,game_date,game_time,prop_type,line,over_odds,under_odds,is_alt_line,sportsbook,scraped_at
Tyrese Maxey,,,a37e80a2e3cf3aaa3ae84a9124987058,2026-05-02,23:40,assists,6.5,104.0,-137.0,False,draftkings,2026-05-02T22:11:55.469648
Payton Pritchard,,,a37e80a2e3cf3aaa3ae84a9124987058,2026-05-02,23:40,assists,5.5,-101.0,-130.0,False,draftkings,2026-05-02T22:11:55.469664
Jaylen Brown,,,a37e80a2e3cf3aaa3ae84a9124987058,2026-05-02,23:40,assists,5.5,110.0,-145.0,False,draftkings,2026-05-02T22:11:55.469668
Joel Embiid,,,a37e80a2e3cf3aaa3ae84a9124987058,2026-05-02,23:40,assists,5.5,111.0,-146.0,False,draftkings,2026-05-02T22:11:55.469670
Derrick White,,,a37e80a2e3cf3aaa3ae84a9124987058,2026-05-02,23:40,assists,4.5,-115.0,-114.0,False,draftkings,2026-05-02T22:11:55.469672
Paul George,,,a37e80a2e3cf3aaa3ae84a9124987058,2026-05-02,23:40,assists,3.5,-106.0,-124.0,False,draftkings,2026-05-02T22:11:55.469674
VJ Edgecombe,,,a37e80a2e3cf3aaa3ae84a9124987058,2026-05-02,23:40,assists,3.5,121.0,-160.0,False,draftkings,2026-05-02T22:11:55.469676
Quentin Grimes,,,a37e80a2e3cf3aaa3ae84a9124987058,2026-05-02,23:40,assists,1.5,-110.0,-119.0,False,draftkings,2026-05-02T22:11:55.469679
Nikola Vucevic,,,a37e80a2e3cf3aaa3ae84a9124987058,2026-05-02,23:40,assists,1.5,-103.0,-127.0,False,draftkings,2026-05-02T22:11:55.469682
Neemias Queta,,,a37e80a2e3cf3aaa3ae84a9124987058,2026-05-02,23:40,assists,1.5,139.0,-184.0,False,draftkings,2026-05-02T22:11:55.469684
Sam Hauser,,,a37e80a2e3cf3aaa3ae84a9124987058,2026-05-02,23:40,assists,1.5,140.0,-186.0,False,draftkings,2026-05-02T22:11:55.469686
Kelly Oubre Jr,,,a37e80a2e3cf3aaa3ae84a9124987058,2026-05-02,23:40,assists,1.5,166.0,-221.0,False,draftkings,2026-05-02T22:11:55.469688
Tyrese Maxey,,,a37e80a2e3cf3aaa3ae84a9124987058,2026-05-02,23:40,assists,2.5,-3500.0,,True,draftkings,2026-05-02T22:11:55.469756
Tyrese Maxey,,,a37e80a2e3cf3aaa3ae84a9124987058,2026-05-02,23:40,assists,3.5,-920.0,,True,draftkings,2026-05-02T22:11:55.469759
Tyrese Maxey,,,a37e80a2e3cf3aaa3ae84a9124987058,2026-05-02,23:40,assists,4.5,-373.0,,True,draftkings,2026-05-02T22:11:55.469761
Tyrese Maxey,,,a37e80a2e3cf3aaa3ae84a9124987058,2026-05-02,23:40,assists,5.5,-181.0,,True,draftkings,2026-05-02T22:11:55.469762
Tyrese Maxey,,,a37e80a2e3cf3aaa3ae84a9124987058,2026-05-02,23:40,assists,6.5,105.0,,True,draftkings,2026-05-02T22:11:55.469764
Tyrese Maxey,,,a37e80a2e3cf3aaa3ae84a9124987058,2026-05-02,23:40,assists,7.5,189.0,,True,draftkings,2026-05-02T22:11:55.469766
Tyrese Maxey,,,a37e80a2e3cf3aaa3ae84a9124987058,2026-05-02,23:40,assists,8.5,338.0,,True,draftkings,2026-05-02T22:11:55.469768
Tyrese Maxey,,,a37e80a2e3cf3aaa3ae84a9124987058,2026-05-02,23:40,assists,9.5,600.0,,True,draftkings,2026-05-02T22:11:55.469770
Tyrese Maxey,,,a37e80a2e3cf3aaa3ae84a9124987058,2026-05-02,23:40,assists,10.5,1020.0,,True,draftkings,2026-05-02T22:11:55.469771
Tyrese Maxey,,,a37e80a2e3cf3aaa3ae84a9124987058,2026-05-02,23:40,assists,11.5,1680.0,,True,draftkings,2026-05-02T22:11:55.469773
Tyrese Maxey,,,a37e80a2e3cf3aaa3ae84a9124987058,2026-05-02,23:40,assists,12.5,2500.0,,True,draftkings,2026-05-02T22:11:55.469777
Payton Pritchard,,,a37e80a2e3cf3aaa3ae84a9124987058,2026-05-02,23:40,assists,2.5,-970.0,,True,draftkings,2026-05-02T22:11:55.469779
Payton Pritchard,,,a37e80a2e3cf3aaa3ae84a9124987058,2026-05-02,23:40,assists,3.5,-383.0,,True,draftkings,2026-05-02T22:11:55.469781
Payton Pritchard,,,a37e80a2e3cf3aaa3ae84a9124987058,2026-05-02,23:40,assists,4.5,-188.0,,True,draftkings,2026-05-02T22:11:55.469784
Payton Pritchard,,,a37e80a2e3cf3aaa3ae84a9124987058,2026-05-02,23:40,assists,5.5,-103.0,,True,draftkings,2026-05-02T22:11:55.469786
Payton Pritchard,,,a37e80a2e3cf3aaa3ae84a9124987058,2026-05-02,23:40,assists,6.5,168.0,,True,draftkings,2026-05-02T22:11:55.469788
Payton Pritchard,,,a37e80a2e3cf3aaa3ae84a9124987058,2026-05-02,23:40,assists,7.5,288.0,,True,draftkings,2026-05-02T22:11:55.469790
Payton Pritchard,,,a37e80a2e3cf3aaa3ae84a9124987058,2026-05-02,23:40,assists,8.5,475.0,,True,draftkings,2026-05-02T22:11:55.469792
Payton Pritchard,,,a37e80a2e3cf3aaa3ae84a9124987058,2026-05-02,23:40,assists,9.5,790.0,,True,draftkings,2026-05-02T22:11:55.469793
Payton Pritchard,,,a37e80a2e3cf3aaa3ae84a9124987058,2026-05-02,23:40,assists,10.5,1280.0,,True,draftkings,2026-05-02T22:11:55.469797
Payton Pritchard,,,a37e80a2e3cf3aaa3ae84a9124987058,2026-05-02,23:40,assists,11.5,1900.0,,True,draftkings,2026-05-02T22:11:55.469799
Payton Pritchard,,,a37e80a2e3cf3aaa3ae84a9124987058,2026-05-02,23:40,assists,12.5,2700.0,,True,draftkings,2026-05-02T22:11:55.469801
Jaylen Brown,,,a37e80a2e3cf3aaa3ae84a9124987058,2026-05-02,23:40,assists,2.5,-790.0,,True,draftkings,2026-05-02T22:11:55.469802
Jaylen Brown,,,a37e80a2e3cf3aaa3ae84a9124987058,2026-05-02,23:40,assists,3.5,-334.0,,True,draftkings,2026-05-02T22:11:55.469804
Jaylen Brown,,,a37e80a2e3cf3aaa3ae84a9124987058,2026-05-02,23:40,assists,4.5,-170.0,,True,draftkings,2026-05-02T22:11:55.469806
Jaylen Brown,,,a37e80a2e3cf3aaa3ae84a9124987058,2026-05-02,23:40,assists,5.5,108.0,,True,draftkings,2026-05-02T22:11:55.469808
Jaylen Brown,,,a37e80a2e3cf3aaa3ae84a9124987058,2026-05-02,23:40,assists,6.5,186.0,,True,draftkings,2026-05-02T22:11:55.469809
Jaylen Brown,,,a37e80a2e3cf3aaa3ae84a9124987058,2026-05-02,23:40,assists,7.5,322.0,,True,draftkings,2026-05-02T22:11:55.469811
Jaylen Brown,,,a37e80a2e3cf3aaa3ae84a9124987058,2026-05-02,23:40,assists,8.5,544.0,,True,draftkings,2026-05-02T22:11:55.469813
Jaylen Brown,,,a37e80a2e3cf3aaa3ae84a9124987058,2026-05-02,23:40,assists,9.5,890.0,,True,draftkings,2026-05-02T22:11:55.469814
Jaylen Brown,,,a37e80a2e3cf3aaa3ae84a9124987058,2026-05-02,23:40,assists,10.5,1420.0,,True,draftkings,2026-05-02T22:11:55.469816
Jaylen Brown,,,a37e80a2e3cf3aaa3ae84a9124987058,2026-05-02,23:40,assists,11.5,2100.0,,True,draftkings,2026-05-02T22:11:55.469818
Jaylen Brown,,,a37e80a2e3cf3aaa3ae84a9124987058,2026-05-02,23:40,assists,12.5,2900.0,,True,draftkings,2026-05-02T22:11:55.469820
Derrick White,,,a37e80a2e3cf3aaa3ae84a9124987058,2026-05-02,23:40,assists,2.5,-526.0,,True,draftkings,2026-05-02T22:11:55.469821
Derrick White,,,a37e80a2e3cf3aaa3ae84a9124987058,2026-05-02,23:40,assists,3.5,-229.0,,True,draftkings,2026-05-02T22:11:55.469823
Derrick White,,,a37e80a2e3cf3aaa3ae84a9124987058,2026-05-02,23:40,assists,4.5,-115.0,,True,draftkings,2026-05-02T22:11:55.469825
Derrick White,,,a37e80a2e3cf3aaa3ae84a9124987058,2026-05-02,23:40,assists,5.5,162.0,,True,draftkings,2026-05-02T22:11:55.469826
Derrick White,,,a37e80a2e3cf3aaa3ae84a9124987058,2026-05-02,23:40,assists,6.5,285.0,,True,draftkings,2026-05-02T22:11:55.469828
Derrick White,,,a37e80a2e3cf3aaa3ae84a9124987058,2026-05-02,23:40,assists,7.5,488.0,,True,draftkings,2026-05-02T22:11:55.469830
Derrick White,,,a37e80a2e3cf3aaa3ae84a9124987058,2026-05-02,23:40,assists,8.5,830.0,,True,draftkings,2026-05-02T22:11:55.469831
Derrick White,,,a37e80a2e3cf3aaa3ae84a9124987058,2026-05-02,23:40,assists,9.5,1400.0,,True,draftkings,2026-05-02T22:11:55.469833
Derrick White,,,a37e80a2e3cf3aaa3ae84a9124987058,2026-05-02,23:40,assists,10.5,2100.0,,True,draftkings,2026-05-02T22:11:55.469835
Joel Embiid,,,a37e80a2e3cf3aaa3ae84a9124987058,2026-05-02,23:40,assists,2.5,-1140.0,,True,draftkings,2026-05-02T22:11:55.469837
Joel Embiid,,,a37e80a2e3cf3aaa3ae84a9124987058,2026-05-02,23:40,assists,3.5,-394.0,,True,draftkings,2026-05-02T22:11:55.469838
Joel Embiid,,,a37e80a2e3cf3aaa3ae84a9124987058,2026-05-02,23:40,assists,4.5,-176.0,,True,draftkings,2026-05-02T22:11:55.469840
Joel Embiid,,,a37e80a2e3cf3aaa3ae84a9124987058,2026-05-02,23:40,assists,5.5,114.0,,True,draftkings,2026-05-02T22:11:55.469844
Joel Embiid,,,a37e80a2e3cf3aaa3ae84a9124987058,2026-05-02,23:40,assists,6.5,215.0,,True,draftkings,2026-05-02T22:11:55.469846
Joel Embiid,,,a37e80a2e3cf3aaa3ae84a9124987058,2026-05-02,23:40,assists,7.5,392.0,,True,draftkings,2026-05-02T22:11:55.469848
Joel Embiid,,,a37e80a2e3cf3aaa3ae84a9124987058,2026-05-02,23:40,assists,8.5,720.0,,True,draftkings,2026-05-02T22:11:55.469850
Joel Embiid,,,a37e80a2e3cf3aaa3ae84a9124987058,2026-05-02,23:40,assists,9.5,1280.0,,True,draftkings,2026-05-02T22:11:55.469852
Joel Embiid,,,a37e80a2e3cf3aaa3ae84a9124987058,2026-05-02,23:40,assists,10.5,2100.0,,True,draftkings,2026-05-02T22:11:55.469853
Paul George,,,a37e80a2e3cf3aaa3ae84a9124987058,2026-05-02,23:40,assists,2.5,-263.0,,True,draftkings,2026-05-02T22:11:55.469855
Paul George,,,a37e80a2e3cf3aaa3ae84a9124987058,2026-05-02,23:40,assists,3.5,-106.0,,True,draftkings,2026-05-02T22:11:55.469856
Paul George,,,a37e80a2e3cf3aaa3ae84a9124987058,2026-05-02,23:40,assists,4.5,204.0,,True,draftkings,2026-05-02T22:11:55.469858
Paul George,,,a37e80a2e3cf3aaa3ae84a9124987058,2026-05-02,23:40,assists,5.5,433.0,,True,draftkings,2026-05-02T22:11:55.469860
Paul George,,,a37e80a2e3cf3aaa3ae84a9124987058,2026-05-02,23:40,assists,6.5,900.0,,True,draftkings,2026-05-02T22:11:55.469862
Paul George,,,a37e80a2e3cf3aaa3ae84a9124987058,2026-05-02,23:40,assists,7.5,1660.0,,True,draftkings,2026-05-02T22:11:55.469863
Paul George,,,a37e80a2e3cf3aaa3ae84a9124987058,2026-05-02,23:40,assists,8.5,2700.0,,True,draftkings,2026-05-02T22:11:55.469865
VJ Edgecombe,,,a37e80a2e3cf3aaa3ae84a9124987058,2026-05-02,23:40,assists,2.5,-195.0,,True,draftkings,2026-05-02T22:11:55.469867
VJ Edgecombe,,,a37e80a2e3cf3aaa3ae84a9124987058,2026-05-02,23:40,assists,3.5,121.0,,True,draftkings,2026-05-02T22:11:55.469868
VJ Edgecombe,,,a37e80a2e3cf3aaa3ae84a9124987058,2026-05-02,23:40,assists,4.5,263.0,,True,draftkings,2026-05-02T22:11:55.469870
VJ Edgecombe,,,a37e80a2e3cf3aaa3ae84a9124987058,2026-05-02,23:40,assists,5.5,549.0,,True,draftkings,2026-05-02T22:11:55.469872
VJ Edgecombe,,,a37e80a2e3cf3aaa3ae84a9124987058,2026-05-02,23:40,assists,6.5,1120.0,,True,draftkings,2026-05-02T22:11:55.469873
VJ Edgecombe,,,a37e80a2e3cf3aaa3ae84a9124987058,2026-05-02,23:40,assists,7.5,2100.0,,True,draftkings,2026-05-02T22:11:55.469875
Baylor Scheierman,,,a37e80a2e3cf3aaa3ae84a9124987058,2026-05-02,23:40,assists,1.5,-110.0,,True,draftkings,2026-05-02T22:11:55.469877
Baylor Scheierman,,,a37e80a2e3cf3aaa3ae84a9124987058,2026-05-02,23:40,assists,2.5,261.0,,True,draftkings,2026-05-02T22:11:55.469879
Baylor Scheierman,,,a37e80a2e3cf3aaa3ae84a9124987058,2026-05-02,23:40,assists,3.5,660.0,,True,draftkings,2026-05-02T22:11:55.469881
Baylor Scheierman,,,a37e80a2e3cf3aaa3ae84a9124987058,2026-05-02,23:40,assists,4.5,1440.0,,True,draftkings,2026-05-02T22:11:55.469883
Baylor Scheierman,,,a37e80a2e3cf3aaa3ae84a9124987058,2026-05-02,23:40,assists,5.5,2600.0,,True,draftkings,2026-05-02T22:11:55.469884
Nikola Vucevic,,,a37e80a2e3cf3aaa3ae84a9124987058,2026-05-02,23:40,assists,1.5,-103.0,,True,draftkings,2026-05-02T22:11:55.469886
Nikola Vucevic,,,a37e80a2e3cf3aaa3ae84a9124987058,2026-05-02,23:40,assists,2.5,266.0,,True,draftkings,2026-05-02T22:11:55.469890
Nikola Vucevic,,,a37e80a2e3cf3aaa3ae84a9124987058,2026-05-02,23:40,assists,3.5,650.0,,True,draftkings,2026-05-02T22:11:55.469892
Nikola Vucevic,,,a37e80a2e3cf3aaa3ae84a9124987058,2026-05-02,23:40,assists,4.5,1420.0,,True,draftkings,2026-05-02T22:11:55.469893
Nikola Vucevic,,,a37e80a2e3cf3aaa3ae84a9124987058,2026-05-02,23:40,assists,5.5,2600.0,,True,draftkings,2026-05-02T22:11:55.469897
Quentin Grimes,,,a37e80a2e3cf3aaa3ae84a9124987058,2026-05-02,23:40,assists,1.5,-109.0,,True,draftkings,2026-05-02T22:11:55.469899
Quentin Grimes,,,a37e80a2e3cf3aaa3ae84a9124987058,2026-05-02,23:40,assists,2.5,267.0,,True,draftkings,2026-05-02T22:11:55.469901
Quentin Grimes,,,a37e80a2e3cf3aaa3ae84a9124987058,2026-05-02,23:40,assists,3.5,670.0,,True,draftkings,2026-05-02T22:11:55.469903
Quentin Grimes,,,a37e80a2e3cf3aaa3ae84a9124987058,2026-05-02,23:40,assists,4.5,1460.0,,True,draftkings,2026-05-02T22:11:55.469906
Quentin Grimes,,,a37e80a2e3cf3aaa3ae84a9124987058,2026-05-02,23:40,assists,5.5,2700.0,,True,draftkings,2026-05-02T22:11:55.469908
Sam Hauser,,,a37e80a2e3cf3aaa3ae84a9124987058,2026-05-02,23:40,assists,1.5,142.0,,True,draftkings,2026-05-02T22:11:55.469910
Sam Hauser,,,a37e80a2e3cf3aaa3ae84a9124987058,2026-05-02,23:40,assists,2.5,421.0,,True,draftkings,2026-05-02T22:11:55.469911
Sam Hauser,,,a37e80a2e3cf3aaa3ae84a9124987058,2026-05-02,23:40,assists,3.5,1080.0,,True,draftkings,2026-05-02T22:11:55.469914
Sam Hauser,,,a37e80a2e3cf3aaa3ae84a9124987058,2026-05-02,23:40,assists,4.5,2400.0,,True,draftkings,2026-05-02T22:11:55.469915
Neemias Queta,,,a37e80a2e3cf3aaa3ae84a9124987058,2026-05-02,23:40,assists,1.5,139.0,,True,draftkings,2026-05-02T22:11:55.469917
Neemias Queta,,,a37e80a2e3cf3aaa3ae84a9124987058,2026-05-02,23:40,assists,2.5,438.0,,True,draftkings,2026-05-02T22:11:55.469919
Neemias Queta,,,a37e80a2e3cf3aaa3ae84a9124987058,2026-05-02,23:40,assists,3.5,1180.0,,True,draftkings,2026-05-02T22:11:55.469921
Neemias Queta,,,a37e80a2e3cf3aaa3ae84a9124987058,2026-05-02,23:40,assists,4.5,2600.0,,True,draftkings,2026-05-02T22:11:55.469923
Kelly Oubre Jr,,,a37e80a2e3cf3aaa3ae84a9124987058,2026-05-02,23:40,assists,1.5,167.0,,True,draftkings,2026-05-02T22:11:55.469924
Kelly Oubre Jr,,,a37e80a2e3cf3aaa3ae84a9124987058,2026-05-02,23:40,assists,2.5,546.0,,True,draftkings,2026-05-02T22:11:55.469926
Kelly Oubre Jr,,,a37e80a2e3cf3aaa3ae84a9124987058,2026-05-02,23:40,assists,3.5,1560.0,,True,draftkings,2026-05-02T22:11:55.469928
Jaylen Brown,,,a37e80a2e3cf3aaa3ae84a9124987058,2026-05-02,23:40,points,29.5,-121.0,-106.0,False,draftkings,2026-05-02T22:11:55.469948
Joel Embiid,,,a37e80a2e3cf3aaa3ae84a9124987058,2026-05-02,23:40,points,26.5,-113.0,-113.0,False,draftkings,2026-05-02T22:11:55.469950
Tyrese Maxey,,,a37e80a2e3cf3aaa3ae84a9124987058,2026-05-02,23:40,points,24.5,-108.0,-118.0,False,draftkings,2026-05-02T22:11:55.469951
Payton Pritchard,,,a37e80a2e3cf3aaa3ae84a9124987058,2026-05-02,23:40,points,18.5,-111.0,-115.0,False,draftkings,2026-05-02T22:11:55.469953
Paul George,,,a37e80a2e3cf3aaa3ae84a9124987058,2026-05-02,23:40,points,15.5,-117.0,-109.0,False,draftkings,2026-05-02T22:11:55.469955
Derrick White,,,a37e80a2e3cf3aaa3ae84a9124987058,2026-05-02,23:40,points,13.5,-119.0,-107.0,False,draftkings,2026-05-02T22:11:55.469956
VJ Edgecombe,,,a37e80a2e3cf3aaa3ae84a9124987058,2026-05-02,23:40,points,11.5,-124.0,-103.0,False,draftkings,2026-05-02T22:11:55.469958
Kelly Oubre Jr,,,a37e80a2e3cf3aaa3ae84a9124987058,2026-05-02,23:40,points,9.5,-118.0,-108.0,False,draftkings,2026-05-02T22:11:55.469960
Neemias Queta,,,a37e80a2e3cf3aaa3ae84a9124987058,2026-05-02,23:40,points,8.5,-124.0,-103.0,False,draftkings,2026-05-02T22:11:55.469962
Sam Hauser,,,a37e80a2e3cf3aaa3ae84a9124987058,2026-05-02,23:40,points,8.5,-120.0,-106.0,False,draftkings,2026-05-02T22:11:55.469963
Baylor Scheierman,,,a37e80a2e3cf3aaa3ae84a9124987058,2026-05-02,23:40,points,6.5,-118.0,-108.0,False,draftkings,2026-05-02T22:11:55.469965
Quentin Grimes,,,a37e80a2e3cf3aaa3ae84a9124987058,2026-05-02,23:40,points,6.5,-114.0,-111.0,False,draftkings,2026-05-02T22:11:55.469967
Nikola Vucevic,,,a37e80a2e3cf3aaa3ae84a9124987058,2026-05-02,23:40,points,6.5,-110.0,-116.0,False,draftkings,2026-05-02T22:11:55.469969
Jordan Walsh,,,a37e80a2e3cf3aaa3ae84a9124987058,2026-05-02,23:40,points,5.5,-104.0,-123.0,False,draftkings,2026-05-02T22:11:55.469970
Jaylen Brown,,,a37e80a2e3cf3aaa3ae84a9124987058,2026-05-02,23:40,points,17.5,-1880.0,,True,draftkings,2026-05-02T22:11:55.470031
Jaylen Brown,,,a37e80a2e3cf3aaa3ae84a9124987058,2026-05-02,23:40,points,19.5,-1020.0,,True,draftkings,2026-05-02T22:11:55.470033
Jaylen Brown,,,a37e80a2e3cf3aaa3ae84a9124987058,2026-05-02,23:40,points,24.5,-309.0,,True,draftkings,2026-05-02T22:11:55.470035
Jaylen Brown,,,a37e80a2e3cf3aaa3ae84a9124987058,2026-05-02,23:40,points,29.5,-121.0,,True,draftkings,2026-05-02T22:11:55.470036
Jaylen Brown,,,a37e80a2e3cf3aaa3ae84a9124987058,2026-05-02,23:40,points,34.5,189.0,,True,draftkings,2026-05-02T22:11:55.470038
Jaylen Brown,,,a37e80a2e3cf3aaa3ae84a9124987058,2026-05-02,23:40,points,39.5,432.0,,True,draftkings,2026-05-02T22:11:55.470040
Jaylen Brown,,,a37e80a2e3cf3aaa3ae84a9124987058,2026-05-02,23:40,points,44.5,980.0,,True,draftkings,2026-05-02T22:11:55.470042
Jaylen Brown,,,a37e80a2e3cf3aaa3ae84a9124987058,2026-05-02,23:40,points,49.5,2000.0,,True,draftkings,2026-05-02T22:11:55.470044
Joel Embiid,,,a37e80a2e3cf3aaa3ae84a9124987058,2026-05-02,23:40,points,14.5,-2100.0,,True,draftkings,2026-05-02T22:11:55.470045
Joel Embiid,,,a37e80a2e3cf3aaa3ae84a9124987058,2026-05-02,23:40,points,17.5,-800.0,,True,draftkings,2026-05-02T22:11:55.470047
Joel Embiid,,,a37e80a2e3cf3aaa3ae84a9124987058,2026-05-02,23:40,points,19.5,-492.0,,True,draftkings,2026-05-02T22:11:55.470048
Joel Embiid,,,a37e80a2e3cf3aaa3ae84a9124987058,2026-05-02,23:40,points,24.5,-168.0,,True,draftkings,2026-05-02T22:11:55.470052
Joel Embiid,,,a37e80a2e3cf3aaa3ae84a9124987058,2026-05-02,23:40,points,26.5,-115.0,,True,draftkings,2026-05-02T22:11:55.470054
Joel Embiid,,,a37e80a2e3cf3aaa3ae84a9124987058,2026-05-02,23:40,points,29.5,155.0,,True,draftkings,2026-05-02T22:11:55.470056
Joel Embiid,,,a37e80a2e3cf3aaa3ae84a9124987058,2026-05-02,23:40,points,34.5,378.0,,True,draftkings,2026-05-02T22:11:55.470057
Joel Embiid,,,a37e80a2e3cf3aaa3ae84a9124987058,2026-05-02,23:40,points,39.5,920.0,,True,draftkings,2026-05-02T22:11:55.470059
Joel Embiid,,,a37e80a2e3cf3aaa3ae84a9124987058,2026-05-02,23:40,points,44.5,2000.0,,True,draftkings,2026-05-02T22:11:55.470061
Tyrese Maxey,,,a37e80a2e3cf3aaa3ae84a9124987058,2026-05-02,23:40,points,14.5,-1380.0,,True,draftkings,2026-05-02T22:11:55.470062
Tyrese Maxey,,,a37e80a2e3cf3aaa3ae84a9124987058,2026-05-02,23:40,points,17.5,-552.0,,True,draftkings,2026-05-02T22:11:55.470066
Tyrese Maxey,,,a37e80a2e3cf3aaa3ae84a9124987058,2026-05-02,23:40,points,19.5,-332.0,,True,draftkings,2026-05-02T22:11:55.470068
Tyrese Maxey,,,a37e80a2e3cf3aaa3ae84a9124987058,2026-05-02,23:40,points,24.5,-110.0,,True,draftkings,2026-05-02T22:11:55.470070
Tyrese Maxey,,,a37e80a2e3cf3aaa3ae84a9124987058,2026-05-02,23:40,points,29.5,244.0,,True,draftkings,2026-05-02T22:11:55.470072
Tyrese Maxey,,,a37e80a2e3cf3aaa3ae84a9124987058,2026-05-02,23:40,points,34.5,640.0,,True,draftkings,2026-05-02T22:11:55.470073
Tyrese Maxey,,,a37e80a2e3cf3aaa3ae84a9124987058,2026-05-02,23:40,points,39.5,1580.0,,True,draftkings,2026-05-02T22:11:55.470075
Payton Pritchard,,,a37e80a2e3cf3aaa3ae84a9124987058,2026-05-02,23:40,points,7.5,-3500.0,,True,draftkings,2026-05-02T22:11:55.470076
Payton Pritchard,,,a37e80a2e3cf3aaa3ae84a9124987058,2026-05-02,23:40,points,9.5,-1300.0,,True,draftkings,2026-05-02T22:11:55.470078
Payton Pritchard,,,a37e80a2e3cf3aaa3ae84a9124987058,2026-05-02,23:40,points,11.5,-650.0,,True,draftkings,2026-05-02T22:11:55.470080
Payton Pritchard,,,a37e80a2e3cf3aaa3ae84a9124987058,2026-05-02,23:40,points,14.5,-284.0,,True,draftkings,2026-05-02T22:11:55.470082
Payton Pritchard,,,a37e80a2e3cf3aaa3ae84a9124987058,2026-05-02,23:40,points,17.5,-139.0,,True,draftkings,2026-05-02T22:11:55.470083
Payton Pritchard,,,a37e80a2e3cf3aaa3ae84a9124987058,2026-05-02,23:40,points,18.5,-111.0,,True,draftkings,2026-05-02T22:11:55.470085
Payton Pritchard,,,a37e80a2e3cf3aaa3ae84a9124987058,2026-05-02,23:40,points,19.5,109.0,,True,draftkings,2026-05-02T22:11:55.470087
Payton Pritchard,,,a37e80a2e3cf3aaa3ae84a9124987058,2026-05-02,23:40,points,24.5,299.0,,True,draftkings,2026-05-02T22:11:55.470088
Payton Pritchard,,,a37e80a2e3cf3aaa3ae84a9124987058,2026-05-02,23:40,points,29.5,780.0,,True,draftkings,2026-05-02T22:11:55.470090
Payton Pritchard,,,a37e80a2e3cf3aaa3ae84a9124987058,2026-05-02,23:40,points,34.5,1920.0,,True,draftkings,2026-05-02T22:11:55.470092
Paul George,,,a37e80a2e3cf3aaa3ae84a9124987058,2026-05-02,23:40,points,7.5,-1380.0,,True,draftkings,2026-05-02T22:11:55.470093
Paul George,,,a37e80a2e3cf3aaa3ae84a9124987058,2026-05-02,23:40,points,9.5,-620.0,,True,draftkings,2026-05-02T22:11:55.470095
Paul George,,,a37e80a2e3cf3aaa3ae84a9124987058,2026-05-02,23:40,points,11.5,-335.0,,True,draftkings,2026-05-02T22:11:55.470097
Paul George,,,a37e80a2e3cf3aaa3ae84a9124987058,2026-05-02,23:40,points,14.5,-149.0,,True,draftkings,2026-05-02T22:11:55.470098
Paul George,,,a37e80a2e3cf3aaa3ae84a9124987058,2026-05-02,23:40,points,15.5,-117.0,,True,draftkings,2026-05-02T22:11:55.470100
Paul George,,,a37e80a2e3cf3aaa3ae84a9124987058,2026-05-02,23:40,points,17.5,135.0,,True,draftkings,2026-05-02T22:11:55.470102
Paul George,,,a37e80a2e3cf3aaa3ae84a9124987058,2026-05-02,23:40,points,19.5,210.0,,True,draftkings,2026-05-02T22:11:55.470103
Paul George,,,a37e80a2e3cf3aaa3ae84a9124987058,2026-05-02,23:40,points,24.5,620.0,,True,draftkings,2026-05-02T22:11:55.470105
Paul George,,,a37e80a2e3cf3aaa3ae84a9124987058,2026-05-02,23:40,points,29.5,1680.0,,True,draftkings,2026-05-02T22:11:55.470107
Derrick White,,,a37e80a2e3cf3aaa3ae84a9124987058,2026-05-02,23:40,points,5.5,-2300.0,,True,draftkings,2026-05-02T22:11:55.470110
Derrick White,,,a37e80a2e3cf3aaa3ae84a9124987058,2026-05-02,23:40,points,7.5,-830.0,,True,draftkings,2026-05-02T22:11:55.470112
Derrick White,,,a37e80a2e3cf3aaa3ae84a9124987058,2026-05-02,23:40,points,9.5,-383.0,,True,draftkings,2026-05-02T22:11:55.470114
Derrick White,,,a37e80a2e3cf3aaa3ae84a9124987058,2026-05-02,23:40,points,11.5,-205.0,,True,draftkings,2026-05-02T22:11:55.470116
Derrick White,,,a37e80a2e3cf3aaa3ae84a9124987058,2026-05-02,23:40,points,13.5,-117.0,,True,draftkings,2026-05-02T22:11:55.470119
Derrick White,,,a37e80a2e3cf3aaa3ae84a9124987058,2026-05-02,23:40,points,14.5,111.0,,True,draftkings,2026-05-02T22:11:55.470121
Derrick White,,,a37e80a2e3cf3aaa3ae84a9124987058,2026-05-02,23:40,points,17.5,221.0,,True,draftkings,2026-05-02T22:11:55.470123
Derrick White,,,a37e80a2e3cf3aaa3ae84a9124987058,2026-05-02,23:40,points,19.5,350.0,,True,draftkings,2026-05-02T22:11:55.470124
Derrick White,,,a37e80a2e3cf3aaa3ae84a9124987058,2026-05-02,23:40,points,24.5,1060.0,,True,draftkings,2026-05-02T22:11:55.470126
Derrick White,,,a37e80a2e3cf3aaa3ae84a9124987058,2026-05-02,23:40,points,29.5,2600.0,,True,draftkings,2026-05-02T22:11:55.470128
VJ Edgecombe,,,a37e80a2e3cf3aaa3ae84a9124987058,2026-05-02,23:40,points,5.5,-1020.0,,True,draftkings,2026-05-02T22:11:55.470129
VJ Edgecombe,,,a37e80a2e3cf3aaa3ae84a9124987058,2026-05-02,23:40,points,7.5,-434.0,,True,draftkings,2026-05-02T22:11:55.470131
VJ Edgecombe,,,a37e80a2e3cf3aaa3ae84a9124987058,2026-05-02,23:40,points,9.5,-223.0,,True,draftkings,2026-05-02T22:11:55.470133
VJ Edgecombe,,,a37e80a2e3cf3aaa3ae84a9124987058,2026-05-02,23:40,points,11.5,-125.0,,True,draftkings,2026-05-02T22:11:55.470135
VJ Edgecombe,,,a37e80a2e3cf3aaa3ae84a9124987058,2026-05-02,23:40,points,14.5,178.0,,True,draftkings,2026-05-02T22:11:55.470136
VJ Edgecombe,,,a37e80a2e3cf3aaa3ae84a9124987058,2026-05-02,23:40,points,17.5,374.0,,True,draftkings,2026-05-02T22:11:55.470138
VJ Edgecombe,,,a37e80a2e3cf3aaa3ae84a9124987058,2026-05-02,23:40,points,19.5,600.0,,True,draftkings,2026-05-02T22:11:55.470140
VJ Edgecombe,,,a37e80a2e3cf3aaa3ae84a9124987058,2026-05-02,23:40,points,24.5,1780.0,,True,draftkings,2026-05-02T22:11:55.470141
Sam Hauser,,,a37e80a2e3cf3aaa3ae84a9124987058,2026-05-02,23:40,points,5.5,-332.0,,True,draftkings,2026-05-02T22:11:55.470143
Sam Hauser,,,a37e80a2e3cf3aaa3ae84a9124987058,2026-05-02,23:40,points,7.5,-158.0,,True,draftkings,2026-05-02T22:11:55.470145
Sam Hauser,,,a37e80a2e3cf3aaa3ae84a9124987058,2026-05-02,23:40,points,8.5,-120.0,,True,draftkings,2026-05-02T22:11:55.470147
Sam Hauser,,,a37e80a2e3cf3aaa3ae84a9124987058,2026-05-02,23:40,points,9.5,136.0,,True,draftkings,2026-05-02T22:11:55.470148
Sam Hauser,,,a37e80a2e3cf3aaa3ae84a9124987058,2026-05-02,23:40,points,11.5,189.0,,True,draftkings,2026-05-02T22:11:55.470150
Sam Hauser,,,a37e80a2e3cf3aaa3ae84a9124987058,2026-05-02,23:40,points,14.5,388.0,,True,draftkings,2026-05-02T22:11:55.470152
Sam Hauser,,,a37e80a2e3cf3aaa3ae84a9124987058,2026-05-02,23:40,points,17.5,770.0,,True,draftkings,2026-05-02T22:11:55.470153
Sam Hauser,,,a37e80a2e3cf3aaa3ae84a9124987058,2026-05-02,23:40,points,19.5,1140.0,,True,draftkings,2026-05-02T22:11:55.470157
Sam Hauser,,,a37e80a2e3cf3aaa3ae84a9124987058,2026-05-02,23:40,points,24.5,2900.0,,True,draftkings,2026-05-02T22:11:55.470159
Kelly Oubre Jr,,,a37e80a2e3cf3aaa3ae84a9124987058,2026-05-02,23:40,points,5.5,-530.0,,True,draftkings,2026-05-02T22:11:55.470160
Kelly Oubre Jr,,,a37e80a2e3cf3aaa3ae84a9124987058,2026-05-02,23:40,points,7.5,-230.0,,True,draftkings,2026-05-02T22:11:55.470162
Kelly Oubre Jr,,,a37e80a2e3cf3aaa3ae84a9124987058,2026-05-02,23:40,points,9.5,-118.0,,True,draftkings,2026-05-02T22:11:55.470164
Kelly Oubre Jr,,,a37e80a2e3cf3aaa3ae84a9124987058,2026-05-02,23:40,points,11.5,153.0,,True,draftkings,2026-05-02T22:11:55.470166
Kelly Oubre Jr,,,a37e80a2e3cf3aaa3ae84a9124987058,2026-05-02,23:40,points,14.5,356.0,,True,draftkings,2026-05-02T22:11:55.470167
Kelly Oubre Jr,,,a37e80a2e3cf3aaa3ae84a9124987058,2026-05-02,23:40,points,17.5,800.0,,True,draftkings,2026-05-02T22:11:55.470171
Kelly Oubre Jr,,,a37e80a2e3cf3aaa3ae84a9124987058,2026-05-02,23:40,points,19.5,1280.0,,True,draftkings,2026-05-02T22:11:55.470173
Baylor Scheierman,,,a37e80a2e3cf3aaa3ae84a9124987058,2026-05-02,23:40,points,5.5,-183.0,,True,draftkings,2026-05-02T22:11:55.470174
Baylor Scheierman,,,a37e80a2e3cf3aaa3ae84a9124987058,2026-05-02,23:40,points,6.5,-118.0,,True,draftkings,2026-05-02T22:11:55.470176
Baylor Scheierman,,,a37e80a2e3cf3aaa3ae84a9124987058,2026-05-02,23:40,points,7.5,102.0,,True,draftkings,2026-05-02T22:11:55.470178
Baylor Scheierman,,,a37e80a2e3cf3aaa3ae84a9124987058,2026-05-02,23:40,points,9.5,185.0,,True,draftkings,2026-05-02T22:11:55.470179
Baylor Scheierman,,,a37e80a2e3cf3aaa3ae84a9124987058,2026-05-02,23:40,points,11.5,284.0,,True,draftkings,2026-05-02T22:11:55.470181
Baylor Scheierman,,,a37e80a2e3cf3aaa3ae84a9124987058,2026-05-02,23:40,points,14.5,572.0,,True,draftkings,2026-05-02T22:11:55.470183
Baylor Scheierman,,,a37e80a2e3cf3aaa3ae84a9124987058,2026-05-02,23:40,points,17.5,1060.0,,True,draftkings,2026-05-02T22:11:55.470184
Baylor Scheierman,,,a37e80a2e3cf3aaa3ae84a9124987058,2026-05-02,23:40,points,19.5,1560.0,,True,draftkings,2026-05-02T22:11:55.470186
Neemias Queta,,,a37e80a2e3cf3aaa3ae84a9124987058,2026-05-02,23:40,points,5.5,-457.0,,True,draftkings,2026-05-02T22:11:55.470188
Neemias Queta,,,a37e80a2e3cf3aaa3ae84a9124987058,2026-05-02,23:40,points,7.5,-193.0,,True,draftkings,2026-05-02T22:11:55.470190
Neemias Queta,,,a37e80a2e3cf3aaa3ae84a9124987058,2026-05-02,23:40,points,8.5,-122.0,,True,draftkings,2026-05-02T22:11:55.470192
Neemias Queta,,,a37e80a2e3cf3aaa3ae84a9124987058,2026-05-02,23:40,points,9.5,107.0,,True,draftkings,2026-05-02T22:11:55.470193
Neemias Queta,,,a37e80a2e3cf3aaa3ae84a9124987058,2026-05-02,23:40,points,11.5,198.0,,True,draftkings,2026-05-02T22:11:55.470195
Neemias Queta,,,a37e80a2e3cf3aaa3ae84a9124987058,2026-05-02,23:40,points,14.5,485.0,,True,draftkings,2026-05-02T22:11:55.470197
Neemias Queta,,,a37e80a2e3cf3aaa3ae84a9124987058,2026-05-02,23:40,points,17.5,1060.0,,True,draftkings,2026-05-02T22:11:55.470198
Neemias Queta,,,a37e80a2e3cf3aaa3ae84a9124987058,2026-05-02,23:40,points,19.5,1720.0,,True,draftkings,2026-05-02T22:11:55.470200
Nikola Vucevic,,,a37e80a2e3cf3aaa3ae84a9124987058,2026-05-02,23:40,points,5.5,-156.0,,True,draftkings,2026-05-02T22:11:55.470202
Nikola Vucevic,,,a37e80a2e3cf3aaa3ae84a9124987058,2026-05-02,23:40,points,6.5,-112.0,,True,draftkings,2026-05-02T22:11:55.470203
Nikola Vucevic,,,a37e80a2e3cf3aaa3ae84a9124987058,2026-05-02,23:40,points,7.5,123.0,,True,draftkings,2026-05-02T22:11:55.470205
Nikola Vucevic,,,a37e80a2e3cf3aaa3ae84a9124987058,2026-05-02,23:40,points,9.5,228.0,,True,draftkings,2026-05-02T22:11:55.470207
Nikola Vucevic,,,a37e80a2e3cf3aaa3ae84a9124987058,2026-05-02,23:40,points,11.5,408.0,,True,draftkings,2026-05-02T22:11:55.470208
Nikola Vucevic,,,a37e80a2e3cf3aaa3ae84a9124987058,2026-05-02,23:40,points,14.5,890.0,,True,draftkings,2026-05-02T22:11:55.470210
Nikola Vucevic,,,a37e80a2e3cf3aaa3ae84a9124987058,2026-05-02,23:40,points,17.5,1720.0,,True,draftkings,2026-05-02T22:11:55.470212
Nikola Vucevic,,,a37e80a2e3cf3aaa3ae84a9124987058,2026-05-02,23:40,points,19.5,2500.0,,True,draftkings,2026-05-02T22:11:55.470213
Quentin Grimes,,,a37e80a2e3cf3aaa3ae84a9124987058,2026-05-02,23:40,points,5.5,-163.0,,True,draftkings,2026-05-02T22:11:55.470215
Quentin Grimes,,,a37e80a2e3cf3aaa3ae84a9124987058,2026-05-02,23:40,points,6.5,-115.0,,True,draftkings,2026-05-02T22:11:55.470217
Quentin Grimes,,,a37e80a2e3cf3aaa3ae84a9124987058,2026-05-02,23:40,points,7.5,122.0,,True,draftkings,2026-05-02T22:11:55.470219
Quentin Grimes,,,a37e80a2e3cf3aaa3ae84a9124987058,2026-05-02,23:40,points,9.5,227.0,,True,draftkings,2026-05-02T22:11:55.470220
Quentin Grimes,,,a37e80a2e3cf3aaa3ae84a9124987058,2026-05-02,23:40,points,11.5,415.0,,True,draftkings,2026-05-02T22:11:55.470222
Quentin Grimes,,,a37e80a2e3cf3aaa3ae84a9124987058,2026-05-02,23:40,points,14.5,940.0,,True,draftkings,2026-05-02T22:11:55.470224
Quentin Grimes,,,a37e80a2e3cf3aaa3ae84a9124987058,2026-05-02,23:40,points,17.5,1920.0,,True,draftkings,2026-05-02T22:11:55.470228
Quentin Grimes,,,a37e80a2e3cf3aaa3ae84a9124987058,2026-05-02,23:40,points,19.5,2800.0,,True,draftkings,2026-05-02T22:11:55.470230
Jordan Walsh,,,a37e80a2e3cf3aaa3ae84a9124987058,2026-05-02,23:40,points,5.5,-106.0,,True,draftkings,2026-05-02T22:11:55.470231
Jordan Walsh,,,a37e80a2e3cf3aaa3ae84a9124987058,2026-05-02,23:40,points,7.5,188.0,,True,draftkings,2026-05-02T22:11:55.470233
Jordan Walsh,,,a37e80a2e3cf3aaa3ae84a9124987058,2026-05-02,23:40,points,9.5,371.0,,True,draftkings,2026-05-02T22:11:55.470237
Jordan Walsh,,,a37e80a2e3cf3aaa3ae84a9124987058,2026-05-02,23:40,points,11.5,700.0,,True,draftkings,2026-05-02T22:11:55.470239
Jordan Walsh,,,a37e80a2e3cf3aaa3ae84a9124987058,2026-05-02,23:40,points,14.5,1640.0,,True,draftkings,2026-05-02T22:11:55.470241
Jordan Walsh,,,a37e80a2e3cf3aaa3ae84a9124987058,2026-05-02,23:40,points,17.5,2900.0,,True,draftkings,2026-05-02T22:11:55.470242
Neemias Queta,,,a37e80a2e3cf3aaa3ae84a9124987058,2026-05-02,23:40,rebounds,8.5,-133.0,101.0,False,draftkings,2026-05-02T22:11:55.470262
Joel Embiid,,,a37e80a2e3cf3aaa3ae84a9124987058,2026-05-02,23:40,rebounds,8.5,-115.0,-114.0,False,draftkings,2026-05-02T22:11:55.470264
Jaylen Brown,,,a37e80a2e3cf3aaa3ae84a9124987058,2026-05-02,23:40,rebounds,7.5,-112.0,-117.0,False,draftkings,2026-05-02T22:11:55.470266
VJ Edgecombe,,,a37e80a2e3cf3aaa3ae84a9124987058,2026-05-02,23:40,rebounds,5.5,-135.0,102.0,False,draftkings,2026-05-02T22:11:55.470267
Kelly Oubre Jr,,,a37e80a2e3cf3aaa3ae84a9124987058,2026-05-02,23:40,rebounds,5.5,107.0,-141.0,False,draftkings,2026-05-02T22:11:55.470271
Paul George,,,a37e80a2e3cf3aaa3ae84a9124987058,2026-05-02,23:40,rebounds,5.5,108.0,-142.0,False,draftkings,2026-05-02T22:11:55.470273
Nikola Vucevic,,,a37e80a2e3cf3aaa3ae84a9124987058,2026-05-02,23:40,rebounds,4.5,-110.0,-120.0,False,draftkings,2026-05-02T22:11:55.470275
Jordan Walsh,,,a37e80a2e3cf3aaa3ae84a9124987058,2026-05-02,23:40,rebounds,4.5,-106.0,-124.0,False,draftkings,2026-05-02T22:11:55.470276
Sam Hauser,,,a37e80a2e3cf3aaa3ae84a9124987058,2026-05-02,23:40,rebounds,4.5,103.0,-135.0,False,draftkings,2026-05-02T22:11:55.470278
Derrick White,,,a37e80a2e3cf3aaa3ae84a9124987058,2026-05-02,23:40,rebounds,4.5,108.0,-142.0,False,draftkings,2026-05-02T22:11:55.470280
Payton Pritchard,,,a37e80a2e3cf3aaa3ae84a9124987058,2026-05-02,23:40,rebounds,4.5,108.0,-143.0,False,draftkings,2026-05-02T22:11:55.470282
Baylor Scheierman,,,a37e80a2e3cf3aaa3ae84a9124987058,2026-05-02,23:40,rebounds,3.5,-155.0,117.0,False,draftkings,2026-05-02T22:11:55.470283
Tyrese Maxey,,,a37e80a2e3cf3aaa3ae84a9124987058,2026-05-02,23:40,rebounds,3.5,-133.0,101.0,False,draftkings,2026-05-02T22:11:55.470285
Quentin Grimes,,,a37e80a2e3cf3aaa3ae84a9124987058,2026-05-02,23:40,rebounds,2.5,120.0,-158.0,False,draftkings,2026-05-02T22:11:55.470287
Neemias Queta,,,a37e80a2e3cf3aaa3ae84a9124987058,2026-05-02,23:40,rebounds,4.5,-1540.0,,True,draftkings,2026-05-02T22:11:55.470357
Neemias Queta,,,a37e80a2e3cf3aaa3ae84a9124987058,2026-05-02,23:40,rebounds,5.5,-670.0,,True,draftkings,2026-05-02T22:11:55.470359
Neemias Queta,,,a37e80a2e3cf3aaa3ae84a9124987058,2026-05-02,23:40,rebounds,6.5,-363.0,,True,draftkings,2026-05-02T22:11:55.470361
Neemias Queta,,,a37e80a2e3cf3aaa3ae84a9124987058,2026-05-02,23:40,rebounds,7.5,-215.0,,True,draftkings,2026-05-02T22:11:55.470363
Neemias Queta,,,a37e80a2e3cf3aaa3ae84a9124987058,2026-05-02,23:40,rebounds,8.5,-134.0,,True,draftkings,2026-05-02T22:11:55.470364
Neemias Queta,,,a37e80a2e3cf3aaa3ae84a9124987058,2026-05-02,23:40,rebounds,9.5,118.0,,True,draftkings,2026-05-02T22:11:55.470366
Neemias Queta,,,a37e80a2e3cf3aaa3ae84a9124987058,2026-05-02,23:40,rebounds,10.5,180.0,,True,draftkings,2026-05-02T22:11:55.470368
Neemias Queta,,,a37e80a2e3cf3aaa3ae84a9124987058,2026-05-02,23:40,rebounds,11.5,272.0,,True,draftkings,2026-05-02T22:11:55.470369
Neemias Queta,,,a37e80a2e3cf3aaa3ae84a9124987058,2026-05-02,23:40,rebounds,12.5,410.0,,True,draftkings,2026-05-02T22:11:55.470371
Neemias Queta,,,a37e80a2e3cf3aaa3ae84a9124987058,2026-05-02,23:40,rebounds,13.5,600.0,,True,draftkings,2026-05-02T22:11:55.470373
Neemias Queta,,,a37e80a2e3cf3aaa3ae84a9124987058,2026-05-02,23:40,rebounds,14.5,870.0,,True,draftkings,2026-05-02T22:11:55.470375
Neemias Queta,,,a37e80a2e3cf3aaa3ae84a9124987058,2026-05-02,23:40,rebounds,15.5,1240.0,,True,draftkings,2026-05-02T22:11:55.470376
Neemias Queta,,,a37e80a2e3cf3aaa3ae84a9124987058,2026-05-02,23:40,rebounds,16.5,1740.0,,True,draftkings,2026-05-02T22:11:55.470378
Neemias Queta,,,a37e80a2e3cf3aaa3ae84a9124987058,2026-05-02,23:40,rebounds,17.5,2400.0,,True,draftkings,2026-05-02T22:11:55.470380
Joel Embiid,,,a37e80a2e3cf3aaa3ae84a9124987058,2026-05-02,23:40,rebounds,3.5,-3500.0,,True,draftkings,2026-05-02T22:11:55.470384
Joel Embiid,,,a37e80a2e3cf3aaa3ae84a9124987058,2026-05-02,23:40,rebounds,4.5,-1240.0,,True,draftkings,2026-05-02T22:11:55.470386
Joel Embiid,,,a37e80a2e3cf3aaa3ae84a9124987058,2026-05-02,23:40,rebounds,5.5,-582.0,,True,draftkings,2026-05-02T22:11:55.470387
Joel Embiid,,,a37e80a2e3cf3aaa3ae84a9124987058,2026-05-02,23:40,rebounds,6.5,-314.0,,True,draftkings,2026-05-02T22:11:55.470389
Joel Embiid,,,a37e80a2e3cf3aaa3ae84a9124987058,2026-05-02,23:40,rebounds,7.5,-184.0,,True,draftkings,2026-05-02T22:11:55.470391
Joel Embiid,,,a37e80a2e3cf3aaa3ae84a9124987058,2026-05-02,23:40,rebounds,8.5,-114.0,,True,draftkings,2026-05-02T22:11:55.470392
Joel Embiid,,,a37e80a2e3cf3aaa3ae84a9124987058,2026-05-02,23:40,rebounds,9.5,137.0,,True,draftkings,2026-05-02T22:11:55.470394
Joel Embiid,,,a37e80a2e3cf3aaa3ae84a9124987058,2026-05-02,23:40,rebounds,10.5,211.0,,True,draftkings,2026-05-02T22:11:55.470396
Joel Embiid,,,a37e80a2e3cf3aaa3ae84a9124987058,2026-05-02,23:40,rebounds,11.5,326.0,,True,draftkings,2026-05-02T22:11:55.470397
Joel Embiid,,,a37e80a2e3cf3aaa3ae84a9124987058,2026-05-02,23:40,rebounds,12.5,503.0,,True,draftkings,2026-05-02T22:11:55.470399
Joel Embiid,,,a37e80a2e3cf3aaa3ae84a9124987058,2026-05-02,23:40,rebounds,13.5,760.0,,True,draftkings,2026-05-02T22:11:55.470401
Joel Embiid,,,a37e80a2e3cf3aaa3ae84a9124987058,2026-05-02,23:40,rebounds,14.5,1120.0,,True,draftkings,2026-05-02T22:11:55.470403
Joel Embiid,,,a37e80a2e3cf3aaa3ae84a9124987058,2026-05-02,23:40,rebounds,15.5,1600.0,,True,draftkings,2026-05-02T22:11:55.470405
Joel Embiid,,,a37e80a2e3cf3aaa3ae84a9124987058,2026-05-02,23:40,rebounds,16.5,2100.0,,True,draftkings,2026-05-02T22:11:55.470406
Joel Embiid,,,a37e80a2e3cf3aaa3ae84a9124987058,2026-05-02,23:40,rebounds,17.5,2900.0,,True,draftkings,2026-05-02T22:11:55.470408
Jaylen Brown,,,a37e80a2e3cf3aaa3ae84a9124987058,2026-05-02,23:40,rebounds,3.5,-1460.0,,True,draftkings,2026-05-02T22:11:55.470410
Jaylen Brown,,,a37e80a2e3cf3aaa3ae84a9124987058,2026-05-02,23:40,rebounds,4.5,-640.0,,True,draftkings,2026-05-02T22:11:55.470411
Jaylen Brown,,,a37e80a2e3cf3aaa3ae84a9124987058,2026-05-02,23:40,rebounds,5.5,-322.0,,True,draftkings,2026-05-02T22:11:55.470413
Jaylen Brown,,,a37e80a2e3cf3aaa3ae84a9124987058,2026-05-02,23:40,rebounds,6.5,-185.0,,True,draftkings,2026-05-02T22:11:55.470415
Jaylen Brown,,,a37e80a2e3cf3aaa3ae84a9124987058,2026-05-02,23:40,rebounds,7.5,-112.0,,True,draftkings,2026-05-02T22:11:55.470416
Jaylen Brown,,,a37e80a2e3cf3aaa3ae84a9124987058,2026-05-02,23:40,rebounds,8.5,143.0,,True,draftkings,2026-05-02T22:11:55.470418
Jaylen Brown,,,a37e80a2e3cf3aaa3ae84a9124987058,2026-05-02,23:40,rebounds,9.5,224.0,,True,draftkings,2026-05-02T22:11:55.470420
Jaylen Brown,,,a37e80a2e3cf3aaa3ae84a9124987058,2026-05-02,23:40,rebounds,10.5,347.0,,True,draftkings,2026-05-02T22:11:55.470422
Jaylen Brown,,,a37e80a2e3cf3aaa3ae84a9124987058,2026-05-02,23:40,rebounds,11.5,529.0,,True,draftkings,2026-05-02T22:11:55.470423
Jaylen Brown,,,a37e80a2e3cf3aaa3ae84a9124987058,2026-05-02,23:40,rebounds,12.5,800.0,,True,draftkings,2026-05-02T22:11:55.470425
Jaylen Brown,,,a37e80a2e3cf3aaa3ae84a9124987058,2026-05-02,23:40,rebounds,13.5,1200.0,,True,draftkings,2026-05-02T22:11:55.470427
Jaylen Brown,,,a37e80a2e3cf3aaa3ae84a9124987058,2026-05-02,23:40,rebounds,14.5,1720.0,,True,draftkings,2026-05-02T22:11:55.470428
Jaylen Brown,,,a37e80a2e3cf3aaa3ae84a9124987058,2026-05-02,23:40,rebounds,15.5,2300.0,,True,draftkings,2026-05-02T22:11:55.470432
VJ Edgecombe,,,a37e80a2e3cf3aaa3ae84a9124987058,2026-05-02,23:40,rebounds,2.5,-1260.0,,True,draftkings,2026-05-02T22:11:55.470434
VJ Edgecombe,,,a37e80a2e3cf3aaa3ae84a9124987058,2026-05-02,23:40,rebounds,3.5,-502.0,,True,draftkings,2026-05-02T22:11:55.470436
VJ Edgecombe,,,a37e80a2e3cf3aaa3ae84a9124987058,2026-05-02,23:40,rebounds,4.5,-245.0,,True,draftkings,2026-05-02T22:11:55.470437
VJ Edgecombe,,,a37e80a2e3cf3aaa3ae84a9124987058,2026-05-02,23:40,rebounds,5.5,-134.0,,True,draftkings,2026-05-02T22:11:55.470439
VJ Edgecombe,,,a37e80a2e3cf3aaa3ae84a9124987058,2026-05-02,23:40,rebounds,6.5,126.0,,True,draftkings,2026-05-02T22:11:55.470443
VJ Edgecombe,,,a37e80a2e3cf3aaa3ae84a9124987058,2026-05-02,23:40,rebounds,7.5,210.0,,True,draftkings,2026-05-02T22:11:55.470445
VJ Edgecombe,,,a37e80a2e3cf3aaa3ae84a9124987058,2026-05-02,23:40,rebounds,8.5,341.0,,True,draftkings,2026-05-02T22:11:55.470447
VJ Edgecombe,,,a37e80a2e3cf3aaa3ae84a9124987058,2026-05-02,23:40,rebounds,9.5,552.0,,True,draftkings,2026-05-02T22:11:55.470448
VJ Edgecombe,,,a37e80a2e3cf3aaa3ae84a9124987058,2026-05-02,23:40,rebounds,10.5,870.0,,True,draftkings,2026-05-02T22:11:55.470450
VJ Edgecombe,,,a37e80a2e3cf3aaa3ae84a9124987058,2026-05-02,23:40,rebounds,11.5,1300.0,,True,draftkings,2026-05-02T22:11:55.470452
VJ Edgecombe,,,a37e80a2e3cf3aaa3ae84a9124987058,2026-05-02,23:40,rebounds,12.5,1920.0,,True,draftkings,2026-05-02T22:11:55.470453
VJ Edgecombe,,,a37e80a2e3cf3aaa3ae84a9124987058,2026-05-02,23:40,rebounds,13.5,2600.0,,True,draftkings,2026-05-02T22:11:55.470455
Nikola Vucevic,,,a37e80a2e3cf3aaa3ae84a9124987058,2026-05-02,23:40,rebounds,2.5,-449.0,,True,draftkings,2026-05-02T22:11:55.470457
Nikola Vucevic,,,a37e80a2e3cf3aaa3ae84a9124987058,2026-05-02,23:40,rebounds,3.5,-207.0,,True,draftkings,2026-05-02T22:11:55.470461
Nikola Vucevic,,,a37e80a2e3cf3aaa3ae84a9124987058,2026-05-02,23:40,rebounds,4.5,-110.0,,True,draftkings,2026-05-02T22:11:55.470462
Nikola Vucevic,,,a37e80a2e3cf3aaa3ae84a9124987058,2026-05-02,23:40,rebounds,5.5,158.0,,True,draftkings,2026-05-02T22:11:55.470464
Nikola Vucevic,,,a37e80a2e3cf3aaa3ae84a9124987058,2026-05-02,23:40,rebounds,6.5,266.0,,True,draftkings,2026-05-02T22:11:55.470465
Nikola Vucevic,,,a37e80a2e3cf3aaa3ae84a9124987058,2026-05-02,23:40,rebounds,7.5,433.0,,True,draftkings,2026-05-02T22:11:55.470467
Nikola Vucevic,,,a37e80a2e3cf3aaa3ae84a9124987058,2026-05-02,23:40,rebounds,8.5,690.0,,True,draftkings,2026-05-02T22:11:55.470469
Nikola Vucevic,,,a37e80a2e3cf3aaa3ae84a9124987058,2026-05-02,23:40,rebounds,9.5,1060.0,,True,draftkings,2026-05-02T22:11:55.470471
Nikola Vucevic,,,a37e80a2e3cf3aaa3ae84a9124987058,2026-05-02,23:40,rebounds,10.5,1600.0,,True,draftkings,2026-05-02T22:11:55.470472
Nikola Vucevic,,,a37e80a2e3cf3aaa3ae84a9124987058,2026-05-02,23:40,rebounds,11.5,2200.0,,True,draftkings,2026-05-02T22:11:55.470474
Nikola Vucevic,,,a37e80a2e3cf3aaa3ae84a9124987058,2026-05-02,23:40,rebounds,12.5,2900.0,,True,draftkings,2026-05-02T22:11:55.470476
Jordan Walsh,,,a37e80a2e3cf3aaa3ae84a9124987058,2026-05-02,23:40,rebounds,2.5,-422.0,,True,draftkings,2026-05-02T22:11:55.470478
Jordan Walsh,,,a37e80a2e3cf3aaa3ae84a9124987058,2026-05-02,23:40,rebounds,3.5,-195.0,,True,draftkings,2026-05-02T22:11:55.470479
Jordan Walsh,,,a37e80a2e3cf3aaa3ae84a9124987058,2026-05-02,23:40,rebounds,4.5,-106.0,,True,draftkings,2026-05-02T22:11:55.470481
Jordan Walsh,,,a37e80a2e3cf3aaa3ae84a9124987058,2026-05-02,23:40,rebounds,5.5,164.0,,True,draftkings,2026-05-02T22:11:55.470483
Jordan Walsh,,,a37e80a2e3cf3aaa3ae84a9124987058,2026-05-02,23:40,rebounds,6.5,276.0,,True,draftkings,2026-05-02T22:11:55.470484
Jordan Walsh,,,a37e80a2e3cf3aaa3ae84a9124987058,2026-05-02,23:40,rebounds,7.5,445.0,,True,draftkings,2026-05-02T22:11:55.470486
Jordan Walsh,,,a37e80a2e3cf3aaa3ae84a9124987058,2026-05-02,23:40,rebounds,8.5,710.0,,True,draftkings,2026-05-02T22:11:55.470488
Jordan Walsh,,,a37e80a2e3cf3aaa3ae84a9124987058,2026-05-02,23:40,rebounds,9.5,1120.0,,True,draftkings,2026-05-02T22:11:55.470502
Jordan Walsh,,,a37e80a2e3cf3aaa3ae84a9124987058,2026-05-02,23:40,rebounds,10.5,1680.0,,True,draftkings,2026-05-02T22:11:55.470504
Jordan Walsh,,,a37e80a2e3cf3aaa3ae84a9124987058,2026-05-02,23:40,rebounds,11.5,2300.0,,True,draftkings,2026-05-02T22:11:55.470505
Baylor Scheierman,,,a37e80a2e3cf3aaa3ae84a9124987058,2026-05-02,23:40,rebounds,2.5,-321.0,,True,draftkings,2026-05-02T22:11:55.470507
Baylor Scheierman,,,a37e80a2e3cf3aaa3ae84a9124987058,2026-05-02,23:40,rebounds,3.5,-157.0,,True,draftkings,2026-05-02T22:11:55.470509
Baylor Scheierman,,,a37e80a2e3cf3aaa3ae84a9124987058,2026-05-02,23:40,rebounds,4.5,117.0,,True,draftkings,2026-05-02T22:11:55.470510
Baylor Scheierman,,,a37e80a2e3cf3aaa3ae84a9124987058,2026-05-02,23:40,rebounds,5.5,205.0,,True,draftkings,2026-05-02T22:11:55.470523
Baylor Scheierman,,,a37e80a2e3cf3aaa3ae84a9124987058,2026-05-02,23:40,rebounds,6.5,345.0,,True,draftkings,2026-05-02T22:11:55.470527
Baylor Scheierman,,,a37e80a2e3cf3aaa3ae84a9124987058,2026-05-02,23:40,rebounds,7.5,556.0,,True,draftkings,2026-05-02T22:11:55.470530
Baylor Scheierman,,,a37e80a2e3cf3aaa3ae84a9124987058,2026-05-02,23:40,rebounds,8.5,910.0,,True,draftkings,2026-05-02T22:11:55.470533
Baylor Scheierman,,,a37e80a2e3cf3aaa3ae84a9124987058,2026-05-02,23:40,rebounds,9.5,1380.0,,True,draftkings,2026-05-02T22:11:55.470536
Baylor Scheierman,,,a37e80a2e3cf3aaa3ae84a9124987058,2026-05-02,23:40,rebounds,10.5,1960.0,,True,draftkings,2026-05-02T22:11:55.470539
Baylor Scheierman,,,a37e80a2e3cf3aaa3ae84a9124987058,2026-05-02,23:40,rebounds,11.5,2600.0,,True,draftkings,2026-05-02T22:11:55.470542
Kelly Oubre Jr,,,a37e80a2e3cf3aaa3ae84a9124987058,2026-05-02,23:40,rebounds,2.5,-1120.0,,True,draftkings,2026-05-02T22:11:55.470546
Kelly Oubre Jr,,,a37e80a2e3cf3aaa3ae84a9124987058,2026-05-02,23:40,rebounds,3.5,-396.0,,True,draftkings,2026-05-02T22:11:55.470549
Kelly Oubre Jr,,,a37e80a2e3cf3aaa3ae84a9124987058,2026-05-02,23:40,rebounds,4.5,-180.0,,True,draftkings,2026-05-02T22:11:55.470552
Kelly Oubre Jr,,,a37e80a2e3cf3aaa3ae84a9124987058,2026-05-02,23:40,rebounds,5.5,107.0,,True,draftkings,2026-05-02T22:11:55.470554
Kelly Oubre Jr,,,a37e80a2e3cf3aaa3ae84a9124987058,2026-05-02,23:40,rebounds,6.5,197.0,,True,draftkings,2026-05-02T22:11:55.470556
Kelly Oubre Jr,,,a37e80a2e3cf3aaa3ae84a9124987058,2026-05-02,23:40,rebounds,7.5,351.0,,True,draftkings,2026-05-02T22:11:55.470558
Kelly Oubre Jr,,,a37e80a2e3cf3aaa3ae84a9124987058,2026-05-02,23:40,rebounds,8.5,620.0,,True,draftkings,2026-05-02T22:11:55.470560
Kelly Oubre Jr,,,a37e80a2e3cf3aaa3ae84a9124987058,2026-05-02,23:40,rebounds,9.5,1060.0,,True,draftkings,2026-05-02T22:11:55.470561
Kelly Oubre Jr,,,a37e80a2e3cf3aaa3ae84a9124987058,2026-05-02,23:40,rebounds,10.5,1740.0,,True,draftkings,2026-05-02T22:11:55.470565
Kelly Oubre Jr,,,a37e80a2e3cf3aaa3ae84a9124987058,2026-05-02,23:40,rebounds,11.5,2600.0,,True,draftkings,2026-05-02T22:11:55.470567
Paul George,,,a37e80a2e3cf3aaa3ae84a9124987058,2026-05-02,23:40,rebounds,2.5,-1120.0,,True,draftkings,2026-05-02T22:11:55.470569
Paul George,,,a37e80a2e3cf3aaa3ae84a9124987058,2026-05-02,23:40,rebounds,3.5,-389.0,,True,draftkings,2026-05-02T22:11:55.470571
Paul George,,,a37e80a2e3cf3aaa3ae84a9124987058,2026-05-02,23:40,rebounds,4.5,-181.0,,True,draftkings,2026-05-02T22:11:55.470573
Paul George,,,a37e80a2e3cf3aaa3ae84a9124987058,2026-05-02,23:40,rebounds,5.5,108.0,,True,draftkings,2026-05-02T22:11:55.470574
Paul George,,,a37e80a2e3cf3aaa3ae84a9124987058,2026-05-02,23:40,rebounds,6.5,203.0,,True,draftkings,2026-05-02T22:11:55.470576
Paul George,,,a37e80a2e3cf3aaa3ae84a9124987058,2026-05-02,23:40,rebounds,7.5,364.0,,True,draftkings,2026-05-02T22:11:55.470578
Paul George,,,a37e80a2e3cf3aaa3ae84a9124987058,2026-05-02,23:40,rebounds,8.5,650.0,,True,draftkings,2026-05-02T22:11:55.470580
Paul George,,,a37e80a2e3cf3aaa3ae84a9124987058,2026-05-02,23:40,rebounds,9.5,1180.0,,True,draftkings,2026-05-02T22:11:55.470581
Paul George,,,a37e80a2e3cf3aaa3ae84a9124987058,2026-05-02,23:40,rebounds,10.5,1900.0,,True,draftkings,2026-05-02T22:11:55.470583
Paul George,,,a37e80a2e3cf3aaa3ae84a9124987058,2026-05-02,23:40,rebounds,11.5,2700.0,,True,draftkings,2026-05-02T22:11:55.470585
Sam Hauser,,,a37e80a2e3cf3aaa3ae84a9124987058,2026-05-02,23:40,rebounds,2.5,-479.0,,True,draftkings,2026-05-02T22:11:55.470586
Sam Hauser,,,a37e80a2e3cf3aaa3ae84a9124987058,2026-05-02,23:40,rebounds,3.5,-200.0,,True,draftkings,2026-05-02T22:11:55.470588
Sam Hauser,,,a37e80a2e3cf3aaa3ae84a9124987058,2026-05-02,23:40,rebounds,4.5,103.0,,True,draftkings,2026-05-02T22:11:55.470590
Sam Hauser,,,a37e80a2e3cf3aaa3ae84a9124987058,2026-05-02,23:40,rebounds,5.5,195.0,,True,draftkings,2026-05-02T22:11:55.470592
Sam Hauser,,,a37e80a2e3cf3aaa3ae84a9124987058,2026-05-02,23:40,rebounds,6.5,356.0,,True,draftkings,2026-05-02T22:11:55.470596
Sam Hauser,,,a37e80a2e3cf3aaa3ae84a9124987058,2026-05-02,23:40,rebounds,7.5,620.0,,True,draftkings,2026-05-02T22:11:55.470598
Sam Hauser,,,a37e80a2e3cf3aaa3ae84a9124987058,2026-05-02,23:40,rebounds,8.5,1060.0,,True,draftkings,2026-05-02T22:11:55.470599
Sam Hauser,,,a37e80a2e3cf3aaa3ae84a9124987058,2026-05-02,23:40,rebounds,9.5,1660.0,,True,draftkings,2026-05-02T22:11:55.470601
Sam Hauser,,,a37e80a2e3cf3aaa3ae84a9124987058,2026-05-02,23:40,rebounds,10.5,2400.0,,True,draftkings,2026-05-02T22:11:55.470603
Payton Pritchard,,,a37e80a2e3cf3aaa3ae84a9124987058,2026-05-02,23:40,rebounds,2.5,-503.0,,True,draftkings,2026-05-02T22:11:55.470604
Payton Pritchard,,,a37e80a2e3cf3aaa3ae84a9124987058,2026-05-02,23:40,rebounds,3.5,-194.0,,True,draftkings,2026-05-02T22:11:55.470606
Payton Pritchard,,,a37e80a2e3cf3aaa3ae84a9124987058,2026-05-02,23:40,rebounds,4.5,109.0,,True,draftkings,2026-05-02T22:11:55.470608
Payton Pritchard,,,a37e80a2e3cf3aaa3ae84a9124987058,2026-05-02,23:40,rebounds,5.5,212.0,,True,draftkings,2026-05-02T22:11:55.470609
Payton Pritchard,,,a37e80a2e3cf3aaa3ae84a9124987058,2026-05-02,23:40,rebounds,6.5,413.0,,True,draftkings,2026-05-02T22:11:55.470611
Payton Pritchard,,,a37e80a2e3cf3aaa3ae84a9124987058,2026-05-02,23:40,rebounds,7.5,770.0,,True,draftkings,2026-05-02T22:11:55.470615
Payton Pritchard,,,a37e80a2e3cf3aaa3ae84a9124987058,2026-05-02,23:40,rebounds,8.5,1440.0,,True,draftkings,2026-05-02T22:11:55.470617
Payton Pritchard,,,a37e80a2e3cf3aaa3ae84a9124987058,2026-05-02,23:40,rebounds,9.5,2300.0,,True,draftkings,2026-05-02T22:11:55.470618
Derrick White,,,a37e80a2e3cf3aaa3ae84a9124987058,2026-05-02,23:40,rebounds,2.5,-508.0,,True,draftkings,2026-05-02T22:11:55.470620
Derrick White,,,a37e80a2e3cf3aaa3ae84a9124987058,2026-05-02,23:40,rebounds,3.5,-199.0,,True,draftkings,2026-05-02T22:11:55.470622
Derrick White,,,a37e80a2e3cf3aaa3ae84a9124987058,2026-05-02,23:40,rebounds,4.5,108.0,,True,draftkings,2026-05-02T22:11:55.470624
Derrick White,,,a37e80a2e3cf3aaa3ae84a9124987058,2026-05-02,23:40,rebounds,5.5,221.0,,True,draftkings,2026-05-02T22:11:55.470625
Derrick White,,,a37e80a2e3cf3aaa3ae84a9124987058,2026-05-02,23:40,rebounds,6.5,429.0,,True,draftkings,2026-05-02T22:11:55.470627
Derrick White,,,a37e80a2e3cf3aaa3ae84a9124987058,2026-05-02,23:40,rebounds,7.5,790.0,,True,draftkings,2026-05-02T22:11:55.470629
Derrick White,,,a37e80a2e3cf3aaa3ae84a9124987058,2026-05-02,23:40,rebounds,8.5,1460.0,,True,draftkings,2026-05-02T22:11:55.470630
Derrick White,,,a37e80a2e3cf3aaa3ae84a9124987058,2026-05-02,23:40,rebounds,9.5,2400.0,,True,draftkings,2026-05-02T22:11:55.470632
Tyrese Maxey,,,a37e80a2e3cf3aaa3ae84a9124987058,2026-05-02,23:40,rebounds,2.5,-324.0,,True,draftkings,2026-05-02T22:11:55.470634
Tyrese Maxey,,,a37e80a2e3cf3aaa3ae84a9124987058,2026-05-02,23:40,rebounds,3.5,-135.0,,True,draftkings,2026-05-02T22:11:55.470636
Tyrese Maxey,,,a37e80a2e3cf3aaa3ae84a9124987058,2026-05-02,23:40,rebounds,4.5,162.0,,True,draftkings,2026-05-02T22:11:55.470637
Tyrese Maxey,,,a37e80a2e3cf3aaa3ae84a9124987058,2026-05-02,23:40,rebounds,5.5,334.0,,True,draftkings,2026-05-02T22:11:55.470639
Tyrese Maxey,,,a37e80a2e3cf3aaa3ae84a9124987058,2026-05-02,23:40,rebounds,6.5,660.0,,True,draftkings,2026-05-02T22:11:55.470641
Tyrese Maxey,,,a37e80a2e3cf3aaa3ae84a9124987058,2026-05-02,23:40,rebounds,7.5,1280.0,,True,draftkings,2026-05-02T22:11:55.470642
Tyrese Maxey,,,a37e80a2e3cf3aaa3ae84a9124987058,2026-05-02,23:40,rebounds,8.5,2100.0,,True,draftkings,2026-05-02T22:11:55.470644
Quentin Grimes,,,a37e80a2e3cf3aaa3ae84a9124987058,2026-05-02,23:40,rebounds,2.5,118.0,,True,draftkings,2026-05-02T22:11:55.470646
Quentin Grimes,,,a37e80a2e3cf3aaa3ae84a9124987058,2026-05-02,23:40,rebounds,3.5,285.0,,True,draftkings,2026-05-02T22:11:55.470647
Quentin Grimes,,,a37e80a2e3cf3aaa3ae84a9124987058,2026-05-02,23:40,rebounds,4.5,630.0,,True,draftkings,2026-05-02T22:11:55.470649
Quentin Grimes,,,a37e80a2e3cf3aaa3ae84a9124987058,2026-05-02,23:40,rebounds,5.5,1280.0,,True,draftkings,2026-05-02T22:11:55.470651
Quentin Grimes,,,a37e80a2e3cf3aaa3ae84a9124987058,2026-05-02,23:40,rebounds,6.5,2300.0,,True,draftkings,2026-05-02T22:11:55.470655
Tyrese Maxey,,,a37e80a2e3cf3aaa3ae84a9124987058,2026-05-02,23:40,threes,2.5,-158.0,120.0,False,draftkings,2026-05-02T22:11:55.470675
Payton Pritchard,,,a37e80a2e3cf3aaa3ae84a9124987058,2026-05-02,23:40,threes,2.5,-144.0,110.0,False,draftkings,2026-05-02T22:11:55.470679
Sam Hauser,,,a37e80a2e3cf3aaa3ae84a9124987058,2026-05-02,23:40,threes,2.5,-105.0,-125.0,False,draftkings,2026-05-02T22:11:55.470681
Paul George,,,a37e80a2e3cf3aaa3ae84a9124987058,2026-05-02,23:40,threes,2.5,109.0,-144.0,False,draftkings,2026-05-02T22:11:55.470683
Derrick White,,,a37e80a2e3cf3aaa3ae84a9124987058,2026-05-02,23:40,threes,2.5,114.0,-151.0,False,draftkings,2026-05-02T22:11:55.470685
Jaylen Brown,,,a37e80a2e3cf3aaa3ae84a9124987058,2026-05-02,23:40,threes,1.5,-187.0,141.0,False,draftkings,2026-05-02T22:11:55.470686
VJ Edgecombe,,,a37e80a2e3cf3aaa3ae84a9124987058,2026-05-02,23:40,threes,1.5,-146.0,111.0,False,draftkings,2026-05-02T22:11:55.470688
Baylor Scheierman,,,a37e80a2e3cf3aaa3ae84a9124987058,2026-05-02,23:40,threes,1.5,-111.0,-119.0,False,draftkings,2026-05-02T22:11:55.470690
Joel Embiid,,,a37e80a2e3cf3aaa3ae84a9124987058,2026-05-02,23:40,threes,1.5,101.0,-133.0,False,draftkings,2026-05-02T22:11:55.470692
Kelly Oubre Jr,,,a37e80a2e3cf3aaa3ae84a9124987058,2026-05-02,23:40,threes,1.5,139.0,-184.0,False,draftkings,2026-05-02T22:11:55.470693
Quentin Grimes,,,a37e80a2e3cf3aaa3ae84a9124987058,2026-05-02,23:40,threes,0.5,-236.0,176.0,False,draftkings,2026-05-02T22:11:55.470695
Nikola Vucevic,,,a37e80a2e3cf3aaa3ae84a9124987058,2026-05-02,23:40,threes,0.5,-154.0,117.0,False,draftkings,2026-05-02T22:11:55.470697
Tyrese Maxey,,,a37e80a2e3cf3aaa3ae84a9124987058,2026-05-02,23:40,threes,0.5,-3800.0,,True,draftkings,2026-05-02T22:11:55.470734
Tyrese Maxey,,,a37e80a2e3cf3aaa3ae84a9124987058,2026-05-02,23:40,threes,1.5,-486.0,,True,draftkings,2026-05-02T22:11:55.470737
Tyrese Maxey,,,a37e80a2e3cf3aaa3ae84a9124987058,2026-05-02,23:40,threes,2.5,-160.0,,True,draftkings,2026-05-02T22:11:55.470738
Tyrese Maxey,,,a37e80a2e3cf3aaa3ae84a9124987058,2026-05-02,23:40,threes,3.5,149.0,,True,draftkings,2026-05-02T22:11:55.470740
Tyrese Maxey,,,a37e80a2e3cf3aaa3ae84a9124987058,2026-05-02,23:40,threes,4.5,336.0,,True,draftkings,2026-05-02T22:11:55.470742
Tyrese Maxey,,,a37e80a2e3cf3aaa3ae84a9124987058,2026-05-02,23:40,threes,5.5,700.0,,True,draftkings,2026-05-02T22:11:55.470743
Tyrese Maxey,,,a37e80a2e3cf3aaa3ae84a9124987058,2026-05-02,23:40,threes,6.5,1420.0,,True,draftkings,2026-05-02T22:11:55.470745
Tyrese Maxey,,,a37e80a2e3cf3aaa3ae84a9124987058,2026-05-02,23:40,threes,7.5,2400.0,,True,draftkings,2026-05-02T22:11:55.470747
Payton Pritchard,,,a37e80a2e3cf3aaa3ae84a9124987058,2026-05-02,23:40,threes,0.5,-3100.0,,True,draftkings,2026-05-02T22:11:55.470748
Payton Pritchard,,,a37e80a2e3cf3aaa3ae84a9124987058,2026-05-02,23:40,threes,1.5,-434.0,,True,draftkings,2026-05-02T22:11:55.470750
Payton Pritchard,,,a37e80a2e3cf3aaa3ae84a9124987058,2026-05-02,23:40,threes,2.5,-147.0,,True,draftkings,2026-05-02T22:11:55.470752
Payton Pritchard,,,a37e80a2e3cf3aaa3ae84a9124987058,2026-05-02,23:40,threes,3.5,161.0,,True,draftkings,2026-05-02T22:11:55.470754
Payton Pritchard,,,a37e80a2e3cf3aaa3ae84a9124987058,2026-05-02,23:40,threes,4.5,368.0,,True,draftkings,2026-05-02T22:11:55.470755
Payton Pritchard,,,a37e80a2e3cf3aaa3ae84a9124987058,2026-05-02,23:40,threes,5.5,780.0,,True,draftkings,2026-05-02T22:11:55.470757
Payton Pritchard,,,a37e80a2e3cf3aaa3ae84a9124987058,2026-05-02,23:40,threes,6.5,1540.0,,True,draftkings,2026-05-02T22:11:55.470758
Payton Pritchard,,,a37e80a2e3cf3aaa3ae84a9124987058,2026-05-02,23:40,threes,7.5,2600.0,,True,draftkings,2026-05-02T22:11:55.470760
Sam Hauser,,,a37e80a2e3cf3aaa3ae84a9124987058,2026-05-02,23:40,threes,0.5,-1400.0,,True,draftkings,2026-05-02T22:11:55.470762
Sam Hauser,,,a37e80a2e3cf3aaa3ae84a9124987058,2026-05-02,23:40,threes,1.5,-289.0,,True,draftkings,2026-05-02T22:11:55.470763
Sam Hauser,,,a37e80a2e3cf3aaa3ae84a9124987058,2026-05-02,23:40,threes,2.5,-105.0,,True,draftkings,2026-05-02T22:11:55.470765
Sam Hauser,,,a37e80a2e3cf3aaa3ae84a9124987058,2026-05-02,23:40,threes,3.5,216.0,,True,draftkings,2026-05-02T22:11:55.470767
Sam Hauser,,,a37e80a2e3cf3aaa3ae84a9124987058,2026-05-02,23:40,threes,4.5,455.0,,True,draftkings,2026-05-02T22:11:55.470768
Sam Hauser,,,a37e80a2e3cf3aaa3ae84a9124987058,2026-05-02,23:40,threes,5.5,920.0,,True,draftkings,2026-05-02T22:11:55.470770
Sam Hauser,,,a37e80a2e3cf3aaa3ae84a9124987058,2026-05-02,23:40,threes,6.5,1660.0,,True,draftkings,2026-05-02T22:11:55.470772
Sam Hauser,,,a37e80a2e3cf3aaa3ae84a9124987058,2026-05-02,23:40,threes,7.5,2800.0,,True,draftkings,2026-05-02T22:11:55.470774
Paul George,,,a37e80a2e3cf3aaa3ae84a9124987058,2026-05-02,23:40,threes,0.5,-1400.0,,True,draftkings,2026-05-02T22:11:55.470775
Paul George,,,a37e80a2e3cf3aaa3ae84a9124987058,2026-05-02,23:40,threes,1.5,-266.0,,True,draftkings,2026-05-02T22:11:55.470777
Paul George,,,a37e80a2e3cf3aaa3ae84a9124987058,2026-05-02,23:40,threes,2.5,108.0,,True,draftkings,2026-05-02T22:11:55.470779
Paul George,,,a37e80a2e3cf3aaa3ae84a9124987058,2026-05-02,23:40,threes,3.5,264.0,,True,draftkings,2026-05-02T22:11:55.470780
Paul George,,,a37e80a2e3cf3aaa3ae84a9124987058,2026-05-02,23:40,threes,4.5,600.0,,True,draftkings,2026-05-02T22:11:55.470782
Paul George,,,a37e80a2e3cf3aaa3ae84a9124987058,2026-05-02,23:40,threes,5.5,1280.0,,True,draftkings,2026-05-02T22:11:55.470784
Paul George,,,a37e80a2e3cf3aaa3ae84a9124987058,2026-05-02,23:40,threes,6.5,2300.0,,True,draftkings,2026-05-02T22:11:55.470785
Derrick White,,,a37e80a2e3cf3aaa3ae84a9124987058,2026-05-02,23:40,threes,0.5,-1460.0,,True,draftkings,2026-05-02T22:11:55.470787
Derrick White,,,a37e80a2e3cf3aaa3ae84a9124987058,2026-05-02,23:40,threes,1.5,-264.0,,True,draftkings,2026-05-02T22:11:55.470789
Derrick White,,,a37e80a2e3cf3aaa3ae84a9124987058,2026-05-02,23:40,threes,2.5,114.0,,True,draftkings,2026-05-02T22:11:55.470791
Derrick White,,,a37e80a2e3cf3aaa3ae84a9124987058,2026-05-02,23:40,threes,3.5,283.0,,True,draftkings,2026-05-02T22:11:55.470792
Derrick White,,,a37e80a2e3cf3aaa3ae84a9124987058,2026-05-02,23:40,threes,4.5,640.0,,True,draftkings,2026-05-02T22:11:55.470794
Derrick White,,,a37e80a2e3cf3aaa3ae84a9124987058,2026-05-02,23:40,threes,5.5,1360.0,,True,draftkings,2026-05-02T22:11:55.470796
Derrick White,,,a37e80a2e3cf3aaa3ae84a9124987058,2026-05-02,23:40,threes,6.5,2500.0,,True,draftkings,2026-05-02T22:11:55.470797
Baylor Scheierman,,,a37e80a2e3cf3aaa3ae84a9124987058,2026-05-02,23:40,threes,0.5,-382.0,,True,draftkings,2026-05-02T22:11:55.470799
Baylor Scheierman,,,a37e80a2e3cf3aaa3ae84a9124987058,2026-05-02,23:40,threes,1.5,-111.0,,True,draftkings,2026-05-02T22:11:55.470801
Baylor Scheierman,,,a37e80a2e3cf3aaa3ae84a9124987058,2026-05-02,23:40,threes,2.5,223.0,,True,draftkings,2026-05-02T22:11:55.470805
Baylor Scheierman,,,a37e80a2e3cf3aaa3ae84a9124987058,2026-05-02,23:40,threes,3.5,495.0,,True,draftkings,2026-05-02T22:11:55.470807
Baylor Scheierman,,,a37e80a2e3cf3aaa3ae84a9124987058,2026-05-02,23:40,threes,4.5,1020.0,,True,draftkings,2026-05-02T22:11:55.470808
Baylor Scheierman,,,a37e80a2e3cf3aaa3ae84a9124987058,2026-05-02,23:40,threes,5.5,1900.0,,True,draftkings,2026-05-02T22:11:55.470810
Jaylen Brown,,,a37e80a2e3cf3aaa3ae84a9124987058,2026-05-02,23:40,threes,0.5,-890.0,,True,draftkings,2026-05-02T22:11:55.470812
Jaylen Brown,,,a37e80a2e3cf3aaa3ae84a9124987058,2026-05-02,23:40,threes,1.5,-185.0,,True,draftkings,2026-05-02T22:11:55.470813
Jaylen Brown,,,a37e80a2e3cf3aaa3ae84a9124987058,2026-05-02,23:40,threes,2.5,158.0,,True,draftkings,2026-05-02T22:11:55.470815
Jaylen Brown,,,a37e80a2e3cf3aaa3ae84a9124987058,2026-05-02,23:40,threes,3.5,399.0,,True,draftkings,2026-05-02T22:11:55.470817
Jaylen Brown,,,a37e80a2e3cf3aaa3ae84a9124987058,2026-05-02,23:40,threes,4.5,940.0,,True,draftkings,2026-05-02T22:11:55.470818
Jaylen Brown,,,a37e80a2e3cf3aaa3ae84a9124987058,2026-05-02,23:40,threes,5.5,1900.0,,True,draftkings,2026-05-02T22:11:55.470820
VJ Edgecombe,,,a37e80a2e3cf3aaa3ae84a9124987058,2026-05-02,23:40,threes,0.5,-710.0,,True,draftkings,2026-05-02T22:11:55.470822
VJ Edgecombe,,,a37e80a2e3cf3aaa3ae84a9124987058,2026-05-02,23:40,threes,1.5,-150.0,,True,draftkings,2026-05-02T22:11:55.470823
VJ Edgecombe,,,a37e80a2e3cf3aaa3ae84a9124987058,2026-05-02,23:40,threes,2.5,195.0,,True,draftkings,2026-05-02T22:11:55.470825
VJ Edgecombe,,,a37e80a2e3cf3aaa3ae84a9124987058,2026-05-02,23:40,threes,3.5,512.0,,True,draftkings,2026-05-02T22:11:55.470827
VJ Edgecombe,,,a37e80a2e3cf3aaa3ae84a9124987058,2026-05-02,23:40,threes,4.5,1220.0,,True,draftkings,2026-05-02T22:11:55.470828
VJ Edgecombe,,,a37e80a2e3cf3aaa3ae84a9124987058,2026-05-02,23:40,threes,5.5,2500.0,,True,draftkings,2026-05-02T22:11:55.470830
Joel Embiid,,,a37e80a2e3cf3aaa3ae84a9124987058,2026-05-02,23:40,threes,0.5,-441.0,,True,draftkings,2026-05-02T22:11:55.470832
Joel Embiid,,,a37e80a2e3cf3aaa3ae84a9124987058,2026-05-02,23:40,threes,1.5,101.0,,True,draftkings,2026-05-02T22:11:55.470833
Joel Embiid,,,a37e80a2e3cf3aaa3ae84a9124987058,2026-05-02,23:40,threes,2.5,316.0,,True,draftkings,2026-05-02T22:11:55.470835
Joel Embiid,,,a37e80a2e3cf3aaa3ae84a9124987058,2026-05-02,23:40,threes,3.5,850.0,,True,draftkings,2026-05-02T22:11:55.470837
Joel Embiid,,,a37e80a2e3cf3aaa3ae84a9124987058,2026-05-02,23:40,threes,4.5,1980.0,,True,draftkings,2026-05-02T22:11:55.470839
Kelly Oubre Jr,,,a37e80a2e3cf3aaa3ae84a9124987058,2026-05-02,23:40,threes,0.5,-316.0,,True,draftkings,2026-05-02T22:11:55.470841
Kelly Oubre Jr,,,a37e80a2e3cf3aaa3ae84a9124987058,2026-05-02,23:40,threes,1.5,138.0,,True,draftkings,2026-05-02T22:11:55.470842
Kelly Oubre Jr,,,a37e80a2e3cf3aaa3ae84a9124987058,2026-05-02,23:40,threes,2.5,434.0,,True,draftkings,2026-05-02T22:11:55.470844
Kelly Oubre Jr,,,a37e80a2e3cf3aaa3ae84a9124987058,2026-05-02,23:40,threes,3.5,1160.0,,True,draftkings,2026-05-02T22:11:55.470846
Kelly Oubre Jr,,,a37e80a2e3cf3aaa3ae84a9124987058,2026-05-02,23:40,threes,4.5,2500.0,,True,draftkings,2026-05-02T22:11:55.470847
Quentin Grimes,,,a37e80a2e3cf3aaa3ae84a9124987058,2026-05-02,23:40,threes,0.5,-238.0,,True,draftkings,2026-05-02T22:11:55.470849
Quentin Grimes,,,a37e80a2e3cf3aaa3ae84a9124987058,2026-05-02,23:40,threes,1.5,188.0,,True,draftkings,2026-05-02T22:11:55.470851
Quentin Grimes,,,a37e80a2e3cf3aaa3ae84a9124987058,2026-05-02,23:40,threes,2.5,600.0,,True,draftkings,2026-05-02T22:11:55.470852
Quentin Grimes,,,a37e80a2e3cf3aaa3ae84a9124987058,2026-05-02,23:40,threes,3.5,1600.0,,True,draftkings,2026-05-02T22:11:55.470854
Nikola Vucevic,,,a37e80a2e3cf3aaa3ae84a9124987058,2026-05-02,23:40,threes,0.5,-155.0,,True,draftkings,2026-05-02T22:11:55.470856
Nikola Vucevic,,,a37e80a2e3cf3aaa3ae84a9124987058,2026-05-02,23:40,threes,1.5,273.0,,True,draftkings,2026-05-02T22:11:55.470858
Nikola Vucevic,,,a37e80a2e3cf3aaa3ae84a9124987058,2026-05-02,23:40,threes,2.5,890.0,,True,draftkings,2026-05-02T22:11:55.470859
Nikola Vucevic,,,a37e80a2e3cf3aaa3ae84a9124987058,2026-05-02,23:40,threes,3.5,2200.0,,True,draftkings,2026-05-02T22:11:55.470861
Cade Cunningham,,,be60e6f50fc77fc3a3cf6925472bad91,2026-05-03,19:40,assists,8.5,-128.0,-103.0,False,draftkings,2026-05-02T22:11:55.531738
Paolo Banchero,,,be60e6f50fc77fc3a3cf6925472bad91,2026-05-03,19:40,assists,5.5,102.0,-135.0,False,draftkings,2026-05-02T22:11:55.531749
Jalen Suggs,,,be60e6f50fc77fc3a3cf6925472bad91,2026-05-03,19:40,assists,4.5,-156.0,118.0,False,draftkings,2026-05-02T22:11:55.531752
Desmond Bane,,,be60e6f50fc77fc3a3cf6925472bad91,2026-05-03,19:40,assists,2.5,-177.0,134.0,False,draftkings,2026-05-02T22:11:55.531753
Ausar Thompson,,,be60e6f50fc77fc3a3cf6925472bad91,2026-05-03,19:40,assists,2.5,-173.0,131.0,False,draftkings,2026-05-02T22:11:55.531755
Anthony Black,,,be60e6f50fc77fc3a3cf6925472bad91,2026-05-03,19:40,assists,2.5,-125.0,-105.0,False,draftkings,2026-05-02T22:11:55.531757
Tobias Harris,,,be60e6f50fc77fc3a3cf6925472bad91,2026-05-03,19:40,assists,1.5,-174.0,131.0,False,draftkings,2026-05-02T22:11:55.531759
Duncan Robinson,,,be60e6f50fc77fc3a3cf6925472bad91,2026-05-03,19:40,assists,1.5,-159.0,121.0,False,draftkings,2026-05-02T22:11:55.531761
Jalen Duren,,,be60e6f50fc77fc3a3cf6925472bad91,2026-05-03,19:40,assists,1.5,-149.0,113.0,False,draftkings,2026-05-02T22:11:55.531762
Cade Cunningham,,,be60e6f50fc77fc3a3cf6925472bad91,2026-05-03,19:40,assists,4.5,-2200.0,,True,draftkings,2026-05-02T22:11:55.531798
Cade Cunningham,,,be60e6f50fc77fc3a3cf6925472bad91,2026-05-03,19:40,assists,5.5,-870.0,,True,draftkings,2026-05-02T22:11:55.531801
Cade Cunningham,,,be60e6f50fc77fc3a3cf6925472bad91,2026-05-03,19:40,assists,6.5,-419.0,,True,draftkings,2026-05-02T22:11:55.531803
Cade Cunningham,,,be60e6f50fc77fc3a3cf6925472bad91,2026-05-03,19:40,assists,7.5,-225.0,,True,draftkings,2026-05-02T22:11:55.531804
Cade Cunningham,,,be60e6f50fc77fc3a3cf6925472bad91,2026-05-03,19:40,assists,8.5,-131.0,,True,draftkings,2026-05-02T22:11:55.531806
Cade Cunningham,,,be60e6f50fc77fc3a3cf6925472bad91,2026-05-03,19:40,assists,9.5,127.0,,True,draftkings,2026-05-02T22:11:55.531808
Cade Cunningham,,,be60e6f50fc77fc3a3cf6925472bad91,2026-05-03,19:40,assists,10.5,212.0,,True,draftkings,2026-05-02T22:11:55.531809
Cade Cunningham,,,be60e6f50fc77fc3a3cf6925472bad91,2026-05-03,19:40,assists,11.5,352.0,,True,draftkings,2026-05-02T22:11:55.531811
Cade Cunningham,,,be60e6f50fc77fc3a3cf6925472bad91,2026-05-03,19:40,assists,12.5,576.0,,True,draftkings,2026-05-02T22:11:55.531813
Cade Cunningham,,,be60e6f50fc77fc3a3cf6925472bad91,2026-05-03,19:40,assists,13.5,950.0,,True,draftkings,2026-05-02T22:11:55.531815
Cade Cunningham,,,be60e6f50fc77fc3a3cf6925472bad91,2026-05-03,19:40,assists,14.5,1480.0,,True,draftkings,2026-05-02T22:11:55.531817
Cade Cunningham,,,be60e6f50fc77fc3a3cf6925472bad91,2026-05-03,19:40,assists,15.5,2200.0,,True,draftkings,2026-05-02T22:11:55.531819
Cade Cunningham,,,be60e6f50fc77fc3a3cf6925472bad91,2026-05-03,19:40,assists,16.5,2900.0,,True,draftkings,2026-05-02T22:11:55.531820
Paolo Banchero,,,be60e6f50fc77fc3a3cf6925472bad91,2026-05-03,19:40,assists,2.5,-1180.0,,True,draftkings,2026-05-02T22:11:55.531822
Paolo Banchero,,,be60e6f50fc77fc3a3cf6925472bad91,2026-05-03,19:40,assists,3.5,-417.0,,True,draftkings,2026-05-02T22:11:55.531824
Paolo Banchero,,,be60e6f50fc77fc3a3cf6925472bad91,2026-05-03,19:40,assists,4.5,-191.0,,True,draftkings,2026-05-02T22:11:55.531825
Paolo Banchero,,,be60e6f50fc77fc3a3cf6925472bad91,2026-05-03,19:40,assists,5.5,102.0,,True,draftkings,2026-05-02T22:11:55.531827
Paolo Banchero,,,be60e6f50fc77fc3a3cf6925472bad91,2026-05-03,19:40,assists,6.5,192.0,,True,draftkings,2026-05-02T22:11:55.531829
Paolo Banchero,,,be60e6f50fc77fc3a3cf6925472bad91,2026-05-03,19:40,assists,7.5,351.0,,True,draftkings,2026-05-02T22:11:55.531831
Paolo Banchero,,,be60e6f50fc77fc3a3cf6925472bad91,2026-05-03,19:40,assists,8.5,610.0,,True,draftkings,2026-05-02T22:11:55.531832
Paolo Banchero,,,be60e6f50fc77fc3a3cf6925472bad91,2026-05-03,19:40,assists,9.5,1100.0,,True,draftkings,2026-05-02T22:11:55.531834
Paolo Banchero,,,be60e6f50fc77fc3a3cf6925472bad91,2026-05-03,19:40,assists,10.5,1780.0,,True,draftkings,2026-05-02T22:11:55.531836
Paolo Banchero,,,be60e6f50fc77fc3a3cf6925472bad91,2026-05-03,19:40,assists,11.5,2700.0,,True,draftkings,2026-05-02T22:11:55.531837
Jalen Suggs,,,be60e6f50fc77fc3a3cf6925472bad91,2026-05-03,19:40,assists,2.5,-960.0,,True,draftkings,2026-05-02T22:11:55.531839
Jalen Suggs,,,be60e6f50fc77fc3a3cf6925472bad91,2026-05-03,19:40,assists,3.5,-352.0,,True,draftkings,2026-05-02T22:11:55.531841
Jalen Suggs,,,be60e6f50fc77fc3a3cf6925472bad91,2026-05-03,19:40,assists,4.5,-160.0,,True,draftkings,2026-05-02T22:11:55.531843
Jalen Suggs,,,be60e6f50fc77fc3a3cf6925472bad91,2026-05-03,19:40,assists,5.5,125.0,,True,draftkings,2026-05-02T22:11:55.531844
Jalen Suggs,,,be60e6f50fc77fc3a3cf6925472bad91,2026-05-03,19:40,assists,6.5,231.0,,True,draftkings,2026-05-02T22:11:55.531846
Jalen Suggs,,,be60e6f50fc77fc3a3cf6925472bad91,2026-05-03,19:40,assists,7.5,426.0,,True,draftkings,2026-05-02T22:11:55.531848
Jalen Suggs,,,be60e6f50fc77fc3a3cf6925472bad91,2026-05-03,19:40,assists,8.5,760.0,,True,draftkings,2026-05-02T22:11:55.531850
Jalen Suggs,,,be60e6f50fc77fc3a3cf6925472bad91,2026-05-03,19:40,assists,9.5,1340.0,,True,draftkings,2026-05-02T22:11:55.531852
Jalen Suggs,,,be60e6f50fc77fc3a3cf6925472bad91,2026-05-03,19:40,assists,10.5,2200.0,,True,draftkings,2026-05-02T22:11:55.531854
Desmond Bane,,,be60e6f50fc77fc3a3cf6925472bad91,2026-05-03,19:40,assists,2.5,-180.0,,True,draftkings,2026-05-02T22:11:55.531856
Desmond Bane,,,be60e6f50fc77fc3a3cf6925472bad91,2026-05-03,19:40,assists,3.5,136.0,,True,draftkings,2026-05-02T22:11:55.531857
Desmond Bane,,,be60e6f50fc77fc3a3cf6925472bad91,2026-05-03,19:40,assists,4.5,306.0,,True,draftkings,2026-05-02T22:11:55.531859
Desmond Bane,,,be60e6f50fc77fc3a3cf6925472bad91,2026-05-03,19:40,assists,5.5,660.0,,True,draftkings,2026-05-02T22:11:55.531861
Desmond Bane,,,be60e6f50fc77fc3a3cf6925472bad91,2026-05-03,19:40,assists,6.5,1340.0,,True,draftkings,2026-05-02T22:11:55.531863
Desmond Bane,,,be60e6f50fc77fc3a3cf6925472bad91,2026-05-03,19:40,assists,7.5,2300.0,,True,draftkings,2026-05-02T22:11:55.531864
Ausar Thompson,,,be60e6f50fc77fc3a3cf6925472bad91,2026-05-03,19:40,assists,2.5,-171.0,,True,draftkings,2026-05-02T22:11:55.531866
Ausar Thompson,,,be60e6f50fc77fc3a3cf6925472bad91,2026-05-03,19:40,assists,3.5,144.0,,True,draftkings,2026-05-02T22:11:55.531867
Ausar Thompson,,,be60e6f50fc77fc3a3cf6925472bad91,2026-05-03,19:40,assists,4.5,323.0,,True,draftkings,2026-05-02T22:11:55.531869
Ausar Thompson,,,be60e6f50fc77fc3a3cf6925472bad91,2026-05-03,19:40,assists,5.5,680.0,,True,draftkings,2026-05-02T22:11:55.531871
Ausar Thompson,,,be60e6f50fc77fc3a3cf6925472bad91,2026-05-03,19:40,assists,6.5,1420.0,,True,draftkings,2026-05-02T22:11:55.531872
Ausar Thompson,,,be60e6f50fc77fc3a3cf6925472bad91,2026-05-03,19:40,assists,7.5,2500.0,,True,draftkings,2026-05-02T22:11:55.531874
Anthony Black,,,be60e6f50fc77fc3a3cf6925472bad91,2026-05-03,19:40,assists,2.5,-126.0,,True,draftkings,2026-05-02T22:11:55.531876
Anthony Black,,,be60e6f50fc77fc3a3cf6925472bad91,2026-05-03,19:40,assists,3.5,189.0,,True,draftkings,2026-05-02T22:11:55.531878
Anthony Black,,,be60e6f50fc77fc3a3cf6925472bad91,2026-05-03,19:40,assists,4.5,428.0,,True,draftkings,2026-05-02T22:11:55.531879
Anthony Black,,,be60e6f50fc77fc3a3cf6925472bad91,2026-05-03,19:40,assists,5.5,890.0,,True,draftkings,2026-05-02T22:11:55.531881
Anthony Black,,,be60e6f50fc77fc3a3cf6925472bad91,2026-05-03,19:40,assists,6.5,1700.0,,True,draftkings,2026-05-02T22:11:55.531883
Anthony Black,,,be60e6f50fc77fc3a3cf6925472bad91,2026-05-03,19:40,assists,7.5,2900.0,,True,draftkings,2026-05-02T22:11:55.531884
Tobias Harris,,,be60e6f50fc77fc3a3cf6925472bad91,2026-05-03,19:40,assists,1.5,-178.0,,True,draftkings,2026-05-02T22:11:55.531886
Tobias Harris,,,be60e6f50fc77fc3a3cf6925472bad91,2026-05-03,19:40,assists,2.5,169.0,,True,draftkings,2026-05-02T22:11:55.531888
Tobias Harris,,,be60e6f50fc77fc3a3cf6925472bad91,2026-05-03,19:40,assists,3.5,443.0,,True,draftkings,2026-05-02T22:11:55.531889
Tobias Harris,,,be60e6f50fc77fc3a3cf6925472bad91,2026-05-03,19:40,assists,4.5,1020.0,,True,draftkings,2026-05-02T22:11:55.531891
Tobias Harris,,,be60e6f50fc77fc3a3cf6925472bad91,2026-05-03,19:40,assists,5.5,2200.0,,True,draftkings,2026-05-02T22:11:55.531893
Duncan Robinson,,,be60e6f50fc77fc3a3cf6925472bad91,2026-05-03,19:40,assists,1.5,-162.0,,True,draftkings,2026-05-02T22:11:55.531895
Duncan Robinson,,,be60e6f50fc77fc3a3cf6925472bad91,2026-05-03,19:40,assists,2.5,186.0,,True,draftkings,2026-05-02T22:11:55.531896
Duncan Robinson,,,be60e6f50fc77fc3a3cf6925472bad91,2026-05-03,19:40,assists,3.5,491.0,,True,draftkings,2026-05-02T22:11:55.531898
Duncan Robinson,,,be60e6f50fc77fc3a3cf6925472bad91,2026-05-03,19:40,assists,4.5,1180.0,,True,draftkings,2026-05-02T22:11:55.531900
Duncan Robinson,,,be60e6f50fc77fc3a3cf6925472bad91,2026-05-03,19:40,assists,5.5,2400.0,,True,draftkings,2026-05-02T22:11:55.531901
Jalen Duren,,,be60e6f50fc77fc3a3cf6925472bad91,2026-05-03,19:40,assists,1.5,-150.0,,True,draftkings,2026-05-02T22:11:55.531903
Jalen Duren,,,be60e6f50fc77fc3a3cf6925472bad91,2026-05-03,19:40,assists,2.5,197.0,,True,draftkings,2026-05-02T22:11:55.531905
Jalen Duren,,,be60e6f50fc77fc3a3cf6925472bad91,2026-05-03,19:40,assists,3.5,531.0,,True,draftkings,2026-05-02T22:11:55.531906
Jalen Duren,,,be60e6f50fc77fc3a3cf6925472bad91,2026-05-03,19:40,assists,4.5,1240.0,,True,draftkings,2026-05-02T22:11:55.531908
Jalen Duren,,,be60e6f50fc77fc3a3cf6925472bad91,2026-05-03,19:40,assists,5.5,2500.0,,True,draftkings,2026-05-02T22:11:55.531909
Cade Cunningham,,,be60e6f50fc77fc3a3cf6925472bad91,2026-05-03,19:40,points,29.5,-116.0,-110.0,False,draftkings,2026-05-02T22:11:55.531925
Paolo Banchero,,,be60e6f50fc77fc3a3cf6925472bad91,2026-05-03,19:40,points,23.5,-109.0,-117.0,False,draftkings,2026-05-02T22:11:55.531927
Desmond Bane,,,be60e6f50fc77fc3a3cf6925472bad91,2026-05-03,19:40,points,18.5,-118.0,-108.0,False,draftkings,2026-05-02T22:11:55.531929
Tobias Harris,,,be60e6f50fc77fc3a3cf6925472bad91,2026-05-03,19:40,points,17.5,-116.0,-110.0,False,draftkings,2026-05-02T22:11:55.531931
Jalen Duren,,,be60e6f50fc77fc3a3cf6925472bad91,2026-05-03,19:40,points,13.5,-104.0,-123.0,False,draftkings,2026-05-02T22:11:55.531933
Jalen Suggs,,,be60e6f50fc77fc3a3cf6925472bad91,2026-05-03,19:40,points,12.5,-124.0,-103.0,False,draftkings,2026-05-02T22:11:55.531935
Anthony Black,,,be60e6f50fc77fc3a3cf6925472bad91,2026-05-03,19:40,points,11.5,-110.0,-115.0,False,draftkings,2026-05-02T22:11:55.531936
Duncan Robinson,,,be60e6f50fc77fc3a3cf6925472bad91,2026-05-03,19:40,points,10.5,-123.0,-103.0,False,draftkings,2026-05-02T22:11:55.531938
Wendell Carter Jr,,,be60e6f50fc77fc3a3cf6925472bad91,2026-05-03,19:40,points,9.5,-121.0,-105.0,False,draftkings,2026-05-02T22:11:55.531940
Ausar Thompson,,,be60e6f50fc77fc3a3cf6925472bad91,2026-05-03,19:40,points,9.5,-103.0,-123.0,False,draftkings,2026-05-02T22:11:55.531941
Jamal Cain,,,be60e6f50fc77fc3a3cf6925472bad91,2026-05-03,19:40,points,5.5,-125.0,-102.0,False,draftkings,2026-05-02T22:11:55.531943
Cade Cunningham,,,be60e6f50fc77fc3a3cf6925472bad91,2026-05-03,19:40,points,17.5,-1760.0,,True,draftkings,2026-05-02T22:11:55.531987
Cade Cunningham,,,be60e6f50fc77fc3a3cf6925472bad91,2026-05-03,19:40,points,19.5,-970.0,,True,draftkings,2026-05-02T22:11:55.531989
Cade Cunningham,,,be60e6f50fc77fc3a3cf6925472bad91,2026-05-03,19:40,points,24.5,-309.0,,True,draftkings,2026-05-02T22:11:55.531991
Cade Cunningham,,,be60e6f50fc77fc3a3cf6925472bad91,2026-05-03,19:40,points,29.5,-117.0,,True,draftkings,2026-05-02T22:11:55.531993
Cade Cunningham,,,be60e6f50fc77fc3a3cf6925472bad91,2026-05-03,19:40,points,34.5,207.0,,True,draftkings,2026-05-02T22:11:55.531995
Cade Cunningham,,,be60e6f50fc77fc3a3cf6925472bad91,2026-05-03,19:40,points,39.5,515.0,,True,draftkings,2026-05-02T22:11:55.531996
Cade Cunningham,,,be60e6f50fc77fc3a3cf6925472bad91,2026-05-03,19:40,points,44.5,1280.0,,True,draftkings,2026-05-02T22:11:55.531998
Cade Cunningham,,,be60e6f50fc77fc3a3cf6925472bad91,2026-05-03,19:40,points,49.5,2600.0,,True,draftkings,2026-05-02T22:11:55.532000
Paolo Banchero,,,be60e6f50fc77fc3a3cf6925472bad91,2026-05-03,19:40,points,11.5,-2700.0,,True,draftkings,2026-05-02T22:11:55.532002
Paolo Banchero,,,be60e6f50fc77fc3a3cf6925472bad91,2026-05-03,19:40,points,14.5,-890.0,,True,draftkings,2026-05-02T22:11:55.532003
Paolo Banchero,,,be60e6f50fc77fc3a3cf6925472bad91,2026-05-03,19:40,points,17.5,-390.0,,True,draftkings,2026-05-02T22:11:55.532005
Paolo Banchero,,,be60e6f50fc77fc3a3cf6925472bad91,2026-05-03,19:40,points,19.5,-244.0,,True,draftkings,2026-05-02T22:11:55.532007
Paolo Banchero,,,be60e6f50fc77fc3a3cf6925472bad91,2026-05-03,19:40,points,23.5,-106.0,,True,draftkings,2026-05-02T22:11:55.532008
Paolo Banchero,,,be60e6f50fc77fc3a3cf6925472bad91,2026-05-03,19:40,points,24.5,114.0,,True,draftkings,2026-05-02T22:11:55.532010
Paolo Banchero,,,be60e6f50fc77fc3a3cf6925472bad91,2026-05-03,19:40,points,29.5,306.0,,True,draftkings,2026-05-02T22:11:55.532012
Paolo Banchero,,,be60e6f50fc77fc3a3cf6925472bad91,2026-05-03,19:40,points,34.5,790.0,,True,draftkings,2026-05-02T22:11:55.532013
Paolo Banchero,,,be60e6f50fc77fc3a3cf6925472bad91,2026-05-03,19:40,points,39.5,1960.0,,True,draftkings,2026-05-02T22:11:55.532015
Desmond Bane,,,be60e6f50fc77fc3a3cf6925472bad91,2026-05-03,19:40,points,9.5,-1480.0,,True,draftkings,2026-05-02T22:11:55.532017
Desmond Bane,,,be60e6f50fc77fc3a3cf6925472bad91,2026-05-03,19:40,points,11.5,-710.0,,True,draftkings,2026-05-02T22:11:55.532018
Desmond Bane,,,be60e6f50fc77fc3a3cf6925472bad91,2026-05-03,19:40,points,14.5,-298.0,,True,draftkings,2026-05-02T22:11:55.532020
Desmond Bane,,,be60e6f50fc77fc3a3cf6925472bad91,2026-05-03,19:40,points,17.5,-147.0,,True,draftkings,2026-05-02T22:11:55.532022
Desmond Bane,,,be60e6f50fc77fc3a3cf6925472bad91,2026-05-03,19:40,points,18.5,-118.0,,True,draftkings,2026-05-02T22:11:55.532023
Desmond Bane,,,be60e6f50fc77fc3a3cf6925472bad91,2026-05-03,19:40,points,19.5,105.0,,True,draftkings,2026-05-02T22:11:55.532025
Desmond Bane,,,be60e6f50fc77fc3a3cf6925472bad91,2026-05-03,19:40,points,24.5,296.0,,True,draftkings,2026-05-02T22:11:55.532027
Desmond Bane,,,be60e6f50fc77fc3a3cf6925472bad91,2026-05-03,19:40,points,29.5,790.0,,True,draftkings,2026-05-02T22:11:55.532029
Desmond Bane,,,be60e6f50fc77fc3a3cf6925472bad91,2026-05-03,19:40,points,34.5,1900.0,,True,draftkings,2026-05-02T22:11:55.532030
Tobias Harris,,,be60e6f50fc77fc3a3cf6925472bad91,2026-05-03,19:40,points,9.5,-1420.0,,True,draftkings,2026-05-02T22:11:55.532032
Tobias Harris,,,be60e6f50fc77fc3a3cf6925472bad91,2026-05-03,19:40,points,11.5,-620.0,,True,draftkings,2026-05-02T22:11:55.532034
Tobias Harris,,,be60e6f50fc77fc3a3cf6925472bad91,2026-05-03,19:40,points,14.5,-250.0,,True,draftkings,2026-05-02T22:11:55.532035
Tobias Harris,,,be60e6f50fc77fc3a3cf6925472bad91,2026-05-03,19:40,points,17.5,-116.0,,True,draftkings,2026-05-02T22:11:55.532037
Tobias Harris,,,be60e6f50fc77fc3a3cf6925472bad91,2026-05-03,19:40,points,19.5,141.0,,True,draftkings,2026-05-02T22:11:55.532038
Tobias Harris,,,be60e6f50fc77fc3a3cf6925472bad91,2026-05-03,19:40,points,24.5,441.0,,True,draftkings,2026-05-02T22:11:55.532040
Tobias Harris,,,be60e6f50fc77fc3a3cf6925472bad91,2026-05-03,19:40,points,29.5,1260.0,,True,draftkings,2026-05-02T22:11:55.532042
Tobias Harris,,,be60e6f50fc77fc3a3cf6925472bad91,2026-05-03,19:40,points,34.5,2900.0,,True,draftkings,2026-05-02T22:11:55.532043
Jalen Suggs,,,be60e6f50fc77fc3a3cf6925472bad91,2026-05-03,19:40,points,5.5,-1400.0,,True,draftkings,2026-05-02T22:11:55.532045
Jalen Suggs,,,be60e6f50fc77fc3a3cf6925472bad91,2026-05-03,19:40,points,7.5,-564.0,,True,draftkings,2026-05-02T22:11:55.532047
Jalen Suggs,,,be60e6f50fc77fc3a3cf6925472bad91,2026-05-03,19:40,points,9.5,-285.0,,True,draftkings,2026-05-02T22:11:55.532048
Jalen Suggs,,,be60e6f50fc77fc3a3cf6925472bad91,2026-05-03,19:40,points,11.5,-160.0,,True,draftkings,2026-05-02T22:11:55.532050
Jalen Suggs,,,be60e6f50fc77fc3a3cf6925472bad91,2026-05-03,19:40,points,12.5,-123.0,,True,draftkings,2026-05-02T22:11:55.532051
Jalen Suggs,,,be60e6f50fc77fc3a3cf6925472bad91,2026-05-03,19:40,points,14.5,134.0,,True,draftkings,2026-05-02T22:11:55.532053
Jalen Suggs,,,be60e6f50fc77fc3a3cf6925472bad91,2026-05-03,19:40,points,17.5,269.0,,True,draftkings,2026-05-02T22:11:55.532055
Jalen Suggs,,,be60e6f50fc77fc3a3cf6925472bad91,2026-05-03,19:40,points,19.5,419.0,,True,draftkings,2026-05-02T22:11:55.532056
Jalen Suggs,,,be60e6f50fc77fc3a3cf6925472bad91,2026-05-03,19:40,points,24.5,1180.0,,True,draftkings,2026-05-02T22:11:55.532058
Jalen Suggs,,,be60e6f50fc77fc3a3cf6925472bad91,2026-05-03,19:40,points,29.5,2700.0,,True,draftkings,2026-05-02T22:11:55.532059
Jalen Duren,,,be60e6f50fc77fc3a3cf6925472bad91,2026-05-03,19:40,points,5.5,-3300.0,,True,draftkings,2026-05-02T22:11:55.532061
Jalen Duren,,,be60e6f50fc77fc3a3cf6925472bad91,2026-05-03,19:40,points,7.5,-890.0,,True,draftkings,2026-05-02T22:11:55.532063
Jalen Duren,,,be60e6f50fc77fc3a3cf6925472bad91,2026-05-03,19:40,points,9.5,-367.0,,True,draftkings,2026-05-02T22:11:55.532065
Jalen Duren,,,be60e6f50fc77fc3a3cf6925472bad91,2026-05-03,19:40,points,11.5,-183.0,,True,draftkings,2026-05-02T22:11:55.532066
Jalen Duren,,,be60e6f50fc77fc3a3cf6925472bad91,2026-05-03,19:40,points,13.5,-101.0,,True,draftkings,2026-05-02T22:11:55.532068
Jalen Duren,,,be60e6f50fc77fc3a3cf6925472bad91,2026-05-03,19:40,points,14.5,134.0,,True,draftkings,2026-05-02T22:11:55.532069
Jalen Duren,,,be60e6f50fc77fc3a3cf6925472bad91,2026-05-03,19:40,points,17.5,302.0,,True,draftkings,2026-05-02T22:11:55.532071
Jalen Duren,,,be60e6f50fc77fc3a3cf6925472bad91,2026-05-03,19:40,points,19.5,513.0,,True,draftkings,2026-05-02T22:11:55.532073
Jalen Duren,,,be60e6f50fc77fc3a3cf6925472bad91,2026-05-03,19:40,points,24.5,1740.0,,True,draftkings,2026-05-02T22:11:55.532074
Anthony Black,,,be60e6f50fc77fc3a3cf6925472bad91,2026-05-03,19:40,points,5.5,-960.0,,True,draftkings,2026-05-02T22:11:55.532076
Anthony Black,,,be60e6f50fc77fc3a3cf6925472bad91,2026-05-03,19:40,points,7.5,-401.0,,True,draftkings,2026-05-02T22:11:55.532078
Anthony Black,,,be60e6f50fc77fc3a3cf6925472bad91,2026-05-03,19:40,points,9.5,-203.0,,True,draftkings,2026-05-02T22:11:55.532084
Anthony Black,,,be60e6f50fc77fc3a3cf6925472bad91,2026-05-03,19:40,points,11.5,-111.0,,True,draftkings,2026-05-02T22:11:55.532085
Anthony Black,,,be60e6f50fc77fc3a3cf6925472bad91,2026-05-03,19:40,points,14.5,199.0,,True,draftkings,2026-05-02T22:11:55.532087
Anthony Black,,,be60e6f50fc77fc3a3cf6925472bad91,2026-05-03,19:40,points,17.5,429.0,,True,draftkings,2026-05-02T22:11:55.532089
Anthony Black,,,be60e6f50fc77fc3a3cf6925472bad91,2026-05-03,19:40,points,19.5,710.0,,True,draftkings,2026-05-02T22:11:55.532091
Anthony Black,,,be60e6f50fc77fc3a3cf6925472bad91,2026-05-03,19:40,points,24.5,2000.0,,True,draftkings,2026-05-02T22:11:55.532092
Duncan Robinson,,,be60e6f50fc77fc3a3cf6925472bad91,2026-05-03,19:40,points,5.5,-690.0,,True,draftkings,2026-05-02T22:11:55.532094
Duncan Robinson,,,be60e6f50fc77fc3a3cf6925472bad91,2026-05-03,19:40,points,7.5,-316.0,,True,draftkings,2026-05-02T22:11:55.532096
Duncan Robinson,,,be60e6f50fc77fc3a3cf6925472bad91,2026-05-03,19:40,points,9.5,-160.0,,True,draftkings,2026-05-02T22:11:55.532098
Duncan Robinson,,,be60e6f50fc77fc3a3cf6925472bad91,2026-05-03,19:40,points,10.5,-124.0,,True,draftkings,2026-05-02T22:11:55.532099
Duncan Robinson,,,be60e6f50fc77fc3a3cf6925472bad91,2026-05-03,19:40,points,11.5,109.0,,True,draftkings,2026-05-02T22:11:55.532101
Duncan Robinson,,,be60e6f50fc77fc3a3cf6925472bad91,2026-05-03,19:40,points,14.5,244.0,,True,draftkings,2026-05-02T22:11:55.532103
Duncan Robinson,,,be60e6f50fc77fc3a3cf6925472bad91,2026-05-03,19:40,points,17.5,507.0,,True,draftkings,2026-05-02T22:11:55.532104
Duncan Robinson,,,be60e6f50fc77fc3a3cf6925472bad91,2026-05-03,19:40,points,19.5,820.0,,True,draftkings,2026-05-02T22:11:55.532106
Duncan Robinson,,,be60e6f50fc77fc3a3cf6925472bad91,2026-05-03,19:40,points,24.5,2300.0,,True,draftkings,2026-05-02T22:11:55.532108
Wendell Carter Jr,,,be60e6f50fc77fc3a3cf6925472bad91,2026-05-03,19:40,points,5.5,-580.0,,True,draftkings,2026-05-02T22:11:55.532109
Wendell Carter Jr,,,be60e6f50fc77fc3a3cf6925472bad91,2026-05-03,19:40,points,7.5,-247.0,,True,draftkings,2026-05-02T22:11:55.532111
Wendell Carter Jr,,,be60e6f50fc77fc3a3cf6925472bad91,2026-05-03,19:40,points,9.5,-123.0,,True,draftkings,2026-05-02T22:11:55.532113
Wendell Carter Jr,,,be60e6f50fc77fc3a3cf6925472bad91,2026-05-03,19:40,points,11.5,150.0,,True,draftkings,2026-05-02T22:11:55.532114
Wendell Carter Jr,,,be60e6f50fc77fc3a3cf6925472bad91,2026-05-03,19:40,points,14.5,357.0,,True,draftkings,2026-05-02T22:11:55.532116
Wendell Carter Jr,,,be60e6f50fc77fc3a3cf6925472bad91,2026-05-03,19:40,points,17.5,810.0,,True,draftkings,2026-05-02T22:11:55.532118
Wendell Carter Jr,,,be60e6f50fc77fc3a3cf6925472bad91,2026-05-03,19:40,points,19.5,1320.0,,True,draftkings,2026-05-02T22:11:55.532119
Ausar Thompson,,,be60e6f50fc77fc3a3cf6925472bad91,2026-05-03,19:40,points,5.5,-581.0,,True,draftkings,2026-05-02T22:11:55.532121
Ausar Thompson,,,be60e6f50fc77fc3a3cf6925472bad91,2026-05-03,19:40,points,7.5,-224.0,,True,draftkings,2026-05-02T22:11:55.532123
Ausar Thompson,,,be60e6f50fc77fc3a3cf6925472bad91,2026-05-03,19:40,points,9.5,-104.0,,True,draftkings,2026-05-02T22:11:55.532124
Ausar Thompson,,,be60e6f50fc77fc3a3cf6925472bad91,2026-05-03,19:40,points,11.5,187.0,,True,draftkings,2026-05-02T22:11:55.532126
Ausar Thompson,,,be60e6f50fc77fc3a3cf6925472bad91,2026-05-03,19:40,points,14.5,502.0,,True,draftkings,2026-05-02T22:11:55.532128
Ausar Thompson,,,be60e6f50fc77fc3a3cf6925472bad91,2026-05-03,19:40,points,17.5,1200.0,,True,draftkings,2026-05-02T22:11:55.532129
Ausar Thompson,,,be60e6f50fc77fc3a3cf6925472bad91,2026-05-03,19:40,points,19.5,2000.0,,True,draftkings,2026-05-02T22:11:55.532131
Jamal Cain,,,be60e6f50fc77fc3a3cf6925472bad91,2026-05-03,19:40,points,5.5,-123.0,,True,draftkings,2026-05-02T22:11:55.532132
Jamal Cain,,,be60e6f50fc77fc3a3cf6925472bad91,2026-05-03,19:40,points,7.5,165.0,,True,draftkings,2026-05-02T22:11:55.532134
Jamal Cain,,,be60e6f50fc77fc3a3cf6925472bad91,2026-05-03,19:40,points,9.5,316.0,,True,draftkings,2026-05-02T22:11:55.532138
Jamal Cain,,,be60e6f50fc77fc3a3cf6925472bad91,2026-05-03,19:40,points,11.5,580.0,,True,draftkings,2026-05-02T22:11:55.532140
Jamal Cain,,,be60e6f50fc77fc3a3cf6925472bad91,2026-05-03,19:40,points,14.5,1320.0,,True,draftkings,2026-05-02T22:11:55.532142
Jamal Cain,,,be60e6f50fc77fc3a3cf6925472bad91,2026-05-03,19:40,points,17.5,2500.0,,True,draftkings,2026-05-02T22:11:55.532144
Jalen Duren,,,be60e6f50fc77fc3a3cf6925472bad91,2026-05-03,19:40,rebounds,9.5,-106.0,-124.0,False,draftkings,2026-05-02T22:11:55.532160
Paolo Banchero,,,be60e6f50fc77fc3a3cf6925472bad91,2026-05-03,19:40,rebounds,8.5,-109.0,-121.0,False,draftkings,2026-05-02T22:11:55.532162
Ausar Thompson,,,be60e6f50fc77fc3a3cf6925472bad91,2026-05-03,19:40,rebounds,8.5,108.0,-142.0,False,draftkings,2026-05-02T22:11:55.532163
Wendell Carter Jr,,,be60e6f50fc77fc3a3cf6925472bad91,2026-05-03,19:40,rebounds,7.5,104.0,-137.0,False,draftkings,2026-05-02T22:11:55.532165
Tobias Harris,,,be60e6f50fc77fc3a3cf6925472bad91,2026-05-03,19:40,rebounds,6.5,-102.0,-129.0,False,draftkings,2026-05-02T22:11:55.532167
Cade Cunningham,,,be60e6f50fc77fc3a3cf6925472bad91,2026-05-03,19:40,rebounds,5.5,-137.0,104.0,False,draftkings,2026-05-02T22:11:55.532168
Desmond Bane,,,be60e6f50fc77fc3a3cf6925472bad91,2026-05-03,19:40,rebounds,4.5,116.0,-153.0,False,draftkings,2026-05-02T22:11:55.532170
Jalen Suggs,,,be60e6f50fc77fc3a3cf6925472bad91,2026-05-03,19:40,rebounds,3.5,-157.0,119.0,False,draftkings,2026-05-02T22:11:55.532172
Anthony Black,,,be60e6f50fc77fc3a3cf6925472bad91,2026-05-03,19:40,rebounds,3.5,120.0,-158.0,False,draftkings,2026-05-02T22:11:55.532173
Duncan Robinson,,,be60e6f50fc77fc3a3cf6925472bad91,2026-05-03,19:40,rebounds,2.5,-112.0,-117.0,False,draftkings,2026-05-02T22:11:55.532175
Jalen Duren,,,be60e6f50fc77fc3a3cf6925472bad91,2026-05-03,19:40,rebounds,4.5,-3100.0,,True,draftkings,2026-05-02T22:11:55.532225
Jalen Duren,,,be60e6f50fc77fc3a3cf6925472bad91,2026-05-03,19:40,rebounds,5.5,-1120.0,,True,draftkings,2026-05-02T22:11:55.532227
Jalen Duren,,,be60e6f50fc77fc3a3cf6925472bad91,2026-05-03,19:40,rebounds,6.5,-539.0,,True,draftkings,2026-05-02T22:11:55.532228
Jalen Duren,,,be60e6f50fc77fc3a3cf6925472bad91,2026-05-03,19:40,rebounds,7.5,-292.0,,True,draftkings,2026-05-02T22:11:55.532230
Jalen Duren,,,be60e6f50fc77fc3a3cf6925472bad91,2026-05-03,19:40,rebounds,8.5,-173.0,,True,draftkings,2026-05-02T22:11:55.532232
Jalen Duren,,,be60e6f50fc77fc3a3cf6925472bad91,2026-05-03,19:40,rebounds,9.5,-107.0,,True,draftkings,2026-05-02T22:11:55.532236
Jalen Duren,,,be60e6f50fc77fc3a3cf6925472bad91,2026-05-03,19:40,rebounds,10.5,147.0,,True,draftkings,2026-05-02T22:11:55.532238
Jalen Duren,,,be60e6f50fc77fc3a3cf6925472bad91,2026-05-03,19:40,rebounds,11.5,226.0,,True,draftkings,2026-05-02T22:11:55.532239
Jalen Duren,,,be60e6f50fc77fc3a3cf6925472bad91,2026-05-03,19:40,rebounds,12.5,337.0,,True,draftkings,2026-05-02T22:11:55.532241
Jalen Duren,,,be60e6f50fc77fc3a3cf6925472bad91,2026-05-03,19:40,rebounds,13.5,508.0,,True,draftkings,2026-05-02T22:11:55.532243
Jalen Duren,,,be60e6f50fc77fc3a3cf6925472bad91,2026-05-03,19:40,rebounds,14.5,740.0,,True,draftkings,2026-05-02T22:11:55.532244
Jalen Duren,,,be60e6f50fc77fc3a3cf6925472bad91,2026-05-03,19:40,rebounds,15.5,1100.0,,True,draftkings,2026-05-02T22:11:55.532246
Jalen Duren,,,be60e6f50fc77fc3a3cf6925472bad91,2026-05-03,19:40,rebounds,16.5,1620.0,,True,draftkings,2026-05-02T22:11:55.532248
Jalen Duren,,,be60e6f50fc77fc3a3cf6925472bad91,2026-05-03,19:40,rebounds,17.5,2200.0,,True,draftkings,2026-05-02T22:11:55.532249
Jalen Duren,,,be60e6f50fc77fc3a3cf6925472bad91,2026-05-03,19:40,rebounds,18.5,2800.0,,True,draftkings,2026-05-02T22:11:55.532251
Paolo Banchero,,,be60e6f50fc77fc3a3cf6925472bad91,2026-05-03,19:40,rebounds,4.5,-1360.0,,True,draftkings,2026-05-02T22:11:55.532253
Paolo Banchero,,,be60e6f50fc77fc3a3cf6925472bad91,2026-05-03,19:40,rebounds,5.5,-600.0,,True,draftkings,2026-05-02T22:11:55.532255
Paolo Banchero,,,be60e6f50fc77fc3a3cf6925472bad91,2026-05-03,19:40,rebounds,6.5,-316.0,,True,draftkings,2026-05-02T22:11:55.532256
Paolo Banchero,,,be60e6f50fc77fc3a3cf6925472bad91,2026-05-03,19:40,rebounds,7.5,-180.0,,True,draftkings,2026-05-02T22:11:55.532258
Paolo Banchero,,,be60e6f50fc77fc3a3cf6925472bad91,2026-05-03,19:40,rebounds,8.5,-108.0,,True,draftkings,2026-05-02T22:11:55.532260
Paolo Banchero,,,be60e6f50fc77fc3a3cf6925472bad91,2026-05-03,19:40,rebounds,9.5,148.0,,True,draftkings,2026-05-02T22:11:55.532262
Paolo Banchero,,,be60e6f50fc77fc3a3cf6925472bad91,2026-05-03,19:40,rebounds,10.5,240.0,,True,draftkings,2026-05-02T22:11:55.532263
Paolo Banchero,,,be60e6f50fc77fc3a3cf6925472bad91,2026-05-03,19:40,rebounds,11.5,375.0,,True,draftkings,2026-05-02T22:11:55.532265
Paolo Banchero,,,be60e6f50fc77fc3a3cf6925472bad91,2026-05-03,19:40,rebounds,12.5,582.0,,True,draftkings,2026-05-02T22:11:55.532267
Paolo Banchero,,,be60e6f50fc77fc3a3cf6925472bad91,2026-05-03,19:40,rebounds,13.5,900.0,,True,draftkings,2026-05-02T22:11:55.532268
Paolo Banchero,,,be60e6f50fc77fc3a3cf6925472bad91,2026-05-03,19:40,rebounds,14.5,1360.0,,True,draftkings,2026-05-02T22:11:55.532270
Paolo Banchero,,,be60e6f50fc77fc3a3cf6925472bad91,2026-05-03,19:40,rebounds,15.5,2000.0,,True,draftkings,2026-05-02T22:11:55.532272
Paolo Banchero,,,be60e6f50fc77fc3a3cf6925472bad91,2026-05-03,19:40,rebounds,16.5,2700.0,,True,draftkings,2026-05-02T22:11:55.532273
Ausar Thompson,,,be60e6f50fc77fc3a3cf6925472bad91,2026-05-03,19:40,rebounds,3.5,-3800.0,,True,draftkings,2026-05-02T22:11:55.532275
Ausar Thompson,,,be60e6f50fc77fc3a3cf6925472bad91,2026-05-03,19:40,rebounds,4.5,-1100.0,,True,draftkings,2026-05-02T22:11:55.532276
Ausar Thompson,,,be60e6f50fc77fc3a3cf6925472bad91,2026-05-03,19:40,rebounds,5.5,-509.0,,True,draftkings,2026-05-02T22:11:55.532278
Ausar Thompson,,,be60e6f50fc77fc3a3cf6925472bad91,2026-05-03,19:40,rebounds,6.5,-271.0,,True,draftkings,2026-05-02T22:11:55.532280
Ausar Thompson,,,be60e6f50fc77fc3a3cf6925472bad91,2026-05-03,19:40,rebounds,7.5,-154.0,,True,draftkings,2026-05-02T22:11:55.532281
Ausar Thompson,,,be60e6f50fc77fc3a3cf6925472bad91,2026-05-03,19:40,rebounds,8.5,109.0,,True,draftkings,2026-05-02T22:11:55.532283
Ausar Thompson,,,be60e6f50fc77fc3a3cf6925472bad91,2026-05-03,19:40,rebounds,9.5,173.0,,True,draftkings,2026-05-02T22:11:55.532285
Ausar Thompson,,,be60e6f50fc77fc3a3cf6925472bad91,2026-05-03,19:40,rebounds,10.5,273.0,,True,draftkings,2026-05-02T22:11:55.532286
Ausar Thompson,,,be60e6f50fc77fc3a3cf6925472bad91,2026-05-03,19:40,rebounds,11.5,431.0,,True,draftkings,2026-05-02T22:11:55.532288
Ausar Thompson,,,be60e6f50fc77fc3a3cf6925472bad91,2026-05-03,19:40,rebounds,12.5,680.0,,True,draftkings,2026-05-02T22:11:55.532292
Ausar Thompson,,,be60e6f50fc77fc3a3cf6925472bad91,2026-05-03,19:40,rebounds,13.5,1040.0,,True,draftkings,2026-05-02T22:11:55.532294
Ausar Thompson,,,be60e6f50fc77fc3a3cf6925472bad91,2026-05-03,19:40,rebounds,14.5,1600.0,,True,draftkings,2026-05-02T22:11:55.532295
Ausar Thompson,,,be60e6f50fc77fc3a3cf6925472bad91,2026-05-03,19:40,rebounds,15.5,2300.0,,True,draftkings,2026-05-02T22:11:55.532297
Wendell Carter Jr,,,be60e6f50fc77fc3a3cf6925472bad91,2026-05-03,19:40,rebounds,3.5,-1900.0,,True,draftkings,2026-05-02T22:11:55.532299
Wendell Carter Jr,,,be60e6f50fc77fc3a3cf6925472bad91,2026-05-03,19:40,rebounds,4.5,-700.0,,True,draftkings,2026-05-02T22:11:55.532300
Wendell Carter Jr,,,be60e6f50fc77fc3a3cf6925472bad91,2026-05-03,19:40,rebounds,5.5,-329.0,,True,draftkings,2026-05-02T22:11:55.532302
Wendell Carter Jr,,,be60e6f50fc77fc3a3cf6925472bad91,2026-05-03,19:40,rebounds,6.5,-172.0,,True,draftkings,2026-05-02T22:11:55.532304
Wendell Carter Jr,,,be60e6f50fc77fc3a3cf6925472bad91,2026-05-03,19:40,rebounds,7.5,101.0,,True,draftkings,2026-05-02T22:11:55.532305
Wendell Carter Jr,,,be60e6f50fc77fc3a3cf6925472bad91,2026-05-03,19:40,rebounds,8.5,169.0,,True,draftkings,2026-05-02T22:11:55.532307
Wendell Carter Jr,,,be60e6f50fc77fc3a3cf6925472bad91,2026-05-03,19:40,rebounds,9.5,277.0,,True,draftkings,2026-05-02T22:11:55.532309
Wendell Carter Jr,,,be60e6f50fc77fc3a3cf6925472bad91,2026-05-03,19:40,rebounds,10.5,464.0,,True,draftkings,2026-05-02T22:11:55.532311
Wendell Carter Jr,,,be60e6f50fc77fc3a3cf6925472bad91,2026-05-03,19:40,rebounds,11.5,760.0,,True,draftkings,2026-05-02T22:11:55.532312
Wendell Carter Jr,,,be60e6f50fc77fc3a3cf6925472bad91,2026-05-03,19:40,rebounds,12.5,1200.0,,True,draftkings,2026-05-02T22:11:55.532314
Wendell Carter Jr,,,be60e6f50fc77fc3a3cf6925472bad91,2026-05-03,19:40,rebounds,13.5,1840.0,,True,draftkings,2026-05-02T22:11:55.532316
Wendell Carter Jr,,,be60e6f50fc77fc3a3cf6925472bad91,2026-05-03,19:40,rebounds,14.5,2700.0,,True,draftkings,2026-05-02T22:11:55.532317
Tobias Harris,,,be60e6f50fc77fc3a3cf6925472bad91,2026-05-03,19:40,rebounds,2.5,-3500.0,,True,draftkings,2026-05-02T22:11:55.532319
Tobias Harris,,,be60e6f50fc77fc3a3cf6925472bad91,2026-05-03,19:40,rebounds,3.5,-920.0,,True,draftkings,2026-05-02T22:11:55.532320
Tobias Harris,,,be60e6f50fc77fc3a3cf6925472bad91,2026-05-03,19:40,rebounds,4.5,-384.0,,True,draftkings,2026-05-02T22:11:55.532322
Tobias Harris,,,be60e6f50fc77fc3a3cf6925472bad91,2026-05-03,19:40,rebounds,5.5,-190.0,,True,draftkings,2026-05-02T22:11:55.532324
Tobias Harris,,,be60e6f50fc77fc3a3cf6925472bad91,2026-05-03,19:40,rebounds,6.5,-102.0,,True,draftkings,2026-05-02T22:11:55.532328
Tobias Harris,,,be60e6f50fc77fc3a3cf6925472bad91,2026-05-03,19:40,rebounds,7.5,175.0,,True,draftkings,2026-05-02T22:11:55.532330
Tobias Harris,,,be60e6f50fc77fc3a3cf6925472bad91,2026-05-03,19:40,rebounds,8.5,301.0,,True,draftkings,2026-05-02T22:11:55.532332
Tobias Harris,,,be60e6f50fc77fc3a3cf6925472bad91,2026-05-03,19:40,rebounds,9.5,514.0,,True,draftkings,2026-05-02T22:11:55.532333
Tobias Harris,,,be60e6f50fc77fc3a3cf6925472bad91,2026-05-03,19:40,rebounds,10.5,850.0,,True,draftkings,2026-05-02T22:11:55.532335
Tobias Harris,,,be60e6f50fc77fc3a3cf6925472bad91,2026-05-03,19:40,rebounds,11.5,1400.0,,True,draftkings,2026-05-02T22:11:55.532337
Tobias Harris,,,be60e6f50fc77fc3a3cf6925472bad91,2026-05-03,19:40,rebounds,12.5,2200.0,,True,draftkings,2026-05-02T22:11:55.532338
Cade Cunningham,,,be60e6f50fc77fc3a3cf6925472bad91,2026-05-03,19:40,rebounds,2.5,-1620.0,,True,draftkings,2026-05-02T22:11:55.532340
Cade Cunningham,,,be60e6f50fc77fc3a3cf6925472bad91,2026-05-03,19:40,rebounds,3.5,-550.0,,True,draftkings,2026-05-02T22:11:55.532341
Cade Cunningham,,,be60e6f50fc77fc3a3cf6925472bad91,2026-05-03,19:40,rebounds,4.5,-260.0,,True,draftkings,2026-05-02T22:11:55.532343
Cade Cunningham,,,be60e6f50fc77fc3a3cf6925472bad91,2026-05-03,19:40,rebounds,5.5,-136.0,,True,draftkings,2026-05-02T22:11:55.532345
Cade Cunningham,,,be60e6f50fc77fc3a3cf6925472bad91,2026-05-03,19:40,rebounds,6.5,132.0,,True,draftkings,2026-05-02T22:11:55.532347
Cade Cunningham,,,be60e6f50fc77fc3a3cf6925472bad91,2026-05-03,19:40,rebounds,7.5,231.0,,True,draftkings,2026-05-02T22:11:55.532350
Cade Cunningham,,,be60e6f50fc77fc3a3cf6925472bad91,2026-05-03,19:40,rebounds,8.5,394.0,,True,draftkings,2026-05-02T22:11:55.532352
Cade Cunningham,,,be60e6f50fc77fc3a3cf6925472bad91,2026-05-03,19:40,rebounds,9.5,670.0,,True,draftkings,2026-05-02T22:11:55.532354
Cade Cunningham,,,be60e6f50fc77fc3a3cf6925472bad91,2026-05-03,19:40,rebounds,10.5,1120.0,,True,draftkings,2026-05-02T22:11:55.532356
Cade Cunningham,,,be60e6f50fc77fc3a3cf6925472bad91,2026-05-03,19:40,rebounds,11.5,1780.0,,True,draftkings,2026-05-02T22:11:55.532357
Cade Cunningham,,,be60e6f50fc77fc3a3cf6925472bad91,2026-05-03,19:40,rebounds,12.5,2600.0,,True,draftkings,2026-05-02T22:11:55.532359
Desmond Bane,,,be60e6f50fc77fc3a3cf6925472bad91,2026-05-03,19:40,rebounds,2.5,-468.0,,True,draftkings,2026-05-02T22:11:55.532360
Desmond Bane,,,be60e6f50fc77fc3a3cf6925472bad91,2026-05-03,19:40,rebounds,3.5,-188.0,,True,draftkings,2026-05-02T22:11:55.532362
Desmond Bane,,,be60e6f50fc77fc3a3cf6925472bad91,2026-05-03,19:40,rebounds,4.5,113.0,,True,draftkings,2026-05-02T22:11:55.532364
Desmond Bane,,,be60e6f50fc77fc3a3cf6925472bad91,2026-05-03,19:40,rebounds,5.5,226.0,,True,draftkings,2026-05-02T22:11:55.532365
Desmond Bane,,,be60e6f50fc77fc3a3cf6925472bad91,2026-05-03,19:40,rebounds,6.5,437.0,,True,draftkings,2026-05-02T22:11:55.532367
Desmond Bane,,,be60e6f50fc77fc3a3cf6925472bad91,2026-05-03,19:40,rebounds,7.5,810.0,,True,draftkings,2026-05-02T22:11:55.532369
Desmond Bane,,,be60e6f50fc77fc3a3cf6925472bad91,2026-05-03,19:40,rebounds,8.5,1460.0,,True,draftkings,2026-05-02T22:11:55.532370
Desmond Bane,,,be60e6f50fc77fc3a3cf6925472bad91,2026-05-03,19:40,rebounds,9.5,2400.0,,True,draftkings,2026-05-02T22:11:55.532372
Jalen Suggs,,,be60e6f50fc77fc3a3cf6925472bad91,2026-05-03,19:40,rebounds,2.5,-384.0,,True,draftkings,2026-05-02T22:11:55.532374
Jalen Suggs,,,be60e6f50fc77fc3a3cf6925472bad91,2026-05-03,19:40,rebounds,3.5,-158.0,,True,draftkings,2026-05-02T22:11:55.532376
Jalen Suggs,,,be60e6f50fc77fc3a3cf6925472bad91,2026-05-03,19:40,rebounds,4.5,134.0,,True,draftkings,2026-05-02T22:11:55.532377
Jalen Suggs,,,be60e6f50fc77fc3a3cf6925472bad91,2026-05-03,19:40,rebounds,5.5,268.0,,True,draftkings,2026-05-02T22:11:55.532379
Jalen Suggs,,,be60e6f50fc77fc3a3cf6925472bad91,2026-05-03,19:40,rebounds,6.5,514.0,,True,draftkings,2026-05-02T22:11:55.532381
Jalen Suggs,,,be60e6f50fc77fc3a3cf6925472bad91,2026-05-03,19:40,rebounds,7.5,960.0,,True,draftkings,2026-05-02T22:11:55.532382
Jalen Suggs,,,be60e6f50fc77fc3a3cf6925472bad91,2026-05-03,19:40,rebounds,8.5,1700.0,,True,draftkings,2026-05-02T22:11:55.532384
Jalen Suggs,,,be60e6f50fc77fc3a3cf6925472bad91,2026-05-03,19:40,rebounds,9.5,2600.0,,True,draftkings,2026-05-02T22:11:55.532386
Anthony Black,,,be60e6f50fc77fc3a3cf6925472bad91,2026-05-03,19:40,rebounds,2.5,-199.0,,True,draftkings,2026-05-02T22:11:55.532387
Anthony Black,,,be60e6f50fc77fc3a3cf6925472bad91,2026-05-03,19:40,rebounds,3.5,120.0,,True,draftkings,2026-05-02T22:11:55.532389
Anthony Black,,,be60e6f50fc77fc3a3cf6925472bad91,2026-05-03,19:40,rebounds,4.5,258.0,,True,draftkings,2026-05-02T22:11:55.532391
Anthony Black,,,be60e6f50fc77fc3a3cf6925472bad91,2026-05-03,19:40,rebounds,5.5,528.0,,True,draftkings,2026-05-02T22:11:55.532392
Anthony Black,,,be60e6f50fc77fc3a3cf6925472bad91,2026-05-03,19:40,rebounds,6.5,1000.0,,True,draftkings,2026-05-02T22:11:55.532394
Anthony Black,,,be60e6f50fc77fc3a3cf6925472bad91,2026-05-03,19:40,rebounds,7.5,1840.0,,True,draftkings,2026-05-02T22:11:55.532396
Anthony Black,,,be60e6f50fc77fc3a3cf6925472bad91,2026-05-03,19:40,rebounds,8.5,2800.0,,True,draftkings,2026-05-02T22:11:55.532397
Duncan Robinson,,,be60e6f50fc77fc3a3cf6925472bad91,2026-05-03,19:40,rebounds,2.5,-112.0,,True,draftkings,2026-05-02T22:11:55.532399
Duncan Robinson,,,be60e6f50fc77fc3a3cf6925472bad91,2026-05-03,19:40,rebounds,3.5,219.0,,True,draftkings,2026-05-02T22:11:55.532401
Duncan Robinson,,,be60e6f50fc77fc3a3cf6925472bad91,2026-05-03,19:40,rebounds,4.5,510.0,,True,draftkings,2026-05-02T22:11:55.532405
Duncan Robinson,,,be60e6f50fc77fc3a3cf6925472bad91,2026-05-03,19:40,rebounds,5.5,1120.0,,True,draftkings,2026-05-02T22:11:55.532406
Duncan Robinson,,,be60e6f50fc77fc3a3cf6925472bad91,2026-05-03,19:40,rebounds,6.5,2100.0,,True,draftkings,2026-05-02T22:11:55.532408
Desmond Bane,,,be60e6f50fc77fc3a3cf6925472bad91,2026-05-03,19:40,threes,2.5,-102.0,-129.0,False,draftkings,2026-05-02T22:11:55.532422
Duncan Robinson,,,be60e6f50fc77fc3a3cf6925472bad91,2026-05-03,19:40,threes,2.5,101.0,-133.0,False,draftkings,2026-05-02T22:11:55.532424
Cade Cunningham,,,be60e6f50fc77fc3a3cf6925472bad91,2026-05-03,19:40,threes,2.5,118.0,-155.0,False,draftkings,2026-05-02T22:11:55.532425
Jalen Suggs,,,be60e6f50fc77fc3a3cf6925472bad91,2026-05-03,19:40,threes,2.5,129.0,-171.0,False,draftkings,2026-05-02T22:11:55.532427
Paolo Banchero,,,be60e6f50fc77fc3a3cf6925472bad91,2026-05-03,19:40,threes,1.5,112.0,-147.0,False,draftkings,2026-05-02T22:11:55.532431
Tobias Harris,,,be60e6f50fc77fc3a3cf6925472bad91,2026-05-03,19:40,threes,1.5,122.0,-162.0,False,draftkings,2026-05-02T22:11:55.532433
Anthony Black,,,be60e6f50fc77fc3a3cf6925472bad91,2026-05-03,19:40,threes,1.5,148.0,-196.0,False,draftkings,2026-05-02T22:11:55.532435
Wendell Carter Jr,,,be60e6f50fc77fc3a3cf6925472bad91,2026-05-03,19:40,threes,0.5,-173.0,131.0,False,draftkings,2026-05-02T22:11:55.532436
Duncan Robinson,,,be60e6f50fc77fc3a3cf6925472bad91,2026-05-03,19:40,threes,0.5,-1660.0,,True,draftkings,2026-05-02T22:11:55.532460
Duncan Robinson,,,be60e6f50fc77fc3a3cf6925472bad91,2026-05-03,19:40,threes,1.5,-284.0,,True,draftkings,2026-05-02T22:11:55.532462
Duncan Robinson,,,be60e6f50fc77fc3a3cf6925472bad91,2026-05-03,19:40,threes,2.5,102.0,,True,draftkings,2026-05-02T22:11:55.532463
Duncan Robinson,,,be60e6f50fc77fc3a3cf6925472bad91,2026-05-03,19:40,threes,3.5,248.0,,True,draftkings,2026-05-02T22:11:55.532465
Duncan Robinson,,,be60e6f50fc77fc3a3cf6925472bad91,2026-05-03,19:40,threes,4.5,583.0,,True,draftkings,2026-05-02T22:11:55.532467
Duncan Robinson,,,be60e6f50fc77fc3a3cf6925472bad91,2026-05-03,19:40,threes,5.5,1200.0,,True,draftkings,2026-05-02T22:11:55.532469
Duncan Robinson,,,be60e6f50fc77fc3a3cf6925472bad91,2026-05-03,19:40,threes,6.5,2200.0,,True,draftkings,2026-05-02T22:11:55.532470
Cade Cunningham,,,be60e6f50fc77fc3a3cf6925472bad91,2026-05-03,19:40,threes,0.5,-1140.0,,True,draftkings,2026-05-02T22:11:55.532472
Cade Cunningham,,,be60e6f50fc77fc3a3cf6925472bad91,2026-05-03,19:40,threes,1.5,-233.0,,True,draftkings,2026-05-02T22:11:55.532474
Cade Cunningham,,,be60e6f50fc77fc3a3cf6925472bad91,2026-05-03,19:40,threes,2.5,119.0,,True,draftkings,2026-05-02T22:11:55.532475
Cade Cunningham,,,be60e6f50fc77fc3a3cf6925472bad91,2026-05-03,19:40,threes,3.5,283.0,,True,draftkings,2026-05-02T22:11:55.532477
Cade Cunningham,,,be60e6f50fc77fc3a3cf6925472bad91,2026-05-03,19:40,threes,4.5,620.0,,True,draftkings,2026-05-02T22:11:55.532479
Cade Cunningham,,,be60e6f50fc77fc3a3cf6925472bad91,2026-05-03,19:40,threes,5.5,1320.0,,True,draftkings,2026-05-02T22:11:55.532480
Cade Cunningham,,,be60e6f50fc77fc3a3cf6925472bad91,2026-05-03,19:40,threes,6.5,2300.0,,True,draftkings,2026-05-02T22:11:55.532482
Desmond Bane,,,be60e6f50fc77fc3a3cf6925472bad91,2026-05-03,19:40,threes,0.5,-1620.0,,True,draftkings,2026-05-02T22:11:55.532484
Desmond Bane,,,be60e6f50fc77fc3a3cf6925472bad91,2026-05-03,19:40,threes,1.5,-299.0,,True,draftkings,2026-05-02T22:11:55.532486
Desmond Bane,,,be60e6f50fc77fc3a3cf6925472bad91,2026-05-03,19:40,threes,2.5,-104.0,,True,draftkings,2026-05-02T22:11:55.532487
Desmond Bane,,,be60e6f50fc77fc3a3cf6925472bad91,2026-05-03,19:40,threes,3.5,238.0,,True,draftkings,2026-05-02T22:11:55.532489
Desmond Bane,,,be60e6f50fc77fc3a3cf6925472bad91,2026-05-03,19:40,threes,4.5,549.0,,True,draftkings,2026-05-02T22:11:55.532503
Desmond Bane,,,be60e6f50fc77fc3a3cf6925472bad91,2026-05-03,19:40,threes,5.5,1160.0,,True,draftkings,2026-05-02T22:11:55.532505
Desmond Bane,,,be60e6f50fc77fc3a3cf6925472bad91,2026-05-03,19:40,threes,6.5,2300.0,,True,draftkings,2026-05-02T22:11:55.532506
Jalen Suggs,,,be60e6f50fc77fc3a3cf6925472bad91,2026-05-03,19:40,threes,0.5,-1100.0,,True,draftkings,2026-05-02T22:11:55.532508
Jalen Suggs,,,be60e6f50fc77fc3a3cf6925472bad91,2026-05-03,19:40,threes,1.5,-219.0,,True,draftkings,2026-05-02T22:11:55.532510
Jalen Suggs,,,be60e6f50fc77fc3a3cf6925472bad91,2026-05-03,19:40,threes,2.5,131.0,,True,draftkings,2026-05-02T22:11:55.532511
Jalen Suggs,,,be60e6f50fc77fc3a3cf6925472bad91,2026-05-03,19:40,threes,3.5,314.0,,True,draftkings,2026-05-02T22:11:55.532513
Jalen Suggs,,,be60e6f50fc77fc3a3cf6925472bad91,2026-05-03,19:40,threes,4.5,720.0,,True,draftkings,2026-05-02T22:11:55.532515
Jalen Suggs,,,be60e6f50fc77fc3a3cf6925472bad91,2026-05-03,19:40,threes,5.5,1560.0,,True,draftkings,2026-05-02T22:11:55.532516
Jalen Suggs,,,be60e6f50fc77fc3a3cf6925472bad91,2026-05-03,19:40,threes,6.5,2700.0,,True,draftkings,2026-05-02T22:11:55.532518
Paolo Banchero,,,be60e6f50fc77fc3a3cf6925472bad91,2026-05-03,19:40,threes,0.5,-379.0,,True,draftkings,2026-05-02T22:11:55.532520
Paolo Banchero,,,be60e6f50fc77fc3a3cf6925472bad91,2026-05-03,19:40,threes,1.5,114.0,,True,draftkings,2026-05-02T22:11:55.532521
Paolo Banchero,,,be60e6f50fc77fc3a3cf6925472bad91,2026-05-03,19:40,threes,2.5,345.0,,True,draftkings,2026-05-02T22:11:55.532523
Paolo Banchero,,,be60e6f50fc77fc3a3cf6925472bad91,2026-05-03,19:40,threes,3.5,950.0,,True,draftkings,2026-05-02T22:11:55.532525
Paolo Banchero,,,be60e6f50fc77fc3a3cf6925472bad91,2026-05-03,19:40,threes,4.5,2000.0,,True,draftkings,2026-05-02T22:11:55.532526
Tobias Harris,,,be60e6f50fc77fc3a3cf6925472bad91,2026-05-03,19:40,threes,0.5,-361.0,,True,draftkings,2026-05-02T22:11:55.532528
Tobias Harris,,,be60e6f50fc77fc3a3cf6925472bad91,2026-05-03,19:40,threes,1.5,123.0,,True,draftkings,2026-05-02T22:11:55.532530
Tobias Harris,,,be60e6f50fc77fc3a3cf6925472bad91,2026-05-03,19:40,threes,2.5,383.0,,True,draftkings,2026-05-02T22:11:55.532531
Tobias Harris,,,be60e6f50fc77fc3a3cf6925472bad91,2026-05-03,19:40,threes,3.5,1100.0,,True,draftkings,2026-05-02T22:11:55.532533
Tobias Harris,,,be60e6f50fc77fc3a3cf6925472bad91,2026-05-03,19:40,threes,4.5,2400.0,,True,draftkings,2026-05-02T22:11:55.532535
Anthony Black,,,be60e6f50fc77fc3a3cf6925472bad91,2026-05-03,19:40,threes,0.5,-295.0,,True,draftkings,2026-05-02T22:11:55.532536
Anthony Black,,,be60e6f50fc77fc3a3cf6925472bad91,2026-05-03,19:40,threes,1.5,149.0,,True,draftkings,2026-05-02T22:11:55.532538
Anthony Black,,,be60e6f50fc77fc3a3cf6925472bad91,2026-05-03,19:40,threes,2.5,478.0,,True,draftkings,2026-05-02T22:11:55.532539
Anthony Black,,,be60e6f50fc77fc3a3cf6925472bad91,2026-05-03,19:40,threes,3.5,1260.0,,True,draftkings,2026-05-02T22:11:55.532541
Anthony Black,,,be60e6f50fc77fc3a3cf6925472bad91,2026-05-03,19:40,threes,4.5,2700.0,,True,draftkings,2026-05-02T22:11:55.532543
Wendell Carter Jr,,,be60e6f50fc77fc3a3cf6925472bad91,2026-05-03,19:40,threes,0.5,-175.0,,True,draftkings,2026-05-02T22:11:55.532544
Wendell Carter Jr,,,be60e6f50fc77fc3a3cf6925472bad91,2026-05-03,19:40,threes,1.5,264.0,,True,draftkings,2026-05-02T22:11:55.532549
Wendell Carter Jr,,,be60e6f50fc77fc3a3cf6925472bad91,2026-05-03,19:40,threes,2.5,920.0,,True,draftkings,2026-05-02T22:11:55.532550
Wendell Carter Jr,,,be60e6f50fc77fc3a3cf6925472bad91,2026-05-03,19:40,threes,3.5,2400.0,,True,draftkings,2026-05-02T22:11:55.532552
Scottie Barnes,,,a463f640631f8b0580966b909965de14,2026-05-03,23:40,assists,7.5,-133.0,101.0,False,draftkings,2026-05-02T22:11:55.593372
James Harden,,,a463f640631f8b0580966b909965de14,2026-05-03,23:40,assists,6.5,-108.0,-122.0,False,draftkings,2026-05-02T22:11:55.593385
Jamal Shead,,,a463f640631f8b0580966b909965de14,2026-05-03,23:40,assists,5.5,-149.0,113.0,False,draftkings,2026-05-02T22:11:55.593387
Donovan Mitchell,,,a463f640631f8b0580966b909965de14,2026-05-03,23:40,assists,3.5,-159.0,121.0,False,draftkings,2026-05-02T22:11:55.593389
R.J. Barrett,,,a463f640631f8b0580966b909965de14,2026-05-03,23:40,assists,3.5,-125.0,-105.0,False,draftkings,2026-05-02T22:11:55.593391
Evan Mobley,,,a463f640631f8b0580966b909965de14,2026-05-03,23:40,assists,2.5,-117.0,-113.0,False,draftkings,2026-05-02T22:11:55.593393
Max Strus,,,a463f640631f8b0580966b909965de14,2026-05-03,23:40,assists,2.5,135.0,-178.0,False,draftkings,2026-05-02T22:11:55.593395
Jarrett Allen,,,a463f640631f8b0580966b909965de14,2026-05-03,23:40,assists,1.5,138.0,-183.0,False,draftkings,2026-05-02T22:11:55.593397
Scottie Barnes,,,a463f640631f8b0580966b909965de14,2026-05-03,23:40,assists,3.5,-2800.0,,True,draftkings,2026-05-02T22:11:55.593436
Scottie Barnes,,,a463f640631f8b0580966b909965de14,2026-05-03,23:40,assists,4.5,-930.0,,True,draftkings,2026-05-02T22:11:55.593438
Scottie Barnes,,,a463f640631f8b0580966b909965de14,2026-05-03,23:40,assists,5.5,-433.0,,True,draftkings,2026-05-02T22:11:55.593440
Scottie Barnes,,,a463f640631f8b0580966b909965de14,2026-05-03,23:40,assists,6.5,-232.0,,True,draftkings,2026-05-02T22:11:55.593442
Scottie Barnes,,,a463f640631f8b0580966b909965de14,2026-05-03,23:40,assists,7.5,-134.0,,True,draftkings,2026-05-02T22:11:55.593443
Scottie Barnes,,,a463f640631f8b0580966b909965de14,2026-05-03,23:40,assists,8.5,124.0,,True,draftkings,2026-05-02T22:11:55.593445
Scottie Barnes,,,a463f640631f8b0580966b909965de14,2026-05-03,23:40,assists,9.5,202.0,,True,draftkings,2026-05-02T22:11:55.593447
Scottie Barnes,,,a463f640631f8b0580966b909965de14,2026-05-03,23:40,assists,10.5,334.0,,True,draftkings,2026-05-02T22:11:55.593449
Scottie Barnes,,,a463f640631f8b0580966b909965de14,2026-05-03,23:40,assists,11.5,545.0,,True,draftkings,2026-05-02T22:11:55.593450
Scottie Barnes,,,a463f640631f8b0580966b909965de14,2026-05-03,23:40,assists,12.5,870.0,,True,draftkings,2026-05-02T22:11:55.593454
Scottie Barnes,,,a463f640631f8b0580966b909965de14,2026-05-03,23:40,assists,13.5,1320.0,,True,draftkings,2026-05-02T22:11:55.593456
Scottie Barnes,,,a463f640631f8b0580966b909965de14,2026-05-03,23:40,assists,14.5,1980.0,,True,draftkings,2026-05-02T22:11:55.593458
Scottie Barnes,,,a463f640631f8b0580966b909965de14,2026-05-03,23:40,assists,15.5,2700.0,,True,draftkings,2026-05-02T22:11:55.593459
James Harden,,,a463f640631f8b0580966b909965de14,2026-05-03,23:40,assists,3.5,-1080.0,,True,draftkings,2026-05-02T22:11:55.593461
James Harden,,,a463f640631f8b0580966b909965de14,2026-05-03,23:40,assists,4.5,-438.0,,True,draftkings,2026-05-02T22:11:55.593465
James Harden,,,a463f640631f8b0580966b909965de14,2026-05-03,23:40,assists,5.5,-206.0,,True,draftkings,2026-05-02T22:11:55.593469
James Harden,,,a463f640631f8b0580966b909965de14,2026-05-03,23:40,assists,6.5,-107.0,,True,draftkings,2026-05-02T22:11:55.593471
James Harden,,,a463f640631f8b0580966b909965de14,2026-05-03,23:40,assists,7.5,169.0,,True,draftkings,2026-05-02T22:11:55.593473
James Harden,,,a463f640631f8b0580966b909965de14,2026-05-03,23:40,assists,8.5,306.0,,True,draftkings,2026-05-02T22:11:55.593474
James Harden,,,a463f640631f8b0580966b909965de14,2026-05-03,23:40,assists,9.5,541.0,,True,draftkings,2026-05-02T22:11:55.593476
James Harden,,,a463f640631f8b0580966b909965de14,2026-05-03,23:40,assists,10.5,940.0,,True,draftkings,2026-05-02T22:11:55.593478
James Harden,,,a463f640631f8b0580966b909965de14,2026-05-03,23:40,assists,11.5,1640.0,,True,draftkings,2026-05-02T22:11:55.593479
James Harden,,,a463f640631f8b0580966b909965de14,2026-05-03,23:40,assists,12.5,2500.0,,True,draftkings,2026-05-02T22:11:55.593481
Jamal Shead,,,a463f640631f8b0580966b909965de14,2026-05-03,23:40,assists,2.5,-2500.0,,True,draftkings,2026-05-02T22:11:55.593483
Jamal Shead,,,a463f640631f8b0580966b909965de14,2026-05-03,23:40,assists,3.5,-690.0,,True,draftkings,2026-05-02T22:11:55.593484
Jamal Shead,,,a463f640631f8b0580966b909965de14,2026-05-03,23:40,assists,4.5,-295.0,,True,draftkings,2026-05-02T22:11:55.593486
Jamal Shead,,,a463f640631f8b0580966b909965de14,2026-05-03,23:40,assists,5.5,-149.0,,True,draftkings,2026-05-02T22:11:55.593488
Jamal Shead,,,a463f640631f8b0580966b909965de14,2026-05-03,23:40,assists,6.5,125.0,,True,draftkings,2026-05-02T22:11:55.593503
Jamal Shead,,,a463f640631f8b0580966b909965de14,2026-05-03,23:40,assists,7.5,230.0,,True,draftkings,2026-05-02T22:11:55.593505
Jamal Shead,,,a463f640631f8b0580966b909965de14,2026-05-03,23:40,assists,8.5,398.0,,True,draftkings,2026-05-02T22:11:55.593507
Jamal Shead,,,a463f640631f8b0580966b909965de14,2026-05-03,23:40,assists,9.5,670.0,,True,draftkings,2026-05-02T22:11:55.593508
Jamal Shead,,,a463f640631f8b0580966b909965de14,2026-05-03,23:40,assists,10.5,1120.0,,True,draftkings,2026-05-02T22:11:55.593510
Jamal Shead,,,a463f640631f8b0580966b909965de14,2026-05-03,23:40,assists,11.5,1800.0,,True,draftkings,2026-05-02T22:11:55.593512
Jamal Shead,,,a463f640631f8b0580966b909965de14,2026-05-03,23:40,assists,12.5,2700.0,,True,draftkings,2026-05-02T22:11:55.593513
Donovan Mitchell,,,a463f640631f8b0580966b909965de14,2026-05-03,23:40,assists,2.5,-410.0,,True,draftkings,2026-05-02T22:11:55.593515
Donovan Mitchell,,,a463f640631f8b0580966b909965de14,2026-05-03,23:40,assists,3.5,-162.0,,True,draftkings,2026-05-02T22:11:55.593517
Donovan Mitchell,,,a463f640631f8b0580966b909965de14,2026-05-03,23:40,assists,4.5,134.0,,True,draftkings,2026-05-02T22:11:55.593518
Donovan Mitchell,,,a463f640631f8b0580966b909965de14,2026-05-03,23:40,assists,5.5,279.0,,True,draftkings,2026-05-02T22:11:55.593520
Donovan Mitchell,,,a463f640631f8b0580966b909965de14,2026-05-03,23:40,assists,6.5,561.0,,True,draftkings,2026-05-02T22:11:55.593522
Donovan Mitchell,,,a463f640631f8b0580966b909965de14,2026-05-03,23:40,assists,7.5,1060.0,,True,draftkings,2026-05-02T22:11:55.593523
Donovan Mitchell,,,a463f640631f8b0580966b909965de14,2026-05-03,23:40,assists,8.5,1960.0,,True,draftkings,2026-05-02T22:11:55.593525
R.J. Barrett,,,a463f640631f8b0580966b909965de14,2026-05-03,23:40,assists,2.5,-306.0,,True,draftkings,2026-05-02T22:11:55.593527
R.J. Barrett,,,a463f640631f8b0580966b909965de14,2026-05-03,23:40,assists,3.5,-127.0,,True,draftkings,2026-05-02T22:11:55.593531
R.J. Barrett,,,a463f640631f8b0580966b909965de14,2026-05-03,23:40,assists,4.5,171.0,,True,draftkings,2026-05-02T22:11:55.593533
R.J. Barrett,,,a463f640631f8b0580966b909965de14,2026-05-03,23:40,assists,5.5,346.0,,True,draftkings,2026-05-02T22:11:55.593535
R.J. Barrett,,,a463f640631f8b0580966b909965de14,2026-05-03,23:40,assists,6.5,690.0,,True,draftkings,2026-05-02T22:11:55.593536
R.J. Barrett,,,a463f640631f8b0580966b909965de14,2026-05-03,23:40,assists,7.5,1300.0,,True,draftkings,2026-05-02T22:11:55.593538
R.J. Barrett,,,a463f640631f8b0580966b909965de14,2026-05-03,23:40,assists,8.5,2200.0,,True,draftkings,2026-05-02T22:11:55.593540
Evan Mobley,,,a463f640631f8b0580966b909965de14,2026-05-03,23:40,assists,2.5,-116.0,,True,draftkings,2026-05-02T22:11:55.593542
Evan Mobley,,,a463f640631f8b0580966b909965de14,2026-05-03,23:40,assists,3.5,211.0,,True,draftkings,2026-05-02T22:11:55.593543
Evan Mobley,,,a463f640631f8b0580966b909965de14,2026-05-03,23:40,assists,4.5,497.0,,True,draftkings,2026-05-02T22:11:55.593545
Evan Mobley,,,a463f640631f8b0580966b909965de14,2026-05-03,23:40,assists,5.5,1080.0,,True,draftkings,2026-05-02T22:11:55.593547
Evan Mobley,,,a463f640631f8b0580966b909965de14,2026-05-03,23:40,assists,6.5,2100.0,,True,draftkings,2026-05-02T22:11:55.593548
Max Strus,,,a463f640631f8b0580966b909965de14,2026-05-03,23:40,assists,2.5,135.0,,True,draftkings,2026-05-02T22:11:55.593550
Max Strus,,,a463f640631f8b0580966b909965de14,2026-05-03,23:40,assists,3.5,341.0,,True,draftkings,2026-05-02T22:11:55.593552
Max Strus,,,a463f640631f8b0580966b909965de14,2026-05-03,23:40,assists,4.5,830.0,,True,draftkings,2026-05-02T22:11:55.593554
Max Strus,,,a463f640631f8b0580966b909965de14,2026-05-03,23:40,assists,5.5,1820.0,,True,draftkings,2026-05-02T22:11:55.593556
Jarrett Allen,,,a463f640631f8b0580966b909965de14,2026-05-03,23:40,assists,1.5,143.0,,True,draftkings,2026-05-02T22:11:55.593557
Jarrett Allen,,,a463f640631f8b0580966b909965de14,2026-05-03,23:40,assists,2.5,456.0,,True,draftkings,2026-05-02T22:11:55.593559
Jarrett Allen,,,a463f640631f8b0580966b909965de14,2026-05-03,23:40,assists,3.5,1320.0,,True,draftkings,2026-05-02T22:11:55.593561
Jarrett Allen,,,a463f640631f8b0580966b909965de14,2026-05-03,23:40,assists,4.5,2800.0,,True,draftkings,2026-05-02T22:11:55.593563
Donovan Mitchell,,,a463f640631f8b0580966b909965de14,2026-05-03,23:40,points,24.5,-124.0,-103.0,False,draftkings,2026-05-02T22:11:55.593581
R.J. Barrett,,,a463f640631f8b0580966b909965de14,2026-05-03,23:40,points,23.5,-116.0,-110.0,False,draftkings,2026-05-02T22:11:55.593583
Scottie Barnes,,,a463f640631f8b0580966b909965de14,2026-05-03,23:40,points,21.5,-114.0,-112.0,False,draftkings,2026-05-02T22:11:55.593585
James Harden,,,a463f640631f8b0580966b909965de14,2026-05-03,23:40,points,20.5,-106.0,-121.0,False,draftkings,2026-05-02T22:11:55.593587
Evan Mobley,,,a463f640631f8b0580966b909965de14,2026-05-03,23:40,points,16.5,-109.0,-116.0,False,draftkings,2026-05-02T22:11:55.593588
Collin Murray-Boyles,,,a463f640631f8b0580966b909965de14,2026-05-03,23:40,points,13.5,-119.0,-107.0,False,draftkings,2026-05-02T22:11:55.593592
Jarrett Allen,,,a463f640631f8b0580966b909965de14,2026-05-03,23:40,points,11.5,-130.0,102.0,False,draftkings,2026-05-02T22:11:55.593594
Jamal Shead,,,a463f640631f8b0580966b909965de14,2026-05-03,23:40,points,8.5,-123.0,-104.0,False,draftkings,2026-05-02T22:11:55.593596
Max Strus,,,a463f640631f8b0580966b909965de14,2026-05-03,23:40,points,8.5,-123.0,-104.0,False,draftkings,2026-05-02T22:11:55.593598
Jakob Poeltl,,,a463f640631f8b0580966b909965de14,2026-05-03,23:40,points,7.5,-102.0,-126.0,False,draftkings,2026-05-02T22:11:55.593599
Dennis Schroder,,,a463f640631f8b0580966b909965de14,2026-05-03,23:40,points,6.5,-123.0,-104.0,False,draftkings,2026-05-02T22:11:55.593601
Sandro Mamukelashvili,,,a463f640631f8b0580966b909965de14,2026-05-03,23:40,points,6.5,105.0,-135.0,False,draftkings,2026-05-02T22:11:55.593603
Sam Merrill,,,a463f640631f8b0580966b909965de14,2026-05-03,23:40,points,5.5,-131.0,103.0,False,draftkings,2026-05-02T22:11:55.593607
Dean Wade,,,a463f640631f8b0580966b909965de14,2026-05-03,23:40,points,3.5,-122.0,-105.0,False,draftkings,2026-05-02T22:11:55.593608
R.J. Barrett,,,a463f640631f8b0580966b909965de14,2026-05-03,23:40,points,11.5,-2600.0,,True,draftkings,2026-05-02T22:11:55.593671
R.J. Barrett,,,a463f640631f8b0580966b909965de14,2026-05-03,23:40,points,14.5,-890.0,,True,draftkings,2026-05-02T22:11:55.593672
R.J. Barrett,,,a463f640631f8b0580966b909965de14,2026-05-03,23:40,points,17.5,-401.0,,True,draftkings,2026-05-02T22:11:55.593674
R.J. Barrett,,,a463f640631f8b0580966b909965de14,2026-05-03,23:40,points,19.5,-255.0,,True,draftkings,2026-05-02T22:11:55.593676
R.J. Barrett,,,a463f640631f8b0580966b909965de14,2026-05-03,23:40,points,23.5,-116.0,,True,draftkings,2026-05-02T22:11:55.593678
R.J. Barrett,,,a463f640631f8b0580966b909965de14,2026-05-03,23:40,points,24.5,104.0,,True,draftkings,2026-05-02T22:11:55.593679
R.J. Barrett,,,a463f640631f8b0580966b909965de14,2026-05-03,23:40,points,29.5,252.0,,True,draftkings,2026-05-02T22:11:55.593681
R.J. Barrett,,,a463f640631f8b0580966b909965de14,2026-05-03,23:40,points,34.5,620.0,,True,draftkings,2026-05-02T22:11:55.593683
R.J. Barrett,,,a463f640631f8b0580966b909965de14,2026-05-03,23:40,points,39.5,1380.0,,True,draftkings,2026-05-02T22:11:55.593684
R.J. Barrett,,,a463f640631f8b0580966b909965de14,2026-05-03,23:40,points,44.5,2600.0,,True,draftkings,2026-05-02T22:11:55.593686
Donovan Mitchell,,,a463f640631f8b0580966b909965de14,2026-05-03,23:40,points,14.5,-1600.0,,True,draftkings,2026-05-02T22:11:55.593690
Donovan Mitchell,,,a463f640631f8b0580966b909965de14,2026-05-03,23:40,points,17.5,-610.0,,True,draftkings,2026-05-02T22:11:55.593692
Donovan Mitchell,,,a463f640631f8b0580966b909965de14,2026-05-03,23:40,points,19.5,-370.0,,True,draftkings,2026-05-02T22:11:55.593693
Donovan Mitchell,,,a463f640631f8b0580966b909965de14,2026-05-03,23:40,points,24.5,-123.0,,True,draftkings,2026-05-02T22:11:55.593695
Donovan Mitchell,,,a463f640631f8b0580966b909965de14,2026-05-03,23:40,points,29.5,218.0,,True,draftkings,2026-05-02T22:11:55.593697
Donovan Mitchell,,,a463f640631f8b0580966b909965de14,2026-05-03,23:40,points,34.5,562.0,,True,draftkings,2026-05-02T22:11:55.593704
Donovan Mitchell,,,a463f640631f8b0580966b909965de14,2026-05-03,23:40,points,39.5,1400.0,,True,draftkings,2026-05-02T22:11:55.593706
Donovan Mitchell,,,a463f640631f8b0580966b909965de14,2026-05-03,23:40,points,44.5,3000.0,,True,draftkings,2026-05-02T22:11:55.593708
Scottie Barnes,,,a463f640631f8b0580966b909965de14,2026-05-03,23:40,points,9.5,-3100.0,,True,draftkings,2026-05-02T22:11:55.593709
Scottie Barnes,,,a463f640631f8b0580966b909965de14,2026-05-03,23:40,points,11.5,-1280.0,,True,draftkings,2026-05-02T22:11:55.593711
Scottie Barnes,,,a463f640631f8b0580966b909965de14,2026-05-03,23:40,points,14.5,-517.0,,True,draftkings,2026-05-02T22:11:55.593713
Scottie Barnes,,,a463f640631f8b0580966b909965de14,2026-05-03,23:40,points,17.5,-257.0,,True,draftkings,2026-05-02T22:11:55.593714
Scottie Barnes,,,a463f640631f8b0580966b909965de14,2026-05-03,23:40,points,19.5,-167.0,,True,draftkings,2026-05-02T22:11:55.593716
Scottie Barnes,,,a463f640631f8b0580966b909965de14,2026-05-03,23:40,points,21.5,-111.0,,True,draftkings,2026-05-02T22:11:55.593718
Scottie Barnes,,,a463f640631f8b0580966b909965de14,2026-05-03,23:40,points,24.5,159.0,,True,draftkings,2026-05-02T22:11:55.593719
Scottie Barnes,,,a463f640631f8b0580966b909965de14,2026-05-03,23:40,points,29.5,396.0,,True,draftkings,2026-05-02T22:11:55.593721
Scottie Barnes,,,a463f640631f8b0580966b909965de14,2026-05-03,23:40,points,34.5,960.0,,True,draftkings,2026-05-02T22:11:55.593723
Scottie Barnes,,,a463f640631f8b0580966b909965de14,2026-05-03,23:40,points,39.5,2100.0,,True,draftkings,2026-05-02T22:11:55.593725
James Harden,,,a463f640631f8b0580966b909965de14,2026-05-03,23:40,points,9.5,-2900.0,,True,draftkings,2026-05-02T22:11:55.593726
James Harden,,,a463f640631f8b0580966b909965de14,2026-05-03,23:40,points,11.5,-1100.0,,True,draftkings,2026-05-02T22:11:55.593728
James Harden,,,a463f640631f8b0580966b909965de14,2026-05-03,23:40,points,14.5,-439.0,,True,draftkings,2026-05-02T22:11:55.593730
James Harden,,,a463f640631f8b0580966b909965de14,2026-05-03,23:40,points,17.5,-207.0,,True,draftkings,2026-05-02T22:11:55.593731
James Harden,,,a463f640631f8b0580966b909965de14,2026-05-03,23:40,points,19.5,-132.0,,True,draftkings,2026-05-02T22:11:55.593733
James Harden,,,a463f640631f8b0580966b909965de14,2026-05-03,23:40,points,20.5,-107.0,,True,draftkings,2026-05-02T22:11:55.593735
James Harden,,,a463f640631f8b0580966b909965de14,2026-05-03,23:40,points,24.5,211.0,,True,draftkings,2026-05-02T22:11:55.593736
James Harden,,,a463f640631f8b0580966b909965de14,2026-05-03,23:40,points,29.5,568.0,,True,draftkings,2026-05-02T22:11:55.593738
James Harden,,,a463f640631f8b0580966b909965de14,2026-05-03,23:40,points,34.5,1420.0,,True,draftkings,2026-05-02T22:11:55.593740
James Harden,,,a463f640631f8b0580966b909965de14,2026-05-03,23:40,points,39.5,2900.0,,True,draftkings,2026-05-02T22:11:55.593741
Evan Mobley,,,a463f640631f8b0580966b909965de14,2026-05-03,23:40,points,7.5,-2700.0,,True,draftkings,2026-05-02T22:11:55.593743
Evan Mobley,,,a463f640631f8b0580966b909965de14,2026-05-03,23:40,points,9.5,-960.0,,True,draftkings,2026-05-02T22:11:55.593745
Evan Mobley,,,a463f640631f8b0580966b909965de14,2026-05-03,23:40,points,11.5,-444.0,,True,draftkings,2026-05-02T22:11:55.593746
Evan Mobley,,,a463f640631f8b0580966b909965de14,2026-05-03,23:40,points,14.5,-184.0,,True,draftkings,2026-05-02T22:11:55.593748
Evan Mobley,,,a463f640631f8b0580966b909965de14,2026-05-03,23:40,points,16.5,-109.0,,True,draftkings,2026-05-02T22:11:55.593755
Evan Mobley,,,a463f640631f8b0580966b909965de14,2026-05-03,23:40,points,17.5,117.0,,True,draftkings,2026-05-02T22:11:55.593757
Evan Mobley,,,a463f640631f8b0580966b909965de14,2026-05-03,23:40,points,19.5,189.0,,True,draftkings,2026-05-02T22:11:55.593759
Evan Mobley,,,a463f640631f8b0580966b909965de14,2026-05-03,23:40,points,24.5,598.0,,True,draftkings,2026-05-02T22:11:55.593761
Evan Mobley,,,a463f640631f8b0580966b909965de14,2026-05-03,23:40,points,29.5,1680.0,,True,draftkings,2026-05-02T22:11:55.593762
Collin Murray-Boyles,,,a463f640631f8b0580966b909965de14,2026-05-03,23:40,points,5.5,-3000.0,,True,draftkings,2026-05-02T22:11:55.593764
Collin Murray-Boyles,,,a463f640631f8b0580966b909965de14,2026-05-03,23:40,points,7.5,-880.0,,True,draftkings,2026-05-02T22:11:55.593766
Collin Murray-Boyles,,,a463f640631f8b0580966b909965de14,2026-05-03,23:40,points,9.5,-398.0,,True,draftkings,2026-05-02T22:11:55.593767
Collin Murray-Boyles,,,a463f640631f8b0580966b909965de14,2026-05-03,23:40,points,11.5,-206.0,,True,draftkings,2026-05-02T22:11:55.593769
Collin Murray-Boyles,,,a463f640631f8b0580966b909965de14,2026-05-03,23:40,points,13.5,-118.0,,True,draftkings,2026-05-02T22:11:55.593771
Collin Murray-Boyles,,,a463f640631f8b0580966b909965de14,2026-05-03,23:40,points,14.5,112.0,,True,draftkings,2026-05-02T22:11:55.593772
Collin Murray-Boyles,,,a463f640631f8b0580966b909965de14,2026-05-03,23:40,points,17.5,232.0,,True,draftkings,2026-05-02T22:11:55.593774
Collin Murray-Boyles,,,a463f640631f8b0580966b909965de14,2026-05-03,23:40,points,19.5,379.0,,True,draftkings,2026-05-02T22:11:55.593776
Collin Murray-Boyles,,,a463f640631f8b0580966b909965de14,2026-05-03,23:40,points,24.5,1200.0,,True,draftkings,2026-05-02T22:11:55.593778
Collin Murray-Boyles,,,a463f640631f8b0580966b909965de14,2026-05-03,23:40,points,29.5,2700.0,,True,draftkings,2026-05-02T22:11:55.593779
Jarrett Allen,,,a463f640631f8b0580966b909965de14,2026-05-03,23:40,points,5.5,-1920.0,,True,draftkings,2026-05-02T22:11:55.593781
Jarrett Allen,,,a463f640631f8b0580966b909965de14,2026-05-03,23:40,points,7.5,-593.0,,True,draftkings,2026-05-02T22:11:55.593783
Jarrett Allen,,,a463f640631f8b0580966b909965de14,2026-05-03,23:40,points,9.5,-259.0,,True,draftkings,2026-05-02T22:11:55.593784
Jarrett Allen,,,a463f640631f8b0580966b909965de14,2026-05-03,23:40,points,11.5,-129.0,,True,draftkings,2026-05-02T22:11:55.593786
Jarrett Allen,,,a463f640631f8b0580966b909965de14,2026-05-03,23:40,points,14.5,200.0,,True,draftkings,2026-05-02T22:11:55.593788
Jarrett Allen,,,a463f640631f8b0580966b909965de14,2026-05-03,23:40,points,17.5,469.0,,True,draftkings,2026-05-02T22:11:55.593789
Jarrett Allen,,,a463f640631f8b0580966b909965de14,2026-05-03,23:40,points,19.5,810.0,,True,draftkings,2026-05-02T22:11:55.593791
Jarrett Allen,,,a463f640631f8b0580966b909965de14,2026-05-03,23:40,points,24.5,2700.0,,True,draftkings,2026-05-02T22:11:55.593793
Max Strus,,,a463f640631f8b0580966b909965de14,2026-05-03,23:40,points,5.5,-357.0,,True,draftkings,2026-05-02T22:11:55.593794
Max Strus,,,a463f640631f8b0580966b909965de14,2026-05-03,23:40,points,7.5,-175.0,,True,draftkings,2026-05-02T22:11:55.593796
Max Strus,,,a463f640631f8b0580966b909965de14,2026-05-03,23:40,points,8.5,-122.0,,True,draftkings,2026-05-02T22:11:55.593798
Max Strus,,,a463f640631f8b0580966b909965de14,2026-05-03,23:40,points,9.5,120.0,,True,draftkings,2026-05-02T22:11:55.593800
Max Strus,,,a463f640631f8b0580966b909965de14,2026-05-03,23:40,points,11.5,200.0,,True,draftkings,2026-05-02T22:11:55.593801
Max Strus,,,a463f640631f8b0580966b909965de14,2026-05-03,23:40,points,14.5,464.0,,True,draftkings,2026-05-02T22:11:55.593803
Max Strus,,,a463f640631f8b0580966b909965de14,2026-05-03,23:40,points,17.5,1000.0,,True,draftkings,2026-05-02T22:11:55.593805
Max Strus,,,a463f640631f8b0580966b909965de14,2026-05-03,23:40,points,19.5,1540.0,,True,draftkings,2026-05-02T22:11:55.593806
Jamal Shead,,,a463f640631f8b0580966b909965de14,2026-05-03,23:40,points,5.5,-371.0,,True,draftkings,2026-05-02T22:11:55.593810
Jamal Shead,,,a463f640631f8b0580966b909965de14,2026-05-03,23:40,points,7.5,-173.0,,True,draftkings,2026-05-02T22:11:55.593812
Jamal Shead,,,a463f640631f8b0580966b909965de14,2026-05-03,23:40,points,8.5,-123.0,,True,draftkings,2026-05-02T22:11:55.593814
Jamal Shead,,,a463f640631f8b0580966b909965de14,2026-05-03,23:40,points,9.5,111.0,,True,draftkings,2026-05-02T22:11:55.593816
Jamal Shead,,,a463f640631f8b0580966b909965de14,2026-05-03,23:40,points,11.5,201.0,,True,draftkings,2026-05-02T22:11:55.593817
Jamal Shead,,,a463f640631f8b0580966b909965de14,2026-05-03,23:40,points,14.5,463.0,,True,draftkings,2026-05-02T22:11:55.593821
Jamal Shead,,,a463f640631f8b0580966b909965de14,2026-05-03,23:40,points,17.5,1000.0,,True,draftkings,2026-05-02T22:11:55.593823
Jamal Shead,,,a463f640631f8b0580966b909965de14,2026-05-03,23:40,points,19.5,1620.0,,True,draftkings,2026-05-02T22:11:55.593825
Dennis Schroder,,,a463f640631f8b0580966b909965de14,2026-05-03,23:40,points,5.5,-177.0,,True,draftkings,2026-05-02T22:11:55.593826
Dennis Schroder,,,a463f640631f8b0580966b909965de14,2026-05-03,23:40,points,6.5,-120.0,,True,draftkings,2026-05-02T22:11:55.593828
Dennis Schroder,,,a463f640631f8b0580966b909965de14,2026-05-03,23:40,points,7.5,121.0,,True,draftkings,2026-05-02T22:11:55.593830
Dennis Schroder,,,a463f640631f8b0580966b909965de14,2026-05-03,23:40,points,9.5,241.0,,True,draftkings,2026-05-02T22:11:55.593831
Dennis Schroder,,,a463f640631f8b0580966b909965de14,2026-05-03,23:40,points,11.5,458.0,,True,draftkings,2026-05-02T22:11:55.593833
Dennis Schroder,,,a463f640631f8b0580966b909965de14,2026-05-03,23:40,points,14.5,1080.0,,True,draftkings,2026-05-02T22:11:55.593835
Dennis Schroder,,,a463f640631f8b0580966b909965de14,2026-05-03,23:40,points,17.5,2200.0,,True,draftkings,2026-05-02T22:11:55.593836
Jakob Poeltl,,,a463f640631f8b0580966b909965de14,2026-05-03,23:40,points,5.5,-242.0,,True,draftkings,2026-05-02T22:11:55.593838
Jakob Poeltl,,,a463f640631f8b0580966b909965de14,2026-05-03,23:40,points,7.5,-103.0,,True,draftkings,2026-05-02T22:11:55.593840
Jakob Poeltl,,,a463f640631f8b0580966b909965de14,2026-05-03,23:40,points,9.5,201.0,,True,draftkings,2026-05-02T22:11:55.593841
Jakob Poeltl,,,a463f640631f8b0580966b909965de14,2026-05-03,23:40,points,11.5,401.0,,True,draftkings,2026-05-02T22:11:55.593843
Jakob Poeltl,,,a463f640631f8b0580966b909965de14,2026-05-03,23:40,points,14.5,1080.0,,True,draftkings,2026-05-02T22:11:55.593845
Jakob Poeltl,,,a463f640631f8b0580966b909965de14,2026-05-03,23:40,points,17.5,2300.0,,True,draftkings,2026-05-02T22:11:55.593847
Sam Merrill,,,a463f640631f8b0580966b909965de14,2026-05-03,23:40,points,5.5,-131.0,,True,draftkings,2026-05-02T22:11:55.593850
Sam Merrill,,,a463f640631f8b0580966b909965de14,2026-05-03,23:40,points,7.5,154.0,,True,draftkings,2026-05-02T22:11:55.593852
Sam Merrill,,,a463f640631f8b0580966b909965de14,2026-05-03,23:40,points,9.5,321.0,,True,draftkings,2026-05-02T22:11:55.593854
Sam Merrill,,,a463f640631f8b0580966b909965de14,2026-05-03,23:40,points,11.5,548.0,,True,draftkings,2026-05-02T22:11:55.593856
Sam Merrill,,,a463f640631f8b0580966b909965de14,2026-05-03,23:40,points,14.5,1200.0,,True,draftkings,2026-05-02T22:11:55.593857
Sam Merrill,,,a463f640631f8b0580966b909965de14,2026-05-03,23:40,points,17.5,2300.0,,True,draftkings,2026-05-02T22:11:55.593859
Sandro Mamukelashvili,,,a463f640631f8b0580966b909965de14,2026-05-03,23:40,points,5.5,-137.0,,True,draftkings,2026-05-02T22:11:55.593861
Sandro Mamukelashvili,,,a463f640631f8b0580966b909965de14,2026-05-03,23:40,points,6.5,105.0,,True,draftkings,2026-05-02T22:11:55.593862
Sandro Mamukelashvili,,,a463f640631f8b0580966b909965de14,2026-05-03,23:40,points,7.5,147.0,,True,draftkings,2026-05-02T22:11:55.593864
Sandro Mamukelashvili,,,a463f640631f8b0580966b909965de14,2026-05-03,23:40,points,9.5,284.0,,True,draftkings,2026-05-02T22:11:55.593866
Sandro Mamukelashvili,,,a463f640631f8b0580966b909965de14,2026-05-03,23:40,points,11.5,520.0,,True,draftkings,2026-05-02T22:11:55.593867
Sandro Mamukelashvili,,,a463f640631f8b0580966b909965de14,2026-05-03,23:40,points,14.5,1200.0,,True,draftkings,2026-05-02T22:11:55.593871
Sandro Mamukelashvili,,,a463f640631f8b0580966b909965de14,2026-05-03,23:40,points,17.5,2400.0,,True,draftkings,2026-05-02T22:11:55.593873
Dean Wade,,,a463f640631f8b0580966b909965de14,2026-05-03,23:40,points,3.5,-123.0,,True,draftkings,2026-05-02T22:11:55.593875
Dean Wade,,,a463f640631f8b0580966b909965de14,2026-05-03,23:40,points,5.5,165.0,,True,draftkings,2026-05-02T22:11:55.593876
Dean Wade,,,a463f640631f8b0580966b909965de14,2026-05-03,23:40,points,7.5,346.0,,True,draftkings,2026-05-02T22:11:55.593878
Dean Wade,,,a463f640631f8b0580966b909965de14,2026-05-03,23:40,points,9.5,730.0,,True,draftkings,2026-05-02T22:11:55.593880
Dean Wade,,,a463f640631f8b0580966b909965de14,2026-05-03,23:40,points,11.5,1360.0,,True,draftkings,2026-05-02T22:11:55.593881
Dean Wade,,,a463f640631f8b0580966b909965de14,2026-05-03,23:40,points,14.5,2800.0,,True,draftkings,2026-05-02T22:11:55.593883
Evan Mobley,,,a463f640631f8b0580966b909965de14,2026-05-03,23:40,rebounds,8.5,-130.0,-101.0,False,draftkings,2026-05-02T22:11:55.593901
Jarrett Allen,,,a463f640631f8b0580966b909965de14,2026-05-03,23:40,rebounds,7.5,-122.0,-108.0,False,draftkings,2026-05-02T22:11:55.593903
Scottie Barnes,,,a463f640631f8b0580966b909965de14,2026-05-03,23:40,rebounds,7.5,113.0,-149.0,False,draftkings,2026-05-02T22:11:55.593905
Collin Murray-Boyles,,,a463f640631f8b0580966b909965de14,2026-05-03,23:40,rebounds,6.5,-119.0,-110.0,False,draftkings,2026-05-02T22:11:55.593906
R.J. Barrett,,,a463f640631f8b0580966b909965de14,2026-05-03,23:40,rebounds,5.5,-153.0,116.0,False,draftkings,2026-05-02T22:11:55.593908
Jakob Poeltl,,,a463f640631f8b0580966b909965de14,2026-05-03,23:40,rebounds,5.5,-128.0,-103.0,False,draftkings,2026-05-02T22:11:55.593910
Max Strus,,,a463f640631f8b0580966b909965de14,2026-05-03,23:40,rebounds,4.5,-107.0,-123.0,False,draftkings,2026-05-02T22:11:55.593911
Donovan Mitchell,,,a463f640631f8b0580966b909965de14,2026-05-03,23:40,rebounds,4.5,112.0,-148.0,False,draftkings,2026-05-02T22:11:55.593913
James Harden,,,a463f640631f8b0580966b909965de14,2026-05-03,23:40,rebounds,4.5,117.0,-155.0,False,draftkings,2026-05-02T22:11:55.593915
Sandro Mamukelashvili,,,a463f640631f8b0580966b909965de14,2026-05-03,23:40,rebounds,3.5,117.0,-154.0,False,draftkings,2026-05-02T22:11:55.593917
Jamal Shead,,,a463f640631f8b0580966b909965de14,2026-05-03,23:40,rebounds,2.5,145.0,-192.0,False,draftkings,2026-05-02T22:11:55.593918
Evan Mobley,,,a463f640631f8b0580966b909965de14,2026-05-03,23:40,rebounds,4.5,-2100.0,,True,draftkings,2026-05-02T22:11:55.593969
Evan Mobley,,,a463f640631f8b0580966b909965de14,2026-05-03,23:40,rebounds,5.5,-820.0,,True,draftkings,2026-05-02T22:11:55.593971
Evan Mobley,,,a463f640631f8b0580966b909965de14,2026-05-03,23:40,rebounds,6.5,-405.0,,True,draftkings,2026-05-02T22:11:55.593973
Evan Mobley,,,a463f640631f8b0580966b909965de14,2026-05-03,23:40,rebounds,7.5,-220.0,,True,draftkings,2026-05-02T22:11:55.593975
Evan Mobley,,,a463f640631f8b0580966b909965de14,2026-05-03,23:40,rebounds,8.5,-129.0,,True,draftkings,2026-05-02T22:11:55.593976
Evan Mobley,,,a463f640631f8b0580966b909965de14,2026-05-03,23:40,rebounds,9.5,126.0,,True,draftkings,2026-05-02T22:11:55.593978
Evan Mobley,,,a463f640631f8b0580966b909965de14,2026-05-03,23:40,rebounds,10.5,200.0,,True,draftkings,2026-05-02T22:11:55.593980
Evan Mobley,,,a463f640631f8b0580966b909965de14,2026-05-03,23:40,rebounds,11.5,321.0,,True,draftkings,2026-05-02T22:11:55.593981
Evan Mobley,,,a463f640631f8b0580966b909965de14,2026-05-03,23:40,rebounds,12.5,508.0,,True,draftkings,2026-05-02T22:11:55.593983
Evan Mobley,,,a463f640631f8b0580966b909965de14,2026-05-03,23:40,rebounds,13.5,810.0,,True,draftkings,2026-05-02T22:11:55.593985
Evan Mobley,,,a463f640631f8b0580966b909965de14,2026-05-03,23:40,rebounds,14.5,1240.0,,True,draftkings,2026-05-02T22:11:55.593986
Evan Mobley,,,a463f640631f8b0580966b909965de14,2026-05-03,23:40,rebounds,15.5,1800.0,,True,draftkings,2026-05-02T22:11:55.593988
Evan Mobley,,,a463f640631f8b0580966b909965de14,2026-05-03,23:40,rebounds,16.5,2500.0,,True,draftkings,2026-05-02T22:11:55.593990
Jarrett Allen,,,a463f640631f8b0580966b909965de14,2026-05-03,23:40,rebounds,3.5,-3300.0,,True,draftkings,2026-05-02T22:11:55.593992
Jarrett Allen,,,a463f640631f8b0580966b909965de14,2026-05-03,23:40,rebounds,4.5,-980.0,,True,draftkings,2026-05-02T22:11:55.593993
Jarrett Allen,,,a463f640631f8b0580966b909965de14,2026-05-03,23:40,rebounds,5.5,-430.0,,True,draftkings,2026-05-02T22:11:55.593995
Jarrett Allen,,,a463f640631f8b0580966b909965de14,2026-05-03,23:40,rebounds,6.5,-216.0,,True,draftkings,2026-05-02T22:11:55.593997
Jarrett Allen,,,a463f640631f8b0580966b909965de14,2026-05-03,23:40,rebounds,7.5,-120.0,,True,draftkings,2026-05-02T22:11:55.593998
Jarrett Allen,,,a463f640631f8b0580966b909965de14,2026-05-03,23:40,rebounds,8.5,145.0,,True,draftkings,2026-05-02T22:11:55.594000
Jarrett Allen,,,a463f640631f8b0580966b909965de14,2026-05-03,23:40,rebounds,9.5,242.0,,True,draftkings,2026-05-02T22:11:55.594002
Jarrett Allen,,,a463f640631f8b0580966b909965de14,2026-05-03,23:40,rebounds,10.5,407.0,,True,draftkings,2026-05-02T22:11:55.594006
Jarrett Allen,,,a463f640631f8b0580966b909965de14,2026-05-03,23:40,rebounds,11.5,690.0,,True,draftkings,2026-05-02T22:11:55.594010
Jarrett Allen,,,a463f640631f8b0580966b909965de14,2026-05-03,23:40,rebounds,12.5,1100.0,,True,draftkings,2026-05-02T22:11:55.594012
Jarrett Allen,,,a463f640631f8b0580966b909965de14,2026-05-03,23:40,rebounds,13.5,1700.0,,True,draftkings,2026-05-02T22:11:55.594013
Jarrett Allen,,,a463f640631f8b0580966b909965de14,2026-05-03,23:40,rebounds,14.5,2500.0,,True,draftkings,2026-05-02T22:11:55.594015
Scottie Barnes,,,a463f640631f8b0580966b909965de14,2026-05-03,23:40,rebounds,3.5,-1420.0,,True,draftkings,2026-05-02T22:11:55.594017
Scottie Barnes,,,a463f640631f8b0580966b909965de14,2026-05-03,23:40,rebounds,4.5,-587.0,,True,draftkings,2026-05-02T22:11:55.594021
Scottie Barnes,,,a463f640631f8b0580966b909965de14,2026-05-03,23:40,rebounds,5.5,-281.0,,True,draftkings,2026-05-02T22:11:55.594023
Scottie Barnes,,,a463f640631f8b0580966b909965de14,2026-05-03,23:40,rebounds,6.5,-153.0,,True,draftkings,2026-05-02T22:11:55.594025
Scottie Barnes,,,a463f640631f8b0580966b909965de14,2026-05-03,23:40,rebounds,7.5,113.0,,True,draftkings,2026-05-02T22:11:55.594026
Scottie Barnes,,,a463f640631f8b0580966b909965de14,2026-05-03,23:40,rebounds,8.5,188.0,,True,draftkings,2026-05-02T22:11:55.594028
Scottie Barnes,,,a463f640631f8b0580966b909965de14,2026-05-03,23:40,rebounds,9.5,308.0,,True,draftkings,2026-05-02T22:11:55.594030
Scottie Barnes,,,a463f640631f8b0580966b909965de14,2026-05-03,23:40,rebounds,10.5,514.0,,True,draftkings,2026-05-02T22:11:55.594031
Scottie Barnes,,,a463f640631f8b0580966b909965de14,2026-05-03,23:40,rebounds,11.5,800.0,,True,draftkings,2026-05-02T22:11:55.594033
Scottie Barnes,,,a463f640631f8b0580966b909965de14,2026-05-03,23:40,rebounds,12.5,1240.0,,True,draftkings,2026-05-02T22:11:55.594035
Scottie Barnes,,,a463f640631f8b0580966b909965de14,2026-05-03,23:40,rebounds,13.5,1880.0,,True,draftkings,2026-05-02T22:11:55.594037
Scottie Barnes,,,a463f640631f8b0580966b909965de14,2026-05-03,23:40,rebounds,14.5,2600.0,,True,draftkings,2026-05-02T22:11:55.594038
Collin Murray-Boyles,,,a463f640631f8b0580966b909965de14,2026-05-03,23:40,rebounds,3.5,-1040.0,,True,draftkings,2026-05-02T22:11:55.594040
Collin Murray-Boyles,,,a463f640631f8b0580966b909965de14,2026-05-03,23:40,rebounds,4.5,-433.0,,True,draftkings,2026-05-02T22:11:55.594042
Collin Murray-Boyles,,,a463f640631f8b0580966b909965de14,2026-05-03,23:40,rebounds,5.5,-214.0,,True,draftkings,2026-05-02T22:11:55.594043
Collin Murray-Boyles,,,a463f640631f8b0580966b909965de14,2026-05-03,23:40,rebounds,6.5,-117.0,,True,draftkings,2026-05-02T22:11:55.594045
Collin Murray-Boyles,,,a463f640631f8b0580966b909965de14,2026-05-03,23:40,rebounds,7.5,149.0,,True,draftkings,2026-05-02T22:11:55.594047
Collin Murray-Boyles,,,a463f640631f8b0580966b909965de14,2026-05-03,23:40,rebounds,8.5,256.0,,True,draftkings,2026-05-02T22:11:55.594048
Collin Murray-Boyles,,,a463f640631f8b0580966b909965de14,2026-05-03,23:40,rebounds,9.5,426.0,,True,draftkings,2026-05-02T22:11:55.594050
Collin Murray-Boyles,,,a463f640631f8b0580966b909965de14,2026-05-03,23:40,rebounds,10.5,690.0,,True,draftkings,2026-05-02T22:11:55.594052
Collin Murray-Boyles,,,a463f640631f8b0580966b909965de14,2026-05-03,23:40,rebounds,11.5,1100.0,,True,draftkings,2026-05-02T22:11:55.594053
Collin Murray-Boyles,,,a463f640631f8b0580966b909965de14,2026-05-03,23:40,rebounds,12.5,1740.0,,True,draftkings,2026-05-02T22:11:55.594055
Collin Murray-Boyles,,,a463f640631f8b0580966b909965de14,2026-05-03,23:40,rebounds,13.5,2500.0,,True,draftkings,2026-05-02T22:11:55.594057
R.J. Barrett,,,a463f640631f8b0580966b909965de14,2026-05-03,23:40,rebounds,2.5,-2100.0,,True,draftkings,2026-05-02T22:11:55.594058
R.J. Barrett,,,a463f640631f8b0580966b909965de14,2026-05-03,23:40,rebounds,3.5,-670.0,,True,draftkings,2026-05-02T22:11:55.594060
R.J. Barrett,,,a463f640631f8b0580966b909965de14,2026-05-03,23:40,rebounds,4.5,-300.0,,True,draftkings,2026-05-02T22:11:55.594062
R.J. Barrett,,,a463f640631f8b0580966b909965de14,2026-05-03,23:40,rebounds,5.5,-154.0,,True,draftkings,2026-05-02T22:11:55.594063
R.J. Barrett,,,a463f640631f8b0580966b909965de14,2026-05-03,23:40,rebounds,6.5,119.0,,True,draftkings,2026-05-02T22:11:55.594065
R.J. Barrett,,,a463f640631f8b0580966b909965de14,2026-05-03,23:40,rebounds,7.5,205.0,,True,draftkings,2026-05-02T22:11:55.594069
R.J. Barrett,,,a463f640631f8b0580966b909965de14,2026-05-03,23:40,rebounds,8.5,359.0,,True,draftkings,2026-05-02T22:11:55.594071
R.J. Barrett,,,a463f640631f8b0580966b909965de14,2026-05-03,23:40,rebounds,9.5,620.0,,True,draftkings,2026-05-02T22:11:55.594073
R.J. Barrett,,,a463f640631f8b0580966b909965de14,2026-05-03,23:40,rebounds,10.5,1020.0,,True,draftkings,2026-05-02T22:11:55.594074
R.J. Barrett,,,a463f640631f8b0580966b909965de14,2026-05-03,23:40,rebounds,11.5,1600.0,,True,draftkings,2026-05-02T22:11:55.594076
R.J. Barrett,,,a463f640631f8b0580966b909965de14,2026-05-03,23:40,rebounds,12.5,2400.0,,True,draftkings,2026-05-02T22:11:55.594078
Jakob Poeltl,,,a463f640631f8b0580966b909965de14,2026-05-03,23:40,rebounds,2.5,-1780.0,,True,draftkings,2026-05-02T22:11:55.594079
Jakob Poeltl,,,a463f640631f8b0580966b909965de14,2026-05-03,23:40,rebounds,3.5,-570.0,,True,draftkings,2026-05-02T22:11:55.594081
Jakob Poeltl,,,a463f640631f8b0580966b909965de14,2026-05-03,23:40,rebounds,4.5,-248.0,,True,draftkings,2026-05-02T22:11:55.594083
Jakob Poeltl,,,a463f640631f8b0580966b909965de14,2026-05-03,23:40,rebounds,5.5,-125.0,,True,draftkings,2026-05-02T22:11:55.594085
Jakob Poeltl,,,a463f640631f8b0580966b909965de14,2026-05-03,23:40,rebounds,6.5,147.0,,True,draftkings,2026-05-02T22:11:55.594086
Jakob Poeltl,,,a463f640631f8b0580966b909965de14,2026-05-03,23:40,rebounds,7.5,272.0,,True,draftkings,2026-05-02T22:11:55.594088
Jakob Poeltl,,,a463f640631f8b0580966b909965de14,2026-05-03,23:40,rebounds,8.5,478.0,,True,draftkings,2026-05-02T22:11:55.594090
Jakob Poeltl,,,a463f640631f8b0580966b909965de14,2026-05-03,23:40,rebounds,9.5,820.0,,True,draftkings,2026-05-02T22:11:55.594091
Jakob Poeltl,,,a463f640631f8b0580966b909965de14,2026-05-03,23:40,rebounds,10.5,1380.0,,True,draftkings,2026-05-02T22:11:55.594093
Jakob Poeltl,,,a463f640631f8b0580966b909965de14,2026-05-03,23:40,rebounds,11.5,2100.0,,True,draftkings,2026-05-02T22:11:55.594094
Max Strus,,,a463f640631f8b0580966b909965de14,2026-05-03,23:40,rebounds,2.5,-630.0,,True,draftkings,2026-05-02T22:11:55.594096
Max Strus,,,a463f640631f8b0580966b909965de14,2026-05-03,23:40,rebounds,3.5,-235.0,,True,draftkings,2026-05-02T22:11:55.594098
Max Strus,,,a463f640631f8b0580966b909965de14,2026-05-03,23:40,rebounds,4.5,-110.0,,True,draftkings,2026-05-02T22:11:55.594102
Max Strus,,,a463f640631f8b0580966b909965de14,2026-05-03,23:40,rebounds,5.5,185.0,,True,draftkings,2026-05-02T22:11:55.594104
Max Strus,,,a463f640631f8b0580966b909965de14,2026-05-03,23:40,rebounds,6.5,361.0,,True,draftkings,2026-05-02T22:11:55.594105
Max Strus,,,a463f640631f8b0580966b909965de14,2026-05-03,23:40,rebounds,7.5,690.0,,True,draftkings,2026-05-02T22:11:55.594107
Max Strus,,,a463f640631f8b0580966b909965de14,2026-05-03,23:40,rebounds,8.5,1240.0,,True,draftkings,2026-05-02T22:11:55.594108
Max Strus,,,a463f640631f8b0580966b909965de14,2026-05-03,23:40,rebounds,9.5,2000.0,,True,draftkings,2026-05-02T22:11:55.594110
James Harden,,,a463f640631f8b0580966b909965de14,2026-05-03,23:40,rebounds,2.5,-465.0,,True,draftkings,2026-05-02T22:11:55.594112
James Harden,,,a463f640631f8b0580966b909965de14,2026-05-03,23:40,rebounds,3.5,-182.0,,True,draftkings,2026-05-02T22:11:55.594113
James Harden,,,a463f640631f8b0580966b909965de14,2026-05-03,23:40,rebounds,4.5,117.0,,True,draftkings,2026-05-02T22:11:55.594115
James Harden,,,a463f640631f8b0580966b909965de14,2026-05-03,23:40,rebounds,5.5,234.0,,True,draftkings,2026-05-02T22:11:55.594117
James Harden,,,a463f640631f8b0580966b909965de14,2026-05-03,23:40,rebounds,6.5,457.0,,True,draftkings,2026-05-02T22:11:55.594118
James Harden,,,a463f640631f8b0580966b909965de14,2026-05-03,23:40,rebounds,7.5,840.0,,True,draftkings,2026-05-02T22:11:55.594120
James Harden,,,a463f640631f8b0580966b909965de14,2026-05-03,23:40,rebounds,8.5,1420.0,,True,draftkings,2026-05-02T22:11:55.594122
James Harden,,,a463f640631f8b0580966b909965de14,2026-05-03,23:40,rebounds,9.5,2300.0,,True,draftkings,2026-05-02T22:11:55.594126
Donovan Mitchell,,,a463f640631f8b0580966b909965de14,2026-05-03,23:40,rebounds,2.5,-486.0,,True,draftkings,2026-05-02T22:11:55.594127
Donovan Mitchell,,,a463f640631f8b0580966b909965de14,2026-05-03,23:40,rebounds,3.5,-188.0,,True,draftkings,2026-05-02T22:11:55.594129
Donovan Mitchell,,,a463f640631f8b0580966b909965de14,2026-05-03,23:40,rebounds,4.5,114.0,,True,draftkings,2026-05-02T22:11:55.594131
Donovan Mitchell,,,a463f640631f8b0580966b909965de14,2026-05-03,23:40,rebounds,5.5,230.0,,True,draftkings,2026-05-02T22:11:55.594132
Donovan Mitchell,,,a463f640631f8b0580966b909965de14,2026-05-03,23:40,rebounds,6.5,450.0,,True,draftkings,2026-05-02T22:11:55.594134
Donovan Mitchell,,,a463f640631f8b0580966b909965de14,2026-05-03,23:40,rebounds,7.5,840.0,,True,draftkings,2026-05-02T22:11:55.594138
Donovan Mitchell,,,a463f640631f8b0580966b909965de14,2026-05-03,23:40,rebounds,8.5,1500.0,,True,draftkings,2026-05-02T22:11:55.594139
Donovan Mitchell,,,a463f640631f8b0580966b909965de14,2026-05-03,23:40,rebounds,9.5,2400.0,,True,draftkings,2026-05-02T22:11:55.594141
Sandro Mamukelashvili,,,a463f640631f8b0580966b909965de14,2026-05-03,23:40,rebounds,2.5,-194.0,,True,draftkings,2026-05-02T22:11:55.594143
Sandro Mamukelashvili,,,a463f640631f8b0580966b909965de14,2026-05-03,23:40,rebounds,3.5,116.0,,True,draftkings,2026-05-02T22:11:55.594144
Sandro Mamukelashvili,,,a463f640631f8b0580966b909965de14,2026-05-03,23:40,rebounds,4.5,246.0,,True,draftkings,2026-05-02T22:11:55.594146
Sandro Mamukelashvili,,,a463f640631f8b0580966b909965de14,2026-05-03,23:40,rebounds,5.5,486.0,,True,draftkings,2026-05-02T22:11:55.594148
Sandro Mamukelashvili,,,a463f640631f8b0580966b909965de14,2026-05-03,23:40,rebounds,6.5,900.0,,True,draftkings,2026-05-02T22:11:55.594149
Sandro Mamukelashvili,,,a463f640631f8b0580966b909965de14,2026-05-03,23:40,rebounds,7.5,1560.0,,True,draftkings,2026-05-02T22:11:55.594151
Sandro Mamukelashvili,,,a463f640631f8b0580966b909965de14,2026-05-03,23:40,rebounds,8.5,2600.0,,True,draftkings,2026-05-02T22:11:55.594153
Jamal Shead,,,a463f640631f8b0580966b909965de14,2026-05-03,23:40,rebounds,2.5,147.0,,True,draftkings,2026-05-02T22:11:55.594155
Jamal Shead,,,a463f640631f8b0580966b909965de14,2026-05-03,23:40,rebounds,3.5,371.0,,True,draftkings,2026-05-02T22:11:55.594156
Jamal Shead,,,a463f640631f8b0580966b909965de14,2026-05-03,23:40,rebounds,4.5,860.0,,True,draftkings,2026-05-02T22:11:55.594158
Jamal Shead,,,a463f640631f8b0580966b909965de14,2026-05-03,23:40,rebounds,5.5,1780.0,,True,draftkings,2026-05-02T22:11:55.594160
Jamal Shead,,,a463f640631f8b0580966b909965de14,2026-05-03,23:40,rebounds,6.5,2900.0,,True,draftkings,2026-05-02T22:11:55.594162
James Harden,,,a463f640631f8b0580966b909965de14,2026-05-03,23:40,threes,2.5,-143.0,109.0,False,draftkings,2026-05-02T22:11:55.594175
Donovan Mitchell,,,a463f640631f8b0580966b909965de14,2026-05-03,23:40,threes,2.5,-141.0,107.0,False,draftkings,2026-05-02T22:11:55.594176
Max Strus,,,a463f640631f8b0580966b909965de14,2026-05-03,23:40,threes,2.5,118.0,-155.0,False,draftkings,2026-05-02T22:11:55.594178
R.J. Barrett,,,a463f640631f8b0580966b909965de14,2026-05-03,23:40,threes,1.5,-129.0,-102.0,False,draftkings,2026-05-02T22:11:55.594180
Jamal Shead,,,a463f640631f8b0580966b909965de14,2026-05-03,23:40,threes,1.5,121.0,-160.0,False,draftkings,2026-05-02T22:11:55.594182
Evan Mobley,,,a463f640631f8b0580966b909965de14,2026-05-03,23:40,threes,0.5,-202.0,152.0,False,draftkings,2026-05-02T22:11:55.594183
Scottie Barnes,,,a463f640631f8b0580966b909965de14,2026-05-03,23:40,threes,0.5,-202.0,152.0,False,draftkings,2026-05-02T22:11:55.594185
James Harden,,,a463f640631f8b0580966b909965de14,2026-05-03,23:40,threes,0.5,-2900.0,,True,draftkings,2026-05-02T22:11:55.594206
James Harden,,,a463f640631f8b0580966b909965de14,2026-05-03,23:40,threes,1.5,-429.0,,True,draftkings,2026-05-02T22:11:55.594207
James Harden,,,a463f640631f8b0580966b909965de14,2026-05-03,23:40,threes,2.5,-145.0,,True,draftkings,2026-05-02T22:11:55.594209
James Harden,,,a463f640631f8b0580966b909965de14,2026-05-03,23:40,threes,3.5,163.0,,True,draftkings,2026-05-02T22:11:55.594211
James Harden,,,a463f640631f8b0580966b909965de14,2026-05-03,23:40,threes,4.5,355.0,,True,draftkings,2026-05-02T22:11:55.594212
James Harden,,,a463f640631f8b0580966b909965de14,2026-05-03,23:40,threes,5.5,750.0,,True,draftkings,2026-05-02T22:11:55.594214
James Harden,,,a463f640631f8b0580966b909965de14,2026-05-03,23:40,threes,6.5,1460.0,,True,draftkings,2026-05-02T22:11:55.594216
James Harden,,,a463f640631f8b0580966b909965de14,2026-05-03,23:40,threes,7.5,2500.0,,True,draftkings,2026-05-02T22:11:55.594217
Donovan Mitchell,,,a463f640631f8b0580966b909965de14,2026-05-03,23:40,threes,0.5,-2900.0,,True,draftkings,2026-05-02T22:11:55.594219
Donovan Mitchell,,,a463f640631f8b0580966b909965de14,2026-05-03,23:40,threes,1.5,-410.0,,True,draftkings,2026-05-02T22:11:55.594221
Donovan Mitchell,,,a463f640631f8b0580966b909965de14,2026-05-03,23:40,threes,2.5,-141.0,,True,draftkings,2026-05-02T22:11:55.594225
Donovan Mitchell,,,a463f640631f8b0580966b909965de14,2026-05-03,23:40,threes,3.5,171.0,,True,draftkings,2026-05-02T22:11:55.594226
Donovan Mitchell,,,a463f640631f8b0580966b909965de14,2026-05-03,23:40,threes,4.5,379.0,,True,draftkings,2026-05-02T22:11:55.594228
Donovan Mitchell,,,a463f640631f8b0580966b909965de14,2026-05-03,23:40,threes,5.5,790.0,,True,draftkings,2026-05-02T22:11:55.594230
Donovan Mitchell,,,a463f640631f8b0580966b909965de14,2026-05-03,23:40,threes,6.5,1500.0,,True,draftkings,2026-05-02T22:11:55.594231
Donovan Mitchell,,,a463f640631f8b0580966b909965de14,2026-05-03,23:40,threes,7.5,2600.0,,True,draftkings,2026-05-02T22:11:55.594233
Max Strus,,,a463f640631f8b0580966b909965de14,2026-05-03,23:40,threes,0.5,-1380.0,,True,draftkings,2026-05-02T22:11:55.594235
Max Strus,,,a463f640631f8b0580966b909965de14,2026-05-03,23:40,threes,1.5,-247.0,,True,draftkings,2026-05-02T22:11:55.594237
Max Strus,,,a463f640631f8b0580966b909965de14,2026-05-03,23:40,threes,2.5,117.0,,True,draftkings,2026-05-02T22:11:55.594238
Max Strus,,,a463f640631f8b0580966b909965de14,2026-05-03,23:40,threes,3.5,293.0,,True,draftkings,2026-05-02T22:11:55.594240
Max Strus,,,a463f640631f8b0580966b909965de14,2026-05-03,23:40,threes,4.5,700.0,,True,draftkings,2026-05-02T22:11:55.594242
Max Strus,,,a463f640631f8b0580966b909965de14,2026-05-03,23:40,threes,5.5,1480.0,,True,draftkings,2026-05-02T22:11:55.594243
Max Strus,,,a463f640631f8b0580966b909965de14,2026-05-03,23:40,threes,6.5,2600.0,,True,draftkings,2026-05-02T22:11:55.594245
R.J. Barrett,,,a463f640631f8b0580966b909965de14,2026-05-03,23:40,threes,0.5,-581.0,,True,draftkings,2026-05-02T22:11:55.594247
R.J. Barrett,,,a463f640631f8b0580966b909965de14,2026-05-03,23:40,threes,1.5,-126.0,,True,draftkings,2026-05-02T22:11:55.594248
R.J. Barrett,,,a463f640631f8b0580966b909965de14,2026-05-03,23:40,threes,2.5,233.0,,True,draftkings,2026-05-02T22:11:55.594250
R.J. Barrett,,,a463f640631f8b0580966b909965de14,2026-05-03,23:40,threes,3.5,600.0,,True,draftkings,2026-05-02T22:11:55.594252
R.J. Barrett,,,a463f640631f8b0580966b909965de14,2026-05-03,23:40,threes,4.5,1400.0,,True,draftkings,2026-05-02T22:11:55.594253
R.J. Barrett,,,a463f640631f8b0580966b909965de14,2026-05-03,23:40,threes,5.5,2700.0,,True,draftkings,2026-05-02T22:11:55.594255
Jamal Shead,,,a463f640631f8b0580966b909965de14,2026-05-03,23:40,threes,0.5,-354.0,,True,draftkings,2026-05-02T22:11:55.594259
Jamal Shead,,,a463f640631f8b0580966b909965de14,2026-05-03,23:40,threes,1.5,122.0,,True,draftkings,2026-05-02T22:11:55.594261
Jamal Shead,,,a463f640631f8b0580966b909965de14,2026-05-03,23:40,threes,2.5,373.0,,True,draftkings,2026-05-02T22:11:55.594263
Jamal Shead,,,a463f640631f8b0580966b909965de14,2026-05-03,23:40,threes,3.5,970.0,,True,draftkings,2026-05-02T22:11:55.594264
Jamal Shead,,,a463f640631f8b0580966b909965de14,2026-05-03,23:40,threes,4.5,2200.0,,True,draftkings,2026-05-02T22:11:55.594266
Scottie Barnes,,,a463f640631f8b0580966b909965de14,2026-05-03,23:40,threes,0.5,-209.0,,True,draftkings,2026-05-02T22:11:55.594268
Scottie Barnes,,,a463f640631f8b0580966b909965de14,2026-05-03,23:40,threes,1.5,219.0,,True,draftkings,2026-05-02T22:11:55.594270
Scottie Barnes,,,a463f640631f8b0580966b909965de14,2026-05-03,23:40,threes,2.5,710.0,,True,draftkings,2026-05-02T22:11:55.594271
Scottie Barnes,,,a463f640631f8b0580966b909965de14,2026-05-03,23:40,threes,3.5,1840.0,,True,draftkings,2026-05-02T22:11:55.594273
Evan Mobley,,,a463f640631f8b0580966b909965de14,2026-05-03,23:40,threes,0.5,-208.0,,True,draftkings,2026-05-02T22:11:55.594274
Evan Mobley,,,a463f640631f8b0580966b909965de14,2026-05-03,23:40,threes,1.5,225.0,,True,draftkings,2026-05-02T22:11:55.594276
Evan Mobley,,,a463f640631f8b0580966b909965de14,2026-05-03,23:40,threes,2.5,750.0,,True,draftkings,2026-05-02T22:11:55.594278
Evan Mobley,,,a463f640631f8b0580966b909965de14,2026-05-03,23:40,threes,3.5,1980.0,,True,draftkings,2026-05-02T22:11:55.594280
Stephon Castle,,,219920e3a715ceb3dc69f3638f7571d5,2026-05-05,01:40,assists,7.5,-102.0,-129.0,False,draftkings,2026-05-02T22:11:55.652818
De'Aaron Fox,,,219920e3a715ceb3dc69f3638f7571d5,2026-05-05,01:40,assists,6.5,113.0,-149.0,False,draftkings,2026-05-02T22:11:55.652828
Julius Randle,,,219920e3a715ceb3dc69f3638f7571d5,2026-05-05,01:40,assists,4.5,-107.0,-123.0,False,draftkings,2026-05-02T22:11:55.652830
Ayo Dosunmu,,,219920e3a715ceb3dc69f3638f7571d5,2026-05-05,01:40,assists,4.5,119.0,-157.0,False,draftkings,2026-05-02T22:11:55.652832
Mike Conley,,,219920e3a715ceb3dc69f3638f7571d5,2026-05-05,01:40,assists,3.5,-143.0,109.0,False,draftkings,2026-05-02T22:11:55.652834
Victor Wembanyama,,,219920e3a715ceb3dc69f3638f7571d5,2026-05-05,01:40,assists,2.5,-175.0,132.0,False,draftkings,2026-05-02T22:11:55.652836
Dylan Harper,,,219920e3a715ceb3dc69f3638f7571d5,2026-05-05,01:40,assists,2.5,-136.0,103.0,False,draftkings,2026-05-02T22:11:55.652838
Jaden McDaniels,,,219920e3a715ceb3dc69f3638f7571d5,2026-05-05,01:40,assists,2.5,-122.0,-108.0,False,draftkings,2026-05-02T22:11:55.652840
Devin Vassell,,,219920e3a715ceb3dc69f3638f7571d5,2026-05-05,01:40,assists,2.5,106.0,-140.0,False,draftkings,2026-05-02T22:11:55.652841
Rudy Gobert,,,219920e3a715ceb3dc69f3638f7571d5,2026-05-05,01:40,assists,1.5,-126.0,-104.0,False,draftkings,2026-05-02T22:11:55.652843
Julian Champagnie,,,219920e3a715ceb3dc69f3638f7571d5,2026-05-05,01:40,assists,1.5,147.0,-196.0,False,draftkings,2026-05-02T22:11:55.652845
Stephon Castle,,,219920e3a715ceb3dc69f3638f7571d5,2026-05-05,01:40,assists,3.5,-2600.0,,True,draftkings,2026-05-02T22:11:55.652899
Stephon Castle,,,219920e3a715ceb3dc69f3638f7571d5,2026-05-05,01:40,assists,4.5,-840.0,,True,draftkings,2026-05-02T22:11:55.652901
Stephon Castle,,,219920e3a715ceb3dc69f3638f7571d5,2026-05-05,01:40,assists,5.5,-369.0,,True,draftkings,2026-05-02T22:11:55.652903
Stephon Castle,,,219920e3a715ceb3dc69f3638f7571d5,2026-05-05,01:40,assists,6.5,-186.0,,True,draftkings,2026-05-02T22:11:55.652905
Stephon Castle,,,219920e3a715ceb3dc69f3638f7571d5,2026-05-05,01:40,assists,7.5,-101.0,,True,draftkings,2026-05-02T22:11:55.652906
Stephon Castle,,,219920e3a715ceb3dc69f3638f7571d5,2026-05-05,01:40,assists,8.5,174.0,,True,draftkings,2026-05-02T22:11:55.652908
Stephon Castle,,,219920e3a715ceb3dc69f3638f7571d5,2026-05-05,01:40,assists,9.5,306.0,,True,draftkings,2026-05-02T22:11:55.652910
Stephon Castle,,,219920e3a715ceb3dc69f3638f7571d5,2026-05-05,01:40,assists,10.5,538.0,,True,draftkings,2026-05-02T22:11:55.652912
Stephon Castle,,,219920e3a715ceb3dc69f3638f7571d5,2026-05-05,01:40,assists,11.5,930.0,,True,draftkings,2026-05-02T22:11:55.652914
Stephon Castle,,,219920e3a715ceb3dc69f3638f7571d5,2026-05-05,01:40,assists,12.5,1560.0,,True,draftkings,2026-05-02T22:11:55.652915
Stephon Castle,,,219920e3a715ceb3dc69f3638f7571d5,2026-05-05,01:40,assists,13.5,2300.0,,True,draftkings,2026-05-02T22:11:55.652919
De'Aaron Fox,,,219920e3a715ceb3dc69f3638f7571d5,2026-05-05,01:40,assists,2.5,-3200.0,,True,draftkings,2026-05-02T22:11:55.652921
De'Aaron Fox,,,219920e3a715ceb3dc69f3638f7571d5,2026-05-05,01:40,assists,3.5,-830.0,,True,draftkings,2026-05-02T22:11:55.652923
De'Aaron Fox,,,219920e3a715ceb3dc69f3638f7571d5,2026-05-05,01:40,assists,4.5,-341.0,,True,draftkings,2026-05-02T22:11:55.652924
De'Aaron Fox,,,219920e3a715ceb3dc69f3638f7571d5,2026-05-05,01:40,assists,5.5,-166.0,,True,draftkings,2026-05-02T22:11:55.652926
De'Aaron Fox,,,219920e3a715ceb3dc69f3638f7571d5,2026-05-05,01:40,assists,6.5,114.0,,True,draftkings,2026-05-02T22:11:55.652928
De'Aaron Fox,,,219920e3a715ceb3dc69f3638f7571d5,2026-05-05,01:40,assists,7.5,210.0,,True,draftkings,2026-05-02T22:11:55.652930
De'Aaron Fox,,,219920e3a715ceb3dc69f3638f7571d5,2026-05-05,01:40,assists,8.5,384.0,,True,draftkings,2026-05-02T22:11:55.652931
De'Aaron Fox,,,219920e3a715ceb3dc69f3638f7571d5,2026-05-05,01:40,assists,9.5,680.0,,True,draftkings,2026-05-02T22:11:55.652933
De'Aaron Fox,,,219920e3a715ceb3dc69f3638f7571d5,2026-05-05,01:40,assists,10.5,1160.0,,True,draftkings,2026-05-02T22:11:55.652935
De'Aaron Fox,,,219920e3a715ceb3dc69f3638f7571d5,2026-05-05,01:40,assists,11.5,1880.0,,True,draftkings,2026-05-02T22:11:55.652937
De'Aaron Fox,,,219920e3a715ceb3dc69f3638f7571d5,2026-05-05,01:40,assists,12.5,2800.0,,True,draftkings,2026-05-02T22:11:55.652938
Ayo Dosunmu,,,219920e3a715ceb3dc69f3638f7571d5,2026-05-05,01:40,assists,2.5,-350.0,,True,draftkings,2026-05-02T22:11:55.652940
Ayo Dosunmu,,,219920e3a715ceb3dc69f3638f7571d5,2026-05-05,01:40,assists,3.5,-161.0,,True,draftkings,2026-05-02T22:11:55.652942
Ayo Dosunmu,,,219920e3a715ceb3dc69f3638f7571d5,2026-05-05,01:40,assists,4.5,120.0,,True,draftkings,2026-05-02T22:11:55.652944
Ayo Dosunmu,,,219920e3a715ceb3dc69f3638f7571d5,2026-05-05,01:40,assists,5.5,214.0,,True,draftkings,2026-05-02T22:11:55.652945
Ayo Dosunmu,,,219920e3a715ceb3dc69f3638f7571d5,2026-05-05,01:40,assists,6.5,371.0,,True,draftkings,2026-05-02T22:11:55.652947
Ayo Dosunmu,,,219920e3a715ceb3dc69f3638f7571d5,2026-05-05,01:40,assists,7.5,620.0,,True,draftkings,2026-05-02T22:11:55.652949
Ayo Dosunmu,,,219920e3a715ceb3dc69f3638f7571d5,2026-05-05,01:40,assists,8.5,1040.0,,True,draftkings,2026-05-02T22:11:55.652950
Ayo Dosunmu,,,219920e3a715ceb3dc69f3638f7571d5,2026-05-05,01:40,assists,9.5,1660.0,,True,draftkings,2026-05-02T22:11:55.652952
Ayo Dosunmu,,,219920e3a715ceb3dc69f3638f7571d5,2026-05-05,01:40,assists,10.5,2400.0,,True,draftkings,2026-05-02T22:11:55.652954
Julius Randle,,,219920e3a715ceb3dc69f3638f7571d5,2026-05-05,01:40,assists,2.5,-545.0,,True,draftkings,2026-05-02T22:11:55.652958
Julius Randle,,,219920e3a715ceb3dc69f3638f7571d5,2026-05-05,01:40,assists,3.5,-220.0,,True,draftkings,2026-05-02T22:11:55.652960
Julius Randle,,,219920e3a715ceb3dc69f3638f7571d5,2026-05-05,01:40,assists,4.5,-106.0,,True,draftkings,2026-05-02T22:11:55.652962
Julius Randle,,,219920e3a715ceb3dc69f3638f7571d5,2026-05-05,01:40,assists,5.5,183.0,,True,draftkings,2026-05-02T22:11:55.652963
Julius Randle,,,219920e3a715ceb3dc69f3638f7571d5,2026-05-05,01:40,assists,6.5,338.0,,True,draftkings,2026-05-02T22:11:55.652965
Julius Randle,,,219920e3a715ceb3dc69f3638f7571d5,2026-05-05,01:40,assists,7.5,610.0,,True,draftkings,2026-05-02T22:11:55.652967
Julius Randle,,,219920e3a715ceb3dc69f3638f7571d5,2026-05-05,01:40,assists,8.5,1100.0,,True,draftkings,2026-05-02T22:11:55.652968
Julius Randle,,,219920e3a715ceb3dc69f3638f7571d5,2026-05-05,01:40,assists,9.5,1820.0,,True,draftkings,2026-05-02T22:11:55.652970
Julius Randle,,,219920e3a715ceb3dc69f3638f7571d5,2026-05-05,01:40,assists,10.5,2700.0,,True,draftkings,2026-05-02T22:11:55.652972
Mike Conley,,,219920e3a715ceb3dc69f3638f7571d5,2026-05-05,01:40,assists,2.5,-323.0,,True,draftkings,2026-05-02T22:11:55.652973
Mike Conley,,,219920e3a715ceb3dc69f3638f7571d5,2026-05-05,01:40,assists,3.5,-140.0,,True,draftkings,2026-05-02T22:11:55.652975
Mike Conley,,,219920e3a715ceb3dc69f3638f7571d5,2026-05-05,01:40,assists,4.5,145.0,,True,draftkings,2026-05-02T22:11:55.652977
Mike Conley,,,219920e3a715ceb3dc69f3638f7571d5,2026-05-05,01:40,assists,5.5,283.0,,True,draftkings,2026-05-02T22:11:55.652978
Mike Conley,,,219920e3a715ceb3dc69f3638f7571d5,2026-05-05,01:40,assists,6.5,509.0,,True,draftkings,2026-05-02T22:11:55.652980
Mike Conley,,,219920e3a715ceb3dc69f3638f7571d5,2026-05-05,01:40,assists,7.5,930.0,,True,draftkings,2026-05-02T22:11:55.652982
Mike Conley,,,219920e3a715ceb3dc69f3638f7571d5,2026-05-05,01:40,assists,8.5,1580.0,,True,draftkings,2026-05-02T22:11:55.652984
Mike Conley,,,219920e3a715ceb3dc69f3638f7571d5,2026-05-05,01:40,assists,9.5,2300.0,,True,draftkings,2026-05-02T22:11:55.652985
Victor Wembanyama,,,219920e3a715ceb3dc69f3638f7571d5,2026-05-05,01:40,assists,2.5,-172.0,,True,draftkings,2026-05-02T22:11:55.652989
Victor Wembanyama,,,219920e3a715ceb3dc69f3638f7571d5,2026-05-05,01:40,assists,3.5,143.0,,True,draftkings,2026-05-02T22:11:55.652991
Victor Wembanyama,,,219920e3a715ceb3dc69f3638f7571d5,2026-05-05,01:40,assists,4.5,316.0,,True,draftkings,2026-05-02T22:11:55.652993
Victor Wembanyama,,,219920e3a715ceb3dc69f3638f7571d5,2026-05-05,01:40,assists,5.5,690.0,,True,draftkings,2026-05-02T22:11:55.652994
Victor Wembanyama,,,219920e3a715ceb3dc69f3638f7571d5,2026-05-05,01:40,assists,6.5,1440.0,,True,draftkings,2026-05-02T22:11:55.652996
Victor Wembanyama,,,219920e3a715ceb3dc69f3638f7571d5,2026-05-05,01:40,assists,7.5,2500.0,,True,draftkings,2026-05-02T22:11:55.652998
Dylan Harper,,,219920e3a715ceb3dc69f3638f7571d5,2026-05-05,01:40,assists,2.5,-135.0,,True,draftkings,2026-05-02T22:11:55.653000
Dylan Harper,,,219920e3a715ceb3dc69f3638f7571d5,2026-05-05,01:40,assists,3.5,176.0,,True,draftkings,2026-05-02T22:11:55.653002
Dylan Harper,,,219920e3a715ceb3dc69f3638f7571d5,2026-05-05,01:40,assists,4.5,385.0,,True,draftkings,2026-05-02T22:11:55.653003
Dylan Harper,,,219920e3a715ceb3dc69f3638f7571d5,2026-05-05,01:40,assists,5.5,800.0,,True,draftkings,2026-05-02T22:11:55.653005
Dylan Harper,,,219920e3a715ceb3dc69f3638f7571d5,2026-05-05,01:40,assists,6.5,1580.0,,True,draftkings,2026-05-02T22:11:55.653007
Dylan Harper,,,219920e3a715ceb3dc69f3638f7571d5,2026-05-05,01:40,assists,7.5,2700.0,,True,draftkings,2026-05-02T22:11:55.653008
Jaden McDaniels,,,219920e3a715ceb3dc69f3638f7571d5,2026-05-05,01:40,assists,2.5,-124.0,,True,draftkings,2026-05-02T22:11:55.653010
Jaden McDaniels,,,219920e3a715ceb3dc69f3638f7571d5,2026-05-05,01:40,assists,3.5,194.0,,True,draftkings,2026-05-02T22:11:55.653012
Jaden McDaniels,,,219920e3a715ceb3dc69f3638f7571d5,2026-05-05,01:40,assists,4.5,432.0,,True,draftkings,2026-05-02T22:11:55.653016
Jaden McDaniels,,,219920e3a715ceb3dc69f3638f7571d5,2026-05-05,01:40,assists,5.5,890.0,,True,draftkings,2026-05-02T22:11:55.653018
Jaden McDaniels,,,219920e3a715ceb3dc69f3638f7571d5,2026-05-05,01:40,assists,6.5,1700.0,,True,draftkings,2026-05-02T22:11:55.653019
Jaden McDaniels,,,219920e3a715ceb3dc69f3638f7571d5,2026-05-05,01:40,assists,7.5,2800.0,,True,draftkings,2026-05-02T22:11:55.653021
Devin Vassell,,,219920e3a715ceb3dc69f3638f7571d5,2026-05-05,01:40,assists,2.5,105.0,,True,draftkings,2026-05-02T22:11:55.653023
Devin Vassell,,,219920e3a715ceb3dc69f3638f7571d5,2026-05-05,01:40,assists,3.5,264.0,,True,draftkings,2026-05-02T22:11:55.653025
Devin Vassell,,,219920e3a715ceb3dc69f3638f7571d5,2026-05-05,01:40,assists,4.5,620.0,,True,draftkings,2026-05-02T22:11:55.653027
Devin Vassell,,,219920e3a715ceb3dc69f3638f7571d5,2026-05-05,01:40,assists,5.5,1360.0,,True,draftkings,2026-05-02T22:11:55.653028
Devin Vassell,,,219920e3a715ceb3dc69f3638f7571d5,2026-05-05,01:40,assists,6.5,2500.0,,True,draftkings,2026-05-02T22:11:55.653030
Rudy Gobert,,,219920e3a715ceb3dc69f3638f7571d5,2026-05-05,01:40,assists,1.5,-129.0,,True,draftkings,2026-05-02T22:11:55.653032
Rudy Gobert,,,219920e3a715ceb3dc69f3638f7571d5,2026-05-05,01:40,assists,2.5,209.0,,True,draftkings,2026-05-02T22:11:55.653033
Rudy Gobert,,,219920e3a715ceb3dc69f3638f7571d5,2026-05-05,01:40,assists,3.5,502.0,,True,draftkings,2026-05-02T22:11:55.653035
Rudy Gobert,,,219920e3a715ceb3dc69f3638f7571d5,2026-05-05,01:40,assists,4.5,1080.0,,True,draftkings,2026-05-02T22:11:55.653042
Rudy Gobert,,,219920e3a715ceb3dc69f3638f7571d5,2026-05-05,01:40,assists,5.5,2100.0,,True,draftkings,2026-05-02T22:11:55.653044
Naz Reid,,,219920e3a715ceb3dc69f3638f7571d5,2026-05-05,01:40,assists,1.5,-109.0,,True,draftkings,2026-05-02T22:11:55.653046
Naz Reid,,,219920e3a715ceb3dc69f3638f7571d5,2026-05-05,01:40,assists,2.5,280.0,,True,draftkings,2026-05-02T22:11:55.653048
Naz Reid,,,219920e3a715ceb3dc69f3638f7571d5,2026-05-05,01:40,assists,3.5,720.0,,True,draftkings,2026-05-02T22:11:55.653049
Naz Reid,,,219920e3a715ceb3dc69f3638f7571d5,2026-05-05,01:40,assists,4.5,1660.0,,True,draftkings,2026-05-02T22:11:55.653051
Naz Reid,,,219920e3a715ceb3dc69f3638f7571d5,2026-05-05,01:40,assists,5.5,2900.0,,True,draftkings,2026-05-02T22:11:55.653053
Julian Champagnie,,,219920e3a715ceb3dc69f3638f7571d5,2026-05-05,01:40,assists,1.5,151.0,,True,draftkings,2026-05-02T22:11:55.653054
Julian Champagnie,,,219920e3a715ceb3dc69f3638f7571d5,2026-05-05,01:40,assists,2.5,480.0,,True,draftkings,2026-05-02T22:11:55.653056
Julian Champagnie,,,219920e3a715ceb3dc69f3638f7571d5,2026-05-05,01:40,assists,3.5,1340.0,,True,draftkings,2026-05-02T22:11:55.653058
Julian Champagnie,,,219920e3a715ceb3dc69f3638f7571d5,2026-05-05,01:40,assists,4.5,2800.0,,True,draftkings,2026-05-02T22:11:55.653060
Victor Wembanyama,,,219920e3a715ceb3dc69f3638f7571d5,2026-05-05,01:40,points,27.5,-117.0,-109.0,False,draftkings,2026-05-02T22:11:55.653078
Julius Randle,,,219920e3a715ceb3dc69f3638f7571d5,2026-05-05,01:40,points,21.5,-108.0,-118.0,False,draftkings,2026-05-02T22:11:55.653080
De'Aaron Fox,,,219920e3a715ceb3dc69f3638f7571d5,2026-05-05,01:40,points,17.5,-113.0,-113.0,False,draftkings,2026-05-02T22:11:55.653081
Stephon Castle,,,219920e3a715ceb3dc69f3638f7571d5,2026-05-05,01:40,points,17.5,-112.0,-113.0,False,draftkings,2026-05-02T22:11:55.653083
Ayo Dosunmu,,,219920e3a715ceb3dc69f3638f7571d5,2026-05-05,01:40,points,17.5,-110.0,-115.0,False,draftkings,2026-05-02T22:11:55.653085
Jaden McDaniels,,,219920e3a715ceb3dc69f3638f7571d5,2026-05-05,01:40,points,17.5,-109.0,-117.0,False,draftkings,2026-05-02T22:11:55.653087
Devin Vassell,,,219920e3a715ceb3dc69f3638f7571d5,2026-05-05,01:40,points,12.5,-107.0,-120.0,False,draftkings,2026-05-02T22:11:55.653088
Naz Reid,,,219920e3a715ceb3dc69f3638f7571d5,2026-05-05,01:40,points,11.5,-119.0,-107.0,False,draftkings,2026-05-02T22:11:55.653090
Dylan Harper,,,219920e3a715ceb3dc69f3638f7571d5,2026-05-05,01:40,points,9.5,-111.0,-115.0,False,draftkings,2026-05-02T22:11:55.653092
Rudy Gobert,,,219920e3a715ceb3dc69f3638f7571d5,2026-05-05,01:40,points,8.5,-118.0,-108.0,False,draftkings,2026-05-02T22:11:55.653094
Keldon Johnson,,,219920e3a715ceb3dc69f3638f7571d5,2026-05-05,01:40,points,8.5,-116.0,-110.0,False,draftkings,2026-05-02T22:11:55.653095
Julian Champagnie,,,219920e3a715ceb3dc69f3638f7571d5,2026-05-05,01:40,points,8.5,-110.0,-116.0,False,draftkings,2026-05-02T22:11:55.653097
Mike Conley,,,219920e3a715ceb3dc69f3638f7571d5,2026-05-05,01:40,points,5.5,-116.0,-110.0,False,draftkings,2026-05-02T22:11:55.653099
Victor Wembanyama,,,219920e3a715ceb3dc69f3638f7571d5,2026-05-05,01:40,points,17.5,-1440.0,,True,draftkings,2026-05-02T22:11:55.653153
Victor Wembanyama,,,219920e3a715ceb3dc69f3638f7571d5,2026-05-05,01:40,points,19.5,-740.0,,True,draftkings,2026-05-02T22:11:55.653155
Victor Wembanyama,,,219920e3a715ceb3dc69f3638f7571d5,2026-05-05,01:40,points,24.5,-216.0,,True,draftkings,2026-05-02T22:11:55.653159
Victor Wembanyama,,,219920e3a715ceb3dc69f3638f7571d5,2026-05-05,01:40,points,27.5,-117.0,,True,draftkings,2026-05-02T22:11:55.653161
Victor Wembanyama,,,219920e3a715ceb3dc69f3638f7571d5,2026-05-05,01:40,points,29.5,127.0,,True,draftkings,2026-05-02T22:11:55.653163
Victor Wembanyama,,,219920e3a715ceb3dc69f3638f7571d5,2026-05-05,01:40,points,34.5,326.0,,True,draftkings,2026-05-02T22:11:55.653165
Victor Wembanyama,,,219920e3a715ceb3dc69f3638f7571d5,2026-05-05,01:40,points,39.5,830.0,,True,draftkings,2026-05-02T22:11:55.653167
Victor Wembanyama,,,219920e3a715ceb3dc69f3638f7571d5,2026-05-05,01:40,points,44.5,1900.0,,True,draftkings,2026-05-02T22:11:55.653168
Julius Randle,,,219920e3a715ceb3dc69f3638f7571d5,2026-05-05,01:40,points,11.5,-1540.0,,True,draftkings,2026-05-02T22:11:55.653172
Julius Randle,,,219920e3a715ceb3dc69f3638f7571d5,2026-05-05,01:40,points,14.5,-540.0,,True,draftkings,2026-05-02T22:11:55.653174
Julius Randle,,,219920e3a715ceb3dc69f3638f7571d5,2026-05-05,01:40,points,17.5,-250.0,,True,draftkings,2026-05-02T22:11:55.653176
Julius Randle,,,219920e3a715ceb3dc69f3638f7571d5,2026-05-05,01:40,points,19.5,-161.0,,True,draftkings,2026-05-02T22:11:55.653177
Julius Randle,,,219920e3a715ceb3dc69f3638f7571d5,2026-05-05,01:40,points,21.5,-108.0,,True,draftkings,2026-05-02T22:11:55.653179
Julius Randle,,,219920e3a715ceb3dc69f3638f7571d5,2026-05-05,01:40,points,24.5,167.0,,True,draftkings,2026-05-02T22:11:55.653181
Julius Randle,,,219920e3a715ceb3dc69f3638f7571d5,2026-05-05,01:40,points,29.5,417.0,,True,draftkings,2026-05-02T22:11:55.653182
Julius Randle,,,219920e3a715ceb3dc69f3638f7571d5,2026-05-05,01:40,points,34.5,980.0,,True,draftkings,2026-05-02T22:11:55.653184
Julius Randle,,,219920e3a715ceb3dc69f3638f7571d5,2026-05-05,01:40,points,39.5,2200.0,,True,draftkings,2026-05-02T22:11:55.653186
Jaden McDaniels,,,219920e3a715ceb3dc69f3638f7571d5,2026-05-05,01:40,points,7.5,-2600.0,,True,draftkings,2026-05-02T22:11:55.653187
Jaden McDaniels,,,219920e3a715ceb3dc69f3638f7571d5,2026-05-05,01:40,points,9.5,-960.0,,True,draftkings,2026-05-02T22:11:55.653189
Jaden McDaniels,,,219920e3a715ceb3dc69f3638f7571d5,2026-05-05,01:40,points,11.5,-483.0,,True,draftkings,2026-05-02T22:11:55.653191
Jaden McDaniels,,,219920e3a715ceb3dc69f3638f7571d5,2026-05-05,01:40,points,14.5,-218.0,,True,draftkings,2026-05-02T22:11:55.653195
Jaden McDaniels,,,219920e3a715ceb3dc69f3638f7571d5,2026-05-05,01:40,points,17.5,-107.0,,True,draftkings,2026-05-02T22:11:55.653197
Jaden McDaniels,,,219920e3a715ceb3dc69f3638f7571d5,2026-05-05,01:40,points,19.5,143.0,,True,draftkings,2026-05-02T22:11:55.653198
Jaden McDaniels,,,219920e3a715ceb3dc69f3638f7571d5,2026-05-05,01:40,points,24.5,393.0,,True,draftkings,2026-05-02T22:11:55.653200
Jaden McDaniels,,,219920e3a715ceb3dc69f3638f7571d5,2026-05-05,01:40,points,29.5,1020.0,,True,draftkings,2026-05-02T22:11:55.653202
Jaden McDaniels,,,219920e3a715ceb3dc69f3638f7571d5,2026-05-05,01:40,points,34.5,2300.0,,True,draftkings,2026-05-02T22:11:55.653204
Ayo Dosunmu,,,219920e3a715ceb3dc69f3638f7571d5,2026-05-05,01:40,points,7.5,-2200.0,,True,draftkings,2026-05-02T22:11:55.653205
Ayo Dosunmu,,,219920e3a715ceb3dc69f3638f7571d5,2026-05-05,01:40,points,9.5,-890.0,,True,draftkings,2026-05-02T22:11:55.653207
Ayo Dosunmu,,,219920e3a715ceb3dc69f3638f7571d5,2026-05-05,01:40,points,11.5,-471.0,,True,draftkings,2026-05-02T22:11:55.653209
Ayo Dosunmu,,,219920e3a715ceb3dc69f3638f7571d5,2026-05-05,01:40,points,14.5,-209.0,,True,draftkings,2026-05-02T22:11:55.653210
Ayo Dosunmu,,,219920e3a715ceb3dc69f3638f7571d5,2026-05-05,01:40,points,17.5,-109.0,,True,draftkings,2026-05-02T22:11:55.653212
Ayo Dosunmu,,,219920e3a715ceb3dc69f3638f7571d5,2026-05-05,01:40,points,19.5,140.0,,True,draftkings,2026-05-02T22:11:55.653214
Ayo Dosunmu,,,219920e3a715ceb3dc69f3638f7571d5,2026-05-05,01:40,points,24.5,401.0,,True,draftkings,2026-05-02T22:11:55.653215
Ayo Dosunmu,,,219920e3a715ceb3dc69f3638f7571d5,2026-05-05,01:40,points,29.5,1080.0,,True,draftkings,2026-05-02T22:11:55.653217
Ayo Dosunmu,,,219920e3a715ceb3dc69f3638f7571d5,2026-05-05,01:40,points,34.5,2400.0,,True,draftkings,2026-05-02T22:11:55.653219
De'Aaron Fox,,,219920e3a715ceb3dc69f3638f7571d5,2026-05-05,01:40,points,9.5,-1300.0,,True,draftkings,2026-05-02T22:11:55.653221
De'Aaron Fox,,,219920e3a715ceb3dc69f3638f7571d5,2026-05-05,01:40,points,11.5,-610.0,,True,draftkings,2026-05-02T22:11:55.653222
De'Aaron Fox,,,219920e3a715ceb3dc69f3638f7571d5,2026-05-05,01:40,points,14.5,-246.0,,True,draftkings,2026-05-02T22:11:55.653224
De'Aaron Fox,,,219920e3a715ceb3dc69f3638f7571d5,2026-05-05,01:40,points,17.5,-114.0,,True,draftkings,2026-05-02T22:11:55.653226
De'Aaron Fox,,,219920e3a715ceb3dc69f3638f7571d5,2026-05-05,01:40,points,19.5,139.0,,True,draftkings,2026-05-02T22:11:55.653227
De'Aaron Fox,,,219920e3a715ceb3dc69f3638f7571d5,2026-05-05,01:40,points,24.5,425.0,,True,draftkings,2026-05-02T22:11:55.653232
De'Aaron Fox,,,219920e3a715ceb3dc69f3638f7571d5,2026-05-05,01:40,points,29.5,1220.0,,True,draftkings,2026-05-02T22:11:55.653234
De'Aaron Fox,,,219920e3a715ceb3dc69f3638f7571d5,2026-05-05,01:40,points,34.5,2700.0,,True,draftkings,2026-05-02T22:11:55.653235
Stephon Castle,,,219920e3a715ceb3dc69f3638f7571d5,2026-05-05,01:40,points,9.5,-1340.0,,True,draftkings,2026-05-02T22:11:55.653237
Stephon Castle,,,219920e3a715ceb3dc69f3638f7571d5,2026-05-05,01:40,points,11.5,-620.0,,True,draftkings,2026-05-02T22:11:55.653239
Stephon Castle,,,219920e3a715ceb3dc69f3638f7571d5,2026-05-05,01:40,points,14.5,-246.0,,True,draftkings,2026-05-02T22:11:55.653241
Stephon Castle,,,219920e3a715ceb3dc69f3638f7571d5,2026-05-05,01:40,points,17.5,-113.0,,True,draftkings,2026-05-02T22:11:55.653242
Stephon Castle,,,219920e3a715ceb3dc69f3638f7571d5,2026-05-05,01:40,points,19.5,141.0,,True,draftkings,2026-05-02T22:11:55.653244
Stephon Castle,,,219920e3a715ceb3dc69f3638f7571d5,2026-05-05,01:40,points,24.5,438.0,,True,draftkings,2026-05-02T22:11:55.653246
Stephon Castle,,,219920e3a715ceb3dc69f3638f7571d5,2026-05-05,01:40,points,29.5,1280.0,,True,draftkings,2026-05-02T22:11:55.653247
Stephon Castle,,,219920e3a715ceb3dc69f3638f7571d5,2026-05-05,01:40,points,34.5,2900.0,,True,draftkings,2026-05-02T22:11:55.653249
Naz Reid,,,219920e3a715ceb3dc69f3638f7571d5,2026-05-05,01:40,points,5.5,-990.0,,True,draftkings,2026-05-02T22:11:55.653251
Naz Reid,,,219920e3a715ceb3dc69f3638f7571d5,2026-05-05,01:40,points,7.5,-415.0,,True,draftkings,2026-05-02T22:11:55.653255
Naz Reid,,,219920e3a715ceb3dc69f3638f7571d5,2026-05-05,01:40,points,9.5,-214.0,,True,draftkings,2026-05-02T22:11:55.653256
Naz Reid,,,219920e3a715ceb3dc69f3638f7571d5,2026-05-05,01:40,points,11.5,-122.0,,True,draftkings,2026-05-02T22:11:55.653258
Naz Reid,,,219920e3a715ceb3dc69f3638f7571d5,2026-05-05,01:40,points,14.5,183.0,,True,draftkings,2026-05-02T22:11:55.653260
Naz Reid,,,219920e3a715ceb3dc69f3638f7571d5,2026-05-05,01:40,points,17.5,368.0,,True,draftkings,2026-05-02T22:11:55.653261
Naz Reid,,,219920e3a715ceb3dc69f3638f7571d5,2026-05-05,01:40,points,19.5,577.0,,True,draftkings,2026-05-02T22:11:55.653263
Naz Reid,,,219920e3a715ceb3dc69f3638f7571d5,2026-05-05,01:40,points,24.5,1620.0,,True,draftkings,2026-05-02T22:11:55.653265
Devin Vassell,,,219920e3a715ceb3dc69f3638f7571d5,2026-05-05,01:40,points,5.5,-1220.0,,True,draftkings,2026-05-02T22:11:55.653266
Devin Vassell,,,219920e3a715ceb3dc69f3638f7571d5,2026-05-05,01:40,points,7.5,-519.0,,True,draftkings,2026-05-02T22:11:55.653268
Devin Vassell,,,219920e3a715ceb3dc69f3638f7571d5,2026-05-05,01:40,points,9.5,-256.0,,True,draftkings,2026-05-02T22:11:55.653270
Devin Vassell,,,219920e3a715ceb3dc69f3638f7571d5,2026-05-05,01:40,points,11.5,-139.0,,True,draftkings,2026-05-02T22:11:55.653271
Devin Vassell,,,219920e3a715ceb3dc69f3638f7571d5,2026-05-05,01:40,points,12.5,-105.0,,True,draftkings,2026-05-02T22:11:55.653273
Devin Vassell,,,219920e3a715ceb3dc69f3638f7571d5,2026-05-05,01:40,points,14.5,161.0,,True,draftkings,2026-05-02T22:11:55.653275
Devin Vassell,,,219920e3a715ceb3dc69f3638f7571d5,2026-05-05,01:40,points,17.5,343.0,,True,draftkings,2026-05-02T22:11:55.653277
Devin Vassell,,,219920e3a715ceb3dc69f3638f7571d5,2026-05-05,01:40,points,19.5,567.0,,True,draftkings,2026-05-02T22:11:55.653278
Devin Vassell,,,219920e3a715ceb3dc69f3638f7571d5,2026-05-05,01:40,points,24.5,1740.0,,True,draftkings,2026-05-02T22:11:55.653280
Dylan Harper,,,219920e3a715ceb3dc69f3638f7571d5,2026-05-05,01:40,points,5.5,-479.0,,True,draftkings,2026-05-02T22:11:55.653282
Dylan Harper,,,219920e3a715ceb3dc69f3638f7571d5,2026-05-05,01:40,points,7.5,-214.0,,True,draftkings,2026-05-02T22:11:55.653283
Dylan Harper,,,219920e3a715ceb3dc69f3638f7571d5,2026-05-05,01:40,points,9.5,-109.0,,True,draftkings,2026-05-02T22:11:55.653285
Dylan Harper,,,219920e3a715ceb3dc69f3638f7571d5,2026-05-05,01:40,points,11.5,165.0,,True,draftkings,2026-05-02T22:11:55.653289
Dylan Harper,,,219920e3a715ceb3dc69f3638f7571d5,2026-05-05,01:40,points,14.5,393.0,,True,draftkings,2026-05-02T22:11:55.653291
Dylan Harper,,,219920e3a715ceb3dc69f3638f7571d5,2026-05-05,01:40,points,17.5,850.0,,True,draftkings,2026-05-02T22:11:55.653293
Dylan Harper,,,219920e3a715ceb3dc69f3638f7571d5,2026-05-05,01:40,points,19.5,1380.0,,True,draftkings,2026-05-02T22:11:55.653294
Keldon Johnson,,,219920e3a715ceb3dc69f3638f7571d5,2026-05-05,01:40,points,5.5,-346.0,,True,draftkings,2026-05-02T22:11:55.653296
Keldon Johnson,,,219920e3a715ceb3dc69f3638f7571d5,2026-05-05,01:40,points,7.5,-164.0,,True,draftkings,2026-05-02T22:11:55.653298
Keldon Johnson,,,219920e3a715ceb3dc69f3638f7571d5,2026-05-05,01:40,points,8.5,-117.0,,True,draftkings,2026-05-02T22:11:55.653299
Keldon Johnson,,,219920e3a715ceb3dc69f3638f7571d5,2026-05-05,01:40,points,9.5,116.0,,True,draftkings,2026-05-02T22:11:55.653301
Keldon Johnson,,,219920e3a715ceb3dc69f3638f7571d5,2026-05-05,01:40,points,11.5,207.0,,True,draftkings,2026-05-02T22:11:55.653303
Keldon Johnson,,,219920e3a715ceb3dc69f3638f7571d5,2026-05-05,01:40,points,14.5,469.0,,True,draftkings,2026-05-02T22:11:55.653304
Keldon Johnson,,,219920e3a715ceb3dc69f3638f7571d5,2026-05-05,01:40,points,17.5,1000.0,,True,draftkings,2026-05-02T22:11:55.653306
Keldon Johnson,,,219920e3a715ceb3dc69f3638f7571d5,2026-05-05,01:40,points,19.5,1560.0,,True,draftkings,2026-05-02T22:11:55.653308
Julian Champagnie,,,219920e3a715ceb3dc69f3638f7571d5,2026-05-05,01:40,points,5.5,-322.0,,True,draftkings,2026-05-02T22:11:55.653312
Julian Champagnie,,,219920e3a715ceb3dc69f3638f7571d5,2026-05-05,01:40,points,7.5,-158.0,,True,draftkings,2026-05-02T22:11:55.653314
Julian Champagnie,,,219920e3a715ceb3dc69f3638f7571d5,2026-05-05,01:40,points,8.5,-110.0,,True,draftkings,2026-05-02T22:11:55.653315
Julian Champagnie,,,219920e3a715ceb3dc69f3638f7571d5,2026-05-05,01:40,points,9.5,128.0,,True,draftkings,2026-05-02T22:11:55.653317
Julian Champagnie,,,219920e3a715ceb3dc69f3638f7571d5,2026-05-05,01:40,points,11.5,223.0,,True,draftkings,2026-05-02T22:11:55.653319
Julian Champagnie,,,219920e3a715ceb3dc69f3638f7571d5,2026-05-05,01:40,points,14.5,497.0,,True,draftkings,2026-05-02T22:11:55.653320
Julian Champagnie,,,219920e3a715ceb3dc69f3638f7571d5,2026-05-05,01:40,points,17.5,1060.0,,True,draftkings,2026-05-02T22:11:55.653322
Julian Champagnie,,,219920e3a715ceb3dc69f3638f7571d5,2026-05-05,01:40,points,19.5,1640.0,,True,draftkings,2026-05-02T22:11:55.653324
Rudy Gobert,,,219920e3a715ceb3dc69f3638f7571d5,2026-05-05,01:40,points,5.5,-458.0,,True,draftkings,2026-05-02T22:11:55.653325
Rudy Gobert,,,219920e3a715ceb3dc69f3638f7571d5,2026-05-05,01:40,points,7.5,-188.0,,True,draftkings,2026-05-02T22:11:55.653327
Rudy Gobert,,,219920e3a715ceb3dc69f3638f7571d5,2026-05-05,01:40,points,8.5,-115.0,,True,draftkings,2026-05-02T22:11:55.653329
Rudy Gobert,,,219920e3a715ceb3dc69f3638f7571d5,2026-05-05,01:40,points,9.5,110.0,,True,draftkings,2026-05-02T22:11:55.653331
Rudy Gobert,,,219920e3a715ceb3dc69f3638f7571d5,2026-05-05,01:40,points,11.5,215.0,,True,draftkings,2026-05-02T22:11:55.653332
Rudy Gobert,,,219920e3a715ceb3dc69f3638f7571d5,2026-05-05,01:40,points,14.5,560.0,,True,draftkings,2026-05-02T22:11:55.653334
Rudy Gobert,,,219920e3a715ceb3dc69f3638f7571d5,2026-05-05,01:40,points,17.5,1240.0,,True,draftkings,2026-05-02T22:11:55.653336
Rudy Gobert,,,219920e3a715ceb3dc69f3638f7571d5,2026-05-05,01:40,points,19.5,2000.0,,True,draftkings,2026-05-02T22:11:55.653337
Mike Conley,,,219920e3a715ceb3dc69f3638f7571d5,2026-05-05,01:40,points,5.5,-116.0,,True,draftkings,2026-05-02T22:11:55.653339
Mike Conley,,,219920e3a715ceb3dc69f3638f7571d5,2026-05-05,01:40,points,7.5,171.0,,True,draftkings,2026-05-02T22:11:55.653341
Mike Conley,,,219920e3a715ceb3dc69f3638f7571d5,2026-05-05,01:40,points,9.5,341.0,,True,draftkings,2026-05-02T22:11:55.653342
Mike Conley,,,219920e3a715ceb3dc69f3638f7571d5,2026-05-05,01:40,points,11.5,610.0,,True,draftkings,2026-05-02T22:11:55.653344
Mike Conley,,,219920e3a715ceb3dc69f3638f7571d5,2026-05-05,01:40,points,14.5,1380.0,,True,draftkings,2026-05-02T22:11:55.653350
Mike Conley,,,219920e3a715ceb3dc69f3638f7571d5,2026-05-05,01:40,points,17.5,2600.0,,True,draftkings,2026-05-02T22:11:55.653352
Rudy Gobert,,,219920e3a715ceb3dc69f3638f7571d5,2026-05-05,01:40,rebounds,11.5,-115.0,-114.0,False,draftkings,2026-05-02T22:11:55.653371
Victor Wembanyama,,,219920e3a715ceb3dc69f3638f7571d5,2026-05-05,01:40,rebounds,11.5,-111.0,-119.0,False,draftkings,2026-05-02T22:11:55.653373
Julius Randle,,,219920e3a715ceb3dc69f3638f7571d5,2026-05-05,01:40,rebounds,6.5,-145.0,110.0,False,draftkings,2026-05-02T22:11:55.653375
Naz Reid,,,219920e3a715ceb3dc69f3638f7571d5,2026-05-05,01:40,rebounds,5.5,-132.0,100.0,False,draftkings,2026-05-02T22:11:55.653377
Stephon Castle,,,219920e3a715ceb3dc69f3638f7571d5,2026-05-05,01:40,rebounds,5.5,-129.0,-102.0,False,draftkings,2026-05-02T22:11:55.653378
Julian Champagnie,,,219920e3a715ceb3dc69f3638f7571d5,2026-05-05,01:40,rebounds,4.5,-139.0,105.0,False,draftkings,2026-05-02T22:11:55.653380
Jaden McDaniels,,,219920e3a715ceb3dc69f3638f7571d5,2026-05-05,01:40,rebounds,4.5,-131.0,-101.0,False,draftkings,2026-05-02T22:11:55.653382
Devin Vassell,,,219920e3a715ceb3dc69f3638f7571d5,2026-05-05,01:40,rebounds,4.5,108.0,-143.0,False,draftkings,2026-05-02T22:11:55.653383
Ayo Dosunmu,,,219920e3a715ceb3dc69f3638f7571d5,2026-05-05,01:40,rebounds,4.5,113.0,-149.0,False,draftkings,2026-05-02T22:11:55.653385
De'Aaron Fox,,,219920e3a715ceb3dc69f3638f7571d5,2026-05-05,01:40,rebounds,4.5,118.0,-156.0,False,draftkings,2026-05-02T22:11:55.653386
Keldon Johnson,,,219920e3a715ceb3dc69f3638f7571d5,2026-05-05,01:40,rebounds,3.5,-106.0,-124.0,False,draftkings,2026-05-02T22:11:55.653388
Dylan Harper,,,219920e3a715ceb3dc69f3638f7571d5,2026-05-05,01:40,rebounds,2.5,-137.0,104.0,False,draftkings,2026-05-02T22:11:55.653390
Mike Conley,,,219920e3a715ceb3dc69f3638f7571d5,2026-05-05,01:40,rebounds,2.5,-106.0,-124.0,False,draftkings,2026-05-02T22:11:55.653392
Rudy Gobert,,,219920e3a715ceb3dc69f3638f7571d5,2026-05-05,01:40,rebounds,6.5,-1740.0,,True,draftkings,2026-05-02T22:11:55.653451
Rudy Gobert,,,219920e3a715ceb3dc69f3638f7571d5,2026-05-05,01:40,rebounds,7.5,-840.0,,True,draftkings,2026-05-02T22:11:55.653453
Rudy Gobert,,,219920e3a715ceb3dc69f3638f7571d5,2026-05-05,01:40,rebounds,8.5,-477.0,,True,draftkings,2026-05-02T22:11:55.653455
Rudy Gobert,,,219920e3a715ceb3dc69f3638f7571d5,2026-05-05,01:40,rebounds,9.5,-288.0,,True,draftkings,2026-05-02T22:11:55.653456
Rudy Gobert,,,219920e3a715ceb3dc69f3638f7571d5,2026-05-05,01:40,rebounds,10.5,-182.0,,True,draftkings,2026-05-02T22:11:55.653458
Rudy Gobert,,,219920e3a715ceb3dc69f3638f7571d5,2026-05-05,01:40,rebounds,11.5,-119.0,,True,draftkings,2026-05-02T22:11:55.653460
Rudy Gobert,,,219920e3a715ceb3dc69f3638f7571d5,2026-05-05,01:40,rebounds,12.5,126.0,,True,draftkings,2026-05-02T22:11:55.653462
Rudy Gobert,,,219920e3a715ceb3dc69f3638f7571d5,2026-05-05,01:40,rebounds,13.5,188.0,,True,draftkings,2026-05-02T22:11:55.653464
Rudy Gobert,,,219920e3a715ceb3dc69f3638f7571d5,2026-05-05,01:40,rebounds,14.5,284.0,,True,draftkings,2026-05-02T22:11:55.653465
Rudy Gobert,,,219920e3a715ceb3dc69f3638f7571d5,2026-05-05,01:40,rebounds,15.5,414.0,,True,draftkings,2026-05-02T22:11:55.653467
Rudy Gobert,,,219920e3a715ceb3dc69f3638f7571d5,2026-05-05,01:40,rebounds,16.5,600.0,,True,draftkings,2026-05-02T22:11:55.653469
Rudy Gobert,,,219920e3a715ceb3dc69f3638f7571d5,2026-05-05,01:40,rebounds,17.5,870.0,,True,draftkings,2026-05-02T22:11:55.653473
Rudy Gobert,,,219920e3a715ceb3dc69f3638f7571d5,2026-05-05,01:40,rebounds,18.5,1260.0,,True,draftkings,2026-05-02T22:11:55.653474
Rudy Gobert,,,219920e3a715ceb3dc69f3638f7571d5,2026-05-05,01:40,rebounds,19.5,1760.0,,True,draftkings,2026-05-02T22:11:55.653476
Victor Wembanyama,,,219920e3a715ceb3dc69f3638f7571d5,2026-05-05,01:40,rebounds,6.5,-2200.0,,True,draftkings,2026-05-02T22:11:55.653478
Victor Wembanyama,,,219920e3a715ceb3dc69f3638f7571d5,2026-05-05,01:40,rebounds,7.5,-950.0,,True,draftkings,2026-05-02T22:11:55.653479
Victor Wembanyama,,,219920e3a715ceb3dc69f3638f7571d5,2026-05-05,01:40,rebounds,8.5,-501.0,,True,draftkings,2026-05-02T22:11:55.653481
Victor Wembanyama,,,219920e3a715ceb3dc69f3638f7571d5,2026-05-05,01:40,rebounds,9.5,-294.0,,True,draftkings,2026-05-02T22:11:55.653483
Victor Wembanyama,,,219920e3a715ceb3dc69f3638f7571d5,2026-05-05,01:40,rebounds,10.5,-179.0,,True,draftkings,2026-05-02T22:11:55.653484
Victor Wembanyama,,,219920e3a715ceb3dc69f3638f7571d5,2026-05-05,01:40,rebounds,11.5,-112.0,,True,draftkings,2026-05-02T22:11:55.653486
Victor Wembanyama,,,219920e3a715ceb3dc69f3638f7571d5,2026-05-05,01:40,rebounds,12.5,138.0,,True,draftkings,2026-05-02T22:11:55.653488
Victor Wembanyama,,,219920e3a715ceb3dc69f3638f7571d5,2026-05-05,01:40,rebounds,13.5,212.0,,True,draftkings,2026-05-02T22:11:55.653502
Victor Wembanyama,,,219920e3a715ceb3dc69f3638f7571d5,2026-05-05,01:40,rebounds,14.5,322.0,,True,draftkings,2026-05-02T22:11:55.653503
Victor Wembanyama,,,219920e3a715ceb3dc69f3638f7571d5,2026-05-05,01:40,rebounds,15.5,485.0,,True,draftkings,2026-05-02T22:11:55.653505
Victor Wembanyama,,,219920e3a715ceb3dc69f3638f7571d5,2026-05-05,01:40,rebounds,16.5,740.0,,True,draftkings,2026-05-02T22:11:55.653507
Victor Wembanyama,,,219920e3a715ceb3dc69f3638f7571d5,2026-05-05,01:40,rebounds,17.5,1100.0,,True,draftkings,2026-05-02T22:11:55.653509
Victor Wembanyama,,,219920e3a715ceb3dc69f3638f7571d5,2026-05-05,01:40,rebounds,18.5,1620.0,,True,draftkings,2026-05-02T22:11:55.653510
Victor Wembanyama,,,219920e3a715ceb3dc69f3638f7571d5,2026-05-05,01:40,rebounds,19.5,2200.0,,True,draftkings,2026-05-02T22:11:55.653512
Julius Randle,,,219920e3a715ceb3dc69f3638f7571d5,2026-05-05,01:40,rebounds,3.5,-1240.0,,True,draftkings,2026-05-02T22:11:55.653514
Julius Randle,,,219920e3a715ceb3dc69f3638f7571d5,2026-05-05,01:40,rebounds,4.5,-507.0,,True,draftkings,2026-05-02T22:11:55.653515
Julius Randle,,,219920e3a715ceb3dc69f3638f7571d5,2026-05-05,01:40,rebounds,5.5,-261.0,,True,draftkings,2026-05-02T22:11:55.653517
Julius Randle,,,219920e3a715ceb3dc69f3638f7571d5,2026-05-05,01:40,rebounds,6.5,-145.0,,True,draftkings,2026-05-02T22:11:55.653521
Julius Randle,,,219920e3a715ceb3dc69f3638f7571d5,2026-05-05,01:40,rebounds,7.5,115.0,,True,draftkings,2026-05-02T22:11:55.653523
Julius Randle,,,219920e3a715ceb3dc69f3638f7571d5,2026-05-05,01:40,rebounds,8.5,193.0,,True,draftkings,2026-05-02T22:11:55.653525
Julius Randle,,,219920e3a715ceb3dc69f3638f7571d5,2026-05-05,01:40,rebounds,9.5,318.0,,True,draftkings,2026-05-02T22:11:55.653527
Julius Randle,,,219920e3a715ceb3dc69f3638f7571d5,2026-05-05,01:40,rebounds,10.5,513.0,,True,draftkings,2026-05-02T22:11:55.653528
Julius Randle,,,219920e3a715ceb3dc69f3638f7571d5,2026-05-05,01:40,rebounds,11.5,810.0,,True,draftkings,2026-05-02T22:11:55.653532
Julius Randle,,,219920e3a715ceb3dc69f3638f7571d5,2026-05-05,01:40,rebounds,12.5,1260.0,,True,draftkings,2026-05-02T22:11:55.653534
Julius Randle,,,219920e3a715ceb3dc69f3638f7571d5,2026-05-05,01:40,rebounds,13.5,1860.0,,True,draftkings,2026-05-02T22:11:55.653536
Julius Randle,,,219920e3a715ceb3dc69f3638f7571d5,2026-05-05,01:40,rebounds,14.5,2500.0,,True,draftkings,2026-05-02T22:11:55.653537
Naz Reid,,,219920e3a715ceb3dc69f3638f7571d5,2026-05-05,01:40,rebounds,2.5,-1680.0,,True,draftkings,2026-05-02T22:11:55.653539
Naz Reid,,,219920e3a715ceb3dc69f3638f7571d5,2026-05-05,01:40,rebounds,3.5,-557.0,,True,draftkings,2026-05-02T22:11:55.653541
Naz Reid,,,219920e3a715ceb3dc69f3638f7571d5,2026-05-05,01:40,rebounds,4.5,-256.0,,True,draftkings,2026-05-02T22:11:55.653543
Naz Reid,,,219920e3a715ceb3dc69f3638f7571d5,2026-05-05,01:40,rebounds,5.5,-130.0,,True,draftkings,2026-05-02T22:11:55.653544
Naz Reid,,,219920e3a715ceb3dc69f3638f7571d5,2026-05-05,01:40,rebounds,6.5,137.0,,True,draftkings,2026-05-02T22:11:55.653546
Naz Reid,,,219920e3a715ceb3dc69f3638f7571d5,2026-05-05,01:40,rebounds,7.5,230.0,,True,draftkings,2026-05-02T22:11:55.653548
Naz Reid,,,219920e3a715ceb3dc69f3638f7571d5,2026-05-05,01:40,rebounds,8.5,393.0,,True,draftkings,2026-05-02T22:11:55.653549
Naz Reid,,,219920e3a715ceb3dc69f3638f7571d5,2026-05-05,01:40,rebounds,9.5,640.0,,True,draftkings,2026-05-02T22:11:55.653551
Naz Reid,,,219920e3a715ceb3dc69f3638f7571d5,2026-05-05,01:40,rebounds,10.5,1040.0,,True,draftkings,2026-05-02T22:11:55.653553
Naz Reid,,,219920e3a715ceb3dc69f3638f7571d5,2026-05-05,01:40,rebounds,11.5,1600.0,,True,draftkings,2026-05-02T22:11:55.653554
Naz Reid,,,219920e3a715ceb3dc69f3638f7571d5,2026-05-05,01:40,rebounds,12.5,2300.0,,True,draftkings,2026-05-02T22:11:55.653556
Stephon Castle,,,219920e3a715ceb3dc69f3638f7571d5,2026-05-05,01:40,rebounds,2.5,-1840.0,,True,draftkings,2026-05-02T22:11:55.653558
Stephon Castle,,,219920e3a715ceb3dc69f3638f7571d5,2026-05-05,01:40,rebounds,3.5,-610.0,,True,draftkings,2026-05-02T22:11:55.653559
Stephon Castle,,,219920e3a715ceb3dc69f3638f7571d5,2026-05-05,01:40,rebounds,4.5,-266.0,,True,draftkings,2026-05-02T22:11:55.653561
Stephon Castle,,,219920e3a715ceb3dc69f3638f7571d5,2026-05-05,01:40,rebounds,5.5,-132.0,,True,draftkings,2026-05-02T22:11:55.653563
Stephon Castle,,,219920e3a715ceb3dc69f3638f7571d5,2026-05-05,01:40,rebounds,6.5,142.0,,True,draftkings,2026-05-02T22:11:55.653565
Stephon Castle,,,219920e3a715ceb3dc69f3638f7571d5,2026-05-05,01:40,rebounds,7.5,258.0,,True,draftkings,2026-05-02T22:11:55.653566
Stephon Castle,,,219920e3a715ceb3dc69f3638f7571d5,2026-05-05,01:40,rebounds,8.5,452.0,,True,draftkings,2026-05-02T22:11:55.653568
Stephon Castle,,,219920e3a715ceb3dc69f3638f7571d5,2026-05-05,01:40,rebounds,9.5,790.0,,True,draftkings,2026-05-02T22:11:55.653570
Stephon Castle,,,219920e3a715ceb3dc69f3638f7571d5,2026-05-05,01:40,rebounds,10.5,1380.0,,True,draftkings,2026-05-02T22:11:55.653571
Stephon Castle,,,219920e3a715ceb3dc69f3638f7571d5,2026-05-05,01:40,rebounds,11.5,2100.0,,True,draftkings,2026-05-02T22:11:55.653573
Julian Champagnie,,,219920e3a715ceb3dc69f3638f7571d5,2026-05-05,01:40,rebounds,2.5,-770.0,,True,draftkings,2026-05-02T22:11:55.653575
Julian Champagnie,,,219920e3a715ceb3dc69f3638f7571d5,2026-05-05,01:40,rebounds,3.5,-298.0,,True,draftkings,2026-05-02T22:11:55.653579
Julian Champagnie,,,219920e3a715ceb3dc69f3638f7571d5,2026-05-05,01:40,rebounds,4.5,-137.0,,True,draftkings,2026-05-02T22:11:55.653580
Julian Champagnie,,,219920e3a715ceb3dc69f3638f7571d5,2026-05-05,01:40,rebounds,5.5,142.0,,True,draftkings,2026-05-02T22:11:55.653582
Julian Champagnie,,,219920e3a715ceb3dc69f3638f7571d5,2026-05-05,01:40,rebounds,6.5,270.0,,True,draftkings,2026-05-02T22:11:55.653584
Julian Champagnie,,,219920e3a715ceb3dc69f3638f7571d5,2026-05-05,01:40,rebounds,7.5,500.0,,True,draftkings,2026-05-02T22:11:55.653585
Julian Champagnie,,,219920e3a715ceb3dc69f3638f7571d5,2026-05-05,01:40,rebounds,8.5,890.0,,True,draftkings,2026-05-02T22:11:55.653587
Julian Champagnie,,,219920e3a715ceb3dc69f3638f7571d5,2026-05-05,01:40,rebounds,9.5,1500.0,,True,draftkings,2026-05-02T22:11:55.653589
Julian Champagnie,,,219920e3a715ceb3dc69f3638f7571d5,2026-05-05,01:40,rebounds,10.5,2300.0,,True,draftkings,2026-05-02T22:11:55.653591
Ayo Dosunmu,,,219920e3a715ceb3dc69f3638f7571d5,2026-05-05,01:40,rebounds,2.5,-366.0,,True,draftkings,2026-05-02T22:11:55.653592
Ayo Dosunmu,,,219920e3a715ceb3dc69f3638f7571d5,2026-05-05,01:40,rebounds,3.5,-166.0,,True,draftkings,2026-05-02T22:11:55.653594
Ayo Dosunmu,,,219920e3a715ceb3dc69f3638f7571d5,2026-05-05,01:40,rebounds,4.5,113.0,,True,draftkings,2026-05-02T22:11:55.653596
Ayo Dosunmu,,,219920e3a715ceb3dc69f3638f7571d5,2026-05-05,01:40,rebounds,5.5,197.0,,True,draftkings,2026-05-02T22:11:55.653597
Ayo Dosunmu,,,219920e3a715ceb3dc69f3638f7571d5,2026-05-05,01:40,rebounds,6.5,346.0,,True,draftkings,2026-05-02T22:11:55.653599
Ayo Dosunmu,,,219920e3a715ceb3dc69f3638f7571d5,2026-05-05,01:40,rebounds,7.5,600.0,,True,draftkings,2026-05-02T22:11:55.653603
Ayo Dosunmu,,,219920e3a715ceb3dc69f3638f7571d5,2026-05-05,01:40,rebounds,8.5,980.0,,True,draftkings,2026-05-02T22:11:55.653605
Ayo Dosunmu,,,219920e3a715ceb3dc69f3638f7571d5,2026-05-05,01:40,rebounds,9.5,1580.0,,True,draftkings,2026-05-02T22:11:55.653606
Ayo Dosunmu,,,219920e3a715ceb3dc69f3638f7571d5,2026-05-05,01:40,rebounds,10.5,2400.0,,True,draftkings,2026-05-02T22:11:55.653608
Jaden McDaniels,,,219920e3a715ceb3dc69f3638f7571d5,2026-05-05,01:40,rebounds,2.5,-700.0,,True,draftkings,2026-05-02T22:11:55.653610
Jaden McDaniels,,,219920e3a715ceb3dc69f3638f7571d5,2026-05-05,01:40,rebounds,3.5,-275.0,,True,draftkings,2026-05-02T22:11:55.653611
Jaden McDaniels,,,219920e3a715ceb3dc69f3638f7571d5,2026-05-05,01:40,rebounds,4.5,-131.0,,True,draftkings,2026-05-02T22:11:55.653613
Jaden McDaniels,,,219920e3a715ceb3dc69f3638f7571d5,2026-05-05,01:40,rebounds,5.5,147.0,,True,draftkings,2026-05-02T22:11:55.653615
Jaden McDaniels,,,219920e3a715ceb3dc69f3638f7571d5,2026-05-05,01:40,rebounds,6.5,274.0,,True,draftkings,2026-05-02T22:11:55.653617
Jaden McDaniels,,,219920e3a715ceb3dc69f3638f7571d5,2026-05-05,01:40,rebounds,7.5,508.0,,True,draftkings,2026-05-02T22:11:55.653619
Jaden McDaniels,,,219920e3a715ceb3dc69f3638f7571d5,2026-05-05,01:40,rebounds,8.5,890.0,,True,draftkings,2026-05-02T22:11:55.653620
Jaden McDaniels,,,219920e3a715ceb3dc69f3638f7571d5,2026-05-05,01:40,rebounds,9.5,1500.0,,True,draftkings,2026-05-02T22:11:55.653622
Jaden McDaniels,,,219920e3a715ceb3dc69f3638f7571d5,2026-05-05,01:40,rebounds,10.5,2400.0,,True,draftkings,2026-05-02T22:11:55.653624
Devin Vassell,,,219920e3a715ceb3dc69f3638f7571d5,2026-05-05,01:40,rebounds,2.5,-507.0,,True,draftkings,2026-05-02T22:11:55.653627
Devin Vassell,,,219920e3a715ceb3dc69f3638f7571d5,2026-05-05,01:40,rebounds,3.5,-198.0,,True,draftkings,2026-05-02T22:11:55.653629
Devin Vassell,,,219920e3a715ceb3dc69f3638f7571d5,2026-05-05,01:40,rebounds,4.5,109.0,,True,draftkings,2026-05-02T22:11:55.653631
Devin Vassell,,,219920e3a715ceb3dc69f3638f7571d5,2026-05-05,01:40,rebounds,5.5,221.0,,True,draftkings,2026-05-02T22:11:55.653633
Devin Vassell,,,219920e3a715ceb3dc69f3638f7571d5,2026-05-05,01:40,rebounds,6.5,430.0,,True,draftkings,2026-05-02T22:11:55.654279
Devin Vassell,,,219920e3a715ceb3dc69f3638f7571d5,2026-05-05,01:40,rebounds,7.5,820.0,,True,draftkings,2026-05-02T22:11:55.654283
Devin Vassell,,,219920e3a715ceb3dc69f3638f7571d5,2026-05-05,01:40,rebounds,8.5,1440.0,,True,draftkings,2026-05-02T22:11:55.654289
Devin Vassell,,,219920e3a715ceb3dc69f3638f7571d5,2026-05-05,01:40,rebounds,9.5,2300.0,,True,draftkings,2026-05-02T22:11:55.654290
De'Aaron Fox,,,219920e3a715ceb3dc69f3638f7571d5,2026-05-05,01:40,rebounds,2.5,-444.0,,True,draftkings,2026-05-02T22:11:55.654292
De'Aaron Fox,,,219920e3a715ceb3dc69f3638f7571d5,2026-05-05,01:40,rebounds,3.5,-180.0,,True,draftkings,2026-05-02T22:11:55.654294
De'Aaron Fox,,,219920e3a715ceb3dc69f3638f7571d5,2026-05-05,01:40,rebounds,4.5,120.0,,True,draftkings,2026-05-02T22:11:55.654295
De'Aaron Fox,,,219920e3a715ceb3dc69f3638f7571d5,2026-05-05,01:40,rebounds,5.5,238.0,,True,draftkings,2026-05-02T22:11:55.654297
De'Aaron Fox,,,219920e3a715ceb3dc69f3638f7571d5,2026-05-05,01:40,rebounds,6.5,462.0,,True,draftkings,2026-05-02T22:11:55.654299
De'Aaron Fox,,,219920e3a715ceb3dc69f3638f7571d5,2026-05-05,01:40,rebounds,7.5,880.0,,True,draftkings,2026-05-02T22:11:55.654301
De'Aaron Fox,,,219920e3a715ceb3dc69f3638f7571d5,2026-05-05,01:40,rebounds,8.5,1580.0,,True,draftkings,2026-05-02T22:11:55.654302
De'Aaron Fox,,,219920e3a715ceb3dc69f3638f7571d5,2026-05-05,01:40,rebounds,9.5,2500.0,,True,draftkings,2026-05-02T22:11:55.654304
Keldon Johnson,,,219920e3a715ceb3dc69f3638f7571d5,2026-05-05,01:40,rebounds,2.5,-244.0,,True,draftkings,2026-05-02T22:11:55.654306
Keldon Johnson,,,219920e3a715ceb3dc69f3638f7571d5,2026-05-05,01:40,rebounds,3.5,-106.0,,True,draftkings,2026-05-02T22:11:55.654307
Keldon Johnson,,,219920e3a715ceb3dc69f3638f7571d5,2026-05-05,01:40,rebounds,4.5,195.0,,True,draftkings,2026-05-02T22:11:55.654309
Keldon Johnson,,,219920e3a715ceb3dc69f3638f7571d5,2026-05-05,01:40,rebounds,5.5,388.0,,True,draftkings,2026-05-02T22:11:55.654311
Keldon Johnson,,,219920e3a715ceb3dc69f3638f7571d5,2026-05-05,01:40,rebounds,6.5,730.0,,True,draftkings,2026-05-02T22:11:55.654313
Keldon Johnson,,,219920e3a715ceb3dc69f3638f7571d5,2026-05-05,01:40,rebounds,7.5,1340.0,,True,draftkings,2026-05-02T22:11:55.654314
Keldon Johnson,,,219920e3a715ceb3dc69f3638f7571d5,2026-05-05,01:40,rebounds,8.5,2200.0,,True,draftkings,2026-05-02T22:11:55.654316
Dylan Harper,,,219920e3a715ceb3dc69f3638f7571d5,2026-05-05,01:40,rebounds,2.5,-137.0,,True,draftkings,2026-05-02T22:11:55.654318
Dylan Harper,,,219920e3a715ceb3dc69f3638f7571d5,2026-05-05,01:40,rebounds,3.5,175.0,,True,draftkings,2026-05-02T22:11:55.654319
Dylan Harper,,,219920e3a715ceb3dc69f3638f7571d5,2026-05-05,01:40,rebounds,4.5,385.0,,True,draftkings,2026-05-02T22:11:55.654321
Dylan Harper,,,219920e3a715ceb3dc69f3638f7571d5,2026-05-05,01:40,rebounds,5.5,810.0,,True,draftkings,2026-05-02T22:11:55.654323
Dylan Harper,,,219920e3a715ceb3dc69f3638f7571d5,2026-05-05,01:40,rebounds,6.5,1600.0,,True,draftkings,2026-05-02T22:11:55.654324
Dylan Harper,,,219920e3a715ceb3dc69f3638f7571d5,2026-05-05,01:40,rebounds,7.5,2500.0,,True,draftkings,2026-05-02T22:11:55.654326
Mike Conley,,,219920e3a715ceb3dc69f3638f7571d5,2026-05-05,01:40,rebounds,2.5,-106.0,,True,draftkings,2026-05-02T22:11:55.654328
Mike Conley,,,219920e3a715ceb3dc69f3638f7571d5,2026-05-05,01:40,rebounds,3.5,223.0,,True,draftkings,2026-05-02T22:11:55.654329
Mike Conley,,,219920e3a715ceb3dc69f3638f7571d5,2026-05-05,01:40,rebounds,4.5,480.0,,True,draftkings,2026-05-02T22:11:55.654331
Mike Conley,,,219920e3a715ceb3dc69f3638f7571d5,2026-05-05,01:40,rebounds,5.5,970.0,,True,draftkings,2026-05-02T22:11:55.654333
Mike Conley,,,219920e3a715ceb3dc69f3638f7571d5,2026-05-05,01:40,rebounds,6.5,1800.0,,True,draftkings,2026-05-02T22:11:55.654334
Mike Conley,,,219920e3a715ceb3dc69f3638f7571d5,2026-05-05,01:40,rebounds,7.5,2800.0,,True,draftkings,2026-05-02T22:11:55.654336
Victor Wembanyama,,,219920e3a715ceb3dc69f3638f7571d5,2026-05-05,01:40,threes,2.5,114.0,-150.0,False,draftkings,2026-05-02T22:11:55.654357
Devin Vassell,,,219920e3a715ceb3dc69f3638f7571d5,2026-05-05,01:40,threes,1.5,-196.0,147.0,False,draftkings,2026-05-02T22:11:55.654359
Julian Champagnie,,,219920e3a715ceb3dc69f3638f7571d5,2026-05-05,01:40,threes,1.5,-181.0,136.0,False,draftkings,2026-05-02T22:11:55.654360
Ayo Dosunmu,,,219920e3a715ceb3dc69f3638f7571d5,2026-05-05,01:40,threes,1.5,-172.0,130.0,False,draftkings,2026-05-02T22:11:55.654363
De'Aaron Fox,,,219920e3a715ceb3dc69f3638f7571d5,2026-05-05,01:40,threes,1.5,-126.0,-104.0,False,draftkings,2026-05-02T22:11:55.654364
Naz Reid,,,219920e3a715ceb3dc69f3638f7571d5,2026-05-05,01:40,threes,1.5,-114.0,-115.0,False,draftkings,2026-05-02T22:11:55.654366
Jaden McDaniels,,,219920e3a715ceb3dc69f3638f7571d5,2026-05-05,01:40,threes,1.5,100.0,-132.0,False,draftkings,2026-05-02T22:11:55.654368
Julius Randle,,,219920e3a715ceb3dc69f3638f7571d5,2026-05-05,01:40,threes,1.5,117.0,-154.0,False,draftkings,2026-05-02T22:11:55.654369
Stephon Castle,,,219920e3a715ceb3dc69f3638f7571d5,2026-05-05,01:40,threes,1.5,141.0,-187.0,False,draftkings,2026-05-02T22:11:55.654371
Mike Conley,,,219920e3a715ceb3dc69f3638f7571d5,2026-05-05,01:40,threes,1.5,142.0,-189.0,False,draftkings,2026-05-02T22:11:55.654373
Keldon Johnson,,,219920e3a715ceb3dc69f3638f7571d5,2026-05-05,01:40,threes,0.5,-168.0,127.0,False,draftkings,2026-05-02T22:11:55.654374
Victor Wembanyama,,,219920e3a715ceb3dc69f3638f7571d5,2026-05-05,01:40,threes,0.5,-1120.0,,True,draftkings,2026-05-02T22:11:55.654405
Victor Wembanyama,,,219920e3a715ceb3dc69f3638f7571d5,2026-05-05,01:40,threes,1.5,-242.0,,True,draftkings,2026-05-02T22:11:55.654408
Victor Wembanyama,,,219920e3a715ceb3dc69f3638f7571d5,2026-05-05,01:40,threes,2.5,114.0,,True,draftkings,2026-05-02T22:11:55.654410
Victor Wembanyama,,,219920e3a715ceb3dc69f3638f7571d5,2026-05-05,01:40,threes,3.5,271.0,,True,draftkings,2026-05-02T22:11:55.654411
Victor Wembanyama,,,219920e3a715ceb3dc69f3638f7571d5,2026-05-05,01:40,threes,4.5,599.0,,True,draftkings,2026-05-02T22:11:55.654415
Victor Wembanyama,,,219920e3a715ceb3dc69f3638f7571d5,2026-05-05,01:40,threes,5.5,1200.0,,True,draftkings,2026-05-02T22:11:55.654417
Victor Wembanyama,,,219920e3a715ceb3dc69f3638f7571d5,2026-05-05,01:40,threes,6.5,2200.0,,True,draftkings,2026-05-02T22:11:55.654419
Julian Champagnie,,,219920e3a715ceb3dc69f3638f7571d5,2026-05-05,01:40,threes,0.5,-910.0,,True,draftkings,2026-05-02T22:11:55.654421
Julian Champagnie,,,219920e3a715ceb3dc69f3638f7571d5,2026-05-05,01:40,threes,1.5,-185.0,,True,draftkings,2026-05-02T22:11:55.654423
Julian Champagnie,,,219920e3a715ceb3dc69f3638f7571d5,2026-05-05,01:40,threes,2.5,157.0,,True,draftkings,2026-05-02T22:11:55.654424
Julian Champagnie,,,219920e3a715ceb3dc69f3638f7571d5,2026-05-05,01:40,threes,3.5,402.0,,True,draftkings,2026-05-02T22:11:55.654426
Julian Champagnie,,,219920e3a715ceb3dc69f3638f7571d5,2026-05-05,01:40,threes,4.5,920.0,,True,draftkings,2026-05-02T22:11:55.654428
Julian Champagnie,,,219920e3a715ceb3dc69f3638f7571d5,2026-05-05,01:40,threes,5.5,1880.0,,True,draftkings,2026-05-02T22:11:55.654429
Ayo Dosunmu,,,219920e3a715ceb3dc69f3638f7571d5,2026-05-05,01:40,threes,0.5,-780.0,,True,draftkings,2026-05-02T22:11:55.654431
Ayo Dosunmu,,,219920e3a715ceb3dc69f3638f7571d5,2026-05-05,01:40,threes,1.5,-170.0,,True,draftkings,2026-05-02T22:11:55.654433
Ayo Dosunmu,,,219920e3a715ceb3dc69f3638f7571d5,2026-05-05,01:40,threes,2.5,172.0,,True,draftkings,2026-05-02T22:11:55.654434
Ayo Dosunmu,,,219920e3a715ceb3dc69f3638f7571d5,2026-05-05,01:40,threes,3.5,428.0,,True,draftkings,2026-05-02T22:11:55.654436
Ayo Dosunmu,,,219920e3a715ceb3dc69f3638f7571d5,2026-05-05,01:40,threes,4.5,960.0,,True,draftkings,2026-05-02T22:11:55.654438
Ayo Dosunmu,,,219920e3a715ceb3dc69f3638f7571d5,2026-05-05,01:40,threes,5.5,1960.0,,True,draftkings,2026-05-02T22:11:55.654440
Devin Vassell,,,219920e3a715ceb3dc69f3638f7571d5,2026-05-05,01:40,threes,0.5,-970.0,,True,draftkings,2026-05-02T22:11:55.654441
Devin Vassell,,,219920e3a715ceb3dc69f3638f7571d5,2026-05-05,01:40,threes,1.5,-194.0,,True,draftkings,2026-05-02T22:11:55.654443
Devin Vassell,,,219920e3a715ceb3dc69f3638f7571d5,2026-05-05,01:40,threes,2.5,151.0,,True,draftkings,2026-05-02T22:11:55.654445
Devin Vassell,,,219920e3a715ceb3dc69f3638f7571d5,2026-05-05,01:40,threes,3.5,389.0,,True,draftkings,2026-05-02T22:11:55.654446
Devin Vassell,,,219920e3a715ceb3dc69f3638f7571d5,2026-05-05,01:40,threes,4.5,930.0,,True,draftkings,2026-05-02T22:11:55.654448
Devin Vassell,,,219920e3a715ceb3dc69f3638f7571d5,2026-05-05,01:40,threes,5.5,2000.0,,True,draftkings,2026-05-02T22:11:55.654450
De'Aaron Fox,,,219920e3a715ceb3dc69f3638f7571d5,2026-05-05,01:40,threes,0.5,-566.0,,True,draftkings,2026-05-02T22:11:55.654452
De'Aaron Fox,,,219920e3a715ceb3dc69f3638f7571d5,2026-05-05,01:40,threes,1.5,-123.0,,True,draftkings,2026-05-02T22:11:55.654453
De'Aaron Fox,,,219920e3a715ceb3dc69f3638f7571d5,2026-05-05,01:40,threes,2.5,241.0,,True,draftkings,2026-05-02T22:11:55.654455
De'Aaron Fox,,,219920e3a715ceb3dc69f3638f7571d5,2026-05-05,01:40,threes,3.5,640.0,,True,draftkings,2026-05-02T22:11:55.654456
De'Aaron Fox,,,219920e3a715ceb3dc69f3638f7571d5,2026-05-05,01:40,threes,4.5,1520.0,,True,draftkings,2026-05-02T22:11:55.654458
De'Aaron Fox,,,219920e3a715ceb3dc69f3638f7571d5,2026-05-05,01:40,threes,5.5,2900.0,,True,draftkings,2026-05-02T22:11:55.654460
Naz Reid,,,219920e3a715ceb3dc69f3638f7571d5,2026-05-05,01:40,threes,0.5,-504.0,,True,draftkings,2026-05-02T22:11:55.654462
Naz Reid,,,219920e3a715ceb3dc69f3638f7571d5,2026-05-05,01:40,threes,1.5,-113.0,,True,draftkings,2026-05-02T22:11:55.654463
Naz Reid,,,219920e3a715ceb3dc69f3638f7571d5,2026-05-05,01:40,threes,2.5,260.0,,True,draftkings,2026-05-02T22:11:55.654465
Naz Reid,,,219920e3a715ceb3dc69f3638f7571d5,2026-05-05,01:40,threes,3.5,660.0,,True,draftkings,2026-05-02T22:11:55.654467
Naz Reid,,,219920e3a715ceb3dc69f3638f7571d5,2026-05-05,01:40,threes,4.5,1540.0,,True,draftkings,2026-05-02T22:11:55.654471
Naz Reid,,,219920e3a715ceb3dc69f3638f7571d5,2026-05-05,01:40,threes,5.5,2900.0,,True,draftkings,2026-05-02T22:11:55.654473
Jaden McDaniels,,,219920e3a715ceb3dc69f3638f7571d5,2026-05-05,01:40,threes,0.5,-433.0,,True,draftkings,2026-05-02T22:11:55.654474
Jaden McDaniels,,,219920e3a715ceb3dc69f3638f7571d5,2026-05-05,01:40,threes,1.5,100.0,,True,draftkings,2026-05-02T22:11:55.654476
Jaden McDaniels,,,219920e3a715ceb3dc69f3638f7571d5,2026-05-05,01:40,threes,2.5,302.0,,True,draftkings,2026-05-02T22:11:55.654478
Jaden McDaniels,,,219920e3a715ceb3dc69f3638f7571d5,2026-05-05,01:40,threes,3.5,790.0,,True,draftkings,2026-05-02T22:11:55.654480
Jaden McDaniels,,,219920e3a715ceb3dc69f3638f7571d5,2026-05-05,01:40,threes,4.5,1780.0,,True,draftkings,2026-05-02T22:11:55.654482
Julius Randle,,,219920e3a715ceb3dc69f3638f7571d5,2026-05-05,01:40,threes,0.5,-366.0,,True,draftkings,2026-05-02T22:11:55.654483
Julius Randle,,,219920e3a715ceb3dc69f3638f7571d5,2026-05-05,01:40,threes,1.5,116.0,,True,draftkings,2026-05-02T22:11:55.654485
Julius Randle,,,219920e3a715ceb3dc69f3638f7571d5,2026-05-05,01:40,threes,2.5,355.0,,True,draftkings,2026-05-02T22:11:55.654487
Julius Randle,,,219920e3a715ceb3dc69f3638f7571d5,2026-05-05,01:40,threes,3.5,920.0,,True,draftkings,2026-05-02T22:11:55.654489
Julius Randle,,,219920e3a715ceb3dc69f3638f7571d5,2026-05-05,01:40,threes,4.5,2000.0,,True,draftkings,2026-05-02T22:11:55.654503
Mike Conley,,,219920e3a715ceb3dc69f3638f7571d5,2026-05-05,01:40,threes,0.5,-301.0,,True,draftkings,2026-05-02T22:11:55.654505
Mike Conley,,,219920e3a715ceb3dc69f3638f7571d5,2026-05-05,01:40,threes,1.5,143.0,,True,draftkings,2026-05-02T22:11:55.654509
Mike Conley,,,219920e3a715ceb3dc69f3638f7571d5,2026-05-05,01:40,threes,2.5,434.0,,True,draftkings,2026-05-02T22:11:55.654511
Mike Conley,,,219920e3a715ceb3dc69f3638f7571d5,2026-05-05,01:40,threes,3.5,1140.0,,True,draftkings,2026-05-02T22:11:55.654512
Mike Conley,,,219920e3a715ceb3dc69f3638f7571d5,2026-05-05,01:40,threes,4.5,2400.0,,True,draftkings,2026-05-02T22:11:55.654514
Stephon Castle,,,219920e3a715ceb3dc69f3638f7571d5,2026-05-05,01:40,threes,0.5,-316.0,,True,draftkings,2026-05-02T22:11:55.654516
Stephon Castle,,,219920e3a715ceb3dc69f3638f7571d5,2026-05-05,01:40,threes,1.5,141.0,,True,draftkings,2026-05-02T22:11:55.654517
Stephon Castle,,,219920e3a715ceb3dc69f3638f7571d5,2026-05-05,01:40,threes,2.5,452.0,,True,draftkings,2026-05-02T22:11:55.654519
Stephon Castle,,,219920e3a715ceb3dc69f3638f7571d5,2026-05-05,01:40,threes,3.5,1260.0,,True,draftkings,2026-05-02T22:11:55.654523
Stephon Castle,,,219920e3a715ceb3dc69f3638f7571d5,2026-05-05,01:40,threes,4.5,2700.0,,True,draftkings,2026-05-02T22:11:55.654525
Keldon Johnson,,,219920e3a715ceb3dc69f3638f7571d5,2026-05-05,01:40,threes,0.5,-169.0,,True,draftkings,2026-05-02T22:11:55.654526
Keldon Johnson,,,219920e3a715ceb3dc69f3638f7571d5,2026-05-05,01:40,threes,1.5,263.0,,True,draftkings,2026-05-02T22:11:55.654528
Keldon Johnson,,,219920e3a715ceb3dc69f3638f7571d5,2026-05-05,01:40,threes,2.5,850.0,,True,draftkings,2026-05-02T22:11:55.654530
Keldon Johnson,,,219920e3a715ceb3dc69f3638f7571d5,2026-05-05,01:40,threes,3.5,2100.0,,True,draftkings,2026-05-02T22:11:55.654531
LeBron James,,,689b4554b0b10e67f46872eb2e74b98d,2026-05-06,01:40,assists,7.5,-118.0,-112.0,False,draftkings,2026-05-02T22:11:55.716478
Shai Gilgeous-Alexander,,,689b4554b0b10e67f46872eb2e74b98d,2026-05-06,01:40,assists,7.5,101.0,-132.0,False,draftkings,2026-05-02T22:11:55.716504
Austin Reaves,,,689b4554b0b10e67f46872eb2e74b98d,2026-05-06,01:40,assists,5.5,110.0,-145.0,False,draftkings,2026-05-02T22:11:55.716507
Jalen Williams,,,689b4554b0b10e67f46872eb2e74b98d,2026-05-06,01:40,assists,4.5,-130.0,-101.0,False,draftkings,2026-05-02T22:11:55.716509
Ajay Mitchell,,,689b4554b0b10e67f46872eb2e74b98d,2026-05-06,01:40,assists,3.5,104.0,-137.0,False,draftkings,2026-05-02T22:11:55.716511
Isaiah Hartenstein,,,689b4554b0b10e67f46872eb2e74b98d,2026-05-06,01:40,assists,2.5,-144.0,109.0,False,draftkings,2026-05-02T22:11:55.716513
Marcus Smart,,,689b4554b0b10e67f46872eb2e74b98d,2026-05-06,01:40,assists,2.5,-135.0,103.0,False,draftkings,2026-05-02T22:11:55.716514
Cason Wallace,,,689b4554b0b10e67f46872eb2e74b98d,2026-05-06,01:40,assists,1.5,-192.0,145.0,False,draftkings,2026-05-02T22:11:55.716516
Chet Holmgren,,,689b4554b0b10e67f46872eb2e74b98d,2026-05-06,01:40,assists,1.5,-119.0,-110.0,False,draftkings,2026-05-02T22:11:55.716518
Luguentz Dort,,,689b4554b0b10e67f46872eb2e74b98d,2026-05-06,01:40,assists,1.5,130.0,-172.0,False,draftkings,2026-05-02T22:11:55.716520
Rui Hachimura,,,689b4554b0b10e67f46872eb2e74b98d,2026-05-06,01:40,assists,0.5,-232.0,173.0,False,draftkings,2026-05-02T22:11:55.716524
LeBron James,,,689b4554b0b10e67f46872eb2e74b98d,2026-05-06,01:40,assists,3.5,-2400.0,,True,draftkings,2026-05-02T22:11:55.716575
LeBron James,,,689b4554b0b10e67f46872eb2e74b98d,2026-05-06,01:40,assists,4.5,-810.0,,True,draftkings,2026-05-02T22:11:55.716577
LeBron James,,,689b4554b0b10e67f46872eb2e74b98d,2026-05-06,01:40,assists,5.5,-382.0,,True,draftkings,2026-05-02T22:11:55.716579
LeBron James,,,689b4554b0b10e67f46872eb2e74b98d,2026-05-06,01:40,assists,6.5,-202.0,,True,draftkings,2026-05-02T22:11:55.716581
LeBron James,,,689b4554b0b10e67f46872eb2e74b98d,2026-05-06,01:40,assists,7.5,-115.0,,True,draftkings,2026-05-02T22:11:55.716583
LeBron James,,,689b4554b0b10e67f46872eb2e74b98d,2026-05-06,01:40,assists,8.5,145.0,,True,draftkings,2026-05-02T22:11:55.716584
LeBron James,,,689b4554b0b10e67f46872eb2e74b98d,2026-05-06,01:40,assists,9.5,243.0,,True,draftkings,2026-05-02T22:11:55.716586
LeBron James,,,689b4554b0b10e67f46872eb2e74b98d,2026-05-06,01:40,assists,10.5,395.0,,True,draftkings,2026-05-02T22:11:55.716588
LeBron James,,,689b4554b0b10e67f46872eb2e74b98d,2026-05-06,01:40,assists,11.5,650.0,,True,draftkings,2026-05-02T22:11:55.716589
LeBron James,,,689b4554b0b10e67f46872eb2e74b98d,2026-05-06,01:40,assists,12.5,1020.0,,True,draftkings,2026-05-02T22:11:55.716591
LeBron James,,,689b4554b0b10e67f46872eb2e74b98d,2026-05-06,01:40,assists,13.5,1580.0,,True,draftkings,2026-05-02T22:11:55.716593
LeBron James,,,689b4554b0b10e67f46872eb2e74b98d,2026-05-06,01:40,assists,14.5,2300.0,,True,draftkings,2026-05-02T22:11:55.716594
Shai Gilgeous-Alexander,,,689b4554b0b10e67f46872eb2e74b98d,2026-05-06,01:40,assists,3.5,-2300.0,,True,draftkings,2026-05-02T22:11:55.716596
Shai Gilgeous-Alexander,,,689b4554b0b10e67f46872eb2e74b98d,2026-05-06,01:40,assists,4.5,-760.0,,True,draftkings,2026-05-02T22:11:55.716598
Shai Gilgeous-Alexander,,,689b4554b0b10e67f46872eb2e74b98d,2026-05-06,01:40,assists,5.5,-345.0,,True,draftkings,2026-05-02T22:11:55.716599
Shai Gilgeous-Alexander,,,689b4554b0b10e67f46872eb2e74b98d,2026-05-06,01:40,assists,6.5,-178.0,,True,draftkings,2026-05-02T22:11:55.716601
Shai Gilgeous-Alexander,,,689b4554b0b10e67f46872eb2e74b98d,2026-05-06,01:40,assists,7.5,101.0,,True,draftkings,2026-05-02T22:11:55.716603
Shai Gilgeous-Alexander,,,689b4554b0b10e67f46872eb2e74b98d,2026-05-06,01:40,assists,8.5,176.0,,True,draftkings,2026-05-02T22:11:55.716605
Shai Gilgeous-Alexander,,,689b4554b0b10e67f46872eb2e74b98d,2026-05-06,01:40,assists,9.5,301.0,,True,draftkings,2026-05-02T22:11:55.716606
Shai Gilgeous-Alexander,,,689b4554b0b10e67f46872eb2e74b98d,2026-05-06,01:40,assists,10.5,529.0,,True,draftkings,2026-05-02T22:11:55.716608
Shai Gilgeous-Alexander,,,689b4554b0b10e67f46872eb2e74b98d,2026-05-06,01:40,assists,11.5,890.0,,True,draftkings,2026-05-02T22:11:55.716610
Shai Gilgeous-Alexander,,,689b4554b0b10e67f46872eb2e74b98d,2026-05-06,01:40,assists,12.5,1420.0,,True,draftkings,2026-05-02T22:11:55.716611
Shai Gilgeous-Alexander,,,689b4554b0b10e67f46872eb2e74b98d,2026-05-06,01:40,assists,13.5,2100.0,,True,draftkings,2026-05-02T22:11:55.716616
Austin Reaves,,,689b4554b0b10e67f46872eb2e74b98d,2026-05-06,01:40,assists,2.5,-1120.0,,True,draftkings,2026-05-02T22:11:55.716618
Austin Reaves,,,689b4554b0b10e67f46872eb2e74b98d,2026-05-06,01:40,assists,3.5,-385.0,,True,draftkings,2026-05-02T22:11:55.716622
Austin Reaves,,,689b4554b0b10e67f46872eb2e74b98d,2026-05-06,01:40,assists,4.5,-177.0,,True,draftkings,2026-05-02T22:11:55.716623
Austin Reaves,,,689b4554b0b10e67f46872eb2e74b98d,2026-05-06,01:40,assists,5.5,110.0,,True,draftkings,2026-05-02T22:11:55.716625
Austin Reaves,,,689b4554b0b10e67f46872eb2e74b98d,2026-05-06,01:40,assists,6.5,202.0,,True,draftkings,2026-05-02T22:11:55.716627
Austin Reaves,,,689b4554b0b10e67f46872eb2e74b98d,2026-05-06,01:40,assists,7.5,364.0,,True,draftkings,2026-05-02T22:11:55.716628
Austin Reaves,,,689b4554b0b10e67f46872eb2e74b98d,2026-05-06,01:40,assists,8.5,640.0,,True,draftkings,2026-05-02T22:11:55.716630
Austin Reaves,,,689b4554b0b10e67f46872eb2e74b98d,2026-05-06,01:40,assists,9.5,1120.0,,True,draftkings,2026-05-02T22:11:55.716632
Austin Reaves,,,689b4554b0b10e67f46872eb2e74b98d,2026-05-06,01:40,assists,10.5,1860.0,,True,draftkings,2026-05-02T22:11:55.716633
Austin Reaves,,,689b4554b0b10e67f46872eb2e74b98d,2026-05-06,01:40,assists,11.5,2700.0,,True,draftkings,2026-05-02T22:11:55.716635
Jalen Williams,,,689b4554b0b10e67f46872eb2e74b98d,2026-05-06,01:40,assists,2.5,-750.0,,True,draftkings,2026-05-02T22:11:55.716637
Jalen Williams,,,689b4554b0b10e67f46872eb2e74b98d,2026-05-06,01:40,assists,3.5,-291.0,,True,draftkings,2026-05-02T22:11:55.716638
Jalen Williams,,,689b4554b0b10e67f46872eb2e74b98d,2026-05-06,01:40,assists,4.5,-130.0,,True,draftkings,2026-05-02T22:11:55.716640
Jalen Williams,,,689b4554b0b10e67f46872eb2e74b98d,2026-05-06,01:40,assists,5.5,146.0,,True,draftkings,2026-05-02T22:11:55.716642
Jalen Williams,,,689b4554b0b10e67f46872eb2e74b98d,2026-05-06,01:40,assists,6.5,270.0,,True,draftkings,2026-05-02T22:11:55.716644
Jalen Williams,,,689b4554b0b10e67f46872eb2e74b98d,2026-05-06,01:40,assists,7.5,506.0,,True,draftkings,2026-05-02T22:11:55.716645
Jalen Williams,,,689b4554b0b10e67f46872eb2e74b98d,2026-05-06,01:40,assists,8.5,890.0,,True,draftkings,2026-05-02T22:11:55.716647
Jalen Williams,,,689b4554b0b10e67f46872eb2e74b98d,2026-05-06,01:40,assists,9.5,1500.0,,True,draftkings,2026-05-02T22:11:55.716649
Jalen Williams,,,689b4554b0b10e67f46872eb2e74b98d,2026-05-06,01:40,assists,10.5,2300.0,,True,draftkings,2026-05-02T22:11:55.716650
Ajay Mitchell,,,689b4554b0b10e67f46872eb2e74b98d,2026-05-06,01:40,assists,2.5,-224.0,,True,draftkings,2026-05-02T22:11:55.716652
Ajay Mitchell,,,689b4554b0b10e67f46872eb2e74b98d,2026-05-06,01:40,assists,3.5,106.0,,True,draftkings,2026-05-02T22:11:55.716654
Ajay Mitchell,,,689b4554b0b10e67f46872eb2e74b98d,2026-05-06,01:40,assists,4.5,227.0,,True,draftkings,2026-05-02T22:11:55.716656
Ajay Mitchell,,,689b4554b0b10e67f46872eb2e74b98d,2026-05-06,01:40,assists,5.5,457.0,,True,draftkings,2026-05-02T22:11:55.716657
Ajay Mitchell,,,689b4554b0b10e67f46872eb2e74b98d,2026-05-06,01:40,assists,6.5,870.0,,True,draftkings,2026-05-02T22:11:55.716659
Ajay Mitchell,,,689b4554b0b10e67f46872eb2e74b98d,2026-05-06,01:40,assists,7.5,1580.0,,True,draftkings,2026-05-02T22:11:55.716661
Ajay Mitchell,,,689b4554b0b10e67f46872eb2e74b98d,2026-05-06,01:40,assists,8.5,2600.0,,True,draftkings,2026-05-02T22:11:55.716662
Marcus Smart,,,689b4554b0b10e67f46872eb2e74b98d,2026-05-06,01:40,assists,2.5,-137.0,,True,draftkings,2026-05-02T22:11:55.716664
Marcus Smart,,,689b4554b0b10e67f46872eb2e74b98d,2026-05-06,01:40,assists,3.5,175.0,,True,draftkings,2026-05-02T22:11:55.716666
Marcus Smart,,,689b4554b0b10e67f46872eb2e74b98d,2026-05-06,01:40,assists,4.5,387.0,,True,draftkings,2026-05-02T22:11:55.716667
Marcus Smart,,,689b4554b0b10e67f46872eb2e74b98d,2026-05-06,01:40,assists,5.5,830.0,,True,draftkings,2026-05-02T22:11:55.716669
Marcus Smart,,,689b4554b0b10e67f46872eb2e74b98d,2026-05-06,01:40,assists,6.5,1580.0,,True,draftkings,2026-05-02T22:11:55.716671
Marcus Smart,,,689b4554b0b10e67f46872eb2e74b98d,2026-05-06,01:40,assists,7.5,2500.0,,True,draftkings,2026-05-02T22:11:55.716673
Isaiah Hartenstein,,,689b4554b0b10e67f46872eb2e74b98d,2026-05-06,01:40,assists,2.5,-142.0,,True,draftkings,2026-05-02T22:11:55.716674
Isaiah Hartenstein,,,689b4554b0b10e67f46872eb2e74b98d,2026-05-06,01:40,assists,3.5,175.0,,True,draftkings,2026-05-02T22:11:55.716678
Isaiah Hartenstein,,,689b4554b0b10e67f46872eb2e74b98d,2026-05-06,01:40,assists,4.5,409.0,,True,draftkings,2026-05-02T22:11:55.716682
Isaiah Hartenstein,,,689b4554b0b10e67f46872eb2e74b98d,2026-05-06,01:40,assists,5.5,870.0,,True,draftkings,2026-05-02T22:11:55.716684
Isaiah Hartenstein,,,689b4554b0b10e67f46872eb2e74b98d,2026-05-06,01:40,assists,6.5,1700.0,,True,draftkings,2026-05-02T22:11:55.716686
Isaiah Hartenstein,,,689b4554b0b10e67f46872eb2e74b98d,2026-05-06,01:40,assists,7.5,2900.0,,True,draftkings,2026-05-02T22:11:55.716687
Cason Wallace,,,689b4554b0b10e67f46872eb2e74b98d,2026-05-06,01:40,assists,1.5,-194.0,,True,draftkings,2026-05-02T22:11:55.716689
Cason Wallace,,,689b4554b0b10e67f46872eb2e74b98d,2026-05-06,01:40,assists,2.5,156.0,,True,draftkings,2026-05-02T22:11:55.716691
Cason Wallace,,,689b4554b0b10e67f46872eb2e74b98d,2026-05-06,01:40,assists,3.5,410.0,,True,draftkings,2026-05-02T22:11:55.716693
Cason Wallace,,,689b4554b0b10e67f46872eb2e74b98d,2026-05-06,01:40,assists,4.5,970.0,,True,draftkings,2026-05-02T22:11:55.716694
Cason Wallace,,,689b4554b0b10e67f46872eb2e74b98d,2026-05-06,01:40,assists,5.5,1980.0,,True,draftkings,2026-05-02T22:11:55.716696
Chet Holmgren,,,689b4554b0b10e67f46872eb2e74b98d,2026-05-06,01:40,assists,1.5,-119.0,,True,draftkings,2026-05-02T22:11:55.716698
Chet Holmgren,,,689b4554b0b10e67f46872eb2e74b98d,2026-05-06,01:40,assists,2.5,261.0,,True,draftkings,2026-05-02T22:11:55.716700
Chet Holmgren,,,689b4554b0b10e67f46872eb2e74b98d,2026-05-06,01:40,assists,3.5,720.0,,True,draftkings,2026-05-02T22:11:55.716702
Chet Holmgren,,,689b4554b0b10e67f46872eb2e74b98d,2026-05-06,01:40,assists,4.5,1660.0,,True,draftkings,2026-05-02T22:11:55.716703
Luguentz Dort,,,689b4554b0b10e67f46872eb2e74b98d,2026-05-06,01:40,assists,1.5,133.0,,True,draftkings,2026-05-02T22:11:55.716705
Luguentz Dort,,,689b4554b0b10e67f46872eb2e74b98d,2026-05-06,01:40,assists,2.5,422.0,,True,draftkings,2026-05-02T22:11:55.716707
Luguentz Dort,,,689b4554b0b10e67f46872eb2e74b98d,2026-05-06,01:40,assists,3.5,1140.0,,True,draftkings,2026-05-02T22:11:55.716708
Luguentz Dort,,,689b4554b0b10e67f46872eb2e74b98d,2026-05-06,01:40,assists,4.5,2500.0,,True,draftkings,2026-05-02T22:11:55.716712
Rui Hachimura,,,689b4554b0b10e67f46872eb2e74b98d,2026-05-06,01:40,assists,0.5,-238.0,,True,draftkings,2026-05-02T22:11:55.716714
Rui Hachimura,,,689b4554b0b10e67f46872eb2e74b98d,2026-05-06,01:40,assists,2.5,650.0,,True,draftkings,2026-05-02T22:11:55.716715
Rui Hachimura,,,689b4554b0b10e67f46872eb2e74b98d,2026-05-06,01:40,assists,3.5,1760.0,,True,draftkings,2026-05-02T22:11:55.716717
Deandre Ayton,,,689b4554b0b10e67f46872eb2e74b98d,2026-05-06,01:40,assists,0.5,-148.0,,True,draftkings,2026-05-02T22:11:55.716719
Deandre Ayton,,,689b4554b0b10e67f46872eb2e74b98d,2026-05-06,01:40,assists,2.5,1180.0,,True,draftkings,2026-05-02T22:11:55.716721
Deandre Ayton,,,689b4554b0b10e67f46872eb2e74b98d,2026-05-06,01:40,assists,3.5,2900.0,,True,draftkings,2026-05-02T22:11:55.716722
Shai Gilgeous-Alexander,,,689b4554b0b10e67f46872eb2e74b98d,2026-05-06,01:40,points,31.5,-109.0,-117.0,False,draftkings,2026-05-02T22:11:55.716740
Austin Reaves,,,689b4554b0b10e67f46872eb2e74b98d,2026-05-06,01:40,points,22.5,-106.0,-120.0,False,draftkings,2026-05-02T22:11:55.716742
LeBron James,,,689b4554b0b10e67f46872eb2e74b98d,2026-05-06,01:40,points,20.5,-116.0,-110.0,False,draftkings,2026-05-02T22:11:55.716744
Chet Holmgren,,,689b4554b0b10e67f46872eb2e74b98d,2026-05-06,01:40,points,16.5,-122.0,-104.0,False,draftkings,2026-05-02T22:11:55.716746
Jalen Williams,,,689b4554b0b10e67f46872eb2e74b98d,2026-05-06,01:40,points,16.5,-106.0,-121.0,False,draftkings,2026-05-02T22:11:55.716748
Ajay Mitchell,,,689b4554b0b10e67f46872eb2e74b98d,2026-05-06,01:40,points,15.5,-108.0,-118.0,False,draftkings,2026-05-02T22:11:55.716750
Rui Hachimura,,,689b4554b0b10e67f46872eb2e74b98d,2026-05-06,01:40,points,11.5,-113.0,-113.0,False,draftkings,2026-05-02T22:11:55.716752
Deandre Ayton,,,689b4554b0b10e67f46872eb2e74b98d,2026-05-06,01:40,points,10.5,-118.0,-108.0,False,draftkings,2026-05-02T22:11:55.716754
Marcus Smart,,,689b4554b0b10e67f46872eb2e74b98d,2026-05-06,01:40,points,10.5,-112.0,-114.0,False,draftkings,2026-05-02T22:11:55.716758
Isaiah Hartenstein,,,689b4554b0b10e67f46872eb2e74b98d,2026-05-06,01:40,points,8.5,111.0,-141.0,False,draftkings,2026-05-02T22:11:55.716760
Luke Kennard,,,689b4554b0b10e67f46872eb2e74b98d,2026-05-06,01:40,points,7.5,-110.0,-116.0,False,draftkings,2026-05-02T22:11:55.716761
Cason Wallace,,,689b4554b0b10e67f46872eb2e74b98d,2026-05-06,01:40,points,6.5,-131.0,103.0,False,draftkings,2026-05-02T22:11:55.716763
Luguentz Dort,,,689b4554b0b10e67f46872eb2e74b98d,2026-05-06,01:40,points,6.5,-111.0,-115.0,False,draftkings,2026-05-02T22:11:55.716765
Shai Gilgeous-Alexander,,,689b4554b0b10e67f46872eb2e74b98d,2026-05-06,01:40,points,19.5,-2900.0,,True,draftkings,2026-05-02T22:11:55.716823
Shai Gilgeous-Alexander,,,689b4554b0b10e67f46872eb2e74b98d,2026-05-06,01:40,points,24.5,-557.0,,True,draftkings,2026-05-02T22:11:55.716825
Shai Gilgeous-Alexander,,,689b4554b0b10e67f46872eb2e74b98d,2026-05-06,01:40,points,29.5,-169.0,,True,draftkings,2026-05-02T22:11:55.716827
Shai Gilgeous-Alexander,,,689b4554b0b10e67f46872eb2e74b98d,2026-05-06,01:40,points,31.5,-111.0,,True,draftkings,2026-05-02T22:11:55.716829
Shai Gilgeous-Alexander,,,689b4554b0b10e67f46872eb2e74b98d,2026-05-06,01:40,points,34.5,168.0,,True,draftkings,2026-05-02T22:11:55.716831
Shai Gilgeous-Alexander,,,689b4554b0b10e67f46872eb2e74b98d,2026-05-06,01:40,points,39.5,461.0,,True,draftkings,2026-05-02T22:11:55.716833
Shai Gilgeous-Alexander,,,689b4554b0b10e67f46872eb2e74b98d,2026-05-06,01:40,points,44.5,1240.0,,True,draftkings,2026-05-02T22:11:55.716834
Shai Gilgeous-Alexander,,,689b4554b0b10e67f46872eb2e74b98d,2026-05-06,01:40,points,49.5,2700.0,,True,draftkings,2026-05-02T22:11:55.716836
Austin Reaves,,,689b4554b0b10e67f46872eb2e74b98d,2026-05-06,01:40,points,11.5,-1960.0,,True,draftkings,2026-05-02T22:11:55.716838
Austin Reaves,,,689b4554b0b10e67f46872eb2e74b98d,2026-05-06,01:40,points,14.5,-660.0,,True,draftkings,2026-05-02T22:11:55.716839
Austin Reaves,,,689b4554b0b10e67f46872eb2e74b98d,2026-05-06,01:40,points,17.5,-303.0,,True,draftkings,2026-05-02T22:11:55.716841
Austin Reaves,,,689b4554b0b10e67f46872eb2e74b98d,2026-05-06,01:40,points,19.5,-194.0,,True,draftkings,2026-05-02T22:11:55.716843
Austin Reaves,,,689b4554b0b10e67f46872eb2e74b98d,2026-05-06,01:40,points,22.5,-104.0,,True,draftkings,2026-05-02T22:11:55.716844
Austin Reaves,,,689b4554b0b10e67f46872eb2e74b98d,2026-05-06,01:40,points,24.5,142.0,,True,draftkings,2026-05-02T22:11:55.716846
Austin Reaves,,,689b4554b0b10e67f46872eb2e74b98d,2026-05-06,01:40,points,29.5,358.0,,True,draftkings,2026-05-02T22:11:55.716848
Austin Reaves,,,689b4554b0b10e67f46872eb2e74b98d,2026-05-06,01:40,points,34.5,890.0,,True,draftkings,2026-05-02T22:11:55.716849
Austin Reaves,,,689b4554b0b10e67f46872eb2e74b98d,2026-05-06,01:40,points,39.5,2000.0,,True,draftkings,2026-05-02T22:11:55.716851
LeBron James,,,689b4554b0b10e67f46872eb2e74b98d,2026-05-06,01:40,points,9.5,-3100.0,,True,draftkings,2026-05-02T22:11:55.716853
LeBron James,,,689b4554b0b10e67f46872eb2e74b98d,2026-05-06,01:40,points,11.5,-1240.0,,True,draftkings,2026-05-02T22:11:55.716854
LeBron James,,,689b4554b0b10e67f46872eb2e74b98d,2026-05-06,01:40,points,14.5,-464.0,,True,draftkings,2026-05-02T22:11:55.716856
LeBron James,,,689b4554b0b10e67f46872eb2e74b98d,2026-05-06,01:40,points,17.5,-220.0,,True,draftkings,2026-05-02T22:11:55.716857
LeBron James,,,689b4554b0b10e67f46872eb2e74b98d,2026-05-06,01:40,points,19.5,-143.0,,True,draftkings,2026-05-02T22:11:55.716859
LeBron James,,,689b4554b0b10e67f46872eb2e74b98d,2026-05-06,01:40,points,20.5,-116.0,,True,draftkings,2026-05-02T22:11:55.716861
LeBron James,,,689b4554b0b10e67f46872eb2e74b98d,2026-05-06,01:40,points,24.5,187.0,,True,draftkings,2026-05-02T22:11:55.716863
LeBron James,,,689b4554b0b10e67f46872eb2e74b98d,2026-05-06,01:40,points,29.5,476.0,,True,draftkings,2026-05-02T22:11:55.716864
LeBron James,,,689b4554b0b10e67f46872eb2e74b98d,2026-05-06,01:40,points,34.5,1120.0,,True,draftkings,2026-05-02T22:11:55.716866
LeBron James,,,689b4554b0b10e67f46872eb2e74b98d,2026-05-06,01:40,points,39.5,2400.0,,True,draftkings,2026-05-02T22:11:55.716868
Jalen Williams,,,689b4554b0b10e67f46872eb2e74b98d,2026-05-06,01:40,points,7.5,-2100.0,,True,draftkings,2026-05-02T22:11:55.716872
Jalen Williams,,,689b4554b0b10e67f46872eb2e74b98d,2026-05-06,01:40,points,9.5,-770.0,,True,draftkings,2026-05-02T22:11:55.716874
Jalen Williams,,,689b4554b0b10e67f46872eb2e74b98d,2026-05-06,01:40,points,11.5,-388.0,,True,draftkings,2026-05-02T22:11:55.716876
Jalen Williams,,,689b4554b0b10e67f46872eb2e74b98d,2026-05-06,01:40,points,14.5,-167.0,,True,draftkings,2026-05-02T22:11:55.716877
Jalen Williams,,,689b4554b0b10e67f46872eb2e74b98d,2026-05-06,01:40,points,16.5,-105.0,,True,draftkings,2026-05-02T22:11:55.716879
Jalen Williams,,,689b4554b0b10e67f46872eb2e74b98d,2026-05-06,01:40,points,17.5,119.0,,True,draftkings,2026-05-02T22:11:55.716883
Jalen Williams,,,689b4554b0b10e67f46872eb2e74b98d,2026-05-06,01:40,points,19.5,181.0,,True,draftkings,2026-05-02T22:11:55.716885
Jalen Williams,,,689b4554b0b10e67f46872eb2e74b98d,2026-05-06,01:40,points,24.5,500.0,,True,draftkings,2026-05-02T22:11:55.716886
Jalen Williams,,,689b4554b0b10e67f46872eb2e74b98d,2026-05-06,01:40,points,29.5,1320.0,,True,draftkings,2026-05-02T22:11:55.716888
Jalen Williams,,,689b4554b0b10e67f46872eb2e74b98d,2026-05-06,01:40,points,34.5,2700.0,,True,draftkings,2026-05-02T22:11:55.716890
Chet Holmgren,,,689b4554b0b10e67f46872eb2e74b98d,2026-05-06,01:40,points,7.5,-3500.0,,True,draftkings,2026-05-02T22:11:55.716892
Chet Holmgren,,,689b4554b0b10e67f46872eb2e74b98d,2026-05-06,01:40,points,9.5,-1140.0,,True,draftkings,2026-05-02T22:11:55.716893
Chet Holmgren,,,689b4554b0b10e67f46872eb2e74b98d,2026-05-06,01:40,points,11.5,-526.0,,True,draftkings,2026-05-02T22:11:55.716895
Chet Holmgren,,,689b4554b0b10e67f46872eb2e74b98d,2026-05-06,01:40,points,14.5,-209.0,,True,draftkings,2026-05-02T22:11:55.716897
Chet Holmgren,,,689b4554b0b10e67f46872eb2e74b98d,2026-05-06,01:40,points,16.5,-121.0,,True,draftkings,2026-05-02T22:11:55.716898
Chet Holmgren,,,689b4554b0b10e67f46872eb2e74b98d,2026-05-06,01:40,points,17.5,107.0,,True,draftkings,2026-05-02T22:11:55.716900
Chet Holmgren,,,689b4554b0b10e67f46872eb2e74b98d,2026-05-06,01:40,points,19.5,171.0,,True,draftkings,2026-05-02T22:11:55.716902
Chet Holmgren,,,689b4554b0b10e67f46872eb2e74b98d,2026-05-06,01:40,points,24.5,545.0,,True,draftkings,2026-05-02T22:11:55.716904
Chet Holmgren,,,689b4554b0b10e67f46872eb2e74b98d,2026-05-06,01:40,points,29.5,1640.0,,True,draftkings,2026-05-02T22:11:55.716906
Ajay Mitchell,,,689b4554b0b10e67f46872eb2e74b98d,2026-05-06,01:40,points,7.5,-1340.0,,True,draftkings,2026-05-02T22:11:55.716908
Ajay Mitchell,,,689b4554b0b10e67f46872eb2e74b98d,2026-05-06,01:40,points,9.5,-579.0,,True,draftkings,2026-05-02T22:11:55.716909
Ajay Mitchell,,,689b4554b0b10e67f46872eb2e74b98d,2026-05-06,01:40,points,11.5,-308.0,,True,draftkings,2026-05-02T22:11:55.716911
Ajay Mitchell,,,689b4554b0b10e67f46872eb2e74b98d,2026-05-06,01:40,points,14.5,-138.0,,True,draftkings,2026-05-02T22:11:55.716913
Ajay Mitchell,,,689b4554b0b10e67f46872eb2e74b98d,2026-05-06,01:40,points,15.5,-108.0,,True,draftkings,2026-05-02T22:11:55.716914
Ajay Mitchell,,,689b4554b0b10e67f46872eb2e74b98d,2026-05-06,01:40,points,17.5,148.0,,True,draftkings,2026-05-02T22:11:55.716916
Ajay Mitchell,,,689b4554b0b10e67f46872eb2e74b98d,2026-05-06,01:40,points,19.5,229.0,,True,draftkings,2026-05-02T22:11:55.716918
Ajay Mitchell,,,689b4554b0b10e67f46872eb2e74b98d,2026-05-06,01:40,points,24.5,660.0,,True,draftkings,2026-05-02T22:11:55.716919
Ajay Mitchell,,,689b4554b0b10e67f46872eb2e74b98d,2026-05-06,01:40,points,29.5,1700.0,,True,draftkings,2026-05-02T22:11:55.716921
Rui Hachimura,,,689b4554b0b10e67f46872eb2e74b98d,2026-05-06,01:40,points,5.5,-870.0,,True,draftkings,2026-05-02T22:11:55.716923
Rui Hachimura,,,689b4554b0b10e67f46872eb2e74b98d,2026-05-06,01:40,points,7.5,-400.0,,True,draftkings,2026-05-02T22:11:55.716925
Rui Hachimura,,,689b4554b0b10e67f46872eb2e74b98d,2026-05-06,01:40,points,9.5,-205.0,,True,draftkings,2026-05-02T22:11:55.716926
Rui Hachimura,,,689b4554b0b10e67f46872eb2e74b98d,2026-05-06,01:40,points,11.5,-113.0,,True,draftkings,2026-05-02T22:11:55.716928
Rui Hachimura,,,689b4554b0b10e67f46872eb2e74b98d,2026-05-06,01:40,points,14.5,199.0,,True,draftkings,2026-05-02T22:11:55.716932
Rui Hachimura,,,689b4554b0b10e67f46872eb2e74b98d,2026-05-06,01:40,points,17.5,418.0,,True,draftkings,2026-05-02T22:11:55.716934
Rui Hachimura,,,689b4554b0b10e67f46872eb2e74b98d,2026-05-06,01:40,points,19.5,670.0,,True,draftkings,2026-05-02T22:11:55.716938
Rui Hachimura,,,689b4554b0b10e67f46872eb2e74b98d,2026-05-06,01:40,points,24.5,1920.0,,True,draftkings,2026-05-02T22:11:55.716939
Marcus Smart,,,689b4554b0b10e67f46872eb2e74b98d,2026-05-06,01:40,points,5.5,-599.0,,True,draftkings,2026-05-02T22:11:55.716941
Marcus Smart,,,689b4554b0b10e67f46872eb2e74b98d,2026-05-06,01:40,points,7.5,-277.0,,True,draftkings,2026-05-02T22:11:55.716943
Marcus Smart,,,689b4554b0b10e67f46872eb2e74b98d,2026-05-06,01:40,points,9.5,-148.0,,True,draftkings,2026-05-02T22:11:55.716944
Marcus Smart,,,689b4554b0b10e67f46872eb2e74b98d,2026-05-06,01:40,points,10.5,-112.0,,True,draftkings,2026-05-02T22:11:55.716946
Marcus Smart,,,689b4554b0b10e67f46872eb2e74b98d,2026-05-06,01:40,points,11.5,118.0,,True,draftkings,2026-05-02T22:11:55.716948
Marcus Smart,,,689b4554b0b10e67f46872eb2e74b98d,2026-05-06,01:40,points,14.5,259.0,,True,draftkings,2026-05-02T22:11:55.716950
Marcus Smart,,,689b4554b0b10e67f46872eb2e74b98d,2026-05-06,01:40,points,17.5,545.0,,True,draftkings,2026-05-02T22:11:55.716951
Marcus Smart,,,689b4554b0b10e67f46872eb2e74b98d,2026-05-06,01:40,points,19.5,870.0,,True,draftkings,2026-05-02T22:11:55.716953
Marcus Smart,,,689b4554b0b10e67f46872eb2e74b98d,2026-05-06,01:40,points,24.5,2200.0,,True,draftkings,2026-05-02T22:11:55.716955
Deandre Ayton,,,689b4554b0b10e67f46872eb2e74b98d,2026-05-06,01:40,points,5.5,-1240.0,,True,draftkings,2026-05-02T22:11:55.716956
Deandre Ayton,,,689b4554b0b10e67f46872eb2e74b98d,2026-05-06,01:40,points,7.5,-435.0,,True,draftkings,2026-05-02T22:11:55.716958
Deandre Ayton,,,689b4554b0b10e67f46872eb2e74b98d,2026-05-06,01:40,points,9.5,-194.0,,True,draftkings,2026-05-02T22:11:55.716960
Deandre Ayton,,,689b4554b0b10e67f46872eb2e74b98d,2026-05-06,01:40,points,10.5,-119.0,,True,draftkings,2026-05-02T22:11:55.716961
Deandre Ayton,,,689b4554b0b10e67f46872eb2e74b98d,2026-05-06,01:40,points,11.5,102.0,,True,draftkings,2026-05-02T22:11:55.716963
Deandre Ayton,,,689b4554b0b10e67f46872eb2e74b98d,2026-05-06,01:40,points,14.5,289.0,,True,draftkings,2026-05-02T22:11:55.716965
Deandre Ayton,,,689b4554b0b10e67f46872eb2e74b98d,2026-05-06,01:40,points,17.5,610.0,,True,draftkings,2026-05-02T22:11:55.716967
Deandre Ayton,,,689b4554b0b10e67f46872eb2e74b98d,2026-05-06,01:40,points,19.5,1020.0,,True,draftkings,2026-05-02T22:11:55.716968
Luke Kennard,,,689b4554b0b10e67f46872eb2e74b98d,2026-05-06,01:40,points,5.5,-231.0,,True,draftkings,2026-05-02T22:11:55.716970
Luke Kennard,,,689b4554b0b10e67f46872eb2e74b98d,2026-05-06,01:40,points,7.5,-110.0,,True,draftkings,2026-05-02T22:11:55.716972
Luke Kennard,,,689b4554b0b10e67f46872eb2e74b98d,2026-05-06,01:40,points,9.5,180.0,,True,draftkings,2026-05-02T22:11:55.716976
Luke Kennard,,,689b4554b0b10e67f46872eb2e74b98d,2026-05-06,01:40,points,11.5,334.0,,True,draftkings,2026-05-02T22:11:55.716977
Luke Kennard,,,689b4554b0b10e67f46872eb2e74b98d,2026-05-06,01:40,points,14.5,790.0,,True,draftkings,2026-05-02T22:11:55.716979
Luke Kennard,,,689b4554b0b10e67f46872eb2e74b98d,2026-05-06,01:40,points,17.5,1780.0,,True,draftkings,2026-05-02T22:11:55.716981
Luke Kennard,,,689b4554b0b10e67f46872eb2e74b98d,2026-05-06,01:40,points,19.5,2600.0,,True,draftkings,2026-05-02T22:11:55.716982
Isaiah Hartenstein,,,689b4554b0b10e67f46872eb2e74b98d,2026-05-06,01:40,points,5.5,-385.0,,True,draftkings,2026-05-02T22:11:55.716984
Isaiah Hartenstein,,,689b4554b0b10e67f46872eb2e74b98d,2026-05-06,01:40,points,7.5,-155.0,,True,draftkings,2026-05-02T22:11:55.716986
Isaiah Hartenstein,,,689b4554b0b10e67f46872eb2e74b98d,2026-05-06,01:40,points,8.5,109.0,,True,draftkings,2026-05-02T22:11:55.716987
Isaiah Hartenstein,,,689b4554b0b10e67f46872eb2e74b98d,2026-05-06,01:40,points,9.5,137.0,,True,draftkings,2026-05-02T22:11:55.716989
Isaiah Hartenstein,,,689b4554b0b10e67f46872eb2e74b98d,2026-05-06,01:40,points,11.5,274.0,,True,draftkings,2026-05-02T22:11:55.716993
Isaiah Hartenstein,,,689b4554b0b10e67f46872eb2e74b98d,2026-05-06,01:40,points,14.5,800.0,,True,draftkings,2026-05-02T22:11:55.716995
Isaiah Hartenstein,,,689b4554b0b10e67f46872eb2e74b98d,2026-05-06,01:40,points,17.5,1780.0,,True,draftkings,2026-05-02T22:11:55.716996
Isaiah Hartenstein,,,689b4554b0b10e67f46872eb2e74b98d,2026-05-06,01:40,points,19.5,2700.0,,True,draftkings,2026-05-02T22:11:55.716998
Luguentz Dort,,,689b4554b0b10e67f46872eb2e74b98d,2026-05-06,01:40,points,5.5,-194.0,,True,draftkings,2026-05-02T22:11:55.717000
Luguentz Dort,,,689b4554b0b10e67f46872eb2e74b98d,2026-05-06,01:40,points,6.5,-110.0,,True,draftkings,2026-05-02T22:11:55.717001
Luguentz Dort,,,689b4554b0b10e67f46872eb2e74b98d,2026-05-06,01:40,points,7.5,109.0,,True,draftkings,2026-05-02T22:11:55.717003
Luguentz Dort,,,689b4554b0b10e67f46872eb2e74b98d,2026-05-06,01:40,points,9.5,239.0,,True,draftkings,2026-05-02T22:11:55.717005
Luguentz Dort,,,689b4554b0b10e67f46872eb2e74b98d,2026-05-06,01:40,points,11.5,414.0,,True,draftkings,2026-05-02T22:11:55.717006
Luguentz Dort,,,689b4554b0b10e67f46872eb2e74b98d,2026-05-06,01:40,points,14.5,990.0,,True,draftkings,2026-05-02T22:11:55.717008
Luguentz Dort,,,689b4554b0b10e67f46872eb2e74b98d,2026-05-06,01:40,points,17.5,1980.0,,True,draftkings,2026-05-02T22:11:55.717010
Luguentz Dort,,,689b4554b0b10e67f46872eb2e74b98d,2026-05-06,01:40,points,19.5,2800.0,,True,draftkings,2026-05-02T22:11:55.717011
Cason Wallace,,,689b4554b0b10e67f46872eb2e74b98d,2026-05-06,01:40,points,5.5,-185.0,,True,draftkings,2026-05-02T22:11:55.717013
Cason Wallace,,,689b4554b0b10e67f46872eb2e74b98d,2026-05-06,01:40,points,6.5,-132.0,,True,draftkings,2026-05-02T22:11:55.717015
Cason Wallace,,,689b4554b0b10e67f46872eb2e74b98d,2026-05-06,01:40,points,7.5,108.0,,True,draftkings,2026-05-02T22:11:55.717016
Cason Wallace,,,689b4554b0b10e67f46872eb2e74b98d,2026-05-06,01:40,points,9.5,211.0,,True,draftkings,2026-05-02T22:11:55.717018
Cason Wallace,,,689b4554b0b10e67f46872eb2e74b98d,2026-05-06,01:40,points,11.5,393.0,,True,draftkings,2026-05-02T22:11:55.717020
Cason Wallace,,,689b4554b0b10e67f46872eb2e74b98d,2026-05-06,01:40,points,14.5,950.0,,True,draftkings,2026-05-02T22:11:55.717021
Cason Wallace,,,689b4554b0b10e67f46872eb2e74b98d,2026-05-06,01:40,points,17.5,2100.0,,True,draftkings,2026-05-02T22:11:55.717023
Cason Wallace,,,689b4554b0b10e67f46872eb2e74b98d,2026-05-06,01:40,points,19.5,3000.0,,True,draftkings,2026-05-02T22:11:55.717025
Chet Holmgren,,,689b4554b0b10e67f46872eb2e74b98d,2026-05-06,01:40,rebounds,8.5,-136.0,103.0,False,draftkings,2026-05-02T22:11:55.717045
Isaiah Hartenstein,,,689b4554b0b10e67f46872eb2e74b98d,2026-05-06,01:40,rebounds,8.5,-107.0,-123.0,False,draftkings,2026-05-02T22:11:55.717047
Deandre Ayton,,,689b4554b0b10e67f46872eb2e74b98d,2026-05-06,01:40,rebounds,8.5,104.0,-137.0,False,draftkings,2026-05-02T22:11:55.717049
LeBron James,,,689b4554b0b10e67f46872eb2e74b98d,2026-05-06,01:40,rebounds,7.5,110.0,-145.0,False,draftkings,2026-05-02T22:11:55.717051
Austin Reaves,,,689b4554b0b10e67f46872eb2e74b98d,2026-05-06,01:40,rebounds,4.5,107.0,-141.0,False,draftkings,2026-05-02T22:11:55.717053
Shai Gilgeous-Alexander,,,689b4554b0b10e67f46872eb2e74b98d,2026-05-06,01:40,rebounds,4.5,116.0,-153.0,False,draftkings,2026-05-02T22:11:55.717054
Jalen Williams,,,689b4554b0b10e67f46872eb2e74b98d,2026-05-06,01:40,rebounds,3.5,-161.0,122.0,False,draftkings,2026-05-02T22:11:55.717056
Ajay Mitchell,,,689b4554b0b10e67f46872eb2e74b98d,2026-05-06,01:40,rebounds,3.5,-148.0,112.0,False,draftkings,2026-05-02T22:11:55.717058
Rui Hachimura,,,689b4554b0b10e67f46872eb2e74b98d,2026-05-06,01:40,rebounds,3.5,-115.0,-114.0,False,draftkings,2026-05-02T22:11:55.717059
Luguentz Dort,,,689b4554b0b10e67f46872eb2e74b98d,2026-05-06,01:40,rebounds,2.5,-170.0,128.0,False,draftkings,2026-05-02T22:11:55.717061
Cason Wallace,,,689b4554b0b10e67f46872eb2e74b98d,2026-05-06,01:40,rebounds,2.5,-149.0,113.0,False,draftkings,2026-05-02T22:11:55.717063
Marcus Smart,,,689b4554b0b10e67f46872eb2e74b98d,2026-05-06,01:40,rebounds,2.5,-111.0,-118.0,False,draftkings,2026-05-02T22:11:55.717064
Luke Kennard,,,689b4554b0b10e67f46872eb2e74b98d,2026-05-06,01:40,rebounds,2.5,103.0,-135.0,False,draftkings,2026-05-02T22:11:55.717066
Chet Holmgren,,,689b4554b0b10e67f46872eb2e74b98d,2026-05-06,01:40,rebounds,4.5,-2400.0,,True,draftkings,2026-05-02T22:11:55.717119
Chet Holmgren,,,689b4554b0b10e67f46872eb2e74b98d,2026-05-06,01:40,rebounds,5.5,-880.0,,True,draftkings,2026-05-02T22:11:55.717124
Chet Holmgren,,,689b4554b0b10e67f46872eb2e74b98d,2026-05-06,01:40,rebounds,6.5,-428.0,,True,draftkings,2026-05-02T22:11:55.717128
Chet Holmgren,,,689b4554b0b10e67f46872eb2e74b98d,2026-05-06,01:40,rebounds,7.5,-232.0,,True,draftkings,2026-05-02T22:11:55.717130
Chet Holmgren,,,689b4554b0b10e67f46872eb2e74b98d,2026-05-06,01:40,rebounds,8.5,-135.0,,True,draftkings,2026-05-02T22:11:55.717131
Chet Holmgren,,,689b4554b0b10e67f46872eb2e74b98d,2026-05-06,01:40,rebounds,9.5,122.0,,True,draftkings,2026-05-02T22:11:55.717133
Chet Holmgren,,,689b4554b0b10e67f46872eb2e74b98d,2026-05-06,01:40,rebounds,10.5,196.0,,True,draftkings,2026-05-02T22:11:55.717135
Chet Holmgren,,,689b4554b0b10e67f46872eb2e74b98d,2026-05-06,01:40,rebounds,11.5,307.0,,True,draftkings,2026-05-02T22:11:55.717137
Chet Holmgren,,,689b4554b0b10e67f46872eb2e74b98d,2026-05-06,01:40,rebounds,12.5,484.0,,True,draftkings,2026-05-02T22:11:55.717138
Chet Holmgren,,,689b4554b0b10e67f46872eb2e74b98d,2026-05-06,01:40,rebounds,13.5,750.0,,True,draftkings,2026-05-02T22:11:55.717142
Chet Holmgren,,,689b4554b0b10e67f46872eb2e74b98d,2026-05-06,01:40,rebounds,14.5,1180.0,,True,draftkings,2026-05-02T22:11:55.717144
Chet Holmgren,,,689b4554b0b10e67f46872eb2e74b98d,2026-05-06,01:40,rebounds,15.5,1820.0,,True,draftkings,2026-05-02T22:11:55.717146
Chet Holmgren,,,689b4554b0b10e67f46872eb2e74b98d,2026-05-06,01:40,rebounds,16.5,2600.0,,True,draftkings,2026-05-02T22:11:55.717147
Isaiah Hartenstein,,,689b4554b0b10e67f46872eb2e74b98d,2026-05-06,01:40,rebounds,4.5,-1740.0,,True,draftkings,2026-05-02T22:11:55.717149
Isaiah Hartenstein,,,689b4554b0b10e67f46872eb2e74b98d,2026-05-06,01:40,rebounds,5.5,-680.0,,True,draftkings,2026-05-02T22:11:55.717151
Isaiah Hartenstein,,,689b4554b0b10e67f46872eb2e74b98d,2026-05-06,01:40,rebounds,6.5,-330.0,,True,draftkings,2026-05-02T22:11:55.717152
Isaiah Hartenstein,,,689b4554b0b10e67f46872eb2e74b98d,2026-05-06,01:40,rebounds,7.5,-183.0,,True,draftkings,2026-05-02T22:11:55.717154
Isaiah Hartenstein,,,689b4554b0b10e67f46872eb2e74b98d,2026-05-06,01:40,rebounds,8.5,-105.0,,True,draftkings,2026-05-02T22:11:55.717156
Isaiah Hartenstein,,,689b4554b0b10e67f46872eb2e74b98d,2026-05-06,01:40,rebounds,9.5,158.0,,True,draftkings,2026-05-02T22:11:55.717157
Isaiah Hartenstein,,,689b4554b0b10e67f46872eb2e74b98d,2026-05-06,01:40,rebounds,10.5,254.0,,True,draftkings,2026-05-02T22:11:55.717159
Isaiah Hartenstein,,,689b4554b0b10e67f46872eb2e74b98d,2026-05-06,01:40,rebounds,11.5,409.0,,True,draftkings,2026-05-02T22:11:55.717161
Isaiah Hartenstein,,,689b4554b0b10e67f46872eb2e74b98d,2026-05-06,01:40,rebounds,12.5,650.0,,True,draftkings,2026-05-02T22:11:55.717162
Isaiah Hartenstein,,,689b4554b0b10e67f46872eb2e74b98d,2026-05-06,01:40,rebounds,13.5,1040.0,,True,draftkings,2026-05-02T22:11:55.717164
Isaiah Hartenstein,,,689b4554b0b10e67f46872eb2e74b98d,2026-05-06,01:40,rebounds,14.5,1560.0,,True,draftkings,2026-05-02T22:11:55.717166
Isaiah Hartenstein,,,689b4554b0b10e67f46872eb2e74b98d,2026-05-06,01:40,rebounds,15.5,2300.0,,True,draftkings,2026-05-02T22:11:55.717168
Deandre Ayton,,,689b4554b0b10e67f46872eb2e74b98d,2026-05-06,01:40,rebounds,4.5,-1300.0,,True,draftkings,2026-05-02T22:11:55.717169
Deandre Ayton,,,689b4554b0b10e67f46872eb2e74b98d,2026-05-06,01:40,rebounds,5.5,-562.0,,True,draftkings,2026-05-02T22:11:55.717171
Deandre Ayton,,,689b4554b0b10e67f46872eb2e74b98d,2026-05-06,01:40,rebounds,6.5,-288.0,,True,draftkings,2026-05-02T22:11:55.717173
Deandre Ayton,,,689b4554b0b10e67f46872eb2e74b98d,2026-05-06,01:40,rebounds,7.5,-160.0,,True,draftkings,2026-05-02T22:11:55.717174
Deandre Ayton,,,689b4554b0b10e67f46872eb2e74b98d,2026-05-06,01:40,rebounds,8.5,105.0,,True,draftkings,2026-05-02T22:11:55.717176
Deandre Ayton,,,689b4554b0b10e67f46872eb2e74b98d,2026-05-06,01:40,rebounds,9.5,174.0,,True,draftkings,2026-05-02T22:11:55.717178
Deandre Ayton,,,689b4554b0b10e67f46872eb2e74b98d,2026-05-06,01:40,rebounds,10.5,287.0,,True,draftkings,2026-05-02T22:11:55.717186
Deandre Ayton,,,689b4554b0b10e67f46872eb2e74b98d,2026-05-06,01:40,rebounds,11.5,470.0,,True,draftkings,2026-05-02T22:11:55.717187
Deandre Ayton,,,689b4554b0b10e67f46872eb2e74b98d,2026-05-06,01:40,rebounds,12.5,740.0,,True,draftkings,2026-05-02T22:11:55.717189
Deandre Ayton,,,689b4554b0b10e67f46872eb2e74b98d,2026-05-06,01:40,rebounds,13.5,1180.0,,True,draftkings,2026-05-02T22:11:55.717191
Deandre Ayton,,,689b4554b0b10e67f46872eb2e74b98d,2026-05-06,01:40,rebounds,14.5,1800.0,,True,draftkings,2026-05-02T22:11:55.717192
Deandre Ayton,,,689b4554b0b10e67f46872eb2e74b98d,2026-05-06,01:40,rebounds,15.5,2500.0,,True,draftkings,2026-05-02T22:11:55.717194
LeBron James,,,689b4554b0b10e67f46872eb2e74b98d,2026-05-06,01:40,rebounds,3.5,-1580.0,,True,draftkings,2026-05-02T22:11:55.717196
LeBron James,,,689b4554b0b10e67f46872eb2e74b98d,2026-05-06,01:40,rebounds,4.5,-610.0,,True,draftkings,2026-05-02T22:11:55.717198
LeBron James,,,689b4554b0b10e67f46872eb2e74b98d,2026-05-06,01:40,rebounds,5.5,-292.0,,True,draftkings,2026-05-02T22:11:55.717199
LeBron James,,,689b4554b0b10e67f46872eb2e74b98d,2026-05-06,01:40,rebounds,6.5,-158.0,,True,draftkings,2026-05-02T22:11:55.717201
LeBron James,,,689b4554b0b10e67f46872eb2e74b98d,2026-05-06,01:40,rebounds,7.5,110.0,,True,draftkings,2026-05-02T22:11:55.717203
LeBron James,,,689b4554b0b10e67f46872eb2e74b98d,2026-05-06,01:40,rebounds,8.5,184.0,,True,draftkings,2026-05-02T22:11:55.717205
LeBron James,,,689b4554b0b10e67f46872eb2e74b98d,2026-05-06,01:40,rebounds,9.5,306.0,,True,draftkings,2026-05-02T22:11:55.717206
LeBron James,,,689b4554b0b10e67f46872eb2e74b98d,2026-05-06,01:40,rebounds,10.5,493.0,,True,draftkings,2026-05-02T22:11:55.717208
LeBron James,,,689b4554b0b10e67f46872eb2e74b98d,2026-05-06,01:40,rebounds,11.5,800.0,,True,draftkings,2026-05-02T22:11:55.717210
LeBron James,,,689b4554b0b10e67f46872eb2e74b98d,2026-05-06,01:40,rebounds,12.5,1220.0,,True,draftkings,2026-05-02T22:11:55.717211
LeBron James,,,689b4554b0b10e67f46872eb2e74b98d,2026-05-06,01:40,rebounds,13.5,1860.0,,True,draftkings,2026-05-02T22:11:55.717213
LeBron James,,,689b4554b0b10e67f46872eb2e74b98d,2026-05-06,01:40,rebounds,14.5,2600.0,,True,draftkings,2026-05-02T22:11:55.717215
Austin Reaves,,,689b4554b0b10e67f46872eb2e74b98d,2026-05-06,01:40,rebounds,2.5,-501.0,,True,draftkings,2026-05-02T22:11:55.717216
Austin Reaves,,,689b4554b0b10e67f46872eb2e74b98d,2026-05-06,01:40,rebounds,3.5,-199.0,,True,draftkings,2026-05-02T22:11:55.717218
Austin Reaves,,,689b4554b0b10e67f46872eb2e74b98d,2026-05-06,01:40,rebounds,4.5,107.0,,True,draftkings,2026-05-02T22:11:55.717220
Austin Reaves,,,689b4554b0b10e67f46872eb2e74b98d,2026-05-06,01:40,rebounds,5.5,216.0,,True,draftkings,2026-05-02T22:11:55.717221
Austin Reaves,,,689b4554b0b10e67f46872eb2e74b98d,2026-05-06,01:40,rebounds,6.5,406.0,,True,draftkings,2026-05-02T22:11:55.717223
Austin Reaves,,,689b4554b0b10e67f46872eb2e74b98d,2026-05-06,01:40,rebounds,7.5,760.0,,True,draftkings,2026-05-02T22:11:55.717225
Austin Reaves,,,689b4554b0b10e67f46872eb2e74b98d,2026-05-06,01:40,rebounds,8.5,1360.0,,True,draftkings,2026-05-02T22:11:55.717226
Austin Reaves,,,689b4554b0b10e67f46872eb2e74b98d,2026-05-06,01:40,rebounds,9.5,2200.0,,True,draftkings,2026-05-02T22:11:55.717228
Jalen Williams,,,689b4554b0b10e67f46872eb2e74b98d,2026-05-06,01:40,rebounds,2.5,-377.0,,True,draftkings,2026-05-02T22:11:55.717230
Jalen Williams,,,689b4554b0b10e67f46872eb2e74b98d,2026-05-06,01:40,rebounds,3.5,-162.0,,True,draftkings,2026-05-02T22:11:55.717231
Jalen Williams,,,689b4554b0b10e67f46872eb2e74b98d,2026-05-06,01:40,rebounds,4.5,131.0,,True,draftkings,2026-05-02T22:11:55.717233
Jalen Williams,,,689b4554b0b10e67f46872eb2e74b98d,2026-05-06,01:40,rebounds,5.5,249.0,,True,draftkings,2026-05-02T22:11:55.717237
Jalen Williams,,,689b4554b0b10e67f46872eb2e74b98d,2026-05-06,01:40,rebounds,6.5,464.0,,True,draftkings,2026-05-02T22:11:55.717239
Jalen Williams,,,689b4554b0b10e67f46872eb2e74b98d,2026-05-06,01:40,rebounds,7.5,840.0,,True,draftkings,2026-05-02T22:11:55.717241
Jalen Williams,,,689b4554b0b10e67f46872eb2e74b98d,2026-05-06,01:40,rebounds,8.5,1440.0,,True,draftkings,2026-05-02T22:11:55.717244
Jalen Williams,,,689b4554b0b10e67f46872eb2e74b98d,2026-05-06,01:40,rebounds,9.5,2300.0,,True,draftkings,2026-05-02T22:11:55.717246
Shai Gilgeous-Alexander,,,689b4554b0b10e67f46872eb2e74b98d,2026-05-06,01:40,rebounds,2.5,-467.0,,True,draftkings,2026-05-02T22:11:55.717250
Shai Gilgeous-Alexander,,,689b4554b0b10e67f46872eb2e74b98d,2026-05-06,01:40,rebounds,3.5,-186.0,,True,draftkings,2026-05-02T22:11:55.717252
Shai Gilgeous-Alexander,,,689b4554b0b10e67f46872eb2e74b98d,2026-05-06,01:40,rebounds,4.5,116.0,,True,draftkings,2026-05-02T22:11:55.717254
Shai Gilgeous-Alexander,,,689b4554b0b10e67f46872eb2e74b98d,2026-05-06,01:40,rebounds,5.5,231.0,,True,draftkings,2026-05-02T22:11:55.717255
Shai Gilgeous-Alexander,,,689b4554b0b10e67f46872eb2e74b98d,2026-05-06,01:40,rebounds,6.5,446.0,,True,draftkings,2026-05-02T22:11:55.717257
Shai Gilgeous-Alexander,,,689b4554b0b10e67f46872eb2e74b98d,2026-05-06,01:40,rebounds,7.5,860.0,,True,draftkings,2026-05-02T22:11:55.717259
Shai Gilgeous-Alexander,,,689b4554b0b10e67f46872eb2e74b98d,2026-05-06,01:40,rebounds,8.5,1560.0,,True,draftkings,2026-05-02T22:11:55.717260
Shai Gilgeous-Alexander,,,689b4554b0b10e67f46872eb2e74b98d,2026-05-06,01:40,rebounds,9.5,2500.0,,True,draftkings,2026-05-02T22:11:55.717262
Ajay Mitchell,,,689b4554b0b10e67f46872eb2e74b98d,2026-05-06,01:40,rebounds,2.5,-363.0,,True,draftkings,2026-05-02T22:11:55.717264
Ajay Mitchell,,,689b4554b0b10e67f46872eb2e74b98d,2026-05-06,01:40,rebounds,3.5,-149.0,,True,draftkings,2026-05-02T22:11:55.717266
Ajay Mitchell,,,689b4554b0b10e67f46872eb2e74b98d,2026-05-06,01:40,rebounds,4.5,144.0,,True,draftkings,2026-05-02T22:11:55.717267
Ajay Mitchell,,,689b4554b0b10e67f46872eb2e74b98d,2026-05-06,01:40,rebounds,5.5,286.0,,True,draftkings,2026-05-02T22:11:55.717269
Ajay Mitchell,,,689b4554b0b10e67f46872eb2e74b98d,2026-05-06,01:40,rebounds,6.5,559.0,,True,draftkings,2026-05-02T22:11:55.717271
Ajay Mitchell,,,689b4554b0b10e67f46872eb2e74b98d,2026-05-06,01:40,rebounds,7.5,1040.0,,True,draftkings,2026-05-02T22:11:55.717272
Ajay Mitchell,,,689b4554b0b10e67f46872eb2e74b98d,2026-05-06,01:40,rebounds,8.5,1760.0,,True,draftkings,2026-05-02T22:11:55.717274
Ajay Mitchell,,,689b4554b0b10e67f46872eb2e74b98d,2026-05-06,01:40,rebounds,9.5,2700.0,,True,draftkings,2026-05-02T22:11:55.717276
Rui Hachimura,,,689b4554b0b10e67f46872eb2e74b98d,2026-05-06,01:40,rebounds,2.5,-286.0,,True,draftkings,2026-05-02T22:11:55.717278
Rui Hachimura,,,689b4554b0b10e67f46872eb2e74b98d,2026-05-06,01:40,rebounds,3.5,-117.0,,True,draftkings,2026-05-02T22:11:55.717279
Rui Hachimura,,,689b4554b0b10e67f46872eb2e74b98d,2026-05-06,01:40,rebounds,4.5,180.0,,True,draftkings,2026-05-02T22:11:55.717281
Rui Hachimura,,,689b4554b0b10e67f46872eb2e74b98d,2026-05-06,01:40,rebounds,5.5,372.0,,True,draftkings,2026-05-02T22:11:55.717283
Rui Hachimura,,,689b4554b0b10e67f46872eb2e74b98d,2026-05-06,01:40,rebounds,6.5,710.0,,True,draftkings,2026-05-02T22:11:55.717284
Rui Hachimura,,,689b4554b0b10e67f46872eb2e74b98d,2026-05-06,01:40,rebounds,7.5,1320.0,,True,draftkings,2026-05-02T22:11:55.717286
Rui Hachimura,,,689b4554b0b10e67f46872eb2e74b98d,2026-05-06,01:40,rebounds,8.5,2200.0,,True,draftkings,2026-05-02T22:11:55.717288
Luguentz Dort,,,689b4554b0b10e67f46872eb2e74b98d,2026-05-06,01:40,rebounds,2.5,-171.0,,True,draftkings,2026-05-02T22:11:55.717289
Luguentz Dort,,,689b4554b0b10e67f46872eb2e74b98d,2026-05-06,01:40,rebounds,3.5,141.0,,True,draftkings,2026-05-02T22:11:55.717291
Luguentz Dort,,,689b4554b0b10e67f46872eb2e74b98d,2026-05-06,01:40,rebounds,4.5,306.0,,True,draftkings,2026-05-02T22:11:55.717293
Luguentz Dort,,,689b4554b0b10e67f46872eb2e74b98d,2026-05-06,01:40,rebounds,5.5,640.0,,True,draftkings,2026-05-02T22:11:55.717294
Luguentz Dort,,,689b4554b0b10e67f46872eb2e74b98d,2026-05-06,01:40,rebounds,6.5,1260.0,,True,draftkings,2026-05-02T22:11:55.717296
Luguentz Dort,,,689b4554b0b10e67f46872eb2e74b98d,2026-05-06,01:40,rebounds,7.5,2200.0,,True,draftkings,2026-05-02T22:11:55.717298
Cason Wallace,,,689b4554b0b10e67f46872eb2e74b98d,2026-05-06,01:40,rebounds,2.5,-150.0,,True,draftkings,2026-05-02T22:11:55.717299
Cason Wallace,,,689b4554b0b10e67f46872eb2e74b98d,2026-05-06,01:40,rebounds,3.5,161.0,,True,draftkings,2026-05-02T22:11:55.717303
Cason Wallace,,,689b4554b0b10e67f46872eb2e74b98d,2026-05-06,01:40,rebounds,4.5,360.0,,True,draftkings,2026-05-02T22:11:55.717305
Cason Wallace,,,689b4554b0b10e67f46872eb2e74b98d,2026-05-06,01:40,rebounds,5.5,740.0,,True,draftkings,2026-05-02T22:11:55.717307
Cason Wallace,,,689b4554b0b10e67f46872eb2e74b98d,2026-05-06,01:40,rebounds,6.5,1420.0,,True,draftkings,2026-05-02T22:11:55.717308
Cason Wallace,,,689b4554b0b10e67f46872eb2e74b98d,2026-05-06,01:40,rebounds,7.5,2600.0,,True,draftkings,2026-05-02T22:11:55.717310
Marcus Smart,,,689b4554b0b10e67f46872eb2e74b98d,2026-05-06,01:40,rebounds,2.5,-112.0,,True,draftkings,2026-05-02T22:11:55.717312
Marcus Smart,,,689b4554b0b10e67f46872eb2e74b98d,2026-05-06,01:40,rebounds,3.5,214.0,,True,draftkings,2026-05-02T22:11:55.717313
Marcus Smart,,,689b4554b0b10e67f46872eb2e74b98d,2026-05-06,01:40,rebounds,4.5,476.0,,True,draftkings,2026-05-02T22:11:55.717315
Marcus Smart,,,689b4554b0b10e67f46872eb2e74b98d,2026-05-06,01:40,rebounds,5.5,1000.0,,True,draftkings,2026-05-02T22:11:55.717317
Marcus Smart,,,689b4554b0b10e67f46872eb2e74b98d,2026-05-06,01:40,rebounds,6.5,1920.0,,True,draftkings,2026-05-02T22:11:55.717318
Luke Kennard,,,689b4554b0b10e67f46872eb2e74b98d,2026-05-06,01:40,rebounds,2.5,103.0,,True,draftkings,2026-05-02T22:11:55.717320
Luke Kennard,,,689b4554b0b10e67f46872eb2e74b98d,2026-05-06,01:40,rebounds,3.5,260.0,,True,draftkings,2026-05-02T22:11:55.717322
Luke Kennard,,,689b4554b0b10e67f46872eb2e74b98d,2026-05-06,01:40,rebounds,4.5,600.0,,True,draftkings,2026-05-02T22:11:55.717323
Luke Kennard,,,689b4554b0b10e67f46872eb2e74b98d,2026-05-06,01:40,rebounds,5.5,1260.0,,True,draftkings,2026-05-02T22:11:55.717325
Luke Kennard,,,689b4554b0b10e67f46872eb2e74b98d,2026-05-06,01:40,rebounds,6.5,2300.0,,True,draftkings,2026-05-02T22:11:55.717327
Austin Reaves,,,689b4554b0b10e67f46872eb2e74b98d,2026-05-06,01:40,threes,2.5,144.0,-192.0,False,draftkings,2026-05-02T22:11:55.717344
Marcus Smart,,,689b4554b0b10e67f46872eb2e74b98d,2026-05-06,01:40,threes,1.5,-146.0,111.0,False,draftkings,2026-05-02T22:11:55.717346
Rui Hachimura,,,689b4554b0b10e67f46872eb2e74b98d,2026-05-06,01:40,threes,1.5,-145.0,110.0,False,draftkings,2026-05-02T22:11:55.717350
Luguentz Dort,,,689b4554b0b10e67f46872eb2e74b98d,2026-05-06,01:40,threes,1.5,-140.0,106.0,False,draftkings,2026-05-02T22:11:55.717352
Shai Gilgeous-Alexander,,,689b4554b0b10e67f46872eb2e74b98d,2026-05-06,01:40,threes,1.5,-117.0,-112.0,False,draftkings,2026-05-02T22:11:55.717354
LeBron James,,,689b4554b0b10e67f46872eb2e74b98d,2026-05-06,01:40,threes,1.5,101.0,-132.0,False,draftkings,2026-05-02T22:11:55.717356
Chet Holmgren,,,689b4554b0b10e67f46872eb2e74b98d,2026-05-06,01:40,threes,1.5,103.0,-135.0,False,draftkings,2026-05-02T22:11:55.717358
Ajay Mitchell,,,689b4554b0b10e67f46872eb2e74b98d,2026-05-06,01:40,threes,1.5,119.0,-157.0,False,draftkings,2026-05-02T22:11:55.717359
Luke Kennard,,,689b4554b0b10e67f46872eb2e74b98d,2026-05-06,01:40,threes,1.5,154.0,-205.0,False,draftkings,2026-05-02T22:11:55.717361
Cason Wallace,,,689b4554b0b10e67f46872eb2e74b98d,2026-05-06,01:40,threes,1.5,172.0,-230.0,False,draftkings,2026-05-02T22:11:55.717363
Jalen Williams,,,689b4554b0b10e67f46872eb2e74b98d,2026-05-06,01:40,threes,0.5,-185.0,140.0,False,draftkings,2026-05-02T22:11:55.717364
Austin Reaves,,,689b4554b0b10e67f46872eb2e74b98d,2026-05-06,01:40,threes,0.5,-900.0,,True,draftkings,2026-05-02T22:11:55.717395
Austin Reaves,,,689b4554b0b10e67f46872eb2e74b98d,2026-05-06,01:40,threes,1.5,-197.0,,True,draftkings,2026-05-02T22:11:55.717397
Austin Reaves,,,689b4554b0b10e67f46872eb2e74b98d,2026-05-06,01:40,threes,2.5,144.0,,True,draftkings,2026-05-02T22:11:55.717399
Austin Reaves,,,689b4554b0b10e67f46872eb2e74b98d,2026-05-06,01:40,threes,3.5,355.0,,True,draftkings,2026-05-02T22:11:55.717401
Austin Reaves,,,689b4554b0b10e67f46872eb2e74b98d,2026-05-06,01:40,threes,4.5,810.0,,True,draftkings,2026-05-02T22:11:55.717403
Austin Reaves,,,689b4554b0b10e67f46872eb2e74b98d,2026-05-06,01:40,threes,5.5,1640.0,,True,draftkings,2026-05-02T22:11:55.717404
Austin Reaves,,,689b4554b0b10e67f46872eb2e74b98d,2026-05-06,01:40,threes,6.5,2800.0,,True,draftkings,2026-05-02T22:11:55.717406
Marcus Smart,,,689b4554b0b10e67f46872eb2e74b98d,2026-05-06,01:40,threes,0.5,-700.0,,True,draftkings,2026-05-02T22:11:55.717408
Marcus Smart,,,689b4554b0b10e67f46872eb2e74b98d,2026-05-06,01:40,threes,1.5,-147.0,,True,draftkings,2026-05-02T22:11:55.717409
Marcus Smart,,,689b4554b0b10e67f46872eb2e74b98d,2026-05-06,01:40,threes,2.5,197.0,,True,draftkings,2026-05-02T22:11:55.717411
Marcus Smart,,,689b4554b0b10e67f46872eb2e74b98d,2026-05-06,01:40,threes,3.5,495.0,,True,draftkings,2026-05-02T22:11:55.717413
Marcus Smart,,,689b4554b0b10e67f46872eb2e74b98d,2026-05-06,01:40,threes,4.5,1140.0,,True,draftkings,2026-05-02T22:11:55.717415
Marcus Smart,,,689b4554b0b10e67f46872eb2e74b98d,2026-05-06,01:40,threes,5.5,2300.0,,True,draftkings,2026-05-02T22:11:55.717416
Rui Hachimura,,,689b4554b0b10e67f46872eb2e74b98d,2026-05-06,01:40,threes,0.5,-660.0,,True,draftkings,2026-05-02T22:11:55.717418
Rui Hachimura,,,689b4554b0b10e67f46872eb2e74b98d,2026-05-06,01:40,threes,1.5,-146.0,,True,draftkings,2026-05-02T22:11:55.717420
Rui Hachimura,,,689b4554b0b10e67f46872eb2e74b98d,2026-05-06,01:40,threes,2.5,204.0,,True,draftkings,2026-05-02T22:11:55.717421
Rui Hachimura,,,689b4554b0b10e67f46872eb2e74b98d,2026-05-06,01:40,threes,3.5,527.0,,True,draftkings,2026-05-02T22:11:55.717423
Rui Hachimura,,,689b4554b0b10e67f46872eb2e74b98d,2026-05-06,01:40,threes,4.5,1240.0,,True,draftkings,2026-05-02T22:11:55.717425
Rui Hachimura,,,689b4554b0b10e67f46872eb2e74b98d,2026-05-06,01:40,threes,5.5,2300.0,,True,draftkings,2026-05-02T22:11:55.717426
Luguentz Dort,,,689b4554b0b10e67f46872eb2e74b98d,2026-05-06,01:40,threes,0.5,-710.0,,True,draftkings,2026-05-02T22:11:55.717428
Luguentz Dort,,,689b4554b0b10e67f46872eb2e74b98d,2026-05-06,01:40,threes,1.5,-142.0,,True,draftkings,2026-05-02T22:11:55.717430
Luguentz Dort,,,689b4554b0b10e67f46872eb2e74b98d,2026-05-06,01:40,threes,2.5,215.0,,True,draftkings,2026-05-02T22:11:55.717432
Luguentz Dort,,,689b4554b0b10e67f46872eb2e74b98d,2026-05-06,01:40,threes,3.5,600.0,,True,draftkings,2026-05-02T22:11:55.717433
Luguentz Dort,,,689b4554b0b10e67f46872eb2e74b98d,2026-05-06,01:40,threes,4.5,1420.0,,True,draftkings,2026-05-02T22:11:55.717435
Luguentz Dort,,,689b4554b0b10e67f46872eb2e74b98d,2026-05-06,01:40,threes,5.5,2700.0,,True,draftkings,2026-05-02T22:11:55.717437
LeBron James,,,689b4554b0b10e67f46872eb2e74b98d,2026-05-06,01:40,threes,0.5,-440.0,,True,draftkings,2026-05-02T22:11:55.717438
LeBron James,,,689b4554b0b10e67f46872eb2e74b98d,2026-05-06,01:40,threes,1.5,100.0,,True,draftkings,2026-05-02T22:11:55.717440
LeBron James,,,689b4554b0b10e67f46872eb2e74b98d,2026-05-06,01:40,threes,2.5,288.0,,True,draftkings,2026-05-02T22:11:55.717442
LeBron James,,,689b4554b0b10e67f46872eb2e74b98d,2026-05-06,01:40,threes,3.5,730.0,,True,draftkings,2026-05-02T22:11:55.717443
LeBron James,,,689b4554b0b10e67f46872eb2e74b98d,2026-05-06,01:40,threes,4.5,1620.0,,True,draftkings,2026-05-02T22:11:55.717445
LeBron James,,,689b4554b0b10e67f46872eb2e74b98d,2026-05-06,01:40,threes,5.5,2900.0,,True,draftkings,2026-05-02T22:11:55.717447
Chet Holmgren,,,689b4554b0b10e67f46872eb2e74b98d,2026-05-06,01:40,threes,0.5,-451.0,,True,draftkings,2026-05-02T22:11:55.717448
Chet Holmgren,,,689b4554b0b10e67f46872eb2e74b98d,2026-05-06,01:40,threes,1.5,103.0,,True,draftkings,2026-05-02T22:11:55.717450
Chet Holmgren,,,689b4554b0b10e67f46872eb2e74b98d,2026-05-06,01:40,threes,2.5,329.0,,True,draftkings,2026-05-02T22:11:55.717452
Chet Holmgren,,,689b4554b0b10e67f46872eb2e74b98d,2026-05-06,01:40,threes,3.5,900.0,,True,draftkings,2026-05-02T22:11:55.717454
Chet Holmgren,,,689b4554b0b10e67f46872eb2e74b98d,2026-05-06,01:40,threes,4.5,2100.0,,True,draftkings,2026-05-02T22:11:55.717455
Ajay Mitchell,,,689b4554b0b10e67f46872eb2e74b98d,2026-05-06,01:40,threes,0.5,-375.0,,True,draftkings,2026-05-02T22:11:55.717460
Ajay Mitchell,,,689b4554b0b10e67f46872eb2e74b98d,2026-05-06,01:40,threes,1.5,120.0,,True,draftkings,2026-05-02T22:11:55.717462
Ajay Mitchell,,,689b4554b0b10e67f46872eb2e74b98d,2026-05-06,01:40,threes,2.5,366.0,,True,draftkings,2026-05-02T22:11:55.717466
Ajay Mitchell,,,689b4554b0b10e67f46872eb2e74b98d,2026-05-06,01:40,threes,3.5,980.0,,True,draftkings,2026-05-02T22:11:55.717468
Ajay Mitchell,,,689b4554b0b10e67f46872eb2e74b98d,2026-05-06,01:40,threes,4.5,2200.0,,True,draftkings,2026-05-02T22:11:55.717470
Luke Kennard,,,689b4554b0b10e67f46872eb2e74b98d,2026-05-06,01:40,threes,0.5,-284.0,,True,draftkings,2026-05-02T22:11:55.717474
Luke Kennard,,,689b4554b0b10e67f46872eb2e74b98d,2026-05-06,01:40,threes,1.5,155.0,,True,draftkings,2026-05-02T22:11:55.717476
Luke Kennard,,,689b4554b0b10e67f46872eb2e74b98d,2026-05-06,01:40,threes,2.5,505.0,,True,draftkings,2026-05-02T22:11:55.717477
Luke Kennard,,,689b4554b0b10e67f46872eb2e74b98d,2026-05-06,01:40,threes,3.5,1360.0,,True,draftkings,2026-05-02T22:11:55.717479
Luke Kennard,,,689b4554b0b10e67f46872eb2e74b98d,2026-05-06,01:40,threes,4.5,2800.0,,True,draftkings,2026-05-02T22:11:55.717481
Shai Gilgeous-Alexander,,,689b4554b0b10e67f46872eb2e74b98d,2026-05-06,01:40,threes,0.5,-740.0,,True,draftkings,2026-05-02T22:11:55.717482
Shai Gilgeous-Alexander,,,689b4554b0b10e67f46872eb2e74b98d,2026-05-06,01:40,threes,1.5,-118.0,,True,draftkings,2026-05-02T22:11:55.717484
Shai Gilgeous-Alexander,,,689b4554b0b10e67f46872eb2e74b98d,2026-05-06,01:40,threes,2.5,350.0,,True,draftkings,2026-05-02T22:11:55.717486
Shai Gilgeous-Alexander,,,689b4554b0b10e67f46872eb2e74b98d,2026-05-06,01:40,threes,3.5,1240.0,,True,draftkings,2026-05-02T22:11:55.717488
Cason Wallace,,,689b4554b0b10e67f46872eb2e74b98d,2026-05-06,01:40,threes,0.5,-269.0,,True,draftkings,2026-05-02T22:11:55.717489
Cason Wallace,,,689b4554b0b10e67f46872eb2e74b98d,2026-05-06,01:40,threes,1.5,172.0,,True,draftkings,2026-05-02T22:11:55.717503
Cason Wallace,,,689b4554b0b10e67f46872eb2e74b98d,2026-05-06,01:40,threes,2.5,557.0,,True,draftkings,2026-05-02T22:11:55.717505
Cason Wallace,,,689b4554b0b10e67f46872eb2e74b98d,2026-05-06,01:40,threes,3.5,1520.0,,True,draftkings,2026-05-02T22:11:55.717506
Jalen Williams,,,689b4554b0b10e67f46872eb2e74b98d,2026-05-06,01:40,threes,0.5,-189.0,,True,draftkings,2026-05-02T22:11:55.717508
Jalen Williams,,,689b4554b0b10e67f46872eb2e74b98d,2026-05-06,01:40,threes,1.5,244.0,,True,draftkings,2026-05-02T22:11:55.717510
Jalen Williams,,,689b4554b0b10e67f46872eb2e74b98d,2026-05-06,01:40,threes,2.5,840.0,,True,draftkings,2026-05-02T22:11:55.717512
Jalen Williams,,,689b4554b0b10e67f46872eb2e74b98d,2026-05-06,01:40,threes,3.5,2200.0,,True,draftkings,2026-05-02T22:11:55.717513
Tyrese Maxey,,,a37e80a2e3cf3aaa3ae84a9124987058,2026-05-02,23:40,assists,5.5,-156.0,122.0,False,fanduel,2026-05-02T22:11:55.470874
Derrick White,,,a37e80a2e3cf3aaa3ae84a9124987058,2026-05-02,23:40,assists,4.5,104.0,-132.0,False,fanduel,2026-05-02T22:11:55.470876
VJ Edgecombe,,,a37e80a2e3cf3aaa3ae84a9124987058,2026-05-02,23:40,assists,3.5,130.0,-166.0,False,fanduel,2026-05-02T22:11:55.470878
Paul George,,,a37e80a2e3cf3aaa3ae84a9124987058,2026-05-02,23:40,assists,3.5,118.0,-150.0,False,fanduel,2026-05-02T22:11:55.470879
Joel Embiid,,,a37e80a2e3cf3aaa3ae84a9124987058,2026-05-02,23:40,assists,5.5,-104.0,-122.0,False,fanduel,2026-05-02T22:11:55.470881
Payton Pritchard,,,a37e80a2e3cf3aaa3ae84a9124987058,2026-05-02,23:40,assists,5.5,112.0,-142.0,False,fanduel,2026-05-02T22:11:55.470883
Jaylen Brown,,,a37e80a2e3cf3aaa3ae84a9124987058,2026-05-02,23:40,assists,5.5,106.0,-136.0,False,fanduel,2026-05-02T22:11:55.470885
Joel Embiid,,,a37e80a2e3cf3aaa3ae84a9124987058,2026-05-02,23:40,assists,3.5,-500.0,320.0,True,fanduel,2026-05-02T22:11:55.470930
Joel Embiid,,,a37e80a2e3cf3aaa3ae84a9124987058,2026-05-02,23:40,assists,4.5,-220.0,162.0,True,fanduel,2026-05-02T22:11:55.470933
Joel Embiid,,,a37e80a2e3cf3aaa3ae84a9124987058,2026-05-02,23:40,assists,5.5,-104.0,-125.0,True,fanduel,2026-05-02T22:11:55.470934
Joel Embiid,,,a37e80a2e3cf3aaa3ae84a9124987058,2026-05-02,23:40,assists,6.5,182.0,-250.0,True,fanduel,2026-05-02T22:11:55.470936
Joel Embiid,,,a37e80a2e3cf3aaa3ae84a9124987058,2026-05-02,23:40,assists,7.5,350.0,-550.0,True,fanduel,2026-05-02T22:11:55.470938
Tyrese Maxey,,,a37e80a2e3cf3aaa3ae84a9124987058,2026-05-02,23:40,assists,5.5,-158.0,118.0,True,fanduel,2026-05-02T22:11:55.470939
Jaylen Brown,,,a37e80a2e3cf3aaa3ae84a9124987058,2026-05-02,23:40,assists,5.5,104.0,-138.0,True,fanduel,2026-05-02T22:11:55.470941
Payton Pritchard,,,a37e80a2e3cf3aaa3ae84a9124987058,2026-05-02,23:40,assists,5.5,110.0,-146.0,True,fanduel,2026-05-02T22:11:55.470943
Derrick White,,,a37e80a2e3cf3aaa3ae84a9124987058,2026-05-02,23:40,assists,5.5,220.0,,True,fanduel,2026-05-02T22:11:55.470945
Paul George,,,a37e80a2e3cf3aaa3ae84a9124987058,2026-05-02,23:40,assists,5.5,600.0,-1200.0,True,fanduel,2026-05-02T22:11:55.470946
VJ Edgecombe,,,a37e80a2e3cf3aaa3ae84a9124987058,2026-05-02,23:40,assists,5.5,630.0,-1400.0,True,fanduel,2026-05-02T22:11:55.470952
Tyrese Maxey,,,a37e80a2e3cf3aaa3ae84a9124987058,2026-05-02,23:40,assists,11.5,2000.0,,True,fanduel,2026-05-02T22:11:55.470954
Joel Embiid,,,a37e80a2e3cf3aaa3ae84a9124987058,2026-05-02,23:40,assists,11.5,3000.0,,True,fanduel,2026-05-02T22:11:55.470956
Tyrese Maxey,,,a37e80a2e3cf3aaa3ae84a9124987058,2026-05-02,23:40,assists,3.5,-1000.0,,True,fanduel,2026-05-02T22:11:55.470958
Jaylen Brown,,,a37e80a2e3cf3aaa3ae84a9124987058,2026-05-02,23:40,assists,3.5,-500.0,320.0,True,fanduel,2026-05-02T22:11:55.470959
Payton Pritchard,,,a37e80a2e3cf3aaa3ae84a9124987058,2026-05-02,23:40,assists,3.5,-470.0,310.0,True,fanduel,2026-05-02T22:11:55.470961
Derrick White,,,a37e80a2e3cf3aaa3ae84a9124987058,2026-05-02,23:40,assists,3.5,-225.0,,True,fanduel,2026-05-02T22:11:55.470963
Paul George,,,a37e80a2e3cf3aaa3ae84a9124987058,2026-05-02,23:40,assists,3.5,116.0,-154.0,True,fanduel,2026-05-02T22:11:55.470964
VJ Edgecombe,,,a37e80a2e3cf3aaa3ae84a9124987058,2026-05-02,23:40,assists,3.5,128.0,-172.0,True,fanduel,2026-05-02T22:11:55.470966
Nikola Vucevic,,,a37e80a2e3cf3aaa3ae84a9124987058,2026-05-02,23:40,assists,3.5,600.0,,True,fanduel,2026-05-02T22:11:55.470968
Quentin Grimes,,,a37e80a2e3cf3aaa3ae84a9124987058,2026-05-02,23:40,assists,3.5,750.0,,True,fanduel,2026-05-02T22:11:55.470970
Tyrese Maxey,,,a37e80a2e3cf3aaa3ae84a9124987058,2026-05-02,23:40,assists,7.5,235.0,-340.0,True,fanduel,2026-05-02T22:11:55.470971
Jaylen Brown,,,a37e80a2e3cf3aaa3ae84a9124987058,2026-05-02,23:40,assists,7.5,370.0,-600.0,True,fanduel,2026-05-02T22:11:55.470973
Payton Pritchard,,,a37e80a2e3cf3aaa3ae84a9124987058,2026-05-02,23:40,assists,7.5,390.0,,True,fanduel,2026-05-02T22:11:55.470975
Derrick White,,,a37e80a2e3cf3aaa3ae84a9124987058,2026-05-02,23:40,assists,7.5,870.0,,True,fanduel,2026-05-02T22:11:55.470977
Jaylen Brown,,,a37e80a2e3cf3aaa3ae84a9124987058,2026-05-02,23:40,assists,4.5,-210.0,154.0,True,fanduel,2026-05-02T22:11:55.470979
Jaylen Brown,,,a37e80a2e3cf3aaa3ae84a9124987058,2026-05-02,23:40,assists,6.5,200.0,-280.0,True,fanduel,2026-05-02T22:11:55.470980
VJ Edgecombe,,,a37e80a2e3cf3aaa3ae84a9124987058,2026-05-02,23:40,assists,1.5,-670.0,410.0,True,fanduel,2026-05-02T22:11:55.470982
VJ Edgecombe,,,a37e80a2e3cf3aaa3ae84a9124987058,2026-05-02,23:40,assists,2.5,-205.0,152.0,True,fanduel,2026-05-02T22:11:55.470984
VJ Edgecombe,,,a37e80a2e3cf3aaa3ae84a9124987058,2026-05-02,23:40,assists,4.5,280.0,-420.0,True,fanduel,2026-05-02T22:11:55.470986
Tyrese Maxey,,,a37e80a2e3cf3aaa3ae84a9124987058,2026-05-02,23:40,assists,4.5,-350.0,240.0,True,fanduel,2026-05-02T22:11:55.470987
Tyrese Maxey,,,a37e80a2e3cf3aaa3ae84a9124987058,2026-05-02,23:40,assists,6.5,128.0,-172.0,True,fanduel,2026-05-02T22:11:55.470989
Tyrese Maxey,,,a37e80a2e3cf3aaa3ae84a9124987058,2026-05-02,23:40,assists,8.5,430.0,-750.0,True,fanduel,2026-05-02T22:11:55.470993
Tyrese Maxey,,,a37e80a2e3cf3aaa3ae84a9124987058,2026-05-02,23:40,assists,9.5,700.0,-1450.0,True,fanduel,2026-05-02T22:11:55.470995
Paul George,,,a37e80a2e3cf3aaa3ae84a9124987058,2026-05-02,23:40,assists,1.5,-770.0,450.0,True,fanduel,2026-05-02T22:11:55.470997
Paul George,,,a37e80a2e3cf3aaa3ae84a9124987058,2026-05-02,23:40,assists,2.5,-230.0,168.0,True,fanduel,2026-05-02T22:11:55.470998
Paul George,,,a37e80a2e3cf3aaa3ae84a9124987058,2026-05-02,23:40,assists,4.5,265.0,-390.0,True,fanduel,2026-05-02T22:11:55.471000
Joel Embiid,,,a37e80a2e3cf3aaa3ae84a9124987058,2026-05-02,23:40,assists,9.5,900.0,,True,fanduel,2026-05-02T22:11:55.471002
Jaylen Brown,,,a37e80a2e3cf3aaa3ae84a9124987058,2026-05-02,23:40,assists,9.5,1060.0,,True,fanduel,2026-05-02T22:11:55.471003
Payton Pritchard,,,a37e80a2e3cf3aaa3ae84a9124987058,2026-05-02,23:40,assists,9.5,1100.0,,True,fanduel,2026-05-02T22:11:55.471005
Derrick White,,,a37e80a2e3cf3aaa3ae84a9124987058,2026-05-02,23:40,assists,9.5,2000.0,,True,fanduel,2026-05-02T22:11:55.471007
Derrick White,,,a37e80a2e3cf3aaa3ae84a9124987058,2026-05-02,23:40,assists,1.5,-3500.0,,True,fanduel,2026-05-02T22:11:55.471009
Nikola Vucevic,,,a37e80a2e3cf3aaa3ae84a9124987058,2026-05-02,23:40,assists,1.5,-113.0,,True,fanduel,2026-05-02T22:11:55.471010
Quentin Grimes,,,a37e80a2e3cf3aaa3ae84a9124987058,2026-05-02,23:40,assists,1.5,-113.0,,True,fanduel,2026-05-02T22:11:55.471012
Payton Pritchard,,,a37e80a2e3cf3aaa3ae84a9124987058,2026-05-02,23:40,assists,4.5,-198.0,146.0,True,fanduel,2026-05-02T22:11:55.471014
Payton Pritchard,,,a37e80a2e3cf3aaa3ae84a9124987058,2026-05-02,23:40,assists,6.5,205.0,-290.0,True,fanduel,2026-05-02T22:11:55.471015
Tyrese Maxey,,,a37e80a2e3cf3aaa3ae84a9124987058,2026-05-02,23:40,points,23.5,-122.0,-104.0,False,fanduel,2026-05-02T22:11:55.471031
Derrick White,,,a37e80a2e3cf3aaa3ae84a9124987058,2026-05-02,23:40,points,13.5,-125.0,-102.0,False,fanduel,2026-05-02T22:11:55.471032
Paul George,,,a37e80a2e3cf3aaa3ae84a9124987058,2026-05-02,23:40,points,15.5,-111.0,-115.0,False,fanduel,2026-05-02T22:11:55.471034
Joel Embiid,,,a37e80a2e3cf3aaa3ae84a9124987058,2026-05-02,23:40,points,26.5,102.0,-130.0,False,fanduel,2026-05-02T22:11:55.471036
Payton Pritchard,,,a37e80a2e3cf3aaa3ae84a9124987058,2026-05-02,23:40,points,17.5,-128.0,100.0,False,fanduel,2026-05-02T22:11:55.471038
Kelly Oubre Jr,,,a37e80a2e3cf3aaa3ae84a9124987058,2026-05-02,23:40,points,9.5,-118.0,-108.0,False,fanduel,2026-05-02T22:11:55.471039
Jaylen Brown,,,a37e80a2e3cf3aaa3ae84a9124987058,2026-05-02,23:40,points,30.5,-108.0,-118.0,False,fanduel,2026-05-02T22:11:55.471041
Sam Hauser,,,a37e80a2e3cf3aaa3ae84a9124987058,2026-05-02,23:40,points,8.5,-108.0,-120.0,False,fanduel,2026-05-02T22:11:55.471043
VJ Edgecombe,,,a37e80a2e3cf3aaa3ae84a9124987058,2026-05-02,23:40,points,11.5,100.0,-128.0,False,fanduel,2026-05-02T22:11:55.471044
Quentin Grimes,,,a37e80a2e3cf3aaa3ae84a9124987058,2026-05-02,23:40,points,6.5,102.0,-130.0,False,fanduel,2026-05-02T22:11:55.471046
Neemias Queta,,,a37e80a2e3cf3aaa3ae84a9124987058,2026-05-02,23:40,points,8.5,-125.0,-102.0,False,fanduel,2026-05-02T22:11:55.471048
Nikola Vucevic,,,a37e80a2e3cf3aaa3ae84a9124987058,2026-05-02,23:40,points,6.5,-111.0,-115.0,False,fanduel,2026-05-02T22:11:55.471050
VJ Edgecombe,,,a37e80a2e3cf3aaa3ae84a9124987058,2026-05-02,23:40,points,5.5,-1100.0,,True,fanduel,2026-05-02T22:11:55.471254
VJ Edgecombe,,,a37e80a2e3cf3aaa3ae84a9124987058,2026-05-02,23:40,points,6.5,-650.0,390.0,True,fanduel,2026-05-02T22:11:55.471256
VJ Edgecombe,,,a37e80a2e3cf3aaa3ae84a9124987058,2026-05-02,23:40,points,7.5,-420.0,280.0,True,fanduel,2026-05-02T22:11:55.471258
VJ Edgecombe,,,a37e80a2e3cf3aaa3ae84a9124987058,2026-05-02,23:40,points,8.5,-270.0,194.0,True,fanduel,2026-05-02T22:11:55.471259
VJ Edgecombe,,,a37e80a2e3cf3aaa3ae84a9124987058,2026-05-02,23:40,points,9.5,-192.0,148.0,True,fanduel,2026-05-02T22:11:55.471263
VJ Edgecombe,,,a37e80a2e3cf3aaa3ae84a9124987058,2026-05-02,23:40,points,10.5,-144.0,108.0,True,fanduel,2026-05-02T22:11:55.471265
VJ Edgecombe,,,a37e80a2e3cf3aaa3ae84a9124987058,2026-05-02,23:40,points,11.5,-102.0,-130.0,True,fanduel,2026-05-02T22:11:55.471267
VJ Edgecombe,,,a37e80a2e3cf3aaa3ae84a9124987058,2026-05-02,23:40,points,12.5,132.0,-178.0,True,fanduel,2026-05-02T22:11:55.471269
VJ Edgecombe,,,a37e80a2e3cf3aaa3ae84a9124987058,2026-05-02,23:40,points,13.5,174.0,-240.0,True,fanduel,2026-05-02T22:11:55.471270
VJ Edgecombe,,,a37e80a2e3cf3aaa3ae84a9124987058,2026-05-02,23:40,points,14.5,230.0,-320.0,True,fanduel,2026-05-02T22:11:55.471272
Jaylen Brown,,,a37e80a2e3cf3aaa3ae84a9124987058,2026-05-02,23:40,points,39.5,540.0,,True,fanduel,2026-05-02T22:11:55.471274
Joel Embiid,,,a37e80a2e3cf3aaa3ae84a9124987058,2026-05-02,23:40,points,39.5,1100.0,,True,fanduel,2026-05-02T22:11:55.471276
Tyrese Maxey,,,a37e80a2e3cf3aaa3ae84a9124987058,2026-05-02,23:40,points,39.5,1500.0,,True,fanduel,2026-05-02T22:11:55.471280
Tyrese Maxey,,,a37e80a2e3cf3aaa3ae84a9124987058,2026-05-02,23:40,points,44.5,5000.0,,True,fanduel,2026-05-02T22:11:55.471281
Joel Embiid,,,a37e80a2e3cf3aaa3ae84a9124987058,2026-05-02,23:40,points,44.5,2500.0,,True,fanduel,2026-05-02T22:11:55.471283
Jaylen Brown,,,a37e80a2e3cf3aaa3ae84a9124987058,2026-05-02,23:40,points,44.5,1300.0,,True,fanduel,2026-05-02T22:11:55.471285
Derrick White,,,a37e80a2e3cf3aaa3ae84a9124987058,2026-05-02,23:40,points,7.5,-1100.0,,True,fanduel,2026-05-02T22:11:55.471286
Derrick White,,,a37e80a2e3cf3aaa3ae84a9124987058,2026-05-02,23:40,points,8.5,-670.0,400.0,True,fanduel,2026-05-02T22:11:55.471288
Derrick White,,,a37e80a2e3cf3aaa3ae84a9124987058,2026-05-02,23:40,points,9.5,-440.0,310.0,True,fanduel,2026-05-02T22:11:55.471290
Derrick White,,,a37e80a2e3cf3aaa3ae84a9124987058,2026-05-02,23:40,points,10.5,-320.0,225.0,True,fanduel,2026-05-02T22:11:55.471292
Derrick White,,,a37e80a2e3cf3aaa3ae84a9124987058,2026-05-02,23:40,points,11.5,-235.0,172.0,True,fanduel,2026-05-02T22:11:55.471293
Derrick White,,,a37e80a2e3cf3aaa3ae84a9124987058,2026-05-02,23:40,points,12.5,-174.0,130.0,True,fanduel,2026-05-02T22:11:55.471295
Derrick White,,,a37e80a2e3cf3aaa3ae84a9124987058,2026-05-02,23:40,points,13.5,-130.0,-102.0,True,fanduel,2026-05-02T22:11:55.471297
Derrick White,,,a37e80a2e3cf3aaa3ae84a9124987058,2026-05-02,23:40,points,14.5,106.0,-138.0,True,fanduel,2026-05-02T22:11:55.471298
Derrick White,,,a37e80a2e3cf3aaa3ae84a9124987058,2026-05-02,23:40,points,15.5,136.0,-182.0,True,fanduel,2026-05-02T22:11:55.471300
Jaylen Brown,,,a37e80a2e3cf3aaa3ae84a9124987058,2026-05-02,23:40,points,49.5,3000.0,,True,fanduel,2026-05-02T22:11:55.471302
Jaylen Brown,,,a37e80a2e3cf3aaa3ae84a9124987058,2026-05-02,23:40,points,24.5,-420.0,280.0,True,fanduel,2026-05-02T22:11:55.471306
Joel Embiid,,,a37e80a2e3cf3aaa3ae84a9124987058,2026-05-02,23:40,points,24.5,-154.0,116.0,True,fanduel,2026-05-02T22:11:55.471307
Tyrese Maxey,,,a37e80a2e3cf3aaa3ae84a9124987058,2026-05-02,23:40,points,24.5,100.0,-132.0,True,fanduel,2026-05-02T22:11:55.471309
Payton Pritchard,,,a37e80a2e3cf3aaa3ae84a9124987058,2026-05-02,23:40,points,24.5,390.0,,True,fanduel,2026-05-02T22:11:55.471311
Paul George,,,a37e80a2e3cf3aaa3ae84a9124987058,2026-05-02,23:40,points,24.5,750.0,,True,fanduel,2026-05-02T22:11:55.471312
Derrick White,,,a37e80a2e3cf3aaa3ae84a9124987058,2026-05-02,23:40,points,24.5,1060.0,,True,fanduel,2026-05-02T22:11:55.471314
VJ Edgecombe,,,a37e80a2e3cf3aaa3ae84a9124987058,2026-05-02,23:40,points,24.5,2500.0,,True,fanduel,2026-05-02T22:11:55.471316
Tyrese Maxey,,,a37e80a2e3cf3aaa3ae84a9124987058,2026-05-02,23:40,points,15.5,-1200.0,,True,fanduel,2026-05-02T22:11:55.471317
Tyrese Maxey,,,a37e80a2e3cf3aaa3ae84a9124987058,2026-05-02,23:40,points,16.5,-750.0,430.0,True,fanduel,2026-05-02T22:11:55.471319
Tyrese Maxey,,,a37e80a2e3cf3aaa3ae84a9124987058,2026-05-02,23:40,points,17.5,-580.0,360.0,True,fanduel,2026-05-02T22:11:55.471321
Tyrese Maxey,,,a37e80a2e3cf3aaa3ae84a9124987058,2026-05-02,23:40,points,18.5,-440.0,290.0,True,fanduel,2026-05-02T22:11:55.471322
Tyrese Maxey,,,a37e80a2e3cf3aaa3ae84a9124987058,2026-05-02,23:40,points,19.5,-330.0,230.0,True,fanduel,2026-05-02T22:11:55.471324
Tyrese Maxey,,,a37e80a2e3cf3aaa3ae84a9124987058,2026-05-02,23:40,points,20.5,-260.0,188.0,True,fanduel,2026-05-02T22:11:55.471325
Tyrese Maxey,,,a37e80a2e3cf3aaa3ae84a9124987058,2026-05-02,23:40,points,21.5,-205.0,152.0,True,fanduel,2026-05-02T22:11:55.471327
Tyrese Maxey,,,a37e80a2e3cf3aaa3ae84a9124987058,2026-05-02,23:40,points,22.5,-154.0,116.0,True,fanduel,2026-05-02T22:11:55.471329
Tyrese Maxey,,,a37e80a2e3cf3aaa3ae84a9124987058,2026-05-02,23:40,points,23.5,-125.0,-106.0,True,fanduel,2026-05-02T22:11:55.471330
Tyrese Maxey,,,a37e80a2e3cf3aaa3ae84a9124987058,2026-05-02,23:40,points,25.5,124.0,-166.0,True,fanduel,2026-05-02T22:11:55.471332
Tyrese Maxey,,,a37e80a2e3cf3aaa3ae84a9124987058,2026-05-02,23:40,points,26.5,152.0,-205.0,True,fanduel,2026-05-02T22:11:55.471336
Tyrese Maxey,,,a37e80a2e3cf3aaa3ae84a9124987058,2026-05-02,23:40,points,27.5,188.0,-250.0,True,fanduel,2026-05-02T22:11:55.471338
Tyrese Maxey,,,a37e80a2e3cf3aaa3ae84a9124987058,2026-05-02,23:40,points,28.5,225.0,-320.0,True,fanduel,2026-05-02T22:11:55.471340
Tyrese Maxey,,,a37e80a2e3cf3aaa3ae84a9124987058,2026-05-02,23:40,points,29.5,280.0,-400.0,True,fanduel,2026-05-02T22:11:55.471341
Tyrese Maxey,,,a37e80a2e3cf3aaa3ae84a9124987058,2026-05-02,23:40,points,30.5,320.0,-500.0,True,fanduel,2026-05-02T22:11:55.471343
Tyrese Maxey,,,a37e80a2e3cf3aaa3ae84a9124987058,2026-05-02,23:40,points,31.5,400.0,-670.0,True,fanduel,2026-05-02T22:11:55.471345
Tyrese Maxey,,,a37e80a2e3cf3aaa3ae84a9124987058,2026-05-02,23:40,points,32.5,490.0,-900.0,True,fanduel,2026-05-02T22:11:55.471346
Tyrese Maxey,,,a37e80a2e3cf3aaa3ae84a9124987058,2026-05-02,23:40,points,33.5,,-1200.0,True,fanduel,2026-05-02T22:11:55.471348
Neemias Queta,,,a37e80a2e3cf3aaa3ae84a9124987058,2026-05-02,23:40,points,4.5,-700.0,410.0,True,fanduel,2026-05-02T22:11:55.471350
Neemias Queta,,,a37e80a2e3cf3aaa3ae84a9124987058,2026-05-02,23:40,points,5.5,-420.0,280.0,True,fanduel,2026-05-02T22:11:55.471352
Neemias Queta,,,a37e80a2e3cf3aaa3ae84a9124987058,2026-05-02,23:40,points,6.5,-275.0,198.0,True,fanduel,2026-05-02T22:11:55.471353
Neemias Queta,,,a37e80a2e3cf3aaa3ae84a9124987058,2026-05-02,23:40,points,7.5,-188.0,140.0,True,fanduel,2026-05-02T22:11:55.471357
Neemias Queta,,,a37e80a2e3cf3aaa3ae84a9124987058,2026-05-02,23:40,points,8.5,-130.0,-102.0,True,fanduel,2026-05-02T22:11:55.471359
Neemias Queta,,,a37e80a2e3cf3aaa3ae84a9124987058,2026-05-02,23:40,points,9.5,114.0,-152.0,True,fanduel,2026-05-02T22:11:55.471361
Neemias Queta,,,a37e80a2e3cf3aaa3ae84a9124987058,2026-05-02,23:40,points,10.5,154.0,-210.0,True,fanduel,2026-05-02T22:11:55.471363
Payton Pritchard,,,a37e80a2e3cf3aaa3ae84a9124987058,2026-05-02,23:40,points,9.5,-2200.0,,True,fanduel,2026-05-02T22:11:55.471364
Paul George,,,a37e80a2e3cf3aaa3ae84a9124987058,2026-05-02,23:40,points,9.5,-750.0,430.0,True,fanduel,2026-05-02T22:11:55.471366
Kelly Oubre Jr,,,a37e80a2e3cf3aaa3ae84a9124987058,2026-05-02,23:40,points,9.5,-120.0,-110.0,True,fanduel,2026-05-02T22:11:55.471368
Sam Hauser,,,a37e80a2e3cf3aaa3ae84a9124987058,2026-05-02,23:40,points,9.5,140.0,,True,fanduel,2026-05-02T22:11:55.471369
Nikola Vucevic,,,a37e80a2e3cf3aaa3ae84a9124987058,2026-05-02,23:40,points,9.5,230.0,-330.0,True,fanduel,2026-05-02T22:11:55.471371
Baylor Scheierman,,,a37e80a2e3cf3aaa3ae84a9124987058,2026-05-02,23:40,points,9.5,240.0,,True,fanduel,2026-05-02T22:11:55.471373
Quentin Grimes,,,a37e80a2e3cf3aaa3ae84a9124987058,2026-05-02,23:40,points,9.5,270.0,-400.0,True,fanduel,2026-05-02T22:11:55.471375
Joel Embiid,,,a37e80a2e3cf3aaa3ae84a9124987058,2026-05-02,23:40,points,14.5,-3500.0,,True,fanduel,2026-05-02T22:11:55.471376
Tyrese Maxey,,,a37e80a2e3cf3aaa3ae84a9124987058,2026-05-02,23:40,points,14.5,-1800.0,,True,fanduel,2026-05-02T22:11:55.471378
Payton Pritchard,,,a37e80a2e3cf3aaa3ae84a9124987058,2026-05-02,23:40,points,14.5,-300.0,210.0,True,fanduel,2026-05-02T22:11:55.471380
Paul George,,,a37e80a2e3cf3aaa3ae84a9124987058,2026-05-02,23:40,points,14.5,-154.0,116.0,True,fanduel,2026-05-02T22:11:55.471381
Kelly Oubre Jr,,,a37e80a2e3cf3aaa3ae84a9124987058,2026-05-02,23:40,points,14.5,350.0,,True,fanduel,2026-05-02T22:11:55.471383
Sam Hauser,,,a37e80a2e3cf3aaa3ae84a9124987058,2026-05-02,23:40,points,14.5,450.0,,True,fanduel,2026-05-02T22:11:55.471384
Neemias Queta,,,a37e80a2e3cf3aaa3ae84a9124987058,2026-05-02,23:40,points,14.5,500.0,,True,fanduel,2026-05-02T22:11:55.471386
Baylor Scheierman,,,a37e80a2e3cf3aaa3ae84a9124987058,2026-05-02,23:40,points,14.5,800.0,,True,fanduel,2026-05-02T22:11:55.471388
Nikola Vucevic,,,a37e80a2e3cf3aaa3ae84a9124987058,2026-05-02,23:40,points,14.5,1000.0,,True,fanduel,2026-05-02T22:11:55.471390
Quentin Grimes,,,a37e80a2e3cf3aaa3ae84a9124987058,2026-05-02,23:40,points,14.5,1100.0,,True,fanduel,2026-05-02T22:11:55.471391
Jaylen Brown,,,a37e80a2e3cf3aaa3ae84a9124987058,2026-05-02,23:40,points,19.5,-2200.0,,True,fanduel,2026-05-02T22:11:55.471395
Joel Embiid,,,a37e80a2e3cf3aaa3ae84a9124987058,2026-05-02,23:40,points,19.5,-500.0,320.0,True,fanduel,2026-05-02T22:11:55.471397
Payton Pritchard,,,a37e80a2e3cf3aaa3ae84a9124987058,2026-05-02,23:40,points,19.5,128.0,,True,fanduel,2026-05-02T22:11:55.471399
Paul George,,,a37e80a2e3cf3aaa3ae84a9124987058,2026-05-02,23:40,points,19.5,230.0,-330.0,True,fanduel,2026-05-02T22:11:55.471400
Derrick White,,,a37e80a2e3cf3aaa3ae84a9124987058,2026-05-02,23:40,points,19.5,360.0,,True,fanduel,2026-05-02T22:11:55.471402
VJ Edgecombe,,,a37e80a2e3cf3aaa3ae84a9124987058,2026-05-02,23:40,points,19.5,830.0,,True,fanduel,2026-05-02T22:11:55.471404
Kelly Oubre Jr,,,a37e80a2e3cf3aaa3ae84a9124987058,2026-05-02,23:40,points,19.5,1200.0,,True,fanduel,2026-05-02T22:11:55.471405
Sam Hauser,,,a37e80a2e3cf3aaa3ae84a9124987058,2026-05-02,23:40,points,19.5,1300.0,,True,fanduel,2026-05-02T22:11:55.471407
Neemias Queta,,,a37e80a2e3cf3aaa3ae84a9124987058,2026-05-02,23:40,points,19.5,1700.0,,True,fanduel,2026-05-02T22:11:55.471409
Baylor Scheierman,,,a37e80a2e3cf3aaa3ae84a9124987058,2026-05-02,23:40,points,19.5,2000.0,,True,fanduel,2026-05-02T22:11:55.471410
Jaylen Brown,,,a37e80a2e3cf3aaa3ae84a9124987058,2026-05-02,23:40,points,29.5,-138.0,104.0,True,fanduel,2026-05-02T22:11:55.471412
Joel Embiid,,,a37e80a2e3cf3aaa3ae84a9124987058,2026-05-02,23:40,points,29.5,182.0,-250.0,True,fanduel,2026-05-02T22:11:55.471414
Payton Pritchard,,,a37e80a2e3cf3aaa3ae84a9124987058,2026-05-02,23:40,points,29.5,1060.0,,True,fanduel,2026-05-02T22:11:55.471416
Paul George,,,a37e80a2e3cf3aaa3ae84a9124987058,2026-05-02,23:40,points,29.5,1800.0,,True,fanduel,2026-05-02T22:11:55.471417
Jaylen Brown,,,a37e80a2e3cf3aaa3ae84a9124987058,2026-05-02,23:40,points,34.5,205.0,-290.0,True,fanduel,2026-05-02T22:11:55.471419
Joel Embiid,,,a37e80a2e3cf3aaa3ae84a9124987058,2026-05-02,23:40,points,34.5,450.0,-800.0,True,fanduel,2026-05-02T22:11:55.471423
Tyrese Maxey,,,a37e80a2e3cf3aaa3ae84a9124987058,2026-05-02,23:40,points,34.5,750.0,,True,fanduel,2026-05-02T22:11:55.471425
Payton Pritchard,,,a37e80a2e3cf3aaa3ae84a9124987058,2026-05-02,23:40,points,34.5,3000.0,,True,fanduel,2026-05-02T22:11:55.471426
Sam Hauser,,,a37e80a2e3cf3aaa3ae84a9124987058,2026-05-02,23:40,points,3.5,-580.0,360.0,True,fanduel,2026-05-02T22:11:55.471428
Sam Hauser,,,a37e80a2e3cf3aaa3ae84a9124987058,2026-05-02,23:40,points,4.5,-490.0,320.0,True,fanduel,2026-05-02T22:11:55.471430
Sam Hauser,,,a37e80a2e3cf3aaa3ae84a9124987058,2026-05-02,23:40,points,5.5,-320.0,225.0,True,fanduel,2026-05-02T22:11:55.471431
Sam Hauser,,,a37e80a2e3cf3aaa3ae84a9124987058,2026-05-02,23:40,points,6.5,-182.0,134.0,True,fanduel,2026-05-02T22:11:55.471433
Sam Hauser,,,a37e80a2e3cf3aaa3ae84a9124987058,2026-05-02,23:40,points,7.5,-158.0,118.0,True,fanduel,2026-05-02T22:11:55.471435
Sam Hauser,,,a37e80a2e3cf3aaa3ae84a9124987058,2026-05-02,23:40,points,8.5,-110.0,-122.0,True,fanduel,2026-05-02T22:11:55.471437
Jaylen Brown,,,a37e80a2e3cf3aaa3ae84a9124987058,2026-05-02,23:40,points,20.5,-1450.0,,True,fanduel,2026-05-02T22:11:55.471438
Jaylen Brown,,,a37e80a2e3cf3aaa3ae84a9124987058,2026-05-02,23:40,points,21.5,-1100.0,,True,fanduel,2026-05-02T22:11:55.471440
Jaylen Brown,,,a37e80a2e3cf3aaa3ae84a9124987058,2026-05-02,23:40,points,22.5,-700.0,410.0,True,fanduel,2026-05-02T22:11:55.471441
Jaylen Brown,,,a37e80a2e3cf3aaa3ae84a9124987058,2026-05-02,23:40,points,23.5,-550.0,350.0,True,fanduel,2026-05-02T22:11:55.471443
Jaylen Brown,,,a37e80a2e3cf3aaa3ae84a9124987058,2026-05-02,23:40,points,25.5,-330.0,230.0,True,fanduel,2026-05-02T22:11:55.471445
Jaylen Brown,,,a37e80a2e3cf3aaa3ae84a9124987058,2026-05-02,23:40,points,26.5,-270.0,194.0,True,fanduel,2026-05-02T22:11:55.471447
Jaylen Brown,,,a37e80a2e3cf3aaa3ae84a9124987058,2026-05-02,23:40,points,27.5,-215.0,158.0,True,fanduel,2026-05-02T22:11:55.471450
Jaylen Brown,,,a37e80a2e3cf3aaa3ae84a9124987058,2026-05-02,23:40,points,28.5,-174.0,130.0,True,fanduel,2026-05-02T22:11:55.471452
Jaylen Brown,,,a37e80a2e3cf3aaa3ae84a9124987058,2026-05-02,23:40,points,30.5,-110.0,-120.0,True,fanduel,2026-05-02T22:11:55.471456
Jaylen Brown,,,a37e80a2e3cf3aaa3ae84a9124987058,2026-05-02,23:40,points,31.5,114.0,-152.0,True,fanduel,2026-05-02T22:11:55.471458
Jaylen Brown,,,a37e80a2e3cf3aaa3ae84a9124987058,2026-05-02,23:40,points,32.5,140.0,-188.0,True,fanduel,2026-05-02T22:11:55.471459
Jaylen Brown,,,a37e80a2e3cf3aaa3ae84a9124987058,2026-05-02,23:40,points,33.5,174.0,-240.0,True,fanduel,2026-05-02T22:11:55.471461
Jaylen Brown,,,a37e80a2e3cf3aaa3ae84a9124987058,2026-05-02,23:40,points,35.5,240.0,-350.0,True,fanduel,2026-05-02T22:11:55.471463
Jaylen Brown,,,a37e80a2e3cf3aaa3ae84a9124987058,2026-05-02,23:40,points,36.5,300.0,-450.0,True,fanduel,2026-05-02T22:11:55.471464
Quentin Grimes,,,a37e80a2e3cf3aaa3ae84a9124987058,2026-05-02,23:40,points,2.5,-650.0,390.0,True,fanduel,2026-05-02T22:11:55.471466
Quentin Grimes,,,a37e80a2e3cf3aaa3ae84a9124987058,2026-05-02,23:40,points,3.5,-340.0,235.0,True,fanduel,2026-05-02T22:11:55.471468
Quentin Grimes,,,a37e80a2e3cf3aaa3ae84a9124987058,2026-05-02,23:40,points,4.5,-240.0,174.0,True,fanduel,2026-05-02T22:11:55.471469
Quentin Grimes,,,a37e80a2e3cf3aaa3ae84a9124987058,2026-05-02,23:40,points,5.5,-146.0,110.0,True,fanduel,2026-05-02T22:11:55.471471
Quentin Grimes,,,a37e80a2e3cf3aaa3ae84a9124987058,2026-05-02,23:40,points,6.5,102.0,-136.0,True,fanduel,2026-05-02T22:11:55.471473
Quentin Grimes,,,a37e80a2e3cf3aaa3ae84a9124987058,2026-05-02,23:40,points,7.5,142.0,-192.0,True,fanduel,2026-05-02T22:11:55.471474
Quentin Grimes,,,a37e80a2e3cf3aaa3ae84a9124987058,2026-05-02,23:40,points,8.5,198.0,-275.0,True,fanduel,2026-05-02T22:11:55.471476
Nikola Vucevic,,,a37e80a2e3cf3aaa3ae84a9124987058,2026-05-02,23:40,points,2.5,-600.0,370.0,True,fanduel,2026-05-02T22:11:55.471478
Nikola Vucevic,,,a37e80a2e3cf3aaa3ae84a9124987058,2026-05-02,23:40,points,3.5,-400.0,270.0,True,fanduel,2026-05-02T22:11:55.471480
Nikola Vucevic,,,a37e80a2e3cf3aaa3ae84a9124987058,2026-05-02,23:40,points,4.5,-245.0,178.0,True,fanduel,2026-05-02T22:11:55.471482
Nikola Vucevic,,,a37e80a2e3cf3aaa3ae84a9124987058,2026-05-02,23:40,points,5.5,-162.0,122.0,True,fanduel,2026-05-02T22:11:55.471483
Nikola Vucevic,,,a37e80a2e3cf3aaa3ae84a9124987058,2026-05-02,23:40,points,6.5,-112.0,-118.0,True,fanduel,2026-05-02T22:11:55.471485
Nikola Vucevic,,,a37e80a2e3cf3aaa3ae84a9124987058,2026-05-02,23:40,points,7.5,128.0,-172.0,True,fanduel,2026-05-02T22:11:55.471487
Nikola Vucevic,,,a37e80a2e3cf3aaa3ae84a9124987058,2026-05-02,23:40,points,8.5,174.0,-240.0,True,fanduel,2026-05-02T22:11:55.471488
Paul George,,,a37e80a2e3cf3aaa3ae84a9124987058,2026-05-02,23:40,points,10.5,-500.0,320.0,True,fanduel,2026-05-02T22:11:55.471506
Paul George,,,a37e80a2e3cf3aaa3ae84a9124987058,2026-05-02,23:40,points,11.5,-360.0,250.0,True,fanduel,2026-05-02T22:11:55.471508
Paul George,,,a37e80a2e3cf3aaa3ae84a9124987058,2026-05-02,23:40,points,12.5,-270.0,194.0,True,fanduel,2026-05-02T22:11:55.471510
Paul George,,,a37e80a2e3cf3aaa3ae84a9124987058,2026-05-02,23:40,points,13.5,-205.0,152.0,True,fanduel,2026-05-02T22:11:55.471511
Paul George,,,a37e80a2e3cf3aaa3ae84a9124987058,2026-05-02,23:40,points,15.5,-112.0,-118.0,True,fanduel,2026-05-02T22:11:55.471513
Paul George,,,a37e80a2e3cf3aaa3ae84a9124987058,2026-05-02,23:40,points,16.5,116.0,-154.0,True,fanduel,2026-05-02T22:11:55.471515
Paul George,,,a37e80a2e3cf3aaa3ae84a9124987058,2026-05-02,23:40,points,17.5,148.0,-200.0,True,fanduel,2026-05-02T22:11:55.471516
Paul George,,,a37e80a2e3cf3aaa3ae84a9124987058,2026-05-02,23:40,points,18.5,188.0,-260.0,True,fanduel,2026-05-02T22:11:55.471518
Paul George,,,a37e80a2e3cf3aaa3ae84a9124987058,2026-05-02,23:40,points,20.5,290.0,-440.0,True,fanduel,2026-05-02T22:11:55.471520
Paul George,,,a37e80a2e3cf3aaa3ae84a9124987058,2026-05-02,23:40,points,21.5,370.0,-600.0,True,fanduel,2026-05-02T22:11:55.471522
Kelly Oubre Jr,,,a37e80a2e3cf3aaa3ae84a9124987058,2026-05-02,23:40,points,4.5,-1100.0,,True,fanduel,2026-05-02T22:11:55.471524
Kelly Oubre Jr,,,a37e80a2e3cf3aaa3ae84a9124987058,2026-05-02,23:40,points,5.5,-580.0,360.0,True,fanduel,2026-05-02T22:11:55.471525
Kelly Oubre Jr,,,a37e80a2e3cf3aaa3ae84a9124987058,2026-05-02,23:40,points,6.5,-360.0,250.0,True,fanduel,2026-05-02T22:11:55.471529
Kelly Oubre Jr,,,a37e80a2e3cf3aaa3ae84a9124987058,2026-05-02,23:40,points,7.5,-240.0,174.0,True,fanduel,2026-05-02T22:11:55.471531
Kelly Oubre Jr,,,a37e80a2e3cf3aaa3ae84a9124987058,2026-05-02,23:40,points,8.5,-166.0,124.0,True,fanduel,2026-05-02T22:11:55.471533
Kelly Oubre Jr,,,a37e80a2e3cf3aaa3ae84a9124987058,2026-05-02,23:40,points,10.5,116.0,-154.0,True,fanduel,2026-05-02T22:11:55.471535
Kelly Oubre Jr,,,a37e80a2e3cf3aaa3ae84a9124987058,2026-05-02,23:40,points,11.5,158.0,-215.0,True,fanduel,2026-05-02T22:11:55.471536
Kelly Oubre Jr,,,a37e80a2e3cf3aaa3ae84a9124987058,2026-05-02,23:40,points,12.5,205.0,-290.0,True,fanduel,2026-05-02T22:11:55.471538
Kelly Oubre Jr,,,a37e80a2e3cf3aaa3ae84a9124987058,2026-05-02,23:40,points,13.5,270.0,-400.0,True,fanduel,2026-05-02T22:11:55.471540
Joel Embiid,,,a37e80a2e3cf3aaa3ae84a9124987058,2026-05-02,23:40,points,17.5,-900.0,490.0,True,fanduel,2026-05-02T22:11:55.471541
Joel Embiid,,,a37e80a2e3cf3aaa3ae84a9124987058,2026-05-02,23:40,points,18.5,-670.0,390.0,True,fanduel,2026-05-02T22:11:55.471543
Joel Embiid,,,a37e80a2e3cf3aaa3ae84a9124987058,2026-05-02,23:40,points,20.5,-390.0,265.0,True,fanduel,2026-05-02T22:11:55.471545
Joel Embiid,,,a37e80a2e3cf3aaa3ae84a9124987058,2026-05-02,23:40,points,21.5,-300.0,210.0,True,fanduel,2026-05-02T22:11:55.471546
Joel Embiid,,,a37e80a2e3cf3aaa3ae84a9124987058,2026-05-02,23:40,points,22.5,-240.0,174.0,True,fanduel,2026-05-02T22:11:55.471548
Joel Embiid,,,a37e80a2e3cf3aaa3ae84a9124987058,2026-05-02,23:40,points,23.5,-192.0,142.0,True,fanduel,2026-05-02T22:11:55.471550
Joel Embiid,,,a37e80a2e3cf3aaa3ae84a9124987058,2026-05-02,23:40,points,25.5,-125.0,-106.0,True,fanduel,2026-05-02T22:11:55.471551
Joel Embiid,,,a37e80a2e3cf3aaa3ae84a9124987058,2026-05-02,23:40,points,26.5,102.0,-136.0,True,fanduel,2026-05-02T22:11:55.471555
Joel Embiid,,,a37e80a2e3cf3aaa3ae84a9124987058,2026-05-02,23:40,points,27.5,124.0,-166.0,True,fanduel,2026-05-02T22:11:55.471557
Joel Embiid,,,a37e80a2e3cf3aaa3ae84a9124987058,2026-05-02,23:40,points,28.5,152.0,-205.0,True,fanduel,2026-05-02T22:11:55.471559
Joel Embiid,,,a37e80a2e3cf3aaa3ae84a9124987058,2026-05-02,23:40,points,30.5,225.0,-320.0,True,fanduel,2026-05-02T22:11:55.471562
Joel Embiid,,,a37e80a2e3cf3aaa3ae84a9124987058,2026-05-02,23:40,points,31.5,270.0,-400.0,True,fanduel,2026-05-02T22:11:55.471564
Joel Embiid,,,a37e80a2e3cf3aaa3ae84a9124987058,2026-05-02,23:40,points,32.5,320.0,-490.0,True,fanduel,2026-05-02T22:11:55.471566
Joel Embiid,,,a37e80a2e3cf3aaa3ae84a9124987058,2026-05-02,23:40,points,33.5,390.0,-650.0,True,fanduel,2026-05-02T22:11:55.471567
Joel Embiid,,,a37e80a2e3cf3aaa3ae84a9124987058,2026-05-02,23:40,points,35.5,,-1100.0,True,fanduel,2026-05-02T22:11:55.471569
Joel Embiid,,,a37e80a2e3cf3aaa3ae84a9124987058,2026-05-02,23:40,points,36.5,,-1450.0,True,fanduel,2026-05-02T22:11:55.471571
Payton Pritchard,,,a37e80a2e3cf3aaa3ae84a9124987058,2026-05-02,23:40,points,10.5,-1400.0,,True,fanduel,2026-05-02T22:11:55.471573
Payton Pritchard,,,a37e80a2e3cf3aaa3ae84a9124987058,2026-05-02,23:40,points,11.5,-800.0,450.0,True,fanduel,2026-05-02T22:11:55.471574
Payton Pritchard,,,a37e80a2e3cf3aaa3ae84a9124987058,2026-05-02,23:40,points,12.5,-550.0,350.0,True,fanduel,2026-05-02T22:11:55.471576
Payton Pritchard,,,a37e80a2e3cf3aaa3ae84a9124987058,2026-05-02,23:40,points,13.5,-400.0,270.0,True,fanduel,2026-05-02T22:11:55.471578
Payton Pritchard,,,a37e80a2e3cf3aaa3ae84a9124987058,2026-05-02,23:40,points,15.5,-225.0,164.0,True,fanduel,2026-05-02T22:11:55.471579
Payton Pritchard,,,a37e80a2e3cf3aaa3ae84a9124987058,2026-05-02,23:40,points,16.5,-168.0,126.0,True,fanduel,2026-05-02T22:11:55.471581
Payton Pritchard,,,a37e80a2e3cf3aaa3ae84a9124987058,2026-05-02,23:40,points,17.5,-132.0,100.0,True,fanduel,2026-05-02T22:11:55.471583
Tyrese Maxey,,,a37e80a2e3cf3aaa3ae84a9124987058,2026-05-02,23:40,rebounds,3.5,-146.0,114.0,False,fanduel,2026-05-02T22:11:55.471603
Derrick White,,,a37e80a2e3cf3aaa3ae84a9124987058,2026-05-02,23:40,rebounds,4.5,120.0,-154.0,False,fanduel,2026-05-02T22:11:55.471605
Nikola Vucevic,,,a37e80a2e3cf3aaa3ae84a9124987058,2026-05-02,23:40,rebounds,4.5,-113.0,-113.0,False,fanduel,2026-05-02T22:11:55.471606
VJ Edgecombe,,,a37e80a2e3cf3aaa3ae84a9124987058,2026-05-02,23:40,rebounds,5.5,-146.0,114.0,False,fanduel,2026-05-02T22:11:55.471608
Kelly Oubre Jr,,,a37e80a2e3cf3aaa3ae84a9124987058,2026-05-02,23:40,rebounds,5.5,112.0,-142.0,False,fanduel,2026-05-02T22:11:55.471610
Neemias Queta,,,a37e80a2e3cf3aaa3ae84a9124987058,2026-05-02,23:40,rebounds,8.5,-106.0,-120.0,False,fanduel,2026-05-02T22:11:55.471612
Paul George,,,a37e80a2e3cf3aaa3ae84a9124987058,2026-05-02,23:40,rebounds,5.5,-104.0,-122.0,False,fanduel,2026-05-02T22:11:55.471613
Payton Pritchard,,,a37e80a2e3cf3aaa3ae84a9124987058,2026-05-02,23:40,rebounds,4.5,124.0,-160.0,False,fanduel,2026-05-02T22:11:55.471615
Sam Hauser,,,a37e80a2e3cf3aaa3ae84a9124987058,2026-05-02,23:40,rebounds,4.5,114.0,-146.0,False,fanduel,2026-05-02T22:11:55.471617
Jaylen Brown,,,a37e80a2e3cf3aaa3ae84a9124987058,2026-05-02,23:40,rebounds,7.5,108.0,-138.0,False,fanduel,2026-05-02T22:11:55.471618
Joel Embiid,,,a37e80a2e3cf3aaa3ae84a9124987058,2026-05-02,23:40,rebounds,8.5,-120.0,-106.0,False,fanduel,2026-05-02T22:11:55.471620
Jaylen Brown,,,a37e80a2e3cf3aaa3ae84a9124987058,2026-05-02,23:40,rebounds,4.5,-850.0,470.0,True,fanduel,2026-05-02T22:11:55.471693
Jaylen Brown,,,a37e80a2e3cf3aaa3ae84a9124987058,2026-05-02,23:40,rebounds,5.5,-350.0,240.0,True,fanduel,2026-05-02T22:11:55.471695
Jaylen Brown,,,a37e80a2e3cf3aaa3ae84a9124987058,2026-05-02,23:40,rebounds,6.5,-182.0,136.0,True,fanduel,2026-05-02T22:11:55.471697
Jaylen Brown,,,a37e80a2e3cf3aaa3ae84a9124987058,2026-05-02,23:40,rebounds,7.5,108.0,-138.0,True,fanduel,2026-05-02T22:11:55.471699
Jaylen Brown,,,a37e80a2e3cf3aaa3ae84a9124987058,2026-05-02,23:40,rebounds,8.5,188.0,-260.0,True,fanduel,2026-05-02T22:11:55.471701
Neemias Queta,,,a37e80a2e3cf3aaa3ae84a9124987058,2026-05-02,23:40,rebounds,15.5,1500.0,,True,fanduel,2026-05-02T22:11:55.471702
Joel Embiid,,,a37e80a2e3cf3aaa3ae84a9124987058,2026-05-02,23:40,rebounds,15.5,1500.0,,True,fanduel,2026-05-02T22:11:55.471704
Joel Embiid,,,a37e80a2e3cf3aaa3ae84a9124987058,2026-05-02,23:40,rebounds,5.5,-900.0,490.0,True,fanduel,2026-05-02T22:11:55.471706
Neemias Queta,,,a37e80a2e3cf3aaa3ae84a9124987058,2026-05-02,23:40,rebounds,5.5,-650.0,390.0,True,fanduel,2026-05-02T22:11:55.471707
VJ Edgecombe,,,a37e80a2e3cf3aaa3ae84a9124987058,2026-05-02,23:40,rebounds,5.5,-148.0,112.0,True,fanduel,2026-05-02T22:11:55.471709
Paul George,,,a37e80a2e3cf3aaa3ae84a9124987058,2026-05-02,23:40,rebounds,5.5,-106.0,-125.0,True,fanduel,2026-05-02T22:11:55.471711
Kelly Oubre Jr,,,a37e80a2e3cf3aaa3ae84a9124987058,2026-05-02,23:40,rebounds,5.5,110.0,-146.0,True,fanduel,2026-05-02T22:11:55.471713
Nikola Vucevic,,,a37e80a2e3cf3aaa3ae84a9124987058,2026-05-02,23:40,rebounds,5.5,158.0,-215.0,True,fanduel,2026-05-02T22:11:55.471714
Sam Hauser,,,a37e80a2e3cf3aaa3ae84a9124987058,2026-05-02,23:40,rebounds,5.5,220.0,-310.0,True,fanduel,2026-05-02T22:11:55.471716
Derrick White,,,a37e80a2e3cf3aaa3ae84a9124987058,2026-05-02,23:40,rebounds,5.5,230.0,-330.0,True,fanduel,2026-05-02T22:11:55.471718
Payton Pritchard,,,a37e80a2e3cf3aaa3ae84a9124987058,2026-05-02,23:40,rebounds,5.5,255.0,,True,fanduel,2026-05-02T22:11:55.471719
Baylor Scheierman,,,a37e80a2e3cf3aaa3ae84a9124987058,2026-05-02,23:40,rebounds,5.5,255.0,,True,fanduel,2026-05-02T22:11:55.471721
Tyrese Maxey,,,a37e80a2e3cf3aaa3ae84a9124987058,2026-05-02,23:40,rebounds,5.5,320.0,-490.0,True,fanduel,2026-05-02T22:11:55.471723
Joel Embiid,,,a37e80a2e3cf3aaa3ae84a9124987058,2026-05-02,23:40,rebounds,7.5,-220.0,162.0,True,fanduel,2026-05-02T22:11:55.471724
Neemias Queta,,,a37e80a2e3cf3aaa3ae84a9124987058,2026-05-02,23:40,rebounds,7.5,-188.0,140.0,True,fanduel,2026-05-02T22:11:55.471726
VJ Edgecombe,,,a37e80a2e3cf3aaa3ae84a9124987058,2026-05-02,23:40,rebounds,7.5,230.0,-330.0,True,fanduel,2026-05-02T22:11:55.471728
Paul George,,,a37e80a2e3cf3aaa3ae84a9124987058,2026-05-02,23:40,rebounds,7.5,320.0,-500.0,True,fanduel,2026-05-02T22:11:55.471729
Kelly Oubre Jr,,,a37e80a2e3cf3aaa3ae84a9124987058,2026-05-02,23:40,rebounds,7.5,350.0,-550.0,True,fanduel,2026-05-02T22:11:55.471731
Nikola Vucevic,,,a37e80a2e3cf3aaa3ae84a9124987058,2026-05-02,23:40,rebounds,7.5,410.0,-700.0,True,fanduel,2026-05-02T22:11:55.471733
Sam Hauser,,,a37e80a2e3cf3aaa3ae84a9124987058,2026-05-02,23:40,rebounds,7.5,700.0,,True,fanduel,2026-05-02T22:11:55.471735
Baylor Scheierman,,,a37e80a2e3cf3aaa3ae84a9124987058,2026-05-02,23:40,rebounds,7.5,700.0,,True,fanduel,2026-05-02T22:11:55.471736
Derrick White,,,a37e80a2e3cf3aaa3ae84a9124987058,2026-05-02,23:40,rebounds,7.5,900.0,,True,fanduel,2026-05-02T22:11:55.471738
Payton Pritchard,,,a37e80a2e3cf3aaa3ae84a9124987058,2026-05-02,23:40,rebounds,7.5,900.0,,True,fanduel,2026-05-02T22:11:55.471740
Tyrese Maxey,,,a37e80a2e3cf3aaa3ae84a9124987058,2026-05-02,23:40,rebounds,7.5,1200.0,,True,fanduel,2026-05-02T22:11:55.471744
Joel Embiid,,,a37e80a2e3cf3aaa3ae84a9124987058,2026-05-02,23:40,rebounds,11.5,310.0,-470.0,True,fanduel,2026-05-02T22:11:55.471746
Neemias Queta,,,a37e80a2e3cf3aaa3ae84a9124987058,2026-05-02,23:40,rebounds,11.5,330.0,,True,fanduel,2026-05-02T22:11:55.471748
Jaylen Brown,,,a37e80a2e3cf3aaa3ae84a9124987058,2026-05-02,23:40,rebounds,11.5,800.0,,True,fanduel,2026-05-02T22:11:55.471749
VJ Edgecombe,,,a37e80a2e3cf3aaa3ae84a9124987058,2026-05-02,23:40,rebounds,11.5,1500.0,,True,fanduel,2026-05-02T22:11:55.471751
Nikola Vucevic,,,a37e80a2e3cf3aaa3ae84a9124987058,2026-05-02,23:40,rebounds,11.5,1700.0,,True,fanduel,2026-05-02T22:11:55.471753
Kelly Oubre Jr,,,a37e80a2e3cf3aaa3ae84a9124987058,2026-05-02,23:40,rebounds,11.5,2000.0,,True,fanduel,2026-05-02T22:11:55.471754
Paul George,,,a37e80a2e3cf3aaa3ae84a9124987058,2026-05-02,23:40,rebounds,11.5,2500.0,,True,fanduel,2026-05-02T22:11:55.471756
Neemias Queta,,,a37e80a2e3cf3aaa3ae84a9124987058,2026-05-02,23:40,rebounds,3.5,-4500.0,,True,fanduel,2026-05-02T22:11:55.471758
Jaylen Brown,,,a37e80a2e3cf3aaa3ae84a9124987058,2026-05-02,23:40,rebounds,3.5,-3000.0,,True,fanduel,2026-05-02T22:11:55.471759
VJ Edgecombe,,,a37e80a2e3cf3aaa3ae84a9124987058,2026-05-02,23:40,rebounds,3.5,-750.0,430.0,True,fanduel,2026-05-02T22:11:55.471761
Paul George,,,a37e80a2e3cf3aaa3ae84a9124987058,2026-05-02,23:40,rebounds,3.5,-550.0,350.0,True,fanduel,2026-05-02T22:11:55.471763
Kelly Oubre Jr,,,a37e80a2e3cf3aaa3ae84a9124987058,2026-05-02,23:40,rebounds,3.5,-420.0,280.0,True,fanduel,2026-05-02T22:11:55.471764
Nikola Vucevic,,,a37e80a2e3cf3aaa3ae84a9124987058,2026-05-02,23:40,rebounds,3.5,-225.0,164.0,True,fanduel,2026-05-02T22:11:55.471766
Derrick White,,,a37e80a2e3cf3aaa3ae84a9124987058,2026-05-02,23:40,rebounds,3.5,-205.0,152.0,True,fanduel,2026-05-02T22:11:55.471768
Payton Pritchard,,,a37e80a2e3cf3aaa3ae84a9124987058,2026-05-02,23:40,rebounds,3.5,-188.0,,True,fanduel,2026-05-02T22:11:55.471770
Sam Hauser,,,a37e80a2e3cf3aaa3ae84a9124987058,2026-05-02,23:40,rebounds,3.5,-188.0,140.0,True,fanduel,2026-05-02T22:11:55.471771
Tyrese Maxey,,,a37e80a2e3cf3aaa3ae84a9124987058,2026-05-02,23:40,rebounds,3.5,-152.0,114.0,True,fanduel,2026-05-02T22:11:55.471773
Baylor Scheierman,,,a37e80a2e3cf3aaa3ae84a9124987058,2026-05-02,23:40,rebounds,3.5,-132.0,,True,fanduel,2026-05-02T22:11:55.471775
Quentin Grimes,,,a37e80a2e3cf3aaa3ae84a9124987058,2026-05-02,23:40,rebounds,3.5,250.0,,True,fanduel,2026-05-02T22:11:55.471777
Sam Hauser,,,a37e80a2e3cf3aaa3ae84a9124987058,2026-05-02,23:40,rebounds,2.5,-450.0,300.0,True,fanduel,2026-05-02T22:11:55.471778
Sam Hauser,,,a37e80a2e3cf3aaa3ae84a9124987058,2026-05-02,23:40,rebounds,4.5,114.0,-152.0,True,fanduel,2026-05-02T22:11:55.471780
Sam Hauser,,,a37e80a2e3cf3aaa3ae84a9124987058,2026-05-02,23:40,rebounds,6.5,390.0,-650.0,True,fanduel,2026-05-02T22:11:55.471782
Paul George,,,a37e80a2e3cf3aaa3ae84a9124987058,2026-05-02,23:40,rebounds,4.5,-230.0,168.0,True,fanduel,2026-05-02T22:11:55.471783
Paul George,,,a37e80a2e3cf3aaa3ae84a9124987058,2026-05-02,23:40,rebounds,6.5,188.0,-260.0,True,fanduel,2026-05-02T22:11:55.471785
Paul George,,,a37e80a2e3cf3aaa3ae84a9124987058,2026-05-02,23:40,rebounds,8.5,,-1400.0,True,fanduel,2026-05-02T22:11:55.471787
Kelly Oubre Jr,,,a37e80a2e3cf3aaa3ae84a9124987058,2026-05-02,23:40,rebounds,2.5,-1400.0,,True,fanduel,2026-05-02T22:11:55.471788
Kelly Oubre Jr,,,a37e80a2e3cf3aaa3ae84a9124987058,2026-05-02,23:40,rebounds,4.5,-192.0,142.0,True,fanduel,2026-05-02T22:11:55.471790
Kelly Oubre Jr,,,a37e80a2e3cf3aaa3ae84a9124987058,2026-05-02,23:40,rebounds,6.5,198.0,-275.0,True,fanduel,2026-05-02T22:11:55.471792
Tyrese Maxey,,,a37e80a2e3cf3aaa3ae84a9124987058,2026-05-02,23:40,rebounds,2.5,-400.0,270.0,True,fanduel,2026-05-02T22:11:55.471793
Tyrese Maxey,,,a37e80a2e3cf3aaa3ae84a9124987058,2026-05-02,23:40,rebounds,4.5,158.0,-215.0,True,fanduel,2026-05-02T22:11:55.471795
Tyrese Maxey,,,a37e80a2e3cf3aaa3ae84a9124987058,2026-05-02,23:40,rebounds,6.5,,-1450.0,True,fanduel,2026-05-02T22:11:55.471797
VJ Edgecombe,,,a37e80a2e3cf3aaa3ae84a9124987058,2026-05-02,23:40,rebounds,4.5,-310.0,220.0,True,fanduel,2026-05-02T22:11:55.471798
VJ Edgecombe,,,a37e80a2e3cf3aaa3ae84a9124987058,2026-05-02,23:40,rebounds,6.5,132.0,-178.0,True,fanduel,2026-05-02T22:11:55.471800
VJ Edgecombe,,,a37e80a2e3cf3aaa3ae84a9124987058,2026-05-02,23:40,rebounds,8.5,400.0,-670.0,True,fanduel,2026-05-02T22:11:55.471802
Nikola Vucevic,,,a37e80a2e3cf3aaa3ae84a9124987058,2026-05-02,23:40,rebounds,2.5,-490.0,320.0,True,fanduel,2026-05-02T22:11:55.471804
Nikola Vucevic,,,a37e80a2e3cf3aaa3ae84a9124987058,2026-05-02,23:40,rebounds,4.5,-114.0,-114.0,True,fanduel,2026-05-02T22:11:55.471805
Nikola Vucevic,,,a37e80a2e3cf3aaa3ae84a9124987058,2026-05-02,23:40,rebounds,6.5,260.0,-380.0,True,fanduel,2026-05-02T22:11:55.471807
Derrick White,,,a37e80a2e3cf3aaa3ae84a9124987058,2026-05-02,23:40,rebounds,2.5,-550.0,350.0,True,fanduel,2026-05-02T22:11:55.471808
Derrick White,,,a37e80a2e3cf3aaa3ae84a9124987058,2026-05-02,23:40,rebounds,4.5,116.0,-158.0,True,fanduel,2026-05-02T22:11:55.471810
Derrick White,,,a37e80a2e3cf3aaa3ae84a9124987058,2026-05-02,23:40,rebounds,6.5,450.0,-800.0,True,fanduel,2026-05-02T22:11:55.471812
Joel Embiid,,,a37e80a2e3cf3aaa3ae84a9124987058,2026-05-02,23:40,rebounds,6.5,-400.0,270.0,True,fanduel,2026-05-02T22:11:55.471814
Joel Embiid,,,a37e80a2e3cf3aaa3ae84a9124987058,2026-05-02,23:40,rebounds,8.5,-122.0,-108.0,True,fanduel,2026-05-02T22:11:55.471815
Joel Embiid,,,a37e80a2e3cf3aaa3ae84a9124987058,2026-05-02,23:40,rebounds,9.5,120.0,-154.0,True,fanduel,2026-05-02T22:11:55.471820
Joel Embiid,,,a37e80a2e3cf3aaa3ae84a9124987058,2026-05-02,23:40,rebounds,10.5,194.0,-270.0,True,fanduel,2026-05-02T22:11:55.471822
Joel Embiid,,,a37e80a2e3cf3aaa3ae84a9124987058,2026-05-02,23:40,rebounds,12.5,470.0,-850.0,True,fanduel,2026-05-02T22:11:55.471823
Joel Embiid,,,a37e80a2e3cf3aaa3ae84a9124987058,2026-05-02,23:40,rebounds,13.5,750.0,,True,fanduel,2026-05-02T22:11:55.471825
Neemias Queta,,,a37e80a2e3cf3aaa3ae84a9124987058,2026-05-02,23:40,rebounds,13.5,830.0,,True,fanduel,2026-05-02T22:11:55.471827
Jaylen Brown,,,a37e80a2e3cf3aaa3ae84a9124987058,2026-05-02,23:40,rebounds,13.5,1700.0,,True,fanduel,2026-05-02T22:11:55.471828
Neemias Queta,,,a37e80a2e3cf3aaa3ae84a9124987058,2026-05-02,23:40,rebounds,9.5,130.0,-174.0,True,fanduel,2026-05-02T22:11:55.471830
Jaylen Brown,,,a37e80a2e3cf3aaa3ae84a9124987058,2026-05-02,23:40,rebounds,9.5,265.0,,True,fanduel,2026-05-02T22:11:55.471834
VJ Edgecombe,,,a37e80a2e3cf3aaa3ae84a9124987058,2026-05-02,23:40,rebounds,9.5,630.0,,True,fanduel,2026-05-02T22:11:55.471836
Kelly Oubre Jr,,,a37e80a2e3cf3aaa3ae84a9124987058,2026-05-02,23:40,rebounds,9.5,900.0,,True,fanduel,2026-05-02T22:11:55.471837
Paul George,,,a37e80a2e3cf3aaa3ae84a9124987058,2026-05-02,23:40,rebounds,9.5,900.0,,True,fanduel,2026-05-02T22:11:55.471839
Nikola Vucevic,,,a37e80a2e3cf3aaa3ae84a9124987058,2026-05-02,23:40,rebounds,9.5,900.0,,True,fanduel,2026-05-02T22:11:55.471841
Baylor Scheierman,,,a37e80a2e3cf3aaa3ae84a9124987058,2026-05-02,23:40,rebounds,9.5,1400.0,,True,fanduel,2026-05-02T22:11:55.471842
Sam Hauser,,,a37e80a2e3cf3aaa3ae84a9124987058,2026-05-02,23:40,rebounds,9.5,1500.0,,True,fanduel,2026-05-02T22:11:55.471844
Neemias Queta,,,a37e80a2e3cf3aaa3ae84a9124987058,2026-05-02,23:40,rebounds,6.5,-330.0,230.0,True,fanduel,2026-05-02T22:11:55.471846
Neemias Queta,,,a37e80a2e3cf3aaa3ae84a9124987058,2026-05-02,23:40,rebounds,8.5,-108.0,-122.0,True,fanduel,2026-05-02T22:11:55.471847
Neemias Queta,,,a37e80a2e3cf3aaa3ae84a9124987058,2026-05-02,23:40,rebounds,10.5,205.0,-280.0,True,fanduel,2026-05-02T22:11:55.471849
Tyrese Maxey,,,a37e80a2e3cf3aaa3ae84a9124987058,2026-05-02,23:40,threes,2.5,-136.0,106.0,False,fanduel,2026-05-02T22:11:55.471863
Derrick White,,,a37e80a2e3cf3aaa3ae84a9124987058,2026-05-02,23:40,threes,2.5,110.0,-140.0,False,fanduel,2026-05-02T22:11:55.471865
VJ Edgecombe,,,a37e80a2e3cf3aaa3ae84a9124987058,2026-05-02,23:40,threes,1.5,-148.0,116.0,False,fanduel,2026-05-02T22:11:55.471867
Kelly Oubre Jr,,,a37e80a2e3cf3aaa3ae84a9124987058,2026-05-02,23:40,threes,1.5,136.0,-174.0,False,fanduel,2026-05-02T22:11:55.471868
Paul George,,,a37e80a2e3cf3aaa3ae84a9124987058,2026-05-02,23:40,threes,2.5,122.0,-156.0,False,fanduel,2026-05-02T22:11:55.471870
Joel Embiid,,,a37e80a2e3cf3aaa3ae84a9124987058,2026-05-02,23:40,threes,1.5,116.0,-148.0,False,fanduel,2026-05-02T22:11:55.471872
Quentin Grimes,,,a37e80a2e3cf3aaa3ae84a9124987058,2026-05-02,23:40,threes,1.5,190.0,-260.0,False,fanduel,2026-05-02T22:11:55.471874
Payton Pritchard,,,a37e80a2e3cf3aaa3ae84a9124987058,2026-05-02,23:40,threes,2.5,-146.0,114.0,False,fanduel,2026-05-02T22:11:55.471875
Jaylen Brown,,,a37e80a2e3cf3aaa3ae84a9124987058,2026-05-02,23:40,threes,1.5,-184.0,142.0,False,fanduel,2026-05-02T22:11:55.471877
Paul George,,,a37e80a2e3cf3aaa3ae84a9124987058,2026-05-02,23:40,threes,1.5,-265.0,194.0,True,fanduel,2026-05-02T22:11:55.471933
Paul George,,,a37e80a2e3cf3aaa3ae84a9124987058,2026-05-02,23:40,threes,2.5,122.0,-158.0,True,fanduel,2026-05-02T22:11:55.471936
Paul George,,,a37e80a2e3cf3aaa3ae84a9124987058,2026-05-02,23:40,threes,3.5,320.0,-470.0,True,fanduel,2026-05-02T22:11:55.471937
Tyrese Maxey,,,a37e80a2e3cf3aaa3ae84a9124987058,2026-05-02,23:40,threes,7.5,4000.0,,True,fanduel,2026-05-02T22:11:55.471939
Payton Pritchard,,,a37e80a2e3cf3aaa3ae84a9124987058,2026-05-02,23:40,threes,7.5,4000.0,,True,fanduel,2026-05-02T22:11:55.471941
Jaylen Brown,,,a37e80a2e3cf3aaa3ae84a9124987058,2026-05-02,23:40,threes,0.5,-1000.0,,True,fanduel,2026-05-02T22:11:55.471943
Jaylen Brown,,,a37e80a2e3cf3aaa3ae84a9124987058,2026-05-02,23:40,threes,1.5,-184.0,140.0,True,fanduel,2026-05-02T22:11:55.471944
Jaylen Brown,,,a37e80a2e3cf3aaa3ae84a9124987058,2026-05-02,23:40,threes,2.5,176.0,-240.0,True,fanduel,2026-05-02T22:11:55.471946
Jaylen Brown,,,a37e80a2e3cf3aaa3ae84a9124987058,2026-05-02,23:40,threes,3.5,470.0,-800.0,True,fanduel,2026-05-02T22:11:55.471948
Tyrese Maxey,,,a37e80a2e3cf3aaa3ae84a9124987058,2026-05-02,23:40,threes,5.5,1000.0,,True,fanduel,2026-05-02T22:11:55.471949
Paul George,,,a37e80a2e3cf3aaa3ae84a9124987058,2026-05-02,23:40,threes,5.5,1500.0,,True,fanduel,2026-05-02T22:11:55.471951
VJ Edgecombe,,,a37e80a2e3cf3aaa3ae84a9124987058,2026-05-02,23:40,threes,5.5,3000.0,,True,fanduel,2026-05-02T22:11:55.471953
Jaylen Brown,,,a37e80a2e3cf3aaa3ae84a9124987058,2026-05-02,23:40,threes,5.5,2500.0,,True,fanduel,2026-05-02T22:11:55.471955
Derrick White,,,a37e80a2e3cf3aaa3ae84a9124987058,2026-05-02,23:40,threes,5.5,1400.0,,True,fanduel,2026-05-02T22:11:55.471956
Payton Pritchard,,,a37e80a2e3cf3aaa3ae84a9124987058,2026-05-02,23:40,threes,5.5,900.0,,True,fanduel,2026-05-02T22:11:55.471964
Sam Hauser,,,a37e80a2e3cf3aaa3ae84a9124987058,2026-05-02,23:40,threes,5.5,1200.0,,True,fanduel,2026-05-02T22:11:55.471966
Baylor Scheierman,,,a37e80a2e3cf3aaa3ae84a9124987058,2026-05-02,23:40,threes,5.5,3000.0,,True,fanduel,2026-05-02T22:11:55.471968
Tyrese Maxey,,,a37e80a2e3cf3aaa3ae84a9124987058,2026-05-02,23:40,threes,6.5,1700.0,,True,fanduel,2026-05-02T22:11:55.471969
Paul George,,,a37e80a2e3cf3aaa3ae84a9124987058,2026-05-02,23:40,threes,6.5,3500.0,,True,fanduel,2026-05-02T22:11:55.471971
Derrick White,,,a37e80a2e3cf3aaa3ae84a9124987058,2026-05-02,23:40,threes,6.5,3000.0,,True,fanduel,2026-05-02T22:11:55.471973
Payton Pritchard,,,a37e80a2e3cf3aaa3ae84a9124987058,2026-05-02,23:40,threes,6.5,1700.0,,True,fanduel,2026-05-02T22:11:55.471974
Sam Hauser,,,a37e80a2e3cf3aaa3ae84a9124987058,2026-05-02,23:40,threes,6.5,2500.0,,True,fanduel,2026-05-02T22:11:55.471976
Payton Pritchard,,,a37e80a2e3cf3aaa3ae84a9124987058,2026-05-02,23:40,threes,4.5,400.0,-670.0,True,fanduel,2026-05-02T22:11:55.471978
Tyrese Maxey,,,a37e80a2e3cf3aaa3ae84a9124987058,2026-05-02,23:40,threes,4.5,430.0,-750.0,True,fanduel,2026-05-02T22:11:55.471979
Derrick White,,,a37e80a2e3cf3aaa3ae84a9124987058,2026-05-02,23:40,threes,4.5,700.0,-1450.0,True,fanduel,2026-05-02T22:11:55.471981
Paul George,,,a37e80a2e3cf3aaa3ae84a9124987058,2026-05-02,23:40,threes,4.5,700.0,,True,fanduel,2026-05-02T22:11:55.471983
Sam Hauser,,,a37e80a2e3cf3aaa3ae84a9124987058,2026-05-02,23:40,threes,4.5,700.0,,True,fanduel,2026-05-02T22:11:55.471984
Jaylen Brown,,,a37e80a2e3cf3aaa3ae84a9124987058,2026-05-02,23:40,threes,4.5,1100.0,,True,fanduel,2026-05-02T22:11:55.471986
VJ Edgecombe,,,a37e80a2e3cf3aaa3ae84a9124987058,2026-05-02,23:40,threes,4.5,1400.0,,True,fanduel,2026-05-02T22:11:55.471988
Baylor Scheierman,,,a37e80a2e3cf3aaa3ae84a9124987058,2026-05-02,23:40,threes,4.5,1500.0,,True,fanduel,2026-05-02T22:11:55.471992
Payton Pritchard,,,a37e80a2e3cf3aaa3ae84a9124987058,2026-05-02,23:40,threes,2.5,-148.0,112.0,True,fanduel,2026-05-02T22:11:55.471994
Tyrese Maxey,,,a37e80a2e3cf3aaa3ae84a9124987058,2026-05-02,23:40,threes,2.5,-138.0,104.0,True,fanduel,2026-05-02T22:11:55.471995
Derrick White,,,a37e80a2e3cf3aaa3ae84a9124987058,2026-05-02,23:40,threes,2.5,108.0,-144.0,True,fanduel,2026-05-02T22:11:55.471999
Sam Hauser,,,a37e80a2e3cf3aaa3ae84a9124987058,2026-05-02,23:40,threes,2.5,130.0,,True,fanduel,2026-05-02T22:11:55.472001
VJ Edgecombe,,,a37e80a2e3cf3aaa3ae84a9124987058,2026-05-02,23:40,threes,2.5,220.0,-310.0,True,fanduel,2026-05-02T22:11:55.472003
Baylor Scheierman,,,a37e80a2e3cf3aaa3ae84a9124987058,2026-05-02,23:40,threes,2.5,300.0,,True,fanduel,2026-05-02T22:11:55.472004
Joel Embiid,,,a37e80a2e3cf3aaa3ae84a9124987058,2026-05-02,23:40,threes,2.5,360.0,-580.0,True,fanduel,2026-05-02T22:11:55.472006
Kelly Oubre Jr,,,a37e80a2e3cf3aaa3ae84a9124987058,2026-05-02,23:40,threes,2.5,410.0,-700.0,True,fanduel,2026-05-02T22:11:55.472008
Quentin Grimes,,,a37e80a2e3cf3aaa3ae84a9124987058,2026-05-02,23:40,threes,2.5,600.0,,True,fanduel,2026-05-02T22:11:55.472010
Payton Pritchard,,,a37e80a2e3cf3aaa3ae84a9124987058,2026-05-02,23:40,threes,1.5,-460.0,310.0,True,fanduel,2026-05-02T22:11:55.472011
Payton Pritchard,,,a37e80a2e3cf3aaa3ae84a9124987058,2026-05-02,23:40,threes,3.5,180.0,-245.0,True,fanduel,2026-05-02T22:11:55.472013
VJ Edgecombe,,,a37e80a2e3cf3aaa3ae84a9124987058,2026-05-02,23:40,threes,0.5,-770.0,450.0,True,fanduel,2026-05-02T22:11:55.472015
VJ Edgecombe,,,a37e80a2e3cf3aaa3ae84a9124987058,2026-05-02,23:40,threes,1.5,-148.0,114.0,True,fanduel,2026-05-02T22:11:55.472016
VJ Edgecombe,,,a37e80a2e3cf3aaa3ae84a9124987058,2026-05-02,23:40,threes,3.5,600.0,-1200.0,True,fanduel,2026-05-02T22:11:55.472018
Tyrese Maxey,,,a37e80a2e3cf3aaa3ae84a9124987058,2026-05-02,23:40,threes,1.5,-440.0,290.0,True,fanduel,2026-05-02T22:11:55.472020
Derrick White,,,a37e80a2e3cf3aaa3ae84a9124987058,2026-05-02,23:40,threes,1.5,-290.0,205.0,True,fanduel,2026-05-02T22:11:55.472021
Sam Hauser,,,a37e80a2e3cf3aaa3ae84a9124987058,2026-05-02,23:40,threes,1.5,-230.0,,True,fanduel,2026-05-02T22:11:55.472025
Joel Embiid,,,a37e80a2e3cf3aaa3ae84a9124987058,2026-05-02,23:40,threes,1.5,116.0,-154.0,True,fanduel,2026-05-02T22:11:55.472027
Baylor Scheierman,,,a37e80a2e3cf3aaa3ae84a9124987058,2026-05-02,23:40,threes,1.5,110.0,,True,fanduel,2026-05-02T22:11:55.472029
Kelly Oubre Jr,,,a37e80a2e3cf3aaa3ae84a9124987058,2026-05-02,23:40,threes,1.5,134.0,-180.0,True,fanduel,2026-05-02T22:11:55.472030
Quentin Grimes,,,a37e80a2e3cf3aaa3ae84a9124987058,2026-05-02,23:40,threes,1.5,190.0,,True,fanduel,2026-05-02T22:11:55.472032
Joel Embiid,,,a37e80a2e3cf3aaa3ae84a9124987058,2026-05-02,23:40,threes,0.5,-430.0,290.0,True,fanduel,2026-05-02T22:11:55.472034
Kelly Oubre Jr,,,a37e80a2e3cf3aaa3ae84a9124987058,2026-05-02,23:40,threes,0.5,-340.0,240.0,True,fanduel,2026-05-02T22:11:55.472035
Derrick White,,,a37e80a2e3cf3aaa3ae84a9124987058,2026-05-02,23:40,threes,3.5,285.0,-420.0,True,fanduel,2026-05-02T22:11:55.472037
Tyrese Maxey,,,a37e80a2e3cf3aaa3ae84a9124987058,2026-05-02,23:40,threes,0.5,-3500.0,,True,fanduel,2026-05-02T22:11:55.472039
Payton Pritchard,,,a37e80a2e3cf3aaa3ae84a9124987058,2026-05-02,23:40,threes,0.5,-4000.0,,True,fanduel,2026-05-02T22:11:55.472041
Derrick White,,,a37e80a2e3cf3aaa3ae84a9124987058,2026-05-02,23:40,threes,0.5,-2000.0,,True,fanduel,2026-05-02T22:11:55.472042
Paul George,,,a37e80a2e3cf3aaa3ae84a9124987058,2026-05-02,23:40,threes,0.5,-1600.0,,True,fanduel,2026-05-02T22:11:55.472044
Sam Hauser,,,a37e80a2e3cf3aaa3ae84a9124987058,2026-05-02,23:40,threes,0.5,-1200.0,,True,fanduel,2026-05-02T22:11:55.472046
Baylor Scheierman,,,a37e80a2e3cf3aaa3ae84a9124987058,2026-05-02,23:40,threes,0.5,-390.0,,True,fanduel,2026-05-02T22:11:55.472047
Quentin Grimes,,,a37e80a2e3cf3aaa3ae84a9124987058,2026-05-02,23:40,threes,0.5,-235.0,,True,fanduel,2026-05-02T22:11:55.472049
Tyrese Maxey,,,a37e80a2e3cf3aaa3ae84a9124987058,2026-05-02,23:40,threes,3.5,190.0,-260.0,True,fanduel,2026-05-02T22:11:55.472051
Sam Hauser,,,a37e80a2e3cf3aaa3ae84a9124987058,2026-05-02,23:40,threes,3.5,300.0,,True,fanduel,2026-05-02T22:11:55.472053
Baylor Scheierman,,,a37e80a2e3cf3aaa3ae84a9124987058,2026-05-02,23:40,threes,3.5,750.0,,True,fanduel,2026-05-02T22:11:55.472054
Joel Embiid,,,a37e80a2e3cf3aaa3ae84a9124987058,2026-05-02,23:40,threes,3.5,1000.0,,True,fanduel,2026-05-02T22:11:55.472056
Kelly Oubre Jr,,,a37e80a2e3cf3aaa3ae84a9124987058,2026-05-02,23:40,threes,3.5,1100.0,,True,fanduel,2026-05-02T22:11:55.472058
Quentin Grimes,,,a37e80a2e3cf3aaa3ae84a9124987058,2026-05-02,23:40,threes,3.5,1500.0,,True,fanduel,2026-05-02T22:11:55.472059
Cade Cunningham,,,be60e6f50fc77fc3a3cf6925472bad91,2026-05-03,19:40,assists,8.5,-118.0,-112.0,False,fanduel,2026-05-02T22:11:55.532565
Paolo Banchero,,,be60e6f50fc77fc3a3cf6925472bad91,2026-05-03,19:40,assists,5.5,-102.0,-130.0,False,fanduel,2026-05-02T22:11:55.532567
Anthony Black,,,be60e6f50fc77fc3a3cf6925472bad91,2026-05-03,19:40,assists,2.5,-132.0,100.0,False,fanduel,2026-05-02T22:11:55.532568
Jalen Suggs,,,be60e6f50fc77fc3a3cf6925472bad91,2026-05-03,19:40,assists,4.5,-138.0,104.0,False,fanduel,2026-05-02T22:11:55.532570
Ausar Thompson,,,be60e6f50fc77fc3a3cf6925472bad91,2026-05-03,19:40,assists,2.5,-182.0,136.0,False,fanduel,2026-05-02T22:11:55.532572
Desmond Bane,,,be60e6f50fc77fc3a3cf6925472bad91,2026-05-03,19:40,assists,2.5,-174.0,128.0,False,fanduel,2026-05-02T22:11:55.532573
Cade Cunningham,,,be60e6f50fc77fc3a3cf6925472bad91,2026-05-03,19:40,assists,5.5,-1000.0,,True,fanduel,2026-05-02T22:11:55.532592
Paolo Banchero,,,be60e6f50fc77fc3a3cf6925472bad91,2026-05-03,19:40,assists,5.5,100.0,,True,fanduel,2026-05-02T22:11:55.532593
Jalen Suggs,,,be60e6f50fc77fc3a3cf6925472bad91,2026-05-03,19:40,assists,5.5,154.0,,True,fanduel,2026-05-02T22:11:55.532595
Ausar Thompson,,,be60e6f50fc77fc3a3cf6925472bad91,2026-05-03,19:40,assists,5.5,750.0,,True,fanduel,2026-05-02T22:11:55.532597
Desmond Bane,,,be60e6f50fc77fc3a3cf6925472bad91,2026-05-03,19:40,assists,5.5,800.0,,True,fanduel,2026-05-02T22:11:55.532599
Anthony Black,,,be60e6f50fc77fc3a3cf6925472bad91,2026-05-03,19:40,assists,5.5,900.0,,True,fanduel,2026-05-02T22:11:55.532601
Cade Cunningham,,,be60e6f50fc77fc3a3cf6925472bad91,2026-05-03,19:40,assists,7.5,-215.0,,True,fanduel,2026-05-02T22:11:55.532602
Paolo Banchero,,,be60e6f50fc77fc3a3cf6925472bad91,2026-05-03,19:40,assists,7.5,360.0,,True,fanduel,2026-05-02T22:11:55.532604
Jalen Suggs,,,be60e6f50fc77fc3a3cf6925472bad91,2026-05-03,19:40,assists,7.5,560.0,,True,fanduel,2026-05-02T22:11:55.532606
Jalen Suggs,,,be60e6f50fc77fc3a3cf6925472bad91,2026-05-03,19:40,assists,1.5,-4500.0,,True,fanduel,2026-05-02T22:11:55.532608
Ausar Thompson,,,be60e6f50fc77fc3a3cf6925472bad91,2026-05-03,19:40,assists,1.5,-590.0,,True,fanduel,2026-05-02T22:11:55.532609
Desmond Bane,,,be60e6f50fc77fc3a3cf6925472bad91,2026-05-03,19:40,assists,1.5,-520.0,,True,fanduel,2026-05-02T22:11:55.532611
Anthony Black,,,be60e6f50fc77fc3a3cf6925472bad91,2026-05-03,19:40,assists,1.5,-400.0,,True,fanduel,2026-05-02T22:11:55.532613
Duncan Robinson,,,be60e6f50fc77fc3a3cf6925472bad91,2026-05-03,19:40,assists,1.5,-172.0,,True,fanduel,2026-05-02T22:11:55.532614
Jalen Duren,,,be60e6f50fc77fc3a3cf6925472bad91,2026-05-03,19:40,assists,1.5,-162.0,,True,fanduel,2026-05-02T22:11:55.532616
Tobias Harris,,,be60e6f50fc77fc3a3cf6925472bad91,2026-05-03,19:40,assists,1.5,-162.0,,True,fanduel,2026-05-02T22:11:55.532618
Cade Cunningham,,,be60e6f50fc77fc3a3cf6925472bad91,2026-05-03,19:40,assists,11.5,390.0,,True,fanduel,2026-05-02T22:11:55.532619
Paolo Banchero,,,be60e6f50fc77fc3a3cf6925472bad91,2026-05-03,19:40,assists,11.5,3000.0,,True,fanduel,2026-05-02T22:11:55.532621
Cade Cunningham,,,be60e6f50fc77fc3a3cf6925472bad91,2026-05-03,19:40,assists,9.5,130.0,,True,fanduel,2026-05-02T22:11:55.532623
Paolo Banchero,,,be60e6f50fc77fc3a3cf6925472bad91,2026-05-03,19:40,assists,9.5,900.0,,True,fanduel,2026-05-02T22:11:55.532624
Jalen Suggs,,,be60e6f50fc77fc3a3cf6925472bad91,2026-05-03,19:40,assists,9.5,1400.0,,True,fanduel,2026-05-02T22:11:55.532626
Paolo Banchero,,,be60e6f50fc77fc3a3cf6925472bad91,2026-05-03,19:40,assists,3.5,-520.0,,True,fanduel,2026-05-02T22:11:55.532628
Jalen Suggs,,,be60e6f50fc77fc3a3cf6925472bad91,2026-05-03,19:40,assists,3.5,-310.0,,True,fanduel,2026-05-02T22:11:55.532629
Ausar Thompson,,,be60e6f50fc77fc3a3cf6925472bad91,2026-05-03,19:40,assists,3.5,144.0,,True,fanduel,2026-05-02T22:11:55.532634
Desmond Bane,,,be60e6f50fc77fc3a3cf6925472bad91,2026-05-03,19:40,assists,3.5,158.0,,True,fanduel,2026-05-02T22:11:55.532636
Anthony Black,,,be60e6f50fc77fc3a3cf6925472bad91,2026-05-03,19:40,assists,3.5,196.0,,True,fanduel,2026-05-02T22:11:55.532637
Duncan Robinson,,,be60e6f50fc77fc3a3cf6925472bad91,2026-05-03,19:40,assists,3.5,470.0,,True,fanduel,2026-05-02T22:11:55.532639
Tobias Harris,,,be60e6f50fc77fc3a3cf6925472bad91,2026-05-03,19:40,assists,3.5,500.0,,True,fanduel,2026-05-02T22:11:55.532640
Jalen Duren,,,be60e6f50fc77fc3a3cf6925472bad91,2026-05-03,19:40,assists,3.5,520.0,,True,fanduel,2026-05-02T22:11:55.532642
Cade Cunningham,,,be60e6f50fc77fc3a3cf6925472bad91,2026-05-03,19:40,assists,13.5,1000.0,,True,fanduel,2026-05-02T22:11:55.532644
Anthony Black,,,be60e6f50fc77fc3a3cf6925472bad91,2026-05-03,19:40,points,10.5,-136.0,102.0,False,fanduel,2026-05-02T22:11:55.532659
Wendell Carter Jr,,,be60e6f50fc77fc3a3cf6925472bad91,2026-05-03,19:40,points,9.5,-130.0,-102.0,False,fanduel,2026-05-02T22:11:55.532660
Isaiah Stewart II,,,be60e6f50fc77fc3a3cf6925472bad91,2026-05-03,19:40,points,4.5,-130.0,-102.0,False,fanduel,2026-05-02T22:11:55.532662
Tobias Harris,,,be60e6f50fc77fc3a3cf6925472bad91,2026-05-03,19:40,points,18.5,-112.0,-118.0,False,fanduel,2026-05-02T22:11:55.532664
Desmond Bane,,,be60e6f50fc77fc3a3cf6925472bad91,2026-05-03,19:40,points,18.5,-130.0,-102.0,False,fanduel,2026-05-02T22:11:55.532665
Jalen Duren,,,be60e6f50fc77fc3a3cf6925472bad91,2026-05-03,19:40,points,12.5,-128.0,-104.0,False,fanduel,2026-05-02T22:11:55.532667
Jamal Cain,,,be60e6f50fc77fc3a3cf6925472bad91,2026-05-03,19:40,points,5.5,-128.0,-104.0,False,fanduel,2026-05-02T22:11:55.532669
Jalen Suggs,,,be60e6f50fc77fc3a3cf6925472bad91,2026-05-03,19:40,points,12.5,-130.0,-102.0,False,fanduel,2026-05-02T22:11:55.532670
Paolo Banchero,,,be60e6f50fc77fc3a3cf6925472bad91,2026-05-03,19:40,points,23.5,-106.0,-122.0,False,fanduel,2026-05-02T22:11:55.532672
Cade Cunningham,,,be60e6f50fc77fc3a3cf6925472bad91,2026-05-03,19:40,points,28.5,-130.0,-102.0,False,fanduel,2026-05-02T22:11:55.532674
Ausar Thompson,,,be60e6f50fc77fc3a3cf6925472bad91,2026-05-03,19:40,points,9.5,-102.0,-130.0,False,fanduel,2026-05-02T22:11:55.532676
Duncan Robinson,,,be60e6f50fc77fc3a3cf6925472bad91,2026-05-03,19:40,points,10.5,-112.0,-118.0,False,fanduel,2026-05-02T22:11:55.532677
Tristan da Silva,,,be60e6f50fc77fc3a3cf6925472bad91,2026-05-03,19:40,points,5.5,100.0,-132.0,False,fanduel,2026-05-02T22:11:55.532679
Cade Cunningham,,,be60e6f50fc77fc3a3cf6925472bad91,2026-05-03,19:40,points,24.5,-310.0,,True,fanduel,2026-05-02T22:11:55.532705
Paolo Banchero,,,be60e6f50fc77fc3a3cf6925472bad91,2026-05-03,19:40,points,24.5,120.0,,True,fanduel,2026-05-02T22:11:55.532706
Desmond Bane,,,be60e6f50fc77fc3a3cf6925472bad91,2026-05-03,19:40,points,24.5,300.0,,True,fanduel,2026-05-02T22:11:55.532710
Tobias Harris,,,be60e6f50fc77fc3a3cf6925472bad91,2026-05-03,19:40,points,24.5,390.0,,True,fanduel,2026-05-02T22:11:55.532712
Jalen Suggs,,,be60e6f50fc77fc3a3cf6925472bad91,2026-05-03,19:40,points,24.5,1300.0,,True,fanduel,2026-05-02T22:11:55.532714
Jalen Duren,,,be60e6f50fc77fc3a3cf6925472bad91,2026-05-03,19:40,points,24.5,1500.0,,True,fanduel,2026-05-02T22:11:55.532715
Anthony Black,,,be60e6f50fc77fc3a3cf6925472bad91,2026-05-03,19:40,points,24.5,2500.0,,True,fanduel,2026-05-02T22:11:55.532717
Cade Cunningham,,,be60e6f50fc77fc3a3cf6925472bad91,2026-05-03,19:40,points,29.5,100.0,,True,fanduel,2026-05-02T22:11:55.532719
Paolo Banchero,,,be60e6f50fc77fc3a3cf6925472bad91,2026-05-03,19:40,points,29.5,320.0,,True,fanduel,2026-05-02T22:11:55.532720
Desmond Bane,,,be60e6f50fc77fc3a3cf6925472bad91,2026-05-03,19:40,points,29.5,870.0,,True,fanduel,2026-05-02T22:11:55.532722
Tobias Harris,,,be60e6f50fc77fc3a3cf6925472bad91,2026-05-03,19:40,points,29.5,1100.0,,True,fanduel,2026-05-02T22:11:55.532724
Cade Cunningham,,,be60e6f50fc77fc3a3cf6925472bad91,2026-05-03,19:40,points,34.5,285.0,,True,fanduel,2026-05-02T22:11:55.532726
Paolo Banchero,,,be60e6f50fc77fc3a3cf6925472bad91,2026-05-03,19:40,points,34.5,870.0,,True,fanduel,2026-05-02T22:11:55.532730
Desmond Bane,,,be60e6f50fc77fc3a3cf6925472bad91,2026-05-03,19:40,points,34.5,1800.0,,True,fanduel,2026-05-02T22:11:55.532732
Tobias Harris,,,be60e6f50fc77fc3a3cf6925472bad91,2026-05-03,19:40,points,34.5,3500.0,,True,fanduel,2026-05-02T22:11:55.532733
Desmond Bane,,,be60e6f50fc77fc3a3cf6925472bad91,2026-05-03,19:40,points,9.5,-3000.0,,True,fanduel,2026-05-02T22:11:55.532735
Tobias Harris,,,be60e6f50fc77fc3a3cf6925472bad91,2026-05-03,19:40,points,9.5,-3000.0,,True,fanduel,2026-05-02T22:11:55.532737
Jalen Duren,,,be60e6f50fc77fc3a3cf6925472bad91,2026-05-03,19:40,points,9.5,-330.0,,True,fanduel,2026-05-02T22:11:55.532738
Jalen Suggs,,,be60e6f50fc77fc3a3cf6925472bad91,2026-05-03,19:40,points,9.5,-330.0,,True,fanduel,2026-05-02T22:11:55.532740
Anthony Black,,,be60e6f50fc77fc3a3cf6925472bad91,2026-05-03,19:40,points,9.5,-180.0,,True,fanduel,2026-05-02T22:11:55.532742
Duncan Robinson,,,be60e6f50fc77fc3a3cf6925472bad91,2026-05-03,19:40,points,9.5,-146.0,,True,fanduel,2026-05-02T22:11:55.532743
Wendell Carter Jr,,,be60e6f50fc77fc3a3cf6925472bad91,2026-05-03,19:40,points,9.5,-125.0,,True,fanduel,2026-05-02T22:11:55.532745
Ausar Thompson,,,be60e6f50fc77fc3a3cf6925472bad91,2026-05-03,19:40,points,9.5,100.0,,True,fanduel,2026-05-02T22:11:55.532747
Jamal Cain,,,be60e6f50fc77fc3a3cf6925472bad91,2026-05-03,19:40,points,9.5,360.0,,True,fanduel,2026-05-02T22:11:55.532748
Tristan da Silva,,,be60e6f50fc77fc3a3cf6925472bad91,2026-05-03,19:40,points,9.5,400.0,,True,fanduel,2026-05-02T22:11:55.532750
Isaiah Stewart II,,,be60e6f50fc77fc3a3cf6925472bad91,2026-05-03,19:40,points,9.5,480.0,,True,fanduel,2026-05-02T22:11:55.532752
Cade Cunningham,,,be60e6f50fc77fc3a3cf6925472bad91,2026-05-03,19:40,points,19.5,-1450.0,,True,fanduel,2026-05-02T22:11:55.532753
Paolo Banchero,,,be60e6f50fc77fc3a3cf6925472bad91,2026-05-03,19:40,points,19.5,-280.0,,True,fanduel,2026-05-02T22:11:55.532755
Desmond Bane,,,be60e6f50fc77fc3a3cf6925472bad91,2026-05-03,19:40,points,19.5,100.0,,True,fanduel,2026-05-02T22:11:55.532756
Tobias Harris,,,be60e6f50fc77fc3a3cf6925472bad91,2026-05-03,19:40,points,19.5,118.0,,True,fanduel,2026-05-02T22:11:55.532758
Jalen Suggs,,,be60e6f50fc77fc3a3cf6925472bad91,2026-05-03,19:40,points,19.5,470.0,,True,fanduel,2026-05-02T22:11:55.532760
Jalen Duren,,,be60e6f50fc77fc3a3cf6925472bad91,2026-05-03,19:40,points,19.5,500.0,,True,fanduel,2026-05-02T22:11:55.532761
Anthony Black,,,be60e6f50fc77fc3a3cf6925472bad91,2026-05-03,19:40,points,19.5,830.0,,True,fanduel,2026-05-02T22:11:55.532763
Duncan Robinson,,,be60e6f50fc77fc3a3cf6925472bad91,2026-05-03,19:40,points,19.5,1060.0,,True,fanduel,2026-05-02T22:11:55.532765
Wendell Carter Jr,,,be60e6f50fc77fc3a3cf6925472bad91,2026-05-03,19:40,points,19.5,1300.0,,True,fanduel,2026-05-02T22:11:55.532766
Ausar Thompson,,,be60e6f50fc77fc3a3cf6925472bad91,2026-05-03,19:40,points,19.5,1700.0,,True,fanduel,2026-05-02T22:11:55.532768
Cade Cunningham,,,be60e6f50fc77fc3a3cf6925472bad91,2026-05-03,19:40,points,39.5,800.0,,True,fanduel,2026-05-02T22:11:55.532770
Paolo Banchero,,,be60e6f50fc77fc3a3cf6925472bad91,2026-05-03,19:40,points,39.5,2000.0,,True,fanduel,2026-05-02T22:11:55.532771
Cade Cunningham,,,be60e6f50fc77fc3a3cf6925472bad91,2026-05-03,19:40,points,44.5,1700.0,,True,fanduel,2026-05-02T22:11:55.532773
Paolo Banchero,,,be60e6f50fc77fc3a3cf6925472bad91,2026-05-03,19:40,points,14.5,-1400.0,,True,fanduel,2026-05-02T22:11:55.532775
Desmond Bane,,,be60e6f50fc77fc3a3cf6925472bad91,2026-05-03,19:40,points,14.5,-350.0,,True,fanduel,2026-05-02T22:11:55.532776
Tobias Harris,,,be60e6f50fc77fc3a3cf6925472bad91,2026-05-03,19:40,points,14.5,-340.0,,True,fanduel,2026-05-02T22:11:55.532778
Jalen Suggs,,,be60e6f50fc77fc3a3cf6925472bad91,2026-05-03,19:40,points,14.5,138.0,,True,fanduel,2026-05-02T22:11:55.532780
Jalen Duren,,,be60e6f50fc77fc3a3cf6925472bad91,2026-05-03,19:40,points,14.5,140.0,,True,fanduel,2026-05-02T22:11:55.532784
Anthony Black,,,be60e6f50fc77fc3a3cf6925472bad91,2026-05-03,19:40,points,14.5,240.0,,True,fanduel,2026-05-02T22:11:55.532786
Duncan Robinson,,,be60e6f50fc77fc3a3cf6925472bad91,2026-05-03,19:40,points,14.5,285.0,,True,fanduel,2026-05-02T22:11:55.532787
Wendell Carter Jr,,,be60e6f50fc77fc3a3cf6925472bad91,2026-05-03,19:40,points,14.5,390.0,,True,fanduel,2026-05-02T22:11:55.532789
Ausar Thompson,,,be60e6f50fc77fc3a3cf6925472bad91,2026-05-03,19:40,points,14.5,450.0,,True,fanduel,2026-05-02T22:11:55.532791
Tristan da Silva,,,be60e6f50fc77fc3a3cf6925472bad91,2026-05-03,19:40,points,14.5,1400.0,,True,fanduel,2026-05-02T22:11:55.532792
Jamal Cain,,,be60e6f50fc77fc3a3cf6925472bad91,2026-05-03,19:40,points,14.5,1500.0,,True,fanduel,2026-05-02T22:11:55.532794
Cade Cunningham,,,be60e6f50fc77fc3a3cf6925472bad91,2026-05-03,19:40,points,49.5,5000.0,,True,fanduel,2026-05-02T22:11:55.532795
Tobias Harris,,,be60e6f50fc77fc3a3cf6925472bad91,2026-05-03,19:40,rebounds,6.5,104.0,-138.0,False,fanduel,2026-05-02T22:11:55.532810
Jalen Duren,,,be60e6f50fc77fc3a3cf6925472bad91,2026-05-03,19:40,rebounds,9.5,-108.0,-122.0,False,fanduel,2026-05-02T22:11:55.532812
Desmond Bane,,,be60e6f50fc77fc3a3cf6925472bad91,2026-05-03,19:40,rebounds,3.5,-162.0,122.0,False,fanduel,2026-05-02T22:11:55.532814
Paolo Banchero,,,be60e6f50fc77fc3a3cf6925472bad91,2026-05-03,19:40,rebounds,8.5,102.0,-136.0,False,fanduel,2026-05-02T22:11:55.532818
Jalen Suggs,,,be60e6f50fc77fc3a3cf6925472bad91,2026-05-03,19:40,rebounds,3.5,-144.0,108.0,False,fanduel,2026-05-02T22:11:55.532820
Wendell Carter Jr,,,be60e6f50fc77fc3a3cf6925472bad91,2026-05-03,19:40,rebounds,7.5,116.0,-154.0,False,fanduel,2026-05-02T22:11:55.532821
Anthony Black,,,be60e6f50fc77fc3a3cf6925472bad91,2026-05-03,19:40,rebounds,3.5,116.0,-154.0,False,fanduel,2026-05-02T22:11:55.532823
Isaiah Stewart II,,,be60e6f50fc77fc3a3cf6925472bad91,2026-05-03,19:40,rebounds,3.5,-104.0,-128.0,False,fanduel,2026-05-02T22:11:55.532825
Jamal Cain,,,be60e6f50fc77fc3a3cf6925472bad91,2026-05-03,19:40,rebounds,3.5,100.0,-132.0,False,fanduel,2026-05-02T22:11:55.532826
Cade Cunningham,,,be60e6f50fc77fc3a3cf6925472bad91,2026-05-03,19:40,rebounds,5.5,-130.0,-102.0,False,fanduel,2026-05-02T22:11:55.532828
Ausar Thompson,,,be60e6f50fc77fc3a3cf6925472bad91,2026-05-03,19:40,rebounds,7.5,-144.0,108.0,False,fanduel,2026-05-02T22:11:55.532830
Duncan Robinson,,,be60e6f50fc77fc3a3cf6925472bad91,2026-05-03,19:40,rebounds,2.5,-108.0,-122.0,False,fanduel,2026-05-02T22:11:55.532832
Jalen Duren,,,be60e6f50fc77fc3a3cf6925472bad91,2026-05-03,19:40,rebounds,15.5,1400.0,,True,fanduel,2026-05-02T22:11:55.532858
Paolo Banchero,,,be60e6f50fc77fc3a3cf6925472bad91,2026-05-03,19:40,rebounds,15.5,2500.0,,True,fanduel,2026-05-02T22:11:55.532860
Ausar Thompson,,,be60e6f50fc77fc3a3cf6925472bad91,2026-05-03,19:40,rebounds,15.5,3000.0,,True,fanduel,2026-05-02T22:11:55.532861
Jalen Duren,,,be60e6f50fc77fc3a3cf6925472bad91,2026-05-03,19:40,rebounds,9.5,-106.0,,True,fanduel,2026-05-02T22:11:55.532863
Paolo Banchero,,,be60e6f50fc77fc3a3cf6925472bad91,2026-05-03,19:40,rebounds,9.5,146.0,,True,fanduel,2026-05-02T22:11:55.532865
Ausar Thompson,,,be60e6f50fc77fc3a3cf6925472bad91,2026-05-03,19:40,rebounds,9.5,176.0,,True,fanduel,2026-05-02T22:11:55.532866
Wendell Carter Jr,,,be60e6f50fc77fc3a3cf6925472bad91,2026-05-03,19:40,rebounds,9.5,290.0,,True,fanduel,2026-05-02T22:11:55.532868
Tobias Harris,,,be60e6f50fc77fc3a3cf6925472bad91,2026-05-03,19:40,rebounds,9.5,520.0,,True,fanduel,2026-05-02T22:11:55.532870
Cade Cunningham,,,be60e6f50fc77fc3a3cf6925472bad91,2026-05-03,19:40,rebounds,9.5,680.0,,True,fanduel,2026-05-02T22:11:55.532871
Jalen Duren,,,be60e6f50fc77fc3a3cf6925472bad91,2026-05-03,19:40,rebounds,5.5,-1100.0,,True,fanduel,2026-05-02T22:11:55.532873
Paolo Banchero,,,be60e6f50fc77fc3a3cf6925472bad91,2026-05-03,19:40,rebounds,5.5,-650.0,,True,fanduel,2026-05-02T22:11:55.532875
Ausar Thompson,,,be60e6f50fc77fc3a3cf6925472bad91,2026-05-03,19:40,rebounds,5.5,-500.0,,True,fanduel,2026-05-02T22:11:55.532876
Wendell Carter Jr,,,be60e6f50fc77fc3a3cf6925472bad91,2026-05-03,19:40,rebounds,5.5,-295.0,,True,fanduel,2026-05-02T22:11:55.532880
Tobias Harris,,,be60e6f50fc77fc3a3cf6925472bad91,2026-05-03,19:40,rebounds,5.5,-184.0,,True,fanduel,2026-05-02T22:11:55.532882
Cade Cunningham,,,be60e6f50fc77fc3a3cf6925472bad91,2026-05-03,19:40,rebounds,5.5,-125.0,,True,fanduel,2026-05-02T22:11:55.532884
Desmond Bane,,,be60e6f50fc77fc3a3cf6925472bad91,2026-05-03,19:40,rebounds,5.5,310.0,,True,fanduel,2026-05-02T22:11:55.532885
Jalen Suggs,,,be60e6f50fc77fc3a3cf6925472bad91,2026-05-03,19:40,rebounds,5.5,320.0,,True,fanduel,2026-05-02T22:11:55.532887
Isaiah Stewart II,,,be60e6f50fc77fc3a3cf6925472bad91,2026-05-03,19:40,rebounds,5.5,360.0,,True,fanduel,2026-05-02T22:11:55.532889
Jamal Cain,,,be60e6f50fc77fc3a3cf6925472bad91,2026-05-03,19:40,rebounds,5.5,460.0,,True,fanduel,2026-05-02T22:11:55.532890
Anthony Black,,,be60e6f50fc77fc3a3cf6925472bad91,2026-05-03,19:40,rebounds,5.5,540.0,,True,fanduel,2026-05-02T22:11:55.532892
Tristan da Silva,,,be60e6f50fc77fc3a3cf6925472bad91,2026-05-03,19:40,rebounds,5.5,870.0,,True,fanduel,2026-05-02T22:11:55.532894
Ausar Thompson,,,be60e6f50fc77fc3a3cf6925472bad91,2026-05-03,19:40,rebounds,3.5,-4000.0,,True,fanduel,2026-05-02T22:11:55.532895
Wendell Carter Jr,,,be60e6f50fc77fc3a3cf6925472bad91,2026-05-03,19:40,rebounds,3.5,-2000.0,,True,fanduel,2026-05-02T22:11:55.532897
Tobias Harris,,,be60e6f50fc77fc3a3cf6925472bad91,2026-05-03,19:40,rebounds,3.5,-1100.0,,True,fanduel,2026-05-02T22:11:55.532899
Cade Cunningham,,,be60e6f50fc77fc3a3cf6925472bad91,2026-05-03,19:40,rebounds,3.5,-650.0,,True,fanduel,2026-05-02T22:11:55.532900
Desmond Bane,,,be60e6f50fc77fc3a3cf6925472bad91,2026-05-03,19:40,rebounds,3.5,-160.0,,True,fanduel,2026-05-02T22:11:55.532902
Jalen Suggs,,,be60e6f50fc77fc3a3cf6925472bad91,2026-05-03,19:40,rebounds,3.5,-140.0,,True,fanduel,2026-05-02T22:11:55.532904
Isaiah Stewart II,,,be60e6f50fc77fc3a3cf6925472bad91,2026-05-03,19:40,rebounds,3.5,-102.0,,True,fanduel,2026-05-02T22:11:55.532905
Jamal Cain,,,be60e6f50fc77fc3a3cf6925472bad91,2026-05-03,19:40,rebounds,3.5,102.0,,True,fanduel,2026-05-02T22:11:55.532907
Anthony Black,,,be60e6f50fc77fc3a3cf6925472bad91,2026-05-03,19:40,rebounds,3.5,118.0,,True,fanduel,2026-05-02T22:11:55.532909
Tristan da Silva,,,be60e6f50fc77fc3a3cf6925472bad91,2026-05-03,19:40,rebounds,3.5,210.0,,True,fanduel,2026-05-02T22:11:55.532910
Duncan Robinson,,,be60e6f50fc77fc3a3cf6925472bad91,2026-05-03,19:40,rebounds,3.5,240.0,,True,fanduel,2026-05-02T22:11:55.532912
Jalen Duren,,,be60e6f50fc77fc3a3cf6925472bad91,2026-05-03,19:40,rebounds,11.5,240.0,,True,fanduel,2026-05-02T22:11:55.532914
Paolo Banchero,,,be60e6f50fc77fc3a3cf6925472bad91,2026-05-03,19:40,rebounds,11.5,420.0,,True,fanduel,2026-05-02T22:11:55.532915
Ausar Thompson,,,be60e6f50fc77fc3a3cf6925472bad91,2026-05-03,19:40,rebounds,11.5,470.0,,True,fanduel,2026-05-02T22:11:55.532917
Wendell Carter Jr,,,be60e6f50fc77fc3a3cf6925472bad91,2026-05-03,19:40,rebounds,11.5,830.0,,True,fanduel,2026-05-02T22:11:55.532919
Tobias Harris,,,be60e6f50fc77fc3a3cf6925472bad91,2026-05-03,19:40,rebounds,11.5,1400.0,,True,fanduel,2026-05-02T22:11:55.532920
Cade Cunningham,,,be60e6f50fc77fc3a3cf6925472bad91,2026-05-03,19:40,rebounds,11.5,2000.0,,True,fanduel,2026-05-02T22:11:55.532922
Jalen Duren,,,be60e6f50fc77fc3a3cf6925472bad91,2026-05-03,19:40,rebounds,7.5,-265.0,,True,fanduel,2026-05-02T22:11:55.532924
Paolo Banchero,,,be60e6f50fc77fc3a3cf6925472bad91,2026-05-03,19:40,rebounds,7.5,-172.0,,True,fanduel,2026-05-02T22:11:55.532925
Ausar Thompson,,,be60e6f50fc77fc3a3cf6925472bad91,2026-05-03,19:40,rebounds,7.5,-140.0,,True,fanduel,2026-05-02T22:11:55.532927
Wendell Carter Jr,,,be60e6f50fc77fc3a3cf6925472bad91,2026-05-03,19:40,rebounds,7.5,120.0,,True,fanduel,2026-05-02T22:11:55.532931
Tobias Harris,,,be60e6f50fc77fc3a3cf6925472bad91,2026-05-03,19:40,rebounds,7.5,196.0,,True,fanduel,2026-05-02T22:11:55.532933
Cade Cunningham,,,be60e6f50fc77fc3a3cf6925472bad91,2026-05-03,19:40,rebounds,7.5,290.0,,True,fanduel,2026-05-02T22:11:55.532934
Isaiah Stewart II,,,be60e6f50fc77fc3a3cf6925472bad91,2026-05-03,19:40,rebounds,7.5,1100.0,,True,fanduel,2026-05-02T22:11:55.532938
Desmond Bane,,,be60e6f50fc77fc3a3cf6925472bad91,2026-05-03,19:40,rebounds,7.5,1200.0,,True,fanduel,2026-05-02T22:11:55.532940
Jalen Suggs,,,be60e6f50fc77fc3a3cf6925472bad91,2026-05-03,19:40,rebounds,7.5,1200.0,,True,fanduel,2026-05-02T22:11:55.532942
Jamal Cain,,,be60e6f50fc77fc3a3cf6925472bad91,2026-05-03,19:40,rebounds,7.5,1500.0,,True,fanduel,2026-05-02T22:11:55.532943
Jalen Duren,,,be60e6f50fc77fc3a3cf6925472bad91,2026-05-03,19:40,rebounds,13.5,600.0,,True,fanduel,2026-05-02T22:11:55.532945
Paolo Banchero,,,be60e6f50fc77fc3a3cf6925472bad91,2026-05-03,19:40,rebounds,13.5,1060.0,,True,fanduel,2026-05-02T22:11:55.532946
Ausar Thompson,,,be60e6f50fc77fc3a3cf6925472bad91,2026-05-03,19:40,rebounds,13.5,1100.0,,True,fanduel,2026-05-02T22:11:55.532948
Wendell Carter Jr,,,be60e6f50fc77fc3a3cf6925472bad91,2026-05-03,19:40,rebounds,13.5,1800.0,,True,fanduel,2026-05-02T22:11:55.532950
Tobias Harris,,,be60e6f50fc77fc3a3cf6925472bad91,2026-05-03,19:40,threes,1.5,148.0,-200.0,False,fanduel,2026-05-02T22:11:55.532960
Paolo Banchero,,,be60e6f50fc77fc3a3cf6925472bad91,2026-05-03,19:40,threes,1.5,-102.0,-130.0,False,fanduel,2026-05-02T22:11:55.532962
Jalen Suggs,,,be60e6f50fc77fc3a3cf6925472bad91,2026-05-03,19:40,threes,1.5,-205.0,152.0,False,fanduel,2026-05-02T22:11:55.532963
Anthony Black,,,be60e6f50fc77fc3a3cf6925472bad91,2026-05-03,19:40,threes,1.5,146.0,-198.0,False,fanduel,2026-05-02T22:11:55.532965
Cade Cunningham,,,be60e6f50fc77fc3a3cf6925472bad91,2026-05-03,19:40,threes,2.5,130.0,-174.0,False,fanduel,2026-05-02T22:11:55.532967
Desmond Bane,,,be60e6f50fc77fc3a3cf6925472bad91,2026-05-03,19:40,threes,2.5,-106.0,-125.0,False,fanduel,2026-05-02T22:11:55.532968
Duncan Robinson,,,be60e6f50fc77fc3a3cf6925472bad91,2026-05-03,19:40,threes,2.5,102.0,-136.0,False,fanduel,2026-05-02T22:11:55.532970
Desmond Bane,,,be60e6f50fc77fc3a3cf6925472bad91,2026-05-03,19:40,threes,0.5,-2200.0,,True,fanduel,2026-05-02T22:11:55.532994
Duncan Robinson,,,be60e6f50fc77fc3a3cf6925472bad91,2026-05-03,19:40,threes,0.5,-2500.0,,True,fanduel,2026-05-02T22:11:55.532995
Cade Cunningham,,,be60e6f50fc77fc3a3cf6925472bad91,2026-05-03,19:40,threes,0.5,-1400.0,,True,fanduel,2026-05-02T22:11:55.532997
Jalen Suggs,,,be60e6f50fc77fc3a3cf6925472bad91,2026-05-03,19:40,threes,0.5,-1100.0,,True,fanduel,2026-05-02T22:11:55.532999
Paolo Banchero,,,be60e6f50fc77fc3a3cf6925472bad91,2026-05-03,19:40,threes,0.5,-500.0,,True,fanduel,2026-05-02T22:11:55.533000
Tobias Harris,,,be60e6f50fc77fc3a3cf6925472bad91,2026-05-03,19:40,threes,0.5,-330.0,,True,fanduel,2026-05-02T22:11:55.533002
Anthony Black,,,be60e6f50fc77fc3a3cf6925472bad91,2026-05-03,19:40,threes,0.5,-310.0,,True,fanduel,2026-05-02T22:11:55.533004
Tristan da Silva,,,be60e6f50fc77fc3a3cf6925472bad91,2026-05-03,19:40,threes,0.5,-210.0,,True,fanduel,2026-05-02T22:11:55.533006
Wendell Carter Jr,,,be60e6f50fc77fc3a3cf6925472bad91,2026-05-03,19:40,threes,0.5,-172.0,,True,fanduel,2026-05-02T22:11:55.533008
Desmond Bane,,,be60e6f50fc77fc3a3cf6925472bad91,2026-05-03,19:40,threes,6.5,2200.0,,True,fanduel,2026-05-02T22:11:55.533009
Duncan Robinson,,,be60e6f50fc77fc3a3cf6925472bad91,2026-05-03,19:40,threes,6.5,3000.0,,True,fanduel,2026-05-02T22:11:55.533011
Desmond Bane,,,be60e6f50fc77fc3a3cf6925472bad91,2026-05-03,19:40,threes,3.5,250.0,,True,fanduel,2026-05-02T22:11:55.533013
Duncan Robinson,,,be60e6f50fc77fc3a3cf6925472bad91,2026-05-03,19:40,threes,3.5,280.0,,True,fanduel,2026-05-02T22:11:55.533014
Cade Cunningham,,,be60e6f50fc77fc3a3cf6925472bad91,2026-05-03,19:40,threes,3.5,350.0,,True,fanduel,2026-05-02T22:11:55.533016
Jalen Suggs,,,be60e6f50fc77fc3a3cf6925472bad91,2026-05-03,19:40,threes,3.5,400.0,,True,fanduel,2026-05-02T22:11:55.533017
Paolo Banchero,,,be60e6f50fc77fc3a3cf6925472bad91,2026-05-03,19:40,threes,3.5,870.0,,True,fanduel,2026-05-02T22:11:55.533019
Anthony Black,,,be60e6f50fc77fc3a3cf6925472bad91,2026-05-03,19:40,threes,3.5,1200.0,,True,fanduel,2026-05-02T22:11:55.533021
Tobias Harris,,,be60e6f50fc77fc3a3cf6925472bad91,2026-05-03,19:40,threes,3.5,1300.0,,True,fanduel,2026-05-02T22:11:55.533083
Tristan da Silva,,,be60e6f50fc77fc3a3cf6925472bad91,2026-05-03,19:40,threes,3.5,1500.0,,True,fanduel,2026-05-02T22:11:55.533086
Desmond Bane,,,be60e6f50fc77fc3a3cf6925472bad91,2026-05-03,19:40,threes,2.5,-104.0,,True,fanduel,2026-05-02T22:11:55.533088
Duncan Robinson,,,be60e6f50fc77fc3a3cf6925472bad91,2026-05-03,19:40,threes,2.5,104.0,,True,fanduel,2026-05-02T22:11:55.533089
Cade Cunningham,,,be60e6f50fc77fc3a3cf6925472bad91,2026-05-03,19:40,threes,2.5,132.0,,True,fanduel,2026-05-02T22:11:55.533091
Jalen Suggs,,,be60e6f50fc77fc3a3cf6925472bad91,2026-05-03,19:40,threes,2.5,158.0,,True,fanduel,2026-05-02T22:11:55.533093
Paolo Banchero,,,be60e6f50fc77fc3a3cf6925472bad91,2026-05-03,19:40,threes,2.5,320.0,,True,fanduel,2026-05-02T22:11:55.533094
Anthony Black,,,be60e6f50fc77fc3a3cf6925472bad91,2026-05-03,19:40,threes,2.5,470.0,,True,fanduel,2026-05-02T22:11:55.533096
Tobias Harris,,,be60e6f50fc77fc3a3cf6925472bad91,2026-05-03,19:40,threes,2.5,480.0,,True,fanduel,2026-05-02T22:11:55.533098
Tristan da Silva,,,be60e6f50fc77fc3a3cf6925472bad91,2026-05-03,19:40,threes,2.5,700.0,,True,fanduel,2026-05-02T22:11:55.533099
Wendell Carter Jr,,,be60e6f50fc77fc3a3cf6925472bad91,2026-05-03,19:40,threes,2.5,900.0,,True,fanduel,2026-05-02T22:11:55.533101
Desmond Bane,,,be60e6f50fc77fc3a3cf6925472bad91,2026-05-03,19:40,threes,5.5,1200.0,,True,fanduel,2026-05-02T22:11:55.533103
Jalen Suggs,,,be60e6f50fc77fc3a3cf6925472bad91,2026-05-03,19:40,threes,5.5,1700.0,,True,fanduel,2026-05-02T22:11:55.533104
Cade Cunningham,,,be60e6f50fc77fc3a3cf6925472bad91,2026-05-03,19:40,threes,5.5,1700.0,,True,fanduel,2026-05-02T22:11:55.533106
Duncan Robinson,,,be60e6f50fc77fc3a3cf6925472bad91,2026-05-03,19:40,threes,5.5,1400.0,,True,fanduel,2026-05-02T22:11:55.533108
Desmond Bane,,,be60e6f50fc77fc3a3cf6925472bad91,2026-05-03,19:40,threes,4.5,600.0,,True,fanduel,2026-05-02T22:11:55.533109
Duncan Robinson,,,be60e6f50fc77fc3a3cf6925472bad91,2026-05-03,19:40,threes,4.5,700.0,,True,fanduel,2026-05-02T22:11:55.533113
Cade Cunningham,,,be60e6f50fc77fc3a3cf6925472bad91,2026-05-03,19:40,threes,4.5,850.0,,True,fanduel,2026-05-02T22:11:55.533115
Jalen Suggs,,,be60e6f50fc77fc3a3cf6925472bad91,2026-05-03,19:40,threes,4.5,900.0,,True,fanduel,2026-05-02T22:11:55.533117
Paolo Banchero,,,be60e6f50fc77fc3a3cf6925472bad91,2026-05-03,19:40,threes,4.5,2500.0,,True,fanduel,2026-05-02T22:11:55.533118
Desmond Bane,,,be60e6f50fc77fc3a3cf6925472bad91,2026-05-03,19:40,threes,1.5,-330.0,,True,fanduel,2026-05-02T22:11:55.533120
Duncan Robinson,,,be60e6f50fc77fc3a3cf6925472bad91,2026-05-03,19:40,threes,1.5,-295.0,,True,fanduel,2026-05-02T22:11:55.533122
Cade Cunningham,,,be60e6f50fc77fc3a3cf6925472bad91,2026-05-03,19:40,threes,1.5,-240.0,,True,fanduel,2026-05-02T22:11:55.533123
Jalen Suggs,,,be60e6f50fc77fc3a3cf6925472bad91,2026-05-03,19:40,threes,1.5,-200.0,,True,fanduel,2026-05-02T22:11:55.533125
Paolo Banchero,,,be60e6f50fc77fc3a3cf6925472bad91,2026-05-03,19:40,threes,1.5,100.0,,True,fanduel,2026-05-02T22:11:55.533127
Anthony Black,,,be60e6f50fc77fc3a3cf6925472bad91,2026-05-03,19:40,threes,1.5,146.0,,True,fanduel,2026-05-02T22:11:55.533128
Tobias Harris,,,be60e6f50fc77fc3a3cf6925472bad91,2026-05-03,19:40,threes,1.5,150.0,,True,fanduel,2026-05-02T22:11:55.533130
Tristan da Silva,,,be60e6f50fc77fc3a3cf6925472bad91,2026-05-03,19:40,threes,1.5,220.0,,True,fanduel,2026-05-02T22:11:55.533131
Wendell Carter Jr,,,be60e6f50fc77fc3a3cf6925472bad91,2026-05-03,19:40,threes,1.5,285.0,,True,fanduel,2026-05-02T22:11:55.533133
Evan Mobley,,,a463f640631f8b0580966b909965de14,2026-05-03,23:40,assists,2.5,-136.0,102.0,False,fanduel,2026-05-02T22:11:55.594290
James Harden,,,a463f640631f8b0580966b909965de14,2026-05-03,23:40,assists,6.5,-118.0,-112.0,False,fanduel,2026-05-02T22:11:55.594292
Donovan Mitchell,,,a463f640631f8b0580966b909965de14,2026-05-03,23:40,assists,4.5,120.0,-160.0,False,fanduel,2026-05-02T22:11:55.594293
Jamal Shead,,,a463f640631f8b0580966b909965de14,2026-05-03,23:40,assists,5.5,-154.0,116.0,False,fanduel,2026-05-02T22:11:55.594295
Scottie Barnes,,,a463f640631f8b0580966b909965de14,2026-05-03,23:40,assists,7.5,-138.0,104.0,False,fanduel,2026-05-02T22:11:55.594297
R.J. Barrett,,,a463f640631f8b0580966b909965de14,2026-05-03,23:40,assists,3.5,-128.0,-104.0,False,fanduel,2026-05-02T22:11:55.594298
James Harden,,,a463f640631f8b0580966b909965de14,2026-05-03,23:40,assists,3.5,-1600.0,,True,fanduel,2026-05-02T22:11:55.594313
Jamal Shead,,,a463f640631f8b0580966b909965de14,2026-05-03,23:40,assists,3.5,-720.0,,True,fanduel,2026-05-02T22:11:55.594315
Donovan Mitchell,,,a463f640631f8b0580966b909965de14,2026-05-03,23:40,assists,3.5,-196.0,,True,fanduel,2026-05-02T22:11:55.594317
R.J. Barrett,,,a463f640631f8b0580966b909965de14,2026-05-03,23:40,assists,3.5,-125.0,,True,fanduel,2026-05-02T22:11:55.594318
Evan Mobley,,,a463f640631f8b0580966b909965de14,2026-05-03,23:40,assists,3.5,200.0,,True,fanduel,2026-05-02T22:11:55.594320
Scottie Barnes,,,a463f640631f8b0580966b909965de14,2026-05-03,23:40,assists,5.5,-530.0,,True,fanduel,2026-05-02T22:11:55.594322
James Harden,,,a463f640631f8b0580966b909965de14,2026-05-03,23:40,assists,5.5,-230.0,,True,fanduel,2026-05-02T22:11:55.594323
Jamal Shead,,,a463f640631f8b0580966b909965de14,2026-05-03,23:40,assists,5.5,-154.0,,True,fanduel,2026-05-02T22:11:55.594325
Donovan Mitchell,,,a463f640631f8b0580966b909965de14,2026-05-03,23:40,assists,5.5,255.0,,True,fanduel,2026-05-02T22:11:55.594327
R.J. Barrett,,,a463f640631f8b0580966b909965de14,2026-05-03,23:40,assists,5.5,390.0,,True,fanduel,2026-05-02T22:11:55.594328
Evan Mobley,,,a463f640631f8b0580966b909965de14,2026-05-03,23:40,assists,5.5,1000.0,,True,fanduel,2026-05-02T22:11:55.594330
Scottie Barnes,,,a463f640631f8b0580966b909965de14,2026-05-03,23:40,assists,9.5,200.0,,True,fanduel,2026-05-02T22:11:55.594332
James Harden,,,a463f640631f8b0580966b909965de14,2026-05-03,23:40,assists,9.5,470.0,,True,fanduel,2026-05-02T22:11:55.594333
Jamal Shead,,,a463f640631f8b0580966b909965de14,2026-05-03,23:40,assists,9.5,560.0,,True,fanduel,2026-05-02T22:11:55.594337
Scottie Barnes,,,a463f640631f8b0580966b909965de14,2026-05-03,23:40,assists,13.5,1500.0,,True,fanduel,2026-05-02T22:11:55.594342
Scottie Barnes,,,a463f640631f8b0580966b909965de14,2026-05-03,23:40,assists,11.5,560.0,,True,fanduel,2026-05-02T22:11:55.594343
James Harden,,,a463f640631f8b0580966b909965de14,2026-05-03,23:40,assists,11.5,1400.0,,True,fanduel,2026-05-02T22:11:55.594345
Jamal Shead,,,a463f640631f8b0580966b909965de14,2026-05-03,23:40,assists,11.5,1500.0,,True,fanduel,2026-05-02T22:11:55.594347
Scottie Barnes,,,a463f640631f8b0580966b909965de14,2026-05-03,23:40,assists,7.5,-136.0,,True,fanduel,2026-05-02T22:11:55.594348
James Harden,,,a463f640631f8b0580966b909965de14,2026-05-03,23:40,assists,7.5,168.0,,True,fanduel,2026-05-02T22:11:55.594352
Jamal Shead,,,a463f640631f8b0580966b909965de14,2026-05-03,23:40,assists,7.5,220.0,,True,fanduel,2026-05-02T22:11:55.594354
Donovan Mitchell,,,a463f640631f8b0580966b909965de14,2026-05-03,23:40,assists,7.5,1000.0,,True,fanduel,2026-05-02T22:11:55.594356
R.J. Barrett,,,a463f640631f8b0580966b909965de14,2026-05-03,23:40,assists,7.5,1300.0,,True,fanduel,2026-05-02T22:11:55.594357
Donovan Mitchell,,,a463f640631f8b0580966b909965de14,2026-05-03,23:40,assists,1.5,-3000.0,,True,fanduel,2026-05-02T22:11:55.594359
R.J. Barrett,,,a463f640631f8b0580966b909965de14,2026-05-03,23:40,assists,1.5,-1200.0,,True,fanduel,2026-05-02T22:11:55.594361
Evan Mobley,,,a463f640631f8b0580966b909965de14,2026-05-03,23:40,assists,1.5,-400.0,,True,fanduel,2026-05-02T22:11:55.594363
Evan Mobley,,,a463f640631f8b0580966b909965de14,2026-05-03,23:40,points,15.5,-136.0,102.0,False,fanduel,2026-05-02T22:11:55.594379
Sam Merrill,,,a463f640631f8b0580966b909965de14,2026-05-03,23:40,points,5.5,-112.0,-118.0,False,fanduel,2026-05-02T22:11:55.594381
Sandro Mamukelashvili,,,a463f640631f8b0580966b909965de14,2026-05-03,23:40,points,5.5,-130.0,-102.0,False,fanduel,2026-05-02T22:11:55.594382
Ja'Kobe Walter,,,a463f640631f8b0580966b909965de14,2026-05-03,23:40,points,11.5,-112.0,-118.0,False,fanduel,2026-05-02T22:11:55.594384
Donovan Mitchell,,,a463f640631f8b0580966b909965de14,2026-05-03,23:40,points,25.5,-106.0,-125.0,False,fanduel,2026-05-02T22:11:55.594386
Jamal Shead,,,a463f640631f8b0580966b909965de14,2026-05-03,23:40,points,8.5,-130.0,-102.0,False,fanduel,2026-05-02T22:11:55.594387
Jakob Poeltl,,,a463f640631f8b0580966b909965de14,2026-05-03,23:40,points,7.5,-106.0,-125.0,False,fanduel,2026-05-02T22:11:55.594389
Collin Murray-Boyles,,,a463f640631f8b0580966b909965de14,2026-05-03,23:40,points,13.5,-118.0,-114.0,False,fanduel,2026-05-02T22:11:55.594391
James Harden,,,a463f640631f8b0580966b909965de14,2026-05-03,23:40,points,20.5,-106.0,-125.0,False,fanduel,2026-05-02T22:11:55.594392
Max Strus,,,a463f640631f8b0580966b909965de14,2026-05-03,23:40,points,8.5,-125.0,-106.0,False,fanduel,2026-05-02T22:11:55.594394
Scottie Barnes,,,a463f640631f8b0580966b909965de14,2026-05-03,23:40,points,21.5,-108.0,-122.0,False,fanduel,2026-05-02T22:11:55.594396
R.J. Barrett,,,a463f640631f8b0580966b909965de14,2026-05-03,23:40,points,23.5,-114.0,-114.0,False,fanduel,2026-05-02T22:11:55.594397
Dennis Schroder,,,a463f640631f8b0580966b909965de14,2026-05-03,23:40,points,6.5,-110.0,-120.0,False,fanduel,2026-05-02T22:11:55.594399
Dean Wade,,,a463f640631f8b0580966b909965de14,2026-05-03,23:40,points,3.5,-130.0,-102.0,False,fanduel,2026-05-02T22:11:55.594401
Jarrett Allen,,,a463f640631f8b0580966b909965de14,2026-05-03,23:40,points,11.5,-114.0,-114.0,False,fanduel,2026-05-02T22:11:55.594403
Donovan Mitchell,,,a463f640631f8b0580966b909965de14,2026-05-03,23:40,points,34.5,560.0,,True,fanduel,2026-05-02T22:11:55.594432
R.J. Barrett,,,a463f640631f8b0580966b909965de14,2026-05-03,23:40,points,34.5,830.0,,True,fanduel,2026-05-02T22:11:55.594433
Scottie Barnes,,,a463f640631f8b0580966b909965de14,2026-05-03,23:40,points,34.5,1400.0,,True,fanduel,2026-05-02T22:11:55.594435
James Harden,,,a463f640631f8b0580966b909965de14,2026-05-03,23:40,points,34.5,1500.0,,True,fanduel,2026-05-02T22:11:55.594437
James Harden,,,a463f640631f8b0580966b909965de14,2026-05-03,23:40,points,9.5,-5000.0,,True,fanduel,2026-05-02T22:11:55.594441
Evan Mobley,,,a463f640631f8b0580966b909965de14,2026-05-03,23:40,points,9.5,-950.0,,True,fanduel,2026-05-02T22:11:55.594443
Collin Murray-Boyles,,,a463f640631f8b0580966b909965de14,2026-05-03,23:40,points,9.5,-400.0,,True,fanduel,2026-05-02T22:11:55.594444
Jarrett Allen,,,a463f640631f8b0580966b909965de14,2026-05-03,23:40,points,9.5,-225.0,,True,fanduel,2026-05-02T22:11:55.594446
Ja'Kobe Walter,,,a463f640631f8b0580966b909965de14,2026-05-03,23:40,points,9.5,-188.0,,True,fanduel,2026-05-02T22:11:55.594448
Jamal Shead,,,a463f640631f8b0580966b909965de14,2026-05-03,23:40,points,9.5,106.0,,True,fanduel,2026-05-02T22:11:55.594449
Max Strus,,,a463f640631f8b0580966b909965de14,2026-05-03,23:40,points,9.5,120.0,,True,fanduel,2026-05-02T22:11:55.594451
Jakob Poeltl,,,a463f640631f8b0580966b909965de14,2026-05-03,23:40,points,9.5,200.0,,True,fanduel,2026-05-02T22:11:55.594453
Dennis Schroder,,,a463f640631f8b0580966b909965de14,2026-05-03,23:40,points,9.5,230.0,,True,fanduel,2026-05-02T22:11:55.594454
Sandro Mamukelashvili,,,a463f640631f8b0580966b909965de14,2026-05-03,23:40,points,9.5,280.0,,True,fanduel,2026-05-02T22:11:55.594456
Sam Merrill,,,a463f640631f8b0580966b909965de14,2026-05-03,23:40,points,9.5,340.0,,True,fanduel,2026-05-02T22:11:55.594458
Dean Wade,,,a463f640631f8b0580966b909965de14,2026-05-03,23:40,points,9.5,750.0,,True,fanduel,2026-05-02T22:11:55.594459
Donovan Mitchell,,,a463f640631f8b0580966b909965de14,2026-05-03,23:40,points,24.5,-132.0,,True,fanduel,2026-05-02T22:11:55.594461
R.J. Barrett,,,a463f640631f8b0580966b909965de14,2026-05-03,23:40,points,24.5,110.0,,True,fanduel,2026-05-02T22:11:55.594463
Scottie Barnes,,,a463f640631f8b0580966b909965de14,2026-05-03,23:40,points,24.5,186.0,,True,fanduel,2026-05-02T22:11:55.594464
James Harden,,,a463f640631f8b0580966b909965de14,2026-05-03,23:40,points,24.5,240.0,,True,fanduel,2026-05-02T22:11:55.594466
Evan Mobley,,,a463f640631f8b0580966b909965de14,2026-05-03,23:40,points,24.5,750.0,,True,fanduel,2026-05-02T22:11:55.594468
Collin Murray-Boyles,,,a463f640631f8b0580966b909965de14,2026-05-03,23:40,points,24.5,1200.0,,True,fanduel,2026-05-02T22:11:55.594469
Ja'Kobe Walter,,,a463f640631f8b0580966b909965de14,2026-05-03,23:40,points,24.5,1400.0,,True,fanduel,2026-05-02T22:11:55.594471
Jarrett Allen,,,a463f640631f8b0580966b909965de14,2026-05-03,23:40,points,24.5,1800.0,,True,fanduel,2026-05-02T22:11:55.594475
Donovan Mitchell,,,a463f640631f8b0580966b909965de14,2026-05-03,23:40,points,44.5,3500.0,,True,fanduel,2026-05-02T22:11:55.594477
Donovan Mitchell,,,a463f640631f8b0580966b909965de14,2026-05-03,23:40,points,14.5,-3000.0,,True,fanduel,2026-05-02T22:11:55.594478
R.J. Barrett,,,a463f640631f8b0580966b909965de14,2026-05-03,23:40,points,14.5,-1400.0,,True,fanduel,2026-05-02T22:11:55.594480
Scottie Barnes,,,a463f640631f8b0580966b909965de14,2026-05-03,23:40,points,14.5,-770.0,,True,fanduel,2026-05-02T22:11:55.594482
James Harden,,,a463f640631f8b0580966b909965de14,2026-05-03,23:40,points,14.5,-500.0,,True,fanduel,2026-05-02T22:11:55.594483
Evan Mobley,,,a463f640631f8b0580966b909965de14,2026-05-03,23:40,points,14.5,-170.0,,True,fanduel,2026-05-02T22:11:55.594485
Collin Murray-Boyles,,,a463f640631f8b0580966b909965de14,2026-05-03,23:40,points,14.5,118.0,,True,fanduel,2026-05-02T22:11:55.594487
Ja'Kobe Walter,,,a463f640631f8b0580966b909965de14,2026-05-03,23:40,points,14.5,190.0,,True,fanduel,2026-05-02T22:11:55.594489
Jarrett Allen,,,a463f640631f8b0580966b909965de14,2026-05-03,23:40,points,14.5,210.0,,True,fanduel,2026-05-02T22:11:55.594500
Jamal Shead,,,a463f640631f8b0580966b909965de14,2026-05-03,23:40,points,14.5,400.0,,True,fanduel,2026-05-02T22:11:55.594502
Max Strus,,,a463f640631f8b0580966b909965de14,2026-05-03,23:40,points,14.5,440.0,,True,fanduel,2026-05-02T22:11:55.594504
Dennis Schroder,,,a463f640631f8b0580966b909965de14,2026-05-03,23:40,points,14.5,800.0,,True,fanduel,2026-05-02T22:11:55.594508
Jakob Poeltl,,,a463f640631f8b0580966b909965de14,2026-05-03,23:40,points,14.5,870.0,,True,fanduel,2026-05-02T22:11:55.594509
Sandro Mamukelashvili,,,a463f640631f8b0580966b909965de14,2026-05-03,23:40,points,14.5,900.0,,True,fanduel,2026-05-02T22:11:55.594511
Sam Merrill,,,a463f640631f8b0580966b909965de14,2026-05-03,23:40,points,14.5,1300.0,,True,fanduel,2026-05-02T22:11:55.594513
Donovan Mitchell,,,a463f640631f8b0580966b909965de14,2026-05-03,23:40,points,29.5,220.0,,True,fanduel,2026-05-02T22:11:55.594515
R.J. Barrett,,,a463f640631f8b0580966b909965de14,2026-05-03,23:40,points,29.5,310.0,,True,fanduel,2026-05-02T22:11:55.594516
Scottie Barnes,,,a463f640631f8b0580966b909965de14,2026-05-03,23:40,points,29.5,540.0,,True,fanduel,2026-05-02T22:11:55.594520
James Harden,,,a463f640631f8b0580966b909965de14,2026-05-03,23:40,points,29.5,680.0,,True,fanduel,2026-05-02T22:11:55.594522
Evan Mobley,,,a463f640631f8b0580966b909965de14,2026-05-03,23:40,points,29.5,2000.0,,True,fanduel,2026-05-02T22:11:55.594524
Donovan Mitchell,,,a463f640631f8b0580966b909965de14,2026-05-03,23:40,points,19.5,-440.0,,True,fanduel,2026-05-02T22:11:55.594525
R.J. Barrett,,,a463f640631f8b0580966b909965de14,2026-05-03,23:40,points,19.5,-295.0,,True,fanduel,2026-05-02T22:11:55.594527
Scottie Barnes,,,a463f640631f8b0580966b909965de14,2026-05-03,23:40,points,19.5,-174.0,,True,fanduel,2026-05-02T22:11:55.594528
James Harden,,,a463f640631f8b0580966b909965de14,2026-05-03,23:40,points,19.5,-130.0,,True,fanduel,2026-05-02T22:11:55.594530
Evan Mobley,,,a463f640631f8b0580966b909965de14,2026-05-03,23:40,points,19.5,220.0,,True,fanduel,2026-05-02T22:11:55.594532
Collin Murray-Boyles,,,a463f640631f8b0580966b909965de14,2026-05-03,23:40,points,19.5,400.0,,True,fanduel,2026-05-02T22:11:55.594534
Ja'Kobe Walter,,,a463f640631f8b0580966b909965de14,2026-05-03,23:40,points,19.5,560.0,,True,fanduel,2026-05-02T22:11:55.594535
Jarrett Allen,,,a463f640631f8b0580966b909965de14,2026-05-03,23:40,points,19.5,750.0,,True,fanduel,2026-05-02T22:11:55.594537
Jamal Shead,,,a463f640631f8b0580966b909965de14,2026-05-03,23:40,points,19.5,1200.0,,True,fanduel,2026-05-02T22:11:55.594539
Max Strus,,,a463f640631f8b0580966b909965de14,2026-05-03,23:40,points,19.5,1400.0,,True,fanduel,2026-05-02T22:11:55.594540
Dennis Schroder,,,a463f640631f8b0580966b909965de14,2026-05-03,23:40,points,19.5,2000.0,,True,fanduel,2026-05-02T22:11:55.594542
Donovan Mitchell,,,a463f640631f8b0580966b909965de14,2026-05-03,23:40,points,39.5,1400.0,,True,fanduel,2026-05-02T22:11:55.594544
R.J. Barrett,,,a463f640631f8b0580966b909965de14,2026-05-03,23:40,points,39.5,1700.0,,True,fanduel,2026-05-02T22:11:55.594545
Scottie Barnes,,,a463f640631f8b0580966b909965de14,2026-05-03,23:40,points,39.5,5000.0,,True,fanduel,2026-05-02T22:11:55.594547
Jamal Shead,,,a463f640631f8b0580966b909965de14,2026-05-03,23:40,rebounds,2.5,146.0,-198.0,False,fanduel,2026-05-02T22:11:55.594562
Ja'Kobe Walter,,,a463f640631f8b0580966b909965de14,2026-05-03,23:40,rebounds,3.5,-125.0,-106.0,False,fanduel,2026-05-02T22:11:55.594564
Evan Mobley,,,a463f640631f8b0580966b909965de14,2026-05-03,23:40,rebounds,9.5,116.0,-154.0,False,fanduel,2026-05-02T22:11:55.594565
Jakob Poeltl,,,a463f640631f8b0580966b909965de14,2026-05-03,23:40,rebounds,5.5,-125.0,-106.0,False,fanduel,2026-05-02T22:11:55.594567
Collin Murray-Boyles,,,a463f640631f8b0580966b909965de14,2026-05-03,23:40,rebounds,6.5,-118.0,-112.0,False,fanduel,2026-05-02T22:11:55.594569
Donovan Mitchell,,,a463f640631f8b0580966b909965de14,2026-05-03,23:40,rebounds,4.5,122.0,-162.0,False,fanduel,2026-05-02T22:11:55.594570
James Harden,,,a463f640631f8b0580966b909965de14,2026-05-03,23:40,rebounds,4.5,114.0,-152.0,False,fanduel,2026-05-02T22:11:55.594572
Max Strus,,,a463f640631f8b0580966b909965de14,2026-05-03,23:40,rebounds,4.5,108.0,-144.0,False,fanduel,2026-05-02T22:11:55.594574
Sandro Mamukelashvili,,,a463f640631f8b0580966b909965de14,2026-05-03,23:40,rebounds,3.5,108.0,-144.0,False,fanduel,2026-05-02T22:11:55.594576
R.J. Barrett,,,a463f640631f8b0580966b909965de14,2026-05-03,23:40,rebounds,5.5,-154.0,116.0,False,fanduel,2026-05-02T22:11:55.594580
Jarrett Allen,,,a463f640631f8b0580966b909965de14,2026-05-03,23:40,rebounds,7.5,-108.0,-122.0,False,fanduel,2026-05-02T22:11:55.594581
Scottie Barnes,,,a463f640631f8b0580966b909965de14,2026-05-03,23:40,rebounds,7.5,120.0,-160.0,False,fanduel,2026-05-02T22:11:55.594583
Evan Mobley,,,a463f640631f8b0580966b909965de14,2026-05-03,23:40,rebounds,5.5,-950.0,,True,fanduel,2026-05-02T22:11:55.594610
Jarrett Allen,,,a463f640631f8b0580966b909965de14,2026-05-03,23:40,rebounds,5.5,-360.0,,True,fanduel,2026-05-02T22:11:55.594612
Scottie Barnes,,,a463f640631f8b0580966b909965de14,2026-05-03,23:40,rebounds,5.5,-310.0,,True,fanduel,2026-05-02T22:11:55.594614
Collin Murray-Boyles,,,a463f640631f8b0580966b909965de14,2026-05-03,23:40,rebounds,5.5,-215.0,,True,fanduel,2026-05-02T22:11:55.594616
R.J. Barrett,,,a463f640631f8b0580966b909965de14,2026-05-03,23:40,rebounds,5.5,-150.0,,True,fanduel,2026-05-02T22:11:55.594620
Jakob Poeltl,,,a463f640631f8b0580966b909965de14,2026-05-03,23:40,rebounds,5.5,-122.0,,True,fanduel,2026-05-02T22:11:55.594622
Max Strus,,,a463f640631f8b0580966b909965de14,2026-05-03,23:40,rebounds,5.5,230.0,,True,fanduel,2026-05-02T22:11:55.594623
James Harden,,,a463f640631f8b0580966b909965de14,2026-05-03,23:40,rebounds,5.5,240.0,,True,fanduel,2026-05-02T22:11:55.594625
Donovan Mitchell,,,a463f640631f8b0580966b909965de14,2026-05-03,23:40,rebounds,5.5,255.0,,True,fanduel,2026-05-02T22:11:55.594627
Ja'Kobe Walter,,,a463f640631f8b0580966b909965de14,2026-05-03,23:40,rebounds,5.5,300.0,,True,fanduel,2026-05-02T22:11:55.594628
Sandro Mamukelashvili,,,a463f640631f8b0580966b909965de14,2026-05-03,23:40,rebounds,5.5,340.0,,True,fanduel,2026-05-02T22:11:55.594630
Evan Mobley,,,a463f640631f8b0580966b909965de14,2026-05-03,23:40,rebounds,11.5,320.0,,True,fanduel,2026-05-02T22:11:55.594632
Jarrett Allen,,,a463f640631f8b0580966b909965de14,2026-05-03,23:40,rebounds,11.5,560.0,,True,fanduel,2026-05-02T22:11:55.594633
Scottie Barnes,,,a463f640631f8b0580966b909965de14,2026-05-03,23:40,rebounds,11.5,830.0,,True,fanduel,2026-05-02T22:11:55.594635
Collin Murray-Boyles,,,a463f640631f8b0580966b909965de14,2026-05-03,23:40,rebounds,11.5,1060.0,,True,fanduel,2026-05-02T22:11:55.594637
Jakob Poeltl,,,a463f640631f8b0580966b909965de14,2026-05-03,23:40,rebounds,11.5,1400.0,,True,fanduel,2026-05-02T22:11:55.594638
R.J. Barrett,,,a463f640631f8b0580966b909965de14,2026-05-03,23:40,rebounds,11.5,1700.0,,True,fanduel,2026-05-02T22:11:55.594640
Evan Mobley,,,a463f640631f8b0580966b909965de14,2026-05-03,23:40,rebounds,15.5,1700.0,,True,fanduel,2026-05-02T22:11:55.594697
Jarrett Allen,,,a463f640631f8b0580966b909965de14,2026-05-03,23:40,rebounds,15.5,3500.0,,True,fanduel,2026-05-02T22:11:55.594699
Evan Mobley,,,a463f640631f8b0580966b909965de14,2026-05-03,23:40,rebounds,7.5,-215.0,,True,fanduel,2026-05-02T22:11:55.594701
Jarrett Allen,,,a463f640631f8b0580966b909965de14,2026-05-03,23:40,rebounds,7.5,-106.0,,True,fanduel,2026-05-02T22:11:55.594703
Scottie Barnes,,,a463f640631f8b0580966b909965de14,2026-05-03,23:40,rebounds,7.5,124.0,,True,fanduel,2026-05-02T22:11:55.594705
Collin Murray-Boyles,,,a463f640631f8b0580966b909965de14,2026-05-03,23:40,rebounds,7.5,150.0,,True,fanduel,2026-05-02T22:11:55.594706
R.J. Barrett,,,a463f640631f8b0580966b909965de14,2026-05-03,23:40,rebounds,7.5,240.0,,True,fanduel,2026-05-02T22:11:55.594708
Jakob Poeltl,,,a463f640631f8b0580966b909965de14,2026-05-03,23:40,rebounds,7.5,255.0,,True,fanduel,2026-05-02T22:11:55.594710
Max Strus,,,a463f640631f8b0580966b909965de14,2026-05-03,23:40,rebounds,7.5,750.0,,True,fanduel,2026-05-02T22:11:55.594711
Ja'Kobe Walter,,,a463f640631f8b0580966b909965de14,2026-05-03,23:40,rebounds,7.5,870.0,,True,fanduel,2026-05-02T22:11:55.594713
James Harden,,,a463f640631f8b0580966b909965de14,2026-05-03,23:40,rebounds,7.5,900.0,,True,fanduel,2026-05-02T22:11:55.594715
Sandro Mamukelashvili,,,a463f640631f8b0580966b909965de14,2026-05-03,23:40,rebounds,7.5,900.0,,True,fanduel,2026-05-02T22:11:55.594717
Donovan Mitchell,,,a463f640631f8b0580966b909965de14,2026-05-03,23:40,rebounds,7.5,1000.0,,True,fanduel,2026-05-02T22:11:55.594721
Scottie Barnes,,,a463f640631f8b0580966b909965de14,2026-05-03,23:40,rebounds,3.5,-2200.0,,True,fanduel,2026-05-02T22:11:55.594722
Jarrett Allen,,,a463f640631f8b0580966b909965de14,2026-05-03,23:40,rebounds,3.5,-2500.0,,True,fanduel,2026-05-02T22:11:55.594724
Collin Murray-Boyles,,,a463f640631f8b0580966b909965de14,2026-05-03,23:40,rebounds,3.5,-1100.0,,True,fanduel,2026-05-02T22:11:55.594726
R.J. Barrett,,,a463f640631f8b0580966b909965de14,2026-05-03,23:40,rebounds,3.5,-770.0,,True,fanduel,2026-05-02T22:11:55.594727
Jakob Poeltl,,,a463f640631f8b0580966b909965de14,2026-05-03,23:40,rebounds,3.5,-500.0,,True,fanduel,2026-05-02T22:11:55.594729
Max Strus,,,a463f640631f8b0580966b909965de14,2026-05-03,23:40,rebounds,3.5,-205.0,,True,fanduel,2026-05-02T22:11:55.594733
James Harden,,,a463f640631f8b0580966b909965de14,2026-05-03,23:40,rebounds,3.5,-196.0,,True,fanduel,2026-05-02T22:11:55.594735
Donovan Mitchell,,,a463f640631f8b0580966b909965de14,2026-05-03,23:40,rebounds,3.5,-186.0,,True,fanduel,2026-05-02T22:11:55.594736
Ja'Kobe Walter,,,a463f640631f8b0580966b909965de14,2026-05-03,23:40,rebounds,3.5,-122.0,,True,fanduel,2026-05-02T22:11:55.594738
Sandro Mamukelashvili,,,a463f640631f8b0580966b909965de14,2026-05-03,23:40,rebounds,3.5,112.0,,True,fanduel,2026-05-02T22:11:55.594740
Jamal Shead,,,a463f640631f8b0580966b909965de14,2026-05-03,23:40,rebounds,3.5,340.0,,True,fanduel,2026-05-02T22:11:55.594742
Evan Mobley,,,a463f640631f8b0580966b909965de14,2026-05-03,23:40,rebounds,13.5,800.0,,True,fanduel,2026-05-02T22:11:55.594743
Jarrett Allen,,,a463f640631f8b0580966b909965de14,2026-05-03,23:40,rebounds,13.5,1300.0,,True,fanduel,2026-05-02T22:11:55.594745
Scottie Barnes,,,a463f640631f8b0580966b909965de14,2026-05-03,23:40,rebounds,13.5,1800.0,,True,fanduel,2026-05-02T22:11:55.594747
Collin Murray-Boyles,,,a463f640631f8b0580966b909965de14,2026-05-03,23:40,rebounds,13.5,3000.0,,True,fanduel,2026-05-02T22:11:55.594749
Evan Mobley,,,a463f640631f8b0580966b909965de14,2026-05-03,23:40,rebounds,9.5,118.0,,True,fanduel,2026-05-02T22:11:55.594751
Jarrett Allen,,,a463f640631f8b0580966b909965de14,2026-05-03,23:40,rebounds,9.5,220.0,,True,fanduel,2026-05-02T22:11:55.594753
Scottie Barnes,,,a463f640631f8b0580966b909965de14,2026-05-03,23:40,rebounds,9.5,280.0,,True,fanduel,2026-05-02T22:11:55.594754
Collin Murray-Boyles,,,a463f640631f8b0580966b909965de14,2026-05-03,23:40,rebounds,9.5,370.0,,True,fanduel,2026-05-02T22:11:55.594756
Jakob Poeltl,,,a463f640631f8b0580966b909965de14,2026-05-03,23:40,rebounds,9.5,600.0,,True,fanduel,2026-05-02T22:11:55.594758
R.J. Barrett,,,a463f640631f8b0580966b909965de14,2026-05-03,23:40,rebounds,9.5,630.0,,True,fanduel,2026-05-02T22:11:55.594760
Ja'Kobe Walter,,,a463f640631f8b0580966b909965de14,2026-05-03,23:40,rebounds,9.5,1700.0,,True,fanduel,2026-05-02T22:11:55.594761
Max Strus,,,a463f640631f8b0580966b909965de14,2026-05-03,23:40,rebounds,9.5,1700.0,,True,fanduel,2026-05-02T22:11:55.594763
Sandro Mamukelashvili,,,a463f640631f8b0580966b909965de14,2026-05-03,23:40,rebounds,9.5,1700.0,,True,fanduel,2026-05-02T22:11:55.594765
Jamal Shead,,,a463f640631f8b0580966b909965de14,2026-05-03,23:40,threes,1.5,124.0,-166.0,False,fanduel,2026-05-02T22:11:55.594777
Max Strus,,,a463f640631f8b0580966b909965de14,2026-05-03,23:40,threes,2.5,136.0,-186.0,False,fanduel,2026-05-02T22:11:55.594781
Ja'Kobe Walter,,,a463f640631f8b0580966b909965de14,2026-05-03,23:40,threes,2.5,-102.0,-130.0,False,fanduel,2026-05-02T22:11:55.594783
James Harden,,,a463f640631f8b0580966b909965de14,2026-05-03,23:40,threes,2.5,-136.0,102.0,False,fanduel,2026-05-02T22:11:55.594784
Donovan Mitchell,,,a463f640631f8b0580966b909965de14,2026-05-03,23:40,threes,2.5,-130.0,-102.0,False,fanduel,2026-05-02T22:11:55.594786
Scottie Barnes,,,a463f640631f8b0580966b909965de14,2026-05-03,23:40,threes,1.5,194.0,-270.0,False,fanduel,2026-05-02T22:11:55.594788
R.J. Barrett,,,a463f640631f8b0580966b909965de14,2026-05-03,23:40,threes,1.5,-138.0,104.0,False,fanduel,2026-05-02T22:11:55.594789
James Harden,,,a463f640631f8b0580966b909965de14,2026-05-03,23:40,threes,4.5,470.0,,True,fanduel,2026-05-02T22:11:55.594816
Donovan Mitchell,,,a463f640631f8b0580966b909965de14,2026-05-03,23:40,threes,4.5,500.0,,True,fanduel,2026-05-02T22:11:55.594818
Ja'Kobe Walter,,,a463f640631f8b0580966b909965de14,2026-05-03,23:40,threes,4.5,500.0,,True,fanduel,2026-05-02T22:11:55.594820
Max Strus,,,a463f640631f8b0580966b909965de14,2026-05-03,23:40,threes,4.5,750.0,,True,fanduel,2026-05-02T22:11:55.594822
R.J. Barrett,,,a463f640631f8b0580966b909965de14,2026-05-03,23:40,threes,4.5,1600.0,,True,fanduel,2026-05-02T22:11:55.594823
Jamal Shead,,,a463f640631f8b0580966b909965de14,2026-05-03,23:40,threes,4.5,2200.0,,True,fanduel,2026-05-02T22:11:55.594825
James Harden,,,a463f640631f8b0580966b909965de14,2026-05-03,23:40,threes,3.5,200.0,,True,fanduel,2026-05-02T22:11:55.594827
Donovan Mitchell,,,a463f640631f8b0580966b909965de14,2026-05-03,23:40,threes,3.5,210.0,,True,fanduel,2026-05-02T22:11:55.594828
Ja'Kobe Walter,,,a463f640631f8b0580966b909965de14,2026-05-03,23:40,threes,3.5,235.0,,True,fanduel,2026-05-02T22:11:55.594830
Max Strus,,,a463f640631f8b0580966b909965de14,2026-05-03,23:40,threes,3.5,340.0,,True,fanduel,2026-05-02T22:11:55.594832
R.J. Barrett,,,a463f640631f8b0580966b909965de14,2026-05-03,23:40,threes,3.5,630.0,,True,fanduel,2026-05-02T22:11:55.594834
Jamal Shead,,,a463f640631f8b0580966b909965de14,2026-05-03,23:40,threes,3.5,900.0,,True,fanduel,2026-05-02T22:11:55.594835
Scottie Barnes,,,a463f640631f8b0580966b909965de14,2026-05-03,23:40,threes,3.5,1700.0,,True,fanduel,2026-05-02T22:11:55.594837
James Harden,,,a463f640631f8b0580966b909965de14,2026-05-03,23:40,threes,2.5,-132.0,,True,fanduel,2026-05-02T22:11:55.594839
Donovan Mitchell,,,a463f640631f8b0580966b909965de14,2026-05-03,23:40,threes,2.5,-125.0,,True,fanduel,2026-05-02T22:11:55.594840
Ja'Kobe Walter,,,a463f640631f8b0580966b909965de14,2026-05-03,23:40,threes,2.5,-102.0,,True,fanduel,2026-05-02T22:11:55.594842
Max Strus,,,a463f640631f8b0580966b909965de14,2026-05-03,23:40,threes,2.5,138.0,,True,fanduel,2026-05-02T22:11:55.594844
R.J. Barrett,,,a463f640631f8b0580966b909965de14,2026-05-03,23:40,threes,2.5,240.0,,True,fanduel,2026-05-02T22:11:55.594845
Jamal Shead,,,a463f640631f8b0580966b909965de14,2026-05-03,23:40,threes,2.5,350.0,,True,fanduel,2026-05-02T22:11:55.594847
Scottie Barnes,,,a463f640631f8b0580966b909965de14,2026-05-03,23:40,threes,2.5,630.0,,True,fanduel,2026-05-02T22:11:55.594849
Evan Mobley,,,a463f640631f8b0580966b909965de14,2026-05-03,23:40,threes,2.5,900.0,,True,fanduel,2026-05-02T22:11:55.594851
Ja'Kobe Walter,,,a463f640631f8b0580966b909965de14,2026-05-03,23:40,threes,7.5,4000.0,,True,fanduel,2026-05-02T22:11:55.594852
James Harden,,,a463f640631f8b0580966b909965de14,2026-05-03,23:40,threes,7.5,4000.0,,True,fanduel,2026-05-02T22:11:55.594854
Ja'Kobe Walter,,,a463f640631f8b0580966b909965de14,2026-05-03,23:40,threes,6.5,1700.0,,True,fanduel,2026-05-02T22:11:55.594856
Donovan Mitchell,,,a463f640631f8b0580966b909965de14,2026-05-03,23:40,threes,6.5,1700.0,,True,fanduel,2026-05-02T22:11:55.594858
James Harden,,,a463f640631f8b0580966b909965de14,2026-05-03,23:40,threes,6.5,1800.0,,True,fanduel,2026-05-02T22:11:55.594859
Max Strus,,,a463f640631f8b0580966b909965de14,2026-05-03,23:40,threes,6.5,3500.0,,True,fanduel,2026-05-02T22:11:55.594861
Donovan Mitchell,,,a463f640631f8b0580966b909965de14,2026-05-03,23:40,threes,0.5,-3500.0,,True,fanduel,2026-05-02T22:11:55.594863
James Harden,,,a463f640631f8b0580966b909965de14,2026-05-03,23:40,threes,0.5,-3500.0,,True,fanduel,2026-05-02T22:11:55.594864
Ja'Kobe Walter,,,a463f640631f8b0580966b909965de14,2026-05-03,23:40,threes,0.5,-1800.0,,True,fanduel,2026-05-02T22:11:55.594866
Max Strus,,,a463f640631f8b0580966b909965de14,2026-05-03,23:40,threes,0.5,-1200.0,,True,fanduel,2026-05-02T22:11:55.594868
R.J. Barrett,,,a463f640631f8b0580966b909965de14,2026-05-03,23:40,threes,0.5,-700.0,,True,fanduel,2026-05-02T22:11:55.594872
Jamal Shead,,,a463f640631f8b0580966b909965de14,2026-05-03,23:40,threes,0.5,-340.0,,True,fanduel,2026-05-02T22:11:55.594874
Scottie Barnes,,,a463f640631f8b0580966b909965de14,2026-05-03,23:40,threes,0.5,-260.0,,True,fanduel,2026-05-02T22:11:55.594876
Evan Mobley,,,a463f640631f8b0580966b909965de14,2026-05-03,23:40,threes,0.5,-184.0,,True,fanduel,2026-05-02T22:11:55.594877
Ja'Kobe Walter,,,a463f640631f8b0580966b909965de14,2026-05-03,23:40,threes,5.5,1000.0,,True,fanduel,2026-05-02T22:11:55.594879
Donovan Mitchell,,,a463f640631f8b0580966b909965de14,2026-05-03,23:40,threes,5.5,1060.0,,True,fanduel,2026-05-02T22:11:55.594881
James Harden,,,a463f640631f8b0580966b909965de14,2026-05-03,23:40,threes,5.5,1060.0,,True,fanduel,2026-05-02T22:11:55.594882
Max Strus,,,a463f640631f8b0580966b909965de14,2026-05-03,23:40,threes,5.5,1500.0,,True,fanduel,2026-05-02T22:11:55.594886
James Harden,,,a463f640631f8b0580966b909965de14,2026-05-03,23:40,threes,1.5,-430.0,,True,fanduel,2026-05-02T22:11:55.594888
Donovan Mitchell,,,a463f640631f8b0580966b909965de14,2026-05-03,23:40,threes,1.5,-400.0,,True,fanduel,2026-05-02T22:11:55.594890
Ja'Kobe Walter,,,a463f640631f8b0580966b909965de14,2026-05-03,23:40,threes,1.5,-310.0,,True,fanduel,2026-05-02T22:11:55.594891
Max Strus,,,a463f640631f8b0580966b909965de14,2026-05-03,23:40,threes,1.5,-225.0,,True,fanduel,2026-05-02T22:11:55.594893
R.J. Barrett,,,a463f640631f8b0580966b909965de14,2026-05-03,23:40,threes,1.5,-136.0,,True,fanduel,2026-05-02T22:11:55.594895
Jamal Shead,,,a463f640631f8b0580966b909965de14,2026-05-03,23:40,threes,1.5,128.0,,True,fanduel,2026-05-02T22:11:55.594896
Scottie Barnes,,,a463f640631f8b0580966b909965de14,2026-05-03,23:40,threes,1.5,196.0,,True,fanduel,2026-05-02T22:11:55.594898
Evan Mobley,,,a463f640631f8b0580966b909965de14,2026-05-03,23:40,threes,1.5,280.0,,True,fanduel,2026-05-02T22:11:55.594906
Julius Randle,,,219920e3a715ceb3dc69f3638f7571d5,2026-05-05,01:40,assists,4.5,-114.0,-114.0,False,fanduel,2026-05-02T22:11:55.654545
Victor Wembanyama,,,219920e3a715ceb3dc69f3638f7571d5,2026-05-05,01:40,assists,3.5,140.0,-192.0,False,fanduel,2026-05-02T22:11:55.654547
Stephon Castle,,,219920e3a715ceb3dc69f3638f7571d5,2026-05-05,01:40,assists,7.5,110.0,-146.0,False,fanduel,2026-05-02T22:11:55.654549
Dylan Harper,,,219920e3a715ceb3dc69f3638f7571d5,2026-05-05,01:40,assists,2.5,-122.0,-108.0,False,fanduel,2026-05-02T22:11:55.654550
Mike Conley,,,219920e3a715ceb3dc69f3638f7571d5,2026-05-05,01:40,assists,3.5,-128.0,-104.0,False,fanduel,2026-05-02T22:11:55.654552
Ayo Dosunmu,,,219920e3a715ceb3dc69f3638f7571d5,2026-05-05,01:40,assists,4.5,116.0,-154.0,False,fanduel,2026-05-02T22:11:55.654554
Jaden McDaniels,,,219920e3a715ceb3dc69f3638f7571d5,2026-05-05,01:40,assists,2.5,-114.0,-114.0,False,fanduel,2026-05-02T22:11:55.654558
Devin Vassell,,,219920e3a715ceb3dc69f3638f7571d5,2026-05-05,01:40,assists,2.5,104.0,-138.0,False,fanduel,2026-05-02T22:11:55.654560
De'Aaron Fox,,,219920e3a715ceb3dc69f3638f7571d5,2026-05-05,01:40,assists,5.5,-148.0,112.0,False,fanduel,2026-05-02T22:11:55.654561
Stephon Castle,,,219920e3a715ceb3dc69f3638f7571d5,2026-05-05,01:40,assists,7.5,112.0,,True,fanduel,2026-05-02T22:11:55.654583
De'Aaron Fox,,,219920e3a715ceb3dc69f3638f7571d5,2026-05-05,01:40,assists,7.5,260.0,,True,fanduel,2026-05-02T22:11:55.654585
Julius Randle,,,219920e3a715ceb3dc69f3638f7571d5,2026-05-05,01:40,assists,7.5,680.0,,True,fanduel,2026-05-02T22:11:55.654587
Ayo Dosunmu,,,219920e3a715ceb3dc69f3638f7571d5,2026-05-05,01:40,assists,7.5,900.0,,True,fanduel,2026-05-02T22:11:55.654588
Mike Conley,,,219920e3a715ceb3dc69f3638f7571d5,2026-05-05,01:40,assists,7.5,1200.0,,True,fanduel,2026-05-02T22:11:55.654590
Dylan Harper,,,219920e3a715ceb3dc69f3638f7571d5,2026-05-05,01:40,assists,7.5,2000.0,,True,fanduel,2026-05-02T22:11:55.654592
Stephon Castle,,,219920e3a715ceb3dc69f3638f7571d5,2026-05-05,01:40,assists,9.5,285.0,,True,fanduel,2026-05-02T22:11:55.654594
De'Aaron Fox,,,219920e3a715ceb3dc69f3638f7571d5,2026-05-05,01:40,assists,9.5,750.0,,True,fanduel,2026-05-02T22:11:55.654595
Julius Randle,,,219920e3a715ceb3dc69f3638f7571d5,2026-05-05,01:40,assists,9.5,1700.0,,True,fanduel,2026-05-02T22:11:55.654597
Ayo Dosunmu,,,219920e3a715ceb3dc69f3638f7571d5,2026-05-05,01:40,assists,9.5,2500.0,,True,fanduel,2026-05-02T22:11:55.654599
Stephon Castle,,,219920e3a715ceb3dc69f3638f7571d5,2026-05-05,01:40,assists,11.5,900.0,,True,fanduel,2026-05-02T22:11:55.654600
De'Aaron Fox,,,219920e3a715ceb3dc69f3638f7571d5,2026-05-05,01:40,assists,11.5,2000.0,,True,fanduel,2026-05-02T22:11:55.654602
Stephon Castle,,,219920e3a715ceb3dc69f3638f7571d5,2026-05-05,01:40,assists,13.5,2500.0,,True,fanduel,2026-05-02T22:11:55.654604
Stephon Castle,,,219920e3a715ceb3dc69f3638f7571d5,2026-05-05,01:40,assists,5.5,-350.0,,True,fanduel,2026-05-02T22:11:55.654605
De'Aaron Fox,,,219920e3a715ceb3dc69f3638f7571d5,2026-05-05,01:40,assists,5.5,-146.0,,True,fanduel,2026-05-02T22:11:55.654607
Julius Randle,,,219920e3a715ceb3dc69f3638f7571d5,2026-05-05,01:40,assists,5.5,182.0,,True,fanduel,2026-05-02T22:11:55.654609
Ayo Dosunmu,,,219920e3a715ceb3dc69f3638f7571d5,2026-05-05,01:40,assists,5.5,240.0,,True,fanduel,2026-05-02T22:11:55.654611
Mike Conley,,,219920e3a715ceb3dc69f3638f7571d5,2026-05-05,01:40,assists,5.5,350.0,,True,fanduel,2026-05-02T22:11:55.654612
Victor Wembanyama,,,219920e3a715ceb3dc69f3638f7571d5,2026-05-05,01:40,assists,5.5,750.0,,True,fanduel,2026-05-02T22:11:55.654614
Dylan Harper,,,219920e3a715ceb3dc69f3638f7571d5,2026-05-05,01:40,assists,5.5,800.0,,True,fanduel,2026-05-02T22:11:55.654615
Jaden McDaniels,,,219920e3a715ceb3dc69f3638f7571d5,2026-05-05,01:40,assists,5.5,1060.0,,True,fanduel,2026-05-02T22:11:55.654617
Devin Vassell,,,219920e3a715ceb3dc69f3638f7571d5,2026-05-05,01:40,assists,5.5,1300.0,,True,fanduel,2026-05-02T22:11:55.654619
Julius Randle,,,219920e3a715ceb3dc69f3638f7571d5,2026-05-05,01:40,assists,1.5,-3500.0,,True,fanduel,2026-05-02T22:11:55.654621
Ayo Dosunmu,,,219920e3a715ceb3dc69f3638f7571d5,2026-05-05,01:40,assists,1.5,-2500.0,,True,fanduel,2026-05-02T22:11:55.654622
Mike Conley,,,219920e3a715ceb3dc69f3638f7571d5,2026-05-05,01:40,assists,1.5,-1000.0,,True,fanduel,2026-05-02T22:11:55.654624
Victor Wembanyama,,,219920e3a715ceb3dc69f3638f7571d5,2026-05-05,01:40,assists,1.5,-620.0,,True,fanduel,2026-05-02T22:11:55.654626
Jaden McDaniels,,,219920e3a715ceb3dc69f3638f7571d5,2026-05-05,01:40,assists,1.5,-360.0,,True,fanduel,2026-05-02T22:11:55.654628
Dylan Harper,,,219920e3a715ceb3dc69f3638f7571d5,2026-05-05,01:40,assists,1.5,-340.0,,True,fanduel,2026-05-02T22:11:55.654630
Devin Vassell,,,219920e3a715ceb3dc69f3638f7571d5,2026-05-05,01:40,assists,1.5,-310.0,,True,fanduel,2026-05-02T22:11:55.654634
Rudy Gobert,,,219920e3a715ceb3dc69f3638f7571d5,2026-05-05,01:40,assists,1.5,-192.0,,True,fanduel,2026-05-02T22:11:55.654636
Naz Reid,,,219920e3a715ceb3dc69f3638f7571d5,2026-05-05,01:40,assists,1.5,108.0,,True,fanduel,2026-05-02T22:11:55.654637
Stephon Castle,,,219920e3a715ceb3dc69f3638f7571d5,2026-05-05,01:40,assists,3.5,-3000.0,,True,fanduel,2026-05-02T22:11:55.654639
De'Aaron Fox,,,219920e3a715ceb3dc69f3638f7571d5,2026-05-05,01:40,assists,3.5,-770.0,,True,fanduel,2026-05-02T22:11:55.654641
Julius Randle,,,219920e3a715ceb3dc69f3638f7571d5,2026-05-05,01:40,assists,3.5,-265.0,,True,fanduel,2026-05-02T22:11:55.654643
Ayo Dosunmu,,,219920e3a715ceb3dc69f3638f7571d5,2026-05-05,01:40,assists,3.5,-194.0,,True,fanduel,2026-05-02T22:11:55.654644
Mike Conley,,,219920e3a715ceb3dc69f3638f7571d5,2026-05-05,01:40,assists,3.5,-125.0,,True,fanduel,2026-05-02T22:11:55.654646
Victor Wembanyama,,,219920e3a715ceb3dc69f3638f7571d5,2026-05-05,01:40,assists,3.5,142.0,,True,fanduel,2026-05-02T22:11:55.654650
Dylan Harper,,,219920e3a715ceb3dc69f3638f7571d5,2026-05-05,01:40,assists,3.5,200.0,,True,fanduel,2026-05-02T22:11:55.654652
Jaden McDaniels,,,219920e3a715ceb3dc69f3638f7571d5,2026-05-05,01:40,assists,3.5,230.0,,True,fanduel,2026-05-02T22:11:55.654653
Devin Vassell,,,219920e3a715ceb3dc69f3638f7571d5,2026-05-05,01:40,assists,3.5,280.0,,True,fanduel,2026-05-02T22:11:55.654655
Rudy Gobert,,,219920e3a715ceb3dc69f3638f7571d5,2026-05-05,01:40,assists,3.5,420.0,,True,fanduel,2026-05-02T22:11:55.654656
Naz Reid,,,219920e3a715ceb3dc69f3638f7571d5,2026-05-05,01:40,assists,3.5,870.0,,True,fanduel,2026-05-02T22:11:55.654660
Julius Randle,,,219920e3a715ceb3dc69f3638f7571d5,2026-05-05,01:40,points,21.5,-106.0,-125.0,False,fanduel,2026-05-02T22:11:55.654676
Julian Champagnie,,,219920e3a715ceb3dc69f3638f7571d5,2026-05-05,01:40,points,8.5,-102.0,-128.0,False,fanduel,2026-05-02T22:11:55.654678
Mike Conley,,,219920e3a715ceb3dc69f3638f7571d5,2026-05-05,01:40,points,5.5,-125.0,-106.0,False,fanduel,2026-05-02T22:11:55.654680
Ayo Dosunmu,,,219920e3a715ceb3dc69f3638f7571d5,2026-05-05,01:40,points,17.5,-122.0,-108.0,False,fanduel,2026-05-02T22:11:55.654681
Stephon Castle,,,219920e3a715ceb3dc69f3638f7571d5,2026-05-05,01:40,points,17.5,-114.0,-114.0,False,fanduel,2026-05-02T22:11:55.654683
Dylan Harper,,,219920e3a715ceb3dc69f3638f7571d5,2026-05-05,01:40,points,9.5,-106.0,-125.0,False,fanduel,2026-05-02T22:11:55.654685
Jaden McDaniels,,,219920e3a715ceb3dc69f3638f7571d5,2026-05-05,01:40,points,16.5,-120.0,-110.0,False,fanduel,2026-05-02T22:11:55.654686
Victor Wembanyama,,,219920e3a715ceb3dc69f3638f7571d5,2026-05-05,01:40,points,27.5,-106.0,-125.0,False,fanduel,2026-05-02T22:11:55.654688
Naz Reid,,,219920e3a715ceb3dc69f3638f7571d5,2026-05-05,01:40,points,12.5,-112.0,-118.0,False,fanduel,2026-05-02T22:11:55.654690
Rudy Gobert,,,219920e3a715ceb3dc69f3638f7571d5,2026-05-05,01:40,points,9.5,102.0,-136.0,False,fanduel,2026-05-02T22:11:55.654691
Devin Vassell,,,219920e3a715ceb3dc69f3638f7571d5,2026-05-05,01:40,points,12.5,-130.0,-102.0,False,fanduel,2026-05-02T22:11:55.654693
De'Aaron Fox,,,219920e3a715ceb3dc69f3638f7571d5,2026-05-05,01:40,points,17.5,-114.0,-114.0,False,fanduel,2026-05-02T22:11:55.654695
Keldon Johnson,,,219920e3a715ceb3dc69f3638f7571d5,2026-05-05,01:40,points,8.5,100.0,-132.0,False,fanduel,2026-05-02T22:11:55.654696
Victor Wembanyama,,,219920e3a715ceb3dc69f3638f7571d5,2026-05-05,01:40,points,44.5,1800.0,,True,fanduel,2026-05-02T22:11:55.654726
Victor Wembanyama,,,219920e3a715ceb3dc69f3638f7571d5,2026-05-05,01:40,points,24.5,-200.0,,True,fanduel,2026-05-02T22:11:55.654728
Julius Randle,,,219920e3a715ceb3dc69f3638f7571d5,2026-05-05,01:40,points,24.5,182.0,,True,fanduel,2026-05-02T22:11:55.654730
Ayo Dosunmu,,,219920e3a715ceb3dc69f3638f7571d5,2026-05-05,01:40,points,24.5,400.0,,True,fanduel,2026-05-02T22:11:55.654732
De'Aaron Fox,,,219920e3a715ceb3dc69f3638f7571d5,2026-05-05,01:40,points,24.5,450.0,,True,fanduel,2026-05-02T22:11:55.654733
Stephon Castle,,,219920e3a715ceb3dc69f3638f7571d5,2026-05-05,01:40,points,24.5,460.0,,True,fanduel,2026-05-02T22:11:55.654737
Jaden McDaniels,,,219920e3a715ceb3dc69f3638f7571d5,2026-05-05,01:40,points,24.5,520.0,,True,fanduel,2026-05-02T22:11:55.654739
Devin Vassell,,,219920e3a715ceb3dc69f3638f7571d5,2026-05-05,01:40,points,24.5,1400.0,,True,fanduel,2026-05-02T22:11:55.654741
Naz Reid,,,219920e3a715ceb3dc69f3638f7571d5,2026-05-05,01:40,points,24.5,1400.0,,True,fanduel,2026-05-02T22:11:55.654743
Victor Wembanyama,,,219920e3a715ceb3dc69f3638f7571d5,2026-05-05,01:40,points,39.5,900.0,,True,fanduel,2026-05-02T22:11:55.654744
Julius Randle,,,219920e3a715ceb3dc69f3638f7571d5,2026-05-05,01:40,points,39.5,3500.0,,True,fanduel,2026-05-02T22:11:55.654746
Julius Randle,,,219920e3a715ceb3dc69f3638f7571d5,2026-05-05,01:40,points,9.5,-6000.0,,True,fanduel,2026-05-02T22:11:55.654748
Stephon Castle,,,219920e3a715ceb3dc69f3638f7571d5,2026-05-05,01:40,points,9.5,-1800.0,,True,fanduel,2026-05-02T22:11:55.654749
De'Aaron Fox,,,219920e3a715ceb3dc69f3638f7571d5,2026-05-05,01:40,points,9.5,-2000.0,,True,fanduel,2026-05-02T22:11:55.654751
Ayo Dosunmu,,,219920e3a715ceb3dc69f3638f7571d5,2026-05-05,01:40,points,9.5,-1800.0,,True,fanduel,2026-05-02T22:11:55.654753
Jaden McDaniels,,,219920e3a715ceb3dc69f3638f7571d5,2026-05-05,01:40,points,9.5,-1200.0,,True,fanduel,2026-05-02T22:11:55.654754
Devin Vassell,,,219920e3a715ceb3dc69f3638f7571d5,2026-05-05,01:40,points,9.5,-340.0,,True,fanduel,2026-05-02T22:11:55.654756
Naz Reid,,,219920e3a715ceb3dc69f3638f7571d5,2026-05-05,01:40,points,9.5,-265.0,,True,fanduel,2026-05-02T22:11:55.654758
Dylan Harper,,,219920e3a715ceb3dc69f3638f7571d5,2026-05-05,01:40,points,9.5,-104.0,,True,fanduel,2026-05-02T22:11:55.654760
Rudy Gobert,,,219920e3a715ceb3dc69f3638f7571d5,2026-05-05,01:40,points,9.5,102.0,,True,fanduel,2026-05-02T22:11:55.654761
Julian Champagnie,,,219920e3a715ceb3dc69f3638f7571d5,2026-05-05,01:40,points,9.5,134.0,,True,fanduel,2026-05-02T22:11:55.654763
Keldon Johnson,,,219920e3a715ceb3dc69f3638f7571d5,2026-05-05,01:40,points,9.5,138.0,,True,fanduel,2026-05-02T22:11:55.654764
Mike Conley,,,219920e3a715ceb3dc69f3638f7571d5,2026-05-05,01:40,points,9.5,350.0,,True,fanduel,2026-05-02T22:11:55.654766
Victor Wembanyama,,,219920e3a715ceb3dc69f3638f7571d5,2026-05-05,01:40,points,34.5,360.0,,True,fanduel,2026-05-02T22:11:55.654768
Julius Randle,,,219920e3a715ceb3dc69f3638f7571d5,2026-05-05,01:40,points,34.5,1300.0,,True,fanduel,2026-05-02T22:11:55.654769
Ayo Dosunmu,,,219920e3a715ceb3dc69f3638f7571d5,2026-05-05,01:40,points,34.5,3500.0,,True,fanduel,2026-05-02T22:11:55.654771
Stephon Castle,,,219920e3a715ceb3dc69f3638f7571d5,2026-05-05,01:40,points,34.5,4000.0,,True,fanduel,2026-05-02T22:11:55.654773
Jaden McDaniels,,,219920e3a715ceb3dc69f3638f7571d5,2026-05-05,01:40,points,34.5,4000.0,,True,fanduel,2026-05-02T22:11:55.654774
De'Aaron Fox,,,219920e3a715ceb3dc69f3638f7571d5,2026-05-05,01:40,points,34.5,4000.0,,True,fanduel,2026-05-02T22:11:55.654776
Victor Wembanyama,,,219920e3a715ceb3dc69f3638f7571d5,2026-05-05,01:40,points,29.5,144.0,,True,fanduel,2026-05-02T22:11:55.654778
Julius Randle,,,219920e3a715ceb3dc69f3638f7571d5,2026-05-05,01:40,points,29.5,520.0,,True,fanduel,2026-05-02T22:11:55.654779
Ayo Dosunmu,,,219920e3a715ceb3dc69f3638f7571d5,2026-05-05,01:40,points,29.5,1100.0,,True,fanduel,2026-05-02T22:11:55.654781
De'Aaron Fox,,,219920e3a715ceb3dc69f3638f7571d5,2026-05-05,01:40,points,29.5,1200.0,,True,fanduel,2026-05-02T22:11:55.654783
Stephon Castle,,,219920e3a715ceb3dc69f3638f7571d5,2026-05-05,01:40,points,29.5,1300.0,,True,fanduel,2026-05-02T22:11:55.654787
Jaden McDaniels,,,219920e3a715ceb3dc69f3638f7571d5,2026-05-05,01:40,points,29.5,1400.0,,True,fanduel,2026-05-02T22:11:55.654789
Victor Wembanyama,,,219920e3a715ceb3dc69f3638f7571d5,2026-05-05,01:40,points,14.5,-5000.0,,True,fanduel,2026-05-02T22:11:55.654791
Julius Randle,,,219920e3a715ceb3dc69f3638f7571d5,2026-05-05,01:40,points,14.5,-620.0,,True,fanduel,2026-05-02T22:11:55.654793
Ayo Dosunmu,,,219920e3a715ceb3dc69f3638f7571d5,2026-05-05,01:40,points,14.5,-265.0,,True,fanduel,2026-05-02T22:11:55.654797
Stephon Castle,,,219920e3a715ceb3dc69f3638f7571d5,2026-05-05,01:40,points,14.5,-260.0,,True,fanduel,2026-05-02T22:11:55.654798
De'Aaron Fox,,,219920e3a715ceb3dc69f3638f7571d5,2026-05-05,01:40,points,14.5,-260.0,,True,fanduel,2026-05-02T22:11:55.654800
Jaden McDaniels,,,219920e3a715ceb3dc69f3638f7571d5,2026-05-05,01:40,points,14.5,-205.0,,True,fanduel,2026-05-02T22:11:55.654802
Devin Vassell,,,219920e3a715ceb3dc69f3638f7571d5,2026-05-05,01:40,points,14.5,144.0,,True,fanduel,2026-05-02T22:11:55.654804
Naz Reid,,,219920e3a715ceb3dc69f3638f7571d5,2026-05-05,01:40,points,14.5,154.0,,True,fanduel,2026-05-02T22:11:55.654805
Dylan Harper,,,219920e3a715ceb3dc69f3638f7571d5,2026-05-05,01:40,points,14.5,360.0,,True,fanduel,2026-05-02T22:11:55.654807
Rudy Gobert,,,219920e3a715ceb3dc69f3638f7571d5,2026-05-05,01:40,points,14.5,450.0,,True,fanduel,2026-05-02T22:11:55.654809
Keldon Johnson,,,219920e3a715ceb3dc69f3638f7571d5,2026-05-05,01:40,points,14.5,500.0,,True,fanduel,2026-05-02T22:11:55.654810
Julian Champagnie,,,219920e3a715ceb3dc69f3638f7571d5,2026-05-05,01:40,points,14.5,600.0,,True,fanduel,2026-05-02T22:11:55.654812
Mike Conley,,,219920e3a715ceb3dc69f3638f7571d5,2026-05-05,01:40,points,14.5,1400.0,,True,fanduel,2026-05-02T22:11:55.654814
Victor Wembanyama,,,219920e3a715ceb3dc69f3638f7571d5,2026-05-05,01:40,points,19.5,-700.0,,True,fanduel,2026-05-02T22:11:55.654815
Julius Randle,,,219920e3a715ceb3dc69f3638f7571d5,2026-05-05,01:40,points,19.5,-170.0,,True,fanduel,2026-05-02T22:11:55.654817
Ayo Dosunmu,,,219920e3a715ceb3dc69f3638f7571d5,2026-05-05,01:40,points,19.5,136.0,,True,fanduel,2026-05-02T22:11:55.654821
Stephon Castle,,,219920e3a715ceb3dc69f3638f7571d5,2026-05-05,01:40,points,19.5,146.0,,True,fanduel,2026-05-02T22:11:55.654823
De'Aaron Fox,,,219920e3a715ceb3dc69f3638f7571d5,2026-05-05,01:40,points,19.5,142.0,,True,fanduel,2026-05-02T22:11:55.654825
Jaden McDaniels,,,219920e3a715ceb3dc69f3638f7571d5,2026-05-05,01:40,points,19.5,172.0,,True,fanduel,2026-05-02T22:11:55.654826
Devin Vassell,,,219920e3a715ceb3dc69f3638f7571d5,2026-05-05,01:40,points,19.5,500.0,,True,fanduel,2026-05-02T22:11:55.654828
Naz Reid,,,219920e3a715ceb3dc69f3638f7571d5,2026-05-05,01:40,points,19.5,520.0,,True,fanduel,2026-05-02T22:11:55.654830
Dylan Harper,,,219920e3a715ceb3dc69f3638f7571d5,2026-05-05,01:40,points,19.5,1200.0,,True,fanduel,2026-05-02T22:11:55.654831
Keldon Johnson,,,219920e3a715ceb3dc69f3638f7571d5,2026-05-05,01:40,points,19.5,1400.0,,True,fanduel,2026-05-02T22:11:55.654833
Rudy Gobert,,,219920e3a715ceb3dc69f3638f7571d5,2026-05-05,01:40,points,19.5,1500.0,,True,fanduel,2026-05-02T22:11:55.654835
Julian Champagnie,,,219920e3a715ceb3dc69f3638f7571d5,2026-05-05,01:40,points,19.5,1700.0,,True,fanduel,2026-05-02T22:11:55.654837
Victor Wembanyama,,,219920e3a715ceb3dc69f3638f7571d5,2026-05-05,01:40,points,49.5,5000.0,,True,fanduel,2026-05-02T22:11:55.654838
Julius Randle,,,219920e3a715ceb3dc69f3638f7571d5,2026-05-05,01:40,rebounds,6.5,-154.0,116.0,False,fanduel,2026-05-02T22:11:55.654854
Julian Champagnie,,,219920e3a715ceb3dc69f3638f7571d5,2026-05-05,01:40,rebounds,4.5,-158.0,118.0,False,fanduel,2026-05-02T22:11:55.654856
Stephon Castle,,,219920e3a715ceb3dc69f3638f7571d5,2026-05-05,01:40,rebounds,5.5,-130.0,-102.0,False,fanduel,2026-05-02T22:11:55.654858
Ayo Dosunmu,,,219920e3a715ceb3dc69f3638f7571d5,2026-05-05,01:40,rebounds,3.5,-162.0,122.0,False,fanduel,2026-05-02T22:11:55.654859
Devin Vassell,,,219920e3a715ceb3dc69f3638f7571d5,2026-05-05,01:40,rebounds,3.5,-172.0,128.0,False,fanduel,2026-05-02T22:11:55.654861
Rudy Gobert,,,219920e3a715ceb3dc69f3638f7571d5,2026-05-05,01:40,rebounds,11.5,104.0,-138.0,False,fanduel,2026-05-02T22:11:55.654863
Jaden McDaniels,,,219920e3a715ceb3dc69f3638f7571d5,2026-05-05,01:40,rebounds,4.5,-114.0,-114.0,False,fanduel,2026-05-02T22:11:55.654864
Naz Reid,,,219920e3a715ceb3dc69f3638f7571d5,2026-05-05,01:40,rebounds,5.5,-130.0,-102.0,False,fanduel,2026-05-02T22:11:55.654866
Victor Wembanyama,,,219920e3a715ceb3dc69f3638f7571d5,2026-05-05,01:40,rebounds,11.5,-138.0,104.0,False,fanduel,2026-05-02T22:11:55.654873
De'Aaron Fox,,,219920e3a715ceb3dc69f3638f7571d5,2026-05-05,01:40,rebounds,3.5,-152.0,114.0,False,fanduel,2026-05-02T22:11:55.654875
Keldon Johnson,,,219920e3a715ceb3dc69f3638f7571d5,2026-05-05,01:40,rebounds,3.5,-110.0,-120.0,False,fanduel,2026-05-02T22:11:55.654877
Victor Wembanyama,,,219920e3a715ceb3dc69f3638f7571d5,2026-05-05,01:40,rebounds,7.5,-1100.0,,True,fanduel,2026-05-02T22:11:55.654902
Rudy Gobert,,,219920e3a715ceb3dc69f3638f7571d5,2026-05-05,01:40,rebounds,7.5,-650.0,,True,fanduel,2026-05-02T22:11:55.654904
Julius Randle,,,219920e3a715ceb3dc69f3638f7571d5,2026-05-05,01:40,rebounds,7.5,122.0,,True,fanduel,2026-05-02T22:11:55.654906
Naz Reid,,,219920e3a715ceb3dc69f3638f7571d5,2026-05-05,01:40,rebounds,7.5,255.0,,True,fanduel,2026-05-02T22:11:55.654907
Stephon Castle,,,219920e3a715ceb3dc69f3638f7571d5,2026-05-05,01:40,rebounds,7.5,280.0,,True,fanduel,2026-05-02T22:11:55.654909
Julian Champagnie,,,219920e3a715ceb3dc69f3638f7571d5,2026-05-05,01:40,rebounds,7.5,450.0,,True,fanduel,2026-05-02T22:11:55.654911
Jaden McDaniels,,,219920e3a715ceb3dc69f3638f7571d5,2026-05-05,01:40,rebounds,7.5,630.0,,True,fanduel,2026-05-02T22:11:55.654913
Devin Vassell,,,219920e3a715ceb3dc69f3638f7571d5,2026-05-05,01:40,rebounds,7.5,1000.0,,True,fanduel,2026-05-02T22:11:55.654914
Keldon Johnson,,,219920e3a715ceb3dc69f3638f7571d5,2026-05-05,01:40,rebounds,7.5,1060.0,,True,fanduel,2026-05-02T22:11:55.654916
De'Aaron Fox,,,219920e3a715ceb3dc69f3638f7571d5,2026-05-05,01:40,rebounds,7.5,1100.0,,True,fanduel,2026-05-02T22:11:55.654917
Ayo Dosunmu,,,219920e3a715ceb3dc69f3638f7571d5,2026-05-05,01:40,rebounds,7.5,1200.0,,True,fanduel,2026-05-02T22:11:55.654919
Rudy Gobert,,,219920e3a715ceb3dc69f3638f7571d5,2026-05-05,01:40,rebounds,5.5,-4000.0,,True,fanduel,2026-05-02T22:11:55.654923
Julius Randle,,,219920e3a715ceb3dc69f3638f7571d5,2026-05-05,01:40,rebounds,5.5,-295.0,,True,fanduel,2026-05-02T22:11:55.654925
Stephon Castle,,,219920e3a715ceb3dc69f3638f7571d5,2026-05-05,01:40,rebounds,5.5,-125.0,,True,fanduel,2026-05-02T22:11:55.654927
Naz Reid,,,219920e3a715ceb3dc69f3638f7571d5,2026-05-05,01:40,rebounds,5.5,-125.0,,True,fanduel,2026-05-02T22:11:55.654928
Julian Champagnie,,,219920e3a715ceb3dc69f3638f7571d5,2026-05-05,01:40,rebounds,5.5,132.0,,True,fanduel,2026-05-02T22:11:55.654930
Jaden McDaniels,,,219920e3a715ceb3dc69f3638f7571d5,2026-05-05,01:40,rebounds,5.5,186.0,,True,fanduel,2026-05-02T22:11:55.654932
Devin Vassell,,,219920e3a715ceb3dc69f3638f7571d5,2026-05-05,01:40,rebounds,5.5,285.0,,True,fanduel,2026-05-02T22:11:55.654934
Ayo Dosunmu,,,219920e3a715ceb3dc69f3638f7571d5,2026-05-05,01:40,rebounds,5.5,300.0,,True,fanduel,2026-05-02T22:11:55.654935
De'Aaron Fox,,,219920e3a715ceb3dc69f3638f7571d5,2026-05-05,01:40,rebounds,5.5,320.0,,True,fanduel,2026-05-02T22:11:55.654937
Keldon Johnson,,,219920e3a715ceb3dc69f3638f7571d5,2026-05-05,01:40,rebounds,5.5,350.0,,True,fanduel,2026-05-02T22:11:55.654938
Dylan Harper,,,219920e3a715ceb3dc69f3638f7571d5,2026-05-05,01:40,rebounds,5.5,800.0,,True,fanduel,2026-05-02T22:11:55.654940
Victor Wembanyama,,,219920e3a715ceb3dc69f3638f7571d5,2026-05-05,01:40,rebounds,13.5,186.0,,True,fanduel,2026-05-02T22:11:55.654942
Rudy Gobert,,,219920e3a715ceb3dc69f3638f7571d5,2026-05-05,01:40,rebounds,13.5,255.0,,True,fanduel,2026-05-02T22:11:55.654943
Julius Randle,,,219920e3a715ceb3dc69f3638f7571d5,2026-05-05,01:40,rebounds,13.5,2000.0,,True,fanduel,2026-05-02T22:11:55.654945
Victor Wembanyama,,,219920e3a715ceb3dc69f3638f7571d5,2026-05-05,01:40,rebounds,11.5,-136.0,,True,fanduel,2026-05-02T22:11:55.654947
Rudy Gobert,,,219920e3a715ceb3dc69f3638f7571d5,2026-05-05,01:40,rebounds,11.5,106.0,,True,fanduel,2026-05-02T22:11:55.654949
Julius Randle,,,219920e3a715ceb3dc69f3638f7571d5,2026-05-05,01:40,rebounds,11.5,900.0,,True,fanduel,2026-05-02T22:11:55.654950
Naz Reid,,,219920e3a715ceb3dc69f3638f7571d5,2026-05-05,01:40,rebounds,11.5,1500.0,,True,fanduel,2026-05-02T22:11:55.654954
Stephon Castle,,,219920e3a715ceb3dc69f3638f7571d5,2026-05-05,01:40,rebounds,11.5,1700.0,,True,fanduel,2026-05-02T22:11:55.654956
Julius Randle,,,219920e3a715ceb3dc69f3638f7571d5,2026-05-05,01:40,rebounds,3.5,-2200.0,,True,fanduel,2026-05-02T22:11:55.654958
Stephon Castle,,,219920e3a715ceb3dc69f3638f7571d5,2026-05-05,01:40,rebounds,3.5,-650.0,,True,fanduel,2026-05-02T22:11:55.654959
Naz Reid,,,219920e3a715ceb3dc69f3638f7571d5,2026-05-05,01:40,rebounds,3.5,-520.0,,True,fanduel,2026-05-02T22:11:55.654961
Julian Champagnie,,,219920e3a715ceb3dc69f3638f7571d5,2026-05-05,01:40,rebounds,3.5,-340.0,,True,fanduel,2026-05-02T22:11:55.654963
Jaden McDaniels,,,219920e3a715ceb3dc69f3638f7571d5,2026-05-05,01:40,rebounds,3.5,-260.0,,True,fanduel,2026-05-02T22:11:55.654964
Devin Vassell,,,219920e3a715ceb3dc69f3638f7571d5,2026-05-05,01:40,rebounds,3.5,-166.0,,True,fanduel,2026-05-02T22:11:55.654966
Ayo Dosunmu,,,219920e3a715ceb3dc69f3638f7571d5,2026-05-05,01:40,rebounds,3.5,-160.0,,True,fanduel,2026-05-02T22:11:55.654968
De'Aaron Fox,,,219920e3a715ceb3dc69f3638f7571d5,2026-05-05,01:40,rebounds,3.5,-146.0,,True,fanduel,2026-05-02T22:11:55.654970
Keldon Johnson,,,219920e3a715ceb3dc69f3638f7571d5,2026-05-05,01:40,rebounds,3.5,-108.0,,True,fanduel,2026-05-02T22:11:55.654972
Dylan Harper,,,219920e3a715ceb3dc69f3638f7571d5,2026-05-05,01:40,rebounds,3.5,176.0,,True,fanduel,2026-05-02T22:11:55.654973
Mike Conley,,,219920e3a715ceb3dc69f3638f7571d5,2026-05-05,01:40,rebounds,3.5,560.0,,True,fanduel,2026-05-02T22:11:55.654975
Victor Wembanyama,,,219920e3a715ceb3dc69f3638f7571d5,2026-05-05,01:40,rebounds,15.5,430.0,,True,fanduel,2026-05-02T22:11:55.654977
Rudy Gobert,,,219920e3a715ceb3dc69f3638f7571d5,2026-05-05,01:40,rebounds,15.5,560.0,,True,fanduel,2026-05-02T22:11:55.654980
Victor Wembanyama,,,219920e3a715ceb3dc69f3638f7571d5,2026-05-05,01:40,rebounds,9.5,-370.0,,True,fanduel,2026-05-02T22:11:55.654982
Rudy Gobert,,,219920e3a715ceb3dc69f3638f7571d5,2026-05-05,01:40,rebounds,9.5,-260.0,,True,fanduel,2026-05-02T22:11:55.654984
Julius Randle,,,219920e3a715ceb3dc69f3638f7571d5,2026-05-05,01:40,rebounds,9.5,300.0,,True,fanduel,2026-05-02T22:11:55.654986
Naz Reid,,,219920e3a715ceb3dc69f3638f7571d5,2026-05-05,01:40,rebounds,9.5,630.0,,True,fanduel,2026-05-02T22:11:55.654987
Stephon Castle,,,219920e3a715ceb3dc69f3638f7571d5,2026-05-05,01:40,rebounds,9.5,680.0,,True,fanduel,2026-05-02T22:11:55.654989
Julian Champagnie,,,219920e3a715ceb3dc69f3638f7571d5,2026-05-05,01:40,rebounds,9.5,1100.0,,True,fanduel,2026-05-02T22:11:55.654991
Jaden McDaniels,,,219920e3a715ceb3dc69f3638f7571d5,2026-05-05,01:40,rebounds,9.5,1500.0,,True,fanduel,2026-05-02T22:11:55.654992
Julius Randle,,,219920e3a715ceb3dc69f3638f7571d5,2026-05-05,01:40,threes,1.5,140.0,-188.0,False,fanduel,2026-05-02T22:11:55.655005
Mike Conley,,,219920e3a715ceb3dc69f3638f7571d5,2026-05-05,01:40,threes,1.5,132.0,-178.0,False,fanduel,2026-05-02T22:11:55.655006
Victor Wembanyama,,,219920e3a715ceb3dc69f3638f7571d5,2026-05-05,01:40,threes,2.5,-102.0,-130.0,False,fanduel,2026-05-02T22:11:55.655008
Stephon Castle,,,219920e3a715ceb3dc69f3638f7571d5,2026-05-05,01:40,threes,1.5,124.0,-166.0,False,fanduel,2026-05-02T22:11:55.655010
Ayo Dosunmu,,,219920e3a715ceb3dc69f3638f7571d5,2026-05-05,01:40,threes,1.5,-140.0,106.0,False,fanduel,2026-05-02T22:11:55.655011
Jaden McDaniels,,,219920e3a715ceb3dc69f3638f7571d5,2026-05-05,01:40,threes,1.5,104.0,-138.0,False,fanduel,2026-05-02T22:11:55.655013
Naz Reid,,,219920e3a715ceb3dc69f3638f7571d5,2026-05-05,01:40,threes,1.5,-118.0,-112.0,False,fanduel,2026-05-02T22:11:55.655015
De'Aaron Fox,,,219920e3a715ceb3dc69f3638f7571d5,2026-05-05,01:40,threes,1.5,-122.0,-108.0,False,fanduel,2026-05-02T22:11:55.655016
Devin Vassell,,,219920e3a715ceb3dc69f3638f7571d5,2026-05-05,01:40,threes,1.5,-200.0,152.0,False,fanduel,2026-05-02T22:11:55.655018
Victor Wembanyama,,,219920e3a715ceb3dc69f3638f7571d5,2026-05-05,01:40,threes,6.5,3000.0,,True,fanduel,2026-05-02T22:11:55.655043
Victor Wembanyama,,,219920e3a715ceb3dc69f3638f7571d5,2026-05-05,01:40,threes,4.5,650.0,,True,fanduel,2026-05-02T22:11:55.655047
Devin Vassell,,,219920e3a715ceb3dc69f3638f7571d5,2026-05-05,01:40,threes,4.5,1000.0,,True,fanduel,2026-05-02T22:11:55.655049
Ayo Dosunmu,,,219920e3a715ceb3dc69f3638f7571d5,2026-05-05,01:40,threes,4.5,1600.0,,True,fanduel,2026-05-02T22:11:55.655053
Naz Reid,,,219920e3a715ceb3dc69f3638f7571d5,2026-05-05,01:40,threes,4.5,1800.0,,True,fanduel,2026-05-02T22:11:55.655055
De'Aaron Fox,,,219920e3a715ceb3dc69f3638f7571d5,2026-05-05,01:40,threes,4.5,2000.0,,True,fanduel,2026-05-02T22:11:55.655057
Jaden McDaniels,,,219920e3a715ceb3dc69f3638f7571d5,2026-05-05,01:40,threes,4.5,2200.0,,True,fanduel,2026-05-02T22:11:55.655058
Victor Wembanyama,,,219920e3a715ceb3dc69f3638f7571d5,2026-05-05,01:40,threes,5.5,1300.0,,True,fanduel,2026-05-02T22:11:55.655060
Devin Vassell,,,219920e3a715ceb3dc69f3638f7571d5,2026-05-05,01:40,threes,5.5,2000.0,,True,fanduel,2026-05-02T22:11:55.655062
Victor Wembanyama,,,219920e3a715ceb3dc69f3638f7571d5,2026-05-05,01:40,threes,3.5,255.0,,True,fanduel,2026-05-02T22:11:55.655063
Devin Vassell,,,219920e3a715ceb3dc69f3638f7571d5,2026-05-05,01:40,threes,3.5,420.0,,True,fanduel,2026-05-02T22:11:55.655065
Ayo Dosunmu,,,219920e3a715ceb3dc69f3638f7571d5,2026-05-05,01:40,threes,3.5,600.0,,True,fanduel,2026-05-02T22:11:55.655067
Naz Reid,,,219920e3a715ceb3dc69f3638f7571d5,2026-05-05,01:40,threes,3.5,700.0,,True,fanduel,2026-05-02T22:11:55.655068
De'Aaron Fox,,,219920e3a715ceb3dc69f3638f7571d5,2026-05-05,01:40,threes,3.5,750.0,,True,fanduel,2026-05-02T22:11:55.655070
Jaden McDaniels,,,219920e3a715ceb3dc69f3638f7571d5,2026-05-05,01:40,threes,3.5,900.0,,True,fanduel,2026-05-02T22:11:55.655072
Stephon Castle,,,219920e3a715ceb3dc69f3638f7571d5,2026-05-05,01:40,threes,3.5,1100.0,,True,fanduel,2026-05-02T22:11:55.655073
Mike Conley,,,219920e3a715ceb3dc69f3638f7571d5,2026-05-05,01:40,threes,3.5,1100.0,,True,fanduel,2026-05-02T22:11:55.655075
Julius Randle,,,219920e3a715ceb3dc69f3638f7571d5,2026-05-05,01:40,threes,3.5,1300.0,,True,fanduel,2026-05-02T22:11:55.655077
Keldon Johnson,,,219920e3a715ceb3dc69f3638f7571d5,2026-05-05,01:40,threes,3.5,2000.0,,True,fanduel,2026-05-02T22:11:55.655078
Victor Wembanyama,,,219920e3a715ceb3dc69f3638f7571d5,2026-05-05,01:40,threes,0.5,-2500.0,,True,fanduel,2026-05-02T22:11:55.655080
Devin Vassell,,,219920e3a715ceb3dc69f3638f7571d5,2026-05-05,01:40,threes,0.5,-1100.0,,True,fanduel,2026-05-02T22:11:55.655082
Ayo Dosunmu,,,219920e3a715ceb3dc69f3638f7571d5,2026-05-05,01:40,threes,0.5,-700.0,,True,fanduel,2026-05-02T22:11:55.655083
De'Aaron Fox,,,219920e3a715ceb3dc69f3638f7571d5,2026-05-05,01:40,threes,0.5,-620.0,,True,fanduel,2026-05-02T22:11:55.655085
Naz Reid,,,219920e3a715ceb3dc69f3638f7571d5,2026-05-05,01:40,threes,0.5,-560.0,,True,fanduel,2026-05-02T22:11:55.655086
Jaden McDaniels,,,219920e3a715ceb3dc69f3638f7571d5,2026-05-05,01:40,threes,0.5,-440.0,,True,fanduel,2026-05-02T22:11:55.655088
Stephon Castle,,,219920e3a715ceb3dc69f3638f7571d5,2026-05-05,01:40,threes,0.5,-390.0,,True,fanduel,2026-05-02T22:11:55.655090
Julius Randle,,,219920e3a715ceb3dc69f3638f7571d5,2026-05-05,01:40,threes,0.5,-340.0,,True,fanduel,2026-05-02T22:11:55.655092
Mike Conley,,,219920e3a715ceb3dc69f3638f7571d5,2026-05-05,01:40,threes,0.5,-340.0,,True,fanduel,2026-05-02T22:11:55.655093
Keldon Johnson,,,219920e3a715ceb3dc69f3638f7571d5,2026-05-05,01:40,threes,0.5,-172.0,,True,fanduel,2026-05-02T22:11:55.655095
Victor Wembanyama,,,219920e3a715ceb3dc69f3638f7571d5,2026-05-05,01:40,threes,1.5,-330.0,,True,fanduel,2026-05-02T22:11:55.655097
Devin Vassell,,,219920e3a715ceb3dc69f3638f7571d5,2026-05-05,01:40,threes,1.5,-194.0,,True,fanduel,2026-05-02T22:11:55.655098
Ayo Dosunmu,,,219920e3a715ceb3dc69f3638f7571d5,2026-05-05,01:40,threes,1.5,-138.0,,True,fanduel,2026-05-02T22:11:55.655100
De'Aaron Fox,,,219920e3a715ceb3dc69f3638f7571d5,2026-05-05,01:40,threes,1.5,-120.0,,True,fanduel,2026-05-02T22:11:55.655102
Naz Reid,,,219920e3a715ceb3dc69f3638f7571d5,2026-05-05,01:40,threes,1.5,-115.0,,True,fanduel,2026-05-02T22:11:55.655106
Jaden McDaniels,,,219920e3a715ceb3dc69f3638f7571d5,2026-05-05,01:40,threes,1.5,106.0,,True,fanduel,2026-05-02T22:11:55.655107
Stephon Castle,,,219920e3a715ceb3dc69f3638f7571d5,2026-05-05,01:40,threes,1.5,126.0,,True,fanduel,2026-05-02T22:11:55.655109
Mike Conley,,,219920e3a715ceb3dc69f3638f7571d5,2026-05-05,01:40,threes,1.5,134.0,,True,fanduel,2026-05-02T22:11:55.655111
Julius Randle,,,219920e3a715ceb3dc69f3638f7571d5,2026-05-05,01:40,threes,1.5,142.0,,True,fanduel,2026-05-02T22:11:55.655113
Keldon Johnson,,,219920e3a715ceb3dc69f3638f7571d5,2026-05-05,01:40,threes,1.5,285.0,,True,fanduel,2026-05-02T22:11:55.655114
Victor Wembanyama,,,219920e3a715ceb3dc69f3638f7571d5,2026-05-05,01:40,threes,2.5,100.0,,True,fanduel,2026-05-02T22:11:55.655116
Devin Vassell,,,219920e3a715ceb3dc69f3638f7571d5,2026-05-05,01:40,threes,2.5,164.0,,True,fanduel,2026-05-02T22:11:55.655118
Ayo Dosunmu,,,219920e3a715ceb3dc69f3638f7571d5,2026-05-05,01:40,threes,2.5,240.0,,True,fanduel,2026-05-02T22:11:55.655119
De'Aaron Fox,,,219920e3a715ceb3dc69f3638f7571d5,2026-05-05,01:40,threes,2.5,280.0,,True,fanduel,2026-05-02T22:11:55.655121
Naz Reid,,,219920e3a715ceb3dc69f3638f7571d5,2026-05-05,01:40,threes,2.5,280.0,,True,fanduel,2026-05-02T22:11:55.655123
Jaden McDaniels,,,219920e3a715ceb3dc69f3638f7571d5,2026-05-05,01:40,threes,2.5,330.0,,True,fanduel,2026-05-02T22:11:55.655125
Stephon Castle,,,219920e3a715ceb3dc69f3638f7571d5,2026-05-05,01:40,threes,2.5,420.0,,True,fanduel,2026-05-02T22:11:55.655126
Mike Conley,,,219920e3a715ceb3dc69f3638f7571d5,2026-05-05,01:40,threes,2.5,420.0,,True,fanduel,2026-05-02T22:11:55.655128
Julius Randle,,,219920e3a715ceb3dc69f3638f7571d5,2026-05-05,01:40,threes,2.5,460.0,,True,fanduel,2026-05-02T22:11:55.655132
Keldon Johnson,,,219920e3a715ceb3dc69f3638f7571d5,2026-05-05,01:40,threes,2.5,900.0,,True,fanduel,2026-05-02T22:11:55.655134
Isaiah Hartenstein,,,689b4554b0b10e67f46872eb2e74b98d,2026-05-06,01:40,assists,2.5,-130.0,-102.0,False,fanduel,2026-05-02T22:11:55.717526
Shai Gilgeous-Alexander,,,689b4554b0b10e67f46872eb2e74b98d,2026-05-06,01:40,assists,7.5,108.0,-144.0,False,fanduel,2026-05-02T22:11:55.717527
Cason Wallace,,,689b4554b0b10e67f46872eb2e74b98d,2026-05-06,01:40,assists,1.5,-188.0,140.0,False,fanduel,2026-05-02T22:11:55.717529
Austin Reaves,,,689b4554b0b10e67f46872eb2e74b98d,2026-05-06,01:40,assists,5.5,118.0,-158.0,False,fanduel,2026-05-02T22:11:55.717531
Marcus Smart,,,689b4554b0b10e67f46872eb2e74b98d,2026-05-06,01:40,assists,2.5,-138.0,104.0,False,fanduel,2026-05-02T22:11:55.717533
Ajay Mitchell,,,689b4554b0b10e67f46872eb2e74b98d,2026-05-06,01:40,assists,3.5,104.0,-138.0,False,fanduel,2026-05-02T22:11:55.717534
LeBron James,,,689b4554b0b10e67f46872eb2e74b98d,2026-05-06,01:40,assists,7.5,-114.0,-114.0,False,fanduel,2026-05-02T22:11:55.717536
LeBron James,,,689b4554b0b10e67f46872eb2e74b98d,2026-05-06,01:40,assists,5.5,-430.0,,True,fanduel,2026-05-02T22:11:55.717553
Shai Gilgeous-Alexander,,,689b4554b0b10e67f46872eb2e74b98d,2026-05-06,01:40,assists,5.5,-350.0,,True,fanduel,2026-05-02T22:11:55.717555
Austin Reaves,,,689b4554b0b10e67f46872eb2e74b98d,2026-05-06,01:40,assists,5.5,122.0,,True,fanduel,2026-05-02T22:11:55.717559
Ajay Mitchell,,,689b4554b0b10e67f46872eb2e74b98d,2026-05-06,01:40,assists,5.5,500.0,,True,fanduel,2026-05-02T22:11:55.717561
Isaiah Hartenstein,,,689b4554b0b10e67f46872eb2e74b98d,2026-05-06,01:40,assists,5.5,870.0,,True,fanduel,2026-05-02T22:11:55.717563
Marcus Smart,,,689b4554b0b10e67f46872eb2e74b98d,2026-05-06,01:40,assists,5.5,900.0,,True,fanduel,2026-05-02T22:11:55.717564
Cason Wallace,,,689b4554b0b10e67f46872eb2e74b98d,2026-05-06,01:40,assists,5.5,1300.0,,True,fanduel,2026-05-02T22:11:55.717566
LeBron James,,,689b4554b0b10e67f46872eb2e74b98d,2026-05-06,01:40,assists,3.5,-4000.0,,True,fanduel,2026-05-02T22:11:55.717616
Shai Gilgeous-Alexander,,,689b4554b0b10e67f46872eb2e74b98d,2026-05-06,01:40,assists,3.5,-3000.0,,True,fanduel,2026-05-02T22:11:55.717618
Austin Reaves,,,689b4554b0b10e67f46872eb2e74b98d,2026-05-06,01:40,assists,3.5,-360.0,,True,fanduel,2026-05-02T22:11:55.717619
Ajay Mitchell,,,689b4554b0b10e67f46872eb2e74b98d,2026-05-06,01:40,assists,3.5,106.0,,True,fanduel,2026-05-02T22:11:55.717621
Isaiah Hartenstein,,,689b4554b0b10e67f46872eb2e74b98d,2026-05-06,01:40,assists,3.5,196.0,,True,fanduel,2026-05-02T22:11:55.717623
Marcus Smart,,,689b4554b0b10e67f46872eb2e74b98d,2026-05-06,01:40,assists,3.5,196.0,,True,fanduel,2026-05-02T22:11:55.717625
Cason Wallace,,,689b4554b0b10e67f46872eb2e74b98d,2026-05-06,01:40,assists,3.5,350.0,,True,fanduel,2026-05-02T22:11:55.717626
LeBron James,,,689b4554b0b10e67f46872eb2e74b98d,2026-05-06,01:40,assists,7.5,-113.0,,True,fanduel,2026-05-02T22:11:55.717628
Shai Gilgeous-Alexander,,,689b4554b0b10e67f46872eb2e74b98d,2026-05-06,01:40,assists,7.5,112.0,,True,fanduel,2026-05-02T22:11:55.717630
Austin Reaves,,,689b4554b0b10e67f46872eb2e74b98d,2026-05-06,01:40,assists,7.5,420.0,,True,fanduel,2026-05-02T22:11:55.717631
Ajay Mitchell,,,689b4554b0b10e67f46872eb2e74b98d,2026-05-06,01:40,assists,7.5,1500.0,,True,fanduel,2026-05-02T22:11:55.717633
LeBron James,,,689b4554b0b10e67f46872eb2e74b98d,2026-05-06,01:40,assists,13.5,1500.0,,True,fanduel,2026-05-02T22:11:55.717635
Shai Gilgeous-Alexander,,,689b4554b0b10e67f46872eb2e74b98d,2026-05-06,01:40,assists,13.5,2000.0,,True,fanduel,2026-05-02T22:11:55.717637
LeBron James,,,689b4554b0b10e67f46872eb2e74b98d,2026-05-06,01:40,assists,11.5,630.0,,True,fanduel,2026-05-02T22:11:55.717638
Shai Gilgeous-Alexander,,,689b4554b0b10e67f46872eb2e74b98d,2026-05-06,01:40,assists,11.5,900.0,,True,fanduel,2026-05-02T22:11:55.717640
Ajay Mitchell,,,689b4554b0b10e67f46872eb2e74b98d,2026-05-06,01:40,assists,1.5,-850.0,,True,fanduel,2026-05-02T22:11:55.717642
Marcus Smart,,,689b4554b0b10e67f46872eb2e74b98d,2026-05-06,01:40,assists,1.5,-430.0,,True,fanduel,2026-05-02T22:11:55.717643
Isaiah Hartenstein,,,689b4554b0b10e67f46872eb2e74b98d,2026-05-06,01:40,assists,1.5,-370.0,,True,fanduel,2026-05-02T22:11:55.717645
Cason Wallace,,,689b4554b0b10e67f46872eb2e74b98d,2026-05-06,01:40,assists,1.5,-184.0,,True,fanduel,2026-05-02T22:11:55.717646
LeBron James,,,689b4554b0b10e67f46872eb2e74b98d,2026-05-06,01:40,assists,9.5,230.0,,True,fanduel,2026-05-02T22:11:55.717648
Shai Gilgeous-Alexander,,,689b4554b0b10e67f46872eb2e74b98d,2026-05-06,01:40,assists,9.5,310.0,,True,fanduel,2026-05-02T22:11:55.717652
Austin Reaves,,,689b4554b0b10e67f46872eb2e74b98d,2026-05-06,01:40,assists,9.5,1060.0,,True,fanduel,2026-05-02T22:11:55.717654
Ajay Mitchell,,,689b4554b0b10e67f46872eb2e74b98d,2026-05-06,01:40,points,15.5,-106.0,-125.0,False,fanduel,2026-05-02T22:11:55.717670
Rui Hachimura,,,689b4554b0b10e67f46872eb2e74b98d,2026-05-06,01:40,points,11.5,-128.0,-104.0,False,fanduel,2026-05-02T22:11:55.717672
Chet Holmgren,,,689b4554b0b10e67f46872eb2e74b98d,2026-05-06,01:40,points,16.5,-128.0,-104.0,False,fanduel,2026-05-02T22:11:55.717673
Luguentz Dort,,,689b4554b0b10e67f46872eb2e74b98d,2026-05-06,01:40,points,6.5,-130.0,-102.0,False,fanduel,2026-05-02T22:11:55.717675
Luke Kennard,,,689b4554b0b10e67f46872eb2e74b98d,2026-05-06,01:40,points,7.5,-102.0,-130.0,False,fanduel,2026-05-02T22:11:55.717676
Isaiah Hartenstein,,,689b4554b0b10e67f46872eb2e74b98d,2026-05-06,01:40,points,7.5,-132.0,100.0,False,fanduel,2026-05-02T22:11:55.717680
Cason Wallace,,,689b4554b0b10e67f46872eb2e74b98d,2026-05-06,01:40,points,6.5,-132.0,100.0,False,fanduel,2026-05-02T22:11:55.717682
Austin Reaves,,,689b4554b0b10e67f46872eb2e74b98d,2026-05-06,01:40,points,21.5,-128.0,-104.0,False,fanduel,2026-05-02T22:11:55.717684
Marcus Smart,,,689b4554b0b10e67f46872eb2e74b98d,2026-05-06,01:40,points,10.5,-106.0,-125.0,False,fanduel,2026-05-02T22:11:55.717693
Deandre Ayton,,,689b4554b0b10e67f46872eb2e74b98d,2026-05-06,01:40,points,10.5,-132.0,100.0,False,fanduel,2026-05-02T22:11:55.717695
LeBron James,,,689b4554b0b10e67f46872eb2e74b98d,2026-05-06,01:40,points,20.5,-114.0,-114.0,False,fanduel,2026-05-02T22:11:55.717697
Shai Gilgeous-Alexander,,,689b4554b0b10e67f46872eb2e74b98d,2026-05-06,01:40,points,31.5,-130.0,-102.0,False,fanduel,2026-05-02T22:11:55.717698
Austin Reaves,,,689b4554b0b10e67f46872eb2e74b98d,2026-05-06,01:40,points,9.5,-6000.0,,True,fanduel,2026-05-02T22:11:55.717725
LeBron James,,,689b4554b0b10e67f46872eb2e74b98d,2026-05-06,01:40,points,9.5,-5000.0,,True,fanduel,2026-05-02T22:11:55.717727
Chet Holmgren,,,689b4554b0b10e67f46872eb2e74b98d,2026-05-06,01:40,points,9.5,-1600.0,,True,fanduel,2026-05-02T22:11:55.717729
Ajay Mitchell,,,689b4554b0b10e67f46872eb2e74b98d,2026-05-06,01:40,points,9.5,-720.0,,True,fanduel,2026-05-02T22:11:55.717731
Rui Hachimura,,,689b4554b0b10e67f46872eb2e74b98d,2026-05-06,01:40,points,9.5,-225.0,,True,fanduel,2026-05-02T22:11:55.717733
Deandre Ayton,,,689b4554b0b10e67f46872eb2e74b98d,2026-05-06,01:40,points,9.5,-180.0,,True,fanduel,2026-05-02T22:11:55.717734
Marcus Smart,,,689b4554b0b10e67f46872eb2e74b98d,2026-05-06,01:40,points,9.5,-146.0,,True,fanduel,2026-05-02T22:11:55.717736
Isaiah Hartenstein,,,689b4554b0b10e67f46872eb2e74b98d,2026-05-06,01:40,points,9.5,158.0,,True,fanduel,2026-05-02T22:11:55.717738
Luke Kennard,,,689b4554b0b10e67f46872eb2e74b98d,2026-05-06,01:40,points,9.5,196.0,,True,fanduel,2026-05-02T22:11:55.717739
Cason Wallace,,,689b4554b0b10e67f46872eb2e74b98d,2026-05-06,01:40,points,9.5,220.0,,True,fanduel,2026-05-02T22:11:55.717741
Luguentz Dort,,,689b4554b0b10e67f46872eb2e74b98d,2026-05-06,01:40,points,9.5,240.0,,True,fanduel,2026-05-02T22:11:55.717743
Austin Reaves,,,689b4554b0b10e67f46872eb2e74b98d,2026-05-06,01:40,points,44.5,4000.0,,True,fanduel,2026-05-02T22:11:55.717745
Shai Gilgeous-Alexander,,,689b4554b0b10e67f46872eb2e74b98d,2026-05-06,01:40,points,44.5,1300.0,,True,fanduel,2026-05-02T22:11:55.717746
Shai Gilgeous-Alexander,,,689b4554b0b10e67f46872eb2e74b98d,2026-05-06,01:40,points,24.5,-900.0,,True,fanduel,2026-05-02T22:11:55.717748
Austin Reaves,,,689b4554b0b10e67f46872eb2e74b98d,2026-05-06,01:40,points,24.5,146.0,,True,fanduel,2026-05-02T22:11:55.717750
LeBron James,,,689b4554b0b10e67f46872eb2e74b98d,2026-05-06,01:40,points,24.5,215.0,,True,fanduel,2026-05-02T22:11:55.717752
Chet Holmgren,,,689b4554b0b10e67f46872eb2e74b98d,2026-05-06,01:40,points,24.5,540.0,,True,fanduel,2026-05-02T22:11:55.717753
Ajay Mitchell,,,689b4554b0b10e67f46872eb2e74b98d,2026-05-06,01:40,points,24.5,870.0,,True,fanduel,2026-05-02T22:11:55.717755
Rui Hachimura,,,689b4554b0b10e67f46872eb2e74b98d,2026-05-06,01:40,points,24.5,1500.0,,True,fanduel,2026-05-02T22:11:55.717757
Deandre Ayton,,,689b4554b0b10e67f46872eb2e74b98d,2026-05-06,01:40,points,24.5,2500.0,,True,fanduel,2026-05-02T22:11:55.717758
Shai Gilgeous-Alexander,,,689b4554b0b10e67f46872eb2e74b98d,2026-05-06,01:40,points,34.5,154.0,,True,fanduel,2026-05-02T22:11:55.717760
Austin Reaves,,,689b4554b0b10e67f46872eb2e74b98d,2026-05-06,01:40,points,34.5,870.0,,True,fanduel,2026-05-02T22:11:55.717762
LeBron James,,,689b4554b0b10e67f46872eb2e74b98d,2026-05-06,01:40,points,34.5,1400.0,,True,fanduel,2026-05-02T22:11:55.717763
Chet Holmgren,,,689b4554b0b10e67f46872eb2e74b98d,2026-05-06,01:40,points,34.5,4000.0,,True,fanduel,2026-05-02T22:11:55.717765
Shai Gilgeous-Alexander,,,689b4554b0b10e67f46872eb2e74b98d,2026-05-06,01:40,points,49.5,3500.0,,True,fanduel,2026-05-02T22:11:55.717767
Shai Gilgeous-Alexander,,,689b4554b0b10e67f46872eb2e74b98d,2026-05-06,01:40,points,19.5,-7000.0,,True,fanduel,2026-05-02T22:11:55.717771
Austin Reaves,,,689b4554b0b10e67f46872eb2e74b98d,2026-05-06,01:40,points,19.5,-188.0,,True,fanduel,2026-05-02T22:11:55.717773
LeBron James,,,689b4554b0b10e67f46872eb2e74b98d,2026-05-06,01:40,points,19.5,-146.0,,True,fanduel,2026-05-02T22:11:55.717775
Chet Holmgren,,,689b4554b0b10e67f46872eb2e74b98d,2026-05-06,01:40,points,19.5,168.0,,True,fanduel,2026-05-02T22:11:55.717777
Ajay Mitchell,,,689b4554b0b10e67f46872eb2e74b98d,2026-05-06,01:40,points,19.5,260.0,,True,fanduel,2026-05-02T22:11:55.717778
Rui Hachimura,,,689b4554b0b10e67f46872eb2e74b98d,2026-05-06,01:40,points,19.5,600.0,,True,fanduel,2026-05-02T22:11:55.717780
Deandre Ayton,,,689b4554b0b10e67f46872eb2e74b98d,2026-05-06,01:40,points,19.5,870.0,,True,fanduel,2026-05-02T22:11:55.717782
Marcus Smart,,,689b4554b0b10e67f46872eb2e74b98d,2026-05-06,01:40,points,19.5,1000.0,,True,fanduel,2026-05-02T22:11:55.717783
Shai Gilgeous-Alexander,,,689b4554b0b10e67f46872eb2e74b98d,2026-05-06,01:40,points,29.5,-205.0,,True,fanduel,2026-05-02T22:11:55.717785
Austin Reaves,,,689b4554b0b10e67f46872eb2e74b98d,2026-05-06,01:40,points,29.5,350.0,,True,fanduel,2026-05-02T22:11:55.717787
LeBron James,,,689b4554b0b10e67f46872eb2e74b98d,2026-05-06,01:40,points,29.5,560.0,,True,fanduel,2026-05-02T22:11:55.717788
Chet Holmgren,,,689b4554b0b10e67f46872eb2e74b98d,2026-05-06,01:40,points,29.5,1400.0,,True,fanduel,2026-05-02T22:11:55.717790
Ajay Mitchell,,,689b4554b0b10e67f46872eb2e74b98d,2026-05-06,01:40,points,29.5,2000.0,,True,fanduel,2026-05-02T22:11:55.717794
Austin Reaves,,,689b4554b0b10e67f46872eb2e74b98d,2026-05-06,01:40,points,14.5,-670.0,,True,fanduel,2026-05-02T22:11:55.717796
LeBron James,,,689b4554b0b10e67f46872eb2e74b98d,2026-05-06,01:40,points,14.5,-530.0,,True,fanduel,2026-05-02T22:11:55.717797
Chet Holmgren,,,689b4554b0b10e67f46872eb2e74b98d,2026-05-06,01:40,points,14.5,-220.0,,True,fanduel,2026-05-02T22:11:55.717799
Ajay Mitchell,,,689b4554b0b10e67f46872eb2e74b98d,2026-05-06,01:40,points,14.5,-140.0,,True,fanduel,2026-05-02T22:11:55.717801
Rui Hachimura,,,689b4554b0b10e67f46872eb2e74b98d,2026-05-06,01:40,points,14.5,176.0,,True,fanduel,2026-05-02T22:11:55.717802
Deandre Ayton,,,689b4554b0b10e67f46872eb2e74b98d,2026-05-06,01:40,points,14.5,250.0,,True,fanduel,2026-05-02T22:11:55.717804
Marcus Smart,,,689b4554b0b10e67f46872eb2e74b98d,2026-05-06,01:40,points,14.5,290.0,,True,fanduel,2026-05-02T22:11:55.717806
Isaiah Hartenstein,,,689b4554b0b10e67f46872eb2e74b98d,2026-05-06,01:40,points,14.5,680.0,,True,fanduel,2026-05-02T22:11:55.717807
Luke Kennard,,,689b4554b0b10e67f46872eb2e74b98d,2026-05-06,01:40,points,14.5,830.0,,True,fanduel,2026-05-02T22:11:55.717809
Cason Wallace,,,689b4554b0b10e67f46872eb2e74b98d,2026-05-06,01:40,points,14.5,900.0,,True,fanduel,2026-05-02T22:11:55.717811
Luguentz Dort,,,689b4554b0b10e67f46872eb2e74b98d,2026-05-06,01:40,points,14.5,1100.0,,True,fanduel,2026-05-02T22:11:55.717812
Shai Gilgeous-Alexander,,,689b4554b0b10e67f46872eb2e74b98d,2026-05-06,01:40,points,39.5,450.0,,True,fanduel,2026-05-02T22:11:55.717814
Austin Reaves,,,689b4554b0b10e67f46872eb2e74b98d,2026-05-06,01:40,points,39.5,1700.0,,True,fanduel,2026-05-02T22:11:55.717816
LeBron James,,,689b4554b0b10e67f46872eb2e74b98d,2026-05-06,01:40,points,39.5,4000.0,,True,fanduel,2026-05-02T22:11:55.717817
Isaiah Hartenstein,,,689b4554b0b10e67f46872eb2e74b98d,2026-05-06,01:40,rebounds,7.5,-146.0,110.0,False,fanduel,2026-05-02T22:11:55.717833
Chet Holmgren,,,689b4554b0b10e67f46872eb2e74b98d,2026-05-06,01:40,rebounds,9.5,102.0,-136.0,False,fanduel,2026-05-02T22:11:55.717835
Ajay Mitchell,,,689b4554b0b10e67f46872eb2e74b98d,2026-05-06,01:40,rebounds,3.5,-168.0,126.0,False,fanduel,2026-05-02T22:11:55.717836
Rui Hachimura,,,689b4554b0b10e67f46872eb2e74b98d,2026-05-06,01:40,rebounds,3.5,-104.0,-128.0,False,fanduel,2026-05-02T22:11:55.717838
Luguentz Dort,,,689b4554b0b10e67f46872eb2e74b98d,2026-05-06,01:40,rebounds,3.5,142.0,-192.0,False,fanduel,2026-05-02T22:11:55.717840
Luke Kennard,,,689b4554b0b10e67f46872eb2e74b98d,2026-05-06,01:40,rebounds,2.5,-102.0,-130.0,False,fanduel,2026-05-02T22:11:55.717844
Shai Gilgeous-Alexander,,,689b4554b0b10e67f46872eb2e74b98d,2026-05-06,01:40,rebounds,4.5,124.0,-166.0,False,fanduel,2026-05-02T22:11:55.717846
Cason Wallace,,,689b4554b0b10e67f46872eb2e74b98d,2026-05-06,01:40,rebounds,2.5,-154.0,116.0,False,fanduel,2026-05-02T22:11:55.717847
Austin Reaves,,,689b4554b0b10e67f46872eb2e74b98d,2026-05-06,01:40,rebounds,4.5,116.0,-158.0,False,fanduel,2026-05-02T22:11:55.717851
Marcus Smart,,,689b4554b0b10e67f46872eb2e74b98d,2026-05-06,01:40,rebounds,2.5,-120.0,-110.0,False,fanduel,2026-05-02T22:11:55.717853
LeBron James,,,689b4554b0b10e67f46872eb2e74b98d,2026-05-06,01:40,rebounds,7.5,116.0,-154.0,False,fanduel,2026-05-02T22:11:55.717855
Deandre Ayton,,,689b4554b0b10e67f46872eb2e74b98d,2026-05-06,01:40,rebounds,8.5,110.0,-146.0,False,fanduel,2026-05-02T22:11:55.717856
Chet Holmgren,,,689b4554b0b10e67f46872eb2e74b98d,2026-05-06,01:40,rebounds,7.5,-245.0,,True,fanduel,2026-05-02T22:11:55.717880
Deandre Ayton,,,689b4554b0b10e67f46872eb2e74b98d,2026-05-06,01:40,rebounds,7.5,-154.0,,True,fanduel,2026-05-02T22:11:55.717882
Isaiah Hartenstein,,,689b4554b0b10e67f46872eb2e74b98d,2026-05-06,01:40,rebounds,7.5,-142.0,,True,fanduel,2026-05-02T22:11:55.717884
LeBron James,,,689b4554b0b10e67f46872eb2e74b98d,2026-05-06,01:40,rebounds,7.5,120.0,,True,fanduel,2026-05-02T22:11:55.717886
Austin Reaves,,,689b4554b0b10e67f46872eb2e74b98d,2026-05-06,01:40,rebounds,7.5,800.0,,True,fanduel,2026-05-02T22:11:55.717888
Ajay Mitchell,,,689b4554b0b10e67f46872eb2e74b98d,2026-05-06,01:40,rebounds,7.5,1000.0,,True,fanduel,2026-05-02T22:11:55.717889
Shai Gilgeous-Alexander,,,689b4554b0b10e67f46872eb2e74b98d,2026-05-06,01:40,rebounds,7.5,1060.0,,True,fanduel,2026-05-02T22:11:55.717891
Rui Hachimura,,,689b4554b0b10e67f46872eb2e74b98d,2026-05-06,01:40,rebounds,7.5,1500.0,,True,fanduel,2026-05-02T22:11:55.717893
Chet Holmgren,,,689b4554b0b10e67f46872eb2e74b98d,2026-05-06,01:40,rebounds,11.5,290.0,,True,fanduel,2026-05-02T22:11:55.717895
Isaiah Hartenstein,,,689b4554b0b10e67f46872eb2e74b98d,2026-05-06,01:40,rebounds,11.5,390.0,,True,fanduel,2026-05-02T22:11:55.717896
Deandre Ayton,,,689b4554b0b10e67f46872eb2e74b98d,2026-05-06,01:40,rebounds,11.5,390.0,,True,fanduel,2026-05-02T22:11:55.717898
LeBron James,,,689b4554b0b10e67f46872eb2e74b98d,2026-05-06,01:40,rebounds,11.5,800.0,,True,fanduel,2026-05-02T22:11:55.717899
Chet Holmgren,,,689b4554b0b10e67f46872eb2e74b98d,2026-05-06,01:40,rebounds,9.5,104.0,,True,fanduel,2026-05-02T22:11:55.717901
Isaiah Hartenstein,,,689b4554b0b10e67f46872eb2e74b98d,2026-05-06,01:40,rebounds,9.5,158.0,,True,fanduel,2026-05-02T22:11:55.717903
Deandre Ayton,,,689b4554b0b10e67f46872eb2e74b98d,2026-05-06,01:40,rebounds,9.5,154.0,,True,fanduel,2026-05-02T22:11:55.717904
LeBron James,,,689b4554b0b10e67f46872eb2e74b98d,2026-05-06,01:40,rebounds,9.5,260.0,,True,fanduel,2026-05-02T22:11:55.717906
Austin Reaves,,,689b4554b0b10e67f46872eb2e74b98d,2026-05-06,01:40,rebounds,9.5,1700.0,,True,fanduel,2026-05-02T22:11:55.717908
Isaiah Hartenstein,,,689b4554b0b10e67f46872eb2e74b98d,2026-05-06,01:40,rebounds,3.5,-3500.0,,True,fanduel,2026-05-02T22:11:55.717909
Deandre Ayton,,,689b4554b0b10e67f46872eb2e74b98d,2026-05-06,01:40,rebounds,3.5,-4000.0,,True,fanduel,2026-05-02T22:11:55.717911
LeBron James,,,689b4554b0b10e67f46872eb2e74b98d,2026-05-06,01:40,rebounds,3.5,-2200.0,,True,fanduel,2026-05-02T22:11:55.717913
Shai Gilgeous-Alexander,,,689b4554b0b10e67f46872eb2e74b98d,2026-05-06,01:40,rebounds,3.5,-186.0,,True,fanduel,2026-05-02T22:11:55.717914
Austin Reaves,,,689b4554b0b10e67f46872eb2e74b98d,2026-05-06,01:40,rebounds,3.5,-180.0,,True,fanduel,2026-05-02T22:11:55.717916
Ajay Mitchell,,,689b4554b0b10e67f46872eb2e74b98d,2026-05-06,01:40,rebounds,3.5,-164.0,,True,fanduel,2026-05-02T22:11:55.717918
Rui Hachimura,,,689b4554b0b10e67f46872eb2e74b98d,2026-05-06,01:40,rebounds,3.5,-102.0,,True,fanduel,2026-05-02T22:11:55.717919
Luguentz Dort,,,689b4554b0b10e67f46872eb2e74b98d,2026-05-06,01:40,rebounds,3.5,142.0,,True,fanduel,2026-05-02T22:11:55.717924
Cason Wallace,,,689b4554b0b10e67f46872eb2e74b98d,2026-05-06,01:40,rebounds,3.5,168.0,,True,fanduel,2026-05-02T22:11:55.717928
Marcus Smart,,,689b4554b0b10e67f46872eb2e74b98d,2026-05-06,01:40,rebounds,3.5,220.0,,True,fanduel,2026-05-02T22:11:55.717930
Luke Kennard,,,689b4554b0b10e67f46872eb2e74b98d,2026-05-06,01:40,rebounds,3.5,250.0,,True,fanduel,2026-05-02T22:11:55.717931
Chet Holmgren,,,689b4554b0b10e67f46872eb2e74b98d,2026-05-06,01:40,rebounds,13.5,750.0,,True,fanduel,2026-05-02T22:11:55.717933
Isaiah Hartenstein,,,689b4554b0b10e67f46872eb2e74b98d,2026-05-06,01:40,rebounds,13.5,900.0,,True,fanduel,2026-05-02T22:11:55.717935
Deandre Ayton,,,689b4554b0b10e67f46872eb2e74b98d,2026-05-06,01:40,rebounds,13.5,900.0,,True,fanduel,2026-05-02T22:11:55.717937
LeBron James,,,689b4554b0b10e67f46872eb2e74b98d,2026-05-06,01:40,rebounds,13.5,1700.0,,True,fanduel,2026-05-02T22:11:55.717938
Chet Holmgren,,,689b4554b0b10e67f46872eb2e74b98d,2026-05-06,01:40,rebounds,5.5,-1000.0,,True,fanduel,2026-05-02T22:11:55.717940
Deandre Ayton,,,689b4554b0b10e67f46872eb2e74b98d,2026-05-06,01:40,rebounds,5.5,-520.0,,True,fanduel,2026-05-02T22:11:55.717942
Isaiah Hartenstein,,,689b4554b0b10e67f46872eb2e74b98d,2026-05-06,01:40,rebounds,5.5,-460.0,,True,fanduel,2026-05-02T22:11:55.717944
LeBron James,,,689b4554b0b10e67f46872eb2e74b98d,2026-05-06,01:40,rebounds,5.5,-295.0,,True,fanduel,2026-05-02T22:11:55.717945
Austin Reaves,,,689b4554b0b10e67f46872eb2e74b98d,2026-05-06,01:40,rebounds,5.5,230.0,,True,fanduel,2026-05-02T22:11:55.717947
Shai Gilgeous-Alexander,,,689b4554b0b10e67f46872eb2e74b98d,2026-05-06,01:40,rebounds,5.5,260.0,,True,fanduel,2026-05-02T22:11:55.717949
Ajay Mitchell,,,689b4554b0b10e67f46872eb2e74b98d,2026-05-06,01:40,rebounds,5.5,285.0,,True,fanduel,2026-05-02T22:11:55.717950
Rui Hachimura,,,689b4554b0b10e67f46872eb2e74b98d,2026-05-06,01:40,rebounds,5.5,440.0,,True,fanduel,2026-05-02T22:11:55.717952
Luguentz Dort,,,689b4554b0b10e67f46872eb2e74b98d,2026-05-06,01:40,rebounds,5.5,630.0,,True,fanduel,2026-05-02T22:11:55.717954
Cason Wallace,,,689b4554b0b10e67f46872eb2e74b98d,2026-05-06,01:40,rebounds,5.5,750.0,,True,fanduel,2026-05-02T22:11:55.717955
Marcus Smart,,,689b4554b0b10e67f46872eb2e74b98d,2026-05-06,01:40,rebounds,5.5,1060.0,,True,fanduel,2026-05-02T22:11:55.717957
Chet Holmgren,,,689b4554b0b10e67f46872eb2e74b98d,2026-05-06,01:40,rebounds,15.5,1500.0,,True,fanduel,2026-05-02T22:11:55.717959
Deandre Ayton,,,689b4554b0b10e67f46872eb2e74b98d,2026-05-06,01:40,rebounds,15.5,1700.0,,True,fanduel,2026-05-02T22:11:55.717960
Isaiah Hartenstein,,,689b4554b0b10e67f46872eb2e74b98d,2026-05-06,01:40,rebounds,15.5,1800.0,,True,fanduel,2026-05-02T22:11:55.717962
Rui Hachimura,,,689b4554b0b10e67f46872eb2e74b98d,2026-05-06,01:40,threes,1.5,-146.0,110.0,False,fanduel,2026-05-02T22:11:55.717975
Chet Holmgren,,,689b4554b0b10e67f46872eb2e74b98d,2026-05-06,01:40,threes,1.5,100.0,-132.0,False,fanduel,2026-05-02T22:11:55.717977
Luke Kennard,,,689b4554b0b10e67f46872eb2e74b98d,2026-05-06,01:40,threes,1.5,162.0,-220.0,False,fanduel,2026-05-02T22:11:55.717979
Cason Wallace,,,689b4554b0b10e67f46872eb2e74b98d,2026-05-06,01:40,threes,1.5,178.0,-245.0,False,fanduel,2026-05-02T22:11:55.717981
Marcus Smart,,,689b4554b0b10e67f46872eb2e74b98d,2026-05-06,01:40,threes,1.5,-138.0,104.0,False,fanduel,2026-05-02T22:11:55.717982
LeBron James,,,689b4554b0b10e67f46872eb2e74b98d,2026-05-06,01:40,threes,1.5,116.0,-154.0,False,fanduel,2026-05-02T22:11:55.717984
Austin Reaves,,,689b4554b0b10e67f46872eb2e74b98d,2026-05-06,01:40,threes,1.5,-188.0,140.0,False,fanduel,2026-05-02T22:11:55.717986
Shai Gilgeous-Alexander,,,689b4554b0b10e67f46872eb2e74b98d,2026-05-06,01:40,threes,1.5,-114.0,-114.0,False,fanduel,2026-05-02T22:11:55.717987
Ajay Mitchell,,,689b4554b0b10e67f46872eb2e74b98d,2026-05-06,01:40,threes,1.5,108.0,-144.0,False,fanduel,2026-05-02T22:11:55.717989
Austin Reaves,,,689b4554b0b10e67f46872eb2e74b98d,2026-05-06,01:40,threes,4.5,850.0,,True,fanduel,2026-05-02T22:11:55.718013
Rui Hachimura,,,689b4554b0b10e67f46872eb2e74b98d,2026-05-06,01:40,threes,4.5,1300.0,,True,fanduel,2026-05-02T22:11:55.718018
Marcus Smart,,,689b4554b0b10e67f46872eb2e74b98d,2026-05-06,01:40,threes,4.5,1500.0,,True,fanduel,2026-05-02T22:11:55.718020
Shai Gilgeous-Alexander,,,689b4554b0b10e67f46872eb2e74b98d,2026-05-06,01:40,threes,4.5,2200.0,,True,fanduel,2026-05-02T22:11:55.718021
Chet Holmgren,,,689b4554b0b10e67f46872eb2e74b98d,2026-05-06,01:40,threes,4.5,2500.0,,True,fanduel,2026-05-02T22:11:55.718025
Austin Reaves,,,689b4554b0b10e67f46872eb2e74b98d,2026-05-06,01:40,threes,6.5,3500.0,,True,fanduel,2026-05-02T22:11:55.718027
Austin Reaves,,,689b4554b0b10e67f46872eb2e74b98d,2026-05-06,01:40,threes,0.5,-900.0,,True,fanduel,2026-05-02T22:11:55.718029
Rui Hachimura,,,689b4554b0b10e67f46872eb2e74b98d,2026-05-06,01:40,threes,0.5,-720.0,,True,fanduel,2026-05-02T22:11:55.718030
Marcus Smart,,,689b4554b0b10e67f46872eb2e74b98d,2026-05-06,01:40,threes,0.5,-670.0,,True,fanduel,2026-05-02T22:11:55.718032
Shai Gilgeous-Alexander,,,689b4554b0b10e67f46872eb2e74b98d,2026-05-06,01:40,threes,0.5,-560.0,,True,fanduel,2026-05-02T22:11:55.718034
Chet Holmgren,,,689b4554b0b10e67f46872eb2e74b98d,2026-05-06,01:40,threes,0.5,-500.0,,True,fanduel,2026-05-02T22:11:55.718035
Ajay Mitchell,,,689b4554b0b10e67f46872eb2e74b98d,2026-05-06,01:40,threes,0.5,-460.0,,True,fanduel,2026-05-02T22:11:55.718037
LeBron James,,,689b4554b0b10e67f46872eb2e74b98d,2026-05-06,01:40,threes,0.5,-410.0,,True,fanduel,2026-05-02T22:11:55.718039
Luke Kennard,,,689b4554b0b10e67f46872eb2e74b98d,2026-05-06,01:40,threes,0.5,-295.0,,True,fanduel,2026-05-02T22:11:55.718040
Cason Wallace,,,689b4554b0b10e67f46872eb2e74b98d,2026-05-06,01:40,threes,0.5,-280.0,,True,fanduel,2026-05-02T22:11:55.718042
Austin Reaves,,,689b4554b0b10e67f46872eb2e74b98d,2026-05-06,01:40,threes,1.5,-184.0,,True,fanduel,2026-05-02T22:11:55.718044
Rui Hachimura,,,689b4554b0b10e67f46872eb2e74b98d,2026-05-06,01:40,threes,1.5,-142.0,,True,fanduel,2026-05-02T22:11:55.718045
Marcus Smart,,,689b4554b0b10e67f46872eb2e74b98d,2026-05-06,01:40,threes,1.5,-136.0,,True,fanduel,2026-05-02T22:11:55.718047
Shai Gilgeous-Alexander,,,689b4554b0b10e67f46872eb2e74b98d,2026-05-06,01:40,threes,1.5,-113.0,,True,fanduel,2026-05-02T22:11:55.718049
Chet Holmgren,,,689b4554b0b10e67f46872eb2e74b98d,2026-05-06,01:40,threes,1.5,102.0,,True,fanduel,2026-05-02T22:11:55.718050
Ajay Mitchell,,,689b4554b0b10e67f46872eb2e74b98d,2026-05-06,01:40,threes,1.5,110.0,,True,fanduel,2026-05-02T22:11:55.718059
LeBron James,,,689b4554b0b10e67f46872eb2e74b98d,2026-05-06,01:40,threes,1.5,120.0,,True,fanduel,2026-05-02T22:11:55.718060
Luke Kennard,,,689b4554b0b10e67f46872eb2e74b98d,2026-05-06,01:40,threes,1.5,164.0,,True,fanduel,2026-05-02T22:11:55.718062
Cason Wallace,,,689b4554b0b10e67f46872eb2e74b98d,2026-05-06,01:40,threes,1.5,180.0,,True,fanduel,2026-05-02T22:11:55.718064
Austin Reaves,,,689b4554b0b10e67f46872eb2e74b98d,2026-05-06,01:40,threes,3.5,390.0,,True,fanduel,2026-05-02T22:11:55.718065
Rui Hachimura,,,689b4554b0b10e67f46872eb2e74b98d,2026-05-06,01:40,threes,3.5,560.0,,True,fanduel,2026-05-02T22:11:55.718067
Marcus Smart,,,689b4554b0b10e67f46872eb2e74b98d,2026-05-06,01:40,threes,3.5,600.0,,True,fanduel,2026-05-02T22:11:55.718069
Shai Gilgeous-Alexander,,,689b4554b0b10e67f46872eb2e74b98d,2026-05-06,01:40,threes,3.5,830.0,,True,fanduel,2026-05-02T22:11:55.718071
Chet Holmgren,,,689b4554b0b10e67f46872eb2e74b98d,2026-05-06,01:40,threes,3.5,900.0,,True,fanduel,2026-05-02T22:11:55.718072
LeBron James,,,689b4554b0b10e67f46872eb2e74b98d,2026-05-06,01:40,threes,3.5,1000.0,,True,fanduel,2026-05-02T22:11:55.718074
Ajay Mitchell,,,689b4554b0b10e67f46872eb2e74b98d,2026-05-06,01:40,threes,3.5,1000.0,,True,fanduel,2026-05-02T22:11:55.718076
Luke Kennard,,,689b4554b0b10e67f46872eb2e74b98d,2026-05-06,01:40,threes,3.5,1300.0,,True,fanduel,2026-05-02T22:11:55.718077
Cason Wallace,,,689b4554b0b10e67f46872eb2e74b98d,2026-05-06,01:40,threes,3.5,1400.0,,True,fanduel,2026-05-02T22:11:55.718079
Austin Reaves,,,689b4554b0b10e67f46872eb2e74b98d,2026-05-06,01:40,threes,5.5,1500.0,,True,fanduel,2026-05-02T22:11:55.718084
Rui Hachimura,,,689b4554b0b10e67f46872eb2e74b98d,2026-05-06,01:40,threes,5.5,3000.0,,True,fanduel,2026-05-02T22:11:55.718086
Austin Reaves,,,689b4554b0b10e67f46872eb2e74b98d,2026-05-06,01:40,threes,2.5,162.0,,True,fanduel,2026-05-02T22:11:55.718088
Rui Hachimura,,,689b4554b0b10e67f46872eb2e74b98d,2026-05-06,01:40,threes,2.5,220.0,,True,fanduel,2026-05-02T22:11:55.718090
Marcus Smart,,,689b4554b0b10e67f46872eb2e74b98d,2026-05-06,01:40,threes,2.5,240.0,,True,fanduel,2026-05-02T22:11:55.718092
Shai Gilgeous-Alexander,,,689b4554b0b10e67f46872eb2e74b98d,2026-05-06,01:40,threes,2.5,290.0,,True,fanduel,2026-05-02T22:11:55.718093
Chet Holmgren,,,689b4554b0b10e67f46872eb2e74b98d,2026-05-06,01:40,threes,2.5,340.0,,True,fanduel,2026-05-02T22:11:55.718096
Ajay Mitchell,,,689b4554b0b10e67f46872eb2e74b98d,2026-05-06,01:40,threes,2.5,350.0,,True,fanduel,2026-05-02T22:11:55.718098
LeBron James,,,689b4554b0b10e67f46872eb2e74b98d,2026-05-06,01:40,threes,2.5,360.0,,True,fanduel,2026-05-02T22:11:55.718100
Luke Kennard,,,689b4554b0b10e67f46872eb2e74b98d,2026-05-06,01:40,threes,2.5,520.0,,True,fanduel,2026-05-02T22:11:55.718102
Cason Wallace,,,689b4554b0b10e67f46872eb2e74b98d,2026-05-06,01:40,threes,2.5,560.0,,True,fanduel,2026-05-02T22:11:55.718103
Tyrese Maxey,,,a37e80a2e3cf3aaa3ae84a9124987058,2026-05-02,23:40,assists,6.5,115.0,-155.0,False,betmgm,2026-05-02T22:11:55.472076
Paul George,,,a37e80a2e3cf3aaa3ae84a9124987058,2026-05-02,23:40,assists,3.5,120.0,-160.0,False,betmgm,2026-05-02T22:11:55.472077
VJ Edgecombe,,,a37e80a2e3cf3aaa3ae84a9124987058,2026-05-02,23:40,assists,3.5,105.0,-145.0,False,betmgm,2026-05-02T22:11:55.472079
Joel Embiid,,,a37e80a2e3cf3aaa3ae84a9124987058,2026-05-02,23:40,assists,4.5,-175.0,130.0,False,betmgm,2026-05-02T22:11:55.472081
Nikola Vucevic,,,a37e80a2e3cf3aaa3ae84a9124987058,2026-05-02,23:40,assists,1.5,-150.0,110.0,False,betmgm,2026-05-02T22:11:55.472083
Neemias Queta,,,a37e80a2e3cf3aaa3ae84a9124987058,2026-05-02,23:40,assists,1.5,125.0,-165.0,False,betmgm,2026-05-02T22:11:55.472084
Kelly Oubre Jr,,,a37e80a2e3cf3aaa3ae84a9124987058,2026-05-02,23:40,assists,1.5,160.0,-220.0,False,betmgm,2026-05-02T22:11:55.472086
Quentin Grimes,,,a37e80a2e3cf3aaa3ae84a9124987058,2026-05-02,23:40,assists,1.5,105.0,-140.0,False,betmgm,2026-05-02T22:11:55.472088
Jaylen Brown,,,a37e80a2e3cf3aaa3ae84a9124987058,2026-05-02,23:40,assists,5.5,-115.0,-115.0,False,betmgm,2026-05-02T22:11:55.472089
Payton Pritchard,,,a37e80a2e3cf3aaa3ae84a9124987058,2026-05-02,23:40,assists,5.5,100.0,-135.0,False,betmgm,2026-05-02T22:11:55.472091
Derrick White,,,a37e80a2e3cf3aaa3ae84a9124987058,2026-05-02,23:40,assists,4.5,-120.0,-110.0,False,betmgm,2026-05-02T22:11:55.472093
Sam Hauser,,,a37e80a2e3cf3aaa3ae84a9124987058,2026-05-02,23:40,assists,1.5,105.0,-145.0,False,betmgm,2026-05-02T22:11:55.472097
Derrick White,,,a37e80a2e3cf3aaa3ae84a9124987058,2026-05-02,23:40,assists,2.5,-700.0,,True,betmgm,2026-05-02T22:11:55.472109
Derrick White,,,a37e80a2e3cf3aaa3ae84a9124987058,2026-05-02,23:40,assists,4.5,-125.0,,True,betmgm,2026-05-02T22:11:55.472111
Jaylen Brown,,,a37e80a2e3cf3aaa3ae84a9124987058,2026-05-02,23:40,assists,4.5,-235.0,,True,betmgm,2026-05-02T22:11:55.472112
VJ Edgecombe,,,a37e80a2e3cf3aaa3ae84a9124987058,2026-05-02,23:40,assists,4.5,230.0,,True,betmgm,2026-05-02T22:11:55.472114
Jaylen Brown,,,a37e80a2e3cf3aaa3ae84a9124987058,2026-05-02,23:40,assists,6.5,165.0,,True,betmgm,2026-05-02T22:11:55.472118
Joel Embiid,,,a37e80a2e3cf3aaa3ae84a9124987058,2026-05-02,23:40,assists,4.5,-190.0,,True,betmgm,2026-05-02T22:11:55.472120
Payton Pritchard,,,a37e80a2e3cf3aaa3ae84a9124987058,2026-05-02,23:40,assists,2.5,-1400.0,,True,betmgm,2026-05-02T22:11:55.472121
Joel Embiid,,,a37e80a2e3cf3aaa3ae84a9124987058,2026-05-02,23:40,assists,6.5,200.0,,True,betmgm,2026-05-02T22:11:55.472123
Payton Pritchard,,,a37e80a2e3cf3aaa3ae84a9124987058,2026-05-02,23:40,assists,6.5,195.0,,True,betmgm,2026-05-02T22:11:55.472125
Tyrese Maxey,,,a37e80a2e3cf3aaa3ae84a9124987058,2026-05-02,23:40,assists,4.5,-325.0,,True,betmgm,2026-05-02T22:11:55.472126
Paul George,,,a37e80a2e3cf3aaa3ae84a9124987058,2026-05-02,23:40,assists,4.5,260.0,,True,betmgm,2026-05-02T22:11:55.472128
Tyrese Maxey,,,a37e80a2e3cf3aaa3ae84a9124987058,2026-05-02,23:40,assists,9.5,625.0,,True,betmgm,2026-05-02T22:11:55.472130
Joel Embiid,,,a37e80a2e3cf3aaa3ae84a9124987058,2026-05-02,23:40,assists,2.5,-1100.0,,True,betmgm,2026-05-02T22:11:55.472132
VJ Edgecombe,,,a37e80a2e3cf3aaa3ae84a9124987058,2026-05-02,23:40,assists,2.5,-225.0,,True,betmgm,2026-05-02T22:11:55.472133
Derrick White,,,a37e80a2e3cf3aaa3ae84a9124987058,2026-05-02,23:40,assists,6.5,320.0,,True,betmgm,2026-05-02T22:11:55.472137
Payton Pritchard,,,a37e80a2e3cf3aaa3ae84a9124987058,2026-05-02,23:40,assists,4.5,-210.0,,True,betmgm,2026-05-02T22:11:55.472139
Tyrese Maxey,,,a37e80a2e3cf3aaa3ae84a9124987058,2026-05-02,23:40,assists,6.5,115.0,,True,betmgm,2026-05-02T22:11:55.472141
Jaylen Brown,,,a37e80a2e3cf3aaa3ae84a9124987058,2026-05-02,23:40,assists,2.5,-1600.0,,True,betmgm,2026-05-02T22:11:55.472142
Paul George,,,a37e80a2e3cf3aaa3ae84a9124987058,2026-05-02,23:40,assists,2.5,-200.0,,True,betmgm,2026-05-02T22:11:55.472144
Nikola Vucevic,,,a37e80a2e3cf3aaa3ae84a9124987058,2026-05-02,23:40,points,7.5,-110.0,-120.0,False,betmgm,2026-05-02T22:11:55.472159
Tyrese Maxey,,,a37e80a2e3cf3aaa3ae84a9124987058,2026-05-02,23:40,points,23.5,-115.0,-115.0,False,betmgm,2026-05-02T22:11:55.472161
Neemias Queta,,,a37e80a2e3cf3aaa3ae84a9124987058,2026-05-02,23:40,points,7.5,-150.0,110.0,False,betmgm,2026-05-02T22:11:55.472162
Quentin Grimes,,,a37e80a2e3cf3aaa3ae84a9124987058,2026-05-02,23:40,points,6.5,-130.0,-105.0,False,betmgm,2026-05-02T22:11:55.472164
VJ Edgecombe,,,a37e80a2e3cf3aaa3ae84a9124987058,2026-05-02,23:40,points,11.5,-135.0,100.0,False,betmgm,2026-05-02T22:11:55.472166
Joel Embiid,,,a37e80a2e3cf3aaa3ae84a9124987058,2026-05-02,23:40,points,25.5,-120.0,-110.0,False,betmgm,2026-05-02T22:11:55.472168
Kelly Oubre Jr,,,a37e80a2e3cf3aaa3ae84a9124987058,2026-05-02,23:40,points,9.5,-105.0,-125.0,False,betmgm,2026-05-02T22:11:55.472169
Paul George,,,a37e80a2e3cf3aaa3ae84a9124987058,2026-05-02,23:40,points,14.5,-130.0,-105.0,False,betmgm,2026-05-02T22:11:55.472171
Sam Hauser,,,a37e80a2e3cf3aaa3ae84a9124987058,2026-05-02,23:40,points,8.5,-120.0,-110.0,False,betmgm,2026-05-02T22:11:55.472173
Jaylen Brown,,,a37e80a2e3cf3aaa3ae84a9124987058,2026-05-02,23:40,points,30.5,-120.0,-110.0,False,betmgm,2026-05-02T22:11:55.472174
Derrick White,,,a37e80a2e3cf3aaa3ae84a9124987058,2026-05-02,23:40,points,14.5,-105.0,-125.0,False,betmgm,2026-05-02T22:11:55.472176
Baylor Scheierman,,,a37e80a2e3cf3aaa3ae84a9124987058,2026-05-02,23:40,points,5.5,-140.0,105.0,False,betmgm,2026-05-02T22:11:55.472180
Payton Pritchard,,,a37e80a2e3cf3aaa3ae84a9124987058,2026-05-02,23:40,points,18.5,-125.0,-105.0,False,betmgm,2026-05-02T22:11:55.472182
Jordan Walsh,,,a37e80a2e3cf3aaa3ae84a9124987058,2026-05-02,23:40,points,5.5,105.0,-140.0,False,betmgm,2026-05-02T22:11:55.472184
Derrick White,,,a37e80a2e3cf3aaa3ae84a9124987058,2026-05-02,23:40,points,9.5,-450.0,,True,betmgm,2026-05-02T22:11:55.472204
Derrick White,,,a37e80a2e3cf3aaa3ae84a9124987058,2026-05-02,23:40,points,19.5,325.0,,True,betmgm,2026-05-02T22:11:55.472206
Derrick White,,,a37e80a2e3cf3aaa3ae84a9124987058,2026-05-02,23:40,points,14.5,-105.0,,True,betmgm,2026-05-02T22:11:55.472207
Payton Pritchard,,,a37e80a2e3cf3aaa3ae84a9124987058,2026-05-02,23:40,points,24.5,300.0,,True,betmgm,2026-05-02T22:11:55.472209
Tyrese Maxey,,,a37e80a2e3cf3aaa3ae84a9124987058,2026-05-02,23:40,points,34.5,700.0,,True,betmgm,2026-05-02T22:11:55.472211
Neemias Queta,,,a37e80a2e3cf3aaa3ae84a9124987058,2026-05-02,23:40,points,9.5,145.0,,True,betmgm,2026-05-02T22:11:55.472213
Jaylen Brown,,,a37e80a2e3cf3aaa3ae84a9124987058,2026-05-02,23:40,points,24.5,-450.0,,True,betmgm,2026-05-02T22:11:55.472214
Joel Embiid,,,a37e80a2e3cf3aaa3ae84a9124987058,2026-05-02,23:40,points,19.5,-500.0,,True,betmgm,2026-05-02T22:11:55.472216
Nikola Vucevic,,,a37e80a2e3cf3aaa3ae84a9124987058,2026-05-02,23:40,points,14.5,700.0,,True,betmgm,2026-05-02T22:11:55.472218
Joel Embiid,,,a37e80a2e3cf3aaa3ae84a9124987058,2026-05-02,23:40,points,24.5,-155.0,,True,betmgm,2026-05-02T22:11:55.472220
VJ Edgecombe,,,a37e80a2e3cf3aaa3ae84a9124987058,2026-05-02,23:40,points,9.5,-250.0,,True,betmgm,2026-05-02T22:11:55.472221
Tyrese Maxey,,,a37e80a2e3cf3aaa3ae84a9124987058,2026-05-02,23:40,points,29.5,280.0,,True,betmgm,2026-05-02T22:11:55.472223
Paul George,,,a37e80a2e3cf3aaa3ae84a9124987058,2026-05-02,23:40,points,14.5,-135.0,,True,betmgm,2026-05-02T22:11:55.472225
Paul George,,,a37e80a2e3cf3aaa3ae84a9124987058,2026-05-02,23:40,points,19.5,250.0,,True,betmgm,2026-05-02T22:11:55.472226
Joel Embiid,,,a37e80a2e3cf3aaa3ae84a9124987058,2026-05-02,23:40,points,29.5,180.0,,True,betmgm,2026-05-02T22:11:55.472228
Jaylen Brown,,,a37e80a2e3cf3aaa3ae84a9124987058,2026-05-02,23:40,points,34.5,180.0,,True,betmgm,2026-05-02T22:11:55.472230
Payton Pritchard,,,a37e80a2e3cf3aaa3ae84a9124987058,2026-05-02,23:40,points,14.5,-350.0,,True,betmgm,2026-05-02T22:11:55.472232
Tyrese Maxey,,,a37e80a2e3cf3aaa3ae84a9124987058,2026-05-02,23:40,points,14.5,-1200.0,,True,betmgm,2026-05-02T22:11:55.472233
Paul George,,,a37e80a2e3cf3aaa3ae84a9124987058,2026-05-02,23:40,points,9.5,-550.0,,True,betmgm,2026-05-02T22:11:55.472235
Payton Pritchard,,,a37e80a2e3cf3aaa3ae84a9124987058,2026-05-02,23:40,points,9.5,-2000.0,,True,betmgm,2026-05-02T22:11:55.472237
Joel Embiid,,,a37e80a2e3cf3aaa3ae84a9124987058,2026-05-02,23:40,points,34.5,475.0,,True,betmgm,2026-05-02T22:11:55.472238
VJ Edgecombe,,,a37e80a2e3cf3aaa3ae84a9124987058,2026-05-02,23:40,points,14.5,165.0,,True,betmgm,2026-05-02T22:11:55.472240
Tyrese Maxey,,,a37e80a2e3cf3aaa3ae84a9124987058,2026-05-02,23:40,points,24.5,105.0,,True,betmgm,2026-05-02T22:11:55.472242
Tyrese Maxey,,,a37e80a2e3cf3aaa3ae84a9124987058,2026-05-02,23:40,points,19.5,-275.0,,True,betmgm,2026-05-02T22:11:55.472246
Neemias Queta,,,a37e80a2e3cf3aaa3ae84a9124987058,2026-05-02,23:40,points,14.5,750.0,,True,betmgm,2026-05-02T22:11:55.472248
VJ Edgecombe,,,a37e80a2e3cf3aaa3ae84a9124987058,2026-05-02,23:40,points,19.5,550.0,,True,betmgm,2026-05-02T22:11:55.472250
Nikola Vucevic,,,a37e80a2e3cf3aaa3ae84a9124987058,2026-05-02,23:40,points,9.5,175.0,,True,betmgm,2026-05-02T22:11:55.472252
Jaylen Brown,,,a37e80a2e3cf3aaa3ae84a9124987058,2026-05-02,23:40,points,19.5,-2000.0,,True,betmgm,2026-05-02T22:11:55.472253
Kelly Oubre Jr,,,a37e80a2e3cf3aaa3ae84a9124987058,2026-05-02,23:40,points,9.5,-110.0,,True,betmgm,2026-05-02T22:11:55.472255
Kelly Oubre Jr,,,a37e80a2e3cf3aaa3ae84a9124987058,2026-05-02,23:40,points,14.5,380.0,,True,betmgm,2026-05-02T22:11:55.472259
Payton Pritchard,,,a37e80a2e3cf3aaa3ae84a9124987058,2026-05-02,23:40,points,19.5,100.0,,True,betmgm,2026-05-02T22:11:55.472261
Jaylen Brown,,,a37e80a2e3cf3aaa3ae84a9124987058,2026-05-02,23:40,points,29.5,-150.0,,True,betmgm,2026-05-02T22:11:55.472262
Paul George,,,a37e80a2e3cf3aaa3ae84a9124987058,2026-05-02,23:40,points,24.5,750.0,,True,betmgm,2026-05-02T22:11:55.472264
Sam Hauser,,,a37e80a2e3cf3aaa3ae84a9124987058,2026-05-02,23:40,points,14.5,450.0,,True,betmgm,2026-05-02T22:11:55.472266
Sam Hauser,,,a37e80a2e3cf3aaa3ae84a9124987058,2026-05-02,23:40,points,9.5,125.0,,True,betmgm,2026-05-02T22:11:55.472268
Quentin Grimes,,,a37e80a2e3cf3aaa3ae84a9124987058,2026-05-02,23:40,points,9.5,230.0,,True,betmgm,2026-05-02T22:11:55.472269
Baylor Scheierman,,,a37e80a2e3cf3aaa3ae84a9124987058,2026-05-02,23:40,points,9.5,280.0,,True,betmgm,2026-05-02T22:11:55.472271
Jaylen Brown,,,a37e80a2e3cf3aaa3ae84a9124987058,2026-05-02,23:40,points,39.5,425.0,,True,betmgm,2026-05-02T22:11:55.472273
Payton Pritchard,,,a37e80a2e3cf3aaa3ae84a9124987058,2026-05-02,23:40,points,29.5,775.0,,True,betmgm,2026-05-02T22:11:55.472274
Jordan Walsh,,,a37e80a2e3cf3aaa3ae84a9124987058,2026-05-02,23:40,points,9.5,400.0,,True,betmgm,2026-05-02T22:11:55.472276
Joel Embiid,,,a37e80a2e3cf3aaa3ae84a9124987058,2026-05-02,23:40,rebounds,8.5,-140.0,105.0,False,betmgm,2026-05-02T22:11:55.472291
Tyrese Maxey,,,a37e80a2e3cf3aaa3ae84a9124987058,2026-05-02,23:40,rebounds,3.5,-120.0,-110.0,False,betmgm,2026-05-02T22:11:55.472293
Paul George,,,a37e80a2e3cf3aaa3ae84a9124987058,2026-05-02,23:40,rebounds,5.5,105.0,-145.0,False,betmgm,2026-05-02T22:11:55.472295
VJ Edgecombe,,,a37e80a2e3cf3aaa3ae84a9124987058,2026-05-02,23:40,rebounds,5.5,-155.0,115.0,False,betmgm,2026-05-02T22:11:55.472297
Nikola Vucevic,,,a37e80a2e3cf3aaa3ae84a9124987058,2026-05-02,23:40,rebounds,4.5,-135.0,100.0,False,betmgm,2026-05-02T22:11:55.472298
Kelly Oubre Jr,,,a37e80a2e3cf3aaa3ae84a9124987058,2026-05-02,23:40,rebounds,5.5,-105.0,-125.0,False,betmgm,2026-05-02T22:11:55.472302
Quentin Grimes,,,a37e80a2e3cf3aaa3ae84a9124987058,2026-05-02,23:40,rebounds,2.5,120.0,-160.0,False,betmgm,2026-05-02T22:11:55.472304
Jaylen Brown,,,a37e80a2e3cf3aaa3ae84a9124987058,2026-05-02,23:40,rebounds,7.5,-130.0,-105.0,False,betmgm,2026-05-02T22:11:55.472306
Neemias Queta,,,a37e80a2e3cf3aaa3ae84a9124987058,2026-05-02,23:40,rebounds,8.5,-105.0,-125.0,False,betmgm,2026-05-02T22:11:55.472307
Baylor Scheierman,,,a37e80a2e3cf3aaa3ae84a9124987058,2026-05-02,23:40,rebounds,3.5,-135.0,100.0,False,betmgm,2026-05-02T22:11:55.472309
Derrick White,,,a37e80a2e3cf3aaa3ae84a9124987058,2026-05-02,23:40,rebounds,4.5,-115.0,-115.0,False,betmgm,2026-05-02T22:11:55.472311
Sam Hauser,,,a37e80a2e3cf3aaa3ae84a9124987058,2026-05-02,23:40,rebounds,4.5,110.0,-150.0,False,betmgm,2026-05-02T22:11:55.472313
Payton Pritchard,,,a37e80a2e3cf3aaa3ae84a9124987058,2026-05-02,23:40,rebounds,4.5,-110.0,-120.0,False,betmgm,2026-05-02T22:11:55.472314
Jordan Walsh,,,a37e80a2e3cf3aaa3ae84a9124987058,2026-05-02,23:40,rebounds,4.5,-115.0,-115.0,False,betmgm,2026-05-02T22:11:55.472316
Derrick White,,,a37e80a2e3cf3aaa3ae84a9124987058,2026-05-02,23:40,rebounds,2.5,-650.0,,True,betmgm,2026-05-02T22:11:55.472337
Derrick White,,,a37e80a2e3cf3aaa3ae84a9124987058,2026-05-02,23:40,rebounds,6.5,325.0,,True,betmgm,2026-05-02T22:11:55.472339
Neemias Queta,,,a37e80a2e3cf3aaa3ae84a9124987058,2026-05-02,23:40,rebounds,4.5,-1400.0,,True,betmgm,2026-05-02T22:11:55.472341
Derrick White,,,a37e80a2e3cf3aaa3ae84a9124987058,2026-05-02,23:40,rebounds,4.5,-115.0,,True,betmgm,2026-05-02T22:11:55.472343
Joel Embiid,,,a37e80a2e3cf3aaa3ae84a9124987058,2026-05-02,23:40,rebounds,6.5,-450.0,,True,betmgm,2026-05-02T22:11:55.472344
Paul George,,,a37e80a2e3cf3aaa3ae84a9124987058,2026-05-02,23:40,rebounds,2.5,-1100.0,,True,betmgm,2026-05-02T22:11:55.472346
Neemias Queta,,,a37e80a2e3cf3aaa3ae84a9124987058,2026-05-02,23:40,rebounds,6.5,-325.0,,True,betmgm,2026-05-02T22:11:55.472348
Payton Pritchard,,,a37e80a2e3cf3aaa3ae84a9124987058,2026-05-02,23:40,rebounds,6.5,340.0,,True,betmgm,2026-05-02T22:11:55.472352
Nikola Vucevic,,,a37e80a2e3cf3aaa3ae84a9124987058,2026-05-02,23:40,rebounds,4.5,-140.0,,True,betmgm,2026-05-02T22:11:55.472353
Paul George,,,a37e80a2e3cf3aaa3ae84a9124987058,2026-05-02,23:40,rebounds,6.5,200.0,,True,betmgm,2026-05-02T22:11:55.472355
Payton Pritchard,,,a37e80a2e3cf3aaa3ae84a9124987058,2026-05-02,23:40,rebounds,4.5,-110.0,,True,betmgm,2026-05-02T22:11:55.472357
Jaylen Brown,,,a37e80a2e3cf3aaa3ae84a9124987058,2026-05-02,23:40,rebounds,4.5,-1100.0,,True,betmgm,2026-05-02T22:11:55.472358
Paul George,,,a37e80a2e3cf3aaa3ae84a9124987058,2026-05-02,23:40,rebounds,4.5,-190.0,,True,betmgm,2026-05-02T22:11:55.472360
Tyrese Maxey,,,a37e80a2e3cf3aaa3ae84a9124987058,2026-05-02,23:40,rebounds,2.5,-295.0,,True,betmgm,2026-05-02T22:11:55.472362
VJ Edgecombe,,,a37e80a2e3cf3aaa3ae84a9124987058,2026-05-02,23:40,rebounds,4.5,-325.0,,True,betmgm,2026-05-02T22:11:55.472363
Kelly Oubre Jr,,,a37e80a2e3cf3aaa3ae84a9124987058,2026-05-02,23:40,rebounds,6.5,175.0,,True,betmgm,2026-05-02T22:11:55.472365
Nikola Vucevic,,,a37e80a2e3cf3aaa3ae84a9124987058,2026-05-02,23:40,rebounds,6.5,250.0,,True,betmgm,2026-05-02T22:11:55.472367
Joel Embiid,,,a37e80a2e3cf3aaa3ae84a9124987058,2026-05-02,23:40,rebounds,9.5,120.0,,True,betmgm,2026-05-02T22:11:55.472368
Tyrese Maxey,,,a37e80a2e3cf3aaa3ae84a9124987058,2026-05-02,23:40,rebounds,6.5,675.0,,True,betmgm,2026-05-02T22:11:55.472370
Jaylen Brown,,,a37e80a2e3cf3aaa3ae84a9124987058,2026-05-02,23:40,rebounds,9.5,230.0,,True,betmgm,2026-05-02T22:11:55.472374
Payton Pritchard,,,a37e80a2e3cf3aaa3ae84a9124987058,2026-05-02,23:40,rebounds,2.5,-625.0,,True,betmgm,2026-05-02T22:11:55.472376
Nikola Vucevic,,,a37e80a2e3cf3aaa3ae84a9124987058,2026-05-02,23:40,rebounds,2.5,-700.0,,True,betmgm,2026-05-02T22:11:55.472378
Kelly Oubre Jr,,,a37e80a2e3cf3aaa3ae84a9124987058,2026-05-02,23:40,rebounds,4.5,-210.0,,True,betmgm,2026-05-02T22:11:55.472379
Jaylen Brown,,,a37e80a2e3cf3aaa3ae84a9124987058,2026-05-02,23:40,rebounds,6.5,-235.0,,True,betmgm,2026-05-02T22:11:55.472381
VJ Edgecombe,,,a37e80a2e3cf3aaa3ae84a9124987058,2026-05-02,23:40,rebounds,6.5,120.0,,True,betmgm,2026-05-02T22:11:55.472383
Tyrese Maxey,,,a37e80a2e3cf3aaa3ae84a9124987058,2026-05-02,23:40,rebounds,4.5,175.0,,True,betmgm,2026-05-02T22:11:55.472384
Neemias Queta,,,a37e80a2e3cf3aaa3ae84a9124987058,2026-05-02,23:40,rebounds,12.5,625.0,,True,betmgm,2026-05-02T22:11:55.472386
Joel Embiid,,,a37e80a2e3cf3aaa3ae84a9124987058,2026-05-02,23:40,rebounds,12.5,475.0,,True,betmgm,2026-05-02T22:11:55.472388
Kelly Oubre Jr,,,a37e80a2e3cf3aaa3ae84a9124987058,2026-05-02,23:40,rebounds,2.5,-1400.0,,True,betmgm,2026-05-02T22:11:55.472389
VJ Edgecombe,,,a37e80a2e3cf3aaa3ae84a9124987058,2026-05-02,23:40,rebounds,9.5,625.0,,True,betmgm,2026-05-02T22:11:55.472391
Neemias Queta,,,a37e80a2e3cf3aaa3ae84a9124987058,2026-05-02,23:40,rebounds,9.5,155.0,,True,betmgm,2026-05-02T22:11:55.472393
Sam Hauser,,,a37e80a2e3cf3aaa3ae84a9124987058,2026-05-02,23:40,rebounds,6.5,425.0,,True,betmgm,2026-05-02T22:11:55.472395
Sam Hauser,,,a37e80a2e3cf3aaa3ae84a9124987058,2026-05-02,23:40,rebounds,4.5,110.0,,True,betmgm,2026-05-02T22:11:55.472396
Sam Hauser,,,a37e80a2e3cf3aaa3ae84a9124987058,2026-05-02,23:40,rebounds,2.5,-500.0,,True,betmgm,2026-05-02T22:11:55.472398
Baylor Scheierman,,,a37e80a2e3cf3aaa3ae84a9124987058,2026-05-02,23:40,rebounds,2.5,-325.0,,True,betmgm,2026-05-02T22:11:55.472400
Baylor Scheierman,,,a37e80a2e3cf3aaa3ae84a9124987058,2026-05-02,23:40,rebounds,4.5,160.0,,True,betmgm,2026-05-02T22:11:55.472402
Baylor Scheierman,,,a37e80a2e3cf3aaa3ae84a9124987058,2026-05-02,23:40,rebounds,6.5,575.0,,True,betmgm,2026-05-02T22:11:55.472403
Quentin Grimes,,,a37e80a2e3cf3aaa3ae84a9124987058,2026-05-02,23:40,rebounds,2.5,115.0,,True,betmgm,2026-05-02T22:11:55.472405
Quentin Grimes,,,a37e80a2e3cf3aaa3ae84a9124987058,2026-05-02,23:40,rebounds,4.5,625.0,,True,betmgm,2026-05-02T22:11:55.472407
Jordan Walsh,,,a37e80a2e3cf3aaa3ae84a9124987058,2026-05-02,23:40,rebounds,2.5,-625.0,,True,betmgm,2026-05-02T22:11:55.472411
Jordan Walsh,,,a37e80a2e3cf3aaa3ae84a9124987058,2026-05-02,23:40,rebounds,6.5,300.0,,True,betmgm,2026-05-02T22:11:55.472413
Jordan Walsh,,,a37e80a2e3cf3aaa3ae84a9124987058,2026-05-02,23:40,rebounds,4.5,-115.0,,True,betmgm,2026-05-02T22:11:55.472414
Tyrese Maxey,,,a37e80a2e3cf3aaa3ae84a9124987058,2026-05-02,23:40,threes,2.5,-175.0,130.0,False,betmgm,2026-05-02T22:11:55.472429
VJ Edgecombe,,,a37e80a2e3cf3aaa3ae84a9124987058,2026-05-02,23:40,threes,1.5,-165.0,125.0,False,betmgm,2026-05-02T22:11:55.472431
Paul George,,,a37e80a2e3cf3aaa3ae84a9124987058,2026-05-02,23:40,threes,2.5,105.0,-145.0,False,betmgm,2026-05-02T22:11:55.472432
Joel Embiid,,,a37e80a2e3cf3aaa3ae84a9124987058,2026-05-02,23:40,threes,1.5,110.0,-150.0,False,betmgm,2026-05-02T22:11:55.472434
Nikola Vucevic,,,a37e80a2e3cf3aaa3ae84a9124987058,2026-05-02,23:40,threes,0.5,-155.0,115.0,False,betmgm,2026-05-02T22:11:55.472436
Payton Pritchard,,,a37e80a2e3cf3aaa3ae84a9124987058,2026-05-02,23:40,threes,2.5,-165.0,125.0,False,betmgm,2026-05-02T22:11:55.472438
Sam Hauser,,,a37e80a2e3cf3aaa3ae84a9124987058,2026-05-02,23:40,threes,2.5,110.0,-150.0,False,betmgm,2026-05-02T22:11:55.472439
Kelly Oubre Jr,,,a37e80a2e3cf3aaa3ae84a9124987058,2026-05-02,23:40,threes,1.5,135.0,-185.0,False,betmgm,2026-05-02T22:11:55.472441
Quentin Grimes,,,a37e80a2e3cf3aaa3ae84a9124987058,2026-05-02,23:40,threes,0.5,-210.0,155.0,False,betmgm,2026-05-02T22:11:55.472443
Derrick White,,,a37e80a2e3cf3aaa3ae84a9124987058,2026-05-02,23:40,threes,2.5,120.0,-160.0,False,betmgm,2026-05-02T22:11:55.472445
Jaylen Brown,,,a37e80a2e3cf3aaa3ae84a9124987058,2026-05-02,23:40,threes,2.5,135.0,-185.0,False,betmgm,2026-05-02T22:11:55.472446
Baylor Scheierman,,,a37e80a2e3cf3aaa3ae84a9124987058,2026-05-02,23:40,threes,1.5,105.0,-145.0,False,betmgm,2026-05-02T22:11:55.472448
Derrick White,,,a37e80a2e3cf3aaa3ae84a9124987058,2026-05-02,23:40,threes,2.5,120.0,,True,betmgm,2026-05-02T22:11:55.472474
Derrick White,,,a37e80a2e3cf3aaa3ae84a9124987058,2026-05-02,23:40,threes,0.5,-1200.0,,True,betmgm,2026-05-02T22:11:55.472476
Derrick White,,,a37e80a2e3cf3aaa3ae84a9124987058,2026-05-02,23:40,threes,3.5,300.0,,True,betmgm,2026-05-02T22:11:55.472478
Derrick White,,,a37e80a2e3cf3aaa3ae84a9124987058,2026-05-02,23:40,threes,1.5,-250.0,,True,betmgm,2026-05-02T22:11:55.472479
Paul George,,,a37e80a2e3cf3aaa3ae84a9124987058,2026-05-02,23:40,threes,4.5,600.0,,True,betmgm,2026-05-02T22:11:55.472481
VJ Edgecombe,,,a37e80a2e3cf3aaa3ae84a9124987058,2026-05-02,23:40,threes,3.5,425.0,,True,betmgm,2026-05-02T22:11:55.472483
VJ Edgecombe,,,a37e80a2e3cf3aaa3ae84a9124987058,2026-05-02,23:40,threes,1.5,-165.0,,True,betmgm,2026-05-02T22:11:55.472484
Payton Pritchard,,,a37e80a2e3cf3aaa3ae84a9124987058,2026-05-02,23:40,threes,1.5,-525.0,,True,betmgm,2026-05-02T22:11:55.472486
VJ Edgecombe,,,a37e80a2e3cf3aaa3ae84a9124987058,2026-05-02,23:40,threes,2.5,175.0,,True,betmgm,2026-05-02T22:11:55.472488
Paul George,,,a37e80a2e3cf3aaa3ae84a9124987058,2026-05-02,23:40,threes,3.5,260.0,,True,betmgm,2026-05-02T22:11:55.472499
Joel Embiid,,,a37e80a2e3cf3aaa3ae84a9124987058,2026-05-02,23:40,threes,2.5,325.0,,True,betmgm,2026-05-02T22:11:55.472501
Tyrese Maxey,,,a37e80a2e3cf3aaa3ae84a9124987058,2026-05-02,23:40,threes,1.5,-525.0,,True,betmgm,2026-05-02T22:11:55.472502
Jaylen Brown,,,a37e80a2e3cf3aaa3ae84a9124987058,2026-05-02,23:40,threes,2.5,135.0,,True,betmgm,2026-05-02T22:11:55.472504
Jaylen Brown,,,a37e80a2e3cf3aaa3ae84a9124987058,2026-05-02,23:40,threes,3.5,340.0,,True,betmgm,2026-05-02T22:11:55.472506
Jaylen Brown,,,a37e80a2e3cf3aaa3ae84a9124987058,2026-05-02,23:40,threes,1.5,-220.0,,True,betmgm,2026-05-02T22:11:55.472507
Joel Embiid,,,a37e80a2e3cf3aaa3ae84a9124987058,2026-05-02,23:40,threes,3.5,825.0,,True,betmgm,2026-05-02T22:11:55.472509
VJ Edgecombe,,,a37e80a2e3cf3aaa3ae84a9124987058,2026-05-02,23:40,threes,0.5,-750.0,,True,betmgm,2026-05-02T22:11:55.472515
Paul George,,,a37e80a2e3cf3aaa3ae84a9124987058,2026-05-02,23:40,threes,1.5,-275.0,,True,betmgm,2026-05-02T22:11:55.472517
Tyrese Maxey,,,a37e80a2e3cf3aaa3ae84a9124987058,2026-05-02,23:40,threes,2.5,-175.0,,True,betmgm,2026-05-02T22:11:55.472518
Payton Pritchard,,,a37e80a2e3cf3aaa3ae84a9124987058,2026-05-02,23:40,threes,3.5,145.0,,True,betmgm,2026-05-02T22:11:55.472520
Joel Embiid,,,a37e80a2e3cf3aaa3ae84a9124987058,2026-05-02,23:40,threes,1.5,110.0,,True,betmgm,2026-05-02T22:11:55.472522
Tyrese Maxey,,,a37e80a2e3cf3aaa3ae84a9124987058,2026-05-02,23:40,threes,4.5,300.0,,True,betmgm,2026-05-02T22:11:55.472523
Payton Pritchard,,,a37e80a2e3cf3aaa3ae84a9124987058,2026-05-02,23:40,threes,2.5,-165.0,,True,betmgm,2026-05-02T22:11:55.472525
Tyrese Maxey,,,a37e80a2e3cf3aaa3ae84a9124987058,2026-05-02,23:40,threes,3.5,140.0,,True,betmgm,2026-05-02T22:11:55.472527
Joel Embiid,,,a37e80a2e3cf3aaa3ae84a9124987058,2026-05-02,23:40,threes,0.5,-400.0,,True,betmgm,2026-05-02T22:11:55.472528
Jaylen Brown,,,a37e80a2e3cf3aaa3ae84a9124987058,2026-05-02,23:40,threes,0.5,-1100.0,,True,betmgm,2026-05-02T22:11:55.472530
Paul George,,,a37e80a2e3cf3aaa3ae84a9124987058,2026-05-02,23:40,threes,2.5,105.0,,True,betmgm,2026-05-02T22:11:55.472532
Paul George,,,a37e80a2e3cf3aaa3ae84a9124987058,2026-05-02,23:40,threes,0.5,-1400.0,,True,betmgm,2026-05-02T22:11:55.472534
Sam Hauser,,,a37e80a2e3cf3aaa3ae84a9124987058,2026-05-02,23:40,threes,3.5,275.0,,True,betmgm,2026-05-02T22:11:55.472535
Sam Hauser,,,a37e80a2e3cf3aaa3ae84a9124987058,2026-05-02,23:40,threes,1.5,-275.0,,True,betmgm,2026-05-02T22:11:55.472537
Sam Hauser,,,a37e80a2e3cf3aaa3ae84a9124987058,2026-05-02,23:40,threes,2.5,110.0,,True,betmgm,2026-05-02T22:11:55.472539
Sam Hauser,,,a37e80a2e3cf3aaa3ae84a9124987058,2026-05-02,23:40,threes,0.5,-1400.0,,True,betmgm,2026-05-02T22:11:55.472540
Nikola Vucevic,,,a37e80a2e3cf3aaa3ae84a9124987058,2026-05-02,23:40,threes,0.5,-155.0,,True,betmgm,2026-05-02T22:11:55.472542
Nikola Vucevic,,,a37e80a2e3cf3aaa3ae84a9124987058,2026-05-02,23:40,threes,1.5,300.0,,True,betmgm,2026-05-02T22:11:55.472544
Payton Pritchard,,,a37e80a2e3cf3aaa3ae84a9124987058,2026-05-02,23:40,threes,4.5,325.0,,True,betmgm,2026-05-02T22:11:55.472545
Sam Hauser,,,a37e80a2e3cf3aaa3ae84a9124987058,2026-05-02,23:40,threes,4.5,600.0,,True,betmgm,2026-05-02T22:11:55.472547
Kelly Oubre Jr,,,a37e80a2e3cf3aaa3ae84a9124987058,2026-05-02,23:40,threes,2.5,400.0,,True,betmgm,2026-05-02T22:11:55.472549
Kelly Oubre Jr,,,a37e80a2e3cf3aaa3ae84a9124987058,2026-05-02,23:40,threes,0.5,-325.0,,True,betmgm,2026-05-02T22:11:55.472550
Kelly Oubre Jr,,,a37e80a2e3cf3aaa3ae84a9124987058,2026-05-02,23:40,threes,1.5,135.0,,True,betmgm,2026-05-02T22:11:55.472552
Quentin Grimes,,,a37e80a2e3cf3aaa3ae84a9124987058,2026-05-02,23:40,threes,0.5,-220.0,,True,betmgm,2026-05-02T22:11:55.472554
Quentin Grimes,,,a37e80a2e3cf3aaa3ae84a9124987058,2026-05-02,23:40,threes,2.5,650.0,,True,betmgm,2026-05-02T22:11:55.472555
Quentin Grimes,,,a37e80a2e3cf3aaa3ae84a9124987058,2026-05-02,23:40,threes,1.5,200.0,,True,betmgm,2026-05-02T22:11:55.472557
Derrick White,,,a37e80a2e3cf3aaa3ae84a9124987058,2026-05-02,23:40,threes,4.5,675.0,,True,betmgm,2026-05-02T22:11:55.472559
Jaylen Brown,,,a37e80a2e3cf3aaa3ae84a9124987058,2026-05-02,23:40,threes,4.5,750.0,,True,betmgm,2026-05-02T22:11:55.472560
Baylor Scheierman,,,a37e80a2e3cf3aaa3ae84a9124987058,2026-05-02,23:40,threes,2.5,325.0,,True,betmgm,2026-05-02T22:11:55.472562
Baylor Scheierman,,,a37e80a2e3cf3aaa3ae84a9124987058,2026-05-02,23:40,threes,1.5,105.0,,True,betmgm,2026-05-02T22:11:55.472564
Baylor Scheierman,,,a37e80a2e3cf3aaa3ae84a9124987058,2026-05-02,23:40,threes,3.5,825.0,,True,betmgm,2026-05-02T22:11:55.472565
Baylor Scheierman,,,a37e80a2e3cf3aaa3ae84a9124987058,2026-05-02,23:40,threes,0.5,-400.0,,True,betmgm,2026-05-02T22:11:55.472567
Cade Cunningham,,,be60e6f50fc77fc3a3cf6925472bad91,2026-05-03,19:40,assists,8.5,-150.0,110.0,False,betmgm,2026-05-02T22:11:55.533146
Ausar Thompson,,,be60e6f50fc77fc3a3cf6925472bad91,2026-05-03,19:40,assists,3.5,135.0,-185.0,False,betmgm,2026-05-02T22:11:55.533147
Duncan Robinson,,,be60e6f50fc77fc3a3cf6925472bad91,2026-05-03,19:40,assists,1.5,-155.0,115.0,False,betmgm,2026-05-02T22:11:55.533151
Desmond Bane,,,be60e6f50fc77fc3a3cf6925472bad91,2026-05-03,19:40,assists,2.5,-155.0,115.0,False,betmgm,2026-05-02T22:11:55.533154
Jalen Duren,,,be60e6f50fc77fc3a3cf6925472bad91,2026-05-03,19:40,assists,1.5,-130.0,-105.0,False,betmgm,2026-05-02T22:11:55.533157
Paolo Banchero,,,be60e6f50fc77fc3a3cf6925472bad91,2026-05-03,19:40,assists,5.5,100.0,-135.0,False,betmgm,2026-05-02T22:11:55.533159
Tobias Harris,,,be60e6f50fc77fc3a3cf6925472bad91,2026-05-03,19:40,assists,1.5,-200.0,145.0,False,betmgm,2026-05-02T22:11:55.533161
Jalen Suggs,,,be60e6f50fc77fc3a3cf6925472bad91,2026-05-03,19:40,assists,4.5,-130.0,-105.0,False,betmgm,2026-05-02T22:11:55.533162
Anthony Black,,,be60e6f50fc77fc3a3cf6925472bad91,2026-05-03,19:40,assists,2.5,-150.0,110.0,False,betmgm,2026-05-02T22:11:55.533164
Tobias Harris,,,be60e6f50fc77fc3a3cf6925472bad91,2026-05-03,19:40,assists,4.5,825.0,,True,betmgm,2026-05-02T22:11:55.533174
Cade Cunningham,,,be60e6f50fc77fc3a3cf6925472bad91,2026-05-03,19:40,assists,9.5,115.0,,True,betmgm,2026-05-02T22:11:55.533176
Ausar Thompson,,,be60e6f50fc77fc3a3cf6925472bad91,2026-05-03,19:40,assists,2.5,-185.0,,True,betmgm,2026-05-02T22:11:55.533178
Jalen Suggs,,,be60e6f50fc77fc3a3cf6925472bad91,2026-05-03,19:40,assists,4.5,-135.0,,True,betmgm,2026-05-02T22:11:55.533179
Cade Cunningham,,,be60e6f50fc77fc3a3cf6925472bad91,2026-05-03,19:40,assists,12.5,525.0,,True,betmgm,2026-05-02T22:11:55.533181
Cade Cunningham,,,be60e6f50fc77fc3a3cf6925472bad91,2026-05-03,19:40,assists,6.5,-500.0,,True,betmgm,2026-05-02T22:11:55.533182
Jalen Suggs,,,be60e6f50fc77fc3a3cf6925472bad91,2026-05-03,19:40,assists,6.5,300.0,,True,betmgm,2026-05-02T22:11:55.533184
Desmond Bane,,,be60e6f50fc77fc3a3cf6925472bad91,2026-05-03,19:40,assists,2.5,-155.0,,True,betmgm,2026-05-02T22:11:55.533186
Paolo Banchero,,,be60e6f50fc77fc3a3cf6925472bad91,2026-05-03,19:40,assists,6.5,190.0,,True,betmgm,2026-05-02T22:11:55.533187
Ausar Thompson,,,be60e6f50fc77fc3a3cf6925472bad91,2026-05-03,19:40,assists,4.5,300.0,,True,betmgm,2026-05-02T22:11:55.533189
Paolo Banchero,,,be60e6f50fc77fc3a3cf6925472bad91,2026-05-03,19:40,assists,2.5,-1200.0,,True,betmgm,2026-05-02T22:11:55.533191
Paolo Banchero,,,be60e6f50fc77fc3a3cf6925472bad91,2026-05-03,19:40,assists,4.5,-200.0,,True,betmgm,2026-05-02T22:11:55.533192
Desmond Bane,,,be60e6f50fc77fc3a3cf6925472bad91,2026-05-03,19:40,assists,4.5,340.0,,True,betmgm,2026-05-02T22:11:55.533194
Jalen Suggs,,,be60e6f50fc77fc3a3cf6925472bad91,2026-05-03,19:40,assists,2.5,-750.0,,True,betmgm,2026-05-02T22:11:55.533196
Anthony Black,,,be60e6f50fc77fc3a3cf6925472bad91,2026-05-03,19:40,assists,2.5,-150.0,,True,betmgm,2026-05-02T22:11:55.533197
Anthony Black,,,be60e6f50fc77fc3a3cf6925472bad91,2026-05-03,19:40,assists,4.5,375.0,,True,betmgm,2026-05-02T22:11:55.533199
Cade Cunningham,,,be60e6f50fc77fc3a3cf6925472bad91,2026-05-03,19:40,points,28.5,-110.0,-120.0,False,betmgm,2026-05-02T22:11:55.533212
Ausar Thompson,,,be60e6f50fc77fc3a3cf6925472bad91,2026-05-03,19:40,points,9.5,-110.0,-120.0,False,betmgm,2026-05-02T22:11:55.533214
Jalen Duren,,,be60e6f50fc77fc3a3cf6925472bad91,2026-05-03,19:40,points,12.5,-125.0,-105.0,False,betmgm,2026-05-02T22:11:55.533215
Tobias Harris,,,be60e6f50fc77fc3a3cf6925472bad91,2026-05-03,19:40,points,16.5,-125.0,-105.0,False,betmgm,2026-05-02T22:11:55.533217
Desmond Bane,,,be60e6f50fc77fc3a3cf6925472bad91,2026-05-03,19:40,points,19.5,-105.0,-125.0,False,betmgm,2026-05-02T22:11:55.533219
Wendell Carter Jr,,,be60e6f50fc77fc3a3cf6925472bad91,2026-05-03,19:40,points,10.5,100.0,-135.0,False,betmgm,2026-05-02T22:11:55.533220
Paolo Banchero,,,be60e6f50fc77fc3a3cf6925472bad91,2026-05-03,19:40,points,22.5,-120.0,-110.0,False,betmgm,2026-05-02T22:11:55.533222
Duncan Robinson,,,be60e6f50fc77fc3a3cf6925472bad91,2026-05-03,19:40,points,10.5,-115.0,-115.0,False,betmgm,2026-05-02T22:11:55.533224
Jalen Suggs,,,be60e6f50fc77fc3a3cf6925472bad91,2026-05-03,19:40,points,12.5,-125.0,-105.0,False,betmgm,2026-05-02T22:11:55.533226
Anthony Black,,,be60e6f50fc77fc3a3cf6925472bad91,2026-05-03,19:40,points,10.5,-135.0,100.0,False,betmgm,2026-05-02T22:11:55.533230
Jamal Cain,,,be60e6f50fc77fc3a3cf6925472bad91,2026-05-03,19:40,points,5.5,-140.0,105.0,False,betmgm,2026-05-02T22:11:55.533231
Duncan Robinson,,,be60e6f50fc77fc3a3cf6925472bad91,2026-05-03,19:40,points,9.5,-155.0,,True,betmgm,2026-05-02T22:11:55.533250
Ausar Thompson,,,be60e6f50fc77fc3a3cf6925472bad91,2026-05-03,19:40,points,9.5,-110.0,,True,betmgm,2026-05-02T22:11:55.533251
Tobias Harris,,,be60e6f50fc77fc3a3cf6925472bad91,2026-05-03,19:40,points,24.5,500.0,,True,betmgm,2026-05-02T22:11:55.533256
Cade Cunningham,,,be60e6f50fc77fc3a3cf6925472bad91,2026-05-03,19:40,points,29.5,110.0,,True,betmgm,2026-05-02T22:11:55.533258
Tobias Harris,,,be60e6f50fc77fc3a3cf6925472bad91,2026-05-03,19:40,points,9.5,-1200.0,,True,betmgm,2026-05-02T22:11:55.533260
Jalen Suggs,,,be60e6f50fc77fc3a3cf6925472bad91,2026-05-03,19:40,points,19.5,425.0,,True,betmgm,2026-05-02T22:11:55.533262
Duncan Robinson,,,be60e6f50fc77fc3a3cf6925472bad91,2026-05-03,19:40,points,19.5,825.0,,True,betmgm,2026-05-02T22:11:55.533264
Cade Cunningham,,,be60e6f50fc77fc3a3cf6925472bad91,2026-05-03,19:40,points,34.5,280.0,,True,betmgm,2026-05-02T22:11:55.533266
Duncan Robinson,,,be60e6f50fc77fc3a3cf6925472bad91,2026-05-03,19:40,points,14.5,260.0,,True,betmgm,2026-05-02T22:11:55.533267
Desmond Bane,,,be60e6f50fc77fc3a3cf6925472bad91,2026-05-03,19:40,points,29.5,750.0,,True,betmgm,2026-05-02T22:11:55.533269
Paolo Banchero,,,be60e6f50fc77fc3a3cf6925472bad91,2026-05-03,19:40,points,19.5,-235.0,,True,betmgm,2026-05-02T22:11:55.533271
Cade Cunningham,,,be60e6f50fc77fc3a3cf6925472bad91,2026-05-03,19:40,points,19.5,-900.0,,True,betmgm,2026-05-02T22:11:55.533273
Wendell Carter Jr,,,be60e6f50fc77fc3a3cf6925472bad91,2026-05-03,19:40,points,9.5,-140.0,,True,betmgm,2026-05-02T22:11:55.533275
Desmond Bane,,,be60e6f50fc77fc3a3cf6925472bad91,2026-05-03,19:40,points,14.5,-350.0,,True,betmgm,2026-05-02T22:11:55.533277
Paolo Banchero,,,be60e6f50fc77fc3a3cf6925472bad91,2026-05-03,19:40,points,24.5,130.0,,True,betmgm,2026-05-02T22:11:55.533279
Jalen Duren,,,be60e6f50fc77fc3a3cf6925472bad91,2026-05-03,19:40,points,9.5,-375.0,,True,betmgm,2026-05-02T22:11:55.533280
Wendell Carter Jr,,,be60e6f50fc77fc3a3cf6925472bad91,2026-05-03,19:40,points,14.5,320.0,,True,betmgm,2026-05-02T22:11:55.533282
Jalen Suggs,,,be60e6f50fc77fc3a3cf6925472bad91,2026-05-03,19:40,points,14.5,130.0,,True,betmgm,2026-05-02T22:11:55.533283
Jalen Duren,,,be60e6f50fc77fc3a3cf6925472bad91,2026-05-03,19:40,points,19.5,525.0,,True,betmgm,2026-05-02T22:11:55.533285
Desmond Bane,,,be60e6f50fc77fc3a3cf6925472bad91,2026-05-03,19:40,points,19.5,-105.0,,True,betmgm,2026-05-02T22:11:55.533287
Tobias Harris,,,be60e6f50fc77fc3a3cf6925472bad91,2026-05-03,19:40,points,14.5,-220.0,,True,betmgm,2026-05-02T22:11:55.533289
Desmond Bane,,,be60e6f50fc77fc3a3cf6925472bad91,2026-05-03,19:40,points,24.5,275.0,,True,betmgm,2026-05-02T22:11:55.533290
Paolo Banchero,,,be60e6f50fc77fc3a3cf6925472bad91,2026-05-03,19:40,points,14.5,-1000.0,,True,betmgm,2026-05-02T22:11:55.533292
Cade Cunningham,,,be60e6f50fc77fc3a3cf6925472bad91,2026-05-03,19:40,points,39.5,700.0,,True,betmgm,2026-05-02T22:11:55.533294
Paolo Banchero,,,be60e6f50fc77fc3a3cf6925472bad91,2026-05-03,19:40,points,29.5,360.0,,True,betmgm,2026-05-02T22:11:55.533295
Jalen Duren,,,be60e6f50fc77fc3a3cf6925472bad91,2026-05-03,19:40,points,14.5,140.0,,True,betmgm,2026-05-02T22:11:55.533297
Desmond Bane,,,be60e6f50fc77fc3a3cf6925472bad91,2026-05-03,19:40,points,9.5,-2000.0,,True,betmgm,2026-05-02T22:11:55.533299
Tobias Harris,,,be60e6f50fc77fc3a3cf6925472bad91,2026-05-03,19:40,points,19.5,165.0,,True,betmgm,2026-05-02T22:11:55.533301
Jalen Suggs,,,be60e6f50fc77fc3a3cf6925472bad91,2026-05-03,19:40,points,9.5,-300.0,,True,betmgm,2026-05-02T22:11:55.533303
Ausar Thompson,,,be60e6f50fc77fc3a3cf6925472bad91,2026-05-03,19:40,points,14.5,475.0,,True,betmgm,2026-05-02T22:11:55.533305
Cade Cunningham,,,be60e6f50fc77fc3a3cf6925472bad91,2026-05-03,19:40,points,24.5,-250.0,,True,betmgm,2026-05-02T22:11:55.533309
Anthony Black,,,be60e6f50fc77fc3a3cf6925472bad91,2026-05-03,19:40,points,14.5,240.0,,True,betmgm,2026-05-02T22:11:55.533311
Anthony Black,,,be60e6f50fc77fc3a3cf6925472bad91,2026-05-03,19:40,points,9.5,-190.0,,True,betmgm,2026-05-02T22:11:55.533312
Anthony Black,,,be60e6f50fc77fc3a3cf6925472bad91,2026-05-03,19:40,points,19.5,825.0,,True,betmgm,2026-05-02T22:11:55.533314
Jamal Cain,,,be60e6f50fc77fc3a3cf6925472bad91,2026-05-03,19:40,points,9.5,300.0,,True,betmgm,2026-05-02T22:11:55.533316
Ausar Thompson,,,be60e6f50fc77fc3a3cf6925472bad91,2026-05-03,19:40,rebounds,7.5,-135.0,100.0,False,betmgm,2026-05-02T22:11:55.533331
Cade Cunningham,,,be60e6f50fc77fc3a3cf6925472bad91,2026-05-03,19:40,rebounds,5.5,-135.0,100.0,False,betmgm,2026-05-02T22:11:55.533332
Jalen Duren,,,be60e6f50fc77fc3a3cf6925472bad91,2026-05-03,19:40,rebounds,9.5,-115.0,-115.0,False,betmgm,2026-05-02T22:11:55.533334
Tobias Harris,,,be60e6f50fc77fc3a3cf6925472bad91,2026-05-03,19:40,rebounds,6.5,110.0,-150.0,False,betmgm,2026-05-02T22:11:55.533335
Paolo Banchero,,,be60e6f50fc77fc3a3cf6925472bad91,2026-05-03,19:40,rebounds,8.5,-105.0,-125.0,False,betmgm,2026-05-02T22:11:55.533337
Wendell Carter Jr,,,be60e6f50fc77fc3a3cf6925472bad91,2026-05-03,19:40,rebounds,7.5,115.0,-155.0,False,betmgm,2026-05-02T22:11:55.533339
Desmond Bane,,,be60e6f50fc77fc3a3cf6925472bad91,2026-05-03,19:40,rebounds,3.5,-140.0,105.0,False,betmgm,2026-05-02T22:11:55.533340
Jalen Suggs,,,be60e6f50fc77fc3a3cf6925472bad91,2026-05-03,19:40,rebounds,3.5,-125.0,-105.0,False,betmgm,2026-05-02T22:11:55.533342
Duncan Robinson,,,be60e6f50fc77fc3a3cf6925472bad91,2026-05-03,19:40,rebounds,2.5,-105.0,-125.0,False,betmgm,2026-05-02T22:11:55.533344
Anthony Black,,,be60e6f50fc77fc3a3cf6925472bad91,2026-05-03,19:40,rebounds,3.5,105.0,-145.0,False,betmgm,2026-05-02T22:11:55.533345
Jamal Cain,,,be60e6f50fc77fc3a3cf6925472bad91,2026-05-03,19:40,rebounds,3.5,120.0,-160.0,False,betmgm,2026-05-02T22:11:55.533347
Cade Cunningham,,,be60e6f50fc77fc3a3cf6925472bad91,2026-05-03,19:40,rebounds,6.5,140.0,,True,betmgm,2026-05-02T22:11:55.533366
Tobias Harris,,,be60e6f50fc77fc3a3cf6925472bad91,2026-05-03,19:40,rebounds,6.5,110.0,,True,betmgm,2026-05-02T22:11:55.533368
Ausar Thompson,,,be60e6f50fc77fc3a3cf6925472bad91,2026-05-03,19:40,rebounds,6.5,-235.0,,True,betmgm,2026-05-02T22:11:55.533370
Ausar Thompson,,,be60e6f50fc77fc3a3cf6925472bad91,2026-05-03,19:40,rebounds,9.5,210.0,,True,betmgm,2026-05-02T22:11:55.533371
Tobias Harris,,,be60e6f50fc77fc3a3cf6925472bad91,2026-05-03,19:40,rebounds,9.5,575.0,,True,betmgm,2026-05-02T22:11:55.533373
Tobias Harris,,,be60e6f50fc77fc3a3cf6925472bad91,2026-05-03,19:40,rebounds,4.5,-350.0,,True,betmgm,2026-05-02T22:11:55.533375
Jalen Duren,,,be60e6f50fc77fc3a3cf6925472bad91,2026-05-03,19:40,rebounds,6.5,-625.0,,True,betmgm,2026-05-02T22:11:55.533376
Cade Cunningham,,,be60e6f50fc77fc3a3cf6925472bad91,2026-05-03,19:40,rebounds,4.5,-275.0,,True,betmgm,2026-05-02T22:11:55.533378
Desmond Bane,,,be60e6f50fc77fc3a3cf6925472bad91,2026-05-03,19:40,rebounds,4.5,150.0,,True,betmgm,2026-05-02T22:11:55.533383
Wendell Carter Jr,,,be60e6f50fc77fc3a3cf6925472bad91,2026-05-03,19:40,rebounds,9.5,325.0,,True,betmgm,2026-05-02T22:11:55.533384
Paolo Banchero,,,be60e6f50fc77fc3a3cf6925472bad91,2026-05-03,19:40,rebounds,6.5,-325.0,,True,betmgm,2026-05-02T22:11:55.533386
Ausar Thompson,,,be60e6f50fc77fc3a3cf6925472bad91,2026-05-03,19:40,rebounds,12.5,825.0,,True,betmgm,2026-05-02T22:11:55.533388
Jalen Duren,,,be60e6f50fc77fc3a3cf6925472bad91,2026-05-03,19:40,rebounds,9.5,-115.0,,True,betmgm,2026-05-02T22:11:55.533389
Paolo Banchero,,,be60e6f50fc77fc3a3cf6925472bad91,2026-05-03,19:40,rebounds,12.5,625.0,,True,betmgm,2026-05-02T22:11:55.533391
Wendell Carter Jr,,,be60e6f50fc77fc3a3cf6925472bad91,2026-05-03,19:40,rebounds,4.5,-600.0,,True,betmgm,2026-05-02T22:11:55.533393
Desmond Bane,,,be60e6f50fc77fc3a3cf6925472bad91,2026-05-03,19:40,rebounds,6.5,550.0,,True,betmgm,2026-05-02T22:11:55.533394
Ausar Thompson,,,be60e6f50fc77fc3a3cf6925472bad91,2026-05-03,19:40,rebounds,4.5,-1000.0,,True,betmgm,2026-05-02T22:11:55.533398
Jalen Suggs,,,be60e6f50fc77fc3a3cf6925472bad91,2026-05-03,19:40,rebounds,4.5,180.0,,True,betmgm,2026-05-02T22:11:55.533400
Jalen Duren,,,be60e6f50fc77fc3a3cf6925472bad91,2026-05-03,19:40,rebounds,14.5,750.0,,True,betmgm,2026-05-02T22:11:55.533402
Paolo Banchero,,,be60e6f50fc77fc3a3cf6925472bad91,2026-05-03,19:40,rebounds,4.5,-1600.0,,True,betmgm,2026-05-02T22:11:55.533404
Wendell Carter Jr,,,be60e6f50fc77fc3a3cf6925472bad91,2026-05-03,19:40,rebounds,6.5,-155.0,,True,betmgm,2026-05-02T22:11:55.533405
Duncan Robinson,,,be60e6f50fc77fc3a3cf6925472bad91,2026-05-03,19:40,rebounds,2.5,-105.0,,True,betmgm,2026-05-02T22:11:55.533407
Duncan Robinson,,,be60e6f50fc77fc3a3cf6925472bad91,2026-05-03,19:40,rebounds,4.5,525.0,,True,betmgm,2026-05-02T22:11:55.533409
Cade Cunningham,,,be60e6f50fc77fc3a3cf6925472bad91,2026-05-03,19:40,rebounds,2.5,-2000.0,,True,betmgm,2026-05-02T22:11:55.533410
Jalen Duren,,,be60e6f50fc77fc3a3cf6925472bad91,2026-05-03,19:40,rebounds,12.5,333.0,,True,betmgm,2026-05-02T22:11:55.533412
Jalen Suggs,,,be60e6f50fc77fc3a3cf6925472bad91,2026-05-03,19:40,rebounds,2.5,-275.0,,True,betmgm,2026-05-02T22:11:55.533414
Cade Cunningham,,,be60e6f50fc77fc3a3cf6925472bad91,2026-05-03,19:40,rebounds,9.5,750.0,,True,betmgm,2026-05-02T22:11:55.533416
Paolo Banchero,,,be60e6f50fc77fc3a3cf6925472bad91,2026-05-03,19:40,rebounds,9.5,155.0,,True,betmgm,2026-05-02T22:11:55.533417
Desmond Bane,,,be60e6f50fc77fc3a3cf6925472bad91,2026-05-03,19:40,rebounds,2.5,-350.0,,True,betmgm,2026-05-02T22:11:55.533419
Jalen Suggs,,,be60e6f50fc77fc3a3cf6925472bad91,2026-05-03,19:40,rebounds,6.5,700.0,,True,betmgm,2026-05-02T22:11:55.533421
Anthony Black,,,be60e6f50fc77fc3a3cf6925472bad91,2026-05-03,19:40,rebounds,4.5,230.0,,True,betmgm,2026-05-02T22:11:55.533422
Anthony Black,,,be60e6f50fc77fc3a3cf6925472bad91,2026-05-03,19:40,rebounds,2.5,-225.0,,True,betmgm,2026-05-02T22:11:55.533424
Jamal Cain,,,be60e6f50fc77fc3a3cf6925472bad91,2026-05-03,19:40,rebounds,4.5,250.0,,True,betmgm,2026-05-02T22:11:55.533426
Jamal Cain,,,be60e6f50fc77fc3a3cf6925472bad91,2026-05-03,19:40,rebounds,2.5,-200.0,,True,betmgm,2026-05-02T22:11:55.533427
Cade Cunningham,,,be60e6f50fc77fc3a3cf6925472bad91,2026-05-03,19:40,threes,2.5,105.0,-140.0,False,betmgm,2026-05-02T22:11:55.533437
Tobias Harris,,,be60e6f50fc77fc3a3cf6925472bad91,2026-05-03,19:40,threes,1.5,125.0,-165.0,False,betmgm,2026-05-02T22:11:55.533439
Jalen Suggs,,,be60e6f50fc77fc3a3cf6925472bad91,2026-05-03,19:40,threes,2.5,130.0,-175.0,False,betmgm,2026-05-02T22:11:55.533441
Paolo Banchero,,,be60e6f50fc77fc3a3cf6925472bad91,2026-05-03,19:40,threes,1.5,115.0,-155.0,False,betmgm,2026-05-02T22:11:55.533442
Desmond Bane,,,be60e6f50fc77fc3a3cf6925472bad91,2026-05-03,19:40,threes,2.5,100.0,-135.0,False,betmgm,2026-05-02T22:11:55.533444
Duncan Robinson,,,be60e6f50fc77fc3a3cf6925472bad91,2026-05-03,19:40,threes,2.5,-105.0,-125.0,False,betmgm,2026-05-02T22:11:55.533446
Anthony Black,,,be60e6f50fc77fc3a3cf6925472bad91,2026-05-03,19:40,threes,1.5,160.0,-220.0,False,betmgm,2026-05-02T22:11:55.533448
Cade Cunningham,,,be60e6f50fc77fc3a3cf6925472bad91,2026-05-03,19:40,threes,2.5,100.0,,True,betmgm,2026-05-02T22:11:55.533464
Cade Cunningham,,,be60e6f50fc77fc3a3cf6925472bad91,2026-05-03,19:40,threes,1.5,-295.0,,True,betmgm,2026-05-02T22:11:55.533466
Duncan Robinson,,,be60e6f50fc77fc3a3cf6925472bad91,2026-05-03,19:40,threes,2.5,-110.0,,True,betmgm,2026-05-02T22:11:55.533467
Tobias Harris,,,be60e6f50fc77fc3a3cf6925472bad91,2026-05-03,19:40,threes,1.5,125.0,,True,betmgm,2026-05-02T22:11:55.533469
Tobias Harris,,,be60e6f50fc77fc3a3cf6925472bad91,2026-05-03,19:40,threes,0.5,-350.0,,True,betmgm,2026-05-02T22:11:55.533471
Duncan Robinson,,,be60e6f50fc77fc3a3cf6925472bad91,2026-05-03,19:40,threes,4.5,525.0,,True,betmgm,2026-05-02T22:11:55.533472
Duncan Robinson,,,be60e6f50fc77fc3a3cf6925472bad91,2026-05-03,19:40,threes,3.5,230.0,,True,betmgm,2026-05-02T22:11:55.533476
Duncan Robinson,,,be60e6f50fc77fc3a3cf6925472bad91,2026-05-03,19:40,threes,0.5,-2000.0,,True,betmgm,2026-05-02T22:11:55.533478
Paolo Banchero,,,be60e6f50fc77fc3a3cf6925472bad91,2026-05-03,19:40,threes,0.5,-400.0,,True,betmgm,2026-05-02T22:11:55.533480
Tobias Harris,,,be60e6f50fc77fc3a3cf6925472bad91,2026-05-03,19:40,threes,2.5,380.0,,True,betmgm,2026-05-02T22:11:55.533482
Jalen Suggs,,,be60e6f50fc77fc3a3cf6925472bad91,2026-05-03,19:40,threes,2.5,125.0,,True,betmgm,2026-05-02T22:11:55.533483
Jalen Suggs,,,be60e6f50fc77fc3a3cf6925472bad91,2026-05-03,19:40,threes,1.5,-225.0,,True,betmgm,2026-05-02T22:11:55.533485
Jalen Suggs,,,be60e6f50fc77fc3a3cf6925472bad91,2026-05-03,19:40,threes,4.5,700.0,,True,betmgm,2026-05-02T22:11:55.533487
Paolo Banchero,,,be60e6f50fc77fc3a3cf6925472bad91,2026-05-03,19:40,threes,1.5,110.0,,True,betmgm,2026-05-02T22:11:55.533488
Desmond Bane,,,be60e6f50fc77fc3a3cf6925472bad91,2026-05-03,19:40,threes,3.5,230.0,,True,betmgm,2026-05-02T22:11:55.533499
Paolo Banchero,,,be60e6f50fc77fc3a3cf6925472bad91,2026-05-03,19:40,threes,3.5,850.0,,True,betmgm,2026-05-02T22:11:55.533501
Cade Cunningham,,,be60e6f50fc77fc3a3cf6925472bad91,2026-05-03,19:40,threes,0.5,-1600.0,,True,betmgm,2026-05-02T22:11:55.533502
Jalen Suggs,,,be60e6f50fc77fc3a3cf6925472bad91,2026-05-03,19:40,threes,0.5,-1100.0,,True,betmgm,2026-05-02T22:11:55.533506
Paolo Banchero,,,be60e6f50fc77fc3a3cf6925472bad91,2026-05-03,19:40,threes,2.5,340.0,,True,betmgm,2026-05-02T22:11:55.533508
Desmond Bane,,,be60e6f50fc77fc3a3cf6925472bad91,2026-05-03,19:40,threes,0.5,-1600.0,,True,betmgm,2026-05-02T22:11:55.533510
Desmond Bane,,,be60e6f50fc77fc3a3cf6925472bad91,2026-05-03,19:40,threes,4.5,525.0,,True,betmgm,2026-05-02T22:11:55.533511
Cade Cunningham,,,be60e6f50fc77fc3a3cf6925472bad91,2026-05-03,19:40,threes,4.5,575.0,,True,betmgm,2026-05-02T22:11:55.533513
Jalen Suggs,,,be60e6f50fc77fc3a3cf6925472bad91,2026-05-03,19:40,threes,3.5,310.0,,True,betmgm,2026-05-02T22:11:55.533515
Cade Cunningham,,,be60e6f50fc77fc3a3cf6925472bad91,2026-05-03,19:40,threes,3.5,250.0,,True,betmgm,2026-05-02T22:11:55.533516
Desmond Bane,,,be60e6f50fc77fc3a3cf6925472bad91,2026-05-03,19:40,threes,2.5,100.0,,True,betmgm,2026-05-02T22:11:55.533518
Duncan Robinson,,,be60e6f50fc77fc3a3cf6925472bad91,2026-05-03,19:40,threes,1.5,-325.0,,True,betmgm,2026-05-02T22:11:55.533519
Desmond Bane,,,be60e6f50fc77fc3a3cf6925472bad91,2026-05-03,19:40,threes,1.5,-295.0,,True,betmgm,2026-05-02T22:11:55.533521
Anthony Black,,,be60e6f50fc77fc3a3cf6925472bad91,2026-05-03,19:40,threes,2.5,475.0,,True,betmgm,2026-05-02T22:11:55.533523
Anthony Black,,,be60e6f50fc77fc3a3cf6925472bad91,2026-05-03,19:40,threes,0.5,-275.0,,True,betmgm,2026-05-02T22:11:55.533524
Anthony Black,,,be60e6f50fc77fc3a3cf6925472bad91,2026-05-03,19:40,threes,1.5,155.0,,True,betmgm,2026-05-02T22:11:55.533526
Evan Mobley,,,a463f640631f8b0580966b909965de14,2026-05-03,23:40,assists,2.5,-140.0,105.0,False,betmgm,2026-05-02T22:11:55.594918
Donovan Mitchell,,,a463f640631f8b0580966b909965de14,2026-05-03,23:40,assists,4.5,125.0,-165.0,False,betmgm,2026-05-02T22:11:55.594920
Max Strus,,,a463f640631f8b0580966b909965de14,2026-05-03,23:40,assists,2.5,135.0,-185.0,False,betmgm,2026-05-02T22:11:55.594922
James Harden,,,a463f640631f8b0580966b909965de14,2026-05-03,23:40,assists,6.5,-120.0,-110.0,False,betmgm,2026-05-02T22:11:55.594924
Scottie Barnes,,,a463f640631f8b0580966b909965de14,2026-05-03,23:40,assists,7.5,-135.0,100.0,False,betmgm,2026-05-02T22:11:55.594925
Ja'Kobe Walter,,,a463f640631f8b0580966b909965de14,2026-05-03,23:40,assists,1.5,-135.0,100.0,False,betmgm,2026-05-02T22:11:55.594927
Jarrett Allen,,,a463f640631f8b0580966b909965de14,2026-05-03,23:40,assists,1.5,155.0,-210.0,False,betmgm,2026-05-02T22:11:55.594929
R.J. Barrett,,,a463f640631f8b0580966b909965de14,2026-05-03,23:40,assists,3.5,-120.0,-110.0,False,betmgm,2026-05-02T22:11:55.594931
Jakob Poeltl,,,a463f640631f8b0580966b909965de14,2026-05-03,23:40,assists,1.5,-105.0,-130.0,False,betmgm,2026-05-02T22:11:55.594932
Donovan Mitchell,,,a463f640631f8b0580966b909965de14,2026-05-03,23:40,assists,4.5,120.0,,True,betmgm,2026-05-02T22:11:55.594942
Donovan Mitchell,,,a463f640631f8b0580966b909965de14,2026-05-03,23:40,assists,6.5,475.0,,True,betmgm,2026-05-02T22:11:55.594943
Evan Mobley,,,a463f640631f8b0580966b909965de14,2026-05-03,23:40,assists,4.5,380.0,,True,betmgm,2026-05-02T22:11:55.594945
James Harden,,,a463f640631f8b0580966b909965de14,2026-05-03,23:40,assists,4.5,-500.0,,True,betmgm,2026-05-02T22:11:55.594947
Evan Mobley,,,a463f640631f8b0580966b909965de14,2026-05-03,23:40,assists,2.5,-145.0,,True,betmgm,2026-05-02T22:11:55.594948
Donovan Mitchell,,,a463f640631f8b0580966b909965de14,2026-05-03,23:40,assists,2.5,-450.0,,True,betmgm,2026-05-02T22:11:55.594950
James Harden,,,a463f640631f8b0580966b909965de14,2026-05-03,23:40,assists,9.5,475.0,,True,betmgm,2026-05-02T22:11:55.594952
R.J. Barrett,,,a463f640631f8b0580966b909965de14,2026-05-03,23:40,assists,4.5,180.0,,True,betmgm,2026-05-02T22:11:55.594956
James Harden,,,a463f640631f8b0580966b909965de14,2026-05-03,23:40,assists,6.5,-120.0,,True,betmgm,2026-05-02T22:11:55.594958
Max Strus,,,a463f640631f8b0580966b909965de14,2026-05-03,23:40,assists,4.5,750.0,,True,betmgm,2026-05-02T22:11:55.594959
Scottie Barnes,,,a463f640631f8b0580966b909965de14,2026-05-03,23:40,assists,4.5,-1100.0,,True,betmgm,2026-05-02T22:11:55.594961
R.J. Barrett,,,a463f640631f8b0580966b909965de14,2026-05-03,23:40,assists,6.5,700.0,,True,betmgm,2026-05-02T22:11:55.594963
Scottie Barnes,,,a463f640631f8b0580966b909965de14,2026-05-03,23:40,assists,6.5,-250.0,,True,betmgm,2026-05-02T22:11:55.594964
Scottie Barnes,,,a463f640631f8b0580966b909965de14,2026-05-03,23:40,assists,9.5,210.0,,True,betmgm,2026-05-02T22:11:55.594966
R.J. Barrett,,,a463f640631f8b0580966b909965de14,2026-05-03,23:40,assists,2.5,-295.0,,True,betmgm,2026-05-02T22:11:55.594968
James Harden,,,a463f640631f8b0580966b909965de14,2026-05-03,23:40,points,20.5,-105.0,-125.0,False,betmgm,2026-05-02T22:11:55.594983
Evan Mobley,,,a463f640631f8b0580966b909965de14,2026-05-03,23:40,points,16.5,-111.0,-118.0,False,betmgm,2026-05-02T22:11:55.594985
Donovan Mitchell,,,a463f640631f8b0580966b909965de14,2026-05-03,23:40,points,25.5,-105.0,-125.0,False,betmgm,2026-05-02T22:11:55.594986
Jarrett Allen,,,a463f640631f8b0580966b909965de14,2026-05-03,23:40,points,11.5,-120.0,-110.0,False,betmgm,2026-05-02T22:11:55.594988
Scottie Barnes,,,a463f640631f8b0580966b909965de14,2026-05-03,23:40,points,20.5,-110.0,-120.0,False,betmgm,2026-05-02T22:11:55.594990
Jakob Poeltl,,,a463f640631f8b0580966b909965de14,2026-05-03,23:40,points,7.5,-120.0,-111.0,False,betmgm,2026-05-02T22:11:55.594991
Max Strus,,,a463f640631f8b0580966b909965de14,2026-05-03,23:40,points,8.5,-135.0,100.0,False,betmgm,2026-05-02T22:11:55.594993
Sandro Mamukelashvili,,,a463f640631f8b0580966b909965de14,2026-05-03,23:40,points,5.5,-105.0,-125.0,False,betmgm,2026-05-02T22:11:55.594995
Sam Merrill,,,a463f640631f8b0580966b909965de14,2026-05-03,23:40,points,6.5,-110.0,-120.0,False,betmgm,2026-05-02T22:11:55.594996
Dean Wade,,,a463f640631f8b0580966b909965de14,2026-05-03,23:40,points,4.5,-105.0,-125.0,False,betmgm,2026-05-02T22:11:55.594998
Dennis Schroder,,,a463f640631f8b0580966b909965de14,2026-05-03,23:40,points,5.5,-130.0,-105.0,False,betmgm,2026-05-02T22:11:55.594999
Ja'Kobe Walter,,,a463f640631f8b0580966b909965de14,2026-05-03,23:40,points,10.5,-135.0,100.0,False,betmgm,2026-05-02T22:11:55.595001
Collin Murray-Boyles,,,a463f640631f8b0580966b909965de14,2026-05-03,23:40,points,13.5,-111.0,-120.0,False,betmgm,2026-05-02T22:11:55.595003
R.J. Barrett,,,a463f640631f8b0580966b909965de14,2026-05-03,23:40,points,22.5,-125.0,-105.0,False,betmgm,2026-05-02T22:11:55.595004
James Harden,,,a463f640631f8b0580966b909965de14,2026-05-03,23:40,points,19.5,-150.0,,True,betmgm,2026-05-02T22:11:55.595024
Donovan Mitchell,,,a463f640631f8b0580966b909965de14,2026-05-03,23:40,points,29.5,210.0,,True,betmgm,2026-05-02T22:11:55.595026
James Harden,,,a463f640631f8b0580966b909965de14,2026-05-03,23:40,points,29.5,550.0,,True,betmgm,2026-05-02T22:11:55.595028
Max Strus,,,a463f640631f8b0580966b909965de14,2026-05-03,23:40,points,14.5,390.0,,True,betmgm,2026-05-02T22:11:55.595029
Donovan Mitchell,,,a463f640631f8b0580966b909965de14,2026-05-03,23:40,points,19.5,-450.0,,True,betmgm,2026-05-02T22:11:55.595031
Max Strus,,,a463f640631f8b0580966b909965de14,2026-05-03,23:40,points,9.5,105.0,,True,betmgm,2026-05-02T22:11:55.595033
Donovan Mitchell,,,a463f640631f8b0580966b909965de14,2026-05-03,23:40,points,24.5,-135.0,,True,betmgm,2026-05-02T22:11:55.595034
Donovan Mitchell,,,a463f640631f8b0580966b909965de14,2026-05-03,23:40,points,34.5,525.0,,True,betmgm,2026-05-02T22:11:55.595036
Evan Mobley,,,a463f640631f8b0580966b909965de14,2026-05-03,23:40,points,9.5,-1100.0,,True,betmgm,2026-05-02T22:11:55.595037
Evan Mobley,,,a463f640631f8b0580966b909965de14,2026-05-03,23:40,points,24.5,600.0,,True,betmgm,2026-05-02T22:11:55.595039
James Harden,,,a463f640631f8b0580966b909965de14,2026-05-03,23:40,points,14.5,-525.0,,True,betmgm,2026-05-02T22:11:55.595043
Ja'Kobe Walter,,,a463f640631f8b0580966b909965de14,2026-05-03,23:40,points,19.5,675.0,,True,betmgm,2026-05-02T22:11:55.595047
Jarrett Allen,,,a463f640631f8b0580966b909965de14,2026-05-03,23:40,points,14.5,210.0,,True,betmgm,2026-05-02T22:11:55.595049
James Harden,,,a463f640631f8b0580966b909965de14,2026-05-03,23:40,points,24.5,200.0,,True,betmgm,2026-05-02T22:11:55.595051
R.J. Barrett,,,a463f640631f8b0580966b909965de14,2026-05-03,23:40,points,34.5,825.0,,True,betmgm,2026-05-02T22:11:55.595052
Ja'Kobe Walter,,,a463f640631f8b0580966b909965de14,2026-05-03,23:40,points,9.5,-175.0,,True,betmgm,2026-05-02T22:11:55.595054
Scottie Barnes,,,a463f640631f8b0580966b909965de14,2026-05-03,23:40,points,14.5,-550.0,,True,betmgm,2026-05-02T22:11:55.595056
R.J. Barrett,,,a463f640631f8b0580966b909965de14,2026-05-03,23:40,points,24.5,120.0,,True,betmgm,2026-05-02T22:11:55.595060
R.J. Barrett,,,a463f640631f8b0580966b909965de14,2026-05-03,23:40,points,29.5,325.0,,True,betmgm,2026-05-02T22:11:55.595062
Scottie Barnes,,,a463f640631f8b0580966b909965de14,2026-05-03,23:40,points,24.5,220.0,,True,betmgm,2026-05-02T22:11:55.595063
Evan Mobley,,,a463f640631f8b0580966b909965de14,2026-05-03,23:40,points,14.5,-200.0,,True,betmgm,2026-05-02T22:11:55.595065
R.J. Barrett,,,a463f640631f8b0580966b909965de14,2026-05-03,23:40,points,14.5,-1100.0,,True,betmgm,2026-05-02T22:11:55.595067
Evan Mobley,,,a463f640631f8b0580966b909965de14,2026-05-03,23:40,points,19.5,190.0,,True,betmgm,2026-05-02T22:11:55.595068
R.J. Barrett,,,a463f640631f8b0580966b909965de14,2026-05-03,23:40,points,19.5,-250.0,,True,betmgm,2026-05-02T22:11:55.595070
Scottie Barnes,,,a463f640631f8b0580966b909965de14,2026-05-03,23:40,points,19.5,-140.0,,True,betmgm,2026-05-02T22:11:55.595072
Ja'Kobe Walter,,,a463f640631f8b0580966b909965de14,2026-05-03,23:40,points,14.5,210.0,,True,betmgm,2026-05-02T22:11:55.595073
Jarrett Allen,,,a463f640631f8b0580966b909965de14,2026-05-03,23:40,points,9.5,-250.0,,True,betmgm,2026-05-02T22:11:55.595075
Jarrett Allen,,,a463f640631f8b0580966b909965de14,2026-05-03,23:40,points,19.5,825.0,,True,betmgm,2026-05-02T22:11:55.595077
Scottie Barnes,,,a463f640631f8b0580966b909965de14,2026-05-03,23:40,points,29.5,600.0,,True,betmgm,2026-05-02T22:11:55.595078
Jakob Poeltl,,,a463f640631f8b0580966b909965de14,2026-05-03,23:40,points,9.5,175.0,,True,betmgm,2026-05-02T22:11:55.595080
Sandro Mamukelashvili,,,a463f640631f8b0580966b909965de14,2026-05-03,23:40,points,9.5,325.0,,True,betmgm,2026-05-02T22:11:55.595082
Dean Wade,,,a463f640631f8b0580966b909965de14,2026-05-03,23:40,points,9.5,550.0,,True,betmgm,2026-05-02T22:11:55.595084
Sam Merrill,,,a463f640631f8b0580966b909965de14,2026-05-03,23:40,points,9.5,230.0,,True,betmgm,2026-05-02T22:11:55.595085
Sam Merrill,,,a463f640631f8b0580966b909965de14,2026-05-03,23:40,points,14.5,800.0,,True,betmgm,2026-05-02T22:11:55.595087
Collin Murray-Boyles,,,a463f640631f8b0580966b909965de14,2026-05-03,23:40,points,14.5,120.0,,True,betmgm,2026-05-02T22:11:55.595089
Collin Murray-Boyles,,,a463f640631f8b0580966b909965de14,2026-05-03,23:40,points,19.5,450.0,,True,betmgm,2026-05-02T22:11:55.595090
Collin Murray-Boyles,,,a463f640631f8b0580966b909965de14,2026-05-03,23:40,points,9.5,-450.0,,True,betmgm,2026-05-02T22:11:55.595092
Dennis Schroder,,,a463f640631f8b0580966b909965de14,2026-05-03,23:40,points,9.5,310.0,,True,betmgm,2026-05-02T22:11:55.595094
Max Strus,,,a463f640631f8b0580966b909965de14,2026-05-03,23:40,rebounds,4.5,110.0,-150.0,False,betmgm,2026-05-02T22:11:55.595109
James Harden,,,a463f640631f8b0580966b909965de14,2026-05-03,23:40,rebounds,4.5,115.0,-155.0,False,betmgm,2026-05-02T22:11:55.595110
Jarrett Allen,,,a463f640631f8b0580966b909965de14,2026-05-03,23:40,rebounds,7.5,105.0,-145.0,False,betmgm,2026-05-02T22:11:55.595112
Evan Mobley,,,a463f640631f8b0580966b909965de14,2026-05-03,23:40,rebounds,8.5,-110.0,-120.0,False,betmgm,2026-05-02T22:11:55.595114
Ja'Kobe Walter,,,a463f640631f8b0580966b909965de14,2026-05-03,23:40,rebounds,3.5,-140.0,105.0,False,betmgm,2026-05-02T22:11:55.595118
R.J. Barrett,,,a463f640631f8b0580966b909965de14,2026-05-03,23:40,rebounds,5.5,-140.0,105.0,False,betmgm,2026-05-02T22:11:55.595120
Jakob Poeltl,,,a463f640631f8b0580966b909965de14,2026-05-03,23:40,rebounds,5.5,-120.0,-110.0,False,betmgm,2026-05-02T22:11:55.595121
Scottie Barnes,,,a463f640631f8b0580966b909965de14,2026-05-03,23:40,rebounds,7.5,110.0,-150.0,False,betmgm,2026-05-02T22:11:55.595123
Donovan Mitchell,,,a463f640631f8b0580966b909965de14,2026-05-03,23:40,rebounds,3.5,-160.0,120.0,False,betmgm,2026-05-02T22:11:55.595125
Collin Murray-Boyles,,,a463f640631f8b0580966b909965de14,2026-05-03,23:40,rebounds,6.5,-105.0,-125.0,False,betmgm,2026-05-02T22:11:55.595127
Sandro Mamukelashvili,,,a463f640631f8b0580966b909965de14,2026-05-03,23:40,rebounds,2.5,-150.0,110.0,False,betmgm,2026-05-02T22:11:55.595128
Evan Mobley,,,a463f640631f8b0580966b909965de14,2026-05-03,23:40,rebounds,9.5,155.0,,True,betmgm,2026-05-02T22:11:55.595147
Max Strus,,,a463f640631f8b0580966b909965de14,2026-05-03,23:40,rebounds,4.5,110.0,,True,betmgm,2026-05-02T22:11:55.595149
Donovan Mitchell,,,a463f640631f8b0580966b909965de14,2026-05-03,23:40,rebounds,2.5,-400.0,,True,betmgm,2026-05-02T22:11:55.595151
Max Strus,,,a463f640631f8b0580966b909965de14,2026-05-03,23:40,rebounds,6.5,400.0,,True,betmgm,2026-05-02T22:11:55.595152
Donovan Mitchell,,,a463f640631f8b0580966b909965de14,2026-05-03,23:40,rebounds,4.5,130.0,,True,betmgm,2026-05-02T22:11:55.595154
Evan Mobley,,,a463f640631f8b0580966b909965de14,2026-05-03,23:40,rebounds,12.5,625.0,,True,betmgm,2026-05-02T22:11:55.595156
Evan Mobley,,,a463f640631f8b0580966b909965de14,2026-05-03,23:40,rebounds,4.5,-1600.0,,True,betmgm,2026-05-02T22:11:55.595157
James Harden,,,a463f640631f8b0580966b909965de14,2026-05-03,23:40,rebounds,4.5,110.0,,True,betmgm,2026-05-02T22:11:55.595159
Donovan Mitchell,,,a463f640631f8b0580966b909965de14,2026-05-03,23:40,rebounds,6.5,500.0,,True,betmgm,2026-05-02T22:11:55.595161
James Harden,,,a463f640631f8b0580966b909965de14,2026-05-03,23:40,rebounds,2.5,-500.0,,True,betmgm,2026-05-02T22:11:55.595162
Ja'Kobe Walter,,,a463f640631f8b0580966b909965de14,2026-05-03,23:40,rebounds,4.5,150.0,,True,betmgm,2026-05-02T22:11:55.595164
Scottie Barnes,,,a463f640631f8b0580966b909965de14,2026-05-03,23:40,rebounds,4.5,-625.0,,True,betmgm,2026-05-02T22:11:55.595166
Jarrett Allen,,,a463f640631f8b0580966b909965de14,2026-05-03,23:40,rebounds,4.5,-700.0,,True,betmgm,2026-05-02T22:11:55.595168
Jarrett Allen,,,a463f640631f8b0580966b909965de14,2026-05-03,23:40,rebounds,6.5,-165.0,,True,betmgm,2026-05-02T22:11:55.595172
Evan Mobley,,,a463f640631f8b0580966b909965de14,2026-05-03,23:40,rebounds,6.5,-350.0,,True,betmgm,2026-05-02T22:11:55.595174
R.J. Barrett,,,a463f640631f8b0580966b909965de14,2026-05-03,23:40,rebounds,2.5,-2000.0,,True,betmgm,2026-05-02T22:11:55.595175
R.J. Barrett,,,a463f640631f8b0580966b909965de14,2026-05-03,23:40,rebounds,4.5,-275.0,,True,betmgm,2026-05-02T22:11:55.595177
Ja'Kobe Walter,,,a463f640631f8b0580966b909965de14,2026-05-03,23:40,rebounds,6.5,550.0,,True,betmgm,2026-05-02T22:11:55.595179
Scottie Barnes,,,a463f640631f8b0580966b909965de14,2026-05-03,23:40,rebounds,6.5,-160.0,,True,betmgm,2026-05-02T22:11:55.595180
Ja'Kobe Walter,,,a463f640631f8b0580966b909965de14,2026-05-03,23:40,rebounds,2.5,-325.0,,True,betmgm,2026-05-02T22:11:55.595182
James Harden,,,a463f640631f8b0580966b909965de14,2026-05-03,23:40,rebounds,6.5,425.0,,True,betmgm,2026-05-02T22:11:55.595184
R.J. Barrett,,,a463f640631f8b0580966b909965de14,2026-05-03,23:40,rebounds,9.5,675.0,,True,betmgm,2026-05-02T22:11:55.595185
Scottie Barnes,,,a463f640631f8b0580966b909965de14,2026-05-03,23:40,rebounds,9.5,320.0,,True,betmgm,2026-05-02T22:11:55.595187
R.J. Barrett,,,a463f640631f8b0580966b909965de14,2026-05-03,23:40,rebounds,6.5,130.0,,True,betmgm,2026-05-02T22:11:55.595189
Jarrett Allen,,,a463f640631f8b0580966b909965de14,2026-05-03,23:40,rebounds,9.5,310.0,,True,betmgm,2026-05-02T22:11:55.595193
Max Strus,,,a463f640631f8b0580966b909965de14,2026-05-03,23:40,rebounds,2.5,-500.0,,True,betmgm,2026-05-02T22:11:55.595195
Jakob Poeltl,,,a463f640631f8b0580966b909965de14,2026-05-03,23:40,rebounds,2.5,-1600.0,,True,betmgm,2026-05-02T22:11:55.595197
Jakob Poeltl,,,a463f640631f8b0580966b909965de14,2026-05-03,23:40,rebounds,9.5,750.0,,True,betmgm,2026-05-02T22:11:55.595198
Jakob Poeltl,,,a463f640631f8b0580966b909965de14,2026-05-03,23:40,rebounds,6.5,150.0,,True,betmgm,2026-05-02T22:11:55.595200
Jakob Poeltl,,,a463f640631f8b0580966b909965de14,2026-05-03,23:40,rebounds,4.5,-250.0,,True,betmgm,2026-05-02T22:11:55.595202
Sandro Mamukelashvili,,,a463f640631f8b0580966b909965de14,2026-05-03,23:40,rebounds,6.5,750.0,,True,betmgm,2026-05-02T22:11:55.595203
Sandro Mamukelashvili,,,a463f640631f8b0580966b909965de14,2026-05-03,23:40,rebounds,4.5,250.0,,True,betmgm,2026-05-02T22:11:55.595207
Sandro Mamukelashvili,,,a463f640631f8b0580966b909965de14,2026-05-03,23:40,rebounds,2.5,-150.0,,True,betmgm,2026-05-02T22:11:55.595209
Collin Murray-Boyles,,,a463f640631f8b0580966b909965de14,2026-05-03,23:40,rebounds,9.5,475.0,,True,betmgm,2026-05-02T22:11:55.595211
Collin Murray-Boyles,,,a463f640631f8b0580966b909965de14,2026-05-03,23:40,rebounds,4.5,-400.0,,True,betmgm,2026-05-02T22:11:55.595212
Collin Murray-Boyles,,,a463f640631f8b0580966b909965de14,2026-05-03,23:40,rebounds,6.5,-105.0,,True,betmgm,2026-05-02T22:11:55.595214
Donovan Mitchell,,,a463f640631f8b0580966b909965de14,2026-05-03,23:40,threes,2.5,-125.0,-105.0,False,betmgm,2026-05-02T22:11:55.595224
James Harden,,,a463f640631f8b0580966b909965de14,2026-05-03,23:40,threes,2.5,-150.0,110.0,False,betmgm,2026-05-02T22:11:55.595226
Max Strus,,,a463f640631f8b0580966b909965de14,2026-05-03,23:40,threes,2.5,120.0,-160.0,False,betmgm,2026-05-02T22:11:55.595227
Evan Mobley,,,a463f640631f8b0580966b909965de14,2026-05-03,23:40,threes,0.5,-165.0,125.0,False,betmgm,2026-05-02T22:11:55.595229
Ja'Kobe Walter,,,a463f640631f8b0580966b909965de14,2026-05-03,23:40,threes,2.5,105.0,-140.0,False,betmgm,2026-05-02T22:11:55.595231
R.J. Barrett,,,a463f640631f8b0580966b909965de14,2026-05-03,23:40,threes,1.5,-130.0,-105.0,False,betmgm,2026-05-02T22:11:55.595232
Scottie Barnes,,,a463f640631f8b0580966b909965de14,2026-05-03,23:40,threes,0.5,-225.0,165.0,False,betmgm,2026-05-02T22:11:55.595234
James Harden,,,a463f640631f8b0580966b909965de14,2026-05-03,23:40,threes,1.5,-450.0,,True,betmgm,2026-05-02T22:11:55.595249
Max Strus,,,a463f640631f8b0580966b909965de14,2026-05-03,23:40,threes,2.5,120.0,,True,betmgm,2026-05-02T22:11:55.595250
James Harden,,,a463f640631f8b0580966b909965de14,2026-05-03,23:40,threes,3.5,165.0,,True,betmgm,2026-05-02T22:11:55.595252
Evan Mobley,,,a463f640631f8b0580966b909965de14,2026-05-03,23:40,threes,1.5,270.0,,True,betmgm,2026-05-02T22:11:55.595254
Max Strus,,,a463f640631f8b0580966b909965de14,2026-05-03,23:40,threes,0.5,-1200.0,,True,betmgm,2026-05-02T22:11:55.595255
James Harden,,,a463f640631f8b0580966b909965de14,2026-05-03,23:40,threes,2.5,-150.0,,True,betmgm,2026-05-02T22:11:55.595257
Evan Mobley,,,a463f640631f8b0580966b909965de14,2026-05-03,23:40,threes,2.5,850.0,,True,betmgm,2026-05-02T22:11:55.595259
Max Strus,,,a463f640631f8b0580966b909965de14,2026-05-03,23:40,threes,4.5,650.0,,True,betmgm,2026-05-02T22:11:55.595260
Donovan Mitchell,,,a463f640631f8b0580966b909965de14,2026-05-03,23:40,threes,4.5,425.0,,True,betmgm,2026-05-02T22:11:55.595262
Donovan Mitchell,,,a463f640631f8b0580966b909965de14,2026-05-03,23:40,threes,2.5,-125.0,,True,betmgm,2026-05-02T22:11:55.595264
James Harden,,,a463f640631f8b0580966b909965de14,2026-05-03,23:40,threes,4.5,375.0,,True,betmgm,2026-05-02T22:11:55.595265
Max Strus,,,a463f640631f8b0580966b909965de14,2026-05-03,23:40,threes,3.5,300.0,,True,betmgm,2026-05-02T22:11:55.595267
Max Strus,,,a463f640631f8b0580966b909965de14,2026-05-03,23:40,threes,1.5,-250.0,,True,betmgm,2026-05-02T22:11:55.595269
Evan Mobley,,,a463f640631f8b0580966b909965de14,2026-05-03,23:40,threes,0.5,-165.0,,True,betmgm,2026-05-02T22:11:55.595273
R.J. Barrett,,,a463f640631f8b0580966b909965de14,2026-05-03,23:40,threes,2.5,230.0,,True,betmgm,2026-05-02T22:11:55.595275
R.J. Barrett,,,a463f640631f8b0580966b909965de14,2026-05-03,23:40,threes,1.5,-135.0,,True,betmgm,2026-05-02T22:11:55.595276
Donovan Mitchell,,,a463f640631f8b0580966b909965de14,2026-05-03,23:40,threes,1.5,-375.0,,True,betmgm,2026-05-02T22:11:55.595278
Ja'Kobe Walter,,,a463f640631f8b0580966b909965de14,2026-05-03,23:40,threes,0.5,-1400.0,,True,betmgm,2026-05-02T22:11:55.595280
Ja'Kobe Walter,,,a463f640631f8b0580966b909965de14,2026-05-03,23:40,threes,2.5,100.0,,True,betmgm,2026-05-02T22:11:55.595281
Scottie Barnes,,,a463f640631f8b0580966b909965de14,2026-05-03,23:40,threes,0.5,-225.0,,True,betmgm,2026-05-02T22:11:55.595283
Ja'Kobe Walter,,,a463f640631f8b0580966b909965de14,2026-05-03,23:40,threes,3.5,250.0,,True,betmgm,2026-05-02T22:11:55.595285
Ja'Kobe Walter,,,a463f640631f8b0580966b909965de14,2026-05-03,23:40,threes,4.5,550.0,,True,betmgm,2026-05-02T22:11:55.595289
Scottie Barnes,,,a463f640631f8b0580966b909965de14,2026-05-03,23:40,threes,2.5,600.0,,True,betmgm,2026-05-02T22:11:55.595290
R.J. Barrett,,,a463f640631f8b0580966b909965de14,2026-05-03,23:40,threes,0.5,-600.0,,True,betmgm,2026-05-02T22:11:55.595292
Scottie Barnes,,,a463f640631f8b0580966b909965de14,2026-05-03,23:40,threes,1.5,195.0,,True,betmgm,2026-05-02T22:11:55.595294
R.J. Barrett,,,a463f640631f8b0580966b909965de14,2026-05-03,23:40,threes,3.5,550.0,,True,betmgm,2026-05-02T22:11:55.595295
Donovan Mitchell,,,a463f640631f8b0580966b909965de14,2026-05-03,23:40,threes,3.5,200.0,,True,betmgm,2026-05-02T22:11:55.595297
Ja'Kobe Walter,,,a463f640631f8b0580966b909965de14,2026-05-03,23:40,threes,1.5,-275.0,,True,betmgm,2026-05-02T22:11:55.595299
De'Aaron Fox,,,219920e3a715ceb3dc69f3638f7571d5,2026-05-05,01:40,assists,6.5,110.0,-150.0,False,betmgm,2026-05-02T22:11:55.655147
Victor Wembanyama,,,219920e3a715ceb3dc69f3638f7571d5,2026-05-05,01:40,assists,3.5,130.0,-175.0,False,betmgm,2026-05-02T22:11:55.655149
Devin Vassell,,,219920e3a715ceb3dc69f3638f7571d5,2026-05-05,01:40,assists,2.5,100.0,-135.0,False,betmgm,2026-05-02T22:11:55.655150
Stephon Castle,,,219920e3a715ceb3dc69f3638f7571d5,2026-05-05,01:40,assists,7.5,105.0,-140.0,False,betmgm,2026-05-02T22:11:55.655152
Ayo Dosunmu,,,219920e3a715ceb3dc69f3638f7571d5,2026-05-05,01:40,assists,3.5,-160.0,120.0,False,betmgm,2026-05-02T22:11:55.655154
Jaden McDaniels,,,219920e3a715ceb3dc69f3638f7571d5,2026-05-05,01:40,assists,2.5,-120.0,-111.0,False,betmgm,2026-05-02T22:11:55.655158
Mike Conley,,,219920e3a715ceb3dc69f3638f7571d5,2026-05-05,01:40,assists,3.5,-150.0,110.0,False,betmgm,2026-05-02T22:11:55.655159
Julius Randle,,,219920e3a715ceb3dc69f3638f7571d5,2026-05-05,01:40,assists,4.5,-105.0,-125.0,False,betmgm,2026-05-02T22:11:55.655162
Rudy Gobert,,,219920e3a715ceb3dc69f3638f7571d5,2026-05-05,01:40,assists,1.5,-120.0,-110.0,False,betmgm,2026-05-02T22:11:55.655163
Dylan Harper,,,219920e3a715ceb3dc69f3638f7571d5,2026-05-05,01:40,assists,2.5,-150.0,110.0,False,betmgm,2026-05-02T22:11:55.655165
Stephon Castle,,,219920e3a715ceb3dc69f3638f7571d5,2026-05-05,01:40,assists,9.5,280.0,,True,betmgm,2026-05-02T22:11:55.655179
Stephon Castle,,,219920e3a715ceb3dc69f3638f7571d5,2026-05-05,01:40,assists,6.5,-200.0,,True,betmgm,2026-05-02T22:11:55.655181
Stephon Castle,,,219920e3a715ceb3dc69f3638f7571d5,2026-05-05,01:40,assists,4.5,-900.0,,True,betmgm,2026-05-02T22:11:55.655182
De'Aaron Fox,,,219920e3a715ceb3dc69f3638f7571d5,2026-05-05,01:40,assists,6.5,110.0,,True,betmgm,2026-05-02T22:11:55.655184
De'Aaron Fox,,,219920e3a715ceb3dc69f3638f7571d5,2026-05-05,01:40,assists,4.5,-375.0,,True,betmgm,2026-05-02T22:11:55.655186
De'Aaron Fox,,,219920e3a715ceb3dc69f3638f7571d5,2026-05-05,01:40,assists,9.5,625.0,,True,betmgm,2026-05-02T22:11:55.655187
Mike Conley,,,219920e3a715ceb3dc69f3638f7571d5,2026-05-05,01:40,assists,2.5,-375.0,,True,betmgm,2026-05-02T22:11:55.655191
Mike Conley,,,219920e3a715ceb3dc69f3638f7571d5,2026-05-05,01:40,assists,4.5,145.0,,True,betmgm,2026-05-02T22:11:55.655193
Ayo Dosunmu,,,219920e3a715ceb3dc69f3638f7571d5,2026-05-05,01:40,assists,2.5,-400.0,,True,betmgm,2026-05-02T22:11:55.655195
Jaden McDaniels,,,219920e3a715ceb3dc69f3638f7571d5,2026-05-05,01:40,assists,2.5,-120.0,,True,betmgm,2026-05-02T22:11:55.655197
Devin Vassell,,,219920e3a715ceb3dc69f3638f7571d5,2026-05-05,01:40,assists,4.5,550.0,,True,betmgm,2026-05-02T22:11:55.655198
Mike Conley,,,219920e3a715ceb3dc69f3638f7571d5,2026-05-05,01:40,assists,6.5,550.0,,True,betmgm,2026-05-02T22:11:55.655200
Victor Wembanyama,,,219920e3a715ceb3dc69f3638f7571d5,2026-05-05,01:40,assists,4.5,280.0,,True,betmgm,2026-05-02T22:11:55.655202
Victor Wembanyama,,,219920e3a715ceb3dc69f3638f7571d5,2026-05-05,01:40,assists,2.5,-190.0,,True,betmgm,2026-05-02T22:11:55.655203
Julius Randle,,,219920e3a715ceb3dc69f3638f7571d5,2026-05-05,01:40,assists,6.5,350.0,,True,betmgm,2026-05-02T22:11:55.655205
Julius Randle,,,219920e3a715ceb3dc69f3638f7571d5,2026-05-05,01:40,assists,4.5,-105.0,,True,betmgm,2026-05-02T22:11:55.655207
Julius Randle,,,219920e3a715ceb3dc69f3638f7571d5,2026-05-05,01:40,assists,2.5,-550.0,,True,betmgm,2026-05-02T22:11:55.655208
Jaden McDaniels,,,219920e3a715ceb3dc69f3638f7571d5,2026-05-05,01:40,assists,4.5,425.0,,True,betmgm,2026-05-02T22:11:55.655210
Ayo Dosunmu,,,219920e3a715ceb3dc69f3638f7571d5,2026-05-05,01:40,assists,6.5,500.0,,True,betmgm,2026-05-02T22:11:55.655212
Ayo Dosunmu,,,219920e3a715ceb3dc69f3638f7571d5,2026-05-05,01:40,assists,4.5,130.0,,True,betmgm,2026-05-02T22:11:55.655213
Devin Vassell,,,219920e3a715ceb3dc69f3638f7571d5,2026-05-05,01:40,assists,2.5,100.0,,True,betmgm,2026-05-02T22:11:55.655215
Dylan Harper,,,219920e3a715ceb3dc69f3638f7571d5,2026-05-05,01:40,assists,2.5,-150.0,,True,betmgm,2026-05-02T22:11:55.655217
Dylan Harper,,,219920e3a715ceb3dc69f3638f7571d5,2026-05-05,01:40,assists,4.5,325.0,,True,betmgm,2026-05-02T22:11:55.655219
De'Aaron Fox,,,219920e3a715ceb3dc69f3638f7571d5,2026-05-05,01:40,points,17.5,-115.0,-115.0,False,betmgm,2026-05-02T22:11:55.655234
Devin Vassell,,,219920e3a715ceb3dc69f3638f7571d5,2026-05-05,01:40,points,12.5,-105.0,-125.0,False,betmgm,2026-05-02T22:11:55.655236
Julian Champagnie,,,219920e3a715ceb3dc69f3638f7571d5,2026-05-05,01:40,points,8.5,-115.0,-115.0,False,betmgm,2026-05-02T22:11:55.655237
Mike Conley,,,219920e3a715ceb3dc69f3638f7571d5,2026-05-05,01:40,points,5.5,-130.0,-105.0,False,betmgm,2026-05-02T22:11:55.655239
Stephon Castle,,,219920e3a715ceb3dc69f3638f7571d5,2026-05-05,01:40,points,17.5,-105.0,-125.0,False,betmgm,2026-05-02T22:11:55.655241
Julius Randle,,,219920e3a715ceb3dc69f3638f7571d5,2026-05-05,01:40,points,21.5,-105.0,-125.0,False,betmgm,2026-05-02T22:11:55.655243
Ayo Dosunmu,,,219920e3a715ceb3dc69f3638f7571d5,2026-05-05,01:40,points,16.5,-125.0,-105.0,False,betmgm,2026-05-02T22:11:55.655244
Victor Wembanyama,,,219920e3a715ceb3dc69f3638f7571d5,2026-05-05,01:40,points,27.5,-120.0,-110.0,False,betmgm,2026-05-02T22:11:55.655246
Rudy Gobert,,,219920e3a715ceb3dc69f3638f7571d5,2026-05-05,01:40,points,8.5,-120.0,-110.0,False,betmgm,2026-05-02T22:11:55.655248
Jaden McDaniels,,,219920e3a715ceb3dc69f3638f7571d5,2026-05-05,01:40,points,16.5,-125.0,-105.0,False,betmgm,2026-05-02T22:11:55.655250
Dylan Harper,,,219920e3a715ceb3dc69f3638f7571d5,2026-05-05,01:40,points,9.5,-105.0,-125.0,False,betmgm,2026-05-02T22:11:55.655251
Naz Reid,,,219920e3a715ceb3dc69f3638f7571d5,2026-05-05,01:40,points,11.5,-115.0,-115.0,False,betmgm,2026-05-02T22:11:55.655253
Keldon Johnson,,,219920e3a715ceb3dc69f3638f7571d5,2026-05-05,01:40,points,7.5,-135.0,100.0,False,betmgm,2026-05-02T22:11:55.655255
De'Aaron Fox,,,219920e3a715ceb3dc69f3638f7571d5,2026-05-05,01:40,points,9.5,-1600.0,,True,betmgm,2026-05-02T22:11:55.655275
De'Aaron Fox,,,219920e3a715ceb3dc69f3638f7571d5,2026-05-05,01:40,points,19.5,140.0,,True,betmgm,2026-05-02T22:11:55.655279
De'Aaron Fox,,,219920e3a715ceb3dc69f3638f7571d5,2026-05-05,01:40,points,14.5,-250.0,,True,betmgm,2026-05-02T22:11:55.655281
De'Aaron Fox,,,219920e3a715ceb3dc69f3638f7571d5,2026-05-05,01:40,points,24.5,425.0,,True,betmgm,2026-05-02T22:11:55.655282
Julian Champagnie,,,219920e3a715ceb3dc69f3638f7571d5,2026-05-05,01:40,points,9.5,115.0,,True,betmgm,2026-05-02T22:11:55.655284
Stephon Castle,,,219920e3a715ceb3dc69f3638f7571d5,2026-05-05,01:40,points,14.5,-235.0,,True,betmgm,2026-05-02T22:11:55.655286
Julian Champagnie,,,219920e3a715ceb3dc69f3638f7571d5,2026-05-05,01:40,points,14.5,450.0,,True,betmgm,2026-05-02T22:11:55.655288
Stephon Castle,,,219920e3a715ceb3dc69f3638f7571d5,2026-05-05,01:40,points,19.5,155.0,,True,betmgm,2026-05-02T22:11:55.655289
Stephon Castle,,,219920e3a715ceb3dc69f3638f7571d5,2026-05-05,01:40,points,24.5,475.0,,True,betmgm,2026-05-02T22:11:55.655291
Devin Vassell,,,219920e3a715ceb3dc69f3638f7571d5,2026-05-05,01:40,points,9.5,-250.0,,True,betmgm,2026-05-02T22:11:55.655293
Jaden McDaniels,,,219920e3a715ceb3dc69f3638f7571d5,2026-05-05,01:40,points,14.5,-210.0,,True,betmgm,2026-05-02T22:11:55.655295
Ayo Dosunmu,,,219920e3a715ceb3dc69f3638f7571d5,2026-05-05,01:40,points,9.5,-1000.0,,True,betmgm,2026-05-02T22:11:55.655299
Devin Vassell,,,219920e3a715ceb3dc69f3638f7571d5,2026-05-05,01:40,points,14.5,165.0,,True,betmgm,2026-05-02T22:11:55.655301
Jaden McDaniels,,,219920e3a715ceb3dc69f3638f7571d5,2026-05-05,01:40,points,9.5,-1100.0,,True,betmgm,2026-05-02T22:11:55.655302
Rudy Gobert,,,219920e3a715ceb3dc69f3638f7571d5,2026-05-05,01:40,points,14.5,550.0,,True,betmgm,2026-05-02T22:11:55.655304
Rudy Gobert,,,219920e3a715ceb3dc69f3638f7571d5,2026-05-05,01:40,points,9.5,110.0,,True,betmgm,2026-05-02T22:11:55.655308
Ayo Dosunmu,,,219920e3a715ceb3dc69f3638f7571d5,2026-05-05,01:40,points,19.5,155.0,,True,betmgm,2026-05-02T22:11:55.655310
Victor Wembanyama,,,219920e3a715ceb3dc69f3638f7571d5,2026-05-05,01:40,points,29.5,120.0,,True,betmgm,2026-05-02T22:11:55.655311
Mike Conley,,,219920e3a715ceb3dc69f3638f7571d5,2026-05-05,01:40,points,9.5,333.0,,True,betmgm,2026-05-02T22:11:55.655313
Julius Randle,,,219920e3a715ceb3dc69f3638f7571d5,2026-05-05,01:40,points,14.5,-600.0,,True,betmgm,2026-05-02T22:11:55.655315
Victor Wembanyama,,,219920e3a715ceb3dc69f3638f7571d5,2026-05-05,01:40,points,19.5,-800.0,,True,betmgm,2026-05-02T22:11:55.655317
Jaden McDaniels,,,219920e3a715ceb3dc69f3638f7571d5,2026-05-05,01:40,points,19.5,160.0,,True,betmgm,2026-05-02T22:11:55.655318
Julius Randle,,,219920e3a715ceb3dc69f3638f7571d5,2026-05-05,01:40,points,19.5,-160.0,,True,betmgm,2026-05-02T22:11:55.655320
Ayo Dosunmu,,,219920e3a715ceb3dc69f3638f7571d5,2026-05-05,01:40,points,14.5,-210.0,,True,betmgm,2026-05-02T22:11:55.655322
Victor Wembanyama,,,219920e3a715ceb3dc69f3638f7571d5,2026-05-05,01:40,points,34.5,310.0,,True,betmgm,2026-05-02T22:11:55.655324
Devin Vassell,,,219920e3a715ceb3dc69f3638f7571d5,2026-05-05,01:40,points,19.5,550.0,,True,betmgm,2026-05-02T22:11:55.655325
Julius Randle,,,219920e3a715ceb3dc69f3638f7571d5,2026-05-05,01:40,points,24.5,180.0,,True,betmgm,2026-05-02T22:11:55.655327
Julius Randle,,,219920e3a715ceb3dc69f3638f7571d5,2026-05-05,01:40,points,29.5,475.0,,True,betmgm,2026-05-02T22:11:55.655329
Victor Wembanyama,,,219920e3a715ceb3dc69f3638f7571d5,2026-05-05,01:40,points,24.5,-235.0,,True,betmgm,2026-05-02T22:11:55.655331
Ayo Dosunmu,,,219920e3a715ceb3dc69f3638f7571d5,2026-05-05,01:40,points,24.5,450.0,,True,betmgm,2026-05-02T22:11:55.655332
Stephon Castle,,,219920e3a715ceb3dc69f3638f7571d5,2026-05-05,01:40,points,9.5,-1400.0,,True,betmgm,2026-05-02T22:11:55.655334
Victor Wembanyama,,,219920e3a715ceb3dc69f3638f7571d5,2026-05-05,01:40,points,39.5,750.0,,True,betmgm,2026-05-02T22:11:55.655336
Jaden McDaniels,,,219920e3a715ceb3dc69f3638f7571d5,2026-05-05,01:40,points,24.5,450.0,,True,betmgm,2026-05-02T22:11:55.655338
Dylan Harper,,,219920e3a715ceb3dc69f3638f7571d5,2026-05-05,01:40,points,14.5,375.0,,True,betmgm,2026-05-02T22:11:55.655342
Dylan Harper,,,219920e3a715ceb3dc69f3638f7571d5,2026-05-05,01:40,points,9.5,-105.0,,True,betmgm,2026-05-02T22:11:55.655344
Naz Reid,,,219920e3a715ceb3dc69f3638f7571d5,2026-05-05,01:40,points,14.5,195.0,,True,betmgm,2026-05-02T22:11:55.655345
Naz Reid,,,219920e3a715ceb3dc69f3638f7571d5,2026-05-05,01:40,points,9.5,-220.0,,True,betmgm,2026-05-02T22:11:55.655347
Naz Reid,,,219920e3a715ceb3dc69f3638f7571d5,2026-05-05,01:40,points,19.5,650.0,,True,betmgm,2026-05-02T22:11:55.655349
Keldon Johnson,,,219920e3a715ceb3dc69f3638f7571d5,2026-05-05,01:40,points,9.5,135.0,,True,betmgm,2026-05-02T22:11:55.655350
Keldon Johnson,,,219920e3a715ceb3dc69f3638f7571d5,2026-05-05,01:40,points,14.5,525.0,,True,betmgm,2026-05-02T22:11:55.655352
De'Aaron Fox,,,219920e3a715ceb3dc69f3638f7571d5,2026-05-05,01:40,rebounds,3.5,-165.0,125.0,False,betmgm,2026-05-02T22:11:55.655368
Victor Wembanyama,,,219920e3a715ceb3dc69f3638f7571d5,2026-05-05,01:40,rebounds,11.5,-135.0,100.0,False,betmgm,2026-05-02T22:11:55.655370
Stephon Castle,,,219920e3a715ceb3dc69f3638f7571d5,2026-05-05,01:40,rebounds,5.5,-120.0,-110.0,False,betmgm,2026-05-02T22:11:55.655371
Devin Vassell,,,219920e3a715ceb3dc69f3638f7571d5,2026-05-05,01:40,rebounds,4.5,120.0,-160.0,False,betmgm,2026-05-02T22:11:55.655373
Julian Champagnie,,,219920e3a715ceb3dc69f3638f7571d5,2026-05-05,01:40,rebounds,4.5,-140.0,105.0,False,betmgm,2026-05-02T22:11:55.655374
Julius Randle,,,219920e3a715ceb3dc69f3638f7571d5,2026-05-05,01:40,rebounds,6.5,-120.0,-110.0,False,betmgm,2026-05-02T22:11:55.655376
Ayo Dosunmu,,,219920e3a715ceb3dc69f3638f7571d5,2026-05-05,01:40,rebounds,3.5,-160.0,120.0,False,betmgm,2026-05-02T22:11:55.655378
Jaden McDaniels,,,219920e3a715ceb3dc69f3638f7571d5,2026-05-05,01:40,rebounds,4.5,100.0,-135.0,False,betmgm,2026-05-02T22:11:55.655380
Mike Conley,,,219920e3a715ceb3dc69f3638f7571d5,2026-05-05,01:40,rebounds,2.5,105.0,-140.0,False,betmgm,2026-05-02T22:11:55.655381
Dylan Harper,,,219920e3a715ceb3dc69f3638f7571d5,2026-05-05,01:40,rebounds,2.5,-150.0,110.0,False,betmgm,2026-05-02T22:11:55.655383
Naz Reid,,,219920e3a715ceb3dc69f3638f7571d5,2026-05-05,01:40,rebounds,5.5,-120.0,-110.0,False,betmgm,2026-05-02T22:11:55.655385
Rudy Gobert,,,219920e3a715ceb3dc69f3638f7571d5,2026-05-05,01:40,rebounds,10.5,-145.0,105.0,False,betmgm,2026-05-02T22:11:55.655387
Keldon Johnson,,,219920e3a715ceb3dc69f3638f7571d5,2026-05-05,01:40,rebounds,3.5,-120.0,-111.0,False,betmgm,2026-05-02T22:11:55.655388
Stephon Castle,,,219920e3a715ceb3dc69f3638f7571d5,2026-05-05,01:40,rebounds,6.5,150.0,,True,betmgm,2026-05-02T22:11:55.655409
De'Aaron Fox,,,219920e3a715ceb3dc69f3638f7571d5,2026-05-05,01:40,rebounds,2.5,-450.0,,True,betmgm,2026-05-02T22:11:55.655411
Stephon Castle,,,219920e3a715ceb3dc69f3638f7571d5,2026-05-05,01:40,rebounds,9.5,825.0,,True,betmgm,2026-05-02T22:11:55.655413
De'Aaron Fox,,,219920e3a715ceb3dc69f3638f7571d5,2026-05-05,01:40,rebounds,6.5,475.0,,True,betmgm,2026-05-02T22:11:55.655414
Julius Randle,,,219920e3a715ceb3dc69f3638f7571d5,2026-05-05,01:40,rebounds,6.5,-120.0,,True,betmgm,2026-05-02T22:11:55.655416
Jaden McDaniels,,,219920e3a715ceb3dc69f3638f7571d5,2026-05-05,01:40,rebounds,6.5,360.0,,True,betmgm,2026-05-02T22:11:55.655418
Ayo Dosunmu,,,219920e3a715ceb3dc69f3638f7571d5,2026-05-05,01:40,rebounds,4.5,130.0,,True,betmgm,2026-05-02T22:11:55.655419
Devin Vassell,,,219920e3a715ceb3dc69f3638f7571d5,2026-05-05,01:40,rebounds,6.5,450.0,,True,betmgm,2026-05-02T22:11:55.655421
Julius Randle,,,219920e3a715ceb3dc69f3638f7571d5,2026-05-05,01:40,rebounds,4.5,-450.0,,True,betmgm,2026-05-02T22:11:55.655425
Ayo Dosunmu,,,219920e3a715ceb3dc69f3638f7571d5,2026-05-05,01:40,rebounds,2.5,-400.0,,True,betmgm,2026-05-02T22:11:55.655427
Julian Champagnie,,,219920e3a715ceb3dc69f3638f7571d5,2026-05-05,01:40,rebounds,4.5,-140.0,,True,betmgm,2026-05-02T22:11:55.655428
Stephon Castle,,,219920e3a715ceb3dc69f3638f7571d5,2026-05-05,01:40,rebounds,2.5,-1600.0,,True,betmgm,2026-05-02T22:11:55.655430
Victor Wembanyama,,,219920e3a715ceb3dc69f3638f7571d5,2026-05-05,01:40,rebounds,12.5,115.0,,True,betmgm,2026-05-02T22:11:55.655434
Devin Vassell,,,219920e3a715ceb3dc69f3638f7571d5,2026-05-05,01:40,rebounds,4.5,120.0,,True,betmgm,2026-05-02T22:11:55.655436
Rudy Gobert,,,219920e3a715ceb3dc69f3638f7571d5,2026-05-05,01:40,rebounds,16.5,750.0,,True,betmgm,2026-05-02T22:11:55.655437
Stephon Castle,,,219920e3a715ceb3dc69f3638f7571d5,2026-05-05,01:40,rebounds,4.5,-250.0,,True,betmgm,2026-05-02T22:11:55.655439
Julian Champagnie,,,219920e3a715ceb3dc69f3638f7571d5,2026-05-05,01:40,rebounds,2.5,-800.0,,True,betmgm,2026-05-02T22:11:55.655441
Julius Randle,,,219920e3a715ceb3dc69f3638f7571d5,2026-05-05,01:40,rebounds,9.5,390.0,,True,betmgm,2026-05-02T22:11:55.655443
Victor Wembanyama,,,219920e3a715ceb3dc69f3638f7571d5,2026-05-05,01:40,rebounds,14.5,275.0,,True,betmgm,2026-05-02T22:11:55.655444
Rudy Gobert,,,219920e3a715ceb3dc69f3638f7571d5,2026-05-05,01:40,rebounds,6.5,-1400.0,,True,betmgm,2026-05-02T22:11:55.655446
Ayo Dosunmu,,,219920e3a715ceb3dc69f3638f7571d5,2026-05-05,01:40,rebounds,6.5,475.0,,True,betmgm,2026-05-02T22:11:55.655448
Victor Wembanyama,,,219920e3a715ceb3dc69f3638f7571d5,2026-05-05,01:40,rebounds,9.5,-375.0,,True,betmgm,2026-05-02T22:11:55.655449
Rudy Gobert,,,219920e3a715ceb3dc69f3638f7571d5,2026-05-05,01:40,rebounds,9.5,-225.0,,True,betmgm,2026-05-02T22:11:55.655451
De'Aaron Fox,,,219920e3a715ceb3dc69f3638f7571d5,2026-05-05,01:40,rebounds,4.5,125.0,,True,betmgm,2026-05-02T22:11:55.655453
Devin Vassell,,,219920e3a715ceb3dc69f3638f7571d5,2026-05-05,01:40,rebounds,2.5,-450.0,,True,betmgm,2026-05-02T22:11:55.655454
Jaden McDaniels,,,219920e3a715ceb3dc69f3638f7571d5,2026-05-05,01:40,rebounds,4.5,100.0,,True,betmgm,2026-05-02T22:11:55.655456
Julian Champagnie,,,219920e3a715ceb3dc69f3638f7571d5,2026-05-05,01:40,rebounds,6.5,275.0,,True,betmgm,2026-05-02T22:11:55.655460
Jaden McDaniels,,,219920e3a715ceb3dc69f3638f7571d5,2026-05-05,01:40,rebounds,2.5,-525.0,,True,betmgm,2026-05-02T22:11:55.655462
Rudy Gobert,,,219920e3a715ceb3dc69f3638f7571d5,2026-05-05,01:40,rebounds,14.5,360.0,,True,betmgm,2026-05-02T22:11:55.655464
Rudy Gobert,,,219920e3a715ceb3dc69f3638f7571d5,2026-05-05,01:40,rebounds,12.5,165.0,,True,betmgm,2026-05-02T22:11:55.655465
Victor Wembanyama,,,219920e3a715ceb3dc69f3638f7571d5,2026-05-05,01:40,rebounds,16.5,625.0,,True,betmgm,2026-05-02T22:11:55.655467
Mike Conley,,,219920e3a715ceb3dc69f3638f7571d5,2026-05-05,01:40,rebounds,4.5,575.0,,True,betmgm,2026-05-02T22:11:55.655469
Mike Conley,,,219920e3a715ceb3dc69f3638f7571d5,2026-05-05,01:40,rebounds,2.5,105.0,,True,betmgm,2026-05-02T22:11:55.655470
Dylan Harper,,,219920e3a715ceb3dc69f3638f7571d5,2026-05-05,01:40,rebounds,4.5,333.0,,True,betmgm,2026-05-02T22:11:55.655472
Dylan Harper,,,219920e3a715ceb3dc69f3638f7571d5,2026-05-05,01:40,rebounds,2.5,-150.0,,True,betmgm,2026-05-02T22:11:55.655473
Naz Reid,,,219920e3a715ceb3dc69f3638f7571d5,2026-05-05,01:40,rebounds,6.5,150.0,,True,betmgm,2026-05-02T22:11:55.655475
Naz Reid,,,219920e3a715ceb3dc69f3638f7571d5,2026-05-05,01:40,rebounds,2.5,-1600.0,,True,betmgm,2026-05-02T22:11:55.655477
Naz Reid,,,219920e3a715ceb3dc69f3638f7571d5,2026-05-05,01:40,rebounds,9.5,750.0,,True,betmgm,2026-05-02T22:11:55.655478
Naz Reid,,,219920e3a715ceb3dc69f3638f7571d5,2026-05-05,01:40,rebounds,4.5,-250.0,,True,betmgm,2026-05-02T22:11:55.655480
Keldon Johnson,,,219920e3a715ceb3dc69f3638f7571d5,2026-05-05,01:40,rebounds,4.5,165.0,,True,betmgm,2026-05-02T22:11:55.655482
Keldon Johnson,,,219920e3a715ceb3dc69f3638f7571d5,2026-05-05,01:40,rebounds,6.5,550.0,,True,betmgm,2026-05-02T22:11:55.655484
Keldon Johnson,,,219920e3a715ceb3dc69f3638f7571d5,2026-05-05,01:40,rebounds,2.5,-275.0,,True,betmgm,2026-05-02T22:11:55.655485
Victor Wembanyama,,,219920e3a715ceb3dc69f3638f7571d5,2026-05-05,01:40,threes,2.5,115.0,-155.0,False,betmgm,2026-05-02T22:11:55.655510
Devin Vassell,,,219920e3a715ceb3dc69f3638f7571d5,2026-05-05,01:40,threes,2.5,125.0,-165.0,False,betmgm,2026-05-02T22:11:55.655512
De'Aaron Fox,,,219920e3a715ceb3dc69f3638f7571d5,2026-05-05,01:40,threes,1.5,-150.0,110.0,False,betmgm,2026-05-02T22:11:55.655516
Julian Champagnie,,,219920e3a715ceb3dc69f3638f7571d5,2026-05-05,01:40,threes,1.5,-185.0,135.0,False,betmgm,2026-05-02T22:11:55.655517
Stephon Castle,,,219920e3a715ceb3dc69f3638f7571d5,2026-05-05,01:40,threes,1.5,125.0,-165.0,False,betmgm,2026-05-02T22:11:55.655519
Ayo Dosunmu,,,219920e3a715ceb3dc69f3638f7571d5,2026-05-05,01:40,threes,1.5,-165.0,125.0,False,betmgm,2026-05-02T22:11:55.655521
Jaden McDaniels,,,219920e3a715ceb3dc69f3638f7571d5,2026-05-05,01:40,threes,1.5,-105.0,-125.0,False,betmgm,2026-05-02T22:11:55.655523
Julius Randle,,,219920e3a715ceb3dc69f3638f7571d5,2026-05-05,01:40,threes,1.5,110.0,-150.0,False,betmgm,2026-05-02T22:11:55.655524
Mike Conley,,,219920e3a715ceb3dc69f3638f7571d5,2026-05-05,01:40,threes,1.5,110.0,-150.0,False,betmgm,2026-05-02T22:11:55.655526
Naz Reid,,,219920e3a715ceb3dc69f3638f7571d5,2026-05-05,01:40,threes,1.5,-155.0,115.0,False,betmgm,2026-05-02T22:11:55.655527
Keldon Johnson,,,219920e3a715ceb3dc69f3638f7571d5,2026-05-05,01:40,threes,0.5,-140.0,105.0,False,betmgm,2026-05-02T22:11:55.655529
De'Aaron Fox,,,219920e3a715ceb3dc69f3638f7571d5,2026-05-05,01:40,threes,0.5,-700.0,,True,betmgm,2026-05-02T22:11:55.655551
De'Aaron Fox,,,219920e3a715ceb3dc69f3638f7571d5,2026-05-05,01:40,threes,2.5,200.0,,True,betmgm,2026-05-02T22:11:55.655552
Stephon Castle,,,219920e3a715ceb3dc69f3638f7571d5,2026-05-05,01:40,threes,0.5,-375.0,,True,betmgm,2026-05-02T22:11:55.655554
De'Aaron Fox,,,219920e3a715ceb3dc69f3638f7571d5,2026-05-05,01:40,threes,1.5,-150.0,,True,betmgm,2026-05-02T22:11:55.655556
Devin Vassell,,,219920e3a715ceb3dc69f3638f7571d5,2026-05-05,01:40,threes,3.5,310.0,,True,betmgm,2026-05-02T22:11:55.655558
Julian Champagnie,,,219920e3a715ceb3dc69f3638f7571d5,2026-05-05,01:40,threes,3.5,425.0,,True,betmgm,2026-05-02T22:11:55.655559
Julius Randle,,,219920e3a715ceb3dc69f3638f7571d5,2026-05-05,01:40,threes,3.5,825.0,,True,betmgm,2026-05-02T22:11:55.655563
Jaden McDaniels,,,219920e3a715ceb3dc69f3638f7571d5,2026-05-05,01:40,threes,0.5,-500.0,,True,betmgm,2026-05-02T22:11:55.655565
Mike Conley,,,219920e3a715ceb3dc69f3638f7571d5,2026-05-05,01:40,threes,1.5,110.0,,True,betmgm,2026-05-02T22:11:55.655567
Mike Conley,,,219920e3a715ceb3dc69f3638f7571d5,2026-05-05,01:40,threes,0.5,-400.0,,True,betmgm,2026-05-02T22:11:55.655569
Victor Wembanyama,,,219920e3a715ceb3dc69f3638f7571d5,2026-05-05,01:40,threes,0.5,-1400.0,,True,betmgm,2026-05-02T22:11:55.655570
Victor Wembanyama,,,219920e3a715ceb3dc69f3638f7571d5,2026-05-05,01:40,threes,3.5,290.0,,True,betmgm,2026-05-02T22:11:55.655572
Jaden McDaniels,,,219920e3a715ceb3dc69f3638f7571d5,2026-05-05,01:40,threes,1.5,-115.0,,True,betmgm,2026-05-02T22:11:55.655574
Jaden McDaniels,,,219920e3a715ceb3dc69f3638f7571d5,2026-05-05,01:40,threes,3.5,650.0,,True,betmgm,2026-05-02T22:11:55.655576
Devin Vassell,,,219920e3a715ceb3dc69f3638f7571d5,2026-05-05,01:40,threes,1.5,-235.0,,True,betmgm,2026-05-02T22:11:55.655577
Stephon Castle,,,219920e3a715ceb3dc69f3638f7571d5,2026-05-05,01:40,threes,1.5,120.0,,True,betmgm,2026-05-02T22:11:55.655579
Devin Vassell,,,219920e3a715ceb3dc69f3638f7571d5,2026-05-05,01:40,threes,2.5,125.0,,True,betmgm,2026-05-02T22:11:55.655581
Devin Vassell,,,219920e3a715ceb3dc69f3638f7571d5,2026-05-05,01:40,threes,0.5,-1200.0,,True,betmgm,2026-05-02T22:11:55.655582
Julian Champagnie,,,219920e3a715ceb3dc69f3638f7571d5,2026-05-05,01:40,threes,2.5,165.0,,True,betmgm,2026-05-02T22:11:55.655584
Julius Randle,,,219920e3a715ceb3dc69f3638f7571d5,2026-05-05,01:40,threes,1.5,105.0,,True,betmgm,2026-05-02T22:11:55.655586
Mike Conley,,,219920e3a715ceb3dc69f3638f7571d5,2026-05-05,01:40,threes,3.5,825.0,,True,betmgm,2026-05-02T22:11:55.655588
Julius Randle,,,219920e3a715ceb3dc69f3638f7571d5,2026-05-05,01:40,threes,0.5,-400.0,,True,betmgm,2026-05-02T22:11:55.655589
Ayo Dosunmu,,,219920e3a715ceb3dc69f3638f7571d5,2026-05-05,01:40,threes,0.5,-900.0,,True,betmgm,2026-05-02T22:11:55.655593
Julian Champagnie,,,219920e3a715ceb3dc69f3638f7571d5,2026-05-05,01:40,threes,0.5,-800.0,,True,betmgm,2026-05-02T22:11:55.655595
Jaden McDaniels,,,219920e3a715ceb3dc69f3638f7571d5,2026-05-05,01:40,threes,2.5,260.0,,True,betmgm,2026-05-02T22:11:55.655597
Victor Wembanyama,,,219920e3a715ceb3dc69f3638f7571d5,2026-05-05,01:40,threes,2.5,115.0,,True,betmgm,2026-05-02T22:11:55.655598
Ayo Dosunmu,,,219920e3a715ceb3dc69f3638f7571d5,2026-05-05,01:40,threes,2.5,155.0,,True,betmgm,2026-05-02T22:11:55.655600
Julian Champagnie,,,219920e3a715ceb3dc69f3638f7571d5,2026-05-05,01:40,threes,1.5,-185.0,,True,betmgm,2026-05-02T22:11:55.655602
Ayo Dosunmu,,,219920e3a715ceb3dc69f3638f7571d5,2026-05-05,01:40,threes,1.5,-185.0,,True,betmgm,2026-05-02T22:11:55.655604
Julius Randle,,,219920e3a715ceb3dc69f3638f7571d5,2026-05-05,01:40,threes,2.5,325.0,,True,betmgm,2026-05-02T22:11:55.655605
Ayo Dosunmu,,,219920e3a715ceb3dc69f3638f7571d5,2026-05-05,01:40,threes,3.5,390.0,,True,betmgm,2026-05-02T22:11:55.655607
Victor Wembanyama,,,219920e3a715ceb3dc69f3638f7571d5,2026-05-05,01:40,threes,4.5,650.0,,True,betmgm,2026-05-02T22:11:55.655608
Devin Vassell,,,219920e3a715ceb3dc69f3638f7571d5,2026-05-05,01:40,threes,4.5,700.0,,True,betmgm,2026-05-02T22:11:55.655610
Mike Conley,,,219920e3a715ceb3dc69f3638f7571d5,2026-05-05,01:40,threes,2.5,325.0,,True,betmgm,2026-05-02T22:11:55.655612
Stephon Castle,,,219920e3a715ceb3dc69f3638f7571d5,2026-05-05,01:40,threes,2.5,375.0,,True,betmgm,2026-05-02T22:11:55.655614
De'Aaron Fox,,,219920e3a715ceb3dc69f3638f7571d5,2026-05-05,01:40,threes,3.5,525.0,,True,betmgm,2026-05-02T22:11:55.655615
Victor Wembanyama,,,219920e3a715ceb3dc69f3638f7571d5,2026-05-05,01:40,threes,1.5,-275.0,,True,betmgm,2026-05-02T22:11:55.655617
Naz Reid,,,219920e3a715ceb3dc69f3638f7571d5,2026-05-05,01:40,threes,0.5,-700.0,,True,betmgm,2026-05-02T22:11:55.655621
Naz Reid,,,219920e3a715ceb3dc69f3638f7571d5,2026-05-05,01:40,threes,2.5,195.0,,True,betmgm,2026-05-02T22:11:55.655623
Naz Reid,,,219920e3a715ceb3dc69f3638f7571d5,2026-05-05,01:40,threes,3.5,475.0,,True,betmgm,2026-05-02T22:11:55.655624
Naz Reid,,,219920e3a715ceb3dc69f3638f7571d5,2026-05-05,01:40,threes,1.5,-155.0,,True,betmgm,2026-05-02T22:11:55.655626
Keldon Johnson,,,219920e3a715ceb3dc69f3638f7571d5,2026-05-05,01:40,threes,0.5,-145.0,,True,betmgm,2026-05-02T22:11:55.655628
Keldon Johnson,,,219920e3a715ceb3dc69f3638f7571d5,2026-05-05,01:40,threes,1.5,300.0,,True,betmgm,2026-05-02T22:11:55.655630
Marcus Smart,,,689b4554b0b10e67f46872eb2e74b98d,2026-05-06,01:40,assists,2.5,-135.0,100.0,False,betmgm,2026-05-02T22:11:55.718119
Chet Holmgren,,,689b4554b0b10e67f46872eb2e74b98d,2026-05-06,01:40,assists,1.5,-110.0,-120.0,False,betmgm,2026-05-02T22:11:55.718121
Jalen Williams,,,689b4554b0b10e67f46872eb2e74b98d,2026-05-06,01:40,assists,4.5,-150.0,110.0,False,betmgm,2026-05-02T22:11:55.718123
Shai Gilgeous-Alexander,,,689b4554b0b10e67f46872eb2e74b98d,2026-05-06,01:40,assists,7.5,105.0,-140.0,False,betmgm,2026-05-02T22:11:55.718125
Isaiah Hartenstein,,,689b4554b0b10e67f46872eb2e74b98d,2026-05-06,01:40,assists,2.5,-130.0,-105.0,False,betmgm,2026-05-02T22:11:55.718126
Austin Reaves,,,689b4554b0b10e67f46872eb2e74b98d,2026-05-06,01:40,assists,5.5,115.0,-155.0,False,betmgm,2026-05-02T22:11:55.718128
LeBron James,,,689b4554b0b10e67f46872eb2e74b98d,2026-05-06,01:40,assists,7.5,-115.0,-115.0,False,betmgm,2026-05-02T22:11:55.718130
Rui Hachimura,,,689b4554b0b10e67f46872eb2e74b98d,2026-05-06,01:40,assists,1.5,175.0,-235.0,False,betmgm,2026-05-02T22:11:55.718132
Luguentz Dort,,,689b4554b0b10e67f46872eb2e74b98d,2026-05-06,01:40,assists,1.5,175.0,-235.0,False,betmgm,2026-05-02T22:11:55.718133
Ajay Mitchell,,,689b4554b0b10e67f46872eb2e74b98d,2026-05-06,01:40,assists,3.5,-105.0,-125.0,False,betmgm,2026-05-02T22:11:55.718135
Cason Wallace,,,689b4554b0b10e67f46872eb2e74b98d,2026-05-06,01:40,assists,1.5,-160.0,120.0,False,betmgm,2026-05-02T22:11:55.718137
LeBron James,,,689b4554b0b10e67f46872eb2e74b98d,2026-05-06,01:40,assists,4.5,-900.0,,True,betmgm,2026-05-02T22:11:55.718151
Shai Gilgeous-Alexander,,,689b4554b0b10e67f46872eb2e74b98d,2026-05-06,01:40,assists,9.5,320.0,,True,betmgm,2026-05-02T22:11:55.718153
Shai Gilgeous-Alexander,,,689b4554b0b10e67f46872eb2e74b98d,2026-05-06,01:40,assists,6.5,-185.0,,True,betmgm,2026-05-02T22:11:55.718155
Jalen Williams,,,689b4554b0b10e67f46872eb2e74b98d,2026-05-06,01:40,assists,4.5,-150.0,,True,betmgm,2026-05-02T22:11:55.718157
Jalen Williams,,,689b4554b0b10e67f46872eb2e74b98d,2026-05-06,01:40,assists,2.5,-900.0,,True,betmgm,2026-05-02T22:11:55.718158
LeBron James,,,689b4554b0b10e67f46872eb2e74b98d,2026-05-06,01:40,assists,6.5,-210.0,,True,betmgm,2026-05-02T22:11:55.718160
Marcus Smart,,,689b4554b0b10e67f46872eb2e74b98d,2026-05-06,01:40,assists,4.5,380.0,,True,betmgm,2026-05-02T22:11:55.718162
Shai Gilgeous-Alexander,,,689b4554b0b10e67f46872eb2e74b98d,2026-05-06,01:40,assists,4.5,-800.0,,True,betmgm,2026-05-02T22:11:55.718164
Isaiah Hartenstein,,,689b4554b0b10e67f46872eb2e74b98d,2026-05-06,01:40,assists,2.5,-135.0,,True,betmgm,2026-05-02T22:11:55.718165
Austin Reaves,,,689b4554b0b10e67f46872eb2e74b98d,2026-05-06,01:40,assists,6.5,210.0,,True,betmgm,2026-05-02T22:11:55.718167
LeBron James,,,689b4554b0b10e67f46872eb2e74b98d,2026-05-06,01:40,assists,9.5,250.0,,True,betmgm,2026-05-02T22:11:55.718172
Marcus Smart,,,689b4554b0b10e67f46872eb2e74b98d,2026-05-06,01:40,assists,2.5,-140.0,,True,betmgm,2026-05-02T22:11:55.718173
Isaiah Hartenstein,,,689b4554b0b10e67f46872eb2e74b98d,2026-05-06,01:40,assists,4.5,425.0,,True,betmgm,2026-05-02T22:11:55.718175
Austin Reaves,,,689b4554b0b10e67f46872eb2e74b98d,2026-05-06,01:40,assists,4.5,-175.0,,True,betmgm,2026-05-02T22:11:55.718179
Jalen Williams,,,689b4554b0b10e67f46872eb2e74b98d,2026-05-06,01:40,assists,6.5,260.0,,True,betmgm,2026-05-02T22:11:55.718181
Austin Reaves,,,689b4554b0b10e67f46872eb2e74b98d,2026-05-06,01:40,assists,2.5,-1100.0,,True,betmgm,2026-05-02T22:11:55.718182
Ajay Mitchell,,,689b4554b0b10e67f46872eb2e74b98d,2026-05-06,01:40,assists,6.5,775.0,,True,betmgm,2026-05-02T22:11:55.718186
Cason Wallace,,,689b4554b0b10e67f46872eb2e74b98d,2026-05-06,01:40,assists,4.5,850.0,,True,betmgm,2026-05-02T22:11:55.718188
Ajay Mitchell,,,689b4554b0b10e67f46872eb2e74b98d,2026-05-06,01:40,assists,2.5,-250.0,,True,betmgm,2026-05-02T22:11:55.718190
Ajay Mitchell,,,689b4554b0b10e67f46872eb2e74b98d,2026-05-06,01:40,assists,4.5,200.0,,True,betmgm,2026-05-02T22:11:55.718191
Chet Holmgren,,,689b4554b0b10e67f46872eb2e74b98d,2026-05-06,01:40,points,16.5,-115.0,-115.0,False,betmgm,2026-05-02T22:11:55.718205
Isaiah Hartenstein,,,689b4554b0b10e67f46872eb2e74b98d,2026-05-06,01:40,points,7.5,-120.0,-110.0,False,betmgm,2026-05-02T22:11:55.718207
Deandre Ayton,,,689b4554b0b10e67f46872eb2e74b98d,2026-05-06,01:40,points,10.5,-115.0,-115.0,False,betmgm,2026-05-02T22:11:55.718209
Shai Gilgeous-Alexander,,,689b4554b0b10e67f46872eb2e74b98d,2026-05-06,01:40,points,31.5,-120.0,-110.0,False,betmgm,2026-05-02T22:11:55.718211
Luguentz Dort,,,689b4554b0b10e67f46872eb2e74b98d,2026-05-06,01:40,points,6.5,-120.0,-110.0,False,betmgm,2026-05-02T22:11:55.718212
Rui Hachimura,,,689b4554b0b10e67f46872eb2e74b98d,2026-05-06,01:40,points,11.5,-120.0,-110.0,False,betmgm,2026-05-02T22:11:55.718214
Austin Reaves,,,689b4554b0b10e67f46872eb2e74b98d,2026-05-06,01:40,points,21.5,-115.0,-115.0,False,betmgm,2026-05-02T22:11:55.718216
LeBron James,,,689b4554b0b10e67f46872eb2e74b98d,2026-05-06,01:40,points,20.5,-105.0,-125.0,False,betmgm,2026-05-02T22:11:55.718217
Jalen Williams,,,689b4554b0b10e67f46872eb2e74b98d,2026-05-06,01:40,points,15.5,-130.0,-105.0,False,betmgm,2026-05-02T22:11:55.718219
Marcus Smart,,,689b4554b0b10e67f46872eb2e74b98d,2026-05-06,01:40,points,10.5,-120.0,-111.0,False,betmgm,2026-05-02T22:11:55.718221
Luke Kennard,,,689b4554b0b10e67f46872eb2e74b98d,2026-05-06,01:40,points,8.5,100.0,-135.0,False,betmgm,2026-05-02T22:11:55.718222
Ajay Mitchell,,,689b4554b0b10e67f46872eb2e74b98d,2026-05-06,01:40,points,14.5,-130.0,-105.0,False,betmgm,2026-05-02T22:11:55.718224
Cason Wallace,,,689b4554b0b10e67f46872eb2e74b98d,2026-05-06,01:40,points,7.5,100.0,-135.0,False,betmgm,2026-05-02T22:11:55.718226
Rui Hachimura,,,689b4554b0b10e67f46872eb2e74b98d,2026-05-06,01:40,points,9.5,-220.0,,True,betmgm,2026-05-02T22:11:55.718246
Marcus Smart,,,689b4554b0b10e67f46872eb2e74b98d,2026-05-06,01:40,points,9.5,-160.0,,True,betmgm,2026-05-02T22:11:55.718248
Austin Reaves,,,689b4554b0b10e67f46872eb2e74b98d,2026-05-06,01:40,points,19.5,-190.0,,True,betmgm,2026-05-02T22:11:55.718249
Deandre Ayton,,,689b4554b0b10e67f46872eb2e74b98d,2026-05-06,01:40,points,9.5,-190.0,,True,betmgm,2026-05-02T22:11:55.718251
Shai Gilgeous-Alexander,,,689b4554b0b10e67f46872eb2e74b98d,2026-05-06,01:40,points,39.5,360.0,,True,betmgm,2026-05-02T22:11:55.718253
Shai Gilgeous-Alexander,,,689b4554b0b10e67f46872eb2e74b98d,2026-05-06,01:40,points,34.5,140.0,,True,betmgm,2026-05-02T22:11:55.718254
Shai Gilgeous-Alexander,,,689b4554b0b10e67f46872eb2e74b98d,2026-05-06,01:40,points,24.5,-625.0,,True,betmgm,2026-05-02T22:11:55.718256
Jalen Williams,,,689b4554b0b10e67f46872eb2e74b98d,2026-05-06,01:40,points,24.5,700.0,,True,betmgm,2026-05-02T22:11:55.718258
Jalen Williams,,,689b4554b0b10e67f46872eb2e74b98d,2026-05-06,01:40,points,14.5,-175.0,,True,betmgm,2026-05-02T22:11:55.718262
Jalen Williams,,,689b4554b0b10e67f46872eb2e74b98d,2026-05-06,01:40,points,19.5,210.0,,True,betmgm,2026-05-02T22:11:55.718263
LeBron James,,,689b4554b0b10e67f46872eb2e74b98d,2026-05-06,01:40,points,14.5,-500.0,,True,betmgm,2026-05-02T22:11:55.718265
LeBron James,,,689b4554b0b10e67f46872eb2e74b98d,2026-05-06,01:40,points,24.5,230.0,,True,betmgm,2026-05-02T22:11:55.718268
Jalen Williams,,,689b4554b0b10e67f46872eb2e74b98d,2026-05-06,01:40,points,9.5,-1000.0,,True,betmgm,2026-05-02T22:11:55.718269
Chet Holmgren,,,689b4554b0b10e67f46872eb2e74b98d,2026-05-06,01:40,points,19.5,180.0,,True,betmgm,2026-05-02T22:11:55.718271
Rui Hachimura,,,689b4554b0b10e67f46872eb2e74b98d,2026-05-06,01:40,points,14.5,185.0,,True,betmgm,2026-05-02T22:11:55.718273
Austin Reaves,,,689b4554b0b10e67f46872eb2e74b98d,2026-05-06,01:40,points,29.5,400.0,,True,betmgm,2026-05-02T22:11:55.718274
Marcus Smart,,,689b4554b0b10e67f46872eb2e74b98d,2026-05-06,01:40,points,14.5,240.0,,True,betmgm,2026-05-02T22:11:55.718276
Chet Holmgren,,,689b4554b0b10e67f46872eb2e74b98d,2026-05-06,01:40,points,24.5,550.0,,True,betmgm,2026-05-02T22:11:55.718278
Shai Gilgeous-Alexander,,,689b4554b0b10e67f46872eb2e74b98d,2026-05-06,01:40,points,29.5,-190.0,,True,betmgm,2026-05-02T22:11:55.718279
Luguentz Dort,,,689b4554b0b10e67f46872eb2e74b98d,2026-05-06,01:40,points,14.5,850.0,,True,betmgm,2026-05-02T22:11:55.718281
Austin Reaves,,,689b4554b0b10e67f46872eb2e74b98d,2026-05-06,01:40,points,14.5,-700.0,,True,betmgm,2026-05-02T22:11:55.718283
Rui Hachimura,,,689b4554b0b10e67f46872eb2e74b98d,2026-05-06,01:40,points,19.5,625.0,,True,betmgm,2026-05-02T22:11:55.718285
Isaiah Hartenstein,,,689b4554b0b10e67f46872eb2e74b98d,2026-05-06,01:40,points,9.5,175.0,,True,betmgm,2026-05-02T22:11:55.718287
Chet Holmgren,,,689b4554b0b10e67f46872eb2e74b98d,2026-05-06,01:40,points,9.5,-1100.0,,True,betmgm,2026-05-02T22:11:55.718288
LeBron James,,,689b4554b0b10e67f46872eb2e74b98d,2026-05-06,01:40,points,29.5,625.0,,True,betmgm,2026-05-02T22:11:55.718290
Luguentz Dort,,,689b4554b0b10e67f46872eb2e74b98d,2026-05-06,01:40,points,9.5,210.0,,True,betmgm,2026-05-02T22:11:55.718292
Chet Holmgren,,,689b4554b0b10e67f46872eb2e74b98d,2026-05-06,01:40,points,14.5,-200.0,,True,betmgm,2026-05-02T22:11:55.718293
Marcus Smart,,,689b4554b0b10e67f46872eb2e74b98d,2026-05-06,01:40,points,19.5,775.0,,True,betmgm,2026-05-02T22:11:55.718295
LeBron James,,,689b4554b0b10e67f46872eb2e74b98d,2026-05-06,01:40,points,19.5,-135.0,,True,betmgm,2026-05-02T22:11:55.718297
Deandre Ayton,,,689b4554b0b10e67f46872eb2e74b98d,2026-05-06,01:40,points,14.5,300.0,,True,betmgm,2026-05-02T22:11:55.718298
Austin Reaves,,,689b4554b0b10e67f46872eb2e74b98d,2026-05-06,01:40,points,24.5,155.0,,True,betmgm,2026-05-02T22:11:55.718300
Ajay Mitchell,,,689b4554b0b10e67f46872eb2e74b98d,2026-05-06,01:40,points,9.5,-600.0,,True,betmgm,2026-05-02T22:11:55.718302
Ajay Mitchell,,,689b4554b0b10e67f46872eb2e74b98d,2026-05-06,01:40,points,19.5,250.0,,True,betmgm,2026-05-02T22:11:55.718303
Ajay Mitchell,,,689b4554b0b10e67f46872eb2e74b98d,2026-05-06,01:40,points,14.5,-135.0,,True,betmgm,2026-05-02T22:11:55.718305
Cason Wallace,,,689b4554b0b10e67f46872eb2e74b98d,2026-05-06,01:40,points,9.5,190.0,,True,betmgm,2026-05-02T22:11:55.718309
Ajay Mitchell,,,689b4554b0b10e67f46872eb2e74b98d,2026-05-06,01:40,points,24.5,750.0,,True,betmgm,2026-05-02T22:11:55.718311
Luke Kennard,,,689b4554b0b10e67f46872eb2e74b98d,2026-05-06,01:40,points,14.5,600.0,,True,betmgm,2026-05-02T22:11:55.718313
Luke Kennard,,,689b4554b0b10e67f46872eb2e74b98d,2026-05-06,01:40,points,9.5,140.0,,True,betmgm,2026-05-02T22:11:55.718314
Cason Wallace,,,689b4554b0b10e67f46872eb2e74b98d,2026-05-06,01:40,points,14.5,750.0,,True,betmgm,2026-05-02T22:11:55.718316
LeBron James,,,689b4554b0b10e67f46872eb2e74b98d,2026-05-06,01:40,rebounds,7.5,100.0,-130.0,False,betmgm,2026-05-02T22:11:55.718331
Jalen Williams,,,689b4554b0b10e67f46872eb2e74b98d,2026-05-06,01:40,rebounds,4.5,120.0,-160.0,False,betmgm,2026-05-02T22:11:55.718335
Shai Gilgeous-Alexander,,,689b4554b0b10e67f46872eb2e74b98d,2026-05-06,01:40,rebounds,4.5,120.0,-160.0,False,betmgm,2026-05-02T22:11:55.718337
Luguentz Dort,,,689b4554b0b10e67f46872eb2e74b98d,2026-05-06,01:40,rebounds,3.5,130.0,-175.0,False,betmgm,2026-05-02T22:11:55.718339
Chet Holmgren,,,689b4554b0b10e67f46872eb2e74b98d,2026-05-06,01:40,rebounds,8.5,-135.0,100.0,False,betmgm,2026-05-02T22:11:55.718340
Rui Hachimura,,,689b4554b0b10e67f46872eb2e74b98d,2026-05-06,01:40,rebounds,3.5,-135.0,100.0,False,betmgm,2026-05-02T22:11:55.718344
Austin Reaves,,,689b4554b0b10e67f46872eb2e74b98d,2026-05-06,01:40,rebounds,4.5,-105.0,-125.0,False,betmgm,2026-05-02T22:11:55.718346
Marcus Smart,,,689b4554b0b10e67f46872eb2e74b98d,2026-05-06,01:40,rebounds,2.5,-160.0,120.0,False,betmgm,2026-05-02T22:11:55.718348
Isaiah Hartenstein,,,689b4554b0b10e67f46872eb2e74b98d,2026-05-06,01:40,rebounds,8.5,110.0,-150.0,False,betmgm,2026-05-02T22:11:55.718349
Deandre Ayton,,,689b4554b0b10e67f46872eb2e74b98d,2026-05-06,01:40,rebounds,8.5,100.0,-135.0,False,betmgm,2026-05-02T22:11:55.718351
Luke Kennard,,,689b4554b0b10e67f46872eb2e74b98d,2026-05-06,01:40,rebounds,2.5,-120.0,-111.0,False,betmgm,2026-05-02T22:11:55.718353
Cason Wallace,,,689b4554b0b10e67f46872eb2e74b98d,2026-05-06,01:40,rebounds,2.5,-140.0,105.0,False,betmgm,2026-05-02T22:11:55.718354
Ajay Mitchell,,,689b4554b0b10e67f46872eb2e74b98d,2026-05-06,01:40,rebounds,3.5,-125.0,-105.0,False,betmgm,2026-05-02T22:11:55.718356
Deandre Ayton,,,689b4554b0b10e67f46872eb2e74b98d,2026-05-06,01:40,rebounds,4.5,-1400.0,,True,betmgm,2026-05-02T22:11:55.718375
LeBron James,,,689b4554b0b10e67f46872eb2e74b98d,2026-05-06,01:40,rebounds,4.5,-750.0,,True,betmgm,2026-05-02T22:11:55.718377
Shai Gilgeous-Alexander,,,689b4554b0b10e67f46872eb2e74b98d,2026-05-06,01:40,rebounds,4.5,120.0,,True,betmgm,2026-05-02T22:11:55.718379
Deandre Ayton,,,689b4554b0b10e67f46872eb2e74b98d,2026-05-06,01:40,rebounds,12.5,600.0,,True,betmgm,2026-05-02T22:11:55.718380
Deandre Ayton,,,689b4554b0b10e67f46872eb2e74b98d,2026-05-06,01:40,rebounds,6.5,-300.0,,True,betmgm,2026-05-02T22:11:55.718382
Shai Gilgeous-Alexander,,,689b4554b0b10e67f46872eb2e74b98d,2026-05-06,01:40,rebounds,6.5,475.0,,True,betmgm,2026-05-02T22:11:55.718384
Jalen Williams,,,689b4554b0b10e67f46872eb2e74b98d,2026-05-06,01:40,rebounds,2.5,-450.0,,True,betmgm,2026-05-02T22:11:55.718385
Shai Gilgeous-Alexander,,,689b4554b0b10e67f46872eb2e74b98d,2026-05-06,01:40,rebounds,2.5,-450.0,,True,betmgm,2026-05-02T22:11:55.718387
Jalen Williams,,,689b4554b0b10e67f46872eb2e74b98d,2026-05-06,01:40,rebounds,6.5,450.0,,True,betmgm,2026-05-02T22:11:55.718389
Luguentz Dort,,,689b4554b0b10e67f46872eb2e74b98d,2026-05-06,01:40,rebounds,2.5,-190.0,,True,betmgm,2026-05-02T22:11:55.718391
Rui Hachimura,,,689b4554b0b10e67f46872eb2e74b98d,2026-05-06,01:40,rebounds,4.5,140.0,,True,betmgm,2026-05-02T22:11:55.718392
LeBron James,,,689b4554b0b10e67f46872eb2e74b98d,2026-05-06,01:40,rebounds,9.5,250.0,,True,betmgm,2026-05-02T22:11:55.718394
Chet Holmgren,,,689b4554b0b10e67f46872eb2e74b98d,2026-05-06,01:40,rebounds,12.5,500.0,,True,betmgm,2026-05-02T22:11:55.718396
Jalen Williams,,,689b4554b0b10e67f46872eb2e74b98d,2026-05-06,01:40,rebounds,4.5,120.0,,True,betmgm,2026-05-02T22:11:55.718397
Isaiah Hartenstein,,,689b4554b0b10e67f46872eb2e74b98d,2026-05-06,01:40,rebounds,4.5,-1200.0,,True,betmgm,2026-05-02T22:11:55.718399
Isaiah Hartenstein,,,689b4554b0b10e67f46872eb2e74b98d,2026-05-06,01:40,rebounds,12.5,700.0,,True,betmgm,2026-05-02T22:11:55.718401
Marcus Smart,,,689b4554b0b10e67f46872eb2e74b98d,2026-05-06,01:40,rebounds,4.5,325.0,,True,betmgm,2026-05-02T22:11:55.718402
Isaiah Hartenstein,,,689b4554b0b10e67f46872eb2e74b98d,2026-05-06,01:40,rebounds,6.5,-275.0,,True,betmgm,2026-05-02T22:11:55.718404
Chet Holmgren,,,689b4554b0b10e67f46872eb2e74b98d,2026-05-06,01:40,rebounds,9.5,120.0,,True,betmgm,2026-05-02T22:11:55.718406
Austin Reaves,,,689b4554b0b10e67f46872eb2e74b98d,2026-05-06,01:40,rebounds,6.5,340.0,,True,betmgm,2026-05-02T22:11:55.718407
Rui Hachimura,,,689b4554b0b10e67f46872eb2e74b98d,2026-05-06,01:40,rebounds,6.5,525.0,,True,betmgm,2026-05-02T22:11:55.718412
Isaiah Hartenstein,,,689b4554b0b10e67f46872eb2e74b98d,2026-05-06,01:40,rebounds,9.5,180.0,,True,betmgm,2026-05-02T22:11:55.718413
LeBron James,,,689b4554b0b10e67f46872eb2e74b98d,2026-05-06,01:40,rebounds,6.5,-200.0,,True,betmgm,2026-05-02T22:11:55.718415
Austin Reaves,,,689b4554b0b10e67f46872eb2e74b98d,2026-05-06,01:40,rebounds,4.5,-105.0,,True,betmgm,2026-05-02T22:11:55.718417
Luguentz Dort,,,689b4554b0b10e67f46872eb2e74b98d,2026-05-06,01:40,rebounds,4.5,280.0,,True,betmgm,2026-05-02T22:11:55.718418
Rui Hachimura,,,689b4554b0b10e67f46872eb2e74b98d,2026-05-06,01:40,rebounds,2.5,-350.0,,True,betmgm,2026-05-02T22:11:55.718420
Chet Holmgren,,,689b4554b0b10e67f46872eb2e74b98d,2026-05-06,01:40,rebounds,6.5,-450.0,,True,betmgm,2026-05-02T22:11:55.718422
Austin Reaves,,,689b4554b0b10e67f46872eb2e74b98d,2026-05-06,01:40,rebounds,2.5,-550.0,,True,betmgm,2026-05-02T22:11:55.718423
Marcus Smart,,,689b4554b0b10e67f46872eb2e74b98d,2026-05-06,01:40,rebounds,2.5,-160.0,,True,betmgm,2026-05-02T22:11:55.718425
Deandre Ayton,,,689b4554b0b10e67f46872eb2e74b98d,2026-05-06,01:40,rebounds,9.5,160.0,,True,betmgm,2026-05-02T22:11:55.718427
Ajay Mitchell,,,689b4554b0b10e67f46872eb2e74b98d,2026-05-06,01:40,rebounds,4.5,165.0,,True,betmgm,2026-05-02T22:11:55.718428
Ajay Mitchell,,,689b4554b0b10e67f46872eb2e74b98d,2026-05-06,01:40,rebounds,2.5,-325.0,,True,betmgm,2026-05-02T22:11:55.718430
Ajay Mitchell,,,689b4554b0b10e67f46872eb2e74b98d,2026-05-06,01:40,rebounds,6.5,625.0,,True,betmgm,2026-05-02T22:11:55.718432
Luke Kennard,,,689b4554b0b10e67f46872eb2e74b98d,2026-05-06,01:40,rebounds,2.5,-120.0,,True,betmgm,2026-05-02T22:11:55.718433
Cason Wallace,,,689b4554b0b10e67f46872eb2e74b98d,2026-05-06,01:40,rebounds,4.5,340.0,,True,betmgm,2026-05-02T22:11:55.718441
Luke Kennard,,,689b4554b0b10e67f46872eb2e74b98d,2026-05-06,01:40,rebounds,4.5,450.0,,True,betmgm,2026-05-02T22:11:55.718443
Cason Wallace,,,689b4554b0b10e67f46872eb2e74b98d,2026-05-06,01:40,rebounds,2.5,-145.0,,True,betmgm,2026-05-02T22:11:55.718445
LeBron James,,,689b4554b0b10e67f46872eb2e74b98d,2026-05-06,01:40,threes,1.5,105.0,-145.0,False,betmgm,2026-05-02T22:11:55.718458
Luguentz Dort,,,689b4554b0b10e67f46872eb2e74b98d,2026-05-06,01:40,threes,1.5,-120.0,-110.0,False,betmgm,2026-05-02T22:11:55.718459
Shai Gilgeous-Alexander,,,689b4554b0b10e67f46872eb2e74b98d,2026-05-06,01:40,threes,1.5,-140.0,105.0,False,betmgm,2026-05-02T22:11:55.718461
Jalen Williams,,,689b4554b0b10e67f46872eb2e74b98d,2026-05-06,01:40,threes,0.5,-190.0,140.0,False,betmgm,2026-05-02T22:11:55.718463
Marcus Smart,,,689b4554b0b10e67f46872eb2e74b98d,2026-05-06,01:40,threes,1.5,-165.0,125.0,False,betmgm,2026-05-02T22:11:55.718464
Rui Hachimura,,,689b4554b0b10e67f46872eb2e74b98d,2026-05-06,01:40,threes,1.5,-140.0,105.0,False,betmgm,2026-05-02T22:11:55.718466
Chet Holmgren,,,689b4554b0b10e67f46872eb2e74b98d,2026-05-06,01:40,threes,1.5,120.0,-160.0,False,betmgm,2026-05-02T22:11:55.718468
Austin Reaves,,,689b4554b0b10e67f46872eb2e74b98d,2026-05-06,01:40,threes,2.5,120.0,-160.0,False,betmgm,2026-05-02T22:11:55.718470
Cason Wallace,,,689b4554b0b10e67f46872eb2e74b98d,2026-05-06,01:40,threes,1.5,135.0,-185.0,False,betmgm,2026-05-02T22:11:55.718471
Ajay Mitchell,,,689b4554b0b10e67f46872eb2e74b98d,2026-05-06,01:40,threes,1.5,-110.0,-120.0,False,betmgm,2026-05-02T22:11:55.718473
Luke Kennard,,,689b4554b0b10e67f46872eb2e74b98d,2026-05-06,01:40,threes,1.5,130.0,-175.0,False,betmgm,2026-05-02T22:11:55.718475
Chet Holmgren,,,689b4554b0b10e67f46872eb2e74b98d,2026-05-06,01:40,threes,2.5,360.0,,True,betmgm,2026-05-02T22:11:55.718507
Rui Hachimura,,,689b4554b0b10e67f46872eb2e74b98d,2026-05-06,01:40,threes,0.5,-650.0,,True,betmgm,2026-05-02T22:11:55.718509
Shai Gilgeous-Alexander,,,689b4554b0b10e67f46872eb2e74b98d,2026-05-06,01:40,threes,1.5,-140.0,,True,betmgm,2026-05-02T22:11:55.718510
Austin Reaves,,,689b4554b0b10e67f46872eb2e74b98d,2026-05-06,01:40,threes,1.5,-235.0,,True,betmgm,2026-05-02T22:11:55.718512
Shai Gilgeous-Alexander,,,689b4554b0b10e67f46872eb2e74b98d,2026-05-06,01:40,threes,3.5,550.0,,True,betmgm,2026-05-02T22:11:55.718516
Austin Reaves,,,689b4554b0b10e67f46872eb2e74b98d,2026-05-06,01:40,threes,3.5,300.0,,True,betmgm,2026-05-02T22:11:55.718518
LeBron James,,,689b4554b0b10e67f46872eb2e74b98d,2026-05-06,01:40,threes,2.5,325.0,,True,betmgm,2026-05-02T22:11:55.718520
Jalen Williams,,,689b4554b0b10e67f46872eb2e74b98d,2026-05-06,01:40,threes,0.5,-200.0,,True,betmgm,2026-05-02T22:11:55.718521
Jalen Williams,,,689b4554b0b10e67f46872eb2e74b98d,2026-05-06,01:40,threes,1.5,230.0,,True,betmgm,2026-05-02T22:11:55.718526
Shai Gilgeous-Alexander,,,689b4554b0b10e67f46872eb2e74b98d,2026-05-06,01:40,threes,0.5,-650.0,,True,betmgm,2026-05-02T22:11:55.718527
Luguentz Dort,,,689b4554b0b10e67f46872eb2e74b98d,2026-05-06,01:40,threes,0.5,-550.0,,True,betmgm,2026-05-02T22:11:55.718529
LeBron James,,,689b4554b0b10e67f46872eb2e74b98d,2026-05-06,01:40,threes,3.5,825.0,,True,betmgm,2026-05-02T22:11:55.718531
Shai Gilgeous-Alexander,,,689b4554b0b10e67f46872eb2e74b98d,2026-05-06,01:40,threes,2.5,210.0,,True,betmgm,2026-05-02T22:11:55.718532
Rui Hachimura,,,689b4554b0b10e67f46872eb2e74b98d,2026-05-06,01:40,threes,1.5,-145.0,,True,betmgm,2026-05-02T22:11:55.718534
LeBron James,,,689b4554b0b10e67f46872eb2e74b98d,2026-05-06,01:40,threes,1.5,105.0,,True,betmgm,2026-05-02T22:11:55.718536
Jalen Williams,,,689b4554b0b10e67f46872eb2e74b98d,2026-05-06,01:40,threes,2.5,750.0,,True,betmgm,2026-05-02T22:11:55.718537
LeBron James,,,689b4554b0b10e67f46872eb2e74b98d,2026-05-06,01:40,threes,0.5,-400.0,,True,betmgm,2026-05-02T22:11:55.718539
Luguentz Dort,,,689b4554b0b10e67f46872eb2e74b98d,2026-05-06,01:40,threes,1.5,-125.0,,True,betmgm,2026-05-02T22:11:55.718541
Chet Holmgren,,,689b4554b0b10e67f46872eb2e74b98d,2026-05-06,01:40,threes,0.5,-375.0,,True,betmgm,2026-05-02T22:11:55.718543
Luguentz Dort,,,689b4554b0b10e67f46872eb2e74b98d,2026-05-06,01:40,threes,2.5,240.0,,True,betmgm,2026-05-02T22:11:55.718544
Rui Hachimura,,,689b4554b0b10e67f46872eb2e74b98d,2026-05-06,01:40,threes,3.5,500.0,,True,betmgm,2026-05-02T22:11:55.718546
Marcus Smart,,,689b4554b0b10e67f46872eb2e74b98d,2026-05-06,01:40,threes,3.5,425.0,,True,betmgm,2026-05-02T22:11:55.718548
Chet Holmgren,,,689b4554b0b10e67f46872eb2e74b98d,2026-05-06,01:40,threes,1.5,120.0,,True,betmgm,2026-05-02T22:11:55.718549
Marcus Smart,,,689b4554b0b10e67f46872eb2e74b98d,2026-05-06,01:40,threes,0.5,-800.0,,True,betmgm,2026-05-02T22:11:55.718551
Rui Hachimura,,,689b4554b0b10e67f46872eb2e74b98d,2026-05-06,01:40,threes,2.5,200.0,,True,betmgm,2026-05-02T22:11:55.718553
Austin Reaves,,,689b4554b0b10e67f46872eb2e74b98d,2026-05-06,01:40,threes,4.5,675.0,,True,betmgm,2026-05-02T22:11:55.718554
Marcus Smart,,,689b4554b0b10e67f46872eb2e74b98d,2026-05-06,01:40,threes,2.5,170.0,,True,betmgm,2026-05-02T22:11:55.718556
Austin Reaves,,,689b4554b0b10e67f46872eb2e74b98d,2026-05-06,01:40,threes,2.5,120.0,,True,betmgm,2026-05-02T22:11:55.718558
Marcus Smart,,,689b4554b0b10e67f46872eb2e74b98d,2026-05-06,01:40,threes,1.5,-175.0,,True,betmgm,2026-05-02T22:11:55.718559
Luguentz Dort,,,689b4554b0b10e67f46872eb2e74b98d,2026-05-06,01:40,threes,3.5,625.0,,True,betmgm,2026-05-02T22:11:55.718561
Austin Reaves,,,689b4554b0b10e67f46872eb2e74b98d,2026-05-06,01:40,threes,0.5,-1200.0,,True,betmgm,2026-05-02T22:11:55.718563
Ajay Mitchell,,,689b4554b0b10e67f46872eb2e74b98d,2026-05-06,01:40,threes,2.5,275.0,,True,betmgm,2026-05-02T22:11:55.718564
Cason Wallace,,,689b4554b0b10e67f46872eb2e74b98d,2026-05-06,01:40,threes,2.5,400.0,,True,betmgm,2026-05-02T22:11:55.718566
Ajay Mitchell,,,689b4554b0b10e67f46872eb2e74b98d,2026-05-06,01:40,threes,1.5,-110.0,,True,betmgm,2026-05-02T22:11:55.718568
Ajay Mitchell,,,689b4554b0b10e67f46872eb2e74b98d,2026-05-06,01:40,threes,0.5,-500.0,,True,betmgm,2026-05-02T22:11:55.718569
Ajay Mitchell,,,689b4554b0b10e67f46872eb2e74b98d,2026-05-06,01:40,threes,3.5,700.0,,True,betmgm,2026-05-02T22:11:55.718574
Cason Wallace,,,689b4554b0b10e67f46872eb2e74b98d,2026-05-06,01:40,threes,1.5,130.0,,True,betmgm,2026-05-02T22:11:55.718578
Luke Kennard,,,689b4554b0b10e67f46872eb2e74b98d,2026-05-06,01:40,threes,0.5,-350.0,,True,betmgm,2026-05-02T22:11:55.718579
Luke Kennard,,,689b4554b0b10e67f46872eb2e74b98d,2026-05-06,01:40,threes,2.5,400.0,,True,betmgm,2026-05-02T22:11:55.718581
Cason Wallace,,,689b4554b0b10e67f46872eb2e74b98d,2026-05-06,01:40,threes,0.5,-325.0,,True,betmgm,2026-05-02T22:11:55.718583
Luke Kennard,,,689b4554b0b10e67f46872eb2e74b98d,2026-05-06,01:40,threes,1.5,125.0,,True,betmgm,2026-05-02T22:11:55.718584
