player_normalized,prop_type,line,is_alt_line,game_date,betmgm_over_odds,draftkings_over_odds,fanduel_over_odds,betmgm_under_odds,draftkings_under_odds,fanduel_under_odds,best_over,best_over_book,best_under,best_under_book
aaron holiday,points,4.5,False,2026-05-02,,101.0,102.0,,-129.0,-136.0,102.0,,-129.0,
aaron holiday,points,4.5,True,2026-05-02,,101.0,,,,,101.0,,,
aaron holiday,points,5.5,True,2026-05-02,,154.0,,,,,154.0,,,
aaron holiday,points,7.5,True,2026-05-02,,308.0,,,,,308.0,,,
aaron holiday,points,9.5,True,2026-05-02,,610.0,560.0,,,,610.0,,,
aaron holiday,points,11.5,True,2026-05-02,,1100.0,,,,,1100.0,,,
aaron holiday,points,14.5,True,2026-05-02,,2400.0,,,,,2400.0,,,
alperen sengun,assists,2.5,True,2026-05-02,,-1980.0,,,,,-1980.0,,,
alperen sengun,assists,3.5,True,2026-05-02,,-640.0,-800.0,,,450.0,-640.0,,450.0,
alperen sengun,assists,4.5,True,2026-05-02,-325.0,-288.0,-310.0,,,220.0,-288.0,,220.0,
alperen sengun,assists,5.5,False,2026-05-02,,-147.0,-148.0,,112.0,112.0,-147.0,,112.0,
alperen sengun,assists,5.5,True,2026-05-02,,-149.0,-146.0,,,112.0,-146.0,,112.0,
alperen sengun,assists,6.5,False,2026-05-02,115.0,,,-155.0,,,115.0,,-155.0,
alperen sengun,assists,6.5,True,2026-05-02,115.0,123.0,134.0,,,-180.0,134.0,,-180.0,
alperen sengun,assists,7.5,True,2026-05-02,,218.0,250.0,,,-360.0,250.0,,-360.0,
alperen sengun,assists,8.5,True,2026-05-02,,381.0,430.0,,,-750.0,430.0,,-750.0,
alperen sengun,assists,9.5,True,2026-05-02,625.0,640.0,750.0,,,,750.0,,,
alperen sengun,assists,10.5,True,2026-05-02,,1060.0,,,,,1060.0,,,
alperen sengun,assists,11.5,True,2026-05-02,,1700.0,2000.0,,,,2000.0,,,
alperen sengun,assists,12.5,True,2026-05-02,,2500.0,,,,,2500.0,,,
alperen sengun,points,9.5,True,2026-05-02,,-3800.0,-5000.0,,,,-3800.0,,,
alperen sengun,points,11.5,True,2026-05-02,,-1320.0,,,,,-1320.0,,,
alperen sengun,points,12.5,True,2026-05-02,,,-1400.0,,,,-1400.0,,,
alperen sengun,points,13.5,True,2026-05-02,,,-850.0,,,470.0,-850.0,,470.0,
alperen sengun,points,14.5,True,2026-05-02,-550.0,-474.0,-560.0,,,370.0,-474.0,,370.0,
alperen sengun,points,15.5,True,2026-05-02,,,-420.0,,,280.0,-420.0,,280.0,
alperen sengun,points,16.5,True,2026-05-02,,,-320.0,,,225.0,-320.0,,225.0,
alperen sengun,points,17.5,True,2026-05-02,,-214.0,-245.0,,,178.0,-214.0,,178.0,
alperen sengun,points,18.5,True,2026-05-02,,,-198.0,,,146.0,-198.0,,146.0,
alperen sengun,points,19.5,True,2026-05-02,-145.0,-134.0,-150.0,,,116.0,-134.0,,116.0,
alperen sengun,points,20.5,False,2026-05-02,-110.0,-109.0,-118.0,-120.0,-117.0,-112.0,-109.0,,-112.0,
alperen sengun,points,20.5,True,2026-05-02,,-108.0,-118.0,,,-112.0,-108.0,,-112.0,
alperen sengun,points,21.5,True,2026-05-02,,,106.0,,,-140.0,106.0,,-140.0,
alperen sengun,points,22.5,True,2026-05-02,,,136.0,,,-182.0,136.0,,-182.0,
alperen sengun,points,23.5,True,2026-05-02,,,168.0,,,-230.0,168.0,,-230.0,
alperen sengun,points,24.5,True,2026-05-02,220.0,226.0,215.0,,,-290.0,226.0,,-290.0,
alperen sengun,points,25.5,True,2026-05-02,,,260.0,,,-380.0,260.0,,-380.0,
alperen sengun,points,26.5,True,2026-05-02,,,310.0,,,-470.0,310.0,,-470.0,
alperen sengun,points,27.5,True,2026-05-02,,,390.0,,,-650.0,390.0,,-650.0,
alperen sengun,points,28.5,True,2026-05-02,,,470.0,,,-850.0,470.0,,-850.0,
alperen sengun,points,29.5,True,2026-05-02,625.0,620.0,600.0,,,-1200.0,625.0,,-1200.0,
alperen sengun,points,34.5,True,2026-05-02,,1700.0,1400.0,,,,1700.0,,,
alperen sengun,points,39.5,True,2026-05-02,,,4000.0,,,,4000.0,,,
alperen sengun,rebounds,4.5,True,2026-05-02,,-4100.0,,,,,-4100.0,,,
alperen sengun,rebounds,5.5,True,2026-05-02,,-1320.0,-1400.0,,,,-1320.0,,,
alperen sengun,rebounds,6.5,True,2026-05-02,-750.0,-630.0,-580.0,,,360.0,-580.0,,360.0,
alperen sengun,rebounds,7.5,True,2026-05-02,,-344.0,-290.0,,,205.0,-290.0,,205.0,
alperen sengun,rebounds,8.5,True,2026-05-02,,-201.0,-166.0,,,124.0,-166.0,,124.0,
alperen sengun,rebounds,9.5,False,2026-05-02,-135.0,-121.0,-114.0,100.0,-109.0,-114.0,-114.0,,100.0,
alperen sengun,rebounds,9.5,True,2026-05-02,-135.0,-121.0,-114.0,,,-114.0,-114.0,,-114.0,
alperen sengun,rebounds,10.5,True,2026-05-02,,132.0,148.0,,,-200.0,148.0,,-200.0,
alperen sengun,rebounds,11.5,True,2026-05-02,,202.0,250.0,,,-350.0,250.0,,-350.0,
alperen sengun,rebounds,12.5,True,2026-05-02,300.0,310.0,390.0,,,-650.0,390.0,,-650.0,
alperen sengun,rebounds,13.5,True,2026-05-02,,468.0,630.0,,,-1400.0,630.0,,-1400.0,
alperen sengun,rebounds,14.5,True,2026-05-02,700.0,710.0,,,,,710.0,,,
alperen sengun,rebounds,15.5,True,2026-05-02,,1060.0,1400.0,,,,1400.0,,,
alperen sengun,rebounds,16.5,True,2026-05-02,,1560.0,,,,,1560.0,,,
alperen sengun,rebounds,17.5,True,2026-05-02,,2100.0,,,,,2100.0,,,
alperen sengun,rebounds,18.5,True,2026-05-02,,2800.0,,,,,2800.0,,,
amen thompson,assists,2.5,True,2026-05-02,-2000.0,-1360.0,,,,,-1360.0,,,
amen thompson,assists,3.5,True,2026-05-02,,-485.0,-700.0,,,410.0,-485.0,,410.0,
amen thompson,assists,4.5,True,2026-05-02,-250.0,-220.0,-270.0,,,194.0,-220.0,,194.0,
amen thompson,assists,5.5,False,2026-05-02,-120.0,-116.0,-130.0,-110.0,-113.0,-102.0,-116.0,,-102.0,
amen thompson,assists,5.5,True,2026-05-02,,-113.0,-130.0,,,-102.0,-113.0,,-102.0,
amen thompson,assists,6.5,True,2026-05-02,155.0,162.0,168.0,,,-230.0,168.0,,-230.0,
amen thompson,assists,7.5,True,2026-05-02,,287.0,300.0,,,-450.0,300.0,,-450.0,
amen thompson,assists,8.5,True,2026-05-02,,518.0,,,,-1000.0,518.0,,-1000.0,
amen thompson,assists,9.5,True,2026-05-02,850.0,890.0,830.0,,,,890.0,,,
amen thompson,assists,10.5,True,2026-05-02,,1480.0,,,,,1480.0,,,
amen thompson,assists,11.5,True,2026-05-02,,2300.0,2500.0,,,,2500.0,,,
amen thompson,points,9.5,True,2026-05-02,,-2500.0,-3500.0,,,,-2500.0,,,
amen thompson,points,11.5,True,2026-05-02,,-1000.0,-1100.0,,,,-1000.0,,,
amen thompson,points,12.5,True,2026-05-02,,,-700.0,,,410.0,-700.0,,410.0,
amen thompson,points,13.5,True,2026-05-02,,,-490.0,,,320.0,-490.0,,320.0,
amen thompson,points,14.5,True,2026-05-02,-375.0,-368.0,-350.0,,,240.0,-350.0,,240.0,
amen thompson,points,15.5,True,2026-05-02,,,-260.0,,,188.0,-260.0,,188.0,
amen thompson,points,16.5,True,2026-05-02,,,-192.0,,,142.0,-192.0,,142.0,
amen thompson,points,17.5,True,2026-05-02,,-162.0,-146.0,,,110.0,-146.0,,110.0,
amen thompson,points,18.5,False,2026-05-02,-140.0,,-112.0,105.0,,-118.0,-112.0,,105.0,
amen thompson,points,18.5,True,2026-05-02,,,-112.0,,,-118.0,-112.0,,-118.0,
amen thompson,points,19.5,False,2026-05-02,,-102.0,,,-125.0,,-102.0,,-125.0,
amen thompson,points,19.5,True,2026-05-02,100.0,-102.0,118.0,,,-154.0,118.0,,-154.0,
amen thompson,points,20.5,True,2026-05-02,,,152.0,,,-205.0,152.0,,-205.0,
amen thompson,points,21.5,True,2026-05-02,,,194.0,,,-270.0,194.0,,-270.0,
amen thompson,points,22.5,True,2026-05-02,,,235.0,,,-340.0,235.0,,-340.0,
amen thompson,points,23.5,True,2026-05-02,,,290.0,,,-440.0,290.0,,-440.0,
amen thompson,points,24.5,True,2026-05-02,325.0,308.0,390.0,,,-600.0,390.0,,-600.0,
amen thompson,points,25.5,True,2026-05-02,,,450.0,,,-800.0,450.0,,-800.0,
amen thompson,points,26.5,True,2026-05-02,,,,,,-1200.0,,,-1200.0,
amen thompson,points,29.5,True,2026-05-02,,890.0,1100.0,,,,1100.0,,,
amen thompson,points,34.5,True,2026-05-02,,2300.0,4000.0,,,,4000.0,,,
amen thompson,rebounds,3.5,True,2026-05-02,,-2100.0,-4000.0,,,,-2100.0,,,
amen thompson,rebounds,4.5,True,2026-05-02,-750.0,-770.0,-1000.0,,,,-750.0,,,
amen thompson,rebounds,5.5,True,2026-05-02,,-372.0,-370.0,,,265.0,-370.0,,265.0,
amen thompson,rebounds,6.5,True,2026-05-02,-190.0,-202.0,-192.0,,,142.0,-190.0,,142.0,
amen thompson,rebounds,7.5,False,2026-05-02,-105.0,-118.0,102.0,-125.0,-112.0,-136.0,102.0,,-112.0,
amen thompson,rebounds,7.5,True,2026-05-02,,-118.0,104.0,,,-136.0,104.0,,-136.0,
amen thompson,rebounds,8.5,True,2026-05-02,,143.0,178.0,,,-245.0,178.0,,-245.0,
amen thompson,rebounds,9.5,True,2026-05-02,275.0,235.0,260.0,,,-380.0,275.0,,-380.0,
amen thompson,rebounds,10.5,True,2026-05-02,,382.0,430.0,,,-750.0,430.0,,-750.0,
amen thompson,rebounds,11.5,True,2026-05-02,,600.0,800.0,,,,800.0,,,
amen thompson,rebounds,12.5,True,2026-05-02,,960.0,,,,,960.0,,,
amen thompson,rebounds,13.5,True,2026-05-02,,1500.0,1700.0,,,,1700.0,,,
amen thompson,rebounds,14.5,True,2026-05-02,,2100.0,,,,,2100.0,,,
amen thompson,rebounds,15.5,True,2026-05-02,,2900.0,,,,,2900.0,,,
anthony black,assists,1.5,True,2026-05-01,,,-460.0,,,,-460.0,,,
anthony black,assists,2.5,False,2026-05-01,-165.0,-161.0,-154.0,125.0,122.0,116.0,-154.0,,125.0,
anthony black,assists,2.5,True,2026-05-01,-175.0,-162.0,,,,,-162.0,,,
anthony black,assists,3.5,True,2026-05-01,,152.0,168.0,,,,168.0,,,
anthony black,assists,4.5,True,2026-05-01,320.0,340.0,,,,,340.0,,,
anthony black,assists,5.5,True,2026-05-01,,730.0,830.0,,,,830.0,,,
anthony black,assists,6.5,True,2026-05-01,,1460.0,,,,,1460.0,,,
anthony black,assists,7.5,True,2026-05-01,,2500.0,,,,,2500.0,,,
anthony black,points,5.5,True,2026-05-01,,-2100.0,,,,,-2100.0,,,
anthony black,points,7.5,True,2026-05-01,,-720.0,-700.0,,,410.0,-700.0,,410.0,
anthony black,points,8.5,True,2026-05-01,,,-490.0,,,320.0,-490.0,,320.0,
anthony black,points,9.5,True,2026-05-01,-350.0,-334.0,-340.0,,,235.0,-334.0,,235.0,
anthony black,points,10.5,True,2026-05-01,,,-250.0,,,182.0,-250.0,,182.0,
anthony black,points,11.5,True,2026-05-01,,-177.0,-188.0,,,140.0,-177.0,,140.0,
anthony black,points,12.5,True,2026-05-01,,,-136.0,,,102.0,-136.0,,102.0,
anthony black,points,13.5,False,2026-05-01,-105.0,-103.0,100.0,-125.0,-124.0,-132.0,100.0,,-124.0,
anthony black,points,13.5,True,2026-05-01,,-103.0,100.0,,,-132.0,100.0,,-132.0,
anthony black,points,14.5,True,2026-05-01,125.0,127.0,132.0,,,-174.0,132.0,,-174.0,
anthony black,points,15.5,True,2026-05-01,,,168.0,,,-230.0,168.0,,-230.0,
anthony black,points,16.5,True,2026-05-01,,,220.0,,,-310.0,220.0,,-310.0,
anthony black,points,17.5,True,2026-05-01,,275.0,270.0,,,-400.0,275.0,,-400.0,
anthony black,points,18.5,True,2026-05-01,,,350.0,,,-550.0,350.0,,-550.0,
anthony black,points,19.5,True,2026-05-01,425.0,445.0,450.0,,,,450.0,,,
anthony black,points,24.5,True,2026-05-01,,1380.0,1300.0,,,,1380.0,,,
anthony black,rebounds,1.5,True,2026-05-01,,,-800.0,,,450.0,-800.0,,450.0,
anthony black,rebounds,2.5,True,2026-05-01,-275.0,-251.0,-250.0,,,182.0,-250.0,,182.0,
anthony black,rebounds,3.5,False,2026-05-01,-110.0,-103.0,100.0,-120.0,-127.0,-132.0,100.0,,-120.0,
anthony black,rebounds,3.5,True,2026-05-01,,-105.0,102.0,,,-132.0,102.0,,-132.0,
anthony black,rebounds,4.5,True,2026-05-01,200.0,206.0,220.0,,,-310.0,220.0,,-310.0,
anthony black,rebounds,5.5,True,2026-05-01,,434.0,440.0,,,-700.0,440.0,,-700.0,
anthony black,rebounds,6.5,True,2026-05-01,775.0,840.0,,,,,840.0,,,
anthony black,rebounds,7.5,True,2026-05-01,,1600.0,1500.0,,,,1600.0,,,
anthony black,rebounds,8.5,True,2026-05-01,,2600.0,,,,,2600.0,,,
anthony black,threes,0.5,True,2026-05-01,-350.0,-322.0,-340.0,,,235.0,-322.0,,235.0,
anthony black,threes,1.5,False,2026-05-01,125.0,140.0,148.0,-165.0,-186.0,-200.0,148.0,,-165.0,
anthony black,threes,1.5,True,2026-05-01,120.0,141.0,148.0,,,-200.0,148.0,,-200.0,
anthony black,threes,2.5,True,2026-05-01,375.0,431.0,450.0,,,-750.0,450.0,,-750.0,
anthony black,threes,3.5,True,2026-05-01,,1180.0,1100.0,,,,1180.0,,,
anthony black,threes,4.5,True,2026-05-01,,2600.0,,,,,2600.0,,,
ausar thompson,assists,1.5,True,2026-05-01,,,-650.0,,,390.0,-650.0,,390.0,
ausar thompson,assists,2.5,False,2026-05-01,,-166.0,,,126.0,,-166.0,,126.0,
ausar thompson,assists,2.5,True,2026-05-01,-210.0,-171.0,-194.0,,,144.0,-171.0,,144.0,
ausar thompson,assists,3.5,False,2026-05-01,130.0,,134.0,-175.0,,-180.0,134.0,,-175.0,
ausar thompson,assists,3.5,True,2026-05-01,,144.0,136.0,,,-180.0,144.0,,-180.0,
ausar thompson,assists,4.5,True,2026-05-01,260.0,319.0,290.0,,,-440.0,319.0,,-440.0,
ausar thompson,assists,5.5,True,2026-05-01,,670.0,600.0,,,-1200.0,670.0,,-1200.0,
ausar thompson,assists,6.5,True,2026-05-01,,1360.0,,,,,1360.0,,,
ausar thompson,assists,7.5,True,2026-05-01,,2400.0,2000.0,,,,2400.0,,,
ausar thompson,points,4.5,True,2026-05-01,,,-800.0,,,450.0,-800.0,,450.0,
ausar thompson,points,5.5,True,2026-05-01,,-459.0,-470.0,,,310.0,-459.0,,310.0,
ausar thompson,points,6.5,True,2026-05-01,,,-300.0,,,210.0,-300.0,,210.0,
ausar thompson,points,7.5,True,2026-05-01,,-189.0,-200.0,,,148.0,-189.0,,148.0,
ausar thompson,points,8.5,False,2026-05-01,-115.0,-119.0,-136.0,-115.0,-108.0,102.0,-115.0,,102.0,
ausar thompson,points,8.5,True,2026-05-01,,-119.0,-136.0,,,102.0,-119.0,,102.0,
ausar thompson,points,9.5,True,2026-05-01,115.0,111.0,110.0,,,-144.0,115.0,,-144.0,
ausar thompson,points,10.5,True,2026-05-01,,,152.0,,,-205.0,152.0,,-205.0,
ausar thompson,points,11.5,True,2026-05-01,,218.0,205.0,,,-290.0,218.0,,-290.0,
ausar thompson,points,12.5,True,2026-05-01,,,280.0,,,-420.0,280.0,,-420.0,
ausar thompson,points,14.5,True,2026-05-01,600.0,556.0,500.0,,,,600.0,,,
ausar thompson,points,17.5,True,2026-05-01,,1320.0,,,,,1320.0,,,
ausar thompson,points,19.5,True,2026-05-01,,2200.0,1700.0,,,,2200.0,,,
ausar thompson,rebounds,3.5,True,2026-05-01,,-1360.0,-1600.0,,,,-1360.0,,,
ausar thompson,rebounds,4.5,True,2026-05-01,-750.0,-549.0,-580.0,,,360.0,-549.0,,360.0,
ausar thompson,rebounds,5.5,True,2026-05-01,,-268.0,-265.0,,,198.0,-265.0,,198.0,
ausar thompson,rebounds,6.5,False,2026-05-01,,-143.0,-154.0,,109.0,116.0,-143.0,,116.0,
ausar thompson,rebounds,6.5,True,2026-05-01,-185.0,-144.0,-154.0,,,116.0,-144.0,,116.0,
ausar thompson,rebounds,7.5,False,2026-05-01,-105.0,,,-125.0,,,-105.0,,-125.0,
ausar thompson,rebounds,7.5,True,2026-05-01,,120.0,116.0,,,-154.0,120.0,,-154.0,
ausar thompson,rebounds,8.5,True,2026-05-01,,197.0,194.0,,,-270.0,197.0,,-270.0,
ausar thompson,rebounds,9.5,True,2026-05-01,275.0,324.0,270.0,,,-400.0,324.0,,-400.0,
ausar thompson,rebounds,10.5,True,2026-05-01,,526.0,,,,,526.0,,,
ausar thompson,rebounds,11.5,True,2026-05-01,,830.0,680.0,,,,830.0,,,
ausar thompson,rebounds,12.5,True,2026-05-01,,1300.0,,,,,1300.0,,,
ausar thompson,rebounds,13.5,True,2026-05-01,,1960.0,1500.0,,,,1960.0,,,
ausar thompson,rebounds,14.5,True,2026-05-01,,2700.0,,,,,2700.0,,,
ausar thompson,rebounds,15.5,True,2026-05-01,,,3500.0,,,,3500.0,,,
austin reaves,assists,2.5,True,2026-05-02,-2000.0,-1340.0,,,,,-1340.0,,,
austin reaves,assists,3.5,True,2026-05-02,,-494.0,-670.0,,,410.0,-494.0,,410.0,
austin reaves,assists,4.5,True,2026-05-02,-275.0,-229.0,-300.0,,,210.0,-229.0,,210.0,
austin reaves,assists,5.5,False,2026-05-02,-135.0,-121.0,-138.0,100.0,-109.0,104.0,-121.0,,104.0,
austin reaves,assists,5.5,True,2026-05-02,,-121.0,-136.0,,,104.0,-121.0,,104.0,
austin reaves,assists,6.5,True,2026-05-02,140.0,150.0,142.0,,,-192.0,150.0,,-192.0,
austin reaves,assists,7.5,True,2026-05-02,,256.0,280.0,,,-400.0,280.0,,-400.0,
austin reaves,assists,8.5,True,2026-05-02,,438.0,450.0,,,-800.0,450.0,,-800.0,
austin reaves,assists,9.5,True,2026-05-02,750.0,740.0,700.0,,,,750.0,,,
austin reaves,assists,10.5,True,2026-05-02,,1200.0,,,,,1200.0,,,
austin reaves,assists,11.5,True,2026-05-02,,1880.0,1700.0,,,,1880.0,,,
austin reaves,assists,12.5,True,2026-05-02,,2700.0,,,,,2700.0,,,
austin reaves,points,11.5,True,2026-05-02,,-3200.0,,,,,-3200.0,,,
austin reaves,points,14.5,True,2026-05-02,-1100.0,-930.0,-1100.0,,,,-930.0,,,
austin reaves,points,15.5,True,2026-05-02,,,-800.0,,,470.0,-800.0,,470.0,
austin reaves,points,16.5,True,2026-05-02,,,-580.0,,,360.0,-580.0,,360.0,
austin reaves,points,17.5,True,2026-05-02,,-398.0,-440.0,,,290.0,-398.0,,290.0,
austin reaves,points,18.5,True,2026-05-02,,,-330.0,,,230.0,-330.0,,230.0,
austin reaves,points,19.5,True,2026-05-02,-275.0,-251.0,-260.0,,,188.0,-251.0,,188.0,
austin reaves,points,20.5,True,2026-05-02,,,-210.0,,,154.0,-210.0,,154.0,
austin reaves,points,21.5,True,2026-05-02,,,-166.0,,,124.0,-166.0,,124.0,
austin reaves,points,22.5,True,2026-05-02,,,-132.0,,,100.0,-132.0,,100.0,
austin reaves,points,23.5,False,2026-05-02,-105.0,-108.0,-106.0,-125.0,-118.0,-125.0,-105.0,,-118.0,
austin reaves,points,23.5,True,2026-05-02,,-108.0,-106.0,,,-125.0,-106.0,,-125.0,
austin reaves,points,24.5,True,2026-05-02,115.0,112.0,116.0,,,-154.0,116.0,,-154.0,
austin reaves,points,25.5,True,2026-05-02,,,142.0,,,-192.0,142.0,,-192.0,
austin reaves,points,26.5,True,2026-05-02,,,174.0,,,-240.0,174.0,,-240.0,
austin reaves,points,27.5,True,2026-05-02,,,205.0,,,-290.0,205.0,,-290.0,
austin reaves,points,28.5,True,2026-05-02,,,250.0,,,-360.0,250.0,,-360.0,
austin reaves,points,29.5,True,2026-05-02,310.0,284.0,300.0,,,-450.0,310.0,,-450.0,
austin reaves,points,30.5,True,2026-05-02,,,360.0,,,-580.0,360.0,,-580.0,
austin reaves,points,31.5,True,2026-05-02,,,430.0,,,-750.0,430.0,,-750.0,
austin reaves,points,32.5,True,2026-05-02,,,,,,-1100.0,,,-1100.0,
austin reaves,points,33.5,True,2026-05-02,,,,,,-1450.0,,,-1450.0,
austin reaves,points,34.5,True,2026-05-02,800.0,680.0,830.0,,,,830.0,,,
austin reaves,points,39.5,True,2026-05-02,,1620.0,1700.0,,,,1700.0,,,
austin reaves,rebounds,2.5,True,2026-05-02,-500.0,-309.0,-420.0,,,280.0,-309.0,,280.0,
austin reaves,rebounds,3.5,False,2026-05-02,,-135.0,-158.0,,102.0,118.0,-135.0,,118.0,
austin reaves,rebounds,3.5,True,2026-05-02,,-135.0,-158.0,,,118.0,-135.0,,118.0,
austin reaves,rebounds,4.5,False,2026-05-02,110.0,,,-150.0,,,110.0,,-150.0,
austin reaves,rebounds,4.5,True,2026-05-02,110.0,147.0,146.0,,,-200.0,147.0,,-200.0,
austin reaves,rebounds,5.5,True,2026-05-02,,283.0,280.0,,,-420.0,283.0,,-420.0,
austin reaves,rebounds,6.5,True,2026-05-02,425.0,520.0,,,,-1100.0,520.0,,-1100.0,
austin reaves,rebounds,7.5,True,2026-05-02,,940.0,1060.0,,,,1060.0,,,
austin reaves,rebounds,8.5,True,2026-05-02,,1560.0,,,,,1560.0,,,
austin reaves,rebounds,9.5,True,2026-05-02,,2500.0,,,,,2500.0,,,
austin reaves,threes,0.5,True,2026-05-02,-900.0,-820.0,-1000.0,,,,-820.0,,,
austin reaves,threes,1.5,False,2026-05-02,-190.0,-175.0,-174.0,140.0,132.0,130.0,-174.0,,140.0,
austin reaves,threes,1.5,True,2026-05-02,-200.0,-171.0,-170.0,,,130.0,-170.0,,130.0,
austin reaves,threes,2.5,True,2026-05-02,150.0,165.0,180.0,,,-245.0,180.0,,-245.0,
austin reaves,threes,3.5,True,2026-05-02,375.0,407.0,450.0,,,-750.0,450.0,,-750.0,
austin reaves,threes,4.5,True,2026-05-02,,940.0,1100.0,,,,1100.0,,,
austin reaves,threes,5.5,True,2026-05-02,,1940.0,2000.0,,,,2000.0,,,
ayo dosunmu,assists,1.5,True,2026-05-05,,,-2500.0,,,,-2500.0,,,
ayo dosunmu,assists,2.5,True,2026-05-05,-400.0,-422.0,,,,,-400.0,,,
ayo dosunmu,assists,3.5,False,2026-05-05,-160.0,,,120.0,,,-160.0,,120.0,
ayo dosunmu,assists,3.5,True,2026-05-05,,-172.0,-194.0,,,,-172.0,,,
ayo dosunmu,assists,4.5,False,2026-05-05,,122.0,116.0,,-161.0,-154.0,122.0,,-154.0,
ayo dosunmu,assists,4.5,True,2026-05-05,130.0,121.0,,,,,130.0,,,
ayo dosunmu,assists,5.5,True,2026-05-05,,241.0,250.0,,,,250.0,,,
ayo dosunmu,assists,6.5,True,2026-05-05,475.0,454.0,,,,,475.0,,,
ayo dosunmu,assists,7.5,True,2026-05-05,,880.0,900.0,,,,900.0,,,
ayo dosunmu,assists,8.5,True,2026-05-05,,1540.0,,,,,1540.0,,,
ayo dosunmu,assists,9.5,True,2026-05-05,,2400.0,2500.0,,,,2500.0,,,
ayo dosunmu,points,7.5,True,2026-05-05,,-2700.0,,,,,-2700.0,,,
ayo dosunmu,points,9.5,True,2026-05-05,-1000.0,-1040.0,-1600.0,,,,-1000.0,,,
ayo dosunmu,points,11.5,True,2026-05-05,,-518.0,,,,,-518.0,,,
ayo dosunmu,points,14.5,True,2026-05-05,-210.0,-223.0,-235.0,,,,-210.0,,,
ayo dosunmu,points,16.5,False,2026-05-05,-125.0,,,-105.0,,,-125.0,,-105.0,
ayo dosunmu,points,17.5,False,2026-05-05,,-109.0,-106.0,,-117.0,-125.0,-106.0,,-117.0,
ayo dosunmu,points,17.5,True,2026-05-05,,-111.0,,,,,-111.0,,,
ayo dosunmu,points,19.5,True,2026-05-05,155.0,140.0,162.0,,,,162.0,,,
ayo dosunmu,points,24.5,True,2026-05-05,450.0,374.0,470.0,,,,470.0,,,
ayo dosunmu,points,29.5,True,2026-05-05,,940.0,1200.0,,,,1200.0,,,
ayo dosunmu,points,34.5,True,2026-05-05,,2200.0,3500.0,,,,3500.0,,,
ayo dosunmu,rebounds,2.5,True,2026-05-05,-375.0,-430.0,,,,,-375.0,,,
ayo dosunmu,rebounds,3.5,False,2026-05-05,-155.0,,-162.0,115.0,,122.0,-155.0,,122.0,
ayo dosunmu,rebounds,3.5,True,2026-05-05,,-173.0,-160.0,,,,-160.0,,,
ayo dosunmu,rebounds,4.5,False,2026-05-05,,120.0,,,-159.0,,120.0,,-159.0,
ayo dosunmu,rebounds,4.5,True,2026-05-05,135.0,121.0,,,,,135.0,,,
ayo dosunmu,rebounds,5.5,True,2026-05-05,,241.0,300.0,,,,300.0,,,
ayo dosunmu,rebounds,6.5,True,2026-05-05,475.0,460.0,,,,,475.0,,,
ayo dosunmu,rebounds,7.5,True,2026-05-05,,860.0,1100.0,,,,1100.0,,,
ayo dosunmu,rebounds,8.5,True,2026-05-05,,1520.0,,,,,1520.0,,,
ayo dosunmu,rebounds,9.5,True,2026-05-05,,2400.0,,,,,2400.0,,,
ayo dosunmu,threes,0.5,True,2026-05-05,-800.0,-770.0,-670.0,,,,-670.0,,,
ayo dosunmu,threes,1.5,False,2026-05-05,-175.0,-162.0,-138.0,130.0,123.0,104.0,-138.0,,130.0,
ayo dosunmu,threes,1.5,True,2026-05-05,-185.0,-163.0,-136.0,,,,-136.0,,,
ayo dosunmu,threes,2.5,True,2026-05-05,165.0,176.0,235.0,,,,235.0,,,
ayo dosunmu,threes,3.5,True,2026-05-05,390.0,440.0,600.0,,,,600.0,,,
ayo dosunmu,threes,4.5,True,2026-05-05,,990.0,1500.0,,,,1500.0,,,
ayo dosunmu,threes,5.5,True,2026-05-05,,2000.0,,,,,2000.0,,,
baylor scheierman,points,2.5,False,2026-05-02,,,-132.0,,,100.0,-132.0,,100.0,
baylor scheierman,rebounds,3.5,True,2026-05-02,,,300.0,,,,300.0,,,
brandon ingram,assists,1.5,True,2026-05-01,,,-440.0,,,,-440.0,,,
brandon ingram,assists,2.5,False,2026-05-01,-155.0,-136.0,-140.0,115.0,103.0,106.0,-136.0,,115.0,
brandon ingram,assists,2.5,True,2026-05-01,-160.0,-136.0,,,,,-136.0,,,
brandon ingram,assists,3.5,True,2026-05-01,,184.0,190.0,,,,190.0,,,
brandon ingram,assists,4.5,True,2026-05-01,340.0,422.0,,,,,422.0,,,
brandon ingram,assists,5.5,True,2026-05-01,,920.0,900.0,,,,920.0,,,
brandon ingram,assists,6.5,True,2026-05-01,,1860.0,,,,,1860.0,,,
brandon ingram,points,9.5,True,2026-05-01,-2000.0,-1580.0,-2000.0,,,,-1580.0,,,
brandon ingram,points,11.5,True,2026-05-01,,-680.0,,,,,-680.0,,,
brandon ingram,points,14.5,True,2026-05-01,-300.0,-267.0,-280.0,,,,-267.0,,,
brandon ingram,points,17.5,False,2026-05-01,,,-128.0,,,-104.0,-128.0,,-104.0,
brandon ingram,points,17.5,True,2026-05-01,,-127.0,,,,,-127.0,,,
brandon ingram,points,18.5,False,2026-05-01,-105.0,-101.0,,-125.0,-126.0,,-101.0,,-125.0,
brandon ingram,points,18.5,True,2026-05-01,,-101.0,,,,,-101.0,,,
brandon ingram,points,19.5,True,2026-05-01,120.0,127.0,132.0,,,,132.0,,,
brandon ingram,points,24.5,True,2026-05-01,375.0,384.0,420.0,,,,420.0,,,
brandon ingram,points,29.5,True,2026-05-01,,1140.0,1200.0,,,,1200.0,,,
brandon ingram,points,34.5,True,2026-05-01,,2600.0,4000.0,,,,4000.0,,,
brandon ingram,rebounds,2.5,True,2026-05-01,-700.0,-555.0,,,,,-555.0,,,
brandon ingram,rebounds,3.5,True,2026-05-01,,-221.0,-215.0,,,,-215.0,,,
brandon ingram,rebounds,4.5,False,2026-05-01,-120.0,-103.0,102.0,-110.0,-128.0,-136.0,102.0,,-110.0,
brandon ingram,rebounds,4.5,True,2026-05-01,-120.0,-102.0,,,,,-102.0,,,
brandon ingram,rebounds,5.5,True,2026-05-01,,200.0,215.0,,,,215.0,,,
brandon ingram,rebounds,6.5,True,2026-05-01,300.0,393.0,,,,,393.0,,,
brandon ingram,rebounds,7.5,True,2026-05-01,,720.0,830.0,,,,830.0,,,
brandon ingram,rebounds,8.5,True,2026-05-01,,1320.0,,,,,1320.0,,,
brandon ingram,rebounds,9.5,True,2026-05-01,,2100.0,1800.0,,,,2100.0,,,
brandon ingram,threes,0.5,True,2026-05-01,-275.0,-316.0,-310.0,,,,-275.0,,,
brandon ingram,threes,1.5,False,2026-05-01,160.0,142.0,152.0,-220.0,-189.0,-205.0,160.0,,-189.0,
brandon ingram,threes,1.5,True,2026-05-01,155.0,142.0,152.0,,,,155.0,,,
brandon ingram,threes,2.5,True,2026-05-01,475.0,459.0,520.0,,,,520.0,,,
brandon ingram,threes,3.5,True,2026-05-01,,1240.0,1400.0,,,,1400.0,,,
brandon ingram,threes,4.5,True,2026-05-01,,2600.0,,,,,2600.0,,,
cade cunningham,assists,4.5,True,2026-05-01,,-3000.0,,,,,-3000.0,,,
cade cunningham,assists,5.5,True,2026-05-01,,-1120.0,-1450.0,,,,-1120.0,,,
cade cunningham,assists,6.5,True,2026-05-01,-600.0,-527.0,-580.0,,,360.0,-527.0,,360.0,
cade cunningham,assists,7.5,True,2026-05-01,,-282.0,-290.0,,,205.0,-282.0,,205.0,
cade cunningham,assists,8.5,True,2026-05-01,,-163.0,-158.0,,,118.0,-158.0,,118.0,
cade cunningham,assists,9.5,False,2026-05-01,100.0,101.0,-102.0,-135.0,-132.0,-130.0,101.0,,-130.0,
cade cunningham,assists,9.5,True,2026-05-01,100.0,101.0,-102.0,,,-130.0,101.0,,-130.0,
cade cunningham,assists,10.5,True,2026-05-01,,164.0,174.0,,,-240.0,174.0,,-240.0,
cade cunningham,assists,11.5,True,2026-05-01,,266.0,300.0,,,-440.0,300.0,,-440.0,
cade cunningham,assists,12.5,True,2026-05-01,425.0,436.0,490.0,,,-900.0,490.0,,-900.0,
cade cunningham,assists,13.5,True,2026-05-01,,690.0,830.0,,,,830.0,,,
cade cunningham,assists,14.5,True,2026-05-01,,1100.0,,,,,1100.0,,,
cade cunningham,assists,15.5,True,2026-05-01,,1740.0,,,,,1740.0,,,
cade cunningham,assists,16.5,True,2026-05-01,,2400.0,,,,,2400.0,,,
cade cunningham,points,17.5,True,2026-05-01,,-1700.0,,,,,-1700.0,,,
cade cunningham,points,19.5,True,2026-05-01,-1100.0,-940.0,-1600.0,,,,-940.0,,,
cade cunningham,points,20.5,True,2026-05-01,,,-1200.0,,,,-1200.0,,,
cade cunningham,points,21.5,True,2026-05-01,,,-800.0,,,450.0,-800.0,,450.0,
cade cunningham,points,22.5,True,2026-05-01,,,-600.0,,,370.0,-600.0,,370.0,
cade cunningham,points,23.5,True,2026-05-01,,,-450.0,,,300.0,-450.0,,300.0,
cade cunningham,points,24.5,True,2026-05-01,-300.0,-300.0,-350.0,,,240.0,-300.0,,240.0,
cade cunningham,points,25.5,True,2026-05-01,,,-275.0,,,198.0,-275.0,,198.0,
cade cunningham,points,26.5,True,2026-05-01,,,-230.0,,,168.0,-230.0,,168.0,
cade cunningham,points,27.5,True,2026-05-01,,,-180.0,,,134.0,-180.0,,134.0,
cade cunningham,points,28.5,True,2026-05-01,,,-144.0,,,108.0,-144.0,,108.0,
cade cunningham,points,29.5,False,2026-05-01,-105.0,-116.0,-114.0,-125.0,-110.0,-114.0,-105.0,,-110.0,
cade cunningham,points,29.5,True,2026-05-01,-110.0,-116.0,-113.0,,,-114.0,-110.0,,-114.0,
cade cunningham,points,30.5,True,2026-05-01,,,110.0,,,-146.0,110.0,,-146.0,
cade cunningham,points,31.5,True,2026-05-01,,,134.0,,,-180.0,134.0,,-180.0,
cade cunningham,points,32.5,True,2026-05-01,,,168.0,,,-230.0,168.0,,-230.0,
cade cunningham,points,33.5,True,2026-05-01,,,198.0,,,-275.0,198.0,,-275.0,
cade cunningham,points,34.5,True,2026-05-01,240.0,203.0,250.0,,,-340.0,250.0,,-340.0,
cade cunningham,points,35.5,True,2026-05-01,,,290.0,,,-440.0,290.0,,-440.0,
cade cunningham,points,36.5,True,2026-05-01,,,350.0,,,-550.0,350.0,,-550.0,
cade cunningham,points,37.5,True,2026-05-01,,,410.0,,,-700.0,410.0,,-700.0,
cade cunningham,points,38.5,True,2026-05-01,,,,,,-1000.0,,,-1000.0,
cade cunningham,points,39.5,True,2026-05-01,600.0,486.0,630.0,,,-1400.0,630.0,,-1400.0,
cade cunningham,points,44.5,True,2026-05-01,,1120.0,1400.0,,,,1400.0,,,
cade cunningham,points,49.5,True,2026-05-01,,2200.0,3500.0,,,,3500.0,,,
cade cunningham,rebounds,2.5,True,2026-05-01,,-1660.0,,,,,-1660.0,,,
cade cunningham,rebounds,3.5,True,2026-05-01,,-561.0,-850.0,,,470.0,-561.0,,470.0,
cade cunningham,rebounds,4.5,True,2026-05-01,-325.0,-266.0,-320.0,,,225.0,-266.0,,225.0,
cade cunningham,rebounds,5.5,False,2026-05-01,,-140.0,-154.0,,106.0,116.0,-140.0,,116.0,
cade cunningham,rebounds,5.5,True,2026-05-01,,-140.0,-150.0,,,116.0,-140.0,,116.0,
cade cunningham,rebounds,6.5,False,2026-05-01,115.0,,,-155.0,,,115.0,,-155.0,
cade cunningham,rebounds,6.5,True,2026-05-01,115.0,124.0,130.0,,,-174.0,130.0,,-174.0,
cade cunningham,rebounds,7.5,True,2026-05-01,,207.0,230.0,,,-330.0,230.0,,-330.0,
cade cunningham,rebounds,8.5,True,2026-05-01,,341.0,370.0,,,-600.0,370.0,,-600.0,
cade cunningham,rebounds,9.5,True,2026-05-01,600.0,556.0,540.0,,,-1000.0,600.0,,-1000.0,
cade cunningham,rebounds,10.5,True,2026-05-01,,900.0,,,,,900.0,,,
cade cunningham,rebounds,11.5,True,2026-05-01,,1380.0,1500.0,,,,1500.0,,,
cade cunningham,rebounds,12.5,True,2026-05-01,,2000.0,,,,,2000.0,,,
cade cunningham,rebounds,13.5,True,2026-05-01,,2700.0,,,,,2700.0,,,
cade cunningham,threes,0.5,True,2026-05-01,-1600.0,-1320.0,-1800.0,,,,-1320.0,,,
cade cunningham,threes,1.5,True,2026-05-01,-300.0,-253.0,-260.0,,,188.0,-253.0,,188.0,
cade cunningham,threes,2.5,False,2026-05-01,-105.0,111.0,118.0,-130.0,-147.0,-158.0,118.0,,-130.0,
cade cunningham,threes,2.5,True,2026-05-01,-105.0,112.0,122.0,,,-158.0,122.0,,-158.0,
cade cunningham,threes,3.5,True,2026-05-01,230.0,266.0,320.0,,,-470.0,320.0,,-470.0,
cade cunningham,threes,4.5,True,2026-05-01,525.0,600.0,700.0,,,,700.0,,,
cade cunningham,threes,5.5,True,2026-05-01,,1260.0,1500.0,,,,1500.0,,,
cade cunningham,threes,6.5,True,2026-05-01,,2300.0,,,,,2300.0,,,
caris levert,points,1.5,True,2026-05-01,,,-1400.0,,,,-1400.0,,,
caris levert,points,2.5,True,2026-05-01,,,-420.0,,,280.0,-420.0,,280.0,
caris levert,points,3.5,True,2026-05-01,,,-270.0,,,194.0,-270.0,,194.0,
caris levert,points,4.5,True,2026-05-01,,,-178.0,,,132.0,-178.0,,132.0,
caris levert,points,5.5,False,2026-05-01,,-125.0,-114.0,,-102.0,-114.0,-114.0,,-102.0,
caris levert,points,5.5,True,2026-05-01,,-124.0,-114.0,,,-114.0,-114.0,,-114.0,
caris levert,points,6.5,True,2026-05-01,,,128.0,,,-172.0,128.0,,-172.0,
caris levert,points,7.5,True,2026-05-01,,164.0,178.0,,,-245.0,178.0,,-245.0,
caris levert,points,8.5,True,2026-05-01,,,240.0,,,-350.0,240.0,,-350.0,
caris levert,points,9.5,True,2026-05-01,,315.0,340.0,,,,340.0,,,
caris levert,points,11.5,True,2026-05-01,,579.0,,,,,579.0,,,
caris levert,points,14.5,True,2026-05-01,,1260.0,1300.0,,,,1300.0,,,
caris levert,points,17.5,True,2026-05-01,,2400.0,,,,,2400.0,,,
collin murray-boyles,assists,1.5,False,2026-05-01,,,-188.0,,,140.0,-188.0,,140.0,
collin murray-boyles,assists,1.5,True,2026-05-01,,-194.0,-184.0,,,,-184.0,,,
collin murray-boyles,assists,2.5,False,2026-05-01,130.0,,,-175.0,,,130.0,,-175.0,
collin murray-boyles,assists,2.5,True,2026-05-01,,150.0,,,,,150.0,,,
collin murray-boyles,assists,3.5,True,2026-05-01,,386.0,430.0,,,,430.0,,,
collin murray-boyles,assists,4.5,True,2026-05-01,650.0,890.0,,,,,890.0,,,
collin murray-boyles,assists,5.5,True,2026-05-01,,1800.0,,,,,1800.0,,,
collin murray-boyles,assists,6.5,True,2026-05-01,,2900.0,,,,,2900.0,,,
collin murray-boyles,points,5.5,True,2026-05-01,,-1320.0,,,,,-1320.0,,,
collin murray-boyles,points,6.5,True,2026-05-01,,,-650.0,,,390.0,-650.0,,390.0,
collin murray-boyles,points,7.5,True,2026-05-01,,-480.0,-440.0,,,290.0,-440.0,,290.0,
collin murray-boyles,points,8.5,True,2026-05-01,,,-300.0,,,210.0,-300.0,,210.0,
collin murray-boyles,points,9.5,True,2026-05-01,-210.0,-229.0,-215.0,,,158.0,-210.0,,158.0,
collin murray-boyles,points,10.5,True,2026-05-01,,,-158.0,,,118.0,-158.0,,118.0,
collin murray-boyles,points,11.5,False,2026-05-01,-105.0,-125.0,-112.0,-125.0,-102.0,-118.0,-105.0,,-102.0,
collin murray-boyles,points,11.5,True,2026-05-01,,-122.0,-112.0,,,-118.0,-112.0,,-118.0,
collin murray-boyles,points,12.5,True,2026-05-01,,,118.0,,,-158.0,118.0,,-158.0,
collin murray-boyles,points,13.5,True,2026-05-01,,,158.0,,,-215.0,158.0,,-215.0,
collin murray-boyles,points,14.5,True,2026-05-01,230.0,184.0,200.0,,,-280.0,230.0,,-280.0,
collin murray-boyles,points,15.5,True,2026-05-01,,,260.0,,,-380.0,260.0,,-380.0,
collin murray-boyles,points,17.5,True,2026-05-01,,388.0,,,,,388.0,,,
collin murray-boyles,points,19.5,True,2026-05-01,825.0,630.0,700.0,,,,825.0,,,
collin murray-boyles,points,24.5,True,2026-05-01,,1960.0,1800.0,,,,1960.0,,,
collin murray-boyles,rebounds,2.5,True,2026-05-01,,-3200.0,,,,,-3200.0,,,
collin murray-boyles,rebounds,3.5,True,2026-05-01,,-910.0,-770.0,,,,-770.0,,,
collin murray-boyles,rebounds,4.5,True,2026-05-01,-450.0,-393.0,,,,,-393.0,,,
collin murray-boyles,rebounds,5.5,True,2026-05-01,,-196.0,-180.0,,,,-180.0,,,
collin murray-boyles,rebounds,6.5,False,2026-05-01,-115.0,-109.0,,-115.0,-121.0,,-109.0,,-115.0,
collin murray-boyles,rebounds,6.5,True,2026-05-01,-115.0,-110.0,,,,,-110.0,,,
collin murray-boyles,rebounds,7.5,True,2026-05-01,,159.0,182.0,,,,182.0,,,
collin murray-boyles,rebounds,8.5,True,2026-05-01,,262.0,,,,,262.0,,,
collin murray-boyles,rebounds,9.5,True,2026-05-01,425.0,426.0,440.0,,,,440.0,,,
collin murray-boyles,rebounds,10.5,True,2026-05-01,,670.0,,,,,670.0,,,
collin murray-boyles,rebounds,11.5,True,2026-05-01,,1060.0,1060.0,,,,1060.0,,,
collin murray-boyles,rebounds,12.5,True,2026-05-01,,1620.0,,,,,1620.0,,,
collin murray-boyles,rebounds,13.5,True,2026-05-01,,2300.0,2500.0,,,,2500.0,,,
de'aaron fox,assists,2.5,True,2026-05-05,,-3200.0,,,,,-3200.0,,,
de'aaron fox,assists,3.5,True,2026-05-05,,-800.0,-850.0,,,,-800.0,,,
de'aaron fox,assists,4.5,True,2026-05-05,-350.0,-328.0,,,,,-328.0,,,
de'aaron fox,assists,5.5,False,2026-05-05,,,-148.0,,,112.0,-148.0,,112.0,
de'aaron fox,assists,5.5,True,2026-05-05,,-160.0,-146.0,,,,-146.0,,,
de'aaron fox,assists,6.5,False,2026-05-05,115.0,117.0,,-155.0,-154.0,,117.0,,-154.0,
de'aaron fox,assists,6.5,True,2026-05-05,110.0,119.0,,,,,119.0,,,
de'aaron fox,assists,7.5,True,2026-05-05,,217.0,280.0,,,,280.0,,,
de'aaron fox,assists,8.5,True,2026-05-05,,393.0,,,,,393.0,,,
de'aaron fox,assists,9.5,True,2026-05-05,625.0,700.0,750.0,,,,750.0,,,
de'aaron fox,assists,10.5,True,2026-05-05,,1220.0,,,,,1220.0,,,
de'aaron fox,assists,11.5,True,2026-05-05,,1960.0,1800.0,,,,1960.0,,,
de'aaron fox,assists,12.5,True,2026-05-05,,2900.0,,,,,2900.0,,,
de'aaron fox,points,7.5,True,2026-05-05,,-3500.0,,,,,-3500.0,,,
de'aaron fox,points,9.5,True,2026-05-05,-1600.0,-1220.0,-2000.0,,,,-1220.0,,,
de'aaron fox,points,11.5,True,2026-05-05,,-575.0,,,,,-575.0,,,
de'aaron fox,points,14.5,True,2026-05-05,-275.0,-235.0,-265.0,,,,-235.0,,,
de'aaron fox,points,17.5,False,2026-05-05,-120.0,-113.0,-118.0,-110.0,-113.0,-112.0,-113.0,,-110.0,
de'aaron fox,points,17.5,True,2026-05-05,,-113.0,,,,,-113.0,,,
de'aaron fox,points,19.5,True,2026-05-05,135.0,142.0,144.0,,,,144.0,,,
de'aaron fox,points,24.5,True,2026-05-05,400.0,435.0,460.0,,,,460.0,,,
de'aaron fox,points,29.5,True,2026-05-05,,1220.0,1300.0,,,,1300.0,,,
de'aaron fox,points,34.5,True,2026-05-05,,2800.0,4000.0,,,,4000.0,,,
de'aaron fox,rebounds,2.5,True,2026-05-05,-450.0,-451.0,,,,,-450.0,,,
de'aaron fox,rebounds,3.5,False,2026-05-05,-165.0,,-152.0,125.0,,114.0,-152.0,,125.0,
de'aaron fox,rebounds,3.5,True,2026-05-05,,-183.0,-146.0,,,,-146.0,,,
de'aaron fox,rebounds,4.5,False,2026-05-05,,118.0,,,-156.0,,118.0,,-156.0,
de'aaron fox,rebounds,4.5,True,2026-05-05,125.0,118.0,,,,,125.0,,,
de'aaron fox,rebounds,5.5,True,2026-05-05,,235.0,330.0,,,,330.0,,,
de'aaron fox,rebounds,6.5,True,2026-05-05,475.0,458.0,,,,,475.0,,,
de'aaron fox,rebounds,7.5,True,2026-05-05,,900.0,1200.0,,,,1200.0,,,
de'aaron fox,rebounds,8.5,True,2026-05-05,,1600.0,,,,,1600.0,,,
de'aaron fox,rebounds,9.5,True,2026-05-05,,2500.0,,,,,2500.0,,,
de'aaron fox,threes,0.5,True,2026-05-05,-650.0,-565.0,-620.0,,,,-565.0,,,
de'aaron fox,threes,1.5,False,2026-05-05,-145.0,-126.0,-122.0,105.0,-104.0,-108.0,-122.0,,105.0,
de'aaron fox,threes,1.5,True,2026-05-05,-150.0,-125.0,-120.0,,,,-120.0,,,
de'aaron fox,threes,2.5,True,2026-05-05,210.0,240.0,280.0,,,,280.0,,,
de'aaron fox,threes,3.5,True,2026-05-05,525.0,640.0,800.0,,,,800.0,,,
de'aaron fox,threes,4.5,True,2026-05-05,,1520.0,2200.0,,,,2200.0,,,
de'aaron fox,threes,5.5,True,2026-05-05,,2800.0,,,,,2800.0,,,
dean wade,assists,1.5,True,2026-05-01,,,200.0,,,,200.0,,,
dean wade,points,3.5,False,2026-05-01,,,-120.0,,,-110.0,-120.0,,-110.0,
dean wade,points,4.5,False,2026-05-01,,-105.0,,,-121.0,,-105.0,,-121.0,
dean wade,points,4.5,True,2026-05-01,,-105.0,,,,,-105.0,,,
dean wade,points,5.5,True,2026-05-01,,143.0,,,,,143.0,,,
dean wade,points,7.5,True,2026-05-01,,297.0,,,,,297.0,,,
dean wade,points,9.5,True,2026-05-01,,670.0,630.0,,,,670.0,,,
dean wade,points,11.5,True,2026-05-01,,1140.0,,,,,1140.0,,,
dean wade,points,14.5,True,2026-05-01,,2500.0,,,,,2500.0,,,
dean wade,rebounds,2.5,True,2026-05-01,,-256.0,,,,,-256.0,,,
dean wade,rebounds,3.5,False,2026-05-01,,-109.0,-120.0,,-120.0,-110.0,-109.0,,-110.0,
dean wade,rebounds,3.5,True,2026-05-01,,-110.0,-118.0,,,,-110.0,,,
dean wade,rebounds,4.5,True,2026-05-01,,189.0,,,,,189.0,,,
dean wade,rebounds,5.5,True,2026-05-01,,374.0,330.0,,,,374.0,,,
dean wade,rebounds,6.5,True,2026-05-01,,700.0,,,,,700.0,,,
dean wade,rebounds,7.5,True,2026-05-01,,1260.0,1060.0,,,,1260.0,,,
dean wade,rebounds,8.5,True,2026-05-01,,2100.0,,,,,2100.0,,,
dean wade,threes,0.5,False,2026-05-01,,-222.0,-240.0,,166.0,174.0,-222.0,,174.0,
dean wade,threes,0.5,True,2026-05-01,,-225.0,-230.0,,,,-225.0,,,
dean wade,threes,1.5,True,2026-05-01,,188.0,200.0,,,,200.0,,,
dean wade,threes,2.5,True,2026-05-01,,610.0,560.0,,,,610.0,,,
dean wade,threes,3.5,True,2026-05-01,,1660.0,1400.0,,,,1660.0,,,
deandre ayton,points,5.5,True,2026-05-02,,-1760.0,,,,,-1760.0,,,
deandre ayton,points,6.5,True,2026-05-02,,,-850.0,,,470.0,-850.0,,470.0,
deandre ayton,points,7.5,True,2026-05-02,,-562.0,-500.0,,,320.0,-500.0,,320.0,
deandre ayton,points,8.5,True,2026-05-02,,,-350.0,,,240.0,-350.0,,240.0,
deandre ayton,points,9.5,True,2026-05-02,-275.0,-251.0,-245.0,,,182.0,-245.0,,182.0,
deandre ayton,points,10.5,True,2026-05-02,,,-178.0,,,132.0,-178.0,,132.0,
deandre ayton,points,11.5,False,2026-05-02,-125.0,-127.0,-130.0,-105.0,-101.0,-102.0,-125.0,,-101.0,
deandre ayton,points,11.5,True,2026-05-02,,-127.0,-130.0,,,-102.0,-127.0,,-102.0,
deandre ayton,points,12.5,True,2026-05-02,,,106.0,,,-140.0,106.0,,-140.0,
deandre ayton,points,13.5,True,2026-05-02,,,140.0,,,-188.0,140.0,,-188.0,
deandre ayton,points,14.5,True,2026-05-02,230.0,221.0,190.0,,,-250.0,230.0,,-250.0,
deandre ayton,points,15.5,True,2026-05-02,,,230.0,,,-330.0,230.0,,-330.0,
deandre ayton,points,17.5,True,2026-05-02,,501.0,,,,,501.0,,,
deandre ayton,points,19.5,True,2026-05-02,825.0,890.0,680.0,,,,890.0,,,
deandre ayton,points,24.5,True,2026-05-02,,2800.0,1700.0,,,,2800.0,,,
deandre ayton,rebounds,4.5,True,2026-05-02,,-2200.0,,,,,-2200.0,,,
deandre ayton,rebounds,5.5,True,2026-05-02,,-830.0,-750.0,,,430.0,-750.0,,430.0,
deandre ayton,rebounds,6.5,True,2026-05-02,-450.0,-394.0,-360.0,,,255.0,-360.0,,255.0,
deandre ayton,rebounds,7.5,True,2026-05-02,,-214.0,-196.0,,,152.0,-196.0,,152.0,
deandre ayton,rebounds,8.5,False,2026-05-02,-130.0,-126.0,-118.0,-105.0,-104.0,-112.0,-118.0,,-104.0,
deandre ayton,rebounds,8.5,True,2026-05-02,,-123.0,-118.0,,,-112.0,-118.0,,-112.0,
deandre ayton,rebounds,9.5,True,2026-05-02,115.0,135.0,118.0,,,-158.0,135.0,,-158.0,
deandre ayton,rebounds,10.5,True,2026-05-02,,220.0,194.0,,,-270.0,220.0,,-270.0,
deandre ayton,rebounds,11.5,True,2026-05-02,,358.0,300.0,,,-440.0,358.0,,-440.0,
deandre ayton,rebounds,12.5,True,2026-05-02,475.0,563.0,450.0,,,-800.0,563.0,,-800.0,
deandre ayton,rebounds,13.5,True,2026-05-02,,890.0,750.0,,,,890.0,,,
deandre ayton,rebounds,14.5,True,2026-05-02,,1400.0,,,,,1400.0,,,
deandre ayton,rebounds,15.5,True,2026-05-02,,2100.0,1500.0,,,,2100.0,,,
deandre ayton,rebounds,16.5,True,2026-05-02,,2800.0,,,,,2800.0,,,
dennis schroder,assists,1.5,True,2026-05-01,,,-172.0,,,,-172.0,,,
dennis schroder,assists,2.5,True,2026-05-01,,133.0,,,,,133.0,,,
dennis schroder,assists,3.5,True,2026-05-01,,332.0,400.0,,,,400.0,,,
dennis schroder,assists,4.5,True,2026-05-01,,750.0,,,,,750.0,,,
dennis schroder,assists,5.5,True,2026-05-01,,1600.0,1500.0,,,,1600.0,,,
dennis schroder,assists,6.5,True,2026-05-01,,2800.0,,,,,2800.0,,,
dennis schroder,points,5.5,True,2026-05-01,,-162.0,,,,,-162.0,,,
dennis schroder,points,6.5,False,2026-05-01,,-112.0,100.0,,-113.0,-132.0,100.0,,-113.0,
dennis schroder,points,6.5,True,2026-05-01,,-112.0,,,,,-112.0,,,
dennis schroder,points,7.5,True,2026-05-01,,127.0,,,,,127.0,,,
dennis schroder,points,9.5,True,2026-05-01,,245.0,240.0,,,,245.0,,,
dennis schroder,points,11.5,True,2026-05-01,,460.0,,,,,460.0,,,
dennis schroder,points,14.5,True,2026-05-01,,1140.0,800.0,,,,1140.0,,,
dennis schroder,points,17.5,True,2026-05-01,,2300.0,,,,,2300.0,,,
dennis schroder,points,19.5,True,2026-05-01,,,1800.0,,,,1800.0,,,
dennis schroder,rebounds,1.5,True,2026-05-01,,105.0,,,,,105.0,,,
dennis schroder,rebounds,2.5,True,2026-05-01,,320.0,,,,,320.0,,,
dennis schroder,rebounds,3.5,True,2026-05-01,,850.0,500.0,,,,850.0,,,
dennis schroder,rebounds,4.5,True,2026-05-01,,1960.0,,,,,1960.0,,,
dennis schroder,threes,0.5,True,2026-05-01,,-162.0,-178.0,,,,-162.0,,,
dennis schroder,threes,1.5,True,2026-05-01,,278.0,250.0,,,,278.0,,,
dennis schroder,threes,2.5,True,2026-05-01,,990.0,680.0,,,,990.0,,,
dennis schroder,threes,3.5,True,2026-05-01,,2500.0,1500.0,,,,2500.0,,,
derrick white,assists,1.5,True,2026-05-02,,,-1200.0,,,,-1200.0,,,
derrick white,assists,2.5,True,2026-05-02,-275.0,-313.0,,,,,-275.0,,,
derrick white,assists,3.5,False,2026-05-02,-111.0,-128.0,-128.0,-118.0,-103.0,-104.0,-111.0,,-103.0,
derrick white,assists,3.5,True,2026-05-02,,-125.0,-122.0,,,,-122.0,,,
derrick white,assists,4.5,True,2026-05-02,195.0,181.0,,,,,195.0,,,
derrick white,assists,5.5,True,2026-05-02,,373.0,390.0,,,,390.0,,,
derrick white,assists,6.5,True,2026-05-02,775.0,750.0,,,,,775.0,,,
derrick white,assists,7.5,True,2026-05-02,,1440.0,1400.0,,,,1440.0,,,
derrick white,assists,8.5,True,2026-05-02,,2500.0,,,,,2500.0,,,
derrick white,points,5.5,True,2026-05-02,,-920.0,,,,,-920.0,,,
derrick white,points,7.5,True,2026-05-02,,-399.0,,,,,-399.0,,,
derrick white,points,9.5,True,2026-05-02,-190.0,-199.0,-180.0,,,,-180.0,,,
derrick white,points,10.5,False,2026-05-02,,,-132.0,,,100.0,-132.0,,100.0,
derrick white,points,11.5,False,2026-05-02,-105.0,-109.0,,-125.0,-117.0,,-105.0,,-117.0,
derrick white,points,11.5,True,2026-05-02,,-109.0,,,,,-109.0,,,
derrick white,points,14.5,True,2026-05-02,210.0,204.0,265.0,,,,265.0,,,
derrick white,points,17.5,True,2026-05-02,,437.0,,,,,437.0,,,
derrick white,points,19.5,True,2026-05-02,750.0,710.0,1000.0,,,,1000.0,,,
derrick white,points,24.5,True,2026-05-02,,2200.0,,,,,2200.0,,,
derrick white,rebounds,2.5,True,2026-05-02,-275.0,-274.0,,,,,-274.0,,,
derrick white,rebounds,3.5,False,2026-05-02,-105.0,-115.0,-104.0,-125.0,-114.0,-128.0,-104.0,,-114.0,
derrick white,rebounds,3.5,True,2026-05-02,,-113.0,-102.0,,,,-102.0,,,
derrick white,rebounds,4.5,True,2026-05-02,200.0,193.0,,,,,200.0,,,
derrick white,rebounds,5.5,True,2026-05-02,,401.0,470.0,,,,470.0,,,
derrick white,rebounds,6.5,True,2026-05-02,750.0,790.0,,,,,790.0,,,
derrick white,rebounds,7.5,True,2026-05-02,,1480.0,,,,,1480.0,,,
derrick white,rebounds,8.5,True,2026-05-02,,2500.0,,,,,2500.0,,,
derrick white,threes,0.5,True,2026-05-02,-750.0,-1000.0,-1000.0,,,,-750.0,,,
derrick white,threes,1.5,False,2026-05-02,-165.0,-195.0,-192.0,125.0,147.0,142.0,-165.0,,147.0,
derrick white,threes,1.5,True,2026-05-02,-165.0,-197.0,-186.0,,,,-165.0,,,
derrick white,threes,2.5,True,2026-05-02,175.0,148.0,176.0,,,,176.0,,,
derrick white,threes,3.5,True,2026-05-02,450.0,376.0,460.0,,,,460.0,,,
derrick white,threes,4.5,True,2026-05-02,,920.0,1100.0,,,,1100.0,,,
derrick white,threes,5.5,True,2026-05-02,,1880.0,2500.0,,,,2500.0,,,
desmond bane,assists,1.5,True,2026-05-01,,,-460.0,,,310.0,-460.0,,310.0,
desmond bane,assists,2.5,False,2026-05-01,-155.0,-144.0,-148.0,115.0,110.0,112.0,-144.0,,115.0,
desmond bane,assists,2.5,True,2026-05-01,-155.0,-148.0,-148.0,,,112.0,-148.0,,112.0,
desmond bane,assists,3.5,True,2026-05-01,,164.0,180.0,,,-245.0,180.0,,-245.0,
desmond bane,assists,4.5,True,2026-05-01,340.0,367.0,400.0,,,-670.0,400.0,,-670.0,
desmond bane,assists,5.5,True,2026-05-01,,790.0,1000.0,,,,1000.0,,,
desmond bane,assists,6.5,True,2026-05-01,,1600.0,,,,,1600.0,,,
desmond bane,assists,7.5,True,2026-05-01,,2600.0,,,,,2600.0,,,
desmond bane,points,9.5,True,2026-05-01,,-1740.0,-4000.0,,,,-1740.0,,,
desmond bane,points,11.5,True,2026-05-01,,-810.0,,,,,-810.0,,,
desmond bane,points,12.5,True,2026-05-01,,,-800.0,,,450.0,-800.0,,450.0,
desmond bane,points,13.5,True,2026-05-01,,,-580.0,,,360.0,-580.0,,360.0,
desmond bane,points,14.5,True,2026-05-01,-450.0,-335.0,-400.0,,,280.0,-335.0,,280.0,
desmond bane,points,15.5,True,2026-05-01,,,-310.0,,,220.0,-310.0,,220.0,
desmond bane,points,16.5,True,2026-05-01,,,-235.0,,,172.0,-235.0,,172.0,
desmond bane,points,17.5,True,2026-05-01,,-161.0,-180.0,,,134.0,-161.0,,134.0,
desmond bane,points,18.5,True,2026-05-01,,,-140.0,,,106.0,-140.0,,106.0,
desmond bane,points,19.5,False,2026-05-01,-120.0,-104.0,-110.0,-110.0,-123.0,-120.0,-104.0,,-110.0,
desmond bane,points,19.5,True,2026-05-01,-120.0,-104.0,-108.0,,,-120.0,-104.0,,-120.0,
desmond bane,points,20.5,True,2026-05-01,,,116.0,,,-154.0,116.0,,-154.0,
desmond bane,points,21.5,True,2026-05-01,,,148.0,,,-200.0,148.0,,-200.0,
desmond bane,points,22.5,True,2026-05-01,,,182.0,,,-250.0,182.0,,-250.0,
desmond bane,points,23.5,True,2026-05-01,,,225.0,,,-320.0,225.0,,-320.0,
desmond bane,points,24.5,True,2026-05-01,240.0,274.0,290.0,,,-420.0,290.0,,-420.0,
desmond bane,points,25.5,True,2026-05-01,,,360.0,,,-580.0,360.0,,-580.0,
desmond bane,points,26.5,True,2026-05-01,,,430.0,,,-750.0,430.0,,-750.0,
desmond bane,points,27.5,True,2026-05-01,,,,,,-1000.0,,,-1000.0,
desmond bane,points,29.5,True,2026-05-01,650.0,730.0,870.0,,,,870.0,,,
desmond bane,points,34.5,True,2026-05-01,,1840.0,1700.0,,,,1840.0,,,
desmond bane,rebounds,2.5,True,2026-05-01,-450.0,-534.0,-580.0,,,360.0,-450.0,,360.0,
desmond bane,rebounds,3.5,True,2026-05-01,,-217.0,-205.0,,,154.0,-205.0,,154.0,
desmond bane,rebounds,4.5,False,2026-05-01,120.0,101.0,106.0,-160.0,-133.0,-140.0,120.0,,-133.0,
desmond bane,rebounds,4.5,True,2026-05-01,120.0,101.0,106.0,,,-140.0,120.0,,-140.0,
desmond bane,rebounds,5.5,True,2026-05-01,,203.0,235.0,,,-320.0,235.0,,-320.0,
desmond bane,rebounds,6.5,True,2026-05-01,450.0,388.0,430.0,,,-750.0,450.0,,-750.0,
desmond bane,rebounds,7.5,True,2026-05-01,,730.0,870.0,,,,870.0,,,
desmond bane,rebounds,8.5,True,2026-05-01,,1320.0,,,,,1320.0,,,
desmond bane,rebounds,9.5,True,2026-05-01,,2100.0,,,,,2100.0,,,
desmond bane,threes,0.5,True,2026-05-01,-1400.0,-1340.0,-1800.0,,,,-1340.0,,,
desmond bane,threes,1.5,True,2026-05-01,-275.0,-255.0,-265.0,,,198.0,-255.0,,198.0,
desmond bane,threes,2.5,False,2026-05-01,105.0,112.0,116.0,-140.0,-148.0,-154.0,116.0,,-140.0,
desmond bane,threes,2.5,True,2026-05-01,105.0,112.0,116.0,,,-154.0,116.0,,-154.0,
desmond bane,threes,3.5,True,2026-05-01,260.0,280.0,290.0,,,-420.0,290.0,,-420.0,
desmond bane,threes,4.5,True,2026-05-01,600.0,640.0,750.0,,,-1450.0,750.0,,-1450.0,
desmond bane,threes,5.5,True,2026-05-01,,1360.0,1400.0,,,,1400.0,,,
desmond bane,threes,6.5,True,2026-05-01,,2500.0,3000.0,,,,3000.0,,,
devin vassell,assists,1.5,True,2026-05-05,,,-310.0,,,,-310.0,,,
devin vassell,assists,2.5,False,2026-05-05,100.0,115.0,102.0,-135.0,-152.0,-136.0,115.0,,-135.0,
devin vassell,assists,2.5,True,2026-05-05,100.0,117.0,,,,,117.0,,,
devin vassell,assists,3.5,True,2026-05-05,,294.0,265.0,,,,294.0,,,
devin vassell,assists,4.5,True,2026-05-05,550.0,680.0,,,,,680.0,,,
devin vassell,assists,5.5,True,2026-05-05,,1520.0,1400.0,,,,1520.0,,,
devin vassell,assists,6.5,True,2026-05-05,,2700.0,,,,,2700.0,,,
devin vassell,points,5.5,True,2026-05-05,,-1300.0,,,,,-1300.0,,,
devin vassell,points,7.5,True,2026-05-05,,-534.0,,,,,-534.0,,,
devin vassell,points,9.5,True,2026-05-05,-250.0,-262.0,-340.0,,,,-250.0,,,
devin vassell,points,11.5,True,2026-05-05,,-143.0,,,,,-143.0,,,
devin vassell,points,12.5,False,2026-05-05,-105.0,-107.0,-132.0,-125.0,-120.0,100.0,-105.0,,100.0,
devin vassell,points,12.5,True,2026-05-05,,-107.0,,,,,-107.0,,,
devin vassell,points,14.5,True,2026-05-05,165.0,160.0,142.0,,,,165.0,,,
devin vassell,points,17.5,True,2026-05-05,,336.0,,,,,336.0,,,
devin vassell,points,19.5,True,2026-05-05,550.0,556.0,500.0,,,,556.0,,,
devin vassell,points,24.5,True,2026-05-05,,1760.0,1500.0,,,,1760.0,,,
devin vassell,rebounds,2.5,True,2026-05-05,-450.0,-540.0,,,,,-450.0,,,
devin vassell,rebounds,3.5,False,2026-05-05,,,-172.0,,,128.0,-172.0,,128.0,
devin vassell,rebounds,3.5,True,2026-05-05,,-204.0,-166.0,,,,-166.0,,,
devin vassell,rebounds,4.5,False,2026-05-05,120.0,108.0,,-160.0,-142.0,,120.0,,-142.0,
devin vassell,rebounds,4.5,True,2026-05-05,115.0,108.0,,,,,115.0,,,
devin vassell,rebounds,5.5,True,2026-05-05,,219.0,285.0,,,,285.0,,,
devin vassell,rebounds,6.5,True,2026-05-05,450.0,444.0,,,,,450.0,,,
devin vassell,rebounds,7.5,True,2026-05-05,,820.0,1060.0,,,,1060.0,,,
devin vassell,rebounds,8.5,True,2026-05-05,,1500.0,,,,,1500.0,,,
devin vassell,rebounds,9.5,True,2026-05-05,,2400.0,,,,,2400.0,,,
devin vassell,threes,0.5,True,2026-05-05,-1100.0,-1060.0,-1100.0,,,,-1060.0,,,
devin vassell,threes,1.5,False,2026-05-05,,,-200.0,,,148.0,-200.0,,148.0,
devin vassell,threes,1.5,True,2026-05-05,-235.0,-205.0,-194.0,,,,-194.0,,,
devin vassell,threes,2.5,False,2026-05-05,130.0,146.0,,-175.0,-194.0,,146.0,,-175.0,
devin vassell,threes,2.5,True,2026-05-05,130.0,146.0,162.0,,,,162.0,,,
devin vassell,threes,3.5,True,2026-05-05,325.0,369.0,440.0,,,,440.0,,,
devin vassell,threes,4.5,True,2026-05-05,750.0,870.0,1000.0,,,,1000.0,,,
devin vassell,threes,5.5,True,2026-05-05,,1920.0,2000.0,,,,2000.0,,,
donovan mitchell,assists,1.5,True,2026-05-01,,,-4500.0,,,,-4500.0,,,
donovan mitchell,assists,2.5,True,2026-05-01,-600.0,-610.0,-900.0,,,490.0,-600.0,,490.0,
donovan mitchell,assists,3.5,True,2026-05-01,,-234.0,-280.0,,,200.0,-234.0,,200.0,
donovan mitchell,assists,4.5,False,2026-05-01,100.0,-109.0,-114.0,-135.0,-121.0,-114.0,100.0,,-114.0,
donovan mitchell,assists,4.5,True,2026-05-01,-105.0,-107.0,-114.0,,,-114.0,-105.0,,-114.0,
donovan mitchell,assists,5.5,True,2026-05-01,,186.0,188.0,,,-260.0,188.0,,-260.0,
donovan mitchell,assists,6.5,True,2026-05-01,375.0,358.0,360.0,,,-580.0,375.0,,-580.0,
donovan mitchell,assists,7.5,True,2026-05-01,,680.0,750.0,,,,750.0,,,
donovan mitchell,assists,8.5,True,2026-05-01,,1260.0,,,,,1260.0,,,
donovan mitchell,assists,9.5,True,2026-05-01,,2200.0,1700.0,,,,2200.0,,,
donovan mitchell,points,14.5,True,2026-05-01,,-2700.0,-4000.0,,,,-2700.0,,,
donovan mitchell,points,17.5,True,2026-05-01,,-970.0,,,,,-970.0,,,
donovan mitchell,points,18.5,True,2026-05-01,,,-750.0,,,450.0,-750.0,,450.0,
donovan mitchell,points,19.5,True,2026-05-01,-650.0,-568.0,-560.0,,,370.0,-560.0,,370.0,
donovan mitchell,points,20.5,True,2026-05-01,,,-440.0,,,290.0,-440.0,,290.0,
donovan mitchell,points,21.5,True,2026-05-01,,,-340.0,,,235.0,-340.0,,235.0,
donovan mitchell,points,22.5,True,2026-05-01,,,-275.0,,,198.0,-275.0,,198.0,
donovan mitchell,points,23.5,True,2026-05-01,,,-225.0,,,164.0,-225.0,,164.0,
donovan mitchell,points,24.5,True,2026-05-01,-200.0,-182.0,-172.0,,,132.0,-172.0,,132.0,
donovan mitchell,points,25.5,True,2026-05-01,,,-144.0,,,108.0,-144.0,,108.0,
donovan mitchell,points,26.5,False,2026-05-01,,,-118.0,,,-112.0,-118.0,,-112.0,
donovan mitchell,points,26.5,True,2026-05-01,,,-118.0,,,-112.0,-118.0,,-112.0,
donovan mitchell,points,27.5,False,2026-05-01,-105.0,-104.0,,-125.0,-122.0,,-104.0,,-122.0,
donovan mitchell,points,27.5,True,2026-05-01,,-104.0,104.0,,,-138.0,104.0,,-138.0,
donovan mitchell,points,28.5,True,2026-05-01,,,130.0,,,-174.0,130.0,,-174.0,
donovan mitchell,points,29.5,True,2026-05-01,140.0,138.0,158.0,,,-215.0,158.0,,-215.0,
donovan mitchell,points,30.5,True,2026-05-01,,,188.0,,,-260.0,188.0,,-260.0,
donovan mitchell,points,31.5,True,2026-05-01,,,225.0,,,-320.0,225.0,,-320.0,
donovan mitchell,points,32.5,True,2026-05-01,,,270.0,,,-400.0,270.0,,-400.0,
donovan mitchell,points,33.5,True,2026-05-01,,,320.0,,,-490.0,320.0,,-490.0,
donovan mitchell,points,34.5,True,2026-05-01,360.0,334.0,400.0,,,-650.0,400.0,,-650.0,
donovan mitchell,points,35.5,True,2026-05-01,,,470.0,,,-850.0,470.0,,-850.0,
donovan mitchell,points,36.5,True,2026-05-01,,,,,,-1100.0,,,-1100.0,
donovan mitchell,points,37.5,True,2026-05-01,,,,,,-1450.0,,,-1450.0,
donovan mitchell,points,39.5,True,2026-05-01,825.0,820.0,1000.0,,,,1000.0,,,
donovan mitchell,points,44.5,True,2026-05-01,,1820.0,2000.0,,,,2000.0,,,
donovan mitchell,rebounds,2.5,True,2026-05-01,-625.0,-469.0,-580.0,,,360.0,-469.0,,360.0,
donovan mitchell,rebounds,3.5,True,2026-05-01,,-185.0,-205.0,,,154.0,-185.0,,154.0,
donovan mitchell,rebounds,4.5,False,2026-05-01,-110.0,113.0,114.0,-120.0,-149.0,-152.0,114.0,,-120.0,
donovan mitchell,rebounds,4.5,True,2026-05-01,-110.0,116.0,114.0,,,-152.0,116.0,,-152.0,
donovan mitchell,rebounds,5.5,True,2026-05-01,,230.0,240.0,,,-320.0,240.0,,-320.0,
donovan mitchell,rebounds,6.5,True,2026-05-01,340.0,443.0,430.0,,,-750.0,443.0,,-750.0,
donovan mitchell,rebounds,7.5,True,2026-05-01,,830.0,900.0,,,,900.0,,,
donovan mitchell,rebounds,8.5,True,2026-05-01,,1460.0,,,,,1460.0,,,
donovan mitchell,rebounds,9.5,True,2026-05-01,,2500.0,,,,,2500.0,,,
donovan mitchell,threes,0.5,True,2026-05-01,,-2900.0,-3500.0,,,,-2900.0,,,
donovan mitchell,threes,1.5,True,2026-05-01,-450.0,-439.0,-440.0,,,290.0,-439.0,,290.0,
donovan mitchell,threes,2.5,False,2026-05-01,-155.0,-143.0,-136.0,115.0,109.0,102.0,-136.0,,115.0,
donovan mitchell,threes,2.5,True,2026-05-01,-155.0,-147.0,-136.0,,,102.0,-136.0,,102.0,
donovan mitchell,threes,3.5,True,2026-05-01,155.0,164.0,178.0,,,-245.0,178.0,,-245.0,
donovan mitchell,threes,4.5,True,2026-05-01,350.0,365.0,410.0,,,-700.0,410.0,,-700.0,
donovan mitchell,threes,5.5,True,2026-05-01,,790.0,900.0,,,,900.0,,,
donovan mitchell,threes,6.5,True,2026-05-01,,1500.0,1700.0,,,,1700.0,,,
donovan mitchell,threes,7.5,True,2026-05-01,,2700.0,4000.0,,,,4000.0,,,
dorian finney-smith,points,2.5,False,2026-05-02,,-114.0,-112.0,,-112.0,-118.0,-112.0,,-112.0,
dorian finney-smith,points,2.5,True,2026-05-02,,-115.0,,,,,-115.0,,,
dorian finney-smith,points,5.5,True,2026-05-02,,376.0,,,,,376.0,,,
dorian finney-smith,points,7.5,True,2026-05-02,,810.0,,,,,810.0,,,
dorian finney-smith,points,9.5,True,2026-05-02,,1740.0,,,,,1740.0,,,
dorian finney-smith,points,11.5,True,2026-05-02,,2800.0,,,,,2800.0,,,
dorian finney-smith,rebounds,2.5,False,2026-05-02,,137.0,,,-182.0,,137.0,,-182.0,
dorian finney-smith,rebounds,2.5,True,2026-05-02,,138.0,,,,,138.0,,,
dorian finney-smith,rebounds,3.5,True,2026-05-02,,310.0,350.0,,,,350.0,,,
dorian finney-smith,rebounds,4.5,True,2026-05-02,,660.0,,,,,660.0,,,
dorian finney-smith,rebounds,5.5,True,2026-05-02,,1300.0,,,,,1300.0,,,
dorian finney-smith,rebounds,6.5,True,2026-05-02,,2100.0,,,,,2100.0,,,
duncan robinson,assists,1.5,False,2026-05-01,-155.0,-160.0,-174.0,115.0,121.0,130.0,-155.0,,130.0,
duncan robinson,assists,1.5,True,2026-05-01,,-162.0,-170.0,,,,-162.0,,,
duncan robinson,assists,2.5,True,2026-05-01,,184.0,,,,,184.0,,,
duncan robinson,assists,3.5,True,2026-05-01,,482.0,470.0,,,,482.0,,,
duncan robinson,assists,4.5,True,2026-05-01,,1160.0,,,,,1160.0,,,
duncan robinson,assists,5.5,True,2026-05-01,,2300.0,,,,,2300.0,,,
duncan robinson,points,4.5,True,2026-05-01,,,-1000.0,,,,-1000.0,,,
duncan robinson,points,5.5,True,2026-05-01,,-502.0,-550.0,,,350.0,-502.0,,350.0,
duncan robinson,points,6.5,True,2026-05-01,,,-340.0,,,235.0,-340.0,,235.0,
duncan robinson,points,7.5,True,2026-05-01,,-240.0,-270.0,,,194.0,-240.0,,194.0,
duncan robinson,points,8.5,True,2026-05-01,,,-178.0,,,132.0,-178.0,,132.0,
duncan robinson,points,9.5,False,2026-05-01,,-124.0,-125.0,,-103.0,-106.0,-124.0,,-103.0,
duncan robinson,points,9.5,True,2026-05-01,-150.0,-120.0,-122.0,,,-106.0,-120.0,,-106.0,
duncan robinson,points,10.5,False,2026-05-01,-115.0,,,-115.0,,,-115.0,,-115.0,
duncan robinson,points,10.5,True,2026-05-01,,,104.0,,,-138.0,104.0,,-138.0,
duncan robinson,points,11.5,True,2026-05-01,,145.0,148.0,,,-200.0,148.0,,-200.0,
duncan robinson,points,12.5,True,2026-05-01,,,194.0,,,-270.0,194.0,,-270.0,
duncan robinson,points,13.5,True,2026-05-01,,,250.0,,,-360.0,250.0,,-360.0,
duncan robinson,points,14.5,True,2026-05-01,260.0,315.0,340.0,,,,340.0,,,
duncan robinson,points,17.5,True,2026-05-01,,670.0,,,,,670.0,,,
duncan robinson,points,19.5,True,2026-05-01,825.0,1020.0,1100.0,,,,1100.0,,,
duncan robinson,points,24.5,True,2026-05-01,,2600.0,,,,,2600.0,,,
duncan robinson,rebounds,2.5,False,2026-05-01,125.0,-101.0,116.0,-165.0,-131.0,-154.0,125.0,,-131.0,
duncan robinson,rebounds,2.5,True,2026-05-01,120.0,-101.0,,,,,120.0,,,
duncan robinson,rebounds,3.5,True,2026-05-01,,249.0,300.0,,,,300.0,,,
duncan robinson,rebounds,4.5,True,2026-05-01,675.0,580.0,,,,,675.0,,,
duncan robinson,rebounds,5.5,True,2026-05-01,,1180.0,,,,,1180.0,,,
duncan robinson,rebounds,6.5,True,2026-05-01,,2300.0,,,,,2300.0,,,
duncan robinson,threes,0.5,True,2026-05-01,-1600.0,-1320.0,-1450.0,,,,-1320.0,,,
duncan robinson,threes,1.5,True,2026-05-01,-300.0,-251.0,-250.0,,,182.0,-250.0,,182.0,
duncan robinson,threes,2.5,False,2026-05-01,105.0,113.0,128.0,-140.0,-149.0,-172.0,128.0,,-140.0,
duncan robinson,threes,2.5,True,2026-05-01,-105.0,116.0,128.0,,,-172.0,128.0,,-172.0,
duncan robinson,threes,3.5,True,2026-05-01,230.0,289.0,320.0,,,-500.0,320.0,,-500.0,
duncan robinson,threes,4.5,True,2026-05-01,525.0,650.0,750.0,,,,750.0,,,
duncan robinson,threes,5.5,True,2026-05-01,,1360.0,1500.0,,,,1500.0,,,
duncan robinson,threes,6.5,True,2026-05-01,,2500.0,,,,,2500.0,,,
dylan harper,assists,1.5,True,2026-05-05,,,-340.0,,,,-340.0,,,
dylan harper,assists,2.5,False,2026-05-05,,-131.0,-122.0,,-101.0,-110.0,-122.0,,-101.0,
dylan harper,assists,2.5,True,2026-05-05,,-133.0,,,,,-133.0,,,
dylan harper,assists,3.5,True,2026-05-05,,178.0,200.0,,,,200.0,,,
dylan harper,assists,4.5,True,2026-05-05,,400.0,,,,,400.0,,,
dylan harper,assists,5.5,True,2026-05-05,,870.0,800.0,,,,870.0,,,
dylan harper,assists,6.5,True,2026-05-05,,1620.0,,,,,1620.0,,,
dylan harper,assists,7.5,True,2026-05-05,,2600.0,2000.0,,,,2600.0,,,
dylan harper,points,5.5,True,2026-05-05,,-568.0,,,,,-568.0,,,
dylan harper,points,7.5,True,2026-05-05,,-249.0,,,,,-249.0,,,
dylan harper,points,9.5,False,2026-05-05,,,-106.0,,,-125.0,-106.0,,-125.0,
dylan harper,points,9.5,True,2026-05-05,,-132.0,-104.0,,,,-104.0,,,
dylan harper,points,10.5,False,2026-05-05,,103.0,,,-131.0,,103.0,,-131.0,
dylan harper,points,10.5,True,2026-05-05,,103.0,,,,,103.0,,,
dylan harper,points,11.5,True,2026-05-05,,138.0,,,,,138.0,,,
dylan harper,points,14.5,True,2026-05-05,,310.0,390.0,,,,390.0,,,
dylan harper,points,17.5,True,2026-05-05,,680.0,,,,,680.0,,,
dylan harper,points,19.5,True,2026-05-05,,1080.0,1100.0,,,,1100.0,,,
dylan harper,points,24.5,True,2026-05-05,,2900.0,,,,,2900.0,,,
dylan harper,rebounds,2.5,False,2026-05-05,,-137.0,,,104.0,,-137.0,,104.0,
dylan harper,rebounds,2.5,True,2026-05-05,,-135.0,,,,,-135.0,,,
dylan harper,rebounds,3.5,True,2026-05-05,,176.0,180.0,,,,180.0,,,
dylan harper,rebounds,4.5,True,2026-05-05,,390.0,,,,,390.0,,,
dylan harper,rebounds,5.5,True,2026-05-05,,790.0,800.0,,,,800.0,,,
dylan harper,rebounds,6.5,True,2026-05-05,,1520.0,,,,,1520.0,,,
dylan harper,rebounds,7.5,True,2026-05-05,,2500.0,,,,,2500.0,,,
evan mobley,assists,1.5,True,2026-05-01,,,-600.0,,,390.0,-600.0,,390.0,
evan mobley,assists,2.5,False,2026-05-01,-150.0,-163.0,-182.0,115.0,123.0,134.0,-150.0,,134.0,
evan mobley,assists,2.5,True,2026-05-01,-150.0,-168.0,-182.0,,,134.0,-150.0,,134.0,
evan mobley,assists,3.5,True,2026-05-01,,149.0,142.0,,,-192.0,149.0,,-192.0,
evan mobley,assists,4.5,True,2026-05-01,360.0,341.0,320.0,,,-490.0,360.0,,-490.0,
evan mobley,assists,5.5,True,2026-05-01,,740.0,750.0,,,,750.0,,,
evan mobley,assists,6.5,True,2026-05-01,,1540.0,,,,,1540.0,,,
evan mobley,assists,7.5,True,2026-05-01,,2600.0,,,,,2600.0,,,
evan mobley,points,7.5,True,2026-05-01,,-2300.0,,,,,-2300.0,,,
evan mobley,points,9.5,True,2026-05-01,-1000.0,-810.0,-1000.0,,,,-810.0,,,
evan mobley,points,10.5,True,2026-05-01,,,-600.0,,,370.0,-600.0,,370.0,
evan mobley,points,11.5,True,2026-05-01,,-385.0,-440.0,,,290.0,-385.0,,290.0,
evan mobley,points,12.5,True,2026-05-01,,,-310.0,,,220.0,-310.0,,220.0,
evan mobley,points,13.5,True,2026-05-01,,,-230.0,,,168.0,-230.0,,168.0,
evan mobley,points,14.5,True,2026-05-01,-185.0,-160.0,-166.0,,,126.0,-160.0,,126.0,
evan mobley,points,15.5,False,2026-05-01,,-123.0,,,-104.0,,-123.0,,-104.0,
evan mobley,points,15.5,True,2026-05-01,,-125.0,-130.0,,,-102.0,-125.0,,-102.0,
evan mobley,points,16.5,False,2026-05-01,105.0,,104.0,-140.0,,-138.0,105.0,,-138.0,
evan mobley,points,16.5,True,2026-05-01,,,104.0,,,-138.0,104.0,,-138.0,
evan mobley,points,17.5,True,2026-05-01,,133.0,134.0,,,-180.0,134.0,,-180.0,
evan mobley,points,18.5,True,2026-05-01,,,174.0,,,-240.0,174.0,,-240.0,
evan mobley,points,19.5,True,2026-05-01,200.0,214.0,220.0,,,-310.0,220.0,,-310.0,
evan mobley,points,20.5,True,2026-05-01,,,270.0,,,-400.0,270.0,,-400.0,
evan mobley,points,21.5,True,2026-05-01,,,320.0,,,-500.0,320.0,,-500.0,
evan mobley,points,22.5,True,2026-05-01,,,410.0,,,-700.0,410.0,,-700.0,
evan mobley,points,23.5,True,2026-05-01,,,,,,-1000.0,,,-1000.0,
evan mobley,points,24.5,True,2026-05-01,650.0,690.0,680.0,,,,690.0,,,
evan mobley,points,29.5,True,2026-05-01,,2000.0,1700.0,,,,2000.0,,,
evan mobley,rebounds,4.5,True,2026-05-01,,-1600.0,,,,,-1600.0,,,
evan mobley,rebounds,5.5,True,2026-05-01,,-690.0,-750.0,,,430.0,-690.0,,430.0,
evan mobley,rebounds,6.5,True,2026-05-01,-450.0,-366.0,-390.0,,,265.0,-366.0,,265.0,
evan mobley,rebounds,7.5,True,2026-05-01,,-212.0,-210.0,,,154.0,-210.0,,154.0,
evan mobley,rebounds,8.5,False,2026-05-01,-135.0,-129.0,,100.0,-102.0,,-129.0,,100.0,
evan mobley,rebounds,8.5,True,2026-05-01,,-130.0,-122.0,,,-106.0,-122.0,,-106.0,
evan mobley,rebounds,9.5,False,2026-05-01,,,116.0,,,-154.0,116.0,,-154.0,
evan mobley,rebounds,9.5,True,2026-05-01,120.0,121.0,116.0,,,-154.0,121.0,,-154.0,
evan mobley,rebounds,10.5,True,2026-05-01,,185.0,188.0,,,-260.0,188.0,,-260.0,
evan mobley,rebounds,11.5,True,2026-05-01,,285.0,280.0,,,-420.0,285.0,,-420.0,
evan mobley,rebounds,12.5,True,2026-05-01,475.0,425.0,430.0,,,-750.0,475.0,,-750.0,
evan mobley,rebounds,13.5,True,2026-05-01,,630.0,680.0,,,-1450.0,680.0,,-1450.0,
evan mobley,rebounds,14.5,True,2026-05-01,,940.0,,,,,940.0,,,
evan mobley,rebounds,15.5,True,2026-05-01,,1360.0,1400.0,,,,1400.0,,,
evan mobley,rebounds,16.5,True,2026-05-01,,1880.0,,,,,1880.0,,,
evan mobley,rebounds,17.5,True,2026-05-01,,2500.0,,,,,2500.0,,,
evan mobley,threes,0.5,False,2026-05-01,-135.0,-159.0,-158.0,100.0,121.0,118.0,-135.0,,121.0,
evan mobley,threes,0.5,True,2026-05-01,-140.0,-160.0,-156.0,,,,-140.0,,,
evan mobley,threes,1.5,True,2026-05-01,340.0,296.0,330.0,,,,340.0,,,
evan mobley,threes,2.5,True,2026-05-01,,1000.0,1100.0,,,,1100.0,,,
evan mobley,threes,3.5,True,2026-05-01,,2400.0,,,,,2400.0,,,
isaiah stewart ii,points,2.5,True,2026-05-01,,,-470.0,,,310.0,-470.0,,310.0,
isaiah stewart ii,points,3.5,True,2026-05-01,,,-320.0,,,225.0,-320.0,,225.0,
isaiah stewart ii,points,4.5,True,2026-05-01,,,-186.0,,,138.0,-186.0,,138.0,
isaiah stewart ii,points,5.5,False,2026-05-01,,-130.0,-118.0,,102.0,-112.0,-118.0,,102.0,
isaiah stewart ii,points,5.5,True,2026-05-01,,-131.0,-118.0,,,-112.0,-118.0,,-112.0,
isaiah stewart ii,points,6.5,False,2026-05-01,105.0,,,-140.0,,,105.0,,-140.0,
isaiah stewart ii,points,6.5,True,2026-05-01,,,124.0,,,-166.0,124.0,,-166.0,
isaiah stewart ii,points,7.5,True,2026-05-01,,160.0,178.0,,,-245.0,178.0,,-245.0,
isaiah stewart ii,points,8.5,True,2026-05-01,,,250.0,,,-360.0,250.0,,-360.0,
isaiah stewart ii,points,9.5,True,2026-05-01,300.0,318.0,350.0,,,,350.0,,,
isaiah stewart ii,points,11.5,True,2026-05-01,,610.0,,,,,610.0,,,
isaiah stewart ii,points,14.5,True,2026-05-01,,1460.0,1500.0,,,,1500.0,,,
isaiah stewart ii,points,17.5,True,2026-05-01,,2800.0,,,,,2800.0,,,
isaiah stewart ii,rebounds,1.5,True,2026-05-01,,,-1000.0,,,,-1000.0,,,
isaiah stewart ii,rebounds,2.5,True,2026-05-01,-325.0,-349.0,-310.0,,,220.0,-310.0,,220.0,
isaiah stewart ii,rebounds,3.5,False,2026-05-01,-135.0,-152.0,-136.0,100.0,115.0,102.0,-135.0,,115.0,
isaiah stewart ii,rebounds,3.5,True,2026-05-01,,-153.0,-132.0,,,102.0,-132.0,,102.0,
isaiah stewart ii,rebounds,4.5,True,2026-05-01,155.0,133.0,152.0,,,-205.0,155.0,,-205.0,
isaiah stewart ii,rebounds,5.5,True,2026-05-01,,252.0,285.0,,,-400.0,285.0,,-400.0,
isaiah stewart ii,rebounds,6.5,True,2026-05-01,550.0,465.0,490.0,,,-900.0,550.0,,-900.0,
isaiah stewart ii,rebounds,7.5,True,2026-05-01,,810.0,870.0,,,,870.0,,,
isaiah stewart ii,rebounds,8.5,True,2026-05-01,,1380.0,,,,,1380.0,,,
isaiah stewart ii,rebounds,9.5,True,2026-05-01,,2200.0,2000.0,,,,2200.0,,,
ja'kobe walter,assists,1.5,False,2026-05-01,,,-146.0,,,110.0,-146.0,,110.0,
ja'kobe walter,assists,1.5,True,2026-05-01,,-123.0,-142.0,,,,-123.0,,,
ja'kobe walter,assists,2.5,True,2026-05-01,,246.0,,,,,246.0,,,
ja'kobe walter,assists,3.5,True,2026-05-01,,650.0,560.0,,,,650.0,,,
ja'kobe walter,assists,4.5,True,2026-05-01,,1520.0,,,,,1520.0,,,
ja'kobe walter,assists,5.5,True,2026-05-01,,2800.0,,,,,2800.0,,,
ja'kobe walter,points,4.5,True,2026-05-01,,,-700.0,,,410.0,-700.0,,410.0,
ja'kobe walter,points,5.5,True,2026-05-01,,-457.0,-420.0,,,280.0,-420.0,,280.0,
ja'kobe walter,points,6.5,True,2026-05-01,,,-275.0,,,198.0,-275.0,,198.0,
ja'kobe walter,points,7.5,True,2026-05-01,,-223.0,-210.0,,,154.0,-210.0,,154.0,
ja'kobe walter,points,8.5,True,2026-05-01,,,-148.0,,,112.0,-148.0,,112.0,
ja'kobe walter,points,9.5,False,2026-05-01,-120.0,-115.0,-106.0,-110.0,-111.0,-125.0,-106.0,,-110.0,
ja'kobe walter,points,9.5,True,2026-05-01,-125.0,-117.0,-106.0,,,-125.0,-106.0,,-125.0,
ja'kobe walter,points,10.5,True,2026-05-01,,,118.0,,,-158.0,118.0,,-158.0,
ja'kobe walter,points,11.5,True,2026-05-01,,148.0,158.0,,,-215.0,158.0,,-215.0,
ja'kobe walter,points,12.5,True,2026-05-01,,,200.0,,,-280.0,200.0,,-280.0,
ja'kobe walter,points,13.5,True,2026-05-01,,,250.0,,,-360.0,250.0,,-360.0,
ja'kobe walter,points,14.5,True,2026-05-01,310.0,315.0,330.0,,,,330.0,,,
ja'kobe walter,points,17.5,True,2026-05-01,,660.0,,,,,660.0,,,
ja'kobe walter,points,19.5,True,2026-05-01,,1020.0,900.0,,,,1020.0,,,
ja'kobe walter,points,24.5,True,2026-05-01,,2500.0,2500.0,,,,2500.0,,,
ja'kobe walter,rebounds,1.5,True,2026-05-01,,,-700.0,,,410.0,-700.0,,410.0,
ja'kobe walter,rebounds,2.5,True,2026-05-01,-225.0,-197.0,-220.0,,,162.0,-197.0,,162.0,
ja'kobe walter,rebounds,3.5,False,2026-05-01,105.0,116.0,122.0,-140.0,-152.0,-162.0,122.0,,-140.0,
ja'kobe walter,rebounds,3.5,True,2026-05-01,,117.0,124.0,,,-162.0,124.0,,-162.0,
ja'kobe walter,rebounds,4.5,True,2026-05-01,220.0,249.0,265.0,,,-390.0,265.0,,-390.0,
ja'kobe walter,rebounds,5.5,True,2026-05-01,,494.0,560.0,,,-1100.0,560.0,,-1100.0,
ja'kobe walter,rebounds,6.5,True,2026-05-01,825.0,960.0,,,,,960.0,,,
ja'kobe walter,rebounds,7.5,True,2026-05-01,,1700.0,,,,,1700.0,,,
ja'kobe walter,rebounds,8.5,True,2026-05-01,,2700.0,,,,,2700.0,,,
ja'kobe walter,threes,0.5,True,2026-05-01,-1000.0,-870.0,-800.0,,,470.0,-800.0,,470.0,
ja'kobe walter,threes,1.5,False,2026-05-01,,-182.0,,,137.0,,-182.0,,137.0,
ja'kobe walter,threes,1.5,True,2026-05-01,-210.0,-186.0,-174.0,,,134.0,-174.0,,134.0,
ja'kobe walter,threes,2.5,False,2026-05-01,140.0,,158.0,-190.0,,-215.0,158.0,,-190.0,
ja'kobe walter,threes,2.5,True,2026-05-01,140.0,155.0,162.0,,,-215.0,162.0,,-215.0,
ja'kobe walter,threes,3.5,True,2026-05-01,340.0,385.0,370.0,,,-600.0,385.0,,-600.0,
ja'kobe walter,threes,4.5,True,2026-05-01,750.0,860.0,800.0,,,,860.0,,,
ja'kobe walter,threes,5.5,True,2026-05-01,,1780.0,1700.0,,,,1780.0,,,
ja'kobe walter,threes,6.5,True,2026-05-01,,2900.0,3500.0,,,,3500.0,,,
jabari smith jr,assists,1.5,False,2026-05-02,-130.0,-119.0,-130.0,-105.0,-111.0,-102.0,-119.0,,-102.0,
jabari smith jr,assists,1.5,True,2026-05-02,,-122.0,-128.0,,,,-122.0,,,
jabari smith jr,assists,2.5,True,2026-05-02,,251.0,,,,,251.0,,,
jabari smith jr,assists,3.5,True,2026-05-02,,680.0,700.0,,,,700.0,,,
jabari smith jr,assists,4.5,True,2026-05-02,,1580.0,,,,,1580.0,,,
jabari smith jr,points,9.5,True,2026-05-02,-1400.0,-1400.0,-1800.0,,,,-1400.0,,,
jabari smith jr,points,10.5,True,2026-05-02,,,-1100.0,,,,-1100.0,,,
jabari smith jr,points,11.5,True,2026-05-02,,-660.0,-700.0,,,410.0,-660.0,,410.0,
jabari smith jr,points,12.5,True,2026-05-02,,,-470.0,,,310.0,-470.0,,310.0,
jabari smith jr,points,13.5,True,2026-05-02,,,-340.0,,,235.0,-340.0,,235.0,
jabari smith jr,points,14.5,True,2026-05-02,-275.0,-271.0,-260.0,,,188.0,-260.0,,188.0,
jabari smith jr,points,15.5,True,2026-05-02,,,-198.0,,,146.0,-198.0,,146.0,
jabari smith jr,points,16.5,True,2026-05-02,,,-152.0,,,114.0,-152.0,,114.0,
jabari smith jr,points,17.5,False,2026-05-02,-125.0,,-114.0,-105.0,,-114.0,-114.0,,-105.0,
jabari smith jr,points,17.5,True,2026-05-02,,-129.0,-114.0,,,-114.0,-114.0,,-114.0,
jabari smith jr,points,18.5,False,2026-05-02,,-104.0,,,-123.0,,-104.0,,-123.0,
jabari smith jr,points,18.5,True,2026-05-02,,-104.0,114.0,,,-152.0,114.0,,-152.0,
jabari smith jr,points,19.5,True,2026-05-02,125.0,120.0,144.0,,,-194.0,144.0,,-194.0,
jabari smith jr,points,20.5,True,2026-05-02,,,178.0,,,-245.0,178.0,,-245.0,
jabari smith jr,points,21.5,True,2026-05-02,,,225.0,,,-320.0,225.0,,-320.0,
jabari smith jr,points,22.5,True,2026-05-02,,,270.0,,,-400.0,270.0,,-400.0,
jabari smith jr,points,23.5,True,2026-05-02,,,350.0,,,-550.0,350.0,,-550.0,
jabari smith jr,points,24.5,True,2026-05-02,360.0,348.0,440.0,,,-700.0,440.0,,-700.0,
jabari smith jr,points,29.5,True,2026-05-02,,990.0,1200.0,,,,1200.0,,,
jabari smith jr,points,34.5,True,2026-05-02,,2300.0,4000.0,,,,4000.0,,,
jabari smith jr,rebounds,3.5,True,2026-05-02,,-1860.0,-2500.0,,,,-1860.0,,,
jabari smith jr,rebounds,4.5,True,2026-05-02,-700.0,-680.0,-750.0,,,430.0,-680.0,,430.0,
jabari smith jr,rebounds,5.5,True,2026-05-02,,-329.0,-330.0,,,235.0,-329.0,,235.0,
jabari smith jr,rebounds,6.5,True,2026-05-02,-175.0,-176.0,-168.0,,,126.0,-168.0,,126.0,
jabari smith jr,rebounds,7.5,False,2026-05-02,105.0,-101.0,114.0,-140.0,-130.0,-152.0,114.0,,-130.0,
jabari smith jr,rebounds,7.5,True,2026-05-02,,-101.0,114.0,,,-152.0,114.0,,-152.0,
jabari smith jr,rebounds,8.5,True,2026-05-02,,166.0,198.0,,,-275.0,198.0,,-275.0,
jabari smith jr,rebounds,9.5,True,2026-05-02,300.0,276.0,300.0,,,-440.0,300.0,,-440.0,
jabari smith jr,rebounds,10.5,True,2026-05-02,,450.0,,,,,450.0,,,
jabari smith jr,rebounds,11.5,True,2026-05-02,,740.0,870.0,,,,870.0,,,
jabari smith jr,rebounds,12.5,True,2026-05-02,,1160.0,,,,,1160.0,,,
jabari smith jr,rebounds,13.5,True,2026-05-02,,1760.0,1800.0,,,,1800.0,,,
jabari smith jr,rebounds,14.5,True,2026-05-02,,2600.0,,,,,2600.0,,,
jabari smith jr,threes,0.5,True,2026-05-02,,-2200.0,-3000.0,,,,-2200.0,,,
jabari smith jr,threes,1.5,True,2026-05-02,-450.0,-363.0,-370.0,,,265.0,-363.0,,265.0,
jabari smith jr,threes,2.5,False,2026-05-02,-125.0,-125.0,-114.0,-105.0,-105.0,-114.0,-114.0,,-105.0,
jabari smith jr,threes,2.5,True,2026-05-02,-140.0,-123.0,-113.0,,,-114.0,-113.0,,-114.0,
jabari smith jr,threes,3.5,True,2026-05-02,175.0,202.0,230.0,,,-310.0,230.0,,-310.0,
jabari smith jr,threes,4.5,True,2026-05-02,390.0,448.0,500.0,,,-900.0,500.0,,-900.0,
jabari smith jr,threes,5.5,True,2026-05-02,,950.0,1060.0,,,,1060.0,,,
jabari smith jr,threes,6.5,True,2026-05-02,,1820.0,2000.0,,,,2000.0,,,
jaden mcdaniels,assists,1.5,True,2026-05-05,,,-400.0,,,,-400.0,,,
jaden mcdaniels,assists,2.5,False,2026-05-05,-120.0,-132.0,-130.0,-110.0,100.0,-102.0,-120.0,,100.0,
jaden mcdaniels,assists,2.5,True,2026-05-05,-120.0,-132.0,,,,,-120.0,,,
jaden mcdaniels,assists,3.5,True,2026-05-05,,183.0,215.0,,,,215.0,,,
jaden mcdaniels,assists,4.5,True,2026-05-05,425.0,404.0,,,,,425.0,,,
jaden mcdaniels,assists,5.5,True,2026-05-05,,830.0,1000.0,,,,1000.0,,,
jaden mcdaniels,assists,6.5,True,2026-05-05,,1620.0,,,,,1620.0,,,
jaden mcdaniels,assists,7.5,True,2026-05-05,,2700.0,,,,,2700.0,,,
jaden mcdaniels,points,7.5,True,2026-05-05,,-3000.0,,,,,-3000.0,,,
jaden mcdaniels,points,9.5,True,2026-05-05,-1100.0,-1060.0,-1100.0,,,,-1060.0,,,
jaden mcdaniels,points,11.5,True,2026-05-05,,-527.0,,,,,-527.0,,,
jaden mcdaniels,points,14.5,True,2026-05-05,-210.0,-228.0,-200.0,,,,-200.0,,,
jaden mcdaniels,points,16.5,False,2026-05-05,-125.0,,-118.0,-105.0,,-110.0,-118.0,,-105.0,
jaden mcdaniels,points,17.5,False,2026-05-05,,-114.0,,,-112.0,,-114.0,,-112.0,
jaden mcdaniels,points,17.5,True,2026-05-05,,-113.0,,,,,-113.0,,,
jaden mcdaniels,points,19.5,True,2026-05-05,160.0,137.0,186.0,,,,186.0,,,
jaden mcdaniels,points,24.5,True,2026-05-05,450.0,390.0,560.0,,,,560.0,,,
jaden mcdaniels,points,29.5,True,2026-05-05,,980.0,1400.0,,,,1400.0,,,
jaden mcdaniels,points,34.5,True,2026-05-05,,2300.0,4000.0,,,,4000.0,,,
jaden mcdaniels,rebounds,2.5,True,2026-05-05,-600.0,-720.0,,,,,-600.0,,,
jaden mcdaniels,rebounds,3.5,True,2026-05-05,,-277.0,-260.0,,,,-260.0,,,
jaden mcdaniels,rebounds,4.5,False,2026-05-05,-110.0,-131.0,-114.0,-120.0,100.0,-114.0,-110.0,,100.0,
jaden mcdaniels,rebounds,4.5,True,2026-05-05,-110.0,-131.0,,,,,-110.0,,,
jaden mcdaniels,rebounds,5.5,True,2026-05-05,,146.0,180.0,,,,180.0,,,
jaden mcdaniels,rebounds,6.5,True,2026-05-05,325.0,263.0,,,,,325.0,,,
jaden mcdaniels,rebounds,7.5,True,2026-05-05,,481.0,630.0,,,,630.0,,,
jaden mcdaniels,rebounds,8.5,True,2026-05-05,,850.0,,,,,850.0,,,
jaden mcdaniels,rebounds,9.5,True,2026-05-05,,1500.0,1500.0,,,,1500.0,,,
jaden mcdaniels,rebounds,10.5,True,2026-05-05,,2400.0,,,,,2400.0,,,
jaden mcdaniels,threes,0.5,True,2026-05-05,-500.0,-396.0,-440.0,,,,-396.0,,,
jaden mcdaniels,threes,1.5,False,2026-05-05,-105.0,113.0,108.0,-125.0,-148.0,-144.0,113.0,,-125.0,
jaden mcdaniels,threes,1.5,True,2026-05-05,-110.0,112.0,110.0,,,,112.0,,,
jaden mcdaniels,threes,2.5,True,2026-05-05,275.0,338.0,350.0,,,,350.0,,,
jaden mcdaniels,threes,3.5,True,2026-05-05,700.0,870.0,1000.0,,,,1000.0,,,
jaden mcdaniels,threes,4.5,True,2026-05-05,,1960.0,,,,,1960.0,,,
jakob poeltl,assists,1.5,False,2026-05-01,115.0,120.0,134.0,-155.0,-158.0,-180.0,134.0,,-155.0,
jakob poeltl,assists,1.5,True,2026-05-01,,118.0,134.0,,,,134.0,,,
jakob poeltl,assists,2.5,True,2026-05-01,,373.0,,,,,373.0,,,
jakob poeltl,assists,3.5,True,2026-05-01,,1040.0,1060.0,,,,1060.0,,,
jakob poeltl,assists,4.5,True,2026-05-01,,2400.0,,,,,2400.0,,,
jakob poeltl,points,5.5,True,2026-05-01,,-252.0,,,,,-252.0,,,
jakob poeltl,points,7.5,False,2026-05-01,-120.0,-112.0,-102.0,-110.0,-113.0,-130.0,-102.0,,-110.0,
jakob poeltl,points,7.5,True,2026-05-01,,-113.0,,,,,-113.0,,,
jakob poeltl,points,9.5,True,2026-05-01,175.0,184.0,200.0,,,,200.0,,,
jakob poeltl,points,11.5,True,2026-05-01,,360.0,,,,,360.0,,,
jakob poeltl,points,14.5,True,2026-05-01,,1020.0,870.0,,,,1020.0,,,
jakob poeltl,points,17.5,True,2026-05-01,,2000.0,,,,,2000.0,,,
jakob poeltl,rebounds,2.5,True,2026-05-01,-1200.0,-1160.0,-1000.0,,,,-1000.0,,,
jakob poeltl,rebounds,3.5,True,2026-05-01,,-413.0,-350.0,,,240.0,-350.0,,240.0,
jakob poeltl,rebounds,4.5,True,2026-05-01,-210.0,-197.0,-174.0,,,130.0,-174.0,,130.0,
jakob poeltl,rebounds,5.5,False,2026-05-01,-105.0,-101.0,110.0,-125.0,-131.0,-146.0,110.0,,-125.0,
jakob poeltl,rebounds,5.5,True,2026-05-01,,-101.0,110.0,,,-146.0,110.0,,-146.0,
jakob poeltl,rebounds,6.5,True,2026-05-01,170.0,182.0,194.0,,,-270.0,194.0,,-270.0,
jakob poeltl,rebounds,7.5,True,2026-05-01,,329.0,320.0,,,-500.0,329.0,,-500.0,
jakob poeltl,rebounds,8.5,True,2026-05-01,,579.0,,,,-1100.0,579.0,,-1100.0,
jakob poeltl,rebounds,9.5,True,2026-05-01,825.0,980.0,800.0,,,,980.0,,,
jakob poeltl,rebounds,10.5,True,2026-05-01,,1560.0,,,,,1560.0,,,
jakob poeltl,rebounds,11.5,True,2026-05-01,,2300.0,1700.0,,,,2300.0,,,
jalen duren,assists,1.5,False,2026-05-01,-140.0,-153.0,-178.0,105.0,116.0,132.0,-140.0,,132.0,
jalen duren,assists,1.5,True,2026-05-01,,-157.0,-172.0,,,,-157.0,,,
jalen duren,assists,2.5,True,2026-05-01,,192.0,,,,,192.0,,,
jalen duren,assists,3.5,True,2026-05-01,,499.0,470.0,,,,499.0,,,
jalen duren,assists,4.5,True,2026-05-01,,1180.0,,,,,1180.0,,,
jalen duren,assists,5.5,True,2026-05-01,,2300.0,,,,,2300.0,,,
jalen duren,points,5.5,True,2026-05-01,,-3000.0,,,,,-3000.0,,,
jalen duren,points,7.5,True,2026-05-01,,-850.0,-1000.0,,,,-850.0,,,
jalen duren,points,8.5,True,2026-05-01,,,-600.0,,,370.0,-600.0,,370.0,
jalen duren,points,9.5,True,2026-05-01,-500.0,-370.0,-400.0,,,270.0,-370.0,,270.0,
jalen duren,points,10.5,True,2026-05-01,,,-290.0,,,205.0,-290.0,,205.0,
jalen duren,points,11.5,True,2026-05-01,,-191.0,-210.0,,,154.0,-191.0,,154.0,
jalen duren,points,12.5,True,2026-05-01,,,-158.0,,,118.0,-158.0,,118.0,
jalen duren,points,13.5,False,2026-05-01,-120.0,-105.0,-112.0,-110.0,-122.0,-118.0,-105.0,,-110.0,
jalen duren,points,13.5,True,2026-05-01,,-105.0,-112.0,,,-118.0,-105.0,,-118.0,
jalen duren,points,14.5,True,2026-05-01,110.0,125.0,120.0,,,-158.0,125.0,,-158.0,
jalen duren,points,15.5,True,2026-05-01,,,154.0,,,-210.0,154.0,,-210.0,
jalen duren,points,16.5,True,2026-05-01,,,198.0,,,-275.0,198.0,,-275.0,
jalen duren,points,17.5,True,2026-05-01,,272.0,250.0,,,-360.0,272.0,,-360.0,
jalen duren,points,18.5,True,2026-05-01,,,320.0,,,-500.0,320.0,,-500.0,
jalen duren,points,19.5,True,2026-05-01,400.0,456.0,420.0,,,,456.0,,,
jalen duren,points,24.5,True,2026-05-01,,1420.0,1200.0,,,,1420.0,,,
jalen duren,rebounds,4.5,True,2026-05-01,,-2900.0,,,,,-2900.0,,,
jalen duren,rebounds,5.5,True,2026-05-01,,-1080.0,-750.0,,,430.0,-750.0,,430.0,
jalen duren,rebounds,6.5,True,2026-05-01,-500.0,-523.0,-360.0,,,260.0,-360.0,,260.0,
jalen duren,rebounds,7.5,True,2026-05-01,,-291.0,-210.0,,,154.0,-210.0,,154.0,
jalen duren,rebounds,8.5,True,2026-05-01,,-174.0,-122.0,,,-108.0,-122.0,,-108.0,
jalen duren,rebounds,9.5,False,2026-05-01,105.0,-110.0,116.0,-140.0,-120.0,-154.0,116.0,,-120.0,
jalen duren,rebounds,9.5,True,2026-05-01,105.0,-110.0,116.0,,,-154.0,116.0,,-154.0,
jalen duren,rebounds,10.5,True,2026-05-01,,140.0,194.0,,,-270.0,194.0,,-270.0,
jalen duren,rebounds,11.5,True,2026-05-01,,215.0,310.0,,,-450.0,310.0,,-450.0,
jalen duren,rebounds,12.5,True,2026-05-01,400.0,321.0,490.0,,,-900.0,490.0,,-900.0,
jalen duren,rebounds,13.5,True,2026-05-01,,476.0,800.0,,,,800.0,,,
jalen duren,rebounds,14.5,True,2026-05-01,,700.0,,,,,700.0,,,
jalen duren,rebounds,15.5,True,2026-05-01,,1020.0,1500.0,,,,1500.0,,,
jalen duren,rebounds,16.5,True,2026-05-01,,1440.0,,,,,1440.0,,,
jalen duren,rebounds,17.5,True,2026-05-01,,1960.0,,,,,1960.0,,,
jalen duren,rebounds,18.5,True,2026-05-01,,2600.0,,,,,2600.0,,,
jalen suggs,assists,1.5,True,2026-05-01,,,-4000.0,,,,-4000.0,,,
jalen suggs,assists,2.5,True,2026-05-01,-750.0,-630.0,-670.0,,,400.0,-630.0,,400.0,
jalen suggs,assists,3.5,True,2026-05-01,,-241.0,-240.0,,,178.0,-240.0,,178.0,
jalen suggs,assists,4.5,False,2026-05-01,-125.0,-115.0,-110.0,-105.0,-114.0,-120.0,-110.0,,-105.0,
jalen suggs,assists,4.5,True,2026-05-01,-125.0,-112.0,-110.0,,,-120.0,-110.0,,-120.0,
jalen suggs,assists,5.5,True,2026-05-01,,174.0,188.0,,,-260.0,188.0,,-260.0,
jalen suggs,assists,6.5,True,2026-05-01,300.0,329.0,370.0,,,-600.0,370.0,,-600.0,
jalen suggs,assists,7.5,True,2026-05-01,,620.0,750.0,,,,750.0,,,
jalen suggs,assists,8.5,True,2026-05-01,,1100.0,,,,,1100.0,,,
jalen suggs,assists,9.5,True,2026-05-01,,1880.0,1700.0,,,,1880.0,,,
jalen suggs,assists,10.5,True,2026-05-01,,2800.0,,,,,2800.0,,,
jalen suggs,points,5.5,True,2026-05-01,,-2200.0,,,,,-2200.0,,,
jalen suggs,points,7.5,True,2026-05-01,,-870.0,-1100.0,,,,-870.0,,,
jalen suggs,points,8.5,True,2026-05-01,,,-670.0,,,400.0,-670.0,,400.0,
jalen suggs,points,9.5,True,2026-05-01,-375.0,-413.0,-440.0,,,310.0,-375.0,,310.0,
jalen suggs,points,10.5,True,2026-05-01,,,-320.0,,,225.0,-320.0,,225.0,
jalen suggs,points,11.5,True,2026-05-01,,-226.0,-240.0,,,174.0,-226.0,,174.0,
jalen suggs,points,12.5,True,2026-05-01,,,-180.0,,,134.0,-180.0,,134.0,
jalen suggs,points,13.5,False,2026-05-01,-115.0,,-136.0,-115.0,,102.0,-115.0,,102.0,
jalen suggs,points,13.5,True,2026-05-01,,,-136.0,,,102.0,-136.0,,102.0,
jalen suggs,points,14.5,False,2026-05-01,,-104.0,,,-123.0,,-104.0,,-123.0,
jalen suggs,points,14.5,True,2026-05-01,110.0,-104.0,-102.0,,,-130.0,110.0,,-130.0,
jalen suggs,points,15.5,True,2026-05-01,,,124.0,,,-166.0,124.0,,-166.0,
jalen suggs,points,16.5,True,2026-05-01,,,162.0,,,-220.0,162.0,,-220.0,
jalen suggs,points,17.5,True,2026-05-01,,195.0,198.0,,,-275.0,198.0,,-275.0,
jalen suggs,points,18.5,True,2026-05-01,,,240.0,,,-350.0,240.0,,-350.0,
jalen suggs,points,19.5,True,2026-05-01,360.0,310.0,320.0,,,,360.0,,,
jalen suggs,points,24.5,True,2026-05-01,,920.0,1000.0,,,,1000.0,,,
jalen suggs,points,29.5,True,2026-05-01,,2300.0,,,,,2300.0,,,
jalen suggs,rebounds,2.5,True,2026-05-01,-350.0,-379.0,-450.0,,,300.0,-350.0,,300.0,
jalen suggs,rebounds,3.5,False,2026-05-01,-150.0,-151.0,,110.0,114.0,,-150.0,,114.0,
jalen suggs,rebounds,3.5,True,2026-05-01,,-152.0,-166.0,,,128.0,-152.0,,128.0,
jalen suggs,rebounds,4.5,False,2026-05-01,,,134.0,,,-180.0,134.0,,-180.0,
jalen suggs,rebounds,4.5,True,2026-05-01,140.0,140.0,134.0,,,-180.0,140.0,,-180.0,
jalen suggs,rebounds,5.5,True,2026-05-01,,283.0,280.0,,,-400.0,283.0,,-400.0,
jalen suggs,rebounds,6.5,True,2026-05-01,550.0,554.0,,,,-1000.0,554.0,,-1000.0,
jalen suggs,rebounds,7.5,True,2026-05-01,,1060.0,900.0,,,,1060.0,,,
jalen suggs,rebounds,8.5,True,2026-05-01,,1840.0,,,,,1840.0,,,
jalen suggs,rebounds,9.5,True,2026-05-01,,2900.0,,,,,2900.0,,,
jalen suggs,threes,0.5,True,2026-05-01,-1400.0,-1100.0,-1800.0,,,,-1100.0,,,
jalen suggs,threes,1.5,True,2026-05-01,-250.0,-226.0,-270.0,,,194.0,-226.0,,194.0,
jalen suggs,threes,2.5,False,2026-05-01,115.0,126.0,118.0,-155.0,-166.0,-158.0,126.0,,-155.0,
jalen suggs,threes,2.5,True,2026-05-01,115.0,126.0,118.0,,,-158.0,126.0,,-158.0,
jalen suggs,threes,3.5,True,2026-05-01,280.0,308.0,300.0,,,-450.0,308.0,,-450.0,
jalen suggs,threes,4.5,True,2026-05-01,625.0,700.0,700.0,,,,700.0,,,
jalen suggs,threes,5.5,True,2026-05-01,,1520.0,1500.0,,,,1520.0,,,
jalen suggs,threes,6.5,True,2026-05-01,,2800.0,,,,,2800.0,,,
jamal cain,points,3.5,True,2026-05-01,,,-1000.0,,,,-1000.0,,,
jamal cain,points,4.5,True,2026-05-01,,,-470.0,,,310.0,-470.0,,310.0,
jamal cain,points,5.5,True,2026-05-01,,-300.0,-310.0,,,220.0,-300.0,,220.0,
jamal cain,points,6.5,True,2026-05-01,,,-198.0,,,146.0,-198.0,,146.0,
jamal cain,points,7.5,False,2026-05-01,,-133.0,-132.0,,105.0,100.0,-132.0,,105.0,
jamal cain,points,7.5,True,2026-05-01,,-134.0,-132.0,,,100.0,-132.0,,100.0,
jamal cain,points,8.5,True,2026-05-01,,,108.0,,,-144.0,108.0,,-144.0,
jamal cain,points,9.5,True,2026-05-01,,147.0,158.0,,,-210.0,158.0,,-210.0,
jamal cain,points,10.5,True,2026-05-01,,,220.0,,,-310.0,220.0,,-310.0,
jamal cain,points,11.5,True,2026-05-01,,279.0,,,,,279.0,,,
jamal cain,points,14.5,True,2026-05-01,,690.0,700.0,,,,700.0,,,
jamal cain,points,17.5,True,2026-05-01,,1540.0,,,,,1540.0,,,
jamal cain,points,19.5,True,2026-05-01,,2400.0,,,,,2400.0,,,
jamal cain,rebounds,1.5,True,2026-05-01,,,-1450.0,,,,-1450.0,,,
jamal cain,rebounds,2.5,True,2026-05-01,,-384.0,-400.0,,,270.0,-384.0,,270.0,
jamal cain,rebounds,3.5,False,2026-05-01,,-149.0,,,113.0,,-149.0,,113.0,
jamal cain,rebounds,3.5,True,2026-05-01,,-152.0,-162.0,,,124.0,-152.0,,124.0,
jamal cain,rebounds,4.5,False,2026-05-01,,,134.0,,,-180.0,134.0,,-180.0,
jamal cain,rebounds,4.5,True,2026-05-01,,142.0,134.0,,,-180.0,142.0,,-180.0,
jamal cain,rebounds,5.5,True,2026-05-01,,290.0,260.0,,,-360.0,290.0,,-360.0,
jamal cain,rebounds,6.5,True,2026-05-01,,569.0,470.0,,,-850.0,569.0,,-850.0,
jamal cain,rebounds,7.5,True,2026-05-01,,1080.0,900.0,,,,1080.0,,,
jamal cain,rebounds,8.5,True,2026-05-01,,1880.0,,,,,1880.0,,,
jamal cain,rebounds,9.5,True,2026-05-01,,2800.0,2000.0,,,,2800.0,,,
jamal shead,assists,2.5,True,2026-05-01,,-970.0,,,,,-970.0,,,
jamal shead,assists,3.5,True,2026-05-01,,-353.0,-360.0,,,,-353.0,,,
jamal shead,assists,4.5,True,2026-05-01,,-165.0,,,,,-165.0,,,
jamal shead,assists,5.5,False,2026-05-01,,115.0,114.0,,-151.0,-152.0,115.0,,-151.0,
jamal shead,assists,5.5,True,2026-05-01,,115.0,116.0,,,,116.0,,,
jamal shead,assists,6.5,True,2026-05-01,,207.0,,,,,207.0,,,
jamal shead,assists,7.5,True,2026-05-01,,361.0,360.0,,,,361.0,,,
jamal shead,assists,8.5,True,2026-05-01,,610.0,,,,,610.0,,,
jamal shead,assists,9.5,True,2026-05-01,,1020.0,900.0,,,,1020.0,,,
jamal shead,assists,10.5,True,2026-05-01,,1700.0,,,,,1700.0,,,
jamal shead,assists,11.5,True,2026-05-01,,2500.0,2000.0,,,,2500.0,,,
jamal shead,points,3.5,True,2026-05-01,,,-650.0,,,390.0,-650.0,,390.0,
jamal shead,points,4.5,True,2026-05-01,,,-420.0,,,280.0,-420.0,,280.0,
jamal shead,points,5.5,True,2026-05-01,,-257.0,-260.0,,,188.0,-257.0,,188.0,
jamal shead,points,6.5,True,2026-05-01,,,-182.0,,,134.0,-182.0,,134.0,
jamal shead,points,7.5,False,2026-05-01,,-125.0,-130.0,,-102.0,-102.0,-125.0,,-102.0,
jamal shead,points,7.5,True,2026-05-01,,-124.0,-130.0,,,-102.0,-124.0,,-102.0,
jamal shead,points,8.5,True,2026-05-01,,,108.0,,,-144.0,108.0,,-144.0,
jamal shead,points,9.5,True,2026-05-01,,154.0,148.0,,,-200.0,154.0,,-200.0,
jamal shead,points,10.5,True,2026-05-01,,,194.0,,,-270.0,194.0,,-270.0,
jamal shead,points,11.5,True,2026-05-01,,279.0,,,,,279.0,,,
jamal shead,points,14.5,True,2026-05-01,,640.0,520.0,,,,640.0,,,
jamal shead,points,17.5,True,2026-05-01,,1380.0,,,,,1380.0,,,
jamal shead,points,19.5,True,2026-05-01,,2100.0,1500.0,,,,2100.0,,,
jamal shead,rebounds,1.5,False,2026-05-01,,-136.0,,,104.0,,-136.0,,104.0,
jamal shead,rebounds,1.5,True,2026-05-01,,-135.0,,,,,-135.0,,,
jamal shead,rebounds,2.5,True,2026-05-01,,217.0,,,,,217.0,,,
jamal shead,rebounds,3.5,True,2026-05-01,,555.0,400.0,,,,555.0,,,
jamal shead,rebounds,4.5,True,2026-05-01,,1260.0,,,,,1260.0,,,
jamal shead,rebounds,5.5,True,2026-05-01,,2500.0,,,,,2500.0,,,
jamal shead,threes,0.5,True,2026-05-01,,-248.0,-245.0,,,,-245.0,,,
jamal shead,threes,1.5,False,2026-05-01,,177.0,,,-237.0,,177.0,,-237.0,
jamal shead,threes,1.5,True,2026-05-01,,178.0,180.0,,,,180.0,,,
jamal shead,threes,2.5,True,2026-05-01,,562.0,520.0,,,,562.0,,,
jamal shead,threes,3.5,True,2026-05-01,,1480.0,1300.0,,,,1480.0,,,
jamal shead,threes,4.5,True,2026-05-01,,2900.0,,,,,2900.0,,,
james harden,assists,3.5,True,2026-05-01,,-1460.0,-2200.0,,,,-1460.0,,,
james harden,assists,4.5,True,2026-05-01,-550.0,-550.0,-700.0,,,410.0,-550.0,,410.0,
james harden,assists,5.5,True,2026-05-01,,-260.0,-300.0,,,210.0,-260.0,,210.0,
james harden,assists,6.5,False,2026-05-01,-125.0,-137.0,-152.0,-105.0,104.0,114.0,-125.0,,114.0,
james harden,assists,6.5,True,2026-05-01,-125.0,-136.0,-152.0,,,114.0,-125.0,,114.0,
james harden,assists,7.5,True,2026-05-01,,133.0,126.0,,,-166.0,133.0,,-166.0,
james harden,assists,8.5,True,2026-05-01,,240.0,220.0,,,-310.0,240.0,,-310.0,
james harden,assists,9.5,True,2026-05-01,425.0,415.0,330.0,,,-490.0,425.0,,-490.0,
james harden,assists,10.5,True,2026-05-01,,720.0,,,,,720.0,,,
james harden,assists,11.5,True,2026-05-01,,1220.0,1000.0,,,,1220.0,,,
james harden,assists,12.5,True,2026-05-01,,1900.0,,,,,1900.0,,,
james harden,assists,13.5,True,2026-05-01,,2700.0,2500.0,,,,2700.0,,,
james harden,points,9.5,True,2026-05-01,,-3600.0,-4500.0,,,,-3600.0,,,
james harden,points,11.5,True,2026-05-01,,-1320.0,,,,,-1320.0,,,
james harden,points,12.5,True,2026-05-01,,,-1200.0,,,,-1200.0,,,
james harden,points,13.5,True,2026-05-01,,,-750.0,,,430.0,-750.0,,430.0,
james harden,points,14.5,True,2026-05-01,-625.0,-498.0,-580.0,,,360.0,-498.0,,360.0,
james harden,points,15.5,True,2026-05-01,,,-420.0,,,280.0,-420.0,,280.0,
james harden,points,16.5,True,2026-05-01,,,-320.0,,,225.0,-320.0,,225.0,
james harden,points,17.5,True,2026-05-01,,-227.0,-250.0,,,182.0,-227.0,,182.0,
james harden,points,18.5,True,2026-05-01,,,-205.0,,,152.0,-205.0,,152.0,
james harden,points,19.5,True,2026-05-01,-160.0,-147.0,-158.0,,,118.0,-147.0,,118.0,
james harden,points,20.5,False,2026-05-01,,-118.0,,,-108.0,,-118.0,,-108.0,
james harden,points,20.5,True,2026-05-01,,-119.0,-122.0,,,-108.0,-119.0,,-108.0,
james harden,points,21.5,False,2026-05-01,-105.0,,104.0,-125.0,,-138.0,104.0,,-125.0,
james harden,points,21.5,True,2026-05-01,,,104.0,,,-138.0,104.0,,-138.0,
james harden,points,22.5,True,2026-05-01,,,130.0,,,-174.0,130.0,,-174.0,
james harden,points,23.5,True,2026-05-01,,,162.0,,,-220.0,162.0,,-220.0,
james harden,points,24.5,True,2026-05-01,180.0,189.0,194.0,,,-270.0,194.0,,-270.0,
james harden,points,25.5,True,2026-05-01,,,235.0,,,-340.0,235.0,,-340.0,
james harden,points,26.5,True,2026-05-01,,,290.0,,,-440.0,290.0,,-440.0,
james harden,points,27.5,True,2026-05-01,,,360.0,,,-580.0,360.0,,-580.0,
james harden,points,28.5,True,2026-05-01,,,410.0,,,-750.0,410.0,,-750.0,
james harden,points,29.5,True,2026-05-01,475.0,507.0,540.0,,,-1000.0,540.0,,-1000.0,
james harden,points,34.5,True,2026-05-01,,1260.0,1300.0,,,,1300.0,,,
james harden,points,39.5,True,2026-05-01,,2600.0,3500.0,,,,3500.0,,,
james harden,rebounds,2.5,True,2026-05-01,-700.0,-670.0,-750.0,,,410.0,-670.0,,410.0,
james harden,rebounds,3.5,True,2026-05-01,,-254.0,-260.0,,,188.0,-254.0,,188.0,
james harden,rebounds,4.5,False,2026-05-01,-125.0,-118.0,-120.0,-105.0,-111.0,-110.0,-118.0,,-105.0,
james harden,rebounds,4.5,True,2026-05-01,-125.0,-118.0,-120.0,,,-110.0,-118.0,,-110.0,
james harden,rebounds,5.5,True,2026-05-01,,164.0,178.0,,,-245.0,178.0,,-245.0,
james harden,rebounds,6.5,True,2026-05-01,300.0,308.0,320.0,,,-490.0,320.0,,-490.0,
james harden,rebounds,7.5,True,2026-05-01,,573.0,630.0,,,-1400.0,630.0,,-1400.0,
james harden,rebounds,8.5,True,2026-05-01,,1020.0,,,,,1020.0,,,
james harden,rebounds,9.5,True,2026-05-01,,1720.0,1400.0,,,,1720.0,,,
james harden,rebounds,10.5,True,2026-05-01,,2700.0,,,,,2700.0,,,
james harden,threes,0.5,True,2026-05-01,,-2700.0,-4000.0,,,,-2700.0,,,
james harden,threes,1.5,True,2026-05-01,-400.0,-422.0,-430.0,,,290.0,-400.0,,290.0,
james harden,threes,2.5,False,2026-05-01,-135.0,-145.0,-136.0,100.0,110.0,102.0,-135.0,,110.0,
james harden,threes,2.5,True,2026-05-01,-135.0,-143.0,-132.0,,,102.0,-132.0,,102.0,
james harden,threes,3.5,True,2026-05-01,185.0,173.0,196.0,,,-260.0,196.0,,-260.0,
james harden,threes,4.5,True,2026-05-01,400.0,372.0,410.0,,,-700.0,410.0,,-700.0,
james harden,threes,5.5,True,2026-05-01,,820.0,900.0,,,,900.0,,,
james harden,threes,6.5,True,2026-05-01,,1580.0,1700.0,,,,1700.0,,,
james harden,threes,7.5,True,2026-05-01,,2600.0,3500.0,,,,3500.0,,,
jarrett allen,assists,0.5,True,2026-05-01,,-217.0,,,,,-217.0,,,
jarrett allen,assists,1.5,True,2026-05-01,,,200.0,,,,200.0,,,
jarrett allen,assists,2.5,True,2026-05-01,,730.0,,,,,730.0,,,
jarrett allen,assists,3.5,True,2026-05-01,,2000.0,,,,,2000.0,,,
jarrett allen,points,5.5,True,2026-05-01,,-970.0,-750.0,,,430.0,-750.0,,430.0,
jarrett allen,points,6.5,True,2026-05-01,,,-470.0,,,310.0,-470.0,,310.0,
jarrett allen,points,7.5,True,2026-05-01,,-352.0,-310.0,,,220.0,-310.0,,220.0,
jarrett allen,points,8.5,True,2026-05-01,,,-205.0,,,152.0,-205.0,,152.0,
jarrett allen,points,9.5,True,2026-05-01,-175.0,-163.0,-144.0,,,108.0,-144.0,,108.0,
jarrett allen,points,10.5,False,2026-05-01,-120.0,-112.0,100.0,-110.0,-114.0,-132.0,100.0,,-110.0,
jarrett allen,points,10.5,True,2026-05-01,,-110.0,100.0,,,-132.0,100.0,,-132.0,
jarrett allen,points,11.5,True,2026-05-01,,120.0,134.0,,,-180.0,134.0,,-180.0,
jarrett allen,points,12.5,True,2026-05-01,,,182.0,,,-250.0,182.0,,-250.0,
jarrett allen,points,13.5,True,2026-05-01,,,235.0,,,-340.0,235.0,,-340.0,
jarrett allen,points,14.5,True,2026-05-01,300.0,315.0,310.0,,,-470.0,315.0,,-470.0,
jarrett allen,points,17.5,True,2026-05-01,,730.0,,,,,730.0,,,
jarrett allen,points,19.5,True,2026-05-01,,1260.0,1100.0,,,,1260.0,,,
jarrett allen,rebounds,3.5,True,2026-05-01,,-3800.0,-3000.0,,,,-3000.0,,,
jarrett allen,rebounds,4.5,True,2026-05-01,-1100.0,-1120.0,-850.0,,,470.0,-850.0,,470.0,
jarrett allen,rebounds,5.5,True,2026-05-01,,-484.0,-370.0,,,260.0,-370.0,,260.0,
jarrett allen,rebounds,6.5,True,2026-05-01,-235.0,-248.0,-205.0,,,152.0,-205.0,,152.0,
jarrett allen,rebounds,7.5,False,2026-05-01,-130.0,-133.0,-114.0,-105.0,101.0,-114.0,-114.0,,101.0,
jarrett allen,rebounds,7.5,True,2026-05-01,,-137.0,-113.0,,,-114.0,-113.0,,-114.0,
jarrett allen,rebounds,8.5,True,2026-05-01,,124.0,148.0,,,-200.0,148.0,,-200.0,
jarrett allen,rebounds,9.5,True,2026-05-01,220.0,206.0,215.0,,,-280.0,220.0,,-280.0,
jarrett allen,rebounds,10.5,True,2026-05-01,,341.0,320.0,,,-500.0,341.0,,-500.0,
jarrett allen,rebounds,11.5,True,2026-05-01,,557.0,520.0,,,,557.0,,,
jarrett allen,rebounds,12.5,True,2026-05-01,,900.0,,,,,900.0,,,
jarrett allen,rebounds,13.5,True,2026-05-01,,1440.0,1200.0,,,,1440.0,,,
jarrett allen,rebounds,14.5,True,2026-05-01,,2100.0,,,,,2100.0,,,
jarrett allen,rebounds,15.5,True,2026-05-01,,2900.0,3000.0,,,,3000.0,,,
jaxson hayes,points,1.5,True,2026-05-02,,,-1100.0,,,,-1100.0,,,
jaxson hayes,points,2.5,True,2026-05-02,,,-330.0,,,230.0,-330.0,,230.0,
jaxson hayes,points,3.5,True,2026-05-02,,,-235.0,,,172.0,-235.0,,172.0,
jaxson hayes,points,4.5,False,2026-05-02,,-122.0,,,-104.0,,-122.0,,-104.0,
jaxson hayes,points,4.5,True,2026-05-02,,-126.0,-138.0,,,104.0,-126.0,,104.0,
jaxson hayes,points,5.5,False,2026-05-02,,,104.0,,,-138.0,104.0,,-138.0,
jaxson hayes,points,5.5,True,2026-05-02,,-101.0,104.0,,,-138.0,104.0,,-138.0,
jaxson hayes,points,6.5,True,2026-05-02,,,154.0,,,-210.0,154.0,,-210.0,
jaxson hayes,points,7.5,True,2026-05-02,,230.0,220.0,,,-310.0,230.0,,-310.0,
jaxson hayes,points,8.5,True,2026-05-02,,,290.0,,,-440.0,290.0,,-440.0,
jaxson hayes,points,9.5,True,2026-05-02,,491.0,400.0,,,,491.0,,,
jaxson hayes,points,11.5,True,2026-05-02,,1000.0,,,,,1000.0,,,
jaxson hayes,points,14.5,True,2026-05-02,,2600.0,1400.0,,,,2600.0,,,
jaxson hayes,rebounds,2.5,True,2026-05-02,,-190.0,,,,,-190.0,,,
jaxson hayes,rebounds,3.5,False,2026-05-02,,120.0,,,-158.0,,120.0,,-158.0,
jaxson hayes,rebounds,3.5,True,2026-05-02,,123.0,122.0,,,,123.0,,,
jaxson hayes,rebounds,4.5,True,2026-05-02,,258.0,,,,,258.0,,,
jaxson hayes,rebounds,5.5,True,2026-05-02,,510.0,450.0,,,,510.0,,,
jaxson hayes,rebounds,6.5,True,2026-05-02,,990.0,,,,,990.0,,,
jaxson hayes,rebounds,7.5,True,2026-05-02,,1740.0,1300.0,,,,1740.0,,,
jaxson hayes,rebounds,8.5,True,2026-05-02,,2700.0,,,,,2700.0,,,
jaylen brown,assists,1.5,True,2026-05-02,,,-2500.0,,,,-2500.0,,,
jaylen brown,assists,2.5,True,2026-05-02,-500.0,-503.0,,,,,-500.0,,,
jaylen brown,assists,3.5,True,2026-05-02,,-196.0,-180.0,,,,-180.0,,,
jaylen brown,assists,4.5,False,2026-05-02,120.0,114.0,134.0,-160.0,-150.0,-180.0,134.0,,-150.0,
jaylen brown,assists,4.5,True,2026-05-02,115.0,114.0,,,,,115.0,,,
jaylen brown,assists,5.5,True,2026-05-02,,232.0,285.0,,,,285.0,,,
jaylen brown,assists,6.5,True,2026-05-02,475.0,462.0,,,,,475.0,,,
jaylen brown,assists,7.5,True,2026-05-02,,910.0,1060.0,,,,1060.0,,,
jaylen brown,assists,8.5,True,2026-05-02,,1680.0,,,,,1680.0,,,
jaylen brown,assists,9.5,True,2026-05-02,,2600.0,,,,,2600.0,,,
jaylen brown,points,14.5,True,2026-05-02,,-1940.0,-4500.0,,,,-1940.0,,,
jaylen brown,points,17.5,True,2026-05-02,,-680.0,,,,,-680.0,,,
jaylen brown,points,19.5,True,2026-05-02,-450.0,-390.0,-520.0,,,,-390.0,,,
jaylen brown,points,24.5,False,2026-05-02,-125.0,-124.0,-136.0,-105.0,-102.0,102.0,-124.0,,102.0,
jaylen brown,points,24.5,True,2026-05-02,-125.0,-125.0,-132.0,,,,-125.0,,,
jaylen brown,points,29.5,True,2026-05-02,230.0,219.0,240.0,,,,240.0,,,
jaylen brown,points,34.5,True,2026-05-02,575.0,598.0,750.0,,,,750.0,,,
jaylen brown,points,39.5,True,2026-05-02,,1500.0,1700.0,,,,1700.0,,,
jaylen brown,rebounds,2.5,True,2026-05-02,,-2500.0,,,,,-2500.0,,,
jaylen brown,rebounds,3.5,True,2026-05-02,,-720.0,-770.0,,,,-720.0,,,
jaylen brown,rebounds,4.5,True,2026-05-02,-295.0,-315.0,,,,,-295.0,,,
jaylen brown,rebounds,5.5,False,2026-05-02,-145.0,-155.0,-154.0,105.0,117.0,116.0,-145.0,,117.0,
jaylen brown,rebounds,5.5,True,2026-05-02,,-158.0,-150.0,,,,-150.0,,,
jaylen brown,rebounds,6.5,True,2026-05-02,130.0,117.0,,,,,130.0,,,
jaylen brown,rebounds,7.5,True,2026-05-02,,208.0,240.0,,,,240.0,,,
jaylen brown,rebounds,8.5,True,2026-05-02,,372.0,,,,,372.0,,,
jaylen brown,rebounds,9.5,True,2026-05-02,675.0,640.0,630.0,,,,675.0,,,
jaylen brown,rebounds,10.5,True,2026-05-02,,1040.0,,,,,1040.0,,,
jaylen brown,rebounds,11.5,True,2026-05-02,,1660.0,1700.0,,,,1700.0,,,
jaylen brown,rebounds,12.5,True,2026-05-02,,2500.0,,,,,2500.0,,,
jaylen brown,threes,0.5,True,2026-05-02,-625.0,-780.0,-850.0,,,,-625.0,,,
jaylen brown,threes,1.5,False,2026-05-02,-140.0,-158.0,-158.0,105.0,120.0,118.0,-140.0,,120.0,
jaylen brown,threes,1.5,True,2026-05-02,-140.0,-163.0,-154.0,,,,-140.0,,,
jaylen brown,threes,2.5,True,2026-05-02,210.0,184.0,220.0,,,,220.0,,,
jaylen brown,threes,3.5,True,2026-05-02,550.0,481.0,600.0,,,,600.0,,,
jaylen brown,threes,4.5,True,2026-05-02,,1140.0,1600.0,,,,1600.0,,,
jaylen brown,threes,5.5,True,2026-05-02,,2300.0,3000.0,,,,3000.0,,,
jaylon tyson,assists,1.5,True,2026-05-01,,,102.0,,,,102.0,,,
jaylon tyson,assists,3.5,True,2026-05-01,,,800.0,,,,800.0,,,
jaylon tyson,points,5.5,False,2026-05-01,,,-122.0,,,-108.0,-122.0,,-108.0,
jaylon tyson,points,9.5,True,2026-05-01,,,280.0,,,,280.0,,,
jaylon tyson,points,14.5,True,2026-05-01,,,870.0,,,,870.0,,,
jaylon tyson,points,19.5,True,2026-05-01,,,2000.0,,,,2000.0,,,
jaylon tyson,rebounds,2.5,False,2026-05-01,,,102.0,,,-136.0,102.0,,-136.0,
jaylon tyson,rebounds,3.5,True,2026-05-01,,,220.0,,,,220.0,,,
jaylon tyson,rebounds,5.5,True,2026-05-01,,,800.0,,,,800.0,,,
jaylon tyson,threes,0.5,True,2026-05-01,,-260.0,-220.0,,,,-220.0,,,
jaylon tyson,threes,1.5,True,2026-05-01,,162.0,180.0,,,,180.0,,,
jaylon tyson,threes,2.5,True,2026-05-01,,497.0,500.0,,,,500.0,,,
jaylon tyson,threes,3.5,True,2026-05-01,,1280.0,1060.0,,,,1280.0,,,
jaylon tyson,threes,4.5,True,2026-05-01,,2600.0,,,,,2600.0,,,
jayson tatum,assists,3.5,True,2026-05-02,,-1140.0,-1400.0,,,,-1140.0,,,
jayson tatum,assists,4.5,True,2026-05-02,-375.0,-444.0,,,,,-375.0,,,
jayson tatum,assists,5.5,True,2026-05-02,,-211.0,-186.0,,,,-186.0,,,
jayson tatum,assists,6.5,False,2026-05-02,105.0,-111.0,106.0,-140.0,-118.0,-140.0,106.0,,-118.0,
jayson tatum,assists,6.5,True,2026-05-02,105.0,-113.0,,,,,105.0,,,
jayson tatum,assists,7.5,True,2026-05-02,,164.0,200.0,,,,200.0,,,
jayson tatum,assists,8.5,True,2026-05-02,,291.0,,,,,291.0,,,
jayson tatum,assists,9.5,True,2026-05-02,600.0,507.0,540.0,,,,600.0,,,
jayson tatum,assists,10.5,True,2026-05-02,,910.0,,,,,910.0,,,
jayson tatum,assists,11.5,True,2026-05-02,,1480.0,1500.0,,,,1500.0,,,
jayson tatum,assists,12.5,True,2026-05-02,,2200.0,,,,,2200.0,,,
jayson tatum,points,14.5,True,2026-05-02,-1400.0,-1200.0,-3000.0,,,,-1200.0,,,
jayson tatum,points,17.5,True,2026-05-02,,-493.0,,,,,-493.0,,,
jayson tatum,points,19.5,True,2026-05-02,-325.0,-301.0,-400.0,,,,-301.0,,,
jayson tatum,points,23.5,False,2026-05-02,-125.0,,,-105.0,,,-125.0,,-105.0,
jayson tatum,points,24.5,False,2026-05-02,,-106.0,-108.0,,-120.0,-122.0,-106.0,,-120.0,
jayson tatum,points,24.5,True,2026-05-02,-105.0,-106.0,-106.0,,,,-105.0,,,
jayson tatum,points,29.5,True,2026-05-02,270.0,240.0,280.0,,,,280.0,,,
jayson tatum,points,34.5,True,2026-05-02,700.0,596.0,800.0,,,,800.0,,,
jayson tatum,points,39.5,True,2026-05-02,,1420.0,1700.0,,,,1700.0,,,
jayson tatum,points,44.5,True,2026-05-02,,2800.0,,,,,2800.0,,,
jayson tatum,rebounds,5.5,True,2026-05-02,,-3200.0,-4000.0,,,,-3200.0,,,
jayson tatum,rebounds,6.5,True,2026-05-02,-1400.0,-1180.0,,,,,-1180.0,,,
jayson tatum,rebounds,7.5,True,2026-05-02,,-596.0,-520.0,,,,-520.0,,,
jayson tatum,rebounds,8.5,True,2026-05-02,,-334.0,,,,,-334.0,,,
jayson tatum,rebounds,9.5,True,2026-05-02,-210.0,-201.0,-205.0,,,,-201.0,,,
jayson tatum,rebounds,10.5,False,2026-05-02,-125.0,-125.0,-118.0,-105.0,-105.0,-112.0,-118.0,,-105.0,
jayson tatum,rebounds,10.5,True,2026-05-02,,-125.0,,,,,-125.0,,,
jayson tatum,rebounds,11.5,True,2026-05-02,,122.0,146.0,,,,146.0,,,
jayson tatum,rebounds,12.5,True,2026-05-02,200.0,187.0,,,,,200.0,,,
jayson tatum,rebounds,13.5,True,2026-05-02,,287.0,390.0,,,,390.0,,,
jayson tatum,rebounds,14.5,True,2026-05-02,475.0,437.0,,,,,475.0,,,
jayson tatum,rebounds,15.5,True,2026-05-02,,660.0,1000.0,,,,1000.0,,,
jayson tatum,rebounds,16.5,True,2026-05-02,,1020.0,,,,,1020.0,,,
jayson tatum,rebounds,17.5,True,2026-05-02,,1480.0,,,,,1480.0,,,
jayson tatum,rebounds,18.5,True,2026-05-02,,2000.0,,,,,2000.0,,,
jayson tatum,rebounds,19.5,True,2026-05-02,,2700.0,,,,,2700.0,,,
jayson tatum,threes,0.5,True,2026-05-02,,-3400.0,-4500.0,,,,-3400.0,,,
jayson tatum,threes,1.5,True,2026-05-02,-450.0,-464.0,-500.0,,,,-450.0,,,
jayson tatum,threes,2.5,False,2026-05-02,-150.0,-151.0,-152.0,110.0,115.0,114.0,-150.0,,115.0,
jayson tatum,threes,2.5,True,2026-05-02,-150.0,-154.0,-146.0,,,,-146.0,,,
jayson tatum,threes,3.5,True,2026-05-02,165.0,158.0,176.0,,,,176.0,,,
jayson tatum,threes,4.5,True,2026-05-02,360.0,350.0,420.0,,,,420.0,,,
jayson tatum,threes,5.5,True,2026-05-02,,730.0,870.0,,,,870.0,,,
jayson tatum,threes,6.5,True,2026-05-02,,1460.0,1500.0,,,,1500.0,,,
jayson tatum,threes,7.5,True,2026-05-02,,2500.0,4000.0,,,,4000.0,,,
joel embiid,assists,2.5,True,2026-05-02,-625.0,-680.0,,,,,-625.0,,,
joel embiid,assists,3.5,True,2026-05-02,,-265.0,-310.0,,,,-265.0,,,
joel embiid,assists,4.5,False,2026-05-02,-115.0,-124.0,-130.0,-115.0,-106.0,-102.0,-115.0,,-102.0,
joel embiid,assists,4.5,True,2026-05-02,-115.0,-125.0,,,,,-115.0,,,
joel embiid,assists,5.5,True,2026-05-02,,159.0,164.0,,,,164.0,,,
joel embiid,assists,6.5,True,2026-05-02,325.0,305.0,,,,,325.0,,,
joel embiid,assists,7.5,True,2026-05-02,,575.0,600.0,,,,600.0,,,
joel embiid,assists,8.5,True,2026-05-02,,1040.0,,,,,1040.0,,,
joel embiid,assists,9.5,True,2026-05-02,,1820.0,1500.0,,,,1820.0,,,
joel embiid,assists,10.5,True,2026-05-02,,2900.0,,,,,2900.0,,,
joel embiid,points,14.5,True,2026-05-02,,-1640.0,-4000.0,,,,-1640.0,,,
joel embiid,points,17.5,True,2026-05-02,,-680.0,,,,,-680.0,,,
joel embiid,points,19.5,True,2026-05-02,-525.0,-413.0,-590.0,,,,-413.0,,,
joel embiid,points,24.5,True,2026-05-02,-160.0,-147.0,-184.0,,,,-147.0,,,
joel embiid,points,25.5,False,2026-05-02,,-121.0,,,-105.0,,-121.0,,-105.0,
joel embiid,points,25.5,True,2026-05-02,,-121.0,,,,,-121.0,,,
joel embiid,points,26.5,False,2026-05-02,-105.0,,-122.0,-125.0,,-108.0,-105.0,,-108.0,
joel embiid,points,29.5,True,2026-05-02,170.0,168.0,152.0,,,,170.0,,,
joel embiid,points,34.5,True,2026-05-02,425.0,404.0,370.0,,,,425.0,,,
joel embiid,points,39.5,True,2026-05-02,,970.0,900.0,,,,970.0,,,
joel embiid,points,44.5,True,2026-05-02,,2200.0,1800.0,,,,2200.0,,,
joel embiid,rebounds,4.5,True,2026-05-02,-1600.0,-1580.0,,,,,-1580.0,,,
joel embiid,rebounds,5.5,True,2026-05-02,,-670.0,-620.0,,,,-620.0,,,
joel embiid,rebounds,6.5,True,2026-05-02,-325.0,-336.0,,,,,-325.0,,,
joel embiid,rebounds,7.5,True,2026-05-02,,-186.0,-158.0,,,,-158.0,,,
joel embiid,rebounds,8.5,False,2026-05-02,-105.0,-112.0,112.0,-125.0,-117.0,-148.0,112.0,,-117.0,
joel embiid,rebounds,8.5,True,2026-05-02,,-112.0,,,,,-112.0,,,
joel embiid,rebounds,9.5,True,2026-05-02,155.0,147.0,162.0,,,,162.0,,,
joel embiid,rebounds,10.5,True,2026-05-02,,238.0,,,,,238.0,,,
joel embiid,rebounds,11.5,True,2026-05-02,,386.0,440.0,,,,440.0,,,
joel embiid,rebounds,12.5,True,2026-05-02,625.0,610.0,,,,,625.0,,,
joel embiid,rebounds,13.5,True,2026-05-02,,940.0,1060.0,,,,1060.0,,,
joel embiid,rebounds,14.5,True,2026-05-02,,1480.0,,,,,1480.0,,,
joel embiid,rebounds,15.5,True,2026-05-02,,2100.0,2500.0,,,,2500.0,,,
joel embiid,rebounds,16.5,True,2026-05-02,,2900.0,,,,,2900.0,,,
joel embiid,threes,0.5,True,2026-05-02,-450.0,-516.0,-480.0,,,,-450.0,,,
joel embiid,threes,1.5,False,2026-05-02,105.0,-111.0,100.0,-140.0,-119.0,-132.0,105.0,,-119.0,
joel embiid,threes,1.5,True,2026-05-02,105.0,-113.0,102.0,,,,105.0,,,
joel embiid,threes,2.5,True,2026-05-02,320.0,266.0,330.0,,,,330.0,,,
joel embiid,threes,3.5,True,2026-05-02,800.0,720.0,900.0,,,,900.0,,,
joel embiid,threes,4.5,True,2026-05-02,,1680.0,2500.0,,,,2500.0,,,
josh okogie,points,4.5,False,2026-05-02,100.0,103.0,104.0,-135.0,-132.0,-138.0,104.0,,-132.0,
josh okogie,points,4.5,True,2026-05-02,,103.0,,,,,103.0,,,
josh okogie,points,5.5,True,2026-05-02,,167.0,,,,,167.0,,,
josh okogie,points,7.5,True,2026-05-02,,340.0,,,,,340.0,,,
josh okogie,points,9.5,True,2026-05-02,650.0,700.0,560.0,,,,700.0,,,
josh okogie,points,11.5,True,2026-05-02,,1320.0,,,,,1320.0,,,
josh okogie,points,14.5,True,2026-05-02,,2700.0,,,,,2700.0,,,
josh okogie,rebounds,2.5,False,2026-05-02,-110.0,107.0,108.0,-120.0,-141.0,-144.0,108.0,,-120.0,
josh okogie,rebounds,2.5,True,2026-05-02,-110.0,105.0,,,,,105.0,,,
josh okogie,rebounds,3.5,True,2026-05-02,,250.0,240.0,,,,250.0,,,
josh okogie,rebounds,4.5,True,2026-05-02,450.0,558.0,,,,,558.0,,,
josh okogie,rebounds,5.5,True,2026-05-02,,1140.0,900.0,,,,1140.0,,,
josh okogie,rebounds,6.5,True,2026-05-02,,2000.0,,,,,2000.0,,,
julian champagnie,assists,1.5,False,2026-05-05,,154.0,,,-205.0,,154.0,,-205.0,
julian champagnie,assists,1.5,True,2026-05-05,,156.0,,,,,156.0,,,
julian champagnie,assists,2.5,True,2026-05-05,,499.0,,,,,499.0,,,
julian champagnie,assists,3.5,True,2026-05-05,,1340.0,,,,,1340.0,,,
julian champagnie,assists,4.5,True,2026-05-05,,2800.0,,,,,2800.0,,,
julian champagnie,points,5.5,True,2026-05-05,,-324.0,,,,,-324.0,,,
julian champagnie,points,7.5,True,2026-05-05,,-157.0,,,,,-157.0,,,
julian champagnie,points,8.5,False,2026-05-05,-115.0,-110.0,-102.0,-115.0,-116.0,-130.0,-102.0,,-115.0,
julian champagnie,points,8.5,True,2026-05-05,,-110.0,,,,,-110.0,,,
julian champagnie,points,9.5,True,2026-05-05,120.0,127.0,134.0,,,,134.0,,,
julian champagnie,points,11.5,True,2026-05-05,,217.0,,,,,217.0,,,
julian champagnie,points,14.5,True,2026-05-05,475.0,496.0,560.0,,,,560.0,,,
julian champagnie,points,17.5,True,2026-05-05,,1080.0,,,,,1080.0,,,
julian champagnie,points,19.5,True,2026-05-05,,1660.0,1800.0,,,,1800.0,,,
julian champagnie,rebounds,2.5,True,2026-05-05,-800.0,-710.0,,,,,-710.0,,,
julian champagnie,rebounds,3.5,True,2026-05-05,,-269.0,-340.0,,,,-269.0,,,
julian champagnie,rebounds,4.5,False,2026-05-05,-140.0,-124.0,-158.0,105.0,-106.0,118.0,-124.0,,118.0,
julian champagnie,rebounds,4.5,True,2026-05-05,-140.0,-127.0,,,,,-127.0,,,
julian champagnie,rebounds,5.5,True,2026-05-05,,160.0,132.0,,,,160.0,,,
julian champagnie,rebounds,6.5,True,2026-05-05,270.0,306.0,,,,,306.0,,,
julian champagnie,rebounds,7.5,True,2026-05-05,,565.0,430.0,,,,565.0,,,
julian champagnie,rebounds,8.5,True,2026-05-05,,1040.0,,,,,1040.0,,,
julian champagnie,rebounds,9.5,True,2026-05-05,,1740.0,1100.0,,,,1740.0,,,
julian champagnie,rebounds,10.5,True,2026-05-05,,2600.0,,,,,2600.0,,,
julian champagnie,threes,0.5,True,2026-05-05,-800.0,-900.0,,,,,-800.0,,,
julian champagnie,threes,1.5,False,2026-05-05,-175.0,-186.0,,130.0,140.0,,-175.0,,140.0,
julian champagnie,threes,1.5,True,2026-05-05,-175.0,-186.0,,,,,-175.0,,,
julian champagnie,threes,2.5,True,2026-05-05,170.0,157.0,,,,,170.0,,,
julian champagnie,threes,3.5,True,2026-05-05,425.0,399.0,,,,,425.0,,,
julian champagnie,threes,4.5,True,2026-05-05,,940.0,,,,,940.0,,,
julian champagnie,threes,5.5,True,2026-05-05,,1940.0,,,,,1940.0,,,
julius randle,assists,1.5,True,2026-05-05,,,-4000.0,,,,-4000.0,,,
julius randle,assists,2.5,True,2026-05-05,-550.0,-518.0,,,,,-518.0,,,
julius randle,assists,3.5,True,2026-05-05,,-214.0,-265.0,,,,-214.0,,,
julius randle,assists,4.5,False,2026-05-05,-105.0,-104.0,-114.0,-125.0,-126.0,-114.0,-104.0,,-114.0,
julius randle,assists,4.5,True,2026-05-05,-105.0,-102.0,,,,,-102.0,,,
julius randle,assists,5.5,True,2026-05-05,,193.0,182.0,,,,193.0,,,
julius randle,assists,6.5,True,2026-05-05,350.0,361.0,,,,,361.0,,,
julius randle,assists,7.5,True,2026-05-05,,640.0,630.0,,,,640.0,,,
julius randle,assists,8.5,True,2026-05-05,,1140.0,,,,,1140.0,,,
julius randle,assists,9.5,True,2026-05-05,,1900.0,1500.0,,,,1900.0,,,
julius randle,assists,10.5,True,2026-05-05,,2700.0,,,,,2700.0,,,
julius randle,points,9.5,True,2026-05-05,,,-7000.0,,,,-7000.0,,,
julius randle,points,11.5,True,2026-05-05,,-1500.0,,,,,-1500.0,,,
julius randle,points,14.5,True,2026-05-05,-625.0,-555.0,-650.0,,,,-555.0,,,
julius randle,points,17.5,True,2026-05-05,,-261.0,,,,,-261.0,,,
julius randle,points,19.5,True,2026-05-05,-165.0,-168.0,-164.0,,,,-164.0,,,
julius randle,points,21.5,False,2026-05-05,-105.0,-113.0,-102.0,-125.0,-113.0,-130.0,-102.0,,-113.0,
julius randle,points,21.5,True,2026-05-05,,-112.0,,,,,-112.0,,,
julius randle,points,24.5,True,2026-05-05,175.0,158.0,196.0,,,,196.0,,,
julius randle,points,29.5,True,2026-05-05,450.0,408.0,520.0,,,,520.0,,,
julius randle,points,34.5,True,2026-05-05,,1000.0,1300.0,,,,1300.0,,,
julius randle,points,39.5,True,2026-05-05,,2200.0,3500.0,,,,3500.0,,,
julius randle,rebounds,3.5,True,2026-05-05,,-1220.0,-2000.0,,,,-1220.0,,,
julius randle,rebounds,4.5,True,2026-05-05,-525.0,-510.0,,,,,-510.0,,,
julius randle,rebounds,5.5,True,2026-05-05,,-251.0,-290.0,,,,-251.0,,,
julius randle,rebounds,6.5,False,2026-05-05,-135.0,-139.0,-154.0,100.0,105.0,116.0,-135.0,,116.0,
julius randle,rebounds,6.5,True,2026-05-05,-140.0,-138.0,,,,,-138.0,,,
julius randle,rebounds,7.5,True,2026-05-05,,123.0,124.0,,,,124.0,,,
julius randle,rebounds,8.5,True,2026-05-05,,207.0,,,,,207.0,,,
julius randle,rebounds,9.5,True,2026-05-05,350.0,344.0,310.0,,,,350.0,,,
julius randle,rebounds,10.5,True,2026-05-05,,558.0,,,,,558.0,,,
julius randle,rebounds,11.5,True,2026-05-05,,900.0,900.0,,,,900.0,,,
julius randle,rebounds,12.5,True,2026-05-05,,1400.0,,,,,1400.0,,,
julius randle,rebounds,13.5,True,2026-05-05,,2000.0,2000.0,,,,2000.0,,,
julius randle,rebounds,14.5,True,2026-05-05,,2800.0,,,,,2800.0,,,
julius randle,threes,0.5,True,2026-05-05,-400.0,-309.0,-350.0,,,,-309.0,,,
julius randle,threes,1.5,False,2026-05-05,110.0,138.0,138.0,-150.0,-183.0,-186.0,138.0,,-150.0,
julius randle,threes,1.5,True,2026-05-05,110.0,142.0,140.0,,,,142.0,,,
julius randle,threes,2.5,True,2026-05-05,333.0,437.0,450.0,,,,450.0,,,
julius randle,threes,3.5,True,2026-05-05,825.0,1140.0,1200.0,,,,1200.0,,,
julius randle,threes,4.5,True,2026-05-05,,2400.0,,,,,2400.0,,,
keldon johnson,points,5.5,True,2026-05-05,,-331.0,,,,,-331.0,,,
keldon johnson,points,7.5,True,2026-05-05,,-160.0,,,,,-160.0,,,
keldon johnson,points,8.5,False,2026-05-05,,-116.0,100.0,,-110.0,-132.0,100.0,,-110.0,
keldon johnson,points,8.5,True,2026-05-05,,-116.0,,,,,-116.0,,,
keldon johnson,points,9.5,True,2026-05-05,,118.0,138.0,,,,138.0,,,
keldon johnson,points,11.5,True,2026-05-05,,208.0,,,,,208.0,,,
keldon johnson,points,14.5,True,2026-05-05,,472.0,500.0,,,,500.0,,,
keldon johnson,points,17.5,True,2026-05-05,,1020.0,,,,,1020.0,,,
keldon johnson,points,19.5,True,2026-05-05,,1640.0,1500.0,,,,1640.0,,,
keldon johnson,rebounds,2.5,True,2026-05-05,,-239.0,,,,,-239.0,,,
keldon johnson,rebounds,3.5,False,2026-05-05,,-102.0,-110.0,,-130.0,-120.0,-102.0,,-120.0,
keldon johnson,rebounds,3.5,True,2026-05-05,,-102.0,-108.0,,,,-102.0,,,
keldon johnson,rebounds,4.5,True,2026-05-05,,205.0,,,,,205.0,,,
keldon johnson,rebounds,5.5,True,2026-05-05,,393.0,360.0,,,,393.0,,,
keldon johnson,rebounds,6.5,True,2026-05-05,,760.0,,,,,760.0,,,
keldon johnson,rebounds,7.5,True,2026-05-05,,1340.0,1100.0,,,,1340.0,,,
keldon johnson,rebounds,8.5,True,2026-05-05,,2200.0,,,,,2200.0,,,
keldon johnson,threes,0.5,False,2026-05-05,,-168.0,,,127.0,,-168.0,,127.0,
keldon johnson,threes,0.5,True,2026-05-05,,-170.0,-170.0,,,,-170.0,,,
keldon johnson,threes,1.5,True,2026-05-05,,259.0,290.0,,,,290.0,,,
keldon johnson,threes,2.5,True,2026-05-05,,830.0,1000.0,,,,1000.0,,,
keldon johnson,threes,3.5,True,2026-05-05,,1980.0,,,,,1980.0,,,
kelly oubre jr,assists,1.5,False,2026-05-02,,178.0,,,-239.0,,178.0,,-239.0,
kelly oubre jr,assists,1.5,True,2026-05-02,,179.0,,,,,179.0,,,
kelly oubre jr,assists,2.5,True,2026-05-02,,600.0,,,,,600.0,,,
kelly oubre jr,assists,3.5,True,2026-05-02,,1680.0,,,,,1680.0,,,
kelly oubre jr,points,5.5,True,2026-05-02,,-390.0,,,,,-390.0,,,
kelly oubre jr,points,7.5,True,2026-05-02,,-180.0,,,,,-180.0,,,
kelly oubre jr,points,8.5,False,2026-05-02,-135.0,-128.0,-130.0,100.0,100.0,-102.0,-128.0,,100.0,
kelly oubre jr,points,8.5,True,2026-05-02,,-129.0,,,,,-129.0,,,
kelly oubre jr,points,9.5,True,2026-05-02,105.0,106.0,114.0,,,,114.0,,,
kelly oubre jr,points,11.5,True,2026-05-02,,195.0,,,,,195.0,,,
kelly oubre jr,points,14.5,True,2026-05-02,425.0,460.0,520.0,,,,520.0,,,
kelly oubre jr,points,17.5,True,2026-05-02,,990.0,,,,,990.0,,,
kelly oubre jr,points,19.5,True,2026-05-02,,1580.0,1700.0,,,,1700.0,,,
kelly oubre jr,rebounds,2.5,True,2026-05-02,-1100.0,-1020.0,,,,,-1020.0,,,
kelly oubre jr,rebounds,3.5,True,2026-05-02,,-361.0,-350.0,,,,-350.0,,,
kelly oubre jr,rebounds,4.5,False,2026-05-02,,,-158.0,,,118.0,-158.0,,118.0,
kelly oubre jr,rebounds,4.5,True,2026-05-02,-185.0,-162.0,,,,,-162.0,,,
kelly oubre jr,rebounds,5.5,False,2026-05-02,110.0,121.0,,-150.0,-159.0,,121.0,,-150.0,
kelly oubre jr,rebounds,5.5,True,2026-05-02,,120.0,132.0,,,,132.0,,,
kelly oubre jr,rebounds,6.5,True,2026-05-02,200.0,224.0,,,,,224.0,,,
kelly oubre jr,rebounds,7.5,True,2026-05-02,,403.0,450.0,,,,450.0,,,
kelly oubre jr,rebounds,8.5,True,2026-05-02,,720.0,,,,,720.0,,,
kelly oubre jr,rebounds,9.5,True,2026-05-02,,1240.0,1200.0,,,,1240.0,,,
kelly oubre jr,rebounds,10.5,True,2026-05-02,,1960.0,,,,,1960.0,,,
kelly oubre jr,threes,0.5,True,2026-05-02,,-310.0,-295.0,,,,-295.0,,,
kelly oubre jr,threes,1.5,False,2026-05-02,,144.0,162.0,,-192.0,-220.0,162.0,,-192.0,
kelly oubre jr,threes,1.5,True,2026-05-02,,145.0,164.0,,,,164.0,,,
kelly oubre jr,threes,2.5,True,2026-05-02,,449.0,560.0,,,,560.0,,,
kelly oubre jr,threes,3.5,True,2026-05-02,,1240.0,1400.0,,,,1400.0,,,
kelly oubre jr,threes,4.5,True,2026-05-02,,2600.0,,,,,2600.0,,,
lebron james,assists,3.5,True,2026-05-02,,-3100.0,,,,,-3100.0,,,
lebron james,assists,4.5,True,2026-05-02,-1100.0,-1020.0,-1450.0,,,,-1020.0,,,
lebron james,assists,5.5,True,2026-05-02,,-485.0,-520.0,,,350.0,-485.0,,350.0,
lebron james,assists,6.5,True,2026-05-02,-250.0,-257.0,-260.0,,,188.0,-250.0,,188.0,
lebron james,assists,7.5,False,2026-05-02,-135.0,-142.0,-138.0,100.0,108.0,104.0,-135.0,,108.0,
lebron james,assists,7.5,True,2026-05-02,,-146.0,-136.0,,,104.0,-136.0,,104.0,
lebron james,assists,8.5,True,2026-05-02,,114.0,132.0,,,-178.0,132.0,,-178.0,
lebron james,assists,9.5,True,2026-05-02,230.0,188.0,194.0,,,-270.0,230.0,,-270.0,
lebron james,assists,10.5,True,2026-05-02,,307.0,320.0,,,-490.0,320.0,,-490.0,
lebron james,assists,11.5,True,2026-05-02,,493.0,540.0,,,,540.0,,,
lebron james,assists,12.5,True,2026-05-02,,800.0,,,,,800.0,,,
lebron james,assists,13.5,True,2026-05-02,,1260.0,1400.0,,,,1400.0,,,
lebron james,assists,14.5,True,2026-05-02,,1860.0,,,,,1860.0,,,
lebron james,assists,15.5,True,2026-05-02,,2600.0,,,,,2600.0,,,
lebron james,points,11.5,True,2026-05-02,,-2100.0,,,,,-2100.0,,,
lebron james,points,14.5,True,2026-05-02,-1000.0,-710.0,-900.0,,,490.0,-710.0,,490.0,
lebron james,points,15.5,True,2026-05-02,,,-650.0,,,390.0,-650.0,,390.0,
lebron james,points,16.5,True,2026-05-02,,,-470.0,,,310.0,-470.0,,310.0,
lebron james,points,17.5,True,2026-05-02,,-324.0,-360.0,,,250.0,-324.0,,250.0,
lebron james,points,18.5,True,2026-05-02,,,-275.0,,,198.0,-275.0,,198.0,
lebron james,points,19.5,True,2026-05-02,-225.0,-199.0,-215.0,,,164.0,-199.0,,164.0,
lebron james,points,20.5,True,2026-05-02,,,-174.0,,,130.0,-174.0,,130.0,
lebron james,points,21.5,True,2026-05-02,,,-136.0,,,102.0,-136.0,,102.0,
lebron james,points,22.5,False,2026-05-02,-115.0,-105.0,-106.0,-115.0,-121.0,-125.0,-105.0,,-115.0,
lebron james,points,22.5,True,2026-05-02,,-105.0,-106.0,,,-125.0,-105.0,,-125.0,
lebron james,points,23.5,True,2026-05-02,,,118.0,,,-158.0,118.0,,-158.0,
lebron james,points,24.5,True,2026-05-02,135.0,142.0,148.0,,,-200.0,148.0,,-200.0,
lebron james,points,25.5,True,2026-05-02,,,182.0,,,-250.0,182.0,,-250.0,
lebron james,points,26.5,True,2026-05-02,,,220.0,,,-310.0,220.0,,-310.0,
lebron james,points,27.5,True,2026-05-02,,,270.0,,,-400.0,270.0,,-400.0,
lebron james,points,28.5,True,2026-05-02,,,320.0,,,-500.0,320.0,,-500.0,
lebron james,points,29.5,True,2026-05-02,380.0,375.0,420.0,,,-670.0,420.0,,-670.0,
lebron james,points,30.5,True,2026-05-02,,,490.0,,,-900.0,490.0,,-900.0,
lebron james,points,31.5,True,2026-05-02,,,,,,-1400.0,,,-1400.0,
lebron james,points,34.5,True,2026-05-02,,970.0,1100.0,,,,1100.0,,,
lebron james,points,39.5,True,2026-05-02,,2200.0,3000.0,,,,3000.0,,,
lebron james,rebounds,3.5,True,2026-05-02,,-1180.0,-1800.0,,,,-1180.0,,,
lebron james,rebounds,4.5,True,2026-05-02,-700.0,-493.0,-580.0,,,360.0,-493.0,,360.0,
lebron james,rebounds,5.5,True,2026-05-02,,-251.0,-265.0,,,194.0,-251.0,,194.0,
lebron james,rebounds,6.5,False,2026-05-02,,-141.0,-138.0,,107.0,104.0,-138.0,,107.0,
lebron james,rebounds,6.5,True,2026-05-02,-175.0,-141.0,-138.0,,,104.0,-138.0,,104.0,
lebron james,rebounds,7.5,False,2026-05-02,115.0,,,-155.0,,,115.0,,-155.0,
lebron james,rebounds,7.5,True,2026-05-02,,120.0,138.0,,,-186.0,138.0,,-186.0,
lebron james,rebounds,8.5,True,2026-05-02,,197.0,220.0,,,-310.0,220.0,,-310.0,
lebron james,rebounds,9.5,True,2026-05-02,300.0,319.0,310.0,,,-450.0,319.0,,-450.0,
lebron james,rebounds,10.5,True,2026-05-02,,515.0,,,,,515.0,,,
lebron james,rebounds,11.5,True,2026-05-02,,820.0,900.0,,,,900.0,,,
lebron james,rebounds,12.5,True,2026-05-02,,1320.0,,,,,1320.0,,,
lebron james,rebounds,13.5,True,2026-05-02,,1960.0,3000.0,,,,3000.0,,,
lebron james,rebounds,14.5,True,2026-05-02,,2700.0,,,,,2700.0,,,
lebron james,threes,0.5,True,2026-05-02,-450.0,-414.0,-430.0,,,290.0,-414.0,,290.0,
lebron james,threes,1.5,False,2026-05-02,105.0,104.0,118.0,-140.0,-137.0,-158.0,118.0,,-137.0,
lebron james,threes,1.5,True,2026-05-02,105.0,104.0,120.0,,,-158.0,120.0,,-158.0,
lebron james,threes,2.5,True,2026-05-02,320.0,312.0,390.0,,,-600.0,390.0,,-600.0,
lebron james,threes,3.5,True,2026-05-02,825.0,800.0,1060.0,,,,1060.0,,,
lebron james,threes,4.5,True,2026-05-02,,1800.0,,,,,1800.0,,,
luke kennard,assists,1.5,True,2026-05-02,,,-250.0,,,,-250.0,,,
luke kennard,assists,2.5,False,2026-05-02,125.0,141.0,124.0,-165.0,-187.0,-166.0,141.0,,-165.0,
luke kennard,assists,2.5,True,2026-05-02,,139.0,,,,,139.0,,,
luke kennard,assists,3.5,True,2026-05-02,,353.0,320.0,,,,353.0,,,
luke kennard,assists,4.5,True,2026-05-02,625.0,820.0,,,,,820.0,,,
luke kennard,assists,5.5,True,2026-05-02,,1700.0,1500.0,,,,1700.0,,,
luke kennard,assists,6.5,True,2026-05-02,,2900.0,,,,,2900.0,,,
luke kennard,points,5.5,True,2026-05-02,,-325.0,,,,,-325.0,,,
luke kennard,points,7.5,True,2026-05-02,,-152.0,,,,,-152.0,,,
luke kennard,points,8.5,False,2026-05-02,100.0,-111.0,104.0,-135.0,-114.0,-138.0,104.0,,-114.0,
luke kennard,points,8.5,True,2026-05-02,,-108.0,,,,,-108.0,,,
luke kennard,points,9.5,True,2026-05-02,135.0,126.0,142.0,,,,142.0,,,
luke kennard,points,11.5,True,2026-05-02,,235.0,,,,,235.0,,,
luke kennard,points,14.5,True,2026-05-02,550.0,580.0,600.0,,,,600.0,,,
luke kennard,points,17.5,True,2026-05-02,,1280.0,,,,,1280.0,,,
luke kennard,points,19.5,True,2026-05-02,,1980.0,1700.0,,,,1980.0,,,
luke kennard,rebounds,2.5,False,2026-05-02,-135.0,-152.0,-148.0,100.0,115.0,114.0,-135.0,,115.0,
luke kennard,rebounds,2.5,True,2026-05-02,-140.0,-151.0,,,,,-140.0,,,
luke kennard,rebounds,3.5,True,2026-05-02,,164.0,176.0,,,,176.0,,,
luke kennard,rebounds,4.5,True,2026-05-02,390.0,372.0,,,,,390.0,,,
luke kennard,rebounds,5.5,True,2026-05-02,,760.0,830.0,,,,830.0,,,
luke kennard,rebounds,6.5,True,2026-05-02,,1520.0,,,,,1520.0,,,
luke kennard,rebounds,7.5,True,2026-05-02,,2500.0,,,,,2500.0,,,
luke kennard,threes,0.5,True,2026-05-02,,-283.0,-280.0,,,,-280.0,,,
luke kennard,threes,1.5,False,2026-05-02,,156.0,162.0,,-208.0,-225.0,162.0,,-208.0,
luke kennard,threes,1.5,True,2026-05-02,,157.0,164.0,,,,164.0,,,
luke kennard,threes,2.5,True,2026-05-02,,501.0,500.0,,,,501.0,,,
luke kennard,threes,3.5,True,2026-05-02,,1340.0,1300.0,,,,1340.0,,,
marcus smart,assists,1.5,True,2026-05-02,,,-580.0,,,360.0,-580.0,,360.0,
marcus smart,assists,2.5,False,2026-05-02,-160.0,-164.0,-174.0,120.0,124.0,130.0,-160.0,,130.0,
marcus smart,assists,2.5,True,2026-05-02,-160.0,-170.0,-174.0,,,130.0,-160.0,,130.0,
marcus smart,assists,3.5,True,2026-05-02,,141.0,154.0,,,-210.0,154.0,,-210.0,
marcus smart,assists,4.5,True,2026-05-02,325.0,306.0,350.0,,,-550.0,350.0,,-550.0,
marcus smart,assists,5.5,True,2026-05-02,,640.0,750.0,,,,750.0,,,
marcus smart,assists,6.5,True,2026-05-02,,1300.0,,,,,1300.0,,,
marcus smart,assists,7.5,True,2026-05-02,,2200.0,,,,,2200.0,,,
marcus smart,points,5.5,True,2026-05-02,,-680.0,,,,,-680.0,,,
marcus smart,points,6.5,True,2026-05-02,,,-650.0,,,390.0,-650.0,,390.0,
marcus smart,points,7.5,True,2026-05-02,,-314.0,-420.0,,,280.0,-314.0,,280.0,
marcus smart,points,8.5,True,2026-05-02,,,-280.0,,,200.0,-280.0,,200.0,
marcus smart,points,9.5,True,2026-05-02,-185.0,-162.0,-192.0,,,148.0,-162.0,,148.0,
marcus smart,points,10.5,False,2026-05-02,-135.0,-120.0,,100.0,-106.0,,-120.0,,100.0,
marcus smart,points,10.5,True,2026-05-02,,-120.0,-140.0,,,106.0,-120.0,,106.0,
marcus smart,points,11.5,False,2026-05-02,,,-102.0,,,-130.0,-102.0,,-130.0,
marcus smart,points,11.5,True,2026-05-02,,110.0,-102.0,,,-130.0,110.0,,-130.0,
marcus smart,points,12.5,True,2026-05-02,,,130.0,,,-174.0,130.0,,-174.0,
marcus smart,points,13.5,True,2026-05-02,,,174.0,,,-235.0,174.0,,-235.0,
marcus smart,points,14.5,True,2026-05-02,230.0,249.0,230.0,,,-310.0,249.0,,-310.0,
marcus smart,points,15.5,True,2026-05-02,,,280.0,,,-420.0,280.0,,-420.0,
marcus smart,points,17.5,True,2026-05-02,,518.0,,,,,518.0,,,
marcus smart,points,19.5,True,2026-05-02,750.0,840.0,800.0,,,,840.0,,,
marcus smart,points,24.5,True,2026-05-02,,2400.0,2200.0,,,,2400.0,,,
marcus smart,rebounds,1.5,True,2026-05-02,,,-360.0,,,250.0,-360.0,,250.0,
marcus smart,rebounds,2.5,False,2026-05-02,-140.0,-130.0,-114.0,105.0,-101.0,-114.0,-114.0,,105.0,
marcus smart,rebounds,2.5,True,2026-05-02,-155.0,-131.0,-114.0,,,-114.0,-114.0,,-114.0,
marcus smart,rebounds,3.5,True,2026-05-02,,182.0,230.0,,,-320.0,230.0,,-320.0,
marcus smart,rebounds,4.5,True,2026-05-02,340.0,397.0,,,,-1000.0,397.0,,-1000.0,
marcus smart,rebounds,5.5,True,2026-05-02,,830.0,,,,,830.0,,,
marcus smart,rebounds,6.5,True,2026-05-02,,1600.0,,,,,1600.0,,,
marcus smart,rebounds,7.5,True,2026-05-02,,2700.0,,,,,2700.0,,,
marcus smart,threes,0.5,True,2026-05-02,-700.0,-670.0,-800.0,,,450.0,-670.0,,450.0,
marcus smart,threes,1.5,False,2026-05-02,-155.0,-144.0,-154.0,115.0,110.0,116.0,-144.0,,116.0,
marcus smart,threes,1.5,True,2026-05-02,-155.0,-145.0,-154.0,,,116.0,-145.0,,116.0,
marcus smart,threes,2.5,True,2026-05-02,195.0,201.0,215.0,,,-290.0,215.0,,-290.0,
marcus smart,threes,3.5,True,2026-05-02,475.0,525.0,540.0,,,-1000.0,540.0,,-1000.0,
marcus smart,threes,4.5,True,2026-05-02,,1220.0,1300.0,,,,1300.0,,,
marcus smart,threes,5.5,True,2026-05-02,,2300.0,3000.0,,,,3000.0,,,
max strus,assists,1.5,True,2026-05-01,,,-162.0,,,,-162.0,,,
max strus,assists,2.5,False,2026-05-01,145.0,146.0,,-200.0,-195.0,,146.0,,-195.0,
max strus,assists,2.5,True,2026-05-01,,145.0,,,,,145.0,,,
max strus,assists,3.5,True,2026-05-01,,374.0,500.0,,,,500.0,,,
max strus,assists,4.5,True,2026-05-01,825.0,900.0,,,,,900.0,,,
max strus,assists,5.5,True,2026-05-01,,1920.0,,,,,1920.0,,,
max strus,points,4.5,True,2026-05-01,,,-750.0,,,430.0,-750.0,,430.0,
max strus,points,5.5,True,2026-05-01,,-395.0,-440.0,,,290.0,-395.0,,290.0,
max strus,points,6.5,True,2026-05-01,,,-260.0,,,188.0,-260.0,,188.0,
max strus,points,7.5,True,2026-05-01,,-195.0,-210.0,,,154.0,-195.0,,154.0,
max strus,points,8.5,False,2026-05-01,,-133.0,,,104.0,,-133.0,,104.0,
max strus,points,8.5,True,2026-05-01,,-133.0,-138.0,,,104.0,-133.0,,104.0,
max strus,points,9.5,False,2026-05-01,100.0,,104.0,-135.0,,-138.0,104.0,,-135.0,
max strus,points,9.5,True,2026-05-01,-105.0,107.0,104.0,,,-138.0,107.0,,-138.0,
max strus,points,10.5,True,2026-05-01,,,132.0,,,-178.0,132.0,,-178.0,
max strus,points,11.5,True,2026-05-01,,177.0,182.0,,,-250.0,182.0,,-250.0,
max strus,points,12.5,True,2026-05-01,,,235.0,,,-340.0,235.0,,-340.0,
max strus,points,13.5,True,2026-05-01,,,300.0,,,-450.0,300.0,,-450.0,
max strus,points,14.5,True,2026-05-01,375.0,398.0,420.0,,,,420.0,,,
max strus,points,17.5,True,2026-05-01,,850.0,,,,,850.0,,,
max strus,points,19.5,True,2026-05-01,,1340.0,1300.0,,,,1340.0,,,
max strus,rebounds,2.5,True,2026-05-01,-400.0,-402.0,-400.0,,,270.0,-400.0,,270.0,
max strus,rebounds,3.5,False,2026-05-01,-165.0,-157.0,-162.0,125.0,119.0,122.0,-157.0,,125.0,
max strus,rebounds,3.5,True,2026-05-01,,-158.0,-162.0,,,122.0,-158.0,,122.0,
max strus,rebounds,4.5,True,2026-05-01,130.0,135.0,140.0,,,-188.0,140.0,,-188.0,
max strus,rebounds,5.5,True,2026-05-01,,279.0,270.0,,,-400.0,279.0,,-400.0,
max strus,rebounds,6.5,True,2026-05-01,475.0,530.0,,,,-1000.0,530.0,,-1000.0,
max strus,rebounds,7.5,True,2026-05-01,,980.0,1000.0,,,,1000.0,,,
max strus,rebounds,8.5,True,2026-05-01,,1780.0,,,,,1780.0,,,
max strus,rebounds,9.5,True,2026-05-01,,2800.0,,,,,2800.0,,,
max strus,threes,0.5,True,2026-05-01,-1200.0,-1380.0,-1600.0,,,,-1200.0,,,
max strus,threes,1.5,True,2026-05-01,-235.0,-256.0,-250.0,,,188.0,-235.0,,188.0,
max strus,threes,2.5,False,2026-05-01,125.0,115.0,126.0,-165.0,-152.0,-168.0,126.0,,-152.0,
max strus,threes,2.5,True,2026-05-01,125.0,112.0,128.0,,,-168.0,128.0,,-168.0,
max strus,threes,3.5,True,2026-05-01,300.0,284.0,320.0,,,-470.0,320.0,,-470.0,
max strus,threes,4.5,True,2026-05-01,700.0,670.0,700.0,,,,700.0,,,
max strus,threes,5.5,True,2026-05-01,,1400.0,1500.0,,,,1500.0,,,
max strus,threes,6.5,True,2026-05-01,,2500.0,3500.0,,,,3500.0,,,
mike conley,assists,1.5,True,2026-05-05,,,-1200.0,,,,-1200.0,,,
mike conley,assists,2.5,True,2026-05-05,-375.0,-460.0,,,,,-375.0,,,
mike conley,assists,3.5,False,2026-05-05,-155.0,,-136.0,115.0,,102.0,-136.0,,115.0,
mike conley,assists,3.5,True,2026-05-05,,-187.0,-132.0,,,,-132.0,,,
mike conley,assists,4.5,False,2026-05-05,,111.0,,,-147.0,,111.0,,-147.0,
mike conley,assists,4.5,True,2026-05-05,140.0,112.0,,,,,140.0,,,
mike conley,assists,5.5,True,2026-05-05,,224.0,300.0,,,,300.0,,,
mike conley,assists,6.5,True,2026-05-05,550.0,437.0,,,,,550.0,,,
mike conley,assists,7.5,True,2026-05-05,,820.0,1060.0,,,,1060.0,,,
mike conley,assists,8.5,True,2026-05-05,,1480.0,,,,,1480.0,,,
mike conley,assists,9.5,True,2026-05-05,,2400.0,,,,,2400.0,,,
mike conley,points,5.5,False,2026-05-05,-125.0,-109.0,-118.0,-105.0,-117.0,-112.0,-109.0,,-105.0,
mike conley,points,5.5,True,2026-05-05,,-110.0,,,,,-110.0,,,
mike conley,points,7.5,True,2026-05-05,,185.0,,,,,185.0,,,
mike conley,points,9.5,True,2026-05-05,340.0,378.0,360.0,,,,378.0,,,
mike conley,points,11.5,True,2026-05-05,,690.0,,,,,690.0,,,
mike conley,points,14.5,True,2026-05-05,,1640.0,1500.0,,,,1640.0,,,
mike conley,points,17.5,True,2026-05-05,,3000.0,,,,,3000.0,,,
mike conley,rebounds,2.5,False,2026-05-05,,-119.0,,,-110.0,,-119.0,,-110.0,
mike conley,rebounds,2.5,True,2026-05-05,,-122.0,,,,,-122.0,,,
mike conley,rebounds,3.5,True,2026-05-05,,197.0,520.0,,,,520.0,,,
mike conley,rebounds,4.5,True,2026-05-05,,451.0,,,,,451.0,,,
mike conley,rebounds,5.5,True,2026-05-05,,980.0,,,,,980.0,,,
mike conley,rebounds,6.5,True,2026-05-05,,1840.0,,,,,1840.0,,,
mike conley,threes,0.5,True,2026-05-05,-400.0,-305.0,-330.0,,,,-305.0,,,
mike conley,threes,1.5,False,2026-05-05,110.0,145.0,138.0,-150.0,-192.0,-186.0,145.0,,-150.0,
mike conley,threes,1.5,True,2026-05-05,110.0,145.0,140.0,,,,145.0,,,
mike conley,threes,2.5,True,2026-05-05,340.0,459.0,440.0,,,,459.0,,,
mike conley,threes,3.5,True,2026-05-05,850.0,1240.0,1100.0,,,,1240.0,,,
mike conley,threes,4.5,True,2026-05-05,,2600.0,,,,,2600.0,,,
naz reid,assists,1.5,True,2026-05-05,,-113.0,110.0,,,,110.0,,,
naz reid,assists,2.5,True,2026-05-05,,258.0,,,,,258.0,,,
naz reid,assists,3.5,True,2026-05-05,,670.0,830.0,,,,830.0,,,
naz reid,assists,4.5,True,2026-05-05,,1540.0,,,,,1540.0,,,
naz reid,assists,5.5,True,2026-05-05,,2800.0,,,,,2800.0,,,
naz reid,points,5.5,True,2026-05-05,,-960.0,,,,,-960.0,,,
naz reid,points,7.5,True,2026-05-05,,-409.0,,,,,-409.0,,,
naz reid,points,9.5,True,2026-05-05,,-214.0,-265.0,,,,-214.0,,,
naz reid,points,11.5,False,2026-05-05,,-121.0,,,-105.0,,-121.0,,-105.0,
naz reid,points,11.5,True,2026-05-05,,-122.0,,,,,-122.0,,,
naz reid,points,12.5,False,2026-05-05,,,-106.0,,,-125.0,-106.0,,-125.0,
naz reid,points,14.5,True,2026-05-05,,176.0,164.0,,,,176.0,,,
naz reid,points,17.5,True,2026-05-05,,366.0,,,,,366.0,,,
naz reid,points,19.5,True,2026-05-05,,589.0,560.0,,,,589.0,,,
naz reid,points,24.5,True,2026-05-05,,1580.0,1500.0,,,,1580.0,,,
naz reid,rebounds,2.5,True,2026-05-05,,-1780.0,,,,,-1780.0,,,
naz reid,rebounds,3.5,True,2026-05-05,,-566.0,-530.0,,,,-530.0,,,
naz reid,rebounds,4.5,True,2026-05-05,,-256.0,,,,,-256.0,,,
naz reid,rebounds,5.5,False,2026-05-05,,-133.0,-132.0,,101.0,100.0,-132.0,,101.0,
naz reid,rebounds,5.5,True,2026-05-05,,-133.0,-130.0,,,,-130.0,,,
naz reid,rebounds,6.5,True,2026-05-05,,136.0,,,,,136.0,,,
naz reid,rebounds,7.5,True,2026-05-05,,230.0,240.0,,,,240.0,,,
naz reid,rebounds,8.5,True,2026-05-05,,390.0,,,,,390.0,,,
naz reid,rebounds,9.5,True,2026-05-05,,640.0,560.0,,,,640.0,,,
naz reid,rebounds,10.5,True,2026-05-05,,1040.0,,,,,1040.0,,,
naz reid,rebounds,11.5,True,2026-05-05,,1580.0,1500.0,,,,1580.0,,,
naz reid,rebounds,12.5,True,2026-05-05,,2300.0,,,,,2300.0,,,
naz reid,threes,0.5,True,2026-05-05,,-485.0,-530.0,,,,-485.0,,,
naz reid,threes,1.5,False,2026-05-05,,-114.0,-114.0,,-116.0,-114.0,-114.0,,-114.0,
naz reid,threes,1.5,True,2026-05-05,,-112.0,-113.0,,,,-112.0,,,
naz reid,threes,2.5,True,2026-05-05,,264.0,285.0,,,,285.0,,,
naz reid,threes,3.5,True,2026-05-05,,700.0,750.0,,,,750.0,,,
naz reid,threes,4.5,True,2026-05-05,,1520.0,2000.0,,,,2000.0,,,
naz reid,threes,5.5,True,2026-05-05,,2800.0,,,,,2800.0,,,
neemias queta,assists,0.5,False,2026-05-02,,-171.0,,,129.0,,-171.0,,129.0,
neemias queta,assists,0.5,True,2026-05-02,,-172.0,,,,,-172.0,,,
neemias queta,assists,2.5,True,2026-05-02,,940.0,,,,,940.0,,,
neemias queta,assists,3.5,True,2026-05-02,,2500.0,,,,,2500.0,,,
neemias queta,points,5.5,True,2026-05-02,,-279.0,,,,,-279.0,,,
neemias queta,points,7.5,False,2026-05-02,-105.0,-112.0,-102.0,-125.0,-114.0,-130.0,-102.0,,-114.0,
neemias queta,points,7.5,True,2026-05-02,,-112.0,,,,,-112.0,,,
neemias queta,points,9.5,True,2026-05-02,200.0,196.0,200.0,,,,200.0,,,
neemias queta,points,11.5,True,2026-05-02,,407.0,,,,,407.0,,,
neemias queta,points,14.5,True,2026-05-02,,1080.0,870.0,,,,1080.0,,,
neemias queta,points,17.5,True,2026-05-02,,2500.0,,,,,2500.0,,,
neemias queta,rebounds,3.5,True,2026-05-02,,-1600.0,-1800.0,,,,-1600.0,,,
neemias queta,rebounds,4.5,True,2026-05-02,-625.0,-650.0,,,,,-625.0,,,
neemias queta,rebounds,5.5,True,2026-05-02,,-325.0,-320.0,,,,-320.0,,,
neemias queta,rebounds,6.5,True,2026-05-02,-160.0,-179.0,,,,,-160.0,,,
neemias queta,rebounds,7.5,False,2026-05-02,110.0,-105.0,102.0,-150.0,-126.0,-136.0,110.0,,-126.0,
neemias queta,rebounds,7.5,True,2026-05-02,,-105.0,104.0,,,,104.0,,,
neemias queta,rebounds,8.5,True,2026-05-02,,160.0,,,,,160.0,,,
neemias queta,rebounds,9.5,True,2026-05-02,310.0,258.0,240.0,,,,310.0,,,
neemias queta,rebounds,10.5,True,2026-05-02,,412.0,,,,,412.0,,,
neemias queta,rebounds,11.5,True,2026-05-02,,650.0,600.0,,,,650.0,,,
neemias queta,rebounds,12.5,True,2026-05-02,,1040.0,,,,,1040.0,,,
neemias queta,rebounds,13.5,True,2026-05-02,,1560.0,1400.0,,,,1560.0,,,
neemias queta,rebounds,14.5,True,2026-05-02,,2200.0,,,,,2200.0,,,
neemias queta,rebounds,15.5,True,2026-05-02,,2900.0,3500.0,,,,3500.0,,,
neemias queta,threes,0.5,True,2026-05-02,,2400.0,,,,,2400.0,,,
nikola vucevic,assists,1.5,False,2026-05-02,,106.0,,,-140.0,,106.0,,-140.0,
nikola vucevic,assists,1.5,True,2026-05-02,,107.0,,,,,107.0,,,
nikola vucevic,assists,2.5,True,2026-05-02,,335.0,,,,,335.0,,,
nikola vucevic,assists,3.5,True,2026-05-02,,900.0,,,,,900.0,,,
nikola vucevic,assists,4.5,True,2026-05-02,,2000.0,,,,,2000.0,,,
nikola vucevic,points,5.5,True,2026-05-02,,-212.0,,,,,-212.0,,,
nikola vucevic,points,6.5,False,2026-05-02,,,-128.0,,,-104.0,-128.0,,-104.0,
nikola vucevic,points,7.5,False,2026-05-02,105.0,-101.0,,-140.0,-126.0,,105.0,,-126.0,
nikola vucevic,points,7.5,True,2026-05-02,,-101.0,,,,,-101.0,,,
nikola vucevic,points,9.5,True,2026-05-02,195.0,189.0,220.0,,,,220.0,,,
nikola vucevic,points,11.5,True,2026-05-02,,348.0,,,,,348.0,,,
nikola vucevic,points,14.5,True,2026-05-02,775.0,810.0,870.0,,,,870.0,,,
nikola vucevic,points,17.5,True,2026-05-02,,1780.0,,,,,1780.0,,,
nikola vucevic,points,19.5,True,2026-05-02,,2600.0,,,,,2600.0,,,
nikola vucevic,rebounds,2.5,True,2026-05-02,-550.0,-710.0,,,,,-550.0,,,
nikola vucevic,rebounds,3.5,True,2026-05-02,,-269.0,-220.0,,,,-220.0,,,
nikola vucevic,rebounds,4.5,False,2026-05-02,-111.0,-126.0,-114.0,-120.0,-104.0,-114.0,-111.0,,-104.0,
nikola vucevic,rebounds,4.5,True,2026-05-02,-111.0,-126.0,,,,,-111.0,,,
nikola vucevic,rebounds,5.5,True,2026-05-02,,151.0,164.0,,,,164.0,,,
nikola vucevic,rebounds,6.5,True,2026-05-02,300.0,280.0,,,,,300.0,,,
nikola vucevic,rebounds,7.5,True,2026-05-02,,511.0,450.0,,,,511.0,,,
nikola vucevic,rebounds,8.5,True,2026-05-02,,930.0,,,,,930.0,,,
nikola vucevic,rebounds,9.5,True,2026-05-02,,1560.0,1000.0,,,,1560.0,,,
nikola vucevic,rebounds,10.5,True,2026-05-02,,2500.0,,,,,2500.0,,,
nikola vucevic,rebounds,11.5,True,2026-05-02,,,2000.0,,,,2000.0,,,
nikola vucevic,threes,0.5,False,2026-05-02,,-159.0,,,120.0,,-159.0,,120.0,
nikola vucevic,threes,0.5,True,2026-05-02,,-156.0,,,,,-156.0,,,
nikola vucevic,threes,1.5,True,2026-05-02,,294.0,,,,,294.0,,,
nikola vucevic,threes,2.5,True,2026-05-02,,1000.0,,,,,1000.0,,,
nikola vucevic,threes,3.5,True,2026-05-02,,2400.0,,,,,2400.0,,,
paolo banchero,assists,2.5,True,2026-05-01,-1200.0,-1040.0,,,,,-1040.0,,,
paolo banchero,assists,3.5,True,2026-05-01,,-376.0,-480.0,,,320.0,-376.0,,320.0,
paolo banchero,assists,4.5,True,2026-05-01,-200.0,-177.0,-205.0,,,152.0,-177.0,,152.0,
paolo banchero,assists,5.5,False,2026-05-01,100.0,112.0,110.0,-135.0,-147.0,-146.0,112.0,,-135.0,
paolo banchero,assists,5.5,True,2026-05-01,,110.0,112.0,,,-146.0,112.0,,-146.0,
paolo banchero,assists,6.5,True,2026-05-01,195.0,205.0,210.0,,,-300.0,210.0,,-300.0,
paolo banchero,assists,7.5,True,2026-05-01,,375.0,420.0,,,-670.0,420.0,,-670.0,
paolo banchero,assists,8.5,True,2026-05-01,,660.0,,,,,660.0,,,
paolo banchero,assists,9.5,True,2026-05-01,,1160.0,1060.0,,,,1160.0,,,
paolo banchero,assists,10.5,True,2026-05-01,,2000.0,,,,,2000.0,,,
paolo banchero,assists,11.5,True,2026-05-01,,2900.0,,,,,2900.0,,,
paolo banchero,points,11.5,True,2026-05-01,,-3200.0,,,,,-3200.0,,,
paolo banchero,points,14.5,True,2026-05-01,-1200.0,-910.0,-1450.0,,,,-910.0,,,
paolo banchero,points,15.5,True,2026-05-01,,,-1100.0,,,,-1100.0,,,
paolo banchero,points,16.5,True,2026-05-01,,,-700.0,,,410.0,-700.0,,410.0,
paolo banchero,points,17.5,True,2026-05-01,,-393.0,-500.0,,,320.0,-393.0,,320.0,
paolo banchero,points,18.5,True,2026-05-01,,,-400.0,,,270.0,-400.0,,270.0,
paolo banchero,points,19.5,True,2026-05-01,-295.0,-249.0,-295.0,,,220.0,-249.0,,220.0,
paolo banchero,points,20.5,True,2026-05-01,,,-240.0,,,174.0,-240.0,,174.0,
paolo banchero,points,21.5,True,2026-05-01,,,-186.0,,,138.0,-186.0,,138.0,
paolo banchero,points,22.5,True,2026-05-01,,,-144.0,,,108.0,-144.0,,108.0,
paolo banchero,points,23.5,False,2026-05-01,-110.0,-107.0,-112.0,-120.0,-119.0,-118.0,-107.0,,-118.0,
paolo banchero,points,23.5,True,2026-05-01,,-107.0,-112.0,,,-118.0,-107.0,,-118.0,
paolo banchero,points,24.5,True,2026-05-01,110.0,114.0,116.0,,,-154.0,116.0,,-154.0,
paolo banchero,points,25.5,True,2026-05-01,,,142.0,,,-192.0,142.0,,-192.0,
paolo banchero,points,26.5,True,2026-05-01,,,174.0,,,-240.0,174.0,,-240.0,
paolo banchero,points,27.5,True,2026-05-01,,,210.0,,,-300.0,210.0,,-300.0,
paolo banchero,points,28.5,True,2026-05-01,,,265.0,,,-390.0,265.0,,-390.0,
paolo banchero,points,29.5,True,2026-05-01,310.0,301.0,330.0,,,-490.0,330.0,,-490.0,
paolo banchero,points,30.5,True,2026-05-01,,,390.0,,,-650.0,390.0,,-650.0,
paolo banchero,points,31.5,True,2026-05-01,,,490.0,,,-900.0,490.0,,-900.0,
paolo banchero,points,32.5,True,2026-05-01,,,,,,-1200.0,,,-1200.0,
paolo banchero,points,34.5,True,2026-05-01,825.0,780.0,900.0,,,,900.0,,,
paolo banchero,points,39.5,True,2026-05-01,,1960.0,2000.0,,,,2000.0,,,
paolo banchero,rebounds,4.5,True,2026-05-01,-1400.0,-1240.0,,,,,-1240.0,,,
paolo banchero,rebounds,5.5,True,2026-05-01,,-567.0,-620.0,,,390.0,-567.0,,390.0,
paolo banchero,rebounds,6.5,True,2026-05-01,-275.0,-289.0,-300.0,,,210.0,-275.0,,210.0,
paolo banchero,rebounds,7.5,True,2026-05-01,,-167.0,-158.0,,,118.0,-158.0,,118.0,
paolo banchero,rebounds,8.5,False,2026-05-01,110.0,101.0,110.0,-150.0,-133.0,-146.0,110.0,,-133.0,
paolo banchero,rebounds,8.5,True,2026-05-01,,101.0,110.0,,,-146.0,110.0,,-146.0,
paolo banchero,rebounds,9.5,True,2026-05-01,180.0,166.0,158.0,,,-215.0,180.0,,-215.0,
paolo banchero,rebounds,10.5,True,2026-05-01,,266.0,270.0,,,-400.0,270.0,,-400.0,
paolo banchero,rebounds,11.5,True,2026-05-01,,421.0,460.0,,,-750.0,460.0,,-750.0,
paolo banchero,rebounds,12.5,True,2026-05-01,750.0,660.0,,,,,750.0,,,
paolo banchero,rebounds,13.5,True,2026-05-01,,1020.0,1200.0,,,,1200.0,,,
paolo banchero,rebounds,14.5,True,2026-05-01,,1520.0,,,,,1520.0,,,
paolo banchero,rebounds,15.5,True,2026-05-01,,2200.0,3000.0,,,,3000.0,,,
paolo banchero,rebounds,16.5,True,2026-05-01,,2900.0,,,,,2900.0,,,
paolo banchero,threes,0.5,True,2026-05-01,-400.0,-392.0,-440.0,,,290.0,-392.0,,290.0,
paolo banchero,threes,1.5,False,2026-05-01,110.0,113.0,116.0,-150.0,-149.0,-154.0,116.0,,-149.0,
paolo banchero,threes,1.5,True,2026-05-01,110.0,115.0,118.0,,,-154.0,118.0,,-154.0,
paolo banchero,threes,2.5,True,2026-05-01,333.0,360.0,360.0,,,-580.0,360.0,,-580.0,
paolo banchero,threes,3.5,True,2026-05-01,850.0,970.0,1000.0,,,,1000.0,,,
paolo banchero,threes,4.5,True,2026-05-01,,2200.0,,,,,2200.0,,,
paul george,assists,1.5,True,2026-05-02,,,-770.0,,,,-770.0,,,
paul george,assists,2.5,True,2026-05-02,-225.0,-209.0,,,,,-209.0,,,
paul george,assists,3.5,False,2026-05-02,105.0,115.0,116.0,-145.0,-151.0,-154.0,116.0,,-145.0,
paul george,assists,3.5,True,2026-05-02,,116.0,118.0,,,,118.0,,,
paul george,assists,4.5,True,2026-05-02,230.0,253.0,,,,,253.0,,,
paul george,assists,5.5,True,2026-05-02,,529.0,600.0,,,,600.0,,,
paul george,assists,6.5,True,2026-05-02,,1040.0,,,,,1040.0,,,
paul george,assists,7.5,True,2026-05-02,,1900.0,2000.0,,,,2000.0,,,
paul george,assists,8.5,True,2026-05-02,,2900.0,,,,,2900.0,,,
paul george,points,7.5,True,2026-05-02,,-1340.0,,,,,-1340.0,,,
paul george,points,9.5,True,2026-05-02,-650.0,-620.0,-800.0,,,,-620.0,,,
paul george,points,11.5,True,2026-05-02,,-327.0,,,,,-327.0,,,
paul george,points,14.5,True,2026-05-02,-150.0,-153.0,-150.0,,,,-150.0,,,
paul george,points,15.5,False,2026-05-02,-115.0,-118.0,-114.0,-115.0,-108.0,-114.0,-114.0,,-108.0,
paul george,points,15.5,True,2026-05-02,,-121.0,,,,,-121.0,,,
paul george,points,17.5,True,2026-05-02,,129.0,,,,,129.0,,,
paul george,points,19.5,True,2026-05-02,220.0,199.0,235.0,,,,235.0,,,
paul george,points,24.5,True,2026-05-02,625.0,559.0,680.0,,,,680.0,,,
paul george,points,29.5,True,2026-05-02,,1440.0,1700.0,,,,1700.0,,,
paul george,points,34.5,True,2026-05-02,,3000.0,,,,,3000.0,,,
paul george,rebounds,2.5,True,2026-05-02,-1400.0,-1180.0,,,,,-1180.0,,,
paul george,rebounds,3.5,True,2026-05-02,,-416.0,-400.0,,,,-400.0,,,
paul george,rebounds,4.5,True,2026-05-02,-210.0,-191.0,,,,,-191.0,,,
paul george,rebounds,5.5,False,2026-05-02,-105.0,104.0,118.0,-125.0,-137.0,-158.0,118.0,,-125.0,
paul george,rebounds,5.5,True,2026-05-02,,104.0,122.0,,,,122.0,,,
paul george,rebounds,6.5,True,2026-05-02,175.0,194.0,,,,,194.0,,,
paul george,rebounds,7.5,True,2026-05-02,,357.0,450.0,,,,450.0,,,
paul george,rebounds,8.5,True,2026-05-02,,630.0,,,,,630.0,,,
paul george,rebounds,9.5,True,2026-05-02,,1080.0,1200.0,,,,1200.0,,,
paul george,rebounds,10.5,True,2026-05-02,,1780.0,,,,,1780.0,,,
paul george,rebounds,11.5,True,2026-05-02,,2600.0,,,,,2600.0,,,
paul george,threes,0.5,True,2026-05-02,-1200.0,-1460.0,-2000.0,,,,-1200.0,,,
paul george,threes,1.5,True,2026-05-02,-250.0,-265.0,-310.0,,,,-250.0,,,
paul george,threes,2.5,False,2026-05-02,115.0,108.0,102.0,-155.0,-142.0,-136.0,115.0,,-136.0,
paul george,threes,2.5,True,2026-05-02,115.0,107.0,104.0,,,,115.0,,,
paul george,threes,3.5,True,2026-05-02,280.0,262.0,260.0,,,,280.0,,,
paul george,threes,4.5,True,2026-05-02,625.0,581.0,650.0,,,,650.0,,,
paul george,threes,5.5,True,2026-05-02,,1200.0,1200.0,,,,1200.0,,,
paul george,threes,6.5,True,2026-05-02,,2200.0,2500.0,,,,2500.0,,,
payton pritchard,assists,1.5,True,2026-05-02,,,-1600.0,,,,-1600.0,,,
payton pritchard,assists,2.5,True,2026-05-02,-350.0,-416.0,,,,,-350.0,,,
payton pritchard,assists,3.5,False,2026-05-02,-175.0,-159.0,-158.0,130.0,121.0,118.0,-158.0,,130.0,
payton pritchard,assists,3.5,True,2026-05-02,,-165.0,-156.0,,,,-156.0,,,
payton pritchard,assists,4.5,True,2026-05-02,155.0,134.0,,,,,155.0,,,
payton pritchard,assists,5.5,True,2026-05-02,,267.0,300.0,,,,300.0,,,
payton pritchard,assists,6.5,True,2026-05-02,575.0,544.0,,,,,575.0,,,
payton pritchard,assists,7.5,True,2026-05-02,,1040.0,1060.0,,,,1060.0,,,
payton pritchard,assists,8.5,True,2026-05-02,,1880.0,,,,,1880.0,,,
payton pritchard,assists,9.5,True,2026-05-02,,2800.0,,,,,2800.0,,,
payton pritchard,points,5.5,True,2026-05-02,,-1420.0,,,,,-1420.0,,,
payton pritchard,points,7.5,True,2026-05-02,,-563.0,,,,,-563.0,,,
payton pritchard,points,9.5,True,2026-05-02,-275.0,-277.0,-295.0,,,,-275.0,,,
payton pritchard,points,11.5,True,2026-05-02,,-152.0,,,,,-152.0,,,
payton pritchard,points,12.5,False,2026-05-02,-115.0,-116.0,-120.0,-115.0,-110.0,-110.0,-115.0,,-110.0,
payton pritchard,points,12.5,True,2026-05-02,,-116.0,,,,,-116.0,,,
payton pritchard,points,14.5,True,2026-05-02,150.0,142.0,138.0,,,,150.0,,,
payton pritchard,points,17.5,True,2026-05-02,,297.0,,,,,297.0,,,
payton pritchard,points,19.5,True,2026-05-02,475.0,477.0,450.0,,,,477.0,,,
payton pritchard,points,24.5,True,2026-05-02,,1440.0,1300.0,,,,1440.0,,,
payton pritchard,points,29.5,True,2026-05-02,,3000.0,,,,,3000.0,,,
payton pritchard,rebounds,2.5,False,2026-05-02,,,-172.0,,,128.0,-172.0,,128.0,
payton pritchard,rebounds,2.5,True,2026-05-02,-190.0,-197.0,,,,,-190.0,,,
payton pritchard,rebounds,3.5,False,2026-05-02,130.0,122.0,,-175.0,-162.0,,130.0,,-162.0,
payton pritchard,rebounds,3.5,True,2026-05-02,,124.0,150.0,,,,150.0,,,
payton pritchard,rebounds,4.5,True,2026-05-02,280.0,279.0,,,,,280.0,,,
payton pritchard,rebounds,5.5,True,2026-05-02,,600.0,700.0,,,,700.0,,,
payton pritchard,rebounds,6.5,True,2026-05-02,,1220.0,,,,,1220.0,,,
payton pritchard,rebounds,7.5,True,2026-05-02,,2200.0,,,,,2200.0,,,
payton pritchard,threes,0.5,True,2026-05-02,-900.0,-990.0,-1000.0,,,,-900.0,,,
payton pritchard,threes,1.5,False,2026-05-02,-185.0,,-200.0,135.0,,148.0,-185.0,,148.0,
payton pritchard,threes,1.5,True,2026-05-02,-185.0,-200.0,-194.0,,,,-185.0,,,
payton pritchard,threes,2.5,False,2026-05-02,,143.0,,,-189.0,,143.0,,-189.0,
payton pritchard,threes,2.5,True,2026-05-02,160.0,145.0,164.0,,,,164.0,,,
payton pritchard,threes,3.5,True,2026-05-02,400.0,368.0,420.0,,,,420.0,,,
payton pritchard,threes,4.5,True,2026-05-02,,830.0,950.0,,,,950.0,,,
payton pritchard,threes,5.5,True,2026-05-02,,1700.0,1700.0,,,,1700.0,,,
payton pritchard,threes,6.5,True,2026-05-02,,2800.0,,,,,2800.0,,,
quentin grimes,points,5.5,True,2026-05-02,,-170.0,,,,,-170.0,,,
quentin grimes,points,6.5,False,2026-05-02,,-121.0,-125.0,,-105.0,-106.0,-121.0,,-105.0,
quentin grimes,points,6.5,True,2026-05-02,,-119.0,,,,,-119.0,,,
quentin grimes,points,7.5,True,2026-05-02,,116.0,,,,,116.0,,,
quentin grimes,points,9.5,True,2026-05-02,,217.0,220.0,,,,220.0,,,
quentin grimes,points,11.5,True,2026-05-02,,390.0,,,,,390.0,,,
quentin grimes,points,14.5,True,2026-05-02,,880.0,830.0,,,,880.0,,,
quentin grimes,points,17.5,True,2026-05-02,,1760.0,,,,,1760.0,,,
quentin grimes,points,19.5,True,2026-05-02,,2500.0,,,,,2500.0,,,
r.j. barrett,assists,1.5,True,2026-05-01,,,-2000.0,,,,-2000.0,,,
r.j. barrett,assists,2.5,True,2026-05-01,-375.0,-349.0,-440.0,,,290.0,-349.0,,290.0,
r.j. barrett,assists,3.5,False,2026-05-01,-155.0,-136.0,-162.0,115.0,104.0,122.0,-136.0,,122.0,
r.j. barrett,assists,3.5,True,2026-05-01,,-141.0,-160.0,,,122.0,-141.0,,122.0,
r.j. barrett,assists,4.5,True,2026-05-01,140.0,150.0,140.0,,,-188.0,150.0,,-188.0,
r.j. barrett,assists,5.5,True,2026-05-01,,311.0,290.0,,,-420.0,311.0,,-420.0,
r.j. barrett,assists,6.5,True,2026-05-01,550.0,610.0,,,,-1200.0,610.0,,-1200.0,
r.j. barrett,assists,7.5,True,2026-05-01,,1200.0,1100.0,,,,1200.0,,,
r.j. barrett,assists,8.5,True,2026-05-01,,2100.0,,,,,2100.0,,,
r.j. barrett,points,9.5,True,2026-05-01,,,-7000.0,,,,-7000.0,,,
r.j. barrett,points,11.5,True,2026-05-01,,-1860.0,,,,,-1860.0,,,
r.j. barrett,points,13.5,True,2026-05-01,,,-1400.0,,,,-1400.0,,,
r.j. barrett,points,14.5,True,2026-05-01,-1000.0,-700.0,-900.0,,,490.0,-700.0,,490.0,
r.j. barrett,points,15.5,True,2026-05-01,,,-600.0,,,370.0,-600.0,,370.0,
r.j. barrett,points,16.5,True,2026-05-01,,,-470.0,,,300.0,-470.0,,300.0,
r.j. barrett,points,17.5,True,2026-05-01,,-320.0,-350.0,,,235.0,-320.0,,235.0,
r.j. barrett,points,18.5,True,2026-05-01,,,-270.0,,,194.0,-270.0,,194.0,
r.j. barrett,points,19.5,True,2026-05-01,-235.0,-205.0,-215.0,,,158.0,-205.0,,158.0,
r.j. barrett,points,20.5,True,2026-05-01,,,-166.0,,,124.0,-166.0,,124.0,
r.j. barrett,points,21.5,True,2026-05-01,,,-132.0,,,100.0,-132.0,,100.0,
r.j. barrett,points,22.5,False,2026-05-01,-120.0,-112.0,-102.0,-110.0,-114.0,-130.0,-102.0,,-110.0,
r.j. barrett,points,22.5,True,2026-05-01,,-112.0,-102.0,,,-130.0,-102.0,,-130.0,
r.j. barrett,points,23.5,True,2026-05-01,,,120.0,,,-160.0,120.0,,-160.0,
r.j. barrett,points,24.5,True,2026-05-01,125.0,131.0,152.0,,,-205.0,152.0,,-205.0,
r.j. barrett,points,25.5,True,2026-05-01,,,182.0,,,-250.0,182.0,,-250.0,
r.j. barrett,points,26.5,True,2026-05-01,,,225.0,,,-320.0,225.0,,-320.0,
r.j. barrett,points,27.5,True,2026-05-01,,,280.0,,,-420.0,280.0,,-420.0,
r.j. barrett,points,28.5,True,2026-05-01,,,320.0,,,-500.0,320.0,,-500.0,
r.j. barrett,points,29.5,True,2026-05-01,340.0,330.0,400.0,,,-670.0,400.0,,-670.0,
r.j. barrett,points,30.5,True,2026-05-01,,,490.0,,,-900.0,490.0,,-900.0,
r.j. barrett,points,34.5,True,2026-05-01,850.0,850.0,1060.0,,,,1060.0,,,
r.j. barrett,points,39.5,True,2026-05-01,,1920.0,2500.0,,,,2500.0,,,
r.j. barrett,rebounds,2.5,True,2026-05-01,-2000.0,-2000.0,,,,,-2000.0,,,
r.j. barrett,rebounds,3.5,True,2026-05-01,,-630.0,-770.0,,,450.0,-630.0,,450.0,
r.j. barrett,rebounds,4.5,True,2026-05-01,-275.0,-285.0,-310.0,,,220.0,-275.0,,220.0,
r.j. barrett,rebounds,5.5,False,2026-05-01,-140.0,-142.0,-148.0,105.0,108.0,112.0,-140.0,,112.0,
r.j. barrett,rebounds,5.5,True,2026-05-01,,-146.0,-146.0,,,112.0,-146.0,,112.0,
r.j. barrett,rebounds,6.5,True,2026-05-01,130.0,126.0,136.0,,,-182.0,136.0,,-182.0,
r.j. barrett,rebounds,7.5,True,2026-05-01,,223.0,250.0,,,-340.0,250.0,,-340.0,
r.j. barrett,rebounds,8.5,True,2026-05-01,,394.0,410.0,,,-700.0,410.0,,-700.0,
r.j. barrett,rebounds,9.5,True,2026-05-01,700.0,670.0,680.0,,,,700.0,,,
r.j. barrett,rebounds,10.5,True,2026-05-01,,1140.0,,,,,1140.0,,,
r.j. barrett,rebounds,11.5,True,2026-05-01,,1800.0,1700.0,,,,1800.0,,,
r.j. barrett,rebounds,12.5,True,2026-05-01,,2600.0,,,,,2600.0,,,
r.j. barrett,threes,0.5,True,2026-05-01,-800.0,-750.0,-900.0,,,,-750.0,,,
r.j. barrett,threes,1.5,False,2026-05-01,-175.0,-167.0,-174.0,130.0,126.0,130.0,-167.0,,130.0,
r.j. barrett,threes,1.5,True,2026-05-01,-175.0,-168.0,-170.0,,,130.0,-168.0,,130.0,
r.j. barrett,threes,2.5,True,2026-05-01,165.0,172.0,186.0,,,-250.0,186.0,,-250.0,
r.j. barrett,threes,3.5,True,2026-05-01,400.0,431.0,460.0,,,-750.0,460.0,,-750.0,
r.j. barrett,threes,4.5,True,2026-05-01,,1020.0,1100.0,,,,1100.0,,,
r.j. barrett,threes,5.5,True,2026-05-01,,2100.0,2000.0,,,,2100.0,,,
reed sheppard,assists,1.5,True,2026-05-02,,,-3500.0,,,,-3500.0,,,
reed sheppard,assists,2.5,True,2026-05-02,-625.0,-579.0,-670.0,,,400.0,-579.0,,400.0,
reed sheppard,assists,3.5,True,2026-05-02,,-227.0,-240.0,,,178.0,-227.0,,178.0,
reed sheppard,assists,4.5,False,2026-05-02,-105.0,-104.0,100.0,-125.0,-126.0,-132.0,100.0,,-125.0,
reed sheppard,assists,4.5,True,2026-05-02,-110.0,-107.0,100.0,,,-132.0,100.0,,-132.0,
reed sheppard,assists,5.5,True,2026-05-02,,187.0,210.0,,,-280.0,210.0,,-280.0,
reed sheppard,assists,6.5,True,2026-05-02,360.0,345.0,400.0,,,-670.0,400.0,,-670.0,
reed sheppard,assists,7.5,True,2026-05-02,,640.0,800.0,,,,800.0,,,
reed sheppard,assists,8.5,True,2026-05-02,,1120.0,,,,,1120.0,,,
reed sheppard,assists,9.5,True,2026-05-02,,1900.0,2000.0,,,,2000.0,,,
reed sheppard,assists,10.5,True,2026-05-02,,2900.0,,,,,2900.0,,,
reed sheppard,points,5.5,True,2026-05-02,,-3400.0,,,,,-3400.0,,,
reed sheppard,points,7.5,True,2026-05-02,,-1200.0,,,,,-1200.0,,,
reed sheppard,points,9.5,True,2026-05-02,-700.0,-543.0,-800.0,,,450.0,-543.0,,450.0,
reed sheppard,points,10.5,True,2026-05-02,,,-550.0,,,350.0,-550.0,,350.0,
reed sheppard,points,11.5,True,2026-05-02,,-294.0,-380.0,,,260.0,-294.0,,260.0,
reed sheppard,points,12.5,True,2026-05-02,,,-280.0,,,200.0,-280.0,,200.0,
reed sheppard,points,13.5,True,2026-05-02,,,-220.0,,,158.0,-220.0,,158.0,
reed sheppard,points,14.5,True,2026-05-02,-160.0,-139.0,-160.0,,,122.0,-139.0,,122.0,
reed sheppard,points,15.5,False,2026-05-02,-120.0,-114.0,-128.0,-110.0,-112.0,-104.0,-114.0,,-104.0,
reed sheppard,points,15.5,True,2026-05-02,,-111.0,-128.0,,,-104.0,-111.0,,-104.0,
reed sheppard,points,16.5,True,2026-05-02,,,104.0,,,-138.0,104.0,,-138.0,
reed sheppard,points,17.5,True,2026-05-02,,139.0,136.0,,,-182.0,139.0,,-182.0,
reed sheppard,points,18.5,True,2026-05-02,,,172.0,,,-235.0,172.0,,-235.0,
reed sheppard,points,19.5,True,2026-05-02,200.0,208.0,215.0,,,-290.0,215.0,,-290.0,
reed sheppard,points,20.5,True,2026-05-02,,,260.0,,,-360.0,260.0,,-360.0,
reed sheppard,points,21.5,True,2026-05-02,,,320.0,,,-490.0,320.0,,-490.0,
reed sheppard,points,24.5,True,2026-05-02,600.0,542.0,630.0,,,,630.0,,,
reed sheppard,points,29.5,True,2026-05-02,,1300.0,1500.0,,,,1500.0,,,
reed sheppard,points,34.5,True,2026-05-02,,2700.0,,,,,2700.0,,,
reed sheppard,rebounds,1.5,True,2026-05-02,,,-320.0,,,225.0,-320.0,,225.0,
reed sheppard,rebounds,2.5,False,2026-05-02,-115.0,104.0,102.0,-115.0,-137.0,-136.0,104.0,,-115.0,
reed sheppard,rebounds,2.5,True,2026-05-02,-125.0,104.0,102.0,,,-136.0,104.0,,-136.0,
reed sheppard,rebounds,3.5,True,2026-05-02,,257.0,270.0,,,-400.0,270.0,,-400.0,
reed sheppard,rebounds,4.5,True,2026-05-02,425.0,582.0,,,,-1400.0,582.0,,-1400.0,
reed sheppard,rebounds,5.5,True,2026-05-02,,1260.0,,,,,1260.0,,,
reed sheppard,rebounds,6.5,True,2026-05-02,,2200.0,,,,,2200.0,,,
reed sheppard,threes,0.5,True,2026-05-02,,-3900.0,,,,,-3900.0,,,
reed sheppard,threes,1.5,True,2026-05-02,-750.0,-527.0,-670.0,,,410.0,-527.0,,410.0,
reed sheppard,threes,2.5,True,2026-05-02,-235.0,-184.0,-196.0,,,152.0,-184.0,,152.0,
reed sheppard,threes,3.5,False,2026-05-02,120.0,127.0,128.0,-155.0,-167.0,-172.0,128.0,,-155.0,
reed sheppard,threes,3.5,True,2026-05-02,105.0,127.0,130.0,,,-172.0,130.0,,-172.0,
reed sheppard,threes,4.5,True,2026-05-02,230.0,264.0,290.0,,,-420.0,290.0,,-420.0,
reed sheppard,threes,5.5,True,2026-05-02,475.0,519.0,600.0,,,-1200.0,600.0,,-1200.0,
reed sheppard,threes,6.5,True,2026-05-02,,970.0,1300.0,,,,1300.0,,,
reed sheppard,threes,7.5,True,2026-05-02,,1720.0,2500.0,,,,2500.0,,,
reed sheppard,threes,8.5,True,2026-05-02,,2700.0,,,,,2700.0,,,
rudy gobert,assists,1.5,False,2026-05-05,,-111.0,,,-119.0,,-111.0,,-119.0,
rudy gobert,assists,1.5,True,2026-05-05,,-109.0,-192.0,,,,-109.0,,,
rudy gobert,assists,2.5,True,2026-05-05,,275.0,,,,,275.0,,,
rudy gobert,assists,3.5,True,2026-05-05,,740.0,420.0,,,,740.0,,,
rudy gobert,assists,4.5,True,2026-05-05,,1700.0,,,,,1700.0,,,
rudy gobert,points,5.5,True,2026-05-05,,-475.0,,,,,-475.0,,,
rudy gobert,points,7.5,True,2026-05-05,,-204.0,,,,,-204.0,,,
rudy gobert,points,8.5,False,2026-05-05,-125.0,-127.0,-125.0,-105.0,100.0,-106.0,-125.0,,100.0,
rudy gobert,points,8.5,True,2026-05-05,,-125.0,,,,,-125.0,,,
rudy gobert,points,9.5,True,2026-05-05,105.0,102.0,118.0,,,,118.0,,,
rudy gobert,points,11.5,True,2026-05-05,,197.0,,,,,197.0,,,
rudy gobert,points,14.5,True,2026-05-05,525.0,524.0,520.0,,,,525.0,,,
rudy gobert,points,17.5,True,2026-05-05,,1160.0,,,,,1160.0,,,
rudy gobert,points,19.5,True,2026-05-05,,1900.0,1700.0,,,,1900.0,,,
rudy gobert,rebounds,5.5,True,2026-05-05,,,-4000.0,,,,-4000.0,,,
rudy gobert,rebounds,6.5,True,2026-05-05,-1600.0,-1760.0,,,,,-1600.0,,,
rudy gobert,rebounds,7.5,True,2026-05-05,,-840.0,-620.0,,,,-620.0,,,
rudy gobert,rebounds,8.5,True,2026-05-05,,-469.0,,,,,-469.0,,,
rudy gobert,rebounds,9.5,True,2026-05-05,-275.0,-282.0,-245.0,,,,-245.0,,,
rudy gobert,rebounds,10.5,False,2026-05-05,,,-146.0,,,110.0,-146.0,,110.0,
rudy gobert,rebounds,10.5,True,2026-05-05,,-179.0,,,,,-179.0,,,
rudy gobert,rebounds,11.5,False,2026-05-05,-105.0,-114.0,,-125.0,-115.0,,-105.0,,-115.0,
rudy gobert,rebounds,11.5,True,2026-05-05,,-117.0,112.0,,,,112.0,,,
rudy gobert,rebounds,12.5,True,2026-05-05,140.0,130.0,,,,,140.0,,,
rudy gobert,rebounds,13.5,True,2026-05-05,,189.0,260.0,,,,260.0,,,
rudy gobert,rebounds,14.5,True,2026-05-05,300.0,282.0,,,,,300.0,,,
rudy gobert,rebounds,15.5,True,2026-05-05,,426.0,600.0,,,,600.0,,,
rudy gobert,rebounds,16.5,True,2026-05-05,625.0,620.0,,,,,625.0,,,
rudy gobert,rebounds,17.5,True,2026-05-05,,900.0,,,,,900.0,,,
rudy gobert,rebounds,18.5,True,2026-05-05,,1300.0,,,,,1300.0,,,
rudy gobert,rebounds,19.5,True,2026-05-05,,1820.0,,,,,1820.0,,,
rui hachimura,points,5.5,True,2026-05-02,,-1140.0,,,,,-1140.0,,,
rui hachimura,points,6.5,True,2026-05-02,,,-900.0,,,490.0,-900.0,,490.0,
rui hachimura,points,7.5,True,2026-05-02,,-467.0,-550.0,,,350.0,-467.0,,350.0,
rui hachimura,points,8.5,True,2026-05-02,,,-350.0,,,240.0,-350.0,,240.0,
rui hachimura,points,9.5,True,2026-05-02,-250.0,-231.0,-250.0,,,182.0,-231.0,,182.0,
rui hachimura,points,10.5,True,2026-05-02,,,-182.0,,,136.0,-182.0,,136.0,
rui hachimura,points,11.5,False,2026-05-02,,-120.0,,,-106.0,,-120.0,,-106.0,
rui hachimura,points,11.5,True,2026-05-02,,-124.0,-132.0,,,100.0,-124.0,,100.0,
rui hachimura,points,12.5,False,2026-05-02,-105.0,,104.0,-130.0,,-138.0,104.0,,-130.0,
rui hachimura,points,12.5,True,2026-05-02,,,104.0,,,-138.0,104.0,,-138.0,
rui hachimura,points,13.5,True,2026-05-02,,,140.0,,,-188.0,140.0,,-188.0,
rui hachimura,points,14.5,True,2026-05-02,165.0,182.0,182.0,,,-250.0,182.0,,-250.0,
rui hachimura,points,15.5,True,2026-05-02,,,230.0,,,-330.0,230.0,,-330.0,
rui hachimura,points,17.5,True,2026-05-02,,387.0,,,,,387.0,,,
rui hachimura,points,19.5,True,2026-05-02,575.0,640.0,630.0,,,,640.0,,,
rui hachimura,points,24.5,True,2026-05-02,,1980.0,1800.0,,,,1980.0,,,
rui hachimura,rebounds,1.5,True,2026-05-02,,,-1100.0,,,,-1100.0,,,
rui hachimura,rebounds,2.5,True,2026-05-02,-375.0,-280.0,-300.0,,,210.0,-280.0,,210.0,
rui hachimura,rebounds,3.5,False,2026-05-02,-140.0,-130.0,-120.0,105.0,-101.0,-110.0,-120.0,,105.0,
rui hachimura,rebounds,3.5,True,2026-05-02,,-128.0,-120.0,,,-110.0,-120.0,,-110.0,
rui hachimura,rebounds,4.5,True,2026-05-02,145.0,155.0,182.0,,,-250.0,182.0,,-250.0,
rui hachimura,rebounds,5.5,True,2026-05-02,,281.0,360.0,,,-580.0,360.0,,-580.0,
rui hachimura,rebounds,6.5,True,2026-05-02,550.0,501.0,,,,,550.0,,,
rui hachimura,rebounds,7.5,True,2026-05-02,,850.0,1200.0,,,,1200.0,,,
rui hachimura,rebounds,8.5,True,2026-05-02,,1420.0,,,,,1420.0,,,
rui hachimura,rebounds,9.5,True,2026-05-02,,2200.0,,,,,2200.0,,,
rui hachimura,threes,0.5,True,2026-05-02,-600.0,-562.0,-650.0,,,390.0,-562.0,,390.0,
rui hachimura,threes,1.5,False,2026-05-02,-125.0,-123.0,-122.0,-105.0,-107.0,-108.0,-122.0,,-105.0,
rui hachimura,threes,1.5,True,2026-05-02,-125.0,-123.0,-122.0,,,-108.0,-122.0,,-108.0,
rui hachimura,threes,2.5,True,2026-05-02,230.0,247.0,280.0,,,-400.0,280.0,,-400.0,
rui hachimura,threes,3.5,True,2026-05-02,600.0,660.0,750.0,,,,750.0,,,
rui hachimura,threes,4.5,True,2026-05-02,,1560.0,2000.0,,,,2000.0,,,
rui hachimura,threes,5.5,True,2026-05-02,,2900.0,,,,,2900.0,,,
sam hauser,assists,0.5,False,2026-05-02,,-208.0,,,156.0,,-208.0,,156.0,
sam hauser,assists,0.5,True,2026-05-02,,-212.0,,,,,-212.0,,,
sam hauser,assists,2.5,True,2026-05-02,,760.0,,,,,760.0,,,
sam hauser,assists,3.5,True,2026-05-02,,2000.0,,,,,2000.0,,,
sam hauser,points,5.5,False,2026-05-02,,,-136.0,,,102.0,-136.0,,102.0,
sam hauser,points,5.5,True,2026-05-02,,-216.0,,,,,-216.0,,,
sam hauser,points,6.5,False,2026-05-02,100.0,-102.0,,-135.0,-125.0,,100.0,,-125.0,
sam hauser,points,6.5,True,2026-05-02,,-102.0,,,,,-102.0,,,
sam hauser,points,7.5,True,2026-05-02,,103.0,,,,,103.0,,,
sam hauser,points,9.5,True,2026-05-02,250.0,240.0,330.0,,,,330.0,,,
sam hauser,points,11.5,True,2026-05-02,,336.0,,,,,336.0,,,
sam hauser,points,14.5,True,2026-05-02,825.0,800.0,1400.0,,,,1400.0,,,
sam hauser,points,17.5,True,2026-05-02,,1700.0,,,,,1700.0,,,
sam hauser,points,19.5,True,2026-05-02,,2500.0,,,,,2500.0,,,
sam hauser,rebounds,2.5,False,2026-05-02,-165.0,,,125.0,,,-165.0,,125.0,
sam hauser,rebounds,2.5,True,2026-05-02,-175.0,-203.0,,,,,-175.0,,,
sam hauser,rebounds,3.5,False,2026-05-02,,119.0,142.0,,-157.0,-192.0,142.0,,-157.0,
sam hauser,rebounds,3.5,True,2026-05-02,,119.0,144.0,,,,144.0,,,
sam hauser,rebounds,4.5,True,2026-05-02,300.0,263.0,,,,,300.0,,,
sam hauser,rebounds,5.5,True,2026-05-02,,546.0,630.0,,,,630.0,,,
sam hauser,rebounds,6.5,True,2026-05-02,,1120.0,,,,,1120.0,,,
sam hauser,rebounds,7.5,True,2026-05-02,,2000.0,,,,,2000.0,,,
sam hauser,threes,0.5,True,2026-05-02,-900.0,-980.0,,,,,-900.0,,,
sam hauser,threes,1.5,False,2026-05-02,-185.0,,,135.0,,,-185.0,,135.0,
sam hauser,threes,1.5,True,2026-05-02,-185.0,-202.0,,,,,-185.0,,,
sam hauser,threes,2.5,False,2026-05-02,,144.0,,,-191.0,,144.0,,-191.0,
sam hauser,threes,2.5,True,2026-05-02,160.0,148.0,,,,,160.0,,,
sam hauser,threes,3.5,True,2026-05-02,400.0,375.0,,,,,400.0,,,
sam hauser,threes,4.5,True,2026-05-02,,880.0,,,,,880.0,,,
sam hauser,threes,5.5,True,2026-05-02,,1860.0,,,,,1860.0,,,
sam merrill,assists,1.5,True,2026-05-01,,116.0,140.0,,,,140.0,,,
sam merrill,assists,2.5,True,2026-05-01,,353.0,,,,,353.0,,,
sam merrill,assists,3.5,True,2026-05-01,,950.0,,,,,950.0,,,
sam merrill,assists,4.5,True,2026-05-01,,2100.0,,,,,2100.0,,,
sam merrill,points,2.5,True,2026-05-01,,,-750.0,,,430.0,-750.0,,430.0,
sam merrill,points,3.5,True,2026-05-01,,,-300.0,,,210.0,-300.0,,210.0,
sam merrill,points,4.5,True,2026-05-01,,,-250.0,,,182.0,-250.0,,182.0,
sam merrill,points,5.5,True,2026-05-01,,-178.0,-172.0,,,128.0,-172.0,,128.0,
sam merrill,points,6.5,False,2026-05-01,,-108.0,100.0,,-118.0,-132.0,100.0,,-118.0,
sam merrill,points,6.5,True,2026-05-01,,-107.0,100.0,,,-132.0,100.0,,-132.0,
sam merrill,points,7.5,True,2026-05-01,,114.0,118.0,,,-158.0,118.0,,-158.0,
sam merrill,points,8.5,True,2026-05-01,,,168.0,,,-230.0,168.0,,-230.0,
sam merrill,points,9.5,True,2026-05-01,,233.0,230.0,,,-330.0,233.0,,-330.0,
sam merrill,points,11.5,True,2026-05-01,,398.0,,,,,398.0,,,
sam merrill,points,14.5,True,2026-05-01,,920.0,800.0,,,,920.0,,,
sam merrill,points,17.5,True,2026-05-01,,1800.0,,,,,1800.0,,,
sam merrill,points,19.5,True,2026-05-01,,2500.0,1800.0,,,,2500.0,,,
sam merrill,rebounds,1.5,False,2026-05-01,,-177.0,-158.0,,134.0,116.0,-158.0,,134.0,
sam merrill,rebounds,1.5,True,2026-05-01,,-184.0,,,,,-184.0,,,
sam merrill,rebounds,2.5,True,2026-05-01,,160.0,,,,,160.0,,,
sam merrill,rebounds,3.5,True,2026-05-01,,396.0,460.0,,,,460.0,,,
sam merrill,rebounds,4.5,True,2026-05-01,,900.0,,,,,900.0,,,
sam merrill,rebounds,5.5,True,2026-05-01,,1820.0,,,,,1820.0,,,
sam merrill,threes,0.5,True,2026-05-01,,-539.0,-500.0,,,320.0,-500.0,,320.0,
sam merrill,threes,1.5,False,2026-05-01,,-117.0,-118.0,,-113.0,-112.0,-117.0,,-112.0,
sam merrill,threes,1.5,True,2026-05-01,,-120.0,-118.0,,,-112.0,-118.0,,-112.0,
sam merrill,threes,2.5,True,2026-05-01,,248.0,240.0,,,-350.0,248.0,,-350.0,
sam merrill,threes,3.5,True,2026-05-01,,630.0,600.0,,,-1200.0,630.0,,-1200.0,
sam merrill,threes,4.5,True,2026-05-01,,1420.0,1300.0,,,,1420.0,,,
sam merrill,threes,5.5,True,2026-05-01,,2500.0,2000.0,,,,2500.0,,,
sandro mamukelashvili,points,0.5,True,2026-05-01,,,-700.0,,,410.0,-700.0,,410.0,
sandro mamukelashvili,points,1.5,True,2026-05-01,,,-670.0,,,400.0,-670.0,,400.0,
sandro mamukelashvili,points,2.5,True,2026-05-01,,,-340.0,,,235.0,-340.0,,235.0,
sandro mamukelashvili,points,3.5,True,2026-05-01,,,-166.0,,,124.0,-166.0,,124.0,
sandro mamukelashvili,points,4.5,False,2026-05-01,,-133.0,-132.0,,104.0,100.0,-132.0,,104.0,
sandro mamukelashvili,points,4.5,True,2026-05-01,,-135.0,-132.0,,,100.0,-132.0,,100.0,
sandro mamukelashvili,points,5.5,True,2026-05-01,,112.0,118.0,,,-158.0,118.0,,-158.0,
sandro mamukelashvili,points,6.5,True,2026-05-01,,,178.0,,,-245.0,178.0,,-245.0,
sandro mamukelashvili,points,7.5,True,2026-05-01,,214.0,220.0,,,-310.0,220.0,,-310.0,
sandro mamukelashvili,points,9.5,True,2026-05-01,,423.0,430.0,,,,430.0,,,
sandro mamukelashvili,points,11.5,True,2026-05-01,,720.0,,,,,720.0,,,
sandro mamukelashvili,points,14.5,True,2026-05-01,,1560.0,1400.0,,,,1560.0,,,
sandro mamukelashvili,points,17.5,True,2026-05-01,,2700.0,,,,,2700.0,,,
sandro mamukelashvili,rebounds,1.5,True,2026-05-01,,,-700.0,,,410.0,-700.0,,410.0,
sandro mamukelashvili,rebounds,2.5,True,2026-05-01,,,-270.0,,,194.0,-270.0,,194.0,
sandro mamukelashvili,rebounds,3.5,False,2026-05-01,,,-125.0,,,-106.0,-125.0,,-106.0,
sandro mamukelashvili,rebounds,3.5,True,2026-05-01,,,-125.0,,,-106.0,-125.0,,-106.0,
sandro mamukelashvili,rebounds,4.5,True,2026-05-01,,,148.0,,,-200.0,148.0,,-200.0,
sandro mamukelashvili,rebounds,5.5,True,2026-05-01,,,240.0,,,-350.0,240.0,,-350.0,
sandro mamukelashvili,rebounds,6.5,True,2026-05-01,,,400.0,,,-670.0,400.0,,-670.0,
sandro mamukelashvili,rebounds,7.5,True,2026-05-01,,,680.0,,,,680.0,,,
sandro mamukelashvili,rebounds,9.5,True,2026-05-01,,,1300.0,,,,1300.0,,,
sandro mamukelashvili,rebounds,11.5,True,2026-05-01,,,2500.0,,,,2500.0,,,
sandro mamukelashvili,threes,0.5,False,2026-05-01,,-203.0,,,153.0,,-203.0,,153.0,
sandro mamukelashvili,threes,0.5,True,2026-05-01,,-212.0,-215.0,,,,-212.0,,,
sandro mamukelashvili,threes,1.5,True,2026-05-01,,191.0,210.0,,,,210.0,,,
sandro mamukelashvili,threes,2.5,True,2026-05-01,,575.0,560.0,,,,575.0,,,
sandro mamukelashvili,threes,3.5,True,2026-05-01,,1460.0,1300.0,,,,1460.0,,,
sandro mamukelashvili,threes,4.5,True,2026-05-01,,2800.0,,,,,2800.0,,,
scottie barnes,assists,3.5,True,2026-05-01,,-4100.0,,,,,-4100.0,,,
scottie barnes,assists,4.5,True,2026-05-01,-1200.0,-1160.0,,,,,-1160.0,,,
scottie barnes,assists,5.5,True,2026-05-01,,-521.0,-530.0,,,360.0,-521.0,,360.0,
scottie barnes,assists,6.5,True,2026-05-01,-275.0,-270.0,-280.0,,,200.0,-270.0,,200.0,
scottie barnes,assists,7.5,False,2026-05-01,-150.0,,-154.0,110.0,,116.0,-150.0,,116.0,
scottie barnes,assists,7.5,True,2026-05-01,,-153.0,-148.0,,,116.0,-148.0,,116.0,
scottie barnes,assists,8.5,False,2026-05-01,,108.0,,,-142.0,,108.0,,-142.0,
scottie barnes,assists,8.5,True,2026-05-01,,111.0,120.0,,,-160.0,120.0,,-160.0,
scottie barnes,assists,9.5,True,2026-05-01,195.0,182.0,180.0,,,-245.0,195.0,,-245.0,
scottie barnes,assists,10.5,True,2026-05-01,,291.0,300.0,,,-450.0,300.0,,-450.0,
scottie barnes,assists,11.5,True,2026-05-01,,482.0,520.0,,,,520.0,,,
scottie barnes,assists,12.5,True,2026-05-01,825.0,790.0,,,,,825.0,,,
scottie barnes,assists,13.5,True,2026-05-01,,1240.0,1400.0,,,,1400.0,,,
scottie barnes,assists,14.5,True,2026-05-01,,1940.0,,,,,1940.0,,,
scottie barnes,assists,15.5,True,2026-05-01,,2700.0,,,,,2700.0,,,
scottie barnes,points,9.5,True,2026-05-01,,-3100.0,-6000.0,,,,-3100.0,,,
scottie barnes,points,11.5,True,2026-05-01,,-1240.0,,,,,-1240.0,,,
scottie barnes,points,12.5,True,2026-05-01,,,-1400.0,,,,-1400.0,,,
scottie barnes,points,13.5,True,2026-05-01,,,-900.0,,,490.0,-900.0,,490.0,
scottie barnes,points,14.5,True,2026-05-01,-700.0,-480.0,-650.0,,,390.0,-480.0,,390.0,
scottie barnes,points,15.5,True,2026-05-01,,,-470.0,,,310.0,-470.0,,310.0,
scottie barnes,points,16.5,True,2026-05-01,,,-340.0,,,235.0,-340.0,,235.0,
scottie barnes,points,17.5,True,2026-05-01,,-229.0,-270.0,,,194.0,-229.0,,194.0,
scottie barnes,points,18.5,True,2026-05-01,,,-210.0,,,154.0,-210.0,,154.0,
scottie barnes,points,19.5,True,2026-05-01,-185.0,-149.0,-160.0,,,120.0,-149.0,,120.0,
scottie barnes,points,20.5,False,2026-05-01,,-120.0,-122.0,,-106.0,-108.0,-120.0,,-106.0,
scottie barnes,points,20.5,True,2026-05-01,,-121.0,-122.0,,,-108.0,-121.0,,-108.0,
scottie barnes,points,21.5,False,2026-05-01,-115.0,,,-115.0,,,-115.0,,-115.0,
scottie barnes,points,21.5,True,2026-05-01,,,104.0,,,-138.0,104.0,,-138.0,
scottie barnes,points,22.5,True,2026-05-01,,,130.0,,,-174.0,130.0,,-174.0,
scottie barnes,points,23.5,True,2026-05-01,,,162.0,,,-220.0,162.0,,-220.0,
scottie barnes,points,24.5,True,2026-05-01,165.0,185.0,198.0,,,-275.0,198.0,,-275.0,
scottie barnes,points,25.5,True,2026-05-01,,,240.0,,,-350.0,240.0,,-350.0,
scottie barnes,points,26.5,True,2026-05-01,,,300.0,,,-450.0,300.0,,-450.0,
scottie barnes,points,27.5,True,2026-05-01,,,370.0,,,-600.0,370.0,,-600.0,
scottie barnes,points,28.5,True,2026-05-01,,,470.0,,,-800.0,470.0,,-800.0,
scottie barnes,points,29.5,True,2026-05-01,450.0,489.0,600.0,,,-1200.0,600.0,,-1200.0,
scottie barnes,points,34.5,True,2026-05-01,,1240.0,1500.0,,,,1500.0,,,
scottie barnes,points,39.5,True,2026-05-01,,2500.0,4000.0,,,,4000.0,,,
scottie barnes,rebounds,3.5,True,2026-05-01,,-1880.0,-3500.0,,,,-1880.0,,,
scottie barnes,rebounds,4.5,True,2026-05-01,-750.0,-710.0,-900.0,,,490.0,-710.0,,490.0,
scottie barnes,rebounds,5.5,True,2026-05-01,,-350.0,-370.0,,,265.0,-350.0,,265.0,
scottie barnes,rebounds,6.5,True,2026-05-01,-190.0,-190.0,-198.0,,,146.0,-190.0,,146.0,
scottie barnes,rebounds,7.5,False,2026-05-01,-105.0,-109.0,-104.0,-125.0,-120.0,-128.0,-104.0,,-120.0,
scottie barnes,rebounds,7.5,True,2026-05-01,,-110.0,-102.0,,,-128.0,-102.0,,-128.0,
scottie barnes,rebounds,8.5,True,2026-05-01,,153.0,162.0,,,-220.0,162.0,,-220.0,
scottie barnes,rebounds,9.5,True,2026-05-01,270.0,251.0,220.0,,,-310.0,270.0,,-310.0,
scottie barnes,rebounds,10.5,True,2026-05-01,,399.0,390.0,,,-650.0,399.0,,-650.0,
scottie barnes,rebounds,11.5,True,2026-05-01,,630.0,680.0,,,,680.0,,,
scottie barnes,rebounds,12.5,True,2026-05-01,,1000.0,,,,,1000.0,,,
scottie barnes,rebounds,13.5,True,2026-05-01,,1540.0,1700.0,,,,1700.0,,,
scottie barnes,rebounds,14.5,True,2026-05-01,,2200.0,,,,,2200.0,,,
scottie barnes,threes,0.5,False,2026-05-01,,-217.0,,,162.0,,-217.0,,162.0,
scottie barnes,threes,0.5,True,2026-05-01,-275.0,-222.0,-250.0,,,182.0,-222.0,,182.0,
scottie barnes,threes,1.5,False,2026-05-01,165.0,,194.0,-220.0,,-270.0,194.0,,-220.0,
scottie barnes,threes,1.5,True,2026-05-01,165.0,199.0,194.0,,,-270.0,199.0,,-270.0,
scottie barnes,threes,2.5,True,2026-05-01,500.0,640.0,630.0,,,-1400.0,640.0,,-1400.0,
scottie barnes,threes,3.5,True,2026-05-01,,1780.0,1700.0,,,,1780.0,,,
stephon castle,assists,3.5,True,2026-05-05,,-2800.0,-3000.0,,,,-2800.0,,,
stephon castle,assists,4.5,True,2026-05-05,-900.0,-880.0,,,,,-880.0,,,
stephon castle,assists,5.5,True,2026-05-05,,-384.0,-340.0,,,,-340.0,,,
stephon castle,assists,6.5,True,2026-05-05,-200.0,-194.0,,,,,-194.0,,,
stephon castle,assists,7.5,False,2026-05-05,-105.0,-108.0,110.0,-125.0,-121.0,-146.0,110.0,,-121.0,
stephon castle,assists,7.5,True,2026-05-05,,-106.0,112.0,,,,112.0,,,
stephon castle,assists,8.5,True,2026-05-05,,166.0,,,,,166.0,,,
stephon castle,assists,9.5,True,2026-05-05,280.0,289.0,290.0,,,,290.0,,,
stephon castle,assists,10.5,True,2026-05-05,,508.0,,,,,508.0,,,
stephon castle,assists,11.5,True,2026-05-05,,860.0,870.0,,,,870.0,,,
stephon castle,assists,12.5,True,2026-05-05,,1440.0,,,,,1440.0,,,
stephon castle,assists,13.5,True,2026-05-05,,2200.0,2200.0,,,,2200.0,,,
stephon castle,points,9.5,True,2026-05-05,-1400.0,-1400.0,-1800.0,,,,-1400.0,,,
stephon castle,points,11.5,True,2026-05-05,,-630.0,,,,,-630.0,,,
stephon castle,points,14.5,True,2026-05-05,-250.0,-250.0,-260.0,,,,-250.0,,,
stephon castle,points,17.5,False,2026-05-05,-110.0,-116.0,-114.0,-120.0,-110.0,-114.0,-110.0,,-110.0,
stephon castle,points,17.5,True,2026-05-05,,-116.0,,,,,-116.0,,,
stephon castle,points,19.5,True,2026-05-05,145.0,140.0,150.0,,,,150.0,,,
stephon castle,points,24.5,True,2026-05-05,450.0,442.0,470.0,,,,470.0,,,
stephon castle,points,29.5,True,2026-05-05,,1260.0,1400.0,,,,1400.0,,,
stephon castle,points,34.5,True,2026-05-05,,2800.0,,,,,2800.0,,,
stephon castle,rebounds,2.5,True,2026-05-05,-1600.0,-1960.0,,,,,-1600.0,,,
stephon castle,rebounds,3.5,True,2026-05-05,,-599.0,-650.0,,,,-599.0,,,
stephon castle,rebounds,4.5,True,2026-05-05,-250.0,-265.0,,,,,-250.0,,,
stephon castle,rebounds,5.5,False,2026-05-05,-125.0,-133.0,-130.0,-105.0,101.0,-102.0,-125.0,,101.0,
stephon castle,rebounds,5.5,True,2026-05-05,,-133.0,-125.0,,,,-125.0,,,
stephon castle,rebounds,6.5,True,2026-05-05,150.0,140.0,,,,,150.0,,,
stephon castle,rebounds,7.5,True,2026-05-05,,249.0,285.0,,,,285.0,,,
stephon castle,rebounds,8.5,True,2026-05-05,,452.0,,,,,452.0,,,
stephon castle,rebounds,9.5,True,2026-05-05,750.0,770.0,680.0,,,,770.0,,,
stephon castle,rebounds,10.5,True,2026-05-05,,1320.0,,,,,1320.0,,,
stephon castle,rebounds,11.5,True,2026-05-05,,2100.0,1700.0,,,,2100.0,,,
stephon castle,threes,0.5,True,2026-05-05,-350.0,-285.0,-390.0,,,,-285.0,,,
stephon castle,threes,1.5,False,2026-05-05,125.0,158.0,126.0,-165.0,-211.0,-168.0,158.0,,-165.0,
stephon castle,threes,1.5,True,2026-05-05,125.0,159.0,128.0,,,,159.0,,,
stephon castle,threes,2.5,True,2026-05-05,380.0,515.0,420.0,,,,515.0,,,
stephon castle,threes,3.5,True,2026-05-05,,1460.0,1200.0,,,,1460.0,,,
tari eason,assists,1.5,False,2026-05-02,-130.0,-130.0,,-105.0,-101.0,,-130.0,,-101.0,
tari eason,assists,1.5,True,2026-05-02,,-130.0,,,,,-130.0,,,
tari eason,assists,2.5,True,2026-05-02,,234.0,,,,,234.0,,,
tari eason,assists,3.5,True,2026-05-02,,620.0,,,,,620.0,,,
tari eason,assists,4.5,True,2026-05-02,,1460.0,,,,,1460.0,,,
tari eason,assists,5.5,True,2026-05-02,,2800.0,,,,,2800.0,,,
tari eason,points,5.5,True,2026-05-02,,-1780.0,,,,,-1780.0,,,
tari eason,points,7.5,True,2026-05-02,,-670.0,-1000.0,,,,-670.0,,,
tari eason,points,8.5,True,2026-05-02,,,-600.0,,,370.0,-600.0,,370.0,
tari eason,points,9.5,True,2026-05-02,-325.0,-325.0,-390.0,,,270.0,-325.0,,270.0,
tari eason,points,10.5,True,2026-05-02,,,-275.0,,,198.0,-275.0,,198.0,
tari eason,points,11.5,True,2026-05-02,,-177.0,-210.0,,,154.0,-177.0,,154.0,
tari eason,points,12.5,False,2026-05-02,-130.0,,,-105.0,,,-130.0,,-105.0,
tari eason,points,12.5,True,2026-05-02,,,-154.0,,,116.0,-154.0,,116.0,
tari eason,points,13.5,False,2026-05-02,,-103.0,-112.0,,-123.0,-118.0,-103.0,,-118.0,
tari eason,points,13.5,True,2026-05-02,,-103.0,-112.0,,,-118.0,-103.0,,-118.0,
tari eason,points,14.5,True,2026-05-02,135.0,127.0,122.0,,,-158.0,135.0,,-158.0,
tari eason,points,15.5,True,2026-05-02,,,154.0,,,-210.0,154.0,,-210.0,
tari eason,points,16.5,True,2026-05-02,,,198.0,,,-275.0,198.0,,-275.0,
tari eason,points,17.5,True,2026-05-02,,268.0,260.0,,,-380.0,268.0,,-380.0,
tari eason,points,18.5,True,2026-05-02,,,320.0,,,-490.0,320.0,,-490.0,
tari eason,points,19.5,True,2026-05-02,450.0,428.0,440.0,,,,450.0,,,
tari eason,points,24.5,True,2026-05-02,,1280.0,1300.0,,,,1300.0,,,
tari eason,points,29.5,True,2026-05-02,,2900.0,,,,,2900.0,,,
tari eason,rebounds,3.5,True,2026-05-02,,-1340.0,-2000.0,,,,-1340.0,,,
tari eason,rebounds,4.5,True,2026-05-02,-625.0,-520.0,-650.0,,,390.0,-520.0,,390.0,
tari eason,rebounds,5.5,True,2026-05-02,,-261.0,-295.0,,,210.0,-261.0,,210.0,
tari eason,rebounds,6.5,False,2026-05-02,,-144.0,-152.0,,109.0,114.0,-144.0,,114.0,
tari eason,rebounds,6.5,True,2026-05-02,-160.0,-147.0,-152.0,,,114.0,-147.0,,114.0,
tari eason,rebounds,7.5,False,2026-05-02,110.0,,,-150.0,,,110.0,,-150.0,
tari eason,rebounds,7.5,True,2026-05-02,,118.0,128.0,,,-166.0,128.0,,-166.0,
tari eason,rebounds,8.5,True,2026-05-02,,198.0,220.0,,,-310.0,220.0,,-310.0,
tari eason,rebounds,9.5,True,2026-05-02,310.0,324.0,310.0,,,-470.0,324.0,,-470.0,
tari eason,rebounds,10.5,True,2026-05-02,,536.0,,,,,536.0,,,
tari eason,rebounds,11.5,True,2026-05-02,,860.0,870.0,,,,870.0,,,
tari eason,rebounds,12.5,True,2026-05-02,,1340.0,,,,,1340.0,,,
tari eason,rebounds,13.5,True,2026-05-02,,2100.0,1800.0,,,,2100.0,,,
tari eason,rebounds,14.5,True,2026-05-02,,2700.0,,,,,2700.0,,,
tari eason,threes,0.5,True,2026-05-02,-550.0,-522.0,-580.0,,,360.0,-522.0,,360.0,
tari eason,threes,1.5,False,2026-05-02,-125.0,-115.0,-114.0,-105.0,-115.0,-114.0,-114.0,,-105.0,
tari eason,threes,1.5,True,2026-05-02,-125.0,-115.0,-114.0,,,-114.0,-114.0,,-114.0,
tari eason,threes,2.5,True,2026-05-02,230.0,260.0,285.0,,,-420.0,285.0,,-420.0,
tari eason,threes,3.5,True,2026-05-02,600.0,700.0,800.0,,,,800.0,,,
tari eason,threes,4.5,True,2026-05-02,,1620.0,2000.0,,,,2000.0,,,
tobias harris,assists,1.5,False,2026-05-01,-165.0,-190.0,-188.0,125.0,143.0,140.0,-165.0,,143.0,
tobias harris,assists,1.5,True,2026-05-01,,-188.0,-184.0,,,,-184.0,,,
tobias harris,assists,2.5,True,2026-05-01,,158.0,,,,,158.0,,,
tobias harris,assists,3.5,True,2026-05-01,,415.0,470.0,,,,470.0,,,
tobias harris,assists,4.5,True,2026-05-01,,1020.0,,,,,1020.0,,,
tobias harris,assists,5.5,True,2026-05-01,,2100.0,,,,,2100.0,,,
tobias harris,points,9.5,True,2026-05-01,-1600.0,-1580.0,-2200.0,,,,-1580.0,,,
tobias harris,points,10.5,True,2026-05-01,,,-1400.0,,,,-1400.0,,,
tobias harris,points,11.5,True,2026-05-01,,-690.0,-800.0,,,450.0,-690.0,,450.0,
tobias harris,points,12.5,True,2026-05-01,,,-550.0,,,350.0,-550.0,,350.0,
tobias harris,points,13.5,True,2026-05-01,,,-390.0,,,265.0,-390.0,,265.0,
tobias harris,points,14.5,True,2026-05-01,-275.0,-269.0,-280.0,,,200.0,-269.0,,200.0,
tobias harris,points,15.5,True,2026-05-01,,,-210.0,,,154.0,-210.0,,154.0,
tobias harris,points,16.5,True,2026-05-01,,,-158.0,,,118.0,-158.0,,118.0,
tobias harris,points,17.5,False,2026-05-01,-120.0,-126.0,-122.0,-110.0,-102.0,-108.0,-120.0,,-102.0,
tobias harris,points,17.5,True,2026-05-01,,-124.0,-122.0,,,-108.0,-122.0,,-108.0,
tobias harris,points,18.5,True,2026-05-01,,,106.0,,,-140.0,106.0,,-140.0,
tobias harris,points,19.5,True,2026-05-01,130.0,131.0,138.0,,,-186.0,138.0,,-186.0,
tobias harris,points,20.5,True,2026-05-01,,,174.0,,,-240.0,174.0,,-240.0,
tobias harris,points,21.5,True,2026-05-01,,,220.0,,,-310.0,220.0,,-310.0,
tobias harris,points,22.5,True,2026-05-01,,,270.0,,,-400.0,270.0,,-400.0,
tobias harris,points,23.5,True,2026-05-01,,,350.0,,,-550.0,350.0,,-550.0,
tobias harris,points,24.5,True,2026-05-01,400.0,403.0,440.0,,,-700.0,440.0,,-700.0,
tobias harris,points,29.5,True,2026-05-01,,1160.0,1200.0,,,,1200.0,,,
tobias harris,points,34.5,True,2026-05-01,,2700.0,3500.0,,,,3500.0,,,
tobias harris,rebounds,3.5,True,2026-05-01,,-1040.0,-1000.0,,,,-1000.0,,,
tobias harris,rebounds,4.5,True,2026-05-01,-350.0,-424.0,-380.0,,,260.0,-350.0,,260.0,
tobias harris,rebounds,5.5,True,2026-05-01,,-206.0,-180.0,,,138.0,-180.0,,138.0,
tobias harris,rebounds,6.5,False,2026-05-01,105.0,-115.0,106.0,-145.0,-114.0,-140.0,106.0,,-114.0,
tobias harris,rebounds,6.5,True,2026-05-01,105.0,-115.0,106.0,,,-140.0,106.0,,-140.0,
tobias harris,rebounds,7.5,True,2026-05-01,,152.0,194.0,,,-270.0,194.0,,-270.0,
tobias harris,rebounds,8.5,True,2026-05-01,,264.0,320.0,,,-500.0,320.0,,-500.0,
tobias harris,rebounds,9.5,True,2026-05-01,550.0,437.0,490.0,,,-900.0,550.0,,-900.0,
tobias harris,rebounds,10.5,True,2026-05-01,,710.0,,,,,710.0,,,
tobias harris,rebounds,11.5,True,2026-05-01,,1160.0,1400.0,,,,1400.0,,,
tobias harris,rebounds,12.5,True,2026-05-01,,1800.0,,,,,1800.0,,,
tobias harris,rebounds,13.5,True,2026-05-01,,2600.0,,,,,2600.0,,,
tobias harris,threes,0.5,True,2026-05-01,-375.0,-336.0,-330.0,,,230.0,-330.0,,230.0,
tobias harris,threes,1.5,False,2026-05-01,130.0,132.0,148.0,-175.0,-175.0,-200.0,148.0,,-175.0,
tobias harris,threes,1.5,True,2026-05-01,115.0,133.0,148.0,,,-200.0,148.0,,-200.0,
tobias harris,threes,2.5,True,2026-05-01,340.0,426.0,500.0,,,-900.0,500.0,,-900.0,
tobias harris,threes,3.5,True,2026-05-01,,1180.0,1400.0,,,,1400.0,,,
tobias harris,threes,4.5,True,2026-05-01,,2600.0,,,,,2600.0,,,
tristan da silva,points,1.5,True,2026-05-01,,,-1100.0,,,,-1100.0,,,
tristan da silva,points,2.5,True,2026-05-01,,,-380.0,,,260.0,-380.0,,260.0,
tristan da silva,points,3.5,True,2026-05-01,,,-250.0,,,182.0,-250.0,,182.0,
tristan da silva,points,4.5,True,2026-05-01,,,-158.0,,,118.0,-158.0,,118.0,
tristan da silva,points,5.5,False,2026-05-01,,-101.0,-106.0,,-126.0,-125.0,-101.0,,-125.0,
tristan da silva,points,5.5,True,2026-05-01,,101.0,-106.0,,,-125.0,101.0,,-125.0,
tristan da silva,points,6.5,True,2026-05-01,,,134.0,,,-180.0,134.0,,-180.0,
tristan da silva,points,7.5,True,2026-05-01,,203.0,188.0,,,-260.0,203.0,,-260.0,
tristan da silva,points,8.5,True,2026-05-01,,,250.0,,,-360.0,250.0,,-360.0,
tristan da silva,points,9.5,True,2026-05-01,,403.0,350.0,,,,403.0,,,
tristan da silva,points,11.5,True,2026-05-01,,750.0,,,,,750.0,,,
tristan da silva,points,14.5,True,2026-05-01,,1740.0,1200.0,,,,1740.0,,,
tristan da silva,points,17.5,True,2026-05-01,,2900.0,,,,,2900.0,,,
tyrese maxey,assists,2.5,True,2026-05-02,,-2500.0,,,,,-2500.0,,,
tyrese maxey,assists,3.5,True,2026-05-02,,-750.0,-1200.0,,,,-750.0,,,
tyrese maxey,assists,4.5,True,2026-05-02,-350.0,-321.0,,,,,-321.0,,,
tyrese maxey,assists,5.5,True,2026-05-02,,-163.0,-200.0,,,,-163.0,,,
tyrese maxey,assists,6.5,False,2026-05-02,110.0,113.0,100.0,-150.0,-149.0,-132.0,113.0,,-132.0,
tyrese maxey,assists,6.5,True,2026-05-02,110.0,112.0,,,,,112.0,,,
tyrese maxey,assists,7.5,True,2026-05-02,,197.0,196.0,,,,197.0,,,
tyrese maxey,assists,8.5,True,2026-05-02,,345.0,,,,,345.0,,,
tyrese maxey,assists,9.5,True,2026-05-02,600.0,595.0,520.0,,,,600.0,,,
tyrese maxey,assists,10.5,True,2026-05-02,,1020.0,,,,,1020.0,,,
tyrese maxey,assists,11.5,True,2026-05-02,,1640.0,1500.0,,,,1640.0,,,
tyrese maxey,assists,12.5,True,2026-05-02,,2500.0,,,,,2500.0,,,
tyrese maxey,points,11.5,True,2026-05-02,,-2900.0,,,,,-2900.0,,,
tyrese maxey,points,14.5,True,2026-05-02,-1200.0,-930.0,-1450.0,,,,-930.0,,,
tyrese maxey,points,17.5,True,2026-05-02,,-422.0,,,,,-422.0,,,
tyrese maxey,points,19.5,True,2026-05-02,-295.0,-270.0,-310.0,,,,-270.0,,,
tyrese maxey,points,23.5,False,2026-05-02,-120.0,,-120.0,-110.0,,-110.0,-120.0,,-110.0,
tyrese maxey,points,24.5,False,2026-05-02,,-103.0,,,-124.0,,-103.0,,-124.0,
tyrese maxey,points,24.5,True,2026-05-02,100.0,-103.0,104.0,,,,104.0,,,
tyrese maxey,points,29.5,True,2026-05-02,260.0,237.0,300.0,,,,300.0,,,
tyrese maxey,points,34.5,True,2026-05-02,675.0,567.0,800.0,,,,800.0,,,
tyrese maxey,points,39.5,True,2026-05-02,,1300.0,1700.0,,,,1700.0,,,
tyrese maxey,points,44.5,True,2026-05-02,,2600.0,,,,,2600.0,,,
tyrese maxey,rebounds,2.5,True,2026-05-02,-325.0,-314.0,,,,,-314.0,,,
tyrese maxey,rebounds,3.5,False,2026-05-02,-135.0,-124.0,-158.0,100.0,-106.0,118.0,-124.0,,118.0,
tyrese maxey,rebounds,3.5,True,2026-05-02,,-127.0,-154.0,,,,-127.0,,,
tyrese maxey,rebounds,4.5,True,2026-05-02,160.0,165.0,,,,,165.0,,,
tyrese maxey,rebounds,5.5,True,2026-05-02,,338.0,320.0,,,,338.0,,,
tyrese maxey,rebounds,6.5,True,2026-05-02,600.0,660.0,,,,,660.0,,,
tyrese maxey,rebounds,7.5,True,2026-05-02,,1220.0,1200.0,,,,1220.0,,,
tyrese maxey,rebounds,8.5,True,2026-05-02,,2100.0,,,,,2100.0,,,
tyrese maxey,threes,0.5,True,2026-05-02,,-3000.0,-4500.0,,,,-3000.0,,,
tyrese maxey,threes,1.5,True,2026-05-02,-400.0,-471.0,-460.0,,,,-400.0,,,
tyrese maxey,threes,2.5,False,2026-05-02,-140.0,-164.0,-148.0,105.0,124.0,112.0,-140.0,,124.0,
tyrese maxey,threes,2.5,True,2026-05-02,-140.0,-163.0,-146.0,,,,-140.0,,,
tyrese maxey,threes,3.5,True,2026-05-02,175.0,143.0,176.0,,,,176.0,,,
tyrese maxey,threes,4.5,True,2026-05-02,390.0,308.0,420.0,,,,420.0,,,
tyrese maxey,threes,5.5,True,2026-05-02,,620.0,900.0,,,,900.0,,,
tyrese maxey,threes,6.5,True,2026-05-02,,1220.0,1700.0,,,,1700.0,,,
tyrese maxey,threes,7.5,True,2026-05-02,,2100.0,3500.0,,,,3500.0,,,
victor wembanyama,assists,1.5,True,2026-05-05,,,-620.0,,,,-620.0,,,
victor wembanyama,assists,2.5,True,2026-05-05,-190.0,-210.0,,,,,-190.0,,,
victor wembanyama,assists,3.5,False,2026-05-05,130.0,122.0,140.0,-175.0,-161.0,-192.0,140.0,,-161.0,
victor wembanyama,assists,3.5,True,2026-05-05,,119.0,142.0,,,,142.0,,,
victor wembanyama,assists,4.5,True,2026-05-05,290.0,263.0,,,,,290.0,,,
victor wembanyama,assists,5.5,True,2026-05-05,,565.0,680.0,,,,680.0,,,
victor wembanyama,assists,6.5,True,2026-05-05,,1180.0,,,,,1180.0,,,
victor wembanyama,assists,7.5,True,2026-05-05,,2200.0,,,,,2200.0,,,
victor wembanyama,points,14.5,True,2026-05-05,,,-5000.0,,,,-5000.0,,,
victor wembanyama,points,17.5,True,2026-05-05,,-1220.0,,,,,-1220.0,,,
victor wembanyama,points,19.5,True,2026-05-05,-900.0,-690.0,-720.0,,,,-690.0,,,
victor wembanyama,points,24.5,True,2026-05-05,-235.0,-207.0,-205.0,,,,-205.0,,,
victor wembanyama,points,27.5,False,2026-05-05,-125.0,-108.0,-108.0,-105.0,-118.0,-122.0,-108.0,,-105.0,
victor wembanyama,points,27.5,True,2026-05-05,,-109.0,,,,,-109.0,,,
victor wembanyama,points,29.5,True,2026-05-05,115.0,136.0,142.0,,,,142.0,,,
victor wembanyama,points,34.5,True,2026-05-05,310.0,347.0,350.0,,,,350.0,,,
victor wembanyama,points,39.5,True,2026-05-05,750.0,870.0,900.0,,,,900.0,,,
victor wembanyama,points,44.5,True,2026-05-05,,2100.0,1700.0,,,,2100.0,,,
victor wembanyama,points,49.5,True,2026-05-05,,,4000.0,,,,4000.0,,,
victor wembanyama,rebounds,6.5,True,2026-05-05,,-2300.0,,,,,-2300.0,,,
victor wembanyama,rebounds,7.5,True,2026-05-05,,-950.0,-1100.0,,,,-950.0,,,
victor wembanyama,rebounds,8.5,True,2026-05-05,,-510.0,,,,,-510.0,,,
victor wembanyama,rebounds,9.5,True,2026-05-05,-375.0,-294.0,-390.0,,,,-294.0,,,
victor wembanyama,rebounds,10.5,True,2026-05-05,,-181.0,,,,,-181.0,,,
victor wembanyama,rebounds,11.5,False,2026-05-05,-135.0,-115.0,-138.0,100.0,-114.0,104.0,-115.0,,104.0,
victor wembanyama,rebounds,11.5,True,2026-05-05,,-115.0,-136.0,,,,-115.0,,,
victor wembanyama,rebounds,12.5,True,2026-05-05,115.0,136.0,,,,,136.0,,,
victor wembanyama,rebounds,13.5,True,2026-05-05,,206.0,186.0,,,,206.0,,,
victor wembanyama,rebounds,14.5,True,2026-05-05,275.0,311.0,,,,,311.0,,,
victor wembanyama,rebounds,15.5,True,2026-05-05,,474.0,420.0,,,,474.0,,,
victor wembanyama,rebounds,16.5,True,2026-05-05,600.0,730.0,,,,,730.0,,,
victor wembanyama,rebounds,17.5,True,2026-05-05,,1060.0,,,,,1060.0,,,
victor wembanyama,rebounds,18.5,True,2026-05-05,,1520.0,,,,,1520.0,,,
victor wembanyama,rebounds,19.5,True,2026-05-05,,2100.0,,,,,2100.0,,,
victor wembanyama,threes,0.5,True,2026-05-05,-1200.0,-1000.0,-2200.0,,,,-1000.0,,,
victor wembanyama,threes,1.5,True,2026-05-05,-235.0,-234.0,-330.0,,,,-234.0,,,
victor wembanyama,threes,2.5,False,2026-05-05,130.0,118.0,-102.0,-175.0,-155.0,-130.0,130.0,,-130.0,
victor wembanyama,threes,2.5,True,2026-05-05,125.0,117.0,-102.0,,,,125.0,,,
victor wembanyama,threes,3.5,True,2026-05-05,320.0,273.0,255.0,,,,320.0,,,
victor wembanyama,threes,4.5,True,2026-05-05,750.0,610.0,600.0,,,,750.0,,,
victor wembanyama,threes,5.5,True,2026-05-05,,1240.0,1200.0,,,,1240.0,,,
victor wembanyama,threes,6.5,True,2026-05-05,,2200.0,2500.0,,,,2500.0,,,
vj edgecombe,assists,1.5,True,2026-05-02,,,-620.0,,,,-620.0,,,
vj edgecombe,assists,2.5,True,2026-05-02,-210.0,-200.0,,,,,-200.0,,,
vj edgecombe,assists,3.5,False,2026-05-02,120.0,122.0,142.0,-160.0,-161.0,-192.0,142.0,,-160.0,
vj edgecombe,assists,3.5,True,2026-05-02,,123.0,142.0,,,,142.0,,,
vj edgecombe,assists,4.5,True,2026-05-02,260.0,267.0,,,,,267.0,,,
vj edgecombe,assists,5.5,True,2026-05-02,,569.0,750.0,,,,750.0,,,
vj edgecombe,assists,6.5,True,2026-05-02,,1140.0,,,,,1140.0,,,
vj edgecombe,assists,7.5,True,2026-05-02,,2000.0,,,,,2000.0,,,
vj edgecombe,points,5.5,True,2026-05-02,,-860.0,,,,,-860.0,,,
vj edgecombe,points,7.5,True,2026-05-02,,-384.0,,,,,-384.0,,,
vj edgecombe,points,9.5,True,2026-05-02,-185.0,-196.0,-178.0,,,,-178.0,,,
vj edgecombe,points,10.5,False,2026-05-02,-135.0,,-132.0,100.0,,100.0,-132.0,,100.0,
vj edgecombe,points,11.5,False,2026-05-02,,-111.0,,,-115.0,,-111.0,,-115.0,
vj edgecombe,points,11.5,True,2026-05-02,,-111.0,,,,,-111.0,,,
vj edgecombe,points,14.5,True,2026-05-02,230.0,198.0,240.0,,,,240.0,,,
vj edgecombe,points,17.5,True,2026-05-02,,410.0,,,,,410.0,,,
vj edgecombe,points,19.5,True,2026-05-02,775.0,650.0,870.0,,,,870.0,,,
vj edgecombe,points,24.5,True,2026-05-02,,1920.0,2500.0,,,,2500.0,,,
vj edgecombe,rebounds,2.5,True,2026-05-02,-1400.0,-1360.0,,,,,-1360.0,,,
vj edgecombe,rebounds,3.5,True,2026-05-02,,-486.0,-530.0,,,,-486.0,,,
vj edgecombe,rebounds,4.5,True,2026-05-02,-225.0,-224.0,,,,,-224.0,,,
vj edgecombe,rebounds,5.5,False,2026-05-02,-115.0,-116.0,-114.0,-115.0,-113.0,-114.0,-114.0,,-113.0,
vj edgecombe,rebounds,5.5,True,2026-05-02,,-116.0,-113.0,,,,-113.0,,,
vj edgecombe,rebounds,6.5,True,2026-05-02,160.0,156.0,,,,,160.0,,,
vj edgecombe,rebounds,7.5,True,2026-05-02,,276.0,320.0,,,,320.0,,,
vj edgecombe,rebounds,8.5,True,2026-05-02,,480.0,,,,,480.0,,,
vj edgecombe,rebounds,9.5,True,2026-05-02,825.0,800.0,900.0,,,,900.0,,,
vj edgecombe,rebounds,10.5,True,2026-05-02,,1320.0,,,,,1320.0,,,
vj edgecombe,rebounds,11.5,True,2026-05-02,,2000.0,2500.0,,,,2500.0,,,
vj edgecombe,rebounds,12.5,True,2026-05-02,,2900.0,,,,,2900.0,,,
vj edgecombe,threes,0.5,True,2026-05-02,-525.0,-720.0,-670.0,,,,-525.0,,,
vj edgecombe,threes,1.5,False,2026-05-02,-120.0,-148.0,-138.0,-111.0,112.0,104.0,-120.0,,112.0,
vj edgecombe,threes,1.5,True,2026-05-02,-120.0,-153.0,-136.0,,,,-120.0,,,
vj edgecombe,threes,2.5,True,2026-05-02,250.0,190.0,235.0,,,,250.0,,,
vj edgecombe,threes,3.5,True,2026-05-02,625.0,492.0,630.0,,,,630.0,,,
vj edgecombe,threes,4.5,True,2026-05-02,,1160.0,1700.0,,,,1700.0,,,
vj edgecombe,threes,5.5,True,2026-05-02,,2300.0,,,,,2300.0,,,
wendell carter jr,assists,1.5,False,2026-05-01,-200.0,-195.0,-200.0,145.0,147.0,148.0,-195.0,,148.0,
wendell carter jr,assists,1.5,True,2026-05-01,,-194.0,-194.0,,,,-194.0,,,
wendell carter jr,assists,2.5,True,2026-05-01,,155.0,,,,,155.0,,,
wendell carter jr,assists,3.5,True,2026-05-01,,395.0,430.0,,,,430.0,,,
wendell carter jr,assists,4.5,True,2026-05-01,825.0,950.0,,,,,950.0,,,
wendell carter jr,assists,5.5,True,2026-05-01,,1960.0,,,,,1960.0,,,
wendell carter jr,points,5.5,True,2026-05-01,,-1020.0,,,,,-1020.0,,,
wendell carter jr,points,6.5,True,2026-05-01,,,-670.0,,,400.0,-670.0,,400.0,
wendell carter jr,points,7.5,True,2026-05-01,,-389.0,-440.0,,,290.0,-389.0,,290.0,
wendell carter jr,points,8.5,True,2026-05-01,,,-300.0,,,210.0,-300.0,,210.0,
wendell carter jr,points,9.5,True,2026-05-01,-185.0,-187.0,-205.0,,,152.0,-185.0,,152.0,
wendell carter jr,points,10.5,False,2026-05-01,-130.0,,,-105.0,,,-130.0,,-105.0,
wendell carter jr,points,10.5,True,2026-05-01,,,-144.0,,,108.0,-144.0,,108.0,
wendell carter jr,points,11.5,False,2026-05-01,,-101.0,-104.0,,-126.0,-128.0,-101.0,,-126.0,
wendell carter jr,points,11.5,True,2026-05-01,,-101.0,-104.0,,,-128.0,-101.0,,-128.0,
wendell carter jr,points,12.5,True,2026-05-01,,,130.0,,,-174.0,130.0,,-174.0,
wendell carter jr,points,13.5,True,2026-05-01,,,174.0,,,-240.0,174.0,,-240.0,
wendell carter jr,points,14.5,True,2026-05-01,240.0,234.0,235.0,,,-320.0,240.0,,-320.0,
wendell carter jr,points,15.5,True,2026-05-01,,,290.0,,,-440.0,290.0,,-440.0,
wendell carter jr,points,17.5,True,2026-05-01,,535.0,,,,,535.0,,,
wendell carter jr,points,19.5,True,2026-05-01,850.0,910.0,870.0,,,,910.0,,,
wendell carter jr,points,24.5,True,2026-05-01,,2600.0,2500.0,,,,2600.0,,,
wendell carter jr,rebounds,3.5,True,2026-05-01,,-3800.0,,,,,-3800.0,,,
wendell carter jr,rebounds,4.5,True,2026-05-01,-1100.0,-1080.0,-1450.0,,,,-1080.0,,,
wendell carter jr,rebounds,5.5,True,2026-05-01,,-466.0,-530.0,,,360.0,-466.0,,360.0,
wendell carter jr,rebounds,6.5,True,2026-05-01,-250.0,-250.0,-270.0,,,194.0,-250.0,,194.0,
wendell carter jr,rebounds,7.5,False,2026-05-01,-140.0,-145.0,,105.0,110.0,,-140.0,,110.0,
wendell carter jr,rebounds,7.5,True,2026-05-01,,-143.0,-148.0,,,112.0,-143.0,,112.0,
wendell carter jr,rebounds,8.5,False,2026-05-01,,,118.0,,,-158.0,118.0,,-158.0,
wendell carter jr,rebounds,8.5,True,2026-05-01,,117.0,118.0,,,-158.0,118.0,,-158.0,
wendell carter jr,rebounds,9.5,True,2026-05-01,200.0,190.0,168.0,,,-230.0,200.0,,-230.0,
wendell carter jr,rebounds,10.5,True,2026-05-01,,309.0,270.0,,,-400.0,309.0,,-400.0,
wendell carter jr,rebounds,11.5,True,2026-05-01,,483.0,460.0,,,-750.0,483.0,,-750.0,
wendell carter jr,rebounds,12.5,True,2026-05-01,775.0,760.0,,,,,775.0,,,
wendell carter jr,rebounds,13.5,True,2026-05-01,,1160.0,1100.0,,,,1160.0,,,
wendell carter jr,rebounds,14.5,True,2026-05-01,,1780.0,,,,,1780.0,,,
wendell carter jr,rebounds,15.5,True,2026-05-01,,2500.0,3500.0,,,,3500.0,,,
wendell carter jr,threes,0.5,False,2026-05-01,,-139.0,,,106.0,,-139.0,,106.0,
wendell carter jr,threes,0.5,True,2026-05-01,,-140.0,,,,,-140.0,,,
wendell carter jr,threes,1.5,True,2026-05-01,,354.0,,,,,354.0,,,
wendell carter jr,threes,2.5,True,2026-05-01,,1240.0,,,,,1240.0,,,
