player_normalized,prop_type,line,is_alt_line,game_date,betmgm_over_odds,draftkings_over_odds,fanduel_over_odds,betmgm_under_odds,draftkings_under_odds,fanduel_under_odds,best_over,best_over_book,best_under,best_under_book
adem bona,points,3.5,False,2026-05-06,,-133.0,-130.0,,104.0,102.0,-130.0,,104.0,
adem bona,points,3.5,True,2026-05-06,,-131.0,,,,,-131.0,,,
adem bona,points,4.5,False,2026-05-06,130.0,,,-175.0,,,130.0,,-175.0,
adem bona,points,5.5,True,2026-05-06,,219.0,,,,,219.0,,,
adem bona,points,7.5,True,2026-05-06,,536.0,,,,,536.0,,,
adem bona,points,9.5,True,2026-05-06,,1180.0,870.0,,,,1180.0,,,
adem bona,points,11.5,True,2026-05-06,,2100.0,,,,,2100.0,,,
adem bona,rebounds,1.5,True,2026-05-06,,,-1100.0,,,,-1100.0,,,
adem bona,rebounds,2.5,True,2026-05-06,-325.0,-364.0,-340.0,,,235.0,-325.0,,235.0,
adem bona,rebounds,3.5,False,2026-05-06,-140.0,-161.0,-154.0,105.0,122.0,120.0,-140.0,,122.0,
adem bona,rebounds,3.5,True,2026-05-06,,-161.0,-154.0,,,118.0,-154.0,,118.0,
adem bona,rebounds,4.5,True,2026-05-06,150.0,123.0,128.0,,,-172.0,150.0,,-172.0,
adem bona,rebounds,5.5,True,2026-05-06,,228.0,225.0,,,-320.0,228.0,,-320.0,
adem bona,rebounds,6.5,True,2026-05-06,550.0,411.0,390.0,,,-650.0,550.0,,-650.0,
adem bona,rebounds,7.5,True,2026-05-06,,700.0,680.0,,,,700.0,,,
adem bona,rebounds,8.5,True,2026-05-06,,1140.0,,,,,1140.0,,,
adem bona,rebounds,9.5,True,2026-05-06,,1800.0,1300.0,,,,1800.0,,,
adem bona,rebounds,10.5,True,2026-05-06,,2500.0,,,,,2500.0,,,
ajay mitchell,assists,1.5,True,2026-05-08,,,-1450.0,,,,-1450.0,,,
ajay mitchell,assists,2.5,True,2026-05-08,-325.0,-327.0,-350.0,,,240.0,-325.0,,240.0,
ajay mitchell,assists,3.5,False,2026-05-08,-135.0,-139.0,-136.0,100.0,106.0,102.0,-135.0,,106.0,
ajay mitchell,assists,3.5,True,2026-05-08,,-142.0,-136.0,,,102.0,-136.0,,102.0,
ajay mitchell,assists,4.5,True,2026-05-08,165.0,143.0,172.0,,,-235.0,172.0,,-235.0,
ajay mitchell,assists,5.5,True,2026-05-08,,275.0,360.0,,,-580.0,360.0,,-580.0,
ajay mitchell,assists,6.5,True,2026-05-08,650.0,516.0,,,,,650.0,,,
ajay mitchell,assists,7.5,True,2026-05-08,,950.0,1400.0,,,,1400.0,,,
ajay mitchell,assists,8.5,True,2026-05-08,,1620.0,,,,,1620.0,,,
ajay mitchell,assists,9.5,True,2026-05-08,,2600.0,,,,,2600.0,,,
ajay mitchell,points,7.5,True,2026-05-08,,-1960.0,,,,,-1960.0,,,
ajay mitchell,points,9.5,True,2026-05-08,-1100.0,-800.0,-1100.0,,,,-800.0,,,
ajay mitchell,points,10.5,True,2026-05-08,,,-670.0,,,400.0,-670.0,,400.0,
ajay mitchell,points,11.5,True,2026-05-08,,-403.0,-440.0,,,290.0,-403.0,,290.0,
ajay mitchell,points,12.5,True,2026-05-08,,,-320.0,,,225.0,-320.0,,225.0,
ajay mitchell,points,13.5,True,2026-05-08,,,-240.0,,,174.0,-240.0,,174.0,
ajay mitchell,points,14.5,True,2026-05-08,-200.0,-175.0,-178.0,,,132.0,-175.0,,132.0,
ajay mitchell,points,15.5,True,2026-05-08,,,-132.0,,,100.0,-132.0,,100.0,
ajay mitchell,points,16.5,False,2026-05-08,-115.0,-107.0,100.0,-115.0,-119.0,-132.0,100.0,,-115.0,
ajay mitchell,points,16.5,True,2026-05-08,,-109.0,100.0,,,-132.0,100.0,,-132.0,
ajay mitchell,points,17.5,True,2026-05-08,,114.0,126.0,,,-168.0,126.0,,-168.0,
ajay mitchell,points,18.5,True,2026-05-08,,,162.0,,,-220.0,162.0,,-220.0,
ajay mitchell,points,19.5,True,2026-05-08,180.0,179.0,200.0,,,-280.0,200.0,,-280.0,
ajay mitchell,points,20.5,True,2026-05-08,,,260.0,,,-360.0,260.0,,-360.0,
ajay mitchell,points,21.5,True,2026-05-08,,,310.0,,,-470.0,310.0,,-470.0,
ajay mitchell,points,22.5,True,2026-05-08,,,400.0,,,-670.0,400.0,,-670.0,
ajay mitchell,points,23.5,True,2026-05-08,,,490.0,,,-900.0,490.0,,-900.0,
ajay mitchell,points,24.5,True,2026-05-08,550.0,524.0,630.0,,,,630.0,,,
ajay mitchell,points,29.5,True,2026-05-08,,1460.0,1700.0,,,,1700.0,,,
ajay mitchell,points,34.5,True,2026-05-08,,3000.0,,,,,3000.0,,,
ajay mitchell,rebounds,1.5,True,2026-05-08,,,-1200.0,,,,-1200.0,,,
ajay mitchell,rebounds,2.5,True,2026-05-08,-250.0,-271.0,-300.0,,,210.0,-250.0,,210.0,
ajay mitchell,rebounds,3.5,False,2026-05-08,-105.0,-112.0,-114.0,-125.0,-118.0,-114.0,-105.0,,-114.0,
ajay mitchell,rebounds,3.5,True,2026-05-08,,-114.0,-114.0,,,-114.0,-114.0,,-114.0,
ajay mitchell,rebounds,4.5,True,2026-05-08,200.0,190.0,194.0,,,-270.0,200.0,,-270.0,
ajay mitchell,rebounds,5.5,True,2026-05-08,,380.0,420.0,,,-670.0,420.0,,-670.0,
ajay mitchell,rebounds,6.5,True,2026-05-08,750.0,730.0,,,,,750.0,,,
ajay mitchell,rebounds,7.5,True,2026-05-08,,1320.0,1400.0,,,,1400.0,,,
ajay mitchell,rebounds,8.5,True,2026-05-08,,2200.0,,,,,2200.0,,,
ajay mitchell,threes,0.5,True,2026-05-08,-500.0,-471.0,-420.0,,,280.0,-420.0,,280.0,
ajay mitchell,threes,1.5,False,2026-05-08,-105.0,-104.0,118.0,-125.0,-127.0,-158.0,118.0,,-125.0,
ajay mitchell,threes,1.5,True,2026-05-08,-105.0,-106.0,118.0,,,-158.0,118.0,,-158.0,
ajay mitchell,threes,2.5,True,2026-05-08,280.0,295.0,390.0,,,-650.0,390.0,,-650.0,
ajay mitchell,threes,3.5,True,2026-05-08,750.0,780.0,1100.0,,,,1100.0,,,
ajay mitchell,threes,4.5,True,2026-05-08,,1760.0,,,,,1760.0,,,
alex caruso,assists,0.5,True,2026-05-08,,,-600.0,,,370.0,-600.0,,370.0,
alex caruso,assists,1.5,False,2026-05-08,-140.0,,,105.0,,,-140.0,,105.0,
alex caruso,assists,1.5,True,2026-05-08,,-119.0,-122.0,,,-108.0,-119.0,,-108.0,
alex caruso,assists,2.5,True,2026-05-08,,246.0,240.0,,,-350.0,246.0,,-350.0,
alex caruso,assists,3.5,True,2026-05-08,,630.0,630.0,,,-1400.0,630.0,,-1400.0,
alex caruso,assists,4.5,True,2026-05-08,,1480.0,,,,,1480.0,,,
alex caruso,assists,5.5,True,2026-05-08,,2700.0,,,,,2700.0,,,
alex caruso,points,2.5,True,2026-05-08,,,-600.0,,,370.0,-600.0,,370.0,
alex caruso,points,3.5,True,2026-05-08,,,-320.0,,,225.0,-320.0,,225.0,
alex caruso,points,4.5,True,2026-05-08,,,-245.0,,,178.0,-245.0,,178.0,
alex caruso,points,5.5,True,2026-05-08,,-167.0,-154.0,,,116.0,-154.0,,116.0,
alex caruso,points,6.5,False,2026-05-08,-120.0,-114.0,-104.0,-111.0,-112.0,-128.0,-104.0,,-111.0,
alex caruso,points,6.5,True,2026-05-08,,-114.0,-104.0,,,-128.0,-104.0,,-128.0,
alex caruso,points,7.5,True,2026-05-08,,118.0,130.0,,,-174.0,130.0,,-174.0,
alex caruso,points,8.5,True,2026-05-08,,,188.0,,,-250.0,188.0,,-250.0,
alex caruso,points,9.5,True,2026-05-08,220.0,229.0,240.0,,,-350.0,240.0,,-350.0,
alex caruso,points,11.5,True,2026-05-08,,406.0,,,,,406.0,,,
alex caruso,points,14.5,True,2026-05-08,850.0,940.0,1000.0,,,,1000.0,,,
alex caruso,points,17.5,True,2026-05-08,,1960.0,,,,,1960.0,,,
alex caruso,points,19.5,True,2026-05-08,,2800.0,,,,,2800.0,,,
alex caruso,rebounds,2.5,False,2026-05-08,-165.0,-130.0,-128.0,125.0,-102.0,-104.0,-128.0,,125.0,
alex caruso,rebounds,2.5,True,2026-05-08,-175.0,-129.0,,,,,-129.0,,,
alex caruso,rebounds,3.5,True,2026-05-08,,184.0,200.0,,,,200.0,,,
alex caruso,rebounds,4.5,True,2026-05-08,290.0,405.0,,,,,405.0,,,
alex caruso,rebounds,5.5,True,2026-05-08,,830.0,870.0,,,,870.0,,,
alex caruso,rebounds,6.5,True,2026-05-08,,1580.0,,,,,1580.0,,,
alex caruso,rebounds,7.5,True,2026-05-08,,2600.0,,,,,2600.0,,,
alex caruso,threes,0.5,True,2026-05-08,-350.0,-292.0,-280.0,,,,-280.0,,,
alex caruso,threes,1.5,False,2026-05-08,120.0,,158.0,-160.0,,-215.0,158.0,,-160.0,
alex caruso,threes,1.5,True,2026-05-08,120.0,145.0,158.0,,,,158.0,,,
alex caruso,threes,2.5,True,2026-05-08,360.0,463.0,500.0,,,,500.0,,,
alex caruso,threes,3.5,True,2026-05-08,,1260.0,1200.0,,,,1260.0,,,
alex caruso,threes,4.5,True,2026-05-08,,2600.0,,,,,2600.0,,,
andre drummond,assists,1.5,True,2026-05-06,,155.0,,,,,155.0,,,
andre drummond,assists,2.5,True,2026-05-06,,474.0,,,,,474.0,,,
andre drummond,assists,3.5,True,2026-05-06,,1280.0,,,,,1280.0,,,
andre drummond,assists,4.5,True,2026-05-06,,2800.0,,,,,2800.0,,,
andre drummond,points,2.5,True,2026-05-06,,,-670.0,,,400.0,-670.0,,400.0,
andre drummond,points,3.5,True,2026-05-06,,,-470.0,,,310.0,-470.0,,310.0,
andre drummond,points,4.5,True,2026-05-06,,,-260.0,,,188.0,-260.0,,188.0,
andre drummond,points,5.5,True,2026-05-06,,-171.0,,,,,-171.0,,,
andre drummond,points,6.5,False,2026-05-06,-120.0,-115.0,-120.0,-110.0,-110.0,-108.0,-115.0,,-108.0,
andre drummond,points,6.5,True,2026-05-06,,-113.0,,,,,-113.0,,,
andre drummond,points,7.5,True,2026-05-06,,125.0,,,,,125.0,,,
andre drummond,points,9.5,True,2026-05-06,240.0,238.0,220.0,,,,240.0,,,
andre drummond,points,11.5,True,2026-05-06,,442.0,,,,,442.0,,,
andre drummond,points,14.5,True,2026-05-06,,1040.0,830.0,,,,1040.0,,,
andre drummond,points,17.5,True,2026-05-06,,2000.0,,,,,2000.0,,,
andre drummond,points,19.5,True,2026-05-06,,2900.0,2000.0,,,,2900.0,,,
andre drummond,rebounds,3.5,True,2026-05-06,,-2600.0,-2200.0,,,,-2200.0,,,
andre drummond,rebounds,4.5,True,2026-05-06,-2000.0,-930.0,,,,,-930.0,,,
andre drummond,rebounds,5.5,True,2026-05-06,,-453.0,-430.0,,,,-430.0,,,
andre drummond,rebounds,6.5,True,2026-05-06,-400.0,-264.0,,,,,-264.0,,,
andre drummond,rebounds,7.5,True,2026-05-06,,-165.0,-158.0,,,,-158.0,,,
andre drummond,rebounds,8.5,False,2026-05-06,-120.0,-105.0,,-110.0,-125.0,,-105.0,,-110.0,
andre drummond,rebounds,8.5,True,2026-05-06,,-106.0,,,,,-106.0,,,
andre drummond,rebounds,9.5,True,2026-05-06,115.0,142.0,130.0,,,,142.0,,,
andre drummond,rebounds,10.5,True,2026-05-06,,213.0,,,,,213.0,,,
andre drummond,rebounds,11.5,True,2026-05-06,,312.0,280.0,,,,312.0,,,
andre drummond,rebounds,12.5,True,2026-05-06,400.0,451.0,,,,,451.0,,,
andre drummond,rebounds,13.5,True,2026-05-06,,650.0,540.0,,,,650.0,,,
andre drummond,rebounds,14.5,True,2026-05-06,,900.0,,,,,900.0,,,
andre drummond,rebounds,15.5,True,2026-05-06,,1200.0,1060.0,,,,1200.0,,,
andre drummond,rebounds,16.5,True,2026-05-06,,1620.0,,,,,1620.0,,,
andre drummond,rebounds,17.5,True,2026-05-06,,2100.0,,,,,2100.0,,,
andre drummond,rebounds,18.5,True,2026-05-06,,2700.0,,,,,2700.0,,,
andre drummond,threes,0.5,False,2026-05-06,,110.0,,,-145.0,,110.0,,-145.0,
andre drummond,threes,0.5,True,2026-05-06,,109.0,120.0,,,,120.0,,,
andre drummond,threes,1.5,True,2026-05-06,,541.0,560.0,,,,560.0,,,
andre drummond,threes,2.5,True,2026-05-06,,1760.0,1500.0,,,,1760.0,,,
anthony edwards,assists,1.5,True,2026-05-07,,,-580.0,,,360.0,-580.0,,360.0,
anthony edwards,assists,2.5,False,2026-05-07,,-174.0,,,131.0,,-174.0,,131.0,
anthony edwards,assists,2.5,True,2026-05-07,-190.0,-173.0,-186.0,,,138.0,-173.0,,138.0,
anthony edwards,assists,3.5,False,2026-05-07,130.0,,144.0,-175.0,,-186.0,144.0,,-175.0,
anthony edwards,assists,3.5,True,2026-05-07,,136.0,142.0,,,-192.0,142.0,,-192.0,
anthony edwards,assists,4.5,True,2026-05-07,275.0,285.0,300.0,,,-450.0,300.0,,-450.0,
anthony edwards,assists,5.5,True,2026-05-07,,564.0,630.0,,,-1400.0,630.0,,-1400.0,
anthony edwards,assists,6.5,True,2026-05-07,,1080.0,,,,,1080.0,,,
anthony edwards,assists,7.5,True,2026-05-07,,1860.0,2000.0,,,,2000.0,,,
anthony edwards,assists,8.5,True,2026-05-07,,2900.0,,,,,2900.0,,,
anthony edwards,points,9.5,True,2026-05-07,,-2400.0,-3500.0,,,,-2400.0,,,
anthony edwards,points,11.5,True,2026-05-07,,-1060.0,,,,,-1060.0,,,
anthony edwards,points,12.5,True,2026-05-07,,,-1000.0,,,,-1000.0,,,
anthony edwards,points,13.5,True,2026-05-07,,,-670.0,,,400.0,-670.0,,400.0,
anthony edwards,points,14.5,True,2026-05-07,-700.0,-437.0,-490.0,,,320.0,-437.0,,320.0,
anthony edwards,points,15.5,True,2026-05-07,,,-390.0,,,265.0,-390.0,,265.0,
anthony edwards,points,16.5,True,2026-05-07,,,-310.0,,,220.0,-310.0,,220.0,
anthony edwards,points,17.5,True,2026-05-07,,-215.0,-245.0,,,178.0,-215.0,,178.0,
anthony edwards,points,18.5,True,2026-05-07,,,-194.0,,,144.0,-194.0,,144.0,
anthony edwards,points,19.5,True,2026-05-07,-190.0,-144.0,-158.0,,,118.0,-144.0,,118.0,
anthony edwards,points,20.5,False,2026-05-07,,-119.0,-125.0,,-107.0,-102.0,-119.0,,-102.0,
anthony edwards,points,20.5,True,2026-05-07,,-118.0,-130.0,,,-102.0,-118.0,,-102.0,
anthony edwards,points,21.5,False,2026-05-07,-111.0,,,-118.0,,,-111.0,,-118.0,
anthony edwards,points,21.5,True,2026-05-07,,,-102.0,,,-130.0,-102.0,,-130.0,
anthony edwards,points,22.5,True,2026-05-07,,,118.0,,,-158.0,118.0,,-158.0,
anthony edwards,points,23.5,True,2026-05-07,,,142.0,,,-192.0,142.0,,-192.0,
anthony edwards,points,24.5,True,2026-05-07,150.0,176.0,172.0,,,-235.0,176.0,,-235.0,
anthony edwards,points,25.5,True,2026-05-07,,,198.0,,,-275.0,198.0,,-275.0,
anthony edwards,points,26.5,True,2026-05-07,,,230.0,,,-330.0,230.0,,-330.0,
anthony edwards,points,27.5,True,2026-05-07,,,280.0,,,-420.0,280.0,,-420.0,
anthony edwards,points,28.5,True,2026-05-07,,,320.0,,,-490.0,320.0,,-490.0,
anthony edwards,points,29.5,True,2026-05-07,390.0,410.0,390.0,,,-600.0,410.0,,-600.0,
anthony edwards,points,34.5,True,2026-05-07,,920.0,870.0,,,,920.0,,,
anthony edwards,points,39.5,True,2026-05-07,,1860.0,1700.0,,,,1860.0,,,
anthony edwards,points,44.5,True,2026-05-07,,,4000.0,,,,4000.0,,,
anthony edwards,rebounds,1.5,True,2026-05-07,,,-1200.0,,,,-1200.0,,,
anthony edwards,rebounds,2.5,True,2026-05-07,-525.0,-399.0,-360.0,,,255.0,-360.0,,255.0,
anthony edwards,rebounds,3.5,False,2026-05-07,,-163.0,-160.0,,124.0,124.0,-160.0,,124.0,
anthony edwards,rebounds,3.5,True,2026-05-07,,-163.0,-162.0,,,122.0,-162.0,,122.0,
anthony edwards,rebounds,4.5,False,2026-05-07,105.0,,,-140.0,,,105.0,,-140.0,
anthony edwards,rebounds,4.5,True,2026-05-07,100.0,126.0,122.0,,,-162.0,126.0,,-162.0,
anthony edwards,rebounds,5.5,True,2026-05-07,,246.0,220.0,,,-310.0,246.0,,-310.0,
anthony edwards,rebounds,6.5,True,2026-05-07,375.0,458.0,370.0,,,-600.0,458.0,,-600.0,
anthony edwards,rebounds,7.5,True,2026-05-07,,840.0,630.0,,,,840.0,,,
anthony edwards,rebounds,8.5,True,2026-05-07,,1400.0,,,,,1400.0,,,
anthony edwards,rebounds,9.5,True,2026-05-07,,2300.0,1300.0,,,,2300.0,,,
anthony edwards,threes,0.5,True,2026-05-07,-2000.0,-1320.0,-1400.0,,,,-1320.0,,,
anthony edwards,threes,1.5,True,2026-05-07,-325.0,-284.0,-260.0,,,188.0,-260.0,,188.0,
anthony edwards,threes,2.5,False,2026-05-07,-115.0,-107.0,108.0,-115.0,-123.0,-138.0,108.0,,-115.0,
anthony edwards,threes,2.5,True,2026-05-07,-115.0,-107.0,106.0,,,-140.0,106.0,,-140.0,
anthony edwards,threes,3.5,True,2026-05-07,210.0,213.0,255.0,,,-360.0,255.0,,-360.0,
anthony edwards,threes,4.5,True,2026-05-07,475.0,447.0,600.0,,,-1100.0,600.0,,-1100.0,
anthony edwards,threes,5.5,True,2026-05-07,,900.0,1060.0,,,,1060.0,,,
anthony edwards,threes,6.5,True,2026-05-07,,1680.0,1700.0,,,,1700.0,,,
anthony edwards,threes,7.5,True,2026-05-07,,2700.0,3500.0,,,,3500.0,,,
ausar thompson,assists,1.5,True,2026-05-07,,,-1200.0,,,,-1200.0,,,
ausar thompson,assists,2.5,True,2026-05-07,-295.0,-248.0,-310.0,,,220.0,-248.0,,220.0,
ausar thompson,assists,3.5,False,2026-05-07,-115.0,-106.0,-114.0,-115.0,-124.0,-114.0,-106.0,,-114.0,
ausar thompson,assists,3.5,True,2026-05-07,,-106.0,-114.0,,,-114.0,-106.0,,-114.0,
ausar thompson,assists,4.5,True,2026-05-07,180.0,192.0,194.0,,,-270.0,194.0,,-270.0,
ausar thompson,assists,5.5,True,2026-05-07,,373.0,400.0,,,-650.0,400.0,,-650.0,
ausar thompson,assists,6.5,True,2026-05-07,750.0,690.0,,,,,750.0,,,
ausar thompson,assists,7.5,True,2026-05-07,,1240.0,1500.0,,,,1500.0,,,
ausar thompson,assists,8.5,True,2026-05-07,,2100.0,,,,,2100.0,,,
ausar thompson,points,4.5,True,2026-05-07,,,-1400.0,,,,-1400.0,,,
ausar thompson,points,5.5,True,2026-05-07,,-780.0,-700.0,,,410.0,-700.0,,410.0,
ausar thompson,points,6.5,True,2026-05-07,,,-420.0,,,280.0,-420.0,,280.0,
ausar thompson,points,7.5,True,2026-05-07,,-299.0,-275.0,,,198.0,-275.0,,198.0,
ausar thompson,points,8.5,True,2026-05-07,,,-192.0,,,142.0,-192.0,,142.0,
ausar thompson,points,9.5,False,2026-05-07,-120.0,-136.0,-132.0,-110.0,107.0,100.0,-120.0,,107.0,
ausar thompson,points,9.5,True,2026-05-07,-125.0,-137.0,-132.0,,,100.0,-125.0,,100.0,
ausar thompson,points,10.5,True,2026-05-07,,,106.0,,,-140.0,106.0,,-140.0,
ausar thompson,points,11.5,True,2026-05-07,,145.0,148.0,,,-200.0,148.0,,-200.0,
ausar thompson,points,12.5,True,2026-05-07,,,194.0,,,-270.0,194.0,,-270.0,
ausar thompson,points,13.5,True,2026-05-07,,,265.0,,,-390.0,265.0,,-390.0,
ausar thompson,points,14.5,True,2026-05-07,425.0,384.0,360.0,,,,425.0,,,
ausar thompson,points,17.5,True,2026-05-07,,910.0,,,,,910.0,,,
ausar thompson,points,19.5,True,2026-05-07,,1540.0,1300.0,,,,1540.0,,,
ausar thompson,rebounds,3.5,True,2026-05-07,,-1620.0,-2000.0,,,,-1620.0,,,
ausar thompson,rebounds,4.5,True,2026-05-07,-750.0,-610.0,-670.0,,,400.0,-610.0,,400.0,
ausar thompson,rebounds,5.5,True,2026-05-07,,-286.0,-295.0,,,210.0,-286.0,,210.0,
ausar thompson,rebounds,6.5,False,2026-05-07,,-152.0,-154.0,,115.0,116.0,-152.0,,116.0,
ausar thompson,rebounds,6.5,True,2026-05-07,-200.0,-153.0,-154.0,,,116.0,-153.0,,116.0,
ausar thompson,rebounds,7.5,False,2026-05-07,-110.0,,,-120.0,,,-110.0,,-120.0,
ausar thompson,rebounds,7.5,True,2026-05-07,,117.0,124.0,,,-160.0,124.0,,-160.0,
ausar thompson,rebounds,8.5,True,2026-05-07,,197.0,205.0,,,-290.0,205.0,,-290.0,
ausar thompson,rebounds,9.5,True,2026-05-07,250.0,336.0,300.0,,,-440.0,336.0,,-440.0,
ausar thompson,rebounds,10.5,True,2026-05-07,,566.0,,,,,566.0,,,
ausar thompson,rebounds,11.5,True,2026-05-07,,920.0,870.0,,,,920.0,,,
ausar thompson,rebounds,12.5,True,2026-05-07,,1480.0,,,,,1480.0,,,
ausar thompson,rebounds,13.5,True,2026-05-07,,2200.0,1800.0,,,,2200.0,,,
austin reaves,assists,2.5,True,2026-05-08,-1100.0,-1060.0,-1450.0,,,,-1060.0,,,
austin reaves,assists,3.5,True,2026-05-08,,-378.0,-420.0,,,280.0,-378.0,,280.0,
austin reaves,assists,4.5,True,2026-05-08,-175.0,-172.0,-186.0,,,140.0,-172.0,,140.0,
austin reaves,assists,5.5,False,2026-05-08,115.0,114.0,114.0,-155.0,-151.0,-152.0,115.0,,-151.0,
austin reaves,assists,5.5,True,2026-05-08,,117.0,114.0,,,-152.0,117.0,,-152.0,
austin reaves,assists,6.5,True,2026-05-08,210.0,222.0,220.0,,,-310.0,222.0,,-310.0,
austin reaves,assists,7.5,True,2026-05-08,,398.0,390.0,,,-650.0,398.0,,-650.0,
austin reaves,assists,8.5,True,2026-05-08,,710.0,,,,,710.0,,,
austin reaves,assists,9.5,True,2026-05-08,,1260.0,1060.0,,,,1260.0,,,
austin reaves,assists,10.5,True,2026-05-08,,2000.0,,,,,2000.0,,,
austin reaves,assists,11.5,True,2026-05-08,,2800.0,3000.0,,,,3000.0,,,
austin reaves,points,9.5,True,2026-05-08,-2000.0,-1880.0,-1800.0,,,,-1800.0,,,
austin reaves,points,11.5,True,2026-05-08,,-800.0,-750.0,,,430.0,-750.0,,430.0,
austin reaves,points,12.5,True,2026-05-08,,,-550.0,,,350.0,-550.0,,350.0,
austin reaves,points,13.5,True,2026-05-08,,,-420.0,,,280.0,-420.0,,280.0,
austin reaves,points,14.5,True,2026-05-08,-325.0,-312.0,-310.0,,,220.0,-310.0,,220.0,
austin reaves,points,15.5,True,2026-05-08,,,-235.0,,,172.0,-235.0,,172.0,
austin reaves,points,16.5,True,2026-05-08,,,-180.0,,,134.0,-180.0,,134.0,
austin reaves,points,17.5,True,2026-05-08,,-148.0,-140.0,,,106.0,-140.0,,106.0,
austin reaves,points,18.5,False,2026-05-08,-120.0,-117.0,-112.0,-111.0,-109.0,-118.0,-112.0,,-109.0,
austin reaves,points,18.5,True,2026-05-08,,-117.0,-112.0,,,-118.0,-112.0,,-118.0,
austin reaves,points,19.5,True,2026-05-08,105.0,108.0,114.0,,,-152.0,114.0,,-152.0,
austin reaves,points,20.5,True,2026-05-08,,,142.0,,,-192.0,142.0,,-192.0,
austin reaves,points,21.5,True,2026-05-08,,,174.0,,,-240.0,174.0,,-240.0,
austin reaves,points,22.5,True,2026-05-08,,,205.0,,,-290.0,205.0,,-290.0,
austin reaves,points,23.5,True,2026-05-08,,,250.0,,,-360.0,250.0,,-360.0,
austin reaves,points,24.5,True,2026-05-08,300.0,313.0,300.0,,,-450.0,313.0,,-450.0,
austin reaves,points,25.5,True,2026-05-08,,,360.0,,,-580.0,360.0,,-580.0,
austin reaves,points,26.5,True,2026-05-08,,,430.0,,,-750.0,430.0,,-750.0,
austin reaves,points,29.5,True,2026-05-08,775.0,840.0,800.0,,,,840.0,,,
austin reaves,points,34.5,True,2026-05-08,,1960.0,1700.0,,,,1960.0,,,
austin reaves,points,39.5,True,2026-05-08,,,5000.0,,,,5000.0,,,
austin reaves,rebounds,2.5,True,2026-05-08,-550.0,-600.0,-600.0,,,370.0,-550.0,,370.0,
austin reaves,rebounds,3.5,True,2026-05-08,,-236.0,-225.0,,,164.0,-225.0,,164.0,
austin reaves,rebounds,4.5,False,2026-05-08,-105.0,-112.0,102.0,-125.0,-118.0,-136.0,102.0,,-118.0,
austin reaves,rebounds,4.5,True,2026-05-08,-105.0,-111.0,102.0,,,-136.0,102.0,,-136.0,
austin reaves,rebounds,5.5,True,2026-05-08,,179.0,210.0,,,-275.0,210.0,,-275.0,
austin reaves,rebounds,6.5,True,2026-05-08,340.0,338.0,370.0,,,-600.0,370.0,,-600.0,
austin reaves,rebounds,7.5,True,2026-05-08,,600.0,750.0,,,,750.0,,,
austin reaves,rebounds,8.5,True,2026-05-08,,1080.0,,,,,1080.0,,,
austin reaves,rebounds,9.5,True,2026-05-08,,1860.0,1700.0,,,,1860.0,,,
austin reaves,rebounds,10.5,True,2026-05-08,,2800.0,,,,,2800.0,,,
austin reaves,threes,0.5,True,2026-05-08,-900.0,-790.0,-800.0,,,470.0,-790.0,,470.0,
austin reaves,threes,1.5,False,2026-05-08,-200.0,-168.0,-162.0,145.0,127.0,122.0,-162.0,,145.0,
austin reaves,threes,1.5,True,2026-05-08,-200.0,-175.0,-162.0,,,122.0,-162.0,,122.0,
austin reaves,threes,2.5,True,2026-05-08,150.0,167.0,198.0,,,-275.0,198.0,,-275.0,
austin reaves,threes,3.5,True,2026-05-08,360.0,411.0,500.0,,,-900.0,500.0,,-900.0,
austin reaves,threes,4.5,True,2026-05-08,,950.0,1100.0,,,,1100.0,,,
austin reaves,threes,5.5,True,2026-05-08,,1960.0,2500.0,,,,2500.0,,,
ayo dosunmu,assists,1.5,True,2026-05-07,,,-590.0,,,,-590.0,,,
ayo dosunmu,assists,2.5,True,2026-05-07,-210.0,-176.0,,,,,-176.0,,,
ayo dosunmu,assists,3.5,False,2026-05-07,120.0,133.0,136.0,-160.0,-177.0,-174.0,136.0,,-160.0,
ayo dosunmu,assists,3.5,True,2026-05-07,,135.0,136.0,,,,136.0,,,
ayo dosunmu,assists,4.5,True,2026-05-07,260.0,289.0,,,,,289.0,,,
ayo dosunmu,assists,5.5,True,2026-05-07,,586.0,560.0,,,,586.0,,,
ayo dosunmu,assists,6.5,True,2026-05-07,,1160.0,,,,,1160.0,,,
ayo dosunmu,assists,7.5,True,2026-05-07,,2200.0,1700.0,,,,2200.0,,,
ayo dosunmu,points,5.5,True,2026-05-07,,-720.0,,,,,-720.0,,,
ayo dosunmu,points,6.5,True,2026-05-07,,,-470.0,,,310.0,-470.0,,310.0,
ayo dosunmu,points,7.5,True,2026-05-07,,-328.0,-340.0,,,235.0,-328.0,,235.0,
ayo dosunmu,points,8.5,True,2026-05-07,,,-245.0,,,178.0,-245.0,,178.0,
ayo dosunmu,points,9.5,True,2026-05-07,-210.0,-173.0,-188.0,,,140.0,-173.0,,140.0,
ayo dosunmu,points,10.5,True,2026-05-07,,,-144.0,,,108.0,-144.0,,108.0,
ayo dosunmu,points,11.5,False,2026-05-07,-115.0,-101.0,-106.0,-115.0,-126.0,-120.0,-101.0,,-115.0,
ayo dosunmu,points,11.5,True,2026-05-07,,-101.0,-108.0,,,-122.0,-101.0,,-122.0,
ayo dosunmu,points,12.5,True,2026-05-07,,,118.0,,,-158.0,118.0,,-158.0,
ayo dosunmu,points,13.5,True,2026-05-07,,,148.0,,,-200.0,148.0,,-200.0,
ayo dosunmu,points,14.5,True,2026-05-07,200.0,208.0,182.0,,,-250.0,208.0,,-250.0,
ayo dosunmu,points,15.5,True,2026-05-07,,,225.0,,,-320.0,225.0,,-320.0,
ayo dosunmu,points,17.5,True,2026-05-07,,401.0,,,,,401.0,,,
ayo dosunmu,points,19.5,True,2026-05-07,700.0,630.0,500.0,,,,700.0,,,
ayo dosunmu,points,24.5,True,2026-05-07,,1680.0,1200.0,,,,1680.0,,,
ayo dosunmu,points,29.5,True,2026-05-07,,,3000.0,,,,3000.0,,,
ayo dosunmu,rebounds,2.5,False,2026-05-07,-160.0,-141.0,,120.0,107.0,,-141.0,,120.0,
ayo dosunmu,rebounds,2.5,True,2026-05-07,-165.0,-146.0,,,,,-146.0,,,
ayo dosunmu,rebounds,3.5,True,2026-05-07,,165.0,180.0,,,,180.0,,,
ayo dosunmu,rebounds,4.5,True,2026-05-07,310.0,364.0,,,,,364.0,,,
ayo dosunmu,rebounds,5.5,True,2026-05-07,,750.0,680.0,,,,750.0,,,
ayo dosunmu,rebounds,6.5,True,2026-05-07,,1480.0,,,,,1480.0,,,
ayo dosunmu,rebounds,7.5,True,2026-05-07,,2600.0,,,,,2600.0,,,
ayo dosunmu,threes,0.5,True,2026-05-07,-350.0,-338.0,-400.0,,,,-338.0,,,
ayo dosunmu,threes,1.5,False,2026-05-07,125.0,126.0,,-165.0,-166.0,,126.0,,-165.0,
ayo dosunmu,threes,1.5,True,2026-05-07,120.0,127.0,114.0,,,,127.0,,,
ayo dosunmu,threes,2.5,True,2026-05-07,380.0,378.0,310.0,,,,380.0,,,
ayo dosunmu,threes,3.5,True,2026-05-07,,990.0,750.0,,,,990.0,,,
ayo dosunmu,threes,4.5,True,2026-05-07,,2200.0,1600.0,,,,2200.0,,,
ayo dosunmu,threes,5.5,True,2026-05-07,,,3000.0,,,,3000.0,,,
cade cunningham,assists,5.5,True,2026-05-07,,-1800.0,-2500.0,,,,-1800.0,,,
cade cunningham,assists,6.5,True,2026-05-07,-800.0,-770.0,-900.0,,,490.0,-770.0,,490.0,
cade cunningham,assists,7.5,True,2026-05-07,,-411.0,-390.0,,,270.0,-390.0,,270.0,
cade cunningham,assists,8.5,True,2026-05-07,,-234.0,-215.0,,,158.0,-215.0,,158.0,
cade cunningham,assists,9.5,False,2026-05-07,-135.0,-143.0,-146.0,100.0,108.0,110.0,-135.0,,110.0,
cade cunningham,assists,9.5,True,2026-05-07,-135.0,-141.0,-142.0,,,110.0,-135.0,,110.0,
cade cunningham,assists,10.5,True,2026-05-07,,115.0,122.0,,,-162.0,122.0,,-162.0,
cade cunningham,assists,11.5,True,2026-05-07,,179.0,215.0,,,-290.0,215.0,,-290.0,
cade cunningham,assists,12.5,True,2026-05-07,320.0,281.0,320.0,,,-500.0,320.0,,-500.0,
cade cunningham,assists,13.5,True,2026-05-07,,443.0,560.0,,,-1100.0,560.0,,-1100.0,
cade cunningham,assists,14.5,True,2026-05-07,775.0,690.0,,,,,775.0,,,
cade cunningham,assists,15.5,True,2026-05-07,,1100.0,,,,,1100.0,,,
cade cunningham,assists,16.5,True,2026-05-07,,1640.0,,,,,1640.0,,,
cade cunningham,assists,17.5,True,2026-05-07,,2300.0,,,,,2300.0,,,
cade cunningham,points,14.5,True,2026-05-07,,-3500.0,-7000.0,,,,-3500.0,,,
cade cunningham,points,17.5,True,2026-05-07,,-1160.0,,,,,-1160.0,,,
cade cunningham,points,18.5,True,2026-05-07,,,-1400.0,,,,-1400.0,,,
cade cunningham,points,19.5,True,2026-05-07,-800.0,-670.0,-900.0,,,490.0,-670.0,,490.0,
cade cunningham,points,20.5,True,2026-05-07,,,-650.0,,,390.0,-650.0,,390.0,
cade cunningham,points,21.5,True,2026-05-07,,,-470.0,,,310.0,-470.0,,310.0,
cade cunningham,points,22.5,True,2026-05-07,,,-360.0,,,250.0,-360.0,,250.0,
cade cunningham,points,23.5,True,2026-05-07,,,-280.0,,,200.0,-280.0,,200.0,
cade cunningham,points,24.5,True,2026-05-07,-235.0,-213.0,-215.0,,,164.0,-213.0,,164.0,
cade cunningham,points,25.5,True,2026-05-07,,,-180.0,,,134.0,-180.0,,134.0,
cade cunningham,points,26.5,True,2026-05-07,,,-144.0,,,108.0,-144.0,,108.0,
cade cunningham,points,27.5,False,2026-05-07,,-120.0,-112.0,,-106.0,-118.0,-112.0,,-106.0,
cade cunningham,points,27.5,True,2026-05-07,,-117.0,-112.0,,,-118.0,-112.0,,-118.0,
cade cunningham,points,28.5,False,2026-05-07,-105.0,,,-125.0,,,-105.0,,-125.0,
cade cunningham,points,28.5,True,2026-05-07,,,114.0,,,-152.0,114.0,,-152.0,
cade cunningham,points,29.5,True,2026-05-07,115.0,125.0,142.0,,,-192.0,142.0,,-192.0,
cade cunningham,points,30.5,True,2026-05-07,,,172.0,,,-235.0,172.0,,-235.0,
cade cunningham,points,31.5,True,2026-05-07,,,205.0,,,-290.0,205.0,,-290.0,
cade cunningham,points,32.5,True,2026-05-07,,,255.0,,,-360.0,255.0,,-360.0,
cade cunningham,points,33.5,True,2026-05-07,,,310.0,,,-470.0,310.0,,-470.0,
cade cunningham,points,34.5,True,2026-05-07,280.0,318.0,390.0,,,-600.0,390.0,,-600.0,
cade cunningham,points,35.5,True,2026-05-07,,,450.0,,,-800.0,450.0,,-800.0,
cade cunningham,points,36.5,True,2026-05-07,,,,,,-1100.0,,,-1100.0,
cade cunningham,points,37.5,True,2026-05-07,,,,,,-1450.0,,,-1450.0,
cade cunningham,points,39.5,True,2026-05-07,675.0,810.0,1000.0,,,,1000.0,,,
cade cunningham,points,44.5,True,2026-05-07,,1900.0,2000.0,,,,2000.0,,,
cade cunningham,rebounds,2.5,True,2026-05-07,-1400.0,-870.0,,,,,-870.0,,,
cade cunningham,rebounds,3.5,True,2026-05-07,,-355.0,-520.0,,,350.0,-355.0,,350.0,
cade cunningham,rebounds,4.5,True,2026-05-07,-220.0,-177.0,-220.0,,,162.0,-177.0,,162.0,
cade cunningham,rebounds,5.5,False,2026-05-07,-105.0,106.0,-102.0,-125.0,-140.0,-130.0,106.0,,-125.0,
cade cunningham,rebounds,5.5,True,2026-05-07,,106.0,100.0,,,-130.0,106.0,,-130.0,
cade cunningham,rebounds,6.5,True,2026-05-07,175.0,184.0,194.0,,,-270.0,194.0,,-270.0,
cade cunningham,rebounds,7.5,True,2026-05-07,,315.0,360.0,,,-580.0,360.0,,-580.0,
cade cunningham,rebounds,8.5,True,2026-05-07,,526.0,,,,-1200.0,526.0,,-1200.0,
cade cunningham,rebounds,9.5,True,2026-05-07,,870.0,800.0,,,,870.0,,,
cade cunningham,rebounds,10.5,True,2026-05-07,,1420.0,,,,,1420.0,,,
cade cunningham,rebounds,11.5,True,2026-05-07,,2100.0,,,,,2100.0,,,
cade cunningham,rebounds,12.5,True,2026-05-07,,2800.0,,,,,2800.0,,,
cade cunningham,threes,0.5,True,2026-05-07,-1400.0,-970.0,-1600.0,,,,-970.0,,,
cade cunningham,threes,1.5,True,2026-05-07,-275.0,-213.0,-260.0,,,188.0,-213.0,,188.0,
cade cunningham,threes,2.5,False,2026-05-07,105.0,130.0,122.0,-140.0,-172.0,-162.0,130.0,,-140.0,
cade cunningham,threes,2.5,True,2026-05-07,105.0,129.0,122.0,,,-162.0,129.0,,-162.0,
cade cunningham,threes,3.5,True,2026-05-07,250.0,308.0,320.0,,,-500.0,320.0,,-500.0,
cade cunningham,threes,4.5,True,2026-05-07,550.0,680.0,800.0,,,,800.0,,,
cade cunningham,threes,5.5,True,2026-05-07,,1360.0,1500.0,,,,1500.0,,,
cade cunningham,threes,6.5,True,2026-05-07,,2300.0,,,,,2300.0,,,
cason wallace,assists,2.5,True,2026-05-08,,127.0,,,,,127.0,,,
cason wallace,assists,3.5,True,2026-05-08,,314.0,,,,,314.0,,,
cason wallace,assists,4.5,True,2026-05-08,,740.0,,,,,740.0,,,
cason wallace,assists,5.5,True,2026-05-08,,1600.0,,,,,1600.0,,,
cason wallace,assists,6.5,True,2026-05-08,,2800.0,,,,,2800.0,,,
cason wallace,points,2.5,True,2026-05-08,,,-900.0,,,490.0,-900.0,,490.0,
cason wallace,points,3.5,True,2026-05-08,,,-440.0,,,290.0,-440.0,,290.0,
cason wallace,points,4.5,True,2026-05-08,,,-310.0,,,220.0,-310.0,,220.0,
cason wallace,points,5.5,True,2026-05-08,,-174.0,-192.0,,,142.0,-174.0,,142.0,
cason wallace,points,6.5,False,2026-05-08,-135.0,-118.0,-132.0,100.0,-108.0,100.0,-118.0,,100.0,
cason wallace,points,6.5,True,2026-05-08,,-118.0,-132.0,,,100.0,-118.0,,100.0,
cason wallace,points,7.5,True,2026-05-08,,115.0,106.0,,,-140.0,115.0,,-140.0,
cason wallace,points,8.5,True,2026-05-08,,,152.0,,,-205.0,152.0,,-205.0,
cason wallace,points,9.5,True,2026-05-08,200.0,229.0,198.0,,,-275.0,229.0,,-275.0,
cason wallace,points,11.5,True,2026-05-08,,428.0,,,,,428.0,,,
cason wallace,points,14.5,True,2026-05-08,825.0,1020.0,830.0,,,,1020.0,,,
cason wallace,points,17.5,True,2026-05-08,,2100.0,,,,,2100.0,,,
cason wallace,rebounds,2.5,True,2026-05-08,,-126.0,,,,,-126.0,,,
cason wallace,rebounds,3.5,True,2026-05-08,,191.0,,,,,191.0,,,
cason wallace,rebounds,4.5,True,2026-05-08,,422.0,,,,,422.0,,,
cason wallace,rebounds,5.5,True,2026-05-08,,920.0,,,,,920.0,,,
cason wallace,rebounds,6.5,True,2026-05-08,,1760.0,,,,,1760.0,,,
cason wallace,rebounds,7.5,True,2026-05-08,,2900.0,,,,,2900.0,,,
cason wallace,threes,0.5,True,2026-05-08,-275.0,-314.0,-295.0,,,,-275.0,,,
cason wallace,threes,1.5,False,2026-05-08,155.0,,148.0,-210.0,,-200.0,155.0,,-200.0,
cason wallace,threes,1.5,True,2026-05-08,155.0,146.0,150.0,,,,155.0,,,
cason wallace,threes,2.5,True,2026-05-08,450.0,471.0,470.0,,,,471.0,,,
cason wallace,threes,3.5,True,2026-05-08,,1280.0,1100.0,,,,1280.0,,,
cason wallace,threes,4.5,True,2026-05-08,,2700.0,,,,,2700.0,,,
chet holmgren,assists,1.5,False,2026-05-08,-105.0,117.0,100.0,-125.0,-155.0,-132.0,117.0,,-125.0,
chet holmgren,assists,1.5,True,2026-05-08,,118.0,102.0,,,,118.0,,,
chet holmgren,assists,2.5,True,2026-05-08,,377.0,,,,,377.0,,,
chet holmgren,assists,3.5,True,2026-05-08,,1000.0,1000.0,,,,1000.0,,,
chet holmgren,assists,4.5,True,2026-05-08,,2300.0,,,,,2300.0,,,
chet holmgren,points,7.5,True,2026-05-08,,-2500.0,,,,,-2500.0,,,
chet holmgren,points,9.5,True,2026-05-08,-1100.0,-890.0,-1100.0,,,,-890.0,,,
chet holmgren,points,10.5,True,2026-05-08,,,-700.0,,,410.0,-700.0,,410.0,
chet holmgren,points,11.5,True,2026-05-08,,-429.0,-490.0,,,320.0,-429.0,,320.0,
chet holmgren,points,12.5,True,2026-05-08,,,-350.0,,,240.0,-350.0,,240.0,
chet holmgren,points,13.5,True,2026-05-08,,,-260.0,,,188.0,-260.0,,188.0,
chet holmgren,points,14.5,True,2026-05-08,-210.0,-168.0,-184.0,,,142.0,-168.0,,142.0,
chet holmgren,points,15.5,True,2026-05-08,,,-140.0,,,106.0,-140.0,,106.0,
chet holmgren,points,16.5,False,2026-05-08,-120.0,100.0,-104.0,-111.0,-127.0,-128.0,100.0,,-111.0,
chet holmgren,points,16.5,True,2026-05-08,,100.0,-104.0,,,-128.0,100.0,,-128.0,
chet holmgren,points,17.5,True,2026-05-08,,130.0,124.0,,,-166.0,130.0,,-166.0,
chet holmgren,points,18.5,True,2026-05-08,,,158.0,,,-215.0,158.0,,-215.0,
chet holmgren,points,19.5,True,2026-05-08,175.0,214.0,210.0,,,-275.0,214.0,,-275.0,
chet holmgren,points,20.5,True,2026-05-08,,,260.0,,,-380.0,260.0,,-380.0,
chet holmgren,points,21.5,True,2026-05-08,,,320.0,,,-490.0,320.0,,-490.0,
chet holmgren,points,22.5,True,2026-05-08,,,400.0,,,-670.0,400.0,,-670.0,
chet holmgren,points,23.5,True,2026-05-08,,,,,,-1000.0,,,-1000.0,
chet holmgren,points,24.5,True,2026-05-08,550.0,710.0,630.0,,,,710.0,,,
chet holmgren,points,29.5,True,2026-05-08,,1960.0,1700.0,,,,1960.0,,,
chet holmgren,rebounds,4.5,True,2026-05-08,,-2400.0,,,,,-2400.0,,,
chet holmgren,rebounds,5.5,True,2026-05-08,,-850.0,-850.0,,,490.0,-850.0,,490.0,
chet holmgren,rebounds,6.5,True,2026-05-08,-450.0,-408.0,-420.0,,,280.0,-408.0,,280.0,
chet holmgren,rebounds,7.5,True,2026-05-08,,-224.0,-215.0,,,164.0,-215.0,,164.0,
chet holmgren,rebounds,8.5,False,2026-05-08,-135.0,-133.0,-122.0,100.0,101.0,-108.0,-122.0,,101.0,
chet holmgren,rebounds,8.5,True,2026-05-08,,-130.0,-122.0,,,-108.0,-122.0,,-108.0,
chet holmgren,rebounds,9.5,True,2026-05-08,125.0,125.0,118.0,,,-158.0,125.0,,-158.0,
chet holmgren,rebounds,10.5,True,2026-05-08,,200.0,194.0,,,-270.0,200.0,,-270.0,
chet holmgren,rebounds,11.5,True,2026-05-08,,317.0,310.0,,,-470.0,317.0,,-470.0,
chet holmgren,rebounds,12.5,True,2026-05-08,525.0,511.0,490.0,,,-900.0,525.0,,-900.0,
chet holmgren,rebounds,13.5,True,2026-05-08,,810.0,830.0,,,,830.0,,,
chet holmgren,rebounds,14.5,True,2026-05-08,,1220.0,,,,,1220.0,,,
chet holmgren,rebounds,15.5,True,2026-05-08,,1820.0,1700.0,,,,1820.0,,,
chet holmgren,rebounds,16.5,True,2026-05-08,,2400.0,,,,,2400.0,,,
chet holmgren,threes,0.5,True,2026-05-08,-400.0,-367.0,-400.0,,,270.0,-367.0,,270.0,
chet holmgren,threes,1.5,False,2026-05-08,115.0,124.0,126.0,-155.0,-164.0,-168.0,126.0,,-155.0,
chet holmgren,threes,1.5,True,2026-05-08,115.0,127.0,126.0,,,-168.0,127.0,,-168.0,
chet holmgren,threes,2.5,True,2026-05-08,350.0,395.0,400.0,,,-670.0,400.0,,-670.0,
chet holmgren,threes,3.5,True,2026-05-08,,1080.0,1100.0,,,,1100.0,,,
chet holmgren,threes,4.5,True,2026-05-08,,2500.0,,,,,2500.0,,,
daniss jenkins,assists,1.5,True,2026-05-07,,,-500.0,,,,-500.0,,,
daniss jenkins,assists,2.5,False,2026-05-07,,,-174.0,,,130.0,-174.0,,130.0,
daniss jenkins,assists,2.5,True,2026-05-07,-250.0,-193.0,,,,,-193.0,,,
daniss jenkins,assists,3.5,False,2026-05-07,115.0,120.0,,-155.0,-158.0,,120.0,,-155.0,
daniss jenkins,assists,3.5,True,2026-05-07,,120.0,140.0,,,,140.0,,,
daniss jenkins,assists,4.5,True,2026-05-07,210.0,249.0,,,,,249.0,,,
daniss jenkins,assists,5.5,True,2026-05-07,,494.0,560.0,,,,560.0,,,
daniss jenkins,assists,6.5,True,2026-05-07,775.0,960.0,,,,,960.0,,,
daniss jenkins,assists,7.5,True,2026-05-07,,1700.0,1500.0,,,,1700.0,,,
daniss jenkins,assists,8.5,True,2026-05-07,,2600.0,,,,,2600.0,,,
daniss jenkins,points,3.5,True,2026-05-07,,,-800.0,,,470.0,-800.0,,470.0,
daniss jenkins,points,4.5,True,2026-05-07,,,-470.0,,,320.0,-470.0,,320.0,
daniss jenkins,points,5.5,True,2026-05-07,,-302.0,-320.0,,,225.0,-302.0,,225.0,
daniss jenkins,points,6.5,True,2026-05-07,,,-220.0,,,162.0,-220.0,,162.0,
daniss jenkins,points,7.5,True,2026-05-07,,-150.0,-154.0,,,116.0,-150.0,,116.0,
daniss jenkins,points,8.5,False,2026-05-07,,-110.0,-110.0,,-116.0,-120.0,-110.0,,-116.0,
daniss jenkins,points,8.5,True,2026-05-07,,-109.0,-110.0,,,-120.0,-109.0,,-120.0,
daniss jenkins,points,9.5,False,2026-05-07,105.0,,,-140.0,,,105.0,,-140.0,
daniss jenkins,points,9.5,True,2026-05-07,-105.0,123.0,122.0,,,-162.0,123.0,,-162.0,
daniss jenkins,points,10.5,True,2026-05-07,,,164.0,,,-225.0,164.0,,-225.0,
daniss jenkins,points,11.5,True,2026-05-07,,214.0,210.0,,,-300.0,214.0,,-300.0,
daniss jenkins,points,12.5,True,2026-05-07,,,270.0,,,-400.0,270.0,,-400.0,
daniss jenkins,points,14.5,True,2026-05-07,390.0,467.0,450.0,,,,467.0,,,
daniss jenkins,points,17.5,True,2026-05-07,,1000.0,,,,,1000.0,,,
daniss jenkins,points,19.5,True,2026-05-07,,1580.0,1400.0,,,,1580.0,,,
daniss jenkins,rebounds,2.5,True,2026-05-07,,-109.0,,,,,-109.0,,,
daniss jenkins,rebounds,3.5,True,2026-05-07,,214.0,370.0,,,,370.0,,,
daniss jenkins,rebounds,4.5,True,2026-05-07,,471.0,,,,,471.0,,,
daniss jenkins,rebounds,5.5,True,2026-05-07,,950.0,,,,,950.0,,,
daniss jenkins,rebounds,6.5,True,2026-05-07,,1780.0,,,,,1780.0,,,
daniss jenkins,rebounds,7.5,True,2026-05-07,,2700.0,,,,,2700.0,,,
daniss jenkins,threes,0.5,True,2026-05-07,-300.0,-263.0,-250.0,,,188.0,-250.0,,188.0,
daniss jenkins,threes,1.5,False,2026-05-07,145.0,159.0,178.0,-200.0,-212.0,-245.0,178.0,,-200.0,
daniss jenkins,threes,1.5,True,2026-05-07,140.0,160.0,180.0,,,-245.0,180.0,,-245.0,
daniss jenkins,threes,2.5,True,2026-05-07,425.0,480.0,540.0,,,-1000.0,540.0,,-1000.0,
daniss jenkins,threes,3.5,True,2026-05-07,,1220.0,1300.0,,,,1300.0,,,
daniss jenkins,threes,4.5,True,2026-05-07,,2500.0,,,,,2500.0,,,
de'aaron fox,assists,2.5,True,2026-05-07,,-2400.0,,,,,-2400.0,,,
de'aaron fox,assists,3.5,True,2026-05-07,,-700.0,-700.0,,,410.0,-700.0,,410.0,
de'aaron fox,assists,4.5,True,2026-05-07,-350.0,-304.0,-300.0,,,210.0,-300.0,,210.0,
de'aaron fox,assists,5.5,False,2026-05-07,,-149.0,-136.0,,113.0,106.0,-136.0,,113.0,
de'aaron fox,assists,5.5,True,2026-05-07,,-150.0,-138.0,,,104.0,-138.0,,104.0,
de'aaron fox,assists,6.5,False,2026-05-07,115.0,,,-155.0,,,115.0,,-155.0,
de'aaron fox,assists,6.5,True,2026-05-07,115.0,127.0,146.0,,,-198.0,146.0,,-198.0,
de'aaron fox,assists,7.5,True,2026-05-07,,230.0,280.0,,,-400.0,280.0,,-400.0,
de'aaron fox,assists,8.5,True,2026-05-07,,409.0,,,,-1000.0,409.0,,-1000.0,
de'aaron fox,assists,9.5,True,2026-05-07,625.0,710.0,800.0,,,,800.0,,,
de'aaron fox,assists,10.5,True,2026-05-07,,1240.0,,,,,1240.0,,,
de'aaron fox,assists,11.5,True,2026-05-07,,2000.0,2500.0,,,,2500.0,,,
de'aaron fox,assists,12.5,True,2026-05-07,,2900.0,,,,,2900.0,,,
de'aaron fox,points,7.5,True,2026-05-07,,-3300.0,,,,,-3300.0,,,
de'aaron fox,points,9.5,True,2026-05-07,-1600.0,-1140.0,-1600.0,,,,-1140.0,,,
de'aaron fox,points,10.5,True,2026-05-07,,,-1100.0,,,,-1100.0,,,
de'aaron fox,points,11.5,True,2026-05-07,,-541.0,-670.0,,,400.0,-541.0,,400.0,
de'aaron fox,points,12.5,True,2026-05-07,,,-450.0,,,300.0,-450.0,,300.0,
de'aaron fox,points,13.5,True,2026-05-07,,,-330.0,,,230.0,-330.0,,230.0,
de'aaron fox,points,14.5,True,2026-05-07,-275.0,-220.0,-250.0,,,182.0,-220.0,,182.0,
de'aaron fox,points,15.5,True,2026-05-07,,,-188.0,,,140.0,-188.0,,140.0,
de'aaron fox,points,16.5,True,2026-05-07,,,-140.0,,,106.0,-140.0,,106.0,
de'aaron fox,points,17.5,False,2026-05-07,-120.0,-101.0,-104.0,-110.0,-127.0,-122.0,-101.0,,-110.0,
de'aaron fox,points,17.5,True,2026-05-07,,-101.0,-106.0,,,-125.0,-101.0,,-125.0,
de'aaron fox,points,18.5,True,2026-05-07,,,120.0,,,-160.0,120.0,,-160.0,
de'aaron fox,points,19.5,True,2026-05-07,130.0,159.0,158.0,,,-215.0,159.0,,-215.0,
de'aaron fox,points,20.5,True,2026-05-07,,,198.0,,,-275.0,198.0,,-275.0,
de'aaron fox,points,21.5,True,2026-05-07,,,240.0,,,-350.0,240.0,,-350.0,
de'aaron fox,points,22.5,True,2026-05-07,,,310.0,,,-470.0,310.0,,-470.0,
de'aaron fox,points,23.5,True,2026-05-07,,,390.0,,,-650.0,390.0,,-650.0,
de'aaron fox,points,24.5,True,2026-05-07,400.0,488.0,520.0,,,-900.0,520.0,,-900.0,
de'aaron fox,points,29.5,True,2026-05-07,,1360.0,1400.0,,,,1400.0,,,
de'aaron fox,points,34.5,True,2026-05-07,,2900.0,,,,,2900.0,,,
de'aaron fox,rebounds,1.5,True,2026-05-07,,,-1200.0,,,,-1200.0,,,
de'aaron fox,rebounds,2.5,True,2026-05-07,-300.0,-291.0,-310.0,,,220.0,-291.0,,220.0,
de'aaron fox,rebounds,3.5,False,2026-05-07,-120.0,-118.0,-113.0,-110.0,-111.0,-113.0,-113.0,,-110.0,
de'aaron fox,rebounds,3.5,True,2026-05-07,,-118.0,-114.0,,,-114.0,-114.0,,-114.0,
de'aaron fox,rebounds,4.5,True,2026-05-07,175.0,187.0,194.0,,,-270.0,194.0,,-270.0,
de'aaron fox,rebounds,5.5,True,2026-05-07,,377.0,400.0,,,-670.0,400.0,,-670.0,
de'aaron fox,rebounds,6.5,True,2026-05-07,675.0,740.0,,,,,740.0,,,
de'aaron fox,rebounds,7.5,True,2026-05-07,,1400.0,1500.0,,,,1500.0,,,
de'aaron fox,rebounds,8.5,True,2026-05-07,,2400.0,,,,,2400.0,,,
de'aaron fox,threes,0.5,True,2026-05-07,-550.0,-455.0,-470.0,,,310.0,-455.0,,310.0,
de'aaron fox,threes,1.5,False,2026-05-07,-105.0,101.0,108.0,-125.0,-133.0,-138.0,108.0,,-125.0,
de'aaron fox,threes,1.5,True,2026-05-07,-125.0,104.0,106.0,,,-140.0,106.0,,-140.0,
de'aaron fox,threes,2.5,True,2026-05-07,240.0,318.0,350.0,,,-550.0,350.0,,-550.0,
de'aaron fox,threes,3.5,True,2026-05-07,625.0,850.0,1000.0,,,,1000.0,,,
de'aaron fox,threes,4.5,True,2026-05-07,,1920.0,,,,,1920.0,,,
dean wade,points,4.5,False,2026-05-07,,-107.0,-112.0,,-119.0,-118.0,-107.0,,-118.0,
dean wade,points,4.5,True,2026-05-07,,-105.0,,,,,-105.0,,,
dean wade,points,5.5,False,2026-05-07,120.0,,,-160.0,,,120.0,,-160.0,
dean wade,points,5.5,True,2026-05-07,,154.0,,,,,154.0,,,
dean wade,points,7.5,True,2026-05-07,,325.0,,,,,325.0,,,
dean wade,points,9.5,True,2026-05-07,475.0,720.0,680.0,,,,720.0,,,
dean wade,points,11.5,True,2026-05-07,,1320.0,,,,,1320.0,,,
dean wade,points,14.5,True,2026-05-07,,2700.0,,,,,2700.0,,,
dean wade,rebounds,2.5,True,2026-05-07,-225.0,-238.0,,,,,-225.0,,,
dean wade,rebounds,3.5,False,2026-05-07,105.0,103.0,-104.0,-140.0,-136.0,-128.0,105.0,,-128.0,
dean wade,rebounds,3.5,True,2026-05-07,,102.0,-102.0,,,,102.0,,,
dean wade,rebounds,4.5,True,2026-05-07,230.0,218.0,,,,,230.0,,,
dean wade,rebounds,5.5,True,2026-05-07,,441.0,430.0,,,,441.0,,,
dean wade,rebounds,6.5,True,2026-05-07,850.0,810.0,,,,,850.0,,,
dean wade,rebounds,7.5,True,2026-05-07,,1420.0,1500.0,,,,1500.0,,,
dean wade,rebounds,8.5,True,2026-05-07,,2300.0,,,,,2300.0,,,
dean wade,threes,0.5,False,2026-05-07,,,-230.0,,,168.0,-230.0,,168.0,
dean wade,threes,0.5,True,2026-05-07,,,-220.0,,,,-220.0,,,
dean wade,threes,1.5,True,2026-05-07,,,220.0,,,,220.0,,,
dean wade,threes,2.5,True,2026-05-07,,,750.0,,,,750.0,,,
dean wade,threes,3.5,True,2026-05-07,,,1800.0,,,,1800.0,,,
deandre ayton,assists,0.5,False,2026-05-08,-155.0,-139.0,,115.0,106.0,,-139.0,,115.0,
deandre ayton,assists,0.5,True,2026-05-08,,-140.0,,,,,-140.0,,,
deandre ayton,assists,2.5,True,2026-05-08,,1280.0,,,,,1280.0,,,
deandre ayton,points,4.5,True,2026-05-08,,,-1000.0,,,,-1000.0,,,
deandre ayton,points,5.5,True,2026-05-08,,-710.0,-650.0,,,390.0,-650.0,,390.0,
deandre ayton,points,6.5,True,2026-05-08,,,-360.0,,,250.0,-360.0,,250.0,
deandre ayton,points,7.5,True,2026-05-08,,-276.0,-250.0,,,182.0,-250.0,,182.0,
deandre ayton,points,8.5,True,2026-05-08,,,-166.0,,,124.0,-166.0,,124.0,
deandre ayton,points,9.5,False,2026-05-08,,-133.0,-120.0,,105.0,-110.0,-120.0,,105.0,
deandre ayton,points,9.5,True,2026-05-08,-160.0,-134.0,-120.0,,,-110.0,-120.0,,-110.0,
deandre ayton,points,10.5,False,2026-05-08,105.0,,,-140.0,,,105.0,,-140.0,
deandre ayton,points,10.5,True,2026-05-08,,,118.0,,,-158.0,118.0,,-158.0,
deandre ayton,points,11.5,True,2026-05-08,,142.0,162.0,,,-220.0,162.0,,-220.0,
deandre ayton,points,12.5,True,2026-05-08,,,220.0,,,-310.0,220.0,,-310.0,
deandre ayton,points,13.5,True,2026-05-08,,,290.0,,,-440.0,290.0,,-440.0,
deandre ayton,points,14.5,True,2026-05-08,360.0,387.0,400.0,,,,400.0,,,
deandre ayton,points,17.5,True,2026-05-08,,850.0,,,,,850.0,,,
deandre ayton,points,19.5,True,2026-05-08,,1420.0,1400.0,,,,1420.0,,,
deandre ayton,rebounds,4.5,True,2026-05-08,-2000.0,-2200.0,,,,,-2000.0,,,
deandre ayton,rebounds,5.5,True,2026-05-08,,-830.0,-720.0,,,430.0,-720.0,,430.0,
deandre ayton,rebounds,6.5,True,2026-05-08,-400.0,-405.0,-390.0,,,265.0,-390.0,,265.0,
deandre ayton,rebounds,7.5,True,2026-05-08,,-225.0,-215.0,,,162.0,-215.0,,162.0,
deandre ayton,rebounds,8.5,False,2026-05-08,-130.0,-129.0,-130.0,-105.0,-102.0,-102.0,-129.0,,-102.0,
deandre ayton,rebounds,8.5,True,2026-05-08,,-130.0,-130.0,,,-102.0,-130.0,,-102.0,
deandre ayton,rebounds,9.5,True,2026-05-08,125.0,126.0,108.0,,,-144.0,126.0,,-144.0,
deandre ayton,rebounds,10.5,True,2026-05-08,,202.0,174.0,,,-240.0,202.0,,-240.0,
deandre ayton,rebounds,11.5,True,2026-05-08,,325.0,270.0,,,-400.0,325.0,,-400.0,
deandre ayton,rebounds,12.5,True,2026-05-08,475.0,513.0,390.0,,,-650.0,513.0,,-650.0,
deandre ayton,rebounds,13.5,True,2026-05-08,,790.0,600.0,,,,790.0,,,
deandre ayton,rebounds,14.5,True,2026-05-08,,1200.0,,,,,1200.0,,,
deandre ayton,rebounds,15.5,True,2026-05-08,,1780.0,1200.0,,,,1780.0,,,
deandre ayton,rebounds,16.5,True,2026-05-08,,2400.0,,,,,2400.0,,,
devin vassell,assists,1.5,True,2026-05-07,,,-230.0,,,,-230.0,,,
devin vassell,assists,2.5,False,2026-05-07,120.0,132.0,142.0,-160.0,-174.0,-184.0,142.0,,-160.0,
devin vassell,assists,2.5,True,2026-05-07,100.0,130.0,,,,,130.0,,,
devin vassell,assists,3.5,True,2026-05-07,,331.0,360.0,,,,360.0,,,
devin vassell,assists,4.5,True,2026-05-07,550.0,790.0,,,,,790.0,,,
devin vassell,assists,5.5,True,2026-05-07,,1700.0,,,,,1700.0,,,
devin vassell,points,5.5,True,2026-05-07,,-1620.0,,,,,-1620.0,,,
devin vassell,points,6.5,True,2026-05-07,,,-1200.0,,,,-1200.0,,,
devin vassell,points,7.5,True,2026-05-07,,-630.0,-700.0,,,410.0,-630.0,,410.0,
devin vassell,points,8.5,True,2026-05-07,,,-470.0,,,310.0,-470.0,,310.0,
devin vassell,points,9.5,True,2026-05-07,-295.0,-299.0,-330.0,,,230.0,-295.0,,230.0,
devin vassell,points,10.5,True,2026-05-07,,,-240.0,,,174.0,-240.0,,174.0,
devin vassell,points,11.5,True,2026-05-07,,-163.0,-174.0,,,130.0,-163.0,,130.0,
devin vassell,points,12.5,False,2026-05-07,-120.0,-120.0,-128.0,-111.0,-106.0,100.0,-120.0,,100.0,
devin vassell,points,12.5,True,2026-05-07,,-124.0,-130.0,,,-102.0,-124.0,,-102.0,
devin vassell,points,13.5,True,2026-05-07,,,104.0,,,-138.0,104.0,,-138.0,
devin vassell,points,14.5,True,2026-05-07,145.0,139.0,140.0,,,-188.0,145.0,,-188.0,
devin vassell,points,15.5,True,2026-05-07,,,178.0,,,-245.0,178.0,,-245.0,
devin vassell,points,16.5,True,2026-05-07,,,225.0,,,-320.0,225.0,,-320.0,
devin vassell,points,17.5,True,2026-05-07,,295.0,290.0,,,-440.0,295.0,,-440.0,
devin vassell,points,19.5,True,2026-05-07,475.0,480.0,480.0,,,,480.0,,,
devin vassell,points,24.5,True,2026-05-07,,1540.0,1400.0,,,,1540.0,,,
devin vassell,rebounds,2.5,True,2026-05-07,-500.0,-425.0,-420.0,,,280.0,-420.0,,280.0,
devin vassell,rebounds,3.5,False,2026-05-07,,-164.0,-154.0,,124.0,120.0,-154.0,,124.0,
devin vassell,rebounds,3.5,True,2026-05-07,,-166.0,-158.0,,,118.0,-158.0,,118.0,
devin vassell,rebounds,4.5,False,2026-05-07,115.0,,,-155.0,,,115.0,,-155.0,
devin vassell,rebounds,4.5,True,2026-05-07,115.0,133.0,148.0,,,-200.0,148.0,,-200.0,
devin vassell,rebounds,5.5,True,2026-05-07,,272.0,300.0,,,-440.0,300.0,,-440.0,
devin vassell,rebounds,6.5,True,2026-05-07,425.0,548.0,,,,-1200.0,548.0,,-1200.0,
devin vassell,rebounds,7.5,True,2026-05-07,,1040.0,1100.0,,,,1100.0,,,
devin vassell,rebounds,8.5,True,2026-05-07,,1940.0,,,,,1940.0,,,
devin vassell,rebounds,9.5,True,2026-05-07,,2900.0,,,,,2900.0,,,
devin vassell,threes,0.5,True,2026-05-07,-1100.0,-1040.0,-1200.0,,,,-1040.0,,,
devin vassell,threes,1.5,True,2026-05-07,-225.0,-208.0,-215.0,,,158.0,-208.0,,158.0,
devin vassell,threes,2.5,False,2026-05-07,130.0,142.0,154.0,-175.0,-188.0,-200.0,154.0,,-175.0,
devin vassell,threes,2.5,True,2026-05-07,130.0,144.0,154.0,,,-210.0,154.0,,-210.0,
devin vassell,threes,3.5,True,2026-05-07,325.0,373.0,390.0,,,-650.0,390.0,,-650.0,
devin vassell,threes,4.5,True,2026-05-07,750.0,870.0,950.0,,,,950.0,,,
devin vassell,threes,5.5,True,2026-05-07,,1880.0,1800.0,,,,1880.0,,,
donovan mitchell,assists,1.5,True,2026-05-07,,,-1600.0,,,,-1600.0,,,
donovan mitchell,assists,2.5,True,2026-05-07,-450.0,-335.0,-380.0,,,260.0,-335.0,,260.0,
donovan mitchell,assists,3.5,False,2026-05-07,-165.0,-143.0,-152.0,125.0,109.0,114.0,-143.0,,125.0,
donovan mitchell,assists,3.5,True,2026-05-07,,-143.0,-146.0,,,114.0,-143.0,,114.0,
donovan mitchell,assists,4.5,True,2026-05-07,125.0,144.0,158.0,,,-215.0,158.0,,-215.0,
donovan mitchell,assists,5.5,True,2026-05-07,,289.0,330.0,,,-490.0,330.0,,-490.0,
donovan mitchell,assists,6.5,True,2026-05-07,475.0,553.0,,,,-1400.0,553.0,,-1400.0,
donovan mitchell,assists,7.5,True,2026-05-07,,1040.0,1200.0,,,,1200.0,,,
donovan mitchell,assists,8.5,True,2026-05-07,,1880.0,,,,,1880.0,,,
donovan mitchell,assists,9.5,True,2026-05-07,,2700.0,,,,,2700.0,,,
donovan mitchell,points,14.5,True,2026-05-07,,-1300.0,-1600.0,,,,-1300.0,,,
donovan mitchell,points,15.5,True,2026-05-07,,,-1100.0,,,,-1100.0,,,
donovan mitchell,points,16.5,True,2026-05-07,,,-750.0,,,430.0,-750.0,,430.0,
donovan mitchell,points,17.5,True,2026-05-07,,-545.0,-580.0,,,360.0,-545.0,,360.0,
donovan mitchell,points,18.5,True,2026-05-07,,,-420.0,,,280.0,-420.0,,280.0,
donovan mitchell,points,19.5,True,2026-05-07,-450.0,-329.0,-330.0,,,230.0,-329.0,,230.0,
donovan mitchell,points,20.5,True,2026-05-07,,,-270.0,,,194.0,-270.0,,194.0,
donovan mitchell,points,21.5,True,2026-05-07,,,-210.0,,,154.0,-210.0,,154.0,
donovan mitchell,points,22.5,True,2026-05-07,,,-166.0,,,126.0,-166.0,,126.0,
donovan mitchell,points,23.5,True,2026-05-07,,,-132.0,,,100.0,-132.0,,100.0,
donovan mitchell,points,24.5,False,2026-05-07,,-111.0,-106.0,,-115.0,-125.0,-106.0,,-115.0,
donovan mitchell,points,24.5,True,2026-05-07,-140.0,-111.0,-106.0,,,-125.0,-106.0,,-125.0,
donovan mitchell,points,25.5,False,2026-05-07,-115.0,,,-115.0,,,-115.0,,-115.0,
donovan mitchell,points,25.5,True,2026-05-07,,,116.0,,,-154.0,116.0,,-154.0,
donovan mitchell,points,26.5,True,2026-05-07,,,142.0,,,-192.0,142.0,,-192.0,
donovan mitchell,points,27.5,True,2026-05-07,,,174.0,,,-240.0,174.0,,-240.0,
donovan mitchell,points,28.5,True,2026-05-07,,,210.0,,,-300.0,210.0,,-300.0,
donovan mitchell,points,29.5,True,2026-05-07,195.0,238.0,250.0,,,-360.0,250.0,,-360.0,
donovan mitchell,points,30.5,True,2026-05-07,,,310.0,,,-470.0,310.0,,-470.0,
donovan mitchell,points,31.5,True,2026-05-07,,,370.0,,,-600.0,370.0,,-600.0,
donovan mitchell,points,32.5,True,2026-05-07,,,430.0,,,-750.0,430.0,,-750.0,
donovan mitchell,points,33.5,True,2026-05-07,,,,,,-1000.0,,,-1000.0,
donovan mitchell,points,34.5,True,2026-05-07,475.0,620.0,630.0,,,-1400.0,630.0,,-1400.0,
donovan mitchell,points,39.5,True,2026-05-07,,1540.0,1400.0,,,,1540.0,,,
donovan mitchell,points,44.5,True,2026-05-07,,3000.0,3500.0,,,,3500.0,,,
donovan mitchell,rebounds,2.5,True,2026-05-07,-450.0,-326.0,-420.0,,,280.0,-326.0,,280.0,
donovan mitchell,rebounds,3.5,False,2026-05-07,,-139.0,-162.0,,106.0,122.0,-139.0,,122.0,
donovan mitchell,rebounds,3.5,True,2026-05-07,,-139.0,-160.0,,,122.0,-139.0,,122.0,
donovan mitchell,rebounds,4.5,False,2026-05-07,125.0,,,-165.0,,,125.0,,-165.0,
donovan mitchell,rebounds,4.5,True,2026-05-07,125.0,149.0,136.0,,,-182.0,149.0,,-182.0,
donovan mitchell,rebounds,5.5,True,2026-05-07,,291.0,285.0,,,-420.0,291.0,,-420.0,
donovan mitchell,rebounds,6.5,True,2026-05-07,475.0,549.0,,,,-1200.0,549.0,,-1200.0,
donovan mitchell,rebounds,7.5,True,2026-05-07,,990.0,1100.0,,,,1100.0,,,
donovan mitchell,rebounds,8.5,True,2026-05-07,,1720.0,,,,,1720.0,,,
donovan mitchell,rebounds,9.5,True,2026-05-07,,2700.0,,,,,2700.0,,,
donovan mitchell,threes,0.5,True,2026-05-07,,-1900.0,-2500.0,,,,-1900.0,,,
donovan mitchell,threes,1.5,True,2026-05-07,-450.0,-329.0,-350.0,,,240.0,-329.0,,240.0,
donovan mitchell,threes,2.5,False,2026-05-07,-140.0,-113.0,-108.0,105.0,-116.0,-122.0,-108.0,,105.0,
donovan mitchell,threes,2.5,True,2026-05-07,-140.0,-115.0,-108.0,,,-122.0,-108.0,,-122.0,
donovan mitchell,threes,3.5,True,2026-05-07,175.0,209.0,225.0,,,-320.0,225.0,,-320.0,
donovan mitchell,threes,4.5,True,2026-05-07,390.0,464.0,550.0,,,-1000.0,550.0,,-1000.0,
donovan mitchell,threes,5.5,True,2026-05-07,,1000.0,1200.0,,,,1200.0,,,
donovan mitchell,threes,6.5,True,2026-05-07,,1900.0,2500.0,,,,2500.0,,,
duncan robinson,assists,1.5,False,2026-05-07,-135.0,-171.0,,100.0,130.0,,-135.0,,130.0,
duncan robinson,assists,1.5,True,2026-05-07,,-176.0,-205.0,,,,-176.0,,,
duncan robinson,assists,2.5,True,2026-05-07,,171.0,,,,,171.0,,,
duncan robinson,assists,3.5,True,2026-05-07,,446.0,400.0,,,,446.0,,,
duncan robinson,assists,4.5,True,2026-05-07,,1040.0,,,,,1040.0,,,
duncan robinson,assists,5.5,True,2026-05-07,,2200.0,,,,,2200.0,,,
duncan robinson,points,5.5,True,2026-05-07,,-770.0,,,,,-770.0,,,
duncan robinson,points,6.5,True,2026-05-07,,,-550.0,,,350.0,-550.0,,350.0,
duncan robinson,points,7.5,True,2026-05-07,,-364.0,-420.0,,,280.0,-364.0,,280.0,
duncan robinson,points,8.5,True,2026-05-07,,,-270.0,,,194.0,-270.0,,194.0,
duncan robinson,points,9.5,True,2026-05-07,-200.0,-181.0,-192.0,,,142.0,-181.0,,142.0,
duncan robinson,points,10.5,True,2026-05-07,,,-152.0,,,114.0,-152.0,,114.0,
duncan robinson,points,11.5,False,2026-05-07,-115.0,-102.0,-104.0,-115.0,-125.0,-128.0,-102.0,,-115.0,
duncan robinson,points,11.5,True,2026-05-07,,-102.0,-104.0,,,-128.0,-102.0,,-128.0,
duncan robinson,points,12.5,True,2026-05-07,,,128.0,,,-172.0,128.0,,-172.0,
duncan robinson,points,13.5,True,2026-05-07,,,162.0,,,-220.0,162.0,,-220.0,
duncan robinson,points,14.5,True,2026-05-07,185.0,207.0,220.0,,,-300.0,220.0,,-300.0,
duncan robinson,points,15.5,True,2026-05-07,,,280.0,,,-420.0,280.0,,-420.0,
duncan robinson,points,17.5,True,2026-05-07,,428.0,,,,,428.0,,,
duncan robinson,points,19.5,True,2026-05-07,575.0,670.0,750.0,,,,750.0,,,
duncan robinson,points,24.5,True,2026-05-07,,1940.0,2000.0,,,,2000.0,,,
duncan robinson,rebounds,2.5,False,2026-05-07,135.0,127.0,,-185.0,-167.0,,135.0,,-167.0,
duncan robinson,rebounds,2.5,True,2026-05-07,135.0,124.0,,,,,135.0,,,
duncan robinson,rebounds,3.5,True,2026-05-07,,314.0,350.0,,,,350.0,,,
duncan robinson,rebounds,4.5,True,2026-05-07,750.0,730.0,,,,,750.0,,,
duncan robinson,rebounds,5.5,True,2026-05-07,,1560.0,,,,,1560.0,,,
duncan robinson,rebounds,6.5,True,2026-05-07,,2800.0,,,,,2800.0,,,
duncan robinson,threes,0.5,True,2026-05-07,,-2100.0,-4000.0,,,,-2100.0,,,
duncan robinson,threes,1.5,True,2026-05-07,-500.0,-359.0,-460.0,,,310.0,-359.0,,310.0,
duncan robinson,threes,2.5,False,2026-05-07,-160.0,-124.0,-140.0,120.0,-106.0,106.0,-124.0,,120.0,
duncan robinson,threes,2.5,True,2026-05-07,-160.0,-122.0,-138.0,,,106.0,-122.0,,106.0,
duncan robinson,threes,3.5,True,2026-05-07,150.0,199.0,186.0,,,-250.0,199.0,,-250.0,
duncan robinson,threes,4.5,True,2026-05-07,340.0,444.0,450.0,,,-670.0,450.0,,-670.0,
duncan robinson,threes,5.5,True,2026-05-07,,900.0,900.0,,,,900.0,,,
duncan robinson,threes,6.5,True,2026-05-07,,1760.0,1700.0,,,,1760.0,,,
duncan robinson,threes,7.5,True,2026-05-07,,2900.0,4000.0,,,,4000.0,,,
dylan harper,assists,1.5,True,2026-05-07,,,-520.0,,,,-520.0,,,
dylan harper,assists,2.5,True,2026-05-07,-220.0,-181.0,,,,,-181.0,,,
dylan harper,assists,3.5,False,2026-05-07,138.0,130.0,144.0,-185.0,-171.0,-186.0,144.0,,-171.0,
dylan harper,assists,3.5,True,2026-05-07,,130.0,144.0,,,,144.0,,,
dylan harper,assists,4.5,True,2026-05-07,230.0,279.0,,,,,279.0,,,
dylan harper,assists,5.5,True,2026-05-07,,579.0,630.0,,,,630.0,,,
dylan harper,assists,6.5,True,2026-05-07,825.0,1140.0,,,,,1140.0,,,
dylan harper,assists,7.5,True,2026-05-07,,2100.0,2000.0,,,,2100.0,,,
dylan harper,points,5.5,True,2026-05-07,,-1080.0,-1000.0,,,,-1000.0,,,
dylan harper,points,6.5,True,2026-05-07,,,-500.0,,,320.0,-500.0,,320.0,
dylan harper,points,7.5,True,2026-05-07,,-428.0,-360.0,,,250.0,-360.0,,250.0,
dylan harper,points,8.5,True,2026-05-07,,,-250.0,,,182.0,-250.0,,182.0,
dylan harper,points,9.5,True,2026-05-07,-190.0,-203.0,-180.0,,,138.0,-180.0,,138.0,
dylan harper,points,10.5,False,2026-05-07,-140.0,,,105.0,,,-140.0,,105.0,
dylan harper,points,10.5,True,2026-05-07,,,-136.0,,,102.0,-136.0,,102.0,
dylan harper,points,11.5,False,2026-05-07,,-111.0,104.0,,-114.0,-132.0,104.0,,-114.0,
dylan harper,points,11.5,True,2026-05-07,,-111.0,102.0,,,-136.0,102.0,,-136.0,
dylan harper,points,12.5,True,2026-05-07,,,136.0,,,-182.0,136.0,,-182.0,
dylan harper,points,13.5,True,2026-05-07,,,178.0,,,-245.0,178.0,,-245.0,
dylan harper,points,14.5,True,2026-05-07,225.0,200.0,235.0,,,-320.0,235.0,,-320.0,
dylan harper,points,17.5,True,2026-05-07,,426.0,,,,,426.0,,,
dylan harper,points,19.5,True,2026-05-07,775.0,700.0,800.0,,,,800.0,,,
dylan harper,points,24.5,True,2026-05-07,,2000.0,2200.0,,,,2200.0,,,
dylan harper,rebounds,2.5,True,2026-05-07,-235.0,-221.0,,,,,-221.0,,,
dylan harper,rebounds,3.5,False,2026-05-07,105.0,107.0,118.0,-140.0,-140.0,-150.0,118.0,,-140.0,
dylan harper,rebounds,3.5,True,2026-05-07,,107.0,118.0,,,,118.0,,,
dylan harper,rebounds,4.5,True,2026-05-07,210.0,230.0,,,,,230.0,,,
dylan harper,rebounds,5.5,True,2026-05-07,,477.0,520.0,,,,520.0,,,
dylan harper,rebounds,6.5,True,2026-05-07,825.0,930.0,,,,,930.0,,,
dylan harper,rebounds,7.5,True,2026-05-07,,1640.0,,,,,1640.0,,,
dylan harper,rebounds,8.5,True,2026-05-07,,2600.0,,,,,2600.0,,,
dylan harper,threes,0.5,False,2026-05-07,,-149.0,,,113.0,,-149.0,,113.0,
dylan harper,threes,0.5,True,2026-05-07,,-153.0,-158.0,,,,-153.0,,,
dylan harper,threes,1.5,True,2026-05-07,,303.0,310.0,,,,310.0,,,
dylan harper,threes,2.5,True,2026-05-07,,1000.0,1000.0,,,,1000.0,,,
dylan harper,threes,3.5,True,2026-05-07,,2500.0,,,,,2500.0,,,
evan mobley,assists,1.5,True,2026-05-07,,,-670.0,,,410.0,-670.0,,410.0,
evan mobley,assists,2.5,True,2026-05-07,-190.0,-198.0,-220.0,,,162.0,-190.0,,162.0,
evan mobley,assists,3.5,False,2026-05-07,130.0,123.0,122.0,-175.0,-163.0,-162.0,130.0,,-162.0,
evan mobley,assists,3.5,True,2026-05-07,,123.0,122.0,,,-162.0,123.0,,-162.0,
evan mobley,assists,4.5,True,2026-05-07,275.0,272.0,270.0,,,-400.0,275.0,,-400.0,
evan mobley,assists,5.5,True,2026-05-07,,576.0,560.0,,,-1100.0,576.0,,-1100.0,
evan mobley,assists,6.5,True,2026-05-07,,1200.0,,,,,1200.0,,,
evan mobley,assists,7.5,True,2026-05-07,,2100.0,1800.0,,,,2100.0,,,
evan mobley,points,7.5,True,2026-05-07,,-1620.0,,,,,-1620.0,,,
evan mobley,points,9.5,True,2026-05-07,-1000.0,-640.0,-700.0,,,410.0,-640.0,,410.0,
evan mobley,points,10.5,True,2026-05-07,,,-470.0,,,310.0,-470.0,,310.0,
evan mobley,points,11.5,True,2026-05-07,,-309.0,-340.0,,,235.0,-309.0,,235.0,
evan mobley,points,12.5,True,2026-05-07,,,-250.0,,,182.0,-250.0,,182.0,
evan mobley,points,13.5,True,2026-05-07,,,-186.0,,,138.0,-186.0,,138.0,
evan mobley,points,14.5,True,2026-05-07,-185.0,-131.0,-138.0,,,104.0,-131.0,,104.0,
evan mobley,points,15.5,False,2026-05-07,,100.0,100.0,,-127.0,-132.0,100.0,,-127.0,
evan mobley,points,15.5,True,2026-05-07,,100.0,100.0,,,-132.0,100.0,,-132.0,
evan mobley,points,16.5,False,2026-05-07,105.0,,,-140.0,,,105.0,,-140.0,
evan mobley,points,16.5,True,2026-05-07,,,132.0,,,-174.0,132.0,,-174.0,
evan mobley,points,17.5,True,2026-05-07,,166.0,168.0,,,-230.0,168.0,,-230.0,
evan mobley,points,18.5,True,2026-05-07,,,210.0,,,-300.0,210.0,,-300.0,
evan mobley,points,19.5,True,2026-05-07,200.0,273.0,270.0,,,-400.0,273.0,,-400.0,
evan mobley,points,20.5,True,2026-05-07,,,350.0,,,-550.0,350.0,,-550.0,
evan mobley,points,21.5,True,2026-05-07,,,430.0,,,-750.0,430.0,,-750.0,
evan mobley,points,24.5,True,2026-05-07,625.0,890.0,870.0,,,,890.0,,,
evan mobley,points,29.5,True,2026-05-07,,2500.0,2500.0,,,,2500.0,,,
evan mobley,rebounds,4.5,True,2026-05-07,-1600.0,-1680.0,,,,,-1600.0,,,
evan mobley,rebounds,5.5,True,2026-05-07,,-700.0,-650.0,,,400.0,-650.0,,400.0,
evan mobley,rebounds,6.5,True,2026-05-07,-350.0,-347.0,-330.0,,,230.0,-330.0,,230.0,
evan mobley,rebounds,7.5,True,2026-05-07,,-192.0,-178.0,,,136.0,-178.0,,136.0,
evan mobley,rebounds,8.5,False,2026-05-07,-111.0,-111.0,-104.0,-120.0,-119.0,-128.0,-104.0,,-119.0,
evan mobley,rebounds,8.5,True,2026-05-07,,-113.0,-104.0,,,-128.0,-104.0,,-128.0,
evan mobley,rebounds,9.5,True,2026-05-07,145.0,146.0,140.0,,,-188.0,146.0,,-188.0,
evan mobley,rebounds,10.5,True,2026-05-07,,239.0,225.0,,,-320.0,239.0,,-320.0,
evan mobley,rebounds,11.5,True,2026-05-07,,378.0,360.0,,,-580.0,378.0,,-580.0,
evan mobley,rebounds,12.5,True,2026-05-07,600.0,598.0,,,,-1200.0,600.0,,-1200.0,
evan mobley,rebounds,13.5,True,2026-05-07,,920.0,900.0,,,,920.0,,,
evan mobley,rebounds,14.5,True,2026-05-07,,1420.0,,,,,1420.0,,,
evan mobley,rebounds,15.5,True,2026-05-07,,2100.0,1800.0,,,,2100.0,,,
evan mobley,rebounds,16.5,True,2026-05-07,,2800.0,,,,,2800.0,,,
evan mobley,threes,0.5,False,2026-05-07,-190.0,-222.0,-225.0,140.0,166.0,164.0,-190.0,,166.0,
evan mobley,threes,0.5,True,2026-05-07,-190.0,-222.0,-225.0,,,164.0,-190.0,,164.0,
evan mobley,threes,1.5,True,2026-05-07,230.0,199.0,230.0,,,-330.0,230.0,,-330.0,
evan mobley,threes,2.5,True,2026-05-07,750.0,640.0,830.0,,,,830.0,,,
evan mobley,threes,3.5,True,2026-05-07,,1780.0,2000.0,,,,2000.0,,,
isaiah hartenstein,assists,1.5,True,2026-05-08,,,-580.0,,,360.0,-580.0,,360.0,
isaiah hartenstein,assists,2.5,False,2026-05-08,-175.0,-169.0,,130.0,128.0,,-169.0,,130.0,
isaiah hartenstein,assists,2.5,True,2026-05-08,-185.0,-169.0,-186.0,,,138.0,-169.0,,138.0,
isaiah hartenstein,assists,3.5,False,2026-05-08,,,140.0,,,-188.0,140.0,,-188.0,
isaiah hartenstein,assists,3.5,True,2026-05-08,,146.0,140.0,,,-188.0,146.0,,-188.0,
isaiah hartenstein,assists,4.5,True,2026-05-08,300.0,326.0,310.0,,,-470.0,326.0,,-470.0,
isaiah hartenstein,assists,5.5,True,2026-05-08,,710.0,630.0,,,-1400.0,710.0,,-1400.0,
isaiah hartenstein,assists,6.5,True,2026-05-08,,1420.0,,,,,1420.0,,,
isaiah hartenstein,assists,7.5,True,2026-05-08,,2500.0,,,,,2500.0,,,
isaiah hartenstein,points,3.5,True,2026-05-08,,,-850.0,,,470.0,-850.0,,470.0,
isaiah hartenstein,points,4.5,True,2026-05-08,,,-470.0,,,310.0,-470.0,,310.0,
isaiah hartenstein,points,5.5,True,2026-05-08,,-259.0,-280.0,,,200.0,-259.0,,200.0,
isaiah hartenstein,points,6.5,True,2026-05-08,,,-198.0,,,146.0,-198.0,,146.0,
isaiah hartenstein,points,7.5,False,2026-05-08,-125.0,-115.0,-130.0,-105.0,-111.0,-102.0,-115.0,,-102.0,
isaiah hartenstein,points,7.5,True,2026-05-08,,-112.0,-130.0,,,-102.0,-112.0,,-102.0,
isaiah hartenstein,points,8.5,True,2026-05-08,,,114.0,,,-152.0,114.0,,-152.0,
isaiah hartenstein,points,9.5,True,2026-05-08,170.0,182.0,158.0,,,-215.0,182.0,,-215.0,
isaiah hartenstein,points,10.5,True,2026-05-08,,,220.0,,,-310.0,220.0,,-310.0,
isaiah hartenstein,points,11.5,True,2026-05-08,,348.0,,,,,348.0,,,
isaiah hartenstein,points,14.5,True,2026-05-08,,870.0,750.0,,,,870.0,,,
isaiah hartenstein,points,17.5,True,2026-05-08,,1920.0,,,,,1920.0,,,
isaiah hartenstein,points,19.5,True,2026-05-08,,2800.0,,,,,2800.0,,,
isaiah hartenstein,rebounds,3.5,True,2026-05-08,,,-4000.0,,,,-4000.0,,,
isaiah hartenstein,rebounds,4.5,True,2026-05-08,-1400.0,-1340.0,-1400.0,,,,-1340.0,,,
isaiah hartenstein,rebounds,5.5,True,2026-05-08,,-571.0,-500.0,,,320.0,-500.0,,320.0,
isaiah hartenstein,rebounds,6.5,True,2026-05-08,-285.0,-295.0,-280.0,,,200.0,-280.0,,200.0,
isaiah hartenstein,rebounds,7.5,True,2026-05-08,,-164.0,-156.0,,,118.0,-156.0,,118.0,
isaiah hartenstein,rebounds,8.5,False,2026-05-08,110.0,107.0,108.0,-150.0,-140.0,-144.0,110.0,,-140.0,
isaiah hartenstein,rebounds,8.5,True,2026-05-08,,104.0,108.0,,,-144.0,108.0,,-144.0,
isaiah hartenstein,rebounds,9.5,True,2026-05-08,180.0,169.0,148.0,,,-200.0,180.0,,-200.0,
isaiah hartenstein,rebounds,10.5,True,2026-05-08,,270.0,230.0,,,-330.0,270.0,,-330.0,
isaiah hartenstein,rebounds,11.5,True,2026-05-08,,427.0,370.0,,,-600.0,427.0,,-600.0,
isaiah hartenstein,rebounds,12.5,True,2026-05-08,700.0,670.0,,,,-1100.0,700.0,,-1100.0,
isaiah hartenstein,rebounds,13.5,True,2026-05-08,,1040.0,870.0,,,,1040.0,,,
isaiah hartenstein,rebounds,14.5,True,2026-05-08,,1560.0,,,,,1560.0,,,
isaiah hartenstein,rebounds,15.5,True,2026-05-08,,2200.0,1700.0,,,,2200.0,,,
isaiah hartenstein,rebounds,16.5,True,2026-05-08,,2800.0,,,,,2800.0,,,
isaiah joe,points,2.5,True,2026-05-08,,,-700.0,,,410.0,-700.0,,410.0,
isaiah joe,points,3.5,True,2026-05-08,,,-310.0,,,220.0,-310.0,,220.0,
isaiah joe,points,4.5,True,2026-05-08,,,-260.0,,,188.0,-260.0,,188.0,
isaiah joe,points,5.5,True,2026-05-08,,-190.0,-182.0,,,136.0,-182.0,,136.0,
isaiah joe,points,6.5,False,2026-05-08,100.0,-120.0,-114.0,-135.0,-106.0,-114.0,100.0,,-106.0,
isaiah joe,points,6.5,True,2026-05-08,,-117.0,-114.0,,,-114.0,-114.0,,-114.0,
isaiah joe,points,7.5,True,2026-05-08,,102.0,106.0,,,-140.0,106.0,,-140.0,
isaiah joe,points,8.5,True,2026-05-08,,,146.0,,,-198.0,146.0,,-198.0,
isaiah joe,points,9.5,True,2026-05-08,230.0,197.0,194.0,,,-270.0,230.0,,-270.0,
isaiah joe,points,11.5,True,2026-05-08,,313.0,,,,,313.0,,,
isaiah joe,points,14.5,True,2026-05-08,750.0,670.0,600.0,,,,750.0,,,
isaiah joe,points,17.5,True,2026-05-08,,1340.0,,,,,1340.0,,,
isaiah joe,points,19.5,True,2026-05-08,,1980.0,1400.0,,,,1980.0,,,
isaiah joe,rebounds,1.5,True,2026-05-08,,-134.0,,,,,-134.0,,,
isaiah joe,rebounds,2.5,True,2026-05-08,,207.0,,,,,207.0,,,
isaiah joe,rebounds,3.5,True,2026-05-08,,493.0,,,,,493.0,,,
isaiah joe,rebounds,4.5,True,2026-05-08,,1100.0,,,,,1100.0,,,
isaiah joe,rebounds,5.5,True,2026-05-08,,2100.0,,,,,2100.0,,,
isaiah joe,threes,0.5,True,2026-05-08,-600.0,-546.0,-470.0,,,310.0,-470.0,,310.0,
isaiah joe,threes,1.5,False,2026-05-08,-140.0,,,105.0,,,-140.0,,105.0,
isaiah joe,threes,1.5,True,2026-05-08,-140.0,-133.0,-114.0,,,-114.0,-114.0,,-114.0,
isaiah joe,threes,2.5,True,2026-05-08,200.0,202.0,230.0,,,-330.0,230.0,,-330.0,
isaiah joe,threes,3.5,True,2026-05-08,475.0,486.0,540.0,,,-1000.0,540.0,,-1000.0,
isaiah joe,threes,4.5,True,2026-05-08,,1060.0,1100.0,,,,1100.0,,,
isaiah joe,threes,5.5,True,2026-05-08,,2000.0,1700.0,,,,2000.0,,,
isaiah joe,threes,6.5,True,2026-05-08,,,3500.0,,,,3500.0,,,
isaiah stewart ii,points,0.5,True,2026-05-07,,,-580.0,,,360.0,-580.0,,360.0,
isaiah stewart ii,points,1.5,True,2026-05-07,,,-500.0,,,320.0,-500.0,,320.0,
isaiah stewart ii,points,2.5,True,2026-05-07,,,-210.0,,,154.0,-210.0,,154.0,
isaiah stewart ii,points,3.5,False,2026-05-07,,-136.0,-132.0,,107.0,100.0,-132.0,,107.0,
isaiah stewart ii,points,3.5,True,2026-05-07,,-136.0,-132.0,,,100.0,-132.0,,100.0,
isaiah stewart ii,points,4.5,False,2026-05-07,110.0,,,-145.0,,,110.0,,-145.0,
isaiah stewart ii,points,4.5,True,2026-05-07,,,120.0,,,-160.0,120.0,,-160.0,
isaiah stewart ii,points,5.5,True,2026-05-07,,178.0,182.0,,,-250.0,182.0,,-250.0,
isaiah stewart ii,points,6.5,True,2026-05-07,,,265.0,,,-390.0,265.0,,-390.0,
isaiah stewart ii,points,7.5,True,2026-05-07,,377.0,,,,,377.0,,,
isaiah stewart ii,points,9.5,True,2026-05-07,650.0,740.0,750.0,,,,750.0,,,
isaiah stewart ii,points,11.5,True,2026-05-07,,1400.0,,,,,1400.0,,,
isaiah stewart ii,points,14.5,True,2026-05-07,,2800.0,,,,,2800.0,,,
isaiah stewart ii,rebounds,1.5,True,2026-05-07,,,-350.0,,,235.0,-350.0,,235.0,
isaiah stewart ii,rebounds,2.5,False,2026-05-07,-140.0,-135.0,-136.0,105.0,102.0,102.0,-135.0,,105.0,
isaiah stewart ii,rebounds,2.5,True,2026-05-07,-140.0,-135.0,-136.0,,,102.0,-135.0,,102.0,
isaiah stewart ii,rebounds,3.5,True,2026-05-07,,156.0,162.0,,,-215.0,162.0,,-215.0,
isaiah stewart ii,rebounds,4.5,True,2026-05-07,340.0,301.0,290.0,,,-440.0,340.0,,-440.0,
isaiah stewart ii,rebounds,5.5,True,2026-05-07,,558.0,540.0,,,-1000.0,558.0,,-1000.0,
isaiah stewart ii,rebounds,6.5,True,2026-05-07,,980.0,,,,,980.0,,,
isaiah stewart ii,rebounds,7.5,True,2026-05-07,,1640.0,1400.0,,,,1640.0,,,
isaiah stewart ii,rebounds,8.5,True,2026-05-07,,2500.0,,,,,2500.0,,,
jaden mcdaniels,assists,1.5,True,2026-05-07,,,-330.0,,,230.0,-330.0,,230.0,
jaden mcdaniels,assists,2.5,False,2026-05-07,-105.0,107.0,-102.0,-125.0,-140.0,-125.0,107.0,,-125.0,
jaden mcdaniels,assists,2.5,True,2026-05-07,-105.0,106.0,-102.0,,,-130.0,106.0,,-130.0,
jaden mcdaniels,assists,3.5,True,2026-05-07,,262.0,235.0,,,-340.0,262.0,,-340.0,
jaden mcdaniels,assists,4.5,True,2026-05-07,500.0,620.0,,,,-1100.0,620.0,,-1100.0,
jaden mcdaniels,assists,5.5,True,2026-05-07,,1300.0,1200.0,,,,1300.0,,,
jaden mcdaniels,assists,6.5,True,2026-05-07,,2500.0,,,,,2500.0,,,
jaden mcdaniels,points,5.5,True,2026-05-07,,-2900.0,,,,,-2900.0,,,
jaden mcdaniels,points,7.5,True,2026-05-07,,-950.0,,,,,-950.0,,,
jaden mcdaniels,points,9.5,True,2026-05-07,-500.0,-426.0,-520.0,,,,-426.0,,,
jaden mcdaniels,points,11.5,True,2026-05-07,,-227.0,,,,,-227.0,,,
jaden mcdaniels,points,14.5,False,2026-05-07,-105.0,101.0,-108.0,-125.0,-128.0,-118.0,101.0,,-118.0,
jaden mcdaniels,points,14.5,True,2026-05-07,-105.0,101.0,-108.0,,,,101.0,,,
jaden mcdaniels,points,17.5,True,2026-05-07,,210.0,,,,,210.0,,,
jaden mcdaniels,points,19.5,True,2026-05-07,325.0,335.0,320.0,,,,335.0,,,
jaden mcdaniels,points,24.5,True,2026-05-07,,1000.0,1000.0,,,,1000.0,,,
jaden mcdaniels,points,29.5,True,2026-05-07,,2500.0,3000.0,,,,3000.0,,,
jaden mcdaniels,rebounds,2.5,True,2026-05-07,-625.0,-670.0,-700.0,,,410.0,-625.0,,410.0,
jaden mcdaniels,rebounds,3.5,True,2026-05-07,,-255.0,-270.0,,,194.0,-255.0,,194.0,
jaden mcdaniels,rebounds,4.5,False,2026-05-07,-115.0,-122.0,-113.0,-115.0,-108.0,-113.0,-113.0,,-108.0,
jaden mcdaniels,rebounds,4.5,True,2026-05-07,-115.0,-121.0,-114.0,,,-114.0,-114.0,,-114.0,
jaden mcdaniels,rebounds,5.5,True,2026-05-07,,160.0,186.0,,,-250.0,186.0,,-250.0,
jaden mcdaniels,rebounds,6.5,True,2026-05-07,320.0,303.0,350.0,,,-550.0,350.0,,-550.0,
jaden mcdaniels,rebounds,7.5,True,2026-05-07,,543.0,680.0,,,-1450.0,680.0,,-1450.0,
jaden mcdaniels,rebounds,8.5,True,2026-05-07,,950.0,,,,,950.0,,,
jaden mcdaniels,rebounds,9.5,True,2026-05-07,,1600.0,1500.0,,,,1600.0,,,
jaden mcdaniels,rebounds,10.5,True,2026-05-07,,2500.0,,,,,2500.0,,,
jaden mcdaniels,threes,0.5,True,2026-05-07,-300.0,-289.0,-350.0,,,250.0,-289.0,,250.0,
jaden mcdaniels,threes,1.5,False,2026-05-07,145.0,149.0,142.0,-200.0,-199.0,-184.0,149.0,,-184.0,
jaden mcdaniels,threes,1.5,True,2026-05-07,140.0,151.0,140.0,,,-188.0,151.0,,-188.0,
jaden mcdaniels,threes,2.5,True,2026-05-07,425.0,474.0,410.0,,,-750.0,474.0,,-750.0,
jaden mcdaniels,threes,3.5,True,2026-05-07,,1320.0,1200.0,,,,1320.0,,,
jaden mcdaniels,threes,4.5,True,2026-05-07,,2700.0,,,,,2700.0,,,
jake laravia,points,0.5,True,2026-05-08,,,-470.0,,,310.0,-470.0,,310.0,
jake laravia,points,1.5,True,2026-05-08,,,-420.0,,,280.0,-420.0,,280.0,
jake laravia,points,2.5,True,2026-05-08,,,-158.0,,,116.0,-158.0,,116.0,
jake laravia,points,3.5,False,2026-05-08,-135.0,-105.0,-108.0,100.0,-121.0,-122.0,-105.0,,100.0,
jake laravia,points,3.5,True,2026-05-08,,-105.0,-108.0,,,-122.0,-105.0,,-122.0,
jake laravia,points,4.5,True,2026-05-08,,,158.0,,,-215.0,158.0,,-215.0,
jake laravia,points,5.5,True,2026-05-08,,226.0,225.0,,,-320.0,226.0,,-320.0,
jake laravia,points,6.5,True,2026-05-08,,,320.0,,,-490.0,320.0,,-490.0,
jake laravia,points,7.5,True,2026-05-08,,483.0,,,,,483.0,,,
jake laravia,points,9.5,True,2026-05-08,825.0,950.0,870.0,,,,950.0,,,
jake laravia,points,11.5,True,2026-05-08,,1800.0,,,,,1800.0,,,
jake laravia,rebounds,2.5,True,2026-05-08,,-140.0,,,,,-140.0,,,
jake laravia,rebounds,3.5,True,2026-05-08,,155.0,,,,,155.0,,,
jake laravia,rebounds,4.5,True,2026-05-08,,312.0,,,,,312.0,,,
jake laravia,rebounds,5.5,True,2026-05-08,,577.0,,,,,577.0,,,
jake laravia,rebounds,6.5,True,2026-05-08,,1020.0,,,,,1020.0,,,
jake laravia,rebounds,7.5,True,2026-05-08,,1700.0,,,,,1700.0,,,
jake laravia,rebounds,8.5,True,2026-05-08,,2600.0,,,,,2600.0,,,
jake laravia,threes,0.5,True,2026-05-08,,137.0,,,,,137.0,,,
jake laravia,threes,1.5,True,2026-05-08,,680.0,,,,,680.0,,,
jake laravia,threes,2.5,True,2026-05-08,,2200.0,,,,,2200.0,,,
jalen brunson,assists,2.5,True,2026-05-06,,-3600.0,,,,,-3600.0,,,
jalen brunson,assists,3.5,True,2026-05-06,,-920.0,-1400.0,,,,-920.0,,,
jalen brunson,assists,4.5,True,2026-05-06,-500.0,-392.0,-440.0,,,290.0,-392.0,,290.0,
jalen brunson,assists,5.5,True,2026-05-06,,-190.0,-194.0,,,148.0,-190.0,,148.0,
jalen brunson,assists,6.5,False,2026-05-06,-105.0,103.0,102.0,-125.0,-135.0,-130.0,103.0,,-125.0,
jalen brunson,assists,6.5,True,2026-05-06,-115.0,101.0,100.0,,,-132.0,101.0,,-132.0,
jalen brunson,assists,7.5,True,2026-05-06,,180.0,200.0,,,-270.0,200.0,,-270.0,
jalen brunson,assists,8.5,True,2026-05-06,,315.0,350.0,,,-550.0,350.0,,-550.0,
jalen brunson,assists,9.5,True,2026-05-06,475.0,569.0,540.0,,,-1000.0,569.0,,-1000.0,
jalen brunson,assists,10.5,True,2026-05-06,,990.0,,,,,990.0,,,
jalen brunson,assists,11.5,True,2026-05-06,,1600.0,1500.0,,,,1600.0,,,
jalen brunson,assists,12.5,True,2026-05-06,,2400.0,,,,,2400.0,,,
jalen brunson,points,14.5,True,2026-05-06,,-3600.0,-6000.0,,,,-3600.0,,,
jalen brunson,points,17.5,True,2026-05-06,,-1060.0,-1450.0,,,,-1060.0,,,
jalen brunson,points,18.5,True,2026-05-06,,,-1000.0,,,,-1000.0,,,
jalen brunson,points,19.5,True,2026-05-06,-600.0,-590.0,-670.0,,,410.0,-590.0,,410.0,
jalen brunson,points,20.5,True,2026-05-06,,,-500.0,,,320.0,-500.0,,320.0,
jalen brunson,points,21.5,True,2026-05-06,,,-400.0,,,270.0,-400.0,,270.0,
jalen brunson,points,22.5,True,2026-05-06,,,-310.0,,,220.0,-310.0,,220.0,
jalen brunson,points,23.5,True,2026-05-06,,,-240.0,,,174.0,-240.0,,174.0,
jalen brunson,points,24.5,True,2026-05-06,-175.0,-172.0,-188.0,,,140.0,-172.0,,140.0,
jalen brunson,points,25.5,True,2026-05-06,,,-152.0,,,114.0,-152.0,,114.0,
jalen brunson,points,26.5,False,2026-05-06,-110.0,-114.0,-115.0,-120.0,-112.0,-111.0,-110.0,,-111.0,
jalen brunson,points,26.5,True,2026-05-06,,-114.0,-118.0,,,-112.0,-114.0,,-112.0,
jalen brunson,points,27.5,True,2026-05-06,,,106.0,,,-140.0,106.0,,-140.0,
jalen brunson,points,28.5,True,2026-05-06,,,134.0,,,-180.0,134.0,,-180.0,
jalen brunson,points,29.5,True,2026-05-06,165.0,162.0,168.0,,,-230.0,168.0,,-230.0,
jalen brunson,points,30.5,True,2026-05-06,,,200.0,,,-280.0,200.0,,-280.0,
jalen brunson,points,31.5,True,2026-05-06,,,240.0,,,-350.0,240.0,,-350.0,
jalen brunson,points,32.5,True,2026-05-06,,,300.0,,,-450.0,300.0,,-450.0,
jalen brunson,points,33.5,True,2026-05-06,,,360.0,,,-580.0,360.0,,-580.0,
jalen brunson,points,34.5,True,2026-05-06,425.0,442.0,450.0,,,-750.0,450.0,,-750.0,
jalen brunson,points,35.5,True,2026-05-06,,,,,,-1100.0,,,-1100.0,
jalen brunson,points,36.5,True,2026-05-06,,,,,,-1450.0,,,-1450.0,
jalen brunson,points,39.5,True,2026-05-06,,1160.0,1100.0,,,,1160.0,,,
jalen brunson,points,44.5,True,2026-05-06,,2600.0,3500.0,,,,3500.0,,,
jalen brunson,rebounds,1.5,True,2026-05-06,,,-470.0,,,310.0,-470.0,,310.0,
jalen brunson,rebounds,2.5,False,2026-05-06,-160.0,-147.0,-146.0,120.0,111.0,114.0,-146.0,,120.0,
jalen brunson,rebounds,2.5,True,2026-05-06,-160.0,-147.0,-148.0,,,112.0,-147.0,,112.0,
jalen brunson,rebounds,3.5,True,2026-05-06,,165.0,182.0,,,-245.0,182.0,,-245.0,
jalen brunson,rebounds,4.5,True,2026-05-06,340.0,362.0,400.0,,,-670.0,400.0,,-670.0,
jalen brunson,rebounds,5.5,True,2026-05-06,,770.0,900.0,,,,900.0,,,
jalen brunson,rebounds,6.5,True,2026-05-06,,1520.0,,,,,1520.0,,,
jalen brunson,rebounds,7.5,True,2026-05-06,,2500.0,,,,,2500.0,,,
jalen brunson,threes,0.5,True,2026-05-06,-1600.0,-1840.0,-2500.0,,,,-1600.0,,,
jalen brunson,threes,1.5,True,2026-05-06,-325.0,-318.0,-330.0,,,230.0,-318.0,,230.0,
jalen brunson,threes,2.5,False,2026-05-06,-105.0,-106.0,-102.0,-125.0,-125.0,-125.0,-102.0,,-125.0,
jalen brunson,threes,2.5,True,2026-05-06,-105.0,-108.0,-102.0,,,-128.0,-102.0,,-128.0,
jalen brunson,threes,3.5,True,2026-05-06,240.0,226.0,235.0,,,-350.0,240.0,,-350.0,
jalen brunson,threes,4.5,True,2026-05-06,550.0,522.0,600.0,,,-1100.0,600.0,,-1100.0,
jalen brunson,threes,5.5,True,2026-05-06,,1120.0,1200.0,,,,1200.0,,,
jalen brunson,threes,6.5,True,2026-05-06,,2100.0,3000.0,,,,3000.0,,,
jalen duren,assists,1.5,False,2026-05-07,-200.0,,,145.0,,,-200.0,,145.0,
jalen duren,assists,1.5,True,2026-05-07,,,-245.0,,,,-245.0,,,
jalen duren,assists,2.5,False,2026-05-07,,131.0,130.0,,-173.0,-174.0,131.0,,-173.0,
jalen duren,assists,2.5,True,2026-05-07,,132.0,,,,,132.0,,,
jalen duren,assists,3.5,True,2026-05-07,,328.0,340.0,,,,340.0,,,
jalen duren,assists,4.5,True,2026-05-07,825.0,760.0,,,,,825.0,,,
jalen duren,assists,5.5,True,2026-05-07,,1620.0,1500.0,,,,1620.0,,,
jalen duren,assists,6.5,True,2026-05-07,,2900.0,,,,,2900.0,,,
jalen duren,points,7.5,True,2026-05-07,,-1660.0,,,,,-1660.0,,,
jalen duren,points,8.5,True,2026-05-07,,,-900.0,,,490.0,-900.0,,490.0,
jalen duren,points,9.5,True,2026-05-07,-750.0,-588.0,-550.0,,,350.0,-550.0,,350.0,
jalen duren,points,10.5,True,2026-05-07,,,-380.0,,,260.0,-380.0,,260.0,
jalen duren,points,11.5,True,2026-05-07,,-283.0,-270.0,,,194.0,-270.0,,194.0,
jalen duren,points,12.5,True,2026-05-07,,,-192.0,,,142.0,-192.0,,142.0,
jalen duren,points,13.5,True,2026-05-07,,,-144.0,,,108.0,-144.0,,108.0,
jalen duren,points,14.5,False,2026-05-07,,-111.0,-106.0,,-115.0,-125.0,-106.0,,-115.0,
jalen duren,points,14.5,True,2026-05-07,-140.0,-111.0,-106.0,,,-125.0,-106.0,,-125.0,
jalen duren,points,15.5,False,2026-05-07,110.0,,,-145.0,,,110.0,,-145.0,
jalen duren,points,15.5,True,2026-05-07,,,128.0,,,-172.0,128.0,,-172.0,
jalen duren,points,16.5,True,2026-05-07,,,168.0,,,-230.0,168.0,,-230.0,
jalen duren,points,17.5,True,2026-05-07,,202.0,220.0,,,-310.0,220.0,,-310.0,
jalen duren,points,18.5,True,2026-05-07,,,280.0,,,-420.0,280.0,,-420.0,
jalen duren,points,19.5,True,2026-05-07,260.0,339.0,360.0,,,-580.0,360.0,,-580.0,
jalen duren,points,20.5,True,2026-05-07,,,450.0,,,-800.0,450.0,,-800.0,
jalen duren,points,24.5,True,2026-05-07,850.0,1260.0,1200.0,,,,1260.0,,,
jalen duren,rebounds,6.5,True,2026-05-07,-2000.0,-1620.0,,,,,-1620.0,,,
jalen duren,rebounds,7.5,True,2026-05-07,,-760.0,-750.0,,,430.0,-750.0,,430.0,
jalen duren,rebounds,8.5,True,2026-05-07,,-409.0,-400.0,,,270.0,-400.0,,270.0,
jalen duren,rebounds,9.5,True,2026-05-07,-275.0,-244.0,-275.0,,,198.0,-244.0,,198.0,
jalen duren,rebounds,10.5,True,2026-05-07,,-154.0,-162.0,,,122.0,-154.0,,122.0,
jalen duren,rebounds,11.5,False,2026-05-07,-110.0,101.0,102.0,-120.0,-133.0,-136.0,102.0,,-120.0,
jalen duren,rebounds,11.5,True,2026-05-07,,102.0,102.0,,,-136.0,102.0,,-136.0,
jalen duren,rebounds,12.5,True,2026-05-07,140.0,154.0,162.0,,,-220.0,162.0,,-220.0,
jalen duren,rebounds,13.5,True,2026-05-07,,232.0,250.0,,,-350.0,250.0,,-350.0,
jalen duren,rebounds,14.5,True,2026-05-07,310.0,347.0,370.0,,,-600.0,370.0,,-600.0,
jalen duren,rebounds,15.5,True,2026-05-07,,524.0,600.0,,,-1200.0,600.0,,-1200.0,
jalen duren,rebounds,16.5,True,2026-05-07,650.0,780.0,,,,,780.0,,,
jalen duren,rebounds,17.5,True,2026-05-07,,1120.0,,,,,1120.0,,,
jalen duren,rebounds,18.5,True,2026-05-07,,1580.0,,,,,1580.0,,,
jalen duren,rebounds,19.5,True,2026-05-07,,2100.0,,,,,2100.0,,,
james harden,assists,3.5,True,2026-05-07,,-1120.0,-1600.0,,,,-1120.0,,,
james harden,assists,4.5,True,2026-05-07,-400.0,-437.0,-550.0,,,350.0,-400.0,,350.0,
james harden,assists,5.5,True,2026-05-07,,-211.0,-240.0,,,178.0,-211.0,,178.0,
james harden,assists,6.5,False,2026-05-07,-105.0,-115.0,-130.0,-125.0,-114.0,-102.0,-105.0,,-102.0,
james harden,assists,6.5,True,2026-05-07,-105.0,-114.0,-130.0,,,-102.0,-105.0,,-102.0,
james harden,assists,7.5,True,2026-05-07,,157.0,152.0,,,-205.0,157.0,,-205.0,
james harden,assists,8.5,True,2026-05-07,,275.0,250.0,,,-360.0,275.0,,-360.0,
james harden,assists,9.5,True,2026-05-07,525.0,486.0,400.0,,,-650.0,525.0,,-650.0,
james harden,assists,10.5,True,2026-05-07,,830.0,,,,,830.0,,,
james harden,assists,11.5,True,2026-05-07,,1380.0,1100.0,,,,1380.0,,,
james harden,assists,12.5,True,2026-05-07,,2100.0,,,,,2100.0,,,
james harden,assists,13.5,True,2026-05-07,,,3000.0,,,,3000.0,,,
james harden,points,9.5,True,2026-05-07,,-2100.0,-3500.0,,,,-2100.0,,,
james harden,points,11.5,True,2026-05-07,,-900.0,,,,,-900.0,,,
james harden,points,12.5,True,2026-05-07,,,-750.0,,,430.0,-750.0,,430.0,
james harden,points,13.5,True,2026-05-07,,,-550.0,,,350.0,-550.0,,350.0,
james harden,points,14.5,True,2026-05-07,-400.0,-364.0,-400.0,,,270.0,-364.0,,270.0,
james harden,points,15.5,True,2026-05-07,,,-300.0,,,210.0,-300.0,,210.0,
james harden,points,16.5,True,2026-05-07,,,-230.0,,,168.0,-230.0,,168.0,
james harden,points,17.5,True,2026-05-07,,-172.0,-174.0,,,130.0,-172.0,,130.0,
james harden,points,18.5,True,2026-05-07,,,-132.0,,,100.0,-132.0,,100.0,
james harden,points,19.5,False,2026-05-07,-115.0,-108.0,-102.0,-115.0,-118.0,-130.0,-102.0,,-115.0,
james harden,points,19.5,True,2026-05-07,-115.0,-110.0,-102.0,,,-130.0,-102.0,,-130.0,
james harden,points,20.5,True,2026-05-07,,,124.0,,,-166.0,124.0,,-166.0,
james harden,points,21.5,True,2026-05-07,,,154.0,,,-210.0,154.0,,-210.0,
james harden,points,22.5,True,2026-05-07,,,194.0,,,-270.0,194.0,,-270.0,
james harden,points,23.5,True,2026-05-07,,,235.0,,,-340.0,235.0,,-340.0,
james harden,points,24.5,True,2026-05-07,250.0,258.0,290.0,,,-440.0,290.0,,-440.0,
james harden,points,25.5,True,2026-05-07,,,360.0,,,-580.0,360.0,,-580.0,
james harden,points,26.5,True,2026-05-07,,,430.0,,,-750.0,430.0,,-750.0,
james harden,points,27.5,True,2026-05-07,,,,,,-1100.0,,,-1100.0,
james harden,points,29.5,True,2026-05-07,700.0,690.0,870.0,,,,870.0,,,
james harden,points,34.5,True,2026-05-07,,1660.0,1700.0,,,,1700.0,,,
james harden,rebounds,2.5,True,2026-05-07,-750.0,-880.0,-1100.0,,,,-750.0,,,
james harden,rebounds,3.5,True,2026-05-07,,-318.0,-350.0,,,240.0,-318.0,,240.0,
james harden,rebounds,4.5,False,2026-05-07,-135.0,-149.0,-152.0,100.0,113.0,114.0,-135.0,,114.0,
james harden,rebounds,4.5,True,2026-05-07,-135.0,-150.0,-152.0,,,114.0,-135.0,,114.0,
james harden,rebounds,5.5,True,2026-05-07,,131.0,142.0,,,-192.0,142.0,,-192.0,
james harden,rebounds,6.5,True,2026-05-07,275.0,244.0,270.0,,,-400.0,275.0,,-400.0,
james harden,rebounds,7.5,True,2026-05-07,,455.0,520.0,,,-900.0,520.0,,-900.0,
james harden,rebounds,8.5,True,2026-05-07,,820.0,,,,,820.0,,,
james harden,rebounds,9.5,True,2026-05-07,,1460.0,1300.0,,,,1460.0,,,
james harden,rebounds,10.5,True,2026-05-07,,2300.0,,,,,2300.0,,,
james harden,threes,0.5,True,2026-05-07,-2000.0,-1540.0,-1800.0,,,,-1540.0,,,
james harden,threes,1.5,True,2026-05-07,-325.0,-286.0,-290.0,,,205.0,-286.0,,205.0,
james harden,threes,2.5,False,2026-05-07,-110.0,102.0,108.0,-120.0,-135.0,-144.0,108.0,,-120.0,
james harden,threes,2.5,True,2026-05-07,-111.0,102.0,110.0,,,-144.0,110.0,,-144.0,
james harden,threes,3.5,True,2026-05-07,220.0,244.0,280.0,,,-400.0,280.0,,-400.0,
james harden,threes,4.5,True,2026-05-07,500.0,547.0,700.0,,,-1450.0,700.0,,-1450.0,
james harden,threes,5.5,True,2026-05-07,,1100.0,1400.0,,,,1400.0,,,
james harden,threes,6.5,True,2026-05-07,,2100.0,3000.0,,,,3000.0,,,
jared mccain,points,0.5,True,2026-05-08,,,-360.0,,,250.0,-360.0,,250.0,
jared mccain,points,1.5,True,2026-05-08,,,-330.0,,,230.0,-330.0,,230.0,
jared mccain,points,2.5,True,2026-05-08,,,-158.0,,,118.0,-158.0,,118.0,
jared mccain,points,3.5,False,2026-05-08,-115.0,113.0,102.0,-115.0,-144.0,-136.0,113.0,,-115.0,
jared mccain,points,3.5,True,2026-05-08,,113.0,102.0,,,-136.0,113.0,,-136.0,
jared mccain,points,4.5,True,2026-05-08,,,144.0,,,-194.0,144.0,,-194.0,
jared mccain,points,5.5,True,2026-05-08,,197.0,205.0,,,-290.0,205.0,,-290.0,
jared mccain,points,6.5,True,2026-05-08,,,280.0,,,-420.0,280.0,,-420.0,
jared mccain,points,7.5,True,2026-05-08,,354.0,,,,,354.0,,,
jared mccain,points,9.5,True,2026-05-08,600.0,660.0,630.0,,,,660.0,,,
jared mccain,points,11.5,True,2026-05-08,,1020.0,,,,,1020.0,,,
jared mccain,points,14.5,True,2026-05-08,,1920.0,,,,,1920.0,,,
jared mccain,points,17.5,True,2026-05-08,,2900.0,,,,,2900.0,,,
jarrett allen,assists,1.5,False,2026-05-07,160.0,174.0,,-220.0,-233.0,,174.0,,-220.0,
jarrett allen,assists,1.5,True,2026-05-07,,173.0,,,,,173.0,,,
jarrett allen,assists,2.5,True,2026-05-07,,574.0,,,,,574.0,,,
jarrett allen,assists,3.5,True,2026-05-07,,1580.0,,,,,1580.0,,,
jarrett allen,points,5.5,True,2026-05-07,,-1140.0,-1100.0,,,,-1100.0,,,
jarrett allen,points,6.5,True,2026-05-07,,,-600.0,,,370.0,-600.0,,370.0,
jarrett allen,points,7.5,True,2026-05-07,,-399.0,-390.0,,,265.0,-390.0,,265.0,
jarrett allen,points,8.5,True,2026-05-07,,,-270.0,,,194.0,-270.0,,194.0,
jarrett allen,points,9.5,True,2026-05-07,-225.0,-180.0,-188.0,,,140.0,-180.0,,140.0,
jarrett allen,points,10.5,False,2026-05-07,,-116.0,-132.0,,-110.0,100.0,-116.0,,100.0,
jarrett allen,points,10.5,True,2026-05-07,,-119.0,-132.0,,,100.0,-119.0,,100.0,
jarrett allen,points,11.5,False,2026-05-07,-111.0,,,-120.0,,,-111.0,,-120.0,
jarrett allen,points,11.5,True,2026-05-07,,111.0,104.0,,,-138.0,111.0,,-138.0,
jarrett allen,points,12.5,True,2026-05-07,,,140.0,,,-188.0,140.0,,-188.0,
jarrett allen,points,13.5,True,2026-05-07,,,188.0,,,-260.0,188.0,,-260.0,
jarrett allen,points,14.5,True,2026-05-07,230.0,293.0,240.0,,,-350.0,293.0,,-350.0,
jarrett allen,points,17.5,True,2026-05-07,,700.0,,,,,700.0,,,
jarrett allen,points,19.5,True,2026-05-07,,1220.0,870.0,,,,1220.0,,,
jarrett allen,points,24.5,True,2026-05-07,,,2500.0,,,,2500.0,,,
jarrett allen,rebounds,3.5,True,2026-05-07,,-1860.0,-1600.0,,,,-1600.0,,,
jarrett allen,rebounds,4.5,True,2026-05-07,-750.0,-660.0,-600.0,,,370.0,-600.0,,370.0,
jarrett allen,rebounds,5.5,True,2026-05-07,,-298.0,-290.0,,,205.0,-290.0,,205.0,
jarrett allen,rebounds,6.5,True,2026-05-07,-185.0,-155.0,-158.0,,,118.0,-155.0,,118.0,
jarrett allen,rebounds,7.5,False,2026-05-07,100.0,112.0,114.0,-135.0,-148.0,-152.0,114.0,,-135.0,
jarrett allen,rebounds,7.5,True,2026-05-07,,113.0,114.0,,,-152.0,114.0,,-152.0,
jarrett allen,rebounds,8.5,True,2026-05-07,,195.0,188.0,,,-260.0,195.0,,-260.0,
jarrett allen,rebounds,9.5,True,2026-05-07,280.0,325.0,265.0,,,-380.0,325.0,,-380.0,
jarrett allen,rebounds,10.5,True,2026-05-07,,551.0,410.0,,,-700.0,551.0,,-700.0,
jarrett allen,rebounds,11.5,True,2026-05-07,,930.0,700.0,,,,930.0,,,
jarrett allen,rebounds,12.5,True,2026-05-07,,1480.0,,,,,1480.0,,,
jarrett allen,rebounds,13.5,True,2026-05-07,,2200.0,1500.0,,,,2200.0,,,
jaxson hayes,points,0.5,True,2026-05-08,,,-900.0,,,490.0,-900.0,,490.0,
jaxson hayes,points,1.5,True,2026-05-08,,,-750.0,,,430.0,-750.0,,430.0,
jaxson hayes,points,2.5,True,2026-05-08,,,-250.0,,,182.0,-250.0,,182.0,
jaxson hayes,points,3.5,True,2026-05-08,,,-186.0,,,138.0,-186.0,,138.0,
jaxson hayes,points,4.5,False,2026-05-08,-105.0,103.0,100.0,-125.0,-132.0,-132.0,103.0,,-125.0,
jaxson hayes,points,4.5,True,2026-05-08,,103.0,100.0,,,-132.0,103.0,,-132.0,
jaxson hayes,points,5.5,True,2026-05-08,,136.0,140.0,,,-188.0,140.0,,-188.0,
jaxson hayes,points,6.5,True,2026-05-08,,,210.0,,,-300.0,210.0,,-300.0,
jaxson hayes,points,7.5,True,2026-05-08,,330.0,290.0,,,-440.0,330.0,,-440.0,
jaxson hayes,points,9.5,True,2026-05-08,550.0,740.0,600.0,,,,740.0,,,
jaxson hayes,points,11.5,True,2026-05-08,,1540.0,,,,,1540.0,,,
jaxson hayes,rebounds,1.5,True,2026-05-08,,,-1000.0,,,,-1000.0,,,
jaxson hayes,rebounds,2.5,True,2026-05-08,-325.0,-390.0,-320.0,,,225.0,-320.0,,225.0,
jaxson hayes,rebounds,3.5,False,2026-05-08,-150.0,-161.0,-152.0,110.0,122.0,114.0,-150.0,,122.0,
jaxson hayes,rebounds,3.5,True,2026-05-08,,-162.0,-152.0,,,114.0,-152.0,,114.0,
jaxson hayes,rebounds,4.5,True,2026-05-08,135.0,128.0,130.0,,,-174.0,135.0,,-174.0,
jaxson hayes,rebounds,5.5,True,2026-05-08,,246.0,240.0,,,-330.0,246.0,,-330.0,
jaxson hayes,rebounds,6.5,True,2026-05-08,425.0,472.0,400.0,,,-670.0,472.0,,-670.0,
jaxson hayes,rebounds,7.5,True,2026-05-08,,860.0,700.0,,,,860.0,,,
jaxson hayes,rebounds,8.5,True,2026-05-08,,1500.0,,,,,1500.0,,,
jaxson hayes,rebounds,9.5,True,2026-05-08,,2400.0,1400.0,,,,2400.0,,,
jaylin williams,points,0.5,True,2026-05-08,,,-450.0,,,300.0,-450.0,,300.0,
jaylin williams,points,1.5,True,2026-05-08,,,-420.0,,,280.0,-420.0,,280.0,
jaylin williams,points,2.5,True,2026-05-08,,,-180.0,,,134.0,-180.0,,134.0,
jaylin williams,points,3.5,False,2026-05-08,,-114.0,-108.0,,-111.0,-122.0,-108.0,,-111.0,
jaylin williams,points,3.5,True,2026-05-08,,-115.0,-108.0,,,-122.0,-108.0,,-122.0,
jaylin williams,points,4.5,False,2026-05-08,105.0,,,-140.0,,,105.0,,-140.0,
jaylin williams,points,4.5,True,2026-05-08,,,134.0,,,-180.0,134.0,,-180.0,
jaylin williams,points,5.5,True,2026-05-08,,141.0,200.0,,,-280.0,200.0,,-280.0,
jaylin williams,points,6.5,True,2026-05-08,,,280.0,,,-420.0,280.0,,-420.0,
jaylin williams,points,7.5,True,2026-05-08,,288.0,,,,,288.0,,,
jaylin williams,points,9.5,True,2026-05-08,550.0,592.0,750.0,,,,750.0,,,
jaylin williams,points,11.5,True,2026-05-08,,950.0,,,,,950.0,,,
jaylin williams,points,14.5,True,2026-05-08,,2100.0,,,,,2100.0,,,
jaylin williams,rebounds,1.5,True,2026-05-08,,,-470.0,,,310.0,-470.0,,310.0,
jaylin williams,rebounds,2.5,True,2026-05-08,-250.0,-205.0,-188.0,,,140.0,-188.0,,140.0,
jaylin williams,rebounds,3.5,False,2026-05-08,-111.0,103.0,,-120.0,-136.0,,103.0,,-120.0,
jaylin williams,rebounds,3.5,True,2026-05-08,,103.0,110.0,,,-146.0,110.0,,-146.0,
jaylin williams,rebounds,4.5,True,2026-05-08,175.0,199.0,200.0,,,-280.0,200.0,,-280.0,
jaylin williams,rebounds,5.5,True,2026-05-08,,364.0,350.0,,,-550.0,364.0,,-550.0,
jaylin williams,rebounds,6.5,True,2026-05-08,575.0,650.0,,,,-1100.0,650.0,,-1100.0,
jaylin williams,rebounds,7.5,True,2026-05-08,,1120.0,900.0,,,,1120.0,,,
jaylin williams,rebounds,8.5,True,2026-05-08,,1820.0,,,,,1820.0,,,
jaylin williams,rebounds,9.5,True,2026-05-08,,2600.0,1700.0,,,,2600.0,,,
jaylin williams,threes,0.5,True,2026-05-08,,-213.0,,,,,-213.0,,,
jaylin williams,threes,1.5,True,2026-05-08,,179.0,,,,,179.0,,,
jaylin williams,threes,2.5,True,2026-05-08,,511.0,,,,,511.0,,,
jaylin williams,threes,3.5,True,2026-05-08,,1300.0,,,,,1300.0,,,
jaylin williams,threes,4.5,True,2026-05-08,,2500.0,,,,,2500.0,,,
jordan clarkson,points,1.5,True,2026-05-06,,,-1000.0,,,,-1000.0,,,
jordan clarkson,points,2.5,True,2026-05-06,,,-360.0,,,250.0,-360.0,,250.0,
jordan clarkson,points,3.5,True,2026-05-06,,,-240.0,,,174.0,-240.0,,174.0,
jordan clarkson,points,4.5,True,2026-05-06,,,-160.0,,,120.0,-160.0,,120.0,
jordan clarkson,points,5.5,False,2026-05-06,-120.0,-114.0,-104.0,-110.0,-112.0,-122.0,-104.0,,-110.0,
jordan clarkson,points,5.5,True,2026-05-06,,-114.0,-104.0,,,-128.0,-104.0,,-128.0,
jordan clarkson,points,6.5,True,2026-05-06,,,136.0,,,-182.0,136.0,,-182.0,
jordan clarkson,points,7.5,True,2026-05-06,,180.0,182.0,,,-250.0,182.0,,-250.0,
jordan clarkson,points,8.5,True,2026-05-06,,,240.0,,,-350.0,240.0,,-350.0,
jordan clarkson,points,9.5,True,2026-05-06,325.0,344.0,330.0,,,,344.0,,,
jordan clarkson,points,11.5,True,2026-05-06,,610.0,,,,,610.0,,,
jordan clarkson,points,14.5,True,2026-05-06,,1400.0,1100.0,,,,1400.0,,,
jordan clarkson,points,17.5,True,2026-05-06,,2700.0,,,,,2700.0,,,
jordan clarkson,threes,0.5,False,2026-05-06,105.0,125.0,,-140.0,-165.0,,125.0,,-140.0,
jordan clarkson,threes,0.5,True,2026-05-06,105.0,128.0,-118.0,,,,128.0,,,
jordan clarkson,threes,1.5,True,2026-05-06,475.0,610.0,370.0,,,,610.0,,,
jordan clarkson,threes,2.5,True,2026-05-06,,1900.0,1100.0,,,,1900.0,,,
josh hart,assists,2.5,True,2026-05-06,-1400.0,-720.0,-1200.0,,,,-720.0,,,
josh hart,assists,3.5,True,2026-05-06,,-308.0,-380.0,,,260.0,-308.0,,260.0,
josh hart,assists,4.5,False,2026-05-06,,-150.0,-162.0,,114.0,126.0,-150.0,,126.0,
josh hart,assists,4.5,True,2026-05-06,-200.0,-148.0,-162.0,,,122.0,-148.0,,122.0,
josh hart,assists,5.5,False,2026-05-06,110.0,,,-145.0,,,110.0,,-145.0,
josh hart,assists,5.5,True,2026-05-06,,125.0,128.0,,,-172.0,128.0,,-172.0,
josh hart,assists,6.5,True,2026-05-06,200.0,224.0,235.0,,,-340.0,235.0,,-340.0,
josh hart,assists,7.5,True,2026-05-06,,389.0,430.0,,,-750.0,430.0,,-750.0,
josh hart,assists,8.5,True,2026-05-06,,670.0,,,,,670.0,,,
josh hart,assists,9.5,True,2026-05-06,,1100.0,1060.0,,,,1100.0,,,
josh hart,assists,10.5,True,2026-05-06,,1680.0,,,,,1680.0,,,
josh hart,assists,11.5,True,2026-05-06,,2500.0,,,,,2500.0,,,
josh hart,points,5.5,True,2026-05-06,,-970.0,,,,,-970.0,,,
josh hart,points,6.5,True,2026-05-06,,,-700.0,,,410.0,-700.0,,410.0,
josh hart,points,7.5,True,2026-05-06,,-398.0,-440.0,,,290.0,-398.0,,290.0,
josh hart,points,8.5,True,2026-05-06,,,-310.0,,,220.0,-310.0,,220.0,
josh hart,points,9.5,True,2026-05-06,-220.0,-198.0,-210.0,,,158.0,-198.0,,158.0,
josh hart,points,10.5,True,2026-05-06,,,-154.0,,,116.0,-154.0,,116.0,
josh hart,points,11.5,False,2026-05-06,-115.0,-108.0,-106.0,-115.0,-118.0,-120.0,-106.0,,-115.0,
josh hart,points,11.5,True,2026-05-06,,-108.0,-108.0,,,-122.0,-108.0,,-122.0,
josh hart,points,12.5,True,2026-05-06,,,126.0,,,-168.0,126.0,,-168.0,
josh hart,points,13.5,True,2026-05-06,,,168.0,,,-230.0,168.0,,-230.0,
josh hart,points,14.5,True,2026-05-06,200.0,204.0,220.0,,,-300.0,220.0,,-300.0,
josh hart,points,15.5,True,2026-05-06,,,280.0,,,-420.0,280.0,,-420.0,
josh hart,points,17.5,True,2026-05-06,,439.0,,,,,439.0,,,
josh hart,points,19.5,True,2026-05-06,700.0,730.0,830.0,,,,830.0,,,
josh hart,points,24.5,True,2026-05-06,,2200.0,2500.0,,,,2500.0,,,
josh hart,rebounds,4.5,True,2026-05-06,,-2300.0,,,,,-2300.0,,,
josh hart,rebounds,5.5,True,2026-05-06,,-880.0,-850.0,,,490.0,-850.0,,490.0,
josh hart,rebounds,6.5,True,2026-05-06,-500.0,-424.0,-420.0,,,280.0,-420.0,,280.0,
josh hart,rebounds,7.5,True,2026-05-06,,-237.0,-235.0,,,172.0,-235.0,,172.0,
josh hart,rebounds,8.5,False,2026-05-06,-145.0,-139.0,-136.0,105.0,106.0,106.0,-136.0,,106.0,
josh hart,rebounds,8.5,True,2026-05-06,,-140.0,-138.0,,,104.0,-138.0,,104.0,
josh hart,rebounds,9.5,True,2026-05-06,115.0,117.0,100.0,,,-132.0,117.0,,-132.0,
josh hart,rebounds,10.5,True,2026-05-06,,187.0,162.0,,,-220.0,187.0,,-220.0,
josh hart,rebounds,11.5,True,2026-05-06,,295.0,255.0,,,-360.0,295.0,,-360.0,
josh hart,rebounds,12.5,True,2026-05-06,475.0,458.0,370.0,,,-600.0,475.0,,-600.0,
josh hart,rebounds,13.5,True,2026-05-06,,710.0,560.0,,,,710.0,,,
josh hart,rebounds,14.5,True,2026-05-06,,1080.0,,,,,1080.0,,,
josh hart,rebounds,15.5,True,2026-05-06,,1520.0,1200.0,,,,1520.0,,,
josh hart,rebounds,16.5,True,2026-05-06,,2000.0,,,,,2000.0,,,
josh hart,rebounds,17.5,True,2026-05-06,,2700.0,,,,,2700.0,,,
josh hart,threes,0.5,True,2026-05-06,-375.0,-429.0,-430.0,,,,-375.0,,,
josh hart,threes,1.5,False,2026-05-06,120.0,111.0,,-160.0,-146.0,,120.0,,-146.0,
josh hart,threes,1.5,True,2026-05-06,115.0,108.0,118.0,,,,118.0,,,
josh hart,threes,2.5,True,2026-05-06,360.0,335.0,390.0,,,,390.0,,,
josh hart,threes,3.5,True,2026-05-06,,920.0,1060.0,,,,1060.0,,,
josh hart,threes,4.5,True,2026-05-06,,2100.0,,,,,2100.0,,,
julian champagnie,assists,1.5,False,2026-05-07,130.0,172.0,,-175.0,-231.0,,172.0,,-175.0,
julian champagnie,assists,1.5,True,2026-05-07,,175.0,,,,,175.0,,,
julian champagnie,assists,2.5,True,2026-05-07,,579.0,,,,,579.0,,,
julian champagnie,assists,3.5,True,2026-05-07,,1560.0,,,,,1560.0,,,
julian champagnie,points,3.5,True,2026-05-07,,,-1100.0,,,,-1100.0,,,
julian champagnie,points,4.5,True,2026-05-07,,,-750.0,,,430.0,-750.0,,430.0,
julian champagnie,points,5.5,True,2026-05-07,,-354.0,-420.0,,,280.0,-354.0,,280.0,
julian champagnie,points,6.5,True,2026-05-07,,,-270.0,,,194.0,-270.0,,194.0,
julian champagnie,points,7.5,True,2026-05-07,,-172.0,-200.0,,,148.0,-172.0,,148.0,
julian champagnie,points,8.5,False,2026-05-07,-130.0,-120.0,-130.0,-105.0,-106.0,102.0,-120.0,,102.0,
julian champagnie,points,8.5,True,2026-05-07,,-121.0,-132.0,,,100.0,-121.0,,100.0,
julian champagnie,points,9.5,True,2026-05-07,115.0,113.0,106.0,,,-138.0,115.0,,-138.0,
julian champagnie,points,10.5,True,2026-05-07,,,140.0,,,-188.0,140.0,,-188.0,
julian champagnie,points,11.5,True,2026-05-07,,200.0,194.0,,,-270.0,200.0,,-270.0,
julian champagnie,points,12.5,True,2026-05-07,,,250.0,,,-360.0,250.0,,-360.0,
julian champagnie,points,14.5,True,2026-05-07,450.0,453.0,440.0,,,,453.0,,,
julian champagnie,points,17.5,True,2026-05-07,,980.0,,,,,980.0,,,
julian champagnie,points,19.5,True,2026-05-07,,1580.0,1400.0,,,,1580.0,,,
julian champagnie,rebounds,2.5,True,2026-05-07,-1200.0,-1100.0,-1400.0,,,,-1100.0,,,
julian champagnie,rebounds,3.5,True,2026-05-07,,-390.0,-420.0,,,280.0,-390.0,,280.0,
julian champagnie,rebounds,4.5,True,2026-05-07,-200.0,-177.0,-182.0,,,136.0,-177.0,,136.0,
julian champagnie,rebounds,5.5,False,2026-05-07,100.0,112.0,122.0,-135.0,-148.0,-156.0,122.0,,-135.0,
julian champagnie,rebounds,5.5,True,2026-05-07,,112.0,118.0,,,-158.0,118.0,,-158.0,
julian champagnie,rebounds,6.5,True,2026-05-07,180.0,213.0,220.0,,,-310.0,220.0,,-310.0,
julian champagnie,rebounds,7.5,True,2026-05-07,,384.0,390.0,,,-650.0,390.0,,-650.0,
julian champagnie,rebounds,8.5,True,2026-05-07,,690.0,,,,,690.0,,,
julian champagnie,rebounds,9.5,True,2026-05-07,,1220.0,1060.0,,,,1220.0,,,
julian champagnie,rebounds,10.5,True,2026-05-07,,1900.0,,,,,1900.0,,,
julian champagnie,rebounds,11.5,True,2026-05-07,,2900.0,,,,,2900.0,,,
julian champagnie,threes,0.5,True,2026-05-07,-800.0,-780.0,-1000.0,,,,-780.0,,,
julian champagnie,threes,1.5,False,2026-05-07,-165.0,-163.0,-186.0,125.0,123.0,144.0,-163.0,,144.0,
julian champagnie,threes,1.5,True,2026-05-07,-165.0,-164.0,-192.0,,,142.0,-164.0,,142.0,
julian champagnie,threes,2.5,True,2026-05-07,175.0,181.0,174.0,,,-240.0,181.0,,-240.0,
julian champagnie,threes,3.5,True,2026-05-07,450.0,465.0,430.0,,,-750.0,465.0,,-750.0,
julian champagnie,threes,4.5,True,2026-05-07,,1120.0,1000.0,,,,1120.0,,,
julian champagnie,threes,5.5,True,2026-05-07,,2200.0,2000.0,,,,2200.0,,,
julius randle,assists,1.5,True,2026-05-07,,,-2200.0,,,,-2200.0,,,
julius randle,assists,2.5,True,2026-05-07,-450.0,-445.0,-470.0,,,310.0,-445.0,,310.0,
julius randle,assists,3.5,True,2026-05-07,,-177.0,-180.0,,,132.0,-177.0,,132.0,
julius randle,assists,4.5,False,2026-05-07,125.0,120.0,130.0,-165.0,-158.0,-166.0,130.0,,-158.0,
julius randle,assists,4.5,True,2026-05-07,125.0,120.0,128.0,,,-172.0,128.0,,-172.0,
julius randle,assists,5.5,True,2026-05-07,,233.0,265.0,,,-390.0,265.0,,-390.0,
julius randle,assists,6.5,True,2026-05-07,475.0,453.0,,,,-1000.0,475.0,,-1000.0,
julius randle,assists,7.5,True,2026-05-07,,860.0,1000.0,,,,1000.0,,,
julius randle,assists,8.5,True,2026-05-07,,1520.0,,,,,1520.0,,,
julius randle,assists,9.5,True,2026-05-07,,2400.0,2500.0,,,,2500.0,,,
julius randle,points,9.5,True,2026-05-07,-1600.0,-1460.0,-2000.0,,,,-1460.0,,,
julius randle,points,10.5,True,2026-05-07,,,-1200.0,,,,-1200.0,,,
julius randle,points,11.5,True,2026-05-07,,-660.0,-800.0,,,450.0,-660.0,,450.0,
julius randle,points,12.5,True,2026-05-07,,,-550.0,,,350.0,-550.0,,350.0,
julius randle,points,13.5,True,2026-05-07,,,-400.0,,,270.0,-400.0,,270.0,
julius randle,points,14.5,True,2026-05-07,-275.0,-270.0,-290.0,,,205.0,-270.0,,205.0,
julius randle,points,15.5,True,2026-05-07,,,-230.0,,,168.0,-230.0,,168.0,
julius randle,points,16.5,True,2026-05-07,,,-178.0,,,132.0,-178.0,,132.0,
julius randle,points,17.5,False,2026-05-07,-120.0,,,-110.0,,,-120.0,,-110.0,
julius randle,points,17.5,True,2026-05-07,,-133.0,-136.0,,,102.0,-133.0,,102.0,
julius randle,points,18.5,False,2026-05-07,,-109.0,-104.0,,-117.0,-122.0,-104.0,,-117.0,
julius randle,points,18.5,True,2026-05-07,,-107.0,-106.0,,,-125.0,-106.0,,-125.0,
julius randle,points,19.5,True,2026-05-07,125.0,117.0,122.0,,,-162.0,125.0,,-162.0,
julius randle,points,20.5,True,2026-05-07,,,158.0,,,-215.0,158.0,,-215.0,
julius randle,points,21.5,True,2026-05-07,,,194.0,,,-270.0,194.0,,-270.0,
julius randle,points,22.5,True,2026-05-07,,,235.0,,,-340.0,235.0,,-340.0,
julius randle,points,23.5,True,2026-05-07,,,300.0,,,-450.0,300.0,,-450.0,
julius randle,points,24.5,True,2026-05-07,380.0,335.0,370.0,,,-600.0,380.0,,-600.0,
julius randle,points,29.5,True,2026-05-07,,870.0,1060.0,,,,1060.0,,,
julius randle,points,34.5,True,2026-05-07,,2000.0,2500.0,,,,2500.0,,,
julius randle,rebounds,2.5,True,2026-05-07,,-3400.0,,,,,-3400.0,,,
julius randle,rebounds,3.5,True,2026-05-07,,-930.0,-1100.0,,,,-930.0,,,
julius randle,rebounds,4.5,True,2026-05-07,-375.0,-385.0,-420.0,,,270.0,-375.0,,270.0,
julius randle,rebounds,5.5,True,2026-05-07,,-199.0,-188.0,,,146.0,-188.0,,146.0,
julius randle,rebounds,6.5,False,2026-05-07,-105.0,-109.0,102.0,-125.0,-120.0,-130.0,102.0,,-120.0,
julius randle,rebounds,6.5,True,2026-05-07,-105.0,-109.0,100.0,,,-132.0,100.0,,-132.0,
julius randle,rebounds,7.5,True,2026-05-07,,158.0,196.0,,,-260.0,196.0,,-260.0,
julius randle,rebounds,8.5,True,2026-05-07,,265.0,320.0,,,-490.0,320.0,,-490.0,
julius randle,rebounds,9.5,True,2026-05-07,475.0,447.0,480.0,,,-800.0,480.0,,-800.0,
julius randle,rebounds,10.5,True,2026-05-07,,750.0,,,,,750.0,,,
julius randle,rebounds,11.5,True,2026-05-07,,1200.0,1300.0,,,,1300.0,,,
julius randle,rebounds,12.5,True,2026-05-07,,1800.0,,,,,1800.0,,,
julius randle,rebounds,13.5,True,2026-05-07,,2600.0,,,,,2600.0,,,
julius randle,threes,0.5,True,2026-05-07,-325.0,-285.0,-330.0,,,235.0,-285.0,,235.0,
julius randle,threes,1.5,False,2026-05-07,130.0,154.0,148.0,-175.0,-205.0,-192.0,154.0,,-175.0,
julius randle,threes,1.5,True,2026-05-07,130.0,154.0,148.0,,,-200.0,154.0,,-200.0,
julius randle,threes,2.5,True,2026-05-07,400.0,475.0,470.0,,,-800.0,475.0,,-800.0,
julius randle,threes,3.5,True,2026-05-07,,1260.0,1200.0,,,,1260.0,,,
julius randle,threes,4.5,True,2026-05-07,,2600.0,,,,,2600.0,,,
karl-anthony towns,assists,1.5,True,2026-05-06,,,-2500.0,,,,-2500.0,,,
karl-anthony towns,assists,2.5,True,2026-05-06,-625.0,-383.0,,,,,-383.0,,,
karl-anthony towns,assists,3.5,True,2026-05-06,,-170.0,-186.0,,,,-170.0,,,
karl-anthony towns,assists,4.5,False,2026-05-06,100.0,109.0,120.0,-135.0,-144.0,-154.0,120.0,,-135.0,
karl-anthony towns,assists,4.5,True,2026-05-06,-105.0,112.0,,,,,112.0,,,
karl-anthony towns,assists,5.5,True,2026-05-06,,202.0,240.0,,,,240.0,,,
karl-anthony towns,assists,6.5,True,2026-05-06,360.0,354.0,,,,,360.0,,,
karl-anthony towns,assists,7.5,True,2026-05-06,,610.0,900.0,,,,900.0,,,
karl-anthony towns,assists,8.5,True,2026-05-06,,1000.0,,,,,1000.0,,,
karl-anthony towns,assists,9.5,True,2026-05-06,,1580.0,2000.0,,,,2000.0,,,
karl-anthony towns,assists,10.5,True,2026-05-06,,2300.0,,,,,2300.0,,,
karl-anthony towns,points,9.5,True,2026-05-06,,-2500.0,-4000.0,,,,-2500.0,,,
karl-anthony towns,points,11.5,True,2026-05-06,,-1020.0,-1400.0,,,,-1020.0,,,
karl-anthony towns,points,12.5,True,2026-05-06,,,-800.0,,,450.0,-800.0,,450.0,
karl-anthony towns,points,13.5,True,2026-05-06,,,-550.0,,,350.0,-550.0,,350.0,
karl-anthony towns,points,14.5,True,2026-05-06,-450.0,-358.0,-390.0,,,270.0,-358.0,,270.0,
karl-anthony towns,points,15.5,True,2026-05-06,,,-300.0,,,210.0,-300.0,,210.0,
karl-anthony towns,points,16.5,True,2026-05-06,,,-225.0,,,164.0,-225.0,,164.0,
karl-anthony towns,points,17.5,True,2026-05-06,,-161.0,-172.0,,,128.0,-161.0,,128.0,
karl-anthony towns,points,18.5,False,2026-05-06,,,-128.0,,,100.0,-128.0,,100.0,
karl-anthony towns,points,18.5,True,2026-05-06,,,-130.0,,,-102.0,-130.0,,-102.0,
karl-anthony towns,points,19.5,False,2026-05-06,-111.0,-102.0,,-120.0,-125.0,,-102.0,,-120.0,
karl-anthony towns,points,19.5,True,2026-05-06,-111.0,-101.0,100.0,,,-132.0,100.0,,-132.0,
karl-anthony towns,points,20.5,True,2026-05-06,,,130.0,,,-174.0,130.0,,-174.0,
karl-anthony towns,points,21.5,True,2026-05-06,,,162.0,,,-220.0,162.0,,-220.0,
karl-anthony towns,points,22.5,True,2026-05-06,,,198.0,,,-275.0,198.0,,-275.0,
karl-anthony towns,points,23.5,True,2026-05-06,,,240.0,,,-360.0,240.0,,-360.0,
karl-anthony towns,points,24.5,True,2026-05-06,275.0,294.0,310.0,,,-470.0,310.0,,-470.0,
karl-anthony towns,points,25.5,True,2026-05-06,,,370.0,,,-600.0,370.0,,-600.0,
karl-anthony towns,points,26.5,True,2026-05-06,,,490.0,,,-900.0,490.0,,-900.0,
karl-anthony towns,points,29.5,True,2026-05-06,750.0,840.0,900.0,,,,900.0,,,
karl-anthony towns,points,34.5,True,2026-05-06,,2100.0,2000.0,,,,2100.0,,,
karl-anthony towns,rebounds,6.5,True,2026-05-06,,-1580.0,,,,,-1580.0,,,
karl-anthony towns,rebounds,7.5,True,2026-05-06,,-770.0,-850.0,,,490.0,-770.0,,490.0,
karl-anthony towns,rebounds,8.5,True,2026-05-06,,-429.0,-440.0,,,290.0,-429.0,,290.0,
karl-anthony towns,rebounds,9.5,True,2026-05-06,-325.0,-266.0,-310.0,,,220.0,-266.0,,220.0,
karl-anthony towns,rebounds,10.5,True,2026-05-06,,-169.0,-186.0,,,138.0,-169.0,,138.0,
karl-anthony towns,rebounds,11.5,False,2026-05-06,-125.0,-109.0,-111.0,-105.0,-121.0,-115.0,-109.0,,-105.0,
karl-anthony towns,rebounds,11.5,True,2026-05-06,,-111.0,-111.0,,,-118.0,-111.0,,-118.0,
karl-anthony towns,rebounds,12.5,True,2026-05-06,125.0,134.0,142.0,,,-192.0,142.0,,-192.0,
karl-anthony towns,rebounds,13.5,True,2026-05-06,,197.0,230.0,,,-310.0,230.0,,-310.0,
karl-anthony towns,rebounds,14.5,True,2026-05-06,280.0,291.0,320.0,,,-500.0,320.0,,-500.0,
karl-anthony towns,rebounds,15.5,True,2026-05-06,,424.0,520.0,,,,520.0,,,
karl-anthony towns,rebounds,16.5,True,2026-05-06,625.0,620.0,,,,,625.0,,,
karl-anthony towns,rebounds,17.5,True,2026-05-06,,870.0,,,,,870.0,,,
karl-anthony towns,rebounds,18.5,True,2026-05-06,,1200.0,,,,,1200.0,,,
karl-anthony towns,rebounds,19.5,True,2026-05-06,,1660.0,,,,,1660.0,,,
karl-anthony towns,threes,0.5,True,2026-05-06,-450.0,-482.0,-470.0,,,310.0,-450.0,,310.0,
karl-anthony towns,threes,1.5,False,2026-05-06,-105.0,-104.0,112.0,-125.0,-126.0,-142.0,112.0,,-125.0,
karl-anthony towns,threes,1.5,True,2026-05-06,-105.0,-107.0,112.0,,,-146.0,112.0,,-146.0,
karl-anthony towns,threes,2.5,True,2026-05-06,300.0,284.0,360.0,,,-580.0,360.0,,-580.0,
karl-anthony towns,threes,3.5,True,2026-05-06,750.0,760.0,1060.0,,,,1060.0,,,
karl-anthony towns,threes,4.5,True,2026-05-06,,1740.0,,,,,1740.0,,,
keldon johnson,points,4.5,True,2026-05-07,,,-600.0,,,370.0,-600.0,,370.0,
keldon johnson,points,5.5,True,2026-05-07,,-433.0,-380.0,,,260.0,-380.0,,260.0,
keldon johnson,points,6.5,True,2026-05-07,,,-260.0,,,188.0,-260.0,,188.0,
keldon johnson,points,7.5,True,2026-05-07,,-199.0,-186.0,,,138.0,-186.0,,138.0,
keldon johnson,points,8.5,True,2026-05-07,,,-136.0,,,102.0,-136.0,,102.0,
keldon johnson,points,9.5,False,2026-05-07,-105.0,-106.0,100.0,-125.0,-120.0,-130.0,100.0,,-120.0,
keldon johnson,points,9.5,True,2026-05-07,-105.0,-105.0,100.0,,,-132.0,100.0,,-132.0,
keldon johnson,points,10.5,True,2026-05-07,,,134.0,,,-180.0,134.0,,-180.0,
keldon johnson,points,11.5,True,2026-05-07,,168.0,174.0,,,-240.0,174.0,,-240.0,
keldon johnson,points,12.5,True,2026-05-07,,,225.0,,,-320.0,225.0,,-320.0,
keldon johnson,points,13.5,True,2026-05-07,,,280.0,,,-420.0,280.0,,-420.0,
keldon johnson,points,14.5,True,2026-05-07,360.0,368.0,360.0,,,,368.0,,,
keldon johnson,points,17.5,True,2026-05-07,,770.0,,,,,770.0,,,
keldon johnson,points,19.5,True,2026-05-07,,1240.0,1200.0,,,,1240.0,,,
keldon johnson,points,24.5,True,2026-05-07,,3000.0,,,,,3000.0,,,
keldon johnson,rebounds,1.5,True,2026-05-07,,,-750.0,,,430.0,-750.0,,430.0,
keldon johnson,rebounds,2.5,True,2026-05-07,-325.0,-291.0,-270.0,,,194.0,-270.0,,194.0,
keldon johnson,rebounds,3.5,False,2026-05-07,-140.0,-123.0,-113.0,105.0,-107.0,-113.0,-113.0,,105.0,
keldon johnson,rebounds,3.5,True,2026-05-07,,-126.0,-114.0,,,-114.0,-114.0,,-114.0,
keldon johnson,rebounds,4.5,True,2026-05-07,140.0,168.0,178.0,,,-245.0,178.0,,-245.0,
keldon johnson,rebounds,5.5,True,2026-05-07,,326.0,350.0,,,-550.0,350.0,,-550.0,
keldon johnson,rebounds,6.5,True,2026-05-07,475.0,610.0,,,,-1400.0,610.0,,-1400.0,
keldon johnson,rebounds,7.5,True,2026-05-07,,1080.0,1100.0,,,,1100.0,,,
keldon johnson,rebounds,8.5,True,2026-05-07,,1780.0,,,,,1780.0,,,
keldon johnson,rebounds,9.5,True,2026-05-07,,2600.0,,,,,2600.0,,,
keldon johnson,threes,0.5,False,2026-05-07,,-172.0,,,130.0,,-172.0,,130.0,
keldon johnson,threes,0.5,True,2026-05-07,,-172.0,,,,,-172.0,,,
keldon johnson,threes,1.5,True,2026-05-07,,260.0,,,,,260.0,,,
keldon johnson,threes,2.5,True,2026-05-07,,860.0,,,,,860.0,,,
keldon johnson,threes,3.5,True,2026-05-07,,2200.0,,,,,2200.0,,,
kelly oubre jr,assists,0.5,True,2026-05-06,,,-420.0,,,280.0,-420.0,,280.0,
kelly oubre jr,assists,1.5,False,2026-05-06,105.0,122.0,120.0,-140.0,-161.0,-154.0,122.0,,-140.0,
kelly oubre jr,assists,1.5,True,2026-05-06,,122.0,120.0,,,-158.0,122.0,,-158.0,
kelly oubre jr,assists,2.5,True,2026-05-06,,387.0,390.0,,,-650.0,390.0,,-650.0,
kelly oubre jr,assists,3.5,True,2026-05-06,,1060.0,1060.0,,,,1060.0,,,
kelly oubre jr,assists,4.5,True,2026-05-06,,2400.0,,,,,2400.0,,,
kelly oubre jr,points,5.5,True,2026-05-06,,-1900.0,,,,,-1900.0,,,
kelly oubre jr,points,6.5,True,2026-05-06,,,-1100.0,,,,-1100.0,,,
kelly oubre jr,points,7.5,True,2026-05-06,,-640.0,-670.0,,,400.0,-640.0,,400.0,
kelly oubre jr,points,8.5,True,2026-05-06,,,-470.0,,,310.0,-470.0,,310.0,
kelly oubre jr,points,9.5,True,2026-05-06,-325.0,-303.0,-330.0,,,230.0,-303.0,,230.0,
kelly oubre jr,points,10.5,True,2026-05-06,,,-245.0,,,178.0,-245.0,,178.0,
kelly oubre jr,points,11.5,True,2026-05-06,,-159.0,-178.0,,,132.0,-159.0,,132.0,
kelly oubre jr,points,12.5,False,2026-05-06,-135.0,-119.0,,100.0,-107.0,,-119.0,,100.0,
kelly oubre jr,points,12.5,True,2026-05-06,,-120.0,-132.0,,,100.0,-120.0,,100.0,
kelly oubre jr,points,13.5,False,2026-05-06,,,102.0,,,-130.0,102.0,,-130.0,
kelly oubre jr,points,13.5,True,2026-05-06,,,102.0,,,-136.0,102.0,,-136.0,
kelly oubre jr,points,14.5,True,2026-05-06,125.0,141.0,136.0,,,-180.0,141.0,,-180.0,
kelly oubre jr,points,17.5,True,2026-05-06,,299.0,,,,,299.0,,,
kelly oubre jr,points,19.5,True,2026-05-06,425.0,497.0,440.0,,,,497.0,,,
kelly oubre jr,points,24.5,True,2026-05-06,,1560.0,1300.0,,,,1560.0,,,
kelly oubre jr,rebounds,2.5,True,2026-05-06,-1400.0,-1240.0,,,,,-1240.0,,,
kelly oubre jr,rebounds,3.5,True,2026-05-06,,-432.0,-500.0,,,320.0,-432.0,,320.0,
kelly oubre jr,rebounds,4.5,True,2026-05-06,-220.0,-202.0,-225.0,,,164.0,-202.0,,164.0,
kelly oubre jr,rebounds,5.5,False,2026-05-06,-111.0,-108.0,-104.0,-120.0,-122.0,-122.0,-104.0,,-120.0,
kelly oubre jr,rebounds,5.5,True,2026-05-06,,-105.0,-104.0,,,-125.0,-104.0,,-125.0,
kelly oubre jr,rebounds,6.5,True,2026-05-06,165.0,171.0,174.0,,,-240.0,174.0,,-240.0,
kelly oubre jr,rebounds,7.5,True,2026-05-06,,304.0,310.0,,,-470.0,310.0,,-470.0,
kelly oubre jr,rebounds,8.5,True,2026-05-06,,536.0,,,,-1100.0,536.0,,-1100.0,
kelly oubre jr,rebounds,9.5,True,2026-05-06,825.0,910.0,830.0,,,,910.0,,,
kelly oubre jr,rebounds,10.5,True,2026-05-06,,1500.0,,,,,1500.0,,,
kelly oubre jr,rebounds,11.5,True,2026-05-06,,2200.0,1800.0,,,,2200.0,,,
kelly oubre jr,threes,0.5,True,2026-05-06,-450.0,-436.0,-550.0,,,350.0,-436.0,,350.0,
kelly oubre jr,threes,1.5,False,2026-05-06,-105.0,100.0,-106.0,-125.0,-131.0,-120.0,100.0,,-120.0,
kelly oubre jr,threes,1.5,True,2026-05-06,-105.0,100.0,-108.0,,,-122.0,100.0,,-122.0,
kelly oubre jr,threes,2.5,True,2026-05-06,280.0,308.0,285.0,,,-420.0,308.0,,-420.0,
kelly oubre jr,threes,3.5,True,2026-05-06,700.0,830.0,800.0,,,,830.0,,,
kelly oubre jr,threes,4.5,True,2026-05-06,,1900.0,2200.0,,,,2200.0,,,
lebron james,assists,3.5,True,2026-05-08,,-2500.0,-3500.0,,,,-2500.0,,,
lebron james,assists,4.5,True,2026-05-08,-800.0,-860.0,-1100.0,,,,-800.0,,,
lebron james,assists,5.5,True,2026-05-08,,-396.0,-420.0,,,280.0,-396.0,,280.0,
lebron james,assists,6.5,True,2026-05-08,-200.0,-208.0,-220.0,,,162.0,-200.0,,162.0,
lebron james,assists,7.5,False,2026-05-08,-110.0,-120.0,-118.0,-120.0,-110.0,-112.0,-110.0,,-110.0,
lebron james,assists,7.5,True,2026-05-08,,-118.0,-118.0,,,-112.0,-118.0,,-112.0,
lebron james,assists,8.5,True,2026-05-08,,144.0,152.0,,,-205.0,152.0,,-205.0,
lebron james,assists,9.5,True,2026-05-08,260.0,236.0,220.0,,,-310.0,260.0,,-310.0,
lebron james,assists,10.5,True,2026-05-08,,382.0,370.0,,,-600.0,382.0,,-600.0,
lebron james,assists,11.5,True,2026-05-08,,620.0,630.0,,,,630.0,,,
lebron james,assists,12.5,True,2026-05-08,,1000.0,,,,,1000.0,,,
lebron james,assists,13.5,True,2026-05-08,,1560.0,1500.0,,,,1560.0,,,
lebron james,assists,14.5,True,2026-05-08,,2300.0,,,,,2300.0,,,
lebron james,points,9.5,True,2026-05-08,,-3100.0,-5000.0,,,,-3100.0,,,
lebron james,points,11.5,True,2026-05-08,,-1240.0,,,,,-1240.0,,,
lebron james,points,12.5,True,2026-05-08,,,-1400.0,,,,-1400.0,,,
lebron james,points,13.5,True,2026-05-08,,,-850.0,,,470.0,-850.0,,470.0,
lebron james,points,14.5,True,2026-05-08,-700.0,-481.0,-560.0,,,370.0,-481.0,,370.0,
lebron james,points,15.5,True,2026-05-08,,,-440.0,,,290.0,-440.0,,290.0,
lebron james,points,16.5,True,2026-05-08,,,-330.0,,,230.0,-330.0,,230.0,
lebron james,points,17.5,True,2026-05-08,,-233.0,-260.0,,,188.0,-233.0,,188.0,
lebron james,points,18.5,True,2026-05-08,,,-200.0,,,148.0,-200.0,,148.0,
lebron james,points,19.5,True,2026-05-08,-185.0,-149.0,-154.0,,,118.0,-149.0,,118.0,
lebron james,points,20.5,False,2026-05-08,,-121.0,-125.0,,-106.0,-106.0,-121.0,,-106.0,
lebron james,points,20.5,True,2026-05-08,,-121.0,-125.0,,,-106.0,-121.0,,-106.0,
lebron james,points,21.5,False,2026-05-08,-115.0,,,-115.0,,,-115.0,,-115.0,
lebron james,points,21.5,True,2026-05-08,,,102.0,,,-136.0,102.0,,-136.0,
lebron james,points,22.5,True,2026-05-08,,,126.0,,,-172.0,126.0,,-172.0,
lebron james,points,23.5,True,2026-05-08,,,158.0,,,-215.0,158.0,,-215.0,
lebron james,points,24.5,True,2026-05-08,165.0,182.0,194.0,,,-270.0,194.0,,-270.0,
lebron james,points,25.5,True,2026-05-08,,,230.0,,,-330.0,230.0,,-330.0,
lebron james,points,26.5,True,2026-05-08,,,280.0,,,-420.0,280.0,,-420.0,
lebron james,points,27.5,True,2026-05-08,,,350.0,,,-550.0,350.0,,-550.0,
lebron james,points,28.5,True,2026-05-08,,,410.0,,,-700.0,410.0,,-700.0,
lebron james,points,29.5,True,2026-05-08,450.0,470.0,520.0,,,-1000.0,520.0,,-1000.0,
lebron james,points,34.5,True,2026-05-08,,1180.0,1300.0,,,,1300.0,,,
lebron james,points,39.5,True,2026-05-08,,2400.0,3500.0,,,,3500.0,,,
lebron james,rebounds,3.5,True,2026-05-08,,-1060.0,-1200.0,,,,-1060.0,,,
lebron james,rebounds,4.5,True,2026-05-08,-500.0,-439.0,-450.0,,,300.0,-439.0,,300.0,
lebron james,rebounds,5.5,True,2026-05-08,,-220.0,-210.0,,,162.0,-210.0,,162.0,
lebron james,rebounds,6.5,False,2026-05-08,-140.0,-120.0,-112.0,105.0,-110.0,-118.0,-112.0,,105.0,
lebron james,rebounds,6.5,True,2026-05-08,-135.0,-120.0,-112.0,,,-118.0,-112.0,,-118.0,
lebron james,rebounds,7.5,True,2026-05-08,,140.0,164.0,,,-225.0,164.0,,-225.0,
lebron james,rebounds,8.5,True,2026-05-08,,238.0,265.0,,,-390.0,265.0,,-390.0,
lebron james,rebounds,9.5,True,2026-05-08,380.0,400.0,370.0,,,-600.0,400.0,,-600.0,
lebron james,rebounds,10.5,True,2026-05-08,,660.0,,,,,660.0,,,
lebron james,rebounds,11.5,True,2026-05-08,,1080.0,1060.0,,,,1080.0,,,
lebron james,rebounds,12.5,True,2026-05-08,,1620.0,,,,,1620.0,,,
lebron james,rebounds,13.5,True,2026-05-08,,2300.0,3000.0,,,,3000.0,,,
lebron james,threes,0.5,True,2026-05-08,-325.0,-353.0,-440.0,,,290.0,-325.0,,290.0,
lebron james,threes,1.5,False,2026-05-08,140.0,120.0,118.0,-190.0,-158.0,-158.0,140.0,,-158.0,
lebron james,threes,1.5,True,2026-05-08,140.0,122.0,118.0,,,-158.0,140.0,,-158.0,
lebron james,threes,2.5,True,2026-05-08,425.0,367.0,370.0,,,-600.0,425.0,,-600.0,
lebron james,threes,3.5,True,2026-05-08,,970.0,1000.0,,,,1000.0,,,
lebron james,threes,4.5,True,2026-05-08,,2000.0,,,,,2000.0,,,
luguentz dort,assists,1.5,False,2026-05-08,165.0,178.0,,-220.0,-238.0,,178.0,,-220.0,
luguentz dort,assists,1.5,True,2026-05-08,,176.0,,,,,176.0,,,
luguentz dort,assists,2.5,True,2026-05-08,,568.0,,,,,568.0,,,
luguentz dort,assists,3.5,True,2026-05-08,,1680.0,,,,,1680.0,,,
luguentz dort,points,2.5,True,2026-05-08,,,-1100.0,,,,-1100.0,,,
luguentz dort,points,3.5,True,2026-05-08,,,-400.0,,,270.0,-400.0,,270.0,
luguentz dort,points,4.5,True,2026-05-08,,,-330.0,,,230.0,-330.0,,230.0,
luguentz dort,points,5.5,True,2026-05-08,,-203.0,-215.0,,,158.0,-203.0,,158.0,
luguentz dort,points,6.5,False,2026-05-08,,-116.0,-125.0,,-110.0,-106.0,-116.0,,-106.0,
luguentz dort,points,6.5,True,2026-05-08,,-116.0,-125.0,,,-106.0,-116.0,,-106.0,
luguentz dort,points,7.5,False,2026-05-08,-105.0,,,-125.0,,,-105.0,,-125.0,
luguentz dort,points,7.5,True,2026-05-08,,103.0,100.0,,,-132.0,103.0,,-132.0,
luguentz dort,points,8.5,True,2026-05-08,,,148.0,,,-200.0,148.0,,-200.0,
luguentz dort,points,9.5,True,2026-05-08,200.0,229.0,220.0,,,-310.0,229.0,,-310.0,
luguentz dort,points,11.5,True,2026-05-08,,383.0,,,,,383.0,,,
luguentz dort,points,14.5,True,2026-05-08,750.0,910.0,900.0,,,,910.0,,,
luguentz dort,points,17.5,True,2026-05-08,,1940.0,,,,,1940.0,,,
luguentz dort,points,19.5,True,2026-05-08,,2700.0,,,,,2700.0,,,
luguentz dort,rebounds,2.5,False,2026-05-08,-155.0,-150.0,-180.0,115.0,114.0,134.0,-150.0,,134.0,
luguentz dort,rebounds,2.5,True,2026-05-08,-155.0,-155.0,,,,,-155.0,,,
luguentz dort,rebounds,3.5,True,2026-05-08,,155.0,142.0,,,,155.0,,,
luguentz dort,rebounds,4.5,True,2026-05-08,333.0,354.0,,,,,354.0,,,
luguentz dort,rebounds,5.5,True,2026-05-08,,760.0,680.0,,,,760.0,,,
luguentz dort,rebounds,6.5,True,2026-05-08,,1480.0,,,,,1480.0,,,
luguentz dort,rebounds,7.5,True,2026-05-08,,2500.0,,,,,2500.0,,,
luguentz dort,threes,0.5,True,2026-05-08,-625.0,-720.0,-670.0,,,400.0,-625.0,,400.0,
luguentz dort,threes,1.5,False,2026-05-08,-135.0,-152.0,-138.0,100.0,115.0,104.0,-135.0,,115.0,
luguentz dort,threes,1.5,True,2026-05-08,-135.0,-150.0,-138.0,,,104.0,-135.0,,104.0,
luguentz dort,threes,2.5,True,2026-05-08,220.0,201.0,225.0,,,-320.0,225.0,,-320.0,
luguentz dort,threes,3.5,True,2026-05-08,550.0,532.0,600.0,,,-1200.0,600.0,,-1200.0,
luguentz dort,threes,4.5,True,2026-05-08,,1260.0,1600.0,,,,1600.0,,,
luguentz dort,threes,5.5,True,2026-05-08,,2400.0,,,,,2400.0,,,
luke kennard,assists,0.5,True,2026-05-08,,,-900.0,,,490.0,-900.0,,490.0,
luke kennard,assists,1.5,False,2026-05-08,-160.0,,-178.0,120.0,,132.0,-160.0,,132.0,
luke kennard,assists,1.5,True,2026-05-08,,,-178.0,,,132.0,-178.0,,132.0,
luke kennard,assists,2.5,True,2026-05-08,,139.0,178.0,,,-245.0,178.0,,-245.0,
luke kennard,assists,3.5,True,2026-05-08,,345.0,430.0,,,-750.0,430.0,,-750.0,
luke kennard,assists,4.5,True,2026-05-08,,830.0,,,,,830.0,,,
luke kennard,assists,5.5,True,2026-05-08,,1780.0,,,,,1780.0,,,
luke kennard,points,3.5,True,2026-05-08,,,-650.0,,,390.0,-650.0,,390.0,
luke kennard,points,4.5,True,2026-05-08,,,-420.0,,,280.0,-420.0,,280.0,
luke kennard,points,5.5,True,2026-05-08,,-259.0,-250.0,,,182.0,-250.0,,182.0,
luke kennard,points,6.5,True,2026-05-08,,,-180.0,,,134.0,-180.0,,134.0,
luke kennard,points,7.5,False,2026-05-08,-120.0,-119.0,-125.0,-110.0,-107.0,-106.0,-119.0,,-106.0,
luke kennard,points,7.5,True,2026-05-08,,-122.0,-125.0,,,-106.0,-122.0,,-106.0,
luke kennard,points,8.5,True,2026-05-08,,,114.0,,,-152.0,114.0,,-152.0,
luke kennard,points,9.5,True,2026-05-08,160.0,160.0,154.0,,,-210.0,160.0,,-210.0,
luke kennard,points,10.5,True,2026-05-08,,,210.0,,,-300.0,210.0,,-300.0,
luke kennard,points,11.5,True,2026-05-08,,301.0,,,,,301.0,,,
luke kennard,points,14.5,True,2026-05-08,700.0,730.0,680.0,,,,730.0,,,
luke kennard,points,17.5,True,2026-05-08,,1560.0,,,,,1560.0,,,
luke kennard,points,19.5,True,2026-05-08,,2300.0,2000.0,,,,2300.0,,,
luke kennard,rebounds,1.5,True,2026-05-08,,,-470.0,,,310.0,-470.0,,310.0,
luke kennard,rebounds,2.5,False,2026-05-08,,-166.0,,,125.0,,-166.0,,125.0,
luke kennard,rebounds,2.5,True,2026-05-08,-190.0,-164.0,-154.0,,,116.0,-154.0,,116.0,
luke kennard,rebounds,3.5,False,2026-05-08,135.0,,,-185.0,,,135.0,,-185.0,
luke kennard,rebounds,3.5,True,2026-05-08,,147.0,164.0,,,-225.0,164.0,,-225.0,
luke kennard,rebounds,4.5,True,2026-05-08,290.0,326.0,360.0,,,-580.0,360.0,,-580.0,
luke kennard,rebounds,5.5,True,2026-05-08,,690.0,750.0,,,,750.0,,,
luke kennard,rebounds,6.5,True,2026-05-08,,1420.0,,,,,1420.0,,,
luke kennard,rebounds,7.5,True,2026-05-08,,2500.0,,,,,2500.0,,,
luke kennard,threes,0.5,True,2026-05-08,-375.0,-304.0,-330.0,,,235.0,-304.0,,235.0,
luke kennard,threes,1.5,False,2026-05-08,120.0,,,-160.0,,,120.0,,-160.0,
luke kennard,threes,1.5,True,2026-05-08,120.0,148.0,140.0,,,-188.0,148.0,,-188.0,
luke kennard,threes,2.5,True,2026-05-08,360.0,473.0,450.0,,,-750.0,473.0,,-750.0,
luke kennard,threes,3.5,True,2026-05-08,,1320.0,1200.0,,,,1320.0,,,
luke kennard,threes,4.5,True,2026-05-08,,2600.0,,,,,2600.0,,,
luke kornet,points,3.5,False,2026-05-07,-120.0,-106.0,100.0,-111.0,-120.0,-128.0,100.0,,-111.0,
luke kornet,points,3.5,True,2026-05-07,,-107.0,,,,,-107.0,,,
luke kornet,points,5.5,True,2026-05-07,,237.0,,,,,237.0,,,
luke kornet,points,7.5,True,2026-05-07,,535.0,,,,,535.0,,,
luke kornet,points,9.5,True,2026-05-07,,1100.0,870.0,,,,1100.0,,,
luke kornet,points,11.5,True,2026-05-07,,2000.0,,,,,2000.0,,,
luke kornet,rebounds,1.5,True,2026-05-07,,,-550.0,,,350.0,-550.0,,350.0,
luke kornet,rebounds,2.5,True,2026-05-07,-220.0,-196.0,-215.0,,,158.0,-196.0,,158.0,
luke kornet,rebounds,3.5,False,2026-05-07,115.0,105.0,102.0,-155.0,-138.0,-130.0,115.0,,-130.0,
luke kornet,rebounds,3.5,True,2026-05-07,,105.0,100.0,,,-132.0,105.0,,-132.0,
luke kornet,rebounds,4.5,True,2026-05-07,195.0,200.0,194.0,,,-270.0,200.0,,-270.0,
luke kornet,rebounds,5.5,True,2026-05-07,,359.0,330.0,,,-490.0,359.0,,-490.0,
luke kornet,rebounds,6.5,True,2026-05-07,600.0,640.0,,,,-1100.0,640.0,,-1100.0,
luke kornet,rebounds,7.5,True,2026-05-07,,1060.0,900.0,,,,1060.0,,,
luke kornet,rebounds,8.5,True,2026-05-07,,1740.0,,,,,1740.0,,,
luke kornet,rebounds,9.5,True,2026-05-07,,2600.0,1700.0,,,,2600.0,,,
marcus smart,assists,1.5,True,2026-05-08,,,-1200.0,,,,-1200.0,,,
marcus smart,assists,2.5,True,2026-05-08,-275.0,-298.0,-310.0,,,220.0,-275.0,,220.0,
marcus smart,assists,3.5,False,2026-05-08,-111.0,-125.0,-114.0,-120.0,-105.0,-114.0,-111.0,,-105.0,
marcus smart,assists,3.5,True,2026-05-08,,-125.0,-114.0,,,-114.0,-114.0,,-114.0,
marcus smart,assists,4.5,True,2026-05-08,195.0,172.0,194.0,,,-270.0,195.0,,-270.0,
marcus smart,assists,5.5,True,2026-05-08,,352.0,400.0,,,-670.0,400.0,,-670.0,
marcus smart,assists,6.5,True,2026-05-08,750.0,670.0,,,,,750.0,,,
marcus smart,assists,7.5,True,2026-05-08,,1240.0,1500.0,,,,1500.0,,,
marcus smart,assists,8.5,True,2026-05-08,,2100.0,,,,,2100.0,,,
marcus smart,points,5.5,True,2026-05-08,,-620.0,-670.0,,,400.0,-620.0,,400.0,
marcus smart,points,6.5,True,2026-05-08,,,-420.0,,,280.0,-420.0,,280.0,
marcus smart,points,7.5,True,2026-05-08,,-289.0,-300.0,,,210.0,-289.0,,210.0,
marcus smart,points,8.5,True,2026-05-08,,,-205.0,,,152.0,-205.0,,152.0,
marcus smart,points,9.5,True,2026-05-08,-150.0,-149.0,-148.0,,,112.0,-148.0,,112.0,
marcus smart,points,10.5,False,2026-05-08,-105.0,-111.0,-104.0,-125.0,-115.0,-128.0,-104.0,,-115.0,
marcus smart,points,10.5,True,2026-05-08,,-111.0,-104.0,,,-128.0,-104.0,,-128.0,
marcus smart,points,11.5,True,2026-05-08,,120.0,128.0,,,-172.0,128.0,,-172.0,
marcus smart,points,12.5,True,2026-05-08,,,168.0,,,-230.0,168.0,,-230.0,
marcus smart,points,13.5,True,2026-05-08,,,225.0,,,-320.0,225.0,,-320.0,
marcus smart,points,14.5,True,2026-05-08,275.0,261.0,280.0,,,-420.0,280.0,,-420.0,
marcus smart,points,17.5,True,2026-05-08,,555.0,,,,,555.0,,,
marcus smart,points,19.5,True,2026-05-08,,880.0,1000.0,,,,1000.0,,,
marcus smart,points,24.5,True,2026-05-08,,2400.0,,,,,2400.0,,,
marcus smart,rebounds,1.5,True,2026-05-08,,,-580.0,,,360.0,-580.0,,360.0,
marcus smart,rebounds,2.5,False,2026-05-08,,,-182.0,,,136.0,-182.0,,136.0,
marcus smart,rebounds,2.5,True,2026-05-08,-225.0,-184.0,-182.0,,,136.0,-182.0,,136.0,
marcus smart,rebounds,3.5,False,2026-05-08,120.0,128.0,,-160.0,-170.0,,128.0,,-160.0,
marcus smart,rebounds,3.5,True,2026-05-08,,129.0,152.0,,,-205.0,152.0,,-205.0,
marcus smart,rebounds,4.5,True,2026-05-08,220.0,279.0,320.0,,,-490.0,320.0,,-490.0,
marcus smart,rebounds,5.5,True,2026-05-08,,575.0,700.0,,,-1450.0,700.0,,-1450.0,
marcus smart,rebounds,6.5,True,2026-05-08,825.0,1140.0,,,,,1140.0,,,
marcus smart,rebounds,7.5,True,2026-05-08,,2000.0,,,,,2000.0,,,
marcus smart,threes,0.5,True,2026-05-08,-600.0,-710.0,-900.0,,,490.0,-600.0,,490.0,
marcus smart,threes,1.5,False,2026-05-08,-135.0,-152.0,-160.0,100.0,115.0,120.0,-135.0,,120.0,
marcus smart,threes,1.5,True,2026-05-08,-135.0,-156.0,-160.0,,,120.0,-135.0,,120.0,
marcus smart,threes,2.5,True,2026-05-08,230.0,189.0,194.0,,,-270.0,230.0,,-270.0,
marcus smart,threes,3.5,True,2026-05-08,550.0,479.0,490.0,,,-900.0,550.0,,-900.0,
marcus smart,threes,4.5,True,2026-05-08,,1120.0,1200.0,,,,1200.0,,,
marcus smart,threes,5.5,True,2026-05-08,,2200.0,2500.0,,,,2500.0,,,
max strus,assists,1.5,True,2026-05-07,,-157.0,-154.0,,,,-154.0,,,
max strus,assists,2.5,True,2026-05-07,,195.0,,,,,195.0,,,
max strus,assists,3.5,True,2026-05-07,,502.0,470.0,,,,502.0,,,
max strus,assists,4.5,True,2026-05-07,,1220.0,,,,,1220.0,,,
max strus,assists,5.5,True,2026-05-07,,2500.0,,,,,2500.0,,,
max strus,points,5.5,True,2026-05-07,,-508.0,,,,,-508.0,,,
max strus,points,7.5,True,2026-05-07,,-248.0,,,,,-248.0,,,
max strus,points,9.5,False,2026-05-07,-115.0,-124.0,-136.0,-115.0,-103.0,102.0,-115.0,,102.0,
max strus,points,9.5,True,2026-05-07,-115.0,-125.0,-130.0,,,,-115.0,,,
max strus,points,11.5,True,2026-05-07,,141.0,,,,,141.0,,,
max strus,points,14.5,True,2026-05-07,333.0,313.0,300.0,,,,333.0,,,
max strus,points,17.5,True,2026-05-07,,680.0,,,,,680.0,,,
max strus,points,19.5,True,2026-05-07,,1060.0,1000.0,,,,1060.0,,,
max strus,points,24.5,True,2026-05-07,,2700.0,2500.0,,,,2700.0,,,
max strus,rebounds,2.5,True,2026-05-07,-600.0,-409.0,,,,,-409.0,,,
max strus,rebounds,3.5,False,2026-05-07,,-159.0,,,121.0,,-159.0,,121.0,
max strus,rebounds,3.5,True,2026-05-07,,-160.0,-166.0,,,,-160.0,,,
max strus,rebounds,4.5,False,2026-05-07,105.0,,,-140.0,,,105.0,,-140.0,
max strus,rebounds,4.5,True,2026-05-07,-105.0,135.0,,,,,135.0,,,
max strus,rebounds,5.5,True,2026-05-07,,276.0,255.0,,,,276.0,,,
max strus,rebounds,6.5,True,2026-05-07,360.0,542.0,,,,,542.0,,,
max strus,rebounds,7.5,True,2026-05-07,,1040.0,870.0,,,,1040.0,,,
max strus,rebounds,8.5,True,2026-05-07,,1860.0,,,,,1860.0,,,
max strus,rebounds,9.5,True,2026-05-07,,2900.0,2000.0,,,,2900.0,,,
max strus,threes,0.5,True,2026-05-07,-1400.0,-1240.0,-1400.0,,,,-1240.0,,,
max strus,threes,1.5,True,2026-05-07,-275.0,-232.0,-230.0,,,,-230.0,,,
max strus,threes,2.5,False,2026-05-07,110.0,127.0,130.0,-150.0,-167.0,-174.0,130.0,,-150.0,
max strus,threes,2.5,True,2026-05-07,110.0,127.0,132.0,,,,132.0,,,
max strus,threes,3.5,True,2026-05-07,275.0,310.0,320.0,,,,320.0,,,
max strus,threes,4.5,True,2026-05-07,625.0,720.0,700.0,,,,720.0,,,
max strus,threes,5.5,True,2026-05-07,,1540.0,1500.0,,,,1540.0,,,
max strus,threes,6.5,True,2026-05-07,,2700.0,3000.0,,,,3000.0,,,
mikal bridges,assists,1.5,True,2026-05-06,,,-360.0,,,,-360.0,,,
mikal bridges,assists,2.5,False,2026-05-06,-130.0,-128.0,-118.0,-105.0,-103.0,-108.0,-118.0,,-103.0,
mikal bridges,assists,2.5,True,2026-05-06,-135.0,-130.0,,,,,-130.0,,,
mikal bridges,assists,3.5,True,2026-05-06,,190.0,220.0,,,,220.0,,,
mikal bridges,assists,4.5,True,2026-05-06,400.0,437.0,,,,,437.0,,,
mikal bridges,assists,5.5,True,2026-05-06,,970.0,1060.0,,,,1060.0,,,
mikal bridges,assists,6.5,True,2026-05-06,,1880.0,,,,,1880.0,,,
mikal bridges,points,5.5,True,2026-05-06,,-1320.0,-1100.0,,,,-1100.0,,,
mikal bridges,points,6.5,True,2026-05-06,,,-670.0,,,400.0,-670.0,,400.0,
mikal bridges,points,7.5,True,2026-05-06,,-500.0,-440.0,,,290.0,-440.0,,290.0,
mikal bridges,points,8.5,True,2026-05-06,,,-300.0,,,210.0,-300.0,,210.0,
mikal bridges,points,9.5,True,2026-05-06,-225.0,-247.0,-210.0,,,162.0,-210.0,,162.0,
mikal bridges,points,10.5,True,2026-05-06,,,-158.0,,,118.0,-158.0,,118.0,
mikal bridges,points,11.5,False,2026-05-06,-120.0,,-113.0,-110.0,,-113.0,-113.0,,-110.0,
mikal bridges,points,11.5,True,2026-05-06,,-132.0,-114.0,,,-114.0,-114.0,,-114.0,
mikal bridges,points,12.5,False,2026-05-06,,101.0,,,-128.0,,101.0,,-128.0,
mikal bridges,points,12.5,True,2026-05-06,,101.0,114.0,,,-152.0,114.0,,-152.0,
mikal bridges,points,13.5,True,2026-05-06,,,148.0,,,-200.0,148.0,,-200.0,
mikal bridges,points,14.5,True,2026-05-06,185.0,175.0,196.0,,,-270.0,196.0,,-270.0,
mikal bridges,points,17.5,True,2026-05-06,,380.0,,,,,380.0,,,
mikal bridges,points,19.5,True,2026-05-06,650.0,640.0,630.0,,,,650.0,,,
mikal bridges,points,24.5,True,2026-05-06,,1940.0,1700.0,,,,1940.0,,,
mikal bridges,rebounds,1.5,True,2026-05-06,,,-360.0,,,250.0,-360.0,,250.0,
mikal bridges,rebounds,2.5,False,2026-05-06,-140.0,-126.0,-118.0,105.0,-104.0,-108.0,-118.0,,105.0,
mikal bridges,rebounds,2.5,True,2026-05-06,-150.0,-127.0,-120.0,,,-110.0,-120.0,,-110.0,
mikal bridges,rebounds,3.5,True,2026-05-06,,193.0,215.0,,,-280.0,215.0,,-280.0,
mikal bridges,rebounds,4.5,True,2026-05-06,360.0,448.0,430.0,,,-750.0,448.0,,-750.0,
mikal bridges,rebounds,5.5,True,2026-05-06,,960.0,900.0,,,,960.0,,,
mikal bridges,rebounds,6.5,True,2026-05-06,,1880.0,,,,,1880.0,,,
mikal bridges,threes,0.5,True,2026-05-06,-500.0,-543.0,-430.0,,,,-430.0,,,
mikal bridges,threes,1.5,False,2026-05-06,-105.0,-114.0,102.0,-125.0,-115.0,-130.0,102.0,,-115.0,
mikal bridges,threes,1.5,True,2026-05-06,-110.0,-112.0,102.0,,,,102.0,,,
mikal bridges,threes,2.5,True,2026-05-06,275.0,278.0,330.0,,,,330.0,,,
mikal bridges,threes,3.5,True,2026-05-06,700.0,760.0,870.0,,,,870.0,,,
mikal bridges,threes,4.5,True,2026-05-06,,1860.0,2200.0,,,,2200.0,,,
mike conley,assists,1.5,True,2026-05-07,,,-500.0,,,,-500.0,,,
mike conley,assists,2.5,False,2026-05-07,,-167.0,-170.0,,126.0,132.0,-167.0,,132.0,
mike conley,assists,2.5,True,2026-05-07,-200.0,-165.0,,,,,-165.0,,,
mike conley,assists,3.5,False,2026-05-07,125.0,,,-165.0,,,125.0,,-165.0,
mike conley,assists,3.5,True,2026-05-07,,136.0,138.0,,,,138.0,,,
mike conley,assists,4.5,True,2026-05-07,270.0,282.0,,,,,282.0,,,
mike conley,assists,5.5,True,2026-05-07,,558.0,560.0,,,,560.0,,,
mike conley,assists,6.5,True,2026-05-07,,1060.0,,,,,1060.0,,,
mike conley,assists,7.5,True,2026-05-07,,1820.0,1700.0,,,,1820.0,,,
mike conley,assists,8.5,True,2026-05-07,,2800.0,,,,,2800.0,,,
mike conley,points,4.5,False,2026-05-07,-120.0,-110.0,102.0,-110.0,-115.0,-130.0,102.0,,-110.0,
mike conley,points,4.5,True,2026-05-07,,-114.0,,,,,-114.0,,,
mike conley,points,5.5,True,2026-05-07,,132.0,,,,,132.0,,,
mike conley,points,7.5,True,2026-05-07,,266.0,,,,,266.0,,,
mike conley,points,9.5,True,2026-05-07,525.0,549.0,560.0,,,,560.0,,,
mike conley,points,11.5,True,2026-05-07,,940.0,,,,,940.0,,,
mike conley,points,14.5,True,2026-05-07,,1980.0,,,,,1980.0,,,
mike conley,rebounds,1.5,False,2026-05-07,-185.0,-153.0,,135.0,116.0,,-153.0,,135.0,
mike conley,rebounds,1.5,True,2026-05-07,,-154.0,,,,,-154.0,,,
mike conley,rebounds,2.5,True,2026-05-07,160.0,182.0,,,,,182.0,,,
mike conley,rebounds,3.5,True,2026-05-07,,437.0,560.0,,,,560.0,,,
mike conley,rebounds,4.5,True,2026-05-07,850.0,950.0,,,,,950.0,,,
mike conley,rebounds,5.5,True,2026-05-07,,1940.0,,,,,1940.0,,,
mike conley,threes,0.5,True,2026-05-07,-295.0,-236.0,-225.0,,,168.0,-225.0,,168.0,
mike conley,threes,1.5,False,2026-05-07,150.0,177.0,196.0,-200.0,-238.0,-260.0,196.0,,-200.0,
mike conley,threes,1.5,True,2026-05-07,150.0,179.0,188.0,,,-260.0,188.0,,-260.0,
mike conley,threes,2.5,True,2026-05-07,450.0,540.0,520.0,,,-1000.0,540.0,,-1000.0,
mike conley,threes,3.5,True,2026-05-07,,1360.0,1200.0,,,,1360.0,,,
mike conley,threes,4.5,True,2026-05-07,,2700.0,,,,,2700.0,,,
miles mcbride,assists,1.5,False,2026-05-06,-135.0,-106.0,,100.0,-124.0,,-106.0,,100.0,
miles mcbride,assists,1.5,True,2026-05-06,,-108.0,-108.0,,,,-108.0,,,
miles mcbride,assists,2.5,True,2026-05-06,,278.0,,,,,278.0,,,
miles mcbride,assists,3.5,True,2026-05-06,,730.0,680.0,,,,730.0,,,
miles mcbride,assists,4.5,True,2026-05-06,,1700.0,,,,,1700.0,,,
miles mcbride,points,3.5,True,2026-05-06,,,-360.0,,,250.0,-360.0,,250.0,
miles mcbride,points,4.5,True,2026-05-06,,,-300.0,,,210.0,-300.0,,210.0,
miles mcbride,points,5.5,True,2026-05-06,,-218.0,-205.0,,,152.0,-205.0,,152.0,
miles mcbride,points,6.5,True,2026-05-06,,,-122.0,,,-108.0,-122.0,,-108.0,
miles mcbride,points,7.5,False,2026-05-06,-130.0,-108.0,100.0,-105.0,-118.0,-128.0,100.0,,-105.0,
miles mcbride,points,7.5,True,2026-05-06,,-108.0,-102.0,,,-130.0,-102.0,,-130.0,
miles mcbride,points,8.5,True,2026-05-06,,,136.0,,,-182.0,136.0,,-182.0,
miles mcbride,points,9.5,True,2026-05-06,145.0,181.0,196.0,,,-260.0,196.0,,-260.0,
miles mcbride,points,10.5,True,2026-05-06,,,225.0,,,-320.0,225.0,,-320.0,
miles mcbride,points,11.5,True,2026-05-06,,308.0,,,,,308.0,,,
miles mcbride,points,14.5,True,2026-05-06,525.0,680.0,600.0,,,,680.0,,,
miles mcbride,points,17.5,True,2026-05-06,,1380.0,,,,,1380.0,,,
miles mcbride,points,19.5,True,2026-05-06,,2000.0,1500.0,,,,2000.0,,,
miles mcbride,rebounds,1.5,False,2026-05-06,,-101.0,,,-130.0,,-101.0,,-130.0,
miles mcbride,rebounds,1.5,True,2026-05-06,,100.0,,,,,100.0,,,
miles mcbride,rebounds,2.5,True,2026-05-06,220.0,301.0,,,,,301.0,,,
miles mcbride,rebounds,3.5,True,2026-05-06,,750.0,,,,,750.0,,,
miles mcbride,rebounds,4.5,True,2026-05-06,,1680.0,,,,,1680.0,,,
miles mcbride,threes,0.5,True,2026-05-06,-625.0,-610.0,-520.0,,,350.0,-520.0,,350.0,
miles mcbride,threes,1.5,False,2026-05-06,-140.0,-134.0,-125.0,105.0,102.0,-102.0,-125.0,,105.0,
miles mcbride,threes,1.5,True,2026-05-06,-140.0,-132.0,-125.0,,,-104.0,-125.0,,-104.0,
miles mcbride,threes,2.5,True,2026-05-06,200.0,216.0,230.0,,,-310.0,230.0,,-310.0,
miles mcbride,threes,3.5,True,2026-05-06,500.0,554.0,540.0,,,-1000.0,554.0,,-1000.0,
miles mcbride,threes,4.5,True,2026-05-06,,1240.0,1100.0,,,,1240.0,,,
miles mcbride,threes,5.5,True,2026-05-06,,2300.0,1800.0,,,,2300.0,,,
mitchell robinson,points,0.5,True,2026-05-06,,,-1000.0,,,,-1000.0,,,
mitchell robinson,points,1.5,True,2026-05-06,,,-800.0,,,450.0,-800.0,,450.0,
mitchell robinson,points,2.5,True,2026-05-06,,,-280.0,,,205.0,-280.0,,205.0,
mitchell robinson,points,3.5,True,2026-05-06,,,-182.0,,,136.0,-182.0,,136.0,
mitchell robinson,points,4.5,False,2026-05-06,-105.0,-114.0,-113.0,-125.0,-112.0,-113.0,-105.0,,-112.0,
mitchell robinson,points,4.5,True,2026-05-06,,-114.0,-114.0,,,-114.0,-114.0,,-114.0,
mitchell robinson,points,5.5,True,2026-05-06,,121.0,138.0,,,-186.0,138.0,,-186.0,
mitchell robinson,points,6.5,True,2026-05-06,,,188.0,,,-260.0,188.0,,-260.0,
mitchell robinson,points,7.5,True,2026-05-06,,298.0,270.0,,,-400.0,298.0,,-400.0,
mitchell robinson,points,9.5,True,2026-05-06,700.0,670.0,540.0,,,,700.0,,,
mitchell robinson,points,11.5,True,2026-05-06,,1360.0,,,,,1360.0,,,
mitchell robinson,rebounds,2.5,True,2026-05-06,-2000.0,-2500.0,,,,,-2000.0,,,
mitchell robinson,rebounds,3.5,True,2026-05-06,,-820.0,-720.0,,,430.0,-720.0,,430.0,
mitchell robinson,rebounds,4.5,True,2026-05-06,-350.0,-368.0,-350.0,,,240.0,-350.0,,240.0,
mitchell robinson,rebounds,5.5,False,2026-05-06,-160.0,,,120.0,,,-160.0,,120.0,
mitchell robinson,rebounds,5.5,True,2026-05-06,,-199.0,-194.0,,,148.0,-194.0,,148.0,
mitchell robinson,rebounds,6.5,False,2026-05-06,,-119.0,-113.0,,-110.0,-113.0,-113.0,,-110.0,
mitchell robinson,rebounds,6.5,True,2026-05-06,-115.0,-117.0,-114.0,,,-114.0,-114.0,,-114.0,
mitchell robinson,rebounds,7.5,True,2026-05-06,,137.0,148.0,,,-200.0,148.0,,-200.0,
mitchell robinson,rebounds,8.5,True,2026-05-06,,218.0,225.0,,,-320.0,225.0,,-320.0,
mitchell robinson,rebounds,9.5,True,2026-05-06,340.0,336.0,320.0,,,-470.0,340.0,,-470.0,
mitchell robinson,rebounds,10.5,True,2026-05-06,,530.0,470.0,,,-850.0,530.0,,-850.0,
mitchell robinson,rebounds,11.5,True,2026-05-06,,820.0,800.0,,,,820.0,,,
mitchell robinson,rebounds,12.5,True,2026-05-06,,1240.0,,,,,1240.0,,,
mitchell robinson,rebounds,13.5,True,2026-05-06,,1820.0,1500.0,,,,1820.0,,,
mitchell robinson,rebounds,14.5,True,2026-05-06,,2500.0,,,,,2500.0,,,
naz reid,assists,1.5,False,2026-05-07,-125.0,-133.0,,-105.0,101.0,,-125.0,,101.0,
naz reid,assists,1.5,True,2026-05-07,,-131.0,-154.0,,,,-131.0,,,
naz reid,assists,2.5,True,2026-05-07,,221.0,,,,,221.0,,,
naz reid,assists,3.5,True,2026-05-07,,598.0,520.0,,,,598.0,,,
naz reid,assists,4.5,True,2026-05-07,,1360.0,,,,,1360.0,,,
naz reid,assists,5.5,True,2026-05-07,,2600.0,,,,,2600.0,,,
naz reid,points,5.5,True,2026-05-07,,-1220.0,,,,,-1220.0,,,
naz reid,points,6.5,True,2026-05-07,,,-750.0,,,430.0,-750.0,,430.0,
naz reid,points,7.5,True,2026-05-07,,-496.0,-490.0,,,320.0,-490.0,,320.0,
naz reid,points,8.5,True,2026-05-07,,,-350.0,,,240.0,-350.0,,240.0,
naz reid,points,9.5,True,2026-05-07,-225.0,-252.0,-260.0,,,188.0,-225.0,,188.0,
naz reid,points,10.5,True,2026-05-07,,,-188.0,,,140.0,-188.0,,140.0,
naz reid,points,11.5,False,2026-05-07,-120.0,,,-110.0,,,-120.0,,-110.0,
naz reid,points,11.5,True,2026-05-07,,-140.0,-138.0,,,104.0,-138.0,,104.0,
naz reid,points,12.5,False,2026-05-07,,-107.0,-104.0,,-119.0,-122.0,-104.0,,-119.0,
naz reid,points,12.5,True,2026-05-07,,-107.0,-104.0,,,-125.0,-104.0,,-125.0,
naz reid,points,13.5,True,2026-05-07,,,126.0,,,-168.0,126.0,,-168.0,
naz reid,points,14.5,True,2026-05-07,190.0,157.0,162.0,,,-225.0,190.0,,-225.0,
naz reid,points,15.5,True,2026-05-07,,,200.0,,,-280.0,200.0,,-280.0,
naz reid,points,16.5,True,2026-05-07,,,250.0,,,-360.0,250.0,,-360.0,
naz reid,points,17.5,True,2026-05-07,,327.0,310.0,,,-470.0,327.0,,-470.0,
naz reid,points,19.5,True,2026-05-07,650.0,518.0,480.0,,,,650.0,,,
naz reid,points,24.5,True,2026-05-07,,1460.0,1300.0,,,,1460.0,,,
naz reid,rebounds,2.5,True,2026-05-07,,-2700.0,,,,,-2700.0,,,
naz reid,rebounds,3.5,True,2026-05-07,,-800.0,-850.0,,,470.0,-800.0,,470.0,
naz reid,rebounds,4.5,True,2026-05-07,-295.0,-355.0,-350.0,,,240.0,-295.0,,240.0,
naz reid,rebounds,5.5,False,2026-05-07,-150.0,,,110.0,,,-150.0,,110.0,
naz reid,rebounds,5.5,True,2026-05-07,,-182.0,-180.0,,,134.0,-180.0,,134.0,
naz reid,rebounds,6.5,False,2026-05-07,,-103.0,106.0,,-128.0,-136.0,106.0,,-128.0,
naz reid,rebounds,6.5,True,2026-05-07,125.0,-102.0,104.0,,,-138.0,125.0,,-138.0,
naz reid,rebounds,7.5,True,2026-05-07,,168.0,182.0,,,-250.0,182.0,,-250.0,
naz reid,rebounds,8.5,True,2026-05-07,,275.0,290.0,,,-440.0,290.0,,-440.0,
naz reid,rebounds,9.5,True,2026-05-07,650.0,458.0,410.0,,,-700.0,650.0,,-700.0,
naz reid,rebounds,10.5,True,2026-05-07,,730.0,,,,,730.0,,,
naz reid,rebounds,11.5,True,2026-05-07,,1160.0,1100.0,,,,1160.0,,,
naz reid,rebounds,12.5,True,2026-05-07,,1740.0,,,,,1740.0,,,
naz reid,rebounds,13.5,True,2026-05-07,,2400.0,3000.0,,,,3000.0,,,
naz reid,threes,0.5,True,2026-05-07,-550.0,-630.0,-720.0,,,430.0,-550.0,,430.0,
naz reid,threes,1.5,False,2026-05-07,-125.0,-135.0,-156.0,-105.0,102.0,122.0,-125.0,,122.0,
naz reid,threes,1.5,True,2026-05-07,-120.0,-139.0,-158.0,,,118.0,-120.0,,118.0,
naz reid,threes,2.5,True,2026-05-07,250.0,213.0,194.0,,,-270.0,250.0,,-270.0,
naz reid,threes,3.5,True,2026-05-07,625.0,532.0,460.0,,,-750.0,625.0,,-750.0,
naz reid,threes,4.5,True,2026-05-07,,1220.0,1000.0,,,,1220.0,,,
naz reid,threes,5.5,True,2026-05-07,,2400.0,1800.0,,,,2400.0,,,
og anunoby,assists,1.5,False,2026-05-06,-145.0,-127.0,,110.0,-104.0,,-127.0,,110.0,
og anunoby,assists,1.5,True,2026-05-06,,-129.0,-120.0,,,,-120.0,,,
og anunoby,assists,2.5,True,2026-05-06,,231.0,,,,,231.0,,,
og anunoby,assists,3.5,True,2026-05-06,,630.0,800.0,,,,800.0,,,
og anunoby,assists,4.5,True,2026-05-06,,1500.0,,,,,1500.0,,,
og anunoby,assists,5.5,True,2026-05-06,,2700.0,,,,,2700.0,,,
og anunoby,points,7.5,True,2026-05-06,,-3500.0,,,,,-3500.0,,,
og anunoby,points,9.5,True,2026-05-06,-1400.0,-1240.0,-1600.0,,,,-1240.0,,,
og anunoby,points,10.5,True,2026-05-06,,,-1100.0,,,,-1100.0,,,
og anunoby,points,11.5,True,2026-05-06,,-588.0,-670.0,,,400.0,-588.0,,400.0,
og anunoby,points,12.5,True,2026-05-06,,,-450.0,,,300.0,-450.0,,300.0,
og anunoby,points,13.5,True,2026-05-06,,,-330.0,,,230.0,-330.0,,230.0,
og anunoby,points,14.5,True,2026-05-06,-275.0,-242.0,-240.0,,,178.0,-240.0,,178.0,
og anunoby,points,15.5,True,2026-05-06,,,-188.0,,,140.0,-188.0,,140.0,
og anunoby,points,16.5,True,2026-05-06,,,-140.0,,,106.0,-140.0,,106.0,
og anunoby,points,17.5,False,2026-05-06,-120.0,-114.0,-106.0,-110.0,-112.0,-120.0,-106.0,,-110.0,
og anunoby,points,17.5,True,2026-05-06,,-114.0,-108.0,,,-122.0,-108.0,,-122.0,
og anunoby,points,18.5,True,2026-05-06,,,118.0,,,-158.0,118.0,,-158.0,
og anunoby,points,19.5,True,2026-05-06,130.0,137.0,154.0,,,-210.0,154.0,,-210.0,
og anunoby,points,20.5,True,2026-05-06,,,194.0,,,-270.0,194.0,,-270.0,
og anunoby,points,21.5,True,2026-05-06,,,235.0,,,-340.0,235.0,,-340.0,
og anunoby,points,22.5,True,2026-05-06,,,300.0,,,-450.0,300.0,,-450.0,
og anunoby,points,23.5,True,2026-05-06,,,370.0,,,-600.0,370.0,,-600.0,
og anunoby,points,24.5,True,2026-05-06,400.0,428.0,450.0,,,-800.0,450.0,,-800.0,
og anunoby,points,29.5,True,2026-05-06,,1160.0,1300.0,,,,1300.0,,,
og anunoby,points,34.5,True,2026-05-06,,2600.0,3500.0,,,,3500.0,,,
og anunoby,rebounds,2.5,True,2026-05-06,-2000.0,-1460.0,,,,,-1460.0,,,
og anunoby,rebounds,3.5,True,2026-05-06,,-498.0,-590.0,,,370.0,-498.0,,370.0,
og anunoby,rebounds,4.5,True,2026-05-06,-275.0,-229.0,-270.0,,,194.0,-229.0,,194.0,
og anunoby,rebounds,5.5,False,2026-05-06,-140.0,-116.0,-120.0,105.0,-113.0,-106.0,-116.0,,105.0,
og anunoby,rebounds,5.5,True,2026-05-06,,-115.0,-120.0,,,-108.0,-115.0,,-108.0,
og anunoby,rebounds,6.5,True,2026-05-06,130.0,158.0,162.0,,,-220.0,162.0,,-220.0,
og anunoby,rebounds,7.5,True,2026-05-06,,281.0,300.0,,,-440.0,300.0,,-440.0,
og anunoby,rebounds,8.5,True,2026-05-06,,488.0,,,,-1000.0,488.0,,-1000.0,
og anunoby,rebounds,9.5,True,2026-05-06,700.0,820.0,800.0,,,,820.0,,,
og anunoby,rebounds,10.5,True,2026-05-06,,1360.0,,,,,1360.0,,,
og anunoby,rebounds,11.5,True,2026-05-06,,2100.0,2000.0,,,,2100.0,,,
og anunoby,threes,0.5,True,2026-05-06,-1600.0,-1700.0,-2000.0,,,,-1600.0,,,
og anunoby,threes,1.5,True,2026-05-06,-295.0,-299.0,-290.0,,,205.0,-290.0,,205.0,
og anunoby,threes,2.5,False,2026-05-06,105.0,-101.0,116.0,-140.0,-130.0,-148.0,116.0,,-130.0,
og anunoby,threes,2.5,True,2026-05-06,100.0,-101.0,116.0,,,-154.0,116.0,,-154.0,
og anunoby,threes,3.5,True,2026-05-06,250.0,248.0,290.0,,,-420.0,290.0,,-420.0,
og anunoby,threes,4.5,True,2026-05-06,575.0,592.0,650.0,,,-1450.0,650.0,,-1450.0,
og anunoby,threes,5.5,True,2026-05-06,,1260.0,1500.0,,,,1500.0,,,
og anunoby,threes,6.5,True,2026-05-06,,2400.0,3500.0,,,,3500.0,,,
paul george,assists,1.5,True,2026-05-06,,,-1400.0,,,,-1400.0,,,
paul george,assists,2.5,True,2026-05-06,-325.0,-318.0,-320.0,,,225.0,-318.0,,225.0,
paul george,assists,3.5,False,2026-05-06,-120.0,-133.0,-122.0,-110.0,101.0,-104.0,-120.0,,101.0,
paul george,assists,3.5,True,2026-05-06,,-129.0,-125.0,,,-106.0,-125.0,,-106.0,
paul george,assists,4.5,True,2026-05-06,155.0,164.0,182.0,,,-250.0,182.0,,-250.0,
paul george,assists,5.5,True,2026-05-06,,341.0,400.0,,,-650.0,400.0,,-650.0,
paul george,assists,6.5,True,2026-05-06,600.0,660.0,,,,,660.0,,,
paul george,assists,7.5,True,2026-05-06,,1280.0,1400.0,,,,1400.0,,,
paul george,assists,8.5,True,2026-05-06,,2300.0,,,,,2300.0,,,
paul george,points,7.5,True,2026-05-06,,-2700.0,,,,,-2700.0,,,
paul george,points,9.5,True,2026-05-06,-1400.0,-1080.0,-1600.0,,,,-1080.0,,,
paul george,points,10.5,True,2026-05-06,,,-1100.0,,,,-1100.0,,,
paul george,points,11.5,True,2026-05-06,,-550.0,-700.0,,,410.0,-550.0,,410.0,
paul george,points,12.5,True,2026-05-06,,,-500.0,,,320.0,-500.0,,320.0,
paul george,points,13.5,True,2026-05-06,,,-360.0,,,260.0,-360.0,,260.0,
paul george,points,14.5,True,2026-05-06,-275.0,-246.0,-280.0,,,200.0,-246.0,,200.0,
paul george,points,15.5,True,2026-05-06,,,-220.0,,,162.0,-220.0,,162.0,
paul george,points,16.5,True,2026-05-06,,,-166.0,,,124.0,-166.0,,124.0,
paul george,points,17.5,False,2026-05-06,,-125.0,-128.0,,-102.0,100.0,-125.0,,100.0,
paul george,points,17.5,True,2026-05-06,,-122.0,-130.0,,,-102.0,-122.0,,-102.0,
paul george,points,18.5,False,2026-05-06,-105.0,,,-125.0,,,-105.0,,-125.0,
paul george,points,18.5,True,2026-05-06,,,-102.0,,,-130.0,-102.0,,-130.0,
paul george,points,19.5,True,2026-05-06,120.0,127.0,126.0,,,-162.0,127.0,,-162.0,
paul george,points,20.5,True,2026-05-06,,,154.0,,,-210.0,154.0,,-210.0,
paul george,points,21.5,True,2026-05-06,,,194.0,,,-270.0,194.0,,-270.0,
paul george,points,24.5,True,2026-05-06,333.0,347.0,370.0,,,,370.0,,,
paul george,points,29.5,True,2026-05-06,850.0,910.0,1000.0,,,,1000.0,,,
paul george,points,34.5,True,2026-05-06,,2100.0,2000.0,,,,2100.0,,,
paul george,rebounds,2.5,True,2026-05-06,-1600.0,-1300.0,,,,,-1300.0,,,
paul george,rebounds,3.5,True,2026-05-06,,-458.0,-500.0,,,320.0,-458.0,,320.0,
paul george,rebounds,4.5,True,2026-05-06,-235.0,-205.0,-220.0,,,162.0,-205.0,,162.0,
paul george,rebounds,5.5,False,2026-05-06,-120.0,-108.0,-104.0,-110.0,-122.0,-122.0,-104.0,,-110.0,
paul george,rebounds,5.5,True,2026-05-06,,-108.0,-104.0,,,-125.0,-104.0,,-125.0,
paul george,rebounds,6.5,True,2026-05-06,155.0,171.0,178.0,,,-245.0,178.0,,-245.0,
paul george,rebounds,7.5,True,2026-05-06,,303.0,330.0,,,-490.0,330.0,,-490.0,
paul george,rebounds,8.5,True,2026-05-06,,537.0,,,,-1200.0,537.0,,-1200.0,
paul george,rebounds,9.5,True,2026-05-06,775.0,920.0,870.0,,,,920.0,,,
paul george,rebounds,10.5,True,2026-05-06,,1600.0,,,,,1600.0,,,
paul george,rebounds,11.5,True,2026-05-06,,2400.0,2500.0,,,,2500.0,,,
paul george,threes,0.5,True,2026-05-06,-2000.0,-2500.0,-4000.0,,,,-2000.0,,,
paul george,threes,1.5,True,2026-05-06,-350.0,-399.0,-460.0,,,310.0,-350.0,,310.0,
paul george,threes,2.5,False,2026-05-06,-125.0,-141.0,-154.0,-105.0,107.0,120.0,-125.0,,120.0,
paul george,threes,2.5,True,2026-05-06,-125.0,-139.0,-154.0,,,118.0,-125.0,,118.0,
paul george,threes,3.5,True,2026-05-06,200.0,171.0,174.0,,,-240.0,200.0,,-240.0,
paul george,threes,4.5,True,2026-05-06,425.0,371.0,410.0,,,-600.0,425.0,,-600.0,
paul george,threes,5.5,True,2026-05-06,,750.0,870.0,,,,870.0,,,
paul george,threes,6.5,True,2026-05-06,,1460.0,1500.0,,,,1500.0,,,
paul george,threes,7.5,True,2026-05-06,,2500.0,3000.0,,,,3000.0,,,
quentin grimes,assists,0.5,True,2026-05-06,,,-900.0,,,490.0,-900.0,,490.0,
quentin grimes,assists,1.5,False,2026-05-06,-160.0,,-172.0,120.0,,134.0,-160.0,,134.0,
quentin grimes,assists,1.5,True,2026-05-06,,,-172.0,,,132.0,-172.0,,132.0,
quentin grimes,assists,2.5,False,2026-05-06,,146.0,,,-194.0,,146.0,,-194.0,
quentin grimes,assists,2.5,True,2026-05-06,,146.0,172.0,,,-235.0,172.0,,-235.0,
quentin grimes,assists,3.5,True,2026-05-06,,369.0,410.0,,,-700.0,410.0,,-700.0,
quentin grimes,assists,4.5,True,2026-05-06,,850.0,,,,,850.0,,,
quentin grimes,assists,5.5,True,2026-05-06,,1700.0,,,,,1700.0,,,
quentin grimes,points,2.5,True,2026-05-06,,,-1400.0,,,,-1400.0,,,
quentin grimes,points,3.5,True,2026-05-06,,,-700.0,,,410.0,-700.0,,410.0,
quentin grimes,points,4.5,True,2026-05-06,,,-450.0,,,300.0,-450.0,,300.0,
quentin grimes,points,5.5,True,2026-05-06,,-292.0,-280.0,,,200.0,-280.0,,200.0,
quentin grimes,points,6.5,True,2026-05-06,,,-194.0,,,144.0,-194.0,,144.0,
quentin grimes,points,7.5,False,2026-05-06,-125.0,,,-105.0,,,-125.0,,-105.0,
quentin grimes,points,7.5,True,2026-05-06,,-142.0,-140.0,,,106.0,-140.0,,106.0,
quentin grimes,points,8.5,False,2026-05-06,,-104.0,102.0,,-122.0,-130.0,102.0,,-122.0,
quentin grimes,points,8.5,True,2026-05-06,,-102.0,100.0,,,-132.0,100.0,,-132.0,
quentin grimes,points,9.5,True,2026-05-06,150.0,132.0,138.0,,,-182.0,150.0,,-182.0,
quentin grimes,points,11.5,True,2026-05-06,,240.0,,,,,240.0,,,
quentin grimes,points,14.5,True,2026-05-06,625.0,544.0,480.0,,,,625.0,,,
quentin grimes,points,17.5,True,2026-05-06,,1140.0,,,,,1140.0,,,
quentin grimes,points,19.5,True,2026-05-06,,1800.0,1400.0,,,,1800.0,,,
quentin grimes,rebounds,1.5,True,2026-05-06,,,-320.0,,,225.0,-320.0,,225.0,
quentin grimes,rebounds,2.5,False,2026-05-06,105.0,-123.0,,-140.0,-107.0,,105.0,,-107.0,
quentin grimes,rebounds,2.5,True,2026-05-06,100.0,-123.0,-108.0,,,-122.0,100.0,,-122.0,
quentin grimes,rebounds,3.5,True,2026-05-06,,197.0,230.0,,,-310.0,230.0,,-310.0,
quentin grimes,rebounds,4.5,True,2026-05-06,525.0,437.0,490.0,,,-900.0,525.0,,-900.0,
quentin grimes,rebounds,5.5,True,2026-05-06,,900.0,1060.0,,,,1060.0,,,
quentin grimes,rebounds,6.5,True,2026-05-06,,1720.0,,,,,1720.0,,,
quentin grimes,rebounds,7.5,True,2026-05-06,,2900.0,,,,,2900.0,,,
quentin grimes,threes,0.5,False,2026-05-06,-220.0,,,165.0,,,-220.0,,165.0,
quentin grimes,threes,0.5,True,2026-05-06,-220.0,-248.0,-270.0,,,194.0,-220.0,,194.0,
quentin grimes,threes,1.5,False,2026-05-06,,178.0,,,-238.0,,178.0,,-238.0,
quentin grimes,threes,1.5,True,2026-05-06,200.0,174.0,174.0,,,-245.0,200.0,,-245.0,
quentin grimes,threes,2.5,True,2026-05-06,625.0,537.0,560.0,,,-1100.0,625.0,,-1100.0,
quentin grimes,threes,3.5,True,2026-05-06,,1440.0,1400.0,,,,1440.0,,,
quentin grimes,threes,4.5,True,2026-05-06,,2900.0,,,,,2900.0,,,
rudy gobert,assists,1.5,False,2026-05-07,-155.0,-139.0,,115.0,105.0,,-139.0,,115.0,
rudy gobert,assists,1.5,True,2026-05-07,,-140.0,-136.0,,,,-136.0,,,
rudy gobert,assists,2.5,True,2026-05-07,,188.0,,,,,188.0,,,
rudy gobert,assists,3.5,True,2026-05-07,,445.0,630.0,,,,630.0,,,
rudy gobert,assists,4.5,True,2026-05-07,,980.0,,,,,980.0,,,
rudy gobert,assists,5.5,True,2026-05-07,,1940.0,,,,,1940.0,,,
rudy gobert,points,3.5,True,2026-05-07,,,-900.0,,,490.0,-900.0,,490.0,
rudy gobert,points,4.5,True,2026-05-07,,,-420.0,,,280.0,-420.0,,280.0,
rudy gobert,points,5.5,True,2026-05-07,,-303.0,-270.0,,,194.0,-270.0,,194.0,
rudy gobert,points,6.5,True,2026-05-07,,,-166.0,,,124.0,-166.0,,124.0,
rudy gobert,points,7.5,False,2026-05-07,,-130.0,-111.0,,102.0,-115.0,-111.0,,102.0,
rudy gobert,points,7.5,True,2026-05-07,,-132.0,-112.0,,,-118.0,-112.0,,-118.0,
rudy gobert,points,8.5,False,2026-05-07,105.0,,,-140.0,,,105.0,,-140.0,
rudy gobert,points,8.5,True,2026-05-07,,,132.0,,,-178.0,132.0,,-178.0,
rudy gobert,points,9.5,True,2026-05-07,125.0,156.0,190.0,,,-250.0,190.0,,-250.0,
rudy gobert,points,10.5,True,2026-05-07,,,240.0,,,-350.0,240.0,,-350.0,
rudy gobert,points,11.5,True,2026-05-07,,301.0,,,,,301.0,,,
rudy gobert,points,14.5,True,2026-05-07,625.0,790.0,870.0,,,,870.0,,,
rudy gobert,points,17.5,True,2026-05-07,,1640.0,,,,,1640.0,,,
rudy gobert,points,19.5,True,2026-05-07,,2500.0,,,,,2500.0,,,
rudy gobert,rebounds,5.5,True,2026-05-07,,-3000.0,-3500.0,,,,-3000.0,,,
rudy gobert,rebounds,6.5,True,2026-05-07,-1400.0,-1180.0,-1200.0,,,,-1180.0,,,
rudy gobert,rebounds,7.5,True,2026-05-07,,-584.0,-520.0,,,350.0,-520.0,,350.0,
rudy gobert,rebounds,8.5,True,2026-05-07,,-333.0,-320.0,,,225.0,-320.0,,225.0,
rudy gobert,rebounds,9.5,True,2026-05-07,-235.0,-201.0,-215.0,,,164.0,-201.0,,164.0,
rudy gobert,rebounds,10.5,False,2026-05-07,,-128.0,-132.0,,-103.0,104.0,-128.0,,104.0,
rudy gobert,rebounds,10.5,True,2026-05-07,,-127.0,-136.0,,,102.0,-127.0,,102.0,
rudy gobert,rebounds,11.5,False,2026-05-07,105.0,,,-140.0,,,105.0,,-140.0,
rudy gobert,rebounds,11.5,True,2026-05-07,,120.0,124.0,,,-160.0,124.0,,-160.0,
rudy gobert,rebounds,12.5,True,2026-05-07,165.0,182.0,194.0,,,-270.0,194.0,,-270.0,
rudy gobert,rebounds,13.5,True,2026-05-07,,271.0,290.0,,,-420.0,290.0,,-420.0,
rudy gobert,rebounds,14.5,True,2026-05-07,360.0,413.0,430.0,,,-750.0,430.0,,-750.0,
rudy gobert,rebounds,15.5,True,2026-05-07,,610.0,700.0,,,,700.0,,,
rudy gobert,rebounds,16.5,True,2026-05-07,750.0,910.0,,,,,910.0,,,
rudy gobert,rebounds,17.5,True,2026-05-07,,1300.0,,,,,1300.0,,,
rudy gobert,rebounds,18.5,True,2026-05-07,,1880.0,,,,,1880.0,,,
rudy gobert,rebounds,19.5,True,2026-05-07,,2500.0,,,,,2500.0,,,
rui hachimura,assists,0.5,False,2026-05-08,-155.0,-180.0,,115.0,136.0,,-155.0,,136.0,
rui hachimura,assists,0.5,True,2026-05-08,,-176.0,,,,,-176.0,,,
rui hachimura,assists,2.5,True,2026-05-08,,870.0,,,,,870.0,,,
rui hachimura,assists,3.5,True,2026-05-08,,2300.0,,,,,2300.0,,,
rui hachimura,points,5.5,True,2026-05-08,,-1280.0,,,,,-1280.0,,,
rui hachimura,points,6.5,True,2026-05-08,,,-1200.0,,,,-1200.0,,,
rui hachimura,points,7.5,True,2026-05-08,,-528.0,-670.0,,,400.0,-528.0,,400.0,
rui hachimura,points,8.5,True,2026-05-08,,,-450.0,,,300.0,-450.0,,300.0,
rui hachimura,points,9.5,True,2026-05-08,-295.0,-263.0,-310.0,,,225.0,-263.0,,225.0,
rui hachimura,points,10.5,True,2026-05-08,,,-230.0,,,168.0,-230.0,,168.0,
rui hachimura,points,11.5,True,2026-05-08,,-147.0,-166.0,,,124.0,-147.0,,124.0,
rui hachimura,points,12.5,False,2026-05-08,-120.0,-111.0,-122.0,-110.0,-115.0,-108.0,-111.0,,-108.0,
rui hachimura,points,12.5,True,2026-05-08,,-111.0,-122.0,,,-108.0,-111.0,,-108.0,
rui hachimura,points,13.5,True,2026-05-08,,,108.0,,,-144.0,108.0,,-144.0,
rui hachimura,points,14.5,True,2026-05-08,135.0,152.0,142.0,,,-188.0,152.0,,-188.0,
rui hachimura,points,15.5,True,2026-05-08,,,178.0,,,-245.0,178.0,,-245.0,
rui hachimura,points,16.5,True,2026-05-08,,,225.0,,,-320.0,225.0,,-320.0,
rui hachimura,points,17.5,True,2026-05-08,,313.0,290.0,,,-440.0,313.0,,-440.0,
rui hachimura,points,19.5,True,2026-05-08,450.0,503.0,470.0,,,,503.0,,,
rui hachimura,points,24.5,True,2026-05-08,,1480.0,1300.0,,,,1480.0,,,
rui hachimura,rebounds,1.5,True,2026-05-08,,,-1100.0,,,,-1100.0,,,
rui hachimura,rebounds,2.5,True,2026-05-08,-350.0,-343.0,-290.0,,,205.0,-290.0,,205.0,
rui hachimura,rebounds,3.5,False,2026-05-08,-145.0,-141.0,-114.0,105.0,107.0,-114.0,-114.0,,107.0,
rui hachimura,rebounds,3.5,True,2026-05-08,,-139.0,-114.0,,,-114.0,-114.0,,-114.0,
rui hachimura,rebounds,4.5,True,2026-05-08,145.0,154.0,194.0,,,-270.0,194.0,,-270.0,
rui hachimura,rebounds,5.5,True,2026-05-08,,311.0,400.0,,,-650.0,400.0,,-650.0,
rui hachimura,rebounds,6.5,True,2026-05-08,550.0,600.0,,,,,600.0,,,
rui hachimura,rebounds,7.5,True,2026-05-08,,1140.0,1500.0,,,,1500.0,,,
rui hachimura,rebounds,8.5,True,2026-05-08,,1940.0,,,,,1940.0,,,
rui hachimura,rebounds,9.5,True,2026-05-08,,2900.0,,,,,2900.0,,,
rui hachimura,threes,0.5,True,2026-05-08,-650.0,-940.0,-900.0,,,,-650.0,,,
rui hachimura,threes,1.5,False,2026-05-08,-150.0,-186.0,-174.0,110.0,140.0,130.0,-150.0,,140.0,
rui hachimura,threes,1.5,True,2026-05-08,-155.0,-190.0,-174.0,,,130.0,-155.0,,130.0,
rui hachimura,threes,2.5,True,2026-05-08,200.0,156.0,188.0,,,-260.0,200.0,,-260.0,
rui hachimura,threes,3.5,True,2026-05-08,475.0,388.0,470.0,,,-850.0,475.0,,-850.0,
rui hachimura,threes,4.5,True,2026-05-08,,900.0,1100.0,,,,1100.0,,,
rui hachimura,threes,5.5,True,2026-05-08,,1880.0,2500.0,,,,2500.0,,,
shai gilgeous-alexander,assists,3.5,True,2026-05-08,,-1780.0,-3500.0,,,,-1780.0,,,
shai gilgeous-alexander,assists,4.5,True,2026-05-08,-600.0,-640.0,,,,,-600.0,,,
shai gilgeous-alexander,assists,5.5,True,2026-05-08,,-289.0,-350.0,,,,-289.0,,,
shai gilgeous-alexander,assists,6.5,False,2026-05-08,-150.0,-153.0,,110.0,116.0,,-150.0,,116.0,
shai gilgeous-alexander,assists,6.5,True,2026-05-08,-140.0,-151.0,,,,,-140.0,,,
shai gilgeous-alexander,assists,7.5,False,2026-05-08,,,102.0,,,-136.0,102.0,,-136.0,
shai gilgeous-alexander,assists,7.5,True,2026-05-08,,119.0,104.0,,,,119.0,,,
shai gilgeous-alexander,assists,8.5,True,2026-05-08,,208.0,,,,,208.0,,,
shai gilgeous-alexander,assists,9.5,True,2026-05-08,425.0,363.0,285.0,,,,425.0,,,
shai gilgeous-alexander,assists,10.5,True,2026-05-08,,630.0,,,,,630.0,,,
shai gilgeous-alexander,assists,11.5,True,2026-05-08,,1100.0,900.0,,,,1100.0,,,
shai gilgeous-alexander,assists,12.5,True,2026-05-08,,1760.0,,,,,1760.0,,,
shai gilgeous-alexander,assists,13.5,True,2026-05-08,,2600.0,2000.0,,,,2600.0,,,
shai gilgeous-alexander,points,17.5,True,2026-05-08,,-2800.0,,,,,-2800.0,,,
shai gilgeous-alexander,points,19.5,True,2026-05-08,-1400.0,-1280.0,-2200.0,,,,-1280.0,,,
shai gilgeous-alexander,points,20.5,True,2026-05-08,,,-1450.0,,,,-1450.0,,,
shai gilgeous-alexander,points,21.5,True,2026-05-08,,,-900.0,,,490.0,-900.0,,490.0,
shai gilgeous-alexander,points,22.5,True,2026-05-08,,,-650.0,,,390.0,-650.0,,390.0,
shai gilgeous-alexander,points,23.5,True,2026-05-08,,,-470.0,,,310.0,-470.0,,310.0,
shai gilgeous-alexander,points,24.5,True,2026-05-08,-325.0,-314.0,-340.0,,,235.0,-314.0,,235.0,
shai gilgeous-alexander,points,25.5,True,2026-05-08,,,-260.0,,,188.0,-260.0,,188.0,
shai gilgeous-alexander,points,26.5,True,2026-05-08,,,-205.0,,,152.0,-205.0,,152.0,
shai gilgeous-alexander,points,27.5,True,2026-05-08,,,-160.0,,,120.0,-160.0,,120.0,
shai gilgeous-alexander,points,28.5,False,2026-05-08,-125.0,,-125.0,-105.0,,-106.0,-125.0,,-105.0,
shai gilgeous-alexander,points,28.5,True,2026-05-08,,,-125.0,,,-106.0,-125.0,,-106.0,
shai gilgeous-alexander,points,29.5,False,2026-05-08,,-102.0,,,-124.0,,-102.0,,-124.0,
shai gilgeous-alexander,points,29.5,True,2026-05-08,-105.0,-103.0,104.0,,,-138.0,104.0,,-138.0,
shai gilgeous-alexander,points,30.5,True,2026-05-08,,,132.0,,,-178.0,132.0,,-178.0,
shai gilgeous-alexander,points,31.5,True,2026-05-08,,,164.0,,,-225.0,164.0,,-225.0,
shai gilgeous-alexander,points,32.5,True,2026-05-08,,,198.0,,,-275.0,198.0,,-275.0,
shai gilgeous-alexander,points,33.5,True,2026-05-08,,,240.0,,,-350.0,240.0,,-350.0,
shai gilgeous-alexander,points,34.5,True,2026-05-08,260.0,266.0,310.0,,,-470.0,310.0,,-470.0,
shai gilgeous-alexander,points,35.5,True,2026-05-08,,,390.0,,,-650.0,390.0,,-650.0,
shai gilgeous-alexander,points,36.5,True,2026-05-08,,,490.0,,,-900.0,490.0,,-900.0,
shai gilgeous-alexander,points,37.5,True,2026-05-08,,,,,,-1200.0,,,-1200.0,
shai gilgeous-alexander,points,39.5,True,2026-05-08,650.0,720.0,900.0,,,,900.0,,,
shai gilgeous-alexander,points,44.5,True,2026-05-08,,1760.0,2500.0,,,,2500.0,,,
shai gilgeous-alexander,rebounds,2.5,True,2026-05-08,-400.0,-432.0,,,,,-400.0,,,
shai gilgeous-alexander,rebounds,3.5,False,2026-05-08,-160.0,,,120.0,,,-160.0,,120.0,
shai gilgeous-alexander,rebounds,3.5,True,2026-05-08,,-171.0,-186.0,,,,-171.0,,,
shai gilgeous-alexander,rebounds,4.5,False,2026-05-08,,123.0,122.0,,-163.0,-162.0,123.0,,-162.0,
shai gilgeous-alexander,rebounds,4.5,True,2026-05-08,130.0,127.0,,,,,130.0,,,
shai gilgeous-alexander,rebounds,5.5,True,2026-05-08,,256.0,255.0,,,,256.0,,,
shai gilgeous-alexander,rebounds,6.5,True,2026-05-08,500.0,510.0,,,,,510.0,,,
shai gilgeous-alexander,rebounds,7.5,True,2026-05-08,,990.0,900.0,,,,990.0,,,
shai gilgeous-alexander,rebounds,8.5,True,2026-05-08,,1780.0,,,,,1780.0,,,
shai gilgeous-alexander,rebounds,9.5,True,2026-05-08,,2800.0,,,,,2800.0,,,
shai gilgeous-alexander,threes,0.5,True,2026-05-08,-450.0,-579.0,-520.0,,,350.0,-450.0,,350.0,
shai gilgeous-alexander,threes,1.5,False,2026-05-08,105.0,-125.0,-106.0,-140.0,-105.0,-125.0,105.0,,-105.0,
shai gilgeous-alexander,threes,1.5,True,2026-05-08,105.0,-122.0,-106.0,,,-125.0,105.0,,-125.0,
shai gilgeous-alexander,threes,2.5,True,2026-05-08,320.0,250.0,300.0,,,-450.0,320.0,,-450.0,
shai gilgeous-alexander,threes,3.5,True,2026-05-08,825.0,670.0,870.0,,,,870.0,,,
shai gilgeous-alexander,threes,4.5,True,2026-05-08,,1600.0,2200.0,,,,2200.0,,,
stephon castle,assists,3.5,True,2026-05-07,,-1380.0,-1800.0,,,,-1380.0,,,
stephon castle,assists,4.5,True,2026-05-07,-550.0,-522.0,-580.0,,,360.0,-522.0,,360.0,
stephon castle,assists,5.5,True,2026-05-07,,-245.0,-265.0,,,194.0,-245.0,,194.0,
stephon castle,assists,6.5,False,2026-05-07,-130.0,-128.0,-132.0,-105.0,-103.0,104.0,-128.0,,104.0,
stephon castle,assists,6.5,True,2026-05-07,-135.0,-128.0,-136.0,,,102.0,-128.0,,102.0,
stephon castle,assists,7.5,True,2026-05-07,,142.0,142.0,,,-188.0,142.0,,-188.0,
stephon castle,assists,8.5,True,2026-05-07,,251.0,240.0,,,-350.0,251.0,,-350.0,
stephon castle,assists,9.5,True,2026-05-07,425.0,435.0,350.0,,,-550.0,435.0,,-550.0,
stephon castle,assists,10.5,True,2026-05-07,,730.0,,,,,730.0,,,
stephon castle,assists,11.5,True,2026-05-07,,1240.0,1060.0,,,,1240.0,,,
stephon castle,assists,12.5,True,2026-05-07,,1980.0,,,,,1980.0,,,
stephon castle,assists,13.5,True,2026-05-07,,2800.0,3000.0,,,,3000.0,,,
stephon castle,points,7.5,True,2026-05-07,,-3900.0,,,,,-3900.0,,,
stephon castle,points,9.5,True,2026-05-07,-1400.0,-1180.0,-1450.0,,,,-1180.0,,,
stephon castle,points,10.5,True,2026-05-07,,,-900.0,,,490.0,-900.0,,490.0,
stephon castle,points,11.5,True,2026-05-07,,-541.0,-580.0,,,360.0,-541.0,,360.0,
stephon castle,points,12.5,True,2026-05-07,,,-420.0,,,280.0,-420.0,,280.0,
stephon castle,points,13.5,True,2026-05-07,,,-300.0,,,210.0,-300.0,,210.0,
stephon castle,points,14.5,True,2026-05-07,-235.0,-216.0,-220.0,,,162.0,-216.0,,162.0,
stephon castle,points,15.5,True,2026-05-07,,,-166.0,,,124.0,-166.0,,124.0,
stephon castle,points,16.5,False,2026-05-07,,-128.0,-125.0,,101.0,-102.0,-125.0,,101.0,
stephon castle,points,16.5,True,2026-05-07,,-128.0,-128.0,,,-104.0,-128.0,,-104.0,
stephon castle,points,17.5,False,2026-05-07,-105.0,,,-125.0,,,-105.0,,-125.0,
stephon castle,points,17.5,True,2026-05-07,,101.0,104.0,,,-138.0,104.0,,-138.0,
stephon castle,points,18.5,True,2026-05-07,,,134.0,,,-180.0,134.0,,-180.0,
stephon castle,points,19.5,True,2026-05-07,150.0,160.0,172.0,,,-235.0,172.0,,-235.0,
stephon castle,points,20.5,True,2026-05-07,,,220.0,,,-310.0,220.0,,-310.0,
stephon castle,points,21.5,True,2026-05-07,,,270.0,,,-400.0,270.0,,-400.0,
stephon castle,points,22.5,True,2026-05-07,,,320.0,,,-500.0,320.0,,-500.0,
stephon castle,points,23.5,True,2026-05-07,,,410.0,,,-700.0,410.0,,-700.0,
stephon castle,points,24.5,True,2026-05-07,475.0,493.0,540.0,,,,540.0,,,
stephon castle,points,29.5,True,2026-05-07,,1400.0,1400.0,,,,1400.0,,,
stephon castle,rebounds,2.5,True,2026-05-07,-1200.0,-1080.0,-1450.0,,,,-1080.0,,,
stephon castle,rebounds,3.5,True,2026-05-07,,-395.0,-450.0,,,300.0,-395.0,,300.0,
stephon castle,rebounds,4.5,True,2026-05-07,-200.0,-184.0,-198.0,,,146.0,-184.0,,146.0,
stephon castle,rebounds,5.5,False,2026-05-07,105.0,104.0,112.0,-140.0,-137.0,-142.0,112.0,,-137.0,
stephon castle,rebounds,5.5,True,2026-05-07,,105.0,112.0,,,-146.0,112.0,,-146.0,
stephon castle,rebounds,6.5,True,2026-05-07,195.0,193.0,205.0,,,-290.0,205.0,,-290.0,
stephon castle,rebounds,7.5,True,2026-05-07,,342.0,400.0,,,-650.0,400.0,,-650.0,
stephon castle,rebounds,8.5,True,2026-05-07,,592.0,,,,-1450.0,592.0,,-1450.0,
stephon castle,rebounds,9.5,True,2026-05-07,,1000.0,900.0,,,,1000.0,,,
stephon castle,rebounds,10.5,True,2026-05-07,,1660.0,,,,,1660.0,,,
stephon castle,rebounds,11.5,True,2026-05-07,,2400.0,,,,,2400.0,,,
stephon castle,threes,0.5,True,2026-05-07,-350.0,-402.0,-400.0,,,270.0,-350.0,,270.0,
stephon castle,threes,1.5,False,2026-05-07,125.0,114.0,126.0,-165.0,-150.0,-162.0,126.0,,-150.0,
stephon castle,threes,1.5,True,2026-05-07,125.0,114.0,124.0,,,-166.0,125.0,,-166.0,
stephon castle,threes,2.5,True,2026-05-07,390.0,359.0,400.0,,,-670.0,400.0,,-670.0,
stephon castle,threes,3.5,True,2026-05-07,,970.0,1100.0,,,,1100.0,,,
stephon castle,threes,4.5,True,2026-05-07,,2100.0,,,,,2100.0,,,
tobias harris,assists,1.5,False,2026-05-07,,-172.0,,,130.0,,-172.0,,130.0,
tobias harris,assists,1.5,True,2026-05-07,,-172.0,-172.0,,,,-172.0,,,
tobias harris,assists,2.5,False,2026-05-07,145.0,,,-200.0,,,145.0,,-200.0,
tobias harris,assists,2.5,True,2026-05-07,,173.0,,,,,173.0,,,
tobias harris,assists,3.5,True,2026-05-07,,442.0,500.0,,,,500.0,,,
tobias harris,assists,4.5,True,2026-05-07,825.0,1080.0,,,,,1080.0,,,
tobias harris,assists,5.5,True,2026-05-07,,2100.0,,,,,2100.0,,,
tobias harris,points,9.5,True,2026-05-07,-1600.0,-1740.0,-2500.0,,,,-1600.0,,,
tobias harris,points,10.5,True,2026-05-07,,,-1450.0,,,,-1450.0,,,
tobias harris,points,11.5,True,2026-05-07,,-730.0,-1000.0,,,,-730.0,,,
tobias harris,points,12.5,True,2026-05-07,,,-600.0,,,370.0,-600.0,,370.0,
tobias harris,points,13.5,True,2026-05-07,,,-420.0,,,280.0,-420.0,,280.0,
tobias harris,points,14.5,True,2026-05-07,-275.0,-283.0,-310.0,,,220.0,-275.0,,220.0,
tobias harris,points,15.5,True,2026-05-07,,,-240.0,,,174.0,-240.0,,174.0,
tobias harris,points,16.5,True,2026-05-07,,,-178.0,,,132.0,-178.0,,132.0,
tobias harris,points,17.5,False,2026-05-07,-120.0,,-132.0,-110.0,,100.0,-120.0,,100.0,
tobias harris,points,17.5,True,2026-05-07,,-130.0,-132.0,,,100.0,-130.0,,100.0,
tobias harris,points,18.5,False,2026-05-07,,-104.0,,,-123.0,,-104.0,,-123.0,
tobias harris,points,18.5,True,2026-05-07,,-102.0,100.0,,,-132.0,100.0,,-132.0,
tobias harris,points,19.5,True,2026-05-07,130.0,122.0,128.0,,,-172.0,130.0,,-172.0,
tobias harris,points,20.5,True,2026-05-07,,,168.0,,,-230.0,168.0,,-230.0,
tobias harris,points,21.5,True,2026-05-07,,,205.0,,,-290.0,205.0,,-290.0,
tobias harris,points,22.5,True,2026-05-07,,,265.0,,,-390.0,265.0,,-390.0,
tobias harris,points,23.5,True,2026-05-07,,,320.0,,,-500.0,320.0,,-500.0,
tobias harris,points,24.5,True,2026-05-07,390.0,381.0,400.0,,,-670.0,400.0,,-670.0,
tobias harris,points,29.5,True,2026-05-07,,1120.0,1200.0,,,,1200.0,,,
tobias harris,points,34.5,True,2026-05-07,,2700.0,3500.0,,,,3500.0,,,
tobias harris,rebounds,2.5,True,2026-05-07,,-3800.0,,,,,-3800.0,,,
tobias harris,rebounds,3.5,True,2026-05-07,,-970.0,-1200.0,,,,-970.0,,,
tobias harris,rebounds,4.5,True,2026-05-07,-450.0,-391.0,-450.0,,,300.0,-391.0,,300.0,
tobias harris,rebounds,5.5,True,2026-05-07,,-193.0,-200.0,,,154.0,-193.0,,154.0,
tobias harris,rebounds,6.5,False,2026-05-07,-110.0,-103.0,-102.0,-120.0,-128.0,-130.0,-102.0,,-120.0,
tobias harris,rebounds,6.5,True,2026-05-07,-120.0,-103.0,-102.0,,,-130.0,-102.0,,-130.0,
tobias harris,rebounds,7.5,True,2026-05-07,,171.0,180.0,,,-245.0,180.0,,-245.0,
tobias harris,rebounds,8.5,True,2026-05-07,,303.0,310.0,,,-470.0,310.0,,-470.0,
tobias harris,rebounds,9.5,True,2026-05-07,425.0,528.0,460.0,,,-750.0,528.0,,-750.0,
tobias harris,rebounds,10.5,True,2026-05-07,,860.0,,,,,860.0,,,
tobias harris,rebounds,11.5,True,2026-05-07,,1440.0,1300.0,,,,1440.0,,,
tobias harris,rebounds,12.5,True,2026-05-07,,2100.0,,,,,2100.0,,,
tobias harris,rebounds,13.5,True,2026-05-07,,2900.0,,,,,2900.0,,,
tobias harris,threes,0.5,True,2026-05-07,-525.0,-368.0,-430.0,,,290.0,-368.0,,290.0,
tobias harris,threes,1.5,False,2026-05-07,100.0,123.0,116.0,-135.0,-163.0,-154.0,123.0,,-135.0,
tobias harris,threes,1.5,True,2026-05-07,-120.0,123.0,118.0,,,-154.0,123.0,,-154.0,
tobias harris,threes,2.5,True,2026-05-07,250.0,382.0,390.0,,,-600.0,390.0,,-600.0,
tobias harris,threes,3.5,True,2026-05-07,625.0,1080.0,1060.0,,,,1080.0,,,
tobias harris,threes,4.5,True,2026-05-07,,2400.0,,,,,2400.0,,,
tyrese maxey,assists,2.5,True,2026-05-06,,-2300.0,,,,,-2300.0,,,
tyrese maxey,assists,3.5,True,2026-05-06,,-690.0,-900.0,,,490.0,-690.0,,490.0,
tyrese maxey,assists,4.5,True,2026-05-06,-400.0,-305.0,-340.0,,,235.0,-305.0,,235.0,
tyrese maxey,assists,5.5,False,2026-05-06,,-153.0,,,116.0,,-153.0,,116.0,
tyrese maxey,assists,5.5,True,2026-05-06,,-153.0,-160.0,,,120.0,-153.0,,120.0,
tyrese maxey,assists,6.5,False,2026-05-06,120.0,,126.0,-160.0,,-162.0,126.0,,-160.0,
tyrese maxey,assists,6.5,True,2026-05-06,100.0,122.0,124.0,,,-166.0,124.0,,-166.0,
tyrese maxey,assists,7.5,True,2026-05-06,,213.0,225.0,,,-320.0,225.0,,-320.0,
tyrese maxey,assists,8.5,True,2026-05-06,,372.0,400.0,,,-670.0,400.0,,-670.0,
tyrese maxey,assists,9.5,True,2026-05-06,525.0,650.0,600.0,,,,650.0,,,
tyrese maxey,assists,10.5,True,2026-05-06,,1100.0,,,,,1100.0,,,
tyrese maxey,assists,11.5,True,2026-05-06,,1800.0,1500.0,,,,1800.0,,,
tyrese maxey,assists,12.5,True,2026-05-06,,2600.0,,,,,2600.0,,,
tyrese maxey,points,14.5,True,2026-05-06,,-2600.0,-4500.0,,,,-2600.0,,,
tyrese maxey,points,17.5,True,2026-05-06,,-910.0,-1400.0,,,,-910.0,,,
tyrese maxey,points,18.5,True,2026-05-06,,,-1000.0,,,,-1000.0,,,
tyrese maxey,points,19.5,True,2026-05-06,-750.0,-543.0,-700.0,,,410.0,-543.0,,410.0,
tyrese maxey,points,20.5,True,2026-05-06,,,-550.0,,,350.0,-550.0,,350.0,
tyrese maxey,points,21.5,True,2026-05-06,,,-420.0,,,280.0,-420.0,,280.0,
tyrese maxey,points,22.5,True,2026-05-06,,,-320.0,,,225.0,-320.0,,225.0,
tyrese maxey,points,23.5,True,2026-05-06,,,-260.0,,,188.0,-260.0,,188.0,
tyrese maxey,points,24.5,True,2026-05-06,-235.0,-184.0,-205.0,,,152.0,-184.0,,152.0,
tyrese maxey,points,25.5,True,2026-05-06,,,-160.0,,,120.0,-160.0,,120.0,
tyrese maxey,points,26.5,True,2026-05-06,,,-132.0,,,100.0,-132.0,,100.0,
tyrese maxey,points,27.5,False,2026-05-06,-125.0,-108.0,-104.0,-105.0,-118.0,-122.0,-104.0,,-105.0,
tyrese maxey,points,27.5,True,2026-05-06,,-105.0,-106.0,,,-125.0,-105.0,,-125.0,
tyrese maxey,points,28.5,True,2026-05-06,,,114.0,,,-152.0,114.0,,-152.0,
tyrese maxey,points,29.5,True,2026-05-06,115.0,135.0,136.0,,,-182.0,136.0,,-182.0,
tyrese maxey,points,30.5,True,2026-05-06,,,164.0,,,-225.0,164.0,,-225.0,
tyrese maxey,points,31.5,True,2026-05-06,,,198.0,,,-275.0,198.0,,-275.0,
tyrese maxey,points,32.5,True,2026-05-06,,,235.0,,,-340.0,235.0,,-340.0,
tyrese maxey,points,33.5,True,2026-05-06,,,280.0,,,-420.0,280.0,,-420.0,
tyrese maxey,points,34.5,True,2026-05-06,280.0,319.0,320.0,,,-500.0,320.0,,-500.0,
tyrese maxey,points,35.5,True,2026-05-06,,,400.0,,,-670.0,400.0,,-670.0,
tyrese maxey,points,39.5,True,2026-05-06,675.0,750.0,870.0,,,,870.0,,,
tyrese maxey,points,44.5,True,2026-05-06,,1680.0,1700.0,,,,1700.0,,,
tyrese maxey,points,49.5,True,2026-05-06,,,5000.0,,,,5000.0,,,
tyrese maxey,rebounds,2.5,True,2026-05-06,-350.0,-288.0,-390.0,,,265.0,-288.0,,265.0,
tyrese maxey,rebounds,3.5,False,2026-05-06,-140.0,-133.0,-146.0,105.0,101.0,114.0,-133.0,,114.0,
tyrese maxey,rebounds,3.5,True,2026-05-06,,-133.0,-146.0,,,114.0,-133.0,,114.0,
tyrese maxey,rebounds,4.5,True,2026-05-06,150.0,144.0,154.0,,,-210.0,154.0,,-210.0,
tyrese maxey,rebounds,5.5,True,2026-05-06,,268.0,310.0,,,-470.0,310.0,,-470.0,
tyrese maxey,rebounds,6.5,True,2026-05-06,550.0,487.0,,,,-1400.0,550.0,,-1400.0,
tyrese maxey,rebounds,7.5,True,2026-05-06,,830.0,1200.0,,,,1200.0,,,
tyrese maxey,rebounds,8.5,True,2026-05-06,,1420.0,,,,,1420.0,,,
tyrese maxey,rebounds,9.5,True,2026-05-06,,2200.0,,,,,2200.0,,,
tyrese maxey,threes,0.5,True,2026-05-06,,-2400.0,-4000.0,,,,-2400.0,,,
tyrese maxey,threes,1.5,True,2026-05-06,-400.0,-391.0,-430.0,,,290.0,-391.0,,290.0,
tyrese maxey,threes,2.5,False,2026-05-06,-135.0,-134.0,-138.0,100.0,102.0,108.0,-134.0,,108.0,
tyrese maxey,threes,2.5,True,2026-05-06,-140.0,-136.0,-138.0,,,106.0,-136.0,,106.0,
tyrese maxey,threes,3.5,True,2026-05-06,175.0,175.0,182.0,,,-250.0,182.0,,-250.0,
tyrese maxey,threes,4.5,True,2026-05-06,390.0,371.0,420.0,,,-650.0,420.0,,-650.0,
tyrese maxey,threes,5.5,True,2026-05-06,,760.0,900.0,,,,900.0,,,
tyrese maxey,threes,6.5,True,2026-05-06,,1440.0,1700.0,,,,1700.0,,,
tyrese maxey,threes,7.5,True,2026-05-06,,2500.0,4000.0,,,,4000.0,,,
victor wembanyama,assists,1.5,True,2026-05-07,,,-770.0,,,,-770.0,,,
victor wembanyama,assists,2.5,True,2026-05-07,-250.0,-211.0,,,,,-211.0,,,
victor wembanyama,assists,3.5,False,2026-05-07,-105.0,-101.0,114.0,-125.0,-130.0,-146.0,114.0,,-125.0,
victor wembanyama,assists,3.5,True,2026-05-07,,-103.0,114.0,,,,114.0,,,
victor wembanyama,assists,4.5,True,2026-05-07,210.0,181.0,,,,,210.0,,,
victor wembanyama,assists,5.5,True,2026-05-07,,326.0,520.0,,,,520.0,,,
victor wembanyama,assists,6.5,True,2026-05-07,850.0,570.0,,,,,850.0,,,
victor wembanyama,assists,7.5,True,2026-05-07,,970.0,1800.0,,,,1800.0,,,
victor wembanyama,assists,8.5,True,2026-05-07,,1560.0,,,,,1560.0,,,
victor wembanyama,assists,9.5,True,2026-05-07,,2300.0,,,,,2300.0,,,
victor wembanyama,points,14.5,True,2026-05-07,,,-5000.0,,,,-5000.0,,,
victor wembanyama,points,17.5,True,2026-05-07,,-1260.0,,,,,-1260.0,,,
victor wembanyama,points,18.5,True,2026-05-07,,,-1100.0,,,,-1100.0,,,
victor wembanyama,points,19.5,True,2026-05-07,-750.0,-690.0,-700.0,,,410.0,-690.0,,410.0,
victor wembanyama,points,20.5,True,2026-05-07,,,-550.0,,,350.0,-550.0,,350.0,
victor wembanyama,points,21.5,True,2026-05-07,,,-400.0,,,270.0,-400.0,,270.0,
victor wembanyama,points,22.5,True,2026-05-07,,,-310.0,,,220.0,-310.0,,220.0,
victor wembanyama,points,23.5,True,2026-05-07,,,-245.0,,,178.0,-245.0,,178.0,
victor wembanyama,points,24.5,True,2026-05-07,-220.0,-198.0,-184.0,,,140.0,-184.0,,140.0,
victor wembanyama,points,25.5,True,2026-05-07,,,-152.0,,,114.0,-152.0,,114.0,
victor wembanyama,points,26.5,False,2026-05-07,,,-115.0,,,-111.0,-115.0,,-111.0,
victor wembanyama,points,26.5,True,2026-05-07,,,-118.0,,,-112.0,-118.0,,-112.0,
victor wembanyama,points,27.5,False,2026-05-07,-115.0,-104.0,,-115.0,-123.0,,-104.0,,-115.0,
victor wembanyama,points,27.5,True,2026-05-07,,-106.0,104.0,,,-138.0,104.0,,-138.0,
victor wembanyama,points,28.5,True,2026-05-07,,,128.0,,,-172.0,128.0,,-172.0,
victor wembanyama,points,29.5,True,2026-05-07,130.0,141.0,162.0,,,-220.0,162.0,,-220.0,
victor wembanyama,points,30.5,True,2026-05-07,,,194.0,,,-270.0,194.0,,-270.0,
victor wembanyama,points,31.5,True,2026-05-07,,,235.0,,,-340.0,235.0,,-340.0,
victor wembanyama,points,32.5,True,2026-05-07,,,280.0,,,-420.0,280.0,,-420.0,
victor wembanyama,points,33.5,True,2026-05-07,,,350.0,,,-550.0,350.0,,-550.0,
victor wembanyama,points,34.5,True,2026-05-07,340.0,380.0,430.0,,,-700.0,430.0,,-700.0,
victor wembanyama,points,35.5,True,2026-05-07,,,,,,-1000.0,,,-1000.0,
victor wembanyama,points,36.5,True,2026-05-07,,,,,,-1400.0,,,-1400.0,
victor wembanyama,points,39.5,True,2026-05-07,825.0,1020.0,1060.0,,,,1060.0,,,
victor wembanyama,points,44.5,True,2026-05-07,,2400.0,2500.0,,,,2500.0,,,
victor wembanyama,rebounds,7.5,True,2026-05-07,,-1740.0,-2000.0,,,,-1740.0,,,
victor wembanyama,rebounds,8.5,True,2026-05-07,,-800.0,-800.0,,,450.0,-800.0,,450.0,
victor wembanyama,rebounds,9.5,True,2026-05-07,-550.0,-431.0,-520.0,,,350.0,-431.0,,350.0,
victor wembanyama,rebounds,10.5,True,2026-05-07,,-255.0,-300.0,,,210.0,-255.0,,210.0,
victor wembanyama,rebounds,11.5,True,2026-05-07,,-159.0,-164.0,,,124.0,-159.0,,124.0,
victor wembanyama,rebounds,12.5,False,2026-05-07,-125.0,-103.0,100.0,-105.0,-127.0,-128.0,100.0,,-105.0,
victor wembanyama,rebounds,12.5,True,2026-05-07,-125.0,-101.0,100.0,,,-132.0,100.0,,-132.0,
victor wembanyama,rebounds,13.5,True,2026-05-07,,153.0,162.0,,,-215.0,162.0,,-215.0,
victor wembanyama,rebounds,14.5,True,2026-05-07,190.0,235.0,240.0,,,-350.0,240.0,,-350.0,
victor wembanyama,rebounds,15.5,True,2026-05-07,,367.0,400.0,,,-650.0,400.0,,-650.0,
victor wembanyama,rebounds,16.5,True,2026-05-07,425.0,562.0,,,,,562.0,,,
victor wembanyama,rebounds,17.5,True,2026-05-07,,840.0,,,,,840.0,,,
victor wembanyama,rebounds,18.5,True,2026-05-07,,1280.0,,,,,1280.0,,,
victor wembanyama,rebounds,19.5,True,2026-05-07,,1840.0,,,,,1840.0,,,
victor wembanyama,threes,0.5,True,2026-05-07,-1400.0,-1460.0,-1800.0,,,,-1400.0,,,
victor wembanyama,threes,1.5,True,2026-05-07,-275.0,-263.0,-270.0,,,194.0,-263.0,,194.0,
victor wembanyama,threes,2.5,False,2026-05-07,110.0,112.0,122.0,-150.0,-147.0,-156.0,122.0,,-147.0,
victor wembanyama,threes,2.5,True,2026-05-07,110.0,112.0,118.0,,,-158.0,118.0,,-158.0,
victor wembanyama,threes,3.5,True,2026-05-07,275.0,279.0,320.0,,,-470.0,320.0,,-470.0,
victor wembanyama,threes,4.5,True,2026-05-07,625.0,670.0,700.0,,,,700.0,,,
victor wembanyama,threes,5.5,True,2026-05-07,,1460.0,1500.0,,,,1500.0,,,
victor wembanyama,threes,6.5,True,2026-05-07,,2600.0,,,,,2600.0,,,
vj edgecombe,assists,1.5,True,2026-05-06,,,-1400.0,,,,-1400.0,,,
vj edgecombe,assists,2.5,True,2026-05-06,-375.0,-345.0,-350.0,,,240.0,-345.0,,240.0,
vj edgecombe,assists,3.5,False,2026-05-06,-150.0,-141.0,-138.0,110.0,107.0,108.0,-138.0,,110.0,
vj edgecombe,assists,3.5,True,2026-05-06,,-142.0,-140.0,,,106.0,-140.0,,106.0,
vj edgecombe,assists,4.5,True,2026-05-06,140.0,151.0,168.0,,,-230.0,168.0,,-230.0,
vj edgecombe,assists,5.5,True,2026-05-06,,313.0,350.0,,,-550.0,350.0,,-550.0,
vj edgecombe,assists,6.5,True,2026-05-06,550.0,600.0,,,,,600.0,,,
vj edgecombe,assists,7.5,True,2026-05-06,,1100.0,1300.0,,,,1300.0,,,
vj edgecombe,assists,8.5,True,2026-05-06,,1980.0,,,,,1980.0,,,
vj edgecombe,points,5.5,True,2026-05-06,,-3500.0,,,,,-3500.0,,,
vj edgecombe,points,7.5,True,2026-05-06,,-1080.0,-1450.0,,,,-1080.0,,,
vj edgecombe,points,8.5,True,2026-05-06,,,-900.0,,,490.0,-900.0,,490.0,
vj edgecombe,points,9.5,True,2026-05-06,-650.0,-505.0,-650.0,,,390.0,-505.0,,390.0,
vj edgecombe,points,10.5,True,2026-05-06,,,-420.0,,,290.0,-420.0,,290.0,
vj edgecombe,points,11.5,True,2026-05-06,,-277.0,-310.0,,,220.0,-277.0,,220.0,
vj edgecombe,points,12.5,True,2026-05-06,,,-235.0,,,172.0,-235.0,,172.0,
vj edgecombe,points,13.5,True,2026-05-06,,,-178.0,,,132.0,-178.0,,132.0,
vj edgecombe,points,14.5,False,2026-05-06,,-126.0,,,-102.0,,-126.0,,-102.0,
vj edgecombe,points,14.5,True,2026-05-06,-150.0,-126.0,-130.0,,,100.0,-126.0,,100.0,
vj edgecombe,points,15.5,False,2026-05-06,-111.0,,100.0,-120.0,,-128.0,100.0,,-120.0,
vj edgecombe,points,15.5,True,2026-05-06,,,-102.0,,,-130.0,-102.0,,-130.0,
vj edgecombe,points,17.5,True,2026-05-06,,158.0,,,,,158.0,,,
vj edgecombe,points,19.5,True,2026-05-06,230.0,245.0,255.0,,,,255.0,,,
vj edgecombe,points,24.5,True,2026-05-06,675.0,720.0,750.0,,,,750.0,,,
vj edgecombe,points,29.5,True,2026-05-06,,1900.0,1700.0,,,,1900.0,,,
vj edgecombe,rebounds,2.5,True,2026-05-06,-1400.0,-1020.0,-1200.0,,,,-1020.0,,,
vj edgecombe,rebounds,3.5,True,2026-05-06,,-393.0,-390.0,,,270.0,-390.0,,270.0,
vj edgecombe,rebounds,4.5,True,2026-05-06,-225.0,-179.0,-174.0,,,130.0,-174.0,,130.0,
vj edgecombe,rebounds,5.5,False,2026-05-06,100.0,103.0,122.0,-135.0,-136.0,-154.0,122.0,,-135.0,
vj edgecombe,rebounds,5.5,True,2026-05-06,,106.0,118.0,,,-158.0,118.0,,-158.0,
vj edgecombe,rebounds,6.5,True,2026-05-06,155.0,191.0,220.0,,,-310.0,220.0,,-310.0,
vj edgecombe,rebounds,7.5,True,2026-05-06,,332.0,370.0,,,-600.0,370.0,,-600.0,
vj edgecombe,rebounds,8.5,True,2026-05-06,,579.0,,,,,579.0,,,
vj edgecombe,rebounds,9.5,True,2026-05-06,825.0,970.0,900.0,,,,970.0,,,
vj edgecombe,rebounds,10.5,True,2026-05-06,,1560.0,,,,,1560.0,,,
vj edgecombe,rebounds,11.5,True,2026-05-06,,2400.0,2500.0,,,,2500.0,,,
vj edgecombe,threes,0.5,True,2026-05-06,-700.0,-890.0,-1000.0,,,,-700.0,,,
vj edgecombe,threes,1.5,False,2026-05-06,-155.0,-178.0,-184.0,115.0,134.0,142.0,-155.0,,142.0,
vj edgecombe,threes,1.5,True,2026-05-06,-160.0,-180.0,-184.0,,,140.0,-160.0,,140.0,
vj edgecombe,threes,2.5,True,2026-05-06,180.0,162.0,172.0,,,-235.0,180.0,,-235.0,
vj edgecombe,threes,3.5,True,2026-05-06,450.0,406.0,410.0,,,-700.0,450.0,,-700.0,
vj edgecombe,threes,4.5,True,2026-05-06,,960.0,1100.0,,,,1100.0,,,
vj edgecombe,threes,5.5,True,2026-05-06,,2000.0,2000.0,,,,2000.0,,,
